339781;Hank Aaron;1954;0,769
339781;Hank Aaron;1955;0,906
339781;Hank Aaron;1956;0,923
339781;Hank Aaron;1957;0,978
339781;Hank Aaron;1958;0,931
339781;Hank Aaron;1959;1,037
339781;Hank Aaron;1960;0,919
339781;Hank Aaron;1961;0,974
339781;Hank Aaron;1962;1,008
339781;Hank Aaron;1963;0,977
339781;Hank Aaron;1964;0,907
339781;Hank Aaron;1965;0,938
339781;Hank Aaron;1966;0,895
339781;Hank Aaron;1967;0,943
339781;Hank Aaron;1968;0,852
339781;Hank Aaron;1969;1,003
339781;Hank Aaron;1970;0,958
339781;Hank Aaron;1971;1,079
339781;Hank Aaron;1972;0,904
339781;Hank Aaron;1973;1,045
339781;Hank Aaron;1974;0,832
339781;Hank Aaron;1975;0,687
339781;Hank Aaron;1976;0,684
339782;Tommie Aaron;1962;0,686
339782;Tommie Aaron;1968;0,606
339787;Ed Abbaticchio;1903;0,597
339787;Ed Abbaticchio;1904;0,646
339787;Ed Abbaticchio;1905;0,7
339787;Ed Abbaticchio;1907;0,687
339787;Ed Abbaticchio;1908;0,652
339789;Charlie Abbey;1894;0,862
339789;Charlie Abbey;1895;0,727
339789;Charlie Abbey;1896;0,683
339789;Charlie Abbey;1897;0,719
339793;Fred Abbott;1903;0,583
339795;Jeff Abbott;1998;0,79
339795;Jeff Abbott;2000;0,738
339798;Kurt Abbott;1994;0,685
339798;Kurt Abbott;1995;0,77
339798;Kurt Abbott;1996;0,735
339798;Kurt Abbott;1997;0,747
339798;Kurt Abbott;1999;0,74
339805;Reggie Abercrombie;2006;0,604
339807;Brent Abernathy;2001;0,71
339807;Brent Abernathy;2002;0,599
339815;Shawn Abner;1992;0,674
339816;Cal Abrams;1953;0,803
339816;Cal Abrams;1954;0,821
339816;Cal Abrams;1955;0,773
339817;CJ Abrams;2023;0,712
339817;CJ Abrams;2024;0,747
339817;CJ Abrams;2025;0,748
339821;Bobby Abreu;1998;0,906
339821;Bobby Abreu;1999;0,995
339821;Bobby Abreu;2000;0,97
339821;Bobby Abreu;2001;0,936
339821;Bobby Abreu;2002;0,934
339821;Bobby Abreu;2003;0,877
339821;Bobby Abreu;2004;0,971
339821;Bobby Abreu;2005;0,879
339821;Bobby Abreu;2006;0,8935
339821;Bobby Abreu;2007;0,814
339821;Bobby Abreu;2008;0,843
339821;Bobby Abreu;2009;0,825
339821;Bobby Abreu;2010;0,787
339821;Bobby Abreu;2011;0,717
339823;Eufemio Abreu;1921;0,53
339825;Jose Abreu;2014;0,964
339825;Jose Abreu;2015;0,85
339825;Jose Abreu;2016;0,82
339825;Jose Abreu;2017;0,906
339825;Jose Abreu;2018;0,798
339825;Jose Abreu;2019;0,834
339825;Jose Abreu;2020;0,987
339825;Jose Abreu;2021;0,831
339825;Jose Abreu;2022;0,824
339825;Jose Abreu;2023;0,68
339829;Wilyer Abreu;2024;0,781
339829;Wilyer Abreu;2025;0,786
339830;Bill Abstein;1909;0,646
339840;Dustin Ackley;2011;0,766
339840;Dustin Ackley;2012;0,622
339840;Dustin Ackley;2013;0,66
339840;Dustin Ackley;2014;0,692
339852;Ronald Acuña;2018;0,917
339852;Ronald Acuña;2019;0,883
339852;Ronald Acuña;2021;0,99
339852;Ronald Acuña;2022;0,764
339852;Ronald Acuña;2023;1,012
339852;Ronald Acuña;2025;0,935
339854;Jerry Adair;1961;0,719
339854;Jerry Adair;1962;0,734
339854;Jerry Adair;1963;0,592
339854;Jerry Adair;1964;0,624
339854;Jerry Adair;1965;0,653
339854;Jerry Adair;1966;0,61
339854;Jerry Adair;1967;0,688
339854;Jerry Adair;1968;0,502
339854;Jerry Adair;1969;0,596
339856;Cristhian Adames;2016;0,607
339857;Willy Adames;2018;0,754
339857;Willy Adames;2019;0,735
339857;Willy Adames;2021;0,886
339857;Willy Adames;2022;0,756
339857;Willy Adames;2023;0,717
339857;Willy Adames;2024;0,794
339857;Willy Adames;2025;0,74
339864;Bert Adams;1918;0,408
339864;Bert Adams;1919;0,545
339867;Bobby Adams;1946;0,636
339867;Bobby Adams;1947;0,754
339867;Bobby Adams;1948;0,77
339867;Bobby Adams;1949;0,642
339867;Bobby Adams;1950;0,774
339867;Bobby Adams;1951;0,695
339867;Bobby Adams;1952;0,696
339867;Bobby Adams;1953;0,696
339867;Bobby Adams;1954;0,749
339869;Buster Adams;1943;0,671
339869;Buster Adams;1944;0,81
339869;Buster Adams;1945;0,8
339878;Glenn Adams;1977;0,844
339878;Glenn Adams;1978;0,687
339878;Glenn Adams;1979;0,77
339878;Glenn Adams;1980;0,732
339878;Glenn Adams;1981;0,555
339879;Herb Adams;1949;0,669
339886;Matt Adams;2013;0,839
339886;Matt Adams;2014;0,779
339886;Matt Adams;2016;0,78
339886;Matt Adams;2017;0,858
339886;Matt Adams;2018;0,842
339886;Matt Adams;2019;0,741
339894;Riley Adams;2025;0,56
339895;Russ Adams;2005;0,707
339895;Russ Adams;2006;0,6
339897;Sparky Adams;1923;0,713
339897;Sparky Adams;1924;0,682
339897;Sparky Adams;1925;0,709
339897;Sparky Adams;1926;0,742
339897;Sparky Adams;1927;0,675
339897;Sparky Adams;1928;0,682
339897;Sparky Adams;1930;0,774
339897;Sparky Adams;1931;0,73
339897;Sparky Adams;1933;0,631
339897;Sparky Adams;1934;0,623
339898;Spencer Adams;1927;0,665
339903;Joe Adcock;1950;0,742
339903;Joe Adcock;1951;0,668
339903;Joe Adcock;1952;0,781
339903;Joe Adcock;1953;0,787
339903;Joe Adcock;1954;0,885
339903;Joe Adcock;1955;0,807
339903;Joe Adcock;1956;0,934
339903;Joe Adcock;1957;0,891
339903;Joe Adcock;1958;0,823
339903;Joe Adcock;1959;0,874
339903;Joe Adcock;1960;0,854
339903;Joe Adcock;1961;0,861
339903;Joe Adcock;1962;0,839
339903;Joe Adcock;1963;0,74
339903;Joe Adcock;1964;0,827
339903;Joe Adcock;1965;0,716
339903;Joe Adcock;1966;0,93
339906;Bob Addis;1952;0,709
339911;Bob Addy;1874;0,543
339911;Bob Addy;1875;0,568
339911;Bob Addy;1877;0,605
339912;Jo Adell;2022;0,637
339912;Jo Adell;2024;0,682
339912;Jo Adell;2025;0,778
339925;Ehire Adrianza;2018;0,68
339925;Ehire Adrianza;2019;0,765
339928;Benny Agbayani;1999;0,888
339928;Benny Agbayani;2000;0,868
339928;Benny Agbayani;2001;0,763
339929;Tommie Agee;1966;0,773
339929;Tommie Agee;1967;0,672
339929;Tommie Agee;1968;0,562
339929;Tommie Agee;1969;0,806
339929;Tommie Agee;1970;0,812
339929;Tommie Agee;1971;0,79
339929;Tommie Agee;1972;0,692
339929;Tommie Agee;1973;0,691
339930;Harry Agganis;1954;0,715
339931;Joe Agler;1914;0,711
339931;Joe Agler;1915;0,578
339932;Sam Agnew;1913;0,562
339932;Sam Agnew;1914;0,533
339932;Sam Agnew;1915;0,477
339932;Sam Agnew;1917;0,513
339936;Luis Aguayo;1987;0,703
339939;Jesus Aguilar;2017;0,837
339939;Jesus Aguilar;2018;0,89
339939;Jesus Aguilar;2019;0,694
339939;Jesus Aguilar;2021;0,788
339939;Jesus Aguilar;2022;0,674
339946;Nick Ahmed;2015;0,634
339946;Nick Ahmed;2016;0,564
339946;Nick Ahmed;2018;0,7
339946;Nick Ahmed;2019;0,753
339946;Nick Ahmed;2021;0,619
339947;Willie Aikens;1979;0,869
339947;Willie Aikens;1980;0,789
339947;Willie Aikens;1981;0,836
339947;Willie Aikens;1982;0,802
339947;Willie Aikens;1983;0,912
339947;Willie Aikens;1984;0,674
339948;Danny Ainge;1979;0,554
339948;Danny Ainge;1981;0,486
339949;Eddie Ainsmith;1913;0,555
339949;Eddie Ainsmith;1917;0,543
339949;Eddie Ainsmith;1918;0,592
339949;Eddie Ainsmith;1919;0,763
339949;Eddie Ainsmith;1922;0,797
339949;Eddie Ainsmith;1923;0,611
339956;Bill Akers;1930;0,848
339967;Gus Alberts;1888;0,573
339968;Hanser Alberto;2019;0,751
339968;Hanser Alberto;2020;0,698
339968;Hanser Alberto;2021;0,693
339972;Ozzie Albies;2017;0,81
339972;Ozzie Albies;2018;0,757
339972;Ozzie Albies;2019;0,852
339972;Ozzie Albies;2021;0,799
339972;Ozzie Albies;2022;0,703
339972;Ozzie Albies;2023;0,849
339972;Ozzie Albies;2024;0,707
339972;Ozzie Albies;2025;0,671
339982;Arismendy Alcantara;2014;0,621
339987;Sergio Alcantara;2021;0,63
339993;Mike Aldrete;1986;0,742
339993;Mike Aldrete;1987;0,858
339993;Mike Aldrete;1988;0,686
339993;Mike Aldrete;1993;0,796
339999;Blaze Alexander;2025;0,706
340002;Chuffie Alexander;1928;0,659
340004;Dale Alexander;1929;0,977
340004;Dale Alexander;1930;0,878
340004;Dale Alexander;1931;0,846
340004;Dale Alexander;1932;0,978
340004;Dale Alexander;1933;0,716
340006;Gary Alexander;1978;0,761
340006;Gary Alexander;1979;0,704
340012;Manny Alexander;1995;0,617
340012;Manny Alexander;1998;0,608
340022;Jorge Alfaro;2018;0,731
340022;Jorge Alfaro;2019;0,736
340022;Jorge Alfaro;2021;0,625
340022;Jorge Alfaro;2022;0,667
340024;Ángel Alfonso;1927;0,649
340024;Ángel Alfonso;1929;0,858
340025;Edgardo Alfonzo;1995;0,683
340025;Edgardo Alfonzo;1996;0,649
340025;Edgardo Alfonzo;1997;0,823
340025;Edgardo Alfonzo;1998;0,782
340025;Edgardo Alfonzo;1999;0,886
340025;Edgardo Alfonzo;2000;0,967
340025;Edgardo Alfonzo;2001;0,725
340025;Edgardo Alfonzo;2002;0,851
340025;Edgardo Alfonzo;2003;0,726
340025;Edgardo Alfonzo;2004;0,757
340025;Edgardo Alfonzo;2005;0,672
340026;Eliezer Alfonzo;2006;0,767
340028;Luis Alicea;1988;0,559
340028;Luis Alicea;1992;0,705
340028;Luis Alicea;1993;0,735
340028;Luis Alicea;1994;0,832
340028;Luis Alicea;1995;0,742
340028;Luis Alicea;1996;0,731
340028;Luis Alicea;1997;0,743
340028;Luis Alicea;1998;0,796
340028;Luis Alicea;2000;0,769
340028;Luis Alicea;2001;0,687
340028;Luis Alicea;2002;0,613
340029;Andy Allanson;1986;0,539
340029;Andy Allanson;1988;0,627
340029;Andy Allanson;1989;0,583
340036;Bernie Allen;1962;0,741
340036;Bernie Allen;1963;0,659
340036;Bernie Allen;1964;0,639
340036;Bernie Allen;1966;0,647
340036;Bernie Allen;1967;0,5
340036;Bernie Allen;1968;0,644
340036;Bernie Allen;1969;0,726
340036;Bernie Allen;1970;0,702
340036;Bernie Allen;1971;0,734
340036;Bernie Allen;1972;0,686
340037;Bob Allen;1890;0,676
340037;Bob Allen;1891;0,554
340037;Bob Allen;1892;0,627
340037;Bob Allen;1893;0,779
340043;Chad Allen;1999;0,725
340047;Dick Allen;1964;0,939
340047;Dick Allen;1965;0,87
340047;Dick Allen;1966;1,027
340047;Dick Allen;1967;0,97
340047;Dick Allen;1968;0,872
340047;Dick Allen;1969;0,949
340047;Dick Allen;1970;0,937
340047;Dick Allen;1971;0,863
340047;Dick Allen;1972;1,023
340047;Dick Allen;1973;1,006
340047;Dick Allen;1974;0,938
340047;Dick Allen;1975;0,712
340047;Dick Allen;1976;0,826
340049;Ethan Allen;1927;0,732
340049;Ethan Allen;1928;0,745
340049;Ethan Allen;1929;0,734
340049;Ethan Allen;1930;0,79
340049;Ethan Allen;1931;0,816
340049;Ethan Allen;1933;0,571
340049;Ethan Allen;1934;0,838
340049;Ethan Allen;1935;0,77
340049;Ethan Allen;1936;0,722
340049;Ethan Allen;1937;0,738
340051;Gary Allenson;1979;0,563
340051;Gary Allenson;1982;0,62
340051;Gary Allenson;1983;0,628
340052;Greg Allen;2018;0,654
340052;Greg Allen;2019;0,636
340054;Hank Allen;1967;0,582
340054;Hank Allen;1969;0,654
340060;Jamie Allen;1983;0,613
340061;Jermaine Allensworth;1996;0,717
340061;Jermaine Allensworth;1997;0,679
340061;Jermaine Allensworth;1998;0,801
340070;Myron Allen;1887;0,728
340072;Newt Allen;1924;0,654
340072;Newt Allen;1925;0,759
340072;Newt Allen;1926;0,645
340072;Newt Allen;1927;0,796
340072;Newt Allen;1928;0,697
340072;Newt Allen;1929;0,852
340072;Newt Allen;1930;0,889
340072;Newt Allen;1937;0,815
340073;Nick Allen;1915;0,516
340074;Nick Allen;2022;0,547
340074;Nick Allen;2023;0,55
340074;Nick Allen;2025;0,535
340081;Gene Alley;1964;0,607
340081;Gene Alley;1965;0,65
340081;Gene Alley;1966;0,752
340081;Gene Alley;1967;0,728
340081;Gene Alley;1968;0,628
340081;Gene Alley;1969;0,648
340081;Gene Alley;1970;0,659
340081;Gene Alley;1971;0,638
340081;Gene Alley;1972;0,641
340084;Gair Allie;1954;0,562
340089;Bob Allison;1959;0,815
340089;Bob Allison;1960;0,78
340089;Bob Allison;1961;0,813
340089;Bob Allison;1962;0,881
340089;Bob Allison;1963;0,911
340089;Bob Allison;1964;0,957
340089;Bob Allison;1965;0,787
340089;Bob Allison;1967;0,826
340089;Bob Allison;1968;0,78
340091;Doug Allison;1874;0,633
340091;Doug Allison;1875;0,541
340096;Mel Almada;1935;0,729
340096;Mel Almada;1936;0,643
340096;Mel Almada;1937;0,769
340096;Mel Almada;1938;0,82
340101;Bill Almon;1977;0,639
340101;Bill Almon;1978;0,616
340101;Bill Almon;1981;0,717
340101;Bill Almon;1982;0,667
340101;Bill Almon;1983;0,663
340101;Bill Almon;1984;0,628
340101;Bill Almon;1985;0,744
340108;Albert Almora;2017;0,782
340108;Albert Almora;2018;0,701
340108;Albert Almora;2019;0,651
340108;Albert Almora;2022;0,631
340110;Roberto Alomar;1988;0,709
340110;Roberto Alomar;1989;0,723
340110;Roberto Alomar;1990;0,721
340110;Roberto Alomar;1991;0,791
340110;Roberto Alomar;1992;0,832
340110;Roberto Alomar;1993;0,9
340110;Roberto Alomar;1994;0,838
340110;Roberto Alomar;1995;0,803
340110;Roberto Alomar;1996;0,938
340110;Roberto Alomar;1997;0,89
340110;Roberto Alomar;1998;0,765
340110;Roberto Alomar;1999;0,955
340110;Roberto Alomar;2000;0,853
340110;Roberto Alomar;2001;0,956
340110;Roberto Alomar;2002;0,708
340110;Roberto Alomar;2003;0,6815
340111;Sandy Alomar;1968;0,578
340111;Sandy Alomar;1969;0,577
340111;Sandy Alomar;1970;0,596
340111;Sandy Alomar;1971;0,621
340111;Sandy Alomar;1972;0,579
340111;Sandy Alomar;1973;0,545
340111;Sandy Alomar;1974;0,61
340111;Sandy Alomar;1975;0,581
340112;Sandy Alomar;1990;0,744
340112;Sandy Alomar;1992;0,618
340112;Sandy Alomar;1993;0,713
340112;Sandy Alomar;1994;0,837
340112;Sandy Alomar;1995;0,81
340112;Sandy Alomar;1996;0,696
340112;Sandy Alomar;1997;0,9
340112;Sandy Alomar;1998;0,622
340112;Sandy Alomar;2000;0,728
340112;Sandy Alomar;2001;0,634
340113;Pete Alonso;2019;0,941
340113;Pete Alonso;2020;0,817
340113;Pete Alonso;2021;0,863
340113;Pete Alonso;2022;0,869
340113;Pete Alonso;2023;0,821
340113;Pete Alonso;2024;0,788
340113;Pete Alonso;2025;0,871
340115;Yonder Alonso;2012;0,741
340115;Yonder Alonso;2013;0,71
340115;Yonder Alonso;2014;0,682
340115;Yonder Alonso;2015;0,742
340115;Yonder Alonso;2016;0,683
340115;Yonder Alonso;2017;0,896
340115;Yonder Alonso;2018;0,738
340115;Yonder Alonso;2019;0,576
340116;Felipe Alou;1959;0,784
340116;Felipe Alou;1960;0,709
340116;Felipe Alou;1961;0,798
340116;Felipe Alou;1962;0,869
340116;Felipe Alou;1963;0,793
340116;Felipe Alou;1964;0,701
340116;Felipe Alou;1965;0,819
340116;Felipe Alou;1966;0,894
340116;Felipe Alou;1967;0,726
340116;Felipe Alou;1968;0,803
340116;Felipe Alou;1969;0,663
340116;Felipe Alou;1970;0,675
340116;Felipe Alou;1971;0,744
340116;Felipe Alou;1972;0,721
340116;Felipe Alou;1973;0,577
340117;Jesus Alou;1964;0,632
340117;Jesus Alou;1965;0,715
340117;Jesus Alou;1966;0,587
340117;Jesus Alou;1967;0,683
340117;Jesus Alou;1968;0,596
340117;Jesus Alou;1969;0,617
340117;Jesus Alou;1970;0,719
340117;Jesus Alou;1971;0,666
340117;Jesus Alou;1974;0,62
340118;Matty Alou;1961;0,811
340118;Matty Alou;1964;0,61
340118;Matty Alou;1965;0,573
340118;Matty Alou;1966;0,793
340118;Matty Alou;1967;0,785
340118;Matty Alou;1968;0,758
340118;Matty Alou;1969;0,78
340118;Matty Alou;1970;0,685
340118;Matty Alou;1971;0,767
340118;Matty Alou;1972;0,742
340118;Matty Alou;1973;0,694
340119;Moises Alou;1992;0,783
340119;Moises Alou;1993;0,824
340119;Moises Alou;1994;0,989
340119;Moises Alou;1995;0,801
340119;Moises Alou;1996;0,797
340119;Moises Alou;1997;0,866
340119;Moises Alou;1998;0,981
340119;Moises Alou;2000;1,039
340119;Moises Alou;2001;0,949
340119;Moises Alou;2002;0,757
340119;Moises Alou;2003;0,819
340119;Moises Alou;2004;0,919
340119;Moises Alou;2005;0,918
340119;Moises Alou;2006;0,923
340119;Moises Alou;2007;0,916
340120;Whitey Alpermann;1906;0,622
340120;Whitey Alpermann;1907;0,608
340120;Whitey Alpermann;1908;0,488
340120;Whitey Alpermann;1909;0,619
340123;Tom Alston;1954;0,686
340129;Aaron Altherr;2017;0,856
340129;Aaron Altherr;2018;0,628
340130;Dave Altizer;1906;0,631
340130;Dave Altizer;1907;0,645
340130;Dave Altizer;1908;0,513
340130;Dave Altizer;1909;0,623
340131;George Altman;1959;0,695
340131;George Altman;1960;0,785
340131;George Altman;1961;0,913
340131;George Altman;1962;0,904
340131;George Altman;1963;0,74
340131;George Altman;1964;0,594
340134;Jose Altuve;2011;0,654
340134;Jose Altuve;2012;0,74
340134;Jose Altuve;2013;0,678
340134;Jose Altuve;2014;0,83
340134;Jose Altuve;2015;0,812
340134;Jose Altuve;2016;0,928
340134;Jose Altuve;2017;0,957
340134;Jose Altuve;2018;0,837
340134;Jose Altuve;2019;0,903
340134;Jose Altuve;2021;0,839
340134;Jose Altuve;2022;0,921
340134;Jose Altuve;2023;0,915
340134;Jose Altuve;2024;0,79
340134;Jose Altuve;2025;0,771
340136;George Alusik;1962;0,814
340136;George Alusik;1963;0,784
340136;George Alusik;1964;0,685
340145;Francisco Alvarez;2023;0,721
340145;Francisco Alvarez;2024;0,71
340145;Francisco Alvarez;2025;0,787
340152;Luis Alvarado;1971;0,523
340152;Luis Alvarado;1972;0,537
340152;Luis Alvarado;1973;0,536
340156;Pedro Alvarez;2010;0,788
340156;Pedro Alvarez;2011;0,561
340156;Pedro Alvarez;2012;0,784
340156;Pedro Alvarez;2013;0,77
340156;Pedro Alvarez;2014;0,717
340156;Pedro Alvarez;2015;0,787
340156;Pedro Alvarez;2016;0,826
340164;Yordan Alvarez;2019;1,067
340164;Yordan Alvarez;2021;0,877
340164;Yordan Alvarez;2022;1,019
340164;Yordan Alvarez;2023;0,99
340164;Yordan Alvarez;2024;0,959
340165;Max Alvis;1963;0,784
340165;Max Alvis;1964;0,76
340165;Max Alvis;1965;0,706
340165;Max Alvis;1966;0,681
340165;Max Alvis;1967;0,704
340165;Max Alvis;1968;0,619
340166;Billy Alvord;1890;0,679
340166;Billy Alvord;1891;0,539
340167;Brant Alyea;1969;0,746
340167;Brant Alyea;1970;0,897
340170;Joey Amalfitano;1960;0,686
340170;Joey Amalfitano;1961;0,651
340170;Joey Amalfitano;1962;0,62
340170;Joey Amalfitano;1964;0,707
340171;Rich Amaral;1993;0,715
340171;Rich Amaral;1994;0,711
340171;Rich Amaral;1995;0,725
340171;Rich Amaral;1996;0,748
340172;Alexi Amarista;2012;0,668
340172;Alexi Amarista;2013;0,619
340172;Alexi Amarista;2014;0,6
340172;Alexi Amarista;2015;0,544
340173;Ruben Amaro;1960;0,564
340173;Ruben Amaro;1961;0,7
340173;Ruben Amaro;1962;0,617
340173;Ruben Amaro;1963;0,58
340173;Ruben Amaro;1964;0,648
340173;Ruben Amaro;1967;0,556
340174;Ruben Amaro;1992;0,651
340176;Miguel Amaya;2024;0,644
340177;Wayne Ambler;1938;0,615
340177;Wayne Ambler;1939;0,55
340184;Alfredo Amezaga;2006;0,664
340184;Alfredo Amezaga;2007;0,682
340184;Alfredo Amezaga;2008;0,679
340186;Sandy Amoros;1954;0,843
340186;Sandy Amoros;1955;0,749
340186;Sandy Amoros;1956;0,902
340186;Sandy Amoros;1957;0,803
340190;Alf Anderson;1941;0,543
340198;Brady Anderson;1989;0,636
340198;Brady Anderson;1990;0,635
340198;Brady Anderson;1991;0,662
340198;Brady Anderson;1992;0,823
340198;Brady Anderson;1993;0,788
340198;Brady Anderson;1994;0,776
340198;Brady Anderson;1995;0,815
340198;Brady Anderson;1996;1,034
340198;Brady Anderson;1997;0,863
340198;Brady Anderson;1998;0,776
340198;Brady Anderson;1999;0,881
340198;Brady Anderson;2000;0,796
340198;Brady Anderson;2001;0,611
340200;Brian Anderson;2006;0,649
340203;Brian Anderson;2018;0,757
340203;Brian Anderson;2019;0,811
340203;Brian Anderson;2020;0,81
340203;Brian Anderson;2021;0,715
340203;Brian Anderson;2022;0,657
340203;Brian Anderson;2023;0,678
340211;Dave Anderson;1984;0,66
340211;Dave Anderson;1985;0,591
340211;Dave Anderson;1986;0,615
340211;Dave Anderson;1987;0,612
340211;Dave Anderson;1988;0,644
340211;Dave Anderson;1991;0,6
340218;Garret Anderson;1995;0,857
340218;Garret Anderson;1996;0,719
340218;Garret Anderson;1997;0,743
340218;Garret Anderson;1998;0,78
340218;Garret Anderson;1999;0,806
340218;Garret Anderson;2000;0,827
340218;Garret Anderson;2001;0,792
340218;Garret Anderson;2002;0,871
340218;Garret Anderson;2003;0,885
340218;Garret Anderson;2004;0,789
340218;Garret Anderson;2005;0,743
340218;Garret Anderson;2006;0,756
340218;Garret Anderson;2007;0,827
340218;Garret Anderson;2008;0,758
340218;Garret Anderson;2009;0,705
340219;George Anderson;1914;0,769
340219;George Anderson;1915;0,698
340220;Goat Anderson;1907;0,568
340223;Harry Anderson;1957;0,785
340223;Harry Anderson;1958;0,897
340223;Harry Anderson;1959;0,706
340226;Jim Anderson;1979;0,648
340226;Jim Anderson;1980;0,617
340228;John Anderson;1895;0,767
340228;John Anderson;1896;0,798
340228;John Anderson;1897;0,812
340228;John Anderson;1898;0,873
340228;John Anderson;1899;0,686
340228;John Anderson;1901;0,836
340228;John Anderson;1902;0,701
340228;John Anderson;1903;0,698
340228;John Anderson;1904;0,699
340228;John Anderson;1905;0,71
340228;John Anderson;1906;0,639
340228;John Anderson;1907;0,708
340228;John Anderson;1908;0,637
340232;Kent Anderson;1989;0,55
340238;Marlon Anderson;1999;0,652
340238;Marlon Anderson;2001;0,758
340238;Marlon Anderson;2002;0,696
340238;Marlon Anderson;2003;0,703
340238;Marlon Anderson;2004;0,649
340238;Marlon Anderson;2005;0,708
340238;Marlon Anderson;2006;0,754
340239;Mike Anderson;1974;0,667
340239;Mike Anderson;1975;0,68
340249;Sparky Anderson;1959;0,531
340251;Tim Anderson;2016;0,738
340251;Tim Anderson;2017;0,679
340251;Tim Anderson;2018;0,687
340251;Tim Anderson;2019;0,865
340251;Tim Anderson;2020;0,886
340251;Tim Anderson;2021;0,806
340251;Tim Anderson;2022;0,734
340251;Tim Anderson;2023;0,582
340251;Tim Anderson;2024;0,463
340256;Robert Andino;2011;0,67
340256;Robert Andino;2012;0,588
340263;Ed Andrews;1884;0,519
340263;Ed Andrews;1885;0,634
340263;Ed Andrews;1886;0,615
340263;Ed Andrews;1887;0,781
340263;Ed Andrews;1888;0,569
340263;Ed Andrews;1890;0,645
340263;Ed Andrews;1891;0,532
340270;Jim Andrews;1890;0,55
340275;Mike Andrews;1967;0,699
340275;Mike Andrews;1968;0,723
340275;Mike Andrews;1969;0,844
340275;Mike Andrews;1970;0,735
340275;Mike Andrews;1971;0,84
340275;Mike Andrews;1972;0,61
340278;Rob Andrews;1975;0,595
340278;Rob Andrews;1976;0,612
340278;Rob Andrews;1977;0,648
340279;Shane Andrews;1995;0,648
340279;Shane Andrews;1996;0,724
340279;Shane Andrews;1998;0,769
340279;Shane Andrews;1999;0,614
340284;Elvis Andrus;2009;0,702
340284;Elvis Andrus;2010;0,643
340284;Elvis Andrus;2011;0,708
340284;Elvis Andrus;2012;0,727
340284;Elvis Andrus;2013;0,659
340284;Elvis Andrus;2014;0,647
340284;Elvis Andrus;2015;0,667
340284;Elvis Andrus;2016;0,8
340284;Elvis Andrus;2017;0,808
340284;Elvis Andrus;2018;0,675
340284;Elvis Andrus;2019;0,707
340284;Elvis Andrus;2021;0,614
340284;Elvis Andrus;2022;0,673
340284;Elvis Andrus;2023;0,662
340289;Miguel Andujar;2018;0,855
340289;Miguel Andujar;2024;0,697
340289;Miguel Andujar;2025;0,765
340294;Rick Ankiel;2008;0,843
340294;Rick Ankiel;2009;0,672
340294;Rick Ankiel;2011;0,659
340297;Cap Anson;1872;0,98
340297;Cap Anson;1873;0,858
340297;Cap Anson;1874;0,733
340297;Cap Anson;1875;0,723
340297;Cap Anson;1876;0,83
340297;Cap Anson;1877;0,779
340297;Cap Anson;1878;0,775
340297;Cap Anson;1879;0,737
340297;Cap Anson;1880;0,781
340297;Cap Anson;1881;0,952
340297;Cap Anson;1882;0,897
340297;Cap Anson;1883;0,755
340297;Cap Anson;1884;0,916
340297;Cap Anson;1885;0,819
340297;Cap Anson;1886;0,977
340297;Cap Anson;1887;0,939
340297;Cap Anson;1888;0,899
340297;Cap Anson;1889;0,911
340297;Cap Anson;1890;0,844
340297;Cap Anson;1891;0,788
340297;Cap Anson;1892;0,708
340297;Cap Anson;1893;0,8
340297;Cap Anson;1894;0,997
340297;Cap Anson;1895;0,83
340297;Cap Anson;1896;0,808
340297;Cap Anson;1897;0,74
340298;Eric Anthony;1990;0,63
340298;Eric Anthony;1992;0,705
340298;Eric Anthony;1993;0,716
340298;Eric Anthony;1994;0,709
340299;Roman Anthony;2025;0,859
340303;John Antonelli;1945;0,616
340307;Nori Aoki;2012;0,787
340307;Nori Aoki;2013;0,726
340307;Nori Aoki;2014;0,71
340307;Nori Aoki;2015;0,733
340307;Nori Aoki;2016;0,738
340307;Nori Aoki;2017;0,694
340308;Luis Aparicio;1956;0,653
340308;Luis Aparicio;1957;0,649
340308;Luis Aparicio;1958;0,653
340308;Luis Aparicio;1959;0,647
340308;Luis Aparicio;1960;0,666
340308;Luis Aparicio;1961;0,665
340308;Luis Aparicio;1962;0,614
340308;Luis Aparicio;1963;0,623
340308;Luis Aparicio;1964;0,688
340308;Luis Aparicio;1965;0,625
340308;Luis Aparicio;1966;0,676
340308;Luis Aparicio;1967;0,583
340308;Luis Aparicio;1968;0,636
340308;Luis Aparicio;1969;0,714
340308;Luis Aparicio;1970;0,776
340308;Luis Aparicio;1971;0,587
340308;Luis Aparicio;1972;0,649
340308;Luis Aparicio;1973;0,633
340319;Luke Appling;1931;0,616
340319;Luke Appling;1932;0,703
340319;Luke Appling;1933;0,822
340319;Luke Appling;1934;0,788
340319;Luke Appling;1935;0,826
340319;Luke Appling;1936;0,981
340319;Luke Appling;1937;0,846
340319;Luke Appling;1938;0,742
340319;Luke Appling;1939;0,798
340319;Luke Appling;1940;0,862
340319;Luke Appling;1941;0,789
340319;Luke Appling;1942;0,682
340319;Luke Appling;1943;0,825
340319;Luke Appling;1946;0,762
340319;Luke Appling;1947;0,797
340319;Luke Appling;1948;0,777
340319;Luke Appling;1949;0,833
340320;Aristides Aquino;2019;0,891
340320;Aristides Aquino;2022;0,609
340326;Jonathan Aranda;2025;0,883
340327;Pedro Arango;1926;0,833
340332;Maurice Archdeacon;1924;0,781
340335;Jimmy Archer;1909;0,558
340335;Jimmy Archer;1910;0,663
340335;Jimmy Archer;1911;0,645
340335;Jimmy Archer;1912;0,715
340335;Jimmy Archer;1913;0,67
340335;Jimmy Archer;1914;0,595
340335;Jimmy Archer;1915;0,594
340335;Jimmy Archer;1916;0,552
340338;George Archie;1941;0,691
340340;Jose Arcia;1969;0,526
340340;Jose Arcia;1970;0,57
340341;Orlando Arcia;2016;0,631
340341;Orlando Arcia;2017;0,731
340341;Orlando Arcia;2018;0,576
340341;Orlando Arcia;2019;0,633
340341;Orlando Arcia;2022;0,733
340341;Orlando Arcia;2023;0,741
340341;Orlando Arcia;2024;0,625
340342;Oswaldo Arcia;2013;0,734
340342;Oswaldo Arcia;2014;0,752
340345;Joe Ardner;1890;0,535
340346;Danny Ardoin;2005;0,681
340348;Nolan Arenado;2013;0,706
340348;Nolan Arenado;2014;0,828
340348;Nolan Arenado;2015;0,898
340348;Nolan Arenado;2016;0,932
340348;Nolan Arenado;2017;0,959
340348;Nolan Arenado;2018;0,935
340348;Nolan Arenado;2019;0,962
340348;Nolan Arenado;2021;0,807
340348;Nolan Arenado;2022;0,891
340348;Nolan Arenado;2023;0,774
340348;Nolan Arenado;2024;0,719
340348;Nolan Arenado;2025;0,666
340349;J. P. Arencibia;2011;0,72
340349;J. P. Arencibia;2012;0,71
340349;J. P. Arencibia;2013;0,592
340349;J. P. Arencibia;2014;0,608
340351;Hank Arft;1948;0,718
340351;Hank Arft;1950;0,739
340351;Hank Arft;1951;0,736
340352;Alex Arias;1993;0,665
340352;Alex Arias;1995;0,708
340352;Alex Arias;1996;0,719
340352;Alex Arias;1999;0,773
340354;Gabriel Arias;2023;0,628
340354;Gabriel Arias;2025;0,638
340355;George Arias;1996;0,633
340356;Joaquin Arias;2012;0,693
340356;Joaquin Arias;2013;0,627
340361;Buzz Arlett;1931;0,925
340366;Tony Armas;1977;0,654
340366;Tony Armas;1978;0,522
340366;Tony Armas;1979;0,71
340366;Tony Armas;1980;0,81
340366;Tony Armas;1981;0,774
340366;Tony Armas;1982;0,708
340366;Tony Armas;1983;0,707
340366;Tony Armas;1984;0,831
340366;Tony Armas;1985;0,812
340366;Tony Armas;1986;0,714
340366;Tony Armas;1988;0,754
340366;Tony Armas;1989;0,745
340368;Charlie Armbruster;1906;0,426
340370;Harry Armbruster;1906;0,658
340385;Harry Arndt;1902;0,694
340385;Harry Arndt;1905;0,603
340385;Harry Arndt;1906;0,711
340393;Morrie Arnovich;1937;0,798
340393;Morrie Arnovich;1938;0,69
340393;Morrie Arnovich;1939;0,811
340393;Morrie Arnovich;1940;0,677
340393;Morrie Arnovich;1941;0,729
340398;Randy Arozarena;2021;0,815
340398;Randy Arozarena;2022;0,773
340398;Randy Arozarena;2023;0,789
340398;Randy Arozarena;2024;0,712
340398;Randy Arozarena;2025;0,76
340399;Luis Arraez;2019;0,838
340399;Luis Arraez;2021;0,733
340399;Luis Arraez;2022;0,795
340399;Luis Arraez;2023;0,861
340399;Luis Arraez;2024;0,744
340399;Luis Arraez;2025;0,719
340406;Christian Arroyo;2022;0,736
340423;Cody Asche;2014;0,699
340423;Cody Asche;2015;0,689
340425;Richie Ashburn;1948;0,81
340425;Richie Ashburn;1949;0,692
340425;Richie Ashburn;1950;0,774
340425;Richie Ashburn;1951;0,819
340425;Richie Ashburn;1952;0,72
340425;Richie Ashburn;1953;0,802
340425;Richie Ashburn;1954;0,817
340425;Richie Ashburn;1955;0,897
340425;Richie Ashburn;1956;0,768
340425;Richie Ashburn;1957;0,754
340425;Richie Ashburn;1958;0,881
340425;Richie Ashburn;1959;0,667
340425;Richie Ashburn;1960;0,753
340425;Richie Ashburn;1961;0,679
340425;Richie Ashburn;1962;0,817
340427;Alan Ashby;1975;0,639
340427;Alan Ashby;1976;0,626
340427;Alan Ashby;1977;0,581
340427;Alan Ashby;1978;0,754
340427;Alan Ashby;1979;0,538
340427;Alan Ashby;1980;0,665
340427;Alan Ashby;1981;0,725
340427;Alan Ashby;1982;0,727
340427;Alan Ashby;1983;0,692
340427;Alan Ashby;1986;0,705
340427;Alan Ashby;1987;0,805
340427;Alan Ashby;1988;0,694
340433;Tucker Ashford;1977;0,604
340435;Billy Ashley;1995;0,692
340439;Bob Aspromonte;1962;0,708
340439;Bob Aspromonte;1963;0,581
340439;Bob Aspromonte;1964;0,721
340439;Bob Aspromonte;1965;0,632
340439;Bob Aspromonte;1966;0,631
340439;Bob Aspromonte;1967;0,755
340439;Bob Aspromonte;1968;0,549
340439;Bob Aspromonte;1971;0,586
340440;Ken Aspromonte;1958;0,624
340440;Ken Aspromonte;1959;0,646
340440;Ken Aspromonte;1960;0,767
340440;Ken Aspromonte;1961;0,612
340442;Brian Asselstine;1980;0,712
340447;Joe Astroth;1952;0,596
340447;Joe Astroth;1953;0,771
340447;Joe Astroth;1954;0,575
340447;Joe Astroth;1955;0,7
340448;Willians Astudillo;2021;0,634
340449;Carlos Asuaje;2017;0,696
340452;Charlie Atherton;1899;0,631
340460;Garrett Atkins;2005;0,773
340460;Garrett Atkins;2006;0,965
340460;Garrett Atkins;2007;0,853
340460;Garrett Atkins;2008;0,78
340460;Garrett Atkins;2009;0,65
340467;Toby Atwell;1952;0,73
340467;Toby Atwell;1954;0,76
340467;Toby Atwell;1955;0,603
340468;Bill Atwood;1937;0,643
340468;Bill Atwood;1938;0,525
340468;Bill Atwood;1940;0,52
340469;Jake Atz;1908;0,52
340469;Jake Atz;1909;0,608
340470;Harry Aubrey;1903;0,514
340474;Rick Auerbach;1971;0,53
340474;Rick Auerbach;1972;0,546
340483;Doug Ault;1977;0,692
340485;Rich Aurilia;1996;0,59
340485;Rich Aurilia;1998;0,726
340485;Rich Aurilia;1999;0,78
340485;Rich Aurilia;2000;0,783
340485;Rich Aurilia;2001;0,941
340485;Rich Aurilia;2002;0,718
340485;Rich Aurilia;2003;0,735
340485;Rich Aurilia;2004;0,641
340485;Rich Aurilia;2005;0,782
340485;Rich Aurilia;2006;0,867
340485;Rich Aurilia;2007;0,672
340485;Rich Aurilia;2008;0,745
340487;Brad Ausmus;1994;0,672
340487;Brad Ausmus;1995;0,765
340487;Brad Ausmus;1996;0,682
340487;Brad Ausmus;1997;0,684
340487;Brad Ausmus;1998;0,713
340487;Brad Ausmus;1999;0,779
340487;Brad Ausmus;2000;0,722
340487;Brad Ausmus;2001;0,625
340487;Brad Ausmus;2002;0,675
340487;Brad Ausmus;2003;0,594
340487;Brad Ausmus;2004;0,631
340487;Brad Ausmus;2005;0,682
340487;Brad Ausmus;2006;0,593
340487;Brad Ausmus;2007;0,642
340487;Brad Ausmus;2008;0,6
340490;Frank Austin;1945;0,915
340490;Frank Austin;1946;0,765
340493;Jimmy Austin;1909;0,571
340493;Jimmy Austin;1910;0,58
340493;Jimmy Austin;1911;0,709
340493;Jimmy Austin;1912;0,625
340493;Jimmy Austin;1913;0,677
340493;Jimmy Austin;1914;0,59
340493;Jimmy Austin;1915;0,666
340493;Jimmy Austin;1916;0,613
340493;Jimmy Austin;1917;0,633
340493;Jimmy Austin;1918;0,683
340493;Jimmy Austin;1919;0,627
340493;Jimmy Austin;1920;0,695
340505;Bruce Aven;1999;0,814
340506;Earl Averill;1929;0,936
340506;Earl Averill;1930;0,941
340506;Earl Averill;1931;0,979
340506;Earl Averill;1932;0,961
340506;Earl Averill;1933;0,837
340506;Earl Averill;1934;0,982
340506;Earl Averill;1935;0,863
340506;Earl Averill;1936;1,065
340506;Earl Averill;1937;0,88
340506;Earl Averill;1938;0,965
340506;Earl Averill;1939;0,817
340507;Earl Averill;1961;0,873
340511;Alex Avila;2010;0,656
340511;Alex Avila;2011;0,895
340511;Alex Avila;2012;0,736
340511;Alex Avila;2013;0,693
340511;Alex Avila;2014;0,686
340511;Alex Avila;2017;0,869
340512;Bobby Avila;1950;0,773
340512;Bobby Avila;1951;0,783
340512;Bobby Avila;1952;0,787
340512;Bobby Avila;1953;0,735
340512;Bobby Avila;1954;0,88
340512;Bobby Avila;1955;0,768
340512;Bobby Avila;1956;0,64
340512;Bobby Avila;1957;0,688
340512;Bobby Avila;1958;0,714
340517;Mike Aviles;2008;0,833
340517;Mike Aviles;2010;0,748
340517;Mike Aviles;2012;0,663
340517;Mike Aviles;2013;0,65
340517;Mike Aviles;2014;0,616
340517;Mike Aviles;2015;0,599
340526;Erick Aybar;2008;0,699
340526;Erick Aybar;2009;0,776
340526;Erick Aybar;2010;0,636
340526;Erick Aybar;2011;0,743
340526;Erick Aybar;2012;0,74
340526;Erick Aybar;2013;0,683
340526;Erick Aybar;2014;0,7
340526;Erick Aybar;2015;0,639
340526;Erick Aybar;2016;0,607
340526;Erick Aybar;2017;0,648
340528;Willy Aybar;2008;0,737
340528;Willy Aybar;2009;0,747
340528;Willy Aybar;2010;0,654
340535;Joe Azcue;1962;0,592
340535;Joe Azcue;1963;0,779
340535;Joe Azcue;1964;0,672
340535;Joe Azcue;1965;0,559
340535;Joe Azcue;1966;0,723
340535;Joe Azcue;1967;0,744
340535;Joe Azcue;1968;0,672
340535;Joe Azcue;1969;0,549
340535;Joe Azcue;1970;0,594
340536;Jose Azocar;2022;0,629
340537;Oscar Azocar;1990;0,612
340538;Charlie Babb;1903;0,671
340538;Charlie Babb;1904;0,656
340538;Charlie Babb;1905;0,541
340540;Loren Babe;1953;0,583
340549;Wally Backman;1982;0,759
340549;Wally Backman;1984;0,7
340549;Wally Backman;1985;0,664
340549;Wally Backman;1986;0,761
340549;Wally Backman;1987;0,593
340549;Wally Backman;1988;0,731
340549;Wally Backman;1989;0,591
340549;Wally Backman;1990;0,771
340555;Akil Baddoo;2021;0,766
340555;Akil Baddoo;2022;0,558
340555;Akil Baddoo;2023;0,682
340558;Harrison Bader;2018;0,756
340558;Harrison Bader;2019;0,68
340558;Harrison Bader;2021;0,785
340558;Harrison Bader;2022;0,673
340558;Harrison Bader;2023;0,643
340558;Harrison Bader;2024;0,657
340558;Harrison Bader;2025;0,778
340560;Red Badgro;1930;0,64
340562;Ji Hwan Bae;2023;0,608
340564;Carlos Baerga;1990;0,694
340564;Carlos Baerga;1991;0,744
340564;Carlos Baerga;1992;0,809
340564;Carlos Baerga;1993;0,84
340564;Carlos Baerga;1994;0,858
340564;Carlos Baerga;1995;0,807
340564;Carlos Baerga;1996;0,698
340564;Carlos Baerga;1997;0,707
340564;Carlos Baerga;1998;0,667
340564;Carlos Baerga;2003;0,859
340567;Javier Baez;2014;0,551
340567;Javier Baez;2016;0,737
340567;Javier Baez;2017;0,796
340567;Javier Baez;2018;0,881
340567;Javier Baez;2019;0,847
340567;Javier Baez;2020;0,599
340567;Javier Baez;2021;0,775
340567;Javier Baez;2022;0,671
340567;Javier Baez;2023;0,593
340567;Javier Baez;2024;0,516
340567;Javier Baez;2025;0,68
340568;Jose Baez;1977;0,626
340578;Jeff Bagwell;1991;0,824
340578;Jeff Bagwell;1992;0,812
340578;Jeff Bagwell;1993;0,903
340578;Jeff Bagwell;1994;1,201
340578;Jeff Bagwell;1995;0,894
340578;Jeff Bagwell;1996;1,021
340578;Jeff Bagwell;1997;1,017
340578;Jeff Bagwell;1998;0,981
340578;Jeff Bagwell;1999;1,045
340578;Jeff Bagwell;2000;1,039
340578;Jeff Bagwell;2001;0,966
340578;Jeff Bagwell;2002;0,919
340578;Jeff Bagwell;2003;0,897
340578;Jeff Bagwell;2004;0,842
340588;Bob Bailey;1963;0,632
340588;Bob Bailey;1964;0,74
340588;Bob Bailey;1965;0,692
340588;Bob Bailey;1966;0,807
340588;Bob Bailey;1967;0,611
340588;Bob Bailey;1968;0,656
340588;Bob Bailey;1969;0,756
340588;Bob Bailey;1970;1,004
340588;Bob Bailey;1971;0,741
340588;Bob Bailey;1972;0,683
340588;Bob Bailey;1973;0,868
340588;Bob Bailey;1974;0,842
340588;Bob Bailey;1975;0,753
340592;Ed Bailey;1956;0,936
340592;Ed Bailey;1957;0,84
340592;Ed Bailey;1958;0,748
340592;Ed Bailey;1959;0,763
340592;Ed Bailey;1960;0,752
340592;Ed Bailey;1961;0,709
340592;Ed Bailey;1962;0,827
340592;Ed Bailey;1963;0,859
340592;Ed Bailey;1964;0,705
340594;Gene Bailey;1923;0,677
340601;Mark Bailey;1984;0,661
340601;Mark Bailey;1985;0,787
340602;Patrick Bailey;2023;0,644
340602;Patrick Bailey;2024;0,637
340602;Patrick Bailey;2025;0,602
340608;Bob Bailor;1977;0,738
340608;Bob Bailor;1978;0,649
340608;Bob Bailor;1979;0,585
340608;Bob Bailor;1980;0,608
340608;Bob Bailor;1982;0,633
340608;Bob Bailor;1983;0,573
340609;Harold Baines;1980;0,686
340609;Harold Baines;1981;0,8
340609;Harold Baines;1982;0,79
340609;Harold Baines;1983;0,776
340609;Harold Baines;1984;0,903
340609;Harold Baines;1985;0,815
340609;Harold Baines;1986;0,803
340609;Harold Baines;1987;0,831
340609;Harold Baines;1988;0,758
340609;Harold Baines;1989;0,928
340609;Harold Baines;1990;0,826
340609;Harold Baines;1991;0,857
340609;Harold Baines;1992;0,723
340609;Harold Baines;1993;0,9
340609;Harold Baines;1994;0,84
340609;Harold Baines;1995;0,943
340609;Harold Baines;1996;0,902
340609;Harold Baines;1997;0,857
340609;Harold Baines;1998;0,819
340609;Harold Baines;1999;0,977
340609;Harold Baines;2000;0,786
340614;Doug Baird;1915;0,599
340614;Doug Baird;1916;0,542
340614;Doug Baird;1917;0,672
340614;Doug Baird;1918;0,659
340614;Doug Baird;1919;0,672
340630;Dusty Baker;1972;0,888
340630;Dusty Baker;1973;0,813
340630;Dusty Baker;1974;0,757
340630;Dusty Baker;1975;0,767
340630;Dusty Baker;1976;0,605
340630;Dusty Baker;1977;0,876
340630;Dusty Baker;1978;0,701
340630;Dusty Baker;1979;0,795
340630;Dusty Baker;1980;0,842
340630;Dusty Baker;1981;0,808
340630;Dusty Baker;1982;0,818
340630;Dusty Baker;1983;0,742
340630;Dusty Baker;1984;0,761
340630;Dusty Baker;1985;0,799
340630;Dusty Baker;1986;0,636
340633;Floyd Baker;1945;0,613
340633;Floyd Baker;1947;0,688
340633;Floyd Baker;1948;0,615
340633;Floyd Baker;1949;0,719
340633;Floyd Baker;1952;0,635
340634;Home Run Baker;1909;0,79
340634;Home Run Baker;1910;0,721
340634;Home Run Baker;1911;0,887
340634;Home Run Baker;1912;0,945
340634;Home Run Baker;1913;0,906
340634;Home Run Baker;1914;0,822
340634;Home Run Baker;1916;0,772
340634;Home Run Baker;1917;0,71
340634;Home Run Baker;1918;0,765
340634;Home Run Baker;1919;0,734
340634;Home Run Baker;1921;0,789
340634;Home Run Baker;1922;0,771
340637;George Baker;1884;0,36
340638;Gene Baker;1954;0,758
340638;Gene Baker;1955;0,715
340638;Gene Baker;1956;0,686
340638;Gene Baker;1957;0,674
340644;Jeff Baker;2008;0,791
340644;Jeff Baker;2009;0,81
340644;Jeff Baker;2010;0,739
340644;Jeff Baker;2011;0,685
340644;Jeff Baker;2014;0,701
340645;John Baker;2009;0,759
340650;Phil Baker;1884;0,665
340650;Phil Baker;1886;0,547
340658;Paul Bako;1998;0,667
340658;Paul Bako;1999;0,69
340658;Paul Bako;2002;0,624
340658;Paul Bako;2008;0,626
340662;Steve Balboni;1984;0,817
340662;Steve Balboni;1985;0,783
340662;Steve Balboni;1986;0,738
340662;Steve Balboni;1987;0,7
340662;Steve Balboni;1988;0,778
340662;Steve Balboni;1989;0,756
340662;Steve Balboni;1990;0,697
340664;Rocco Baldelli;2003;0,742
340664;Rocco Baldelli;2004;0,762
340664;Rocco Baldelli;2006;0,871
340669;Brooks Baldwin;2025;0,697
340671;Drake Baldwin;2025;0,81
340677;Kid Baldwin;1886;0,579
340677;Kid Baldwin;1887;0,622
340677;Kid Baldwin;1888;0,526
340677;Kid Baldwin;1889;0,614
340678;Lady Baldwin;1886;0,526
340679;Mark Baldwin;1889;0,539
340679;Mark Baldwin;1890;0,566
340685;Mike Balenti;1913;0,434
340686;Wladimir Balentien;2008;0,592
340700;Neal Ball;1908;0,575
340700;Neal Ball;1909;0,613
340700;Neal Ball;1911;0,735
340707;Dave Bancroft;1915;0,676
340707;Dave Bancroft;1916;0,574
340707;Dave Bancroft;1917;0,641
340707;Dave Bancroft;1918;0,656
340707;Dave Bancroft;1919;0,686
340707;Dave Bancroft;1920;0,745
340707;Dave Bancroft;1921;0,83
340707;Dave Bancroft;1922;0,815
340707;Dave Bancroft;1923;0,789
340707;Dave Bancroft;1924;0,694
340707;Dave Bancroft;1925;0,826
340707;Dave Bancroft;1926;0,783
340707;Dave Bancroft;1927;0,629
340707;Dave Bancroft;1928;0,629
340707;Dave Bancroft;1929;0,663
340710;Chris Bando;1984;0,882
340710;Chris Bando;1986;0,652
340710;Chris Bando;1987;0,592
340711;Sal Bando;1968;0,668
340711;Sal Bando;1969;0,885
340711;Sal Bando;1970;0,837
340711;Sal Bando;1971;0,828
340711;Sal Bando;1972;0,709
340711;Sal Bando;1973;0,873
340711;Sal Bando;1974;0,778
340711;Sal Bando;1975;0,693
340711;Sal Bando;1976;0,762
340711;Sal Bando;1977;0,731
340711;Sal Bando;1978;0,81
340711;Sal Bando;1979;0,674
340711;Sal Bando;1980;0,589
340712;Jett Bandy;2016;0,673
340719;Sam Bankhead;1935;0,919
340719;Sam Bankhead;1936;0,837
340719;Sam Bankhead;1942;0,756
340719;Sam Bankhead;1943;0,652
340719;Sam Bankhead;1944;0,7
340719;Sam Bankhead;1946;0,666
340719;Sam Bankhead;1947;0,607
340722;Brian Banks;1999;0,669
340724;Ernie Banks;1954;0,753
340724;Ernie Banks;1955;0,941
340724;Ernie Banks;1956;0,887
340724;Ernie Banks;1957;0,939
340724;Ernie Banks;1958;0,98
340724;Ernie Banks;1959;0,97
340724;Ernie Banks;1960;0,904
340724;Ernie Banks;1961;0,852
340724;Ernie Banks;1962;0,809
340724;Ernie Banks;1963;0,695
340724;Ernie Banks;1964;0,757
340724;Ernie Banks;1965;0,781
340724;Ernie Banks;1966;0,747
340724;Ernie Banks;1967;0,765
340724;Ernie Banks;1968;0,756
340724;Ernie Banks;1969;0,725
340724;Ernie Banks;1970;0,772
340734;Alan Bannister;1977;0,672
340734;Alan Bannister;1979;0,725
340734;Alan Bannister;1980;0,823
340734;Alan Bannister;1981;0,641
340734;Alan Bannister;1982;0,7
340734;Alan Bannister;1983;0,715
340738;Jimmy Bannon;1894;0,928
340738;Jimmy Bannon;1895;0,891
340738;Jimmy Bannon;1896;0,626
340747;Rod Barajas;2003;0,592
340747;Rod Barajas;2004;0,728
340747;Rod Barajas;2005;0,771
340747;Rod Barajas;2006;0,708
340747;Rod Barajas;2008;0,704
340747;Rod Barajas;2009;0,661
340747;Rod Barajas;2010;0,677
340747;Rod Barajas;2011;0,717
340747;Rod Barajas;2012;0,625
340751;Walter Barbare;1915;0,446
340751;Walter Barbare;1919;0,672
340751;Walter Barbare;1921;0,698
340751;Walter Barbare;1922;0,537
340752;Bret Barberie;1992;0,635
340752;Bret Barberie;1993;0,715
340752;Bret Barberie;1994;0,762
340752;Bret Barberie;1995;0,676
340755;Charlie Barber;1884;0,487
340756;Dave Barbee;1932;0,706
340758;William Barbeau;1909;0,585
340759;Jesse Barber;1913;0,744
340759;Jesse Barber;1915;0,611
340759;Jesse Barber;1916;0,751
340759;Jesse Barber;1917;0,579
340759;Jesse Barber;1921;0,674
340764;Turner Barber;1919;0,742
340764;Turner Barber;1920;0,613
340764;Turner Barber;1921;0,748
340764;Turner Barber;1922;0,767
340769;George Barclay;1902;0,695
340769;George Barclay;1903;0,588
340769;George Barclay;1904;0,485
340773;Josh Bard;2003;0,666
340773;Josh Bard;2006;0,943
340773;Josh Bard;2007;0,768
340773;Josh Bard;2009;0,655
340776;Jesse Barfield;1982;0,749
340776;Jesse Barfield;1983;0,806
340776;Jesse Barfield;1984;0,822
340776;Jesse Barfield;1985;0,905
340776;Jesse Barfield;1986;0,927
340776;Jesse Barfield;1987;0,788
340776;Jesse Barfield;1988;0,728
340776;Jesse Barfield;1989;0,77
340776;Jesse Barfield;1990;0,815
340776;Jesse Barfield;1991;0,759
340778;Josh Barfield;2006;0,741
340778;Josh Barfield;2007;0,594
340781;Addison Barger;2024;0,601
340781;Addison Barger;2025;0,756
340791;Ray Barker;1965;0,736
340797;Sam Barkley;1884;0,786
340797;Sam Barkley;1885;0,693
340797;Sam Barkley;1886;0,715
340797;Sam Barkley;1887;0,579
340797;Sam Barkley;1888;0,571
340802;Tom Barlow;1873;0,589
340804;Clint Barmes;2005;0,764
340804;Clint Barmes;2006;0,598
340804;Clint Barmes;2008;0,79
340804;Clint Barmes;2009;0,734
340804;Clint Barmes;2010;0,656
340804;Clint Barmes;2011;0,698
340804;Clint Barmes;2012;0,593
340804;Clint Barmes;2013;0,558
340804;Clint Barmes;2015;0,633
340805;Babe Barna;1942;0,711
340807;Austin Barnes;2017;0,895
340807;Austin Barnes;2018;0,619
340807;Austin Barnes;2019;0,633
340807;Austin Barnes;2021;0,644
340812;Brandon Barnes;2013;0,635
340812;Brandon Barnes;2014;0,718
340812;Brandon Barnes;2015;0,655
340814;Darwin Barney;2011;0,666
340814;Darwin Barney;2012;0,653
340814;Darwin Barney;2013;0,569
340814;Darwin Barney;2014;0,594
340814;Darwin Barney;2016;0,695
340814;Darwin Barney;2017;0,602
340832;Red Barnes;1928;0,863
340832;Red Barnes;1930;0,675
340835;Ross Barnes;1872;1,034
340835;Ross Barnes;1873;1,08
340835;Ross Barnes;1874;0,777
340835;Ross Barnes;1875;0,818
340835;Ross Barnes;1876;1,052
340835;Ross Barnes;1879;0,617
340835;Ross Barnes;1881;0,634
340843;Clyde Barnhart;1921;0,682
340843;Clyde Barnhart;1922;0,828
340843;Clyde Barnhart;1923;0,972
340843;Clyde Barnhart;1924;0,721
340843;Clyde Barnhart;1925;0,838
340843;Clyde Barnhart;1926;0,484
340843;Clyde Barnhart;1927;0,815
340849;Tucker Barnhart;2015;0,65
340849;Tucker Barnhart;2016;0,702
340849;Tucker Barnhart;2017;0,75
340849;Tucker Barnhart;2018;0,699
340849;Tucker Barnhart;2019;0,708
340849;Tucker Barnhart;2021;0,685
340849;Tucker Barnhart;2022;0,554
340850;Vic Barnhart;1945;0,603
340855;Bernardo Baró;1920;0,799
340855;Bernardo Baró;1921;0,905
340855;Bernardo Baró;1927;0,736
340863;Bob Barr;1890;0,462
340868;Bill Barrett;1924;0,68
340868;Bill Barrett;1925;0,938
340868;Bill Barrett;1926;0,815
340868;Bill Barrett;1927;0,75
340868;Bill Barrett;1928;0,699
340868;Bill Barrett;1929;0,742
340869;Bob Barrett;1927;0,63
340874;Jimmy Barrett;1900;0,789
340874;Jimmy Barrett;1901;0,763
340874;Jimmy Barrett;1902;0,784
340874;Jimmy Barrett;1903;0,798
340874;Jimmy Barrett;1904;0,652
340874;Jimmy Barrett;1907;0,624
340875;Johnny Barrett;1942;0,664
340875;Johnny Barrett;1943;0,619
340875;Johnny Barrett;1944;0,782
340875;Johnny Barrett;1945;0,775
340878;Marty Barrett;1984;0,741
340878;Marty Barrett;1985;0,678
340878;Marty Barrett;1986;0,733
340878;Marty Barrett;1987;0,701
340878;Marty Barrett;1988;0,666
340878;Marty Barrett;1989;0,638
340880;Michael Barrett;1999;0,782
340880;Michael Barrett;2000;0,565
340880;Michael Barrett;2001;0,655
340880;Michael Barrett;2002;0,749
340880;Michael Barrett;2003;0,678
340880;Michael Barrett;2004;0,826
340880;Michael Barrett;2005;0,824
340880;Michael Barrett;2006;0,885
340880;Michael Barrett;2007;0,734
340903;Jack Barry;1909;0,566
340903;Jack Barry;1910;0,673
340903;Jack Barry;1911;0,677
340903;Jack Barry;1912;0,673
340903;Jack Barry;1913;0,714
340903;Jack Barry;1914;0,592
340903;Jack Barry;1915;0,672
340903;Jack Barry;1916;0,505
340903;Jack Barry;1917;0,558
340907;John Barry;1899;0,697
340907;John Barry;1900;0,667
340907;John Barry;1901;0,591
340907;John Barry;1902;0,706
340907;John Barry;1903;0,664
340907;John Barry;1904;0,625
340907;John Barry;1905;0,773
340907;John Barry;1906;0,659
340907;John Barry;1907;0,599
340907;John Barry;1908;0,551
340909;Dick Bartell;1928;0,763
340909;Dick Bartell;1929;0,766
340909;Dick Bartell;1930;0,845
340909;Dick Bartell;1931;0,717
340909;Dick Bartell;1932;0,792
340909;Dick Bartell;1933;0,675
340909;Dick Bartell;1934;0,757
340909;Dick Bartell;1935;0,722
340909;Dick Bartell;1936;0,773
340909;Dick Bartell;1937;0,836
340909;Dick Bartell;1938;0,724
340909;Dick Bartell;1939;0,683
340909;Dick Bartell;1940;0,665
340909;Dick Bartell;1941;0,791
340909;Dick Bartell;1942;0,692
340909;Dick Bartell;1943;0,727
340910;Kimera Bartee;1996;0,612
340915;Tony Bartirome;1952;0,538
340916;Joey Bart;2022;0,66
340916;Joey Bart;2024;0,799
340916;Joey Bart;2025;0,696
340921;Jason Bartlett;2005;0,651
340921;Jason Bartlett;2006;0,76
340921;Jason Bartlett;2007;0,699
340921;Jason Bartlett;2008;0,69
340921;Jason Bartlett;2009;0,879
340921;Jason Bartlett;2010;0,675
340921;Jason Bartlett;2011;0,615
340923;Bob Barton;1971;0,663
340927;Daric Barton;2008;0,674
340927;Daric Barton;2010;0,798
340927;Daric Barton;2011;0,592
340932;Vince Barton;1931;0,775
340940;Monty Basgall;1949;0,564
340944;Eddie Basinski;1945;0,606
340950;Charley Bassett;1885;0,383
340950;Charley Bassett;1886;0,711
340950;Charley Bassett;1887;0,572
340950;Charley Bassett;1888;0,604
340950;Charley Bassett;1889;0,62
340950;Charley Bassett;1890;0,61
340950;Charley Bassett;1891;0,661
340950;Charley Bassett;1892;0,531
340955;Kevin Bass;1984;0,639
340955;Kevin Bass;1985;0,742
340955;Kevin Bass;1986;0,842
340955;Kevin Bass;1987;0,793
340955;Kevin Bass;1988;0,704
340955;Kevin Bass;1989;0,792
340955;Kevin Bass;1990;0,705
340955;Kevin Bass;1991;0,673
340955;Kevin Bass;1992;0,721
340955;Kevin Bass;1993;0,761
340955;Kevin Bass;1994;0,876
340955;Kevin Bass;1995;0,639
340957;Johnny Bassler;1921;0,78
340957;Johnny Bassler;1922;0,782
340957;Johnny Bassler;1923;0,759
340957;Johnny Bassler;1924;0,864
340957;Johnny Bassler;1925;0,76
340957;Johnny Bassler;1927;0,736
340962;Charlie Bastian;1885;0,488
340962;Charlie Bastian;1886;0,597
340962;Charlie Bastian;1887;0,569
340962;Charlie Bastian;1888;0,507
340962;Charlie Bastian;1890;0,548
340963;Emil Batch;1905;0,637
340963;Emil Batch;1906;0,66
340963;Emil Batch;1907;0,58
340966;John Bateman;1963;0,583
340966;John Bateman;1964;0,543
340966;John Bateman;1966;0,781
340966;John Bateman;1967;0,495
340966;John Bateman;1968;0,635
340966;John Bateman;1969;0,578
340966;John Bateman;1970;0,658
340966;John Bateman;1971;0,623
340966;John Bateman;1972;0,54
340974;Jason Bates;1995;0,774
340976;Johnny Bates;1906;0,664
340976;Johnny Bates;1907;0,695
340976;Johnny Bates;1908;0,639
340976;Johnny Bates;1909;0,731
340976;Johnny Bates;1910;0,805
340976;Johnny Bates;1911;0,808
340976;Johnny Bates;1912;0,816
340976;Johnny Bates;1913;0,776
340977;Ray Bates;1917;0,597
340980;Kim Batiste;1994;0,517
340983;Tony Batista;1996;0,783
340983;Tony Batista;1998;0,836
340983;Tony Batista;1999;0,893
340983;Tony Batista;2000;0,827
340983;Tony Batista;2001;0,711
340983;Tony Batista;2002;0,766
340983;Tony Batista;2003;0,663
340983;Tony Batista;2004;0,728
340987;Earl Battey;1960;0,773
340987;Earl Battey;1961;0,847
340987;Earl Battey;1962;0,741
340987;Earl Battey;1963;0,845
340987;Earl Battey;1964;0,756
340987;Earl Battey;1965;0,783
340987;Earl Battey;1966;0,664
340991;Joe Battin;1874;0,521
340991;Joe Battin;1875;0,542
340991;Joe Battin;1876;0,682
340991;Joe Battin;1877;0,507
340991;Joe Battin;1883;0,511
340998;Matt Batts;1950;0,739
340998;Matt Batts;1951;0,796
340998;Matt Batts;1953;0,728
340999;Brett Baty;2023;0,598
340999;Brett Baty;2025;0,748
341002;Hank Bauer;1949;0,786
341002;Hank Bauer;1950;0,843
341002;Hank Bauer;1951;0,827
341002;Hank Bauer;1952;0,818
341002;Hank Bauer;1953;0,841
341002;Hank Bauer;1954;0,818
341002;Hank Bauer;1955;0,821
341002;Hank Bauer;1956;0,761
341002;Hank Bauer;1957;0,776
341002;Hank Bauer;1958;0,739
341002;Hank Bauer;1959;0,682
341002;Hank Bauer;1960;0,695
341003;Jake Bauers;2018;0,7
341003;Jake Bauers;2019;0,683
341003;Jake Bauers;2023;0,693
341003;Jake Bauers;2024;0,662
341012;Paddy Baumann;1915;0,768
341012;Paddy Baumann;1916;0,698
341019;Frank Baumholtz;1947;0,726
341019;Frank Baumholtz;1948;0,739
341019;Frank Baumholtz;1951;0,726
341019;Frank Baumholtz;1952;0,787
341019;Frank Baumholtz;1953;0,778
341019;Frank Baumholtz;1954;0,756
341019;Frank Baumholtz;1955;0,703
341022;Danny Bautista;1995;0,55
341022;Danny Bautista;1999;0,723
341022;Danny Bautista;2000;0,877
341022;Danny Bautista;2001;0,783
341022;Danny Bautista;2003;0,724
341022;Danny Bautista;2004;0,733
341027;Jose Bautista;2006;0,755
341027;Jose Bautista;2007;0,753
341027;Jose Bautista;2008;0,729
341027;Jose Bautista;2009;0,757
341027;Jose Bautista;2010;0,995
341027;Jose Bautista;2011;1,056
341027;Jose Bautista;2012;0,886
341027;Jose Bautista;2013;0,856
341027;Jose Bautista;2014;0,928
341027;Jose Bautista;2015;0,913
341027;Jose Bautista;2016;0,817
341027;Jose Bautista;2017;0,674
341027;Jose Bautista;2018;0,718
341031;Jim Baxes;1959;0,764
341032;Mike Baxes;1958;0,55
341035;Harry Bay;1902;0,678
341035;Harry Bay;1903;0,693
341035;Harry Bay;1904;0,625
341035;Harry Bay;1905;0,719
341035;Harry Bay;1906;0,662
341036;Jason Bay;2004;0,907
341036;Jason Bay;2005;0,961
341036;Jason Bay;2006;0,928
341036;Jason Bay;2007;0,746
341036;Jason Bay;2008;0,894
341036;Jason Bay;2009;0,921
341036;Jason Bay;2010;0,749
341036;Jason Bay;2011;0,703
341036;Jason Bay;2013;0,691
341041;Don Baylor;1972;0,745
341041;Don Baylor;1973;0,794
341041;Don Baylor;1974;0,723
341041;Don Baylor;1975;0,849
341041;Don Baylor;1976;0,697
341041;Don Baylor;1977;0,768
341041;Don Baylor;1978;0,804
341041;Don Baylor;1979;0,901
341041;Don Baylor;1980;0,657
341041;Don Baylor;1981;0,749
341041;Don Baylor;1982;0,754
341041;Don Baylor;1983;0,856
341041;Don Baylor;1984;0,83
341041;Don Baylor;1985;0,76
341041;Don Baylor;1986;0,783
341041;Don Baylor;1987;0,759
341041;Don Baylor;1988;0,658
341069;Ollie Beard;1889;0,692
341069;Ollie Beard;1890;0,713
341069;Ollie Beard;1891;0,626
341085;Matt Beaty;2019;0,775
341085;Matt Beaty;2021;0,765
341087;Ginger Beaumont;1899;0,86
341087;Ginger Beaumont;1900;0,692
341087;Ginger Beaumont;1901;0,8
341087;Ginger Beaumont;1902;0,822
341087;Ginger Beaumont;1903;0,833
341087;Ginger Beaumont;1904;0,712
341087;Ginger Beaumont;1905;0,789
341087;Ginger Beaumont;1906;0,643
341087;Ginger Beaumont;1907;0,79
341087;Ginger Beaumont;1908;0,674
341087;Ginger Beaumont;1909;0,631
341094;George Bechtel;1872;0,687
341094;George Bechtel;1873;0,58
341098;Clyde Beck;1927;0,682
341098;Clyde Beck;1928;0,67
341098;Clyde Beck;1930;0,63
341099;Beals Becker;1909;0,631
341099;Beals Becker;1912;0,747
341099;Beals Becker;1913;0,908
341099;Beals Becker;1914;0,816
341099;Beals Becker;1915;0,716
341102;Glenn Beckert;1965;0,573
341102;Glenn Beckert;1966;0,664
341102;Glenn Beckert;1967;0,682
341102;Glenn Beckert;1968;0,695
341102;Glenn Beckert;1969;0,666
341102;Glenn Beckert;1970;0,671
341102;Glenn Beckert;1971;0,773
341102;Glenn Beckert;1972;0,648
341102;Glenn Beckert;1973;0,603
341108;Erve Beck;1901;0,72
341109;Rich Becker;1995;0,599
341109;Rich Becker;1996;0,807
341109;Rich Becker;1997;0,749
341109;Rich Becker;2000;0,765
341112;Fred Beck;1909;0,512
341112;Fred Beck;1910;0,722
341112;Fred Beck;1911;0,737
341112;Fred Beck;1914;0,736
341112;Fred Beck;1915;0,58
341114;Gordon Beckham;2009;0,808
341114;Gordon Beckham;2010;0,695
341114;Gordon Beckham;2011;0,633
341114;Gordon Beckham;2012;0,668
341114;Gordon Beckham;2013;0,694
341114;Gordon Beckham;2014;0,598
341114;Gordon Beckham;2015;0,607
341114;Gordon Beckham;2016;0,655
341114;Gordon Beckham;2019;0,643
341115;Tim Beckham;2015;0,702
341115;Tim Beckham;2017;0,796
341115;Tim Beckham;2018;0,661
341115;Tim Beckham;2019;0,753
341116;Jordan Beck;2025;0,732
341117;Jake Beckley;1888;0,78
341117;Jake Beckley;1889;0,781
341117;Jake Beckley;1890;0,909
341117;Jake Beckley;1891;0,772
341117;Jake Beckley;1892;0,669
341117;Jake Beckley;1893;0,846
341117;Jake Beckley;1894;0,934
341117;Jake Beckley;1895;0,865
341117;Jake Beckley;1896;0,723
341117;Jake Beckley;1897;0,894
341117;Jake Beckley;1898;0,764
341117;Jake Beckley;1899;0,856
341117;Jake Beckley;1900;0,822
341117;Jake Beckley;1901;0,776
341117;Jake Beckley;1902;0,804
341117;Jake Beckley;1903;0,831
341117;Jake Beckley;1904;0,778
341117;Jake Beckley;1905;0,702
341117;Jake Beckley;1906;0,617
341124;John Beckwith;1922;1,006
341124;John Beckwith;1923;0,887
341124;John Beckwith;1927;0,929
341125;Zinn Beck;1914;0,615
341125;Zinn Beck;1915;0,591
341126;Julio Becquer;1959;0,677
341126;Julio Becquer;1960;0,671
341137;Ed Beecher;1890;0,733
341137;Ed Beecher;1891;0,674
341155;Steve Behel;1886;0,525
341162;Ollie Bejma;1934;0,754
341162;Ollie Bejma;1939;0,709
341163;Mark Belanger;1968;0,52
341163;Mark Belanger;1969;0,696
341163;Mark Belanger;1970;0,562
341163;Mark Belanger;1971;0,685
341163;Mark Belanger;1972;0,482
341163;Mark Belanger;1973;0,564
341163;Mark Belanger;1974;0,598
341163;Mark Belanger;1975;0,562
341163;Mark Belanger;1976;0,661
341163;Mark Belanger;1977;0,56
341163;Mark Belanger;1978;0,549
341163;Mark Belanger;1980;0,537
341164;Wayne Belardi;1954;0,73
341181;Beau Bell;1935;0,649
341181;Beau Bell;1936;0,905
341181;Beau Bell;1937;0,9
341181;Beau Bell;1938;0,765
341181;Beau Bell;1940;0,697
341183;Buddy Bell;1972;0,672
341183;Buddy Bell;1973;0,718
341183;Buddy Bell;1974;0,674
341183;Buddy Bell;1975;0,708
341183;Buddy Bell;1976;0,695
341183;Buddy Bell;1977;0,777
341183;Buddy Bell;1978;0,72
341183;Buddy Bell;1979;0,778
341183;Buddy Bell;1980;0,877
341183;Buddy Bell;1981;0,792
341183;Buddy Bell;1982;0,803
341183;Buddy Bell;1983;0,743
341183;Buddy Bell;1984;0,84
341183;Buddy Bell;1985;0,661
341183;Buddy Bell;1986;0,807
341183;Buddy Bell;1987;0,794
341183;Buddy Bell;1988;0,677
341187;Cool Papa Bell;1924;0,743
341187;Cool Papa Bell;1925;0,94
341187;Cool Papa Bell;1926;0,947
341187;Cool Papa Bell;1927;0,791
341187;Cool Papa Bell;1928;0,873
341187;Cool Papa Bell;1929;0,839
341187;Cool Papa Bell;1930;0,959
341187;Cool Papa Bell;1933;0,755
341187;Cool Papa Bell;1934;0,801
341187;Cool Papa Bell;1943;0,867
341187;Cool Papa Bell;1944;0,792
341188;David Bell;1998;0,73
341188;David Bell;1999;0,763
341188;David Bell;2000;0,697
341188;David Bell;2001;0,718
341188;David Bell;2002;0,762
341188;David Bell;2003;0,579
341188;David Bell;2004;0,821
341188;David Bell;2005;0,671
341188;David Bell;2006;0,743
341189;Derek Bell;1993;0,72
341189;Derek Bell;1994;0,808
341189;Derek Bell;1995;0,827
341189;Derek Bell;1996;0,729
341189;Derek Bell;1997;0,782
341189;Derek Bell;1998;0,855
341189;Derek Bell;1999;0,656
341189;Derek Bell;2000;0,773
341190;Albert Belle;1989;0,664
341190;Albert Belle;1991;0,863
341190;Albert Belle;1992;0,797
341190;Albert Belle;1993;0,922
341190;Albert Belle;1994;1,152
341190;Albert Belle;1995;1,091
341190;Albert Belle;1996;1,033
341190;Albert Belle;1997;0,823
341190;Albert Belle;1998;1,055
341190;Albert Belle;1999;0,941
341190;Albert Belle;2000;0,817
341192;Fern Bell;1939;0,774
341198;George Bell;1984;0,824
341198;George Bell;1985;0,807
341198;George Bell;1986;0,881
341198;George Bell;1987;0,957
341198;George Bell;1988;0,751
341198;George Bell;1989;0,788
341198;George Bell;1990;0,724
341198;George Bell;1991;0,791
341198;George Bell;1992;0,712
341198;George Bell;1993;0,607
341199;Gus Bell;1950;0,776
341199;Gus Bell;1951;0,773
341199;Gus Bell;1952;0,725
341199;Gus Bell;1953;0,879
341199;Gus Bell;1954;0,814
341199;Gus Bell;1955;0,871
341199;Gus Bell;1956;0,848
341199;Gus Bell;1957;0,751
341199;Gus Bell;1958;0,696
341199;Gus Bell;1959;0,77
341199;Gus Bell;1960;0,688
341199;Gus Bell;1961;0,642
341199;Gus Bell;1962;0,756
341203;Mark Bellhorn;1997;0,681
341203;Mark Bellhorn;2002;0,886
341203;Mark Bellhorn;2004;0,817
341203;Mark Bellhorn;2005;0,689
341203;Mark Bellhorn;2006;0,629
341205;Cody Bellinger;2017;0,933
341205;Cody Bellinger;2018;0,814
341205;Cody Bellinger;2019;1,035
341205;Cody Bellinger;2020;0,789
341205;Cody Bellinger;2021;0,542
341205;Cody Bellinger;2022;0,654
341205;Cody Bellinger;2023;0,881
341205;Cody Bellinger;2024;0,751
341205;Cody Bellinger;2025;0,813
341206;Rafael Belliard;1986;0,56
341206;Rafael Belliard;1987;0,557
341206;Rafael Belliard;1988;0,529
341206;Rafael Belliard;1991;0,582
341206;Rafael Belliard;1992;0,494
341207;Ronnie Belliard;1999;0,808
341207;Ronnie Belliard;2000;0,743
341207;Ronnie Belliard;2001;0,788
341207;Ronnie Belliard;2002;0,544
341207;Ronnie Belliard;2003;0,76
341207;Ronnie Belliard;2004;0,774
341207;Ronnie Belliard;2005;0,774
341207;Ronnie Belliard;2006;0,757
341207;Ronnie Belliard;2007;0,759
341207;Ronnie Belliard;2008;0,845
341208;Jay Bell;1988;0,569
341208;Jay Bell;1989;0,658
341208;Jay Bell;1990;0,691
341208;Jay Bell;1991;0,757
341208;Jay Bell;1992;0,709
341208;Jay Bell;1993;0,83
341208;Jay Bell;1994;0,794
341208;Jay Bell;1995;0,739
341208;Jay Bell;1996;0,714
341208;Jay Bell;1997;0,829
341208;Jay Bell;1998;0,785
341208;Jay Bell;1999;0,931
341208;Jay Bell;2000;0,786
341208;Jay Bell;2001;0,749
341212;Josh Bell;2017;0,8
341212;Josh Bell;2018;0,768
341212;Josh Bell;2019;0,936
341212;Josh Bell;2021;0,823
341212;Josh Bell;2022;0,877
341212;Josh Bell;2023;0,7595
341212;Josh Bell;2024;0,699
341212;Josh Bell;2025;0,741
341214;Juan Bell;1991;0,45
341214;Juan Bell;1993;0,643
341216;Kevin Bell;1976;0,697
341216;Kevin Bell;1979;0,651
341217;Les Bell;1925;0,755
341217;Les Bell;1926;0,901
341217;Les Bell;1927;0,746
341217;Les Bell;1928;0,736
341217;Les Bell;1929;0,786
341217;Les Bell;1930;0,773
341217;Les Bell;1931;0,737
341236;Brandon Belt;2012;0,781
341236;Brandon Belt;2013;0,841
341236;Brandon Belt;2014;0,755
341236;Brandon Belt;2015;0,834
341236;Brandon Belt;2016;0,868
341236;Brandon Belt;2017;0,823
341236;Brandon Belt;2018;0,756
341236;Brandon Belt;2019;0,742
341236;Brandon Belt;2021;0,975
341236;Brandon Belt;2022;0,676
341236;Brandon Belt;2023;0,858
341237;Adrian Beltre;1999;0,78
341237;Adrian Beltre;2000;0,835
341237;Adrian Beltre;2001;0,72
341237;Adrian Beltre;2002;0,729
341237;Adrian Beltre;2003;0,714
341237;Adrian Beltre;2004;1,017
341237;Adrian Beltre;2005;0,716
341237;Adrian Beltre;2006;0,792
341237;Adrian Beltre;2007;0,802
341237;Adrian Beltre;2008;0,784
341237;Adrian Beltre;2009;0,683
341237;Adrian Beltre;2010;0,919
341237;Adrian Beltre;2011;0,892
341237;Adrian Beltre;2012;0,921
341237;Adrian Beltre;2013;0,88
341237;Adrian Beltre;2014;0,879
341237;Adrian Beltre;2015;0,788
341237;Adrian Beltre;2016;0,879
341237;Adrian Beltre;2017;0,915
341237;Adrian Beltre;2018;0,763
341238;Carlos Beltran;1999;0,791
341238;Carlos Beltran;2000;0,675
341238;Carlos Beltran;2001;0,876
341238;Carlos Beltran;2002;0,847
341238;Carlos Beltran;2003;0,911
341238;Carlos Beltran;2004;0,9135
341238;Carlos Beltran;2005;0,744
341238;Carlos Beltran;2006;0,982
341238;Carlos Beltran;2007;0,878
341238;Carlos Beltran;2008;0,876
341238;Carlos Beltran;2009;0,915
341238;Carlos Beltran;2010;0,768
341238;Carlos Beltran;2011;0,904
341238;Carlos Beltran;2012;0,842
341238;Carlos Beltran;2013;0,83
341238;Carlos Beltran;2014;0,703
341238;Carlos Beltran;2015;0,808
341238;Carlos Beltran;2016;0,89
341238;Carlos Beltran;2017;0,666
341245;Harry Bemis;1902;0,77
341245;Harry Bemis;1903;0,648
341245;Harry Bemis;1904;0,554
341245;Harry Bemis;1905;0,72
341245;Harry Bemis;1906;0,685
341245;Harry Bemis;1908;0,517
341246;Marvin Benard;1996;0,663
341246;Marvin Benard;1998;0,83
341246;Marvin Benard;1999;0,816
341246;Marvin Benard;2000;0,739
341246;Marvin Benard;2001;0,759
341247;Freddie Benavides;1993;0,708
341248;Johnny Bench;1968;0,743
341248;Johnny Bench;1969;0,84
341248;Johnny Bench;1970;0,932
341248;Johnny Bench;1971;0,722
341248;Johnny Bench;1972;0,92
341248;Johnny Bench;1973;0,774
341248;Johnny Bench;1974;0,87
341248;Johnny Bench;1975;0,878
341248;Johnny Bench;1976;0,741
341248;Johnny Bench;1977;0,889
341248;Johnny Bench;1978;0,823
341248;Johnny Bench;1979;0,824
341248;Johnny Bench;1980;0,81
341248;Johnny Bench;1982;0,716
341248;Johnny Bench;1983;0,741
341252;Bruce Benedict;1979;0,61
341252;Bruce Benedict;1980;0,623
341252;Bruce Benedict;1981;0,704
341252;Bruce Benedict;1982;0,618
341252;Bruce Benedict;1983;0,733
341252;Bruce Benedict;1984;0,598
341252;Bruce Benedict;1985;0,51
341252;Bruce Benedict;1988;0,567
341257;Benny Bengough;1925;0,626
341258;Andrew Benintendi;2017;0,776
341258;Andrew Benintendi;2018;0,83
341258;Andrew Benintendi;2019;0,774
341258;Andrew Benintendi;2021;0,766
341258;Andrew Benintendi;2022;0,785
341258;Andrew Benintendi;2023;0,682
341258;Andrew Benintendi;2024;0,685
341258;Andrew Benintendi;2025;0,738
341259;Juan Beniquez;1974;0,67
341259;Juan Beniquez;1975;0,76
341259;Juan Beniquez;1976;0,616
341259;Juan Beniquez;1977;0,749
341259;Juan Beniquez;1978;0,67
341259;Juan Beniquez;1980;0,624
341259;Juan Beniquez;1983;0,724
341259;Juan Beniquez;1984;0,822
341259;Juan Beniquez;1985;0,782
341259;Juan Beniquez;1986;0,769
341261;Yamil Benitez;1998;0,636
341262;Jerry Benjamin;1937;0,816
341262;Jerry Benjamin;1941;0,688
341262;Jerry Benjamin;1942;0,687
341262;Jerry Benjamin;1943;0,905
341262;Jerry Benjamin;1944;0,791
341262;Jerry Benjamin;1945;0,761
341262;Jerry Benjamin;1946;0,605
341262;Jerry Benjamin;1947;0,554
341263;Mike Benjamin;1998;0,684
341263;Mike Benjamin;1999;0,652
341263;Mike Benjamin;2000;0,704
341264;Stan Benjamin;1941;0,591
341264;Stan Benjamin;1942;0,581
341268;Charlie Bennett;1881;0,819
341268;Charlie Bennett;1882;0,79
341268;Charlie Bennett;1883;0,825
341268;Charlie Bennett;1884;0,713
341268;Charlie Bennett;1885;0,812
341268;Charlie Bennett;1886;0,763
341268;Charlie Bennett;1888;0,746
341268;Charlie Bennett;1889;0,624
341268;Charlie Bennett;1890;0,698
341268;Charlie Bennett;1891;0,664
341275;Gary Bennett;2002;0,668
341275;Gary Bennett;2003;0,602
341275;Gary Bennett;2004;0,626
341277;Herschel Bennett;1925;0,7
341277;Herschel Bennett;1926;0,697
341277;Herschel Bennett;1927;0,675
341283;Pug Bennett;1906;0,651
341283;Pug Bennett;1907;0,531
341290;Gene Benson;1940;0,847
341290;Gene Benson;1944;0,74
341290;Gene Benson;1946;0,78
341294;Will Benson;2023;0,863
341294;Will Benson;2024;0,65
341294;Will Benson;2025;0,708
341296;Jack Bentley;1926;0,632
341304;Todd Benzinger;1987;0,788
341304;Todd Benzinger;1988;0,718
341304;Todd Benzinger;1989;0,674
341304;Todd Benzinger;1990;0,631
341304;Todd Benzinger;1991;0,723
341304;Todd Benzinger;1992;0,62
341304;Todd Benzinger;1994;0,703
341306;Johnny Berardino;1939;0,675
341306;Johnny Berardino;1940;0,725
341306;Johnny Berardino;1941;0,716
341306;Johnny Berardino;1946;0,664
341306;Johnny Berardino;1947;0,708
341307;Lou Berberet;1956;0,779
341307;Lou Berberet;1957;0,757
341307;Lou Berberet;1959;0,651
341307;Lou Berberet;1960;0,589
341313;Augie Bergamo;1945;0,815
341314;Dave Berg;1999;0,73
341314;Dave Berg;2000;0,683
341314;Dave Berg;2001;0,655
341314;Dave Berg;2002;0,704
341315;Bill Bergen;1901;0,433
341315;Bill Bergen;1902;0,438
341315;Bill Bergen;1903;0,518
341315;Bill Bergen;1904;0,411
341315;Bill Bergen;1905;0,431
341315;Bill Bergen;1906;0,359
341315;Bill Bergen;1908;0,404
341315;Bill Bergen;1909;0,319
341315;Bill Bergen;1910;0,357
341315;Bill Bergen;1911;0,337
341316;Boze Berger;1935;0,681
341316;Boze Berger;1938;0,565
341321;Joe Berger;1913;0,616
341323;Marty Bergen;1896;0,684
341323;Marty Bergen;1897;0,613
341323;Marty Bergen;1898;0,661
341323;Marty Bergen;1899;0,625
341324;Peter Bergeron;2000;0,669
341324;Peter Bergeron;2001;0,56
341327;Tun Berger;1890;0,67
341328;Wally Berger;1930;0,99
341328;Wally Berger;1931;0,892
341328;Wally Berger;1932;0,815
341328;Wally Berger;1933;0,932
341328;Wally Berger;1934;0,899
341328;Wally Berger;1935;0,903
341328;Wally Berger;1936;0,844
341328;Wally Berger;1938;0,857
341328;Wally Berger;1939;0,778
341330;Marty Berghammer;1915;0,661
341334;Dave Bergman;1984;0,768
341334;Dave Bergman;1988;0,766
341334;Dave Bergman;1989;0,706
341334;Dave Bergman;1990;0,741
341337;Moe Berg;1928;0,619
341337;Moe Berg;1929;0,63
341343;Lance Berkman;2000;0,949
341343;Lance Berkman;2001;1,051
341343;Lance Berkman;2002;0,982
341343;Lance Berkman;2003;0,927
341343;Lance Berkman;2004;1,016
341343;Lance Berkman;2005;0,934
341343;Lance Berkman;2006;1,041
341343;Lance Berkman;2007;0,896
341343;Lance Berkman;2008;0,986
341343;Lance Berkman;2009;0,907
341343;Lance Berkman;2010;0,808
341343;Lance Berkman;2011;0,959
341343;Lance Berkman;2013;0,7
341352;Roger Bernadina;2010;0,691
341352;Roger Bernadina;2011;0,664
341352;Roger Bernadina;2012;0,777
341353;Tony Bernazard;1981;0,748
341353;Tony Bernazard;1982;0,733
341353;Tony Bernazard;1983;0,7115
341353;Tony Bernazard;1984;0,577
341353;Tony Bernazard;1985;0,765
341353;Tony Bernazard;1986;0,818
341353;Tony Bernazard;1987;0,718
341359;Juan Bernhardt;1977;0,613
341361;Carlos Bernier;1953;0,648
341364;Dale Berra;1980;0,612
341364;Dale Berra;1981;0,621
341364;Dale Berra;1982;0,692
341364;Dale Berra;1983;0,684
341364;Dale Berra;1984;0,591
341366;Yogi Berra;1947;0,775
341366;Yogi Berra;1948;0,83
341366;Yogi Berra;1949;0,802
341366;Yogi Berra;1950;0,915
341366;Yogi Berra;1951;0,842
341366;Yogi Berra;1952;0,835
341366;Yogi Berra;1953;0,886
341366;Yogi Berra;1954;0,855
341366;Yogi Berra;1955;0,819
341366;Yogi Berra;1956;0,911
341366;Yogi Berra;1957;0,767
341366;Yogi Berra;1958;0,79
341366;Yogi Berra;1959;0,809
341366;Yogi Berra;1960;0,792
341366;Yogi Berra;1961;0,795
341366;Yogi Berra;1962;0,685
341367;Ray Berres;1936;0,576
341367;Ray Berres;1939;0,532
341367;Ray Berres;1940;0,469
341367;Ray Berres;1941;0,494
341369;Angel Berroa;2003;0,789
341369;Angel Berroa;2004;0,693
341369;Angel Berroa;2005;0,68
341369;Angel Berroa;2006;0,592
341369;Angel Berroa;2008;0,614
341370;Geronimo Berroa;1994;0,864
341370;Geronimo Berroa;1995;0,801
341370;Geronimo Berroa;1996;0,876
341370;Geronimo Berroa;1997;0,8425
341376;Charlie Berry;1929;0,65
341376;Charlie Berry;1930;0,772
341376;Charlie Berry;1931;0,726
341376;Charlie Berry;1932;0,842
341376;Charlie Berry;1933;0,629
341376;Charlie Berry;1934;0,643
341377;Claude Berry;1914;0,624
341377;Claude Berry;1915;0,516
341378;Damon Berryhill;1988;0,69
341378;Damon Berryhill;1989;0,633
341378;Damon Berryhill;1992;0,653
341378;Damon Berryhill;1993;0,673
341378;Damon Berryhill;1994;0,727
341383;Ken Berry;1965;0,615
341383;Ken Berry;1966;0,695
341383;Ken Berry;1967;0,64
341383;Ken Berry;1968;0,631
341383;Ken Berry;1969;0,623
341383;Ken Berry;1970;0,701
341383;Ken Berry;1971;0,578
341383;Ken Berry;1972;0,723
341383;Ken Berry;1973;0,669
341383;Ken Berry;1974;0,595
341384;Neil Berry;1948;0,663
341384;Neil Berry;1949;0,569
341385;Quintin Berry;2012;0,684
341386;Sean Berry;1993;0,813
341386;Sean Berry;1994;0,8
341386;Sean Berry;1995;0,896
341386;Sean Berry;1996;0,82
341386;Sean Berry;1997;0,739
341386;Sean Berry;1998;0,895
341386;Sean Berry;1999;0,582
341390;Dick Bertell;1961;0,637
341390;Dick Bertell;1962;0,72
341390;Dick Bertell;1963;0,57
341390;Dick Bertell;1964;0,625
341393;Jon Berti;2019;0,755
341393;Jon Berti;2021;0,624
341393;Jon Berti;2022;0,662
341393;Jon Berti;2023;0,748
341395;Reno Bertoia;1957;0,709
341395;Reno Bertoia;1958;0,623
341395;Reno Bertoia;1959;0,649
341395;Reno Bertoia;1960;0,672
341399;Bob Bescher;1909;0,647
341399;Bob Bescher;1910;0,682
341399;Bob Bescher;1911;0,753
341399;Bob Bescher;1912;0,777
341399;Bob Bescher;1913;0,727
341399;Bob Bescher;1914;0,701
341399;Bob Bescher;1915;0,69
341399;Bob Bescher;1916;0,654
341407;Yuniesky Betancourt;2005;0,666
341407;Yuniesky Betancourt;2006;0,713
341407;Yuniesky Betancourt;2007;0,725
341407;Yuniesky Betancourt;2008;0,691
341407;Yuniesky Betancourt;2009;0,624
341407;Yuniesky Betancourt;2010;0,692
341407;Yuniesky Betancourt;2011;0,652
341407;Yuniesky Betancourt;2012;0,656
341407;Yuniesky Betancourt;2013;0,595
341409;Wilson Betemit;2005;0,794
341409;Wilson Betemit;2010;0,889
341409;Wilson Betemit;2011;0,75
341409;Wilson Betemit;2012;0,744
341410;Christian Bethancourt;2023;0,635
341414;Larry Bettencourt;1931;0,721
341420;Mookie Betts;2015;0,82
341420;Mookie Betts;2016;0,897
341420;Mookie Betts;2017;0,803
341420;Mookie Betts;2018;1,078
341420;Mookie Betts;2019;0,915
341420;Mookie Betts;2020;0,927
341420;Mookie Betts;2021;0,854
341420;Mookie Betts;2022;0,873
341420;Mookie Betts;2023;0,987
341420;Mookie Betts;2024;0,863
341420;Mookie Betts;2025;0,732
341421;Bruno Betzel;1915;0,596
341421;Bruno Betzel;1916;0,6
341421;Bruno Betzel;1917;0,522
341421;Bruno Betzel;1918;0,569
341422;Kurt Bevacqua;1973;0,647
341422;Kurt Bevacqua;1975;0,606
341422;Kurt Bevacqua;1978;0,614
341422;Kurt Bevacqua;1979;0,661
341430;Monte Beville;1903;0,508
341435;Jeff Bianchi;2013;0,564
341442;Bo Bichette;2021;0,828
341442;Bo Bichette;2022;0,802
341442;Bo Bichette;2023;0,814
341442;Bo Bichette;2024;0,598
341442;Bo Bichette;2025;0,84
341443;Dante Bichette;1990;0,725
341443;Dante Bichette;1991;0,665
341443;Dante Bichette;1992;0,724
341443;Dante Bichette;1993;0,874
341443;Dante Bichette;1994;0,882
341443;Dante Bichette;1995;0,984
341443;Dante Bichette;1996;0,89
341443;Dante Bichette;1997;0,853
341443;Dante Bichette;1998;0,866
341443;Dante Bichette;1999;0,895
341443;Dante Bichette;2000;0,819
341443;Dante Bichette;2001;0,786
341454;Oscar Bielaski;1875;0,49
341457;Lou Bierbauer;1886;0,545
341457;Lou Bierbauer;1887;0,629
341457;Lou Bierbauer;1888;0,64
341457;Lou Bierbauer;1889;0,761
341457;Lou Bierbauer;1890;0,781
341457;Lou Bierbauer;1891;0,514
341457;Lou Bierbauer;1892;0,595
341457;Lou Bierbauer;1893;0,719
341457;Lou Bierbauer;1894;0,744
341457;Lou Bierbauer;1895;0,632
341457;Lou Bierbauer;1896;0,672
341462;Carson Bigbee;1917;0,589
341462;Carson Bigbee;1918;0,663
341462;Carson Bigbee;1919;0,66
341462;Carson Bigbee;1920;0,732
341462;Carson Bigbee;1921;0,791
341462;Carson Bigbee;1922;0,876
341462;Carson Bigbee;1923;0,718
341462;Carson Bigbee;1924;0,615
341464;Larry Bigbie;2003;0,821
341464;Larry Bigbie;2004;0,768
341464;Larry Bigbie;2005;0,688
341465;Elliot Bigelow;1929;0,732
341467;Cavan Biggio;2019;0,793
341467;Cavan Biggio;2020;0,807
341467;Cavan Biggio;2021;0,678
341467;Cavan Biggio;2022;0,668
341467;Cavan Biggio;2023;0,71
341468;Craig Biggio;1989;0,738
341468;Craig Biggio;1990;0,689
341468;Craig Biggio;1991;0,731
341468;Craig Biggio;1992;0,747
341468;Craig Biggio;1993;0,847
341468;Craig Biggio;1994;0,893
341468;Craig Biggio;1995;0,889
341468;Craig Biggio;1996;0,801
341468;Craig Biggio;1997;0,916
341468;Craig Biggio;1998;0,906
341468;Craig Biggio;1999;0,843
341468;Craig Biggio;2000;0,78
341468;Craig Biggio;2001;0,838
341468;Craig Biggio;2002;0,734
341468;Craig Biggio;2003;0,763
341468;Craig Biggio;2004;0,806
341468;Craig Biggio;2005;0,792
341468;Craig Biggio;2006;0,727
341468;Craig Biggio;2007;0,666
341472;Larry Biittner;1972;0,648
341472;Larry Biittner;1973;0,617
341472;Larry Biittner;1975;0,784
341472;Larry Biittner;1977;0,777
341472;Larry Biittner;1978;0,641
341472;Larry Biittner;1979;0,732
341472;Larry Biittner;1980;0,613
341473;Dann Bilardello;1983;0,663
341476;Steve Bilko;1953;0,746
341476;Steve Bilko;1960;0,688
341476;Steve Bilko;1961;0,94
341480;Dick Billings;1971;0,634
341480;Dick Billings;1972;0,618
341480;Dick Billings;1973;0,487
341488;George Binks;1945;0,715
341488;George Binks;1947;0,665
341493;Jud Birchall;1882;0,585
341493;Jud Birchall;1883;0,548
341493;Jud Birchall;1884;0,572
341497;Greg Bird;2018;0,672
341507;Joe Birmingham;1907;0,565
341507;Joe Birmingham;1908;0,51
341507;Joe Birmingham;1909;0,689
341507;Joe Birmingham;1910;0,553
341507;Joe Birmingham;1911;0,714
341507;Joe Birmingham;1912;0,641
341520;Max Bishop;1924;0,713
341520;Max Bishop;1925;0,803
341520;Max Bishop;1926;0,756
341520;Max Bishop;1927;0,764
341520;Max Bishop;1928;0,868
341520;Max Bishop;1929;0,713
341520;Max Bishop;1930;0,834
341520;Max Bishop;1931;0,826
341520;Max Bishop;1932;0,772
341520;Max Bishop;1933;0,845
341520;Max Bishop;1934;0,777
341524;Del Bissonette;1928;0,94
341524;Del Bissonette;1929;0,827
341524;Del Bissonette;1930;0,919
341524;Del Bissonette;1931;0,785
341543;Charlie Blackmon;2013;0,803
341543;Charlie Blackmon;2014;0,775
341543;Charlie Blackmon;2015;0,797
341543;Charlie Blackmon;2016;0,933
341543;Charlie Blackmon;2017;1
341543;Charlie Blackmon;2018;0,86
341543;Charlie Blackmon;2019;0,94
341543;Charlie Blackmon;2020;0,804
341543;Charlie Blackmon;2021;0,761
341543;Charlie Blackmon;2022;0,733
341543;Charlie Blackmon;2023;0,803
341543;Charlie Blackmon;2024;0,741
341544;Charlie Blackwell;1920;0,826
341544;Charlie Blackwell;1921;1,22
341544;Charlie Blackwell;1922;0,996
341544;Charlie Blackwell;1923;0,881
341544;Charlie Blackwell;1925;0,846
341544;Charlie Blackwell;1926;0,839
341554;Henry Blackmon;1922;0,638
341554;Henry Blackmon;1923;0,791
341560;Lena Blackburne;1910;0,439
341560;Lena Blackburne;1914;0,594
341560;Lena Blackburne;1915;0,544
341560;Lena Blackburne;1918;0,57
341560;Lena Blackburne;1919;0,517
341566;Tim Blackwell;1980;0,745
341570;Ray Blades;1923;0,733
341570;Ray Blades;1924;0,86
341570;Ray Blades;1925;0,958
341570;Ray Blades;1926;0,871
341570;Ray Blades;1932;0,674
341577;Buddy Blair;1942;0,722
341580;Clarence Blair;1930;0,693
341580;Clarence Blair;1931;0,71
341583;Paul Blair;1965;0,64
341583;Paul Blair;1966;0,725
341583;Paul Blair;1967;0,799
341583;Paul Blair;1968;0,595
341583;Paul Blair;1969;0,804
341583;Paul Blair;1970;0,782
341583;Paul Blair;1971;0,703
341583;Paul Blair;1972;0,626
341583;Paul Blair;1973;0,736
341583;Paul Blair;1974;0,73
341583;Paul Blair;1975;0,557
341583;Paul Blair;1976;0,509
341584;Walter Blair;1908;0,474
341584;Walter Blair;1911;0,51
341584;Walter Blair;1914;0,587
341584;Walter Blair;1915;0,591
341587;Casey Blake;2003;0,723
341587;Casey Blake;2004;0,839
341587;Casey Blake;2005;0,746
341587;Casey Blake;2006;0,835
341587;Casey Blake;2007;0,776
341587;Casey Blake;2008;0,8015
341587;Casey Blake;2009;0,832
341587;Casey Blake;2010;0,727
341587;Casey Blake;2011;0,713
341590;Harry Blake;1894;0,687
341590;Harry Blake;1895;0,686
341590;Harry Blake;1896;0,627
341590;Harry Blake;1898;0,654
341590;Harry Blake;1899;0,66
341593;Bob Blakiston;1882;0,501
341595;Hank Blalock;2003;0,872
341595;Hank Blalock;2004;0,855
341595;Hank Blalock;2005;0,749
341595;Hank Blalock;2006;0,726
341595;Hank Blalock;2007;0,901
341595;Hank Blalock;2008;0,846
341595;Hank Blalock;2009;0,736
341597;Andres Blanco;2015;0,863
341603;Gregor Blanco;2008;0,676
341603;Gregor Blanco;2012;0,676
341603;Gregor Blanco;2013;0,69
341603;Gregor Blanco;2014;0,707
341603;Gregor Blanco;2015;0,781
341603;Gregor Blanco;2016;0,62
341603;Gregor Blanco;2017;0,694
341604;Henry Blanco;1999;0,689
341604;Henry Blanco;2000;0,712
341604;Henry Blanco;2001;0,634
341604;Henry Blanco;2002;0,602
341604;Henry Blanco;2004;0,628
341604;Henry Blanco;2006;0,723
341604;Henry Blanco;2009;0,703
341606;Johnny Blanchard;1961;0,995
341606;Johnny Blanchard;1962;0,728
341606;Johnny Blanchard;1963;0,768
341620;Kyle Blanks;2013;0,684
341621;Larvell Blanks;1975;0,585
341621;Larvell Blanks;1976;0,73
341621;Larvell Blanks;1977;0,721
341621;Larvell Blanks;1980;0,513
341622;Lance Blankenship;1992;0,734
341622;Lance Blankenship;1993;0,617
341629;Don Blasingame;1956;0,666
341629;Don Blasingame;1957;0,711
341629;Don Blasingame;1958;0,7
341629;Don Blasingame;1959;0,72
341629;Don Blasingame;1960;0,602
341629;Don Blasingame;1961;0,573
341629;Don Blasingame;1962;0,704
341629;Don Blasingame;1963;0,655
341629;Don Blasingame;1964;0,634
341629;Don Blasingame;1965;0,577
341629;Don Blasingame;1966;0,555
341633;Johnny Blatnik;1948;0,722
341634;Buddy Blattner;1946;0,755
341636;Jeff Blauser;1989;0,735
341636;Jeff Blauser;1990;0,747
341636;Jeff Blauser;1991;0,767
341636;Jeff Blauser;1992;0,811
341636;Jeff Blauser;1993;0,837
341636;Jeff Blauser;1994;0,71
341636;Jeff Blauser;1995;0,66
341636;Jeff Blauser;1996;0,775
341636;Jeff Blauser;1997;0,886
341636;Jeff Blauser;1998;0,639
341636;Jeff Blauser;1999;0,767
341641;Marv Blaylock;1955;0,617
341641;Marv Blaylock;1956;0,712
341645;JJ Bleday;2022;0,586
341645;JJ Bleday;2023;0,666
341645;JJ Bleday;2024;0,762
341645;JJ Bleday;2025;0,698
341647;Curt Blefary;1965;0,851
341647;Curt Blefary;1966;0,839
341647;Curt Blefary;1967;0,75
341647;Curt Blefary;1968;0,623
341647;Curt Blefary;1969;0,74
341647;Curt Blefary;1970;0,658
341660;Jack Bliss;1911;0,636
341667;Ron Blomberg;1972;0,843
341667;Ron Blomberg;1973;0,893
341667;Ron Blomberg;1974;0,856
341669;Joe Blong;1876;0,532
341669;Joe Blong;1877;0,51
341670;Jimmy Bloodworth;1939;0,722
341670;Jimmy Bloodworth;1940;0,658
341670;Jimmy Bloodworth;1941;0,649
341670;Jimmy Bloodworth;1942;0,657
341670;Jimmy Bloodworth;1943;0,632
341670;Jimmy Bloodworth;1946;0,631
341670;Jimmy Bloodworth;1947;0,635
341670;Jimmy Bloodworth;1949;0,689
341672;Willie Bloomquist;2005;0,622
341672;Willie Bloomquist;2006;0,619
341672;Willie Bloomquist;2009;0,663
341672;Willie Bloomquist;2011;0,657
341672;Willie Bloomquist;2012;0,724
341676;Mike Blowers;1993;0,832
341676;Mike Blowers;1994;0,785
341676;Mike Blowers;1995;0,809
341676;Mike Blowers;1996;0,735
341676;Mike Blowers;1998;0,689
341679;Ossie Bluege;1923;0,68
341679;Ossie Bluege;1924;0,711
341679;Ossie Bluege;1925;0,739
341679;Ossie Bluege;1926;0,73
341679;Ossie Bluege;1927;0,716
341679;Ossie Bluege;1928;0,763
341679;Ossie Bluege;1929;0,745
341679;Ossie Bluege;1930;0,763
341679;Ossie Bluege;1931;0,718
341679;Ossie Bluege;1932;0,714
341679;Ossie Bluege;1933;0,663
341679;Ossie Bluege;1934;0,598
341679;Ossie Bluege;1935;0,666
341679;Ossie Bluege;1936;0,716
341680;Otto Bluege;1933;0,525
341682;Lu Blue;1921;0,843
341682;Lu Blue;1922;0,807
341682;Lu Blue;1923;0,773
341682;Lu Blue;1924;0,84
341682;Lu Blue;1925;0,794
341682;Lu Blue;1926;0,828
341682;Lu Blue;1927;0,748
341682;Lu Blue;1928;0,855
341682;Lu Blue;1929;0,852
341682;Lu Blue;1930;0,713
341682;Lu Blue;1931;0,829
341682;Lu Blue;1932;0,68
341687;Geoff Blum;2000;0,784
341687;Geoff Blum;2001;0,664
341687;Geoff Blum;2002;0,807
341687;Geoff Blum;2003;0,674
341687;Geoff Blum;2004;0,614
341687;Geoff Blum;2005;0,696
341687;Geoff Blum;2006;0,659
341687;Geoff Blum;2007;0,685
341687;Geoff Blum;2008;0,705
341687;Geoff Blum;2009;0,681
341687;Geoff Blum;2010;0,678
341696;Willie Bobo;1924;0,852
341696;Willie Bobo;1925;1,068
341696;Willie Bobo;1927;0,807
341698;John Boccabella;1966;0,633
341698;John Boccabella;1972;0,549
341698;John Boccabella;1973;0,597
341700;Bruce Bochte;1975;0,738
341700;Bruce Bochte;1976;0,658
341700;Bruce Bochte;1977;0,759
341700;Bruce Bochte;1978;0,737
341700;Bruce Bochte;1979;0,878
341700;Bruce Bochte;1980;0,836
341700;Bruce Bochte;1981;0,715
341700;Bruce Bochte;1982;0,788
341700;Bruce Bochte;1984;0,678
341700;Bruce Bochte;1985;0,806
341700;Bruce Bochte;1986;0,694
341704;Eddie Bockman;1949;0,637
341708;Ping Bodie;1911;0,754
341708;Ping Bodie;1912;0,765
341708;Ping Bodie;1913;0,722
341708;Ping Bodie;1914;0,593
341708;Ping Bodie;1917;0,774
341708;Ping Bodie;1918;0,677
341708;Ping Bodie;1919;0,74
341708;Ping Bodie;1920;0,796
341709;Tony Boeckel;1917;0,621
341709;Tony Boeckel;1919;0,632
341709;Tony Boeckel;1920;0,663
341709;Tony Boeckel;1921;0,811
341709;Tony Boeckel;1922;0,759
341709;Tony Boeckel;1923;0,762
341715;Brennan Boesch;2010;0,736
341715;Brennan Boesch;2011;0,799
341715;Brennan Boesch;2012;0,659
341717;Xander Bogaerts;2014;0,66
341717;Xander Bogaerts;2015;0,776
341717;Xander Bogaerts;2016;0,802
341717;Xander Bogaerts;2017;0,746
341717;Xander Bogaerts;2018;0,883
341717;Xander Bogaerts;2019;0,939
341717;Xander Bogaerts;2020;0,867
341717;Xander Bogaerts;2021;0,863
341717;Xander Bogaerts;2022;0,833
341717;Xander Bogaerts;2023;0,79
341717;Xander Bogaerts;2024;0,688
341717;Xander Bogaerts;2025;0,72
341719;Tim Bogar;1993;0,652
341719;Tim Bogar;1997;0,71
341719;Tim Bogar;1999;0,671
341719;Tim Bogar;2000;0,611
341721;Brandon Boggs;2008;0,733
341726;Wade Boggs;1982;0,847
341726;Wade Boggs;1983;0,931
341726;Wade Boggs;1984;0,823
341726;Wade Boggs;1985;0,928
341726;Wade Boggs;1986;0,939
341726;Wade Boggs;1987;1,049
341726;Wade Boggs;1988;0,965
341726;Wade Boggs;1989;0,879
341726;Wade Boggs;1990;0,804
341726;Wade Boggs;1991;0,881
341726;Wade Boggs;1992;0,711
341726;Wade Boggs;1993;0,74
341726;Wade Boggs;1994;0,922
341726;Wade Boggs;1995;0,834
341726;Wade Boggs;1996;0,778
341726;Wade Boggs;1997;0,769
341726;Wade Boggs;1998;0,748
341726;Wade Boggs;1999;0,754
341728;Brian Bogusevic;2012;0,596
341731;Alec Bohm;2021;0,647
341731;Alec Bohm;2022;0,713
341731;Alec Bohm;2023;0,765
341731;Alec Bohm;2024;0,779
341731;Alec Bohm;2025;0,741
341734;Sam Bohne;1921;0,745
341734;Sam Bohne;1922;0,705
341734;Sam Bohne;1923;0,655
341734;Sam Bohne;1924;0,677
341734;Sam Bohne;1925;0,639
341736;Bruce Boisclair;1976;0,724
341736;Bruce Boisclair;1977;0,766
341736;Bruce Boisclair;1978;0,616
341739;Bob Boken;1934;0,578
341751;Joe Boley;1927;0,772
341751;Joe Boley;1928;0,641
341751;Joe Boley;1929;0,676
341751;Joe Boley;1930;0,701
341751;Joe Boley;1931;0,577
341752;Jim Bolger;1957;0,655
341753;Frank Bolick;1993;0,626
341755;Frank Bolling;1954;0,639
341755;Frank Bolling;1956;0,789
341755;Frank Bolling;1957;0,732
341755;Frank Bolling;1958;0,72
341755;Frank Bolling;1959;0,742
341755;Frank Bolling;1960;0,664
341755;Frank Bolling;1961;0,708
341755;Frank Bolling;1962;0,732
341755;Frank Bolling;1963;0,611
341755;Frank Bolling;1964;0,524
341755;Frank Bolling;1965;0,657
341755;Frank Bolling;1966;0,499
341756;Jack Bolling;1939;0,708
341757;Milt Bolling;1953;0,671
341757;Milt Bolling;1954;0,705
341757;Milt Bolling;1957;0,598
341759;Don Bollweg;1954;0,677
341762;Cliff Bolton;1935;0,825
341762;Cliff Bolton;1936;0,751
341769;Barry Bonds;1986;0,746
341769;Barry Bonds;1987;0,821
341769;Barry Bonds;1988;0,859
341769;Barry Bonds;1989;0,777
341769;Barry Bonds;1990;0,97
341769;Barry Bonds;1991;0,924
341769;Barry Bonds;1992;1,08
341769;Barry Bonds;1993;1,136
341769;Barry Bonds;1994;1,073
341769;Barry Bonds;1995;1,009
341769;Barry Bonds;1996;1,076
341769;Barry Bonds;1997;1,031
341769;Barry Bonds;1998;1,047
341769;Barry Bonds;1999;1,006
341769;Barry Bonds;2000;1,127
341769;Barry Bonds;2001;1,379
341769;Barry Bonds;2002;1,381
341769;Barry Bonds;2003;1,278
341769;Barry Bonds;2004;1,422
341769;Barry Bonds;2006;0,999
341769;Barry Bonds;2007;1,045
341770;Bobby Bonds;1968;0,743
341770;Bobby Bonds;1969;0,824
341770;Bobby Bonds;1970;0,879
341770;Bobby Bonds;1971;0,867
341770;Bobby Bonds;1972;0,772
341770;Bobby Bonds;1973;0,9
341770;Bobby Bonds;1974;0,798
341770;Bobby Bonds;1975;0,888
341770;Bobby Bonds;1976;0,723
341770;Bobby Bonds;1977;0,862
341770;Bobby Bonds;1978;0,853
341770;Bobby Bonds;1979;0,83
341770;Bobby Bonds;1980;0,621
341772;Tommy Bond;1874;0,493
341772;Tommy Bond;1875;0,592
341772;Tommy Bond;1877;0,497
341772;Tommy Bond;1878;0,449
341772;Tommy Bond;1879;0,519
341772;Tommy Bond;1880;0,483
341773;Walt Bond;1964;0,73
341773;Walt Bond;1965;0,703
341782;Emilio Bonifacio;2009;0,611
341782;Emilio Bonifacio;2011;0,753
341782;Emilio Bonifacio;2012;0,645
341782;Emilio Bonifacio;2013;0,579
341782;Emilio Bonifacio;2014;0,692
341783;Jorge Bonifacio;2017;0,752
341783;Jorge Bonifacio;2018;0,672
341785;Bobby Bonilla;1986;0,715
341785;Bobby Bonilla;1987;0,832
341785;Bobby Bonilla;1988;0,842
341785;Bobby Bonilla;1989;0,848
341785;Bobby Bonilla;1990;0,841
341785;Bobby Bonilla;1991;0,883
341785;Bobby Bonilla;1992;0,779
341785;Bobby Bonilla;1993;0,874
341785;Bobby Bonilla;1994;0,878
341785;Bobby Bonilla;1995;0,96
341785;Bobby Bonilla;1996;0,853
341785;Bobby Bonilla;1997;0,846
341785;Bobby Bonilla;1998;0,675
341785;Bobby Bonilla;2000;0,754
341786;Juan Bonilla;1981;0,681
341786;Juan Bonilla;1983;0,605
341786;Juan Bonilla;1986;0,607
341790;Barry Bonnell;1977;0,706
341790;Barry Bonnell;1978;0,593
341790;Barry Bonnell;1979;0,735
341790;Barry Bonnell;1980;0,739
341790;Barry Bonnell;1981;0,602
341790;Barry Bonnell;1982;0,75
341790;Barry Bonnell;1983;0,838
341790;Barry Bonnell;1984;0,709
341793;Frank Bonner;1899;0,685
341797;Zeke Bonura;1934;0,925
341797;Zeke Bonura;1935;0,849
341797;Zeke Bonura;1936;0,908
341797;Zeke Bonura;1937;0,984
341797;Zeke Bonura;1938;0,818
341797;Zeke Bonura;1939;0,865
341797;Zeke Bonura;1940;0,731
341798;Everett Booe;1914;0,567
341805;Al Bool;1930;0,785
341807;Aaron Boone;1999;0,775
341807;Aaron Boone;2000;0,826
341807;Aaron Boone;2001;0,834
341807;Aaron Boone;2002;0,753
341807;Aaron Boone;2003;0,808
341807;Aaron Boone;2005;0,677
341807;Aaron Boone;2006;0,684
341807;Aaron Boone;2008;0,683
341809;Bob Boone;1973;0,675
341809;Bob Boone;1974;0,617
341809;Bob Boone;1975;0,651
341809;Bob Boone;1976;0,713
341809;Bob Boone;1977;0,78
341809;Bob Boone;1978;0,772
341809;Bob Boone;1979;0,789
341809;Bob Boone;1980;0,637
341809;Bob Boone;1981;0,574
341809;Bob Boone;1982;0,647
341809;Bob Boone;1983;0,641
341809;Bob Boone;1984;0,504
341809;Bob Boone;1985;0,623
341809;Bob Boone;1986;0,593
341809;Bob Boone;1987;0,615
341809;Bob Boone;1988;0,739
341809;Bob Boone;1989;0,675
341810;Bret Boone;1993;0,743
341810;Bret Boone;1994;0,858
341810;Bret Boone;1995;0,755
341810;Bret Boone;1996;0,629
341810;Bret Boone;1997;0,63
341810;Bret Boone;1998;0,782
341810;Bret Boone;1999;0,726
341810;Bret Boone;2000;0,747
341810;Bret Boone;2001;0,95
341810;Bret Boone;2002;0,801
341810;Bret Boone;2003;0,902
341810;Bret Boone;2004;0,74
341810;Bret Boone;2005;0,684
341814;Ike Boone;1924;0,901
341814;Ike Boone;1925;0,885
341816;Luke Boone;1914;0,539
341816;Luke Boone;1915;0,562
341818;Ray Boone;1949;0,697
341818;Ray Boone;1950;0,827
341818;Ray Boone;1951;0,631
341818;Ray Boone;1952;0,739
341818;Ray Boone;1953;0,951
341818;Ray Boone;1954;0,842
341818;Ray Boone;1955;0,822
341818;Ray Boone;1956;0,92
341818;Ray Boone;1957;0,771
341818;Ray Boone;1958;0,681
341823;Amos Booth;1876;0,557
341824;Eddie Booth;1875;0,438
341824;Eddie Booth;1876;0,454
341828;Julio Borbon;2010;0,649
341832;Joe Borchard;2004;0,587
341832;Joe Borchard;2006;0,722
341833;Frenchy Bordagaray;1935;0,682
341833;Frenchy Bordagaray;1936;0,766
341833;Frenchy Bordagaray;1937;0,698
341833;Frenchy Bordagaray;1943;0,763
341833;Frenchy Bordagaray;1944;0,716
341833;Frenchy Bordagaray;1945;0,683
341836;Pat Borders;1989;0,639
341836;Pat Borders;1990;0,816
341836;Pat Borders;1991;0,625
341836;Pat Borders;1992;0,676
341836;Pat Borders;1993;0,656
341836;Pat Borders;1994;0,613
341837;Mike Bordick;1991;0,557
341837;Mike Bordick;1992;0,729
341837;Mike Bordick;1993;0,644
341837;Mike Bordick;1994;0,655
341837;Mike Bordick;1995;0,675
341837;Mike Bordick;1996;0,625
341837;Mike Bordick;1997;0,601
341837;Mike Bordick;1998;0,739
341837;Mike Bordick;1999;0,737
341837;Mike Bordick;2000;0,831
341837;Mike Bordick;2001;0,711
341837;Mike Bordick;2002;0,667
341837;Mike Bordick;2003;0,722
341841;Glenn Borgmann;1974;0,63
341841;Glenn Borgmann;1975;0,581
341844;Bob Borkowski;1950;0,698
341844;Bob Borkowski;1952;0,634
341844;Bob Borkowski;1953;0,734
341850;Steve Boros;1961;0,746
341850;Steve Boros;1962;0,738
341850;Steve Boros;1964;0,664
341854;Babe Borton;1915;0,785
341859;Rick Bosetti;1978;0,645
341859;Rick Bosetti;1979;0,648
341863;Thad Bosley;1977;0,71
341863;Thad Bosley;1978;0,636
341866;Harley Boss;1933;0,657
341874;Daryl Boston;1985;0,603
341874;Daryl Boston;1987;0,728
341874;Daryl Boston;1988;0,705
341874;Daryl Boston;1989;0,697
341874;Daryl Boston;1990;0,768
341874;Daryl Boston;1991;0,765
341874;Daryl Boston;1992;0,764
341874;Daryl Boston;1993;0,789
341875;Lyman Bostock;1975;0,697
341875;Lyman Bostock;1976;0,794
341875;Lyman Bostock;1977;0,897
341875;Lyman Bostock;1978;0,74
341879;Ken Boswell;1968;0,642
341879;Ken Boswell;1969;0,728
341879;Ken Boswell;1970;0,676
341879;Ken Boswell;1971;0,701
341879;Ken Boswell;1972;0,592
341879;Ken Boswell;1974;0,556
341880;David Bote;2019;0,785
341880;David Bote;2021;0,606
341886;Jim Bottomley;1923;0,96
341886;Jim Bottomley;1924;0,862
341886;Jim Bottomley;1925;0,992
341886;Jim Bottomley;1926;0,87
341886;Jim Bottomley;1927;0,896
341886;Jim Bottomley;1928;1,03
341886;Jim Bottomley;1929;0,959
341886;Jim Bottomley;1930;0,86
341886;Jim Bottomley;1931;0,937
341886;Jim Bottomley;1932;0,823
341886;Jim Bottomley;1933;0,706
341886;Jim Bottomley;1934;0,763
341886;Jim Bottomley;1935;0,617
341886;Jim Bottomley;1936;0,83
341889;Al Boucher;1914;0,612
341891;Ed Bouchee;1957;0,864
341891;Ed Bouchee;1958;0,78
341891;Ed Bouchee;1959;0,824
341891;Ed Bouchee;1960;0,666
341891;Ed Bouchee;1961;0,788
341894;Lou Boudreau;1939;0,7
341894;Lou Boudreau;1940;0,814
341894;Lou Boudreau;1941;0,77
341894;Lou Boudreau;1942;0,749
341894;Lou Boudreau;1943;0,776
341894;Lou Boudreau;1944;0,843
341894;Lou Boudreau;1945;0,783
341894;Lou Boudreau;1946;0,755
341894;Lou Boudreau;1947;0,811
341894;Lou Boudreau;1948;0,987
341894;Lou Boudreau;1949;0,745
341894;Lou Boudreau;1950;0,695
341894;Lou Boudreau;1951;0,748
341897;Jason Bourgeois;2011;0,68
341900;Peter Bourjos;2011;0,765
341900;Peter Bourjos;2014;0,643
341900;Peter Bourjos;2016;0,681
341901;Justin Bour;2015;0,8
341901;Justin Bour;2016;0,824
341901;Justin Bour;2017;0,902
341901;Justin Bour;2018;0,759
341902;Michael Bourn;2008;0,588
341902;Michael Bourn;2009;0,738
341902;Michael Bourn;2010;0,686
341902;Michael Bourn;2011;0,72
341902;Michael Bourn;2012;0,739
341902;Michael Bourn;2013;0,676
341902;Michael Bourn;2014;0,674
341902;Michael Bourn;2015;0,608
341902;Michael Bourn;2016;0,669
341903;Rafael Bournigal;1996;0,603
341903;Rafael Bournigal;1997;0,672
341903;Rafael Bournigal;1998;0,556
341909;Larry Bowa;1970;0,58
341909;Larry Bowa;1971;0,586
341909;Larry Bowa;1972;0,611
341909;Larry Bowa;1973;0,501
341909;Larry Bowa;1974;0,636
341909;Larry Bowa;1975;0,711
341909;Larry Bowa;1976;0,584
341909;Larry Bowa;1977;0,652
341909;Larry Bowa;1978;0,689
341909;Larry Bowa;1979;0,63
341909;Larry Bowa;1980;0,622
341909;Larry Bowa;1981;0,67
341909;Larry Bowa;1982;0,606
341909;Larry Bowa;1983;0,651
341909;Larry Bowa;1984;0,542
341920;Sam Bowens;1964;0,776
341920;Sam Bowens;1965;0,495
341920;Sam Bowens;1966;0,605
341925;Frank Bowerman;1898;0,621
341925;Frank Bowerman;1899;0,654
341925;Frank Bowerman;1900;0,56
341925;Frank Bowerman;1902;0,596
341925;Frank Bowerman;1903;0,644
341925;Frank Bowerman;1904;0,607
341925;Frank Bowerman;1905;0,655
341925;Frank Bowerman;1906;0,558
341925;Frank Bowerman;1907;0,608
341925;Frank Bowerman;1908;0,554
341930;Frank Bowes;1890;0,504
341933;John Bowker;2008;0,708
341945;Bob Bowman;1957;0,744
341958;Bill Boyd;1873;0,629
341959;Bob Boyd;1956;0,795
341959;Bob Boyd;1957;0,796
341959;Bob Boyd;1958;0,789
341959;Bob Boyd;1959;0,656
341973;Clete Boyer;1960;0,69
341973;Clete Boyer;1961;0,656
341973;Clete Boyer;1962;0,745
341973;Clete Boyer;1963;0,657
341973;Clete Boyer;1964;0,573
341973;Clete Boyer;1965;0,728
341973;Clete Boyer;1966;0,687
341973;Clete Boyer;1967;0,715
341973;Clete Boyer;1968;0,586
341973;Clete Boyer;1969;0,699
341973;Clete Boyer;1970;0,686
341974;Ken Boyer;1955;0,735
341974;Ken Boyer;1956;0,841
341974;Ken Boyer;1957;0,732
341974;Ken Boyer;1958;0,857
341974;Ken Boyer;1959;0,892
341974;Ken Boyer;1960;0,932
341974;Ken Boyer;1961;0,93
341974;Ken Boyer;1962;0,838
341974;Ken Boyer;1963;0,812
341974;Ken Boyer;1964;0,854
341974;Ken Boyer;1965;0,702
341974;Ken Boyer;1966;0,719
341974;Ken Boyer;1968;0,72
341976;Buzz Boyle;1933;0,691
341976;Buzz Boyle;1934;0,823
341976;Buzz Boyle;1935;0,703
341979;Henry Boyle;1884;0,651
341979;Henry Boyle;1885;0,496
341980;Jack Boyle;1887;0,457
341980;Jack Boyle;1888;0,578
341980;Jack Boyle;1889;0,633
341980;Jack Boyle;1890;0,667
341980;Jack Boyle;1891;0,757
341980;Jack Boyle;1892;0,491
341980;Jack Boyle;1893;0,754
341980;Jack Boyle;1894;0,769
341980;Jack Boyle;1895;0,6
341980;Jack Boyle;1897;0,619
341990;Gibby Brack;1937;0,786
341990;Gibby Brack;1938;0,761
341990;Gibby Brack;1939;0,814
341998;Buddy Bradford;1968;0,587
341998;Buddy Bradford;1969;0,769
342010;Bill Bradley;1900;0,728
342010;Bill Bradley;1901;0,739
342010;Bill Bradley;1902;0,89
342010;Bill Bradley;1903;0,844
342010;Bill Bradley;1904;0,743
342010;Bill Bradley;1905;0,674
342010;Bill Bradley;1906;0,685
342010;Bill Bradley;1907;0,553
342010;Bill Bradley;1908;0,614
342010;Bill Bradley;1909;0,458
342010;Bill Bradley;1910;0,446
342010;Bill Bradley;1915;0,467
342011;Bobby Bradley;2021;0,739
342015;George Bradley;1875;0,542
342015;George Bradley;1876;0,578
342015;George Bradley;1877;0,567
342015;George Bradley;1879;0,573
342015;George Bradley;1880;0,527
342015;George Bradley;1881;0,585
342015;George Bradley;1883;0,554
342015;George Bradley;1884;0,485
342018;Hugh Bradley;1914;0,741
342020;Jackie Bradley;2014;0,531
342020;Jackie Bradley;2015;0,832
342020;Jackie Bradley;2016;0,835
342020;Jackie Bradley;2017;0,726
342020;Jackie Bradley;2018;0,717
342020;Jackie Bradley;2019;0,738
342020;Jackie Bradley;2021;0,497
342020;Jackie Bradley;2022;0,578
342023;Milton Bradley;2001;0,624
342023;Milton Bradley;2002;0,723
342023;Milton Bradley;2003;0,923
342023;Milton Bradley;2004;0,786
342023;Milton Bradley;2005;0,835
342023;Milton Bradley;2006;0,818
342023;Milton Bradley;2008;0,999
342023;Milton Bradley;2009;0,775
342023;Milton Bradley;2010;0,641
342024;Phil Bradley;1984;0,737
342024;Phil Bradley;1985;0,862
342024;Phil Bradley;1986;0,849
342024;Phil Bradley;1987;0,85
342024;Phil Bradley;1988;0,733
342024;Phil Bradley;1989;0,781
342024;Phil Bradley;1990;0,701
342029;Scott Bradley;1987;0,682
342029;Scott Bradley;1988;0,644
342029;Scott Bradley;1989;0,689
342029;Scott Bradley;1990;0,538
342047;Steve Brady;1883;0,615
342047;Steve Brady;1884;0,575
342047;Steve Brady;1885;0,713
342047;Steve Brady;1886;0,577
342048;Bobby Bragan;1940;0,565
342048;Bobby Bragan;1941;0,603
342048;Bobby Bragan;1942;0,548
342048;Bobby Bragan;1943;0,652
342048;Bobby Bragan;1944;0,631
342050;Darren Bragg;1996;0,722
342050;Darren Bragg;1997;0,723
342050;Darren Bragg;1998;0,774
342050;Darren Bragg;1999;0,746
342050;Darren Bragg;2002;0,748
342052;Glenn Braggs;1986;0,623
342052;Glenn Braggs;1987;0,762
342052;Glenn Braggs;1988;0,73
342052;Glenn Braggs;1989;0,675
342052;Glenn Braggs;1990;0,828
342052;Glenn Braggs;1991;0,755
342052;Glenn Braggs;1992;0,74
342055;Dave Brain;1903;0,589
342055;Dave Brain;1904;0,699
342055;Dave Brain;1905;0,677
342055;Dave Brain;1906;0,626
342055;Dave Brain;1907;0,745
342056;Fred Brainard;1915;0,523
342061;Al Brancato;1940;0,517
342061;Al Brancato;1941;0,628
342070;Jackie Brandt;1956;0,814
342070;Jackie Brandt;1959;0,739
342070;Jackie Brandt;1960;0,73
342070;Jackie Brandt;1961;0,815
342070;Jackie Brandt;1962;0,776
342070;Jackie Brandt;1963;0,702
342070;Jackie Brandt;1964;0,674
342070;Jackie Brandt;1965;0,715
342072;Ron Brand;1965;0,562
342072;Ron Brand;1967;0,609
342072;Ron Brand;1969;0,627
342076;Otis Brannan;1928;0,689
342078;Jeff Branson;1993;0,584
342078;Jeff Branson;1995;0,78
342078;Jeff Branson;1996;0,72
342079;Kitty Bransfield;1901;0,733
342079;Kitty Bransfield;1902;0,73
342079;Kitty Bransfield;1903;0,665
342079;Kitty Bransfield;1904;0,549
342079;Kitty Bransfield;1905;0,639
342079;Kitty Bransfield;1906;0,653
342079;Kitty Bransfield;1907;0,55
342079;Kitty Bransfield;1908;0,73
342079;Kitty Bransfield;1909;0,691
342079;Kitty Bransfield;1910;0,593
342083;Mickey Brantley;1987;0,842
342083;Mickey Brantley;1988;0,694
342084;Michael Brantley;2010;0,623
342084;Michael Brantley;2011;0,702
342084;Michael Brantley;2012;0,75
342084;Michael Brantley;2013;0,728
342084;Michael Brantley;2014;0,89
342084;Michael Brantley;2015;0,859
342084;Michael Brantley;2017;0,801
342084;Michael Brantley;2018;0,832
342084;Michael Brantley;2019;0,875
342084;Michael Brantley;2021;0,799
342084;Michael Brantley;2022;0,785
342085;Rob Brantly;2013;0,528
342086;Russell Branyan;2001;0,802
342086;Russell Branyan;2002;0,865
342086;Russell Branyan;2005;0,868
342086;Russell Branyan;2009;0,867
342086;Russell Branyan;2010;0,802
342089;Roy Brashear;1902;0,647
342097;Ryan Braun;2007;1,004
342097;Ryan Braun;2008;0,888
342097;Ryan Braun;2009;0,937
342097;Ryan Braun;2010;0,866
342097;Ryan Braun;2011;0,994
342097;Ryan Braun;2012;0,987
342097;Ryan Braun;2013;0,869
342097;Ryan Braun;2014;0,777
342097;Ryan Braun;2015;0,854
342097;Ryan Braun;2016;0,903
342097;Ryan Braun;2017;0,823
342097;Ryan Braun;2018;0,782
342097;Ryan Braun;2019;0,849
342098;Steve Braun;1971;0,694
342098;Steve Braun;1972;0,716
342098;Steve Braun;1973;0,845
342098;Steve Braun;1974;0,726
342098;Steve Braun;1975;0,818
342098;Steve Braun;1976;0,737
342098;Steve Braun;1977;0,666
342114;Sid Bream;1986;0,791
342114;Sid Bream;1987;0,747
342114;Sid Bream;1988;0,737
342114;Sid Bream;1990;0,804
342114;Sid Bream;1991;0,736
342114;Sid Bream;1992;0,754
342114;Sid Bream;1993;0,747
342119;Brent Brede;1998;0,636
342121;Hal Breeden;1973;0,888
342122;Marv Breeding;1960;0,648
342122;Marv Breeding;1961;0,504
342122;Marv Breeding;1962;0,594
342124;Alex Bregman;2016;0,791
342124;Alex Bregman;2017;0,827
342124;Alex Bregman;2018;0,926
342124;Alex Bregman;2019;1,015
342124;Alex Bregman;2021;0,777
342124;Alex Bregman;2022;0,82
342124;Alex Bregman;2023;0,804
342124;Alex Bregman;2024;0,768
342124;Alex Bregman;2025;0,821
342127;Theodore Breitenstein;1895;0,486
342131;Bob Brenly;1983;0,673
342131;Bob Brenly;1984;0,816
342131;Bob Brenly;1985;0,702
342131;Bob Brenly;1986;0,752
342131;Bob Brenly;1987;0,815
342131;Bob Brenly;1988;0,561
342136;Jack Brennan;1884;0,506
342136;Jack Brennan;1890;0,63
342140;Will Brennan;2023;0,655
342140;Will Brennan;2024;0,697
342146;Roger Bresnahan;1901;0,692
342146;Roger Bresnahan;1902;0,746
342146;Roger Bresnahan;1903;0,936
342146;Roger Bresnahan;1904;0,791
342146;Roger Bresnahan;1905;0,785
342146;Roger Bresnahan;1906;0,775
342146;Roger Bresnahan;1907;0,74
342146;Roger Bresnahan;1908;0,76
342146;Roger Bresnahan;1909;0,639
342146;Roger Bresnahan;1910;0,787
342146;Roger Bresnahan;1911;0,866
342146;Roger Bresnahan;1914;0,752
342146;Roger Bresnahan;1915;0,558
342147;Eddie Bressoud;1959;0,714
342147;Eddie Bressoud;1960;0,665
342147;Eddie Bressoud;1962;0,773
342147;Eddie Bressoud;1963;0,78
342147;Eddie Bressoud;1964;0,828
342147;Eddie Bressoud;1965;0,648
342147;Eddie Bressoud;1966;0,665
342148;Rube Bressler;1921;0,793
342148;Rube Bressler;1924;0,872
342148;Rube Bressler;1925;0,9
342148;Rube Bressler;1926;0,911
342148;Rube Bressler;1927;0,713
342148;Rube Bressler;1928;0,827
342148;Rube Bressler;1929;0,867
342148;Rube Bressler;1930;0,803
342149;Jim Breton;1914;0,552
342150;George Brett;1974;0,676
342150;George Brett;1975;0,809
342150;George Brett;1976;0,839
342150;George Brett;1977;0,905
342150;George Brett;1978;0,809
342150;George Brett;1979;0,939
342150;George Brett;1980;1,118
342150;George Brett;1981;0,846
342150;George Brett;1982;0,884
342150;George Brett;1983;0,947
342150;George Brett;1984;0,802
342150;George Brett;1985;1,022
342150;George Brett;1986;0,881
342150;George Brett;1987;0,884
342150;George Brett;1988;0,898
342150;George Brett;1989;0,793
342150;George Brett;1990;0,902
342150;George Brett;1991;0,729
342150;George Brett;1992;0,727
342150;George Brett;1993;0,746
342173;Fred Brickell;1928;0,809
342173;Fred Brickell;1930;0,6785
342173;Fred Brickell;1931;0,621
342177;Jim Brideweser;1954;0,635
342178;Jonah Bride;2024;0,818
342180;Rocky Bridges;1953;0,561
342180;Rocky Bridges;1957;0,603
342180;Rocky Bridges;1958;0,671
342180;Rocky Bridges;1959;0,67
342180;Rocky Bridges;1961;0,617
342182;Al Bridwell;1905;0,581
342182;Al Bridwell;1906;0,548
342182;Al Bridwell;1907;0,551
342182;Al Bridwell;1908;0,683
342182;Al Bridwell;1909;0,724
342182;Al Bridwell;1910;0,71
342182;Al Bridwell;1911;0,673
342182;Al Bridwell;1913;0,65
342182;Al Bridwell;1914;0,645
342184;Bunny Brief;1913;0,602
342189;Dan Briggs;1976;0,548
342189;Dan Briggs;1979;0,634
342190;Grant Briggs;1890;0,453
342192;John Briggs;1965;0,712
342192;John Briggs;1966;0,871
342192;John Briggs;1967;0,688
342192;John Briggs;1968;0,725
342192;John Briggs;1969;0,761
342192;John Briggs;1970;0,776
342192;John Briggs;1971;0,845
342192;John Briggs;1972;0,801
342192;John Briggs;1973;0,787
342192;John Briggs;1974;0,764
342192;John Briggs;1975;0,731
342193;Otto Briggs;1923;0,703
342193;Otto Briggs;1924;0,749
342193;Otto Briggs;1925;0,777
342193;Otto Briggs;1926;0,708
342193;Otto Briggs;1927;0,738
342193;Otto Briggs;1928;0,662
342194;Harry Bright;1962;0,781
342198;Reid Brignac;2010;0,692
342198;Reid Brignac;2011;0,448
342199;Greg Briley;1989;0,778
342199;Greg Briley;1990;0,675
342199;Greg Briley;1991;0,643
342199;Greg Briley;1992;0,69
342206;Ed Brinkman;1963;0,595
342206;Ed Brinkman;1964;0,606
342206;Ed Brinkman;1965;0,508
342206;Ed Brinkman;1966;0,589
342206;Ed Brinkman;1967;0,49
342206;Ed Brinkman;1969;0,653
342206;Ed Brinkman;1970;0,631
342206;Ed Brinkman;1971;0,568
342206;Ed Brinkman;1972;0,538
342206;Ed Brinkman;1973;0,609
342206;Ed Brinkman;1974;0,613
342209;Lewis Brinson;2018;0,577
342209;Lewis Brinson;2019;0,457
342209;Lewis Brinson;2021;0,639
342210;Fatty Briody;1885;0,489
342210;Fatty Briody;1886;0,559
342230;Jim Britt;1873;0,43
342242;Greg Brock;1983;0,738
342242;Greg Brock;1984;0,722
342242;Greg Brock;1985;0,77
342242;Greg Brock;1986;0,73
342242;Greg Brock;1987;0,809
342242;Greg Brock;1988;0,64
342242;Greg Brock;1989;0,75
342242;Greg Brock;1990;0,692
342245;Lou Brock;1962;0,731
342245;Lou Brock;1963;0,682
342245;Lou Brock;1964;0,7775
342245;Lou Brock;1965;0,791
342245;Lou Brock;1966;0,749
342245;Lou Brock;1967;0,799
342245;Lou Brock;1968;0,746
342245;Lou Brock;1969;0,782
342245;Lou Brock;1970;0,783
342245;Lou Brock;1971;0,81
342245;Lou Brock;1972;0,752
342245;Lou Brock;1973;0,762
342245;Lou Brock;1974;0,749
342245;Lou Brock;1975;0,758
342245;Lou Brock;1976;0,738
342245;Lou Brock;1977;0,67
342245;Lou Brock;1978;0,514
342245;Lou Brock;1979;0,739
342249;Steve Brodie;1890;0,755
342249;Steve Brodie;1891;0,67
342249;Steve Brodie;1892;0,638
342249;Steve Brodie;1893;0,775
342249;Steve Brodie;1894;0,863
342249;Steve Brodie;1895;0,843
342249;Steve Brodie;1896;0,751
342249;Steve Brodie;1897;0,74
342249;Steve Brodie;1899;0,751
342249;Steve Brodie;1901;0,766
342249;Steve Brodie;1902;0,657
342253;Rico Brogna;1995;0,827
342253;Rico Brogna;1997;0,726
342253;Rico Brogna;1998;0,765
342253;Rico Brogna;1999;0,79
342253;Rico Brogna;2001;0,632
342254;Jack Brohamer;1972;0,565
342254;Jack Brohamer;1973;0,597
342254;Jack Brohamer;1974;0,66
342254;Jack Brohamer;1975;0,639
342254;Jack Brohamer;1976;0,688
342254;Jack Brohamer;1978;0,612
342269;Hubie Brooks;1981;0,756
342269;Hubie Brooks;1982;0,614
342269;Hubie Brooks;1983;0,604
342269;Hubie Brooks;1984;0,758
342269;Hubie Brooks;1985;0,723
342269;Hubie Brooks;1986;0,956
342269;Hubie Brooks;1987;0,726
342269;Hubie Brooks;1988;0,766
342269;Hubie Brooks;1989;0,721
342269;Hubie Brooks;1990;0,732
342269;Hubie Brooks;1991;0,733
342269;Hubie Brooks;1992;0,583
342275;Mandy Brooks;1925;0,835
342277;Tom Brookens;1980;0,734
342277;Tom Brookens;1981;0,627
342277;Tom Brookens;1982;0,629
342277;Tom Brookens;1983;0,602
342277;Tom Brookens;1984;0,703
342277;Tom Brookens;1985;0,652
342277;Tom Brookens;1986;0,675
342277;Tom Brookens;1987;0,671
342277;Tom Brookens;1988;0,664
342281;Scott Brosius;1993;0,685
342281;Scott Brosius;1994;0,706
342281;Scott Brosius;1995;0,794
342281;Scott Brosius;1996;0,909
342281;Scott Brosius;1997;0,576
342281;Scott Brosius;1998;0,843
342281;Scott Brosius;1999;0,722
342281;Scott Brosius;2000;0,673
342281;Scott Brosius;2001;0,789
342291;Ben Broussard;2003;0,755
342291;Ben Broussard;2004;0,858
342291;Ben Broussard;2005;0,77
342291;Ben Broussard;2006;0,88
342291;Ben Broussard;2007;0,734
342293;Dan Brouthers;1881;0,902
342293;Dan Brouthers;1882;0,95
342293;Dan Brouthers;1883;0,969
342293;Dan Brouthers;1884;0,941
342293;Dan Brouthers;1885;0,951
342293;Dan Brouthers;1886;1,026
342293;Dan Brouthers;1887;0,988
342293;Dan Brouthers;1888;0,862
342293;Dan Brouthers;1889;0,969
342293;Dan Brouthers;1890;0,936
342293;Dan Brouthers;1891;0,983
342293;Dan Brouthers;1892;0,911
342293;Dan Brouthers;1893;0,961
342293;Dan Brouthers;1894;0,985
342293;Dan Brouthers;1896;0,907
342295;Bob Brower;1987;0,79
342295;Bob Brower;1988;0,589
342296;Frank Brower;1921;0,695
342296;Frank Brower;1922;0,793
342296;Frank Brower;1923;0,901
342306;Adrian Brown;1999;0,727
342306;Adrian Brown;2000;0,805
342306;Adrian Brown;2002;0,582
342320;Bobby Brown;1948;0,788
342320;Bobby Brown;1949;0,759
342320;Bobby Brown;1950;0,699
342320;Bobby Brown;1951;0,756
342321;Bobby Brown;1980;0,721
342321;Bobby Brown;1982;0,614
342321;Bobby Brown;1983;0,716
342322;Brant Brown;1998;0,85
342322;Brant Brown;1999;0,732
342325;Byron Browne;1966;0,743
342325;Byron Browne;1970;0,764
342328;Chris Brown;1985;0,787
342328;Chris Brown;1986;0,796
342328;Chris Brown;1988;0,579
342333;Country Brown;1921;0,738
342333;Country Brown;1922;0,714
342333;Country Brown;1924;0,8
342338;Darrell Brown;1983;0,601
342338;Darrell Brown;1984;0,651
342342;Dee Brown;2001;0,636
342343;Dick Brown;1961;0,786
342343;Dick Brown;1962;0,631
342343;Dick Brown;1964;0,681
342343;Dick Brown;1965;0,611
342344;Domonic Brown;2013;0,818
342344;Domonic Brown;2014;0,634
342345;Drummond Brown;1915;0,598
342347;Earl Browne;1937;0,763
342350;Eddie Brown;1924;0,769
342350;Eddie Brown;1925;0,761
342350;Eddie Brown;1926;0,77
342350;Eddie Brown;1927;0,741
342350;Eddie Brown;1928;0,645
342353;Emil Brown;2005;0,804
342353;Emil Brown;2006;0,815
342353;Emil Brown;2007;0,647
342353;Emil Brown;2008;0,682
342358;Gates Brown;1964;0,784
342358;Gates Brown;1965;0,772
342358;Gates Brown;1972;0,673
342358;Gates Brown;1973;0,694
342360;George Browne;1902;0,6795
342360;George Browne;1903;0,736
342360;George Browne;1904;0,679
342360;George Browne;1905;0,718
342360;George Browne;1906;0,605
342360;George Browne;1907;0,668
342360;George Browne;1908;0,55
342360;George Browne;1909;0,651
342361;George Brown;1914;0,672
342374;Jerry Browne;1987;0,698
342374;Jerry Browne;1988;0,612
342374;Jerry Browne;1989;0,759
342374;Jerry Browne;1990;0,725
342374;Jerry Browne;1991;0,561
342374;Jerry Browne;1992;0,731
342374;Jerry Browne;1993;0,629
342374;Jerry Browne;1994;0,79
342379;Jimmy Brown;1937;0,673
342379;Jimmy Brown;1938;0,714
342379;Jimmy Brown;1939;0,719
342379;Jimmy Brown;1940;0,652
342379;Jimmy Brown;1941;0,769
342379;Jimmy Brown;1942;0,635
342379;Jimmy Brown;1946;0,559
342380;Jim Brown;1922;0,689
342380;Jim Brown;1923;0,639
342380;Jim Brown;1924;0,674
342380;Jim Brown;1925;0,636
342380;Jim Brown;1926;0,853
342380;Jim Brown;1927;0,74
342393;Larry Brown;1963;0,656
342393;Larry Brown;1964;0,662
342393;Larry Brown;1965;0,682
342393;Larry Brown;1966;0,6
342393;Larry Brown;1967;0,62
342393;Larry Brown;1968;0,619
342393;Larry Brown;1969;0,598
342394;Larry Brown;1928;0,748
342394;Larry Brown;1929;0,841
342395;Lew Brown;1877;0,667
342395;Lew Brown;1878;0,777
342395;Lew Brown;1879;0,646
342395;Lew Brown;1884;0,574
342407;Mike Brown;1985;0,903
342407;Mike Brown;1986;0,589
342413;Ollie Brown;1966;0,622
342413;Ollie Brown;1967;0,708
342413;Ollie Brown;1969;0,731
342413;Ollie Brown;1970;0,82
342413;Ollie Brown;1971;0,707
342413;Ollie Brown;1973;0,747
342413;Ollie Brown;1976;0,732
342417;Pete Browning;1882;0,94
342417;Pete Browning;1883;0,842
342417;Pete Browning;1884;0,829
342417;Pete Browning;1885;0,923
342417;Pete Browning;1886;0,83
342417;Pete Browning;1887;1,011
342417;Pete Browning;1888;0,816
342417;Pete Browning;1889;0,691
342417;Pete Browning;1890;0,976
342417;Pete Browning;1891;0,8175
342417;Pete Browning;1892;0,787
342417;Pete Browning;1893;0,912
342423;Roosevelt Brown;2002;0,612
342425;Sam Brown;1906;0,505
342425;Sam Brown;1907;0,471
342427;Scrappy Brown;1927;0,633
342428;Seth Brown;2021;0,754
342428;Seth Brown;2022;0,749
342428;Seth Brown;2023;0,692
342428;Seth Brown;2024;0,662
342433;Tom Brown;1883;0,678
342433;Tom Brown;1884;0,69
342433;Tom Brown;1885;0,792
342433;Tom Brown;1886;0,728
342433;Tom Brown;1888;0,668
342433;Tom Brown;1889;0,645
342433;Tom Brown;1890;0,776
342433;Tom Brown;1891;0,865
342433;Tom Brown;1892;0,569
342433;Tom Brown;1893;0,642
342433;Tom Brown;1894;0,727
342433;Tom Brown;1895;0,598
342433;Tom Brown;1896;0,759
342433;Tom Brown;1897;0,733
342434;Tommy Brown;1952;0,778
342440;William Brown;1890;0,72
342440;William Brown;1891;0,609
342440;William Brown;1893;0,764
342441;Willard Brown;1937;1,095
342441;Willard Brown;1943;0,901
342441;Willard Brown;1947;1,066
342444;Keon Broxton;2016;0,784
342444;Keon Broxton;2017;0,719
342446;Bill Brubaker;1936;0,736
342446;Bill Brubaker;1937;0,7
342446;Bill Brubaker;1939;0,662
342451;Jay Bruce;2008;0,767
342451;Jay Bruce;2009;0,773
342451;Jay Bruce;2010;0,846
342451;Jay Bruce;2011;0,814
342451;Jay Bruce;2012;0,841
342451;Jay Bruce;2013;0,807
342451;Jay Bruce;2014;0,654
342451;Jay Bruce;2015;0,729
342451;Jay Bruce;2016;0,875
342451;Jay Bruce;2017;0,841
342451;Jay Bruce;2018;0,68
342455;Earle Brucker;1937;0,754
342459;Frank Bruggy;1921;0,788
342463;Vidal Brujan;2024;0,622
342465;Jacob Brumfield;1993;0,74
342465;Jacob Brumfield;1995;0,707
342465;Jacob Brumfield;1996;0,764
342467;Mike Brumley;1964;0,621
342467;Mike Brumley;1965;0,549
342468;Mike Brumley;1989;0,506
342472;Tom Brunansky;1982;0,848
342472;Tom Brunansky;1983;0,753
342472;Tom Brunansky;1984;0,78
342472;Tom Brunansky;1985;0,767
342472;Tom Brunansky;1986;0,738
342472;Tom Brunansky;1987;0,841
342472;Tom Brunansky;1988;0,773
342472;Tom Brunansky;1989;0,722
342472;Tom Brunansky;1990;0,78
342472;Tom Brunansky;1991;0,692
342472;Tom Brunansky;1992;0,799
342472;Tom Brunansky;1993;0,586
342481;Eric Bruntlett;2008;0,594
342486;Bill Bruton;1953;0,636
342486;Bill Bruton;1954;0,701
342486;Bill Bruton;1955;0,728
342486;Bill Bruton;1956;0,723
342486;Bill Bruton;1957;0,755
342486;Bill Bruton;1958;0,696
342486;Bill Bruton;1959;0,735
342486;Bill Bruton;1960;0,758
342486;Bill Bruton;1961;0,712
342486;Bill Bruton;1962;0,776
342486;Bill Bruton;1963;0,703
342486;Bill Bruton;1964;0,745
342490;Billy Bryan;1964;0,767
342490;Billy Bryan;1965;0,761
342495;Kris Bryant;2015;0,858
342495;Kris Bryant;2016;0,939
342495;Kris Bryant;2017;0,946
342495;Kris Bryant;2018;0,834
342495;Kris Bryant;2019;0,903
342495;Kris Bryant;2021;0,861
342495;Kris Bryant;2023;0,68
342500;Steve Brye;1972;0,592
342500;Steve Brye;1973;0,739
342500;Steve Brye;1974;0,683
342500;Steve Brye;1975;0,738
342500;Steve Brye;1976;0,624
342500;Steve Brye;1977;0,716
342514;Jerry Buchek;1966;0,63
342514;Jerry Buchek;1967;0,658
342515;Jim Bucher;1935;0,714
342515;Jim Bucher;1936;0,649
342515;Jim Bucher;1937;0,619
342515;Jim Bucher;1944;0,69
342524;John Buck;2004;0,704
342524;John Buck;2005;0,676
342524;John Buck;2006;0,702
342524;John Buck;2007;0,738
342524;John Buck;2008;0,669
342524;John Buck;2010;0,802
342524;John Buck;2011;0,683
342524;John Buck;2012;0,644
342524;John Buck;2013;0,652
342526;Dick Buckley;1888;0,678
342526;Dick Buckley;1889;0,693
342526;Dick Buckley;1890;0,644
342526;Dick Buckley;1891;0,567
342526;Dick Buckley;1892;0,599
342530;Bill Buckner;1971;0,672
342530;Bill Buckner;1972;0,758
342530;Bill Buckner;1973;0,648
342530;Bill Buckner;1974;0,763
342530;Bill Buckner;1975;0,644
342530;Bill Buckner;1976;0,716
342530;Bill Buckner;1977;0,739
342530;Bill Buckner;1978;0,765
342530;Bill Buckner;1979;0,756
342530;Bill Buckner;1980;0,81
342530;Bill Buckner;1981;0,829
342530;Bill Buckner;1982;0,783
342530;Bill Buckner;1983;0,746
342530;Bill Buckner;1984;0,731
342530;Bill Buckner;1985;0,773
342530;Bill Buckner;1986;0,733
342530;Bill Buckner;1987;0,621
342530;Bill Buckner;1988;0,641
342533;Travis Buck;2007;0,85
342537;Don Buddin;1956;0,694
342537;Don Buddin;1958;0,717
342537;Don Buddin;1959;0,723
342537;Don Buddin;1960;0,698
342537;Don Buddin;1961;0,792
342541;Steve Buechele;1985;0,627
342541;Steve Buechele;1986;0,712
342541;Steve Buechele;1987;0,69
342541;Steve Buechele;1988;0,746
342541;Steve Buechele;1989;0,68
342541;Steve Buechele;1990;0,633
342541;Steve Buechele;1991;0,783
342541;Steve Buechele;1992;0,7055
342541;Steve Buechele;1993;0,782
342541;Steve Buechele;1994;0,729
342545;Fritz Buelow;1901;0,585
342545;Fritz Buelow;1902;0,547
342545;Fritz Buelow;1905;0,408
342549;Charlie Buffinton;1883;0,538
342549;Charlie Buffinton;1884;0,643
342549;Charlie Buffinton;1885;0,548
342549;Charlie Buffinton;1887;0,63
342551;Damon Buford;1997;0,626
342551;Damon Buford;1998;0,872
342551;Damon Buford;1999;0,661
342551;Damon Buford;2000;0,714
342552;Don Buford;1964;0,685
342552;Don Buford;1965;0,747
342552;Don Buford;1966;0,672
342552;Don Buford;1967;0,638
342552;Don Buford;1968;0,804
342552;Don Buford;1969;0,814
342552;Don Buford;1970;0,816
342552;Don Buford;1971;0,89
342552;Don Buford;1972;0,593
342555;Jay Buhner;1989;0,831
342555;Jay Buhner;1991;0,834
342555;Jay Buhner;1992;0,755
342555;Jay Buhner;1993;0,855
342555;Jay Buhner;1994;0,936
342555;Jay Buhner;1995;0,909
342555;Jay Buhner;1996;0,926
342555;Jay Buhner;1997;0,889
342555;Jay Buhner;1998;0,807
342555;Jay Buhner;1999;0,809
342555;Jay Buhner;2000;0,883
342572;Al Bumbry;1973;0,898
342572;Al Bumbry;1974;0,592
342572;Al Bumbry;1975;0,7
342572;Al Bumbry;1976;0,691
342572;Al Bumbry;1977;0,782
342572;Al Bumbry;1979;0,712
342572;Al Bumbry;1980;0,825
342572;Al Bumbry;1981;0,695
342572;Al Bumbry;1982;0,652
342572;Al Bumbry;1983;0,685
342572;Al Bumbry;1984;0,654
342586;Buddy Burbage;1932;0,766
342589;Al Burch;1906;0,625
342589;Al Burch;1908;0,586
342589;Al Burch;1909;0,659
342589;Al Burch;1910;0,565
342591;Ernie Burch;1886;0,669
342595;Bob Burda;1970;0,646
342602;Jack Burdock;1873;0,588
342602;Jack Burdock;1874;0,633
342602;Jack Burdock;1875;0,657
342602;Jack Burdock;1876;0,583
342602;Jack Burdock;1877;0,547
342602;Jack Burdock;1878;0,627
342602;Jack Burdock;1879;0,542
342602;Jack Burdock;1880;0,609
342602;Jack Burdock;1881;0,575
342602;Jack Burdock;1882;0,56
342602;Jack Burdock;1883;0,828
342602;Jack Burdock;1884;0,677
342602;Jack Burdock;1886;0,508
342602;Jack Burdock;1887;0,603
342602;Jack Burdock;1888;0,32
342604;Jake Burger;2023;0,806
342604;Jake Burger;2024;0,76
342604;Jake Burger;2025;0,687
342607;Smoky Burgess;1951;0,632
342607;Smoky Burgess;1952;0,809
342607;Smoky Burgess;1953;0,787
342607;Smoky Burgess;1954;0,942
342607;Smoky Burgess;1955;0,871
342607;Smoky Burgess;1956;0,822
342607;Smoky Burgess;1957;0,919
342607;Smoky Burgess;1958;0,753
342607;Smoky Burgess;1959;0,834
342607;Smoky Burgess;1960;0,769
342607;Smoky Burgess;1961;0,851
342607;Smoky Burgess;1962;0,875
342607;Smoky Burgess;1963;0,732
342626;Chris Burke;2005;0,676
342626;Chris Burke;2006;0,765
342626;Chris Burke;2007;0,662
342628;Eddie Burke;1890;0,728
342628;Eddie Burke;1892;0,714
342628;Eddie Burke;1893;0,778
342628;Eddie Burke;1894;0,767
342628;Eddie Burke;1895;0,711
342628;Eddie Burke;1896;0,818
342628;Eddie Burke;1897;0,65
342632;Glenn Burke;1978;0,56
342636;Jesse Burkett;1890;0,827
342636;Jesse Burkett;1892;0,723
342636;Jesse Burkett;1893;0,951
342636;Jesse Burkett;1894;0,956
342636;Jesse Burkett;1895;1,001
342636;Jesse Burkett;1896;1,002
342636;Jesse Burkett;1897;0,944
342636;Jesse Burkett;1898;0,814
342636;Jesse Burkett;1899;0,963
342636;Jesse Burkett;1900;0,904
342636;Jesse Burkett;1901;0,949
342636;Jesse Burkett;1902;0,807
342636;Jesse Burkett;1903;0,738
342636;Jesse Burkett;1904;0,706
342636;Jesse Burkett;1905;0,682
342637;Jimmy Burke;1901;0,506
342637;Jimmy Burke;1902;0,733
342637;Jimmy Burke;1903;0,656
342637;Jimmy Burke;1904;0,537
342637;Jimmy Burke;1905;0,552
342643;Les Burke;1924;0,649
342654;Ellis Burks;1987;0,765
342654;Ellis Burks;1988;0,848
342654;Ellis Burks;1989;0,836
342654;Ellis Burks;1990;0,835
342654;Ellis Burks;1991;0,736
342654;Ellis Burks;1992;0,744
342654;Ellis Burks;1993;0,793
342654;Ellis Burks;1995;0,856
342654;Ellis Burks;1996;1,047
342654;Ellis Burks;1997;0,934
342654;Ellis Burks;1998;0,865
342654;Ellis Burks;1999;0,964
342654;Ellis Burks;2000;1,025
342654;Ellis Burks;2001;0,911
342654;Ellis Burks;2002;0,903
342655;Alec Burleson;2023;0,691
342655;Alec Burleson;2024;0,735
342655;Alec Burleson;2025;0,801
342656;Rick Burleson;1974;0,693
342656;Rick Burleson;1975;0,634
342656;Rick Burleson;1976;0,748
342656;Rick Burleson;1977;0,72
342656;Rick Burleson;1978;0,633
342656;Rick Burleson;1979;0,683
342656;Rick Burleson;1980;0,708
342656;Rick Burleson;1981;0,729
342656;Rick Burleson;1986;0,754
342656;Rick Burleson;1987;0,594
342661;Jack Barnett;1907;0,611
342662;Johnny Burnett;1931;0,749
342662;Johnny Burnett;1932;0,744
342662;Johnny Burnett;1933;0,674
342662;Johnny Burnett;1934;0,761
342662;Johnny Burnett;1935;0,57
342668;Jeromy Burnitz;1993;0,814
342668;Jeromy Burnitz;1997;0,934
342668;Jeromy Burnitz;1998;0,838
342668;Jeromy Burnitz;1999;0,963
342668;Jeromy Burnitz;2000;0,811
342668;Jeromy Burnitz;2001;0,851
342668;Jeromy Burnitz;2002;0,677
342668;Jeromy Burnitz;2003;0,784
342668;Jeromy Burnitz;2004;0,916
342668;Jeromy Burnitz;2005;0,757
342668;Jeromy Burnitz;2006;0,711
342671;Billy Burns;2015;0,726
342671;Billy Burns;2016;0,573
342677;Dick Burns;1884;0,773
342678;Ed Burns;1916;0,573
342680;George Burns;1913;0,723
342680;George Burns;1914;0,82
342680;George Burns;1915;0,707
342680;George Burns;1916;0,714
342680;George Burns;1917;0,792
342680;George Burns;1918;0,743
342680;George Burns;1919;0,801
342680;George Burns;1920;0,765
342680;George Burns;1921;0,781
342680;George Burns;1922;0,719
342680;George Burns;1923;0,751
342680;George Burns;1924;0,657
342680;George Burns;1925;0,743
342681;George Burns;1914;0,74
342681;George Burns;1915;0,653
342681;George Burns;1916;0,709
342681;George Burns;1917;0,581
342681;George Burns;1918;0,857
342681;George Burns;1919;0,786
342681;George Burns;1921;0,877
342681;George Burns;1922;0,787
342681;George Burns;1923;0,856
342681;George Burns;1924;0,807
342681;George Burns;1925;0,844
342681;George Burns;1926;0,889
342681;George Burns;1927;0,81
342681;George Burns;1928;0,711
342683;Jack Burns;1931;0,653
342683;Jack Burns;1932;0,806
342683;Jack Burns;1933;0,77
342683;Jack Burns;1934;0,719
342683;Jack Burns;1935;0,734
342683;Jack Burns;1936;0,755
342684;Jim Burns;1889;0,743
342689;Thomas Burns;1885;0,629
342689;Thomas Burns;1887;0,933
342689;Thomas Burns;1888;0,7755
342689;Thomas Burns;1889;0,813
342689;Thomas Burns;1890;0,823
342689;Thomas Burns;1891;0,775
342689;Thomas Burns;1892;0,849
342689;Thomas Burns;1893;0,746
342689;Thomas Burns;1894;0,91
342694;Tom Burns;1880;0,712
342694;Tom Burns;1881;0,695
342694;Tom Burns;1882;0,625
342694;Tom Burns;1883;0,75
342694;Tom Burns;1884;0,631
342694;Tom Burns;1885;0,708
342694;Tom Burns;1886;0,68
342694;Tom Burns;1887;0,7
342694;Tom Burns;1888;0,588
342694;Tom Burns;1889;0,657
342694;Tom Burns;1890;0,707
342694;Tom Burns;1891;0,568
342700;Frank Burrell;1896;0,732
342702;Pat Burrell;2000;0,822
342702;Pat Burrell;2001;0,816
342702;Pat Burrell;2002;0,92
342702;Pat Burrell;2003;0,713
342702;Pat Burrell;2004;0,821
342702;Pat Burrell;2005;0,892
342702;Pat Burrell;2006;0,89
342702;Pat Burrell;2007;0,902
342702;Pat Burrell;2008;0,875
342702;Pat Burrell;2009;0,682
342702;Pat Burrell;2010;0,872
342704;Emmanuel Burriss;2008;0,686
342704;Emmanuel Burriss;2009;0,56
342705;Larry Burright;1962;0,581
342711;Jeff Burroughs;1973;0,842
342711;Jeff Burroughs;1974;0,901
342711;Jeff Burroughs;1975;0,724
342711;Jeff Burroughs;1976;0,684
342711;Jeff Burroughs;1977;0,882
342711;Jeff Burroughs;1978;0,961
342711;Jeff Burroughs;1979;0,695
342711;Jeff Burroughs;1980;0,8
342711;Jeff Burroughs;1981;0,734
342711;Jeff Burroughs;1982;0,878
342711;Jeff Burroughs;1983;0,727
342714;Sean Burroughs;2003;0,755
342714;Sean Burroughs;2004;0,713
342714;Sean Burroughs;2005;0,618
342717;Dick Burrus;1925;0,845
342717;Dick Burrus;1926;0,659
342717;Dick Burrus;1927;0,752
342721;Ellis Burton;1963;0,708
342729;Jim Busby;1951;0,698
342729;Jim Busby;1952;0,599
342729;Jim Busby;1953;0,773
342729;Jim Busby;1954;0,731
342729;Jim Busby;1955;0,608
342729;Jim Busby;1956;0,656
342729;Jim Busby;1957;0,626
342729;Jim Busby;1958;0,65
342735;Brian Buscher;2008;0,73
342737;Ed Busch;1944;0,619
342737;Ed Busch;1945;0,594
342741;Michael Busch;2024;0,775
342741;Michael Busch;2025;0,866
342744;Donie Bush;1909;0,694
342744;Donie Bush;1910;0,687
342744;Donie Bush;1911;0,636
342744;Donie Bush;1912;0,679
342744;Donie Bush;1913;0,665
342744;Donie Bush;1914;0,668
342744;Donie Bush;1915;0,648
342744;Donie Bush;1916;0,587
342744;Donie Bush;1917;0,691
342744;Donie Bush;1918;0,606
342744;Donie Bush;1919;0,632
342744;Donie Bush;1920;0,681
342744;Donie Bush;1921;0,676
342749;Homer Bush;1999;0,774
342749;Homer Bush;2000;0,524
342749;Homer Bush;2001;0,723
342754;Doc Bushong;1881;0,574
342754;Doc Bushong;1882;0,368
342754;Doc Bushong;1883;0,394
342754;Doc Bushong;1884;0,571
342754;Doc Bushong;1885;0,64
342754;Doc Bushong;1886;0,532
342754;Doc Bushong;1887;0,573
342754;Doc Bushong;1888;0,468
342755;Randy Bush;1983;0,741
342755;Randy Bush;1984;0,681
342755;Randy Bush;1985;0,769
342755;Randy Bush;1986;0,767
342755;Randy Bush;1987;0,762
342755;Randy Bush;1988;0,799
342755;Randy Bush;1989;0,782
342767;Drew Butera;2011;0,449
342774;Art Butler;1913;0,729
342774;Art Butler;1914;0,589
342774;Art Butler;1915;0,63
342777;Billy Butler;2007;0,794
342777;Billy Butler;2008;0,724
342777;Billy Butler;2009;0,853
342777;Billy Butler;2010;0,857
342777;Billy Butler;2011;0,822
342777;Billy Butler;2012;0,882
342777;Billy Butler;2013;0,787
342777;Billy Butler;2014;0,702
342777;Billy Butler;2015;0,713
342777;Billy Butler;2016;0,733
342778;Brett Butler;1982;0,516
342778;Brett Butler;1983;0,738
342778;Brett Butler;1984;0,717
342778;Brett Butler;1985;0,808
342778;Brett Butler;1986;0,731
342778;Brett Butler;1987;0,825
342778;Brett Butler;1988;0,791
342778;Brett Butler;1989;0,703
342778;Brett Butler;1990;0,781
342778;Brett Butler;1991;0,744
342778;Brett Butler;1992;0,803
342778;Brett Butler;1993;0,758
342778;Brett Butler;1994;0,857
342778;Brett Butler;1995;0,773
342778;Brett Butler;1997;0,686
342779;Brent Butler;2002;0,699
342789;Johnny Butler;1926;0,696
342789;Johnny Butler;1927;0,59
342791;Joey Butler;2015;0,742
342793;Frank Butler;1884;0,433
342795;Lawrence Butler;2024;0,807
342795;Lawrence Butler;2025;0,71
342797;Rich Butler;1998;0,643
342804;Tommy Butts;1940;0,72
342804;Tommy Butts;1941;0,486
342804;Tommy Butts;1942;0,573
342804;Tommy Butts;1946;0,816
342804;Tommy Butts;1947;0,85
342805;Byron Buxton;2016;0,714
342805;Byron Buxton;2017;0,728
342805;Byron Buxton;2019;0,827
342805;Byron Buxton;2021;1,005
342805;Byron Buxton;2022;0,833
342805;Byron Buxton;2023;0,731
342805;Byron Buxton;2024;0,859
342805;Byron Buxton;2025;0,878
342821;Marlon Byrd;2003;0,784
342821;Marlon Byrd;2004;0,608
342821;Marlon Byrd;2005;0,698
342821;Marlon Byrd;2007;0,814
342821;Marlon Byrd;2008;0,842
342821;Marlon Byrd;2009;0,808
342821;Marlon Byrd;2010;0,775
342821;Marlon Byrd;2011;0,719
342821;Marlon Byrd;2013;0,848
342821;Marlon Byrd;2014;0,757
342821;Marlon Byrd;2015;0,735
342824;Samuel Byrd;1930;0,811
342824;Samuel Byrd;1931;0,744
342824;Samuel Byrd;1932;0,863
342824;Samuel Byrd;1935;0,729
342825;Bobby Byrne;1907;0,6
342825;Bobby Byrne;1908;0,45
342825;Bobby Byrne;1909;0,582
342825;Bobby Byrne;1910;0,783
342825;Bobby Byrne;1911;0,708
342825;Bobby Byrne;1912;0,764
342825;Bobby Byrne;1913;0,647
342825;Bobby Byrne;1914;0,64
342825;Bobby Byrne;1915;0,536
342827;Eric Byrnes;2003;0,792
342827;Eric Byrnes;2004;0,814
342827;Eric Byrnes;2006;0,795
342827;Eric Byrnes;2007;0,813
342827;Eric Byrnes;2008;0,641
342827;Eric Byrnes;2009;0,663
342830;Milt Byrnes;1943;0,767
342830;Milt Byrnes;1944;0,789
342830;Milt Byrnes;1945;0,75
342834;José Caballero;2023;0,663
342834;José Caballero;2024;0,63
342834;José Caballero;2025;0,638
342835;Putsy Caballero;1948;0,578
342838;Enos Cabell;1975;0,668
342838;Enos Cabell;1976;0,638
342838;Enos Cabell;1977;0,751
342838;Enos Cabell;1978;0,72
342838;Enos Cabell;1979;0,668
342838;Enos Cabell;1980;0,656
342838;Enos Cabell;1981;0,6
342838;Enos Cabell;1982;0,608
342838;Enos Cabell;1983;0,769
342838;Enos Cabell;1984;0,758
342838;Enos Cabell;1986;0,612
342843;Asdrubal Cabrera;2008;0,713
342843;Asdrubal Cabrera;2009;0,799
342843;Asdrubal Cabrera;2010;0,673
342843;Asdrubal Cabrera;2011;0,792
342843;Asdrubal Cabrera;2012;0,762
342843;Asdrubal Cabrera;2013;0,7
342843;Asdrubal Cabrera;2014;0,692
342843;Asdrubal Cabrera;2015;0,744
342843;Asdrubal Cabrera;2016;0,81
342843;Asdrubal Cabrera;2017;0,785
342843;Asdrubal Cabrera;2018;0,817
342843;Asdrubal Cabrera;2019;0,711
342843;Asdrubal Cabrera;2021;0,716
342847;Everth Cabrera;2009;0,703
342847;Everth Cabrera;2010;0,557
342847;Everth Cabrera;2012;0,648
342847;Everth Cabrera;2013;0,736
342847;Everth Cabrera;2014;0,572
342852;Jolbert Cabrera;2001;0,66
342852;Jolbert Cabrera;2003;0,77
342852;Jolbert Cabrera;2004;0,696
342856;Melky Cabrera;2006;0,752
342856;Melky Cabrera;2007;0,718
342856;Melky Cabrera;2008;0,641
342856;Melky Cabrera;2009;0,752
342856;Melky Cabrera;2010;0,671
342856;Melky Cabrera;2011;0,809
342856;Melky Cabrera;2012;0,906
342856;Melky Cabrera;2013;0,682
342856;Melky Cabrera;2014;0,808
342856;Melky Cabrera;2015;0,709
342856;Melky Cabrera;2016;0,8
342856;Melky Cabrera;2017;0,7365
342856;Melky Cabrera;2018;0,755
342856;Melky Cabrera;2019;0,713
342857;Miguel Cabrera;2003;0,793
342857;Miguel Cabrera;2004;0,879
342857;Miguel Cabrera;2005;0,947
342857;Miguel Cabrera;2006;0,998
342857;Miguel Cabrera;2007;0,965
342857;Miguel Cabrera;2008;0,887
342857;Miguel Cabrera;2009;0,942
342857;Miguel Cabrera;2010;1,042
342857;Miguel Cabrera;2011;1,033
342857;Miguel Cabrera;2012;0,999
342857;Miguel Cabrera;2013;1,078
342857;Miguel Cabrera;2014;0,895
342857;Miguel Cabrera;2015;0,974
342857;Miguel Cabrera;2016;0,956
342857;Miguel Cabrera;2017;0,728
342857;Miguel Cabrera;2019;0,744
342857;Miguel Cabrera;2020;0,746
342857;Miguel Cabrera;2021;0,701
342857;Miguel Cabrera;2022;0,622
342857;Miguel Cabrera;2023;0,675
342858;Orlando Cabrera;1998;0,739
342858;Orlando Cabrera;1999;0,696
342858;Orlando Cabrera;2000;0,673
342858;Orlando Cabrera;2001;0,752
342858;Orlando Cabrera;2002;0,701
342858;Orlando Cabrera;2003;0,807
342858;Orlando Cabrera;2004;0,7095
342858;Orlando Cabrera;2005;0,674
342858;Orlando Cabrera;2006;0,738
342858;Orlando Cabrera;2007;0,742
342858;Orlando Cabrera;2008;0,705
342858;Orlando Cabrera;2009;0,7125
342858;Orlando Cabrera;2010;0,657
342858;Orlando Cabrera;2011;0,598
342859;Oswaldo Cabrera;2023;0,574
342859;Oswaldo Cabrera;2024;0,661
342870;Forrest Cady;1915;0,689
342875;Jac Caglianone;2025;0,532
342876;John Cahill;1884;0,51
342876;John Cahill;1886;0,482
342876;John Cahill;1887;0,478
342877;Tom Cahill;1891;0,674
342881;Lorenzo Cain;2012;0,734
342881;Lorenzo Cain;2013;0,658
342881;Lorenzo Cain;2014;0,751
342881;Lorenzo Cain;2015;0,838
342881;Lorenzo Cain;2016;0,747
342881;Lorenzo Cain;2017;0,803
342881;Lorenzo Cain;2018;0,813
342881;Lorenzo Cain;2019;0,697
342881;Lorenzo Cain;2021;0,729
342886;Miguel Cairo;1998;0,674
342886;Miguel Cairo;1999;0,703
342886;Miguel Cairo;2000;0,642
342886;Miguel Cairo;2003;0,665
342886;Miguel Cairo;2004;0,763
342886;Miguel Cairo;2005;0,62
342886;Miguel Cairo;2006;0,6
342886;Miguel Cairo;2008;0,646
342886;Miguel Cairo;2010;0,763
342886;Miguel Cairo;2011;0,742
342889;Benito Calderón;1927;0,6
342891;Ivan Calderon;1985;0,863
342891;Ivan Calderon;1987;0,888
342891;Ivan Calderon;1988;0,723
342891;Ivan Calderon;1989;0,77
342891;Ivan Calderon;1990;0,749
342891;Ivan Calderon;1991;0,848
342891;Ivan Calderon;1993;0,582
342903;Kole Calhoun;2014;0,776
342903;Kole Calhoun;2015;0,731
342903;Kole Calhoun;2016;0,786
342903;Kole Calhoun;2017;0,725
342903;Kole Calhoun;2018;0,652
342903;Kole Calhoun;2019;0,792
342903;Kole Calhoun;2022;0,587
342906;Willie Calhoun;2019;0,848
342906;Willie Calhoun;2021;0,691
342906;Willie Calhoun;2024;0,695
342911;Alberto Callaspo;2008;0,731
342911;Alberto Callaspo;2009;0,813
342911;Alberto Callaspo;2010;0,6615
342911;Alberto Callaspo;2011;0,74
342911;Alberto Callaspo;2012;0,692
342911;Alberto Callaspo;2013;0,671
342911;Alberto Callaspo;2014;0,58
342920;Alex Call;2023;0,614
342921;Leo Callahan;1919;0,653
342922;Marty Callaghan;1928;0,732
342922;Marty Callaghan;1930;0,668
342924;Jimmy Callahan;1897;0,72
342924;Jimmy Callahan;1902;0,545
342924;Jimmy Callahan;1903;0,711
342924;Jimmy Callahan;1904;0,635
342924;Jimmy Callahan;1905;0,704
342924;Jimmy Callahan;1911;0,656
342924;Jimmy Callahan;1912;0,634
342925;Pat Callaghan;1884;0,635
342928;Johnny Callison;1960;0,787
342928;Johnny Callison;1961;0,78
342928;Johnny Callison;1962;0,854
342928;Johnny Callison;1963;0,84
342928;Johnny Callison;1964;0,809
342928;Johnny Callison;1965;0,836
342928;Johnny Callison;1966;0,756
342928;Johnny Callison;1967;0,737
342928;Johnny Callison;1968;0,734
342928;Johnny Callison;1969;0,773
342928;Johnny Callison;1970;0,788
342928;Johnny Callison;1971;0,64
342928;Johnny Callison;1972;0,691
342930;Ron Calloway;2003;0,656
342940;Johan Camargo;2017;0,783
342940;Johan Camargo;2018;0,806
342940;Johan Camargo;2019;0,663
342946;Mike Cameron;1997;0,789
342946;Mike Cameron;1998;0,621
342946;Mike Cameron;1999;0,825
342946;Mike Cameron;2000;0,803
342946;Mike Cameron;2001;0,832
342946;Mike Cameron;2002;0,782
342946;Mike Cameron;2003;0,774
342946;Mike Cameron;2004;0,798
342946;Mike Cameron;2005;0,819
342946;Mike Cameron;2006;0,837
342946;Mike Cameron;2007;0,759
342946;Mike Cameron;2008;0,809
342946;Mike Cameron;2009;0,795
342948;Dolph Camilli;1934;0,779
342948;Dolph Camilli;1935;0,776
342948;Dolph Camilli;1936;1,018
342948;Dolph Camilli;1937;1,034
342948;Dolph Camilli;1938;0,879
342948;Dolph Camilli;1939;0,933
342948;Dolph Camilli;1940;0,926
342948;Dolph Camilli;1941;0,962
342948;Dolph Camilli;1942;0,843
342948;Dolph Camilli;1943;0,739
342952;Junior Caminero;2025;0,846
342953;Ken Caminiti;1987;0,622
342953;Ken Caminiti;1989;0,685
342953;Ken Caminiti;1990;0,611
342953;Ken Caminiti;1991;0,695
342953;Ken Caminiti;1992;0,79
342953;Ken Caminiti;1993;0,711
342953;Ken Caminiti;1994;0,847
342953;Ken Caminiti;1995;0,894
342953;Ken Caminiti;1996;1,028
342953;Ken Caminiti;1997;0,897
342953;Ken Caminiti;1998;0,862
342953;Ken Caminiti;1999;0,862
342953;Ken Caminiti;2000;1,001
342958;Bert Campaneris;1964;0,681
342958;Bert Campaneris;1965;0,709
342958;Bert Campaneris;1966;0,681
342958;Bert Campaneris;1967;0,628
342958;Bert Campaneris;1968;0,692
342958;Bert Campaneris;1969;0,608
342958;Bert Campaneris;1970;0,769
342958;Bert Campaneris;1971;0,611
342958;Bert Campaneris;1972;0,603
342958;Bert Campaneris;1973;0,626
342958;Bert Campaneris;1974;0,713
342958;Bert Campaneris;1975;0,667
342958;Bert Campaneris;1976;0,622
342958;Bert Campaneris;1977;0,655
342958;Bert Campaneris;1978;0,483
342958;Bert Campaneris;1979;0,578
342958;Bert Campaneris;1980;0,628
342959;Count Campau;1888;0,518
342959;Count Campau;1890;0,886
342961;Roy Campanella;1945;1,036
342961;Roy Campanella;1948;0,761
342961;Roy Campanella;1949;0,883
342961;Roy Campanella;1950;0,916
342961;Roy Campanella;1951;0,983
342961;Roy Campanella;1952;0,805
342961;Roy Campanella;1953;1,006
342961;Roy Campanella;1954;0,686
342961;Roy Campanella;1955;0,978
342961;Roy Campanella;1956;0,727
342961;Roy Campanella;1957;0,703
342968;Bruce Campbell;1932;0,788
342968;Bruce Campbell;1933;0,814
342968;Bruce Campbell;1934;0,762
342968;Bruce Campbell;1935;0,887
342968;Bruce Campbell;1937;0,863
342968;Bruce Campbell;1938;0,82
342968;Bruce Campbell;1939;0,832
342968;Bruce Campbell;1940;0,829
342968;Bruce Campbell;1941;0,821
342968;Bruce Campbell;1942;0,733
342971;Dave Campbell;1970;0,604
342971;Dave Campbell;1971;0,633
342976;Gilly Campbell;1935;0,71
342976;Gilly Campbell;1936;0,728
342986;Kristian Campbell;2025;0,664
342989;Paul Campbell;1949;0,747
342993;Soup Campbell;1941;0,649
342994;Vin Campbell;1910;0,827
342994;Vin Campbell;1912;0,725
342994;Vin Campbell;1914;0,807
342994;Vin Campbell;1915;0,741
343007;Roberto Campos;1923;0,729
343012;Luis Campusano;2024;0,642
343016;Alexander Canario;2025;0,611
343019;Jim Canavan;1891;0,655
343019;Jim Canavan;1892;0,488
343019;Jim Canavan;1893;0,622
343019;Jim Canavan;1894;0,864
343019;Jim Canavan;1897;0,603
343021;Casey Candaele;1987;0,677
343021;Casey Candaele;1990;0,761
343021;Casey Candaele;1991;0,682
343021;Casey Candaele;1992;0,535
343022;Jeimer Candelario;2018;0,71
343022;Jeimer Candelario;2019;0,643
343022;Jeimer Candelario;2021;0,795
343022;Jeimer Candelario;2022;0,633
343022;Jeimer Candelario;2023;0,823
343022;Jeimer Candelario;2024;0,707
343027;John Cangelosi;1986;0,648
343027;John Cangelosi;1995;0,85
343027;John Cangelosi;1996;0,726
343028;Mark Canha;2015;0,742
343028;Mark Canha;2018;0,778
343028;Mark Canha;2019;0,913
343028;Mark Canha;2021;0,746
343028;Mark Canha;2022;0,77
343028;Mark Canha;2023;0,725
343028;Mark Canha;2024;0,687
343031;Jay Canizaro;2000;0,714
343032;Walter Cannady;1925;1,047
343032;Walter Cannady;1927;0,881
343032;Walter Cannady;1928;0,884
343033;Wirt Cannell;1904;0,54
343033;Wirt Cannell;1905;0,597
343035;Chris Cannizzaro;1965;0,502
343035;Chris Cannizzaro;1969;0,587
343035;Chris Cannizzaro;1970;0,745
343035;Chris Cannizzaro;1972;0,641
343041;Robinson Cano;2005;0,778
343041;Robinson Cano;2006;0,89
343041;Robinson Cano;2007;0,841
343041;Robinson Cano;2008;0,715
343041;Robinson Cano;2009;0,871
343041;Robinson Cano;2010;0,914
343041;Robinson Cano;2011;0,882
343041;Robinson Cano;2012;0,929
343041;Robinson Cano;2013;0,899
343041;Robinson Cano;2014;0,836
343041;Robinson Cano;2015;0,779
343041;Robinson Cano;2016;0,882
343041;Robinson Cano;2017;0,791
343041;Robinson Cano;2018;0,845
343041;Robinson Cano;2019;0,736
343043;Jose Canseco;1986;0,775
343043;Jose Canseco;1987;0,78
343043;Jose Canseco;1988;0,959
343043;Jose Canseco;1989;0,875
343043;Jose Canseco;1990;0,914
343043;Jose Canseco;1991;0,915
343043;Jose Canseco;1992;0,791
343043;Jose Canseco;1993;0,763
343043;Jose Canseco;1994;0,939
343043;Jose Canseco;1995;0,933
343043;Jose Canseco;1996;0,989
343043;Jose Canseco;1997;0,786
343043;Jose Canseco;1998;0,836
343043;Jose Canseco;1999;0,931
343043;Jose Canseco;2000;0,832
343043;Jose Canseco;2001;0,843
343049;Jorge Cantu;2005;0,808
343049;Jorge Cantu;2006;0,699
343049;Jorge Cantu;2008;0,808
343049;Jorge Cantu;2009;0,788
343049;Jorge Cantu;2010;0,719
343055;Dominic Canzone;2025;0,84
343073;Victor Caratini;2019;0,794
343073;Victor Caratini;2021;0,632
343073;Victor Caratini;2022;0,642
343073;Victor Caratini;2023;0,711
343073;Victor Caratini;2024;0,744
343073;Victor Caratini;2025;0,728
343076;Bernie Carbo;1970;1,004
343076;Bernie Carbo;1971;0,677
343076;Bernie Carbo;1972;0,759
343076;Bernie Carbo;1973;0,819
343076;Bernie Carbo;1974;0,778
343076;Bernie Carbo;1975;0,892
343076;Bernie Carbo;1977;0,931
343080;Jose Cardenal;1965;0,654
343080;Jose Cardenal;1966;0,719
343080;Jose Cardenal;1967;0,612
343080;Jose Cardenal;1968;0,658
343080;Jose Cardenal;1969;0,687
343080;Jose Cardenal;1970;0,775
343080;Jose Cardenal;1971;0,681
343080;Jose Cardenal;1972;0,81
343080;Jose Cardenal;1973;0,812
343080;Jose Cardenal;1974;0,8
343080;Jose Cardenal;1975;0,821
343080;Jose Cardenal;1976;0,74
343080;Jose Cardenal;1977;0,665
343080;Jose Cardenal;1978;0,691
343081;Leo Cardenas;1962;0,752
343081;Leo Cardenas;1963;0,595
343081;Leo Cardenas;1964;0,656
343081;Leo Cardenas;1965;0,786
343081;Leo Cardenas;1966;0,728
343081;Leo Cardenas;1967;0,644
343081;Leo Cardenas;1968;0,611
343081;Leo Cardenas;1969;0,741
343081;Leo Cardenas;1970;0,674
343081;Leo Cardenas;1971;0,741
343081;Leo Cardenas;1972;0,555
343087;Rod Carew;1967;0,75
343087;Rod Carew;1968;0,659
343087;Rod Carew;1969;0,853
343087;Rod Carew;1971;0,736
343087;Rod Carew;1972;0,749
343087;Rod Carew;1973;0,881
343087;Rod Carew;1974;0,879
343087;Rod Carew;1975;0,919
343087;Rod Carew;1976;0,858
343087;Rod Carew;1977;1,019
343087;Rod Carew;1978;0,853
343087;Rod Carew;1979;0,81
343087;Rod Carew;1980;0,833
343087;Rod Carew;1981;0,753
343087;Rod Carew;1982;0,799
343087;Rod Carew;1983;0,82
343087;Rod Carew;1984;0,72
343087;Rod Carew;1985;0,717
343088;Andy Carey;1954;0,797
343088;Andy Carey;1955;0,692
343088;Andy Carey;1956;0,649
343088;Andy Carey;1957;0,701
343088;Andy Carey;1958;0,849
343088;Andy Carey;1960;0,689
343089;Max Carey;1911;0,712
343089;Max Carey;1912;0,766
343089;Max Carey;1913;0,71
343089;Max Carey;1914;0,661
343089;Max Carey;1915;0,66
343089;Max Carey;1916;0,711
343089;Max Carey;1917;0,746
343089;Max Carey;1918;0,712
343089;Max Carey;1919;0,741
343089;Max Carey;1920;0,718
343089;Max Carey;1921;0,825
343089;Max Carey;1922;0,868
343089;Max Carey;1923;0,841
343089;Max Carey;1924;0,783
343089;Max Carey;1925;0,909
343089;Max Carey;1926;0,584
343089;Max Carey;1927;0,709
343089;Max Carey;1928;0,658
343092;George Carey;1895;0,64
343092;George Carey;1902;0,79
343093;Tom Carey;1873;0,769
343093;Tom Carey;1874;0,643
343093;Tom Carey;1875;0,557
343093;Tom Carey;1876;0,572
343093;Tom Carey;1877;0,547
343093;Tom Carey;1878;0,538
343093;Tom Carey;1879;0,537
343094;Tom Carey;1935;0,699
343094;Tom Carey;1936;0,673
343094;Tom Carey;1937;0,641
343099;Fred Carisch;1913;0,539
343106;Matt Carlisle;1937;0,721
343106;Matt Carlisle;1940;0,81
343113;Dylan Carlson;2021;0,78
343113;Dylan Carlson;2022;0,695
343113;Dylan Carlson;2023;0,651
343113;Dylan Carlson;2025;0,614
343121;Cleo Carlyle;1927;0,669
343122;Roy Carlyle;1925;0,862
343130;Eddie Carnett;1944;0,678
343131;Jack Carney;1889;0,538
343131;Jack Carney;1891;0,719
343132;Pat Carney;1902;0,668
343132;Pat Carney;1903;0,596
343132;Pat Carney;1904;0,476
343143;Hick Carpenter;1879;0,435
343143;Hick Carpenter;1880;0,532
343143;Hick Carpenter;1881;0,502
343143;Hick Carpenter;1882;0,782
343143;Hick Carpenter;1883;0,708
343143;Hick Carpenter;1884;0,593
343143;Hick Carpenter;1885;0,644
343143;Hick Carpenter;1886;0,535
343143;Hick Carpenter;1887;0,585
343143;Hick Carpenter;1888;0,607
343143;Hick Carpenter;1889;0,627
343144;Kerry Carpenter;2023;0,811
343144;Kerry Carpenter;2024;0,932
343144;Kerry Carpenter;2025;0,788
343146;Matt Carpenter;2012;0,828
343146;Matt Carpenter;2013;0,873
343146;Matt Carpenter;2014;0,75
343146;Matt Carpenter;2015;0,871
343146;Matt Carpenter;2016;0,885
343146;Matt Carpenter;2017;0,835
343146;Matt Carpenter;2018;0,897
343146;Matt Carpenter;2019;0,726
343146;Matt Carpenter;2021;0,581
343150;Mike Carp;2011;0,791
343150;Mike Carp;2013;0,885
343153;Chico Carrasquel;1950;0,733
343153;Chico Carrasquel;1951;0,656
343153;Chico Carrasquel;1952;0,613
343153;Chico Carrasquel;1953;0,689
343153;Chico Carrasquel;1954;0,716
343153;Chico Carrasquel;1955;0,683
343153;Chico Carrasquel;1956;0,646
343153;Chico Carrasquel;1957;0,729
343153;Chico Carrasquel;1959;0,587
343157;Charlie Carr;1903;0,671
343157;Charlie Carr;1904;0,512
343157;Charlie Carr;1905;0,577
343157;Charlie Carr;1914;0,717
343158;Chuck Carr;1993;0,657
343158;Chuck Carr;1994;0,635
343158;Chuck Carr;1995;0,641
343161;Cam Carreon;1961;0,684
343161;Cam Carreon;1962;0,689
343161;Cam Carreon;1963;0,673
343163;Ezequiel Carrera;2011;0,613
343163;Ezequiel Carrera;2016;0,679
343163;Ezequiel Carrera;2017;0,764
343165;Mark Carreon;1991;0,628
343165;Mark Carreon;1992;0,638
343165;Mark Carreon;1995;0,833
343165;Mark Carreon;1996;0,765
343166;George Carr;1920;0,8
343166;George Carr;1921;0,921
343166;George Carr;1922;0,738
343166;George Carr;1925;1,032
343166;George Carr;1926;0,853
343166;George Carr;1927;0,821
343170;Bill Carrigan;1909;0,709
343170;Bill Carrigan;1910;0,62
343170;Bill Carrigan;1911;0,709
343170;Bill Carrigan;1912;0,656
343170;Bill Carrigan;1913;0,659
343178;Cliff Carroll;1883;0,63
343178;Cliff Carroll;1884;0,64
343178;Cliff Carroll;1885;0,563
343178;Cliff Carroll;1886;0,595
343178;Cliff Carroll;1887;0,627
343178;Cliff Carroll;1890;0,721
343178;Cliff Carroll;1891;0,707
343178;Cliff Carroll;1892;0,739
343178;Cliff Carroll;1893;0,636
343181;Corbin Carroll;2023;0,868
343181;Corbin Carroll;2024;0,749
343181;Corbin Carroll;2025;0,883
343186;Fred Carroll;1884;0,766
343186;Fred Carroll;1885;0,669
343186;Fred Carroll;1886;0,783
343186;Fred Carroll;1887;0,882
343186;Fred Carroll;1888;0,657
343186;Fred Carroll;1889;0,97
343186;Fred Carroll;1890;0,813
343186;Fred Carroll;1891;0,627
343187;Jamey Carroll;2003;0,649
343187;Jamey Carroll;2004;0,75
343187;Jamey Carroll;2005;0,617
343187;Jamey Carroll;2006;0,781
343187;Jamey Carroll;2007;0,616
343187;Jamey Carroll;2008;0,7
343187;Jamey Carroll;2009;0,695
343187;Jamey Carroll;2010;0,718
343187;Jamey Carroll;2011;0,706
343187;Jamey Carroll;2012;0,66
343190;John Carroll;1887;0,495
343212;Chris Carter;2012;0,864
343212;Chris Carter;2013;0,77
343212;Chris Carter;2014;0,799
343212;Chris Carter;2015;0,734
343212;Chris Carter;2016;0,821
343216;Gary Carter;1975;0,776
343216;Gary Carter;1976;0,596
343216;Gary Carter;1977;0,881
343216;Gary Carter;1978;0,758
343216;Gary Carter;1979;0,823
343216;Gary Carter;1980;0,818
343216;Gary Carter;1981;0,756
343216;Gary Carter;1982;0,89
343216;Gary Carter;1983;0,78
343216;Gary Carter;1984;0,853
343216;Gary Carter;1985;0,853
343216;Gary Carter;1986;0,776
343216;Gary Carter;1987;0,682
343216;Gary Carter;1988;0,659
343216;Gary Carter;1990;0,729
343216;Gary Carter;1991;0,698
343216;Gary Carter;1992;0,64
343220;Joe Carter;1984;0,775
343220;Joe Carter;1985;0,707
343220;Joe Carter;1986;0,849
343220;Joe Carter;1987;0,784
343220;Joe Carter;1988;0,792
343220;Joe Carter;1989;0,757
343220;Joe Carter;1990;0,681
343220;Joe Carter;1991;0,833
343220;Joe Carter;1992;0,808
343220;Joe Carter;1993;0,802
343220;Joe Carter;1994;0,841
343220;Joe Carter;1995;0,728
343220;Joe Carter;1996;0,782
343220;Joe Carter;1997;0,683
343220;Joe Carter;1998;0,721
343234;Ed Cartwright;1890;0,814
343234;Ed Cartwright;1894;0,859
343234;Ed Cartwright;1895;0,894
343234;Ed Cartwright;1896;0,702
343235;Rico Carty;1964;0,942
343235;Rico Carty;1965;0,849
343235;Rico Carty;1966;0,859
343235;Rico Carty;1967;0,73
343235;Rico Carty;1969;0,951
343235;Rico Carty;1970;1,037
343235;Rico Carty;1972;0,78
343235;Rico Carty;1973;0,612
343235;Rico Carty;1975;0,882
343235;Rico Carty;1976;0,821
343235;Rico Carty;1977;0,787
343235;Rico Carty;1978;0,821
343235;Rico Carty;1979;0,713
343236;Mike Caruso;1998;0,721
343236;Mike Caruso;1999;0,577
343238;Bob Caruthers;1885;0,591
343238;Bob Caruthers;1886;0,974
343238;Bob Caruthers;1887;1,01
343238;Bob Caruthers;1888;0,662
343238;Bob Caruthers;1890;0,737
343238;Bob Caruthers;1892;0,742
343243;Curt Casali;2016;0,609
343243;Curt Casali;2019;0,741
343243;Curt Casali;2021;0,663
343245;Paul Casanova;1966;0,684
343245;Paul Casanova;1967;0,612
343245;Paul Casanova;1968;0,461
343245;Paul Casanova;1969;0,536
343245;Paul Casanova;1970;0,604
343245;Paul Casanova;1971;0,524
343245;Paul Casanova;1973;0,589
343246;Raul Casanova;1997;0,641
343246;Raul Casanova;2000;0,738
343247;Triston Casas;2023;0,856
343247;Triston Casas;2024;0,8
343251;George Case;1938;0,757
343251;George Case;1939;0,746
343251;George Case;1940;0,724
343251;George Case;1941;0,68
343251;George Case;1942;0,784
343251;George Case;1943;0,715
343251;George Case;1944;0,627
343251;George Case;1945;0,717
343251;George Case;1946;0,576
343256;Dennis Casey;1885;0,745
343257;James Casey;1899;0,644
343257;James Casey;1901;0,692
343257;James Casey;1902;0,69
343257;James Casey;1903;0,653
343257;James Casey;1904;0,625
343257;James Casey;1905;0,611
343257;James Casey;1906;0,597
343257;James Casey;1907;0,561
343261;Sean Casey;1998;0,782
343261;Sean Casey;1999;0,938
343261;Sean Casey;2000;0,902
343261;Sean Casey;2001;0,827
343261;Sean Casey;2002;0,696
343261;Sean Casey;2003;0,758
343261;Sean Casey;2004;0,915
343261;Sean Casey;2005;0,795
343261;Sean Casey;2006;0,785
343261;Sean Casey;2007;0,746
343263;Dave Cash;1970;0,784
343263;Dave Cash;1971;0,703
343263;Dave Cash;1972;0,69
343263;Dave Cash;1973;0,669
343263;Dave Cash;1974;0,729
343263;Dave Cash;1975;0,744
343263;Dave Cash;1976;0,683
343263;Dave Cash;1977;0,719
343263;Dave Cash;1978;0,605
343263;Dave Cash;1980;0,567
343267;Norm Cash;1960;0,903
343267;Norm Cash;1961;1,148
343267;Norm Cash;1962;0,894
343267;Norm Cash;1963;0,856
343267;Norm Cash;1964;0,804
343267;Norm Cash;1965;0,883
343267;Norm Cash;1966;0,829
343267;Norm Cash;1967;0,783
343267;Norm Cash;1968;0,816
343267;Norm Cash;1969;0,831
343267;Norm Cash;1970;0,823
343267;Norm Cash;1971;0,903
343267;Norm Cash;1972;0,783
343267;Norm Cash;1973;0,828
343270;Alexi Casilla;2008;0,707
343270;Alexi Casilla;2009;0,538
343270;Alexi Casilla;2011;0,691
343270;Alexi Casilla;2012;0,603
343273;Ed Caskin;1879;0,574
343273;Ed Caskin;1880;0,505
343273;Ed Caskin;1881;0,532
343273;Ed Caskin;1883;0,549
343273;Ed Caskin;1884;0,575
343273;Ed Caskin;1885;0,406
343282;John Cassidy;1877;0,844
343282;John Cassidy;1878;0,591
343282;John Cassidy;1880;0,616
343282;John Cassidy;1881;0,539
343282;John Cassidy;1883;0,565
343282;John Cassidy;1884;0,605
343282;John Cassidy;1885;0,521
343283;Joe Cassidy;1904;0,597
343283;Joe Cassidy;1905;0,513
343291;Nick Castellanos;2014;0,7
343291;Nick Castellanos;2015;0,721
343291;Nick Castellanos;2016;0,827
343291;Nick Castellanos;2017;0,811
343291;Nick Castellanos;2018;0,854
343291;Nick Castellanos;2019;0,896
343291;Nick Castellanos;2020;0,784
343291;Nick Castellanos;2021;0,939
343291;Nick Castellanos;2022;0,694
343291;Nick Castellanos;2023;0,788
343291;Nick Castellanos;2024;0,742
343291;Nick Castellanos;2025;0,694
343294;Alberto Castillo;1999;0,667
343298;Carmelo Castillo;1984;0,794
343298;Carmelo Castillo;1986;0,749
343298;Carmelo Castillo;1987;0,773
343298;Carmelo Castillo;1989;0,759
343301;Diego Castillo;2022;0,633
343307;John Castino;1979;0,728
343307;John Castino;1980;0,766
343307;John Castino;1981;0,697
343307;John Castino;1982;0,648
343307;John Castino;1983;0,751
343308;Jose Castillo;2004;0,666
343308;Jose Castillo;2005;0,724
343308;Jose Castillo;2006;0,682
343308;Jose Castillo;2007;0,604
343308;Jose Castillo;2008;0,671
343310;Juan Castillo;1987;0,613
343314;Luis Castillo;1997;0,58
343314;Luis Castillo;1999;0,75
343314;Luis Castillo;2000;0,806
343314;Luis Castillo;2001;0,685
343314;Luis Castillo;2002;0,726
343314;Luis Castillo;2003;0,778
343314;Luis Castillo;2004;0,72
343314;Luis Castillo;2005;0,765
343314;Luis Castillo;2006;0,728
343314;Luis Castillo;2007;0,709
343314;Luis Castillo;2008;0,66
343314;Luis Castillo;2009;0,732
343314;Luis Castillo;2010;0,604
343317;Manny Castillo;1982;0,622
343317;Manny Castillo;1983;0,499
343320;Pete Castiglione;1949;0,661
343320;Pete Castiglione;1950;0,667
343320;Pete Castiglione;1951;0,672
343320;Pete Castiglione;1952;0,697
343321;Rusney Castillo;2015;0,647
343325;Vinny Castilla;1993;0,686
343325;Vinny Castilla;1995;0,911
343325;Vinny Castilla;1996;0,892
343325;Vinny Castilla;1997;0,904
343325;Vinny Castilla;1998;0,951
343325;Vinny Castilla;1999;0,809
343325;Vinny Castilla;2000;0,562
343325;Vinny Castilla;2001;0,812
343325;Vinny Castilla;2002;0,616
343325;Vinny Castilla;2003;0,771
343325;Vinny Castilla;2004;0,867
343325;Vinny Castilla;2005;0,722
343325;Vinny Castilla;2006;0,579
343326;Welington Castillo;2013;0,746
343326;Welington Castillo;2014;0,686
343326;Welington Castillo;2015;0,813
343326;Welington Castillo;2016;0,745
343326;Welington Castillo;2017;0,813
343326;Welington Castillo;2019;0,684
343329;Foster Castleman;1956;0,648
343329;Foster Castleman;1958;0,482
343341;Harold Castro;2019;0,689
343341;Harold Castro;2021;0,669
343341;Harold Castro;2022;0,681
343341;Harold Castro;2023;0,589
343342;Jason Castro;2012;0,735
343342;Jason Castro;2013;0,835
343342;Jason Castro;2014;0,651
343342;Jason Castro;2015;0,648
343342;Jason Castro;2016;0,684
343342;Jason Castro;2017;0,72
343342;Jason Castro;2019;0,767
343343;Juan Castro;1998;0,499
343343;Juan Castro;2000;0,649
343343;Juan Castro;2001;0,562
343343;Juan Castro;2003;0,678
343343;Juan Castro;2004;0,655
343343;Juan Castro;2005;0,665
343348;Ramon Castro;2005;0,756
343350;Rodolfo Castro;2022;0,725
343352;Starlin Castro;2010;0,755
343352;Starlin Castro;2011;0,773
343352;Starlin Castro;2012;0,753
343352;Starlin Castro;2013;0,631
343352;Starlin Castro;2014;0,777
343352;Starlin Castro;2015;0,671
343352;Starlin Castro;2016;0,734
343352;Starlin Castro;2017;0,792
343352;Starlin Castro;2018;0,729
343352;Starlin Castro;2019;0,736
343352;Starlin Castro;2021;0,708
343353;Willi Castro;2021;0,624
343353;Willi Castro;2022;0,651
343353;Willi Castro;2023;0,75
343353;Willi Castro;2024;0,717
343353;Willi Castro;2025;0,743
343354;Frank Catalanotto;1998;0,771
343354;Frank Catalanotto;1999;0,785
343354;Frank Catalanotto;2000;0,832
343354;Frank Catalanotto;2001;0,882
343354;Frank Catalanotto;2002;0,808
343354;Frank Catalanotto;2003;0,823
343354;Frank Catalanotto;2004;0,734
343354;Frank Catalanotto;2005;0,818
343354;Frank Catalanotto;2006;0,816
343354;Frank Catalanotto;2007;0,781
343354;Frank Catalanotto;2008;0,741
343355;Danny Cater;1965;0,719
343355;Danny Cater;1966;0,727
343355;Danny Cater;1967;0,657
343355;Danny Cater;1968;0,729
343355;Danny Cater;1969;0,657
343355;Danny Cater;1970;0,734
343355;Danny Cater;1971;0,672
343355;Danny Cater;1972;0,642
343364;Howdy Caton;1918;0,609
343364;Howdy Caton;1920;0,6
343371;Wayne Causey;1961;0,752
343371;Wayne Causey;1962;0,684
343371;Wayne Causey;1963;0,74
343371;Wayne Causey;1964;0,763
343371;Wayne Causey;1965;0,684
343371;Wayne Causey;1967;0,593
343374;Phil Cavarretta;1935;0,726
343374;Phil Cavarretta;1936;0,682
343374;Phil Cavarretta;1937;0,778
343374;Phil Cavarretta;1938;0,608
343374;Phil Cavarretta;1941;0,797
343374;Phil Cavarretta;1942;0,728
343374;Phil Cavarretta;1943;0,802
343374;Phil Cavarretta;1944;0,841
343374;Phil Cavarretta;1945;0,949
343374;Phil Cavarretta;1946;0,836
343374;Phil Cavarretta;1947;0,787
343374;Phil Cavarretta;1948;0,732
343374;Phil Cavarretta;1949;0,819
343374;Phil Cavarretta;1950;0,817
343374;Phil Cavarretta;1951;0,835
343376;Jake Cave;2018;0,786
343376;Jake Cave;2024;0,686
343377;Ike Caveney;1922;0,638
343377;Ike Caveney;1923;0,696
343377;Ike Caveney;1924;0,681
343377;Ike Caveney;1925;0,622
343390;Andujar Cedeno;1991;0,688
343390;Andujar Cedeno;1992;0,509
343390;Andujar Cedeno;1993;0,758
343390;Andujar Cedeno;1994;0,752
343390;Andujar Cedeno;1995;0,579
343391;Cesar Cedeno;1970;0,79
343391;Cesar Cedeno;1971;0,69
343391;Cesar Cedeno;1972;0,921
343391;Cesar Cedeno;1973;0,913
343391;Cesar Cedeno;1974;0,799
343391;Cesar Cedeno;1975;0,811
343391;Cesar Cedeno;1976;0,811
343391;Cesar Cedeno;1977;0,802
343391;Cesar Cedeno;1979;0,722
343391;Cesar Cedeno;1980;0,854
343391;Cesar Cedeno;1981;0,704
343391;Cesar Cedeno;1982;0,758
343391;Cesar Cedeno;1983;0,664
343391;Cesar Cedeno;1984;0,75
343391;Cesar Cedeno;1985;0,644
343392;Domingo Cedeno;1996;0,671
343392;Domingo Cedeno;1997;0,734
343393;Roger Cedeno;1996;0,663
343393;Roger Cedeno;1998;0,638
343393;Roger Cedeno;1999;0,804
343393;Roger Cedeno;2000;0,781
343393;Roger Cedeno;2001;0,733
343393;Roger Cedeno;2002;0,664
343393;Roger Cedeno;2003;0,698
343393;Roger Cedeno;2004;0,702
343394;Ronny Cedeno;2006;0,61
343394;Ronny Cedeno;2008;0,68
343394;Ronny Cedeno;2010;0,675
343394;Ronny Cedeno;2011;0,636
343398;Gilberto Celestino;2022;0,615
343401;Orlando Cepeda;1958;0,854
343401;Orlando Cepeda;1959;0,878
343401;Orlando Cepeda;1960;0,84
343401;Orlando Cepeda;1961;0,97
343401;Orlando Cepeda;1962;0,865
343401;Orlando Cepeda;1963;0,929
343401;Orlando Cepeda;1964;0,9
343401;Orlando Cepeda;1966;0,831
343401;Orlando Cepeda;1967;0,923
343401;Orlando Cepeda;1968;0,685
343401;Orlando Cepeda;1969;0,753
343401;Orlando Cepeda;1970;0,908
343401;Orlando Cepeda;1971;0,822
343401;Orlando Cepeda;1973;0,793
343406;Rick Cerone;1978;0,582
343406;Rick Cerone;1979;0,652
343406;Rick Cerone;1980;0,753
343406;Rick Cerone;1981;0,618
343406;Rick Cerone;1982;0,581
343406;Rick Cerone;1983;0,54
343406;Rick Cerone;1985;0,568
343406;Rick Cerone;1986;0,683
343406;Rick Cerone;1987;0,654
343406;Rick Cerone;1988;0,686
343406;Rick Cerone;1989;0,665
343406;Rick Cerone;1991;0,717
343409;Bob Cerv;1957;0,732
343409;Bob Cerv;1958;0,963
343409;Bob Cerv;1959;0,812
343409;Bob Cerv;1960;0,771
343410;Francisco Cervelli;2010;0,694
343410;Francisco Cervelli;2015;0,771
343410;Francisco Cervelli;2016;0,699
343410;Francisco Cervelli;2017;0,712
343410;Francisco Cervelli;2018;0,809
343413;Yoenis Cespedes;2012;0,861
343413;Yoenis Cespedes;2013;0,737
343413;Yoenis Cespedes;2014;0,743
343413;Yoenis Cespedes;2015;0,8855
343413;Yoenis Cespedes;2016;0,884
343413;Yoenis Cespedes;2017;0,892
343415;Ron Cey;1973;0,723
343415;Ron Cey;1974;0,746
343415;Ron Cey;1975;0,845
343415;Ron Cey;1976;0,848
343415;Ron Cey;1977;0,797
343415;Ron Cey;1978;0,833
343415;Ron Cey;1979;0,888
343415;Ron Cey;1980;0,794
343415;Ron Cey;1981;0,846
343415;Ron Cey;1982;0,751
343415;Ron Cey;1983;0,805
343415;Ron Cey;1984;0,766
343415;Ron Cey;1985;0,724
343415;Ron Cey;1986;0,891
343419;Elio Chacon;1962;0,664
343420;Pelayo Chacón;1915;0,616
343422;Chet Chadbourne;1914;0,706
343422;Chet Chadbourne;1915;0,596
343428;Dave Chalk;1974;0,62
343428;Dave Chalk;1975;0,698
343428;Dave Chalk;1976;0,561
343428;Dave Chalk;1977;0,7
343428;Dave Chalk;1978;0,603
343428;Dave Chalk;1979;0,595
343434;Chris Chambliss;1971;0,749
343434;Chris Chambliss;1972;0,724
343434;Chris Chambliss;1973;0,732
343434;Chris Chambliss;1974;0,625
343434;Chris Chambliss;1975;0,77
343434;Chris Chambliss;1976;0,765
343434;Chris Chambliss;1977;0,781
343434;Chris Chambliss;1978;0,703
343434;Chris Chambliss;1979;0,761
343434;Chris Chambliss;1980;0,779
343434;Chris Chambliss;1981;0,746
343434;Chris Chambliss;1982;0,773
343434;Chris Chambliss;1983;0,847
343434;Chris Chambliss;1984;0,713
343445;Wes Chamberlain;1991;0,7
343445;Wes Chamberlain;1992;0,707
343445;Wes Chamberlain;1993;0,813
343447;Mike Champion;1977;0,557
343448;Bob Chance;1964;0,78
343450;Frank Chance;1901;0,737
343450;Frank Chance;1902;0,773
343450;Frank Chance;1903;0,878
343450;Frank Chance;1904;0,812
343450;Frank Chance;1905;0,883
343450;Frank Chance;1906;0,849
343450;Frank Chance;1907;0,756
343450;Frank Chance;1908;0,701
343450;Frank Chance;1909;0,686
343450;Frank Chance;1910;0,788
343455;Darrel Chaney;1969;0,512
343455;Darrel Chaney;1973;0,487
343455;Darrel Chaney;1976;0,654
343455;Darrel Chaney;1977;0,557
343455;Darrel Chaney;1978;0,601
343457;Yu Chang;2021;0,693
343467;Ben Chapman;1930;0,845
343467;Ben Chapman;1931;0,879
343467;Ben Chapman;1932;0,854
343467;Ben Chapman;1933;0,83
343467;Ben Chapman;1934;0,795
343467;Ben Chapman;1935;0,791
343467;Ben Chapman;1936;0,917
343467;Ben Chapman;1937;0,854
343467;Ben Chapman;1938;0,912
343467;Ben Chapman;1939;0,802
343467;Ben Chapman;1940;0,781
343468;Calvin Chapman;1936;0,62
343475;Jack Chapman;1874;0,599
343481;Matt Chapman;2017;0,785
343481;Matt Chapman;2018;0,864
343481;Matt Chapman;2019;0,848
343481;Matt Chapman;2021;0,716
343481;Matt Chapman;2022;0,757
343481;Matt Chapman;2023;0,755
343481;Matt Chapman;2024;0,79
343481;Matt Chapman;2025;0,77
343482;Ray Chapman;1913;0,662
343482;Ray Chapman;1914;0,745
343482;Ray Chapman;1915;0,723
343482;Ray Chapman;1916;0,619
343482;Ray Chapman;1917;0,779
343482;Ray Chapman;1918;0,742
343482;Ray Chapman;1919;0,772
343482;Ray Chapman;1920;0,803
343483;Sam Chapman;1938;0,813
343483;Sam Chapman;1939;0,77
343483;Sam Chapman;1940;0,811
343483;Sam Chapman;1941;0,921
343483;Sam Chapman;1946;0,757
343483;Sam Chapman;1947;0,71
343483;Sam Chapman;1948;0,755
343483;Sam Chapman;1949;0,822
343483;Sam Chapman;1950;0,772
343483;Sam Chapman;1951;0,65
343487;Larry Chappell;1913;0,574
343488;Joe Charboneau;1980;0,846
343491;Raymond Charles;1908;0,494
343491;Raymond Charles;1909;0,584
343492;Ed Charles;1962;0,811
343492;Ed Charles;1963;0,727
343492;Ed Charles;1964;0,7
343492;Ed Charles;1965;0,72
343492;Ed Charles;1966;0,781
343492;Ed Charles;1967;0,619
343492;Ed Charles;1968;0,761
343495;Oscar Charleston;1915;0,673
343495;Oscar Charleston;1920;0,892
343495;Oscar Charleston;1921;1,25
343495;Oscar Charleston;1922;1,122
343495;Oscar Charleston;1923;1,043
343495;Oscar Charleston;1924;1,259
343495;Oscar Charleston;1925;1,299
343495;Oscar Charleston;1927;1,184
343495;Oscar Charleston;1928;1,072
343495;Oscar Charleston;1929;1,03
343495;Oscar Charleston;1930;0,947
343495;Oscar Charleston;1932;0,865
343495;Oscar Charleston;1933;1,027
343495;Oscar Charleston;1934;0,901
343499;Mike Chartak;1942;0,788
343499;Mike Chartak;1943;0,734
343502;Hal Chase;1905;0,606
343502;Hal Chase;1906;0,736
343502;Hal Chase;1907;0,672
343502;Hal Chase;1908;0,591
343502;Hal Chase;1909;0,674
343502;Hal Chase;1910;0,677
343502;Hal Chase;1911;0,762
343502;Hal Chase;1912;0,671
343502;Hal Chase;1913;0,703
343502;Hal Chase;1914;0,789
343502;Hal Chase;1915;0,787
343502;Hal Chase;1916;0,822
343502;Hal Chase;1917;0,69
343502;Hal Chase;1918;0,756
343502;Hal Chase;1919;0,715
343504;Buster Chatham;1930;0,74
343512;Endy Chavez;2003;0,648
343512;Endy Chavez;2004;0,688
343512;Endy Chavez;2006;0,779
343512;Endy Chavez;2008;0,638
343512;Endy Chavez;2011;0,749
343512;Endy Chavez;2013;0,617
343512;Endy Chavez;2014;0,688
343513;Eric Chavez;1999;0,76
343513;Eric Chavez;2000;0,85
343513;Eric Chavez;2001;0,878
343513;Eric Chavez;2002;0,86
343513;Eric Chavez;2003;0,864
343513;Eric Chavez;2004;0,898
343513;Eric Chavez;2005;0,794
343513;Eric Chavez;2006;0,786
343513;Eric Chavez;2007;0,752
343513;Eric Chavez;2012;0,845
343513;Eric Chavez;2013;0,81
343517;Michael Chavis;2019;0,766
343517;Michael Chavis;2022;0,654
343546;Cupid Childs;1890;0,915
343546;Cupid Childs;1891;0,769
343546;Cupid Childs;1892;0,841
343546;Cupid Childs;1893;0,888
343546;Cupid Childs;1894;0,935
343546;Cupid Childs;1895;0,755
343546;Cupid Childs;1896;0,913
343546;Cupid Childs;1897;0,854
343546;Cupid Childs;1898;0,732
343546;Cupid Childs;1899;0,711
343546;Cupid Childs;1900;0,609
343546;Cupid Childs;1901;0,656
343551;Pete Childs;1901;0,581
343551;Pete Childs;1902;0,462
343554;Pearce Chiles;1899;0,814
343555;Rich Chiles;1977;0,691
343557;Lou Chiozza;1934;0,739
343557;Lou Chiozza;1935;0,717
343557;Lou Chiozza;1936;0,726
343557;Lou Chiozza;1937;0,56
343560;Robinson Chirinos;2014;0,705
343560;Robinson Chirinos;2015;0,762
343560;Robinson Chirinos;2017;0,866
343560;Robinson Chirinos;2018;0,757
343560;Robinson Chirinos;2019;0,79
343562;Lonnie Chisenhall;2011;0,699
343562;Lonnie Chisenhall;2013;0,668
343562;Lonnie Chisenhall;2014;0,77
343562;Lonnie Chisenhall;2015;0,667
343562;Lonnie Chisenhall;2016;0,767
343562;Lonnie Chisenhall;2017;0,881
343563;Jazz Chisholm;2021;0,728
343563;Jazz Chisholm;2022;0,86
343563;Jazz Chisholm;2023;0,761
343563;Jazz Chisholm;2024;0,73
343563;Jazz Chisholm;2025;0,813
343567;Harry Chiti;1955;0,634
343567;Harry Chiti;1956;0,621
343567;Harry Chiti;1958;0,728
343574;Michael Choice;2014;0,57
343575;Hee-Seop Choi;2003;0,771
343575;Hee-Seop Choi;2004;0,882
343575;Hee-Seop Choi;2005;0,789
343576;Ji-Man Choi;2019;0,822
343576;Ji-Man Choi;2021;0,758
343576;Ji-Man Choi;2022;0,729
343578;Shin-Soo Choo;2008;0,946
343578;Shin-Soo Choo;2009;0,883
343578;Shin-Soo Choo;2010;0,885
343578;Shin-Soo Choo;2011;0,733
343578;Shin-Soo Choo;2012;0,815
343578;Shin-Soo Choo;2013;0,885
343578;Shin-Soo Choo;2014;0,714
343578;Shin-Soo Choo;2015;0,838
343578;Shin-Soo Choo;2017;0,78
343578;Shin-Soo Choo;2018;0,81
343578;Shin-Soo Choo;2019;0,826
343582;Jackson Chourio;2024;0,791
343582;Jackson Chourio;2025;0,77
343587;Walter Christensen;1926;0,864
343590;Joe Christopher;1962;0,699
343590;Joe Christopher;1964;0,826
343590;Joe Christopher;1965;0,65
343596;Mark Christman;1938;0,609
343596;Mark Christman;1939;0,551
343596;Mark Christman;1943;0,669
343596;Mark Christman;1944;0,684
343596;Mark Christman;1945;0,698
343596;Mark Christman;1946;0,616
343596;Mark Christman;1947;0,568
343596;Mark Christman;1948;0,621
343600;Neil Chrisley;1958;0,608
343600;Neil Chrisley;1960;0,707
343603;Ryan Christenson;1998;0,689
343603;Ryan Christenson;1999;0,611
343613;Ryan Church;2005;0,82
343613;Ryan Church;2007;0,813
343613;Ryan Church;2008;0,785
343613;Ryan Church;2009;0,707
343618;Archi Cianfrocco;1992;0,634
343618;Archi Cianfrocco;1993;0,702
343618;Archi Cianfrocco;1997;0,683
343624;Ted Cieslak;1944;0,632
343625;Al Cihocki;1945;0,507
343629;Gino Cimoli;1957;0,753
343629;Gino Cimoli;1958;0,658
343629;Gino Cimoli;1959;0,757
343629;Gino Cimoli;1960;0,675
343629;Gino Cimoli;1962;0,743
343629;Gino Cimoli;1963;0,675
343632;Alex Cintron;2003;0,848
343632;Alex Cintron;2004;0,665
343632;Alex Cintron;2005;0,713
343632;Alex Cintron;2006;0,703
343635;Pedro Ciriaco;2012;0,705
343636;Jeff Cirillo;1995;0,813
343636;Jeff Cirillo;1996;0,894
343636;Jeff Cirillo;1997;0,793
343636;Jeff Cirillo;1998;0,847
343636;Jeff Cirillo;1999;0,862
343636;Jeff Cirillo;2000;0,869
343636;Jeff Cirillo;2001;0,838
343636;Jeff Cirillo;2002;0,629
343636;Jeff Cirillo;2003;0,555
343636;Jeff Cirillo;2006;0,784
343641;Bill Cissell;1928;0,636
343641;Bill Cissell;1929;0,699
343641;Bill Cissell;1930;0,67
343641;Bill Cissell;1931;0,54
343641;Bill Cissell;1932;0,794
343641;Bill Cissell;1933;0,624
343641;Bill Cissell;1934;0,661
343651;Bill Clancy;1905;0,576
343652;Bud Clancy;1927;0,71
343652;Bud Clancy;1928;0,699
343652;Bud Clancy;1929;0,724
343652;Bud Clancy;1930;0,628
343657;John Clapp;1873;0,698
343657;John Clapp;1875;0,62
343657;John Clapp;1876;0,656
343657;John Clapp;1877;0,727
343657;John Clapp;1878;0,694
343657;John Clapp;1879;0,64
343657;John Clapp;1880;0,691
343657;John Clapp;1881;0,655
343663;Allie Clark;1948;0,807
343665;Artie Clarke;1890;0,586
343668;Bob Clark;1886;0,522
343669;William Clarke;1895;0,727
343669;William Clarke;1896;0,755
343669;William Clarke;1897;0,64
343669;William Clarke;1898;0,563
343669;William Clarke;1899;0,553
343669;William Clarke;1900;0,703
343669;William Clarke;1901;0,695
343669;William Clarke;1902;0,712
343669;William Clarke;1903;0,581
343669;William Clarke;1904;0,517
343671;Bobby Clark;1980;0,6
343671;Bobby Clark;1983;0,615
343672;Bob Clarke;1929;0,629
343674;Brady Clark;2003;0,733
343674;Brady Clark;2004;0,782
343674;Brady Clark;2005;0,798
343674;Brady Clark;2006;0,683
343675;Bus Clarkson;1942;0,99
343683;Danny Clark;1924;0,763
343684;Dave Clark;1989;0,696
343684;Dave Clark;1993;0,803
343684;Dave Clark;1994;0,844
343684;Dave Clark;1996;0,831
343689;Earl Clark;1929;0,74
343689;Earl Clark;1930;0,727
343691;Fred Clarke;1894;0,758
343691;Fred Clarke;1895;0,821
343691;Fred Clarke;1896;0,868
343691;Fred Clarke;1897;0,992
343691;Fred Clarke;1898;0,774
343691;Fred Clarke;1899;0,836
343691;Fred Clarke;1900;0,764
343691;Fred Clarke;1901;0,856
343691;Fred Clarke;1902;0,85
343691;Fred Clarke;1903;0,946
343691;Fred Clarke;1904;0,777
343691;Fred Clarke;1905;0,77
343691;Fred Clarke;1906;0,784
343691;Fred Clarke;1907;0,772
343691;Fred Clarke;1908;0,712
343691;Fred Clarke;1909;0,756
343691;Fred Clarke;1910;0,723
343691;Fred Clarke;1911;0,9
343698;Horace Clarke;1966;0,705
343698;Horace Clarke;1967;0,637
343698;Horace Clarke;1968;0,512
343698;Horace Clarke;1969;0,706
343698;Horace Clarke;1970;0,595
343698;Horace Clarke;1971;0,639
343698;Horace Clarke;1972;0,616
343698;Horace Clarke;1973;0,625
343700;Jack Clark;1977;0,739
343700;Jack Clark;1978;0,895
343700;Jack Clark;1979;0,825
343700;Jack Clark;1980;0,9
343700;Jack Clark;1981;0,801
343700;Jack Clark;1982;0,853
343700;Jack Clark;1983;0,802
343700;Jack Clark;1984;0,971
343700;Jack Clark;1985;0,895
343700;Jack Clark;1986;0,784
343700;Jack Clark;1987;1,055
343700;Jack Clark;1988;0,815
343700;Jack Clark;1989;0,869
343700;Jack Clark;1990;0,974
343700;Jack Clark;1991;0,84
343700;Jack Clark;1992;0,661
343701;Jerald Clark;1991;0,647
343701;Jerald Clark;1992;0,661
343701;Jerald Clark;1993;0,768
343706;John Clarkson;1885;0,556
343706;John Clarkson;1886;0,562
343706;John Clarkson;1887;0,674
343706;John Clarkson;1888;0,485
343706;John Clarkson;1889;0,524
343707;Josh Clarke;1908;0,628
343712;Mel Clark;1954;0,643
343714;Morten Clark;1920;0,726
343714;Morten Clark;1921;0,7
343714;Morten Clark;1922;0,561
343715;Jay Clarke;1907;0,704
343715;Jay Clarke;1908;0,635
343715;Jay Clarke;1911;0,549
343719;Phil Clark;1993;0,841
343723;Ron Clark;1968;0,474
343726;Spider Clark;1890;0,664
343732;Tommy Clarke;1911;0,682
343732;Tommy Clarke;1913;0,7
343732;Tommy Clarke;1914;0,7
343732;Tommy Clarke;1915;0,717
343733;Tony Clark;1996;0,802
343733;Tony Clark;1997;0,876
343733;Tony Clark;1998;0,88
343733;Tony Clark;1999;0,869
343733;Tony Clark;2000;0,878
343733;Tony Clark;2001;0,856
343733;Tony Clark;2002;0,556
343733;Tony Clark;2003;0,772
343733;Tony Clark;2004;0,755
343733;Tony Clark;2005;1,003
343733;Tony Clark;2007;0,822
343737;Willie Clark;1896;0,724
343737;Willie Clark;1897;0,729
343737;Willie Clark;1898;0,808
343737;Willie Clark;1899;0,77
343738;Will Clark;1986;0,787
343738;Will Clark;1987;0,951
343738;Will Clark;1988;0,894
343738;Will Clark;1989;0,953
343738;Will Clark;1990;0,805
343738;Will Clark;1991;0,895
343738;Will Clark;1992;0,86
343738;Will Clark;1993;0,799
343738;Will Clark;1994;0,932
343738;Will Clark;1995;0,869
343738;Will Clark;1996;0,813
343738;Will Clark;1997;0,896
343738;Will Clark;1998;0,891
343738;Will Clark;1999;0,877
343738;Will Clark;2000;0,886
343741;Ellis Clary;1942;0,706
343741;Ellis Clary;1943;0,709
343754;Dain Clay;1944;0,582
343754;Dain Clay;1945;0,656
343754;Dain Clay;1946;0,599
343759;Royce Clayton;1992;0,589
343759;Royce Clayton;1993;0,702
343759;Royce Clayton;1994;0,623
343759;Royce Clayton;1995;0,64
343759;Royce Clayton;1996;0,692
343759;Royce Clayton;1997;0,704
343759;Royce Clayton;1998;0,64
343759;Royce Clayton;1999;0,792
343759;Royce Clayton;2000;0,685
343759;Royce Clayton;2001;0,708
343759;Royce Clayton;2002;0,661
343759;Royce Clayton;2003;0,634
343759;Royce Clayton;2004;0,735
343759;Royce Clayton;2005;0,67
343759;Royce Clayton;2006;0,663
343769;Doug Clemens;1965;0,588
343772;Ernie Clement;2024;0,692
343772;Ernie Clement;2025;0,711
343773;Jack Clements;1887;0,719
343773;Jack Clements;1888;0,58
343773;Jack Clements;1889;0,731
343773;Jack Clements;1890;0,864
343773;Jack Clements;1891;0,806
343773;Jack Clements;1892;0,755
343773;Jack Clements;1893;0,849
343773;Jack Clements;1895;1,058
343773;Jack Clements;1898;0,684
343774;Jeff Clement;2008;0,654
343775;Kody Clemens;2025;0,725
343779;Roberto Clemente;1955;0,666
343779;Roberto Clemente;1956;0,761
343779;Roberto Clemente;1957;0,637
343779;Roberto Clemente;1958;0,736
343779;Roberto Clemente;1959;0,718
343779;Roberto Clemente;1960;0,815
343779;Roberto Clemente;1961;0,949
343779;Roberto Clemente;1962;0,805
343779;Roberto Clemente;1963;0,826
343779;Roberto Clemente;1964;0,872
343779;Roberto Clemente;1965;0,842
343779;Roberto Clemente;1966;0,896
343779;Roberto Clemente;1967;0,954
343779;Roberto Clemente;1968;0,838
343779;Roberto Clemente;1969;0,955
343779;Roberto Clemente;1970;0,963
343779;Roberto Clemente;1971;0,871
343779;Roberto Clemente;1972;0,835
343781;Wally Clement;1909;0,602
343784;Verne Clemons;1919;0,696
343784;Verne Clemons;1920;0,695
343784;Verne Clemons;1921;0,776
343785;Donn Clendenon;1962;0,853
343785;Donn Clendenon;1963;0,756
343785;Donn Clendenon;1964;0,767
343785;Donn Clendenon;1965;0,818
343785;Donn Clendenon;1966;0,878
343785;Donn Clendenon;1967;0,668
343785;Donn Clendenon;1968;0,708
343785;Donn Clendenon;1969;0,777
343785;Donn Clendenon;1970;0,863
343785;Donn Clendenon;1971;0,713
343798;Harlond Clift;1934;0,778
343798;Harlond Clift;1935;0,842
343798;Harlond Clift;1936;0,938
343798;Harlond Clift;1937;0,96
343798;Harlond Clift;1938;0,977
343798;Harlond Clift;1939;0,813
343798;Harlond Clift;1940;0,859
343798;Harlond Clift;1941;0,806
343798;Harlond Clift;1942;0,794
343798;Harlond Clift;1943;0,63
343798;Harlond Clift;1945;0,656
343799;Gene Clines;1971;0,758
343799;Gene Clines;1972;0,79
343799;Gene Clines;1973;0,656
343799;Gene Clines;1974;0,557
343799;Gene Clines;1975;0,554
343799;Gene Clines;1976;0,62
343799;Gene Clines;1977;0,756
343799;Gene Clines;1978;0,64
343800;Monk Cline;1884;0,723
343800;Monk Cline;1888;0,582
343801;Ty Cline;1962;0,639
343801;Ty Cline;1965;0,487
343801;Ty Cline;1968;0,528
343801;Ty Cline;1969;0,666
343802;Billy Clingman;1895;0,65
343802;Billy Clingman;1896;0,611
343802;Billy Clingman;1897;0,614
343802;Billy Clingman;1898;0,628
343802;Billy Clingman;1899;0,696
343802;Billy Clingman;1901;0,612
343803;Jim Clinton;1883;0,75
343803;Jim Clinton;1884;0,686
343803;Jim Clinton;1885;0,551
343804;Lou Clinton;1960;0,657
343804;Lou Clinton;1962;0,89
343804;Lou Clinton;1963;0,71
343804;Lou Clinton;1964;0,712
343804;Lou Clinton;1965;0,654
343808;JD Closser;2005;0,689
343819;Otis Clymer;1905;0,686
343819;Otis Clymer;1907;0,784
343819;Otis Clymer;1908;0,604
343823;Gil Coan;1948;0,631
343823;Gil Coan;1949;0,586
343823;Gil Coan;1950;0,788
343823;Gil Coan;1951;0,782
343823;Gil Coan;1952;0,596
343823;Gil Coan;1954;0,671
343833;Ty Cobb;1906;0,749
343833;Ty Cobb;1907;0,848
343833;Ty Cobb;1908;0,844
343833;Ty Cobb;1909;0,947
343833;Ty Cobb;1910;1,004
343833;Ty Cobb;1911;1,088
343833;Ty Cobb;1912;1,04
343833;Ty Cobb;1913;1,002
343833;Ty Cobb;1914;0,979
343833;Ty Cobb;1915;0,973
343833;Ty Cobb;1916;0,944
343833;Ty Cobb;1917;1,014
343833;Ty Cobb;1918;0,955
343833;Ty Cobb;1919;0,944
343833;Ty Cobb;1920;0,867
343833;Ty Cobb;1921;1,048
343833;Ty Cobb;1922;1,026
343833;Ty Cobb;1923;0,882
343833;Ty Cobb;1924;0,867
343833;Ty Cobb;1925;1,066
343833;Ty Cobb;1926;0,918
343833;Ty Cobb;1927;0,921
343833;Ty Cobb;1928;0,819
343840;Mickey Cochrane;1925;0,845
343840;Mickey Cochrane;1926;0,777
343840;Mickey Cochrane;1927;0,904
343840;Mickey Cochrane;1928;0,859
343840;Mickey Cochrane;1929;0,887
343840;Mickey Cochrane;1930;0,949
343840;Mickey Cochrane;1931;0,976
343840;Mickey Cochrane;1932;0,921
343840;Mickey Cochrane;1933;0,974
343840;Mickey Cochrane;1934;0,84
343840;Mickey Cochrane;1935;0,902
343850;Jack Coffey;1909;0,462
343860;Rich Coggins;1973;0,831
343860;Rich Coggins;1974;0,618
343861;Chris Coghlan;2009;0,85
343861;Chris Coghlan;2010;0,718
343861;Chris Coghlan;2011;0,664
343861;Chris Coghlan;2014;0,804
343861;Chris Coghlan;2015;0,784
343862;Ed Cogswell;1879;0,721
343862;Ed Cogswell;1880;0,7
343864;Andy Cohen;1928;0,721
343864;Andy Cohen;1929;0,703
343870;Jimmie Coker;1960;0,619
343871;Chris Colabello;2014;0,662
343871;Chris Colabello;2015;0,886
343875;Oscar Colás;2023;0,571
343876;Rocky Colavito;1956;0,903
343876;Rocky Colavito;1957;0,819
343876;Rocky Colavito;1958;1,024
343876;Rocky Colavito;1959;0,849
343876;Rocky Colavito;1960;0,791
343876;Rocky Colavito;1961;0,982
343876;Rocky Colavito;1962;0,885
343876;Rocky Colavito;1963;0,795
343876;Rocky Colavito;1964;0,873
343876;Rocky Colavito;1965;0,851
343876;Rocky Colavito;1966;0,767
343879;Nate Colbert;1969;0,804
343879;Nate Colbert;1970;0,836
343879;Nate Colbert;1971;0,801
343879;Nate Colbert;1972;0,841
343879;Nate Colbert;1973;0,793
343879;Nate Colbert;1974;0,683
343882;Greg Colbrunn;1995;0,763
343882;Greg Colbrunn;1996;0,772
343882;Greg Colbrunn;1997;0,722
343882;Greg Colbrunn;2000;0,928
343885;Alex Cole;1990;0,736
343885;Alex Cole;1991;0,74
343885;Alex Cole;1992;0,696
343885;Alex Cole;1993;0,644
343885;Alex Cole;1994;0,778
343890;Dick Cole;1953;0,71
343890;Dick Cole;1954;0,664
343890;Dick Cole;1955;0,569
343897;Choo-Choo Coleman;1963;0,479
343903;Ed Coleman;1933;0,728
343903;Ed Coleman;1934;0,828
343903;Ed Coleman;1935;0,871
343905;Gordy Coleman;1960;0,699
343905;Gordy Coleman;1961;0,845
343905;Gordy Coleman;1962;0,816
343905;Gordy Coleman;1963;0,731
343905;Gordy Coleman;1965;0,838
343905;Gordy Coleman;1966;0,647
343906;Jerry Coleman;1949;0,725
343906;Jerry Coleman;1950;0,753
343906;Jerry Coleman;1951;0,63
343906;Jerry Coleman;1954;0,555
343907;John Coleman;1883;0,579
343907;John Coleman;1885;0,76
343907;John Coleman;1886;0,644
343907;John Coleman;1887;0,733
343907;John Coleman;1888;0,558
343916;Ray Coleman;1947;0,658
343916;Ray Coleman;1948;0,669
343916;Ray Coleman;1950;0,76
343916;Ray Coleman;1951;0,731
343918;Vince Coleman;1985;0,655
343918;Vince Coleman;1986;0,581
343918;Vince Coleman;1987;0,721
343918;Vince Coleman;1988;0,652
343918;Vince Coleman;1989;0,65
343918;Vince Coleman;1990;0,741
343918;Vince Coleman;1991;0,674
343918;Vince Coleman;1992;0,713
343918;Vince Coleman;1993;0,691
343918;Vince Coleman;1994;0,626
343918;Vince Coleman;1995;0,747
343921;Darnell Coles;1986;0,786
343921;Darnell Coles;1988;0,673
343921;Darnell Coles;1989;0,653
343939;Bill Collins;1910;0,599
343942;Dave Collins;1975;0,7
343942;Dave Collins;1976;0,669
343942;Dave Collins;1977;0,613
343942;Dave Collins;1979;0,765
343942;Dave Collins;1980;0,736
343942;Dave Collins;1981;0,735
343942;Dave Collins;1982;0,646
343942;Dave Collins;1983;0,671
343942;Dave Collins;1984;0,811
343942;Dave Collins;1985;0,648
343942;Dave Collins;1986;0,67
343944;Eddie Collins;1908;0,691
343944;Eddie Collins;1909;0,866
343944;Eddie Collins;1910;0,8
343944;Eddie Collins;1911;0,932
343944;Eddie Collins;1912;0,885
343944;Eddie Collins;1913;0,894
343944;Eddie Collins;1914;0,904
343944;Eddie Collins;1915;0,896
343944;Eddie Collins;1916;0,802
343944;Eddie Collins;1917;0,752
343944;Eddie Collins;1918;0,737
343944;Eddie Collins;1919;0,805
343944;Eddie Collins;1920;0,932
343944;Eddie Collins;1921;0,836
343944;Eddie Collins;1922;0,804
343944;Eddie Collins;1923;0,909
343944;Eddie Collins;1924;0,896
343944;Eddie Collins;1925;0,904
343944;Eddie Collins;1926;0,9
343944;Eddie Collins;1927;0,88
343945;Eddie Collins;1941;0,602
343950;Hub Collins;1887;0,701
343950;Hub Collins;1888;0,785
343950;Hub Collins;1889;0,684
343950;Hub Collins;1890;0,771
343950;Hub Collins;1891;0,721
343951;Isaac Collins;2025;0,779
343952;Jimmy Collins;1895;0,751
343952;Jimmy Collins;1896;0,772
343952;Jimmy Collins;1897;0,882
343952;Jimmy Collins;1898;0,856
343952;Jimmy Collins;1899;0,721
343952;Jimmy Collins;1900;0,747
343952;Jimmy Collins;1901;0,869
343952;Jimmy Collins;1902;0,82
343952;Jimmy Collins;1903;0,777
343952;Jimmy Collins;1904;0,685
343952;Jimmy Collins;1905;0,7
343952;Jimmy Collins;1907;0,66
343952;Jimmy Collins;1908;0,521
343953;Joe Collins;1950;0,754
343953;Joe Collins;1951;0,826
343953;Joe Collins;1952;0,845
343953;Joe Collins;1953;0,805
343953;Joe Collins;1954;0,812
343953;Joe Collins;1955;0,753
343953;Joe Collins;1956;0,661
343955;Lou Collier;1998;0,655
343959;Pat Collins;1926;0,85
343959;Pat Collins;1927;0,825
343964;Ripper Collins;1931;0,837
343964;Ripper Collins;1932;0,802
343964;Ripper Collins;1933;0,816
343964;Ripper Collins;1934;1,008
343964;Ripper Collins;1935;0,915
343964;Ripper Collins;1936;0,908
343964;Ripper Collins;1937;0,765
343964;Ripper Collins;1938;0,768
343966;Shano Collins;1910;0,547
343966;Shano Collins;1911;0,712
343966;Shano Collins;1912;0,723
343966;Shano Collins;1913;0,613
343966;Shano Collins;1914;0,688
343966;Shano Collins;1915;0,666
343966;Shano Collins;1916;0,664
343966;Shano Collins;1917;0,59
343966;Shano Collins;1918;0,702
343966;Shano Collins;1920;0,731
343966;Shano Collins;1921;0,72
343966;Shano Collins;1922;0,647
343966;Shano Collins;1923;0,555
343966;Shano Collins;1924;0,753
343973;Zip Collins;1915;0,693
343973;Zip Collins;1916;0,53
343977;Frank Colman;1944;0,779
343989;Bob Coluccio;1973;0,722
343989;Bob Coluccio;1974;0,627
343990;Tyler Colvin;2010;0,816
343990;Tyler Colvin;2011;0,509
343990;Tyler Colvin;2012;0,858
343994;Earle Combs;1925;0,873
343994;Earle Combs;1926;0,781
343994;Earle Combs;1927;0,925
343994;Earle Combs;1928;0,85
343994;Earle Combs;1929;0,881
343994;Earle Combs;1930;0,947
343994;Earle Combs;1931;0,84
343994;Earle Combs;1932;0,86
343994;Earle Combs;1933;0,837
343994;Earle Combs;1934;0,847
343994;Earle Combs;1935;0,722
344000;Wayne Comer;1969;0,735
344001;Charlie Comiskey;1882;0,562
344001;Charlie Comiskey;1883;0,71
344001;Charlie Comiskey;1884;0,566
344001;Charlie Comiskey;1885;0,652
344001;Charlie Comiskey;1886;0,594
344001;Charlie Comiskey;1887;0,79
344001;Charlie Comiskey;1888;0,652
344001;Charlie Comiskey;1889;0,695
344001;Charlie Comiskey;1890;0,566
344001;Charlie Comiskey;1891;0,611
344001;Charlie Comiskey;1892;0,565
344001;Charlie Comiskey;1893;0,531
344001;Charlie Comiskey;1894;0,599
344003;Adam Comorosky;1929;0,838
344003;Adam Comorosky;1930;0,9
344003;Adam Comorosky;1931;0,601
344003;Adam Comorosky;1932;0,726
344003;Adam Comorosky;1934;0,626
344007;Pete Compton;1912;0,694
344010;Clint Conatser;1948;0,754
344011;Dave Concepcion;1970;0,641
344011;Dave Concepcion;1971;0,496
344011;Dave Concepcion;1972;0,541
344011;Dave Concepcion;1973;0,76
344011;Dave Concepcion;1974;0,732
344011;Dave Concepcion;1975;0,679
344011;Dave Concepcion;1976;0,736
344011;Dave Concepcion;1977;0,691
344011;Dave Concepcion;1978;0,763
344011;Dave Concepcion;1979;0,764
344011;Dave Concepcion;1980;0,66
344011;Dave Concepcion;1981;0,767
344011;Dave Concepcion;1982;0,707
344011;Dave Concepcion;1983;0,583
344011;Dave Concepcion;1984;0,628
344011;Dave Concepcion;1985;0,645
344011;Dave Concepcion;1986;0,658
344011;Dave Concepcion;1987;0,761
344014;Onix Concepcion;1982;0,544
344014;Onix Concepcion;1983;0,602
344014;Onix Concepcion;1984;0,657
344014;Onix Concepcion;1985;0,5
344020;Michael Conforto;2016;0,725
344020;Michael Conforto;2017;0,939
344020;Michael Conforto;2018;0,797
344020;Michael Conforto;2019;0,856
344020;Michael Conforto;2020;0,927
344020;Michael Conforto;2021;0,729
344020;Michael Conforto;2023;0,718
344020;Michael Conforto;2024;0,759
344020;Michael Conforto;2025;0,637
344021;Bunk Congalton;1906;0,757
344021;Bunk Congalton;1907;0,671
344023;Hank Conger;2013;0,713
344023;Hank Conger;2014;0,618
344023;Hank Conger;2015;0,759
344024;Billy Conigliaro;1970;0,801
344024;Billy Conigliaro;1971;0,745
344025;Tony Conigliaro;1964;0,883
344025;Tony Conigliaro;1965;0,85
344025;Tony Conigliaro;1966;0,817
344025;Tony Conigliaro;1967;0,86
344025;Tony Conigliaro;1969;0,748
344025;Tony Conigliaro;1970;0,822
344025;Tony Conigliaro;1971;0,62
344027;Jeff Conine;1993;0,754
344027;Jeff Conine;1994;0,898
344027;Jeff Conine;1995;0,899
344027;Jeff Conine;1996;0,844
344027;Jeff Conine;1997;0,742
344027;Jeff Conine;1998;0,729
344027;Jeff Conine;1999;0,787
344027;Jeff Conine;2000;0,779
344027;Jeff Conine;2001;0,829
344027;Jeff Conine;2002;0,755
344027;Jeff Conine;2003;0,799
344027;Jeff Conine;2004;0,772
344027;Jeff Conine;2005;0,777
344027;Jeff Conine;2006;0,726
344027;Jeff Conine;2007;0,729
344029;Jocko Conlan;1934;0,635
344038;Frank Connaughton;1896;0,62
344051;Chuck Connors;1951;0,585
344052;Ed Connolly;1932;0,587
344055;Jim Connor;1897;0,748
344055;Jim Connor;1898;0,568
344055;Jim Connor;1899;0,508
344059;Joe Connolly;1913;0,788
344059;Joe Connolly;1914;0,886
344059;Joe Connolly;1915;0,784
344064;Roger Connor;1880;0,816
344064;Roger Connor;1881;0,706
344064;Roger Connor;1882;0,884
344064;Roger Connor;1883;0,9
344064;Roger Connor;1884;0,784
344064;Roger Connor;1885;0,929
344064;Roger Connor;1886;0,945
344064;Roger Connor;1887;0,933
344064;Roger Connor;1888;0,869
344064;Roger Connor;1889;0,955
344064;Roger Connor;1890;0,998
344064;Roger Connor;1891;0,848
344064;Roger Connor;1892;0,883
344064;Roger Connor;1893;0,863
344064;Roger Connor;1894;0,991
344064;Roger Connor;1895;0,924
344064;Roger Connor;1896;0,788
344069;Ben Conroy;1890;0,47
344071;Bill Conroy;1942;0,595
344073;Wid Conroy;1901;0,666
344073;Wid Conroy;1902;0,612
344073;Wid Conroy;1903;0,694
344073;Wid Conroy;1904;0,649
344073;Wid Conroy;1905;0,723
344073;Wid Conroy;1906;0,635
344073;Wid Conroy;1907;0,594
344073;Wid Conroy;1908;0,554
344073;Wid Conroy;1909;0,592
344073;Wid Conroy;1910;0,625
344073;Wid Conroy;1911;0,585
344074;Billy Consolo;1954;0,601
344074;Billy Consolo;1959;0,599
344078;Jason Conti;2002;0,698
344085;Willson Contreras;2016;0,845
344085;Willson Contreras;2017;0,855
344085;Willson Contreras;2018;0,73
344085;Willson Contreras;2019;0,888
344085;Willson Contreras;2021;0,778
344085;Willson Contreras;2022;0,815
344085;Willson Contreras;2023;0,826
344085;Willson Contreras;2024;0,848
344085;Willson Contreras;2025;0,791
344086;William Contreras;2022;0,86
344086;William Contreras;2023;0,825
344086;William Contreras;2024;0,831
344086;William Contreras;2025;0,754
344091;Jack Conway;1946;0,544
344108;Doc Cook;1914;0,681
344108;Doc Cook;1915;0,703
344110;Dusty Cooke;1930;0,775
344110;Dusty Cooke;1933;0,833
344110;Dusty Cooke;1935;0,839
344110;Dusty Cooke;1936;0,803
344110;Dusty Cooke;1938;0,728
344117;Paul Cook;1886;0,476
344117;Paul Cook;1887;0,577
344117;Paul Cook;1889;0,556
344117;Paul Cook;1890;0,597
344124;Duff Cooley;1894;0,67
344124;Duff Cooley;1895;0,851
344124;Duff Cooley;1896;0,724
344124;Duff Cooley;1897;0,807
344124;Duff Cooley;1898;0,771
344124;Duff Cooley;1899;0,69
344124;Duff Cooley;1900;0,484
344124;Duff Cooley;1901;0,639
344124;Duff Cooley;1902;0,711
344124;Duff Cooley;1903;0,72
344124;Duff Cooley;1904;0,684
344124;Duff Cooley;1905;0,629
344128;Jack Coombs;1908;0,642
344129;Ron Coomer;1996;0,851
344129;Ron Coomer;1997;0,761
344129;Ron Coomer;1998;0,702
344129;Ron Coomer;1999;0,731
344129;Ron Coomer;2000;0,733
344129;Ron Coomer;2001;0,706
344132;Jimmy Cooney;1890;0,721
344132;Jimmy Cooney;1891;0,609
344132;Jimmy Cooney;1892;0,425
344133;Jimmy Cooney;1924;0,727
344133;Jimmy Cooney;1926;0,599
344133;Jimmy Cooney;1927;0,629
344134;Johnny Cooney;1936;0,65
344134;Johnny Cooney;1937;0,686
344134;Johnny Cooney;1938;0,66
344134;Johnny Cooney;1939;0,635
344134;Johnny Cooney;1940;0,736
344134;Johnny Cooney;1941;0,743
344138;William Coon;1876;0,493
344139;Anthony Cooper;1930;0,575
344145;Cecil Cooper;1974;0,724
344145;Cecil Cooper;1975;0,899
344145;Cecil Cooper;1976;0,761
344145;Cecil Cooper;1977;0,789
344145;Cecil Cooper;1978;0,833
344145;Cecil Cooper;1979;0,872
344145;Cecil Cooper;1980;0,926
344145;Cecil Cooper;1981;0,858
344145;Cecil Cooper;1982;0,87
344145;Cecil Cooper;1983;0,849
344145;Cecil Cooper;1984;0,693
344145;Cecil Cooper;1985;0,779
344145;Cecil Cooper;1986;0,682
344145;Cecil Cooper;1987;0,665
344147;Claude Cooper;1914;0,64
344147;Claude Cooper;1915;0,789
344153;Garrett Cooper;2019;0,791
344153;Garrett Cooper;2021;0,845
344153;Garrett Cooper;2022;0,752
344153;Garrett Cooper;2023;0,723
344159;Scott Cooper;1992;0,729
344159;Scott Cooper;1993;0,752
344159;Scott Cooper;1994;0,786
344159;Scott Cooper;1995;0,634
344161;Walker Cooper;1941;0,606
344161;Walker Cooper;1942;0,761
344161;Walker Cooper;1943;0,812
344161;Walker Cooper;1944;0,855
344161;Walker Cooper;1946;0,706
344161;Walker Cooper;1947;0,926
344161;Walker Cooper;1948;0,805
344161;Walker Cooper;1949;0,809
344161;Walker Cooper;1950;0,917
344161;Walker Cooper;1951;0,884
344161;Walker Cooper;1952;0,643
344168;Alex Cora;2000;0,658
344168;Alex Cora;2001;0,591
344168;Alex Cora;2002;0,805
344168;Alex Cora;2003;0,625
344168;Alex Cora;2004;0,745
344168;Alex Cora;2006;0,609
344168;Alex Cora;2007;0,684
344168;Alex Cora;2009;0,63
344169;Joey Cora;1987;0,6
344169;Joey Cora;1991;0,589
344169;Joey Cora;1993;0,699
344169;Joey Cora;1994;0,715
344169;Joey Cora;1995;0,731
344169;Joey Cora;1996;0,757
344169;Joey Cora;1997;0,8
344169;Joey Cora;1998;0,748
344176;Claude Corbitt;1946;0,612
344176;Claude Corbitt;1948;0,595
344183;Larry Corcoran;1880;0,533
344183;Larry Corcoran;1883;0,535
344183;Larry Corcoran;1884;0,571
344187;Tim Corcoran;1978;0,643
344187;Tim Corcoran;1984;0,925
344189;Tommy Corcoran;1890;0,606
344189;Tommy Corcoran;1891;0,683
344189;Tommy Corcoran;1892;0,56
344189;Tommy Corcoran;1893;0,673
344189;Tommy Corcoran;1894;0,762
344189;Tommy Corcoran;1895;0,65
344189;Tommy Corcoran;1896;0,671
344189;Tommy Corcoran;1897;0,709
344189;Tommy Corcoran;1898;0,637
344189;Tommy Corcoran;1899;0,645
344189;Tommy Corcoran;1900;0,603
344189;Tommy Corcoran;1902;0,569
344189;Tommy Corcoran;1903;0,596
344189;Tommy Corcoran;1904;0,558
344189;Tommy Corcoran;1905;0,606
344189;Tommy Corcoran;1906;0,491
344189;Tommy Corcoran;1907;0,611
344192;Franchy Cordero;2022;0,697
344194;Ryan Cordell;2019;0,645
344195;Wil Cordero;1993;0,695
344195;Wil Cordero;1994;0,853
344195;Wil Cordero;1995;0,761
344195;Wil Cordero;1997;0,752
344195;Wil Cordero;1998;0,759
344195;Wil Cordero;2000;0,842
344195;Wil Cordero;2001;0,656
344195;Wil Cordero;2003;0,803
344197;Allen Cordoba;2017;0,579
344199;Marty Cordova;1995;0,839
344199;Marty Cordova;1996;0,849
344199;Marty Cordova;1997;0,739
344199;Marty Cordova;1998;0,709
344199;Marty Cordova;1999;0,828
344199;Marty Cordova;2000;0,657
344199;Marty Cordova;2001;0,855
344199;Marty Cordova;2002;0,759
344203;Fred Corey;1881;0,541
344203;Fred Corey;1882;0,63
344203;Fred Corey;1883;0,623
344203;Fred Corey;1884;0,727
344203;Fred Corey;1885;0,613
344207;Roy Corhan;1916;0,516
344208;John Corkhill;1883;0,524
344208;John Corkhill;1884;0,668
344208;John Corkhill;1885;0,594
344208;John Corkhill;1886;0,637
344208;John Corkhill;1887;0,747
344208;John Corkhill;1888;0,635
344208;John Corkhill;1889;0,674
344208;John Corkhill;1890;0,558
344208;John Corkhill;1891;0,537
344208;John Corkhill;1892;0,448
344225;Carlos Correa;2015;0,857
344225;Carlos Correa;2016;0,811
344225;Carlos Correa;2017;0,941
344225;Carlos Correa;2018;0,728
344225;Carlos Correa;2019;0,926
344225;Carlos Correa;2020;0,709
344225;Carlos Correa;2021;0,85
344225;Carlos Correa;2022;0,834
344225;Carlos Correa;2023;0,711
344225;Carlos Correa;2024;0,905
344225;Carlos Correa;2025;0,7445
344227;Francisco Correa;1926;0,642
344227;Francisco Correa;1927;0,656
344227;Francisco Correa;1929;0,771
344231;Vic Correll;1974;0,699
344231;Vic Correll;1975;0,665
344231;Vic Correll;1976;0,652
344235;Red Corriden;1914;0,641
344248;Joe Coscarart;1935;0,576
344248;Joe Coscarart;1936;0,594
344249;Pete Coscarart;1939;0,721
344249;Pete Coscarart;1940;0,664
344249;Pete Coscarart;1942;0,575
344249;Pete Coscarart;1943;0,613
344249;Pete Coscarart;1944;0,669
344249;Pete Coscarart;1945;0,699
344256;Shane Costa;2006;0,709
344257;Chris Coste;2008;0,748
344261;Humberto Cota;2005;0,672
344268;Hooks Cotter;1924;0,716
344270;Chuck Cottier;1960;0,574
344270;Chuck Cottier;1961;0,613
344270;Chuck Cottier;1962;0,651
344270;Chuck Cottier;1963;0,577
344271;Henry Cotto;1988;0,675
344271;Henry Cotto;1989;0,707
344271;Henry Cotto;1990;0,657
344271;Henry Cotto;1992;0,647
344277;Bill Coughlin;1901;0,712
344277;Bill Coughlin;1902;0,762
344277;Bill Coughlin;1903;0,569
344277;Bill Coughlin;1904;0,5915
344277;Bill Coughlin;1905;0,626
344277;Bill Coughlin;1906;0,59
344277;Bill Coughlin;1907;0,57
344277;Bill Coughlin;1908;0,501
344283;Bob Coulson;1911;0,606
344286;Craig Counsell;1998;0,729
344286;Craig Counsell;2001;0,721
344286;Craig Counsell;2002;0,699
344286;Craig Counsell;2003;0,631
344286;Craig Counsell;2004;0,645
344286;Craig Counsell;2005;0,726
344286;Craig Counsell;2006;0,674
344286;Craig Counsell;2007;0,632
344286;Craig Counsell;2008;0,658
344286;Craig Counsell;2009;0,766
344286;Craig Counsell;2010;0,64
344287;Clint Courtney;1952;0,743
344287;Clint Courtney;1953;0,631
344287;Clint Courtney;1954;0,684
344287;Clint Courtney;1955;0,739
344287;Clint Courtney;1956;0,807
344287;Clint Courtney;1957;0,76
344287;Clint Courtney;1958;0,676
344288;Ernie Courtney;1905;0,665
344288;Ernie Courtney;1906;0,592
344288;Ernie Courtney;1907;0,649
344304;Wes Covington;1957;0,875
344304;Wes Covington;1958;1,003
344304;Wes Covington;1959;0,726
344304;Wes Covington;1960;0,708
344304;Wes Covington;1962;0,742
344304;Wes Covington;1963;0,876
344304;Wes Covington;1964;0,803
344304;Wes Covington;1965;0,811
344305;Billy Cowan;1964;0,673
344308;Al Cowens;1974;0,589
344308;Al Cowens;1975;0,742
344308;Al Cowens;1976;0,639
344308;Al Cowens;1977;0,885
344308;Al Cowens;1978;0,707
344308;Al Cowens;1979;0,753
344308;Al Cowens;1980;0,709
344308;Al Cowens;1981;0,667
344308;Al Cowens;1982;0,8
344308;Al Cowens;1983;0,584
344308;Al Cowens;1984;0,747
344308;Al Cowens;1985;0,761
344309;Collin Cowgill;2014;0,684
344311;Colton Cowser;2024;0,768
344311;Colton Cowser;2025;0,655
344315;Billy Cox;1946;0,72
344315;Billy Cox;1947;0,755
344315;Billy Cox;1948;0,711
344315;Billy Cox;1949;0,641
344315;Billy Cox;1950;0,668
344315;Billy Cox;1951;0,747
344315;Billy Cox;1952;0,639
344315;Billy Cox;1953;0,806
344315;Billy Cox;1954;0,616
344316;Bobby Cox;1968;0,616
344321;Dick Cox;1925;0,859
344321;Dick Cox;1926;0,742
344328;Jim Cox;1974;0,58
344329;Larry Cox;1979;0,58
344329;Larry Cox;1980;0,552
344333;Steve Cox;2000;0,832
344333;Steve Cox;2001;0,75
344333;Steve Cox;2002;0,727
344335;Ted Cox;1978;0,563
344335;Ted Cox;1980;0,598
344341;Zack Cozart;2012;0,687
344341;Zack Cozart;2013;0,665
344341;Zack Cozart;2014;0,568
344341;Zack Cozart;2016;0,732
344341;Zack Cozart;2017;0,933
344341;Zack Cozart;2018;0,658
344346;Estel Crabtree;1931;0,686
344346;Estel Crabtree;1932;0,684
344346;Estel Crabtree;1943;0,692
344351;Harry Craft;1938;0,723
344351;Harry Craft;1939;0,701
344351;Harry Craft;1940;0,63
344351;Harry Craft;1941;0,676
344354;Allen Craig;2011;0,917
344354;Allen Craig;2012;0,876
344354;Allen Craig;2013;0,83
344354;Allen Craig;2014;0,638
344361;Rod Craig;1980;0,639
344368;Doc Cramer;1931;0,642
344368;Doc Cramer;1932;0,828
344368;Doc Cramer;1933;0,728
344368;Doc Cramer;1934;0,765
344368;Doc Cramer;1935;0,789
344368;Doc Cramer;1936;0,71
344368;Doc Cramer;1937;0,735
344368;Doc Cramer;1938;0,734
344368;Doc Cramer;1939;0,734
344368;Doc Cramer;1940;0,724
344368;Doc Cramer;1941;0,655
344368;Doc Cramer;1942;0,631
344368;Doc Cramer;1943;0,684
344368;Doc Cramer;1944;0,706
344368;Doc Cramer;1945;0,703
344368;Doc Cramer;1946;0,71
344370;Del Crandall;1949;0,66
344370;Del Crandall;1950;0,567
344370;Del Crandall;1953;0,759
344370;Del Crandall;1954;0,731
344370;Del Crandall;1955;0,756
344370;Del Crandall;1956;0,763
344370;Del Crandall;1957;0,718
344370;Del Crandall;1958;0,805
344370;Del Crandall;1959;0,741
344370;Del Crandall;1960;0,764
344370;Del Crandall;1962;0,765
344370;Del Crandall;1963;0,502
344371;Doc Crandall;1914;0,853
344372;Ed Crane;1884;0,759
344372;Ed Crane;1886;0,436
344374;Sam Crane;1883;0,549
344374;Sam Crane;1884;0,551
344374;Sam Crane;1885;0,502
344375;Sam Crane;1921;0,59
344376;Gavvy Cravath;1908;0,737
344376;Gavvy Cravath;1912;0,828
344376;Gavvy Cravath;1913;0,974
344376;Gavvy Cravath;1914;0,901
344376;Gavvy Cravath;1915;0,902
344376;Gavvy Cravath;1916;0,819
344376;Gavvy Cravath;1917;0,842
344376;Gavvy Cravath;1918;0,696
344376;Gavvy Cravath;1919;1,078
344377;Bill Craver;1874;0,851
344377;Bill Craver;1875;0,799
344377;Bill Craver;1876;0,47
344377;Bill Craver;1877;0,582
344379;Brandon Crawford;2012;0,653
344379;Brandon Crawford;2013;0,674
344379;Brandon Crawford;2014;0,713
344379;Brandon Crawford;2015;0,782
344379;Brandon Crawford;2016;0,772
344379;Brandon Crawford;2017;0,709
344379;Brandon Crawford;2018;0,719
344379;Brandon Crawford;2019;0,654
344379;Brandon Crawford;2021;0,895
344379;Brandon Crawford;2022;0,652
344379;Brandon Crawford;2023;0,587
344381;Carl Crawford;2002;0,661
344381;Carl Crawford;2003;0,671
344381;Carl Crawford;2004;0,781
344381;Carl Crawford;2005;0,8
344381;Carl Crawford;2006;0,83
344381;Carl Crawford;2007;0,82
344381;Carl Crawford;2008;0,718
344381;Carl Crawford;2009;0,816
344381;Carl Crawford;2010;0,851
344381;Carl Crawford;2011;0,694
344381;Carl Crawford;2013;0,736
344381;Carl Crawford;2014;0,767
344385;Glenn Crawford;1945;0,743
344390;J. P. Crawford;2019;0,684
344390;J. P. Crawford;2020;0,674
344390;J. P. Crawford;2021;0,715
344390;J. P. Crawford;2022;0,675
344390;J. P. Crawford;2023;0,818
344390;J. P. Crawford;2024;0,625
344390;J. P. Crawford;2025;0,722
344394;Pat Crawford;1930;0,729
344394;Pat Crawford;1933;0,638
344396;Sam Crawford;1900;0,744
344396;Sam Crawford;1901;0,903
344396;Sam Crawford;1902;0,848
344396;Sam Crawford;1903;0,855
344396;Sam Crawford;1904;0,67
344396;Sam Crawford;1905;0,786
344396;Sam Crawford;1906;0,747
344396;Sam Crawford;1907;0,826
344396;Sam Crawford;1908;0,812
344396;Sam Crawford;1909;0,817
344396;Sam Crawford;1910;0,756
344396;Sam Crawford;1911;0,964
344396;Sam Crawford;1912;0,843
344396;Sam Crawford;1913;0,86
344396;Sam Crawford;1914;0,871
344396;Sam Crawford;1915;0,799
344396;Sam Crawford;1916;0,76
344399;Willie Crawford;1969;0,732
344399;Willie Crawford;1970;0,694
344399;Willie Crawford;1971;0,776
344399;Willie Crawford;1972;0,752
344399;Willie Crawford;1973;0,849
344399;Willie Crawford;1974;0,808
344399;Willie Crawford;1975;0,731
344399;Willie Crawford;1976;0,801
344400;Dewey Creacy;1925;0,928
344400;Dewey Creacy;1926;1,02
344400;Dewey Creacy;1927;0,892
344400;Dewey Creacy;1928;0,927
344400;Dewey Creacy;1929;0,654
344400;Dewey Creacy;1930;0,81
344400;Dewey Creacy;1934;0,529
344400;Dewey Creacy;1935;0,804
344401;George Creamer;1880;0,448
344401;George Creamer;1881;0,484
344401;George Creamer;1882;0,599
344401;George Creamer;1883;0,616
344401;George Creamer;1884;0,46
344402;Joe Crede;2002;0,826
344402;Joe Crede;2003;0,741
344402;Joe Crede;2004;0,717
344402;Joe Crede;2005;0,756
344402;Joe Crede;2006;0,828
344402;Joe Crede;2008;0,773
344402;Joe Crede;2009;0,703
344403;Birdie Cree;1909;0,653
344403;Birdie Cree;1910;0,775
344403;Birdie Cree;1911;0,928
344403;Birdie Cree;1913;0,685
344403;Birdie Cree;1914;0,8
344417;Frank Crespi;1941;0,705
344417;Frank Crespi;1942;0,58
344422;Dylan Crews;2025;0,631
344427;Lou Criger;1898;0,739
344427;Lou Criger;1899;0,667
344427;Lou Criger;1900;0,647
344427;Lou Criger;1901;0,546
344427;Lou Criger;1902;0,685
344427;Lou Criger;1903;0,562
344427;Lou Criger;1904;0,58
344427;Lou Criger;1905;0,593
344427;Lou Criger;1907;0,45
344427;Lou Criger;1908;0,456
344427;Lou Criger;1909;0,444
344437;Coco Crisp;2003;0,655
344437;Coco Crisp;2004;0,79
344437;Coco Crisp;2005;0,81
344437;Coco Crisp;2006;0,702
344437;Coco Crisp;2007;0,712
344437;Coco Crisp;2008;0,751
344437;Coco Crisp;2010;0,779
344437;Coco Crisp;2011;0,693
344437;Coco Crisp;2012;0,742
344437;Coco Crisp;2013;0,779
344437;Coco Crisp;2014;0,699
344437;Coco Crisp;2016;0,698
344447;Hughie Critz;1924;0,8
344447;Hughie Critz;1925;0,665
344447;Hughie Critz;1926;0,687
344447;Hughie Critz;1927;0,68
344447;Hughie Critz;1928;0,722
344447;Hughie Critz;1929;0,629
344447;Hughie Critz;1930;0,652
344447;Hughie Critz;1931;0,7
344447;Hughie Critz;1932;0,668
344447;Hughie Critz;1933;0,586
344447;Hughie Critz;1934;0,575
344447;Hughie Critz;1935;0,44
344453;Art Croft;1877;0,508
344453;Art Croft;1878;0,361
344455;Fred Crolius;1901;0,591
344457;Warren Cromartie;1977;0,716
344457;Warren Cromartie;1978;0,755
344457;Warren Cromartie;1979;0,709
344457;Warren Cromartie;1980;0,775
344457;Warren Cromartie;1981;0,789
344457;Warren Cromartie;1982;0,744
344457;Warren Cromartie;1983;0,738
344459;Tripp Cromer;1995;0,586
344463;C. J. Cron;2014;0,739
344463;C. J. Cron;2015;0,739
344463;C. J. Cron;2016;0,792
344463;C. J. Cron;2017;0,741
344463;C. J. Cron;2018;0,816
344463;C. J. Cron;2019;0,78
344463;C. J. Cron;2021;0,905
344463;C. J. Cron;2022;0,783
344463;C. J. Cron;2023;0,78
344464;Jake Cronenworth;2021;0,8
344464;Jake Cronenworth;2022;0,722
344464;Jake Cronenworth;2023;0,689
344464;Jake Cronenworth;2024;0,714
344464;Jake Cronenworth;2025;0,744
344471;Joe Cronin;1928;0,631
344471;Joe Cronin;1929;0,809
344471;Joe Cronin;1930;0,934
344471;Joe Cronin;1931;0,87
344471;Joe Cronin;1932;0,885
344471;Joe Cronin;1933;0,843
344471;Joe Cronin;1934;0,774
344471;Joe Cronin;1935;0,83
344471;Joe Cronin;1936;0,757
344471;Joe Cronin;1937;0,887
344471;Joe Cronin;1938;0,964
344471;Joe Cronin;1939;0,899
344471;Joe Cronin;1940;0,882
344471;Joe Cronin;1941;0,914
344473;Jack Crooks;1890;0,611
344473;Jack Crooks;1891;0,71
344473;Jack Crooks;1892;0,694
344473;Jack Crooks;1893;0,714
344473;Jack Crooks;1895;0,811
344473;Jack Crooks;1898;0,639
344478;Bobby Crosby;2004;0,744
344478;Bobby Crosby;2005;0,802
344478;Bobby Crosby;2006;0,636
344478;Bobby Crosby;2007;0,619
344478;Bobby Crosby;2008;0,645
344478;Bobby Crosby;2009;0,652
344481;Ed Crosby;1972;0,527
344485;Frankie Crosetti;1932;0,709
344485;Frankie Crosetti;1933;0,716
344485;Frankie Crosetti;1934;0,744
344485;Frankie Crosetti;1935;0,781
344485;Frankie Crosetti;1936;0,824
344485;Frankie Crosetti;1937;0,692
344485;Frankie Crosetti;1938;0,752
344485;Frankie Crosetti;1939;0,647
344485;Frankie Crosetti;1940;0,572
344485;Frankie Crosetti;1942;0,672
344485;Frankie Crosetti;1943;0,596
344485;Frankie Crosetti;1945;0,634
344486;Amos Cross;1886;0,753
344492;Lave Cross;1887;0,655
344492;Lave Cross;1890;0,759
344492;Lave Cross;1891;0,823
344492;Lave Cross;1892;0,69
344492;Lave Cross;1893;0,739
344492;Lave Cross;1894;0,949
344492;Lave Cross;1895;0,684
344492;Lave Cross;1896;0,657
344492;Lave Cross;1897;0,645
344492;Lave Cross;1898;0,753
344492;Lave Cross;1899;0,725
344492;Lave Cross;1900;0,707
344492;Lave Cross;1901;0,823
344492;Lave Cross;1902;0,814
344492;Lave Cross;1903;0,66
344492;Lave Cross;1904;0,689
344492;Lave Cross;1905;0,631
344492;Lave Cross;1906;0,625
344494;Monte Cross;1895;0,702
344494;Monte Cross;1896;0,679
344494;Monte Cross;1897;0,774
344494;Monte Cross;1898;0,666
344494;Monte Cross;1899;0,675
344494;Monte Cross;1900;0,546
344494;Monte Cross;1901;0,518
344494;Monte Cross;1902;0,59
344494;Monte Cross;1903;0,645
344494;Monte Cross;1904;0,523
344494;Monte Cross;1905;0,681
344494;Monte Cross;1906;0,563
344494;Monte Cross;1907;0,598
344501;Frank Croucher;1939;0,664
344501;Frank Croucher;1941;0,63
344504;Buck Crouse;1924;0,627
344504;Buck Crouse;1927;0,596
344504;Buck Crouse;1928;0,636
344508;Pete Crow-Armstrong;2024;0,67
344508;Pete Crow-Armstrong;2025;0,768
344515;George Crowe;1952;0,712
344515;George Crowe;1955;0,869
344515;George Crowe;1957;0,818
344515;George Crowe;1958;0,748
344517;Trevor Crowe;2010;0,634
344519;Bill Crowley;1877;0,651
344519;Bill Crowley;1879;0,664
344519;Bill Crowley;1880;0,642
344519;Bill Crowley;1881;0,588
344519;Bill Crowley;1884;0,703
344519;Bill Crowley;1885;0,581
344522;Terry Crowley;1972;0,724
344522;Terry Crowley;1980;0,84
344528;Walton Cruise;1914;0,635
344528;Walton Cruise;1917;0,742
344528;Walton Cruise;1918;0,759
344528;Walton Cruise;1919;0,525
344528;Walton Cruise;1920;0,699
344528;Walton Cruise;1921;0,932
344528;Walton Cruise;1922;0,772
344536;Jimmie Crutchfield;1930;0,724
344536;Jimmie Crutchfield;1936;0,741
344538;Deivi Cruz;1997;0,577
344538;Deivi Cruz;1998;0,639
344538;Deivi Cruz;1999;0,729
344538;Deivi Cruz;2000;0,767
344538;Deivi Cruz;2001;0,67
344538;Deivi Cruz;2002;0,66
344538;Deivi Cruz;2003;0,647
344538;Deivi Cruz;2004;0,752
344538;Deivi Cruz;2005;0,698
344542;Hector Cruz;1976;0,625
344542;Hector Cruz;1977;0,683
344547;Jose Cruz;1971;0,801
344547;Jose Cruz;1972;0,628
344547;Jose Cruz;1973;0,689
344547;Jose Cruz;1975;0,761
344547;Jose Cruz;1976;0,777
344547;Jose Cruz;1977;0,843
344547;Jose Cruz;1978;0,836
344547;Jose Cruz;1979;0,788
344547;Jose Cruz;1980;0,787
344547;Jose Cruz;1981;0,745
344547;Jose Cruz;1982;0,719
344547;Jose Cruz;1983;0,848
344547;Jose Cruz;1984;0,842
344547;Jose Cruz;1985;0,776
344547;Jose Cruz;1986;0,754
344547;Jose Cruz;1987;0,707
344548;Jose Cruz;1997;0,778
344548;Jose Cruz;1998;0,757
344548;Jose Cruz;1999;0,791
344548;Jose Cruz;2000;0,789
344548;Jose Cruz;2001;0,857
344548;Jose Cruz;2002;0,754
344548;Jose Cruz;2003;0,779
344548;Jose Cruz;2004;0,766
344548;Jose Cruz;2005;0,783
344548;Jose Cruz;2006;0,734
344548;Jose Cruz;2007;0,691
344549;Julio Cruz;1978;0,588
344549;Julio Cruz;1979;0,689
344549;Julio Cruz;1980;0,564
344549;Julio Cruz;1981;0,656
344549;Julio Cruz;1982;0,66
344549;Julio Cruz;1983;0,622
344549;Julio Cruz;1984;0,605
344549;Julio Cruz;1985;0,528
344549;Julio Cruz;1986;0,567
344551;Luis Cruz;2012;0,753
344553;Nelson Cruz;2007;0,671
344553;Nelson Cruz;2009;0,856
344553;Nelson Cruz;2010;0,95
344553;Nelson Cruz;2011;0,821
344553;Nelson Cruz;2012;0,779
344553;Nelson Cruz;2013;0,833
344553;Nelson Cruz;2014;0,859
344553;Nelson Cruz;2015;0,936
344553;Nelson Cruz;2016;0,915
344553;Nelson Cruz;2017;0,924
344553;Nelson Cruz;2018;0,85
344553;Nelson Cruz;2019;1,031
344553;Nelson Cruz;2021;0,816
344553;Nelson Cruz;2022;0,651
344555;Oneil Cruz;2022;0,744
344555;Oneil Cruz;2024;0,773
344555;Oneil Cruz;2025;0,676
344560;Todd Cruz;1980;0,556
344560;Todd Cruz;1982;0,622
344560;Todd Cruz;1983;0,5515
344564;Mike Cubbage;1976;0,716
344564;Mike Cubbage;1977;0,712
344564;Mike Cubbage;1978;0,749
344564;Mike Cubbage;1979;0,72
344564;Mike Cubbage;1980;0,663
344567;Tony Cuccinello;1930;0,832
344567;Tony Cuccinello;1931;0,805
344567;Tony Cuccinello;1932;0,752
344567;Tony Cuccinello;1933;0,704
344567;Tony Cuccinello;1934;0,734
344567;Tony Cuccinello;1935;0,796
344567;Tony Cuccinello;1936;0,776
344567;Tony Cuccinello;1937;0,746
344567;Tony Cuccinello;1938;0,697
344567;Tony Cuccinello;1939;0,747
344567;Tony Cuccinello;1940;0,547
344567;Tony Cuccinello;1945;0,78
344569;Michael Cuddyer;2004;0,779
344569;Michael Cuddyer;2005;0,752
344569;Michael Cuddyer;2006;0,867
344569;Michael Cuddyer;2007;0,79
344569;Michael Cuddyer;2008;0,699
344569;Michael Cuddyer;2009;0,862
344569;Michael Cuddyer;2010;0,753
344569;Michael Cuddyer;2011;0,805
344569;Michael Cuddyer;2012;0,806
344569;Michael Cuddyer;2013;0,919
344569;Michael Cuddyer;2015;0,699
344581;Charlie Culberson;2014;0,544
344581;Charlie Culberson;2018;0,792
344581;Charlie Culberson;2021;0,676
344582;Leon Culberson;1943;0,727
344582;Leon Culberson;1944;0,621
344582;Leon Culberson;1945;0,745
344583;Dick Culler;1945;0,628
344583;Dick Culler;1946;0,641
344583;Dick Culler;1947;0,589
344586;Roy Cullenbine;1940;0,729
344586;Roy Cullenbine;1941;0,917
344586;Roy Cullenbine;1942;0,787
344586;Roy Cullenbine;1943;0,811
344586;Roy Cullenbine;1944;0,825
344586;Roy Cullenbine;1945;0,849
344586;Roy Cullenbine;1946;1,014
344586;Roy Cullenbine;1947;0,823
344587;Tim Cullen;1967;0,574
344587;Tim Cullen;1969;0,502
344587;Tim Cullen;1970;0,58
344587;Tim Cullen;1971;0,51
344590;Nick Cullop;1931;0,755
344600;Candy Cummings;1872;0,49
344600;Candy Cummings;1874;0,485
344600;Candy Cummings;1875;0,459
344601;Chance Cummings;1924;0,597
344601;Chance Cummings;1925;0,629
344601;Chance Cummings;1926;0,644
344604;Midre Cummings;1997;0,802
344613;Bill Cunningham;1911;0,517
344614;Bill Cunningham;1922;0,787
344614;Bill Cunningham;1923;0,694
344614;Bill Cunningham;1924;0,676
344619;Joe Cunningham;1954;0,82
344619;Joe Cunningham;1957;0,918
344619;Joe Cunningham;1958;0,945
344619;Joe Cunningham;1959;0,931
344619;Joe Cunningham;1960;0,749
344619;Joe Cunningham;1961;0,801
344619;Joe Cunningham;1962;0,837
344619;Joe Cunningham;1963;0,755
344619;Joe Cunningham;1965;0,703
344621;Marion Cunningham;1924;0,512
344621;Marion Cunningham;1925;0,579
344636;Goose Curry;1941;0,824
344640;Tony Curry;1960;0,716
344644;Chad Curtis;1992;0,713
344644;Chad Curtis;1993;0,73
344644;Chad Curtis;1994;0,714
344644;Chad Curtis;1995;0,784
344644;Chad Curtis;1996;0,738
344644;Chad Curtis;1997;0,837
344644;Chad Curtis;1998;0,714
344644;Chad Curtis;2000;0,767
344659;Guy Curtright;1943;0,761
344659;Guy Curtright;1945;0,766
344666;Jack Cust;2007;0,912
344666;Jack Cust;2008;0,851
344666;Jack Cust;2009;0,773
344666;Jack Cust;2010;0,834
344666;Jack Cust;2011;0,673
344667;Cheslor Cuthbert;2016;0,731
344667;Cheslor Cuthbert;2019;0,673
344668;Ned Cuthbert;1872;0,742
344668;Ned Cuthbert;1873;0,618
344668;Ned Cuthbert;1874;0,595
344668;Ned Cuthbert;1875;0,537
344668;Ned Cuthbert;1876;0,555
344668;Ned Cuthbert;1882;0,611
344669;George Cutshaw;1912;0,683
344669;George Cutshaw;1913;0,701
344669;George Cutshaw;1914;0,644
344669;George Cutshaw;1915;0,602
344669;George Cutshaw;1916;0,612
344669;George Cutshaw;1917;0,639
344669;George Cutshaw;1918;0,721
344669;George Cutshaw;1919;0,607
344669;George Cutshaw;1920;0,605
344669;George Cutshaw;1921;0,776
344669;George Cutshaw;1922;0,639
344670;Kiki Cuyler;1924;0,94
344670;Kiki Cuyler;1925;1,021
344670;Kiki Cuyler;1926;0,84
344670;Kiki Cuyler;1927;0,829
344670;Kiki Cuyler;1928;0,832
344670;Kiki Cuyler;1929;0,97
344670;Kiki Cuyler;1930;0,975
344670;Kiki Cuyler;1931;0,877
344670;Kiki Cuyler;1932;0,782
344670;Kiki Cuyler;1933;0,823
344670;Kiki Cuyler;1934;0,851
344670;Kiki Cuyler;1935;0,678
344670;Kiki Cuyler;1936;0,833
344670;Kiki Cuyler;1937;0,654
344670;Kiki Cuyler;1938;0,763
344671;Milt Cuyler;1991;0,672
344671;Milt Cuyler;1992;0,592
344671;Milt Cuyler;1993;0,589
344679;Paul Dade;1977;0,689
344679;Paul Dade;1978;0,66
344679;Paul Dade;1979;0,679
344683;David Dahl;2016;0,859
344683;David Dahl;2018;0,859
344683;David Dahl;2019;0,877
344683;David Dahl;2021;0,569
344684;Bill Dahlen;1891;0,738
344684;Bill Dahlen;1892;0,772
344684;Bill Dahlen;1893;0,833
344684;Bill Dahlen;1894;1,011
344684;Bill Dahlen;1895;0,714
344684;Bill Dahlen;1896;0,99
344684;Bill Dahlen;1897;0,877
344684;Bill Dahlen;1898;0,779
344684;Bill Dahlen;1899;0,793
344684;Bill Dahlen;1900;0,708
344684;Bill Dahlen;1901;0,671
344684;Bill Dahlen;1902;0,682
344684;Bill Dahlen;1903;0,715
344684;Bill Dahlen;1904;0,662
344684;Bill Dahlen;1905;0,673
344684;Bill Dahlen;1906;0,655
344684;Bill Dahlen;1907;0,545
344684;Bill Dahlen;1908;0,604
344685;Babe Dahlgren;1935;0,73
344685;Babe Dahlgren;1939;0,689
344685;Babe Dahlgren;1940;0,709
344685;Babe Dahlgren;1941;0,836
344685;Babe Dahlgren;1943;0,716
344685;Babe Dahlgren;1944;0,766
344685;Babe Dahlgren;1945;0,673
344693;Vince Dailey;1890;0,739
344694;Con Daily;1885;0,594
344694;Con Daily;1888;0,512
344694;Con Daily;1889;0,643
344694;Con Daily;1891;0,756
344694;Con Daily;1892;0,605
344694;Con Daily;1893;0,658
344694;Con Daily;1894;0,727
344695;Ed Daily;1886;0,571
344695;Ed Daily;1887;0,639
344695;Ed Daily;1888;0,545
344695;Ed Daily;1889;0,64
344695;Ed Daily;1890;0,604
344698;Bobby Dalbec;2021;0,792
344698;Bobby Dalbec;2022;0,652
344709;Pete Daley;1960;0,702
344709;Pete Daley;1961;0,51
344711;Eggie Dallard;1927;0,789
344711;Eggie Dallard;1929;0,708
344713;Dom Dallessandro;1940;0,735
344713;Dom Dallessandro;1941;0,753
344713;Dom Dallessandro;1942;0,733
344713;Dom Dallessandro;1944;0,839
344715;Abner Dalrymple;1878;0,789
344715;Abner Dalrymple;1879;0,672
344715;Abner Dalrymple;1880;0,793
344715;Abner Dalrymple;1881;0,764
344715;Abner Dalrymple;1882;0,739
344715;Abner Dalrymple;1883;0,72
344715;Abner Dalrymple;1884;0,832
344715;Abner Dalrymple;1885;0,782
344715;Abner Dalrymple;1886;0,656
344715;Abner Dalrymple;1887;0,618
344715;Abner Dalrymple;1888;0,524
344717;Clay Dalrymple;1961;0,575
344717;Clay Dalrymple;1962;0,809
344717;Clay Dalrymple;1963;0,692
344717;Clay Dalrymple;1964;0,646
344717;Clay Dalrymple;1965;0,594
344717;Clay Dalrymple;1966;0,703
344717;Clay Dalrymple;1967;0,51
344717;Clay Dalrymple;1968;0,563
344719;Jack Dalton;1910;0,604
344719;Jack Dalton;1914;0,787
344719;Jack Dalton;1915;0,727
344725;Tom Daly;1887;0,571
344725;Tom Daly;1888;0,486
344725;Tom Daly;1889;0,798
344725;Tom Daly;1890;0,679
344725;Tom Daly;1891;0,712
344725;Tom Daly;1892;0,698
344725;Tom Daly;1893;0,833
344725;Tom Daly;1894;0,904
344725;Tom Daly;1895;0,722
344725;Tom Daly;1896;0,822
344725;Tom Daly;1899;0,837
344725;Tom Daly;1900;0,817
344725;Tom Daly;1901;0,815
344725;Tom Daly;1902;0,592
344725;Tom Daly;1903;0,739
344732;Johnny Damon;1996;0,68
344732;Johnny Damon;1997;0,723
344732;Johnny Damon;1998;0,779
344732;Johnny Damon;1999;0,856
344732;Johnny Damon;2000;0,877
344732;Johnny Damon;2001;0,687
344732;Johnny Damon;2002;0,799
344732;Johnny Damon;2003;0,75
344732;Johnny Damon;2004;0,857
344732;Johnny Damon;2005;0,805
344732;Johnny Damon;2006;0,841
344732;Johnny Damon;2007;0,747
344732;Johnny Damon;2008;0,836
344732;Johnny Damon;2009;0,854
344732;Johnny Damon;2010;0,756
344732;Johnny Damon;2011;0,743
344732;Johnny Damon;2012;0,61
344745;Bert Daniels;1910;0,699
344745;Bert Daniels;1911;0,747
344745;Bert Daniels;1912;0,744
344745;Bert Daniels;1913;0,63
344745;Bert Daniels;1914;0,581
344754;Jack Daniels;1952;0,535
344756;Kal Daniels;1987;1,046
344756;Kal Daniels;1988;0,86
344756;Kal Daniels;1990;0,92
344756;Kal Daniels;1991;0,734
344757;Law Daniels;1888;0,507
344759;Pepper Daniels;1925;0,603
344759;Pepper Daniels;1927;0,692
344760;Tony Daniels;1945;0,479
344766;Harry Danning;1937;0,77
344766;Harry Danning;1938;0,783
344766;Harry Danning;1939;0,838
344766;Harry Danning;1940;0,803
344766;Harry Danning;1941;0,647
344766;Harry Danning;1942;0,685
344777;Al Dark;1948;0,786
344777;Al Dark;1949;0,673
344777;Al Dark;1950;0,77
344777;Al Dark;1951;0,805
344777;Al Dark;1952;0,788
344777;Al Dark;1953;0,823
344777;Al Dark;1954;0,77
344777;Al Dark;1955;0,713
344777;Al Dark;1956;0,6605
344777;Al Dark;1957;0,707
344777;Al Dark;1958;0,706
344777;Al Dark;1959;0,728
344778;Dell Darling;1890;0,727
344780;Chase d'Arnaud;2016;0,652
344781;Travis d'Arnaud;2014;0,718
344781;Travis d'Arnaud;2015;0,825
344781;Travis d'Arnaud;2016;0,629
344781;Travis d'Arnaud;2017;0,735
344781;Travis d'Arnaud;2019;0,782
344781;Travis d'Arnaud;2021;0,671
344781;Travis d'Arnaud;2022;0,791
344781;Travis d'Arnaud;2023;0,685
344781;Travis d'Arnaud;2024;0,739
344781;Travis d'Arnaud;2025;0,598
344789;Mike Darr;2000;0,732
344789;Mike Darr;2001;0,712
344792;Bobby Darwin;1972;0,769
344792;Bobby Darwin;1973;0,701
344792;Bobby Darwin;1974;0,764
344795;Doug Dascenzo;1990;0,656
344795;Doug Dascenzo;1991;0,641
344795;Doug Dascenzo;1992;0,615
344801;Brian Daubach;1999;0,921
344801;Brian Daubach;2000;0,764
344801;Brian Daubach;2001;0,859
344801;Brian Daubach;2002;0,812
344804;Jake Daubert;1910;0,717
344804;Jake Daubert;1911;0,757
344804;Jake Daubert;1912;0,784
344804;Jake Daubert;1913;0,829
344804;Jake Daubert;1914;0,808
344804;Jake Daubert;1915;0,749
344804;Jake Daubert;1916;0,769
344804;Jake Daubert;1917;0,64
344804;Jake Daubert;1918;0,789
344804;Jake Daubert;1919;0,672
344804;Jake Daubert;1920;0,785
344804;Jake Daubert;1921;0,74
344804;Jake Daubert;1922;0,886
344804;Jake Daubert;1923;0,747
344804;Jake Daubert;1924;0,699
344805;Rich Dauer;1977;0,642
344805;Rich Dauer;1978;0,654
344805;Rich Dauer;1979;0,66
344805;Rich Dauer;1980;0,69
344805;Rich Dauer;1981;0,685
344805;Rich Dauer;1982;0,709
344805;Rich Dauer;1983;0,615
344805;Rich Dauer;1984;0,631
344805;Rich Dauer;1985;0,54
344808;Jack Daugherty;1990;0,783
344809;Darren Daulton;1989;0,612
344809;Darren Daulton;1990;0,783
344809;Darren Daulton;1991;0,662
344809;Darren Daulton;1992;0,908
344809;Darren Daulton;1993;0,875
344809;Darren Daulton;1994;0,929
344809;Darren Daulton;1995;0,759
344809;Darren Daulton;1997;0,86
344811;Vic Davalillo;1963;0,746
344811;Vic Davalillo;1964;0,663
344811;Vic Davalillo;1965;0,716
344811;Vic Davalillo;1966;0,614
344811;Vic Davalillo;1967;0,686
344811;Vic Davalillo;1968;0,7
344811;Vic Davalillo;1971;0,695
344811;Vic Davalillo;1972;0,78
344814;Jeff DaVanon;2003;0,805
344814;Jeff DaVanon;2004;0,79
344814;Jeff DaVanon;2005;0,658
344814;Jeff DaVanon;2006;0,819
344817;Jim Davenport;1958;0,72
344817;Jim Davenport;1959;0,645
344817;Jim Davenport;1960;0,664
344817;Jim Davenport;1961;0,785
344817;Jim Davenport;1962;0,813
344817;Jim Davenport;1963;0,63
344817;Jim Davenport;1964;0,629
344817;Jim Davenport;1965;0,673
344817;Jim Davenport;1966;0,67
344817;Jim Davenport;1967;0,745
344817;Jim Davenport;1968;0,538
344817;Jim Davenport;1969;0,605
344826;Bill Davidson;1910;0,568
344826;Bill Davidson;1911;0,556
344836;Matt Davidson;2017;0,711
344836;Matt Davidson;2018;0,738
344850;Alvin Davis;1984;0,888
344850;Alvin Davis;1985;0,822
344850;Alvin Davis;1986;0,799
344850;Alvin Davis;1987;0,886
344850;Alvin Davis;1988;0,875
344850;Alvin Davis;1989;0,92
344850;Alvin Davis;1990;0,816
344850;Alvin Davis;1991;0,635
344856;Ben Davis;1999;0,668
344856;Ben Davis;2001;0,694
344856;Ben Davis;2002;0,717
344856;Ben Davis;2003;0,666
344860;Bob Davis;1980;0,581
344862;Brock Davis;1971;0,648
344868;Butch Davis;1947;0,892
344869;Chili Davis;1982;0,719
344869;Chili Davis;1983;0,657
344869;Chili Davis;1984;0,875
344869;Chili Davis;1985;0,761
344869;Chili Davis;1986;0,791
344869;Chili Davis;1987;0,786
344869;Chili Davis;1988;0,757
344869;Chili Davis;1989;0,775
344869;Chili Davis;1990;0,755
344869;Chili Davis;1991;0,892
344869;Chili Davis;1992;0,825
344869;Chili Davis;1993;0,767
344869;Chili Davis;1994;0,971
344869;Chili Davis;1995;0,943
344869;Chili Davis;1996;0,884
344869;Chili Davis;1997;0,896
344869;Chili Davis;1999;0,812
344870;Chris Davis;2008;0,88
344870;Chris Davis;2009;0,726
344870;Chris Davis;2012;0,827
344870;Chris Davis;2013;1,004
344870;Chris Davis;2014;0,704
344870;Chris Davis;2015;0,923
344870;Chris Davis;2016;0,792
344870;Chris Davis;2017;0,732
344870;Chris Davis;2018;0,539
344870;Chris Davis;2019;0,601
344871;Crash Davis;1942;0,565
344875;Dick Davis;1978;0,644
344875;Dick Davis;1979;0,716
344875;Dick Davis;1980;0,683
344879;Eric Davis;1986;0,901
344879;Eric Davis;1987;0,991
344879;Eric Davis;1988;0,852
344879;Eric Davis;1989;0,908
344879;Eric Davis;1990;0,833
344879;Eric Davis;1991;0,739
344879;Eric Davis;1992;0,647
344879;Eric Davis;1993;0,699
344879;Eric Davis;1996;0,917
344879;Eric Davis;1998;0,97
344879;Eric Davis;2000;0,818
344883;George Davis;1890;0,711
344883;George Davis;1891;0,763
344883;George Davis;1892;0,663
344883;George Davis;1893;0,964
344883;George Davis;1894;0,976
344883;George Davis;1895;0,917
344883;George Davis;1896;0,836
344883;George Davis;1897;0,918
344883;George Davis;1898;0,731
344883;George Davis;1899;0,814
344883;George Davis;1900;0,782
344883;George Davis;1901;0,782
344883;George Davis;1902;0,788
344883;George Davis;1904;0,67
344883;George Davis;1905;0,693
344883;George Davis;1906;0,694
344883;George Davis;1907;0,601
344883;George Davis;1908;0,553
344886;Glenn Davis;1985;0,807
344886;Glenn Davis;1986;0,837
344886;Glenn Davis;1987;0,769
344886;Glenn Davis;1988;0,818
344886;Glenn Davis;1989;0,842
344886;Glenn Davis;1990;0,88
344886;Glenn Davis;1992;0,76
344888;Harry Davis;1896;0,805
344888;Harry Davis;1897;0,832
344888;Harry Davis;1898;0,796
344888;Harry Davis;1901;0,791
344888;Harry Davis;1902;0,787
344888;Harry Davis;1903;0,783
344888;Harry Davis;1904;0,84
344888;Harry Davis;1905;0,756
344888;Harry Davis;1906;0,815
344888;Harry Davis;1907;0,713
344888;Harry Davis;1908;0,689
344888;Harry Davis;1909;0,711
344888;Harry Davis;1910;0,641
344889;Harry Davis;1932;0,727
344889;Harry Davis;1937;0,739
344890;Henry Davis;2023;0,653
344890;Henry Davis;2025;0,512
344892;Ike Davis;1925;0,66
344893;Ike Davis;2010;0,791
344893;Ike Davis;2012;0,771
344893;Ike Davis;2013;0,661
344893;Ike Davis;2014;0,721
344893;Ike Davis;2015;0,652
344899;J. D. Davis;2019;0,895
344899;J. D. Davis;2023;0,738
344904;Jody Davis;1982;0,72
344904;Jody Davis;1983;0,795
344904;Jody Davis;1984;0,736
344904;Jody Davis;1985;0,7
344904;Jody Davis;1986;0,728
344904;Jody Davis;1987;0,749
344904;Jody Davis;1988;0,646
344904;Jody Davis;1989;0,489
344909;Johnny Davis;1946;0,897
344911;Jumbo Davis;1886;0,49
344911;Jumbo Davis;1887;0,838
344911;Jumbo Davis;1888;0,666
344911;Jumbo Davis;1889;0,626
344913;Khris Davis;2014;0,756
344913;Khris Davis;2015;0,828
344913;Khris Davis;2016;0,831
344913;Khris Davis;2017;0,864
344913;Khris Davis;2018;0,874
344913;Khris Davis;2019;0,679
344914;Kiddo Davis;1932;0,783
344914;Kiddo Davis;1933;0,669
344914;Kiddo Davis;1934;0,743
344917;Lefty Davis;1901;0,836
344917;Lefty Davis;1902;0,713
344917;Lefty Davis;1903;0,582
344917;Lefty Davis;1907;0,59
344923;Mike Davis;1983;0,723
344923;Mike Davis;1984;0,649
344923;Mike Davis;1985;0,832
344923;Mike Davis;1986;0,768
344923;Mike Davis;1987;0,788
344923;Mike Davis;1988;0,53
344933;Rajai Davis;2009;0,784
344933;Rajai Davis;2010;0,697
344933;Rajai Davis;2011;0,623
344933;Rajai Davis;2012;0,687
344933;Rajai Davis;2013;0,687
344933;Rajai Davis;2014;0,721
344933;Rajai Davis;2015;0,746
344933;Rajai Davis;2016;0,693
344933;Rajai Davis;2017;0,647
344934;Ron Davis;1967;0,706
344934;Ron Davis;1968;0,549
344939;Russ Davis;1997;0,805
344939;Russ Davis;1998;0,747
344939;Russ Davis;1999;0,739
344941;Saul Davis;1927;0,529
344944;Virgil Davis;1929;0,881
344944;Virgil Davis;1930;0,844
344944;Virgil Davis;1931;0,825
344944;Virgil Davis;1932;0,921
344944;Virgil Davis;1933;0,867
344944;Virgil Davis;1934;0,83
344944;Virgil Davis;1935;0,802
344944;Virgil Davis;1936;0,73
344944;Virgil Davis;1937;0,709
344944;Virgil Davis;1938;0,6
344944;Virgil Davis;1939;0,74
344944;Virgil Davis;1940;0,839
344949;Steel Arm Davis;1927;0,987
344949;Steel Arm Davis;1928;0,806
344949;Steel Arm Davis;1929;0,767
344949;Steel Arm Davis;1930;0,918
344953;Tommy Davis;1960;0,728
344953;Tommy Davis;1961;0,738
344953;Tommy Davis;1962;0,91
344953;Tommy Davis;1963;0,816
344953;Tommy Davis;1964;0,708
344953;Tommy Davis;1966;0,729
344953;Tommy Davis;1967;0,782
344953;Tommy Davis;1968;0,633
344953;Tommy Davis;1969;0,697
344953;Tommy Davis;1970;0,691
344953;Tommy Davis;1971;0,774
344953;Tommy Davis;1973;0,732
344953;Tommy Davis;1974;0,702
344953;Tommy Davis;1975;0,671
344953;Tommy Davis;1976;0,641
344958;Willie Davis;1961;0,767
344958;Willie Davis;1962;0,787
344958;Willie Davis;1963;0,646
344958;Willie Davis;1964;0,729
344958;Willie Davis;1965;0,609
344958;Willie Davis;1966;0,708
344958;Willie Davis;1967;0,662
344958;Willie Davis;1968;0,636
344958;Willie Davis;1969;0,811
344958;Willie Davis;1970;0,774
344958;Willie Davis;1971;0,769
344958;Willie Davis;1972;0,758
344958;Willie Davis;1973;0,764
344958;Willie Davis;1974;0,749
344958;Willie Davis;1975;0,751
344958;Willie Davis;1976;0,67
344965;Andre Dawson;1977;0,8
344965;Andre Dawson;1978;0,74
344965;Andre Dawson;1979;0,777
344965;Andre Dawson;1980;0,85
344965;Andre Dawson;1981;0,918
344965;Andre Dawson;1982;0,841
344965;Andre Dawson;1983;0,877
344965;Andre Dawson;1984;0,71
344965;Andre Dawson;1985;0,739
344965;Andre Dawson;1986;0,815
344965;Andre Dawson;1987;0,896
344965;Andre Dawson;1988;0,849
344965;Andre Dawson;1989;0,783
344965;Andre Dawson;1990;0,893
344965;Andre Dawson;1991;0,79
344965;Andre Dawson;1992;0,772
344965;Andre Dawson;1993;0,738
344965;Andre Dawson;1994;0,737
344965;Andre Dawson;1995;0,739
344972;Boots Day;1971;0,695
344972;Boots Day;1972;0,56
344972;Boots Day;1973;0,709
344973;Connie Day;1920;0,507
344973;Connie Day;1921;0,657
344973;Connie Day;1922;0,583
344973;Connie Day;1923;0,739
344973;Connie Day;1924;0,642
344973;Connie Day;1925;0,63
344973;Connie Day;1927;0,559
344982;Yonathan Daza;2021;0,688
344982;Yonathan Daza;2022;0,733
344985;Charlie Deal;1914;0,546
344985;Charlie Deal;1915;0,783
344985;Charlie Deal;1917;0,576
344985;Charlie Deal;1918;0,569
344985;Charlie Deal;1919;0,701
344985;Charlie Deal;1920;0,589
344985;Charlie Deal;1921;0,704
344989;Snake Deal;1906;0,479
344990;Pat Dealy;1887;0,623
344994;Chubby Dean;1936;0,711
344994;Chubby Dean;1937;0,703
344999;Harry Deane;1874;0,556
345006;Tommy Dean;1969;0,496
345011;Pat Deasley;1882;0,58
345011;Pat Deasley;1883;0,555
345011;Pat Deasley;1884;0,491
345011;Pat Deasley;1885;0,577
345013;Alejandro De Aza;2012;0,76
345013;Alejandro De Aza;2013;0,728
345013;Alejandro De Aza;2014;0,663
345013;Alejandro De Aza;2016;0,618
345015;Hank DeBerry;1922;0,736
345015;Hank DeBerry;1923;0,742
345015;Hank DeBerry;1924;0,665
345015;Hank DeBerry;1927;0,577
345015;Hank DeBerry;1928;0,599
345015;Hank DeBerry;1929;0,655
345022;Doug DeCinces;1976;0,641
345022;Doug DeCinces;1977;0,772
345022;Doug DeCinces;1978;0,872
345022;Doug DeCinces;1979;0,731
345022;Doug DeCinces;1980;0,722
345022;Doug DeCinces;1981;0,795
345022;Doug DeCinces;1982;0,916
345022;Doug DeCinces;1983;0,826
345022;Doug DeCinces;1984;0,758
345022;Doug DeCinces;1985;0,757
345022;Doug DeCinces;1986;0,784
345022;Doug DeCinces;1987;0,728
345026;George Decker;1892;0,582
345026;George Decker;1893;0,691
345026;George Decker;1894;0,808
345026;George Decker;1895;0,698
345026;George Decker;1896;0,74
345026;George Decker;1897;0,719
345026;George Decker;1898;0,618
345027;Harry Decker;1890;0,697
345031;Steve Decker;1991;0,571
345042;Rob Deer;1986;0,83
345042;Rob Deer;1987;0,816
345042;Rob Deer;1988;0,769
345042;Rob Deer;1989;0,729
345042;Rob Deer;1990;0,745
345042;Rob Deer;1991;0,7
345042;Rob Deer;1992;0,884
345042;Rob Deer;1993;0,683
345043;Charlie Dees;1963;0,777
345057;Herman Dehlman;1873;0,543
345057;Herman Dehlman;1874;0,497
345057;Herman Dehlman;1875;0,544
345057;Herman Dehlman;1876;0,421
345067;David DeJesus;2004;0,763
345067;David DeJesus;2005;0,804
345067;David DeJesus;2006;0,81
345067;David DeJesus;2007;0,722
345067;David DeJesus;2008;0,818
345067;David DeJesus;2009;0,781
345067;David DeJesus;2010;0,827
345067;David DeJesus;2011;0,698
345067;David DeJesus;2012;0,753
345067;David DeJesus;2013;0,732
345067;David DeJesus;2014;0,748
345067;David DeJesus;2015;0,698
345069;Ivan de Jesus;1977;0,681
345069;Ivan de Jesus;1978;0,71
345069;Ivan de Jesus;1979;0,724
345069;Ivan de Jesus;1980;0,653
345069;Ivan de Jesus;1981;0,509
345069;Ivan de Jesus;1982;0,623
345069;Ivan de Jesus;1983;0,659
345069;Ivan de Jesus;1984;0,631
345070;Ivan De Jesus;2015;0,684
345070;Ivan De Jesus;2016;0,623
345075;Paul DeJong;2017;0,857
345075;Paul DeJong;2018;0,746
345075;Paul DeJong;2019;0,762
345075;Paul DeJong;2021;0,674
345075;Paul DeJong;2022;0,53
345075;Paul DeJong;2023;0,71
345075;Paul DeJong;2024;0,706
345078;Bryan De La Cruz;2022;0,725
345078;Bryan De La Cruz;2023;0,715
345078;Bryan De La Cruz;2024;0,707
345079;Elly De La Cruz;2023;0,71
345079;Elly De La Cruz;2024;0,809
345079;Elly De La Cruz;2025;0,777
345083;Ed Delahanty;1888;0,554
345083;Ed Delahanty;1889;0,703
345083;Ed Delahanty;1890;0,751
345083;Ed Delahanty;1891;0,635
345083;Ed Delahanty;1892;0,855
345083;Ed Delahanty;1893;1,007
345083;Ed Delahanty;1894;1,062
345083;Ed Delahanty;1895;1,117
345083;Ed Delahanty;1896;1,103
345083;Ed Delahanty;1897;0,981
345083;Ed Delahanty;1898;0,88
345083;Ed Delahanty;1899;1,046
345083;Ed Delahanty;1900;0,809
345083;Ed Delahanty;1901;0,955
345083;Ed Delahanty;1902;1,043
345084;Frank Delahanty;1906;0,627
345084;Frank Delahanty;1914;0,553
345085;Jim Delahanty;1904;0,721
345085;Jim Delahanty;1905;0,664
345085;Jim Delahanty;1906;0,735
345085;Jim Delahanty;1907;0,753
345085;Jim Delahanty;1908;0,77
345085;Jim Delahanty;1909;0,598
345085;Jim Delahanty;1910;0,749
345085;Jim Delahanty;1911;0,874
345085;Jim Delahanty;1912;0,743
345085;Jim Delahanty;1914;0,769
345086;Joe Delahanty;1908;0,641
345086;Joe Delahanty;1909;0,579
345092;Bill DeLancey;1934;0,979
345092;Bill DeLancey;1935;0,788
345113;Carlos Delgado;1996;0,843
345113;Carlos Delgado;1997;0,878
345113;Carlos Delgado;1998;0,978
345113;Carlos Delgado;1999;0,948
345113;Carlos Delgado;2000;1,134
345113;Carlos Delgado;2001;0,948
345113;Carlos Delgado;2002;0,955
345113;Carlos Delgado;2003;1,019
345113;Carlos Delgado;2004;0,907
345113;Carlos Delgado;2005;0,981
345113;Carlos Delgado;2006;0,909
345113;Carlos Delgado;2007;0,781
345113;Carlos Delgado;2008;0,871
345119;Bobby Del Greco;1952;0,58
345119;Bobby Del Greco;1956;0,652
345119;Bobby Del Greco;1960;0,772
345119;Bobby Del Greco;1961;0,677
345119;Bobby Del Greco;1962;0,772
345119;Bobby Del Greco;1963;0,631
345124;David Dellucci;1998;0,717
345124;David Dellucci;2001;0,828
345124;David Dellucci;2002;0,727
345124;David Dellucci;2004;0,783
345124;David Dellucci;2005;0,879
345124;David Dellucci;2006;0,899
345124;David Dellucci;2008;0,711
345127;Nick Delmonico;2018;0,669
345142;Jim Delsing;1950;0,634
345142;Jim Delsing;1951;0,694
345142;Jim Delsing;1952;0,672
345142;Jim Delsing;1953;0,816
345142;Jim Delsing;1954;0,708
345142;Jim Delsing;1955;0,704
345144;Jonny DeLuca;2024;0,609
345147;Joe DeMaestri;1953;0,649
345147;Joe DeMaestri;1954;0,574
345147;Joe DeMaestri;1955;0,608
345147;Joe DeMaestri;1956;0,593
345147;Joe DeMaestri;1957;0,64
345147;Joe DeMaestri;1958;0,536
345147;Joe DeMaestri;1959;0,674
345152;Frank Demaree;1933;0,681
345152;Frank Demaree;1935;0,779
345152;Frank Demaree;1936;0,896
345152;Frank Demaree;1937;0,866
345152;Frank Demaree;1938;0,725
345152;Frank Demaree;1939;0,799
345152;Frank Demaree;1940;0,777
345158;Don Demeter;1959;0,731
345158;Don Demeter;1961;0,782
345158;Don Demeter;1962;0,879
345158;Don Demeter;1963;0,739
345158;Don Demeter;1964;0,75
345158;Don Demeter;1965;0,788
345158;Don Demeter;1966;0,783
345161;Ray Demmitt;1909;0,698
345161;Ray Demmitt;1914;0,685
345161;Ray Demmitt;1918;0,716
345161;Ray Demmitt;1919;0,617
345163;Gene DeMontreville;1896;0,833
345163;Gene DeMontreville;1897;0,799
345163;Gene DeMontreville;1898;0,763
345163;Gene DeMontreville;1899;0,6705
345163;Gene DeMontreville;1900;0,57
345163;Gene DeMontreville;1901;0,685
345163;Gene DeMontreville;1902;0,592
345165;Bingo DeMoss;1915;0,639
345165;Bingo DeMoss;1917;0,499
345165;Bingo DeMoss;1920;0,784
345165;Bingo DeMoss;1921;0,666
345165;Bingo DeMoss;1922;0,621
345165;Bingo DeMoss;1923;0,646
345165;Bingo DeMoss;1924;0,591
345165;Bingo DeMoss;1926;0,626
345169;Rick Dempsey;1977;0,629
345169;Rick Dempsey;1978;0,683
345169;Rick Dempsey;1979;0,658
345169;Rick Dempsey;1980;0,759
345169;Rick Dempsey;1981;0,641
345169;Rick Dempsey;1982;0,688
345169;Rick Dempsey;1983;0,634
345169;Rick Dempsey;1984;0,676
345169;Rick Dempsey;1985;0,751
345169;Rick Dempsey;1986;0,689
345179;Doc Dennis;1946;0,823
345180;Otto Denning;1942;0,564
345182;Jerry Denny;1881;0,565
345182;Jerry Denny;1882;0,605
345182;Jerry Denny;1883;0,734
345182;Jerry Denny;1884;0,652
345182;Jerry Denny;1885;0,572
345182;Jerry Denny;1886;0,668
345182;Jerry Denny;1887;0,846
345182;Jerry Denny;1888;0,685
345182;Jerry Denny;1889;0,731
345182;Jerry Denny;1890;0,576
345182;Jerry Denny;1894;0,714
345184;Chris Denorfia;2010;0,769
345184;Chris Denorfia;2011;0,718
345184;Chris Denorfia;2012;0,796
345184;Chris Denorfia;2013;0,732
345184;Chris Denorfia;2014;0,612
345184;Chris Denorfia;2015;0,691
345186;Bucky Dent;1974;0,662
345186;Bucky Dent;1975;0,642
345186;Bucky Dent;1976;0,603
345186;Bucky Dent;1977;0,653
345186;Bucky Dent;1978;0,603
345186;Bucky Dent;1979;0,573
345186;Bucky Dent;1980;0,681
345186;Bucky Dent;1981;0,679
345186;Bucky Dent;1983;0,575
345188;Sam Dente;1948;0,653
345188;Sam Dente;1949;0,641
345188;Sam Dente;1950;0,585
345188;Sam Dente;1951;0,577
345197;George Derby;1881;0,408
345200;Bob Dernier;1982;0,634
345200;Bob Dernier;1983;0,577
345200;Bob Dernier;1984;0,718
345200;Bob Dernier;1985;0,631
345200;Bob Dernier;1986;0,586
345201;Mark DeRosa;2002;0,768
345201;Mark DeRosa;2003;0,699
345201;Mark DeRosa;2004;0,614
345201;Mark DeRosa;2006;0,812
345201;Mark DeRosa;2007;0,792
345201;Mark DeRosa;2008;0,857
345201;Mark DeRosa;2009;0,7475
345201;Mark DeRosa;2013;0,733
345206;Russ Derry;1945;0,731
345209;Gene Desautels;1937;0,62
345209;Gene Desautels;1938;0,766
345209;Gene Desautels;1939;0,645
345209;Gene Desautels;1940;0,594
345210;Daniel Descalso;2011;0,687
345210;Daniel Descalso;2012;0,627
345210;Daniel Descalso;2013;0,656
345210;Daniel Descalso;2016;0,773
345210;Daniel Descalso;2017;0,727
345210;Daniel Descalso;2018;0,789
345214;Delino DeShields;1990;0,768
345214;Delino DeShields;1991;0,68
345214;Delino DeShields;1992;0,757
345214;Delino DeShields;1993;0,761
345214;Delino DeShields;1994;0,679
345214;Delino DeShields;1995;0,722
345214;Delino DeShields;1996;0,585
345214;Delino DeShields;1997;0,804
345214;Delino DeShields;1998;0,799
345214;Delino DeShields;1999;0,702
345214;Delino DeShields;2000;0,813
345215;Delino DeShields;2015;0,718
345215;Delino DeShields;2017;0,714
345215;Delino DeShields;2018;0,591
345215;Delino DeShields;2019;0,672
345219;Ian Desmond;2010;0,7
345219;Ian Desmond;2011;0,656
345219;Ian Desmond;2012;0,845
345219;Ian Desmond;2013;0,784
345219;Ian Desmond;2014;0,743
345219;Ian Desmond;2015;0,674
345219;Ian Desmond;2016;0,782
345219;Ian Desmond;2017;0,701
345219;Ian Desmond;2018;0,729
345219;Ian Desmond;2019;0,788
345224;Orestes Destrade;1993;0,73
345238;Mike Devereaux;1989;0,707
345238;Mike Devereaux;1990;0,683
345238;Mike Devereaux;1991;0,744
345238;Mike Devereaux;1992;0,785
345238;Mike Devereaux;1993;0,706
345238;Mike Devereaux;1994;0,588
345238;Mike Devereaux;1995;0,817
345238;Mike Devereaux;1996;0,655
345239;Rafael Devers;2017;0,819
345239;Rafael Devers;2018;0,731
345239;Rafael Devers;2019;0,916
345239;Rafael Devers;2020;0,793
345239;Rafael Devers;2021;0,89
345239;Rafael Devers;2022;0,879
345239;Rafael Devers;2023;0,851
345239;Rafael Devers;2024;0,871
345239;Rafael Devers;2025;0,856
345247;Art Devlin;1904;0,725
345247;Art Devlin;1905;0,655
345247;Art Devlin;1906;0,786
345247;Art Devlin;1907;0,7
345247;Art Devlin;1908;0,659
345247;Art Devlin;1909;0,698
345247;Art Devlin;1910;0,679
345247;Art Devlin;1911;0,736
345247;Art Devlin;1912;0,734
345247;Art Devlin;1913;0,637
345248;Jim Devlin;1874;0,603
345248;Jim Devlin;1875;0,679
345248;Jim Devlin;1876;0,687
345248;Jim Devlin;1877;0,612
345252;Al DeVormer;1923;0,603
345254;Josh Devore;1910;0,75
345254;Josh Devore;1911;0,74
345254;Josh Devore;1912;0,754
345254;Josh Devore;1913;0,682
345261;Blake DeWitt;2008;0,728
345261;Blake DeWitt;2010;0,723
345261;Blake DeWitt;2011;0,718
345265;Charlie Dexter;1896;0,698
345265;Charlie Dexter;1897;0,731
345265;Charlie Dexter;1898;0,739
345265;Charlie Dexter;1899;0,61
345265;Charlie Dexter;1901;0,617
345265;Charlie Dexter;1902;0,586
345265;Charlie Dexter;1903;0,603
345271;Alex Diaz;1995;0,619
345272;Aledmys Diaz;2016;0,879
345272;Aledmys Diaz;2017;0,682
345272;Aledmys Diaz;2018;0,756
345272;Aledmys Diaz;2019;0,823
345272;Aledmys Diaz;2021;0,721
345272;Aledmys Diaz;2022;0,691
345272;Aledmys Diaz;2023;0,616
345275;Bo Diaz;1980;0,593
345275;Bo Diaz;1982;0,782
345275;Bo Diaz;1983;0,662
345275;Bo Diaz;1986;0,707
345275;Bo Diaz;1987;0,722
345275;Bo Diaz;1988;0,579
345279;Edgar Diaz;1990;0,636
345283;Einar Diaz;1999;0,69
345283;Einar Diaz;2000;0,715
345283;Einar Diaz;2001;0,714
345283;Einar Diaz;2002;0,542
345283;Einar Diaz;2003;0,635
345284;Elias Diaz;2018;0,792
345284;Elias Diaz;2019;0,603
345284;Elias Diaz;2021;0,774
345284;Elias Diaz;2022;0,648
345284;Elias Diaz;2023;0,725
345284;Elias Diaz;2024;0,693
345284;Elias Diaz;2025;0,607
345288;Isan Diaz;2021;0,575
345293;Jordan Diaz;2023;0,637
345298;Mario Diaz;1993;0,658
345299;Matt Diaz;2006;0,839
345299;Matt Diaz;2007;0,865
345299;Matt Diaz;2009;0,878
345299;Matt Diaz;2010;0,739
345299;Matt Diaz;2011;0,627
345300;Mike Diaz;1986;0,814
345300;Mike Diaz;1987;0,816
345305;Victor Diaz;2005;0,797
345306;Yandy Diaz;2019;0,816
345306;Yandy Diaz;2021;0,74
345306;Yandy Diaz;2022;0,824
345306;Yandy Diaz;2023;0,932
345306;Yandy Diaz;2024;0,755
345306;Yandy Diaz;2025;0,848
345307;Yainer Diaz;2023;0,846
345307;Yainer Diaz;2024;0,766
345307;Yainer Diaz;2025;0,701
345313;Alex Dickerson;2016;0,788
345313;Alex Dickerson;2021;0,725
345314;Bill Dickey;1929;0,832
345314;Bill Dickey;1930;0,861
345314;Bill Dickey;1931;0,82
345314;Bill Dickey;1932;0,843
345314;Bill Dickey;1933;0,871
345314;Bill Dickey;1934;0,878
345314;Bill Dickey;1935;0,797
345314;Bill Dickey;1936;1,045
345314;Bill Dickey;1937;0,987
345314;Bill Dickey;1938;0,981
345314;Bill Dickey;1939;0,915
345314;Bill Dickey;1940;0,691
345314;Bill Dickey;1941;0,788
345314;Bill Dickey;1942;0,732
345314;Bill Dickey;1943;0,937
345315;Buttercup Dickerson;1879;0,737
345315;Buttercup Dickerson;1881;0,737
345315;Buttercup Dickerson;1883;0,582
345315;Buttercup Dickerson;1884;0,834
345316;Chris Dickerson;2009;0,743
345317;Corey Dickerson;2014;0,931
345317;Corey Dickerson;2015;0,869
345317;Corey Dickerson;2016;0,761
345317;Corey Dickerson;2017;0,815
345317;Corey Dickerson;2018;0,804
345317;Corey Dickerson;2021;0,705
345317;Corey Dickerson;2022;0,698
345319;George Dickey;1947;0,596
345328;Johnny Dickshot;1937;0,672
345328;Johnny Dickshot;1945;0,774
345334;Bob Didier;1969;0,628
345339;Chuck Diering;1949;0,716
345339;Chuck Diering;1950;0,713
345339;Chuck Diering;1954;0,66
345339;Chuck Diering;1955;0,689
345342;Derek Dietrich;2013;0,679
345342;Derek Dietrich;2015;0,802
345342;Derek Dietrich;2016;0,798
345342;Derek Dietrich;2017;0,758
345342;Derek Dietrich;2018;0,751
345342;Derek Dietrich;2019;0,79
345343;Dick Dietz;1968;0,739
345343;Dick Dietz;1969;0,778
345343;Dick Dietz;1970;0,941
345343;Dick Dietz;1971;0,806
345348;Mike Difelice;1997;0,628
345348;Mike Difelice;1998;0,613
345348;Mike Difelice;2000;0,682
345349;Wilmer Difo;2017;0,69
345349;Wilmer Difo;2018;0,649
345349;Wilmer Difo;2021;0,713
345353;Martín Dihigo;1927;0,927
345353;Martín Dihigo;1929;1,061
345360;Steve Dillard;1980;0,6
345362;Pickles Dillhoefer;1920;0,63
345363;Bob Dillinger;1946;0,675
345363;Bob Dillinger;1947;0,733
345363;Bob Dillinger;1948;0,799
345363;Bob Dillinger;1949;0,802
345363;Bob Dillinger;1950;0,747
345363;Bob Dillinger;1951;0,684
345369;Frank Dillon;1901;0,716
345369;Frank Dillon;1902;0,51
345369;Frank Dillon;1904;0,63
345371;Miguel Dilone;1978;0,566
345371;Miguel Dilone;1980;0,807
345371;Miguel Dilone;1981;0,68
345371;Miguel Dilone;1982;0,592
345373;Dom DiMaggio;1940;0,831
345373;Dom DiMaggio;1941;0,792
345373;Dom DiMaggio;1942;0,801
345373;Dom DiMaggio;1946;0,82
345373;Dom DiMaggio;1947;0,766
345373;Dom DiMaggio;1948;0,785
345373;Dom DiMaggio;1949;0,824
345373;Dom DiMaggio;1950;0,866
345373;Dom DiMaggio;1951;0,788
345373;Dom DiMaggio;1952;0,747
345374;Joe DiMaggio;1936;0,928
345374;Joe DiMaggio;1937;1,085
345374;Joe DiMaggio;1938;0,967
345374;Joe DiMaggio;1939;1,119
345374;Joe DiMaggio;1940;1,051
345374;Joe DiMaggio;1941;1,083
345374;Joe DiMaggio;1942;0,875
345374;Joe DiMaggio;1946;0,878
345374;Joe DiMaggio;1947;0,913
345374;Joe DiMaggio;1948;0,994
345374;Joe DiMaggio;1949;1,055
345374;Joe DiMaggio;1950;0,979
345374;Joe DiMaggio;1951;0,787
345375;Vince DiMaggio;1937;0,699
345375;Vince DiMaggio;1938;0,682
345375;Vince DiMaggio;1940;0,887
345375;Vince DiMaggio;1941;0,81
345375;Vince DiMaggio;1942;0,697
345375;Vince DiMaggio;1943;0,733
345375;Vince DiMaggio;1944;0,707
345375;Vince DiMaggio;1945;0,773
345381;Vance Dinges;1945;0,699
345382;Dillon Dingler;2025;0,752
345393;Andy Dirks;2011;0,703
345393;Andy Dirks;2012;0,857
345393;Andy Dirks;2013;0,686
345394;Gary Disarcina;1992;0,584
345394;Gary Disarcina;1993;0,585
345394;Gary Disarcina;1994;0,623
345394;Gary Disarcina;1995;0,802
345394;Gary Disarcina;1996;0,633
345394;Gary Disarcina;1997;0,597
345394;Gary Disarcina;1998;0,706
345394;Gary Disarcina;1999;0,546
345402;Jack Dittmer;1952;0,546
345402;Jack Dittmer;1953;0,66
345405;Brandon Dixon;2019;0,725
345411;Leo Dixon;1925;0,62
345413;Rap Dixon;1925;0,933
345413;Rap Dixon;1928;1,18
345413;Rap Dixon;1929;1,212
345413;Rap Dixon;1932;0,925
345423;Dan Dobbek;1960;0,703
345426;Greg Dobbs;2007;0,78
345426;Greg Dobbs;2008;0,824
345426;Greg Dobbs;2011;0,701
345426;Greg Dobbs;2012;0,698
345426;Greg Dobbs;2013;0,603
345427;John Dobbs;1901;0,682
345427;John Dobbs;1902;0,706
345427;John Dobbs;1903;0,645
345427;John Dobbs;1904;0,607
345427;John Dobbs;1905;0,635
345434;Larry Doby;1946;1,025
345434;Larry Doby;1948;0,873
345434;Larry Doby;1949;0,857
345434;Larry Doby;1950;0,986
345434;Larry Doby;1951;0,941
345434;Larry Doby;1952;0,924
345434;Larry Doby;1953;0,873
345434;Larry Doby;1954;0,847
345434;Larry Doby;1955;0,874
345434;Larry Doby;1956;0,858
345434;Larry Doby;1957;0,837
345434;Larry Doby;1958;0,838
345440;John Dodge;1913;0,622
345444;Bobby Doerr;1938;0,76
345444;Bobby Doerr;1939;0,813
345444;Bobby Doerr;1940;0,85
345444;Bobby Doerr;1941;0,789
345444;Bobby Doerr;1942;0,824
345444;Bobby Doerr;1943;0,751
345444;Bobby Doerr;1944;0,927
345444;Bobby Doerr;1946;0,799
345444;Bobby Doerr;1947;0,755
345444;Bobby Doerr;1948;0,891
345444;Bobby Doerr;1949;0,89
345444;Bobby Doerr;1950;0,886
345444;Bobby Doerr;1951;0,826
345446;John Doherty;1974;0,648
345451;Cozy Dolan;1901;0,625
345451;Cozy Dolan;1902;0,66
345451;Cozy Dolan;1903;0,696
345451;Cozy Dolan;1904;0,725
345451;Cozy Dolan;1905;0,675
345451;Cozy Dolan;1906;0,617
345452;Cozy Dolan;1914;0,655
345452;Cozy Dolan;1915;0,753
345454;Joe Dolan;1899;0,622
345454;Joe Dolan;1900;0,52
345454;Joe Dolan;1901;0,581
345455;Tom Dolan;1883;0,505
345464;Jasson Domínguez;2025;0,719
345468;Matt Dominguez;2013;0,69
345468;Matt Dominguez;2014;0,586
345471;Jim Donahue;1887;0,673
345471;Jim Donahue;1888;0,575
345471;Jim Donahue;1889;0,579
345471;Jim Donahue;1891;0,552
345472;Jiggs Donahue;1904;0,617
345472;Jiggs Donahue;1905;0,695
345472;Jiggs Donahue;1906;0,638
345472;Jiggs Donahue;1907;0,594
345472;Jiggs Donahue;1908;0,515
345472;Jiggs Donahue;1909;0,58
345476;She Donahue;1904;0,462
345477;Tim Donahue;1895;0,686
345477;Tim Donahue;1898;0,583
345477;Tim Donahue;1899;0,647
345477;Tim Donahue;1900;0,604
345481;Jason Donald;2010;0,69
345482;John Donaldson;1967;0,688
345482;John Donaldson;1968;0,579
345482;John Donaldson;1969;0,591
345483;Josh Donaldson;2012;0,687
345483;Josh Donaldson;2013;0,883
345483;Josh Donaldson;2014;0,798
345483;Josh Donaldson;2015;0,939
345483;Josh Donaldson;2016;0,953
345483;Josh Donaldson;2017;0,944
345483;Josh Donaldson;2019;0,9
345483;Josh Donaldson;2021;0,827
345483;Josh Donaldson;2022;0,682
345484;John Donaldson;1920;0,741
345484;John Donaldson;1921;0,661
345487;Mike Donlin;1899;0,836
345487;Mike Donlin;1900;0,868
345487;Mike Donlin;1901;0,883
345487;Mike Donlin;1903;0,936
345487;Mike Donlin;1904;0,881
345487;Mike Donlin;1905;0,908
345487;Mike Donlin;1908;0,816
345487;Mike Donlin;1911;0,8
345487;Mike Donlin;1912;0,812
345494;Jim Donnelly;1885;0,561
345494;Jim Donnelly;1886;0,501
345494;Jim Donnelly;1887;0,491
345494;Jim Donnelly;1888;0,482
345494;Jim Donnelly;1896;0,801
345501;Tom Donohue;1980;0,459
345505;Brendan Donovan;2022;0,773
345505;Brendan Donovan;2023;0,787
345505;Brendan Donovan;2024;0,759
345505;Brendan Donovan;2025;0,775
345510;Patsy Donovan;1891;0,747
345510;Patsy Donovan;1892;0,697
345510;Patsy Donovan;1893;0,744
345510;Patsy Donovan;1894;0,745
345510;Patsy Donovan;1895;0,751
345510;Patsy Donovan;1896;0,757
345510;Patsy Donovan;1897;0,744
345510;Patsy Donovan;1898;0,703
345510;Patsy Donovan;1899;0,662
345510;Patsy Donovan;1900;0,71
345510;Patsy Donovan;1901;0,715
345510;Patsy Donovan;1902;0,718
345510;Patsy Donovan;1903;0,748
345510;Patsy Donovan;1904;0,514
345512;Red Dooin;1902;0,533
345512;Red Dooin;1904;0,607
345512;Red Dooin;1905;0,58
345512;Red Dooin;1906;0,579
345512;Red Dooin;1907;0,513
345512;Red Dooin;1908;0,589
345512;Red Dooin;1909;0,535
345512;Red Dooin;1910;0,594
345512;Red Dooin;1911;0,775
345513;Mickey Doolin;1905;0,651
345513;Mickey Doolin;1906;0,567
345513;Mickey Doolin;1907;0,518
345513;Mickey Doolin;1908;0,588
345513;Mickey Doolin;1909;0,566
345513;Mickey Doolin;1910;0,67
345513;Mickey Doolin;1911;0,614
345513;Mickey Doolin;1912;0,639
345513;Mickey Doolin;1913;0,533
345513;Mickey Doolin;1914;0,634
345513;Mickey Doolin;1915;0,506
345513;Mickey Doolin;1918;0,451
345519;Bill Doran;1983;0,736
345519;Bill Doran;1984;0,697
345519;Bill Doran;1985;0,797
345519;Bill Doran;1986;0,741
345519;Bill Doran;1987;0,772
345519;Bill Doran;1988;0,671
345519;Bill Doran;1989;0,625
345519;Bill Doran;1990;0,818
345519;Bill Doran;1991;0,732
345519;Bill Doran;1992;0,691
345523;Mike Dorgan;1877;0,726
345523;Mike Dorgan;1879;0,633
345523;Mike Dorgan;1880;0,552
345523;Mike Dorgan;1881;0,603
345523;Mike Dorgan;1883;0,538
345523;Mike Dorgan;1884;0,654
345523;Mike Dorgan;1885;0,767
345523;Mike Dorgan;1886;0,702
345523;Mike Dorgan;1887;0,596
345531;Brian Dorsett;1994;0,664
345551;Patsy Dougherty;1902;0,805
345551;Patsy Dougherty;1903;0,796
345551;Patsy Dougherty;1904;0,712
345551;Patsy Dougherty;1905;0,654
345551;Patsy Dougherty;1906;0,607
345551;Patsy Dougherty;1907;0,637
345551;Patsy Dougherty;1908;0,693
345551;Patsy Dougherty;1909;0,751
345551;Patsy Dougherty;1910;0,618
345551;Patsy Dougherty;1911;0,802
345558;Klondike Douglass;1896;0,672
345558;Klondike Douglass;1897;0,805
345558;Klondike Douglass;1898;0,66
345558;Klondike Douglass;1899;0,616
345558;Klondike Douglass;1902;0,551
345558;Klondike Douglass;1903;0,605
345564;Ryan Doumit;2005;0,722
345564;Ryan Doumit;2007;0,813
345564;Ryan Doumit;2008;0,858
345564;Ryan Doumit;2009;0,714
345564;Ryan Doumit;2010;0,738
345564;Ryan Doumit;2011;0,83
345564;Ryan Doumit;2012;0,781
345564;Ryan Doumit;2013;0,71
345565;Taylor Douthit;1926;0,752
345565;Taylor Douthit;1927;0,713
345565;Taylor Douthit;1928;0,756
345565;Taylor Douthit;1929;0,888
345565;Taylor Douthit;1930;0,79
345565;Taylor Douthit;1931;0,631
345565;Taylor Douthit;1932;0,597
345572;Tommy Dowd;1891;0,618
345572;Tommy Dowd;1892;0,584
345572;Tommy Dowd;1893;0,683
345572;Tommy Dowd;1894;0,696
345572;Tommy Dowd;1895;0,834
345572;Tommy Dowd;1896;0,691
345572;Tommy Dowd;1897;0,672
345572;Tommy Dowd;1898;0,584
345572;Tommy Dowd;1899;0,668
345572;Tommy Dowd;1901;0,652
345580;Tom Downey;1909;0,576
345580;Tom Downey;1910;0,66
345580;Tom Downey;1911;0,689
345580;Tom Downey;1914;0,55
345580;Tom Downey;1915;0,517
345582;Brian Downing;1974;0,719
345582;Brian Downing;1975;0,68
345582;Brian Downing;1976;0,666
345582;Brian Downing;1978;0,688
345582;Brian Downing;1979;0,88
345582;Brian Downing;1981;0,73
345582;Brian Downing;1982;0,85
345582;Brian Downing;1983;0,781
345582;Brian Downing;1984;0,822
345582;Brian Downing;1985;0,798
345582;Brian Downing;1986;0,841
345582;Brian Downing;1987;0,886
345582;Brian Downing;1988;0,805
345582;Brian Downing;1989;0,768
345582;Brian Downing;1990;0,841
345582;Brian Downing;1991;0,831
345582;Brian Downing;1992;0,835
345589;Red Downs;1907;0,538
345589;Red Downs;1908;0,524
345591;Tom Dowse;1891;0,536
345593;Brenton Doyle;2023;0,593
345593;Brenton Doyle;2024;0,764
345593;Brenton Doyle;2025;0,651
345597;Denny Doyle;1970;0,546
345597;Denny Doyle;1971;0,578
345597;Denny Doyle;1972;0,591
345597;Denny Doyle;1973;0,665
345597;Denny Doyle;1974;0,606
345597;Denny Doyle;1975;0,768
345597;Denny Doyle;1976;0,593
345597;Denny Doyle;1977;0,596
345598;Jack Doyle;1890;0,692
345598;Jack Doyle;1891;0,715
345598;Jack Doyle;1892;0,74
345598;Jack Doyle;1893;0,798
345598;Jack Doyle;1894;0,918
345598;Jack Doyle;1895;0,773
345598;Jack Doyle;1896;0,821
345598;Jack Doyle;1897;0,842
345598;Jack Doyle;1898;0,681
345598;Jack Doyle;1899;0,737
345598;Jack Doyle;1900;0,642
345598;Jack Doyle;1901;0,54
345598;Jack Doyle;1902;0,628
345598;Jack Doyle;1903;0,77
345598;Jack Doyle;1904;0,582
345601;Jim Doyle;1911;0,754
345604;Larry Doyle;1907;0,593
345604;Larry Doyle;1908;0,752
345604;Larry Doyle;1909;0,779
345604;Larry Doyle;1910;0,781
345604;Larry Doyle;1911;0,924
345604;Larry Doyle;1912;0,864
345604;Larry Doyle;1913;0,752
345604;Larry Doyle;1914;0,695
345604;Larry Doyle;1915;0,799
345604;Larry Doyle;1916;0,697
345604;Larry Doyle;1917;0,675
345604;Larry Doyle;1918;0,708
345604;Larry Doyle;1919;0,783
345604;Larry Doyle;1920;0,715
345609;Brian Dozier;2012;0,603
345609;Brian Dozier;2013;0,726
345609;Brian Dozier;2014;0,762
345609;Brian Dozier;2015;0,751
345609;Brian Dozier;2016;0,886
345609;Brian Dozier;2017;0,856
345609;Brian Dozier;2018;0,712
345609;Brian Dozier;2019;0,771
345612;Hunter Dozier;2018;0,673
345612;Hunter Dozier;2019;0,87
345612;Hunter Dozier;2021;0,68
345612;Hunter Dozier;2022;0,679
345621;Delos Drake;1911;0,699
345621;Delos Drake;1914;0,63
345621;Delos Drake;1915;0,678
345628;Solly Drake;1956;0,665
345638;Valentín Dreke;1920;0,727
345638;Valentín Dreke;1921;0,726
345638;Valentín Dreke;1922;0,737
345638;Valentín Dreke;1923;0,848
345638;Valentín Dreke;1926;0,841
345638;Valentín Dreke;1927;0,848
345642;Chuck Dressen;1925;0,691
345642;Chuck Dressen;1926;0,733
345642;Chuck Dressen;1927;0,781
345642;Chuck Dressen;1928;0,716
345642;Chuck Dressen;1929;0,642
345648;J. D. Drew;1999;0,763
345648;J. D. Drew;2000;0,88
345648;J. D. Drew;2001;1,027
345648;J. D. Drew;2002;0,778
345648;J. D. Drew;2003;0,886
345648;J. D. Drew;2004;1,006
345648;J. D. Drew;2005;0,931
345648;J. D. Drew;2006;0,891
345648;J. D. Drew;2007;0,796
345648;J. D. Drew;2008;0,927
345648;J. D. Drew;2009;0,914
345648;J. D. Drew;2010;0,793
345648;J. D. Drew;2011;0,617
345651;Stephen Drew;2006;0,874
345651;Stephen Drew;2007;0,683
345651;Stephen Drew;2008;0,836
345651;Stephen Drew;2009;0,748
345651;Stephen Drew;2010;0,81
345651;Stephen Drew;2011;0,713
345651;Stephen Drew;2013;0,777
345651;Stephen Drew;2015;0,652
345656;Dan Driessen;1973;0,731
345656;Dan Driessen;1974;0,747
345656;Dan Driessen;1975;0,814
345656;Dan Driessen;1976;0,764
345656;Dan Driessen;1977;0,843
345656;Dan Driessen;1978;0,742
345656;Dan Driessen;1979;0,744
345656;Dan Driessen;1980;0,795
345656;Dan Driessen;1981;0,735
345656;Dan Driessen;1982;0,789
345656;Dan Driessen;1983;0,809
345656;Dan Driessen;1984;0,814
345656;Dan Driessen;1985;0,689
345657;Lew Drill;1905;0,669
345667;Walt Dropo;1950;0,961
345667;Walt Dropo;1951;0,681
345667;Walt Dropo;1952;0,8
345667;Walt Dropo;1953;0,66
345667;Walt Dropo;1954;0,703
345667;Walt Dropo;1955;0,791
345667;Walt Dropo;1956;0,708
345667;Walt Dropo;1957;0,74
345674;Brandon Drury;2016;0,786
345674;Brandon Drury;2017;0,764
345674;Brandon Drury;2019;0,642
345674;Brandon Drury;2022;0,855
345674;Brandon Drury;2023;0,803
345674;Brandon Drury;2024;0,469
345682;Mauricio Dubon;2023;0,72
345682;Mauricio Dubon;2024;0,657
345682;Mauricio Dubon;2025;0,644
345685;Rob Ducey;1998;0,746
345692;Lucas Duda;2011;0,852
345692;Lucas Duda;2012;0,718
345692;Lucas Duda;2013;0,767
345692;Lucas Duda;2014;0,83
345692;Lucas Duda;2015;0,838
345692;Lucas Duda;2017;0,879
345692;Lucas Duda;2018;0,723
345694;Doc Dudley;1921;0,834
345694;Doc Dudley;1922;0,812
345700;Charlie Duffee;1889;0,738
345700;Charlie Duffee;1890;0,71
345700;Charlie Duffee;1891;0,774
345700;Charlie Duffee;1892;0,656
345709;Chris Duffy;2006;0,654
345709;Chris Duffy;2007;0,67
345712;Frank Duffy;1972;0,621
345712;Frank Duffy;1973;0,708
345712;Frank Duffy;1974;0,582
345712;Frank Duffy;1975;0,586
345712;Frank Duffy;1976;0,534
345712;Frank Duffy;1977;0,535
345713;Hugh Duffy;1888;0,718
345713;Hugh Duffy;1889;0,797
345713;Hugh Duffy;1890;0,853
345713;Hugh Duffy;1891;0,861
345713;Hugh Duffy;1892;0,774
345713;Hugh Duffy;1893;0,876
345713;Hugh Duffy;1894;1,196
345713;Hugh Duffy;1895;0,909
345713;Hugh Duffy;1896;0,754
345713;Hugh Duffy;1897;0,885
345713;Hugh Duffy;1898;0,738
345713;Hugh Duffy;1899;0,705
345713;Hugh Duffy;1901;0,78
345714;Matt Duffy;2015;0,762
345714;Matt Duffy;2016;0,671
345714;Matt Duffy;2018;0,727
345714;Matt Duffy;2021;0,738
345714;Matt Duffy;2022;0,619
345719;Joe Dugan;1918;0,488
345719;Joe Dugan;1919;0,634
345719;Joe Dugan;1920;0,793
345719;Joe Dugan;1921;0,776
345719;Joe Dugan;1922;0,7
345719;Joe Dugan;1923;0,695
345719;Joe Dugan;1924;0,731
345719;Joe Dugan;1925;0,689
345719;Joe Dugan;1926;0,69
345719;Joe Dugan;1927;0,683
345719;Joe Dugan;1928;0,699
345724;Steven Duggar;2019;0,619
345724;Steven Duggar;2021;0,767
345728;Elijah Dukes;2008;0,864
345728;Elijah Dukes;2009;0,729
345747;Chris Duncan;2006;0,952
345747;Chris Duncan;2007;0,834
345747;Chris Duncan;2008;0,711
345747;Chris Duncan;2009;0,687
345749;Dave Duncan;1968;0,559
345749;Dave Duncan;1970;0,738
345749;Dave Duncan;1971;0,726
345749;Dave Duncan;1972;0,676
345749;Dave Duncan;1973;0,728
345749;Dave Duncan;1974;0,615
345749;Dave Duncan;1975;0,591
345749;Dave Duncan;1976;0,542
345750;Frank Duncan;1916;0,702
345751;Frank Duncan;1922;0,621
345751;Frank Duncan;1923;0,665
345751;Frank Duncan;1924;0,677
345755;Mariano Duncan;1985;0,633
345755;Mariano Duncan;1986;0,589
345755;Mariano Duncan;1987;0,589
345755;Mariano Duncan;1990;0,821
345755;Mariano Duncan;1991;0,699
345755;Mariano Duncan;1992;0,68
345755;Mariano Duncan;1993;0,721
345755;Mariano Duncan;1994;0,713
345755;Mariano Duncan;1996;0,852
345756;Pat Duncan;1920;0,722
345756;Pat Duncan;1921;0,775
345756;Pat Duncan;1922;0,85
345756;Pat Duncan;1923;0,801
345756;Pat Duncan;1924;0,705
345757;Shelley Duncan;2010;0,736
345757;Shelley Duncan;2011;0,808
345757;Shelley Duncan;2012;0,676
345758;Taylor Duncan;1978;0,632
345759;Vern Duncan;1914;0,737
345759;Vern Duncan;1915;0,665
345762;Gus Dundon;1904;0,56
345762;Gus Dundon;1905;0,476
345764;Sam Dungan;1892;0,706
345764;Sam Dungan;1893;0,739
345764;Sam Dungan;1901;0,783
345771;Fred Dunlap;1880;0,718
345771;Fred Dunlap;1881;0,802
345771;Fred Dunlap;1882;0,677
345771;Fred Dunlap;1883;0,813
345771;Fred Dunlap;1884;1,069
345771;Fred Dunlap;1885;0,667
345771;Fred Dunlap;1886;0,697
345771;Fred Dunlap;1887;0,768
345771;Fred Dunlap;1888;0,636
345771;Fred Dunlap;1889;0,599
345774;Jack Dunleavy;1905;0,631
345776;Adam Dunn;2001;0,948
345776;Adam Dunn;2002;0,854
345776;Adam Dunn;2003;0,819
345776;Adam Dunn;2004;0,956
345776;Adam Dunn;2005;0,927
345776;Adam Dunn;2006;0,855
345776;Adam Dunn;2007;0,94
345776;Adam Dunn;2008;0,901
345776;Adam Dunn;2009;0,928
345776;Adam Dunn;2010;0,892
345776;Adam Dunn;2011;0,569
345776;Adam Dunn;2012;0,8
345776;Adam Dunn;2013;0,762
345776;Adam Dunn;2014;0,773
345784;Jack Dunn;1901;0,596
345784;Jack Dunn;1902;0,505
345784;Jack Dunn;1903;0,598
345785;Jake Dunn;1930;0,717
345785;Jake Dunn;1934;0,729
345785;Jake Dunn;1938;0,727
345797;Shawon Dunston;1985;0,698
345797;Shawon Dunston;1986;0,69
345797;Shawon Dunston;1987;0,626
345797;Shawon Dunston;1988;0,627
345797;Shawon Dunston;1989;0,724
345797;Shawon Dunston;1990;0,709
345797;Shawon Dunston;1991;0,699
345797;Shawon Dunston;1994;0,748
345797;Shawon Dunston;1995;0,788
345797;Shawon Dunston;1996;0,739
345797;Shawon Dunston;1997;0,71
345797;Shawon Dunston;2000;0,764
345798;Todd Dunwoody;1998;0,672
345804;Ezequiel Duran;2022;0,643
345804;Ezequiel Duran;2023;0,768
345804;Ezequiel Duran;2024;0,609
345804;Ezequiel Duran;2025;0,559
345806;Jarren Duran;2022;0,645
345806;Jarren Duran;2023;0,828
345806;Jarren Duran;2024;0,834
345806;Jarren Duran;2025;0,774
345812;Erubiel Durazo;2002;0,944
345812;Erubiel Durazo;2003;0,804
345812;Erubiel Durazo;2004;0,919
345813;Caleb Durbin;2025;0,721
345823;Leon Durham;1980;0,735
345823;Leon Durham;1981;0,804
345823;Leon Durham;1982;0,909
345823;Leon Durham;1983;0,847
345823;Leon Durham;1984;0,874
345823;Leon Durham;1985;0,822
345823;Leon Durham;1986;0,803
345823;Leon Durham;1987;0,86
345824;Ray Durham;1995;0,693
345824;Ray Durham;1996;0,755
345824;Ray Durham;1997;0,719
345824;Ray Durham;1998;0,818
345824;Ray Durham;1999;0,808
345824;Ray Durham;2000;0,81
345824;Ray Durham;2001;0,804
345824;Ray Durham;2002;0,821
345824;Ray Durham;2003;0,807
345824;Ray Durham;2004;0,848
345824;Ray Durham;2005;0,785
345824;Ray Durham;2006;0,898
345824;Ray Durham;2007;0,638
345824;Ray Durham;2008;0,799
345829;Leo Durocher;1928;0,665
345829;Leo Durocher;1929;0,607
345829;Leo Durocher;1930;0,615
345829;Leo Durocher;1931;0,557
345829;Leo Durocher;1932;0,569
345829;Leo Durocher;1933;0,645
345829;Leo Durocher;1934;0,658
345829;Leo Durocher;1935;0,681
345829;Leo Durocher;1936;0,674
345829;Leo Durocher;1937;0,507
345829;Leo Durocher;1938;0,577
345829;Leo Durocher;1939;0,695
345833;Cedric Durst;1926;0,666
345833;Cedric Durst;1929;0,67
345833;Cedric Durst;1930;0,641
345835;Erv Dusak;1946;0,7
345835;Erv Dusak;1947;0,756
345835;Erv Dusak;1948;0,625
345838;Adam Duvall;2016;0,795
345838;Adam Duvall;2017;0,782
345838;Adam Duvall;2018;0,685
345838;Adam Duvall;2021;0,755
345838;Adam Duvall;2022;0,677
345838;Adam Duvall;2023;0,834
345838;Adam Duvall;2024;0,569
345842;Eddie Dwight;1928;0,667
345846;Jim Dwyer;1980;0,796
345846;Jim Dwyer;1985;0,752
345846;Jim Dwyer;1987;0,869
345846;Jim Dwyer;1989;0,794
345848;Jerry Dybzinski;1980;0,567
345848;Jerry Dybzinski;1982;0,584
345848;Jerry Dybzinski;1983;0,572
345849;Jim Dyck;1952;0,804
345849;Jim Dyck;1953;0,643
345850;Jermaine Dye;1996;0,763
345850;Jermaine Dye;1997;0,653
345850;Jermaine Dye;1998;0,606
345850;Jermaine Dye;1999;0,88
345850;Jermaine Dye;2000;0,951
345850;Jermaine Dye;2001;0,831
345850;Jermaine Dye;2002;0,792
345850;Jermaine Dye;2003;0,514
345850;Jermaine Dye;2004;0,793
345850;Jermaine Dye;2005;0,846
345850;Jermaine Dye;2006;1,006
345850;Jermaine Dye;2007;0,804
345850;Jermaine Dye;2008;0,885
345850;Jermaine Dye;2009;0,793
345852;Duffy Dyer;1972;0,675
345852;Duffy Dyer;1977;0,692
345857;Jimmy Dykes;1920;0,695
345857;Jimmy Dykes;1921;0,8
345857;Jimmy Dykes;1922;0,78
345857;Jimmy Dykes;1923;0,671
345857;Jimmy Dykes;1924;0,799
345857;Jimmy Dykes;1925;0,864
345857;Jimmy Dykes;1926;0,762
345857;Jimmy Dykes;1927;0,847
345857;Jimmy Dykes;1928;0,746
345857;Jimmy Dykes;1929;0,95
345857;Jimmy Dykes;1930;0,84
345857;Jimmy Dykes;1931;0,759
345857;Jimmy Dykes;1932;0,731
345857;Jimmy Dykes;1933;0,681
345857;Jimmy Dykes;1934;0,731
345857;Jimmy Dykes;1935;0,769
345857;Jimmy Dykes;1936;0,728
345861;Lenny Dykstra;1985;0,669
345861;Lenny Dykstra;1986;0,822
345861;Lenny Dykstra;1987;0,806
345861;Lenny Dykstra;1988;0,706
345861;Lenny Dykstra;1989;0,626
345861;Lenny Dykstra;1990;0,859
345861;Lenny Dykstra;1991;0,818
345861;Lenny Dykstra;1992;0,781
345861;Lenny Dykstra;1993;0,902
345861;Lenny Dykstra;1994;0,839
345861;Lenny Dykstra;1995;0,707
345863;Jarrod Dyson;2012;0,65
345863;Jarrod Dyson;2013;0,692
345863;Jarrod Dyson;2014;0,651
345863;Jarrod Dyson;2015;0,691
345863;Jarrod Dyson;2016;0,728
345863;Jarrod Dyson;2017;0,674
345863;Jarrod Dyson;2018;0,539
345863;Jarrod Dyson;2019;0,633
345867;Bill Eagan;1891;0,649
345876;Howard Earl;1890;0,628
345879;Jake Early;1940;0,743
345879;Jake Early;1941;0,805
345879;Jake Early;1942;0,562
345879;Jake Early;1943;0,708
345879;Jake Early;1947;0,717
345879;Jake Early;1948;0,598
345881;Damion Easley;1993;0,805
345881;Damion Easley;1994;0,617
345881;Damion Easley;1995;0,588
345881;Damion Easley;1997;0,833
345881;Damion Easley;1998;0,81
345881;Damion Easley;1999;0,779
345881;Damion Easley;2000;0,766
345881;Damion Easley;2001;0,699
345881;Damion Easley;2002;0,663
345881;Damion Easley;2004;0,788
345881;Damion Easley;2005;0,732
345881;Damion Easley;2008;0,692
345884;Mike Easler;1980;0,978
345884;Mike Easler;1981;0,759
345884;Mike Easler;1982;0,773
345884;Mike Easler;1983;0,79
345884;Mike Easler;1984;0,892
345884;Mike Easler;1985;0,737
345884;Mike Easler;1986;0,811
345888;Henry Easterday;1888;0,516
345888;Henry Easterday;1889;0,544
345889;Howard Easterling;1940;0,917
345889;Howard Easterling;1941;0,836
345889;Howard Easterling;1942;0,755
345889;Howard Easterling;1943;0,878
345891;Luke Easter;1947;0,79
345891;Luke Easter;1950;0,86
345891;Luke Easter;1951;0,814
345891;Luke Easter;1952;0,85
345891;Luke Easter;1953;0,806
345894;Ted Easterly;1909;0,684
345894;Ted Easterly;1910;0,727
345894;Ted Easterly;1911;0,78
345894;Ted Easterly;1914;0,827
345894;Ted Easterly;1915;0,692
345902;Adam Eaton;2013;0,674
345902;Adam Eaton;2014;0,763
345902;Adam Eaton;2015;0,792
345902;Adam Eaton;2016;0,79
345902;Adam Eaton;2018;0,805
345902;Adam Eaton;2019;0,792
345908;Eddie Eayrs;1920;0,787
345923;David Eckstein;2001;0,712
345923;David Eckstein;2002;0,752
345923;David Eckstein;2003;0,651
345923;David Eckstein;2004;0,671
345923;David Eckstein;2005;0,758
345923;David Eckstein;2006;0,694
345923;David Eckstein;2007;0,739
345923;David Eckstein;2008;0,711
345923;David Eckstein;2009;0,657
345923;David Eckstein;2010;0,647
345931;Charlie Eden;1879;0,709
345931;Charlie Eden;1885;0,626
345942;Tommy Edman;2019;0,85
345942;Tommy Edman;2020;0,685
345942;Tommy Edman;2021;0,695
345942;Tommy Edman;2022;0,725
345942;Tommy Edman;2023;0,705
345942;Tommy Edman;2025;0,655
345947;Jim Edmonds;1994;0,72
345947;Jim Edmonds;1995;0,888
345947;Jim Edmonds;1996;0,946
345947;Jim Edmonds;1997;0,868
345947;Jim Edmonds;1998;0,874
345947;Jim Edmonds;1999;0,766
345947;Jim Edmonds;2000;0,994
345947;Jim Edmonds;2001;0,974
345947;Jim Edmonds;2002;0,981
345947;Jim Edmonds;2003;1,002
345947;Jim Edmonds;2004;1,061
345947;Jim Edmonds;2005;0,918
345947;Jim Edmonds;2006;0,822
345947;Jim Edmonds;2007;0,728
345947;Jim Edmonds;2008;0,937
345947;Jim Edmonds;2010;0,843
345951;Bruce Edwards;1946;0,704
345951;Bruce Edwards;1947;0,782
345951;Bruce Edwards;1948;0,774
345954;Dave Edwards;1979;0,711
345954;Dave Edwards;1980;0,629
345955;Doc Edwards;1963;0,662
345955;Doc Edwards;1964;0,574
345958;Hank Edwards;1943;0,75
345958;Hank Edwards;1946;0,87
345958;Hank Edwards;1947;0,735
345961;Johnny Edwards;1962;0,714
345961;Johnny Edwards;1963;0,702
345961;Johnny Edwards;1964;0,721
345961;Johnny Edwards;1965;0,827
345961;Johnny Edwards;1966;0,553
345961;Johnny Edwards;1967;0,524
345961;Johnny Edwards;1968;0,613
345961;Johnny Edwards;1969;0,639
345961;Johnny Edwards;1970;0,618
345961;Johnny Edwards;1971;0,6
345961;Johnny Edwards;1972;0,732
345961;Johnny Edwards;1973;0,661
345964;Mike Edwards;1978;0,632
345964;Mike Edwards;1979;0,543
345965;Mike Edwards;2005;0,639
345972;Xavier Edwards;2024;0,82
345972;Xavier Edwards;2025;0,695
345978;Dick Egan;1909;0,659
345978;Dick Egan;1910;0,611
345978;Dick Egan;1911;0,614
345978;Dick Egan;1912;0,618
345978;Dick Egan;1914;0,555
345978;Dick Egan;1915;0,652
345978;Dick Egan;1916;0,562
345982;Tom Egan;1970;0,61
345982;Tom Egan;1971;0,731
345987;Dave Eggler;1872;0,756
345987;Dave Eggler;1873;0,77
345987;Dave Eggler;1874;0,744
345987;Dave Eggler;1875;0,697
345987;Dave Eggler;1879;0,503
345987;Dave Eggler;1883;0,39
345987;Dave Eggler;1884;0,43
345988;Mack Eggleston;1924;0,767
345991;Red Ehret;1889;0,597
345997;Ike Eichrodt;1927;0,572
346005;Jim Eisenreich;1988;0,518
346005;Jim Eisenreich;1989;0,79
346005;Jim Eisenreich;1990;0,732
346005;Jim Eisenreich;1991;0,725
346005;Jim Eisenreich;1992;0,653
346005;Jim Eisenreich;1993;0,808
346005;Jim Eisenreich;1994;0,792
346005;Jim Eisenreich;1995;0,839
346005;Jim Eisenreich;1996;0,889
346005;Jim Eisenreich;1997;0,717
346012;Kid Elberfeld;1901;0,825
346012;Kid Elberfeld;1902;0,674
346012;Kid Elberfeld;1903;0,713
346012;Kid Elberfeld;1904;0,665
346012;Kid Elberfeld;1905;0,647
346012;Kid Elberfeld;1906;0,763
346012;Kid Elberfeld;1907;0,678
346012;Kid Elberfeld;1909;0,601
346012;Kid Elberfeld;1910;0,614
346012;Kid Elberfeld;1911;0,744
346028;Frank Ellerbe;1920;0,677
346028;Frank Ellerbe;1921;0,732
346028;Frank Ellerbe;1922;0,621
346030;Joe Ellick;1884;0,53
346034;Bob Elliott;1940;0,769
346034;Bob Elliott;1941;0,727
346034;Bob Elliott;1942;0,774
346034;Bob Elliott;1943;0,82
346034;Bob Elliott;1944;0,848
346034;Bob Elliott;1945;0,79
346034;Bob Elliott;1946;0,709
346034;Bob Elliott;1947;0,927
346034;Bob Elliott;1948;0,897
346034;Bob Elliott;1949;0,862
346034;Bob Elliott;1950;0,898
346034;Bob Elliott;1951;0,819
346034;Bob Elliott;1952;0,698
346034;Bob Elliott;1953;0,738
346043;Larry Elliot;1964;0,704
346045;Rowdy Elliott;1917;0,624
346047;A. J. Ellis;2012;0,786
346047;A. J. Ellis;2013;0,682
346047;A. J. Ellis;2014;0,577
346055;Jason Ellison;2005;0,677
346058;John Ellis;1970;0,708
346058;John Ellis;1971;0,663
346058;John Ellis;1973;0,741
346058;John Ellis;1974;0,751
346058;John Ellis;1975;0,61
346058;John Ellis;1979;0,754
346059;Mark Ellis;2002;0,753
346059;Mark Ellis;2003;0,684
346059;Mark Ellis;2005;0,861
346059;Mark Ellis;2006;0,704
346059;Mark Ellis;2007;0,777
346059;Mark Ellis;2008;0,694
346059;Mark Ellis;2009;0,708
346059;Mark Ellis;2010;0,739
346059;Mark Ellis;2011;0,626
346059;Mark Ellis;2012;0,697
346059;Mark Ellis;2013;0,674
346064;Rube Ellis;1909;0,666
346064;Rube Ellis;1910;0,681
346064;Rube Ellis;1911;0,669
346064;Rube Ellis;1912;0,723
346067;Jacoby Ellsbury;2008;0,729
346067;Jacoby Ellsbury;2009;0,77
346067;Jacoby Ellsbury;2011;0,928
346067;Jacoby Ellsbury;2012;0,682
346067;Jacoby Ellsbury;2013;0,781
346067;Jacoby Ellsbury;2014;0,747
346067;Jacoby Ellsbury;2015;0,663
346067;Jacoby Ellsbury;2016;0,703
346067;Jacoby Ellsbury;2017;0,75
346073;Roy Elsh;1923;0,607
346074;Kevin Elster;1988;0,594
346074;Kevin Elster;1989;0,643
346074;Kevin Elster;1990;0,637
346074;Kevin Elster;1991;0,669
346074;Kevin Elster;1996;0,779
346074;Kevin Elster;1998;0,665
346074;Kevin Elster;2000;0,796
346077;Bones Ely;1890;0,627
346077;Bones Ely;1894;0,807
346077;Bones Ely;1895;0,596
346077;Bones Ely;1896;0,689
346077;Bones Ely;1897;0,682
346077;Bones Ely;1898;0,517
346077;Bones Ely;1899;0,665
346077;Bones Ely;1900;0,554
346077;Bones Ely;1901;0,492
346077;Bones Ely;1902;0,611
346090;Frank Emmer;1926;0,525
346096;Christian Encarnacion-Strand;2023;0,805
346097;Edwin Encarnacion;2005;0,744
346097;Edwin Encarnacion;2006;0,831
346097;Edwin Encarnacion;2007;0,794
346097;Edwin Encarnacion;2008;0,807
346097;Edwin Encarnacion;2010;0,787
346097;Edwin Encarnacion;2011;0,787
346097;Edwin Encarnacion;2012;0,941
346097;Edwin Encarnacion;2013;0,904
346097;Edwin Encarnacion;2014;0,901
346097;Edwin Encarnacion;2015;0,929
346097;Edwin Encarnacion;2016;0,886
346097;Edwin Encarnacion;2017;0,881
346097;Edwin Encarnacion;2018;0,81
346097;Edwin Encarnacion;2019;0,888
346099;Juan Encarnacion;1999;0,736
346099;Juan Encarnacion;2000;0,764
346099;Juan Encarnacion;2001;0,7
346099;Juan Encarnacion;2002;0,7695
346099;Juan Encarnacion;2003;0,759
346099;Juan Encarnacion;2004;0,705
346099;Juan Encarnacion;2005;0,795
346099;Juan Encarnacion;2006;0,76
346099;Juan Encarnacion;2007;0,769
346104;Adam Engel;2017;0,517
346104;Adam Engel;2018;0,614
346104;Adam Engel;2019;0,687
346104;Adam Engel;2022;0,579
346108;Charlie Engle;1930;0,654
346109;Clyde Engle;1909;0,705
346109;Clyde Engle;1910;0,695
346109;Clyde Engle;1911;0,662
346109;Clyde Engle;1913;0,747
346109;Clyde Engle;1915;0,668
346110;Dave Engle;1981;0,703
346110;Dave Engle;1983;0,8
346110;Dave Engle;1984;0,661
346115;Gil English;1932;0,582
346115;Gil English;1937;0,694
346119;Woody English;1927;0,69
346119;Woody English;1928;0,718
346119;Woody English;1929;0,691
346119;Woody English;1930;0,941
346119;Woody English;1931;0,804
346119;Woody English;1932;0,704
346119;Woody English;1933;0,69
346119;Woody English;1934;0,738
346119;Woody English;1937;0,649
346120;Del Ennis;1946;0,849
346120;Del Ennis;1947;0,736
346120;Del Ennis;1948;0,869
346120;Del Ennis;1949;0,892
346120;Del Ennis;1950;0,923
346120;Del Ennis;1951;0,76
346120;Del Ennis;1952;0,816
346120;Del Ennis;1953;0,839
346120;Del Ennis;1954;0,762
346120;Del Ennis;1955;0,864
346120;Del Ennis;1956;0,729
346120;Del Ennis;1957;0,826
346120;Del Ennis;1958;0,639
346129;Morgan Ensberg;2003;0,907
346129;Morgan Ensberg;2004;0,742
346129;Morgan Ensberg;2005;0,945
346129;Morgan Ensberg;2006;0,858
346129;Morgan Ensberg;2007;0,707
346142;Hal Epps;1944;0,683
346143;Mike Epstein;1967;0,708
346143;Mike Epstein;1968;0,704
346143;Mike Epstein;1969;0,965
346143;Mike Epstein;1970;0,815
346143;Mike Epstein;1971;0,805
346143;Mike Epstein;1972;0,866
346143;Mike Epstein;1973;0,63
346164;Darin Erstad;1996;0,708
346164;Darin Erstad;1997;0,826
346164;Darin Erstad;1998;0,839
346164;Darin Erstad;1999;0,683
346164;Darin Erstad;2000;0,951
346164;Darin Erstad;2001;0,691
346164;Darin Erstad;2002;0,702
346164;Darin Erstad;2003;0,642
346164;Darin Erstad;2004;0,746
346164;Darin Erstad;2005;0,696
346164;Darin Erstad;2007;0,645
346164;Darin Erstad;2008;0,672
346165;Phil Ervin;2018;0,728
346165;Phil Ervin;2019;0,797
346166;Tex Erwin;1910;0,505
346166;Tex Erwin;1911;0,811
346167;Nick Esasky;1983;0,779
346167;Nick Esasky;1984;0,649
346167;Nick Esasky;1985;0,797
346167;Nick Esasky;1986;0,728
346167;Nick Esasky;1987;0,856
346167;Nick Esasky;1988;0,738
346167;Nick Esasky;1989;0,855
346178;Alcides Escobar;2010;0,614
346178;Alcides Escobar;2011;0,633
346178;Alcides Escobar;2012;0,721
346178;Alcides Escobar;2013;0,559
346178;Alcides Escobar;2014;0,694
346178;Alcides Escobar;2015;0,614
346178;Alcides Escobar;2016;0,642
346178;Alcides Escobar;2017;0,629
346178;Alcides Escobar;2018;0,593
346178;Alcides Escobar;2021;0,744
346180;Eduardo Escobar;2014;0,721
346180;Eduardo Escobar;2015;0,754
346180;Eduardo Escobar;2016;0,618
346180;Eduardo Escobar;2017;0,758
346180;Eduardo Escobar;2018;0,852
346180;Eduardo Escobar;2019;0,831
346180;Eduardo Escobar;2020;0,605
346180;Eduardo Escobar;2021;0,778
346180;Eduardo Escobar;2022;0,726
346185;Yunel Escobar;2007;0,837
346185;Yunel Escobar;2008;0,766
346185;Yunel Escobar;2009;0,812
346185;Yunel Escobar;2010;0,657
346185;Yunel Escobar;2011;0,782
346185;Yunel Escobar;2012;0,644
346185;Yunel Escobar;2013;0,698
346185;Yunel Escobar;2014;0,664
346185;Yunel Escobar;2015;0,79
346185;Yunel Escobar;2016;0,745
346185;Yunel Escobar;2017;0,73
346188;Jimmy Esmond;1912;0,514
346188;Jimmy Esmond;1914;0,748
346188;Jimmy Esmond;1915;0,684
346192;Alvaro Espinoza;1989;0,633
346192;Alvaro Espinoza;1990;0,532
346192;Alvaro Espinoza;1991;0,626
346192;Alvaro Espinoza;1993;0,678
346192;Alvaro Espinoza;1994;0,566
346194;Danny Espinosa;2011;0,737
346194;Danny Espinosa;2012;0,717
346194;Danny Espinosa;2014;0,634
346194;Danny Espinosa;2015;0,719
346194;Danny Espinosa;2016;0,684
346194;Danny Espinosa;2017;0,513
346200;Santiago Espinal;2021;0,781
346200;Santiago Espinal;2022;0,692
346200;Santiago Espinal;2023;0,644
346200;Santiago Espinal;2024;0,65
346200;Santiago Espinal;2025;0,575
346204;Cecil Espy;1988;0,637
346204;Cecil Espy;1989;0,644
346205;Chuck Essegian;1962;0,86
346205;Chuck Essegian;1963;0,614
346207;Jim Essian;1977;0,809
346207;Jim Essian;1978;0,621
346207;Jim Essian;1979;0,666
346207;Jim Essian;1980;0,625
346209;Bobby Estalella;1939;0,835
346209;Bobby Estalella;1942;0,813
346209;Bobby Estalella;1943;0,761
346209;Bobby Estalella;1944;0,783
346209;Bobby Estalella;1945;0,834
346210;Bobby Estalella;2000;0,826
346212;Dude Esterbrook;1880;0,538
346212;Dude Esterbrook;1883;0,589
346212;Dude Esterbrook;1884;0,772
346212;Dude Esterbrook;1885;0,604
346212;Dude Esterbrook;1886;0,627
346212;Dude Esterbrook;1888;0,484
346221;Johnny Estrada;2001;0,632
346221;Johnny Estrada;2004;0,828
346221;Johnny Estrada;2005;0,67
346221;Johnny Estrada;2006;0,772
346221;Johnny Estrada;2007;0,699
346225;Thairo Estrada;2022;0,722
346225;Thairo Estrada;2023;0,731
346225;Thairo Estrada;2024;0,59
346227;Andy Etchebarren;1966;0,657
346227;Andy Etchebarren;1967;0,617
346227;Andy Etchebarren;1969;0,701
346227;Andy Etchebarren;1970;0,66
346227;Andy Etchebarren;1971;0,749
346227;Andy Etchebarren;1976;0,577
346229;Buck Etchison;1944;0,637
346233;Andre Ethier;2006;0,842
346233;Andre Ethier;2007;0,802
346233;Andre Ethier;2008;0,885
346233;Andre Ethier;2009;0,869
346233;Andre Ethier;2010;0,857
346233;Andre Ethier;2011;0,789
346233;Andre Ethier;2012;0,812
346233;Andre Ethier;2013;0,783
346233;Andre Ethier;2014;0,691
346233;Andre Ethier;2015;0,852
346234;Nick Etten;1941;0,859
346234;Nick Etten;1942;0,732
346234;Nick Etten;1943;0,775
346234;Nick Etten;1944;0,865
346234;Nick Etten;1945;0,824
346234;Nick Etten;1946;0,68
346241;Tony Eusebio;1995;0,764
346241;Tony Eusebio;1999;0,709
346241;Tony Eusebio;2000;0,82
346245;Al Evans;1942;0,565
346245;Al Evans;1946;0,674
346245;Al Evans;1947;0,607
346245;Al Evans;1948;0,705
346245;Al Evans;1949;0,715
346245;Al Evans;1950;0,614
346258;Darrell Evans;1971;0,768
346258;Darrell Evans;1972;0,803
346258;Darrell Evans;1973;0,959
346258;Darrell Evans;1974;0,8
346258;Darrell Evans;1975;0,766
346258;Darrell Evans;1976;0,71
346258;Darrell Evans;1977;0,768
346258;Darrell Evans;1978;0,764
346258;Darrell Evans;1979;0,748
346258;Darrell Evans;1980;0,772
346258;Darrell Evans;1981;0,773
346258;Darrell Evans;1982;0,779
346258;Darrell Evans;1983;0,894
346258;Darrell Evans;1984;0,737
346258;Darrell Evans;1985;0,875
346258;Darrell Evans;1986;0,798
346258;Darrell Evans;1987;0,88
346258;Darrell Evans;1988;0,717
346258;Darrell Evans;1989;0,658
346260;Dwight Evans;1973;0,703
346260;Dwight Evans;1974;0,756
346260;Dwight Evans;1975;0,809
346260;Dwight Evans;1976;0,755
346260;Dwight Evans;1977;0,889
346260;Dwight Evans;1978;0,784
346260;Dwight Evans;1979;0,82
346260;Dwight Evans;1980;0,842
346260;Dwight Evans;1981;0,937
346260;Dwight Evans;1982;0,936
346260;Dwight Evans;1983;0,774
346260;Dwight Evans;1984;0,92
346260;Dwight Evans;1985;0,832
346260;Dwight Evans;1986;0,853
346260;Dwight Evans;1987;0,986
346260;Dwight Evans;1988;0,861
346260;Dwight Evans;1989;0,861
346260;Dwight Evans;1990;0,74
346260;Dwight Evans;1991;0,771
346265;Jake Evans;1879;0,546
346265;Jake Evans;1881;0,581
346265;Jake Evans;1882;0,495
346265;Jake Evans;1883;0,545
346265;Jake Evans;1884;0,638
346266;Joe Evans;1917;0,513
346266;Joe Evans;1918;0,702
346266;Joe Evans;1923;0,633
346266;Joe Evans;1924;0,627
346269;Phillip Evans;2021;0,611
346272;Steve Evans;1909;0,691
346272;Steve Evans;1910;0,702
346272;Steve Evans;1911;0,782
346272;Steve Evans;1912;0,756
346272;Steve Evans;1913;0,692
346272;Steve Evans;1914;0,973
346272;Steve Evans;1915;0,8235
346278;Adam Everett;2003;0,7
346278;Adam Everett;2004;0,703
346278;Adam Everett;2005;0,654
346278;Adam Everett;2006;0,642
346278;Adam Everett;2007;0,599
346278;Adam Everett;2009;0,613
346279;Carl Everett;1995;0,788
346279;Carl Everett;1997;0,728
346279;Carl Everett;1998;0,84
346279;Carl Everett;1999;0,969
346279;Carl Everett;2000;0,959
346279;Carl Everett;2001;0,761
346279;Carl Everett;2002;0,772
346279;Carl Everett;2003;0,875
346279;Carl Everett;2005;0,745
346279;Carl Everett;2006;0,658
346282;Bill Everitt;1895;0,839
346282;Bill Everitt;1896;0,771
346282;Bill Everitt;1897;0,801
346282;Bill Everitt;1898;0,741
346282;Bill Everitt;1899;0,717
346288;Hoot Evers;1946;0,703
346288;Hoot Evers;1947;0,801
346288;Hoot Evers;1948;0,831
346288;Hoot Evers;1949;0,831
346288;Hoot Evers;1950;0,959
346288;Hoot Evers;1951;0,653
346288;Hoot Evers;1952;0,747
346288;Hoot Evers;1953;0,691
346289;Johnny Evers;1903;0,707
346289;Johnny Evers;1904;0,624
346289;Johnny Evers;1905;0,663
346289;Johnny Evers;1906;0,62
346289;Johnny Evers;1907;0,622
346289;Johnny Evers;1908;0,777
346289;Johnny Evers;1909;0,705
346289;Johnny Evers;1910;0,734
346289;Johnny Evers;1912;0,873
346289;Johnny Evers;1913;0,733
346289;Johnny Evers;1914;0,728
346289;Johnny Evers;1915;0,67
346289;Johnny Evers;1916;0,57
346291;Tom Evers;1884;0,495
346294;Buck Ewing;1881;0,622
346294;Buck Ewing;1882;0,698
346294;Buck Ewing;1883;0,82
346294;Buck Ewing;1884;0,772
346294;Buck Ewing;1885;0,8
346294;Buck Ewing;1886;0,791
346294;Buck Ewing;1887;0,867
346294;Buck Ewing;1888;0,813
346294;Buck Ewing;1889;0,86
346294;Buck Ewing;1890;0,951
346294;Buck Ewing;1892;0,845
346294;Buck Ewing;1893;0,89
346294;Buck Ewing;1894;0,702
346294;Buck Ewing;1895;0,831
346294;Buck Ewing;1896;0,722
346295;Buck Ewing;1929;0,793
346299;Sam Ewing;1977;0,724
346305;Homer Ezzell;1923;0,552
346305;Homer Ezzell;1924;0,639
346306;Jay Faatz;1888;0,606
346306;Jay Faatz;1889;0,569
346311;Jorge Fabregas;1995;0,602
346311;Jorge Fabregas;1996;0,661
346311;Jorge Fabregas;1997;0,684
346311;Jorge Fabregas;1999;0,598
346315;Lenny Faedo;1982;0,598
346318;Bob Fagan;1921;0,629
346322;Bill Fahey;1979;0,726
346322;Bill Fahey;1980;0,601
346323;Brandon Fahey;2006;0,614
346328;Ferris Fain;1947;0,837
346328;Ferris Fain;1948;0,808
346328;Ferris Fain;1949;0,754
346328;Ferris Fain;1950;0,832
346328;Ferris Fain;1951;0,921
346328;Ferris Fain;1952;0,867
346328;Ferris Fain;1953;0,75
346328;Ferris Fain;1954;0,816
346332;Stuart Fairchild;2023;0,71
346332;Stuart Fairchild;2024;0,654
346333;Jim Fairey;1970;0,648
346333;Jim Fairey;1971;0,595
346335;Ron Fairly;1959;0,668
346335;Ron Fairly;1961;0,956
346335;Ron Fairly;1962;0,811
346335;Ron Fairly;1963;0,735
346335;Ron Fairly;1964;0,734
346335;Ron Fairly;1965;0,738
346335;Ron Fairly;1966;0,844
346335;Ron Fairly;1967;0,616
346335;Ron Fairly;1968;0,6
346335;Ron Fairly;1969;0,872
346335;Ron Fairly;1970;0,857
346335;Ron Fairly;1971;0,769
346335;Ron Fairly;1972;0,779
346335;Ron Fairly;1973;0,88
346335;Ron Fairly;1974;0,784
346335;Ron Fairly;1975;0,888
346335;Ron Fairly;1977;0,827
346335;Ron Fairly;1978;0,655
346340;Bibb Falk;1921;0,732
346340;Bibb Falk;1922;0,768
346340;Bibb Falk;1923;0,837
346340;Bibb Falk;1924;0,893
346340;Bibb Falk;1925;0,766
346340;Bibb Falk;1926;0,892
346340;Bibb Falk;1927;0,856
346340;Bibb Falk;1928;0,739
346340;Bibb Falk;1929;0,881
346362;Carmen Fanzone;1972;0,716
346376;Kyle Farmer;2021;0,732
346376;Kyle Farmer;2022;0,701
346376;Kyle Farmer;2023;0,725
346376;Kyle Farmer;2024;0,647
346376;Kyle Farmer;2025;0,645
346381;Sid Farrar;1883;0,568
346381;Sid Farrar;1884;0,579
346381;Sid Farrar;1885;0,621
346381;Sid Farrar;1886;0,632
346381;Sid Farrar;1887;0,753
346381;Sid Farrar;1888;0,629
346381;Sid Farrar;1889;0,689
346381;Sid Farrar;1890;0,676
346383;Doc Farrell;1927;0,655
346383;Doc Farrell;1928;0,534
346384;Duke Farrell;1888;0,564
346384;Duke Farrell;1889;0,757
346384;Duke Farrell;1890;0,756
346384;Duke Farrell;1891;0,858
346384;Duke Farrell;1892;0,59
346384;Duke Farrell;1893;0,73
346384;Duke Farrell;1894;0,786
346384;Duke Farrell;1895;0,778
346384;Duke Farrell;1897;0,768
346384;Duke Farrell;1898;0,776
346384;Duke Farrell;1899;0,816
346384;Duke Farrell;1900;0,662
346384;Duke Farrell;1901;0,704
346384;Duke Farrell;1902;0,557
346386;Jack Farrell;1879;0,668
346386;Jack Farrell;1880;0,655
346386;Jack Farrell;1881;0,653
346386;Jack Farrell;1882;0,646
346386;Jack Farrell;1883;0,764
346386;Jack Farrell;1884;0,549
346386;Jack Farrell;1885;0,489
346386;Jack Farrell;1887;0,582
346386;Jack Farrell;1888;0,562
346387;Jack Farrell;1914;0,601
346387;Jack Farrell;1915;0,569
346388;Joe Farrell;1882;0,572
346388;Joe Farrell;1883;0,547
346388;Joe Farrell;1884;0,537
346388;Joe Farrell;1886;0,505
346389;John Farrell;1901;0,721
346389;John Farrell;1902;0,599
346389;John Farrell;1903;0,692
346389;John Farrell;1904;0,632
346391;Kerby Farrell;1943;0,632
346391;Kerby Farrell;1945;0,601
346400;Sal Fasano;1998;0,692
346415;Ernie Fazio;1963;0,554
346418;Carlos Febles;1999;0,747
346418;Carlos Febles;2000;0,66
346418;Carlos Febles;2001;0,654
346418;Carlos Febles;2002;0,683
346420;Al Federoff;1952;0,571
346432;Mike Felder;1987;0,682
346432;Mike Felder;1989;0,617
346432;Mike Felder;1990;0,688
346432;Mike Felder;1991;0,652
346432;Mike Felder;1992;0,712
346432;Mike Felder;1993;0,531
346439;Gus Felix;1923;0,697
346439;Gus Felix;1924;0,544
346439;Gus Felix;1925;0,762
346439;Gus Felix;1926;0,742
346439;Gus Felix;1927;0,675
346441;Junior Felix;1989;0,71
346441;Junior Felix;1990;0,769
346441;Junior Felix;1991;0,691
346441;Junior Felix;1992;0,651
346441;Junior Felix;1993;0,673
346441;Junior Felix;1994;0,897
346444;Pedro Feliz;2001;0,637
346444;Pedro Feliz;2003;0,793
346444;Pedro Feliz;2004;0,79
346444;Pedro Feliz;2005;0,717
346444;Pedro Feliz;2006;0,709
346444;Pedro Feliz;2007;0,708
346444;Pedro Feliz;2008;0,705
346444;Pedro Feliz;2009;0,694
346444;Pedro Feliz;2010;0,555
346447;Happy Felsch;1915;0,697
346447;Happy Felsch;1916;0,768
346447;Happy Felsch;1917;0,755
346447;Happy Felsch;1918;0,632
346447;Happy Felsch;1919;0,764
346447;Happy Felsch;1920;0,923
346451;Frank Fennelly;1884;0,779
346451;Frank Fennelly;1885;0,778
346451;Frank Fennelly;1886;0,732
346451;Frank Fennelly;1887;0,77
346451;Frank Fennelly;1888;0,556
346451;Frank Fennelly;1889;0,666
346456;Bob Ferguson;1873;0,587
346456;Bob Ferguson;1874;0,545
346456;Bob Ferguson;1875;0,536
346456;Bob Ferguson;1876;0,592
346456;Bob Ferguson;1877;0,564
346456;Bob Ferguson;1878;0,781
346456;Bob Ferguson;1880;0,601
346456;Bob Ferguson;1881;0,7
346456;Bob Ferguson;1882;0,624
346456;Bob Ferguson;1883;0,595
346459;Charlie Ferguson;1884;0,616
346459;Charlie Ferguson;1885;0,747
346459;Charlie Ferguson;1886;0,664
346459;Charlie Ferguson;1887;0,886
346462;Joe Ferguson;1973;0,839
346462;Joe Ferguson;1974;0,815
346462;Joe Ferguson;1975;0,627
346462;Joe Ferguson;1977;0,814
346462;Joe Ferguson;1979;0,845
346464;Felix Fermin;1989;0,562
346464;Felix Fermin;1990;0,601
346464;Felix Fermin;1991;0,609
346464;Felix Fermin;1992;0,647
346464;Felix Fermin;1993;0,619
346464;Felix Fermin;1994;0,718
346464;Felix Fermin;1995;0,457
346465;Freddy Fermin;2023;0,781
346465;Freddy Fermin;2024;0,685
346471;Chico Fernandez;1957;0,638
346471;Chico Fernandez;1958;0,598
346471;Chico Fernandez;1960;0,616
346471;Chico Fernandez;1961;0,627
346471;Chico Fernandez;1962;0,714
346474;Frank Fernandez;1969;0,814
346474;Frank Fernandez;1970;0,739
346483;Nanny Fernandez;1942;0,65
346483;Nanny Fernandez;1946;0,635
346483;Nanny Fernandez;1947;0,535
346489;Tony Fernandez;1984;0,674
346489;Tony Fernandez;1985;0,73
346489;Tony Fernandez;1986;0,766
346489;Tony Fernandez;1987;0,805
346489;Tony Fernandez;1988;0,721
346489;Tony Fernandez;1989;0,68
346489;Tony Fernandez;1990;0,742
346489;Tony Fernandez;1991;0,697
346489;Tony Fernandez;1992;0,696
346489;Tony Fernandez;1993;0,803
346489;Tony Fernandez;1994;0,787
346489;Tony Fernandez;1995;0,668
346489;Tony Fernandez;1997;0,746
346489;Tony Fernandez;1998;0,846
346489;Tony Fernandez;1999;0,877
346491;Al Ferrara;1967;0,812
346491;Al Ferrara;1969;0,789
346491;Al Ferrara;1970;0,816
346495;Mike Ferraro;1972;0,606
346500;Rick Ferrell;1930;0,723
346500;Rick Ferrell;1931;0,821
346500;Rick Ferrell;1932;0,826
346500;Rick Ferrell;1933;0,767
346500;Rick Ferrell;1934;0,779
346500;Rick Ferrell;1935;0,801
346500;Rick Ferrell;1936;0,867
346500;Rick Ferrell;1937;0,61
346500;Rick Ferrell;1938;0,783
346500;Rick Ferrell;1939;0,712
346500;Rick Ferrell;1940;0,705
346500;Rick Ferrell;1941;0,69
346500;Rick Ferrell;1942;0,56
346500;Rick Ferrell;1943;0,621
346500;Rick Ferrell;1944;0,679
346500;Rick Ferrell;1945;0,691
346508;Hobe Ferris;1901;0,64
346508;Hobe Ferris;1902;0,656
346508;Hobe Ferris;1903;0,652
346508;Hobe Ferris;1904;0,551
346508;Hobe Ferris;1905;0,614
346508;Hobe Ferris;1906;0,622
346508;Hobe Ferris;1907;0,568
346508;Hobe Ferris;1908;0,644
346508;Hobe Ferris;1909;0,52
346520;Chick Fewster;1919;0,743
346520;Chick Fewster;1921;0,768
346520;Chick Fewster;1923;0,613
346520;Chick Fewster;1924;0,641
346520;Chick Fewster;1925;0,65
346520;Chick Fewster;1926;0,667
346527;Robert Fick;2001;0,816
346527;Robert Fick;2002;0,764
346527;Robert Fick;2003;0,753
346527;Robert Fick;2004;0,6
346527;Robert Fick;2005;0,705
346532;Cecil Fielder;1990;0,969
346532;Cecil Fielder;1991;0,86
346532;Cecil Fielder;1992;0,783
346532;Cecil Fielder;1993;0,832
346532;Cecil Fielder;1994;0,84
346532;Cecil Fielder;1995;0,818
346532;Cecil Fielder;1996;0,835
346532;Cecil Fielder;1997;0,768
346532;Cecil Fielder;1998;0,757
346537;Jim Field;1883;0,619
346537;Jim Field;1884;0,609
346537;Jim Field;1885;0,612
346538;Jocko Fields;1889;0,819
346538;Jocko Fields;1890;0,799
346539;Josh Fields;2007;0,788
346539;Josh Fields;2009;0,648
346543;Prince Fielder;2006;0,831
346543;Prince Fielder;2007;1,013
346543;Prince Fielder;2008;0,879
346543;Prince Fielder;2009;1,014
346543;Prince Fielder;2010;0,871
346543;Prince Fielder;2011;0,981
346543;Prince Fielder;2012;0,94
346543;Prince Fielder;2013;0,819
346543;Prince Fielder;2015;0,841
346543;Prince Fielder;2016;0,626
346558;Chone Figgins;2003;0,711
346558;Chone Figgins;2004;0,77
346558;Chone Figgins;2005;0,749
346558;Chone Figgins;2006;0,712
346558;Chone Figgins;2007;0,825
346558;Chone Figgins;2008;0,685
346558;Chone Figgins;2009;0,789
346558;Chone Figgins;2010;0,646
346558;Chone Figgins;2011;0,484
346586;Jim Finigan;1954;0,802
346586;Jim Finigan;1955;0,718
346586;Jim Finigan;1956;0,582
346590;Bob Finley;1944;0,598
346593;Steve Finley;1989;0,616
346593;Steve Finley;1990;0,632
346593;Steve Finley;1991;0,737
346593;Steve Finley;1992;0,762
346593;Steve Finley;1993;0,689
346593;Steve Finley;1994;0,764
346593;Steve Finley;1995;0,786
346593;Steve Finley;1996;0,885
346593;Steve Finley;1997;0,788
346593;Steve Finley;1998;0,702
346593;Steve Finley;1999;0,861
346593;Steve Finley;2000;0,904
346593;Steve Finley;2001;0,767
346593;Steve Finley;2002;0,869
346593;Steve Finley;2003;0,863
346593;Steve Finley;2004;0,8215
346593;Steve Finley;2005;0,645
346593;Steve Finley;2006;0,714
346594;Tom Finley;1932;0,941
346601;Lou Finney;1933;0,678
346601;Lou Finney;1934;0,675
346601;Lou Finney;1935;0,636
346601;Lou Finney;1936;0,728
346601;Lou Finney;1937;0,631
346601;Lou Finney;1938;0,773
346601;Lou Finney;1939;0,818
346601;Lou Finney;1940;0,822
346601;Lou Finney;1941;0,74
346601;Lou Finney;1942;0,718
346601;Lou Finney;1944;0,693
346601;Lou Finney;1945;0,725
346602;Neal Finn;1930;0,709
346602;Neal Finn;1931;0,65
346605;Mike Fiore;1969;0,848
346614;Mike Fischlin;1982;0,67
346614;Mike Fischlin;1983;0,57
346617;William Fischer;1915;0,832
346617;William Fischer;1917;0,734
346620;Bob Fisher;1912;0,569
346620;Bob Fisher;1913;0,631
346620;Bob Fisher;1915;0,696
346620;Bob Fisher;1918;0,767
346624;Cherokee Fisher;1872;0,553
346624;Cherokee Fisher;1873;0,585
346624;Cherokee Fisher;1874;0,484
346636;Gus Fisher;1911;0,623
346647;George Fisher;1930;1,019
346652;Carlton Fisk;1972;0,909
346652;Carlton Fisk;1973;0,75
346652;Carlton Fisk;1975;0,923
346652;Carlton Fisk;1976;0,751
346652;Carlton Fisk;1977;0,922
346652;Carlton Fisk;1978;0,841
346652;Carlton Fisk;1979;0,754
346652;Carlton Fisk;1980;0,819
346652;Carlton Fisk;1981;0,715
346652;Carlton Fisk;1982;0,74
346652;Carlton Fisk;1983;0,874
346652;Carlton Fisk;1984;0,757
346652;Carlton Fisk;1985;0,808
346652;Carlton Fisk;1986;0,6
346652;Carlton Fisk;1987;0,782
346652;Carlton Fisk;1988;0,919
346652;Carlton Fisk;1989;0,83
346652;Carlton Fisk;1990;0,829
346652;Carlton Fisk;1991;0,712
346654;Wes Fisler;1872;0,785
346654;Wes Fisler;1873;0,795
346654;Wes Fisler;1875;0,634
346654;Wes Fisler;1876;0,653
346662;Ed FitzGerald;1948;0,685
346662;Ed FitzGerald;1953;0,625
346662;Ed FitzGerald;1954;0,735
346662;Ed FitzGerald;1955;0,626
346671;Mike Fitzgerald;1984;0,593
346671;Mike Fitzgerald;1985;0,585
346671;Mike Fitzgerald;1986;0,804
346671;Mike Fitzgerald;1987;0,648
346671;Mike Fitzgerald;1989;0,708
346671;Mike Fitzgerald;1990;0,758
346675;Tyler Fitzgerald;2024;0,831
346675;Tyler Fitzgerald;2025;0,606
346680;Ed Fitzpatrick;1915;0,648
346680;Ed Fitzpatrick;1916;0,544
346684;Max Flack;1914;0,625
346684;Max Flack;1915;0,787
346684;Max Flack;1916;0,64
346684;Max Flack;1917;0,645
346684;Max Flack;1918;0,702
346684;Max Flack;1919;0,738
346684;Max Flack;1920;0,779
346684;Max Flack;1921;0,742
346684;Max Flack;1922;0,735
346684;Max Flack;1923;0,724
346684;Max Flack;1924;0,704
346684;Max Flack;1925;0,654
346686;Ira Flagstead;1919;0,897
346686;Ira Flagstead;1920;0,656
346686;Ira Flagstead;1921;0,753
346686;Ira Flagstead;1923;0,835
346686;Ira Flagstead;1924;0,823
346686;Ira Flagstead;1925;0,741
346686;Ira Flagstead;1926;0,792
346686;Ira Flagstead;1927;0,775
346686;Ira Flagstead;1928;0,758
346688;John Flaherty;1995;0,688
346688;John Flaherty;1996;0,778
346688;John Flaherty;1997;0,71
346688;John Flaherty;1998;0,534
346688;John Flaherty;1999;0,725
346688;John Flaherty;2000;0,671
346688;John Flaherty;2001;0,632
346688;John Flaherty;2002;0,669
346692;Ryan Flaherty;2013;0,683
346692;Ryan Flaherty;2014;0,644
346692;Ryan Flaherty;2015;0,637
346702;Tim Flannery;1980;0,564
346702;Tim Flannery;1982;0,646
346702;Tim Flannery;1983;0,645
346702;Tim Flannery;1985;0,727
346702;Tim Flannery;1986;0,723
346702;Tim Flannery;1987;0,586
346713;Les Fleming;1942;0,845
346713;Les Fleming;1946;0,827
346713;Les Fleming;1947;0,711
346717;Art Fletcher;1911;0,829
346717;Art Fletcher;1912;0,702
346717;Art Fletcher;1913;0,735
346717;Art Fletcher;1914;0,711
346717;Art Fletcher;1915;0,606
346717;Art Fletcher;1916;0,705
346717;Art Fletcher;1917;0,655
346717;Art Fletcher;1918;0,625
346717;Art Fletcher;1919;0,656
346717;Art Fletcher;1920;0,759
346717;Art Fletcher;1922;0,734
346718;Darrin Fletcher;1992;0,623
346718;Darrin Fletcher;1993;0,699
346718;Darrin Fletcher;1994;0,749
346718;Darrin Fletcher;1995;0,796
346718;Darrin Fletcher;1996;0,735
346718;Darrin Fletcher;1997;0,836
346718;Darrin Fletcher;1998;0,738
346718;Darrin Fletcher;1999;0,825
346718;Darrin Fletcher;2000;0,869
346718;Darrin Fletcher;2001;0,628
346719;David Fletcher;2018;0,678
346719;David Fletcher;2019;0,734
346719;David Fletcher;2020;0,801
346719;David Fletcher;2021;0,622
346719;David Fletcher;2022;0,621
346720;Dominic Fletcher;2024;0,508
346721;Elbie Fletcher;1937;0,629
346721;Elbie Fletcher;1938;0,729
346721;Elbie Fletcher;1939;0,869
346721;Elbie Fletcher;1940;0,856
346721;Elbie Fletcher;1941;0,878
346721;Elbie Fletcher;1942;0,81
346721;Elbie Fletcher;1943;0,791
346721;Elbie Fletcher;1946;0,739
346721;Elbie Fletcher;1949;0,798
346726;Scott Fletcher;1983;0,685
346726;Scott Fletcher;1984;0,64
346726;Scott Fletcher;1985;0,641
346726;Scott Fletcher;1986;0,76
346726;Scott Fletcher;1987;0,732
346726;Scott Fletcher;1988;0,692
346726;Scott Fletcher;1989;0,6485
346726;Scott Fletcher;1990;0,617
346726;Scott Fletcher;1991;0,528
346726;Scott Fletcher;1992;0,695
346726;Scott Fletcher;1993;0,743
346730;Elmer Flick;1898;0,878
346730;Elmer Flick;1899;0,852
346730;Elmer Flick;1900;0,986
346730;Elmer Flick;1901;0,899
346730;Elmer Flick;1902;0,779
346730;Elmer Flick;1903;0,781
346730;Elmer Flick;1904;0,82
346730;Elmer Flick;1905;0,845
346730;Elmer Flick;1906;0,813
346730;Elmer Flick;1907;0,798
346730;Elmer Flick;1909;0,637
346734;Silver Flint;1878;0,482
346734;Silver Flint;1879;0,695
346734;Silver Flint;1880;0,402
346734;Silver Flint;1881;0,703
346734;Silver Flint;1882;0,645
346734;Silver Flint;1883;0,63
346734;Silver Flint;1884;0,557
346734;Silver Flint;1885;0,484
346737;Curt Flood;1958;0,699
346737;Curt Flood;1959;0,724
346737;Curt Flood;1960;0,656
346737;Curt Flood;1961;0,806
346737;Curt Flood;1962;0,762
346737;Curt Flood;1963;0,748
346737;Curt Flood;1964;0,734
346737;Curt Flood;1965;0,788
346737;Curt Flood;1966;0,663
346737;Curt Flood;1967;0,793
346737;Curt Flood;1968;0,705
346737;Curt Flood;1969;0,71
346738;Tim Flood;1902;0,545
346738;Tim Flood;1903;0,601
346742;Gil Flores;1977;0,691
346744;Jesus Flores;2008;0,698
346744;Jesus Flores;2012;0,577
346749;Ramon Flores;2016;0,555
346752;Wilmer Flores;2014;0,664
346752;Wilmer Flores;2015;0,703
346752;Wilmer Flores;2016;0,788
346752;Wilmer Flores;2017;0,795
346752;Wilmer Flores;2018;0,736
346752;Wilmer Flores;2019;0,848
346752;Wilmer Flores;2021;0,782
346752;Wilmer Flores;2022;0,71
346752;Wilmer Flores;2023;0,863
346752;Wilmer Flores;2024;0,595
346752;Wilmer Flores;2025;0,686
346755;Pedro Florimon;2013;0,611
346761;Jake Flowers;1927;0,625
346761;Jake Flowers;1928;0,726
346761;Jake Flowers;1930;0,811
346761;Jake Flowers;1932;0,672
346761;Jake Flowers;1933;0,645
346762;Tyler Flowers;2013;0,603
346762;Tyler Flowers;2014;0,693
346762;Tyler Flowers;2015;0,652
346762;Tyler Flowers;2016;0,777
346762;Tyler Flowers;2017;0,823
346762;Tyler Flowers;2018;0,7
346762;Tyler Flowers;2019;0,733
346766;Cliff Floyd;1994;0,731
346766;Cliff Floyd;1996;0,763
346766;Cliff Floyd;1998;0,818
346766;Cliff Floyd;1999;0,897
346766;Cliff Floyd;2000;0,906
346766;Cliff Floyd;2001;0,968
346766;Cliff Floyd;2002;0,952
346766;Cliff Floyd;2003;0,894
346766;Cliff Floyd;2004;0,814
346766;Cliff Floyd;2005;0,863
346766;Cliff Floyd;2006;0,731
346766;Cliff Floyd;2007;0,795
346766;Cliff Floyd;2008;0,804
346773;Doug Flynn;1976;0,65
346773;Doug Flynn;1977;0,44
346773;Doug Flynn;1978;0,567
346773;Doug Flynn;1979;0,582
346773;Doug Flynn;1980;0,6
346773;Doug Flynn;1981;0,539
346773;Doug Flynn;1982;0,469
346773;Doug Flynn;1983;0,561
346773;Doug Flynn;1984;0,549
346776;Joe Flynn;1884;0,674
346777;Jocko Flynn;1886;0,572
346778;John Flynn;1910;0,707
346782;Jim Fogarty;1884;0,534
346782;Jim Fogarty;1885;0,559
346782;Jim Fogarty;1886;0,792
346782;Jim Fogarty;1887;0,787
346782;Jim Fogarty;1888;0,624
346782;Jim Fogarty;1889;0,727
346782;Jim Fogarty;1890;0,721
346787;Hank Foiles;1956;0,635
346787;Hank Foiles;1957;0,783
346787;Hank Foiles;1958;0,67
346788;Curry Foley;1880;0,67
346788;Curry Foley;1881;0,598
346788;Curry Foley;1882;0,73
346794;Tom Foley;1984;0,668
346794;Tom Foley;1986;0,676
346794;Tom Foley;1987;0,754
346794;Tom Foley;1988;0,695
346794;Tom Foley;1989;0,66
346795;Will Foley;1876;0,484
346795;Will Foley;1877;0,427
346795;Will Foley;1878;0,642
346795;Will Foley;1879;0,461
346796;Tim Foli;1971;0,553
346796;Tim Foli;1972;0,561
346796;Tim Foli;1973;0,561
346796;Tim Foli;1974;0,591
346796;Tim Foli;1975;0,578
346796;Tim Foli;1976;0,647
346796;Tim Foli;1977;0,571
346796;Tim Foli;1978;0,603
346796;Tim Foli;1979;0,679
346796;Tim Foli;1980;0,623
346796;Tim Foli;1981;0,582
346796;Tim Foli;1982;0,581
346796;Tim Foli;1983;0,563
346799;Dee Fondy;1952;0,759
346799;Dee Fondy;1953;0,835
346799;Dee Fondy;1954;0,725
346799;Dee Fondy;1955;0,729
346799;Dee Fondy;1956;0,682
346799;Dee Fondy;1957;0,744
346800;Lew Fonseca;1921;0,644
346800;Lew Fonseca;1922;0,882
346800;Lew Fonseca;1923;0,707
346800;Lew Fonseca;1925;0,802
346800;Lew Fonseca;1927;0,737
346800;Lew Fonseca;1928;0,825
346800;Lew Fonseca;1929;0,959
346800;Lew Fonseca;1931;0,737
346803;Mike Fontenot;2007;0,738
346803;Mike Fontenot;2008;0,909
346803;Mike Fontenot;2009;0,677
346803;Mike Fontenot;2011;0,681
346806;Chad Fonville;1995;0,63
346806;Chad Fonville;1996;0,5
346808;Barry Foote;1974;0,729
346808;Barry Foote;1975;0,524
346808;Barry Foote;1976;0,612
346808;Barry Foote;1979;0,742
346808;Barry Foote;1980;0,683
346815;Davy Force;1873;0,805
346815;Davy Force;1874;0,663
346815;Davy Force;1875;0,717
346815;Davy Force;1876;0,499
346815;Davy Force;1877;0,608
346815;Davy Force;1879;0,477
346815;Davy Force;1880;0,4
346815;Davy Force;1881;0,43
346815;Davy Force;1882;0,567
346815;Davy Force;1883;0,503
346815;Davy Force;1884;0,509
346815;Davy Force;1885;0,52
346815;Davy Force;1886;0,446
346818;Curt Ford;1986;0,682
346818;Curt Ford;1987;0,733
346819;Dan Ford;1975;0,767
346819;Dan Ford;1976;0,781
346819;Dan Ford;1977;0,764
346819;Dan Ford;1978;0,756
346819;Dan Ford;1979;0,797
346819;Dan Ford;1980;0,759
346819;Dan Ford;1981;0,767
346819;Dan Ford;1982;0,65
346819;Dan Ford;1983;0,768
346827;Horace Ford;1920;0,635
346827;Horace Ford;1921;0,688
346827;Horace Ford;1922;0,68
346827;Horace Ford;1923;0,692
346827;Horace Ford;1924;0,667
346827;Horace Ford;1925;0,695
346827;Horace Ford;1927;0,661
346827;Horace Ford;1928;0,599
346827;Horace Ford;1929;0,671
346827;Horace Ford;1930;0,581
346830;Lew Ford;2004;0,827
346830;Lew Ford;2005;0,716
346830;Lew Ford;2006;0,599
346832;Mike Ford;2023;0,798
346834;Ted Ford;1972;0,68
346838;Brook Fordyce;1999;0,802
346838;Brook Fordyce;2001;0,59
346838;Brook Fordyce;2003;0,682
346854;Tom Forster;1885;0,554
346854;Tom Forster;1886;0,498
346856;Logan Forsythe;2012;0,733
346856;Logan Forsythe;2013;0,613
346856;Logan Forsythe;2014;0,616
346856;Logan Forsythe;2015;0,804
346856;Logan Forsythe;2016;0,778
346856;Logan Forsythe;2017;0,678
346856;Logan Forsythe;2019;0,678
346857;Nick Fortes;2022;0,696
346857;Nick Fortes;2023;0,562
346857;Nick Fortes;2024;0,577
346865;Ray Fosse;1970;0,83
346865;Ray Fosse;1971;0,726
346865;Ray Fosse;1972;0,666
346865;Ray Fosse;1973;0,644
346865;Ray Fosse;1974;0,564
346865;Ray Fosse;1976;0,709
346865;Ray Fosse;1977;0,671
346872;Eddie Foster;1912;0,724
346872;Eddie Foster;1913;0,615
346872;Eddie Foster;1914;0,699
346872;Eddie Foster;1915;0,677
346872;Eddie Foster;1916;0,649
346872;Eddie Foster;1917;0,586
346872;Eddie Foster;1918;0,659
346872;Eddie Foster;1919;0,623
346872;Eddie Foster;1920;0,671
346872;Eddie Foster;1921;0,728
346874;George Foster;1971;0,675
346874;George Foster;1974;0,749
346874;George Foster;1975;0,875
346874;George Foster;1976;0,894
346874;George Foster;1977;1,013
346874;George Foster;1978;0,906
346874;George Foster;1979;0,948
346874;George Foster;1980;0,835
346874;George Foster;1981;0,892
346874;George Foster;1982;0,676
346874;George Foster;1983;0,708
346874;George Foster;1984;0,754
346874;George Foster;1985;0,792
346874;George Foster;1986;0,718
346882;Clarence Foster;1899;0,75
346882;Clarence Foster;1901;0,763
346885;Roy Foster;1970;0,824
346885;Roy Foster;1971;0,754
346890;Bob Fothergill;1923;0,777
346890;Bob Fothergill;1925;0,828
346890;Bob Fothergill;1926;0,927
346890;Bob Fothergill;1927;0,929
346890;Bob Fothergill;1928;0,848
346890;Bob Fothergill;1929;0,949
346890;Bob Fothergill;1931;0,689
346890;Bob Fothergill;1932;0,778
346894;Jack Fournier;1914;0,811
346894;Jack Fournier;1915;0,92
346894;Jack Fournier;1916;0,695
346894;Jack Fournier;1920;0,808
346894;Jack Fournier;1921;0,914
346894;Jack Fournier;1922;0,838
346894;Jack Fournier;1923;0,999
346894;Jack Fournier;1924;0,965
346894;Jack Fournier;1925;1,015
346894;Jack Fournier;1926;0,838
346894;Jack Fournier;1927;0,79
346896;Dave Foutz;1885;0,588
346896;Dave Foutz;1886;0,686
346896;Dave Foutz;1887;0,901
346896;Dave Foutz;1888;0,688
346896;Dave Foutz;1889;0,724
346896;Dave Foutz;1890;0,801
346896;Dave Foutz;1891;0,662
346896;Dave Foutz;1892;0,485
346896;Dave Foutz;1893;0,642
346896;Dave Foutz;1894;0,741
346901;Dexter Fowler;2009;0,77
346901;Dexter Fowler;2010;0,757
346901;Dexter Fowler;2011;0,796
346901;Dexter Fowler;2012;0,863
346901;Dexter Fowler;2013;0,776
346901;Dexter Fowler;2014;0,774
346901;Dexter Fowler;2015;0,757
346901;Dexter Fowler;2016;0,84
346901;Dexter Fowler;2017;0,851
346901;Dexter Fowler;2018;0,576
346901;Dexter Fowler;2019;0,754
346909;Andy Fox;1998;0,751
346909;Andy Fox;1999;0,731
346909;Andy Fox;2002;0,671
346918;Jake Fox;2009;0,779
346922;Nellie Fox;1949;0,65
346922;Nellie Fox;1950;0,608
346922;Nellie Fox;1951;0,798
346922;Nellie Fox;1952;0,7
346922;Nellie Fox;1953;0,719
346922;Nellie Fox;1954;0,763
346922;Nellie Fox;1955;0,77
346922;Nellie Fox;1956;0,723
346922;Nellie Fox;1957;0,818
346922;Nellie Fox;1958;0,71
346922;Nellie Fox;1959;0,77
346922;Nellie Fox;1960;0,723
346922;Nellie Fox;1961;0,618
346922;Nellie Fox;1962;0,657
346922;Nellie Fox;1963;0,605
346922;Nellie Fox;1964;0,639
346924;Pete Fox;1933;0,744
346924;Pete Fox;1934;0,716
346924;Pete Fox;1935;0,895
346924;Pete Fox;1936;0,827
346924;Pete Fox;1937;0,848
346924;Pete Fox;1938;0,742
346924;Pete Fox;1939;0,746
346924;Pete Fox;1940;0,732
346924;Pete Fox;1941;0,757
346924;Pete Fox;1942;0,717
346924;Pete Fox;1943;0,703
346924;Pete Fox;1944;0,773
346924;Pete Fox;1945;0,57
346926;Jimmie Foxx;1928;0,964
346926;Jimmie Foxx;1929;1,088
346926;Jimmie Foxx;1930;1,066
346926;Jimmie Foxx;1931;0,947
346926;Jimmie Foxx;1932;1,218
346926;Jimmie Foxx;1933;1,153
346926;Jimmie Foxx;1934;1,102
346926;Jimmie Foxx;1935;1,096
346926;Jimmie Foxx;1936;1,071
346926;Jimmie Foxx;1937;0,929
346926;Jimmie Foxx;1938;1,166
346926;Jimmie Foxx;1939;1,158
346926;Jimmie Foxx;1940;0,993
346926;Jimmie Foxx;1941;0,917
346926;Jimmie Foxx;1942;0,57
346926;Jimmie Foxx;1945;0,756
346927;Joe Foy;1966;0,778
346927;Joe Foy;1967;0,751
346927;Joe Foy;1968;0,662
346927;Joe Foy;1969;0,724
346927;Joe Foy;1970;0,702
346930;Jake Fraley;2021;0,721
346930;Jake Fraley;2022;0,812
346930;Jake Fraley;2023;0,783
346930;Jake Fraley;2024;0,716
346931;Ben Francisco;2008;0,77
346931;Ben Francisco;2009;0,758
346931;Ben Francisco;2011;0,704
346938;Jeff Francoeur;2005;0,884
346938;Jeff Francoeur;2006;0,742
346938;Jeff Francoeur;2007;0,782
346938;Jeff Francoeur;2008;0,653
346938;Jeff Francoeur;2009;0,735
346938;Jeff Francoeur;2010;0,662
346938;Jeff Francoeur;2011;0,805
346938;Jeff Francoeur;2012;0,665
346938;Jeff Francoeur;2015;0,718
346938;Jeff Francoeur;2016;0,671
346941;Julio Franco;1983;0,693
346941;Julio Franco;1984;0,679
346941;Julio Franco;1985;0,723
346941;Julio Franco;1986;0,76
346941;Julio Franco;1987;0,818
346941;Julio Franco;1988;0,771
346941;Julio Franco;1989;0,848
346941;Julio Franco;1990;0,785
346941;Julio Franco;1991;0,882
346941;Julio Franco;1993;0,798
346941;Julio Franco;1994;0,916
346941;Julio Franco;1996;0,877
346941;Julio Franco;1997;0,734
346941;Julio Franco;2002;0,739
346941;Julio Franco;2004;0,818
346941;Julio Franco;2005;0,799
346942;Juan Francisco;2013;0,733
346942;Juan Francisco;2014;0,747
346943;Matt Franco;2002;0,912
346944;Maikel Franco;2015;0,84
346944;Maikel Franco;2016;0,733
346944;Maikel Franco;2017;0,69
346944;Maikel Franco;2018;0,78
346944;Maikel Franco;2019;0,705
346944;Maikel Franco;2020;0,778
346944;Maikel Franco;2021;0,609
346944;Maikel Franco;2022;0,597
346948;Terry Francona;1983;0,625
346948;Terry Francona;1984;0,828
346948;Terry Francona;1985;0,648
346948;Terry Francona;1987;0,561
346948;Terry Francona;1988;0,687
346948;Terry Francona;1989;0,577
346949;Tito Francona;1956;0,707
346949;Tito Francona;1957;0,665
346949;Tito Francona;1959;0,98
346949;Tito Francona;1960;0,832
346949;Tito Francona;1961;0,823
346949;Tito Francona;1962;0,728
346949;Tito Francona;1963;0,642
346949;Tito Francona;1964;0,761
346949;Tito Francona;1967;0,651
346949;Tito Francona;1968;0,723
346950;Ty France;2021;0,813
346950;Ty France;2022;0,774
346950;Ty France;2023;0,703
346950;Ty France;2024;0,662
346950;Ty France;2025;0,678
346951;Wander Franco;2021;0,81
346951;Wander Franco;2022;0,746
346951;Wander Franco;2023;0,819
346952;Kevin Frandsen;2007;0,71
346952;Kevin Frandsen;2013;0,637
346952;Kevin Frandsen;2014;0,608
346954;Charlie Frank;1894;0,77
346963;Nick Franklin;2013;0,686
346975;Adam Frazier;2017;0,743
346975;Adam Frazier;2018;0,798
346975;Adam Frazier;2019;0,753
346975;Adam Frazier;2020;0,661
346975;Adam Frazier;2021;0,836
346975;Adam Frazier;2022;0,612
346975;Adam Frazier;2023;0,696
346975;Adam Frazier;2024;0,576
346975;Adam Frazier;2025;0,654
346977;Jackson Frazier;2019;0,806
346984;Todd Frazier;2012;0,829
346984;Todd Frazier;2013;0,721
346984;Todd Frazier;2014;0,795
346984;Todd Frazier;2015;0,806
346984;Todd Frazier;2016;0,767
346984;Todd Frazier;2017;0,761
346984;Todd Frazier;2018;0,693
346984;Todd Frazier;2019;0,772
346985;Johnny Frederick;1929;0,917
346985;Johnny Frederick;1930;0,908
346985;Johnny Frederick;1931;0,747
346985;Johnny Frederick;1932;0,856
346985;Johnny Frederick;1933;0,765
346985;Johnny Frederick;1934;0,777
346989;Roger Freed;1971;0,625
346990;Bill Freehan;1963;0,718
346990;Bill Freehan;1964;0,812
346990;Bill Freehan;1965;0,645
346990;Bill Freehan;1966;0,646
346990;Bill Freehan;1967;0,835
346990;Bill Freehan;1968;0,819
346990;Bill Freehan;1969;0,747
346990;Bill Freehan;1970;0,752
346990;Bill Freehan;1971;0,818
346990;Bill Freehan;1972;0,755
346990;Bill Freehan;1973;0,636
346990;Bill Freehan;1974;0,84
346990;Bill Freehan;1975;0,704
346990;Bill Freehan;1976;0,687
346993;Ryan Freel;2004;0,743
346993;Ryan Freel;2005;0,743
346993;Ryan Freel;2006;0,762
346993;Ryan Freel;2007;0,655
346996;Buck Freeman;1899;0,925
346996;Buck Freeman;1900;0,808
346996;Buck Freeman;1901;0,92
346996;Buck Freeman;1902;0,854
346996;Buck Freeman;1903;0,823
346996;Buck Freeman;1904;0,741
346996;Buck Freeman;1905;0,655
346996;Buck Freeman;1906;0,651
347001;Freddie Freeman;2011;0,795
347001;Freddie Freeman;2012;0,796
347001;Freddie Freeman;2013;0,897
347001;Freddie Freeman;2014;0,847
347001;Freddie Freeman;2015;0,841
347001;Freddie Freeman;2016;0,968
347001;Freddie Freeman;2017;0,989
347001;Freddie Freeman;2018;0,892
347001;Freddie Freeman;2019;0,938
347001;Freddie Freeman;2020;1,102
347001;Freddie Freeman;2021;0,896
347001;Freddie Freeman;2022;0,918
347001;Freddie Freeman;2023;0,976
347001;Freddie Freeman;2024;0,854
347001;Freddie Freeman;2025;0,869
347004;Jerry Freeman;1908;0,609
347014;Tyler Freeman;2024;0,626
347014;Tyler Freeman;2025;0,715
347015;David Freese;2010;0,765
347015;David Freese;2011;0,791
347015;David Freese;2012;0,839
347015;David Freese;2013;0,721
347015;David Freese;2014;0,704
347015;David Freese;2015;0,743
347015;David Freese;2016;0,764
347015;David Freese;2017;0,739
347015;David Freese;2018;0,78
347017;Gene Freese;1955;0,736
347017;Gene Freese;1956;0,568
347017;Gene Freese;1957;0,718
347017;Gene Freese;1959;0,843
347017;Gene Freese;1960;0,794
347017;Gene Freese;1961;0,774
347017;Gene Freese;1963;0,68
347017;Gene Freese;1964;0,646
347019;Jim Fregosi;1963;0,748
347019;Jim Fregosi;1964;0,833
347019;Jim Fregosi;1965;0,744
347019;Jim Fregosi;1966;0,716
347019;Jim Fregosi;1967;0,744
347019;Jim Fregosi;1968;0,68
347019;Jim Fregosi;1969;0,742
347019;Jim Fregosi;1970;0,812
347019;Jim Fregosi;1971;0,643
347019;Jim Fregosi;1972;0,655
347019;Jim Fregosi;1974;0,763
347021;Howard Freigau;1923;0,641
347021;Howard Freigau;1924;0,667
347021;Howard Freigau;1925;0,794
347021;Howard Freigau;1926;0,695
347027;Sal Frelick;2024;0,655
347027;Sal Frelick;2025;0,756
347035;Walt French;1926;0,733
347035;Walt French;1927;0,703
347039;Lonny Frey;1934;0,76
347039;Lonny Frey;1935;0,788
347039;Lonny Frey;1936;0,741
347039;Lonny Frey;1938;0,696
347039;Lonny Frey;1939;0,84
347039;Lonny Frey;1940;0,732
347039;Lonny Frey;1941;0,704
347039;Lonny Frey;1942;0,717
347039;Lonny Frey;1943;0,682
347039;Lonny Frey;1946;0,689
347044;Pepe Frias;1973;0,55
347044;Pepe Frias;1979;0,61
347044;Pepe Frias;1980;0,53
347045;Bernie Friberg;1922;0,742
347045;Bernie Friberg;1923;0,846
347045;Bernie Friberg;1924;0,729
347045;Bernie Friberg;1925;0,718
347045;Bernie Friberg;1926;0,676
347045;Bernie Friberg;1927;0,6
347045;Bernie Friberg;1929;0,808
347045;Bernie Friberg;1930;0,872
347045;Bernie Friberg;1931;0,675
347049;Jim Fridley;1954;0,681
347054;TJ Friedl;2022;0,75
347054;TJ Friedl;2023;0,819
347054;TJ Friedl;2024;0,69
347054;TJ Friedl;2025;0,742
347055;Bill Friel;1901;0,68
347055;Bill Friel;1902;0,594
347055;Bill Friel;1903;0,584
347056;Pat Friel;1890;0,632
347060;Owen Friend;1950;0,664
347067;Frankie Frisch;1920;0,686
347067;Frankie Frisch;1921;0,87
347067;Frankie Frisch;1922;0,824
347067;Frankie Frisch;1923;0,88
347067;Frankie Frisch;1924;0,855
347067;Frankie Frisch;1925;0,846
347067;Frankie Frisch;1926;0,762
347067;Frankie Frisch;1927;0,858
347067;Frankie Frisch;1928;0,815
347067;Frankie Frisch;1929;0,881
347067;Frankie Frisch;1930;0,927
347067;Frankie Frisch;1931;0,764
347067;Frankie Frisch;1932;0,699
347067;Frankie Frisch;1933;0,757
347067;Frankie Frisch;1934;0,757
347067;Frankie Frisch;1935;0,714
347067;Frankie Frisch;1936;0,67
347069;Emil Frisk;1905;0,678
347071;Harry Fritz;1915;0,654
347074;Doug Frobel;1984;0,658
347081;David Fry;2024;0,804
347084;Jeff Frye;1994;0,861
347084;Jeff Frye;1995;0,712
347084;Jeff Frye;1996;0,761
347084;Jeff Frye;1997;0,785
347084;Jeff Frye;2000;0,72
347089;Travis Fryman;1990;0,818
347089;Travis Fryman;1991;0,756
347089;Travis Fryman;1992;0,731
347089;Travis Fryman;1993;0,865
347089;Travis Fryman;1994;0,801
347089;Travis Fryman;1995;0,756
347089;Travis Fryman;1996;0,766
347089;Travis Fryman;1997;0,766
347089;Travis Fryman;1998;0,845
347089;Travis Fryman;1999;0,719
347089;Travis Fryman;2000;0,908
347089;Travis Fryman;2001;0,662
347089;Travis Fryman;2002;0,642
347096;Joshua Fuentes;2021;0,608
347100;Tito Fuentes;1966;0,637
347100;Tito Fuentes;1967;0,56
347100;Tito Fuentes;1970;0,665
347100;Tito Fuentes;1971;0,654
347100;Tito Fuentes;1972;0,69
347100;Tito Fuentes;1973;0,686
347100;Tito Fuentes;1974;0,591
347100;Tito Fuentes;1975;0,658
347100;Tito Fuentes;1976;0,597
347100;Tito Fuentes;1977;0,745
347105;Kosuke Fukudome;2008;0,738
347105;Kosuke Fukudome;2009;0,796
347105;Kosuke Fukudome;2010;0,809
347105;Kosuke Fukudome;2011;0,7065
347108;Sam Fuld;2011;0,673
347108;Sam Fuld;2015;0,569
347120;Shorty Fuller;1889;0,587
347120;Shorty Fuller;1890;0,712
347120;Shorty Fuller;1891;0,569
347120;Shorty Fuller;1892;0,572
347120;Shorty Fuller;1893;0,624
347120;Shorty Fuller;1894;0,717
347120;Shorty Fuller;1895;0,585
347121;Vern Fuller;1967;0,674
347121;Vern Fuller;1968;0,607
347121;Vern Fuller;1969;0,63
347123;Chick Fullis;1929;0,777
347123;Chick Fullis;1931;0,804
347123;Chick Fullis;1932;0,728
347123;Chick Fullis;1933;0,731
347124;Brad Fullmer;1998;0,773
347124;Brad Fullmer;1999;0,785
347124;Brad Fullmer;2000;0,898
347124;Brad Fullmer;2001;0,771
347124;Brad Fullmer;2002;0,888
347124;Brad Fullmer;2003;0,887
347124;Brad Fullmer;2004;0,752
347126;Charles Fulmer;1873;0,65
347126;Charles Fulmer;1874;0,591
347126;Charles Fulmer;1875;0,468
347126;Charles Fulmer;1876;0,632
347126;Charles Fulmer;1879;0,616
347126;Charles Fulmer;1882;0,648
347126;Charles Fulmer;1883;0,637
347127;Chris Fulmer;1886;0,674
347127;Chris Fulmer;1887;0,746
347132;Dave Fultz;1899;0,671
347132;Dave Fultz;1901;0,689
347132;Dave Fultz;1902;0,748
347132;Dave Fultz;1903;0,567
347132;Dave Fultz;1904;0,69
347132;Dave Fultz;1905;0,585
347138;Liz Funk;1930;0,708
347138;Liz Funk;1932;0,668
347141;Rafael Furcal;2000;0,776
347141;Rafael Furcal;2001;0,691
347141;Rafael Furcal;2002;0,71
347141;Rafael Furcal;2003;0,794
347141;Rafael Furcal;2004;0,758
347141;Rafael Furcal;2005;0,777
347141;Rafael Furcal;2006;0,814
347141;Rafael Furcal;2007;0,687
347141;Rafael Furcal;2009;0,711
347141;Rafael Furcal;2010;0,826
347141;Rafael Furcal;2012;0,671
347142;Carl Furillo;1946;0,746
347142;Carl Furillo;1947;0,785
347142;Carl Furillo;1948;0,781
347142;Carl Furillo;1949;0,875
347142;Carl Furillo;1950;0,813
347142;Carl Furillo;1951;0,772
347142;Carl Furillo;1952;0,655
347142;Carl Furillo;1953;0,973
347142;Carl Furillo;1954;0,8
347142;Carl Furillo;1955;0,891
347142;Carl Furillo;1956;0,824
347142;Carl Furillo;1957;0,819
347142;Carl Furillo;1958;0,825
347145;Eddie Fusselback;1884;0,657
347156;Len Gabrielson;1964;0,655
347156;Len Gabrielson;1965;0,77
347156;Len Gabrielson;1966;0,573
347156;Len Gabrielson;1967;0,723
347156;Len Gabrielson;1968;0,765
347161;Gary Gaetti;1982;0,723
347161;Gary Gaetti;1983;0,724
347161;Gary Gaetti;1984;0,665
347161;Gary Gaetti;1985;0,71
347161;Gary Gaetti;1986;0,865
347161;Gary Gaetti;1987;0,788
347161;Gary Gaetti;1988;0,905
347161;Gary Gaetti;1989;0,69
347161;Gary Gaetti;1990;0,65
347161;Gary Gaetti;1991;0,672
347161;Gary Gaetti;1992;0,61
347161;Gary Gaetti;1993;0,786
347161;Gary Gaetti;1994;0,789
347161;Gary Gaetti;1995;0,846
347161;Gary Gaetti;1996;0,799
347161;Gary Gaetti;1997;0,71
347161;Gary Gaetti;1998;0,793
347161;Gary Gaetti;1999;0,599
347166;Phil Gagliano;1965;0,668
347166;Phil Gagliano;1966;0,667
347166;Phil Gagliano;1967;0,564
347169;Greg Gagne;1985;0,596
347169;Greg Gagne;1986;0,7
347169;Greg Gagne;1987;0,74
347169;Greg Gagne;1988;0,685
347169;Greg Gagne;1989;0,721
347169;Greg Gagne;1990;0,64
347169;Greg Gagne;1991;0,705
347169;Greg Gagne;1992;0,626
347169;Greg Gagne;1993;0,724
347169;Greg Gagne;1994;0,706
347169;Greg Gagne;1995;0,69
347169;Greg Gagne;1996;0,698
347169;Greg Gagne;1997;0,652
347170;Ed Gagnier;1914;0,454
347175;Del Gainer;1911;0,77
347175;Del Gainer;1913;0,705
347175;Del Gainer;1915;0,786
347177;Joe Gaines;1964;0,715
347177;Joe Gaines;1965;0,639
347184;Augie Galan;1935;0,866
347184;Augie Galan;1936;0,709
347184;Augie Galan;1937;0,751
347184;Augie Galan;1938;0,785
347184;Augie Galan;1939;0,823
347184;Augie Galan;1940;0,704
347184;Augie Galan;1942;0,679
347184;Augie Galan;1943;0,818
347184;Augie Galan;1944;0,922
347184;Augie Galan;1945;0,864
347184;Augie Galan;1946;0,91
347184;Augie Galan;1947;0,865
347186;Andres Galarraga;1986;0,743
347186;Andres Galarraga;1987;0,821
347186;Andres Galarraga;1988;0,893
347186;Andres Galarraga;1989;0,761
347186;Andres Galarraga;1990;0,715
347186;Andres Galarraga;1991;0,604
347186;Andres Galarraga;1992;0,673
347186;Andres Galarraga;1993;1,005
347186;Andres Galarraga;1994;0,949
347186;Andres Galarraga;1995;0,842
347186;Andres Galarraga;1996;0,958
347186;Andres Galarraga;1997;0,974
347186;Andres Galarraga;1998;0,991
347186;Andres Galarraga;2000;0,895
347186;Andres Galarraga;2001;0,734
347186;Andres Galarraga;2002;0,738
347186;Andres Galarraga;2003;0,841
347189;Milt Galatzer;1935;0,748
347194;Al Gallagher;1970;0,711
347194;Al Gallagher;1971;0,717
347194;Al Gallagher;1972;0,588
347194;Al Gallagher;1973;0,644
347198;Dave Gallagher;1988;0,761
347198;Dave Gallagher;1989;0,634
347198;Dave Gallagher;1991;0,721
347198;Dave Gallagher;1993;0,781
347205;Joe Gallagher;1939;0,79
347211;Mike Gallego;1988;0,558
347211;Mike Gallego;1989;0,654
347211;Mike Gallego;1990;0,549
347211;Mike Gallego;1991;0,712
347211;Mike Gallego;1993;0,776
347211;Mike Gallego;1994;0,686
347218;Chick Galloway;1920;0,51
347218;Chick Galloway;1921;0,676
347218;Chick Galloway;1922;0,801
347218;Chick Galloway;1923;0,688
347218;Chick Galloway;1924;0,652
347218;Chick Galloway;1925;0,623
347218;Chick Galloway;1926;0,597
347221;Joey Gallo;2017;0,869
347221;Joey Gallo;2018;0,81
347221;Joey Gallo;2019;0,986
347221;Joey Gallo;2021;0,869
347221;Joey Gallo;2022;0,621
347221;Joey Gallo;2023;0,741
347221;Joey Gallo;2024;0,613
347225;Freddy Galvis;2013;0,668
347225;Freddy Galvis;2015;0,645
347225;Freddy Galvis;2016;0,673
347225;Freddy Galvis;2017;0,69
347225;Freddy Galvis;2018;0,68
347225;Freddy Galvis;2019;0,743
347225;Freddy Galvis;2021;0,72
347229;Pud Galvin;1879;0,588
347229;Pud Galvin;1880;0,493
347229;Pud Galvin;1881;0,518
347229;Pud Galvin;1882;0,508
347229;Pud Galvin;1883;0,504
347229;Pud Galvin;1884;0,393
347232;Lee Gamble;1939;0,612
347233;Oscar Gamble;1970;0,675
347233;Oscar Gamble;1971;0,607
347233;Oscar Gamble;1973;0,793
347233;Oscar Gamble;1974;0,833
347233;Oscar Gamble;1975;0,815
347233;Oscar Gamble;1976;0,743
347233;Oscar Gamble;1977;0,974
347233;Oscar Gamble;1978;0,753
347233;Oscar Gamble;1982;0,91
347236;Ben Gamel;2017;0,735
347236;Ben Gamel;2018;0,728
347236;Ben Gamel;2019;0,71
347236;Ben Gamel;2021;0,75
347236;Ben Gamel;2022;0,693
347242;Chick Gandil;1910;0,529
347242;Chick Gandil;1912;0,781
347242;Chick Gandil;1913;0,762
347242;Chick Gandil;1914;0,683
347242;Chick Gandil;1915;0,746
347242;Chick Gandil;1916;0,653
347242;Chick Gandil;1917;0,631
347242;Chick Gandil;1918;0,649
347242;Chick Gandil;1919;0,709
347244;Bob Ganley;1906;0,611
347244;Bob Ganley;1907;0,651
347244;Bob Ganley;1908;0,61
347244;Bob Ganley;1909;0,498
347249;Joe Gantenbein;1939;0,741
347252;Jim Gantner;1979;0,726
347252;Jim Gantner;1980;0,706
347252;Jim Gantner;1981;0,654
347252;Jim Gantner;1982;0,704
347252;Jim Gantner;1983;0,73
347252;Jim Gantner;1984;0,658
347252;Jim Gantner;1985;0,627
347252;Jim Gantner;1986;0,684
347252;Jim Gantner;1987;0,701
347252;Jim Gantner;1988;0,658
347252;Jim Gantner;1989;0,654
347252;Jim Gantner;1990;0,647
347252;Jim Gantner;1991;0,681
347252;Jim Gantner;1992;0,59
347253;Ron Gant;1988;0,755
347253;Ron Gant;1989;0,571
347253;Ron Gant;1990;0,896
347253;Ron Gant;1991;0,834
347253;Ron Gant;1992;0,736
347253;Ron Gant;1993;0,854
347253;Ron Gant;1995;0,94
347253;Ron Gant;1996;0,862
347253;Ron Gant;1997;0,698
347253;Ron Gant;1998;0,825
347253;Ron Gant;1999;0,794
347253;Ron Gant;2000;0,811
347253;Ron Gant;2002;0,827
347255;Charlie Ganzel;1886;0,633
347255;Charlie Ganzel;1887;0,619
347255;Charlie Ganzel;1888;0,593
347255;Charlie Ganzel;1889;0,632
347255;Charlie Ganzel;1891;0,68
347255;Charlie Ganzel;1893;0,652
347255;Charlie Ganzel;1894;0,71
347255;Charlie Ganzel;1895;0,638
347256;John Ganzel;1900;0,71
347256;John Ganzel;1901;0,518
347256;John Ganzel;1903;0,714
347256;John Ganzel;1904;0,686
347256;John Ganzel;1907;0,66
347256;John Ganzel;1908;0,639
347259;Joe Garagiola;1946;0,62
347259;Joe Garagiola;1949;0,705
347259;Joe Garagiola;1951;0,796
347259;Joe Garagiola;1952;0,779
347259;Joe Garagiola;1953;0,696
347263;Mike Garbark;1944;0,648
347264;Barbaro Garbey;1984;0,716
347264;Barbaro Garbey;1985;0,685
347270;Adonis Garcia;2016;0,717
347271;Adolis Garcia;2021;0,741
347271;Adolis Garcia;2022;0,756
347271;Adolis Garcia;2023;0,836
347271;Adolis Garcia;2024;0,684
347271;Adolis Garcia;2025;0,665
347277;Avisail Garcia;2015;0,675
347277;Avisail Garcia;2016;0,692
347277;Avisail Garcia;2017;0,885
347277;Avisail Garcia;2018;0,719
347277;Avisail Garcia;2019;0,796
347277;Avisail Garcia;2021;0,82
347277;Avisail Garcia;2022;0,582
347280;Carlos Garcia;1993;0,716
347280;Carlos Garcia;1994;0,676
347280;Carlos Garcia;1995;0,76
347280;Carlos Garcia;1996;0,727
347280;Carlos Garcia;1997;0,562
347285;Damaso Garcia;1980;0,677
347285;Damaso Garcia;1981;0,581
347285;Damaso Garcia;1982;0,737
347285;Damaso Garcia;1983;0,727
347285;Damaso Garcia;1984;0,684
347285;Damaso Garcia;1985;0,679
347285;Damaso Garcia;1986;0,681
347285;Damaso Garcia;1989;0,686
347294;Greg Garcia;2016;0,762
347294;Greg Garcia;2017;0,697
347294;Greg Garcia;2019;0,718
347305;Karim Garcia;1998;0,641
347305;Karim Garcia;1999;0,729
347306;Kiko Garcia;1979;0,665
347306;Kiko Garcia;1980;0,49
347308;Leury Garcia;2017;0,739
347308;Leury Garcia;2018;0,679
347308;Leury Garcia;2019;0,688
347308;Leury Garcia;2021;0,711
347308;Leury Garcia;2022;0,5
347312;Luis Garcia;2021;0,686
347312;Luis Garcia;2022;0,704
347312;Luis Garcia;2023;0,688
347312;Luis Garcia;2024;0,762
347312;Luis Garcia;2025;0,701
347314;Maikel Garcia;2023;0,681
347314;Maikel Garcia;2024;0,614
347314;Maikel Garcia;2025;0,8
347318;Nomar Garciaparra;1997;0,875
347318;Nomar Garciaparra;1998;0,946
347318;Nomar Garciaparra;1999;1,022
347318;Nomar Garciaparra;2000;1,033
347318;Nomar Garciaparra;2002;0,88
347318;Nomar Garciaparra;2003;0,87
347318;Nomar Garciaparra;2005;0,772
347318;Nomar Garciaparra;2006;0,872
347318;Nomar Garciaparra;2007;0,7
347320;Pedro Garcia;1973;0,691
347320;Pedro Garcia;1974;0,578
347320;Pedro Garcia;1975;0,618
347320;Pedro Garcia;1976;0,538
347335;Danny Gardella;1945;0,775
347337;Ron Gardenhire;1982;0,592
347337;Ron Gardenhire;1984;0,581
347346;Billy Gardner;1956;0,615
347346;Billy Gardner;1957;0,681
347346;Billy Gardner;1958;0,569
347346;Billy Gardner;1959;0,589
347346;Billy Gardner;1960;0,676
347347;Brett Gardner;2009;0,724
347347;Brett Gardner;2010;0,762
347347;Brett Gardner;2011;0,713
347347;Brett Gardner;2013;0,759
347347;Brett Gardner;2014;0,749
347347;Brett Gardner;2015;0,742
347347;Brett Gardner;2016;0,713
347347;Brett Gardner;2017;0,778
347347;Brett Gardner;2018;0,69
347347;Brett Gardner;2019;0,829
347347;Brett Gardner;2021;0,689
347349;Earle Gardner;1910;0,587
347349;Earle Gardner;1911;0,622
347353;Jeff Gardner;1993;0,693
347354;Jelly Gardner;1922;0,669
347354;Jelly Gardner;1923;0,689
347354;Jelly Gardner;1924;0,81
347354;Jelly Gardner;1925;0,698
347354;Jelly Gardner;1926;0,832
347354;Jelly Gardner;1929;0,823
347356;Larry Gardner;1910;0,729
347356;Larry Gardner;1911;0,749
347356;Larry Gardner;1912;0,832
347356;Larry Gardner;1913;0,707
347356;Larry Gardner;1914;0,688
347356;Larry Gardner;1915;0,653
347356;Larry Gardner;1916;0,759
347356;Larry Gardner;1917;0,686
347356;Larry Gardner;1918;0,711
347356;Larry Gardner;1919;0,745
347356;Larry Gardner;1920;0,781
347356;Larry Gardner;1921;0,828
347356;Larry Gardner;1922;0,732
347360;Ray Gardner;1929;0,638
347365;Art Garibaldi;1936;0,663
347368;Ryan Garko;2007;0,842
347368;Ryan Garko;2008;0,75
347368;Ryan Garko;2009;0,826
347374;Debs Garms;1934;0,76
347374;Debs Garms;1937;0,653
347374;Debs Garms;1938;0,736
347374;Debs Garms;1939;0,742
347374;Debs Garms;1940;0,895
347374;Debs Garms;1941;0,703
347374;Debs Garms;1943;0,612
347378;Phil Garner;1975;0,641
347378;Phil Garner;1976;0,707
347378;Phil Garner;1977;0,766
347378;Phil Garner;1978;0,745
347378;Phil Garner;1979;0,8
347378;Phil Garner;1980;0,673
347378;Phil Garner;1982;0,743
347378;Phil Garner;1983;0,678
347378;Phil Garner;1984;0,743
347378;Phil Garner;1985;0,717
347378;Phil Garner;1986;0,744
347388;Stone Garrett;2023;0,801
347390;Wayne Garrett;1969;0,558
347390;Wayne Garrett;1970;0,811
347390;Wayne Garrett;1971;0,548
347390;Wayne Garrett;1972;0,689
347390;Wayne Garrett;1973;0,751
347390;Wayne Garrett;1974;0,674
347390;Wayne Garrett;1975;0,762
347390;Wayne Garrett;1976;0,669
347394;Ford Garrison;1944;0,641
347395;Gil Garrido;1969;0,523
347395;Gil Garrido;1970;0,598
347401;Ralph Garr;1971;0,813
347401;Ralph Garr;1972;0,788
347401;Ralph Garr;1973;0,737
347401;Ralph Garr;1974;0,886
347401;Ralph Garr;1975;0,711
347401;Ralph Garr;1976;0,709
347401;Ralph Garr;1977;0,767
347401;Ralph Garr;1978;0,691
347401;Ralph Garr;1979;0,732
347404;Mitch Garver;2018;0,749
347404;Mitch Garver;2019;0,995
347404;Mitch Garver;2021;0,875
347404;Mitch Garver;2023;0,87
347404;Mitch Garver;2024;0,627
347404;Mitch Garver;2025;0,639
347406;Steve Garvey;1971;0,673
347406;Steve Garvey;1972;0,734
347406;Steve Garvey;1973;0,766
347406;Steve Garvey;1974;0,811
347406;Steve Garvey;1975;0,827
347406;Steve Garvey;1976;0,813
347406;Steve Garvey;1977;0,834
347406;Steve Garvey;1978;0,852
347406;Steve Garvey;1979;0,848
347406;Steve Garvey;1980;0,808
347406;Steve Garvey;1981;0,732
347406;Steve Garvey;1982;0,718
347406;Steve Garvey;1983;0,802
347406;Steve Garvey;1984;0,68
347406;Steve Garvey;1985;0,748
347406;Steve Garvey;1986;0,692
347415;Rod Gaspar;1969;0,592
347423;Alex Gaston;1926;0,541
347424;Cito Gaston;1969;0,585
347424;Cito Gaston;1970;0,907
347424;Cito Gaston;1971;0,65
347424;Cito Gaston;1972;0,674
347424;Cito Gaston;1973;0,686
347424;Cito Gaston;1974;0,581
347429;Brent Gates;1993;0,747
347429;Brent Gates;1994;0,702
347429;Brent Gates;1995;0,652
347429;Brent Gates;1996;0,697
347429;Brent Gates;1998;0,645
347429;Brent Gates;1999;0,668
347435;Joey Gathright;2005;0,656
347435;Joey Gathright;2006;0,66
347435;Joey Gathright;2007;0,713
347435;Joey Gathright;2008;0,584
347437;Evan Gattis;2013;0,771
347437;Evan Gattis;2014;0,81
347437;Evan Gattis;2015;0,748
347437;Evan Gattis;2016;0,826
347437;Evan Gattis;2017;0,767
347437;Evan Gattis;2018;0,736
347443;Doc Gautreau;1925;0,676
347443;Doc Gautreau;1926;0,687
347443;Doc Gautreau;1927;0,634
347463;Joe Gedeon;1916;0,544
347463;Joe Gedeon;1918;0,536
347463;Joe Gedeon;1919;0,642
347463;Joe Gedeon;1920;0,721
347464;Rich Gedman;1981;0,751
347464;Rich Gedman;1982;0,642
347464;Rich Gedman;1983;0,757
347464;Rich Gedman;1984;0,818
347464;Rich Gedman;1985;0,846
347464;Rich Gedman;1986;0,739
347464;Rich Gedman;1988;0,647
347464;Rich Gedman;1989;0,565
347465;Count Gedney;1873;0,632
347465;Count Gedney;1874;0,612
347465;Count Gedney;1875;0,472
347468;Billy Geer;1878;0,542
347468;Billy Geer;1884;0,565
347473;Charlie Gehringer;1926;0,721
347473;Charlie Gehringer;1927;0,824
347473;Charlie Gehringer;1928;0,846
347473;Charlie Gehringer;1929;0,936
347473;Charlie Gehringer;1930;0,938
347473;Charlie Gehringer;1931;0,79
347473;Charlie Gehringer;1932;0,867
347473;Charlie Gehringer;1933;0,862
347473;Charlie Gehringer;1934;0,967
347473;Charlie Gehringer;1935;0,911
347473;Charlie Gehringer;1936;0,987
347473;Charlie Gehringer;1937;0,978
347473;Charlie Gehringer;1938;0,911
347473;Charlie Gehringer;1939;0,967
347473;Charlie Gehringer;1940;0,875
347473;Charlie Gehringer;1941;0,666
347475;Lou Gehrig;1925;0,896
347475;Lou Gehrig;1926;0,969
347475;Lou Gehrig;1927;1,24
347475;Lou Gehrig;1928;1,115
347475;Lou Gehrig;1929;1,015
347475;Lou Gehrig;1930;1,194
347475;Lou Gehrig;1931;1,108
347475;Lou Gehrig;1932;1,072
347475;Lou Gehrig;1933;1,03
347475;Lou Gehrig;1934;1,172
347475;Lou Gehrig;1935;1,049
347475;Lou Gehrig;1936;1,174
347475;Lou Gehrig;1937;1,116
347475;Lou Gehrig;1938;0,932
347477;Phil Geier;1897;0,712
347477;Phil Geier;1901;0,588
347477;Phil Geier;1904;0,599
347478;Gary Geiger;1959;0,686
347478;Gary Geiger;1960;0,859
347478;Gary Geiger;1961;0,756
347478;Gary Geiger;1962;0,752
347478;Gary Geiger;1963;0,768
347479;Bill Geiss;1884;0,459
347483;Charlie Gelbert;1929;0,696
347483;Charlie Gelbert;1930;0,801
347483;Charlie Gelbert;1931;0,748
347483;Charlie Gelbert;1932;0,706
347483;Charlie Gelbert;1936;0,62
347485;Zack Gelof;2023;0,84
347485;Zack Gelof;2024;0,632
347488;Frank Genins;1895;0,621
347489;Scooter Gennett;2013;0,834
347489;Scooter Gennett;2014;0,754
347489;Scooter Gennett;2015;0,675
347489;Scooter Gennett;2016;0,728
347489;Scooter Gennett;2017;0,874
347489;Scooter Gennett;2018;0,847
347491;Jim Gentile;1960;0,903
347491;Jim Gentile;1961;1,069
347491;Jim Gentile;1962;0,821
347491;Jim Gentile;1963;0,782
347491;Jim Gentile;1964;0,837
347491;Jim Gentile;1965;0,744
347493;Craig Gentry;2012;0,759
347493;Craig Gentry;2013;0,759
347493;Craig Gentry;2014;0,608
347513;Wally Gerber;1919;0,598
347513;Wally Gerber;1920;0,687
347513;Wally Gerber;1921;0,697
347513;Wally Gerber;1922;0,66
347513;Wally Gerber;1923;0,681
347513;Wally Gerber;1924;0,67
347513;Wally Gerber;1925;0,678
347513;Wally Gerber;1926;0,629
347513;Wally Gerber;1927;0,579
347513;Wally Gerber;1928;0,529
347514;Bob Geren;1989;0,782
347514;Bob Geren;1990;0,584
347516;Joe Gerhardt;1875;0,48
347516;Joe Gerhardt;1876;0,603
347516;Joe Gerhardt;1877;0,698
347516;Joe Gerhardt;1878;0,656
347516;Joe Gerhardt;1879;0,471
347516;Joe Gerhardt;1881;0,586
347516;Joe Gerhardt;1883;0,649
347516;Joe Gerhardt;1884;0,531
347516;Joe Gerhardt;1885;0,399
347516;Joe Gerhardt;1886;0,479
347516;Joe Gerhardt;1887;0,557
347516;Joe Gerhardt;1890;0,539
347517;Ken Gerhart;1987;0,726
347517;Ken Gerhart;1988;0,6
347524;Esteban German;2006;0,88
347524;Esteban German;2007;0,727
347524;Esteban German;2008;0,64
347530;Dick Gernert;1952;0,78
347530;Dick Gernert;1953;0,786
347530;Dick Gernert;1956;0,883
347530;Dick Gernert;1957;0,754
347530;Dick Gernert;1958;0,755
347530;Dick Gernert;1959;0,795
347532;Cesar Geronimo;1972;0,756
347532;Cesar Geronimo;1973;0,574
347532;Cesar Geronimo;1974;0,739
347532;Cesar Geronimo;1975;0,69
347532;Cesar Geronimo;1976;0,795
347532;Cesar Geronimo;1977;0,709
347532;Cesar Geronimo;1978;0,664
347532;Cesar Geronimo;1979;0,655
347534;Jody Gerut;2003;0,83
347534;Jody Gerut;2004;0,739
347534;Jody Gerut;2008;0,845
347538;Doc Gessler;1904;0,739
347538;Doc Gessler;1905;0,735
347538;Doc Gessler;1908;0,817
347538;Doc Gessler;1909;0,71
347538;Doc Gessler;1910;0,716
347538;Doc Gessler;1911;0,78
347543;Tom Gettinger;1890;0,655
347543;Tom Gettinger;1895;0,669
347544;Jake Gettman;1898;0,668
347545;Chris Getz;2009;0,67
347545;Chris Getz;2010;0,579
347545;Chris Getz;2011;0,6
347545;Chris Getz;2013;0,561
347546;Gus Getz;1914;0,55
347546;Gus Getz;1915;0,587
347550;Patsy Gharrity;1919;0,691
347550;Patsy Gharrity;1920;0,629
347550;Patsy Gharrity;1921;0,841
347550;Patsy Gharrity;1922;0,765
347550;Patsy Gharrity;1923;0,587
347553;Jason Giambi;1996;0,836
347553;Jason Giambi;1997;0,857
347553;Jason Giambi;1998;0,873
347553;Jason Giambi;1999;0,975
347553;Jason Giambi;2000;1,123
347553;Jason Giambi;2001;1,137
347553;Jason Giambi;2002;1,034
347553;Jason Giambi;2003;0,939
347553;Jason Giambi;2004;0,72
347553;Jason Giambi;2005;0,975
347553;Jason Giambi;2006;0,971
347553;Jason Giambi;2007;0,79
347553;Jason Giambi;2008;0,876
347553;Jason Giambi;2009;0,697
347554;Jeremy Giambi;1999;0,741
347554;Jeremy Giambi;2000;0,761
347554;Jeremy Giambi;2001;0,841
347560;Johnny Giavotella;2015;0,694
347560;Johnny Giavotella;2016;0,662
347562;Jay Gibbons;2001;0,781
347562;Jay Gibbons;2002;0,792
347562;Jay Gibbons;2003;0,786
347562;Jay Gibbons;2004;0,682
347562;Jay Gibbons;2005;0,833
347562;Jay Gibbons;2006;0,799
347562;Jay Gibbons;2007;0,621
347567;Jake Gibbs;1967;0,58
347567;Jake Gibbs;1968;0,546
347567;Jake Gibbs;1969;0,577
347567;Jake Gibbs;1971;0,605
347576;Frank Gibson;1924;0,783
347576;Frank Gibson;1925;0,715
347577;George Gibson;1906;0,434
347577;George Gibson;1907;0,562
347577;George Gibson;1908;0,557
347577;George Gibson;1909;0,686
347577;George Gibson;1910;0,681
347577;George Gibson;1911;0,541
347577;George Gibson;1912;0,616
347577;George Gibson;1914;0,713
347577;George Gibson;1915;0,649
347579;Josh Gibson;1932;0,943
347579;Josh Gibson;1933;1,178
347579;Josh Gibson;1934;1,012
347579;Josh Gibson;1942;1,09
347579;Josh Gibson;1943;1,435
347580;Kirk Gibson;1981;0,848
347580;Kirk Gibson;1982;0,785
347580;Kirk Gibson;1983;0,734
347580;Kirk Gibson;1984;0,879
347580;Kirk Gibson;1985;0,882
347580;Kirk Gibson;1986;0,863
347580;Kirk Gibson;1987;0,861
347580;Kirk Gibson;1988;0,86
347580;Kirk Gibson;1989;0,679
347580;Kirk Gibson;1990;0,745
347580;Kirk Gibson;1991;0,744
347580;Kirk Gibson;1993;0,769
347580;Kirk Gibson;1994;0,906
347580;Kirk Gibson;1995;0,808
347586;Russ Gibson;1968;0,567
347586;Russ Gibson;1969;0,609
347599;Benji Gil;1995;0,613
347599;Benji Gil;1997;0,587
347599;Benji Gil;2000;0,669
347599;Benji Gil;2001;0,807
347602;Billy Gilbert;1901;0,647
347602;Billy Gilbert;1902;0,626
347602;Billy Gilbert;1903;0,629
347602;Billy Gilbert;1904;0,639
347602;Billy Gilbert;1905;0,624
347602;Billy Gilbert;1906;0,598
347602;Billy Gilbert;1908;0,513
347604;Charlie Gilbert;1946;0,602
347610;Larry Gilbert;1914;0,717
347613;Pete Gilbert;1891;0,621
347615;Tookie Gilbert;1950;0,622
347617;Wally Gilbert;1929;0,748
347617;Wally Gilbert;1930;0,724
347617;Wally Gilbert;1931;0,655
347617;Wally Gilbert;1932;0,526
347620;Rod Gilbreath;1975;0,62
347620;Rod Gilbreath;1976;0,658
347620;Rod Gilbreath;1977;0,669
347620;Rod Gilbreath;1978;0,632
347624;Brian Giles;1983;0,606
347625;Brian Giles;1997;0,827
347625;Brian Giles;1998;0,856
347625;Brian Giles;1999;1,032
347625;Brian Giles;2000;1,026
347625;Brian Giles;2001;0,994
347625;Brian Giles;2002;1,072
347625;Brian Giles;2003;0,951
347625;Brian Giles;2004;0,849
347625;Brian Giles;2005;0,905
347625;Brian Giles;2006;0,771
347625;Brian Giles;2007;0,777
347625;Brian Giles;2008;0,854
347625;Brian Giles;2009;0,548
347626;George Giles;1928;0,759
347626;George Giles;1930;0,921
347628;Marcus Giles;2001;0,769
347628;Marcus Giles;2002;0,714
347628;Marcus Giles;2003;0,917
347628;Marcus Giles;2004;0,821
347628;Marcus Giles;2005;0,826
347628;Marcus Giles;2006;0,729
347628;Marcus Giles;2007;0,621
347632;Geronimo Gil;2002;0,632
347633;Gus Gil;1969;0,525
347635;Frank Gilhooley;1916;0,724
347635;Frank Gilhooley;1918;0,695
347637;Bernard Gilkey;1991;0,63
347637;Bernard Gilkey;1992;0,792
347637;Bernard Gilkey;1993;0,851
347637;Bernard Gilkey;1994;0,7
347637;Bernard Gilkey;1995;0,848
347637;Bernard Gilkey;1996;0,955
347637;Bernard Gilkey;1997;0,755
347637;Bernard Gilkey;1998;0,646
347637;Bernard Gilkey;1999;0,879
347639;Bob Gilks;1888;0,526
347639;Bob Gilks;1889;0,554
347639;Bob Gilks;1890;0,507
347640;Conor Gillaspie;2013;0,695
347640;Conor Gillaspie;2014;0,752
347643;Carden Gillenwater;1945;0,755
347643;Carden Gillenwater;1946;0,637
347643;Carden Gillenwater;1948;0,724
347651;Patrick Gillespie;1880;0,625
347651;Patrick Gillespie;1881;0,627
347651;Patrick Gillespie;1882;0,635
347651;Patrick Gillespie;1883;0,764
347651;Patrick Gillespie;1884;0,611
347651;Patrick Gillespie;1885;0,679
347651;Patrick Gillespie;1886;0,647
347651;Patrick Gillespie;1887;0,65
347652;Sam Gillen;1897;0,671
347659;Barney Gilligan;1879;0,39
347659;Barney Gilligan;1882;0,557
347659;Barney Gilligan;1883;0,54
347659;Barney Gilligan;1884;0,638
347659;Barney Gilligan;1885;0,546
347659;Barney Gilligan;1886;0,53
347663;Jim Gilliam;1947;0,672
347663;Jim Gilliam;1948;0,754
347663;Jim Gilliam;1953;0,798
347663;Jim Gilliam;1954;0,779
347663;Jim Gilliam;1955;0,696
347663;Jim Gilliam;1956;0,794
347663;Jim Gilliam;1957;0,637
347663;Jim Gilliam;1958;0,687
347663;Jim Gilliam;1959;0,732
347663;Jim Gilliam;1960;0,677
347663;Jim Gilliam;1961;0,702
347663;Jim Gilliam;1962;0,705
347663;Jim Gilliam;1963;0,737
347663;Jim Gilliam;1964;0,605
347663;Jim Gilliam;1965;0,758
347663;Jim Gilliam;1966;0,583
347677;Grover Gilmore;1914;0,695
347677;Grover Gilmore;1915;0,765
347686;Andres Gimenez;2022;0,837
347686;Andres Gimenez;2023;0,712
347686;Andres Gimenez;2024;0,638
347686;Andres Gimenez;2025;0,598
347695;Joe Ginsberg;1951;0,74
347695;Joe Ginsberg;1952;0,673
347696;Keith Ginter;2003;0,779
347696;Keith Ginter;2004;0,812
347699;Al Gionfriddo;1945;0,763
347707;Joe Girardi;1990;0,644
347707;Joe Girardi;1992;0,62
347707;Joe Girardi;1993;0,743
347707;Joe Girardi;1994;0,685
347707;Joe Girardi;1995;0,667
347707;Joe Girardi;1996;0,72
347707;Joe Girardi;1997;0,645
347707;Joe Girardi;1998;0,703
347707;Joe Girardi;1999;0,626
347707;Joe Girardi;2000;0,714
347707;Joe Girardi;2001;0,66
347707;Joe Girardi;2002;0,565
347717;Dan Gladden;1984;0,857
347717;Dan Gladden;1985;0,653
347717;Dan Gladden;1986;0,719
347717;Dan Gladden;1987;0,673
347717;Dan Gladden;1988;0,728
347717;Dan Gladden;1989;0,741
347717;Dan Gladden;1990;0,69
347717;Dan Gladden;1991;0,662
347717;Dan Gladden;1992;0,661
347717;Dan Gladden;1993;0,744
347721;Buck Gladmon;1884;0,397
347725;Doug Glanville;1997;0,726
347725;Doug Glanville;1998;0,701
347725;Doug Glanville;1999;0,833
347725;Doug Glanville;2000;0,681
347725;Doug Glanville;2001;0,66
347725;Doug Glanville;2002;0,636
347731;Jack Glasscock;1879;0,479
347731;Jack Glasscock;1880;0,556
347731;Jack Glasscock;1881;0,602
347731;Jack Glasscock;1882;0,765
347731;Jack Glasscock;1883;0,679
347731;Jack Glasscock;1884;0,613
347731;Jack Glasscock;1885;0,665
347731;Jack Glasscock;1886;0,806
347731;Jack Glasscock;1887;0,722
347731;Jack Glasscock;1888;0,63
347731;Jack Glasscock;1889;0,857
347731;Jack Glasscock;1890;0,834
347731;Jack Glasscock;1891;0,623
347731;Jack Glasscock;1892;0,675
347731;Jack Glasscock;1893;0,836
347731;Jack Glasscock;1894;0,712
347734;Troy Glaus;1999;0,781
347734;Troy Glaus;2000;1,008
347734;Troy Glaus;2001;0,898
347734;Troy Glaus;2002;0,805
347734;Troy Glaus;2003;0,807
347734;Troy Glaus;2004;0,93
347734;Troy Glaus;2005;0,885
347734;Troy Glaus;2006;0,868
347734;Troy Glaus;2007;0,839
347734;Troy Glaus;2008;0,856
347734;Troy Glaus;2010;0,744
347737;Tommy Glaviano;1949;0,787
347737;Tommy Glaviano;1950;0,867
347741;Bill Gleason;1882;0,663
347741;Bill Gleason;1883;0,704
347741;Bill Gleason;1884;0,674
347741;Bill Gleason;1885;0,627
347741;Bill Gleason;1886;0,655
347741;Bill Gleason;1887;0,664
347741;Bill Gleason;1888;0,508
347744;Harry Gleason;1902;0,577
347744;Harry Gleason;1905;0,53
347745;Jack Gleason;1882;0,618
347745;Jack Gleason;1883;0,714
347745;Jack Gleason;1884;0,802
347745;Jack Gleason;1886;0,526
347747;Kid Gleason;1890;0,473
347747;Kid Gleason;1891;0,608
347747;Kid Gleason;1892;0,602
347747;Kid Gleason;1895;0,765
347747;Kid Gleason;1896;0,724
347747;Kid Gleason;1897;0,719
347747;Kid Gleason;1898;0,531
347747;Kid Gleason;1899;0,602
347747;Kid Gleason;1900;0,575
347747;Kid Gleason;1901;0,691
347747;Kid Gleason;1902;0,589
347747;Kid Gleason;1903;0,693
347747;Kid Gleason;1904;0,653
347747;Kid Gleason;1905;0,604
347747;Kid Gleason;1906;0,55
347750;Jim Gleeson;1939;0,661
347750;Jim Gleeson;1940;0,859
347750;Jim Gleeson;1941;0,636
347752;Bob Glenalvin;1890;0,717
347756;Ed Glenn;1886;0,49
347761;John Glenn;1874;0,618
347761;John Glenn;1875;0,52
347761;John Glenn;1876;0,685
347761;John Glenn;1877;0,524
347762;Joe Glenn;1939;0,711
347767;Ross Gload;2004;0,853
347767;Ross Gload;2007;0,759
347767;Ross Gload;2008;0,664
347767;Ross Gload;2009;0,729
347769;Al Glossop;1942;0,561
347769;Al Glossop;1943;0,522
347774;Bill Glynn;1953;0,633
347779;John Gochnaur;1902;0,485
347779;John Gochnaur;1903;0,505
347793;Tyler Goeddel;2016;0,549
347804;Ryan Goins;2015;0,672
347804;Ryan Goins;2017;0,643
347808;Mike Golden;1878;0,478
347811;Jonah Goldman;1930;0,622
347812;Fred Goldsmith;1883;0,545
347813;Gordon Goldsberry;1952;0,664
347817;Paul Goldschmidt;2012;0,85
347817;Paul Goldschmidt;2013;0,952
347817;Paul Goldschmidt;2014;0,938
347817;Paul Goldschmidt;2015;1,005
347817;Paul Goldschmidt;2016;0,899
347817;Paul Goldschmidt;2017;0,966
347817;Paul Goldschmidt;2018;0,922
347817;Paul Goldschmidt;2019;0,821
347817;Paul Goldschmidt;2021;0,879
347817;Paul Goldschmidt;2022;0,981
347817;Paul Goldschmidt;2023;0,81
347817;Paul Goldschmidt;2024;0,716
347817;Paul Goldschmidt;2025;0,731
347823;Mike Goliat;1950;0,68
347829;Jonny Gomes;2005;0,906
347829;Jonny Gomes;2006;0,757
347829;Jonny Gomes;2007;0,782
347829;Jonny Gomes;2009;0,879
347829;Jonny Gomes;2010;0,758
347829;Jonny Gomes;2011;0,735
347829;Jonny Gomes;2012;0,868
347829;Jonny Gomes;2013;0,771
347829;Jonny Gomes;2014;0,683
347831;Yan Gomes;2013;0,826
347831;Yan Gomes;2014;0,785
347831;Yan Gomes;2015;0,659
347831;Yan Gomes;2016;0,527
347831;Yan Gomes;2017;0,708
347831;Yan Gomes;2018;0,762
347831;Yan Gomes;2019;0,704
347831;Yan Gomes;2021;0,778
347831;Yan Gomes;2022;0,625
347831;Yan Gomes;2023;0,723
347833;Carlos Gomez;2008;0,657
347833;Carlos Gomez;2009;0,623
347833;Carlos Gomez;2010;0,655
347833;Carlos Gomez;2011;0,679
347833;Carlos Gomez;2012;0,768
347833;Carlos Gomez;2013;0,843
347833;Carlos Gomez;2014;0,833
347833;Carlos Gomez;2015;0,751
347833;Carlos Gomez;2016;0,594
347833;Carlos Gomez;2017;0,802
347833;Carlos Gomez;2018;0,634
347834;Chile Gomez;1935;0,528
347834;Chile Gomez;1936;0,515
347835;Chris Gomez;1994;0,738
347835;Chris Gomez;1995;0,647
347835;Chris Gomez;1996;0,694
347835;Chris Gomez;1997;0,652
347835;Chris Gomez;1998;0,725
347835;Chris Gomez;1999;0,638
347835;Chris Gomez;2002;0,715
347835;Chris Gomez;2004;0,683
347835;Chris Gomez;2005;0,701
347840;Leo Gomez;1991;0,711
347840;Leo Gomez;1992;0,782
347840;Leo Gomez;1993;0,644
347840;Leo Gomez;1994;0,868
347840;Leo Gomez;1996;0,775
347841;Luis Gomez;1978;0,534
347841;Luis Gomez;1980;0,451
347851;Jesse Gonder;1964;0,698
347854;Adrian Gonzalez;2006;0,862
347854;Adrian Gonzalez;2007;0,849
347854;Adrian Gonzalez;2008;0,871
347854;Adrian Gonzalez;2009;0,958
347854;Adrian Gonzalez;2010;0,904
347854;Adrian Gonzalez;2011;0,957
347854;Adrian Gonzalez;2012;0,812
347854;Adrian Gonzalez;2013;0,803
347854;Adrian Gonzalez;2014;0,817
347854;Adrian Gonzalez;2015;0,83
347854;Adrian Gonzalez;2016;0,784
347854;Adrian Gonzalez;2017;0,642
347855;Alex Gonzalez;1995;0,72
347855;Alex Gonzalez;1996;0,691
347855;Alex Gonzalez;1997;0,689
347855;Alex Gonzalez;1998;0,642
347855;Alex Gonzalez;2000;0,717
347855;Alex Gonzalez;2001;0,692
347855;Alex Gonzalez;2002;0,737
347855;Alex Gonzalez;2003;0,704
347855;Alex Gonzalez;2005;0,733
347856;Alex Gonzalez;1999;0,739
347856;Alex Gonzalez;2000;0,548
347856;Alex Gonzalez;2001;0,68
347856;Alex Gonzalez;2003;0,756
347856;Alex Gonzalez;2004;0,689
347856;Alex Gonzalez;2005;0,686
347856;Alex Gonzalez;2006;0,695
347856;Alex Gonzalez;2007;0,793
347856;Alex Gonzalez;2009;0,554
347856;Alex Gonzalez;2010;0,7345
347856;Alex Gonzalez;2011;0,642
347857;Alberto Gonzalez;2009;0,65
347857;Alberto Gonzalez;2011;0,539
347860;Carlos Gonzalez;2008;0,634
347860;Carlos Gonzalez;2009;0,878
347860;Carlos Gonzalez;2010;0,974
347860;Carlos Gonzalez;2011;0,889
347860;Carlos Gonzalez;2012;0,881
347860;Carlos Gonzalez;2013;0,958
347860;Carlos Gonzalez;2014;0,723
347860;Carlos Gonzalez;2015;0,864
347860;Carlos Gonzalez;2016;0,855
347860;Carlos Gonzalez;2017;0,762
347860;Carlos Gonzalez;2018;0,796
347866;Edgar Gonzalez;2008;0,713
347868;Erik Gonzalez;2021;0,558
347870;Fernando Gonzalez;1978;0,598
347870;Fernando Gonzalez;1979;0,617
347874;Gervasio González;1916;0,55
347878;Jose Gonzalez;1989;0,686
347880;Julio Gonzalez;1977;0,603
347880;Julio Gonzalez;1978;0,532
347881;Juan Gonzalez;1991;0,8
347881;Juan Gonzalez;1992;0,833
347881;Juan Gonzalez;1993;1
347881;Juan Gonzalez;1994;0,802
347881;Juan Gonzalez;1995;0,917
347881;Juan Gonzalez;1996;1,011
347881;Juan Gonzalez;1997;0,924
347881;Juan Gonzalez;1998;0,997
347881;Juan Gonzalez;1999;0,98
347881;Juan Gonzalez;2000;0,842
347881;Juan Gonzalez;2001;0,96
347881;Juan Gonzalez;2002;0,776
347881;Juan Gonzalez;2003;0,901
347884;Luis Gonzalez;1991;0,753
347884;Luis Gonzalez;1992;0,674
347884;Luis Gonzalez;1993;0,818
347884;Luis Gonzalez;1994;0,782
347884;Luis Gonzalez;1995;0,8055
347884;Luis Gonzalez;1996;0,797
347884;Luis Gonzalez;1997;0,722
347884;Luis Gonzalez;1998;0,816
347884;Luis Gonzalez;1999;0,952
347884;Luis Gonzalez;2000;0,935
347884;Luis Gonzalez;2001;1,117
347884;Luis Gonzalez;2002;0,896
347884;Luis Gonzalez;2003;0,934
347884;Luis Gonzalez;2004;0,866
347884;Luis Gonzalez;2005;0,825
347884;Luis Gonzalez;2006;0,795
347884;Luis Gonzalez;2007;0,793
347884;Luis Gonzalez;2008;0,749
347885;Luis Gonzalez;2004;0,799
347885;Luis Gonzalez;2005;0,753
347886;Luis Gonzalez;2022;0,683
347888;Marwin Gonzalez;2012;0,607
347888;Marwin Gonzalez;2013;0,571
347888;Marwin Gonzalez;2014;0,727
347888;Marwin Gonzalez;2015;0,759
347888;Marwin Gonzalez;2016;0,694
347888;Marwin Gonzalez;2017;0,907
347888;Marwin Gonzalez;2018;0,733
347888;Marwin Gonzalez;2019;0,736
347888;Marwin Gonzalez;2021;0,567
347891;Mike Gonzalez;1916;0,612
347891;Mike Gonzalez;1917;0,623
347891;Mike Gonzalez;1918;0,665
347891;Mike Gonzalez;1924;0,728
347891;Mike Gonzalez;1926;0,624
347896;Nick Gonzales;2024;0,709
347896;Nick Gonzales;2025;0,661
347898;Oscar Gonzalez;2022;0,789
347899;Pedro Gonzalez;1965;0,628
347899;Pedro Gonzalez;1966;0,554
347900;Raul Gonzalez;2003;0,649
347902;Rene Gonzales;1988;0,529
347902;Rene Gonzales;1992;0,761
347902;Rene Gonzales;1993;0,666
347903;Romy Gonzalez;2025;0,826
347905;Tony Gonzalez;1960;0,823
347905;Tony Gonzalez;1961;0,795
347905;Tony Gonzalez;1962;0,865
347905;Tony Gonzalez;1963;0,808
347905;Tony Gonzalez;1964;0,732
347905;Tony Gonzalez;1965;0,808
347905;Tony Gonzalez;1966;0,741
347905;Tony Gonzalez;1967;0,869
347905;Tony Gonzalez;1968;0,671
347905;Tony Gonzalez;1969;0,801
347905;Tony Gonzalez;1970;0,71
347905;Tony Gonzalez;1971;0,626
347908;Wiki Gonzalez;2000;0,656
347911;Johnny Gooch;1922;0,8
347911;Johnny Gooch;1923;0,698
347911;Johnny Gooch;1924;0,705
347911;Johnny Gooch;1925;0,73
347911;Johnny Gooch;1926;0,703
347911;Johnny Gooch;1927;0,656
347911;Johnny Gooch;1929;0,736
347911;Johnny Gooch;1930;0,637
347919;Mike Goodfellow;1888;0,554
347923;Billy Goodman;1948;0,801
347923;Billy Goodman;1949;0,745
347923;Billy Goodman;1950;0,882
347923;Billy Goodman;1951;0,761
347923;Billy Goodman;1952;0,764
347923;Billy Goodman;1953;0,793
347923;Billy Goodman;1954;0,746
347923;Billy Goodman;1955;0,747
347923;Billy Goodman;1956;0,76
347923;Billy Goodman;1957;0,765
347923;Billy Goodman;1958;0,712
347923;Billy Goodman;1959;0,625
347924;Hunter Goodman;2024;0,645
347924;Hunter Goodman;2025;0,843
347925;Ival Goodman;1935;0,743
347925;Ival Goodman;1936;0,823
347925;Ival Goodman;1937;0,775
347925;Ival Goodman;1938;0,901
347925;Ival Goodman;1939;0,916
347925;Ival Goodman;1940;0,724
347925;Ival Goodman;1942;0,651
347925;Ival Goodman;1943;0,839
347926;Jake Goodman;1878;0,564
347929;Niko Goodrum;2018;0,747
347929;Niko Goodrum;2019;0,743
347929;Niko Goodrum;2021;0,651
347930;Ed Goodson;1973;0,784
347930;Ed Goodson;1974;0,702
347932;Brian Goodwin;2017;0,811
347932;Brian Goodwin;2019;0,796
347932;Brian Goodwin;2021;0,693
347934;Curtis Goodwin;1995;0,633
347934;Curtis Goodwin;1997;0,622
347936;Wilbur Good;1909;0,56
347936;Wilbur Good;1914;0,689
347936;Wilbur Good;1915;0,645
347939;Pep Goodwin;1914;0,606
347939;Pep Goodwin;1915;0,558
347940;Tom Goodwin;1995;0,704
347940;Tom Goodwin;1996;0,664
347940;Tom Goodwin;1997;0,6475
347940;Tom Goodwin;1998;0,716
347940;Tom Goodwin;1999;0,664
347940;Tom Goodwin;2000;0,681
347940;Tom Goodwin;2001;0,622
347944;Glen Gorbous;1955;0,64
347947;Alex Gordon;2007;0,725
347947;Alex Gordon;2008;0,783
347947;Alex Gordon;2010;0,671
347947;Alex Gordon;2011;0,879
347947;Alex Gordon;2012;0,822
347947;Alex Gordon;2013;0,749
347947;Alex Gordon;2014;0,783
347947;Alex Gordon;2015;0,809
347947;Alex Gordon;2016;0,692
347947;Alex Gordon;2017;0,608
347947;Alex Gordon;2018;0,694
347947;Alex Gordon;2019;0,741
347951;Dee Strange-Gordon;2011;0,686
347951;Dee Strange-Gordon;2012;0,561
347951;Dee Strange-Gordon;2014;0,704
347951;Dee Strange-Gordon;2015;0,776
347951;Dee Strange-Gordon;2016;0,641
347951;Dee Strange-Gordon;2017;0,716
347951;Dee Strange-Gordon;2018;0,637
347951;Dee Strange-Gordon;2019;0,663
347954;Joe Gordon;1938;0,843
347954;Joe Gordon;1939;0,876
347954;Joe Gordon;1940;0,851
347954;Joe Gordon;1941;0,824
347954;Joe Gordon;1942;0,9
347954;Joe Gordon;1943;0,778
347954;Joe Gordon;1946;0,645
347954;Joe Gordon;1947;0,842
347954;Joe Gordon;1948;0,879
347954;Joe Gordon;1949;0,762
347954;Joe Gordon;1950;0,77
347957;Nick Gordon;2021;0,647
347957;Nick Gordon;2022;0,743
347957;Nick Gordon;2024;0,627
347959;Sid Gordon;1943;0,688
347959;Sid Gordon;1946;0,758
347959;Sid Gordon;1947;0,789
347959;Sid Gordon;1948;0,927
347959;Sid Gordon;1949;0,909
347959;Sid Gordon;1950;0,96
347959;Sid Gordon;1951;0,883
347959;Sid Gordon;1952;0,866
347959;Sid Gordon;1953;0,834
347959;Sid Gordon;1954;0,843
347965;George Gore;1879;0,642
347965;George Gore;1880;0,862
347965;George Gore;1881;0,778
347965;George Gore;1882;0,791
347965;George Gore;1883;0,849
347965;George Gore;1884;0,818
347965;George Gore;1885;0,858
347965;George Gore;1886;0,878
347965;George Gore;1887;0,711
347965;George Gore;1888;0,599
347965;George Gore;1889;0,836
347965;George Gore;1890;0,931
347965;George Gore;1891;0,743
347974;Nolan Gorman;2022;0,721
347974;Nolan Gorman;2023;0,805
347974;Nolan Gorman;2024;0,671
347974;Nolan Gorman;2025;0,666
347984;Johnny Goryl;1958;0,696
347986;Anthony Gose;2014;0,604
347986;Anthony Gose;2015;0,688
347988;Jim Gosger;1965;0,729
347988;Jim Gosger;1966;0,659
347988;Jim Gosger;1967;0,688
347988;Jim Gosger;1970;0,721
347989;Goose Goslin;1922;0,814
347989;Goose Goslin;1923;0,8
347989;Goose Goslin;1924;0,937
347989;Goose Goslin;1925;0,941
347989;Goose Goslin;1926;0,967
347989;Goose Goslin;1927;0,908
347989;Goose Goslin;1928;1,056
347989;Goose Goslin;1929;0,827
347989;Goose Goslin;1930;1,052
347989;Goose Goslin;1931;0,967
347989;Goose Goslin;1932;0,866
347989;Goose Goslin;1933;0,8
347989;Goose Goslin;1934;0,826
347989;Goose Goslin;1935;0,77
347989;Goose Goslin;1936;0,93
347994;Philip Gosselin;2016;0,692
347994;Philip Gosselin;2021;0,676
347995;Howie Goss;1963;0,592
347996;Julio Gotay;1962;0,625
347996;Julio Gotay;1967;0,697
347997;Ruben Gotay;2005;0,632
348003;Charlie Gould;1872;0,634
348003;Charlie Gould;1876;0,548
348006;Yuli Gurriel;2017;0,817
348006;Yuli Gurriel;2018;0,751
348006;Yuli Gurriel;2019;0,884
348006;Yuli Gurriel;2020;0,658
348006;Yuli Gurriel;2021;0,846
348006;Yuli Gurriel;2022;0,647
348006;Yuli Gurriel;2023;0,663
348009;Hank Gowdy;1914;0,684
348009;Hank Gowdy;1915;0,671
348009;Hank Gowdy;1916;0,618
348009;Hank Gowdy;1919;0,677
348009;Hank Gowdy;1920;0,627
348009;Hank Gowdy;1922;0,78
348012;Billy Grabarkewitz;1970;0,852
348016;Johnny Grabowski;1928;0,571
348019;Earl Grace;1932;0,71
348019;Earl Grace;1933;0,72
348019;Earl Grace;1934;0,694
348019;Earl Grace;1935;0,704
348019;Earl Grace;1936;0,705
348019;Earl Grace;1937;0,658
348022;Joe Grace;1939;0,783
348022;Joe Grace;1940;0,738
348022;Joe Grace;1941;0,839
348022;Joe Grace;1946;0,757
348022;Joe Grace;1947;0,707
348023;Mark Grace;1988;0,774
348023;Mark Grace;1989;0,862
348023;Mark Grace;1990;0,785
348023;Mark Grace;1991;0,719
348023;Mark Grace;1992;0,809
348023;Mark Grace;1993;0,867
348023;Mark Grace;1994;0,784
348023;Mark Grace;1995;0,911
348023;Mark Grace;1996;0,851
348023;Mark Grace;1997;0,874
348023;Mark Grace;1998;0,872
348023;Mark Grace;1999;0,87
348023;Mark Grace;2000;0,824
348023;Mark Grace;2001;0,852
348023;Mark Grace;2002;0,736
348029;Mike Grady;1896;0,853
348029;Mike Grady;1897;0,756
348029;Mike Grady;1898;0,827
348029;Mike Grady;1899;0,868
348029;Mike Grady;1900;0,614
348029;Mike Grady;1901;0,821
348029;Mike Grady;1904;0,85
348029;Mike Grady;1905;0,794
348029;Mike Grady;1906;0,702
348035;Tony Graffanino;1998;0,594
348035;Tony Graffanino;2002;0,757
348035;Tony Graffanino;2003;0,759
348035;Tony Graffanino;2004;0,667
348035;Tony Graffanino;2006;0,751
348035;Tony Graffanino;2007;0,705
348042;Dan Graham;1980;0,791
348044;Jack Graham;1946;0,708
348044;Jack Graham;1949;0,756
348049;Peaches Graham;1908;0,658
348049;Peaches Graham;1909;0,587
348049;Peaches Graham;1910;0,699
348059;Alex Grammas;1954;0,676
348059;Alex Grammas;1955;0,636
348059;Alex Grammas;1958;0,584
348059;Alex Grammas;1959;0,679
348061;Curtis Granderson;2006;0,773
348061;Curtis Granderson;2007;0,913
348061;Curtis Granderson;2008;0,858
348061;Curtis Granderson;2009;0,78
348061;Curtis Granderson;2010;0,792
348061;Curtis Granderson;2011;0,916
348061;Curtis Granderson;2012;0,811
348061;Curtis Granderson;2013;0,723
348061;Curtis Granderson;2014;0,714
348061;Curtis Granderson;2015;0,821
348061;Curtis Granderson;2016;0,799
348061;Curtis Granderson;2017;0,815
348061;Curtis Granderson;2018;0,772
348061;Curtis Granderson;2019;0,637
348062;Yasmani Grandal;2014;0,728
348062;Yasmani Grandal;2015;0,756
348062;Yasmani Grandal;2016;0,816
348062;Yasmani Grandal;2017;0,767
348062;Yasmani Grandal;2018;0,815
348062;Yasmani Grandal;2019;0,848
348062;Yasmani Grandal;2021;0,939
348062;Yasmani Grandal;2022;0,57
348062;Yasmani Grandal;2023;0,647
348062;Yasmani Grandal;2024;0,704
348063;Jack Graney;1910;0,604
348063;Jack Graney;1911;0,704
348063;Jack Graney;1912;0,674
348063;Jack Graney;1913;0,701
348063;Jack Graney;1914;0,714
348063;Jack Graney;1915;0,708
348063;Jack Graney;1916;0,739
348063;Jack Graney;1917;0,673
348063;Jack Graney;1919;0,703
348069;Eddie Grant;1907;0,552
348069;Eddie Grant;1908;0,582
348069;Eddie Grant;1909;0,626
348069;Eddie Grant;1910;0,631
348069;Eddie Grant;1911;0,587
348069;Eddie Grant;1912;0,586
348069;Eddie Grant;1914;0,642
348071;George Grantham;1923;0,774
348071;George Grantham;1924;0,848
348071;George Grantham;1925;0,906
348071;George Grantham;1926;0,89
348071;George Grantham;1927;0,85
348071;George Grantham;1928;0,894
348071;George Grantham;1929;0,987
348071;George Grantham;1930;0,947
348071;George Grantham;1931;0,851
348071;George Grantham;1932;0,776
348071;George Grantham;1933;0,637
348075;Leroy Grant;1916;0,685
348075;Leroy Grant;1921;0,62
348075;Leroy Grant;1922;0,66
348081;Mickey Grasso;1952;0,517
348108;Gary Gray;1981;0,733
348108;Gary Gray;1982;0,724
348117;Pete Gray;1945;0,52
348126;Craig Grebeck;1991;0,846
348126;Craig Grebeck;1992;0,727
348126;Craig Grebeck;1998;0,673
348126;Craig Grebeck;2000;0,775
348130;Bill Greenwood;1884;0,513
348130;Bill Greenwood;1887;0,656
348130;Bill Greenwood;1888;0,484
348130;Bill Greenwood;1889;0,639
348130;Bill Greenwood;1890;0,599
348137;Danny Green;1899;0,756
348137;Danny Green;1900;0,755
348137;Danny Green;1901;0,785
348137;Danny Green;1902;0,779
348137;Danny Green;1903;0,8
348137;Danny Green;1904;0,695
348137;Danny Green;1905;0,653
348139;David Green;1983;0,746
348139;David Green;1984;0,713
348139;David Green;1985;0,648
348140;Dick Green;1964;0,707
348140;Dick Green;1965;0,671
348140;Dick Green;1966;0,659
348140;Dick Green;1967;0,558
348140;Dick Green;1968;0,658
348140;Dick Green;1969;0,779
348140;Dick Green;1970;0,507
348140;Dick Green;1971;0,673
348140;Dick Green;1973;0,648
348140;Dick Green;1974;0,544
348144;Gene Green;1958;0,756
348144;Gene Green;1961;0,83
348146;Hank Greenberg;1933;0,835
348146;Hank Greenberg;1934;1,005
348146;Hank Greenberg;1935;1,039
348146;Hank Greenberg;1937;1,105
348146;Hank Greenberg;1938;1,122
348146;Hank Greenberg;1939;1,042
348146;Hank Greenberg;1940;1,103
348146;Hank Greenberg;1945;0,948
348146;Hank Greenberg;1946;0,977
348146;Hank Greenberg;1947;0,885
348152;Jim Greengrass;1953;0,784
348152;Jim Greengrass;1954;0,823
348152;Jim Greengrass;1955;0,797
348152;Jim Greengrass;1956;0,629
348158;Junius Green;1929;0,607
348160;Khalil Greene;2004;0,795
348160;Khalil Greene;2005;0,727
348160;Khalil Greene;2006;0,747
348160;Khalil Greene;2007;0,759
348160;Khalil Greene;2008;0,599
348161;Lenny Green;1960;0,814
348161;Lenny Green;1961;0,774
348161;Lenny Green;1962;0,769
348161;Lenny Green;1963;0,64
348161;Lenny Green;1965;0,79
348163;Mike Greenwell;1987;0,956
348163;Mike Greenwell;1988;0,946
348163;Mike Greenwell;1989;0,813
348163;Mike Greenwell;1990;0,801
348163;Mike Greenwell;1991;0,769
348163;Mike Greenwell;1993;0,859
348163;Mike Greenwell;1994;0,8
348163;Mike Greenwell;1995;0,808
348163;Mike Greenwell;1996;0,777
348165;Nick Green;2004;0,698
348165;Nick Green;2005;0,675
348165;Nick Green;2009;0,669
348169;Pumpsie Green;1960;0,688
348169;Pumpsie Green;1961;0,801
348171;Riley Greene;2022;0,682
348171;Riley Greene;2023;0,796
348171;Riley Greene;2024;0,827
348171;Riley Greene;2025;0,806
348174;Shawn Green;1995;0,835
348174;Shawn Green;1996;0,79
348174;Shawn Green;1997;0,809
348174;Shawn Green;1998;0,844
348174;Shawn Green;1999;0,972
348174;Shawn Green;2000;0,839
348174;Shawn Green;2001;0,97
348174;Shawn Green;2002;0,944
348174;Shawn Green;2003;0,814
348174;Shawn Green;2004;0,811
348174;Shawn Green;2005;0,832
348174;Shawn Green;2006;0,778
348174;Shawn Green;2007;0,782
348179;Todd Greene;1999;0,711
348179;Todd Greene;2003;0,677
348183;Willie Greene;1996;0,822
348183;Willie Greene;1997;0,812
348183;Willie Greene;1998;0,816
348183;Willie Greene;1999;0,66
348183;Willie Greene;2000;0,654
348188;Ed Greer;1885;0,468
348188;Ed Greer;1886;0,469
348188;Ed Greer;1887;0,643
348190;Rusty Greer;1994;0,898
348190;Rusty Greer;1995;0,78
348190;Rusty Greer;1996;0,927
348190;Rusty Greer;1997;0,936
348190;Rusty Greer;1998;0,841
348190;Rusty Greer;1999;0,898
348190;Rusty Greer;2000;0,837
348190;Rusty Greer;2001;0,795
348195;Tommy Gregg;1989;0,625
348195;Tommy Gregg;1990;0,711
348197;Didi Gregorius;2013;0,704
348197;Didi Gregorius;2014;0,653
348197;Didi Gregorius;2015;0,688
348197;Didi Gregorius;2016;0,751
348197;Didi Gregorius;2017;0,796
348197;Didi Gregorius;2018;0,829
348197;Didi Gregorius;2019;0,718
348197;Didi Gregorius;2020;0,827
348197;Didi Gregorius;2021;0,639
348197;Didi Gregorius;2022;0,567
348205;Grayson Greiner;2019;0,559
348208;Ed Gremminger;1902;0,661
348208;Ed Gremminger;1903;0,688
348208;Ed Gremminger;1904;0,542
348209;Buddy Gremp;1942;0,581
348211;Bill Gray;1898;0,564
348213;Bobby Grich;1972;0,773
348213;Bobby Grich;1973;0,76
348213;Bobby Grich;1974;0,807
348213;Bobby Grich;1975;0,787
348213;Bobby Grich;1976;0,79
348213;Bobby Grich;1978;0,685
348213;Bobby Grich;1979;0,903
348213;Bobby Grich;1980;0,785
348213;Bobby Grich;1981;0,921
348213;Bobby Grich;1982;0,819
348213;Bobby Grich;1983;0,874
348213;Bobby Grich;1984;0,809
348213;Bobby Grich;1985;0,727
348213;Bobby Grich;1986;0,766
348214;Randal Grichuk;2015;0,877
348214;Randal Grichuk;2016;0,769
348214;Randal Grichuk;2017;0,758
348214;Randal Grichuk;2018;0,803
348214;Randal Grichuk;2019;0,738
348214;Randal Grichuk;2020;0,793
348214;Randal Grichuk;2021;0,703
348214;Randal Grichuk;2022;0,724
348214;Randal Grichuk;2023;0,861
348214;Randal Grichuk;2024;0,875
348217;Ben Grieve;1998;0,844
348217;Ben Grieve;1999;0,84
348217;Ben Grieve;2000;0,845
348217;Ben Grieve;2001;0,76
348217;Ben Grieve;2002;0,784
348217;Ben Grieve;2004;0,778
348218;Tom Grieve;1974;0,74
348218;Tom Grieve;1975;0,758
348218;Tom Grieve;1976;0,718
348218;Tom Grieve;1977;0,624
348220;Alfredo Griffin;1979;0,697
348220;Alfredo Griffin;1980;0,632
348220;Alfredo Griffin;1981;0,531
348220;Alfredo Griffin;1982;0,583
348220;Alfredo Griffin;1983;0,637
348220;Alfredo Griffin;1984;0,546
348220;Alfredo Griffin;1985;0,622
348220;Alfredo Griffin;1986;0,687
348220;Alfredo Griffin;1987;0,654
348220;Alfredo Griffin;1988;0,513
348220;Alfredo Griffin;1989;0,596
348220;Alfredo Griffin;1990;0,512
348220;Alfredo Griffin;1991;0,557
348221;Bert Griffith;1922;0,765
348221;Bert Griffith;1923;0,715
348226;Derrell Griffith;1964;0,732
348227;Doug Griffin;1971;0,61
348227;Doug Griffin;1972;0,627
348227;Doug Griffin;1973;0,617
348227;Doug Griffin;1974;0,66
348227;Doug Griffin;1975;0,56
348232;Ivy Griffin;1920;0,555
348236;Ken Griffey;1974;0,695
348236;Ken Griffey;1975;0,793
348236;Ken Griffey;1976;0,851
348236;Ken Griffey;1977;0,855
348236;Ken Griffey;1978;0,761
348236;Ken Griffey;1979;0,845
348236;Ken Griffey;1980;0,818
348236;Ken Griffey;1981;0,78
348236;Ken Griffey;1982;0,736
348236;Ken Griffey;1983;0,792
348236;Ken Griffey;1984;0,702
348236;Ken Griffey;1985;0,755
348236;Ken Griffey;1986;0,855
348236;Ken Griffey;1987;0,814
348236;Ken Griffey;1989;0,77
348237;Ken Griffey;1989;0,748
348237;Ken Griffey;1990;0,847
348237;Ken Griffey;1991;0,926
348237;Ken Griffey;1992;0,896
348237;Ken Griffey;1993;1,025
348237;Ken Griffey;1994;1,076
348237;Ken Griffey;1995;0,86
348237;Ken Griffey;1996;1,02
348237;Ken Griffey;1997;1,028
348237;Ken Griffey;1998;0,977
348237;Ken Griffey;1999;0,96
348237;Ken Griffey;2000;0,942
348237;Ken Griffey;2001;0,898
348237;Ken Griffey;2004;0,864
348237;Ken Griffey;2005;0,946
348237;Ken Griffey;2006;0,802
348237;Ken Griffey;2007;0,869
348237;Ken Griffey;2008;0,787
348237;Ken Griffey;2009;0,735
348240;Mike Griffin;1887;0,801
348240;Mike Griffin;1888;0,666
348240;Mike Griffin;1889;0,781
348240;Mike Griffin;1890;0,784
348240;Mike Griffin;1891;0,728
348240;Mike Griffin;1892;0,759
348240;Mike Griffin;1893;0,827
348240;Mike Griffin;1894;0,951
348240;Mike Griffin;1895;0,896
348240;Mike Griffin;1896;0,804
348240;Mike Griffin;1897;0,832
348240;Mike Griffin;1898;0,745
348245;Sandy Griffin;1890;0,821
348249;Tommy Griffith;1915;0,79
348249;Tommy Griffith;1916;0,656
348249;Tommy Griffith;1917;0,674
348249;Tommy Griffith;1918;0,647
348249;Tommy Griffith;1919;0,687
348249;Tommy Griffith;1920;0,622
348249;Tommy Griffith;1921;0,828
348249;Tommy Griffith;1922;0,814
348249;Tommy Griffith;1923;0,785
348249;Tommy Griffith;1924;0,63
348249;Tommy Griffith;1925;0,78
348253;Art Griggs;1909;0,684
348253;Art Griggs;1910;0,607
348253;Art Griggs;1912;0,795
348256;Denver Grigsby;1924;0,732
348265;Oscar Grimes;1939;0,753
348265;Oscar Grimes;1941;0,693
348265;Oscar Grimes;1944;0,78
348265;Oscar Grimes;1945;0,753
348266;Ray Grimes;1921;0,855
348266;Ray Grimes;1922;1,014
348266;Ray Grimes;1923;0,808
348268;John Grim;1892;0,596
348268;John Grim;1893;0,676
348268;John Grim;1894;0,791
348268;John Grim;1895;0,68
348268;John Grim;1896;0,653
348268;John Grim;1897;0,548
348270;Charlie Grimm;1920;0,562
348270;Charlie Grimm;1921;0,724
348270;Charlie Grimm;1922;0,726
348270;Charlie Grimm;1923;0,869
348270;Charlie Grimm;1924;0,725
348270;Charlie Grimm;1925;0,793
348270;Charlie Grimm;1926;0,745
348270;Charlie Grimm;1927;0,765
348270;Charlie Grimm;1928;0,728
348270;Charlie Grimm;1929;0,794
348270;Charlie Grimm;1930;0,763
348270;Charlie Grimm;1931;0,851
348270;Charlie Grimm;1932;0,774
348270;Charlie Grimm;1933;0,61
348270;Charlie Grimm;1934;0,728
348273;Myron Grimshaw;1905;0,616
348273;Myron Grimshaw;1906;0,715
348277;Trent Grisham;2020;0,808
348277;Trent Grisham;2021;0,74
348277;Trent Grisham;2022;0,626
348277;Trent Grisham;2023;0,666
348277;Trent Grisham;2025;0,811
348280;Marquis Grissom;1990;0,67
348280;Marquis Grissom;1991;0,683
348280;Marquis Grissom;1992;0,741
348280;Marquis Grissom;1993;0,789
348280;Marquis Grissom;1994;0,771
348280;Marquis Grissom;1995;0,693
348280;Marquis Grissom;1996;0,838
348280;Marquis Grissom;1997;0,713
348280;Marquis Grissom;1998;0,685
348280;Marquis Grissom;1999;0,734
348280;Marquis Grissom;2000;0,64
348280;Marquis Grissom;2001;0,654
348280;Marquis Grissom;2002;0,831
348280;Marquis Grissom;2003;0,79
348280;Marquis Grissom;2004;0,773
348282;Dick Groat;1952;0,632
348282;Dick Groat;1955;0,669
348282;Dick Groat;1956;0,638
348282;Dick Groat;1957;0,787
348282;Dick Groat;1958;0,735
348282;Dick Groat;1959;0,673
348282;Dick Groat;1960;0,766
348282;Dick Groat;1961;0,687
348282;Dick Groat;1962;0,686
348282;Dick Groat;1963;0,827
348282;Dick Groat;1964;0,706
348282;Dick Groat;1965;0,632
348282;Dick Groat;1966;0,631
348285;Heinie Groh;1913;0,729
348285;Heinie Groh;1914;0,749
348285;Heinie Groh;1915;0,745
348285;Heinie Groh;1916;0,744
348285;Heinie Groh;1917;0,796
348285;Heinie Groh;1918;0,791
348285;Heinie Groh;1919;0,823
348285;Heinie Groh;1920;0,768
348285;Heinie Groh;1921;0,815
348285;Heinie Groh;1922;0,703
348285;Heinie Groh;1923;0,763
348285;Heinie Groh;1924;0,713
348295;Emil Gross;1880;0,629
348295;Emil Gross;1883;0,831
348296;Gabe Gross;2006;0,857
348296;Gabe Gross;2008;0,767
348296;Gabe Gross;2009;0,681
348296;Gabe Gross;2010;0,601
348298;Greg Gross;1974;0,77
348298;Greg Gross;1975;0,738
348298;Greg Gross;1976;0,704
348298;Greg Gross;1977;0,857
348298;Greg Gross;1978;0,672
348298;Greg Gross;1983;0,761
348298;Greg Gross;1984;0,769
348302;Robbie Grossman;2013;0,702
348302;Robbie Grossman;2014;0,67
348302;Robbie Grossman;2016;0,828
348302;Robbie Grossman;2017;0,741
348302;Robbie Grossman;2018;0,751
348302;Robbie Grossman;2019;0,682
348302;Robbie Grossman;2021;0,772
348302;Robbie Grossman;2022;0,595
348302;Robbie Grossman;2023;0,734
348304;Wayne Gross;1977;0,769
348304;Wayne Gross;1978;0,631
348304;Wayne Gross;1979;0,699
348304;Wayne Gross;1980;0,822
348304;Wayne Gross;1981;0,67
348304;Wayne Gross;1982;0,7
348304;Wayne Gross;1983;0,703
348304;Wayne Gross;1984;0,788
348304;Wayne Gross;1985;0,793
348305;Jerry Grote;1964;0,502
348305;Jerry Grote;1966;0,642
348305;Jerry Grote;1967;0,479
348305;Jerry Grote;1968;0,706
348305;Jerry Grote;1969;0,663
348305;Jerry Grote;1970;0,621
348305;Jerry Grote;1971;0,686
348305;Jerry Grote;1972;0,592
348305;Jerry Grote;1973;0,606
348305;Jerry Grote;1974;0,661
348305;Jerry Grote;1975;0,731
348305;Jerry Grote;1976;0,715
348309;Johnny Groth;1949;0,878
348309;Johnny Groth;1950;0,858
348309;Johnny Groth;1951;0,742
348309;Johnny Groth;1952;0,705
348309;Johnny Groth;1953;0,678
348309;Johnny Groth;1954;0,713
348309;Johnny Groth;1956;0,732
348317;Roy Grover;1917;0,576
348319;Johnny Grubb;1973;0,818
348319;Johnny Grubb;1974;0,758
348319;Johnny Grubb;1975;0,706
348319;Johnny Grubb;1976;0,777
348319;Johnny Grubb;1978;0,815
348319;Johnny Grubb;1979;0,775
348319;Johnny Grubb;1980;0,801
348319;Johnny Grubb;1982;0,738
348319;Johnny Grubb;1986;1,002
348321;Frank Grube;1931;0,578
348321;Frank Grube;1932;0,716
348321;Frank Grube;1933;0,616
348324;Kelly Gruber;1987;0,682
348324;Kelly Gruber;1988;0,766
348324;Kelly Gruber;1989;0,775
348324;Kelly Gruber;1990;0,842
348324;Kelly Gruber;1991;0,751
348324;Kelly Gruber;1992;0,627
348325;Mark Grudzielanek;1995;0,616
348325;Mark Grudzielanek;1996;0,737
348325;Mark Grudzielanek;1997;0,69
348325;Mark Grudzielanek;1998;0,702
348325;Mark Grudzielanek;1999;0,812
348325;Mark Grudzielanek;2000;0,724
348325;Mark Grudzielanek;2001;0,711
348325;Mark Grudzielanek;2002;0,665
348325;Mark Grudzielanek;2003;0,782
348325;Mark Grudzielanek;2004;0,779
348325;Mark Grudzielanek;2005;0,741
348325;Mark Grudzielanek;2006;0,74
348325;Mark Grudzielanek;2007;0,772
348325;Mark Grudzielanek;2008;0,743
348342;Alex Guerrero;2015;0,695
348350;Mario Guerrero;1973;0,546
348350;Mario Guerrero;1974;0,564
348350;Mario Guerrero;1976;0,643
348350;Mario Guerrero;1977;0,636
348350;Mario Guerrero;1978;0,647
348350;Mario Guerrero;1980;0,58
348352;Marcelino Guerra;1923;0,821
348353;Mike Guerra;1944;0,67
348353;Mike Guerra;1947;0,495
348353;Mike Guerra;1949;0,695
348353;Mike Guerra;1950;0,702
348353;Mike Guerra;1951;0,49
348354;Pedro Guerrero;1981;0,829
348354;Pedro Guerrero;1982;0,914
348354;Pedro Guerrero;1983;0,904
348354;Pedro Guerrero;1984;0,819
348354;Pedro Guerrero;1985;0,999
348354;Pedro Guerrero;1987;0,955
348354;Pedro Guerrero;1988;0,783
348354;Pedro Guerrero;1989;0,868
348354;Pedro Guerrero;1990;0,76
348354;Pedro Guerrero;1991;0,687
348357;Vladimir Guerrero;1997;0,833
348357;Vladimir Guerrero;1998;0,96
348357;Vladimir Guerrero;1999;0,978
348357;Vladimir Guerrero;2000;1,074
348357;Vladimir Guerrero;2001;0,943
348357;Vladimir Guerrero;2002;1,01
348357;Vladimir Guerrero;2003;1,012
348357;Vladimir Guerrero;2004;0,989
348357;Vladimir Guerrero;2005;0,959
348357;Vladimir Guerrero;2006;0,934
348357;Vladimir Guerrero;2007;0,95
348357;Vladimir Guerrero;2008;0,886
348357;Vladimir Guerrero;2009;0,794
348357;Vladimir Guerrero;2010;0,841
348357;Vladimir Guerrero;2011;0,733
348358;Vladimir Guerrero;2019;0,772
348358;Vladimir Guerrero;2020;0,791
348358;Vladimir Guerrero;2021;1,002
348358;Vladimir Guerrero;2022;0,818
348358;Vladimir Guerrero;2023;0,788
348358;Vladimir Guerrero;2024;0,94
348358;Vladimir Guerrero;2025;0,848
348359;Wilton Guerrero;1997;0,709
348359;Wilton Guerrero;1998;0,723
348359;Wilton Guerrero;1999;0,727
348359;Wilton Guerrero;2000;0,638
348365;Aaron Guiel;2002;0,633
348365;Aaron Guiel;2003;0,835
348369;Carlos Guillen;2000;0,72
348369;Carlos Guillen;2001;0,689
348369;Carlos Guillen;2002;0,719
348369;Carlos Guillen;2003;0,753
348369;Carlos Guillen;2004;0,921
348369;Carlos Guillen;2005;0,803
348369;Carlos Guillen;2006;0,92
348369;Carlos Guillen;2007;0,859
348369;Carlos Guillen;2008;0,811
348369;Carlos Guillen;2009;0,757
348369;Carlos Guillen;2010;0,746
348370;Jose Guillen;1997;0,712
348370;Jose Guillen;1998;0,712
348370;Jose Guillen;2000;0,75
348370;Jose Guillen;2003;1,013
348370;Jose Guillen;2004;0,849
348370;Jose Guillen;2005;0,817
348370;Jose Guillen;2006;0,674
348370;Jose Guillen;2007;0,813
348370;Jose Guillen;2008;0,738
348370;Jose Guillen;2009;0,681
348370;Jose Guillen;2010;0,743
348371;Luis Guillorme;2022;0,691
348372;Ozzie Guillen;1985;0,65
348372;Ozzie Guillen;1986;0,576
348372;Ozzie Guillen;1987;0,656
348372;Ozzie Guillen;1988;0,608
348372;Ozzie Guillen;1989;0,588
348372;Ozzie Guillen;1990;0,653
348372;Ozzie Guillen;1991;0,624
348372;Ozzie Guillen;1993;0,666
348372;Ozzie Guillen;1994;0,659
348372;Ozzie Guillen;1995;0,588
348372;Ozzie Guillen;1996;0,64
348372;Ozzie Guillen;1997;0,612
348372;Ozzie Guillen;1998;0,689
348372;Ozzie Guillen;1999;0,607
348379;Lou Guisto;1917;0,507
348381;Brad Gulden;1984;0,615
348387;Ted Gullic;1930;0,655
348387;Ted Gullic;1933;0,653
348400;Joe Gunson;1892;0,544
348404;Lourdes Gurriel;2018;0,755
348404;Lourdes Gurriel;2019;0,869
348404;Lourdes Gurriel;2020;0,882
348404;Lourdes Gurriel;2021;0,785
348404;Lourdes Gurriel;2022;0,743
348404;Lourdes Gurriel;2023;0,772
348404;Lourdes Gurriel;2024;0,757
348404;Lourdes Gurriel;2025;0,713
348408;Frankie Gustine;1940;0,702
348408;Frankie Gustine;1941;0,672
348408;Frankie Gustine;1942;0,58
348408;Frankie Gustine;1943;0,696
348408;Frankie Gustine;1944;0,591
348408;Frankie Gustine;1945;0,705
348408;Frankie Gustine;1946;0,696
348408;Frankie Gustine;1947;0,773
348408;Frankie Gustine;1948;0,711
348408;Frankie Gustine;1949;0,631
348415;Cesar Gutierrez;1970;0,573
348416;Franklin Gutierrez;2007;0,79
348416;Franklin Gutierrez;2008;0,691
348416;Franklin Gutierrez;2009;0,764
348416;Franklin Gutierrez;2010;0,666
348416;Franklin Gutierrez;2011;0,534
348416;Franklin Gutierrez;2016;0,78
348417;Jackie Gutierrez;1984;0,6
348417;Jackie Gutierrez;1985;0,523
348418;José Gutiérrez;1926;0,709
348421;Ricky Gutierrez;1993;0,665
348421;Ricky Gutierrez;1994;0,626
348421;Ricky Gutierrez;1996;0,703
348421;Ricky Gutierrez;1997;0,678
348421;Ricky Gutierrez;1998;0,671
348421;Ricky Gutierrez;1999;0,69
348421;Ricky Gutierrez;2000;0,775
348421;Ricky Gutierrez;2001;0,746
348421;Ricky Gutierrez;2002;0,671
348423;Don Gutteridge;1937;0,731
348423;Don Gutteridge;1938;0,689
348423;Don Gutteridge;1939;0,685
348423;Don Gutteridge;1942;0,659
348423;Don Gutteridge;1943;0,701
348423;Don Gutteridge;1944;0,646
348423;Don Gutteridge;1945;0,599
348424;Brandon Guyer;2014;0,701
348424;Brandon Guyer;2015;0,771
348424;Brandon Guyer;2016;0,752
348426;Cristian Guzman;1999;0,543
348426;Cristian Guzman;2000;0,687
348426;Cristian Guzman;2001;0,814
348426;Cristian Guzman;2002;0,677
348426;Cristian Guzman;2003;0,676
348426;Cristian Guzman;2004;0,693
348426;Cristian Guzman;2005;0,574
348426;Cristian Guzman;2008;0,786
348426;Cristian Guzman;2009;0,696
348426;Cristian Guzman;2010;0,687
348432;Jesus Guzman;2011;0,847
348432;Jesus Guzman;2012;0,737
348432;Jesus Guzman;2013;0,675
348438;Ronald Guzman;2018;0,722
348438;Ronald Guzman;2019;0,723
348442;Chris Gwynn;1993;0,74
348443;Tony Gwynn;1983;0,726
348443;Tony Gwynn;1984;0,853
348443;Tony Gwynn;1985;0,773
348443;Tony Gwynn;1986;0,848
348443;Tony Gwynn;1987;0,958
348443;Tony Gwynn;1988;0,787
348443;Tony Gwynn;1989;0,813
348443;Tony Gwynn;1990;0,772
348443;Tony Gwynn;1991;0,787
348443;Tony Gwynn;1992;0,786
348443;Tony Gwynn;1993;0,895
348443;Tony Gwynn;1994;1,022
348443;Tony Gwynn;1995;0,888
348443;Tony Gwynn;1996;0,842
348443;Tony Gwynn;1997;0,957
348443;Tony Gwynn;1998;0,865
348443;Tony Gwynn;1999;0,858
348444;Tony Gwynn;2009;0,693
348444;Tony Gwynn;2010;0,591
348444;Tony Gwynn;2011;0,66
348444;Tony Gwynn;2012;0,57
348445;Jedd Gyorko;2013;0,745
348445;Jedd Gyorko;2014;0,612
348445;Jedd Gyorko;2015;0,694
348445;Jedd Gyorko;2016;0,801
348445;Jedd Gyorko;2017;0,813
348445;Jedd Gyorko;2018;0,762
348448;Bert Haas;1942;0,637
348448;Bert Haas;1943;0,693
348448;Bert Haas;1946;0,661
348448;Bert Haas;1947;0,715
348448;Bert Haas;1948;0,711
348452;Eric Haase;2021;0,745
348452;Eric Haase;2022;0,748
348452;Eric Haase;2023;0,53
348454;Mule Haas;1928;0,752
348454;Mule Haas;1929;0,854
348454;Mule Haas;1930;0,751
348454;Mule Haas;1931;0,841
348454;Mule Haas;1932;0,781
348454;Mule Haas;1933;0,723
348454;Mule Haas;1934;0,702
348454;Mule Haas;1935;0,745
348454;Mule Haas;1936;0,741
348461;Jim Hackett;1903;0,582
348462;Mert Hackett;1884;0,491
348462;Mert Hackett;1886;0,548
348465;Walter Hackett;1884;0,552
348468;Stan Hack;1934;0,729
348468;Stan Hack;1935;0,842
348468;Stan Hack;1936;0,788
348468;Stan Hack;1937;0,762
348468;Stan Hack;1938;0,843
348468;Stan Hack;1939;0,762
348468;Stan Hack;1940;0,834
348468;Stan Hack;1941;0,844
348468;Stan Hack;1942;0,811
348468;Stan Hack;1943;0,75
348468;Stan Hack;1944;0,722
348468;Stan Hack;1945;0,826
348468;Stan Hack;1946;0,781
348468;Stan Hack;1947;0,711
348473;Kent Hadley;1959;0,713
348479;Chick Hafey;1925;0,745
348479;Chick Hafey;1926;0,738
348479;Chick Hafey;1927;0,99
348479;Chick Hafey;1928;0,99
348479;Chick Hafey;1929;1,026
348479;Chick Hafey;1930;1,059
348479;Chick Hafey;1931;0,973
348479;Chick Hafey;1932;0,869
348479;Chick Hafey;1933;0,772
348479;Chick Hafey;1934;0,83
348479;Chick Hafey;1937;0,771
348480;Tom Hafey;1939;0,63
348483;Travis Hafner;2003;0,812
348483;Travis Hafner;2004;0,993
348483;Travis Hafner;2005;1,003
348483;Travis Hafner;2006;1,097
348483;Travis Hafner;2007;0,837
348483;Travis Hafner;2009;0,826
348483;Travis Hafner;2010;0,824
348483;Travis Hafner;2011;0,811
348483;Travis Hafner;2012;0,784
348483;Travis Hafner;2013;0,679
348493;Bill Hague;1875;0,452
348493;Bill Hague;1876;0,573
348493;Bill Hague;1877;0,597
348493;Bill Hague;1878;0,436
348493;Bill Hague;1879;0,485
348494;Joe Hague;1970;0,775
348494;Joe Hague;1971;0,722
348497;Don Hahn;1973;0,575
348497;Don Hahn;1974;0,665
348498;Ed Hahn;1906;0,597
348498;Ed Hahn;1907;0,653
348498;Ed Hahn;1908;0,642
348498;Ed Hahn;1909;0,48
348508;Jerry Hairston;1973;0,705
348508;Jerry Hairston;1975;0,726
348508;Jerry Hairston;1984;0,774
348508;Jerry Hairston;1986;0,752
348509;Jerry Hairston;2001;0,649
348509;Jerry Hairston;2002;0,705
348509;Jerry Hairston;2003;0,725
348509;Jerry Hairston;2004;0,775
348509;Jerry Hairston;2005;0,704
348509;Jerry Hairston;2008;0,871
348509;Jerry Hairston;2009;0,703
348509;Jerry Hairston;2010;0,652
348509;Jerry Hairston;2011;0,727
348509;Jerry Hairston;2012;0,729
348509;Jerry Hairston;2013;0,539
348513;Scott Hairston;2004;0,735
348513;Scott Hairston;2008;0,791
348513;Scott Hairston;2009;0,653
348513;Scott Hairston;2010;0,64
348513;Scott Hairston;2012;0,803
348521;Bob Hale;1956;0,583
348527;John Hale;1975;0,637
348527;John Hale;1978;0,549
348528;Odell Hale;1933;0,795
348528;Odell Hale;1934;0,827
348528;Odell Hale;1935;0,847
348528;Odell Hale;1936;0,887
348528;Odell Hale;1937;0,706
348528;Odell Hale;1938;0,737
348528;Odell Hale;1939;0,813
348530;Sammy Hale;1923;0,723
348530;Sammy Hale;1924;0,777
348530;Sammy Hale;1925;0,915
348530;Sammy Hale;1926;0,751
348530;Sammy Hale;1927;0,781
348530;Sammy Hale;1928;0,803
348530;Sammy Hale;1929;0,641
348540;Al Hall;1879;0,566
348541;Albert Hall;1987;0,78
348541;Albert Hall;1988;0,612
348547;Bill Hall;2004;0,65
348547;Bill Hall;2005;0,837
348547;Bill Hall;2006;0,899
348547;Bill Hall;2007;0,74
348547;Bill Hall;2008;0,689
348547;Bill Hall;2009;0,606
348547;Bill Hall;2010;0,772
348549;Bob Hall;1905;0,575
348557;Dick Hall;1954;0,614
348562;Tom Haller;1962;0,899
348562;Tom Haller;1963;0,762
348562;Tom Haller;1964;0,773
348562;Tom Haller;1965;0,724
348562;Tom Haller;1966;0,783
348562;Tom Haller;1967;0,759
348562;Tom Haller;1968;0,733
348562;Tom Haller;1969;0,694
348562;Tom Haller;1970;0,815
348562;Tom Haller;1971;0,712
348563;George Hall;1872;0,808
348563;George Hall;1874;0,71
348563;George Hall;1875;0,732
348563;George Hall;1876;0,929
348563;George Hall;1877;0,791
348566;Jimmy Hallinan;1875;0,678
348566;Jimmy Hallinan;1876;0,668
348567;Jocko Halligan;1890;0,674
348567;Jocko Halligan;1891;0,824
348569;Irv Hall;1943;0,59
348569;Irv Hall;1944;0,642
348569;Irv Hall;1945;0,613
348571;Jimmie Hall;1963;0,863
348571;Jimmie Hall;1964;0,818
348571;Jimmie Hall;1965;0,81
348571;Jimmie Hall;1966;0,751
348571;Jimmie Hall;1967;0,722
348571;Jimmie Hall;1969;0,659
348577;Bill Hallman;1889;0,659
348577;Bill Hallman;1890;0,697
348577;Bill Hallman;1891;0,725
348577;Bill Hallman;1892;0,717
348577;Bill Hallman;1893;0,769
348577;Bill Hallman;1894;0,744
348577;Bill Hallman;1895;0,745
348577;Bill Hallman;1896;0,772
348577;Bill Hallman;1897;0,546
348577;Bill Hallman;1898;0,594
348577;Bill Hallman;1901;0,472
348577;Bill Hallman;1902;0,598
348578;Bill Hallman;1901;0,629
348578;Bill Hallman;1903;0,6
348578;Bill Hallman;1907;0,56
348579;Mel Hall;1983;0,84
348579;Mel Hall;1984;0,741
348579;Mel Hall;1986;0,839
348579;Mel Hall;1987;0,748
348579;Mel Hall;1988;0,704
348579;Mel Hall;1989;0,721
348579;Mel Hall;1990;0,706
348579;Mel Hall;1991;0,776
348579;Mel Hall;1992;0,739
348585;Toby Hall;2002;0,669
348585;Toby Hall;2003;0,675
348585;Toby Hall;2004;0,666
348585;Toby Hall;2005;0,683
348585;Toby Hall;2006;0,659
348590;Al Halt;1914;0,577
348590;Al Halt;1915;0,643
348591;Shane Halter;1998;0,574
348591;Shane Halter;2000;0,668
348591;Shane Halter;2001;0,811
348591;Shane Halter;2002;0,704
348591;Shane Halter;2003;0,611
348596;Charlie Hamburg;1890;0,714
348599;Bob Hamelin;1994;0,987
348599;Bob Hamelin;1995;0,591
348599;Bob Hamelin;1996;0,826
348599;Bob Hamelin;1997;0,853
348603;Billy Hamilton;1889;0,808
348603;Billy Hamilton;1890;0,829
348603;Billy Hamilton;1891;0,874
348603;Billy Hamilton;1892;0,833
348603;Billy Hamilton;1893;1,014
348603;Billy Hamilton;1894;1,044
348603;Billy Hamilton;1895;0,985
348603;Billy Hamilton;1896;0,946
348603;Billy Hamilton;1897;0,875
348603;Billy Hamilton;1898;0,933
348603;Billy Hamilton;1899;0,796
348603;Billy Hamilton;1900;0,845
348603;Billy Hamilton;1901;0,76
348604;Billy Hamilton;2014;0,648
348604;Billy Hamilton;2015;0,563
348604;Billy Hamilton;2016;0,664
348604;Billy Hamilton;2017;0,634
348604;Billy Hamilton;2018;0,626
348604;Billy Hamilton;2019;0,544
348607;Darryl Hamilton;1991;0,746
348607;Darryl Hamilton;1992;0,756
348607;Darryl Hamilton;1993;0,773
348607;Darryl Hamilton;1995;0,74
348607;Darryl Hamilton;1996;0,73
348607;Darryl Hamilton;1997;0,719
348607;Darryl Hamilton;1998;0,758
348607;Darryl Hamilton;1999;0,763
348608;David Hamilton;2024;0,697
348613;Jeff Hamilton;1988;0,62
348613;Jeff Hamilton;1989;0,65
348614;J. H. Hamilton;1924;0,641
348614;J. H. Hamilton;1927;0,679
348618;Josh Hamilton;2007;0,922
348618;Josh Hamilton;2008;0,901
348618;Josh Hamilton;2009;0,741
348618;Josh Hamilton;2010;1,044
348618;Josh Hamilton;2011;0,882
348618;Josh Hamilton;2012;0,93
348618;Josh Hamilton;2013;0,739
348618;Josh Hamilton;2014;0,745
348624;Ken Hamlin;1960;0,568
348624;Ken Hamlin;1962;0,628
348624;Ken Hamlin;1965;0,703
348632;Jeffrey Hammonds;1994;0,819
348632;Jeffrey Hammonds;1996;0,684
348632;Jeffrey Hammonds;1997;0,809
348632;Jeffrey Hammonds;1999;0,87
348632;Jeffrey Hammonds;2000;0,924
348632;Jeffrey Hammonds;2002;0,729
348637;Granny Hamner;1948;0,648
348637;Granny Hamner;1949;0,643
348637;Granny Hamner;1950;0,694
348637;Granny Hamner;1951;0,653
348637;Granny Hamner;1952;0,734
348637;Granny Hamner;1953;0,768
348637;Granny Hamner;1954;0,818
348637;Granny Hamner;1955;0,666
348637;Granny Hamner;1956;0,605
348637;Granny Hamner;1957;0,618
348639;Garrett Hampson;2019;0,686
348639;Garrett Hampson;2021;0,669
348639;Garrett Hampson;2023;0,729
348639;Garrett Hampson;2024;0,576
348650;Ray Hamrick;1944;0,525
348657;Garry Hancock;1983;0,707
348666;Gene Handley;1946;0,634
348667;Lee Handley;1937;0,668
348667;Lee Handley;1938;0,704
348667;Lee Handley;1939;0,697
348667;Lee Handley;1940;0,681
348667;Lee Handley;1941;0,682
348667;Lee Handley;1945;0,712
348667;Lee Handley;1946;0,587
348667;Lee Handley;1947;0,623
348676;Fred Haney;1922;0,862
348676;Fred Haney;1923;0,695
348676;Fred Haney;1924;0,771
348676;Fred Haney;1925;0,716
348676;Fred Haney;1926;0,613
348679;Charlie Hanford;1914;0,774
348682;Mitch Haniger;2017;0,843
348682;Mitch Haniger;2018;0,859
348682;Mitch Haniger;2019;0,778
348682;Mitch Haniger;2021;0,804
348682;Mitch Haniger;2022;0,736
348682;Mitch Haniger;2023;0,631
348682;Mitch Haniger;2024;0,62
348683;Ryan Hanigan;2009;0,692
348683;Ryan Hanigan;2010;0,834
348683;Ryan Hanigan;2011;0,714
348683;Ryan Hanigan;2012;0,703
348683;Ryan Hanigan;2013;0,567
348683;Ryan Hanigan;2014;0,642
348685;Frank Hankinson;1878;0,619
348685;Frank Hankinson;1880;0,49
348685;Frank Hankinson;1881;0,467
348685;Frank Hankinson;1883;0,573
348685;Frank Hankinson;1884;0,598
348685;Frank Hankinson;1885;0,535
348685;Frank Hankinson;1886;0,605
348685;Frank Hankinson;1887;0,691
348689;Ned Hanlon;1880;0,578
348689;Ned Hanlon;1881;0,724
348689;Ned Hanlon;1882;0,644
348689;Ned Hanlon;1883;0,59
348689;Ned Hanlon;1884;0,689
348689;Ned Hanlon;1885;0,761
348689;Ned Hanlon;1886;0,61
348689;Ned Hanlon;1887;0,677
348689;Ned Hanlon;1888;0,641
348689;Ned Hanlon;1889;0,652
348689;Ned Hanlon;1890;0,719
348689;Ned Hanlon;1891;0,669
348691;Jack Hannahan;2008;0,647
348691;Jack Hannahan;2011;0,719
348691;Jack Hannahan;2012;0,654
348695;Truck Hannah;1918;0,629
348695;Truck Hannah;1919;0,626
348695;Truck Hannah;1920;0,634
348697;Jack Hannifin;1908;0,553
348707;Dave Hansen;1992;0,585
348712;Ron Hansen;1960;0,781
348712;Ron Hansen;1961;0,677
348712;Ron Hansen;1963;0,681
348712;Ron Hansen;1964;0,766
348712;Ron Hansen;1965;0,649
348712;Ron Hansen;1967;0,638
348712;Ron Hansen;1968;0,598
348716;Alen Hanson;2018;0,699
348723;Ian Happ;2017;0,842
348723;Ian Happ;2018;0,761
348723;Ian Happ;2021;0,757
348723;Ian Happ;2022;0,781
348723;Ian Happ;2023;0,791
348723;Ian Happ;2024;0,782
348723;Ian Happ;2025;0,762
348726;Bill Harbridge;1875;0,556
348726;Bill Harbridge;1878;0,659
348726;Bill Harbridge;1883;0,569
348726;Bill Harbridge;1884;0,689
348735;Halley Harding;1926;0,923
348735;Halley Harding;1927;0,659
348735;Halley Harding;1929;0,857
348735;Halley Harding;1930;0,642
348744;Carroll Hardy;1961;0,711
348744;Carroll Hardy;1962;0,663
348748;J. J. Hardy;2005;0,711
348748;J. J. Hardy;2007;0,786
348748;J. J. Hardy;2008;0,821
348748;J. J. Hardy;2009;0,659
348748;J. J. Hardy;2010;0,714
348748;J. J. Hardy;2011;0,801
348748;J. J. Hardy;2012;0,671
348748;J. J. Hardy;2013;0,738
348748;J. J. Hardy;2014;0,682
348748;J. J. Hardy;2015;0,564
348748;J. J. Hardy;2016;0,716
348748;J. J. Hardy;2017;0,578
348758;Bubbles Hargrave;1921;0,753
348758;Bubbles Hargrave;1922;0,883
348758;Bubbles Hargrave;1923;0,941
348758;Bubbles Hargrave;1924;0,825
348758;Bubbles Hargrave;1925;0,775
348758;Bubbles Hargrave;1926;0,93
348758;Bubbles Hargrave;1927;0,763
348759;Charlie Hargreaves;1926;0,676
348759;Charlie Hargreaves;1928;0,661
348759;Charlie Hargreaves;1929;0,651
348760;Mike Hargrove;1974;0,819
348760;Mike Hargrove;1975;0,812
348760;Mike Hargrove;1976;0,781
348760;Mike Hargrove;1977;0,897
348760;Mike Hargrove;1978;0,734
348760;Mike Hargrove;1979;0,933
348760;Mike Hargrove;1980;0,819
348760;Mike Hargrove;1981;0,824
348760;Mike Hargrove;1982;0,715
348760;Mike Hargrove;1983;0,755
348760;Mike Hargrove;1984;0,696
348760;Mike Hargrove;1985;0,722
348761;Pinky Hargrave;1925;0,802
348761;Pinky Hargrave;1926;0,782
348761;Pinky Hargrave;1928;0,783
348761;Pinky Hargrave;1932;0,746
348764;John Harkins;1884;0,469
348766;Tim Harkness;1963;0,629
348767;Dick Harley;1897;0,735
348767;Dick Harley;1898;0,591
348767;Dick Harley;1899;0,621
348767;Dick Harley;1901;0,651
348767;Dick Harley;1902;0,689
348767;Dick Harley;1903;0,587
348769;Larry Harlow;1978;0,679
348769;Larry Harlow;1980;0,761
348773;Chuck Harmon;1954;0,582
348774;Terry Harmon;1969;0,612
348774;Terry Harmon;1971;0,519
348774;Terry Harmon;1972;0,739
348779;Brian Harper;1989;0,802
348779;Brian Harper;1990;0,76
348779;Brian Harper;1991;0,783
348779;Brian Harper;1992;0,753
348779;Brian Harper;1993;0,772
348779;Brian Harper;1994;0,717
348781;Bryce Harper;2012;0,817
348781;Bryce Harper;2013;0,854
348781;Bryce Harper;2014;0,768
348781;Bryce Harper;2015;1,109
348781;Bryce Harper;2016;0,814
348781;Bryce Harper;2017;1,008
348781;Bryce Harper;2018;0,889
348781;Bryce Harper;2019;0,882
348781;Bryce Harper;2021;1,044
348781;Bryce Harper;2022;0,877
348781;Bryce Harper;2023;0,9
348781;Bryce Harper;2024;0,898
348781;Bryce Harper;2025;0,844
348785;George Harper;1918;0,583
348785;George Harper;1922;0,839
348785;George Harper;1924;0,865
348785;George Harper;1925;0,949
348785;George Harper;1927;0,93
348785;George Harper;1928;0,955
348785;George Harper;1929;0,822
348791;Terry Harper;1983;0,715
348791;Terry Harper;1985;0,734
348791;Terry Harper;1986;0,722
348792;Tommy Harper;1963;0,712
348792;Tommy Harper;1964;0,635
348792;Tommy Harper;1965;0,733
348792;Tommy Harper;1966;0,711
348792;Tommy Harper;1967;0,651
348792;Tommy Harper;1968;0,67
348792;Tommy Harper;1969;0,66
348792;Tommy Harper;1970;0,899
348792;Tommy Harper;1971;0,717
348792;Tommy Harper;1972;0,73
348792;Tommy Harper;1973;0,774
348792;Tommy Harper;1974;0,63
348792;Tommy Harper;1975;0,642
348795;Toby Harrah;1971;0,59
348795;Toby Harrah;1972;0,637
348795;Toby Harrah;1973;0,693
348795;Toby Harrah;1974;0,736
348795;Toby Harrah;1975;0,861
348795;Toby Harrah;1976;0,737
348795;Toby Harrah;1977;0,872
348795;Toby Harrah;1978;0,709
348795;Toby Harrah;1979;0,833
348795;Toby Harrah;1980;0,759
348795;Toby Harrah;1981;0,77
348795;Toby Harrah;1982;0,888
348795;Toby Harrah;1983;0,728
348795;Toby Harrah;1984;0,628
348795;Toby Harrah;1985;0,82
348795;Toby Harrah;1986;0,689
348796;Billy Harrell;1958;0,599
348798;Bud Harrelson;1967;0,621
348798;Bud Harrelson;1968;0,524
348798;Bud Harrelson;1969;0,647
348798;Bud Harrelson;1970;0,659
348798;Bud Harrelson;1971;0,622
348798;Bud Harrelson;1972;0,578
348798;Bud Harrelson;1973;0,657
348798;Bud Harrelson;1974;0,632
348798;Bud Harrelson;1976;0,649
348798;Bud Harrelson;1977;0,482
348800;Ken Harrelson;1963;0,662
348800;Ken Harrelson;1965;0,758
348800;Ken Harrelson;1966;0,662
348800;Ken Harrelson;1968;0,874
348800;Ken Harrelson;1969;0,759
348821;Brendan Harris;2007;0,777
348821;Brendan Harris;2008;0,721
348821;Brendan Harris;2009;0,672
348823;Bucky Harris;1920;0,758
348823;Bucky Harris;1921;0,722
348823;Bucky Harris;1922;0,687
348823;Bucky Harris;1923;0,74
348823;Bucky Harris;1924;0,703
348823;Bucky Harris;1925;0,728
348823;Bucky Harris;1926;0,757
348823;Bucky Harris;1927;0,691
348823;Bucky Harris;1928;0,526
348828;Chuck Harrison;1966;0,697
348828;Chuck Harrison;1969;0,572
348831;Dave Harris;1925;0,694
348831;Dave Harris;1930;0,945
348831;Dave Harris;1931;0,941
348831;Dave Harris;1934;0,719
348837;Gail Harris;1955;0,692
348837;Gail Harris;1957;0,723
348837;Gail Harris;1958;0,809
348837;Gail Harris;1959;0,617
348848;Jerry Harrington;1890;0,596
348848;Jerry Harrington;1891;0,578
348852;Joe Harris;1917;0,783
348852;Joe Harris;1922;0,842
348852;Joe Harris;1923;0,925
348852;Joe Harris;1924;0,835
348852;Joe Harris;1925;1,003
348852;Joe Harris;1926;0,891
348852;Joe Harris;1927;0,874
348854;Josh Harrison;2012;0,624
348854;Josh Harrison;2014;0,837
348854;Josh Harrison;2015;0,717
348854;Josh Harrison;2016;0,699
348854;Josh Harrison;2017;0,771
348854;Josh Harrison;2018;0,656
348854;Josh Harrison;2021;0,8
348854;Josh Harrison;2022;0,687
348857;Lenny Harris;1990;0,722
348857;Lenny Harris;1991;0,698
348857;Lenny Harris;1992;0,621
348857;Lenny Harris;1996;0,734
348857;Lenny Harris;1997;0,701
348864;Michael Harris;2022;0,853
348864;Michael Harris;2023;0,808
348864;Michael Harris;2024;0,722
348864;Michael Harris;2025;0,678
348868;Ned Harris;1942;0,781
348868;Ned Harris;1943;0,705
348877;Spence Harris;1926;0,673
348882;Vic Harris;1973;0,659
348882;Vic Harris;1974;0,549
348882;Vic Harris;1976;0,584
348883;Vic Harris;1929;0,79
348883;Vic Harris;1930;1
348883;Vic Harris;1934;0,817
348883;Vic Harris;1937;0,943
348884;Willie Harris;2004;0,665
348884;Willie Harris;2007;0,741
348884;Willie Harris;2008;0,761
348884;Willie Harris;2009;0,757
348884;Willie Harris;2010;0,653
348884;Willie Harris;2011;0,668
348894;Bo Hart;2003;0,713
348895;Jimmy Hart;1901;0,756
348896;Corey Hart;2006;0,796
348896;Corey Hart;2007;0,892
348896;Corey Hart;2008;0,759
348896;Corey Hart;2009;0,753
348896;Corey Hart;2010;0,865
348896;Corey Hart;2011;0,866
348896;Corey Hart;2012;0,841
348896;Corey Hart;2014;0,59
348905;Jim Ray Hart;1964;0,84
348905;Jim Ray Hart;1965;0,837
348905;Jim Ray Hart;1966;0,853
348905;Jim Ray Hart;1967;0,882
348905;Jim Ray Hart;1968;0,767
348905;Jim Ray Hart;1969;0,674
348905;Jim Ray Hart;1970;0,791
348905;Jim Ray Hart;1973;0,742
348912;Grover Hartley;1914;0,711
348912;Grover Hartley;1915;0,721
348912;Grover Hartley;1916;0,587
348912;Grover Hartley;1927;0,669
348916;Fred Hartman;1897;0,737
348916;Fred Hartman;1898;0,678
348916;Fred Hartman;1901;0,786
348916;Fred Hartman;1902;0,505
348922;Gabby Hartnett;1923;0,789
348922;Gabby Hartnett;1924;0,899
348922;Gabby Hartnett;1925;0,906
348922;Gabby Hartnett;1926;0,821
348922;Gabby Hartnett;1927;0,815
348922;Gabby Hartnett;1928;0,928
348922;Gabby Hartnett;1930;1,034
348922;Gabby Hartnett;1931;0,804
348922;Gabby Hartnett;1932;0,79
348922;Gabby Hartnett;1933;0,759
348922;Gabby Hartnett;1934;0,86
348922;Gabby Hartnett;1935;0,949
348922;Gabby Hartnett;1936;0,804
348922;Gabby Hartnett;1937;0,971
348922;Gabby Hartnett;1938;0,825
348922;Gabby Hartnett;1939;0,825
348927;Roy Hartsfield;1950;0,694
348927;Roy Hartsfield;1951;0,678
348928;Topsy Hartsel;1901;0,889
348928;Topsy Hartsel;1902;0,774
348928;Topsy Hartsel;1903;0,868
348928;Topsy Hartsel;1904;0,688
348928;Topsy Hartsel;1905;0,755
348928;Topsy Hartsel;1906;0,697
348928;Topsy Hartsel;1907;0,771
348928;Topsy Hartsel;1908;0,701
348928;Topsy Hartsel;1909;0,707
348928;Topsy Hartsel;1910;0,63
348934;Roy Hartzell;1906;0,496
348934;Roy Hartzell;1907;0,581
348934;Roy Hartzell;1908;0,622
348934;Roy Hartzell;1909;0,62
348934;Roy Hartzell;1910;0,561
348934;Roy Hartzell;1911;0,763
348934;Roy Hartzell;1912;0,726
348934;Roy Hartzell;1913;0,653
348934;Roy Hartzell;1914;0,643
348934;Roy Hartzell;1915;0,664
348942;Ken Harvey;2003;0,721
348942;Ken Harvey;2004;0,759
348950;Adam Haseley;2019;0,72
348951;Bill Haselman;1996;0,77
348951;Bill Haselman;1997;0,682
348954;Mickey Haslin;1935;0,644
348957;Bill Hassamaer;1894;0,857
348957;Bill Hassamaer;1895;0,685
348958;Buddy Hassett;1936;0,755
348958;Buddy Hassett;1937;0,721
348958;Buddy Hassett;1938;0,717
348958;Buddy Hassett;1939;0,696
348958;Buddy Hassett;1940;0,566
348958;Buddy Hassett;1941;0,699
348958;Buddy Hassett;1942;0,689
348959;Ron Hassey;1979;0,742
348959;Ron Hassey;1980;0,836
348959;Ron Hassey;1982;0,709
348959;Ron Hassey;1983;0,726
348959;Ron Hassey;1985;0,878
348959;Ron Hassey;1988;0,692
348959;Ron Hassey;1989;0,618
348959;Ron Hassey;1990;0,587
348966;Scott Hastings;1874;0,719
348966;Scott Hastings;1875;0,563
348966;Scott Hastings;1876;0,557
348968;Billy Hatcher;1986;0,658
348968;Billy Hatcher;1987;0,767
348968;Billy Hatcher;1988;0,691
348968;Billy Hatcher;1989;0,585
348968;Billy Hatcher;1990;0,708
348968;Billy Hatcher;1991;0,671
348968;Billy Hatcher;1992;0,594
348968;Billy Hatcher;1993;0,735
348971;Mickey Hatcher;1981;0,635
348971;Mickey Hatcher;1982;0,612
348971;Mickey Hatcher;1983;0,787
348971;Mickey Hatcher;1984;0,748
348971;Mickey Hatcher;1985;0,673
348971;Mickey Hatcher;1986;0,681
348971;Mickey Hatcher;1987;0,757
348971;Mickey Hatcher;1989;0,707
348974;Fred Hatfield;1952;0,587
348974;Fred Hatfield;1953;0,666
348974;Fred Hatfield;1954;0,761
348974;Fred Hatfield;1955;0,678
348974;Fred Hatfield;1956;0,71
348975;Gil Hatfield;1890;0,744
348975;Gil Hatfield;1891;0,651
348976;John Hatfield;1872;0,743
348976;John Hatfield;1873;0,71
348976;John Hatfield;1874;0,518
348984;Scott Hatteberg;1997;0,788
348984;Scott Hatteberg;1998;0,804
348984;Scott Hatteberg;2000;0,801
348984;Scott Hatteberg;2001;0,678
348984;Scott Hatteberg;2002;0,807
348984;Scott Hatteberg;2003;0,725
348984;Scott Hatteberg;2004;0,787
348984;Scott Hatteberg;2005;0,677
348984;Scott Hatteberg;2006;0,826
348984;Scott Hatteberg;2007;0,868
348987;Grady Hatton;1946;0,791
348987;Grady Hatton;1947;0,825
348987;Grady Hatton;1948;0,688
348987;Grady Hatton;1949;0,756
348987;Grady Hatton;1950;0,745
348987;Grady Hatton;1951;0,657
348987;Grady Hatton;1952;0,631
348987;Grady Hatton;1954;0,79
348987;Grady Hatton;1955;0,693
348993;Arnold Hauser;1910;0,562
348993;Arnold Hauser;1911;0,597
348993;Arnold Hauser;1912;0,642
348994;Joe Hauser;1922;0,858
348994;Joe Hauser;1923;0,878
348994;Joe Hauser;1924;0,874
348994;Joe Hauser;1926;0,653
348994;Joe Hauser;1928;0,886
348996;George Hausmann;1944;0,657
348996;George Hausmann;1945;0,694
349001;Bill Hawes;1884;0,643
349005;Thorny Hawkes;1879;0,46
349009;Lemuel Hawkins;1922;0,664
349009;Lemuel Hawkins;1923;0,681
349009;Lemuel Hawkins;1924;0,705
349009;Lemuel Hawkins;1925;0,713
349009;Lemuel Hawkins;1926;0,686
349009;Lemuel Hawkins;1927;0,615
349013;Chicken Hawks;1925;0,834
349018;Brad Hawpe;2005;0,754
349018;Brad Hawpe;2006;0,898
349018;Brad Hawpe;2007;0,926
349018;Brad Hawpe;2008;0,879
349018;Brad Hawpe;2009;0,903
349018;Brad Hawpe;2010;0,776
349021;Jack Hayden;1901;0,655
349021;Jack Hayden;1906;0,594
349030;Charlie Hayes;1989;0,676
349030;Charlie Hayes;1990;0,641
349030;Charlie Hayes;1991;0,62
349030;Charlie Hayes;1992;0,705
349030;Charlie Hayes;1993;0,876
349030;Charlie Hayes;1994;0,78
349030;Charlie Hayes;1995;0,746
349030;Charlie Hayes;1996;0,669
349030;Charlie Hayes;1997;0,728
349030;Charlie Hayes;1998;0,77
349030;Charlie Hayes;1999;0,607
349030;Charlie Hayes;2000;0,718
349033;Frankie Hayes;1934;0,625
349033;Frankie Hayes;1936;0,723
349033;Frankie Hayes;1938;0,871
349033;Frankie Hayes;1939;0,859
349033;Frankie Hayes;1940;0,866
349033;Frankie Hayes;1941;0,811
349033;Frankie Hayes;1943;0,571
349033;Frankie Hayes;1944;0,682
349033;Frankie Hayes;1945;0,688
349034;Jackie Hayes;1882;0,682
349034;Jackie Hayes;1883;0,674
349035;Jackie Hayes;1928;0,593
349035;Jackie Hayes;1929;0,668
349035;Jackie Hayes;1932;0,635
349035;Jackie Hayes;1933;0,661
349035;Jackie Hayes;1934;0,644
349035;Jackie Hayes;1935;0,673
349035;Jackie Hayes;1936;0,81
349035;Jackie Hayes;1937;0,583
349035;Jackie Hayes;1938;0,835
349035;Jackie Hayes;1939;0,636
349038;Ke'Bryan Hayes;2021;0,689
349038;Ke'Bryan Hayes;2022;0,659
349038;Ke'Bryan Hayes;2023;0,762
349038;Ke'Bryan Hayes;2024;0,573
349038;Ke'Bryan Hayes;2025;0,569
349040;Von Hayes;1982;0,699
349040;Von Hayes;1983;0,707
349040;Von Hayes;1984;0,806
349040;Von Hayes;1985;0,731
349040;Von Hayes;1986;0,859
349040;Von Hayes;1987;0,877
349040;Von Hayes;1988;0,764
349040;Von Hayes;1989;0,837
349040;Von Hayes;1990;0,788
349040;Von Hayes;1991;0,589
349040;Von Hayes;1992;0,631
349054;Austin Hays;2021;0,769
349054;Austin Hays;2022;0,719
349054;Austin Hays;2023;0,769
349054;Austin Hays;2025;0,768
349059;Ray Hayworth;1930;0,715
349059;Ray Hayworth;1931;0,622
349059;Ray Hayworth;1932;0,736
349059;Ray Hayworth;1933;0,601
349059;Ray Hayworth;1936;0,639
349060;Red Hayworth;1944;0,534
349062;Jeremy Hazelbaker;2016;0,775
349068;Chase Headley;2008;0,757
349068;Chase Headley;2009;0,734
349068;Chase Headley;2010;0,702
349068;Chase Headley;2011;0,773
349068;Chase Headley;2012;0,875
349068;Chase Headley;2013;0,747
349068;Chase Headley;2014;0,651
349068;Chase Headley;2015;0,693
349068;Chase Headley;2016;0,716
349068;Chase Headley;2017;0,758
349074;Fran Healy;1973;0,757
349074;Fran Healy;1974;0,718
349076;Ryon Healy;2016;0,861
349076;Ryon Healy;2017;0,754
349076;Ryon Healy;2018;0,688
349085;Hughie Hearne;1902;0,661
349092;Cliff Heathcote;1918;0,646
349092;Cliff Heathcote;1919;0,654
349092;Cliff Heathcote;1920;0,693
349092;Cliff Heathcote;1922;0,712
349092;Cliff Heathcote;1923;0,606
349092;Cliff Heathcote;1924;0,749
349092;Cliff Heathcote;1925;0,709
349092;Cliff Heathcote;1926;0,764
349092;Cliff Heathcote;1927;0,766
349092;Cliff Heathcote;1929;0,799
349092;Cliff Heathcote;1931;0,707
349094;Jeff Heath;1938;0,985
349094;Jeff Heath;1939;0,848
349094;Jeff Heath;1940;0,697
349094;Jeff Heath;1941;0,982
349094;Jeff Heath;1942;0,792
349094;Jeff Heath;1943;0,85
349094;Jeff Heath;1945;0,906
349094;Jeff Heath;1946;0,831
349094;Jeff Heath;1947;0,85
349094;Jeff Heath;1948;0,986
349098;Mike Heath;1979;0,626
349098;Mike Heath;1980;0,578
349098;Mike Heath;1981;0,615
349098;Mike Heath;1982;0,65
349098;Mike Heath;1983;0,7
349098;Mike Heath;1984;0,682
349098;Mike Heath;1985;0,722
349098;Mike Heath;1987;0,769
349098;Mike Heath;1988;0,672
349098;Mike Heath;1989;0,697
349098;Mike Heath;1990;0,697
349108;Richie Hebner;1969;0,801
349108;Richie Hebner;1970;0,827
349108;Richie Hebner;1971;0,813
349108;Richie Hebner;1972;0,886
349108;Richie Hebner;1973;0,823
349108;Richie Hebner;1974;0,812
349108;Richie Hebner;1975;0,711
349108;Richie Hebner;1976;0,692
349108;Richie Hebner;1977;0,864
349108;Richie Hebner;1978;0,834
349108;Richie Hebner;1979;0,747
349108;Richie Hebner;1980;0,826
349108;Richie Hebner;1981;0,656
349110;Adeiny Hechavarria;2013;0,565
349110;Adeiny Hechavarria;2014;0,664
349110;Adeiny Hechavarria;2015;0,689
349110;Adeiny Hechavarria;2016;0,594
349110;Adeiny Hechavarria;2017;0,701
349110;Adeiny Hechavarria;2018;0,621
349112;Guy Hecker;1882;0,655
349112;Guy Hecker;1883;0,631
349112;Guy Hecker;1884;0,754
349112;Guy Hecker;1885;0,624
349112;Guy Hecker;1886;0,848
349112;Guy Hecker;1887;0,821
349112;Guy Hecker;1888;0,574
349112;Guy Hecker;1889;0,709
349112;Guy Hecker;1890;0,603
349113;Austin Hedges;2017;0,66
349113;Austin Hedges;2018;0,711
349113;Austin Hedges;2019;0,563
349113;Austin Hedges;2021;0,527
349113;Austin Hedges;2022;0,489
349116;Danny Heep;1983;0,722
349116;Danny Heep;1985;0,762
349116;Danny Heep;1989;0,756
349119;Don Heffner;1934;0,65
349119;Don Heffner;1937;0,642
349119;Don Heffner;1938;0,661
349119;Don Heffner;1939;0,662
349119;Don Heffner;1940;0,606
349119;Don Heffner;1941;0,581
349124;Jim Hegan;1946;0,597
349124;Jim Hegan;1947;0,668
349124;Jim Hegan;1948;0,724
349124;Jim Hegan;1949;0,635
349124;Jim Hegan;1950;0,674
349124;Jim Hegan;1951;0,648
349124;Jim Hegan;1952;0,612
349124;Jim Hegan;1953;0,628
349124;Jim Hegan;1954;0,662
349124;Jim Hegan;1955;0,632
349124;Jim Hegan;1956;0,667
349125;Mike Hegan;1969;0,888
349125;Mike Hegan;1970;0,701
349125;Mike Hegan;1975;0,727
349125;Mike Hegan;1976;0,686
349128;Jack Heidemann;1970;0,557
349128;Jack Heidemann;1971;0,488
349129;Emmet Heidrick;1899;0,789
349129;Emmet Heidrick;1900;0,721
349129;Emmet Heidrick;1901;0,837
349129;Emmet Heidrick;1902;0,735
349129;Emmet Heidrick;1903;0,705
349129;Emmet Heidrick;1904;0,636
349134;Harry Heilmann;1916;0,76
349134;Harry Heilmann;1917;0,72
349134;Harry Heilmann;1918;0,765
349134;Harry Heilmann;1919;0,843
349134;Harry Heilmann;1920;0,787
349134;Harry Heilmann;1921;1,051
349134;Harry Heilmann;1922;1,03
349134;Harry Heilmann;1923;1,113
349134;Harry Heilmann;1924;0,961
349134;Harry Heilmann;1925;1,026
349134;Harry Heilmann;1926;0,979
349134;Harry Heilmann;1927;1,091
349134;Harry Heilmann;1928;0,897
349134;Harry Heilmann;1929;0,977
349134;Harry Heilmann;1930;0,993
349136;Jonah Heim;2021;0,598
349136;Jonah Heim;2022;0,697
349136;Jonah Heim;2023;0,755
349136;Jonah Heim;2024;0,602
349136;Jonah Heim;2025;0,602
349147;Bob Heise;1972;0,611
349148;Chris Heisey;2010;0,757
349148;Chris Heisey;2011;0,797
349148;Chris Heisey;2012;0,715
349148;Chris Heisey;2013;0,694
349148;Chris Heisey;2014;0,643
349154;Al Heist;1961;0,72
349156;Heinie Heitmuller;1909;0,755
349158;Woodie Held;1957;0,805
349158;Woodie Held;1959;0,778
349158;Woodie Held;1960;0,813
349158;Woodie Held;1961;0,822
349158;Woodie Held;1962;0,768
349158;Woodie Held;1963;0,787
349158;Woodie Held;1964;0,748
349158;Woodie Held;1965;0,797
349171;Tommy Helms;1966;0,695
349171;Tommy Helms;1967;0,661
349171;Tommy Helms;1968;0,668
349171;Tommy Helms;1969;0,613
349171;Tommy Helms;1970;0,543
349171;Tommy Helms;1971;0,615
349171;Tommy Helms;1972;0,637
349171;Tommy Helms;1973;0,694
349171;Tommy Helms;1974;0,675
349172;Wes Helms;2001;0,728
349172;Wes Helms;2002;0,687
349172;Wes Helms;2003;0,78
349172;Wes Helms;2004;0,692
349172;Wes Helms;2006;0,965
349172;Wes Helms;2007;0,665
349172;Wes Helms;2008;0,645
349172;Wes Helms;2009;0,682
349172;Wes Helms;2010;0,646
349174;Todd Helton;1998;0,911
349174;Todd Helton;1999;0,981
349174;Todd Helton;2000;1,162
349174;Todd Helton;2001;1,116
349174;Todd Helton;2002;1,006
349174;Todd Helton;2003;1,088
349174;Todd Helton;2004;1,088
349174;Todd Helton;2005;0,979
349174;Todd Helton;2006;0,88
349174;Todd Helton;2007;0,928
349174;Todd Helton;2008;0,779
349174;Todd Helton;2009;0,904
349174;Todd Helton;2010;0,728
349174;Todd Helton;2011;0,85
349174;Todd Helton;2012;0,743
349174;Todd Helton;2013;0,738
349181;Scott Hemond;1993;0,767
349184;Charlie Hemphill;1899;0,673
349184;Charlie Hemphill;1901;0,644
349184;Charlie Hemphill;1902;0,83
349184;Charlie Hemphill;1903;0,592
349184;Charlie Hemphill;1904;0,619
349184;Charlie Hemphill;1906;0,72
349184;Charlie Hemphill;1907;0,64
349184;Charlie Hemphill;1908;0,73
349184;Charlie Hemphill;1910;0,638
349184;Charlie Hemphill;1911;0,736
349186;Rollie Hemsley;1929;0,725
349186;Rollie Hemsley;1930;0,668
349186;Rollie Hemsley;1931;0,837
349186;Rollie Hemsley;1934;0,782
349186;Rollie Hemsley;1935;0,73
349186;Rollie Hemsley;1936;0,696
349186;Rollie Hemsley;1937;0,578
349186;Rollie Hemsley;1938;0,776
349186;Rollie Hemsley;1939;0,651
349186;Rollie Hemsley;1940;0,671
349186;Rollie Hemsley;1941;0,614
349186;Rollie Hemsley;1944;0,656
349187;Solly Hemus;1951;0,776
349187;Solly Hemus;1952;0,817
349187;Solly Hemus;1953;0,825
349187;Solly Hemus;1954;0,883
349187;Solly Hemus;1955;0,718
349187;Solly Hemus;1958;0,806
349198;Dave Henderson;1982;0,768
349198;Dave Henderson;1983;0,751
349198;Dave Henderson;1984;0,786
349198;Dave Henderson;1985;0,698
349198;Dave Henderson;1986;0,831
349198;Dave Henderson;1988;0,887
349198;Dave Henderson;1989;0,695
349198;Dave Henderson;1990;0,797
349198;Dave Henderson;1991;0,811
349198;Dave Henderson;1993;0,702
349200;Gunnar Henderson;2023;0,814
349200;Gunnar Henderson;2024;0,893
349200;Gunnar Henderson;2025;0,787
349201;Hardie Henderson;1884;0,575
349201;Hardie Henderson;1885;0,54
349205;Ken Henderson;1969;0,64
349205;Ken Henderson;1970;0,854
349205;Ken Henderson;1971;0,798
349205;Ken Henderson;1972;0,755
349205;Ken Henderson;1973;0,708
349205;Ken Henderson;1974;0,827
349205;Ken Henderson;1975;0,702
349205;Ken Henderson;1976;0,747
349205;Ken Henderson;1977;0,694
349210;Rickey Henderson;1979;0,675
349210;Rickey Henderson;1980;0,82
349210;Rickey Henderson;1981;0,845
349210;Rickey Henderson;1982;0,78
349210;Rickey Henderson;1983;0,835
349210;Rickey Henderson;1984;0,857
349210;Rickey Henderson;1985;0,934
349210;Rickey Henderson;1986;0,827
349210;Rickey Henderson;1987;0,92
349210;Rickey Henderson;1988;0,793
349210;Rickey Henderson;1989;0,802
349210;Rickey Henderson;1990;1,016
349210;Rickey Henderson;1991;0,823
349210;Rickey Henderson;1992;0,883
349210;Rickey Henderson;1993;1,023
349210;Rickey Henderson;1994;0,776
349210;Rickey Henderson;1995;0,855
349210;Rickey Henderson;1996;0,754
349210;Rickey Henderson;1997;0,797
349210;Rickey Henderson;1998;0,723
349210;Rickey Henderson;1999;0,889
349210;Rickey Henderson;2000;0,689
349210;Rickey Henderson;2001;0,717
349213;Steve Henderson;1977;0,852
349213;Steve Henderson;1978;0,732
349213;Steve Henderson;1979;0,82
349213;Steve Henderson;1980;0,77
349213;Steve Henderson;1981;0,793
349213;Steve Henderson;1982;0,627
349213;Steve Henderson;1983;0,806
349213;Steve Henderson;1984;0,75
349220;Elrod Hendricks;1969;0,716
349220;Elrod Hendricks;1970;0,699
349220;Elrod Hendricks;1971;0,72
349220;Elrod Hendricks;1975;0,696
349221;George Hendrick;1973;0,76
349221;George Hendrick;1974;0,767
349221;George Hendrick;1975;0,735
349221;George Hendrick;1976;0,771
349221;George Hendrick;1977;0,873
349221;George Hendrick;1978;0,834
349221;George Hendrick;1979;0,816
349221;George Hendrick;1980;0,84
349221;George Hendrick;1981;0,841
349221;George Hendrick;1982;0,773
349221;George Hendrick;1983;0,866
349221;George Hendrick;1984;0,729
349221;George Hendrick;1985;0,59
349221;George Hendrick;1986;0,806
349222;Harvey Hendrick;1927;0,773
349222;Harvey Hendrick;1928;0,875
349222;Harvey Hendrick;1929;0,964
349222;Harvey Hendrick;1931;0,795
349222;Harvey Hendrick;1932;0,763
349229;Tim Hendryx;1917;0,717
349229;Tim Hendryx;1918;0,757
349229;Tim Hendryx;1920;0,814
349239;Butch Henline;1922;0,859
349239;Butch Henline;1923;0,855
349239;Butch Henline;1924;0,787
349239;Butch Henline;1925;0,859
349239;Butch Henline;1926;0,699
349255;Tommy Henrich;1937;0,972
349255;Tommy Henrich;1938;0,882
349255;Tommy Henrich;1939;0,8
349255;Tommy Henrich;1940;0,947
349255;Tommy Henrich;1941;0,895
349255;Tommy Henrich;1942;0,782
349255;Tommy Henrich;1946;0,769
349255;Tommy Henrich;1947;0,857
349255;Tommy Henrich;1948;0,945
349255;Tommy Henrich;1949;0,942
349268;John Henry;1911;0,495
349268;John Henry;1913;0,602
349268;John Henry;1914;0,5
349268;John Henry;1915;0,601
349268;John Henry;1916;0,672
349292;Guillermo Heredia;2017;0,652
349292;Guillermo Heredia;2018;0,661
349292;Guillermo Heredia;2019;0,668
349292;Guillermo Heredia;2021;0,665
349302;Babe Herman;1926;0,875
349302;Babe Herman;1927;0,817
349302;Babe Herman;1928;0,904
349302;Babe Herman;1929;1,047
349302;Babe Herman;1930;1,132
349302;Babe Herman;1931;0,89
349302;Babe Herman;1932;0,93
349302;Babe Herman;1933;0,855
349302;Babe Herman;1934;0,841
349302;Babe Herman;1935;0,912
349302;Babe Herman;1936;0,806
349303;Billy Herman;1932;0,762
349303;Billy Herman;1933;0,675
349303;Billy Herman;1934;0,75
349303;Billy Herman;1935;0,859
349303;Billy Herman;1936;0,862
349303;Billy Herman;1937;0,875
349303;Billy Herman;1938;0,701
349303;Billy Herman;1939;0,83
349303;Billy Herman;1940;0,723
349303;Billy Herman;1941;0,74
349303;Billy Herman;1942;0,672
349303;Billy Herman;1943;0,815
349303;Billy Herman;1946;0,849
349306;Gene Hermanski;1948;0,883
349306;Gene Hermanski;1949;0,918
349306;Gene Hermanski;1950;0,831
349306;Gene Hermanski;1951;0,766
349306;Gene Hermanski;1952;0,65
349307;Jeremy Hermida;2006;0,7
349307;Jeremy Hermida;2007;0,87
349307;Jeremy Hermida;2008;0,729
349307;Jeremy Hermida;2009;0,74
349313;Anderson Hernandez;2009;0,63
349315;Carlos Hernandez;1998;0,674
349320;Cesar Hernandez;2015;0,687
349320;Cesar Hernandez;2016;0,764
349320;Cesar Hernandez;2017;0,793
349320;Cesar Hernandez;2018;0,718
349320;Cesar Hernandez;2019;0,741
349320;Cesar Hernandez;2020;0,763
349320;Cesar Hernandez;2021;0,738
349320;Cesar Hernandez;2022;0,629
349330;Enzo Hernandez;1971;0,545
349330;Enzo Hernandez;1972;0,492
349330;Enzo Hernandez;1973;0,512
349330;Enzo Hernandez;1974;0,562
349330;Enzo Hernandez;1975;0,539
349330;Enzo Hernandez;1976;0,64
349331;Enrique Hernandez;2015;0,836
349331;Enrique Hernandez;2016;0,607
349331;Enrique Hernandez;2017;0,729
349331;Enrique Hernandez;2018;0,806
349331;Enrique Hernandez;2019;0,715
349331;Enrique Hernandez;2021;0,786
349331;Enrique Hernandez;2022;0,629
349331;Enrique Hernandez;2023;0,599
349331;Enrique Hernandez;2024;0,654
349331;Enrique Hernandez;2025;0,621
349336;Gorkys Hernandez;2017;0,652
349336;Gorkys Hernandez;2018;0,676
349337;Heriberto Hernandez;2025;0,784
349338;Jackie Hernandez;1969;0,56
349338;Jackie Hernandez;1970;0,563
349338;Jackie Hernandez;1971;0,557
349341;Jose Hernandez;1995;0,762
349341;Jose Hernandez;1996;0,674
349341;Jose Hernandez;1998;0,782
349341;Jose Hernandez;1999;0,807
349341;Jose Hernandez;2000;0,687
349341;Jose Hernandez;2001;0,743
349341;Jose Hernandez;2002;0,834
349341;Jose Hernandez;2003;0,67
349341;Jose Hernandez;2004;0,91
349341;Jose Hernandez;2005;0,614
349344;Keith Hernandez;1976;0,803
349344;Keith Hernandez;1977;0,837
349344;Keith Hernandez;1978;0,741
349344;Keith Hernandez;1979;0,93
349344;Keith Hernandez;1980;0,902
349344;Keith Hernandez;1981;0,864
349344;Keith Hernandez;1982;0,81
349344;Keith Hernandez;1983;0,821
349344;Keith Hernandez;1984;0,859
349344;Keith Hernandez;1985;0,814
349344;Keith Hernandez;1986;0,859
349344;Keith Hernandez;1987;0,813
349344;Keith Hernandez;1988;0,75
349344;Keith Hernandez;1989;0,649
349345;Leo Hernandez;1983;0,661
349357;Ramon Hernandez;2000;0,698
349357;Ramon Hernandez;2001;0,724
349357;Ramon Hernandez;2002;0,648
349357;Ramon Hernandez;2003;0,789
349357;Ramon Hernandez;2004;0,818
349357;Ramon Hernandez;2005;0,772
349357;Ramon Hernandez;2006;0,822
349357;Ramon Hernandez;2007;0,714
349357;Ramon Hernandez;2008;0,714
349357;Ramon Hernandez;2009;0,699
349357;Ramon Hernandez;2010;0,792
349357;Ramon Hernandez;2011;0,788
349364;Teoscar Hernandez;2018;0,771
349364;Teoscar Hernandez;2019;0,778
349364;Teoscar Hernandez;2021;0,87
349364;Teoscar Hernandez;2022;0,807
349364;Teoscar Hernandez;2023;0,741
349364;Teoscar Hernandez;2024;0,84
349364;Teoscar Hernandez;2025;0,738
349368;Yadiel Hernandez;2021;0,742
349368;Yadiel Hernandez;2022;0,722
349373;Larry Herndon;1976;0,693
349373;Larry Herndon;1978;0,646
349373;Larry Herndon;1979;0,698
349373;Larry Herndon;1980;0,67
349373;Larry Herndon;1981;0,74
349373;Larry Herndon;1982;0,812
349373;Larry Herndon;1983;0,829
349373;Larry Herndon;1984;0,734
349373;Larry Herndon;1985;0,682
349373;Larry Herndon;1986;0,695
349373;Larry Herndon;1987;0,898
349380;Elian Herrera;2015;0,684
349381;Ivan Herrera;2024;0,8
349381;Ivan Herrera;2025;0,837
349383;Jose Herrera;1996;0,696
349384;Jonathan Herrera;2010;0,694
349384;Jonathan Herrera;2011;0,612
349384;Jonathan Herrera;2012;0,668
349387;Paíto Herrera;1920;0,692
349387;Paíto Herrera;1921;0,614
349387;Paíto Herrera;1926;0,629
349388;Odubel Herrera;2015;0,762
349388;Odubel Herrera;2016;0,781
349388;Odubel Herrera;2017;0,778
349388;Odubel Herrera;2018;0,73
349388;Odubel Herrera;2021;0,726
349389;Pancho Herrera;1960;0,803
349389;Pancho Herrera;1961;0,759
349391;Rosell Herrera;2018;0,616
349403;Chris Herrmann;2017;0,619
349404;Ed Herrmann;1969;0,661
349404;Ed Herrmann;1970;0,862
349404;Ed Herrmann;1971;0,664
349404;Ed Herrmann;1972;0,692
349404;Ed Herrmann;1973;0,644
349404;Ed Herrmann;1974;0,669
349404;Ed Herrmann;1975;0,719
349404;Ed Herrmann;1976;0,541
349408;John Herrnstein;1964;0,648
349410;Tom Herr;1980;0,646
349410;Tom Herr;1981;0,674
349410;Tom Herr;1982;0,662
349410;Tom Herr;1983;0,815
349410;Tom Herr;1984;0,681
349410;Tom Herr;1985;0,795
349410;Tom Herr;1986;0,673
349410;Tom Herr;1987;0,677
349410;Tom Herr;1988;0,674
349410;Tom Herr;1989;0,715
349410;Tom Herr;1990;0,672
349413;Mike Hershberger;1962;0,657
349413;Mike Hershberger;1963;0,699
349413;Mike Hershberger;1964;0,598
349413;Mike Hershberger;1965;0,601
349413;Mike Hershberger;1966;0,653
349413;Mike Hershberger;1967;0,631
349413;Mike Hershberger;1968;0,713
349419;Buck Herzog;1910;0,672
349419;Buck Herzog;1911;0,775
349419;Buck Herzog;1912;0,705
349419;Buck Herzog;1913;0,739
349419;Buck Herzog;1914;0,695
349419;Buck Herzog;1915;0,642
349419;Buck Herzog;1916;0,661
349419;Buck Herzog;1917;0,62
349419;Buck Herzog;1918;0,559
349419;Buck Herzog;1919;0,683
349419;Buck Herzog;1920;0,497
349420;Whitey Herzog;1956;0,639
349420;Whitey Herzog;1960;0,781
349420;Whitey Herzog;1961;0,795
349420;Whitey Herzog;1962;0,772
349437;Johnnie Heving;1930;0,639
349441;Joe Hewitt;1921;0,665
349444;Mike Heydon;1905;0,527
349445;Jason Heyward;2010;0,849
349445;Jason Heyward;2011;0,708
349445;Jason Heyward;2012;0,814
349445;Jason Heyward;2013;0,776
349445;Jason Heyward;2014;0,735
349445;Jason Heyward;2015;0,797
349445;Jason Heyward;2016;0,631
349445;Jason Heyward;2017;0,715
349445;Jason Heyward;2018;0,731
349445;Jason Heyward;2019;0,772
349445;Jason Heyward;2021;0,627
349445;Jason Heyward;2023;0,813
349446;Jack Hiatt;1968;0,699
349447;Phil Hiatt;1993;0,651
349458;Charlie Hickman;1900;0,841
349458;Charlie Hickman;1901;0,702
349458;Charlie Hickman;1902;0,958
349458;Charlie Hickman;1903;0,79
349458;Charlie Hickman;1904;0,766
349458;Charlie Hickman;1905;0,6955
349458;Charlie Hickman;1906;0,733
349461;Jim Hickman;1917;0,583
349462;Jim Hickman;1962;0,729
349462;Jim Hickman;1963;0,69
349462;Jim Hickman;1964;0,696
349462;Jim Hickman;1965;0,697
349462;Jim Hickman;1969;0,794
349462;Jim Hickman;1970;1,001
349462;Jim Hickman;1971;0,791
349462;Jim Hickman;1972;0,826
349462;Jim Hickman;1973;0,682
349463;Aaron Hicks;2013;0,597
349463;Aaron Hicks;2015;0,721
349463;Aaron Hicks;2016;0,617
349463;Aaron Hicks;2017;0,847
349463;Aaron Hicks;2018;0,833
349463;Aaron Hicks;2019;0,769
349463;Aaron Hicks;2022;0,642
349463;Aaron Hicks;2023;0,806
349465;Brandon Hicks;2014;0,599
349472;John Hicks;2018;0,715
349472;John Hicks;2019;0,62
349474;Liam Hicks;2025;0,693
349475;Nat Hicks;1872;0,689
349475;Nat Hicks;1874;0,6
349475;Nat Hicks;1875;0,541
349477;Richard Hidalgo;1998;0,829
349477;Richard Hidalgo;1999;0,748
349477;Richard Hidalgo;2000;1,028
349477;Richard Hidalgo;2001;0,811
349477;Richard Hidalgo;2002;0,734
349477;Richard Hidalgo;2003;0,957
349477;Richard Hidalgo;2004;0,759
349477;Richard Hidalgo;2005;0,705
349479;Kyle Higashioka;2022;0,653
349479;Kyle Higashioka;2023;0,687
349479;Kyle Higashioka;2024;0,739
349479;Kyle Higashioka;2025;0,693
349485;Bill Higgins;1890;0,606
349487;Bobby Higginson;1995;0,721
349487;Bobby Higginson;1996;0,982
349487;Bobby Higginson;1997;0,899
349487;Bobby Higginson;1998;0,835
349487;Bobby Higginson;1999;0,733
349487;Bobby Higginson;2000;0,915
349487;Bobby Higginson;2001;0,813
349487;Bobby Higginson;2002;0,762
349487;Bobby Higginson;2003;0,689
349487;Bobby Higginson;2004;0,742
349493;Pinky Higgins;1933;0,868
349493;Pinky Higgins;1934;0,901
349493;Pinky Higgins;1935;0,854
349493;Pinky Higgins;1936;0,786
349493;Pinky Higgins;1937;0,809
349493;Pinky Higgins;1938;0,794
349493;Pinky Higgins;1939;0,733
349493;Pinky Higgins;1940;0,771
349493;Pinky Higgins;1941;0,8
349493;Pinky Higgins;1942;0,771
349493;Pinky Higgins;1943;0,726
349493;Pinky Higgins;1944;0,801
349493;Pinky Higgins;1946;0,726
349494;P. J. Higgins;2022;0,693
349495;Dick Higham;1872;0,765
349495;Dick Higham;1873;0,69
349495;Dick Higham;1874;0,6
349495;Dick Higham;1875;0,524
349495;Dick Higham;1876;0,738
349495;Dick Higham;1878;0,749
349496;Andy High;1922;0,749
349496;Andy High;1923;0,731
349496;Andy High;1924;0,838
349496;Andy High;1925;0,762
349496;Andy High;1926;0,737
349496;Andy High;1927;0,769
349496;Andy High;1928;0,744
349496;Andy High;1929;0,751
349496;Andy High;1930;0,73
349499;Hugh High;1915;0,698
349499;Hugh High;1916;0,675
349499;Hugh High;1917;0,636
349515;Aaron Hill;2005;0,727
349515;Aaron Hill;2006;0,735
349515;Aaron Hill;2007;0,792
349515;Aaron Hill;2008;0,685
349515;Aaron Hill;2009;0,829
349515;Aaron Hill;2010;0,665
349515;Aaron Hill;2011;0,584
349515;Aaron Hill;2012;0,882
349515;Aaron Hill;2013;0,818
349515;Aaron Hill;2014;0,654
349515;Aaron Hill;2015;0,64
349515;Aaron Hill;2016;0,78
349519;Bobby Hill;2004;0,692
349525;Donnie Hill;1985;0,673
349525;Donnie Hill;1986;0,706
349525;Donnie Hill;1987;0,658
349525;Donnie Hill;1988;0,577
349525;Donnie Hill;1990;0,671
349525;Donnie Hill;1991;0,636
349526;Chuck Hiller;1961;0,649
349526;Chuck Hiller;1962;0,675
349526;Chuck Hiller;1963;0,561
349526;Chuck Hiller;1964;0,487
349526;Chuck Hiller;1965;0,61
349526;Chuck Hiller;1966;0,683
349533;Shea Hillenbrand;2001;0,682
349533;Shea Hillenbrand;2002;0,789
349533;Shea Hillenbrand;2003;0,784
349533;Shea Hillenbrand;2004;0,812
349533;Shea Hillenbrand;2005;0,792
349533;Shea Hillenbrand;2006;0,7555
349537;Glenallen Hill;1990;0,715
349537;Glenallen Hill;1992;0,723
349537;Glenallen Hill;1994;0,826
349537;Glenallen Hill;1995;0,8
349537;Glenallen Hill;1996;0,843
349537;Glenallen Hill;1997;0,731
349537;Glenallen Hill;1998;0,853
349537;Glenallen Hill;1999;0,934
349540;Hunter Hill;1903;0,56
349540;Hunter Hill;1904;0,4635
349540;Hunter Hill;1905;0,532
349543;Sam Hilliard;2021;0,757
349545;Jesse Hill;1935;0,752
349545;Jesse Hill;1936;0,813
349545;Jesse Hill;1937;0,754
349548;Johnson Hill;1921;0,715
349551;Koyie Hill;2009;0,636
349551;Koyie Hill;2010;0,552
349553;Marc Hill;1977;0,681
349553;Marc Hill;1978;0,645
349559;Pete Hill;1915;0,76
349569;Dave Hilton;1973;0,559
349569;Dave Hilton;1974;0,59
349573;A. J. Hinch;1998;0,638
349573;A. J. Hinch;1999;0,607
349574;Bill Hinchman;1907;0,616
349574;Bill Hinchman;1908;0,655
349574;Bill Hinchman;1909;0,703
349574;Bill Hinchman;1915;0,807
349574;Bill Hinchman;1916;0,805
349574;Bill Hinchman;1917;0,562
349581;John Hines;1925;0,616
349581;John Hines;1928;0,733
349582;Mike Hines;1883;0,538
349583;Paul Hines;1874;0,652
349583;Paul Hines;1875;0,729
349583;Paul Hines;1876;0,773
349583;Paul Hines;1877;0,658
349583;Paul Hines;1878;0,849
349583;Paul Hines;1879;0,851
349583;Paul Hines;1880;0,726
349583;Paul Hines;1881;0,715
349583;Paul Hines;1882;0,793
349583;Paul Hines;1883;0,742
349583;Paul Hines;1884;0,794
349583;Paul Hines;1885;0,648
349583;Paul Hines;1886;0,82
349583;Paul Hines;1887;0,838
349583;Paul Hines;1888;0,71
349583;Paul Hines;1889;0,775
349583;Paul Hines;1890;0,701
349583;Paul Hines;1891;0,74
349590;Eric Hinske;2002;0,845
349590;Eric Hinske;2003;0,765
349590;Eric Hinske;2004;0,688
349590;Eric Hinske;2005;0,763
349590;Eric Hinske;2008;0,798
349590;Eric Hinske;2010;0,793
349590;Eric Hinske;2011;0,713
349594;Chuck Hinton;1961;0,717
349594;Chuck Hinton;1962;0,834
349594;Chuck Hinton;1963;0,766
349594;Chuck Hinton;1964;0,76
349594;Chuck Hinton;1965;0,784
349594;Chuck Hinton;1966;0,725
349594;Chuck Hinton;1967;0,659
349594;Chuck Hinton;1968;0,592
349597;Tommy Hinzo;1987;0,654
349603;Larry Hisle;1969;0,797
349603;Larry Hisle;1970;0,652
349603;Larry Hisle;1973;0,773
349603;Larry Hisle;1974;0,818
349603;Larry Hisle;1975;0,87
349603;Larry Hisle;1976;0,73
349603;Larry Hisle;1977;0,902
349603;Larry Hisle;1978;0,906
349605;Billy Hitchcock;1942;0,527
349605;Billy Hitchcock;1946;0,519
349605;Billy Hitchcock;1947;0,532
349605;Billy Hitchcock;1950;0,708
349605;Billy Hitchcock;1951;0,772
349605;Billy Hitchcock;1952;0,61
349611;Keston Hiura;2019;0,938
349611;Keston Hiura;2020;0,707
349611;Keston Hiura;2022;0,765
349613;Myril Hoag;1934;0,674
349613;Myril Hoag;1937;0,787
349613;Myril Hoag;1938;0,696
349613;Myril Hoag;1939;0,751
349613;Myril Hoag;1941;0,62
349613;Myril Hoag;1942;0,61
349613;Myril Hoag;1944;0,697
349614;Don Hoak;1954;0,717
349614;Don Hoak;1955;0,712
349614;Don Hoak;1956;0,594
349614;Don Hoak;1957;0,863
349614;Don Hoak;1958;0,709
349614;Don Hoak;1959;0,773
349614;Don Hoak;1960;0,81
349614;Don Hoak;1961;0,839
349614;Don Hoak;1962;0,67
349614;Don Hoak;1963;0,605
349621;Dick Hoblitzell;1909;0,782
349621;Dick Hoblitzell;1910;0,712
349621;Dick Hoblitzell;1911;0,757
349621;Dick Hoblitzell;1912;0,757
349621;Dick Hoblitzell;1913;0,71
349621;Dick Hoblitzell;1914;0,68
349621;Dick Hoblitzell;1915;0,747
349621;Dick Hoblitzell;1916;0,643
349621;Dick Hoblitzell;1917;0,679
349623;Butch Hobson;1976;0,658
349623;Butch Hobson;1977;0,789
349623;Butch Hobson;1978;0,72
349623;Butch Hobson;1979;0,794
349623;Butch Hobson;1980;0,63
349623;Butch Hobson;1981;0,657
349630;Oris Hockett;1942;0,65
349630;Oris Hockett;1943;0,685
349630;Oris Hockett;1944;0,72
349630;Oris Hockett;1945;0,721
349631;Denny Hocking;1997;0,667
349631;Denny Hocking;1999;0,685
349631;Denny Hocking;2000;0,789
349631;Denny Hocking;2001;0,654
349631;Denny Hocking;2002;0,633
349632;Johnny Hodapp;1927;0,797
349632;Johnny Hodapp;1928;0,784
349632;Johnny Hodapp;1929;0,817
349632;Johnny Hodapp;1930;0,889
349632;Johnny Hodapp;1931;0,701
349632;Johnny Hodapp;1933;0,788
349633;Mel Hoderlein;1952;0,66
349639;Gil Hodges;1948;0,687
349639;Gil Hodges;1949;0,813
349639;Gil Hodges;1950;0,875
349639;Gil Hodges;1951;0,901
349639;Gil Hodges;1952;0,886
349639;Gil Hodges;1953;0,943
349639;Gil Hodges;1954;0,952
349639;Gil Hodges;1955;0,877
349639;Gil Hodges;1956;0,861
349639;Gil Hodges;1957;0,877
349639;Gil Hodges;1958;0,764
349639;Gil Hodges;1959;0,88
349639;Gil Hodges;1961;0,685
349643;Ron Hodges;1982;0,731
349643;Ron Hodges;1983;0,691
349646;Ralph Hodgin;1943;0,771
349646;Ralph Hodgin;1944;0,718
349646;Ralph Hodgin;1946;0,607
349646;Ralph Hodgin;1948;0,648
349653;Art Hoelskoetter;1906;0,5
349653;Art Hoelskoetter;1907;0,59
349655;Nico Hoerner;2022;0,736
349655;Nico Hoerner;2023;0,729
349655;Nico Hoerner;2024;0,708
349655;Nico Hoerner;2025;0,739
349659;Jack Hoey;1906;0,562
349666;Danny Hoffman;1903;0,613
349666;Danny Hoffman;1904;0,755
349666;Danny Hoffman;1905;0,646
349666;Danny Hoffman;1906;0,643
349666;Danny Hoffman;1907;0,639
349666;Danny Hoffman;1908;0,627
349666;Danny Hoffman;1909;0,685
349666;Danny Hoffman;1910;0,598
349667;Clarence Hoffman;1929;0,669
349669;Glenn Hoffman;1980;0,724
349669;Glenn Hoffman;1981;0,556
349669;Glenn Hoffman;1982;0,573
349669;Glenn Hoffman;1983;0,646
349669;Glenn Hoffman;1985;0,759
349684;Micah Hoffpauir;2009;0,727
349685;Bobby Hofman;1955;0,8
349686;Fred Hofmann;1923;0,753
349686;Fred Hofmann;1927;0,71
349687;Solly Hofman;1905;0,613
349687;Solly Hofman;1907;0,639
349687;Solly Hofman;1908;0,628
349687;Solly Hofman;1909;0,702
349687;Solly Hofman;1910;0,867
349687;Solly Hofman;1911;0,645
349687;Solly Hofman;1914;0,769
349687;Solly Hofman;1915;0,593
349690;Mortimer Hogan;1888;0,699
349695;Shanty Hogan;1927;0,734
349695;Shanty Hogan;1928;0,883
349695;Shanty Hogan;1929;0,75
349695;Shanty Hogan;1930;0,894
349695;Shanty Hogan;1931;0,794
349695;Shanty Hogan;1932;0,702
349695;Shanty Hogan;1933;0,59
349695;Shanty Hogan;1934;0,653
349696;Willie Hogan;1911;0,675
349696;Willie Hogan;1912;0,545
349701;George Hogreiver;1895;0,763
349701;George Hogreiver;1901;0,628
349707;Chris Hoiles;1991;0,688
349707;Chris Hoiles;1992;0,89
349707;Chris Hoiles;1993;1,001
349707;Chris Hoiles;1994;0,82
349707;Chris Hoiles;1995;0,833
349707;Chris Hoiles;1996;0,83
349707;Chris Hoiles;1997;0,794
349707;Chris Hoiles;1998;0,833
349710;Bill Holbert;1879;0,405
349710;Bill Holbert;1880;0,443
349710;Bill Holbert;1882;0,421
349710;Bill Holbert;1883;0,514
349710;Bill Holbert;1884;0,462
349710;Bill Holbert;1885;0,393
349710;Bill Holbert;1887;0,515
349724;Jim Holdsworth;1873;0,733
349724;Jim Holdsworth;1874;0,774
349724;Jim Holdsworth;1875;0,613
349724;Jim Holdsworth;1876;0,563
349724;Jim Holdsworth;1877;0,548
349726;Walter Holke;1917;0,665
349726;Walter Holke;1918;0,613
349726;Walter Holke;1919;0,667
349726;Walter Holke;1920;0,707
349726;Walter Holke;1921;0,621
349726;Walter Holke;1922;0,651
349726;Walter Holke;1923;0,749
349726;Walter Holke;1924;0,724
349726;Walter Holke;1925;0,691
349738;Todd Hollandsworth;1996;0,785
349738;Todd Hollandsworth;1997;0,654
349738;Todd Hollandsworth;1999;0,793
349738;Todd Hollandsworth;2000;0,686
349738;Todd Hollandsworth;2002;0,835
349738;Todd Hollandsworth;2003;0,739
349738;Todd Hollandsworth;2005;0,689
349744;Bug Holliday;1889;0,869
349744;Bug Holliday;1890;0,724
349744;Bug Holliday;1891;0,848
349744;Bug Holliday;1892;0,806
349744;Bug Holliday;1893;0,829
349744;Bug Holliday;1894;0,952
349747;Dave Hollins;1992;0,839
349747;Dave Hollins;1993;0,814
349747;Dave Hollins;1995;0,803
349747;Dave Hollins;1996;0,76
349747;Dave Hollins;1997;0,793
349747;Dave Hollins;1998;0,723
349748;Damon Hollins;2005;0,714
349748;Damon Hollins;2006;0,693
349751;Jackson Holliday;2025;0,69
349754;Matt Holliday;2004;0,837
349754;Matt Holliday;2005;0,866
349754;Matt Holliday;2006;0,973
349754;Matt Holliday;2007;1,012
349754;Matt Holliday;2008;0,947
349754;Matt Holliday;2009;0,927
349754;Matt Holliday;2010;0,922
349754;Matt Holliday;2011;0,912
349754;Matt Holliday;2012;0,877
349754;Matt Holliday;2013;0,879
349754;Matt Holliday;2014;0,811
349754;Matt Holliday;2015;0,804
349754;Matt Holliday;2016;0,782
349754;Matt Holliday;2017;0,748
349756;Stan Hollmig;1949;0,686
349758;Charlie Hollocher;1918;0,775
349758;Charlie Hollocher;1919;0,694
349758;Charlie Hollocher;1920;0,795
349758;Charlie Hollocher;1921;0,725
349758;Charlie Hollocher;1922;0,847
349758;Charlie Hollocher;1923;0,833
349758;Charlie Hollocher;1924;0,627
349759;Crush Holloway;1921;0,725
349759;Crush Holloway;1922;0,685
349759;Crush Holloway;1923;0,699
349759;Crush Holloway;1924;0,837
349759;Crush Holloway;1925;0,701
349759;Crush Holloway;1926;0,623
349759;Crush Holloway;1927;0,675
349759;Crush Holloway;1928;0,78
349759;Crush Holloway;1929;0,701
349759;Crush Holloway;1930;0,658
349759;Crush Holloway;1931;0,643
349764;Ed Holly;1907;0,562
349764;Ed Holly;1914;0,575
349779;Ducky Holmes;1897;0,652
349779;Ducky Holmes;1898;0,689
349779;Ducky Holmes;1899;0,804
349779;Ducky Holmes;1901;0,753
349779;Ducky Holmes;1902;0,656
349779;Ducky Holmes;1903;0,664
349779;Ducky Holmes;1904;0,793
349779;Ducky Holmes;1905;0,517
349786;Tommy Holmes;1942;0,71
349786;Tommy Holmes;1943;0,712
349786;Tommy Holmes;1944;0,828
349786;Tommy Holmes;1945;0,997
349786;Tommy Holmes;1946;0,801
349786;Tommy Holmes;1947;0,776
349786;Tommy Holmes;1948;0,814
349786;Tommy Holmes;1949;0,74
349786;Tommy Holmes;1950;0,821
349788;Wattie Holm;1924;0,672
349788;Wattie Holm;1927;0,737
349788;Wattie Holm;1928;0,728
349793;Brock Holt;2014;0,711
349793;Brock Holt;2015;0,727
349793;Brock Holt;2016;0,705
349793;Brock Holt;2018;0,774
349793;Brock Holt;2019;0,771
349793;Brock Holt;2021;0,579
349797;Jim Holt;1970;0,642
349797;Jim Holt;1971;0,61
349797;Jim Holt;1973;0,783
349803;Eddie Holtz;1921;0,437
349803;Eddie Holtz;1922;0,661
349822;Harry Hooper;1909;0,662
349822;Harry Hooper;1910;0,673
349822;Harry Hooper;1911;0,794
349822;Harry Hooper;1912;0,653
349822;Harry Hooper;1913;0,759
349822;Harry Hooper;1914;0,7
349822;Harry Hooper;1915;0,669
349822;Harry Hooper;1916;0,711
349822;Harry Hooper;1917;0,704
349822;Harry Hooper;1918;0,796
349822;Harry Hooper;1919;0,734
349822;Harry Hooper;1920;0,881
349822;Harry Hooper;1921;0,876
349822;Harry Hooper;1922;0,823
349822;Harry Hooper;1923;0,78
349822;Harry Hooper;1924;0,894
349822;Harry Hooper;1925;0,731
349827;William Hoover;1884;0,885
349828;Charlie Hoover;1889;0,635
349831;Joe Hoover;1943;0,607
349831;Joe Hoover;1944;0,591
349831;Joe Hoover;1945;0,684
349839;Gail Hopkins;1969;0,732
349839;Gail Hopkins;1970;0,729
349839;Gail Hopkins;1971;0,794
349841;Marty Hopkins;1934;0,624
349849;Norris Hopper;2007;0,758
349850;Johnny Hopp;1941;0,813
349850;Johnny Hopp;1942;0,716
349850;Johnny Hopp;1943;0,604
349850;Johnny Hopp;1944;0,903
349850;Johnny Hopp;1945;0,758
349850;Johnny Hopp;1946;0,827
349850;Johnny Hopp;1947;0,734
349850;Johnny Hopp;1948;0,73
349850;Johnny Hopp;1949;0,836
349850;Johnny Hopp;1950;0,942
349859;Bob Horner;1978;0,852
349859;Bob Horner;1979;0,898
349859;Bob Horner;1980;0,836
349859;Bob Horner;1981;0,805
349859;Bob Horner;1982;0,851
349859;Bob Horner;1983;0,911
349859;Bob Horner;1985;0,832
349859;Bob Horner;1986;0,808
349859;Bob Horner;1988;0,703
349863;Sam Horn;1990;0,804
349863;Sam Horn;1991;0,828
349864;Rogers Hornsby;1916;0,814
349864;Rogers Hornsby;1917;0,868
349864;Rogers Hornsby;1918;0,764
349864;Rogers Hornsby;1919;0,814
349864;Rogers Hornsby;1920;0,99
349864;Rogers Hornsby;1921;1,097
349864;Rogers Hornsby;1922;1,181
349864;Rogers Hornsby;1923;1,086
349864;Rogers Hornsby;1924;1,203
349864;Rogers Hornsby;1925;1,245
349864;Rogers Hornsby;1926;0,851
349864;Rogers Hornsby;1927;1,035
349864;Rogers Hornsby;1928;1,13
349864;Rogers Hornsby;1929;1,139
349864;Rogers Hornsby;1931;0,996
349865;Joe Hornung;1879;0,638
349865;Joe Hornung;1880;0,645
349865;Joe Hornung;1881;0,598
349865;Joe Hornung;1882;0,707
349865;Joe Hornung;1883;0,737
349865;Joe Hornung;1884;0,691
349865;Joe Hornung;1886;0,583
349865;Joe Hornung;1887;0,657
349865;Joe Hornung;1888;0,587
349865;Joe Hornung;1889;0,561
349865;Joe Hornung;1890;0,55
349874;Tony Horton;1967;0,743
349874;Tony Horton;1968;0,713
349874;Tony Horton;1969;0,78
349874;Tony Horton;1970;0,774
349875;Willie Horton;1965;0,831
349875;Willie Horton;1966;0,802
349875;Willie Horton;1967;0,819
349875;Willie Horton;1968;0,895
349875;Willie Horton;1969;0,796
349875;Willie Horton;1970;0,855
349875;Willie Horton;1971;0,845
349875;Willie Horton;1972;0,681
349875;Willie Horton;1973;0,863
349875;Willie Horton;1974;0,891
349875;Willie Horton;1975;0,74
349875;Willie Horton;1976;0,751
349875;Willie Horton;1977;0,769
349875;Willie Horton;1979;0,784
349875;Willie Horton;1980;0,635
349877;Spencer Horwitz;2024;0,79
349877;Spencer Horwitz;2025;0,787
349880;Bill Hoskins;1941;1,035
349882;Rhys Hoskins;2018;0,85
349882;Rhys Hoskins;2019;0,819
349882;Rhys Hoskins;2021;0,864
349882;Rhys Hoskins;2022;0,794
349882;Rhys Hoskins;2024;0,722
349882;Rhys Hoskins;2025;0,748
349884;Eric Hosmer;2011;0,799
349884;Eric Hosmer;2012;0,663
349884;Eric Hosmer;2013;0,801
349884;Eric Hosmer;2014;0,716
349884;Eric Hosmer;2015;0,822
349884;Eric Hosmer;2016;0,761
349884;Eric Hosmer;2017;0,882
349884;Eric Hosmer;2018;0,72
349884;Eric Hosmer;2019;0,735
349884;Eric Hosmer;2021;0,732
349884;Eric Hosmer;2022;0,727
349885;Chuck Hostetler;1944;0,697
349886;Dave Hostetler;1982;0,733
349886;Dave Hostetler;1983;0,695
349888;Pete Hotaling;1879;0,692
349888;Pete Hotaling;1880;0,604
349888;Pete Hotaling;1881;0,731
349888;Pete Hotaling;1882;0,617
349888;Pete Hotaling;1883;0,625
349888;Pete Hotaling;1884;0,625
349888;Pete Hotaling;1885;0,666
349888;Pete Hotaling;1887;0,797
349888;Pete Hotaling;1888;0,605
349892;Sadie Houck;1879;0,677
349892;Sadie Houck;1881;0,673
349892;Sadie Houck;1883;0,622
349892;Sadie Houck;1884;0,714
349892;Sadie Houck;1885;0,614
349892;Sadie Houck;1886;0,447
349898;Ben Houser;1912;0,76
349899;Brady House;2025;0,574
349900;Charlie Householder;1884;0,586
349901;Charlie Householder;1882;0,614
349901;Charlie Householder;1884;0,63
349907;Frank House;1954;0,673
349907;Frank House;1955;0,744
349907;Frank House;1956;0,655
349907;Frank House;1957;0,672
349907;Frank House;1958;0,666
349907;Frank House;1959;0,584
349909;John Houseman;1897;0,638
349913;Paul Householder;1982;0,592
349913;Paul Householder;1983;0,722
349913;Paul Householder;1985;0,738
349919;Tyler Houston;1998;0,686
349919;Tyler Houston;1999;0,695
349919;Tyler Houston;2000;0,785
349919;Tyler Houston;2001;0,815
349919;Tyler Houston;2002;0,806
349922;Steve Hovley;1969;0,703
349922;Steve Hovley;1973;0,669
349938;David Howard;1991;0,525
349938;David Howard;1992;0,554
349938;David Howard;1995;0,635
349938;David Howard;1996;0,595
349939;Del Howard;1905;0,715
349939;Del Howard;1906;0,637
349939;Del Howard;1908;0,668
349939;Del Howard;1909;0,533
349943;Elston Howard;1955;0,812
349943;Elston Howard;1956;0,674
349943;Elston Howard;1957;0,663
349943;Elston Howard;1958;0,827
349943;Elston Howard;1959;0,783
349943;Elston Howard;1960;0,651
349943;Elston Howard;1961;0,936
349943;Elston Howard;1962;0,791
349943;Elston Howard;1963;0,869
349943;Elston Howard;1964;0,825
349943;Elston Howard;1965;0,623
349943;Elston Howard;1966;0,673
349943;Elston Howard;1968;0,652
349944;Frank Howard;1960;0,784
349944;Frank Howard;1961;0,864
349944;Frank Howard;1962;0,906
349944;Frank Howard;1963;0,848
349944;Frank Howard;1964;0,735
349944;Frank Howard;1965;0,835
349944;Frank Howard;1966;0,79
349944;Frank Howard;1967;0,849
349944;Frank Howard;1968;0,89
349944;Frank Howard;1969;0,976
349944;Frank Howard;1970;0,962
349944;Frank Howard;1971;0,84
349944;Frank Howard;1972;0,711
349944;Frank Howard;1973;0,789
349946;Ivan Howard;1914;0,634
349946;Ivan Howard;1915;0,738
349946;Ivan Howard;1916;0,571
349956;Ryan Howard;2005;0,924
349956;Ryan Howard;2006;1,084
349956;Ryan Howard;2007;0,976
349956;Ryan Howard;2008;0,881
349956;Ryan Howard;2009;0,931
349956;Ryan Howard;2010;0,859
349956;Ryan Howard;2011;0,835
349956;Ryan Howard;2012;0,718
349956;Ryan Howard;2013;0,784
349956;Ryan Howard;2014;0,69
349956;Ryan Howard;2015;0,72
349956;Ryan Howard;2016;0,71
349961;Thomas Howard;1991;0,665
349961;Thomas Howard;1992;0,654
349961;Thomas Howard;1995;0,752
349961;Thomas Howard;1996;0,738
349961;Thomas Howard;1997;0,676
349962;Wilbur Howard;1975;0,689
349963;Art Howe;1977;0,748
349963;Art Howe;1978;0,779
349963;Art Howe;1979;0,668
349963;Art Howe;1980;0,795
349963;Art Howe;1981;0,77
349963;Art Howe;1982;0,641
349966;Dixie Howell;1947;0,74
349966;Dixie Howell;1950;0,625
349966;Dixie Howell;1951;0,621
349968;Harry Howell;1902;0,706
349971;Jack Howell;1987;0,792
349971;Jack Howell;1988;0,745
349971;Jack Howell;1989;0,719
349971;Jack Howell;1990;0,696
349977;Roy Howell;1975;0,701
349977;Roy Howell;1976;0,661
349977;Roy Howell;1977;0,837
349977;Roy Howell;1978;0,701
349977;Roy Howell;1979;0,715
349977;Roy Howell;1980;0,748
349977;Roy Howell;1981;0,679
349977;Roy Howell;1982;0,655
349978;Bill Howerton;1950;0,867
349978;Bill Howerton;1951;0,849
349985;Dick Howser;1961;0,739
349985;Dick Howser;1962;0,676
349985;Dick Howser;1964;0,654
349985;Dick Howser;1965;0,638
349986;Billy Hoy;1888;0,712
349986;Billy Hoy;1889;0,694
349986;Billy Hoy;1890;0,79
349986;Billy Hoy;1891;0,784
349986;Billy Hoy;1892;0,732
349986;Billy Hoy;1893;0,625
349986;Billy Hoy;1894;0,853
349986;Billy Hoy;1895;0,767
349986;Billy Hoy;1896;0,812
349986;Billy Hoy;1897;0,751
349986;Billy Hoy;1898;0,783
349986;Billy Hoy;1899;0,772
349986;Billy Hoy;1901;0,807
349986;Billy Hoy;1902;0,769
349994;Kent Hrbek;1982;0,848
349994;Kent Hrbek;1983;0,855
349994;Kent Hrbek;1984;0,906
349994;Kent Hrbek;1985;0,795
349994;Kent Hrbek;1986;0,831
349994;Kent Hrbek;1987;0,934
349994;Kent Hrbek;1988;0,907
349994;Kent Hrbek;1989;0,878
349994;Kent Hrbek;1990;0,85
349994;Kent Hrbek;1991;0,834
349994;Kent Hrbek;1992;0,765
349994;Kent Hrbek;1993;0,824
349994;Kent Hrbek;1994;0,773
349999;Glenn Hubbard;1979;0,586
349999;Glenn Hubbard;1980;0,695
349999;Glenn Hubbard;1981;0,651
349999;Glenn Hubbard;1982;0,674
349999;Glenn Hubbard;1983;0,737
349999;Glenn Hubbard;1984;0,712
349999;Glenn Hubbard;1985;0,635
349999;Glenn Hubbard;1986;0,644
349999;Glenn Hubbard;1987;0,76
349999;Glenn Hubbard;1988;0,674
350000;Jesse Hubbard;1927;0,77
350004;Trent Hubbard;1998;0,81
350007;Ken Hubbs;1962;0,646
350007;Ken Hubbs;1963;0,606
350008;Clarence Huber;1925;0,717
350008;Clarence Huber;1926;0,659
350016;Ken Huckaby;2002;0,577
350021;Rex Hudler;1988;0,715
350021;Rex Hudler;1990;0,77
350021;Rex Hudler;1991;0,569
350021;Rex Hudler;1995;0,727
350021;Rex Hudler;1996;0,893
350031;Johnny Hudson;1938;0,65
350031;Johnny Hudson;1939;0,656
350037;Orlando Hudson;2003;0,723
350037;Orlando Hudson;2004;0,779
350037;Orlando Hudson;2005;0,728
350037;Orlando Hudson;2006;0,809
350037;Orlando Hudson;2007;0,817
350037;Orlando Hudson;2008;0,817
350037;Orlando Hudson;2009;0,774
350037;Orlando Hudson;2010;0,71
350037;Orlando Hudson;2011;0,681
350042;Robert Hudspeth;1921;0,778
350042;Robert Hudspeth;1922;0,815
350042;Robert Hudspeth;1924;0,921
350043;Frank Huelsman;1904;0,67
350043;Frank Huelsman;1905;0,729
350045;Aubrey Huff;2001;0,66
350045;Aubrey Huff;2002;0,884
350045;Aubrey Huff;2003;0,922
350045;Aubrey Huff;2004;0,853
350045;Aubrey Huff;2005;0,749
350045;Aubrey Huff;2006;0,814
350045;Aubrey Huff;2007;0,778
350045;Aubrey Huff;2008;0,912
350045;Aubrey Huff;2009;0,725
350045;Aubrey Huff;2010;0,891
350045;Aubrey Huff;2011;0,676
350051;Mike Huff;1994;0,842
350055;Miller Huggins;1904;0,705
350055;Miller Huggins;1905;0,718
350055;Miller Huggins;1906;0,714
350055;Miller Huggins;1907;0,635
350055;Miller Huggins;1908;0,608
350055;Miller Huggins;1910;0,719
350055;Miller Huggins;1911;0,697
350055;Miller Huggins;1912;0,779
350055;Miller Huggins;1913;0,749
350055;Miller Huggins;1914;0,714
350055;Miller Huggins;1915;0,66
350060;Bobby Hughes;1998;0,688
350073;Luke Hughes;2011;0,627
350077;Roy Hughes;1935;0,713
350077;Roy Hughes;1936;0,734
350077;Roy Hughes;1937;0,708
350077;Roy Hughes;1939;0,561
350077;Roy Hughes;1944;0,688
350077;Roy Hughes;1945;0,617
350077;Roy Hughes;1946;0,57
350079;Sammy Hughes;1940;0,825
350079;Sammy Hughes;1942;0,757
350089;Emil Huhn;1915;0,561
350094;Billy Hulen;1896;0,728
350095;Tim Hulett;1985;0,699
350095;Tim Hulett;1986;0,639
350095;Tim Hulett;1987;0,592
350095;Tim Hulett;1991;0,604
350095;Tim Hulett;1993;0,742
350099;David Hulse;1993;0,701
350099;David Hulse;1994;0,622
350099;David Hulse;1995;0,63
350100;Rudy Hulswitt;1902;0,638
350100;Rudy Hulswitt;1903;0,617
350100;Rudy Hulswitt;1904;0,574
350100;Rudy Hulswitt;1908;0,572
350100;Rudy Hulswitt;1909;0,658
350107;John Hummel;1906;0,548
350107;John Hummel;1907;0,607
350107;John Hummel;1908;0,604
350107;John Hummel;1909;0,674
350107;John Hummel;1910;0,665
350107;John Hummel;1911;0,752
350107;John Hummel;1912;0,763
350107;John Hummel;1914;0,706
350117;Terry Humphrey;1972;0,485
350117;Terry Humphrey;1977;0,566
350119;Nick Hundley;2009;0,719
350119;Nick Hundley;2010;0,726
350119;Nick Hundley;2011;0,824
350119;Nick Hundley;2012;0,464
350119;Nick Hundley;2013;0,679
350119;Nick Hundley;2015;0,807
350119;Nick Hundley;2016;0,759
350119;Nick Hundley;2017;0,691
350119;Nick Hundley;2018;0,706
350120;Randy Hundley;1966;0,682
350120;Randy Hundley;1967;0,725
350120;Randy Hundley;1968;0,591
350120;Randy Hundley;1969;0,725
350120;Randy Hundley;1970;0,636
350120;Randy Hundley;1972;0,555
350120;Randy Hundley;1973;0,625
350121;Todd Hundley;1992;0,572
350121;Todd Hundley;1993;0,626
350121;Todd Hundley;1994;0,746
350121;Todd Hundley;1995;0,865
350121;Todd Hundley;1996;0,906
350121;Todd Hundley;1997;0,943
350121;Todd Hundley;1999;0,731
350121;Todd Hundley;2000;0,954
350121;Todd Hundley;2001;0,642
350121;Todd Hundley;2002;0,722
350123;Bill Hunnefield;1926;0,695
350123;Bill Hunnefield;1927;0,708
350123;Bill Hunnefield;1928;0,705
350129;Billy Hunter;1953;0,512
350129;Billy Hunter;1954;0,585
350129;Billy Hunter;1955;0,567
350129;Billy Hunter;1957;0,581
350130;Brian Hunter;1991;0,746
350130;Brian Hunter;1992;0,78
350130;Brian Hunter;1994;0,712
350131;Brian Hunter;1995;0,741
350131;Brian Hunter;1996;0,66
350131;Brian Hunter;1997;0,687
350131;Brian Hunter;1998;0,631
350131;Brian Hunter;1999;0,576
350131;Brian Hunter;2000;0,667
350131;Brian Hunter;2002;0,752
350141;Newt Hunter;1911;0,732
350143;Torii Hunter;1999;0,689
350143;Torii Hunter;2000;0,726
350143;Torii Hunter;2001;0,784
350143;Torii Hunter;2002;0,859
350143;Torii Hunter;2003;0,762
350143;Torii Hunter;2004;0,805
350143;Torii Hunter;2005;0,788
350143;Torii Hunter;2006;0,826
350143;Torii Hunter;2007;0,839
350143;Torii Hunter;2008;0,81
350143;Torii Hunter;2009;0,873
350143;Torii Hunter;2010;0,819
350143;Torii Hunter;2011;0,765
350143;Torii Hunter;2012;0,817
350143;Torii Hunter;2013;0,8
350143;Torii Hunter;2014;0,765
350143;Torii Hunter;2015;0,702
350149;Ken Hunt;1961;0,81
350152;Ron Hunt;1963;0,73
350152;Ron Hunt;1964;0,763
350152;Ron Hunt;1966;0,711
350152;Ron Hunt;1967;0,689
350152;Ron Hunt;1968;0,667
350152;Ron Hunt;1969;0,702
350152;Ron Hunt;1970;0,776
350152;Ron Hunt;1971;0,759
350152;Ron Hunt;1972;0,661
350152;Ron Hunt;1973;0,763
350152;Ron Hunt;1974;0,68
350153;Steve Huntz;1970;0,676
350156;Clint Hurdle;1978;0,746
350156;Clint Hurdle;1980;0,807
350165;Don Hurst;1928;0,899
350165;Don Hurst;1929;0,914
350165;Don Hurst;1930;0,923
350165;Don Hurst;1931;0,855
350165;Don Hurst;1932;0,959
350165;Don Hurst;1933;0,716
350175;Butch Huskey;1996;0,754
350175;Butch Huskey;1997;0,822
350175;Butch Huskey;1998;0,707
350175;Butch Huskey;1999;0,849
350175;Butch Huskey;2000;0,66
350176;Jeff Huson;1990;0,6
350176;Jeff Huson;1991;0,599
350176;Jeff Huson;1992;0,703
350176;Jeff Huson;1999;0,61
350182;Bill Hutchison;1890;0,512
350182;Bill Hutchison;1891;0,481
350182;Bill Hutchison;1892;0,55
350187;Fred Hutchinson;1914;0,73
350197;Tom Hutton;1972;0,698
350197;Tom Hutton;1973;0,715
350197;Tom Hutton;1974;0,686
350199;Ham Hyatt;1915;0,714
350207;Pat Hynes;1904;0,535
350209;Chris Iannetta;2008;0,895
350209;Chris Iannetta;2009;0,804
350209;Chris Iannetta;2011;0,785
350209;Chris Iannetta;2012;0,73
350209;Chris Iannetta;2013;0,731
350209;Chris Iannetta;2014;0,765
350209;Chris Iannetta;2015;0,628
350209;Chris Iannetta;2016;0,631
350209;Chris Iannetta;2017;0,865
350209;Chris Iannetta;2018;0,73
350210;Andy Ibanez;2021;0,756
350210;Andy Ibanez;2023;0,744
350210;Andy Ibanez;2024;0,652
350211;Raul Ibanez;1999;0,734
350211;Raul Ibanez;2001;0,847
350211;Raul Ibanez;2002;0,883
350211;Raul Ibanez;2003;0,799
350211;Raul Ibanez;2004;0,825
350211;Raul Ibanez;2005;0,792
350211;Raul Ibanez;2006;0,869
350211;Raul Ibanez;2007;0,831
350211;Raul Ibanez;2008;0,837
350211;Raul Ibanez;2009;0,899
350211;Raul Ibanez;2010;0,793
350211;Raul Ibanez;2011;0,707
350211;Raul Ibanez;2012;0,761
350211;Raul Ibanez;2013;0,793
350216;Jose Iglesias;2013;0,785
350216;Jose Iglesias;2015;0,717
350216;Jose Iglesias;2016;0,643
350216;Jose Iglesias;2017;0,657
350216;Jose Iglesias;2018;0,699
350216;Jose Iglesias;2019;0,724
350216;Jose Iglesias;2021;0,67
350216;Jose Iglesias;2022;0,708
350216;Jose Iglesias;2024;0,83
350216;Jose Iglesias;2025;0,592
350220;Tadahito Iguchi;2005;0,78
350220;Tadahito Iguchi;2006;0,774
350220;Tadahito Iguchi;2007;0,723
350220;Tadahito Iguchi;2008;0,595
350224;Pete Incaviglia;1986;0,783
350224;Pete Incaviglia;1987;0,829
350224;Pete Incaviglia;1988;0,788
350224;Pete Incaviglia;1989;0,745
350224;Pete Incaviglia;1990;0,721
350224;Pete Incaviglia;1991;0,643
350224;Pete Incaviglia;1992;0,749
350224;Pete Incaviglia;1993;0,848
350224;Pete Incaviglia;1994;0,716
350224;Pete Incaviglia;1996;0,771
350225;Ender Inciarte;2014;0,677
350225;Ender Inciarte;2015;0,747
350225;Ender Inciarte;2016;0,732
350225;Ender Inciarte;2017;0,759
350225;Ender Inciarte;2018;0,705
350226;Jonathan India;2021;0,835
350226;Jonathan India;2022;0,705
350226;Jonathan India;2023;0,746
350226;Jonathan India;2024;0,75
350226;Jonathan India;2025;0,669
350229;Omar Infante;2003;0,536
350229;Omar Infante;2004;0,766
350229;Omar Infante;2005;0,621
350229;Omar Infante;2006;0,74
350229;Omar Infante;2008;0,755
350229;Omar Infante;2009;0,75
350229;Omar Infante;2010;0,775
350229;Omar Infante;2011;0,696
350229;Omar Infante;2012;0,711
350229;Omar Infante;2013;0,795
350229;Omar Infante;2014;0,632
350229;Omar Infante;2015;0,552
350230;Brandon Inge;2002;0,599
350230;Brandon Inge;2003;0,605
350230;Brandon Inge;2004;0,793
350230;Brandon Inge;2005;0,749
350230;Brandon Inge;2006;0,776
350230;Brandon Inge;2007;0,688
350230;Brandon Inge;2008;0,672
350230;Brandon Inge;2009;0,72
350230;Brandon Inge;2010;0,718
350230;Brandon Inge;2011;0,548
350230;Brandon Inge;2012;0,675
350233;Scotty Ingerton;1911;0,644
350234;Joe Inglett;2006;0,715
350234;Joe Inglett;2008;0,762
350242;Dane Iorg;1980;0,787
350242;Dane Iorg;1981;0,768
350242;Dane Iorg;1982;0,714
350242;Dane Iorg;1984;0,692
350243;Garth Iorg;1980;0,615
350243;Garth Iorg;1981;0,562
350243;Garth Iorg;1982;0,671
350243;Garth Iorg;1983;0,674
350243;Garth Iorg;1984;0,548
350243;Garth Iorg;1985;0,827
350243;Garth Iorg;1986;0,655
350243;Garth Iorg;1987;0,546
350256;Monte Irvin;1941;1,093
350256;Monte Irvin;1946;0,991
350256;Monte Irvin;1947;0,897
350256;Monte Irvin;1950;0,889
350256;Monte Irvin;1951;0,929
350256;Monte Irvin;1953;0,947
350256;Monte Irvin;1954;0,801
350256;Monte Irvin;1956;0,807
350259;Arthur Irwin;1880;0,625
350259;Arthur Irwin;1881;0,616
350259;Arthur Irwin;1882;0,53
350259;Arthur Irwin;1883;0,681
350259;Arthur Irwin;1884;0,594
350259;Arthur Irwin;1885;0,426
350259;Arthur Irwin;1886;0,581
350259;Arthur Irwin;1887;0,694
350259;Arthur Irwin;1888;0,54
350259;Arthur Irwin;1889;0,623
350259;Arthur Irwin;1890;0,678
350261;Charlie Irwin;1894;0,813
350261;Charlie Irwin;1896;0,699
350261;Charlie Irwin;1897;0,724
350261;Charlie Irwin;1898;0,602
350261;Charlie Irwin;1899;0,601
350261;Charlie Irwin;1900;0,678
350261;Charlie Irwin;1901;0,5695
350261;Charlie Irwin;1902;0,662
350262;John Irwin;1884;0,579
350262;John Irwin;1889;0,742
350262;John Irwin;1890;0,631
350267;Frank Isbell;1901;0,64
350267;Frank Isbell;1902;0,595
350267;Frank Isbell;1903;0,597
350267;Frank Isbell;1904;0,526
350267;Frank Isbell;1905;0,775
350267;Frank Isbell;1906;0,676
350267;Frank Isbell;1907;0,592
350267;Frank Isbell;1908;0,619
350267;Frank Isbell;1909;0,556
350268;Kyle Isbel;2022;0,603
350268;Kyle Isbel;2023;0,662
350268;Kyle Isbel;2024;0,654
350268;Kyle Isbel;2025;0,654
350270;Travis Ishikawa;2009;0,715
350271;Clarence Isreal;1941;0,685
350274;Mike Ivie;1975;0,657
350274;Mike Ivie;1976;0,759
350274;Mike Ivie;1977;0,721
350274;Mike Ivie;1978;0,838
350274;Mike Ivie;1979;0,906
350274;Mike Ivie;1980;0,634
350274;Mike Ivie;1982;0,746
350277;Akinori Iwamura;2007;0,77
350277;Akinori Iwamura;2008;0,729
350277;Akinori Iwamura;2009;0,745
350280;Cesar Izturis;2002;0,556
350280;Cesar Izturis;2003;0,597
350280;Cesar Izturis;2004;0,71
350280;Cesar Izturis;2005;0,624
350280;Cesar Izturis;2008;0,628
350280;Cesar Izturis;2009;0,622
350280;Cesar Izturis;2010;0,545
350281;Maicer Izturis;2006;0,777
350281;Maicer Izturis;2007;0,753
350281;Maicer Izturis;2008;0,691
350281;Maicer Izturis;2009;0,794
350281;Maicer Izturis;2010;0,684
350281;Maicer Izturis;2011;0,722
350281;Maicer Izturis;2012;0,634
350281;Maicer Izturis;2013;0,597
350282;Ray Jablonski;1953;0,735
350282;Ray Jablonski;1954;0,764
350282;Ray Jablonski;1955;0,691
350282;Ray Jablonski;1956;0,756
350282;Ray Jablonski;1957;0,779
350282;Ray Jablonski;1958;0,748
350283;Fred Jacklitsch;1907;0,559
350283;Fred Jacklitsch;1914;0,756
350295;Austin Jackson;2010;0,745
350295;Austin Jackson;2011;0,69
350295;Austin Jackson;2012;0,856
350295;Austin Jackson;2013;0,754
350295;Austin Jackson;2014;0,6285
350295;Austin Jackson;2015;0,699
350295;Austin Jackson;2017;0,869
350298;Bo Jackson;1987;0,75
350298;Bo Jackson;1988;0,758
350298;Bo Jackson;1989;0,805
350298;Bo Jackson;1990;0,866
350298;Bo Jackson;1993;0,722
350298;Bo Jackson;1994;0,851
350305;Conor Jackson;2006;0,809
350305;Conor Jackson;2007;0,836
350305;Conor Jackson;2008;0,823
350305;Conor Jackson;2011;0,658
350308;Darrin Jackson;1991;0,791
350308;Darrin Jackson;1992;0,675
350308;Darrin Jackson;1994;0,817
350308;Darrin Jackson;1998;0,648
350309;Damian Jackson;1999;0,676
350309;Damian Jackson;2000;0,721
350309;Damian Jackson;2001;0,66
350309;Damian Jackson;2002;0,679
350309;Damian Jackson;2005;0,677
350310;Dick Jackson;1924;0,725
350310;Dick Jackson;1925;0,787
350310;Dick Jackson;1927;0,59
350310;Dick Jackson;1929;0,621
350316;George Jackson;1912;0,692
350325;Jim Jackson;1901;0,621
350325;Jim Jackson;1905;0,634
350325;Jim Jackson;1906;0,549
350326;Shoeless Joe Jackson;1911;1,058
350326;Shoeless Joe Jackson;1912;1,036
350326;Shoeless Joe Jackson;1913;1,011
350326;Shoeless Joe Jackson;1914;0,862
350326;Shoeless Joe Jackson;1915;0,858
350326;Shoeless Joe Jackson;1916;0,888
350326;Shoeless Joe Jackson;1917;0,805
350326;Shoeless Joe Jackson;1919;0,928
350326;Shoeless Joe Jackson;1920;1,033
350337;Randy Jackson;1951;0,758
350337;Randy Jackson;1952;0,636
350337;Randy Jackson;1953;0,817
350337;Randy Jackson;1954;0,784
350337;Randy Jackson;1955;0,785
350337;Randy Jackson;1956;0,78
350338;Reggie Jackson;1968;0,768
350338;Reggie Jackson;1969;1,018
350338;Reggie Jackson;1970;0,817
350338;Reggie Jackson;1971;0,86
350338;Reggie Jackson;1972;0,823
350338;Reggie Jackson;1973;0,914
350338;Reggie Jackson;1974;0,905
350338;Reggie Jackson;1975;0,84
350338;Reggie Jackson;1976;0,853
350338;Reggie Jackson;1977;0,925
350338;Reggie Jackson;1978;0,834
350338;Reggie Jackson;1979;0,926
350338;Reggie Jackson;1980;0,995
350338;Reggie Jackson;1981;0,758
350338;Reggie Jackson;1982;0,907
350338;Reggie Jackson;1983;0,63
350338;Reggie Jackson;1984;0,706
350338;Reggie Jackson;1985;0,847
350338;Reggie Jackson;1986;0,787
350338;Reggie Jackson;1987;0,699
350340;Ron Jackson;1976;0,633
350340;Ron Jackson;1977;0,691
350340;Ron Jackson;1978;0,758
350340;Ron Jackson;1979;0,766
350340;Ron Jackson;1980;0,708
350340;Ron Jackson;1983;0,642
350343;Ryan Jackson;1998;0,678
350346;Sanford Jackson;1925;0,704
350346;Sanford Jackson;1926;0,506
350346;Sanford Jackson;1927;0,6
350346;Sanford Jackson;1928;0,652
350346;Sanford Jackson;1930;0,642
350348;Sonny Jackson;1966;0,674
350348;Sonny Jackson;1967;0,568
350348;Sonny Jackson;1968;0,55
350348;Sonny Jackson;1969;0,606
350348;Sonny Jackson;1970;0,668
350348;Sonny Jackson;1971;0,626
350348;Sonny Jackson;1973;0,536
350351;Travis Jackson;1923;0,712
350351;Travis Jackson;1924;0,754
350351;Travis Jackson;1925;0,724
350351;Travis Jackson;1926;0,856
350351;Travis Jackson;1927;0,849
350351;Travis Jackson;1928;0,775
350351;Travis Jackson;1929;0,857
350351;Travis Jackson;1930;0,915
350351;Travis Jackson;1931;0,773
350351;Travis Jackson;1934;0,752
350351;Travis Jackson;1935;0,78
350351;Travis Jackson;1936;0,557
350357;Baby Doll Jacobson;1917;0,635
350357;Baby Doll Jacobson;1919;0,815
350357;Baby Doll Jacobson;1920;0,903
350357;Baby Doll Jacobson;1921;0,885
350357;Baby Doll Jacobson;1922;0,842
350357;Baby Doll Jacobson;1923;0,762
350357;Baby Doll Jacobson;1924;0,889
350357;Baby Doll Jacobson;1925;0,905
350357;Baby Doll Jacobson;1926;0,791
350359;Brook Jacoby;1984;0,683
350359;Brook Jacoby;1985;0,749
350359;Brook Jacoby;1986;0,791
350359;Brook Jacoby;1987;0,928
350359;Brook Jacoby;1988;0,635
350359;Brook Jacoby;1989;0,764
350359;Brook Jacoby;1990;0,792
350359;Brook Jacoby;1991;0,622
350359;Brook Jacoby;1992;0,651
350367;Merwin Jacobson;1926;0,622
350369;Mike Jacobs;2006;0,798
350369;Mike Jacobs;2007;0,775
350369;Mike Jacobs;2008;0,812
350369;Mike Jacobs;2009;0,698
350372;Spook Jacobs;1954;0,619
350382;John Jaha;1993;0,753
350382;John Jaha;1994;0,745
350382;John Jaha;1995;0,968
350382;John Jaha;1996;0,941
350382;John Jaha;1998;0,709
350382;John Jaha;1999;0,97
350383;Art Jahn;1925;0,752
350395;Charlie James;1961;0,644
350395;Charlie James;1962;0,693
350395;Charlie James;1963;0,697
350395;Charlie James;1964;0,596
350396;Chris James;1987;0,869
350396;Chris James;1988;0,671
350396;Chris James;1989;0,743
350396;Chris James;1990;0,784
350396;Chris James;1991;0,591
350396;Chris James;1992;0,66
350400;Dion James;1984;0,728
350400;Dion James;1987;0,869
350400;Dion James;1988;0,703
350400;Dion James;1989;0,768
350400;Dion James;1990;0,709
350400;Dion James;1993;0,856
350400;Dion James;1995;0,7
350413;Charlie Jamieson;1917;0,637
350413;Charlie Jamieson;1918;0,535
350413;Charlie Jamieson;1920;0,799
350413;Charlie Jamieson;1921;0,802
350413;Charlie Jamieson;1922;0,816
350413;Charlie Jamieson;1923;0,869
350413;Charlie Jamieson;1924;0,865
350413;Charlie Jamieson;1925;0,759
350413;Charlie Jamieson;1926;0,756
350413;Charlie Jamieson;1927;0,775
350413;Charlie Jamieson;1928;0,762
350413;Charlie Jamieson;1929;0,735
350413;Charlie Jamieson;1930;0,742
350417;Paul Janish;2009;0,601
350417;Paul Janish;2010;0,723
350417;Paul Janish;2011;0,521
350419;Travis Jankowski;2016;0,646
350419;Travis Jankowski;2018;0,678
350419;Travis Jankowski;2023;0,689
350422;Danny Jansen;2019;0,64
350422;Danny Jansen;2022;0,855
350422;Danny Jansen;2023;0,786
350422;Danny Jansen;2025;0,703
350428;Hal Janvrin;1913;0,537
350428;Hal Janvrin;1914;0,601
350428;Hal Janvrin;1915;0,62
350428;Hal Janvrin;1916;0,583
350428;Hal Janvrin;1919;0,474
350428;Hal Janvrin;1920;0,662
350430;Jason Jaramillo;2009;0,673
350438;John Jaso;2010;0,75
350438;John Jaso;2011;0,651
350438;John Jaso;2012;0,85
350438;John Jaso;2013;0,759
350438;John Jaso;2014;0,767
350438;John Jaso;2016;0,766
350438;John Jaso;2017;0,73
350447;Julian Javier;1960;0,614
350447;Julian Javier;1961;0,663
350447;Julian Javier;1962;0,672
350447;Julian Javier;1963;0,677
350447;Julian Javier;1964;0,644
350447;Julian Javier;1965;0,575
350447;Julian Javier;1966;0,593
350447;Julian Javier;1967;0,718
350447;Julian Javier;1968;0,638
350447;Julian Javier;1969;0,744
350447;Julian Javier;1970;0,59
350447;Julian Javier;1971;0,633
350448;Stan Javier;1988;0,633
350448;Stan Javier;1989;0,633
350448;Stan Javier;1990;0,783
350448;Stan Javier;1992;0,656
350448;Stan Javier;1993;0,767
350448;Stan Javier;1994;0,747
350448;Stan Javier;1995;0,74
350448;Stan Javier;1996;0,719
350448;Stan Javier;1997;0,764
350448;Stan Javier;1998;0,759
350448;Stan Javier;1999;0,69
350448;Stan Javier;2000;0,751
350448;Stan Javier;2001;0,766
350452;Jon Jay;2010;0,78
350452;Jon Jay;2011;0,768
350452;Jon Jay;2012;0,773
350452;Jon Jay;2013;0,721
350452;Jon Jay;2014;0,75
350452;Jon Jay;2015;0,563
350452;Jon Jay;2016;0,728
350452;Jon Jay;2017;0,749
350452;Jon Jay;2018;0,683
350457;Hal Jeffcoat;1948;0,67
350457;Hal Jeffcoat;1949;0,631
350457;Hal Jeffcoat;1951;0,718
350457;Hal Jeffcoat;1952;0,589
350463;Gregg Jefferies;1989;0,706
350463;Gregg Jefferies;1990;0,771
350463;Gregg Jefferies;1991;0,711
350463;Gregg Jefferies;1992;0,733
350463;Gregg Jefferies;1993;0,894
350463;Gregg Jefferies;1994;0,88
350463;Gregg Jefferies;1995;0,797
350463;Gregg Jefferies;1996;0,749
350463;Gregg Jefferies;1997;0,724
350463;Gregg Jefferies;1998;0,733
350463;Gregg Jefferies;1999;0,585
350467;Reggie Jefferson;1993;0,682
350467;Reggie Jefferson;1996;0,981
350467;Reggie Jefferson;1997;0,828
350467;Reggie Jefferson;1999;0,76
350468;Ryan Jeffers;2021;0,67
350468;Ryan Jeffers;2022;0,648
350468;Ryan Jeffers;2023;0,858
350468;Ryan Jeffers;2024;0,732
350468;Ryan Jeffers;2025;0,752
350469;Stan Jefferson;1987;0,635
350471;Harry Jeffries;1925;0,754
350471;Harry Jeffries;1926;0,741
350471;Harry Jeffries;1927;0,637
350472;Irv Jeffries;1931;0,566
350479;Steve Jeltz;1986;0,581
350479;Steve Jeltz;1987;0,628
350479;Steve Jeltz;1988;0,533
350479;Steve Jeltz;1989;0,694
350485;Fats Jenkins;1924;0,806
350485;Fats Jenkins;1925;0,794
350485;Fats Jenkins;1927;0,948
350485;Fats Jenkins;1929;0,926
350487;Geoff Jenkins;1998;0,673
350487;Geoff Jenkins;1999;0,935
350487;Geoff Jenkins;2000;0,948
350487;Geoff Jenkins;2001;0,808
350487;Geoff Jenkins;2002;0,764
350487;Geoff Jenkins;2003;0,913
350487;Geoff Jenkins;2004;0,798
350487;Geoff Jenkins;2005;0,888
350487;Geoff Jenkins;2006;0,791
350487;Geoff Jenkins;2007;0,79
350487;Geoff Jenkins;2008;0,694
350494;Tom Jenkins;1931;0,668
350502;Desmond Jennings;2011;0,805
350502;Desmond Jennings;2012;0,702
350502;Desmond Jennings;2013;0,748
350502;Desmond Jennings;2014;0,697
350502;Desmond Jennings;2016;0,631
350504;Hughie Jennings;1891;0,718
350504;Hughie Jennings;1892;0,546
350504;Hughie Jennings;1894;0,89
350504;Hughie Jennings;1895;0,957
350504;Hughie Jennings;1896;0,96
350504;Hughie Jennings;1897;0,932
350504;Hughie Jennings;1898;0,876
350504;Hughie Jennings;1900;0,694
350504;Hughie Jennings;1901;0,696
350504;Hughie Jennings;1902;0,685
350509;Jackie Jensen;1952;0,767
350509;Jackie Jensen;1953;0,765
350509;Jackie Jensen;1954;0,831
350509;Jackie Jensen;1955;0,848
350509;Jackie Jensen;1956;0,901
350509;Jackie Jensen;1957;0,836
350509;Jackie Jensen;1958;0,931
350509;Jackie Jensen;1959;0,863
350509;Jackie Jensen;1961;0,742
350514;Woody Jensen;1931;0,602
350514;Woody Jensen;1934;0,668
350514;Woody Jensen;1935;0,773
350514;Woody Jensen;1936;0,709
350514;Woody Jensen;1937;0,69
350520;Garry Jestadt;1972;0,625
350522;Derek Jeter;1996;0,8
350522;Derek Jeter;1997;0,775
350522;Derek Jeter;1998;0,864
350522;Derek Jeter;1999;0,989
350522;Derek Jeter;2000;0,896
350522;Derek Jeter;2001;0,858
350522;Derek Jeter;2002;0,794
350522;Derek Jeter;2003;0,844
350522;Derek Jeter;2004;0,823
350522;Derek Jeter;2005;0,839
350522;Derek Jeter;2006;0,9
350522;Derek Jeter;2007;0,84
350522;Derek Jeter;2008;0,771
350522;Derek Jeter;2009;0,871
350522;Derek Jeter;2010;0,71
350522;Derek Jeter;2011;0,743
350522;Derek Jeter;2012;0,791
350522;Derek Jeter;2014;0,617
350523;Johnny Jeter;1972;0,582
350523;Johnny Jeter;1973;0,643
350525;Sam Jethroe;1950;0,78
350525;Sam Jethroe;1951;0,816
350525;Sam Jethroe;1952;0,675
350531;Bienvenido Jiménez;1916;0,486
350533;D'Angelo Jimenez;2001;0,722
350533;D'Angelo Jimenez;2002;0,638
350533;D'Angelo Jimenez;2003;0,7635
350533;D'Angelo Jimenez;2004;0,758
350537;Eloy Jimenez;2019;0,828
350537;Eloy Jimenez;2020;0,891
350537;Eloy Jimenez;2021;0,74
350537;Eloy Jimenez;2022;0,858
350537;Eloy Jimenez;2023;0,758
350537;Eloy Jimenez;2024;0,642
350540;Houston Jimenez;1984;0,483
350549;Manny Jimenez;1962;0,782
350549;Manny Jimenez;1964;0,73
350556;Connor Joe;2022;0,697
350556;Connor Joe;2023;0,76
350556;Connor Joe;2024;0,688
350557;Kenji Johjima;2006;0,783
350557;Kenji Johjima;2007;0,755
350557;Kenji Johjima;2008;0,609
350557;Kenji Johjima;2009;0,702
350574;Alex Johnson;1965;0,78
350574;Alex Johnson;1968;0,737
350574;Alex Johnson;1969;0,813
350574;Alex Johnson;1970;0,83
350574;Alex Johnson;1971;0,626
350574;Alex Johnson;1972;0,623
350574;Alex Johnson;1973;0,698
350574;Alex Johnson;1974;0,7
350574;Alex Johnson;1976;0,653
350584;Bert Johnson;1932;0,682
350585;Lefty Johnson;1891;0,758
350587;Billy Johnson;1943;0,71
350587;Billy Johnson;1946;0,716
350587;Billy Johnson;1947;0,768
350587;Billy Johnson;1948;0,805
350587;Billy Johnson;1949;0,722
350587;Billy Johnson;1950;0,722
350587;Billy Johnson;1951;0,754
350587;Billy Johnson;1952;0,661
350591;Bob Johnson;1933;0,892
350591;Bob Johnson;1934;0,938
350591;Bob Johnson;1935;0,894
350591;Bob Johnson;1936;0,913
350591;Bob Johnson;1937;0,981
350591;Bob Johnson;1938;0,959
350591;Bob Johnson;1939;0,993
350591;Bob Johnson;1940;0,888
350591;Bob Johnson;1941;0,863
350591;Bob Johnson;1942;0,835
350591;Bob Johnson;1943;0,762
350591;Bob Johnson;1944;0,959
350591;Bob Johnson;1945;0,783
350592;Bob Johnson;1961;0,792
350592;Bob Johnson;1962;0,75
350592;Bob Johnson;1963;0,776
350592;Bob Johnson;1964;0,628
350592;Bob Johnson;1965;0,641
350592;Bob Johnson;1967;0,851
350596;Brian Johnson;1995;0,625
350596;Brian Johnson;1996;0,722
350596;Brian Johnson;1998;0,706
350607;Charles Johnson;1995;0,761
350607;Charles Johnson;1996;0,649
350607;Charles Johnson;1997;0,802
350607;Charles Johnson;1998;0,638
350607;Charles Johnson;1999;0,753
350607;Charles Johnson;2000;0,934
350607;Charles Johnson;2001;0,771
350607;Charles Johnson;2002;0,67
350607;Charles Johnson;2003;0,775
350607;Charles Johnson;2004;0,78
350608;Chris Johnson;2010;0,818
350608;Chris Johnson;2011;0,67
350608;Chris Johnson;2012;0,757
350608;Chris Johnson;2013;0,816
350608;Chris Johnson;2014;0,653
350608;Chris Johnson;2016;0,611
350610;Cliff Johnson;1975;0,876
350610;Cliff Johnson;1976;0,759
350610;Cliff Johnson;1979;0,881
350610;Cliff Johnson;1981;0,805
350610;Cliff Johnson;1982;0,707
350610;Cliff Johnson;1983;0,862
350610;Cliff Johnson;1984;0,897
350610;Cliff Johnson;1985;0,773
350610;Cliff Johnson;1986;0,781
350611;Claude Johnson;1927;0,753
350611;Claude Johnson;1928;0,843
350611;Claude Johnson;1929;0,787
350614;Davey Johnson;1966;0,649
350614;Davey Johnson;1967;0,702
350614;Davey Johnson;1968;0,667
350614;Davey Johnson;1969;0,743
350614;Davey Johnson;1970;0,753
350614;Davey Johnson;1971;0,794
350614;Davey Johnson;1972;0,655
350614;Davey Johnson;1973;0,916
350614;Davey Johnson;1974;0,748
350618;Dan Johnson;2005;0,806
350618;Dan Johnson;2006;0,704
350618;Dan Johnson;2007;0,768
350620;Deron Johnson;1961;0,612
350620;Deron Johnson;1964;0,798
350620;Deron Johnson;1965;0,854
350620;Deron Johnson;1966;0,771
350620;Deron Johnson;1967;0,658
350620;Deron Johnson;1968;0,6
350620;Deron Johnson;1969;0,752
350620;Deron Johnson;1970;0,794
350620;Deron Johnson;1971;0,836
350620;Deron Johnson;1972;0,654
350620;Deron Johnson;1973;0,737
350620;Deron Johnson;1975;0,671
350621;Dick Johnston;1886;0,579
350621;Dick Johnston;1887;0,674
350621;Dick Johnston;1888;0,786
350621;Dick Johnston;1889;0,586
350621;Dick Johnston;1890;0,615
350621;Dick Johnston;1891;0,609
350624;Doc Johnston;1913;0,657
350624;Doc Johnston;1914;0,605
350624;Doc Johnston;1915;0,7
350624;Doc Johnston;1916;0,549
350624;Doc Johnston;1918;0,587
350624;Doc Johnston;1919;0,743
350624;Doc Johnston;1920;0,718
350624;Doc Johnston;1921;0,754
350624;Doc Johnston;1922;0,673
350625;Don Johnson;1944;0,663
350625;Don Johnson;1945;0,704
350625;Don Johnson;1946;0,596
350625;Don Johnson;1947;0,635
350632;Elliot Johnson;2012;0,654
350633;Ernie Johnson;1915;0,661
350633;Ernie Johnson;1916;0,616
350633;Ernie Johnson;1921;0,697
350633;Ernie Johnson;1922;0,596
350644;George Johnson;1923;0,933
350644;George Johnson;1924;0,719
350648;Heavy Johnson;1922;1,172
350648;Heavy Johnson;1923;1,193
350648;Heavy Johnson;1924;0,97
350648;Heavy Johnson;1925;0,921
350649;Howard Johnson;1984;0,718
350649;Howard Johnson;1985;0,693
350649;Howard Johnson;1986;0,787
350649;Howard Johnson;1987;0,868
350649;Howard Johnson;1988;0,765
350649;Howard Johnson;1989;0,928
350649;Howard Johnson;1990;0,753
350649;Howard Johnson;1991;0,877
350649;Howard Johnson;1992;0,666
350649;Howard Johnson;1993;0,732
350649;Howard Johnson;1994;0,729
350650;Jay Johnstone;1966;0,675
350650;Jay Johnstone;1967;0,499
350650;Jay Johnstone;1969;0,702
350650;Jay Johnstone;1970;0,693
350650;Jay Johnstone;1971;0,755
350650;Jay Johnstone;1972;0,527
350650;Jay Johnstone;1974;0,846
350650;Jay Johnstone;1975;0,852
350650;Jay Johnstone;1976;0,83
350650;Jay Johnstone;1977;0,828
350650;Jay Johnstone;1979;0,702
350650;Jay Johnstone;1980;0,778
350650;Jay Johnstone;1982;0,759
350656;Jimmy Johnston;1916;0,64
350656;Jimmy Johnston;1917;0,645
350656;Jimmy Johnston;1918;0,675
350656;Jimmy Johnston;1919;0,67
350656;Jimmy Johnston;1920;0,699
350656;Jimmy Johnston;1921;0,832
350656;Jimmy Johnston;1922;0,764
350656;Jimmy Johnston;1923;0,803
350656;Jimmy Johnston;1924;0,721
350656;Jimmy Johnston;1925;0,724
350664;Johnny Johnston;1913;0,605
350676;Judy Johnson;1923;0,674
350676;Judy Johnson;1924;0,902
350676;Judy Johnson;1925;1,007
350676;Judy Johnson;1926;0,81
350676;Judy Johnson;1927;0,659
350676;Judy Johnson;1928;0,648
350676;Judy Johnson;1929;0,94
350676;Judy Johnson;1930;0,77
350676;Judy Johnson;1933;0,644
350676;Judy Johnson;1934;0,662
350681;Kelly Johnson;2005;0,731
350681;Kelly Johnson;2007;0,831
350681;Kelly Johnson;2008;0,795
350681;Kelly Johnson;2009;0,692
350681;Kelly Johnson;2010;0,865
350681;Kelly Johnson;2011;0,699
350681;Kelly Johnson;2012;0,678
350681;Kelly Johnson;2013;0,715
350681;Kelly Johnson;2014;0,677
350684;Lamar Johnson;1976;0,805
350684;Lamar Johnson;1977;0,847
350684;Lamar Johnson;1978;0,705
350684;Lamar Johnson;1979;0,812
350684;Lamar Johnson;1980;0,74
350684;Lamar Johnson;1982;0,684
350685;Lance Johnson;1990;0,681
350685;Lance Johnson;1991;0,646
350685;Lance Johnson;1992;0,681
350685;Lance Johnson;1993;0,75
350685;Lance Johnson;1994;0,714
350685;Lance Johnson;1995;0,766
350685;Lance Johnson;1996;0,841
350685;Lance Johnson;1997;0,788
350685;Lance Johnson;1998;0,687
350685;Lance Johnson;1999;0,67
350690;Lou Johnson;1965;0,706
350690;Lou Johnson;1966;0,731
350690;Lou Johnson;1967;0,748
350690;Lou Johnson;1968;0,6695
350692;Mark Johnson;1995;0,746
350692;Mark Johnson;1996;0,819
350692;Mark Johnson;1997;0,66
350693;Mark Johnson;1999;0,682
350693;Mark Johnson;2000;0,635
350693;Mark Johnson;2002;0,59
350702;Nick Johnson;2002;0,749
350702;Nick Johnson;2003;0,894
350702;Nick Johnson;2004;0,758
350702;Nick Johnson;2005;0,887
350702;Nick Johnson;2006;0,948
350702;Nick Johnson;2009;0,81
350704;Otis Johnson;1911;0,741
350711;Randy Johnson;1982;0,744
350712;Randy Johnson;1984;0,703
350717;Reed Johnson;2003;0,78
350717;Reed Johnson;2004;0,699
350717;Reed Johnson;2005;0,744
350717;Reed Johnson;2006;0,869
350717;Reed Johnson;2007;0,625
350717;Reed Johnson;2008;0,778
350717;Reed Johnson;2010;0,657
350717;Reed Johnson;2011;0,816
350719;Roy Johnson;1929;0,854
350719;Roy Johnson;1930;0,742
350719;Roy Johnson;1931;0,793
350719;Roy Johnson;1932;0,862
350719;Roy Johnson;1933;0,853
350719;Roy Johnson;1934;0,846
350719;Roy Johnson;1935;0,822
350719;Roy Johnson;1937;0,735
350724;Rob Johnson;2009;0,615
350725;Russ Johnson;2001;0,816
350733;Spud Johnson;1889;0,725
350733;Spud Johnson;1890;0,87
350733;Spud Johnson;1891;0,628
350737;Tim Johnson;1973;0,502
350737;Tim Johnson;1974;0,609
350737;Tim Johnson;1976;0,638
350755;Wade Johnston;1923;0,845
350755;Wade Johnston;1924;0,745
350755;Wade Johnston;1925;0,773
350755;Wade Johnston;1926;0,787
350755;Wade Johnston;1927;0,852
350755;Wade Johnston;1928;0,765
350755;Wade Johnston;1929;1,061
350755;Wade Johnston;1930;0,874
350761;Smead Jolley;1930;0,838
350761;Smead Jolley;1932;0,825
350761;Smead Jolley;1933;0,77
350778;Adam Jones;2008;0,711
350778;Adam Jones;2009;0,792
350778;Adam Jones;2010;0,767
350778;Adam Jones;2011;0,785
350778;Adam Jones;2012;0,839
350778;Adam Jones;2013;0,811
350778;Adam Jones;2014;0,78
350778;Adam Jones;2015;0,782
350778;Adam Jones;2016;0,746
350778;Adam Jones;2017;0,787
350778;Adam Jones;2018;0,732
350778;Adam Jones;2019;0,728
350782;Andruw Jones;1997;0,745
350782;Andruw Jones;1998;0,836
350782;Andruw Jones;1999;0,848
350782;Andruw Jones;2000;0,907
350782;Andruw Jones;2001;0,772
350782;Andruw Jones;2002;0,878
350782;Andruw Jones;2003;0,851
350782;Andruw Jones;2004;0,833
350782;Andruw Jones;2005;0,922
350782;Andruw Jones;2006;0,894
350782;Andruw Jones;2007;0,724
350782;Andruw Jones;2008;0,505
350782;Andruw Jones;2009;0,782
350782;Andruw Jones;2010;0,827
350782;Andruw Jones;2012;0,701
350790;Bob Jones;1918;0,672
350790;Bob Jones;1919;0,649
350790;Bob Jones;1920;0,615
350790;Bob Jones;1921;0,731
350790;Bob Jones;1922;0,64
350790;Bob Jones;1923;0,626
350790;Bob Jones;1924;0,669
350800;Charley Jones;1876;0,724
350800;Charley Jones;1878;0,761
350800;Charley Jones;1879;0,877
350800;Charley Jones;1880;0,755
350800;Charley Jones;1883;0,799
350800;Charley Jones;1884;0,846
350800;Charley Jones;1885;0,824
350800;Charley Jones;1886;0,746
350800;Charley Jones;1887;0,666
350802;Charlie Jones;1905;0,521
350802;Charlie Jones;1906;0,609
350802;Charlie Jones;1907;0,647
350802;Charlie Jones;1908;0,568
350804;Chris Jones;1993;0,754
350805;Chipper Jones;1995;0,803
350805;Chipper Jones;1996;0,923
350805;Chipper Jones;1997;0,85
350805;Chipper Jones;1998;0,951
350805;Chipper Jones;1999;1,074
350805;Chipper Jones;2000;0,97
350805;Chipper Jones;2001;1,032
350805;Chipper Jones;2002;0,972
350805;Chipper Jones;2003;0,92
350805;Chipper Jones;2004;0,847
350805;Chipper Jones;2005;0,968
350805;Chipper Jones;2006;1,005
350805;Chipper Jones;2007;1,029
350805;Chipper Jones;2008;1,044
350805;Chipper Jones;2009;0,818
350805;Chipper Jones;2010;0,806
350805;Chipper Jones;2011;0,814
350805;Chipper Jones;2012;0,832
350806;Cleon Jones;1966;0,689
350806;Cleon Jones;1967;0,613
350806;Cleon Jones;1968;0,793
350806;Cleon Jones;1969;0,904
350806;Cleon Jones;1970;0,769
350806;Cleon Jones;1971;0,856
350806;Cleon Jones;1972;0,636
350806;Cleon Jones;1973;0,71
350806;Cleon Jones;1974;0,763
350811;Davy Jones;1902;0,777
350811;Davy Jones;1903;0,688
350811;Davy Jones;1904;0,663
350811;Davy Jones;1906;0,657
350811;Davy Jones;1907;0,674
350811;Davy Jones;1909;0,678
350811;Davy Jones;1910;0,675
350811;Davy Jones;1911;0,656
350811;Davy Jones;1912;0,693
350811;Davy Jones;1914;0,716
350813;Dalton Jones;1964;0,616
350813;Dalton Jones;1965;0,698
350813;Dalton Jones;1966;0,668
350813;Dalton Jones;1968;0,584
350813;Dalton Jones;1969;0,622
350826;Fielder Jones;1896;0,87
350826;Fielder Jones;1897;0,775
350826;Fielder Jones;1898;0,726
350826;Fielder Jones;1899;0,724
350826;Fielder Jones;1900;0,777
350826;Fielder Jones;1901;0,777
350826;Fielder Jones;1902;0,761
350826;Fielder Jones;1903;0,688
350826;Fielder Jones;1904;0,619
350826;Fielder Jones;1905;0,662
350826;Fielder Jones;1906;0,648
350826;Fielder Jones;1907;0,642
350826;Fielder Jones;1908;0,672
350830;Garrett Jones;2009;0,938
350830;Garrett Jones;2010;0,72
350830;Garrett Jones;2011;0,753
350830;Garrett Jones;2012;0,832
350830;Garrett Jones;2013;0,708
350830;Garrett Jones;2014;0,72
350840;Ri Jones;1884;0,601
350842;Jake Jones;1947;0,714
350843;Jacque Jones;1999;0,789
350843;Jacque Jones;2000;0,781
350843;Jacque Jones;2001;0,751
350843;Jacque Jones;2002;0,852
350843;Jacque Jones;2003;0,797
350843;Jacque Jones;2004;0,742
350843;Jacque Jones;2005;0,757
350843;Jacque Jones;2006;0,833
350843;Jacque Jones;2007;0,735
350845;James Jones;2014;0,589
350846;JaCoby Jones;2018;0,63
350846;JaCoby Jones;2019;0,74
350852;Jim Jones;1902;0,564
350857;Johnny Jones;1923;0,707
350857;Johnny Jones;1924;0,736
350857;Johnny Jones;1925;0,734
350857;Johnny Jones;1929;0,876
350859;Lynn Jones;1979;0,739
350860;Mack Jones;1962;0,775
350860;Mack Jones;1963;0,659
350860;Mack Jones;1965;0,822
350860;Mack Jones;1966;0,803
350860;Mack Jones;1967;0,789
350860;Mack Jones;1968;0,768
350860;Mack Jones;1969;0,867
350860;Mack Jones;1970;0,856
350867;Nippy Jones;1948;0,704
350867;Nippy Jones;1949;0,756
350867;Nippy Jones;1951;0,62
350868;Nolan Jones;2023;0,931
350868;Nolan Jones;2024;0,641
350868;Nolan Jones;2025;0,6
350880;Ruppert Jones;1977;0,778
350880;Ruppert Jones;1978;0,649
350880;Ruppert Jones;1979;0,799
350880;Ruppert Jones;1980;0,656
350880;Ruppert Jones;1981;0,688
350880;Ruppert Jones;1982;0,798
350880;Ruppert Jones;1983;0,699
350880;Ruppert Jones;1984;0,862
350880;Ruppert Jones;1985;0,775
350880;Ruppert Jones;1986;0,767
350881;Ruben Jones;1925;0,713
350881;Ruben Jones;1926;0,824
350881;Ruben Jones;1927;0,773
350893;Terry Jones;1998;0,571
350896;Tom Jones;1904;0,579
350896;Tom Jones;1905;0,572
350896;Tom Jones;1906;0,606
350896;Tom Jones;1907;0,59
350896;Tom Jones;1908;0,574
350896;Tom Jones;1909;0,593
350896;Tom Jones;1910;0,633
350898;Tracy Jones;1987;0,771
350900;Willie Jones;1949;0,749
350900;Willie Jones;1950;0,793
350900;Willie Jones;1951;0,828
350900;Willie Jones;1952;0,706
350900;Willie Jones;1953;0,727
350900;Willie Jones;1954;0,744
350900;Willie Jones;1955;0,753
350900;Willie Jones;1956;0,812
350900;Willie Jones;1957;0,641
350900;Willie Jones;1958;0,771
350900;Willie Jones;1959;0,729
350902;Willie Jones;1927;0,683
350906;Eddie Joost;1940;0,567
350906;Eddie Joost;1941;0,678
350906;Eddie Joost;1942;0,627
350906;Eddie Joost;1943;0,55
350906;Eddie Joost;1947;0,678
350906;Eddie Joost;1948;0,788
350906;Eddie Joost;1949;0,883
350906;Eddie Joost;1950;0,757
350906;Eddie Joost;1951;0,87
350906;Eddie Joost;1952;0,803
350908;Brian Jordan;1993;0,894
350908;Brian Jordan;1995;0,827
350908;Brian Jordan;1996;0,833
350908;Brian Jordan;1998;0,902
350908;Brian Jordan;1999;0,811
350908;Brian Jordan;2000;0,742
350908;Brian Jordan;2001;0,83
350908;Brian Jordan;2002;0,807
350908;Brian Jordan;2003;0,791
350908;Brian Jordan;2004;0,638
350908;Brian Jordan;2005;0,632
350909;Buck Jordan;1932;0,767
350909;Buck Jordan;1933;0,713
350909;Buck Jordan;1934;0,771
350909;Buck Jordan;1935;0,69
350909;Buck Jordan;1936;0,781
350909;Buck Jordan;1937;0,689
350909;Buck Jordan;1938;0,701
350912;Dutch Jordan;1903;0,574
350912;Dutch Jordan;1904;0,459
350915;Jimmy Jordan;1933;0,592
350915;Jimmy Jordan;1934;0,607
350915;Jimmy Jordan;1935;0,603
350915;Jimmy Jordan;1936;0,553
350916;Kevin Jordan;1998;0,655
350916;Kevin Jordan;1999;0,726
350916;Kevin Jordan;2000;0,58
350923;Ricky Jordan;1988;0,815
350923;Ricky Jordan;1989;0,724
350923;Ricky Jordan;1990;0,629
350923;Ricky Jordan;1991;0,756
350923;Ricky Jordan;1992;0,73
350923;Ricky Jordan;1994;0,775
350928;Tim Jordan;1906;0,774
350928;Tim Jordan;1907;0,734
350928;Tim Jordan;1908;0,698
350928;Tim Jordan;1909;0,765
350932;Mike Jorgensen;1972;0,716
350932;Mike Jorgensen;1973;0,68
350932;Mike Jorgensen;1974;0,931
350932;Mike Jorgensen;1975;0,801
350932;Mike Jorgensen;1976;0,693
350932;Mike Jorgensen;1977;0,723
350932;Mike Jorgensen;1980;0,704
350936;Spider Jorgensen;1947;0,77
350938;Felix Jose;1990;0,675
350938;Felix Jose;1991;0,798
350938;Felix Jose;1992;0,779
350938;Felix Jose;1993;0,652
350938;Felix Jose;1994;0,838
350939;Caleb Joseph;2014;0,618
350939;Caleb Joseph;2015;0,693
350939;Caleb Joseph;2017;0,7
350939;Caleb Joseph;2018;0,575
350942;Duane Josephson;1968;0,636
350942;Duane Josephson;1970;0,777
350942;Duane Josephson;1971;0,689
350944;Newt Joseph;1922;0,707
350944;Newt Joseph;1923;0,797
350944;Newt Joseph;1924;0,971
350944;Newt Joseph;1926;0,848
350944;Newt Joseph;1927;0,824
350944;Newt Joseph;1928;0,674
350944;Newt Joseph;1929;0,777
350944;Newt Joseph;1930;0,757
350945;Rick Joseph;1969;0,726
350946;Tommy Joseph;2016;0,813
350946;Tommy Joseph;2017;0,721
350949;Von Joshua;1975;0,806
350949;Von Joshua;1976;0,652
350949;Von Joshua;1977;0,671
350955;Bill Joyce;1890;0,782
350955;Bill Joyce;1891;0,966
350955;Bill Joyce;1892;0,79
350955;Bill Joyce;1894;1,143
350955;Bill Joyce;1895;0,966
350955;Bill Joyce;1896;0,959
350955;Bill Joyce;1897;0,875
350955;Bill Joyce;1898;0,778
350958;Matt Joyce;2008;0,831
350958;Matt Joyce;2010;0,837
350958;Matt Joyce;2011;0,825
350958;Matt Joyce;2012;0,769
350958;Matt Joyce;2013;0,747
350958;Matt Joyce;2014;0,732
350958;Matt Joyce;2015;0,564
350958;Matt Joyce;2016;0,866
350958;Matt Joyce;2017;0,808
350958;Matt Joyce;2018;0,675
350958;Matt Joyce;2019;0,858
350961;Wally Joyner;1986;0,805
350961;Wally Joyner;1987;0,894
350961;Wally Joyner;1988;0,775
350961;Wally Joyner;1989;0,755
350961;Wally Joyner;1990;0,744
350961;Wally Joyner;1991;0,848
350961;Wally Joyner;1992;0,723
350961;Wally Joyner;1993;0,842
350961;Wally Joyner;1994;0,835
350961;Wally Joyner;1995;0,842
350961;Wally Joyner;1996;0,781
350961;Wally Joyner;1997;0,876
350961;Wally Joyner;1998;0,824
350961;Wally Joyner;1999;0,713
350961;Wally Joyner;2000;0,767
350966;Frank Jude;1906;0,524
350968;Aaron Judge;2017;1,049
350968;Aaron Judge;2018;0,919
350968;Aaron Judge;2019;0,921
350968;Aaron Judge;2021;0,916
350968;Aaron Judge;2022;1,111
350968;Aaron Judge;2023;1,019
350968;Aaron Judge;2024;1,159
350968;Aaron Judge;2025;1,144
350969;Joe Judge;1916;0,631
350969;Joe Judge;1917;0,783
350969;Joe Judge;1918;0,672
350969;Joe Judge;1919;0,795
350969;Joe Judge;1920;0,878
350969;Joe Judge;1921;0,784
350969;Joe Judge;1922;0,806
350969;Joe Judge;1923;0,823
350969;Joe Judge;1924;0,843
350969;Joe Judge;1925;0,892
350969;Joe Judge;1926;0,808
350969;Joe Judge;1927;0,783
350969;Joe Judge;1928;0,813
350969;Joe Judge;1929;0,839
350969;Joe Judge;1930;0,919
350969;Joe Judge;1932;0,708
350970;Wally Judnich;1940;0,888
350970;Wally Judnich;1941;0,833
350970;Wally Judnich;1942;0,912
350970;Wally Judnich;1946;0,751
350970;Wally Judnich;1947;0,764
350970;Wally Judnich;1948;0,782
350975;Edouard Julien;2023;0,839
350975;Edouard Julien;2024;0,616
350977;Corey Julks;2023;0,65
350983;Josh Jung;2023;0,781
350983;Josh Jung;2025;0,684
350992;Billy Jurges;1931;0,551
350992;Billy Jurges;1932;0,637
350992;Billy Jurges;1933;0,672
350992;Billy Jurges;1934;0,655
350992;Billy Jurges;1935;0,618
350992;Billy Jurges;1936;0,671
350992;Billy Jurges;1937;0,754
350992;Billy Jurges;1938;0,638
350992;Billy Jurges;1939;0,747
350992;Billy Jurges;1940;0,669
350992;Billy Jurges;1941;0,747
350992;Billy Jurges;1942;0,612
350992;Billy Jurges;1943;0,589
350992;Billy Jurges;1944;0,519
350992;Billy Jurges;1946;0,631
350996;David Justice;1990;0,908
350996;David Justice;1991;0,88
350996;David Justice;1992;0,805
350996;David Justice;1993;0,871
350996;David Justice;1994;0,958
350996;David Justice;1995;0,844
350996;David Justice;1997;1,013
350996;David Justice;1998;0,839
350996;David Justice;1999;0,889
350996;David Justice;2000;0,96
350996;David Justice;2001;0,763
350996;David Justice;2002;0,785
351000;Skip Jutze;1973;0,518
351014;Mike Kahoe;1901;0,553
351014;Mike Kahoe;1903;0,485
351014;Mike Kahoe;1904;0,492
351026;Al Kaline;1954;0,652
351026;Al Kaline;1955;0,967
351026;Al Kaline;1956;0,913
351026;Al Kaline;1957;0,821
351026;Al Kaline;1958;0,864
351026;Al Kaline;1959;0,94
351026;Al Kaline;1960;0,781
351026;Al Kaline;1961;0,909
351026;Al Kaline;1962;0,969
351026;Al Kaline;1963;0,889
351026;Al Kaline;1964;0,851
351026;Al Kaline;1965;0,859
351026;Al Kaline;1966;0,927
351026;Al Kaline;1967;0,952
351026;Al Kaline;1968;0,82
351026;Al Kaline;1969;0,793
351026;Al Kaline;1970;0,826
351026;Al Kaline;1971;0,878
351026;Al Kaline;1972;0,849
351026;Al Kaline;1973;0,713
351026;Al Kaline;1974;0,726
351033;Willie Kamm;1923;0,796
351033;Willie Kamm;1924;0,7
351033;Willie Kamm;1925;0,784
351033;Willie Kamm;1926;0,781
351033;Willie Kamm;1927;0,732
351033;Willie Kamm;1928;0,802
351033;Willie Kamm;1929;0,734
351033;Willie Kamm;1930;0,764
351033;Willie Kamm;1931;0,782
351033;Willie Kamm;1932;0,781
351033;Willie Kamm;1933;0,695
351033;Willie Kamm;1934;0,716
351035;Alex Kampouris;1935;0,655
351035;Alex Kampouris;1936;0,622
351035;Alex Kampouris;1937;0,766
351035;Alex Kampouris;1938;0,661
351035;Alex Kampouris;1939;0,752
351038;Rod Kanehl;1962;0,618
351038;Rod Kanehl;1964;0,535
351041;John Kane;1907;0,673
351041;John Kane;1908;0,587
351044;Jung Ho Kang;2015;0,816
351044;Jung Ho Kang;2016;0,867
351046;Gabe Kapler;1999;0,762
351046;Gabe Kapler;2000;0,833
351046;Gabe Kapler;2001;0,785
351046;Gabe Kapler;2004;0,7
351046;Gabe Kapler;2008;0,838
351046;Gabe Kapler;2009;0,768
351048;Joe Kappel;1890;0,613
351055;Ron Karkovice;1992;0,694
351055;Ron Karkovice;1993;0,712
351055;Ron Karkovice;1994;0,75
351055;Ron Karkovice;1995;0,693
351055;Ron Karkovice;1996;0,636
351066;Eric Karros;1992;0,73
351066;Eric Karros;1993;0,696
351066;Eric Karros;1994;0,736
351066;Eric Karros;1995;0,905
351066;Eric Karros;1996;0,795
351066;Eric Karros;1997;0,787
351066;Eric Karros;1998;0,83
351066;Eric Karros;1999;0,912
351066;Eric Karros;2000;0,78
351066;Eric Karros;2001;0,691
351066;Eric Karros;2002;0,722
351066;Eric Karros;2003;0,786
351072;Eddie Kasko;1957;0,653
351072;Eddie Kasko;1958;0,558
351072;Eddie Kasko;1959;0,659
351072;Eddie Kasko;1960;0,737
351072;Eddie Kasko;1961;0,655
351072;Eddie Kasko;1962;0,683
351072;Eddie Kasko;1964;0,585
351072;Eddie Kasko;1965;0,598
351073;Matt Kata;2003;0,736
351076;Ray Katt;1954;0,749
351076;Ray Katt;1955;0,581
351078;Benny Kauff;1914;0,981
351078;Benny Kauff;1915;0,955
351078;Benny Kauff;1916;0,756
351078;Benny Kauff;1917;0,767
351078;Benny Kauff;1918;0,792
351078;Benny Kauff;1919;0,756
351088;Marty Kavanagh;1914;0,669
351088;Marty Kavanagh;1915;0,829
351090;Munenori Kawasaki;2013;0,634
351090;Munenori Kawasaki;2014;0,623
351095;Eddie Kazak;1949;0,786
351095;Eddie Kazak;1950;0,676
351096;Ted Kazanski;1953;0,583
351096;Ted Kazanski;1956;0,528
351096;Ted Kazanski;1958;0,606
351104;Austin Kearns;2002;0,907
351104;Austin Kearns;2003;0,819
351104;Austin Kearns;2004;0,74
351104;Austin Kearns;2005;0,785
351104;Austin Kearns;2006;0,8265
351104;Austin Kearns;2007;0,765
351104;Austin Kearns;2008;0,627
351104;Austin Kearns;2010;0,772
351105;Bob Kearney;1983;0,684
351105;Bob Kearney;1984;0,591
351105;Bob Kearney;1985;0,631
351105;Bob Kearney;1986;0,659
351121;Tim Keefe;1883;0,573
351121;Tim Keefe;1884;0,654
351121;Tim Keefe;1886;0,478
351125;Willie Keeler;1894;0,944
351125;Willie Keeler;1895;0,922
351125;Willie Keeler;1896;0,928
351125;Willie Keeler;1897;1,003
351125;Willie Keeler;1898;0,83
351125;Willie Keeler;1899;0,876
351125;Willie Keeler;1900;0,851
351125;Willie Keeler;1901;0,789
351125;Willie Keeler;1902;0,751
351125;Willie Keeler;1903;0,735
351125;Willie Keeler;1904;0,799
351125;Willie Keeler;1905;0,719
351125;Willie Keeler;1906;0,691
351125;Willie Keeler;1907;0,521
351125;Willie Keeler;1908;0,625
351125;Willie Keeler;1909;0,647
351128;Jim Keenan;1884;0,761
351128;Jim Keenan;1888;0,617
351128;Jim Keenan;1889;0,849
351128;Jim Keenan;1890;0,439
351128;Jim Keenan;1891;0,62
351145;Bill Keister;1899;0,817
351145;Bill Keister;1900;0,745
351145;Bill Keister;1901;0,847
351145;Bill Keister;1902;0,791
351145;Bill Keister;1903;0,797
351146;Colt Keith;2024;0,689
351146;Colt Keith;2025;0,746
351150;Jarred Kelenic;2021;0,615
351150;Jarred Kelenic;2023;0,746
351150;Jarred Kelenic;2024;0,679
351154;Charlie Keller;1939;0,947
351154;Charlie Keller;1940;0,919
351154;Charlie Keller;1941;0,996
351154;Charlie Keller;1942;0,93
351154;Charlie Keller;1943;0,922
351154;Charlie Keller;1946;0,938
351154;Charlie Keller;1948;0,789
351162;Joe Kelley;1892;0,639
351162;Joe Kelley;1893;0,877
351162;Joe Kelley;1894;1,104
351162;Joe Kelley;1895;1,003
351162;Joe Kelley;1896;1,013
351162;Joe Kelley;1897;0,936
351162;Joe Kelley;1898;0,835
351162;Joe Kelley;1899;0,86
351162;Joe Kelley;1900;0,882
351162;Joe Kelley;1901;0,787
351162;Joe Kelley;1902;0,869
351162;Joe Kelley;1903;0,82
351162;Joe Kelley;1904;0,744
351162;Joe Kelley;1905;0,692
351162;Joe Kelley;1906;0,623
351162;Joe Kelley;1908;0,68
351163;John Kelleher;1921;0,778
351166;Mike Kelley;1899;0,634
351167;Mick Kelleher;1976;0,534
351174;George Kell;1944;0,609
351174;George Kell;1945;0,662
351174;George Kell;1946;0,811
351174;George Kell;1947;0,798
351174;George Kell;1948;0,772
351174;George Kell;1949;0,892
351174;George Kell;1950;0,886
351174;George Kell;1951;0,786
351174;George Kell;1952;0,843
351174;George Kell;1953;0,866
351174;George Kell;1954;0,714
351174;George Kell;1955;0,818
351174;George Kell;1956;0,704
351174;George Kell;1957;0,765
351182;Skeeter Kell;1952;0,561
351190;Carson Kelly;2019;0,826
351190;Carson Kelly;2021;0,754
351190;Carson Kelly;2022;0,617
351190;Carson Kelly;2025;0,761
351192;Don Kelly;2010;0,646
351192;Don Kelly;2011;0,672
351192;Don Kelly;2013;0,652
351194;George Kelly;1920;0,717
351194;George Kelly;1921;0,884
351194;George Kelly;1922;0,86
351194;George Kelly;1923;0,814
351194;George Kelly;1924;0,902
351194;George Kelly;1925;0,821
351194;George Kelly;1926;0,797
351194;George Kelly;1927;0,754
351194;George Kelly;1928;0,78
351194;George Kelly;1929;0,76
351194;George Kelly;1932;0,673
351197;Jim Kelly;1915;0,745
351198;John Kelly;1883;0,531
351200;Joe Kelly;1914;0,584
351200;Joe Kelly;1917;0,567
351205;King Kelly;1878;0,624
351205;King Kelly;1879;0,855
351205;King Kelly;1880;0,716
351205;King Kelly;1881;0,786
351205;King Kelly;1882;0,755
351205;King Kelly;1883;0,669
351205;King Kelly;1884;0,938
351205;King Kelly;1885;0,791
351205;King Kelly;1886;1,018
351205;King Kelly;1887;0,88
351205;King Kelly;1888;0,848
351205;King Kelly;1889;0,824
351205;King Kelly;1890;0,864
351205;King Kelly;1891;0,818
351205;King Kelly;1892;0,522
351209;Mike Kelly;1998;0,696
351211;Pat Kelly;1969;0,737
351211;Pat Kelly;1970;0,661
351211;Pat Kelly;1971;0,784
351211;Pat Kelly;1972;0,723
351211;Pat Kelly;1973;0,703
351211;Pat Kelly;1974;0,715
351211;Pat Kelly;1975;0,759
351211;Pat Kelly;1976;0,735
351211;Pat Kelly;1977;0,728
351211;Pat Kelly;1978;0,802
351211;Pat Kelly;1980;0,728
351213;Pat Kelly;1991;0,626
351213;Pat Kelly;1992;0,675
351213;Pat Kelly;1993;0,707
351213;Pat Kelly;1994;0,729
351213;Pat Kelly;1995;0,64
351216;Roberto Kelly;1989;0,786
351216;Roberto Kelly;1990;0,741
351216;Roberto Kelly;1991;0,777
351216;Roberto Kelly;1992;0,706
351216;Roberto Kelly;1993;0,829
351216;Roberto Kelly;1994;0,784
351216;Roberto Kelly;1995;0,685
351216;Roberto Kelly;1996;0,832
351216;Roberto Kelly;1997;0,777
351216;Roberto Kelly;1998;0,91
351216;Roberto Kelly;1999;0,804
351221;Van Kelly;1969;0,615
351228;Ken Keltner;1938;0,815
351228;Ken Keltner;1939;0,868
351228;Ken Keltner;1940;0,74
351228;Ken Keltner;1941;0,815
351228;Ken Keltner;1942;0,695
351228;Ken Keltner;1943;0,692
351228;Ken Keltner;1944;0,821
351228;Ken Keltner;1946;0,681
351228;Ken Keltner;1947;0,714
351228;Ken Keltner;1948;0,917
351228;Ken Keltner;1949;0,717
351230;John Kelty;1890;0,641
351233;Rudy Kemmler;1883;0,478
351233;Rudy Kemmler;1884;0,494
351238;John Kemp;1924;0,651
351239;Matt Kemp;2007;0,894
351239;Matt Kemp;2008;0,799
351239;Matt Kemp;2009;0,842
351239;Matt Kemp;2010;0,76
351239;Matt Kemp;2011;0,986
351239;Matt Kemp;2012;0,906
351239;Matt Kemp;2013;0,723
351239;Matt Kemp;2014;0,852
351239;Matt Kemp;2015;0,755
351239;Matt Kemp;2016;0,8145
351239;Matt Kemp;2017;0,781
351239;Matt Kemp;2018;0,818
351241;Steve Kemp;1977;0,765
351241;Steve Kemp;1978;0,778
351241;Steve Kemp;1979;0,941
351241;Steve Kemp;1980;0,851
351241;Steve Kemp;1981;0,809
351241;Steve Kemp;1982;0,808
351241;Steve Kemp;1983;0,718
351241;Steve Kemp;1984;0,771
351241;Steve Kemp;1985;0,664
351242;Tony Kemp;2018;0,743
351242;Tony Kemp;2021;0,8
351242;Tony Kemp;2022;0,641
351242;Tony Kemp;2023;0,607
351243;Fred Kendall;1972;0,569
351243;Fred Kendall;1973;0,717
351243;Fred Kendall;1974;0,641
351243;Fred Kendall;1975;0,513
351243;Fred Kendall;1976;0,598
351243;Fred Kendall;1977;0,608
351244;Jason Kendall;1996;0,773
351244;Jason Kendall;1997;0,825
351244;Jason Kendall;1998;0,884
351244;Jason Kendall;1999;0,939
351244;Jason Kendall;2000;0,882
351244;Jason Kendall;2001;0,693
351244;Jason Kendall;2002;0,706
351244;Jason Kendall;2003;0,815
351244;Jason Kendall;2004;0,789
351244;Jason Kendall;2005;0,666
351244;Jason Kendall;2006;0,709
351244;Jason Kendall;2007;0,542
351244;Jason Kendall;2008;0,651
351244;Jason Kendall;2009;0,636
351244;Jason Kendall;2010;0,615
351246;Howie Kendrick;2006;0,73
351246;Howie Kendrick;2007;0,796
351246;Howie Kendrick;2008;0,754
351246;Howie Kendrick;2009;0,778
351246;Howie Kendrick;2010;0,721
351246;Howie Kendrick;2011;0,802
351246;Howie Kendrick;2012;0,725
351246;Howie Kendrick;2013;0,775
351246;Howie Kendrick;2014;0,744
351246;Howie Kendrick;2015;0,746
351246;Howie Kendrick;2016;0,691
351246;Howie Kendrick;2019;0,966
351251;Adam Kennedy;2000;0,703
351251;Adam Kennedy;2001;0,69
351251;Adam Kennedy;2002;0,795
351251;Adam Kennedy;2003;0,743
351251;Adam Kennedy;2004;0,757
351251;Adam Kennedy;2005;0,724
351251;Adam Kennedy;2006;0,718
351251;Adam Kennedy;2007;0,572
351251;Adam Kennedy;2008;0,692
351251;Adam Kennedy;2009;0,758
351251;Adam Kennedy;2010;0,655
351251;Adam Kennedy;2011;0,632
351255;Bob Kennedy;1940;0,616
351255;Bob Kennedy;1941;0,532
351255;Bob Kennedy;1942;0,568
351255;Bob Kennedy;1946;0,651
351255;Bob Kennedy;1947;0,654
351255;Bob Kennedy;1949;0,752
351255;Bob Kennedy;1950;0,764
351255;Bob Kennedy;1951;0,703
351255;Bob Kennedy;1954;0,665
351255;Bob Kennedy;1955;0,848
351259;Doc Kennedy;1880;0,464
351260;Ed Kennedy;1883;0,547
351260;Ed Kennedy;1884;0,45
351260;Ed Kennedy;1885;0,505
351263;Jerry Kenney;1969;0,639
351263;Jerry Kenney;1970;0,566
351263;Jerry Kenney;1971;0,679
351268;John Kennedy;1964;0,604
351268;John Kennedy;1966;0,522
351268;John Kennedy;1971;0,731
351268;John Kennedy;1972;0,646
351270;Junior Kennedy;1979;0,673
351270;Junior Kennedy;1980;0,661
351270;Junior Kennedy;1982;0,543
351276;Terry Kennedy;1980;0,7
351276;Terry Kennedy;1981;0,726
351276;Terry Kennedy;1982;0,814
351276;Terry Kennedy;1983;0,776
351276;Terry Kennedy;1984;0,637
351276;Terry Kennedy;1985;0,673
351276;Terry Kennedy;1986;0,727
351276;Terry Kennedy;1987;0,684
351276;Terry Kennedy;1988;0,567
351276;Terry Kennedy;1989;0,63
351276;Terry Kennedy;1990;0,712
351280;Jeff Kent;1993;0,765
351280;Jeff Kent;1994;0,816
351280;Jeff Kent;1995;0,791
351280;Jeff Kent;1996;0,766
351280;Jeff Kent;1997;0,789
351280;Jeff Kent;1998;0,914
351280;Jeff Kent;1999;0,877
351280;Jeff Kent;2000;1,021
351280;Jeff Kent;2001;0,877
351280;Jeff Kent;2002;0,933
351280;Jeff Kent;2003;0,86
351280;Jeff Kent;2004;0,88
351280;Jeff Kent;2005;0,889
351280;Jeff Kent;2006;0,861
351280;Jeff Kent;2007;0,875
351280;Jeff Kent;2008;0,745
351285;Duke Kenworthy;1914;0,896
351285;Duke Kenworthy;1915;0,787
351287;Harry Kenyon;1921;0,736
351287;Harry Kenyon;1924;0,734
351287;Harry Kenyon;1925;0,716
351288;Joe Keough;1971;0,641
351289;Marty Keough;1959;0,739
351289;Marty Keough;1961;0,717
351289;Marty Keough;1962;0,768
351289;Marty Keough;1964;0,709
351291;Max Kepler;2016;0,734
351291;Max Kepler;2017;0,737
351291;Max Kepler;2018;0,727
351291;Max Kepler;2019;0,855
351291;Max Kepler;2021;0,719
351291;Max Kepler;2022;0,666
351291;Max Kepler;2023;0,816
351291;Max Kepler;2024;0,682
351291;Max Kepler;2025;0,691
351293;Jeff Keppinger;2007;0,877
351293;Jeff Keppinger;2008;0,657
351293;Jeff Keppinger;2009;0,707
351293;Jeff Keppinger;2010;0,744
351293;Jeff Keppinger;2011;0,618
351293;Jeff Keppinger;2012;0,806
351293;Jeff Keppinger;2013;0,6
351297;John Kerins;1884;0,537
351297;John Kerins;1885;0,634
351297;John Kerins;1886;0,729
351297;John Kerins;1887;0,792
351297;John Kerins;1888;0,61
351307;Buddy Kerr;1944;0,703
351307;Buddy Kerr;1945;0,623
351307;Buddy Kerr;1946;0,662
351307;Buddy Kerr;1947;0,717
351307;Buddy Kerr;1948;0,605
351307;Buddy Kerr;1949;0,511
351307;Buddy Kerr;1950;0,606
351311;John Kerr;1929;0,642
351311;John Kerr;1930;0,76
351311;John Kerr;1931;0,653
351318;Don Kessinger;1965;0,485
351318;Don Kessinger;1966;0,608
351318;Don Kessinger;1967;0,548
351318;Don Kessinger;1968;0,57
351318;Don Kessinger;1969;0,698
351318;Don Kessinger;1970;0,685
351318;Don Kessinger;1971;0,634
351318;Don Kessinger;1972;0,685
351318;Don Kessinger;1973;0,637
351318;Don Kessinger;1974;0,652
351318;Don Kessinger;1975;0,636
351318;Don Kessinger;1976;0,633
351318;Don Kessinger;1978;0,621
351322;Henry Kessler;1876;0,557
351333;Sam Khalifa;1985;0,626
351338;Carter Kieboom;2021;0,619
351345;Bobby Kielty;2002;0,89
351345;Bobby Kielty;2003;0,79
351345;Bobby Kielty;2004;0,691
351345;Bobby Kielty;2005;0,746
351345;Bobby Kielty;2006;0,77
351348;Bill Kienzle;1884;0,654
351349;Kevin Kiermaier;2014;0,765
351349;Kevin Kiermaier;2015;0,718
351349;Kevin Kiermaier;2016;0,741
351349;Kevin Kiermaier;2017;0,788
351349;Kevin Kiermaier;2018;0,653
351349;Kevin Kiermaier;2019;0,676
351349;Kevin Kiermaier;2021;0,716
351349;Kevin Kiermaier;2022;0,649
351349;Kevin Kiermaier;2023;0,741
351349;Kevin Kiermaier;2024;0,546
351355;Pete Kilduff;1917;0,695
351355;Pete Kilduff;1920;0,711
351355;Pete Kilduff;1921;0,75
351362;Bill Killefer;1912;0,521
351362;Bill Killefer;1913;0,555
351362;Bill Killefer;1914;0,536
351362;Bill Killefer;1915;0,565
351362;Bill Killefer;1916;0,539
351362;Bill Killefer;1917;0,609
351362;Bill Killefer;1918;0,557
351362;Bill Killefer;1919;0,652
351365;Harmon Killebrew;1959;0,87
351365;Harmon Killebrew;1960;0,909
351365;Harmon Killebrew;1961;1,012
351365;Harmon Killebrew;1962;0,912
351365;Harmon Killebrew;1963;0,904
351365;Harmon Killebrew;1964;0,924
351365;Harmon Killebrew;1965;0,885
351365;Harmon Killebrew;1966;0,929
351365;Harmon Killebrew;1967;0,965
351365;Harmon Killebrew;1968;0,782
351365;Harmon Killebrew;1969;1,011
351365;Harmon Killebrew;1970;0,957
351365;Harmon Killebrew;1971;0,85
351365;Harmon Killebrew;1972;0,817
351365;Harmon Killebrew;1973;0,698
351365;Harmon Killebrew;1974;0,672
351365;Harmon Killebrew;1975;0,692
351367;Red Killefer;1910;0,602
351367;Red Killefer;1915;0,702
351367;Red Killefer;1916;0,63
351371;Matt Kilroy;1886;0,45
351371;Matt Kilroy;1887;0,654
351371;Matt Kilroy;1889;0,713
351381;Henry Kimbro;1940;0,742
351381;Henry Kimbro;1942;0,702
351381;Henry Kimbro;1945;0,747
351381;Henry Kimbro;1946;1,006
351381;Henry Kimbro;1947;1,067
351381;Henry Kimbro;1948;0,83
351386;Ha-Seong Kim;2021;0,622
351386;Ha-Seong Kim;2022;0,708
351386;Ha-Seong Kim;2023;0,749
351386;Ha-Seong Kim;2024;0,7
351387;Hyun Soo Kim;2016;0,801
351390;Bruce Kimm;1980;0,581
351396;Jerry Kindall;1960;0,598
351396;Jerry Kindall;1961;0,707
351396;Jerry Kindall;1962;0,639
351396;Jerry Kindall;1963;0,56
351396;Jerry Kindall;1965;0,563
351400;Isiah Kiner-Falefa;2018;0,682
351400;Isiah Kiner-Falefa;2019;0,62
351400;Isiah Kiner-Falefa;2020;0,699
351400;Isiah Kiner-Falefa;2021;0,67
351400;Isiah Kiner-Falefa;2022;0,642
351400;Isiah Kiner-Falefa;2023;0,646
351400;Isiah Kiner-Falefa;2024;0,6725
351400;Isiah Kiner-Falefa;2025;0,632
351401;Ralph Kiner;1946;0,775
351401;Ralph Kiner;1947;1,055
351401;Ralph Kiner;1948;0,924
351401;Ralph Kiner;1949;1,089
351401;Ralph Kiner;1950;0,998
351401;Ralph Kiner;1951;1,079
351401;Ralph Kiner;1952;0,884
351401;Ralph Kiner;1953;0,923
351401;Ralph Kiner;1954;0,858
351401;Ralph Kiner;1955;0,818
351413;Mike Kingery;1986;0,684
351413;Mike Kingery;1987;0,778
351413;Mike Kingery;1990;0,673
351413;Mike Kingery;1994;0,933
351413;Mike Kingery;1995;0,762
351413;Mike Kingery;1996;0,641
351415;Scott Kingery;2018;0,605
351415;Scott Kingery;2019;0,788
351416;Hal King;1970;0,825
351418;Jeff King;1989;0,619
351418;Jeff King;1990;0,692
351418;Jeff King;1992;0,643
351418;Jeff King;1993;0,762
351418;Jeff King;1994;0,691
351418;Jeff King;1995;0,798
351418;Jeff King;1996;0,843
351418;Jeff King;1997;0,792
351418;Jeff King;1998;0,769
351419;Jim King;1955;0,737
351419;Jim King;1956;0,757
351419;Jim King;1961;0,811
351419;Jim King;1962;0,74
351419;Jim King;1963;0,744
351419;Jim King;1964;0,747
351419;Jim King;1965;0,767
351419;Jim King;1966;0,733
351423;Lee King;1917;0,602
351423;Lee King;1920;0,764
351423;Lee King;1921;0,747
351427;Dave Kingman;1972;0,765
351427;Dave Kingman;1973;0,779
351427;Dave Kingman;1974;0,742
351427;Dave Kingman;1975;0,778
351427;Dave Kingman;1976;0,793
351427;Dave Kingman;1977;0,633
351427;Dave Kingman;1978;0,878
351427;Dave Kingman;1979;0,956
351427;Dave Kingman;1980;0,85
351427;Dave Kingman;1981;0,782
351427;Dave Kingman;1982;0,717
351427;Dave Kingman;1983;0,648
351427;Dave Kingman;1984;0,826
351427;Dave Kingman;1985;0,726
351427;Dave Kingman;1986;0,686
351434;Gene Kingsale;2002;0,725
351435;Silver King;1887;0,528
351435;Silver King;1888;0,638
351449;Ian Kinsler;2006;0,801
351449;Ian Kinsler;2007;0,796
351449;Ian Kinsler;2008;0,892
351449;Ian Kinsler;2009;0,814
351449;Ian Kinsler;2010;0,794
351449;Ian Kinsler;2011;0,832
351449;Ian Kinsler;2012;0,749
351449;Ian Kinsler;2013;0,757
351449;Ian Kinsler;2014;0,727
351449;Ian Kinsler;2015;0,77
351449;Ian Kinsler;2016;0,831
351449;Ian Kinsler;2017;0,725
351449;Ian Kinsler;2018;0,71
351449;Ian Kinsler;2019;0,646
351450;Tom Kinslow;1890;0,708
351450;Tom Kinslow;1891;0,529
351450;Tom Kinslow;1892;0,785
351450;Tom Kinslow;1893;0,605
351450;Tom Kinslow;1894;0,77
351455;Jason Kipnis;2012;0,714
351455;Jason Kipnis;2013;0,818
351455;Jason Kipnis;2014;0,64
351455;Jason Kipnis;2015;0,823
351455;Jason Kipnis;2016;0,811
351455;Jason Kipnis;2017;0,705
351455;Jason Kipnis;2018;0,704
351455;Jason Kipnis;2019;0,715
351466;Wayne Kirby;1993;0,695
351468;Alex Kirilloff;2021;0,722
351468;Alex Kirilloff;2023;0,793
351469;Alejandro Kirk;2022;0,786
351469;Alejandro Kirk;2023;0,692
351469;Alejandro Kirk;2024;0,677
351469;Alejandro Kirk;2025;0,769
351471;Jay Kirke;1912;0,745
351471;Jay Kirke;1914;0,639
351471;Jay Kirke;1915;0,742
351472;Willie Kirkland;1958;0,779
351472;Willie Kirkland;1959;0,81
351472;Willie Kirkland;1960;0,769
351472;Willie Kirkland;1961;0,793
351472;Willie Kirkland;1962;0,649
351472;Willie Kirkland;1963;0,677
351472;Willie Kirkland;1965;0,671
351474;Ed Kirkpatrick;1964;0,671
351474;Ed Kirkpatrick;1966;0,64
351474;Ed Kirkpatrick;1969;0,799
351474;Ed Kirkpatrick;1970;0,724
351474;Ed Kirkpatrick;1971;0,64
351474;Ed Kirkpatrick;1972;0,761
351474;Ed Kirkpatrick;1973;0,708
351474;Ed Kirkpatrick;1974;0,714
351489;Ron Kittle;1983;0,818
351489;Ron Kittle;1984;0,748
351489;Ron Kittle;1985;0,762
351489;Ron Kittle;1986;0,705
351489;Ron Kittle;1988;0,856
351489;Ron Kittle;1990;0,781
351491;Malachi Kittridge;1890;0,557
351491;Malachi Kittridge;1891;0,543
351491;Malachi Kittridge;1892;0,418
351491;Malachi Kittridge;1893;0,609
351491;Malachi Kittridge;1895;0,609
351491;Malachi Kittridge;1896;0,539
351491;Malachi Kittridge;1897;0,535
351491;Malachi Kittridge;1898;0,599
351491;Malachi Kittridge;1901;0,616
351491;Malachi Kittridge;1902;0,59
351491;Malachi Kittridge;1904;0,534
351491;Malachi Kittridge;1905;0,411
351497;Billy Klaus;1955;0,729
351497;Billy Klaus;1956;0,764
351497;Billy Klaus;1957;0,695
351497;Billy Klaus;1959;0,662
351497;Billy Klaus;1961;0,67
351497;Billy Klaus;1962;0,593
351498;Bobby Klaus;1964;0,664
351498;Bobby Klaus;1965;0,556
351502;Chuck Klein;1928;0,973
351502;Chuck Klein;1929;1,065
351502;Chuck Klein;1930;1,123
351502;Chuck Klein;1931;0,982
351502;Chuck Klein;1932;1,05
351502;Chuck Klein;1933;1,025
351502;Chuck Klein;1934;0,882
351502;Chuck Klein;1935;0,844
351502;Chuck Klein;1936;0,873
351502;Chuck Klein;1937;0,881
351502;Chuck Klein;1938;0,66
351502;Chuck Klein;1939;0,873
351502;Chuck Klein;1940;0,637
351504;Lou Klein;1943;0,752
351507;Red Kleinow;1904;0,541
351507;Red Kleinow;1905;0,564
351507;Red Kleinow;1906;0,563
351507;Red Kleinow;1907;0,643
351507;Red Kleinow;1908;0,441
351507;Red Kleinow;1909;0,635
351512;Ryan Klesko;1994;0,907
351512;Ryan Klesko;1995;1,004
351512;Ryan Klesko;1996;0,894
351512;Ryan Klesko;1997;0,824
351512;Ryan Klesko;1998;0,832
351512;Ryan Klesko;1999;0,908
351512;Ryan Klesko;2000;0,909
351512;Ryan Klesko;2001;0,923
351512;Ryan Klesko;2002;0,925
351512;Ryan Klesko;2003;0,81
351512;Ryan Klesko;2004;0,847
351512;Ryan Klesko;2005;0,775
351512;Ryan Klesko;2007;0,744
351515;Lou Klimchock;1969;0,753
351525;Johnny Kling;1901;0,621
351525;Johnny Kling;1902;0,68
351525;Johnny Kling;1903;0,758
351525;Johnny Kling;1904;0,567
351525;Johnny Kling;1905;0,551
351525;Johnny Kling;1906;0,777
351525;Johnny Kling;1907;0,728
351525;Johnny Kling;1908;0,697
351525;Johnny Kling;1910;0,714
351525;Johnny Kling;1911;0,6
351525;Johnny Kling;1912;0,761
351525;Johnny Kling;1913;0,682
351540;Ted Kluszewski;1948;0,758
351540;Ted Kluszewski;1949;0,743
351540;Ted Kluszewski;1950;0,863
351540;Ted Kluszewski;1951;0,688
351540;Ted Kluszewski;1952;0,892
351540;Ted Kluszewski;1953;0,95
351540;Ted Kluszewski;1954;1,049
351540;Ted Kluszewski;1955;0,967
351540;Ted Kluszewski;1956;0,898
351540;Ted Kluszewski;1958;0,75
351540;Ted Kluszewski;1961;0,764
351541;Clyde Kluttz;1942;0,632
351541;Clyde Kluttz;1943;0,577
351541;Clyde Kluttz;1944;0,694
351541;Clyde Kluttz;1945;0,727
351541;Clyde Kluttz;1947;0,79
351541;Clyde Kluttz;1948;0,6
351544;Otto Knabe;1907;0,677
351544;Otto Knabe;1908;0,583
351544;Otto Knabe;1909;0,589
351544;Otto Knabe;1910;0,652
351544;Otto Knabe;1911;0,646
351544;Otto Knabe;1912;0,693
351544;Otto Knabe;1913;0,661
351544;Otto Knabe;1914;0,61
351544;Otto Knabe;1915;0,659
351554;Phil Knell;1891;0,384
351561;Bill Knickerbocker;1933;0,581
351561;Bill Knickerbocker;1934;0,755
351561;Bill Knickerbocker;1935;0,711
351561;Bill Knickerbocker;1936;0,754
351561;Bill Knickerbocker;1937;0,668
351561;Bill Knickerbocker;1941;0,714
351561;Bill Knickerbocker;1942;0,627
351567;Joe Knight;1890;0,791
351568;John Knight;1905;0,501
351568;John Knight;1906;0,523
351568;John Knight;1907;0,531
351568;John Knight;1909;0,597
351568;John Knight;1910;0,785
351568;John Knight;1911;0,693
351568;John Knight;1913;0,586
351569;Lon Knight;1876;0,569
351569;Lon Knight;1880;0,581
351569;Lon Knight;1881;0,661
351569;Lon Knight;1882;0,519
351569;Lon Knight;1883;0,641
351569;Lon Knight;1884;0,651
351570;Ray Knight;1979;0,814
351570;Ray Knight;1980;0,724
351570;Ray Knight;1981;0,692
351570;Ray Knight;1982;0,746
351570;Ray Knight;1983;0,798
351570;Ray Knight;1984;0,54
351570;Ray Knight;1985;0,58
351570;Ray Knight;1986;0,775
351570;Ray Knight;1987;0,683
351570;Ray Knight;1988;0,572
351572;Andrew Knizner;2022;0,601
351572;Andrew Knizner;2023;0,712
351573;Chuck Knoblauch;1991;0,701
351573;Chuck Knoblauch;1992;0,743
351573;Chuck Knoblauch;1993;0,699
351573;Chuck Knoblauch;1994;0,841
351573;Chuck Knoblauch;1995;0,911
351573;Chuck Knoblauch;1996;0,965
351573;Chuck Knoblauch;1997;0,8
351573;Chuck Knoblauch;1998;0,765
351573;Chuck Knoblauch;1999;0,848
351573;Chuck Knoblauch;2000;0,751
351573;Chuck Knoblauch;2001;0,691
351573;Chuck Knoblauch;2002;0,584
351578;Punch Knoll;1905;0,542
351579;Bobby Knoop;1964;0,569
351579;Bobby Knoop;1965;0,696
351579;Bobby Knoop;1966;0,669
351579;Bobby Knoop;1967;0,657
351579;Bobby Knoop;1968;0,625
351579;Bobby Knoop;1969;0,629
351579;Bobby Knoop;1970;0,598
351581;Fritz Knothe;1932;0,626
351592;Jimmy Knowles;1886;0,556
351592;Jimmy Knowles;1890;0,728
351613;Ben Koehler;1905;0,582
351617;Len Koenecke;1934;0,919
351617;Len Koenecke;1935;0,741
351619;Mark Koenig;1926;0,682
351619;Mark Koenig;1927;0,702
351619;Mark Koenig;1928;0,774
351619;Mark Koenig;1929;0,751
351619;Mark Koenig;1930;0,595
351619;Mark Koenig;1931;0,631
351619;Mark Koenig;1933;0,72
351619;Mark Koenig;1934;0,625
351619;Mark Koenig;1935;0,641
351628;Dick Kokos;1948;0,8
351628;Dick Kokos;1949;0,81
351628;Dick Kokos;1950;0,822
351628;Dick Kokos;1953;0,772
351635;Don Kolloway;1941;0,645
351635;Don Kolloway;1942;0,678
351635;Don Kolloway;1943;0,523
351635;Don Kolloway;1946;0,656
351635;Don Kolloway;1947;0,662
351635;Don Kolloway;1948;0,673
351635;Don Kolloway;1949;0,72
351635;Don Kolloway;1950;0,718
351635;Don Kolloway;1951;0,609
351643;Fred Kommers;1914;0,823
351644;Brad Komminsk;1984;0,592
351644;Brad Komminsk;1985;0,64
351645;Paul Konerko;1999;0,862
351645;Paul Konerko;2000;0,844
351645;Paul Konerko;2001;0,856
351645;Paul Konerko;2002;0,857
351645;Paul Konerko;2003;0,704
351645;Paul Konerko;2004;0,894
351645;Paul Konerko;2005;0,909
351645;Paul Konerko;2006;0,932
351645;Paul Konerko;2007;0,841
351645;Paul Konerko;2008;0,783
351645;Paul Konerko;2009;0,842
351645;Paul Konerko;2010;0,977
351645;Paul Konerko;2011;0,906
351645;Paul Konerko;2012;0,857
351645;Paul Konerko;2013;0,669
351645;Paul Konerko;2014;0,572
351646;Ed Konetchy;1907;0,673
351646;Ed Konetchy;1908;0,663
351646;Ed Konetchy;1909;0,762
351646;Ed Konetchy;1910;0,822
351646;Ed Konetchy;1911;0,816
351646;Ed Konetchy;1912;0,844
351646;Ed Konetchy;1913;0,779
351646;Ed Konetchy;1914;0,634
351646;Ed Konetchy;1915;0,846
351646;Ed Konetchy;1916;0,693
351646;Ed Konetchy;1917;0,71
351646;Ed Konetchy;1918;0,598
351646;Ed Konetchy;1919;0,733
351646;Ed Konetchy;1920;0,783
351646;Ed Konetchy;1921;0,883
351662;Larry Kopf;1915;0,584
351662;Larry Kopf;1917;0,623
351662;Larry Kopf;1919;0,639
351662;Larry Kopf;1920;0,609
351662;Larry Kopf;1921;0,574
351662;Larry Kopf;1922;0,63
351666;Joe Koppe;1959;0,713
351666;Joe Koppe;1961;0,683
351666;Joe Koppe;1962;0,653
351667;Merlin Kopp;1918;0,612
351667;Merlin Kopp;1919;0,629
351671;Art Kores;1915;0,62
351675;Andy Kosco;1968;0,65
351675;Andy Kosco;1969;0,704
351675;Andy Kosco;1970;0,618
351675;Andy Kosco;1971;0,669
351677;Clem Koshorek;1952;0,634
351679;Corey Koskie;1999;0,855
351679;Corey Koskie;2000;0,841
351679;Corey Koskie;2001;0,85
351679;Corey Koskie;2002;0,815
351679;Corey Koskie;2003;0,845
351679;Corey Koskie;2004;0,837
351679;Corey Koskie;2005;0,735
351679;Corey Koskie;2006;0,833
351687;Casey Kotchman;2007;0,84
351687;Casey Kotchman;2008;0,774
351687;Casey Kotchman;2009;0,764
351687;Casey Kotchman;2010;0,616
351687;Casey Kotchman;2011;0,8
351687;Casey Kotchman;2012;0,612
351688;Mark Kotsay;1998;0,721
351688;Mark Kotsay;1999;0,708
351688;Mark Kotsay;2000;0,791
351688;Mark Kotsay;2001;0,807
351688;Mark Kotsay;2002;0,81
351688;Mark Kotsay;2003;0,726
351688;Mark Kotsay;2004;0,829
351688;Mark Kotsay;2005;0,746
351688;Mark Kotsay;2006;0,719
351688;Mark Kotsay;2007;0,575
351688;Mark Kotsay;2008;0,758
351688;Mark Kotsay;2010;0,683
351688;Mark Kotsay;2011;0,703
351689;George Kottaras;2010;0,701
351693;Kevin Kouzmanoff;2007;0,786
351693;Kevin Kouzmanoff;2008;0,732
351693;Kevin Kouzmanoff;2009;0,722
351693;Kevin Kouzmanoff;2010;0,679
351697;Ernie Koy;1938;0,82
351697;Ernie Koy;1939;0,783
351697;Ernie Koy;1940;0,831
351697;Ernie Koy;1941;0,654
351697;Ernie Koy;1942;0,632
351698;Al Kozar;1948;0,652
351698;Al Kozar;1949;0,678
351700;Pete Kozma;2013;0,548
351711;Ed Kranepool;1963;0,545
351711;Ed Kranepool;1964;0,703
351711;Ed Kranepool;1965;0,675
351711;Ed Kranepool;1966;0,715
351711;Ed Kranepool;1967;0,694
351711;Ed Kranepool;1968;0,566
351711;Ed Kranepool;1969;0,675
351711;Ed Kranepool;1971;0,786
351711;Ed Kranepool;1972;0,731
351711;Ed Kranepool;1973;0,616
351711;Ed Kranepool;1974;0,765
351711;Ed Kranepool;1975;0,779
351711;Ed Kranepool;1976;0,754
351711;Ed Kranepool;1977;0,778
351715;Erik Kratz;2018;0,634
351727;Mike Kreevich;1936;0,811
351727;Mike Kreevich;1937;0,818
351727;Mike Kreevich;1938;0,807
351727;Mike Kreevich;1939;0,826
351727;Mike Kreevich;1940;0,692
351727;Mike Kreevich;1941;0,594
351727;Mike Kreevich;1942;0,634
351727;Mike Kreevich;1944;0,754
351727;Mike Kreevich;1945;0,624
351737;Wayne Krenchicki;1986;0,618
351738;Chuck Kress;1949;0,718
351739;Red Kress;1928;0,703
351739;Red Kress;1929;0,802
351739;Red Kress;1930;0,853
351739;Red Kress;1931;0,853
351739;Red Kress;1932;0,781
351739;Red Kress;1933;0,68
351739;Red Kress;1935;0,766
351739;Red Kress;1936;0,776
351739;Red Kress;1938;0,786
351742;Chad Kreuter;1993;0,855
351742;Chad Kreuter;1997;0,632
351742;Chad Kreuter;1998;0,668
351742;Chad Kreuter;1999;0,627
351742;Chad Kreuter;2000;0,827
351745;Bill Krieg;1884;0,606
351759;John Kroner;1936;0,792
351759;John Kroner;1937;0,606
351765;Ernie Krueger;1919;0,692
351766;Otto Krueger;1901;0,717
351766;Otto Krueger;1902;0,627
351766;Otto Krueger;1903;0,667
351766;Otto Krueger;1904;0,525
351769;Art Kruger;1907;0,607
351769;Art Kruger;1914;0,669
351769;Art Kruger;1915;0,593
351773;Marty Krug;1922;0,714
351774;John Kruk;1986;0,828
351774;John Kruk;1987;0,894
351774;John Kruk;1988;0,732
351774;John Kruk;1989;0,859
351774;John Kruk;1990;0,817
351774;John Kruk;1991;0,851
351774;John Kruk;1992;0,881
351774;John Kruk;1993;0,905
351774;John Kruk;1994;0,823
351777;Dick Kryhoski;1951;0,772
351777;Dick Kryhoski;1952;0,679
351777;Dick Kryhoski;1953;0,83
351777;Dick Kryhoski;1954;0,631
351779;Tony Kubek;1957;0,716
351779;Tony Kubek;1958;0,612
351779;Tony Kubek;1959;0,704
351779;Tony Kubek;1960;0,713
351779;Tony Kubek;1961;0,701
351779;Tony Kubek;1963;0,637
351779;Tony Kubek;1964;0,615
351779;Tony Kubek;1965;0,553
351780;Jason Kubel;2006;0,665
351780;Jason Kubel;2007;0,785
351780;Jason Kubel;2008;0,805
351780;Jason Kubel;2009;0,907
351780;Jason Kubel;2010;0,75
351780;Jason Kubel;2011;0,766
351780;Jason Kubel;2012;0,833
351780;Jason Kubel;2013;0,612
351782;Ted Kubiak;1969;0,609
351782;Ted Kubiak;1970;0,653
351782;Ted Kubiak;1971;0,653
351782;Ted Kubiak;1974;0,491
351782;Ted Kubiak;1976;0,592
351793;Bill Kuehne;1883;0,563
351793;Bill Kuehne;1884;0,635
351793;Bill Kuehne;1885;0,598
351793;Bill Kuehne;1886;0,551
351793;Bill Kuehne;1887;0,749
351793;Bill Kuehne;1888;0,586
351793;Bill Kuehne;1889;0,625
351793;Bill Kuehne;1890;0,619
351793;Bill Kuehne;1891;0,516
351793;Bill Kuehne;1892;0,419
351794;Harvey Kuenn;1953;0,742
351794;Harvey Kuenn;1954;0,725
351794;Harvey Kuenn;1955;0,769
351794;Harvey Kuenn;1956;0,857
351794;Harvey Kuenn;1957;0,715
351794;Harvey Kuenn;1958;0,815
351794;Harvey Kuenn;1959;0,903
351794;Harvey Kuenn;1960;0,795
351794;Harvey Kuenn;1961;0,69
351794;Harvey Kuenn;1962;0,799
351794;Harvey Kuenn;1963;0,732
351794;Harvey Kuenn;1964;0,682
351796;Joe Kuhel;1931;0,745
351796;Joe Kuhel;1932;0,768
351796;Joe Kuhel;1933;0,851
351796;Joe Kuhel;1934;0,756
351796;Joe Kuhel;1935;0,684
351796;Joe Kuhel;1936;0,893
351796;Joe Kuhel;1937;0,758
351796;Joe Kuhel;1938;0,786
351796;Joe Kuhel;1939;0,836
351796;Joe Kuhel;1940;0,861
351796;Joe Kuhel;1941;0,723
351796;Joe Kuhel;1942;0,679
351796;Joe Kuhel;1943;0,604
351796;Joe Kuhel;1944;0,742
351796;Joe Kuhel;1945;0,778
351796;Joe Kuhel;1946;0,721
351804;Duane Kuiper;1975;0,691
351804;Duane Kuiper;1976;0,615
351804;Duane Kuiper;1977;0,656
351804;Duane Kuiper;1978;0,649
351804;Duane Kuiper;1979;0,608
351804;Duane Kuiper;1981;0,57
351804;Duane Kuiper;1982;0,706
351808;Jeff Kunkel;1989;0,76
351808;Jeff Kunkel;1990;0,501
351815;Whitey Kurowski;1942;0,717
351815;Whitey Kurowski;1943;0,768
351815;Whitey Kurowski;1944;0,79
351815;Whitey Kurowski;1945;0,894
351815;Whitey Kurowski;1946;0,853
351815;Whitey Kurowski;1947;0,964
351815;Whitey Kurowski;1948;0,629
351817;Nick Kurtz;2025;1,002
351820;Craig Kusick;1974;0,756
351820;Craig Kusick;1976;0,777
351820;Craig Kusick;1977;0,803
351824;Joe Kutina;1912;0,555
351830;Steven Kwan;2022;0,772
351830;Steven Kwan;2023;0,71
351830;Steven Kwan;2024;0,793
351830;Steven Kwan;2025;0,705
351833;Chet Laabs;1937;0,742
351833;Chet Laabs;1938;0,686
351833;Chet Laabs;1939;0,856
351833;Chet Laabs;1940;0,876
351833;Chet Laabs;1941;0,843
351833;Chet Laabs;1942;0,878
351833;Chet Laabs;1943;0,747
351833;Chet Laabs;1944;0,709
351833;Chet Laabs;1946;0,808
351838;Coco Laboy;1969;0,717
351838;Coco Laboy;1970;0,552
351840;George LaChance;1894;0,846
351840;George LaChance;1895;0,793
351840;George LaChance;1896;0,779
351840;George LaChance;1897;0,779
351840;George LaChance;1898;0,645
351840;George LaChance;1899;0,755
351840;George LaChance;1901;0,696
351840;George LaChance;1902;0,66
351840;George LaChance;1903;0,631
351840;George LaChance;1904;0,548
351842;Rene Lachemann;1965;0,658
351847;Pete LaCock;1975;0,666
351847;Pete LaCock;1976;0,71
351847;Pete LaCock;1977;0,753
351847;Pete LaCock;1978;0,755
351847;Pete LaCock;1979;0,714
351852;Lee Lacy;1972;0,625
351852;Lee Lacy;1975;0,807
351852;Lee Lacy;1978;0,853
351852;Lee Lacy;1980;0,905
351852;Lee Lacy;1981;0,692
351852;Lee Lacy;1982;0,784
351852;Lee Lacy;1983;0,758
351852;Lee Lacy;1984;0,826
351852;Lee Lacy;1985;0,752
351852;Lee Lacy;1986;0,725
351852;Lee Lacy;1987;0,726
351866;Ty LaForest;1945;0,638
351870;Juan Lagares;2013;0,633
351870;Juan Lagares;2014;0,703
351870;Juan Lagares;2015;0,647
351870;Juan Lagares;2017;0,661
351870;Juan Lagares;2019;0,605
351870;Juan Lagares;2021;0,638
351873;Bryan LaHair;2012;0,784
351874;Joe Lahoud;1969;0,651
351874;Joe Lahoud;1971;0,768
351874;Joe Lahoud;1972;0,73
351874;Joe Lahoud;1973;0,613
351874;Joe Lahoud;1974;0,825
351878;Gerald Laird;2006;0,805
351878;Gerald Laird;2007;0,627
351878;Gerald Laird;2008;0,727
351878;Gerald Laird;2009;0,626
351878;Gerald Laird;2010;0,567
351880;Nap Lajoie;1897;0,96
351880;Nap Lajoie;1898;0,814
351880;Nap Lajoie;1899;0,974
351880;Nap Lajoie;1900;0,872
351880;Nap Lajoie;1901;1,106
351880;Nap Lajoie;1902;0,99
351880;Nap Lajoie;1903;0,896
351880;Nap Lajoie;1904;0,959
351880;Nap Lajoie;1905;0,795
351880;Nap Lajoie;1906;0,857
351880;Nap Lajoie;1907;0,742
351880;Nap Lajoie;1908;0,727
351880;Nap Lajoie;1909;0,809
351880;Nap Lajoie;1910;0,958
351880;Nap Lajoie;1911;0,874
351880;Nap Lajoie;1912;0,876
351880;Nap Lajoie;1913;0,802
351880;Nap Lajoie;1914;0,619
351880;Nap Lajoie;1915;0,656
351880;Nap Lajoie;1916;0,584
351881;Eddie Lake;1943;0,632
351881;Eddie Lake;1945;0,822
351881;Eddie Lake;1946;0,708
351881;Eddie Lake;1947;0,665
351881;Eddie Lake;1949;0,613
351884;Junior Lake;2013;0,76
351884;Junior Lake;2014;0,597
351885;Al Lakeman;1945;0,719
351890;Dan Lally;1897;0,688
351895;Ray Lamanno;1942;0,729
351895;Ray Lamanno;1946;0,59
351895;Ray Lamanno;1947;0,665
351895;Ray Lamanno;1948;0,601
351896;Bill Lamar;1924;0,835
351896;Bill Lamar;1925;0,847
351896;Bill Lamar;1926;0,704
351896;Bill Lamar;1927;0,76
351910;Jake Lamb;2015;0,716
351910;Jake Lamb;2016;0,84
351910;Jake Lamb;2017;0,844
351910;Jake Lamb;2018;0,655
351914;Mike Lamb;2000;0,702
351914;Mike Lamb;2001;0,76
351914;Mike Lamb;2002;0,765
351914;Mike Lamb;2004;0,867
351914;Mike Lamb;2005;0,703
351914;Mike Lamb;2006;0,836
351914;Mike Lamb;2007;0,82
351914;Mike Lamb;2008;0,598
351921;Bobby LaMotte;1922;0,639
351921;Bobby LaMotte;1925;0,706
351925;Tom Lampkin;1997;0,715
351925;Tom Lampkin;1998;0,708
351925;Tom Lampkin;1999;0,84
351925;Tom Lampkin;2001;0,657
351925;Tom Lampkin;2002;0,679
351934;Rafael Landestoy;1978;0,59
351934;Rafael Landestoy;1979;0,682
351934;Rafael Landestoy;1980;0,634
351935;Grover Land;1914;0,61
351935;Grover Land;1915;0,596
351938;Jim Landis;1957;0,625
351938;Jim Landis;1958;0,785
351938;Jim Landis;1959;0,749
351938;Jim Landis;1960;0,753
351938;Jim Landis;1961;0,832
351938;Jim Landis;1962;0,711
351938;Jim Landis;1963;0,685
351938;Jim Landis;1964;0,577
351938;Jim Landis;1965;0,656
351942;Don Landrum;1962;0,701
351942;Don Landrum;1963;0,576
351942;Don Landrum;1965;0,634
351943;Hobie Landrith;1956;0,618
351943;Hobie Landrith;1957;0,631
351943;Hobie Landrith;1959;0,678
351946;Ken Landreaux;1978;0,63
351946;Ken Landreaux;1979;0,798
351946;Ken Landreaux;1980;0,751
351946;Ken Landreaux;1981;0,664
351946;Ken Landreaux;1982;0,751
351946;Ken Landreaux;1983;0,779
351946;Ken Landreaux;1984;0,67
351946;Ken Landreaux;1985;0,716
351946;Ken Landreaux;1986;0,677
351948;Tito Landrum;1986;0,562
351951;Chappy Lane;1882;0,468
351951;Chappy Lane;1884;0,572
351955;Isaac Lane;1921;0,624
351955;Isaac Lane;1922;0,764
351956;Jason Lane;2005;0,815
351956;Jason Lane;2006;0,71
351963;Don Lang;1948;0,72
351965;Bill Lange;1893;0,738
351965;Bill Lange;1894;0,844
351965;Bill Lange;1895;1,032
351965;Bill Lange;1896;0,879
351965;Bill Lange;1897;0,886
351965;Bill Lange;1898;0,816
351965;Bill Lange;1899;0,798
351969;Ryan Langerhans;2005;0,774
351969;Ryan Langerhans;2006;0,727
351970;Shea Langeliers;2023;0,681
351970;Shea Langeliers;2024;0,739
351970;Shea Langeliers;2025;0,861
351972;Sam Langford;1928;0,694
351973;Wyatt Langford;2024;0,74
351973;Wyatt Langford;2025;0,775
351979;Hal Lanier;1964;0,63
351979;Hal Lanier;1965;0,545
351979;Hal Lanier;1966;0,546
351979;Hal Lanier;1967;0,494
351979;Hal Lanier;1968;0,461
351979;Hal Lanier;1969;0,514
351979;Hal Lanier;1970;0,543
351979;Hal Lanier;1971;0,569
351984;Ray Lankford;1991;0,693
351984;Ray Lankford;1992;0,851
351984;Ray Lankford;1993;0,713
351984;Ray Lankford;1994;0,847
351984;Ray Lankford;1995;0,873
351984;Ray Lankford;1996;0,852
351984;Ray Lankford;1997;0,996
351984;Ray Lankford;1998;0,932
351984;Ray Lankford;1999;0,873
351984;Ray Lankford;2000;0,874
351984;Ray Lankford;2001;0,841
351984;Ray Lankford;2002;0,682
351984;Ray Lankford;2004;0,774
351989;Carney Lansford;1978;0,746
351989;Carney Lansford;1979;0,764
351989;Carney Lansford;1980;0,703
351989;Carney Lansford;1981;0,828
351989;Carney Lansford;1982;0,803
351989;Carney Lansford;1983;0,832
351989;Carney Lansford;1984;0,781
351989;Carney Lansford;1985;0,74
351989;Carney Lansford;1986;0,753
351989;Carney Lansford;1987;0,821
351989;Carney Lansford;1988;0,687
351989;Carney Lansford;1989;0,803
351989;Carney Lansford;1990;0,652
351989;Carney Lansford;1992;0,694
351992;Mike Lansing;1993;0,721
351992;Mike Lansing;1994;0,696
351992;Mike Lansing;1995;0,691
351992;Mike Lansing;1996;0,746
351992;Mike Lansing;1997;0,81
351992;Mike Lansing;1998;0,736
351992;Mike Lansing;2000;0,734
351992;Mike Lansing;2001;0,677
352001;Ralph LaPointe;1947;0,718
352001;Ralph LaPointe;1948;0,522
352002;Frank LaPorte;1906;0,668
352002;Frank LaPorte;1907;0,676
352002;Frank LaPorte;1909;0,719
352002;Frank LaPorte;1910;0,658
352002;Frank LaPorte;1911;0,807
352002;Frank LaPorte;1912;0,762
352002;Frank LaPorte;1913;0,615
352002;Frank LaPorte;1914;0,797
352002;Frank LaPorte;1915;0,665
352003;Matt LaPorta;2010;0,668
352003;Matt LaPorta;2011;0,711
352004;Jack Lapp;1912;0,735
352004;Jack Lapp;1913;0,626
352004;Jack Lapp;1915;0,715
352009;Norm Larker;1958;0,779
352009;Norm Larker;1959;0,762
352009;Norm Larker;1960;0,798
352009;Norm Larker;1961;0,712
352009;Norm Larker;1962;0,732
352012;Barry Larkin;1987;0,678
352012;Barry Larkin;1988;0,776
352012;Barry Larkin;1989;0,821
352012;Barry Larkin;1990;0,753
352012;Barry Larkin;1991;0,884
352012;Barry Larkin;1992;0,831
352012;Barry Larkin;1993;0,839
352012;Barry Larkin;1994;0,788
352012;Barry Larkin;1995;0,886
352012;Barry Larkin;1996;0,977
352012;Barry Larkin;1997;0,913
352012;Barry Larkin;1998;0,901
352012;Barry Larkin;1999;0,81
352012;Barry Larkin;2000;0,876
352012;Barry Larkin;2002;0,672
352012;Barry Larkin;2003;0,726
352012;Barry Larkin;2004;0,771
352014;Gene Larkin;1987;0,722
352014;Gene Larkin;1988;0,75
352014;Gene Larkin;1989;0,721
352014;Gene Larkin;1990;0,734
352014;Gene Larkin;1991;0,734
352014;Gene Larkin;1992;0,667
352015;Henry Larkin;1884;0,747
352015;Henry Larkin;1885;0,899
352015;Henry Larkin;1886;0,839
352015;Henry Larkin;1887;0,8
352015;Henry Larkin;1888;0,729
352015;Henry Larkin;1889;0,854
352015;Henry Larkin;1890;0,901
352015;Henry Larkin;1891;0,817
352015;Henry Larkin;1892;0,736
352015;Henry Larkin;1893;0,857
352019;Terry Larkin;1877;0,556
352019;Terry Larkin;1878;0,7
352019;Terry Larkin;1879;0,535
352021;Trevor Larnach;2021;0,672
352021;Trevor Larnach;2024;0,771
352021;Trevor Larnach;2025;0,727
352022;Adam LaRoche;2004;0,821
352022;Adam LaRoche;2005;0,775
352022;Adam LaRoche;2006;0,915
352022;Adam LaRoche;2007;0,803
352022;Adam LaRoche;2008;0,841
352022;Adam LaRoche;2009;0,8635
352022;Adam LaRoche;2010;0,788
352022;Adam LaRoche;2012;0,853
352022;Adam LaRoche;2013;0,735
352022;Adam LaRoche;2014;0,817
352022;Adam LaRoche;2015;0,634
352023;Andy LaRoche;2009;0,731
352023;Andy LaRoche;2010;0,555
352026;Sam LaRocque;1890;0,629
352035;Jason LaRue;2001;0,707
352035;Jason LaRue;2002;0,729
352035;Jason LaRue;2003;0,743
352035;Jason LaRue;2004;0,765
352035;Jason LaRue;2005;0,806
352039;Lyn Lary;1929;0,808
352039;Lyn Lary;1930;0,743
352039;Lyn Lary;1931;0,793
352039;Lyn Lary;1932;0,701
352039;Lyn Lary;1934;0,667
352039;Lyn Lary;1935;0,806
352039;Lyn Lary;1936;0,771
352039;Lyn Lary;1937;0,799
352039;Lyn Lary;1938;0,727
352046;Tommy La Stella;2014;0,644
352046;Tommy La Stella;2019;0,832
352046;Tommy La Stella;2021;0,713
352047;Arlie Latham;1883;0,569
352047;Arlie Latham;1884;0,676
352047;Arlie Latham;1885;0,498
352047;Arlie Latham;1886;0,741
352047;Arlie Latham;1887;0,779
352047;Arlie Latham;1888;0,652
352047;Arlie Latham;1889;0,623
352047;Arlie Latham;1890;0,604
352047;Arlie Latham;1891;0,759
352047;Arlie Latham;1892;0,593
352047;Arlie Latham;1893;0,718
352047;Arlie Latham;1894;0,793
352047;Arlie Latham;1895;0,755
352050;Jumbo Latham;1877;0,674
352050;Jumbo Latham;1882;0,634
352050;Jumbo Latham;1883;0,575
352050;Jumbo Latham;1884;0,396
352062;Billy Lauder;1898;0,657
352062;Billy Lauder;1899;0,643
352062;Billy Lauder;1902;0,53
352062;Billy Lauder;1903;0,621
352063;Tim Laudner;1982;0,721
352063;Tim Laudner;1984;0,647
352063;Tim Laudner;1987;0,64
352063;Tim Laudner;1988;0,724
352063;Tim Laudner;1989;0,645
352067;Milt Laurent;1929;0,543
352067;Milt Laurent;1930;0,636
352068;Ramon Laureano;2019;0,86
352068;Ramon Laureano;2021;0,76
352068;Ramon Laureano;2022;0,663
352068;Ramon Laureano;2023;0,645
352068;Ramon Laureano;2024;0,832
352068;Ramon Laureano;2025;0,884
352069;Bill Lauterborn;1905;0,438
352071;Cookie Lavagetto;1934;0,617
352071;Cookie Lavagetto;1935;0,705
352071;Cookie Lavagetto;1937;0,781
352071;Cookie Lavagetto;1938;0,769
352071;Cookie Lavagetto;1939;0,802
352071;Cookie Lavagetto;1940;0,705
352071;Cookie Lavagetto;1941;0,757
352071;Cookie Lavagetto;1946;0,657
352072;Mike LaValliere;1986;0,628
352072;Mike LaValliere;1987;0,742
352072;Mike LaValliere;1988;0,682
352072;Mike LaValliere;1990;0,706
352072;Mike LaValliere;1991;0,711
352072;Mike LaValliere;1992;0,677
352073;Doc Lavan;1914;0,657
352073;Doc Lavan;1915;0,565
352073;Doc Lavan;1916;0,585
352073;Doc Lavan;1917;0,574
352073;Doc Lavan;1918;0,625
352073;Doc Lavan;1919;0,559
352073;Doc Lavan;1920;0,692
352073;Doc Lavan;1921;0,641
352073;Doc Lavan;1922;0,537
352095;Brett Lawrie;2012;0,729
352095;Brett Lawrie;2013;0,712
352095;Brett Lawrie;2014;0,722
352095;Brett Lawrie;2015;0,706
352095;Brett Lawrie;2016;0,723
352097;Rudy Law;1980;0,608
352097;Rudy Law;1982;0,799
352097;Rudy Law;1983;0,709
352097;Rudy Law;1984;0,654
352097;Rudy Law;1985;0,686
352097;Rudy Law;1986;0,715
352106;Matt Lawton;1996;0,704
352106;Matt Lawton;1997;0,781
352106;Matt Lawton;1998;0,864
352106;Matt Lawton;1999;0,708
352106;Matt Lawton;2000;0,865
352106;Matt Lawton;2001;0,835
352106;Matt Lawton;2002;0,741
352106;Matt Lawton;2003;0,762
352106;Matt Lawton;2004;0,787
352106;Matt Lawton;2005;0,813
352107;Vance Law;1982;0,712
352107;Vance Law;1983;0,673
352107;Vance Law;1984;0,713
352107;Vance Law;1985;0,773
352107;Vance Law;1986;0,623
352107;Vance Law;1987;0,769
352107;Vance Law;1988;0,77
352107;Vance Law;1989;0,651
352125;Johnny Lazor;1943;0,593
352125;Johnny Lazor;1945;0,769
352126;Tony Lazzeri;1926;0,8
352126;Tony Lazzeri;1927;0,866
352126;Tony Lazzeri;1928;0,932
352126;Tony Lazzeri;1929;0,991
352126;Tony Lazzeri;1930;0,835
352126;Tony Lazzeri;1931;0,771
352126;Tony Lazzeri;1932;0,905
352126;Tony Lazzeri;1933;0,869
352126;Tony Lazzeri;1934;0,815
352126;Tony Lazzeri;1935;0,778
352126;Tony Lazzeri;1936;0,838
352126;Tony Lazzeri;1937;0,747
352129;Freddy Leach;1925;0,765
352129;Freddy Leach;1926;0,835
352129;Freddy Leach;1927;0,786
352129;Freddy Leach;1928;0,812
352129;Freddy Leach;1929;0,755
352129;Freddy Leach;1930;0,843
352129;Freddy Leach;1931;0,769
352129;Freddy Leach;1932;0,624
352132;Rick Leach;1982;0,633
352132;Rick Leach;1983;0,661
352132;Rick Leach;1986;0,77
352132;Rick Leach;1989;0,709
352134;Tommy Leach;1899;0,728
352134;Tommy Leach;1901;0,769
352134;Tommy Leach;1902;0,767
352134;Tommy Leach;1903;0,789
352134;Tommy Leach;1904;0,651
352134;Tommy Leach;1905;0,654
352134;Tommy Leach;1906;0,676
352134;Tommy Leach;1907;0,756
352134;Tommy Leach;1908;0,705
352134;Tommy Leach;1909;0,705
352134;Tommy Leach;1910;0,677
352134;Tommy Leach;1911;0,646
352134;Tommy Leach;1912;0,702
352134;Tommy Leach;1913;0,812
352134;Tommy Leach;1914;0,726
352134;Tommy Leach;1915;0,613
352146;Jack Leary;1882;0,649
352147;John Leary;1914;0,625
352147;John Leary;1915;0,554
352156;Bevo LeBourveau;1920;0,628
352156;Bevo LeBourveau;1921;0,799
352159;Matt LeCroy;2003;0,832
352159;Matt LeCroy;2004;0,745
352159;Matt LeCroy;2005;0,798
352162;Ricky Ledee;1999;0,822
352162;Ricky Ledee;2000;0,664
352162;Ricky Ledee;2001;0,654
352162;Ricky Ledee;2002;0,76
352162;Ricky Ledee;2003;0,809
352162;Ricky Ledee;2005;0,778
352163;Aaron Ledesma;1998;0,742
352163;Aaron Ledesma;1999;0,622
352174;Brooks Lee;2025;0,654
352175;Carlos Lee;1999;0,775
352175;Carlos Lee;2000;0,829
352175;Carlos Lee;2001;0,789
352175;Carlos Lee;2002;0,843
352175;Carlos Lee;2003;0,83
352175;Carlos Lee;2004;0,891
352175;Carlos Lee;2005;0,811
352175;Carlos Lee;2006;0,8955
352175;Carlos Lee;2007;0,882
352175;Carlos Lee;2008;0,937
352175;Carlos Lee;2009;0,831
352175;Carlos Lee;2010;0,708
352175;Carlos Lee;2011;0,788
352175;Carlos Lee;2012;0,7005
352178;Cliff Lee;1921;0,764
352178;Cliff Lee;1922;0,912
352178;Cliff Lee;1923;0,85
352178;Cliff Lee;1925;0,87
352182;Dae-ho Lee;2016;0,74
352184;Derrek Lee;1998;0,732
352184;Derrek Lee;1999;0,588
352184;Derrek Lee;2000;0,875
352184;Derrek Lee;2001;0,82
352184;Derrek Lee;2002;0,872
352184;Derrek Lee;2003;0,888
352184;Derrek Lee;2004;0,86
352184;Derrek Lee;2005;1,08
352184;Derrek Lee;2007;0,913
352184;Derrek Lee;2008;0,823
352184;Derrek Lee;2009;0,972
352184;Derrek Lee;2010;0,751
352184;Derrek Lee;2011;0,706
352186;Dud Lee;1924;0,663
352186;Dud Lee;1925;0,589
352189;Hal Lee;1932;0,841
352189;Hal Lee;1933;0,602
352189;Hal Lee;1934;0,758
352189;Hal Lee;1935;0,708
352189;Hal Lee;1936;0,655
352190;Jung Hoo Lee;2025;0,735
352193;Korey Lee;2024;0,591
352195;Leron Lee;1970;0,642
352195;Leron Lee;1971;0,735
352195;Leron Lee;1972;0,85
352195;Leron Lee;1973;0,604
352195;Leron Lee;1974;0,633
352198;Manuel Lee;1988;0,698
352198;Manuel Lee;1989;0,639
352198;Manuel Lee;1990;0,628
352198;Manuel Lee;1991;0,561
352198;Manuel Lee;1992;0,659
352198;Manuel Lee;1993;0,559
352198;Manuel Lee;1994;0,681
352210;Travis Lee;1998;0,775
352210;Travis Lee;1999;0,7
352210;Travis Lee;2000;0,705
352210;Travis Lee;2001;0,775
352210;Travis Lee;2002;0,725
352210;Travis Lee;2003;0,807
352210;Travis Lee;2005;0,757
352210;Travis Lee;2006;0,676
352212;Wyatt Lee;1902;0,684
352212;Wyatt Lee;1903;0,542
352215;Jim Lefebvre;1965;0,706
352215;Jim Lefebvre;1966;0,793
352215;Jim Lefebvre;1967;0,689
352215;Jim Lefebvre;1968;0,646
352215;Jim Lefebvre;1969;0,698
352215;Jim Lefebvre;1970;0,658
352215;Jim Lefebvre;1971;0,698
352216;Joe Lefebvre;1981;0,791
352216;Joe Lefebvre;1982;0,619
352216;Joe Lefebvre;1983;0,93
352220;Ron LeFlore;1974;0,624
352220;Ron LeFlore;1975;0,649
352220;Ron LeFlore;1976;0,786
352220;Ron LeFlore;1977;0,838
352220;Ron LeFlore;1978;0,766
352220;Ron LeFlore;1979;0,77
352220;Ron LeFlore;1980;0,7
352220;Ron LeFlore;1981;0,604
352220;Ron LeFlore;1982;0,723
352226;Mike Lehane;1890;0,544
352226;Mike Lehane;1891;0,54
352230;Paul Lehner;1947;0,675
352230;Paul Lehner;1948;0,699
352230;Paul Lehner;1949;0,574
352230;Paul Lehner;1950;0,793
352234;Hank Leiber;1935;0,901
352234;Hank Leiber;1936;0,809
352234;Hank Leiber;1938;0,769
352234;Hank Leiber;1939;0,967
352234;Hank Leiber;1940;0,853
352235;Nemo Leibold;1913;0,649
352235;Nemo Leibold;1914;0,665
352235;Nemo Leibold;1915;0,658
352235;Nemo Leibold;1917;0,642
352235;Nemo Leibold;1918;0,658
352235;Nemo Leibold;1919;0,756
352235;Nemo Leibold;1920;0,597
352235;Nemo Leibold;1921;0,751
352235;Nemo Leibold;1922;0,666
352235;Nemo Leibold;1923;0,789
352235;Nemo Leibold;1924;0,748
352254;Scott Leius;1992;0,626
352254;Scott Leius;1994;0,735
352254;Scott Leius;1995;0,684
352260;Jack Lelivelt;1909;0,69
352260;Jack Lelivelt;1910;0,654
352260;Jack Lelivelt;1911;0,794
352261;DJ LeMahieu;2012;0,742
352261;DJ LeMahieu;2013;0,673
352261;DJ LeMahieu;2014;0,663
352261;DJ LeMahieu;2015;0,746
352261;DJ LeMahieu;2016;0,911
352261;DJ LeMahieu;2017;0,783
352261;DJ LeMahieu;2018;0,749
352261;DJ LeMahieu;2019;0,893
352261;DJ LeMahieu;2021;0,711
352261;DJ LeMahieu;2022;0,734
352261;DJ LeMahieu;2023;0,718
352261;DJ LeMahieu;2024;0,527
352264;Johnnie LeMaster;1978;0,627
352264;Johnnie LeMaster;1979;0,627
352264;Johnnie LeMaster;1980;0,564
352264;Johnnie LeMaster;1981;0,593
352264;Johnnie LeMaster;1982;0,533
352264;Johnnie LeMaster;1983;0,624
352264;Johnnie LeMaster;1984;0,547
352267;Mark Lemke;1990;0,567
352267;Mark Lemke;1991;0,617
352267;Mark Lemke;1992;0,611
352267;Mark Lemke;1993;0,676
352267;Mark Lemke;1994;0,726
352267;Mark Lemke;1995;0,681
352267;Mark Lemke;1996;0,642
352267;Mark Lemke;1997;0,622
352270;Chet Lemon;1976;0,626
352270;Chet Lemon;1977;0,803
352270;Chet Lemon;1978;0,887
352270;Chet Lemon;1979;0,887
352270;Chet Lemon;1980;0,83
352270;Chet Lemon;1981;0,874
352270;Chet Lemon;1982;0,815
352270;Chet Lemon;1983;0,814
352270;Chet Lemon;1984;0,852
352270;Chet Lemon;1985;0,773
352270;Chet Lemon;1986;0,733
352270;Chet Lemon;1987;0,857
352270;Chet Lemon;1988;0,782
352270;Chet Lemon;1989;0,666
352270;Chet Lemon;1990;0,738
352272;Jim Lemon;1956;0,85
352272;Jim Lemon;1957;0,795
352272;Jim Lemon;1958;0,781
352272;Jim Lemon;1959;0,844
352272;Jim Lemon;1960;0,861
352272;Jim Lemon;1961;0,752
352274;Don Lenhardt;1950;0,871
352274;Don Lenhardt;1953;0,865
352277;Ed Lennox;1909;0,695
352277;Ed Lennox;1910;0,69
352277;Ed Lennox;1914;0,907
352284;Andy Leonard;1872;0,759
352284;Andy Leonard;1873;0,728
352284;Andy Leonard;1874;0,706
352284;Andy Leonard;1875;0,718
352284;Andy Leonard;1876;0,617
352284;Andy Leonard;1877;0,605
352284;Andy Leonard;1878;0,596
352286;Buck Leonard;1943;0,953
352291;Jeffrey Leonard;1979;0,71
352291;Jeffrey Leonard;1980;0,608
352291;Jeffrey Leonard;1982;0,727
352291;Jeffrey Leonard;1983;0,784
352291;Jeffrey Leonard;1984;0,841
352291;Jeffrey Leonard;1985;0,664
352291;Jeffrey Leonard;1986;0,703
352291;Jeffrey Leonard;1987;0,776
352291;Jeffrey Leonard;1988;0,62
352291;Jeffrey Leonard;1989;0,722
352291;Jeffrey Leonard;1990;0,66
352292;Joe Leonard;1917;0,562
352297;Eddie Leon;1969;0,61
352297;Eddie Leon;1970;0,661
352297;Eddie Leon;1971;0,643
352297;Eddie Leon;1972;0,536
352297;Eddie Leon;1973;0,582
352306;Sandy Leon;2016;0,845
352306;Sandy Leon;2017;0,644
352306;Sandy Leon;2018;0,511
352306;Sandy Leon;2021;0,505
352309;Ted Lepcio;1952;0,723
352309;Ted Lepcio;1954;0,713
352309;Ted Lepcio;1956;0,79
352309;Ted Lepcio;1957;0,746
352309;Ted Lepcio;1959;0,746
352312;Don Leppert;1963;0,679
352317;Walt Lerian;1928;0,766
352317;Walt Lerian;1929;0,705
352327;Roy Leslie;1922;0,679
352328;Sam Leslie;1933;0,719
352328;Sam Leslie;1934;0,865
352328;Sam Leslie;1935;0,8
352328;Sam Leslie;1936;0,743
352332;Charlie Letchas;1944;0,555
352339;Jim Levey;1931;0,549
352339;Jim Levey;1932;0,692
352339;Jim Levey;1933;0,477
352341;Charlie Levis;1884;0,553
352342;Jesse Levis;1996;0,631
352342;Jesse Levis;1997;0,696
352355;Buddy Lewis;1936;0,746
352355;Buddy Lewis;1937;0,792
352355;Buddy Lewis;1938;0,785
352355;Buddy Lewis;1939;0,879
352355;Buddy Lewis;1940;0,836
352355;Buddy Lewis;1941;0,82
352355;Buddy Lewis;1945;0,888
352355;Buddy Lewis;1946;0,78
352355;Buddy Lewis;1947;0,672
352355;Buddy Lewis;1949;0,721
352359;Darren Lewis;1991;0,669
352359;Darren Lewis;1992;0,567
352359;Darren Lewis;1993;0,626
352359;Darren Lewis;1994;0,697
352359;Darren Lewis;1995;0,617
352359;Darren Lewis;1996;0,632
352359;Darren Lewis;1998;0,714
352359;Darren Lewis;1999;0,62
352359;Darren Lewis;2000;0,612
352360;Duffy Lewis;1910;0,734
352360;Duffy Lewis;1911;0,792
352360;Duffy Lewis;1912;0,754
352360;Duffy Lewis;1913;0,734
352360;Duffy Lewis;1914;0,755
352360;Duffy Lewis;1915;0,731
352360;Duffy Lewis;1916;0,656
352360;Duffy Lewis;1917;0,735
352360;Duffy Lewis;1919;0,658
352360;Duffy Lewis;1920;0,651
352362;Fred Lewis;1883;0,697
352362;Fred Lewis;1884;0,792
352362;Fred Lewis;1886;0,782
352363;Fred Lewis;2008;0,791
352363;Fred Lewis;2009;0,738
352363;Fred Lewis;2010;0,745
352367;Jack Lewis;1914;0,578
352367;Jack Lewis;1915;0,625
352373;Johnny Lewis;1965;0,715
352376;Kyle Lewis;2020;0,801
352377;Mark Lewis;1991;0,612
352377;Mark Lewis;1992;0,659
352377;Mark Lewis;1996;0,722
352377;Mark Lewis;1997;0,749
352377;Mark Lewis;1998;0,661
352378;Milton Lewis;1927;0,849
352379;Phil Lewis;1905;0,587
352379;Phil Lewis;1906;0,588
352379;Phil Lewis;1907;0,562
352379;Phil Lewis;1908;0,51
352382;Royce Lewis;2023;0,921
352382;Royce Lewis;2024;0,747
352382;Royce Lewis;2025;0,671
352390;Jim Leyritz;1990;0,688
352390;Jim Leyritz;1993;0,935
352390;Jim Leyritz;1994;0,883
352390;Jim Leyritz;1995;0,768
352390;Jim Leyritz;1996;0,736
352390;Jim Leyritz;1997;0,768
352394;Sixto Lezcano;1975;0,706
352394;Sixto Lezcano;1976;0,73
352394;Sixto Lezcano;1977;0,861
352394;Sixto Lezcano;1978;0,837
352394;Sixto Lezcano;1979;0,987
352394;Sixto Lezcano;1980;0,719
352394;Sixto Lezcano;1981;0,768
352394;Sixto Lezcano;1982;0,86
352394;Sixto Lezcano;1983;0,687
352394;Sixto Lezcano;1984;0,851
352399;Al Libke;1945;0,719
352399;Al Libke;1946;0,665
352409;Mike Lieberthal;1997;0,755
352409;Mike Lieberthal;1998;0,703
352409;Mike Lieberthal;1999;0,914
352409;Mike Lieberthal;2000;0,822
352409;Mike Lieberthal;2002;0,792
352409;Mike Lieberthal;2003;0,825
352409;Mike Lieberthal;2004;0,783
352409;Mike Lieberthal;2005;0,755
352409;Mike Lieberthal;2006;0,784
352412;Jeff Liefer;2001;0,833
352412;Jeff Liefer;2002;0,667
352418;Daylen Lile;2025;0,845
352419;Bill Lillard;1940;0,643
352422;Bob Lillis;1961;0,48
352422;Bob Lillis;1962;0,591
352422;Bob Lillis;1963;0,466
352422;Bob Lillis;1964;0,604
352422;Bob Lillis;1965;0,522
352425;Jim Lillie;1883;0,551
352425;Jim Lillie;1884;0,52
352425;Jim Lillie;1885;0,566
352425;Jim Lillie;1886;0,394
352429;Lou Limmer;1951;0,537
352429;Lou Limmer;1954;0,72
352432;Rufino Linares;1981;0,664
352438;Adam Lind;2007;0,678
352438;Adam Lind;2008;0,755
352438;Adam Lind;2009;0,932
352438;Adam Lind;2010;0,712
352438;Adam Lind;2011;0,734
352438;Adam Lind;2012;0,729
352438;Adam Lind;2013;0,854
352438;Adam Lind;2014;0,86
352438;Adam Lind;2015;0,82
352438;Adam Lind;2016;0,717
352438;Adam Lind;2017;0,875
352443;Carl Lind;1928;0,706
352443;Carl Lind;1929;0,566
352446;Jim Lindeman;1987;0,64
352447;Johnny Lindell;1943;0,694
352447;Johnny Lindell;1944;0,851
352447;Johnny Lindell;1946;0,738
352447;Johnny Lindell;1947;0,734
352447;Johnny Lindell;1948;0,898
352447;Johnny Lindell;1949;0,724
352455;Jose Lind;1988;0,632
352455;Jose Lind;1989;0,569
352455;Jose Lind;1990;0,646
352455;Jose Lind;1991;0,644
352455;Jose Lind;1992;0,544
352455;Jose Lind;1993;0,558
352455;Jose Lind;1994;0,654
352456;Francisco Lindor;2015;0,835
352456;Francisco Lindor;2016;0,794
352456;Francisco Lindor;2017;0,842
352456;Francisco Lindor;2018;0,871
352456;Francisco Lindor;2019;0,854
352456;Francisco Lindor;2020;0,75
352456;Francisco Lindor;2021;0,734
352456;Francisco Lindor;2022;0,788
352456;Francisco Lindor;2023;0,806
352456;Francisco Lindor;2024;0,844
352456;Francisco Lindor;2025;0,811
352462;Chris Lindsay;1905;0,631
352462;Chris Lindsay;1906;0,557
352464;Clarence Lindsay;1929;0,709
352466;Freddie Lindstrom;1925;0,761
352466;Freddie Lindstrom;1926;0,771
352466;Freddie Lindstrom;1927;0,79
352466;Freddie Lindstrom;1928;0,894
352466;Freddie Lindstrom;1929;0,819
352466;Freddie Lindstrom;1930;0,999
352466;Freddie Lindstrom;1931;0,785
352466;Freddie Lindstrom;1932;0,71
352466;Freddie Lindstrom;1933;0,798
352466;Freddie Lindstrom;1934;0,738
352466;Freddie Lindstrom;1935;0,686
352488;Larry Lintz;1974;0,61
352489;Phil Linz;1964;0,696
352489;Phil Linz;1965;0,558
352489;Phil Linz;1968;0,479
352493;Johnny Lipon;1948;0,782
352493;Johnny Lipon;1949;0,693
352493;Johnny Lipon;1950;0,745
352493;Johnny Lipon;1951;0,634
352493;Johnny Lipon;1952;0,549
352501;Nelson Liriano;1988;0,63
352501;Nelson Liriano;1989;0,707
352501;Nelson Liriano;1994;0,753
352501;Nelson Liriano;1995;0,745
352501;Nelson Liriano;1996;0,699
352507;Joe Lis;1973;0,728
352510;Pat Listach;1992;0,701
352510;Pat Listach;1993;0,637
352510;Pat Listach;1995;0,531
352510;Pat Listach;1996;0,63
352516;Bryan Little;1983;0,681
352516;Bryan Little;1984;0,625
352533;Greg Litton;1990;0,598
352535;Danny Litwhiler;1941;0,816
352535;Danny Litwhiler;1942;0,7
352535;Danny Litwhiler;1943;0,771
352535;Danny Litwhiler;1944;0,755
352535;Danny Litwhiler;1946;0,8
352535;Danny Litwhiler;1947;0,731
352535;Danny Litwhiler;1948;0,833
352535;Danny Litwhiler;1949;0,857
352542;L. D. Livingston;1929;0,836
352542;L. D. Livingston;1930;0,831
352543;Mickey Livingston;1941;0,518
352543;Mickey Livingston;1942;0,547
352543;Mickey Livingston;1943;0,636
352543;Mickey Livingston;1945;0,641
352545;Scott Livingstone;1992;0,695
352545;Scott Livingstone;1993;0,687
352553;John Henry Lloyd;1916;0,804
352553;John Henry Lloyd;1917;0,79
352553;John Henry Lloyd;1921;0,835
352553;John Henry Lloyd;1922;0,689
352553;John Henry Lloyd;1924;0,873
352553;John Henry Lloyd;1925;0,843
352553;John Henry Lloyd;1929;0,941
352558;Jose Lobaton;2013;0,714
352558;Jose Lobaton;2014;0,591
352560;Hans Lobert;1906;0,732
352560;Hans Lobert;1907;0,612
352560;Hans Lobert;1908;0,755
352560;Hans Lobert;1909;0,598
352560;Hans Lobert;1910;0,764
352560;Hans Lobert;1911;0,772
352560;Hans Lobert;1912;0,809
352560;Hans Lobert;1913;0,777
352560;Hans Lobert;1914;0,691
352560;Hans Lobert;1915;0,622
352562;Tim Locastro;2019;0,697
352564;Harry Lochhead;1899;0,54
352565;Don Lock;1962;0,794
352565;Don Lock;1963;0,784
352565;Don Lock;1964;0,807
352565;Don Lock;1965;0,686
352565;Don Lock;1966;0,73
352565;Don Lock;1967;0,783
352565;Don Lock;1968;0,633
352574;Lester Lockett;1947;0,791
352574;Lester Lockett;1948;0,939
352580;Keith Lockhart;1995;0,833
352580;Keith Lockhart;1996;0,73
352580;Keith Lockhart;1998;0,699
352580;Keith Lockhart;2000;0,684
352580;Keith Lockhart;2002;0,613
352581;Gene Locklear;1975;0,817
352585;Whitey Lockman;1948;0,815
352585;Whitey Lockman;1949;0,798
352585;Whitey Lockman;1950;0,749
352585;Whitey Lockman;1951;0,746
352585;Whitey Lockman;1952;0,759
352585;Whitey Lockman;1953;0,739
352585;Whitey Lockman;1954;0,694
352585;Whitey Lockman;1955;0,704
352585;Whitey Lockman;1957;0,639
352589;Dario Lodigiani;1938;0,748
352589;Dario Lodigiani;1939;0,719
352589;Dario Lodigiani;1941;0,663
352591;Paul Lo Duca;2001;0,917
352591;Paul Lo Duca;2002;0,731
352591;Paul Lo Duca;2003;0,712
352591;Paul Lo Duca;2004;0,795
352591;Paul Lo Duca;2005;0,714
352591;Paul Lo Duca;2006;0,783
352591;Paul Lo Duca;2007;0,689
352599;Kenny Lofton;1992;0,726
352599;Kenny Lofton;1993;0,815
352599;Kenny Lofton;1994;0,948
352599;Kenny Lofton;1995;0,815
352599;Kenny Lofton;1996;0,817
352599;Kenny Lofton;1997;0,837
352599;Kenny Lofton;1998;0,785
352599;Kenny Lofton;1999;0,838
352599;Kenny Lofton;2000;0,791
352599;Kenny Lofton;2001;0,721
352599;Kenny Lofton;2002;0,766
352599;Kenny Lofton;2003;0,811
352599;Kenny Lofton;2004;0,741
352599;Kenny Lofton;2005;0,811
352599;Kenny Lofton;2006;0,763
352599;Kenny Lofton;2007;0,818
352606;Johnny Logan;1952;0,702
352606;Johnny Logan;1953;0,724
352606;Johnny Logan;1954;0,712
352606;Johnny Logan;1955;0,802
352606;Johnny Logan;1956;0,771
352606;Johnny Logan;1957;0,72
352606;Johnny Logan;1958;0,612
352606;Johnny Logan;1959;0,78
352606;Johnny Logan;1960;0,643
352608;Nook Logan;2005;0,641
352608;Nook Logan;2007;0,649
352613;Jack Lohrke;1947;0,738
352613;Jack Lohrke;1948;0,687
352620;Sherm Lollar;1949;0,723
352620;Sherm Lollar;1950;0,841
352620;Sherm Lollar;1951;0,747
352620;Sherm Lollar;1952;0,738
352620;Sherm Lollar;1953;0,804
352620;Sherm Lollar;1954;0,686
352620;Sherm Lollar;1955;0,782
352620;Sherm Lollar;1956;0,821
352620;Sherm Lollar;1957;0,736
352620;Sherm Lollar;1958;0,821
352620;Sherm Lollar;1959;0,796
352620;Sherm Lollar;1960;0,682
352620;Sherm Lollar;1961;0,74
352620;Sherm Lollar;1962;0,719
352625;Ernie Lombardi;1932;0,851
352625;Ernie Lombardi;1933;0,704
352625;Ernie Lombardi;1934;0,769
352625;Ernie Lombardi;1935;0,918
352625;Ernie Lombardi;1936;0,871
352625;Ernie Lombardi;1937;0,835
352625;Ernie Lombardi;1938;0,915
352625;Ernie Lombardi;1939;0,829
352625;Ernie Lombardi;1940;0,871
352625;Ernie Lombardi;1941;0,699
352625;Ernie Lombardi;1942;0,886
352625;Ernie Lombardi;1943;0,778
352625;Ernie Lombardi;1944;0,687
352625;Ernie Lombardi;1945;0,873
352625;Ernie Lombardi;1946;0,814
352626;George Lombard;2002;0,674
352629;Steve Lombardozzi;1986;0,655
352629;Steve Lombardozzi;1987;0,65
352629;Steve Lombardozzi;1988;0,601
352630;Steve Lombardozzi;2012;0,671
352630;Steve Lombardozzi;2013;0,616
352636;James Loney;2007;0,919
352636;James Loney;2008;0,772
352636;James Loney;2009;0,756
352636;James Loney;2010;0,723
352636;James Loney;2011;0,755
352636;James Loney;2012;0,646
352636;James Loney;2013;0,778
352636;James Loney;2014;0,716
352636;James Loney;2015;0,68
352636;James Loney;2016;0,703
352641;Dale Long;1955;0,875
352641;Dale Long;1956;0,812
352641;Dale Long;1957;0,895
352641;Dale Long;1958;0,824
352641;Dale Long;1959;0,738
352641;Dale Long;1961;0,776
352646;Herman Long;1889;0,726
352646;Herman Long;1890;0,675
352646;Herman Long;1891;0,785
352646;Herman Long;1892;0,712
352646;Herman Long;1893;0,758
352646;Herman Long;1894;0,881
352646;Herman Long;1895;0,8
352646;Herman Long;1896;0,847
352646;Herman Long;1897;0,802
352646;Herman Long;1898;0,676
352646;Herman Long;1899;0,697
352646;Herman Long;1900;0,716
352646;Herman Long;1901;0,537
352646;Herman Long;1902;0,554
352646;Herman Long;1903;0,528
352648;Jim Long;1893;0,56
352654;Evan Longoria;2008;0,874
352654;Evan Longoria;2009;0,889
352654;Evan Longoria;2010;0,879
352654;Evan Longoria;2011;0,85
352654;Evan Longoria;2012;0,896
352654;Evan Longoria;2013;0,842
352654;Evan Longoria;2014;0,724
352654;Evan Longoria;2015;0,764
352654;Evan Longoria;2016;0,84
352654;Evan Longoria;2017;0,737
352654;Evan Longoria;2018;0,694
352654;Evan Longoria;2019;0,762
352654;Evan Longoria;2021;0,833
352654;Evan Longoria;2022;0,767
352654;Evan Longoria;2023;0,717
352659;Terrence Long;2000;0,788
352659;Terrence Long;2001;0,747
352659;Terrence Long;2002;0,689
352659;Terrence Long;2003;0,678
352659;Terrence Long;2004;0,756
352659;Terrence Long;2005;0,699
352660;Tom Long;1915;0,785
352660;Tom Long;1916;0,689
352660;Tom Long;1917;0,609
352674;Stan Lopata;1949;0,755
352674;Stan Lopata;1953;0,739
352674;Stan Lopata;1954;0,914
352674;Stan Lopata;1955;0,926
352674;Stan Lopata;1956;0,888
352674;Stan Lopata;1957;0,764
352674;Stan Lopata;1958;0,779
352677;Davey Lopes;1973;0,703
352677;Davey Lopes;1974;0,733
352677;Davey Lopes;1975;0,717
352677;Davey Lopes;1976;0,675
352677;Davey Lopes;1977;0,779
352677;Davey Lopes;1978;0,776
352677;Davey Lopes;1979;0,836
352677;Davey Lopes;1980;0,665
352677;Davey Lopes;1981;0,574
352677;Davey Lopes;1982;0,675
352677;Davey Lopes;1983;0,764
352677;Davey Lopes;1984;0,774
352677;Davey Lopes;1985;0,826
352679;Al Lopez;1930;0,78
352679;Al Lopez;1931;0,652
352679;Al Lopez;1932;0,687
352679;Al Lopez;1933;0,715
352679;Al Lopez;1934;0,732
352679;Al Lopez;1935;0,643
352679;Al Lopez;1936;0,654
352679;Al Lopez;1937;0,551
352679;Al Lopez;1938;0,619
352679;Al Lopez;1939;0,688
352679;Al Lopez;1941;0,677
352679;Al Lopez;1942;0,646
352679;Al Lopez;1943;0,659
352679;Al Lopez;1944;0,584
352679;Al Lopez;1945;0,568
352687;Carlos Lopez;1977;0,75
352688;Cando López;1926;0,851
352689;Felipe Lopez;2002;0,673
352689;Felipe Lopez;2004;0,719
352689;Felipe Lopez;2005;0,838
352689;Felipe Lopez;2006;0,738
352689;Felipe Lopez;2007;0,659
352689;Felipe Lopez;2008;0,619
352689;Felipe Lopez;2009;0,815
352689;Felipe Lopez;2010;0,651
352690;Hector Lopez;1955;0,759
352690;Hector Lopez;1956;0,775
352690;Hector Lopez;1957;0,805
352690;Hector Lopez;1958;0,732
352690;Hector Lopez;1959;0,786
352690;Hector Lopez;1960;0,775
352690;Hector Lopez;1961;0,596
352690;Hector Lopez;1962;0,729
352690;Hector Lopez;1963;0,699
352690;Hector Lopez;1964;0,735
352690;Hector Lopez;1965;0,714
352692;Javy Lopez;1994;0,718
352692;Javy Lopez;1995;0,842
352692;Javy Lopez;1996;0,788
352692;Javy Lopez;1997;0,895
352692;Javy Lopez;1998;0,868
352692;Javy Lopez;1999;0,908
352692;Javy Lopez;2000;0,822
352692;Javy Lopez;2001;0,747
352692;Javy Lopez;2002;0,67
352692;Javy Lopez;2003;1,065
352692;Javy Lopez;2004;0,872
352692;Javy Lopez;2005;0,78
352692;Javy Lopez;2006;0,727
352696;Jose Lopez;2004;0,63
352696;Jose Lopez;2006;0,723
352696;Jose Lopez;2007;0,639
352696;Jose Lopez;2008;0,764
352696;Jose Lopez;2009;0,766
352696;Jose Lopez;2010;0,609
352696;Jose Lopez;2012;0,639
352701;Luis Lopez;1994;0,704
352701;Luis Lopez;1998;0,65
352701;Luis Lopez;2000;0,732
352701;Luis Lopez;2001;0,714
352704;Mendy Lopez;1998;0,612
352706;Nicky Lopez;2019;0,601
352706;Nicky Lopez;2021;0,744
352706;Nicky Lopez;2022;0,554
352706;Nicky Lopez;2024;0,606
352708;Otto Lopez;2024;0,69
352708;Otto Lopez;2025;0,672
352719;Bris Lord;1905;0,583
352719;Bris Lord;1906;0,583
352719;Bris Lord;1909;0,628
352719;Bris Lord;1910;0,672
352719;Bris Lord;1911;0,784
352719;Bris Lord;1912;0,627
352719;Bris Lord;1913;0,663
352722;Harry Lord;1908;0,614
352722;Harry Lord;1909;0,712
352722;Harry Lord;1910;0,607
352722;Harry Lord;1911;0,797
352722;Harry Lord;1912;0,702
352722;Harry Lord;1913;0,673
352722;Harry Lord;1915;0,656
352726;Mark Loretta;1997;0,742
352726;Mark Loretta;1998;0,806
352726;Mark Loretta;1999;0,744
352726;Mark Loretta;2000;0,757
352726;Mark Loretta;2001;0,698
352726;Mark Loretta;2002;0,709
352726;Mark Loretta;2003;0,814
352726;Mark Loretta;2004;0,886
352726;Mark Loretta;2005;0,707
352726;Mark Loretta;2006;0,706
352726;Mark Loretta;2007;0,724
352726;Mark Loretta;2008;0,733
352733;William Louden;1912;0,649
352733;William Louden;1914;0,79
352733;William Louden;1915;0,739
352733;William Louden;1916;0,593
352738;David Lough;2013;0,724
352756;Joe Lovitto;1972;0,573
352756;Joe Lovitto;1974;0,582
352758;Torey Lovullo;1993;0,672
352762;Bobby Lowe;1890;0,757
352762;Bobby Lowe;1891;0,696
352762;Bobby Lowe;1892;0,632
352762;Bobby Lowe;1893;0,803
352762;Bobby Lowe;1894;0,921
352762;Bobby Lowe;1895;0,78
352762;Bobby Lowe;1896;0,772
352762;Bobby Lowe;1897;0,774
352762;Bobby Lowe;1898;0,649
352762;Bobby Lowe;1899;0,65
352762;Bobby Lowe;1900;0,665
352762;Bobby Lowe;1901;0,583
352762;Bobby Lowe;1902;0,561
352762;Bobby Lowe;1904;0,495
352763;Brandon Lowe;2019;0,85
352763;Brandon Lowe;2021;0,863
352763;Brandon Lowe;2022;0,691
352763;Brandon Lowe;2023;0,771
352763;Brandon Lowe;2024;0,783
352763;Brandon Lowe;2025;0,785
352768;Josh Lowe;2023;0,835
352768;Josh Lowe;2024;0,693
352768;Josh Lowe;2025;0,65
352771;Mike Lowell;1999;0,736
352771;Mike Lowell;2000;0,818
352771;Mike Lowell;2001;0,789
352771;Mike Lowell;2002;0,816
352771;Mike Lowell;2003;0,881
352771;Mike Lowell;2004;0,87
352771;Mike Lowell;2005;0,658
352771;Mike Lowell;2006;0,814
352771;Mike Lowell;2007;0,879
352771;Mike Lowell;2008;0,798
352771;Mike Lowell;2009;0,811
352771;Mike Lowell;2010;0,674
352773;Nathaniel Lowe;2021;0,771
352773;Nathaniel Lowe;2022;0,851
352773;Nathaniel Lowe;2023;0,775
352773;Nathaniel Lowe;2024;0,762
352773;Nathaniel Lowe;2025;0,665
352774;John Lowenstein;1973;0,748
352774;John Lowenstein;1974;0,638
352774;John Lowenstein;1975;0,717
352774;John Lowenstein;1976;0,567
352774;John Lowenstein;1982;1,017
352774;John Lowenstein;1983;0,855
352774;John Lowenstein;1984;0,693
352780;Peanuts Lowrey;1943;0,74
352780;Peanuts Lowrey;1945;0,735
352780;Peanuts Lowrey;1946;0,671
352780;Peanuts Lowrey;1947;0,714
352780;Peanuts Lowrey;1948;0,696
352780;Peanuts Lowrey;1949;0,714
352780;Peanuts Lowrey;1950;0,612
352780;Peanuts Lowrey;1951;0,788
352780;Peanuts Lowrey;1952;0,705
352781;Jed Lowrie;2008;0,739
352781;Jed Lowrie;2011;0,685
352781;Jed Lowrie;2012;0,769
352781;Jed Lowrie;2013;0,791
352781;Jed Lowrie;2014;0,676
352781;Jed Lowrie;2015;0,712
352781;Jed Lowrie;2016;0,637
352781;Jed Lowrie;2017;0,808
352781;Jed Lowrie;2018;0,801
352781;Jed Lowrie;2021;0,717
352790;Hal Luby;1944;0,68
352792;Johnny Lucadello;1941;0,748
352792;Johnny Lucadello;1946;0,662
352795;Ed Lucas;2013;0,647
352810;Jonathan Lucroy;2010;0,628
352810;Jonathan Lucroy;2011;0,703
352810;Jonathan Lucroy;2012;0,881
352810;Jonathan Lucroy;2013;0,795
352810;Jonathan Lucroy;2014;0,837
352810;Jonathan Lucroy;2015;0,717
352810;Jonathan Lucroy;2016;0,841
352810;Jonathan Lucroy;2017;0,635
352810;Jonathan Lucroy;2018;0,617
352810;Jonathan Lucroy;2019;0,681
352812;Fred Luderus;1911;0,825
352812;Fred Luderus;1912;0,699
352812;Fred Luderus;1913;0,736
352812;Fred Luderus;1914;0,696
352812;Fred Luderus;1915;0,833
352812;Fred Luderus;1916;0,715
352812;Fred Luderus;1917;0,7
352812;Fred Luderus;1918;0,729
352812;Fred Luderus;1919;0,77
352816;Ryan Ludwick;2007;0,818
352816;Ryan Ludwick;2008;0,966
352816;Ryan Ludwick;2009;0,775
352816;Ryan Ludwick;2010;0,729
352816;Ryan Ludwick;2011;0,674
352816;Ryan Ludwick;2012;0,877
352816;Ryan Ludwick;2014;0,683
352826;Dawel Lugo;2019;0,652
352827;Julio Lugo;2000;0,777
352827;Julio Lugo;2001;0,698
352827;Julio Lugo;2002;0,71
352827;Julio Lugo;2003;0,76
352827;Julio Lugo;2004;0,734
352827;Julio Lugo;2005;0,765
352827;Julio Lugo;2006;0,871
352827;Julio Lugo;2007;0,643
352827;Julio Lugo;2008;0,685
352827;Julio Lugo;2010;0,581
352837;Nathan Lukes;2025;0,73
352838;Eddie Lukon;1946;0,752
352838;Eddie Lukon;1947;0,716
352840;Harry Lumley;1904;0,759
352840;Harry Lumley;1905;0,752
352840;Harry Lumley;1906;0,864
352840;Harry Lumley;1907;0,741
352840;Harry Lumley;1908;0,593
352841;Mike Lum;1968;0,596
352841;Mike Lum;1970;0,704
352841;Mike Lum;1971;0,73
352841;Mike Lum;1972;0,673
352841;Mike Lum;1973;0,813
352841;Mike Lum;1974;0,684
352841;Mike Lum;1975;0,629
352841;Mike Lum;1979;0,663
352842;Jerry Lumpe;1958;0,681
352842;Jerry Lumpe;1959;0,631
352842;Jerry Lumpe;1960;0,683
352842;Jerry Lumpe;1961;0,74
352842;Jerry Lumpe;1962;0,774
352842;Jerry Lumpe;1963;0,696
352842;Jerry Lumpe;1964;0,65
352842;Jerry Lumpe;1965;0,655
352842;Jerry Lumpe;1966;0,566
352843;Hector Luna;2006;0,772
352847;Don Lund;1953;0,712
352853;Dick Lundy;1924;0,908
352853;Dick Lundy;1925;0,757
352853;Dick Lundy;1927;0,915
352853;Dick Lundy;1928;0,898
352853;Dick Lundy;1929;0,903
352856;Tony Lupien;1942;0,735
352856;Tony Lupien;1943;0,656
352856;Tony Lupien;1944;0,723
352856;Tony Lupien;1948;0,643
352857;Al Luplow;1962;0,834
352857;Al Luplow;1963;0,655
352857;Al Luplow;1966;0,678
352858;Jordan Luplow;2019;0,923
352858;Jordan Luplow;2022;0,634
352861;Billy Lush;1896;0,738
352861;Billy Lush;1902;0,608
352861;Billy Lush;1903;0,769
352861;Billy Lush;1904;0,684
352863;Johnny Lush;1904;0,704
352863;Johnny Lush;1906;0,616
352865;Luke Lutenberg;1894;0,545
352869;Rube Lutzke;1923;0,675
352869;Rube Lutzke;1924;0,642
352869;Rube Lutzke;1925;0,564
352869;Rube Lutzke;1926;0,658
352869;Rube Lutzke;1927;0,615
352873;Gavin Lux;2021;0,692
352873;Gavin Lux;2022;0,745
352873;Gavin Lux;2024;0,703
352873;Gavin Lux;2025;0,724
352875;Greg Luzinski;1972;0,785
352875;Greg Luzinski;1973;0,829
352875;Greg Luzinski;1974;0,724
352875;Greg Luzinski;1975;0,934
352875;Greg Luzinski;1976;0,847
352875;Greg Luzinski;1977;0,988
352875;Greg Luzinski;1978;0,914
352875;Greg Luzinski;1979;0,77
352875;Greg Luzinski;1980;0,783
352875;Greg Luzinski;1981;0,841
352875;Greg Luzinski;1982;0,837
352875;Greg Luzinski;1983;0,854
352875;Greg Luzinski;1984;0,693
352889;Jerry Lynch;1954;0,663
352889;Jerry Lynch;1955;0,774
352889;Jerry Lynch;1958;0,835
352889;Jerry Lynch;1959;0,782
352889;Jerry Lynch;1962;0,822
352889;Jerry Lynch;1963;0,771
352889;Jerry Lynch;1964;0,823
352897;Fred Lynn;1975;0,967
352897;Fred Lynn;1976;0,835
352897;Fred Lynn;1977;0,774
352897;Fred Lynn;1978;0,872
352897;Fred Lynn;1979;1,059
352897;Fred Lynn;1980;0,862
352897;Fred Lynn;1981;0,639
352897;Fred Lynn;1982;0,891
352897;Fred Lynn;1983;0,835
352897;Fred Lynn;1984;0,84
352897;Fred Lynn;1985;0,787
352897;Fred Lynn;1986;0,869
352897;Fred Lynn;1987;0,807
352897;Fred Lynn;1988;0,794
352897;Fred Lynn;1989;0,699
352905;Barry Lyons;1989;0,623
352910;Denny Lyons;1887;0,943
352910;Denny Lyons;1888;0,769
352910;Denny Lyons;1889;0,895
352910;Denny Lyons;1890;0,992
352910;Denny Lyons;1891;0,9
352910;Denny Lyons;1892;0,755
352910;Denny Lyons;1893;0,858
352910;Denny Lyons;1894;0,876
352910;Denny Lyons;1896;0,825
352914;Harry Lyons;1888;0,488
352914;Harry Lyons;1890;0,626
352914;Harry Lyons;1892;0,557
352916;Jimmie Lyons;1921;0,814
352916;Jimmie Lyons;1922;0,652
352916;Jimmie Lyons;1923;0,696
352918;Steve Lyons;1985;0,68
352918;Steve Lyons;1988;0,686
352918;Steve Lyons;1989;0,656
352918;Steve Lyons;1991;0,631
352929;Kevin Maas;1990;0,902
352929;Kevin Maas;1991;0,723
352929;Kevin Maas;1992;0,71
352932;John Mabry;1995;0,752
352932;John Mabry;1996;0,773
352932;John Mabry;1997;0,723
352932;John Mabry;1998;0,684
352932;John Mabry;1999;0,698
352932;John Mabry;2004;0,867
352932;John Mabry;2005;0,701
352932;John Mabry;2006;0,607
352942;Mike Macfarlane;1988;0,725
352942;Mike Macfarlane;1990;0,686
352942;Mike Macfarlane;1991;0,836
352942;Mike Macfarlane;1992;0,755
352942;Mike Macfarlane;1993;0,857
352942;Mike Macfarlane;1994;0,821
352942;Mike Macfarlane;1995;0,723
352942;Mike Macfarlane;1996;0,838
352942;Mike Macfarlane;1997;0,717
352942;Mike Macfarlane;1998;0,712
352942;Mike Macfarlane;1999;0,653
352947;Dixon Machado;2018;0,553
352950;Manny Machado;2013;0,746
352950;Manny Machado;2014;0,755
352950;Manny Machado;2015;0,861
352950;Manny Machado;2016;0,876
352950;Manny Machado;2017;0,782
352950;Manny Machado;2018;0,894
352950;Manny Machado;2019;0,796
352950;Manny Machado;2020;0,95
352950;Manny Machado;2021;0,836
352950;Manny Machado;2022;0,898
352950;Manny Machado;2023;0,782
352950;Manny Machado;2024;0,797
352950;Manny Machado;2025;0,795
352956;Vimael Machin;2022;0,587
352958;Jose Macias;2001;0,707
352958;Jose Macias;2002;0,723
352958;Jose Macias;2003;0,626
352961;Pete Mackanin;1975;0,651
352961;Pete Mackanin;1976;0,593
352961;Pete Mackanin;1980;0,656
352961;Pete Mackanin;1981;0,581
352963;Connie Mack;1887;0,454
352963;Connie Mack;1888;0,523
352963;Connie Mack;1889;0,672
352963;Connie Mack;1890;0,697
352963;Connie Mack;1891;0,536
352963;Connie Mack;1892;0,598
352963;Connie Mack;1894;0,619
352964;Denny Mack;1872;0,701
352964;Denny Mack;1873;0,658
352964;Denny Mack;1874;0,486
352964;Denny Mack;1882;0,429
352964;Denny Mack;1883;0,486
352966;Biz Mackey;1921;0,852
352966;Biz Mackey;1922;1,052
352966;Biz Mackey;1924;0,836
352966;Biz Mackey;1925;0,989
352966;Biz Mackey;1926;0,922
352966;Biz Mackey;1928;0,934
352973;Felix Mackiewicz;1945;0,723
352973;Felix Mackiewicz;1946;0,654
352975;Joe Mack;1945;0,643
352976;Rob Mackowiak;2001;0,73
352976;Rob Mackowiak;2002;0,754
352976;Rob Mackowiak;2004;0,739
352976;Rob Mackowiak;2005;0,726
352976;Rob Mackowiak;2006;0,769
352976;Rob Mackowiak;2007;0,772
352979;Ray Mack;1940;0,755
352979;Ray Mack;1941;0,645
352979;Ray Mack;1942;0,579
352979;Ray Mack;1943;0,596
352979;Ray Mack;1944;0,608
352980;Reddy Mack;1886;0,686
352980;Reddy Mack;1887;0,811
352980;Reddy Mack;1888;0,609
352980;Reddy Mack;1889;0,649
352981;Shane Mack;1987;0,66
352981;Shane Mack;1990;0,852
352981;Shane Mack;1991;0,893
352981;Shane Mack;1992;0,86
352981;Shane Mack;1993;0,746
352981;Shane Mack;1994;0,966
352981;Shane Mack;1998;0,794
352986;Max Macon;1944;0,651
352993;Jimmy Macullar;1879;0,469
352993;Jimmy Macullar;1882;0,563
352993;Jimmy Macullar;1884;0,603
352993;Jimmy Macullar;1885;0,584
352993;Jimmy Macullar;1886;0,571
352996;Clarence Maddern;1948;0,675
353006;Elliott Maddox;1970;0,697
353006;Elliott Maddox;1971;0,619
353006;Elliott Maddox;1972;0,65
353006;Elliott Maddox;1974;0,781
353006;Elliott Maddox;1975;0,776
353006;Elliott Maddox;1978;0,699
353006;Elliott Maddox;1979;0,674
353006;Elliott Maddox;1980;0,655
353008;Garry Maddox;1972;0,725
353008;Garry Maddox;1973;0,81
353008;Garry Maddox;1974;0,72
353008;Garry Maddox;1975;0,792
353008;Garry Maddox;1976;0,833
353008;Garry Maddox;1977;0,772
353008;Garry Maddox;1978;0,741
353008;Garry Maddox;1979;0,729
353008;Garry Maddox;1980;0,664
353008;Garry Maddox;1981;0,633
353008;Garry Maddox;1982;0,72
353008;Garry Maddox;1983;0,679
353008;Garry Maddox;1984;0,706
353008;Garry Maddox;1985;0,62
353020;Ed Madjeski;1934;0,598
353021;Bill Madlock;1974;0,815
353021;Bill Madlock;1975;0,881
353021;Bill Madlock;1976;0,912
353021;Bill Madlock;1977;0,785
353021;Bill Madlock;1978;0,859
353021;Bill Madlock;1979;0,783
353021;Bill Madlock;1980;0,739
353021;Bill Madlock;1981;0,907
353021;Bill Madlock;1982;0,856
353021;Bill Madlock;1983;0,83
353021;Bill Madlock;1984;0,62
353021;Bill Madlock;1985;0,711
353021;Bill Madlock;1986;0,739
353021;Bill Madlock;1987;0,811
353025;Nick Madrigal;2021;0,774
353025;Nick Madrigal;2022;0,588
353025;Nick Madrigal;2023;0,663
353032;Dave Magadan;1988;0,728
353032;Dave Magadan;1989;0,76
353032;Dave Magadan;1990;0,874
353032;Dave Magadan;1991;0,721
353032;Dave Magadan;1992;0,736
353032;Dave Magadan;1993;0,734
353032;Dave Magadan;1994;0,708
353032;Dave Magadan;1995;0,827
353032;Dave Magadan;1997;0,805
353032;Dave Magadan;1999;0,732
353035;Lee Magee;1912;0,701
353035;Lee Magee;1913;0,643
353035;Lee Magee;1914;0,691
353035;Lee Magee;1915;0,792
353035;Lee Magee;1916;0,65
353035;Lee Magee;1918;0,725
353035;Lee Magee;1919;0,717
353036;Sherry Magee;1904;0,717
353036;Sherry Magee;1905;0,774
353036;Sherry Magee;1906;0,755
353036;Sherry Magee;1907;0,852
353036;Sherry Magee;1908;0,776
353036;Sherry Magee;1909;0,737
353036;Sherry Magee;1910;0,952
353036;Sherry Magee;1911;0,849
353036;Sherry Magee;1912;0,825
353036;Sherry Magee;1913;0,848
353036;Sherry Magee;1914;0,89
353036;Sherry Magee;1915;0,742
353036;Sherry Magee;1916;0,649
353036;Sherry Magee;1917;0,635
353036;Sherry Magee;1918;0,785
353037;Wendell Magee;2001;0,67
353037;Wendell Magee;2002;0,673
353038;Harl Maggert;1912;0,708
353049;George Magoon;1898;0,546
353049;George Magoon;1899;0,677
353049;George Magoon;1901;0,655
353049;George Magoon;1903;0,581
353054;Chris Magruder;2002;0,614
353055;Freddie Maguire;1928;0,662
353055;Freddie Maguire;1929;0,62
353055;Freddie Maguire;1930;0,625
353055;Freddie Maguire;1931;0,532
353061;Art Mahan;1940;0,615
353085;Mikie Mahtook;2017;0,787
353085;Mikie Mahtook;2018;0,635
353086;Bob Maier;1945;0,667
353087;Mitch Maier;2009;0,665
353087;Mitch Maier;2010;0,709
353088;Luke Maile;2018;0,7
353099;Fritz Maisel;1914;0,659
353099;Fritz Maisel;1915;0,699
353099;Fritz Maisel;1917;0,495
353099;Fritz Maisel;1918;0,602
353100;George Maisel;1921;0,673
353101;Hank Majeski;1939;0,689
353101;Hank Majeski;1946;0,657
353101;Hank Majeski;1947;0,763
353101;Hank Majeski;1948;0,822
353101;Hank Majeski;1949;0,744
353101;Hank Majeski;1950;0,783
353101;Hank Majeski;1951;0,773
353110;Dave Malarcher;1921;0,532
353110;Dave Malarcher;1923;0,797
353110;Dave Malarcher;1924;0,685
353110;Dave Malarcher;1925;0,794
353110;Dave Malarcher;1926;0,675
353110;Dave Malarcher;1927;0,661
353114;Charlie Malay;1905;0,593
353118;Candy Maldonado;1984;0,7
353118;Candy Maldonado;1985;0,626
353118;Candy Maldonado;1986;0,766
353118;Candy Maldonado;1987;0,855
353118;Candy Maldonado;1988;0,688
353118;Candy Maldonado;1989;0,659
353118;Candy Maldonado;1990;0,776
353118;Candy Maldonado;1992;0,819
353121;Martin Maldonado;2012;0,729
353121;Martin Maldonado;2015;0,575
353121;Martin Maldonado;2016;0,683
353121;Martin Maldonado;2017;0,645
353121;Martin Maldonado;2018;0,616
353121;Martin Maldonado;2019;0,657
353121;Martin Maldonado;2021;0,573
353121;Martin Maldonado;2022;0,6
353121;Martin Maldonado;2023;0,606
353122;Jim Maler;1982;0,618
353126;Bobby Malkmus;1961;0,603
353138;Justyn-Henry Malloy;2024;0,658
353139;Les Mallon;1931;0,738
353139;Les Mallon;1932;0,667
353139;Les Mallon;1935;0,679
353142;Harry Malmberg;1955;0,569
353144;Billy Maloney;1901;0,659
353144;Billy Maloney;1905;0,676
353144;Billy Maloney;1906;0,558
353144;Billy Maloney;1907;0,57
353144;Billy Maloney;1908;0,528
353148;Fergy Malone;1872;0,628
353148;Fergy Malone;1873;0,673
353148;Fergy Malone;1874;0,538
353151;Lew Malone;1915;0,561
353160;Frank Malzone;1957;0,751
353160;Frank Malzone;1958;0,754
353160;Frank Malzone;1959;0,76
353160;Frank Malzone;1960;0,711
353160;Frank Malzone;1961;0,7
353160;Frank Malzone;1962;0,745
353160;Frank Malzone;1963;0,746
353160;Frank Malzone;1964;0,685
353160;Frank Malzone;1965;0,612
353163;Trey Mancini;2017;0,826
353163;Trey Mancini;2018;0,715
353163;Trey Mancini;2019;0,899
353163;Trey Mancini;2021;0,758
353163;Trey Mancini;2022;0,751
353163;Trey Mancini;2023;0,635
353164;Frank Mancuso;1944;0,533
353164;Frank Mancuso;1945;0,682
353164;Frank Mancuso;1946;0,651
353165;Gus Mancuso;1930;0,965
353165;Gus Mancuso;1932;0,76
353165;Gus Mancuso;1933;0,676
353165;Gus Mancuso;1934;0,632
353165;Gus Mancuso;1935;0,722
353165;Gus Mancuso;1936;0,755
353165;Gus Mancuso;1937;0,706
353165;Gus Mancuso;1939;0,593
353165;Gus Mancuso;1941;0,601
353165;Gus Mancuso;1943;0,526
353173;Angel Mangual;1971;0,686
353173;Angel Mangual;1972;0,649
353173;Angel Mangual;1974;0,632
353175;Jake Mangum;2025;0,698
353177;Pepe Mangual;1975;0,677
353177;Pepe Mangual;1976;0,756
353178;Clyde Manion;1928;0,554
353179;Phil Mankowski;1977;0,671
353179;Phil Mankowski;1978;0,709
353184;Fred Mann;1883;0,65
353184;Fred Mann;1884;0,805
353184;Fred Mann;1885;0,645
353184;Fred Mann;1886;0,698
353184;Fred Mann;1887;0,777
353190;Jack Manning;1875;0,602
353190;Jack Manning;1876;0,611
353190;Jack Manning;1877;0,767
353190;Jack Manning;1878;0,585
353190;Jack Manning;1883;0,664
353190;Jack Manning;1884;0,728
353190;Jack Manning;1885;0,662
353190;Jack Manning;1886;0,577
353191;Jim Manning;1884;0,596
353191;Jim Manning;1885;0,563
353191;Jim Manning;1889;0,577
353196;Rick Manning;1975;0,705
353196;Rick Manning;1976;0,73
353196;Rick Manning;1977;0,619
353196;Rick Manning;1978;0,647
353196;Rick Manning;1979;0,626
353196;Rick Manning;1980;0,627
353196;Rick Manning;1981;0,655
353196;Rick Manning;1982;0,686
353196;Rick Manning;1983;0,591
353196;Rick Manning;1984;0,688
353196;Rick Manning;1985;0,562
353196;Rick Manning;1986;0,744
353198;Tim Manning;1884;0,569
353202;Les Mann;1913;0,66
353202;Les Mann;1914;0,668
353202;Les Mann;1915;0,795
353202;Les Mann;1916;0,669
353202;Les Mann;1917;0,683
353202;Les Mann;1918;0,727
353202;Les Mann;1919;0,575
353202;Les Mann;1920;0,693
353202;Les Mann;1921;0,902
353207;Fred Manrique;1987;0,665
353207;Fred Manrique;1988;0,625
353207;Fred Manrique;1990;0,601
353209;Mike Mansell;1879;0,491
353209;Mike Mansell;1882;0,72
353209;Mike Mansell;1883;0,671
353210;Tom Mansell;1884;0,609
353216;Felix Mantilla;1958;0,627
353216;Felix Mantilla;1959;0,537
353216;Felix Mantilla;1962;0,729
353216;Felix Mantilla;1964;0,91
353216;Felix Mantilla;1965;0,79
353218;Mickey Mantle;1951;0,792
353218;Mickey Mantle;1952;0,924
353218;Mickey Mantle;1953;0,895
353218;Mickey Mantle;1954;0,933
353218;Mickey Mantle;1955;1,042
353218;Mickey Mantle;1956;1,169
353218;Mickey Mantle;1957;1,177
353218;Mickey Mantle;1958;1,035
353218;Mickey Mantle;1959;0,904
353218;Mickey Mantle;1960;0,957
353218;Mickey Mantle;1961;1,135
353218;Mickey Mantle;1962;1,091
353218;Mickey Mantle;1964;1,015
353218;Mickey Mantle;1965;0,831
353218;Mickey Mantle;1966;0,927
353218;Mickey Mantle;1967;0,825
353218;Mickey Mantle;1968;0,782
353219;Jeff Manto;1995;0,817
353226;Heinie Manush;1923;0,877
353226;Heinie Manush;1924;0,803
353226;Heinie Manush;1925;0,79
353226;Heinie Manush;1926;0,985
353226;Heinie Manush;1927;0,796
353226;Heinie Manush;1928;0,989
353226;Heinie Manush;1929;0,901
353226;Heinie Manush;1930;0,965
353226;Heinie Manush;1931;0,789
353226;Heinie Manush;1932;0,903
353226;Heinie Manush;1933;0,831
353226;Heinie Manush;1934;0,915
353226;Heinie Manush;1935;0,719
353226;Heinie Manush;1936;0,7
353226;Heinie Manush;1937;0,831
353228;Kirt Manwaring;1989;0,514
353228;Kirt Manwaring;1992;0,646
353228;Kirt Manwaring;1993;0,695
353228;Kirt Manwaring;1994;0,628
353228;Kirt Manwaring;1995;0,647
353228;Kirt Manwaring;1997;0,567
353228;Kirt Manwaring;1998;0,669
353231;Kyle Manzardo;2025;0,768
353233;Tommy Manzella;2010;0,531
353235;Cliff Mapes;1949;0,747
353235;Cliff Mapes;1950;0,76
353235;Cliff Mapes;1951;0,792
353241;Rabbit Maranville;1913;0,638
353241;Rabbit Maranville;1914;0,632
353241;Rabbit Maranville;1915;0,632
353241;Rabbit Maranville;1916;0,62
353241;Rabbit Maranville;1917;0,668
353241;Rabbit Maranville;1919;0,696
353241;Rabbit Maranville;1920;0,676
353241;Rabbit Maranville;1921;0,727
353241;Rabbit Maranville;1922;0,733
353241;Rabbit Maranville;1923;0,673
353241;Rabbit Maranville;1924;0,706
353241;Rabbit Maranville;1925;0,602
353241;Rabbit Maranville;1926;0,624
353241;Rabbit Maranville;1928;0,652
353241;Rabbit Maranville;1929;0,71
353241;Rabbit Maranville;1930;0,711
353241;Rabbit Maranville;1931;0,646
353241;Rabbit Maranville;1932;0,579
353241;Rabbit Maranville;1933;0,539
353244;Tucupita Marcano;2023;0,633
353245;Oliver Marcell;1921;0,829
353245;Oliver Marcell;1922;0,694
353245;Oliver Marcell;1924;0,86
353245;Oliver Marcell;1925;0,833
353245;Oliver Marcell;1927;0,802
353245;Oliver Marcell;1929;0,718
353254;Manuel Margot;2017;0,721
353254;Manuel Margot;2018;0,675
353254;Manuel Margot;2019;0,691
353254;Manuel Margot;2021;0,696
353254;Manuel Margot;2022;0,7
353254;Manuel Margot;2023;0,686
353254;Manuel Margot;2024;0,626
353260;Marty Marion;1940;0,656
353260;Marty Marion;1941;0,628
353260;Marty Marion;1942;0,718
353260;Marty Marion;1943;0,671
353260;Marty Marion;1944;0,686
353260;Marty Marion;1945;0,709
353260;Marty Marion;1946;0,643
353260;Marty Marion;1947;0,686
353260;Marty Marion;1948;0,631
353260;Marty Marion;1949;0,692
353260;Marty Marion;1950;0,644
353263;Jake Marisnick;2015;0,665
353263;Jake Marisnick;2016;0,588
353263;Jake Marisnick;2017;0,815
353263;Jake Marisnick;2018;0,674
353263;Jake Marisnick;2019;0,7
353264;Roger Maris;1957;0,749
353264;Roger Maris;1958;0,737
353264;Roger Maris;1959;0,824
353264;Roger Maris;1960;0,952
353264;Roger Maris;1961;0,993
353264;Roger Maris;1962;0,84
353264;Roger Maris;1963;0,887
353264;Roger Maris;1964;0,828
353264;Roger Maris;1966;0,689
353264;Roger Maris;1967;0,751
353264;Roger Maris;1968;0,681
353266;Nick Markakis;2006;0,799
353266;Nick Markakis;2007;0,848
353266;Nick Markakis;2008;0,897
353266;Nick Markakis;2009;0,801
353266;Nick Markakis;2010;0,805
353266;Nick Markakis;2011;0,756
353266;Nick Markakis;2012;0,834
353266;Nick Markakis;2013;0,685
353266;Nick Markakis;2014;0,729
353266;Nick Markakis;2015;0,746
353266;Nick Markakis;2016;0,744
353266;Nick Markakis;2017;0,738
353266;Nick Markakis;2018;0,806
353266;Nick Markakis;2019;0,776
353294;Luis Márquez;1947;0,823
353301;Eli Marrero;1998;0,688
353301;Eli Marrero;1999;0,533
353301;Eli Marrero;2001;0,751
353301;Eli Marrero;2002;0,777
353301;Eli Marrero;2004;0,894
353303;William Marriott;1925;0,628
353303;William Marriott;1926;0,681
353304;Lefty Marr;1889;0,821
353304;Lefty Marr;1890;0,742
353304;Lefty Marr;1891;0,655
353306;Armando Marsans;1912;0,757
353306;Armando Marsans;1913;0,668
353306;Armando Marsans;1916;0,619
353306;Armando Marsans;1917;0,561
353308;Jakob Marsee;2025;0,842
353315;Brandon Marsh;2021;0,673
353315;Brandon Marsh;2022;0,637
353315;Brandon Marsh;2023;0,829
353315;Brandon Marsh;2024;0,747
353315;Brandon Marsh;2025;0,785
353318;Dave Marshall;1969;0,628
353318;Dave Marshall;1971;0,654
353319;Doc Marshall;1907;0,515
353320;Doc Marshall;1930;0,709
353320;Doc Marshall;1932;0,562
353322;Fred Marsh;1951;0,634
353322;Fred Marsh;1952;0,71
353322;Fred Marsh;1955;0,567
353326;Jim Marshall;1959;0,729
353329;Max Marshall;1942;0,65
353329;Max Marshall;1943;0,6
353329;Max Marshall;1944;0,679
353331;Mike Marshall;1983;0,782
353331;Mike Marshall;1984;0,753
353331;Mike Marshall;1985;0,857
353331;Mike Marshall;1986;0,738
353331;Mike Marshall;1987;0,787
353331;Mike Marshall;1988;0,758
353331;Mike Marshall;1989;0,733
353335;Willard Marshall;1942;0,679
353335;Willard Marshall;1946;0,733
353335;Willard Marshall;1947;0,894
353335;Willard Marshall;1948;0,769
353335;Willard Marshall;1949;0,83
353335;Willard Marshall;1950;0,652
353335;Willard Marshall;1951;0,784
353335;Willard Marshall;1952;0,723
353335;Willard Marshall;1953;0,824
353336;Lou Marson;2010;0,56
353336;Lou Marson;2011;0,596
353339;Andy Marte;2008;0,583
353343;Jefry Marte;2016;0,79
353345;Ketel Marte;2015;0,753
353345;Ketel Marte;2016;0,61
353345;Ketel Marte;2017;0,74
353345;Ketel Marte;2018;0,768
353345;Ketel Marte;2019;0,981
353345;Ketel Marte;2021;0,909
353345;Ketel Marte;2022;0,727
353345;Ketel Marte;2023;0,844
353345;Ketel Marte;2024;0,932
353345;Ketel Marte;2025;0,893
353349;Noelvi Marte;2024;0,549
353349;Noelvi Marte;2025;0,748
353350;Starling Marte;2013;0,784
353350;Starling Marte;2014;0,808
353350;Starling Marte;2015;0,78
353350;Starling Marte;2016;0,818
353350;Starling Marte;2017;0,712
353350;Starling Marte;2018;0,787
353350;Starling Marte;2019;0,845
353350;Starling Marte;2021;0,84
353350;Starling Marte;2022;0,814
353350;Starling Marte;2023;0,625
353350;Starling Marte;2024;0,715
353350;Starling Marte;2025;0,745
353357;Al Martin;1993;0,82
353357;Al Martin;1994;0,824
353357;Al Martin;1995;0,792
353357;Al Martin;1996;0,806
353357;Al Martin;1997;0,832
353357;Al Martin;1998;0,66
353357;Al Martin;1999;0,844
353357;Al Martin;2000;0,834
353357;Al Martin;2001;0,712
353357;Al Martin;2003;0,663
353359;Angel Martínez;2025;0,628
353360;Austin Martin;2024;0,67
353364;Billy Martin;1952;0,668
353364;Billy Martin;1953;0,71
353364;Billy Martin;1956;0,708
353364;Billy Martin;1957;0,71
353364;Billy Martin;1958;0,619
353364;Billy Martin;1959;0,691
353364;Billy Martin;1960;0,639
353364;Billy Martin;1961;0,636
353366;Buck Martinez;1969;0,585
353366;Buck Martinez;1975;0,616
353366;Buck Martinez;1976;0,625
353366;Buck Martinez;1978;0,533
353366;Buck Martinez;1980;0,572
353366;Buck Martinez;1982;0,724
353366;Buck Martinez;1983;0,79
353366;Buck Martinez;1984;0,651
353367;Carmelo Martinez;1984;0,736
353367;Carmelo Martinez;1985;0,796
353367;Carmelo Martinez;1986;0,723
353367;Carmelo Martinez;1987;0,802
353367;Carmelo Martinez;1988;0,717
353367;Carmelo Martinez;1989;0,651
353368;Carlos Martinez;1989;0,746
353368;Carlos Martinez;1990;0,579
353368;Carlos Martinez;1991;0,707
353368;Carlos Martinez;1992;0,661
353368;Carlos Martinez;1993;0,634
353371;Chito Martinez;1991;0,817
353377;Dave Martinez;1987;0,79
353377;Dave Martinez;1988;0,659
353377;Dave Martinez;1989;0,706
353377;Dave Martinez;1990;0,743
353377;Dave Martinez;1991;0,751
353377;Dave Martinez;1992;0,677
353377;Dave Martinez;1993;0,678
353377;Dave Martinez;1994;0,676
353377;Dave Martinez;1995;0,806
353377;Dave Martinez;1996;0,861
353377;Dave Martinez;1997;0,768
353377;Dave Martinez;1998;0,655
353377;Dave Martinez;1999;0,748
353377;Dave Martinez;2001;0,731
353383;Edgar Martinez;1990;0,83
353383;Edgar Martinez;1991;0,857
353383;Edgar Martinez;1992;0,948
353383;Edgar Martinez;1994;0,869
353383;Edgar Martinez;1995;1,107
353383;Edgar Martinez;1996;1,059
353383;Edgar Martinez;1997;1,009
353383;Edgar Martinez;1998;0,993
353383;Edgar Martinez;1999;1,001
353383;Edgar Martinez;2000;1,002
353383;Edgar Martinez;2001;0,966
353383;Edgar Martinez;2002;0,888
353383;Edgar Martinez;2003;0,895
353383;Edgar Martinez;2004;0,727
353385;Felix Martinez;2000;0,603
353385;Felix Martinez;2001;0,622
353393;Hersh Martin;1937;0,771
353393;Hersh Martin;1938;0,768
353393;Hersh Martin;1939;0,741
353393;Hersh Martin;1944;0,816
353393;Hersh Martin;1945;0,76
353395;Jack Martin;1912;0,606
353395;Jack Martin;1914;0,61
353398;J. C. Martin;1961;0,625
353398;J. C. Martin;1963;0,591
353398;J. C. Martin;1964;0,52
353398;J. C. Martin;1965;0,672
353398;J. C. Martin;1967;0,654
353398;J. C. Martin;1968;0,613
353400;J. D. Martinez;2011;0,742
353400;J. D. Martinez;2012;0,685
353400;J. D. Martinez;2013;0,65
353400;J. D. Martinez;2014;0,912
353400;J. D. Martinez;2015;0,879
353400;J. D. Martinez;2016;0,908
353400;J. D. Martinez;2017;1,0625
353400;J. D. Martinez;2018;1,031
353400;J. D. Martinez;2019;0,939
353400;J. D. Martinez;2020;0,68
353400;J. D. Martinez;2021;0,867
353400;J. D. Martinez;2022;0,79
353400;J. D. Martinez;2023;0,893
353400;J. D. Martinez;2024;0,725
353401;Jerry Martin;1977;0,774
353401;Jerry Martin;1978;0,79
353401;Jerry Martin;1979;0,774
353401;Jerry Martin;1980;0,701
353401;Jerry Martin;1981;0,644
353401;Jerry Martin;1982;0,715
353409;Jose Martinez;2017;0,897
353409;Jose Martinez;2018;0,821
353409;Jose Martinez;2019;0,751
353413;Leonys Martin;2013;0,698
353413;Leonys Martin;2014;0,689
353413;Leonys Martin;2015;0,576
353413;Leonys Martin;2016;0,684
353413;Leonys Martin;2018;0,731
353413;Leonys Martin;2019;0,619
353417;Marty Martinez;1968;0,552
353418;Manny Martinez;1999;0,621
353420;Michael Martinez;2011;0,54
353424;Norberto Martin;1997;0,691
353432;Pepper Martin;1931;0,818
353432;Pepper Martin;1932;0,677
353432;Pepper Martin;1933;0,843
353432;Pepper Martin;1934;0,762
353432;Pepper Martin;1935;0,789
353432;Pepper Martin;1936;0,842
353432;Pepper Martin;1937;0,841
353432;Pepper Martin;1938;0,738
353432;Pepper Martin;1939;0,823
353432;Pepper Martin;1940;0,835
353439;Ramon Martinez;2001;0,676
353439;Ramon Martinez;2003;0,709
353439;Ramon Martinez;2004;0,659
353444;Richie Martin;2019;0,581
353446;Russell Martin;2006;0,792
353446;Russell Martin;2007;0,843
353446;Russell Martin;2008;0,781
353446;Russell Martin;2009;0,68
353446;Russell Martin;2010;0,679
353446;Russell Martin;2011;0,732
353446;Russell Martin;2012;0,713
353446;Russell Martin;2013;0,703
353446;Russell Martin;2014;0,832
353446;Russell Martin;2015;0,787
353446;Russell Martin;2016;0,733
353446;Russell Martin;2017;0,731
353446;Russell Martin;2018;0,663
353446;Russell Martin;2019;0,667
353447;Sandy Martinez;1996;0,62
353452;Stu Martin;1936;0,796
353452;Stu Martin;1937;0,662
353452;Stu Martin;1938;0,685
353452;Stu Martin;1939;0,709
353452;Stu Martin;1940;0,637
353452;Stu Martin;1941;0,719
353453;Stack Martin;1926;0,9
353453;Stack Martin;1927;0,729
353454;Ted Martinez;1972;0,532
353454;Ted Martinez;1973;0,602
353454;Ted Martinez;1974;0,571
353456;Tino Martinez;1992;0,727
353456;Tino Martinez;1993;0,799
353456;Tino Martinez;1994;0,828
353456;Tino Martinez;1995;0,92
353456;Tino Martinez;1996;0,83
353456;Tino Martinez;1997;0,948
353456;Tino Martinez;1998;0,86
353456;Tino Martinez;1999;0,8
353456;Tino Martinez;2000;0,749
353456;Tino Martinez;2001;0,83
353456;Tino Martinez;2002;0,776
353456;Tino Martinez;2003;0,781
353456;Tino Martinez;2004;0,823
353456;Tino Martinez;2005;0,767
353459;Victor Martinez;2004;0,851
353459;Victor Martinez;2005;0,853
353459;Victor Martinez;2006;0,856
353459;Victor Martinez;2007;0,879
353459;Victor Martinez;2008;0,701
353459;Victor Martinez;2009;0,872
353459;Victor Martinez;2010;0,844
353459;Victor Martinez;2011;0,85
353459;Victor Martinez;2013;0,785
353459;Victor Martinez;2014;0,974
353459;Victor Martinez;2015;0,667
353459;Victor Martinez;2016;0,826
353459;Victor Martinez;2017;0,697
353459;Victor Martinez;2018;0,651
353462;Bob Martyn;1958;0,73
353463;Joe Marty;1937;0,77
353463;Joe Marty;1938;0,696
353463;Joe Marty;1939;0,734
353463;Joe Marty;1940;0,735
353463;Joe Marty;1941;0,715
353471;Damon Mashore;1997;0,7
353473;Phil Masi;1943;0,692
353473;Phil Masi;1944;0,757
353473;Phil Masi;1945;0,766
353473;Phil Masi;1946;0,715
353473;Phil Masi;1947;0,82
353473;Phil Masi;1948;0,661
353473;Phil Masi;1950;0,756
353473;Phil Masi;1951;0,758
353475;Leech Maskrey;1882;0,537
353475;Leech Maskrey;1883;0,515
353475;Leech Maskrey;1884;0,582
353475;Leech Maskrey;1885;0,576
353479;Charlie Mason;1923;0,898
353479;Charlie Mason;1924;0,973
353481;Don Mason;1969;0,584
353481;Don Mason;1971;0,54
353484;Jim Mason;1973;0,563
353484;Jim Mason;1974;0,654
353484;Jim Mason;1975;0,438
353484;Jim Mason;1976;0,445
353490;Michael Massey;2023;0,655
353490;Michael Massey;2024;0,743
353490;Michael Massey;2025;0,581
353492;Red Massey;1918;0,703
353507;Tommy Matchick;1968;0,534
353507;Tommy Matchick;1969;0,568
353509;Jorge Mateo;2022;0,646
353509;Jorge Mateo;2023;0,607
353513;Ruben Mateo;2000;0,786
353513;Ruben Mateo;2003;0,619
353514;Bobby Mathews;1872;0,47
353514;Bobby Mathews;1873;0,461
353514;Bobby Mathews;1874;0,518
353514;Bobby Mathews;1875;0,408
353514;Bobby Mathews;1876;0,406
353517;Eddie Mathews;1952;0,767
353517;Eddie Mathews;1953;1,033
353517;Eddie Mathews;1954;1,026
353517;Eddie Mathews;1955;1,014
353517;Eddie Mathews;1956;0,892
353517;Eddie Mathews;1957;0,927
353517;Eddie Mathews;1958;0,807
353517;Eddie Mathews;1959;0,983
353517;Eddie Mathews;1960;0,948
353517;Eddie Mathews;1961;0,937
353517;Eddie Mathews;1962;0,877
353517;Eddie Mathews;1963;0,852
353517;Eddie Mathews;1964;0,756
353517;Eddie Mathews;1965;0,81
353517;Eddie Mathews;1966;0,761
353517;Eddie Mathews;1967;0,714
353521;Joe Mather;2012;0,581
353522;Mike Matheny;1996;0,584
353522;Mike Matheny;1997;0,631
353522;Mike Matheny;1998;0,612
353522;Mike Matheny;2000;0,679
353522;Mike Matheny;2001;0,581
353522;Mike Matheny;2002;0,63
353522;Mike Matheny;2003;0,676
353522;Mike Matheny;2004;0,64
353522;Mike Matheny;2005;0,701
353523;Nelson Mathews;1964;0,67
353528;Jeff Mathis;2008;0,593
353528;Jeff Mathis;2009;0,596
353528;Jeff Mathis;2010;0,497
353528;Jeff Mathis;2011;0,484
353528;Jeff Mathis;2012;0,642
353528;Jeff Mathis;2013;0,535
353528;Jeff Mathis;2019;0,433
353539;Nick Maton;2023;0,593
353543;Luis Matos;2003;0,811
353543;Luis Matos;2004;0,609
353543;Luis Matos;2005;0,712
353544;Luis Matos;2023;0,661
353549;Hideki Matsui;2003;0,788
353549;Hideki Matsui;2004;0,912
353549;Hideki Matsui;2005;0,863
353549;Hideki Matsui;2007;0,855
353549;Hideki Matsui;2008;0,795
353549;Hideki Matsui;2009;0,876
353549;Hideki Matsui;2010;0,82
353549;Hideki Matsui;2011;0,696
353550;Kazuo Matsui;2004;0,727
353550;Kazuo Matsui;2005;0,652
353550;Kazuo Matsui;2007;0,746
353550;Kazuo Matsui;2008;0,781
353550;Kazuo Matsui;2009;0,659
353560;Fran Matthews;1941;0,665
353561;Gary Matthews;1973;0,812
353561;Gary Matthews;1974;0,81
353561;Gary Matthews;1975;0,807
353561;Gary Matthews;1976;0,802
353561;Gary Matthews;1977;0,799
353561;Gary Matthews;1978;0,828
353561;Gary Matthews;1979;0,865
353561;Gary Matthews;1980;0,744
353561;Gary Matthews;1981;0,849
353561;Gary Matthews;1982;0,776
353561;Gary Matthews;1983;0,727
353561;Gary Matthews;1984;0,838
353561;Gary Matthews;1985;0,768
353561;Gary Matthews;1986;0,839
353562;Gary Matthews;2001;0,684
353562;Gary Matthews;2002;0,782
353562;Gary Matthews;2003;0,725
353562;Gary Matthews;2004;0,811
353562;Gary Matthews;2005;0,756
353562;Gary Matthews;2006;0,866
353562;Gary Matthews;2007;0,742
353562;Gary Matthews;2008;0,675
353562;Gary Matthews;2009;0,697
353570;Wid Matthews;1923;0,671
353572;Bobby Mattick;1940;0,502
353573;Don Mattingly;1983;0,742
353573;Don Mattingly;1984;0,918
353573;Don Mattingly;1985;0,939
353573;Don Mattingly;1986;0,967
353573;Don Mattingly;1987;0,937
353573;Don Mattingly;1988;0,816
353573;Don Mattingly;1989;0,828
353573;Don Mattingly;1990;0,643
353573;Don Mattingly;1991;0,733
353573;Don Mattingly;1992;0,742
353573;Don Mattingly;1993;0,809
353573;Don Mattingly;1994;0,808
353573;Don Mattingly;1995;0,754
353578;Wally Mattick;1912;0,692
353578;Wally Mattick;1913;0,49
353584;Len Matuszek;1984;0,808
353588;Gene Mauch;1957;0,704
353590;Joe Mauer;2005;0,783
353590;Joe Mauer;2006;0,936
353590;Joe Mauer;2007;0,808
353590;Joe Mauer;2008;0,864
353590;Joe Mauer;2009;1,031
353590;Joe Mauer;2010;0,871
353590;Joe Mauer;2011;0,729
353590;Joe Mauer;2012;0,861
353590;Joe Mauer;2013;0,88
353590;Joe Mauer;2014;0,732
353590;Joe Mauer;2015;0,718
353590;Joe Mauer;2016;0,752
353590;Joe Mauer;2017;0,801
353590;Joe Mauer;2018;0,729
353591;Al Maul;1888;0,55
353591;Al Maul;1889;0,749
353606;Dal Maxvill;1966;0,606
353606;Dal Maxvill;1967;0,576
353606;Dal Maxvill;1968;0,627
353606;Dal Maxvill;1969;0,492
353606;Dal Maxvill;1970;0,51
353606;Dal Maxvill;1971;0,565
353606;Dal Maxvill;1972;0,56
353606;Dal Maxvill;1973;0,496
353609;Bruce Maxwell;2017;0,663
353610;Charlie Maxwell;1956;0,948
353610;Charlie Maxwell;1957;0,858
353610;Charlie Maxwell;1958;0,795
353610;Charlie Maxwell;1959;0,819
353610;Charlie Maxwell;1960;0,765
353610;Charlie Maxwell;1962;0,889
353612;Justin Maxwell;2012;0,764
353612;Justin Maxwell;2015;0,616
353616;John Mayberry;1972;0,9
353616;John Mayberry;1973;0,895
353616;John Mayberry;1974;0,782
353616;John Mayberry;1975;0,963
353616;John Mayberry;1976;0,663
353616;John Mayberry;1977;0,737
353616;John Mayberry;1978;0,745
353616;John Mayberry;1979;0,833
353616;John Mayberry;1980;0,822
353616;John Mayberry;1981;0,812
353616;John Mayberry;1982;0,667
353617;John Mayberry;2011;0,854
353617;John Mayberry;2012;0,695
353617;John Mayberry;2013;0,677
353618;Cameron Maybin;2010;0,663
353618;Cameron Maybin;2011;0,716
353618;Cameron Maybin;2012;0,656
353618;Cameron Maybin;2014;0,621
353618;Cameron Maybin;2015;0,697
353618;Cameron Maybin;2016;0,801
353618;Cameron Maybin;2017;0,685
353618;Cameron Maybin;2018;0,681
353618;Cameron Maybin;2019;0,858
353620;Carlos May;1969;0,873
353620;Carlos May;1970;0,788
353620;Carlos May;1971;0,781
353620;Carlos May;1972;0,843
353620;Carlos May;1973;0,747
353620;Carlos May;1974;0,64
353620;Carlos May;1975;0,747
353620;Carlos May;1976;0,72
353621;Dave May;1970;0,659
353621;Dave May;1971;0,769
353621;Dave May;1972;0,646
353621;Dave May;1973;0,824
353621;Dave May;1974;0,598
353621;Dave May;1975;0,853
353621;Dave May;1976;0,609
353621;Dave May;1977;0,661
353623;Derrick May;1992;0,679
353623;Derrick May;1993;0,757
353623;Derrick May;1994;0,76
353623;Derrick May;1995;0,858
353623;Derrick May;1996;0,708
353625;Lee Maye;1961;0,777
353625;Lee Maye;1962;0,652
353625;Lee Maye;1963;0,756
353625;Lee Maye;1964;0,793
353625;Lee Maye;1965;0,632
353625;Lee Maye;1966;0,742
353625;Lee Maye;1967;0,765
353625;Lee Maye;1968;0,694
353625;Lee Maye;1969;0,811
353625;Lee Maye;1970;0,721
353626;Ed Mayer;1890;0,606
353626;Ed Mayer;1891;0,462
353634;Jack Mayfield;2021;0,704
353637;Jerry May;1967;0,699
353637;Jerry May;1968;0,564
353637;Jerry May;1971;0,673
353639;Lee May;1967;0,73
353639;Lee May;1968;0,805
353639;Lee May;1969;0,86
353639;Lee May;1970;0,782
353639;Lee May;1971;0,864
353639;Lee May;1972;0,833
353639;Lee May;1973;0,789
353639;Lee May;1974;0,738
353639;Lee May;1975;0,732
353639;Lee May;1976;0,759
353639;Lee May;1977;0,722
353639;Lee May;1978;0,7
353639;Lee May;1979;0,709
353639;Lee May;1980;0,69
353641;Milt May;1973;0,727
353641;Milt May;1974;0,751
353641;Milt May;1975;0,603
353641;Milt May;1977;0,669
353641;Milt May;1978;0,666
353641;Milt May;1979;0,727
353641;Milt May;1980;0,671
353641;Milt May;1981;0,759
353641;Milt May;1982;0,691
353642;Buster Maynard;1943;0,557
353644;Brent Mayne;1991;0,64
353644;Brent Mayne;1992;0,532
353644;Brent Mayne;1993;0,654
353644;Brent Mayne;1995;0,638
353644;Brent Mayne;1997;0,749
353644;Brent Mayne;1998;0,719
353644;Brent Mayne;1999;0,808
353644;Brent Mayne;2000;0,799
353644;Brent Mayne;2002;0,619
353644;Brent Mayne;2003;0,651
353645;Coby Mayo;2025;0,687
353646;Eddie Mayo;1943;0,523
353646;Eddie Mayo;1944;0,63
353646;Eddie Mayo;1945;0,752
353646;Eddie Mayo;1946;0,618
353646;Eddie Mayo;1947;0,717
353646;Eddie Mayo;1948;0,634
353649;Merrill May;1939;0,717
353649;Merrill May;1940;0,727
353649;Merrill May;1941;0,662
353649;Merrill May;1942;0,619
353649;Merrill May;1943;0,713
353652;Al Mays;1887;0,576
353659;Willie Mays;1951;0,828
353659;Willie Mays;1954;1,078
353659;Willie Mays;1955;1,059
353659;Willie Mays;1956;0,926
353659;Willie Mays;1957;1,033
353659;Willie Mays;1958;1,002
353659;Willie Mays;1959;0,964
353659;Willie Mays;1960;0,936
353659;Willie Mays;1961;0,977
353659;Willie Mays;1962;0,999
353659;Willie Mays;1963;0,962
353659;Willie Mays;1964;0,99
353659;Willie Mays;1965;1,043
353659;Willie Mays;1966;0,924
353659;Willie Mays;1967;0,787
353659;Willie Mays;1968;0,86
353659;Willie Mays;1969;0,798
353659;Willie Mays;1970;0,897
353659;Willie Mays;1971;0,907
353659;Willie Mays;1973;0,647
353664;Nomar Mazara;2016;0,739
353664;Nomar Mazara;2017;0,745
353664;Nomar Mazara;2018;0,753
353664;Nomar Mazara;2019;0,786
353666;Bill Mazeroski;1956;0,611
353666;Bill Mazeroski;1957;0,725
353666;Bill Mazeroski;1958;0,747
353666;Bill Mazeroski;1959;0,621
353666;Bill Mazeroski;1960;0,712
353666;Bill Mazeroski;1961;0,678
353666;Bill Mazeroski;1962;0,733
353666;Bill Mazeroski;1963;0,629
353666;Bill Mazeroski;1964;0,681
353666;Bill Mazeroski;1965;0,641
353666;Bill Mazeroski;1966;0,694
353666;Bill Mazeroski;1967;0,644
353666;Bill Mazeroski;1968;0,616
353666;Bill Mazeroski;1969;0,606
353666;Bill Mazeroski;1970;0,607
353670;Mel Mazzera;1938;0,755
353671;Lee Mazzilli;1977;0,679
353671;Lee Mazzilli;1978;0,785
353671;Lee Mazzilli;1979;0,844
353671;Lee Mazzilli;1980;0,801
353671;Lee Mazzilli;1981;0,682
353671;Lee Mazzilli;1983;0,703
353671;Lee Mazzilli;1984;0,668
353674;Tullie McAdoo;1922;0,724
353676;Jack McAleese;1909;0,558
353677;Jimmy McAleer;1889;0,564
353677;Jimmy McAleer;1890;0,681
353677;Jimmy McAleer;1891;0,617
353677;Jimmy McAleer;1892;0,647
353677;Jimmy McAleer;1893;0,588
353677;Jimmy McAleer;1894;0,71
353677;Jimmy McAleer;1895;0,64
353677;Jimmy McAleer;1896;0,708
353677;Jimmy McAleer;1898;0,577
353680;George McAllister;1924;0,628
353680;George McAllister;1927;0,739
353680;George McAllister;1928;0,732
353680;George McAllister;1929;0,76
353680;George McAllister;1930;0,741
353681;Sport McAllister;1899;0,57
353681;Sport McAllister;1901;0,729
353681;Sport McAllister;1903;0,603
353684;Jim McAnany;1959;0,687
353692;Dick McAuliffe;1961;0,711
353692;Dick McAuliffe;1962;0,752
353692;Dick McAuliffe;1963;0,718
353692;Dick McAuliffe;1964;0,762
353692;Dick McAuliffe;1965;0,775
353692;Dick McAuliffe;1966;0,882
353692;Dick McAuliffe;1967;0,775
353692;Dick McAuliffe;1968;0,755
353692;Dick McAuliffe;1969;0,826
353692;Dick McAuliffe;1970;0,704
353692;Dick McAuliffe;1971;0,672
353692;Dick McAuliffe;1972;0,692
353692;Dick McAuliffe;1973;0,804
353692;Dick McAuliffe;1974;0,63
353697;Wickey McAvoy;1918;0,567
353701;Algie McBride;1898;0,776
353701;Algie McBride;1899;0,877
353701;Algie McBride;1900;0,694
353701;Algie McBride;1901;0,661
353702;Bake McBride;1974;0,763
353702;Bake McBride;1975;0,758
353702;Bake McBride;1976;0,831
353702;Bake McBride;1977;0,956
353702;Bake McBride;1978;0,707
353702;Bake McBride;1979;0,739
353702;Bake McBride;1980;0,795
353702;Bake McBride;1981;0,688
353702;Bake McBride;1983;0,666
353703;Dick McBride;1872;0,613
353703;Dick McBride;1873;0,595
353703;Dick McBride;1874;0,471
353703;Dick McBride;1875;0,585
353705;George McBride;1905;0,52
353705;George McBride;1906;0,422
353705;George McBride;1908;0,566
353705;George McBride;1909;0,56
353705;George McBride;1910;0,609
353705;George McBride;1911;0,581
353705;George McBride;1912;0,572
353705;George McBride;1913;0,571
353705;George McBride;1914;0,516
353705;George McBride;1915;0,503
353705;George McBride;1916;0,555
353711;Tom McBride;1944;0,581
353711;Tom McBride;1945;0,741
353711;Tom McBride;1948;0,671
353733;Brian McCann;2006;0,961
353733;Brian McCann;2007;0,772
353733;Brian McCann;2008;0,896
353733;Brian McCann;2009;0,834
353733;Brian McCann;2010;0,828
353733;Brian McCann;2011;0,817
353733;Brian McCann;2012;0,698
353733;Brian McCann;2013;0,796
353733;Brian McCann;2014;0,692
353733;Brian McCann;2015;0,756
353733;Brian McCann;2016;0,748
353733;Brian McCann;2017;0,759
353733;Brian McCann;2019;0,734
353736;Jack McCandless;1915;0,596
353737;James McCann;2015;0,683
353737;James McCann;2016;0,629
353737;James McCann;2017;0,733
353737;James McCann;2018;0,581
353737;James McCann;2019;0,789
353737;James McCann;2021;0,643
353737;James McCann;2023;0,646
353737;James McCann;2024;0,667
353739;Alex McCarthy;1912;0,666
353743;Bill McCarren;1923;0,669
353745;Dave McCarty;1993;0,542
353745;Dave McCarty;2000;0,807
353745;Dave McCarty;2001;0,733
353748;Jack McCarthy;1898;0,716
353748;Jack McCarthy;1899;0,782
353748;Jack McCarthy;1900;0,683
353748;Jack McCarthy;1901;0,784
353748;Jack McCarthy;1902;0,727
353748;Jack McCarthy;1903;0,651
353748;Jack McCarthy;1904;0,613
353748;Jack McCarthy;1906;0,698
353749;Jake McCarthy;2022;0,769
353749;Jake McCarthy;2023;0,644
353749;Jake McCarthy;2024;0,749
353749;Jake McCarthy;2025;0,591
353753;Johnny McCarthy;1937;0,732
353753;Johnny McCarthy;1938;0,697
353753;Johnny McCarthy;1943;0,765
353758;Lew McCarty;1914;0,621
353758;Lew McCarty;1915;0,561
353758;Lew McCarty;1918;0,64
353758;Lew McCarty;1919;0,712
353760;Tim McCarver;1963;0,716
353760;Tim McCarver;1964;0,743
353760;Tim McCarver;1965;0,735
353760;Tim McCarver;1966;0,743
353760;Tim McCarver;1967;0,822
353760;Tim McCarver;1968;0,645
353760;Tim McCarver;1969;0,688
353760;Tim McCarver;1971;0,73
353760;Tim McCarver;1972;0,652
353760;Tim McCarver;1973;0,704
353761;Tommy McCarthy;1884;0,481
353761;Tommy McCarthy;1888;0,659
353761;Tommy McCarthy;1889;0,712
353761;Tommy McCarthy;1890;0,898
353761;Tommy McCarthy;1891;0,781
353761;Tommy McCarthy;1892;0,657
353761;Tommy McCarthy;1893;0,894
353761;Tommy McCarthy;1894;0,909
353761;Tommy McCarthy;1895;0,732
353761;Tommy McCarthy;1896;0,632
353766;Al McCauley;1890;0,69
353766;Al McCauley;1891;0,776
353781;Bill McClellan;1878;0,495
353781;Bill McClellan;1881;0,397
353781;Bill McClellan;1883;0,601
353781;Bill McClellan;1884;0,617
353781;Bill McClellan;1885;0,662
353781;Bill McClellan;1886;0,668
353781;Bill McClellan;1887;0,697
353781;Bill McClellan;1888;0,559
353783;Hervey McClellan;1922;0,594
353783;Hervey McClellan;1923;0,574
353786;Lloyd McClendon;1989;0,847
353802;Amby McConnell;1908;0,678
353802;Amby McConnell;1909;0,589
353802;Amby McConnell;1911;0,672
353808;Barry McCormick;1897;0,672
353808;Barry McCormick;1898;0,635
353808;Barry McCormick;1899;0,636
353808;Barry McCormick;1900;0,595
353808;Barry McCormick;1901;0,592
353808;Barry McCormick;1902;0,612
353808;Barry McCormick;1903;0,544
353808;Barry McCormick;1904;0,524
353811;Chas McCormick;2021;0,766
353811;Chas McCormick;2022;0,738
353811;Chas McCormick;2023;0,842
353811;Chas McCormick;2024;0,576
353813;Frank McCormick;1938;0,773
353813;Frank McCormick;1939;0,869
353813;Frank McCormick;1940;0,85
353813;Frank McCormick;1941;0,74
353813;Frank McCormick;1942;0,721
353813;Frank McCormick;1943;0,758
353813;Frank McCormick;1944;0,853
353813;Frank McCormick;1945;0,729
353813;Frank McCormick;1946;0,73
353813;Frank McCormick;1947;0,871
353814;Harry McCormick;1879;0,483
353815;Jerry McCormick;1883;0,6
353815;Jerry McCormick;1884;0,633
353816;Jim McCormick;1879;0,492
353816;Jim McCormick;1880;0,542
353816;Jim McCormick;1881;0,578
353816;Jim McCormick;1882;0,514
353818;Mike McCormack;1904;0,5
353819;Mike McCormick;1940;0,681
353819;Mike McCormick;1941;0,723
353819;Mike McCormick;1947;0,744
353819;Mike McCormick;1948;0,78
353819;Mike McCormick;1951;0,726
353821;Harry McCormick;1904;0,7185
353821;Harry McCormick;1908;0,704
353821;Harry McCormick;1909;0,775
353822;Barney McCosky;1939;0,814
353822;Barney McCosky;1940;0,899
353822;Barney McCosky;1941;0,827
353822;Barney McCosky;1942;0,777
353822;Barney McCosky;1946;0,878
353822;Barney McCosky;1947;0,795
353822;Barney McCosky;1948;0,791
353823;Willie McCovey;1960;0,818
353823;Willie McCovey;1961;0,841
353823;Willie McCovey;1962;0,957
353823;Willie McCovey;1963;0,915
353823;Willie McCovey;1964;0,748
353823;Willie McCovey;1965;0,92
353823;Willie McCovey;1966;0,977
353823;Willie McCovey;1967;0,913
353823;Willie McCovey;1968;0,923
353823;Willie McCovey;1969;1,108
353823;Willie McCovey;1970;1,056
353823;Willie McCovey;1971;0,876
353823;Willie McCovey;1972;0,719
353823;Willie McCovey;1973;0,966
353823;Willie McCovey;1974;0,922
353823;Willie McCovey;1975;0,805
353823;Willie McCovey;1976;0,633
353823;Willie McCovey;1977;0,867
353823;Willie McCovey;1978;0,694
353823;Willie McCovey;1979;0,72
353825;Benny McCoy;1940;0,719
353825;Benny McCoy;1941;0,751
353834;Quinton McCracken;1996;0,773
353834;Quinton McCracken;1997;0,734
353834;Quinton McCracken;1998;0,745
353834;Quinton McCracken;2002;0,825
353834;Quinton McCracken;2003;0,547
353834;Quinton McCracken;2005;0,61
353836;Tommy McCraw;1963;0,688
353836;Tommy McCraw;1964;0,692
353836;Tommy McCraw;1965;0,653
353836;Tommy McCraw;1966;0,617
353836;Tommy McCraw;1967;0,65
353836;Tommy McCraw;1968;0,668
353836;Tommy McCraw;1969;0,676
353836;Tommy McCraw;1970;0,592
353836;Tommy McCraw;1971;0,672
353836;Tommy McCraw;1972;0,701
353836;Tommy McCraw;1973;0,669
353842;Tom McCreery;1896;0,956
353842;Tom McCreery;1897;0,718
353842;Tom McCreery;1899;0,818
353842;Tom McCreery;1901;0,788
353842;Tom McCreery;1902;0,604
353843;Judge McCredie;1903;0,745
353847;Clyde McCullough;1941;0,612
353847;Clyde McCullough;1942;0,729
353847;Clyde McCullough;1943;0,596
353847;Clyde McCullough;1946;0,755
353847;Clyde McCullough;1947;0,69
353847;Clyde McCullough;1949;0,665
353847;Clyde McCullough;1950;0,745
353847;Clyde McCullough;1951;0,806
353847;Clyde McCullough;1953;0,67
353853;Harry McCurdy;1927;0,759
353857;Andrew McCutchen;2009;0,836
353857;Andrew McCutchen;2010;0,814
353857;Andrew McCutchen;2011;0,82
353857;Andrew McCutchen;2012;0,953
353857;Andrew McCutchen;2013;0,911
353857;Andrew McCutchen;2014;0,952
353857;Andrew McCutchen;2015;0,889
353857;Andrew McCutchen;2016;0,766
353857;Andrew McCutchen;2017;0,849
353857;Andrew McCutchen;2018;0,772
353857;Andrew McCutchen;2019;0,834
353857;Andrew McCutchen;2020;0,757
353857;Andrew McCutchen;2021;0,778
353857;Andrew McCutchen;2022;0,7
353857;Andrew McCutchen;2023;0,776
353857;Andrew McCutchen;2024;0,739
353857;Andrew McCutchen;2025;0,7
353879;Darnell McDonald;2010;0,766
353882;Ed McDonald;1912;0,712
353886;Jason McDonald;1997;0,755
353894;John McDonald;2002;0,614
353894;John McDonald;2003;0,538
353894;John McDonald;2006;0,579
353894;John McDonald;2007;0,612
353898;Tex McDonald;1914;0,82
353898;Tex McDonald;1915;0,773
353903;Gil McDougald;1951;0,884
353903;Gil McDougald;1952;0,705
353903;Gil McDougald;1953;0,777
353903;Gil McDougald;1954;0,78
353903;Gil McDougald;1955;0,768
353903;Gil McDougald;1956;0,848
353903;Gil McDougald;1957;0,804
353903;Gil McDougald;1958;0,705
353903;Gil McDougald;1959;0,661
353903;Gil McDougald;1960;0,737
353909;Oddibe McDowell;1985;0,735
353909;Oddibe McDowell;1986;0,767
353909;Oddibe McDowell;1987;0,751
353909;Oddibe McDowell;1988;0,666
353909;Oddibe McDowell;1989;0,7145
353909;Oddibe McDowell;1990;0,652
353915;Pryor McElveen;1909;0,513
353915;Pryor McElveen;1910;0,612
353920;Joe McEwing;1999;0,73
353920;Joe McEwing;2001;0,791
353920;Joe McEwing;2003;0,601
353928;Ed McFarland;1896;0,626
353928;Ed McFarland;1898;0,727
353928;Ed McFarland;1899;0,879
353928;Ed McFarland;1900;0,757
353928;Ed McFarland;1901;0,682
353928;Ed McFarland;1902;0,584
353928;Ed McFarland;1903;0,542
353928;Ed McFarland;1905;0,709
353929;Herm McFarland;1901;0,767
353929;Herm McFarland;1902;0,906
353929;Herm McFarland;1903;0,712
353942;Dan McGann;1898;0,796
353942;Dan McGann;1899;0,803
353942;Dan McGann;1900;0,763
353942;Dan McGann;1901;0,726
353942;Dan McGann;1902;0,769
353942;Dan McGann;1903;0,688
353942;Dan McGann;1904;0,741
353942;Dan McGann;1905;0,825
353942;Dan McGann;1906;0,647
353942;Dan McGann;1907;0,745
353942;Dan McGann;1908;0,612
353943;Chippy McGarr;1886;0,64
353943;Chippy McGarr;1887;0,692
353943;Chippy McGarr;1890;0,587
353943;Chippy McGarr;1893;0,72
353943;Chippy McGarr;1894;0,672
353943;Chippy McGarr;1895;0,655
353943;Chippy McGarr;1896;0,629
353946;Jack McGeachey;1886;0,517
353946;Jack McGeachey;1887;0,613
353946;Jack McGeachey;1888;0,492
353946;Jack McGeachey;1889;0,624
353946;Jack McGeachey;1890;0,601
353947;Mike McGeary;1872;0,783
353947;Mike McGeary;1873;0,643
353947;Mike McGeary;1874;0,696
353947;Mike McGeary;1875;0,615
353947;Mike McGeary;1876;0,538
353947;Mike McGeary;1877;0,537
353947;Mike McGeary;1879;0,59
353956;Willie McGee;1982;0,709
353956;Willie McGee;1983;0,689
353956;Willie McGee;1984;0,719
353956;Willie McGee;1985;0,887
353956;Willie McGee;1986;0,676
353956;Willie McGee;1987;0,746
353956;Willie McGee;1988;0,701
353956;Willie McGee;1990;0,819
353956;Willie McGee;1991;0,765
353956;Willie McGee;1992;0,693
353956;Willie McGee;1993;0,742
353956;Willie McGee;1995;0,711
353956;Willie McGee;1996;0,766
353956;Willie McGee;1997;0,767
353956;Willie McGee;1998;0,618
353956;Willie McGee;1999;0,57
353957;Casey McGehee;2009;0,859
353957;Casey McGehee;2010;0,801
353957;Casey McGehee;2011;0,626
353957;Casey McGehee;2012;0,674
353957;Casey McGehee;2014;0,712
353960;Bill McGhee;1944;0,679
353960;Bill McGhee;1945;0,604
353961;Ed McGhee;1953;0,652
353972;Jumbo McGinnis;1882;0,514
353977;John McGlone;1888;0,48
353983;Frank McGowan;1922;0,629
353983;Frank McGowan;1923;0,643
353983;Frank McGowan;1929;0,7
353991;John McGraw;1892;0,694
353991;John McGraw;1893;0,866
353991;John McGraw;1894;0,887
353991;John McGraw;1895;0,908
353991;John McGraw;1897;0,849
353991;John McGraw;1898;0,871
353991;John McGraw;1899;0,994
353991;John McGraw;1900;0,921
353991;John McGraw;1901;0,995
353999;Fred McGriff;1987;0,881
353999;Fred McGriff;1988;0,928
353999;Fred McGriff;1989;0,924
353999;Fred McGriff;1990;0,93
353999;Fred McGriff;1991;0,89
353999;Fred McGriff;1992;0,95
353999;Fred McGriff;1993;0,931
353999;Fred McGriff;1994;1,012
353999;Fred McGriff;1995;0,85
353999;Fred McGriff;1996;0,859
353999;Fred McGriff;1997;0,797
353999;Fred McGriff;1998;0,815
353999;Fred McGriff;1999;0,957
353999;Fred McGriff;2000;0,826
353999;Fred McGriff;2001;0,923
353999;Fred McGriff;2002;0,858
353999;Fred McGriff;2003;0,75
354006;Deacon McGuire;1890;0,763
354006;Deacon McGuire;1891;0,808
354006;Deacon McGuire;1892;0,699
354006;Deacon McGuire;1893;0,693
354006;Deacon McGuire;1894;0,784
354006;Deacon McGuire;1895;0,865
354006;Deacon McGuire;1896;0,795
354006;Deacon McGuire;1897;0,86
354006;Deacon McGuire;1898;0,633
354006;Deacon McGuire;1900;0,714
354006;Deacon McGuire;1901;0,717
354006;Deacon McGuire;1902;0,624
354006;Deacon McGuire;1903;0,612
354006;Deacon McGuire;1904;0,533
354006;Deacon McGuire;1905;0,558
354009;John McGuinness;1884;0,535
354012;Ryan McGuire;1998;0,535
354015;Mark McGwire;1987;0,987
354015;Mark McGwire;1988;0,83
354015;Mark McGwire;1989;0,806
354015;Mark McGwire;1990;0,859
354015;Mark McGwire;1991;0,714
354015;Mark McGwire;1992;0,97
354015;Mark McGwire;1995;1,125
354015;Mark McGwire;1996;1,198
354015;Mark McGwire;1997;1,012
354015;Mark McGwire;1998;1,222
354015;Mark McGwire;1999;1,12
354015;Mark McGwire;2000;1,229
354015;Mark McGwire;2001;0,808
354020;J. C. McHaskell;1927;0,501
354020;J. C. McHaskell;1928;0,609
354020;J. C. McHaskell;1929;0,535
354021;Austin McHenry;1918;0,679
354021;Austin McHenry;1919;0,727
354021;Austin McHenry;1920;0,738
354021;Austin McHenry;1921;0,924
354021;Austin McHenry;1922;0,81
354028;Stuffy McInnis;1911;0,787
354028;Stuffy McInnis;1912;0,817
354028;Stuffy McInnis;1913;0,798
354028;Stuffy McInnis;1914;0,709
354028;Stuffy McInnis;1915;0,699
354028;Stuffy McInnis;1916;0,693
354028;Stuffy McInnis;1917;0,693
354028;Stuffy McInnis;1918;0,628
354028;Stuffy McInnis;1919;0,702
354028;Stuffy McInnis;1920;0,677
354028;Stuffy McInnis;1921;0,729
354028;Stuffy McInnis;1922;0,715
354028;Stuffy McInnis;1923;0,735
354028;Stuffy McInnis;1924;0,671
354034;Matty McIntyre;1901;0,687
354034;Matty McIntyre;1904;0,627
354034;Matty McIntyre;1905;0,656
354034;Matty McIntyre;1906;0,68
354034;Matty McIntyre;1908;0,775
354034;Matty McIntyre;1909;0,65
354034;Matty McIntyre;1910;0,641
354034;Matty McIntyre;1911;0,797
354043;Dave McKay;1977;0,488
354043;Dave McKay;1978;0,619
354043;Dave McKay;1980;0,598
354043;Dave McKay;1981;0,688
354043;Dave McKay;1982;0,518
354046;Ed McKean;1887;0,733
354046;Ed McKean;1888;0,765
354046;Ed McKean;1889;0,799
354046;Ed McKean;1890;0,818
354046;Ed McKean;1891;0,725
354046;Ed McKean;1892;0,651
354046;Ed McKean;1893;0,846
354046;Ed McKean;1894;0,921
354046;Ed McKean;1895;0,896
354046;Ed McKean;1896;0,856
354046;Ed McKean;1897;0,708
354046;Ed McKean;1898;0,717
354046;Ed McKean;1899;0,649
354047;Bill McKechnie;1910;0,496
354047;Bill McKechnie;1911;0,608
354047;Bill McKechnie;1914;0,745
354047;Bill McKechnie;1915;0,644
354047;Bill McKechnie;1916;0,557
354047;Bill McKechnie;1918;0,637
354057;Russ McKelvy;1878;0,529
354062;Michael McKenry;2012;0,762
354066;Dave McKeough;1890;0,563
354069;Larry McKeon;1884;0,467
354071;Alex McKinnon;1884;0,676
354071;Alex McKinnon;1885;0,69
354071;Alex McKinnon;1886;0,758
354071;Alex McKinnon;1887;0,84
354072;Billy McKinney;2019;0,696
354075;Rich McKinney;1971;0,711
354076;Zach McKinstry;2023;0,654
354076;Zach McKinstry;2024;0,614
354076;Zach McKinstry;2025;0,771
354083;Matt McLain;2023;0,864
354083;Matt McLain;2025;0,643
354088;Barney McLaughlin;1887;0,565
354088;Barney McLaughlin;1890;0,673
354103;Tom McLaughlin;1884;0,53
354103;Tom McLaughlin;1885;0,546
354103;Tom McLaughlin;1886;0,376
354106;Larry McLean;1907;0,674
354106;Larry McLean;1908;0,539
354106;Larry McLean;1909;0,632
354106;Larry McLean;1910;0,718
354106;Larry McLean;1911;0,65
354106;Larry McLean;1912;0,587
354111;Mark McLemore;1987;0,61
354111;Mark McLemore;1988;0,642
354111;Mark McLemore;1992;0,602
354111;Mark McLemore;1993;0,721
354111;Mark McLemore;1994;0,674
354111;Mark McLemore;1995;0,703
354111;Mark McLemore;1996;0,768
354111;Mark McLemore;1997;0,668
354111;Mark McLemore;1998;0,686
354111;Mark McLemore;1999;0,729
354111;Mark McLemore;2000;0,669
354111;Mark McLemore;2001;0,79
354111;Mark McLemore;2002;0,774
354111;Mark McLemore;2003;0,632
354111;Mark McLemore;2004;0,683
354113;Jim McLeod;1933;0,465
354116;Nate McLouth;2006;0,678
354116;Nate McLouth;2007;0,81
354116;Nate McLouth;2008;0,853
354116;Nate McLouth;2009;0,773
354116;Nate McLouth;2010;0,62
354116;Nate McLouth;2011;0,677
354116;Nate McLouth;2012;0,777
354116;Nate McLouth;2013;0,729
354122;Ryan McMahon;2019;0,779
354122;Ryan McMahon;2021;0,779
354122;Ryan McMahon;2022;0,741
354122;Ryan McMahon;2023;0,753
354122;Ryan McMahon;2024;0,722
354122;Ryan McMahon;2025;0,717
354123;Sadie McMahon;1891;0,501
354129;Marty McManus;1921;0,675
354129;Marty McManus;1922;0,817
354129;Marty McManus;1923;0,848
354129;Marty McManus;1924;0,85
354129;Marty McManus;1925;0,828
354129;Marty McManus;1926;0,775
354129;Marty McManus;1927;0,763
354129;Marty McManus;1928;0,785
354129;Marty McManus;1929;0,798
354129;Marty McManus;1930;0,872
354129;Marty McManus;1931;0,72
354129;Marty McManus;1932;0,691
354129;Marty McManus;1933;0,781
354129;Marty McManus;1934;0,702
354137;Norm McMillan;1923;0,625
354137;Norm McMillan;1924;0,69
354137;Norm McMillan;1929;0,716
354138;Roy McMillan;1952;0,656
354138;Roy McMillan;1953;0,591
354138;Roy McMillan;1954;0,621
354138;Roy McMillan;1955;0,692
354138;Roy McMillan;1956;0,71
354138;Roy McMillan;1957;0,728
354138;Roy McMillan;1958;0,61
354138;Roy McMillan;1959;0,792
354138;Roy McMillan;1960;0,652
354138;Roy McMillan;1961;0,598
354138;Roy McMillan;1962;0,687
354138;Roy McMillan;1963;0,616
354138;Roy McMillan;1964;0,496
354138;Roy McMillan;1965;0,571
354138;Roy McMillan;1966;0,561
354139;Tommy McMillan;1909;0,511
354139;Tommy McMillan;1910;0,491
354142;Fred McMullin;1918;0,675
354145;John McMullin;1872;0,576
354145;John McMullin;1873;0,611
354145;John McMullin;1874;0,789
354145;John McMullin;1875;0,633
354146;Ken McMullen;1963;0,636
354146;Ken McMullen;1965;0,737
354146;Ken McMullen;1966;0,648
354146;Ken McMullen;1967;0,677
354146;Ken McMullen;1968;0,708
354146;Ken McMullen;1969;0,775
354146;Ken McMullen;1970;0,696
354146;Ken McMullen;1971;0,707
354146;Ken McMullen;1972;0,704
354151;Eric McNair;1930;0,629
354151;Eric McNair;1931;0,674
354151;Eric McNair;1932;0,801
354151;Eric McNair;1933;0,705
354151;Eric McNair;1934;0,734
354151;Eric McNair;1935;0,661
354151;Eric McNair;1936;0,72
354151;Eric McNair;1937;0,793
354151;Eric McNair;1939;0,8
354151;Eric McNair;1940;0,636
354152;Hurley McNair;1920;0,866
354152;Hurley McNair;1921;0,904
354152;Hurley McNair;1922;1,02
354152;Hurley McNair;1923;0,892
354152;Hurley McNair;1924;0,878
354152;Hurley McNair;1925;0,853
354152;Hurley McNair;1926;0,797
354152;Hurley McNair;1927;0,774
354152;Hurley McNair;1928;0,753
354154;Mike McNally;1920;0,604
354154;Mike McNally;1921;0,617
354168;Earl McNeely;1925;0,734
354168;Earl McNeely;1926;0,775
354168;Earl McNeely;1928;0,618
354168;Earl McNeely;1929;0,572
354168;Earl McNeely;1930;0,701
354171;Jeff McNeil;2018;0,852
354171;Jeff McNeil;2019;0,916
354171;Jeff McNeil;2021;0,679
354171;Jeff McNeil;2022;0,836
354171;Jeff McNeil;2023;0,711
354171;Jeff McNeil;2024;0,692
354171;Jeff McNeil;2025;0,746
354173;Jerry McNertney;1969;0,64
354173;Jerry McNertney;1970;0,65
354177;Pat McNulty;1924;0,694
354177;Pat McNulty;1925;0,813
354179;Bid McPhee;1882;0,563
354179;Bid McPhee;1883;0,624
354179;Bid McPhee;1884;0,687
354179;Bid McPhee;1885;0,617
354179;Bid McPhee;1886;0,738
354179;Bid McPhee;1887;0,767
354179;Bid McPhee;1888;0,648
354179;Bid McPhee;1889;0,715
354179;Bid McPhee;1890;0,748
354179;Bid McPhee;1891;0,715
354179;Bid McPhee;1892;0,743
354179;Bid McPhee;1893;0,779
354179;Bid McPhee;1894;0,855
354179;Bid McPhee;1895;0,826
354179;Bid McPhee;1896;0,776
354179;Bid McPhee;1897;0,794
354179;Bid McPhee;1898;0,687
354179;Bid McPhee;1899;0,727
354180;Dallas McPherson;2005;0,744
354188;Mox McQuery;1885;0,682
354188;Mox McQuery;1886;0,655
354188;Mox McQuery;1890;0,767
354188;Mox McQuery;1891;0,635
354191;George McQuinn;1938;0,861
354191;George McQuinn;1939;0,898
354191;George McQuinn;1940;0,802
354191;George McQuinn;1941;0,867
354191;George McQuinn;1942;0,737
354191;George McQuinn;1943;0,701
354191;George McQuinn;1944;0,733
354191;George McQuinn;1945;0,762
354191;George McQuinn;1946;0,633
354191;George McQuinn;1947;0,832
354191;George McQuinn;1948;0,757
354192;Glenn McQuillen;1942;0,73
354195;Brian McRae;1991;0,66
354195;Brian McRae;1992;0,593
354195;Brian McRae;1993;0,738
354195;Brian McRae;1994;0,737
354195;Brian McRae;1995;0,788
354195;Brian McRae;1996;0,785
354195;Brian McRae;1997;0,701
354195;Brian McRae;1998;0,822
354195;Brian McRae;1999;0,669
354196;Hal McRae;1971;0,718
354196;Hal McRae;1973;0,697
354196;Hal McRae;1974;0,85
354196;Hal McRae;1975;0,808
354196;Hal McRae;1976;0,868
354196;Hal McRae;1977;0,881
354196;Hal McRae;1978;0,757
354196;Hal McRae;1979;0,816
354196;Hal McRae;1980;0,825
354196;Hal McRae;1981;0,726
354196;Hal McRae;1982;0,91
354196;Hal McRae;1983;0,833
354196;Hal McRae;1984;0,76
354196;Hal McRae;1985;0,799
354196;Hal McRae;1986;0,675
354199;Kevin McReynolds;1984;0,782
354199;Kevin McReynolds;1985;0,66
354199;Kevin McReynolds;1986;0,862
354199;Kevin McReynolds;1987;0,813
354199;Kevin McReynolds;1988;0,832
354199;Kevin McReynolds;1989;0,775
354199;Kevin McReynolds;1990;0,808
354199;Kevin McReynolds;1991;0,738
354199;Kevin McReynolds;1992;0,776
354199;Kevin McReynolds;1993;0,741
354204;Jim McTamany;1886;0,724
354204;Jim McTamany;1887;0,709
354204;Jim McTamany;1888;0,677
354204;Jim McTamany;1889;0,772
354204;Jim McTamany;1890;0,757
354204;Jim McTamany;1891;0,727
354206;Cal McVey;1872;0,703
354206;Cal McVey;1874;0,842
354206;Cal McVey;1875;0,873
354206;Cal McVey;1876;0,757
354206;Cal McVey;1877;0,842
354206;Cal McVey;1878;0,714
354206;Cal McVey;1879;0,694
354211;Bob Meacham;1984;0,64
354211;Bob Meacham;1985;0,568
354211;Bob Meacham;1987;0,758
354216;Austin Meadows;2019;0,922
354216;Austin Meadows;2021;0,772
354221;Parker Meadows;2024;0,743
354230;Pat Meares;1993;0,575
354230;Pat Meares;1994;0,664
354230;Pat Meares;1995;0,742
354230;Pat Meares;1996;0,689
354230;Pat Meares;1997;0,733
354230;Pat Meares;1998;0,664
354230;Pat Meares;2000;0,685
354230;Pat Meares;2001;0,548
354241;Tommy Medica;2014;0,694
354253;Joe Medwick;1933;0,835
354253;Joe Medwick;1934;0,872
354253;Joe Medwick;1935;0,962
354253;Joe Medwick;1936;0,964
354253;Joe Medwick;1937;1,056
354253;Joe Medwick;1938;0,905
354253;Joe Medwick;1939;0,886
354253;Joe Medwick;1940;0,844
354253;Joe Medwick;1941;0,881
354253;Joe Medwick;1942;0,742
354253;Joe Medwick;1943;0,708
354253;Joe Medwick;1944;0,826
354253;Joe Medwick;1945;0,669
354267;Chase Meidroth;2025;0,649
354269;Dutch Meier;1906;0,624
354273;Frank Meinke;1884;0,451
354282;Francisco Mejia;2019;0,754
354282;Francisco Mejia;2021;0,738
354282;Francisco Mejia;2022;0,645
354288;Roman Mejias;1959;0,639
354288;Roman Mejias;1962;0,771
354288;Roman Mejias;1963;0,63
354289;Roberto Mejia;1993;0,676
354296;Luis Melendez;1972;0,627
354296;Luis Melendez;1973;0,662
354296;Luis Melendez;1975;0,648
354297;MJ Melendez;2022;0,706
354297;MJ Melendez;2023;0,713
354297;MJ Melendez;2024;0,674
354298;Sam Mele;1947;0,805
354298;Sam Mele;1949;0,625
354298;Sam Mele;1950;0,783
354298;Sam Mele;1951;0,705
354298;Sam Mele;1952;0,727
354298;Sam Mele;1953;0,789
354298;Sam Mele;1954;0,668
354299;Adam Melhuse;2004;0,771
354301;Oscar Melillo;1926;0,65
354301;Oscar Melillo;1927;0,562
354301;Oscar Melillo;1929;0,738
354301;Oscar Melillo;1930;0,656
354301;Oscar Melillo;1931;0,752
354301;Oscar Melillo;1932;0,61
354301;Oscar Melillo;1933;0,714
354301;Oscar Melillo;1934;0,576
354301;Oscar Melillo;1935;0,637
354301;Oscar Melillo;1936;0,575
354307;Paul Meloan;1910;0,639
354307;Paul Meloan;1911;0,697
354312;Bill Melton;1969;0,759
354312;Bill Melton;1970;0,828
354312;Bill Melton;1971;0,843
354312;Bill Melton;1972;0,689
354312;Bill Melton;1973;0,802
354312;Bill Melton;1974;0,73
354312;Bill Melton;1975;0,705
354312;Bill Melton;1976;0,628
354318;Mitch Meluskey;2000;0,888
354319;Bob Melvin;1986;0,609
354319;Bob Melvin;1987;0,615
354319;Bob Melvin;1988;0,646
354319;Bob Melvin;1989;0,574
354319;Bob Melvin;1990;0,612
354319;Bob Melvin;1991;0,586
354322;Kevin Mench;2002;0,775
354322;Kevin Mench;2004;0,874
354322;Kevin Mench;2005;0,797
354322;Kevin Mench;2006;0,797
354322;Kevin Mench;2007;0,746
354333;Mario Mendoza;1979;0,466
354333;Mario Mendoza;1980;0,596
354333;Mario Mendoza;1981;0,521
354337;Frank Menechino;2001;0,742
354337;Frank Menechino;2004;0,904
354338;John Menefee;1902;0,562
354340;Joey Meneses;2022;0,93
354340;Joey Meneses;2023;0,722
354340;Joey Meneses;2024;0,593
354344;Denis Menke;1963;0,632
354344;Denis Menke;1964;0,847
354344;Denis Menke;1966;0,767
354344;Denis Menke;1967;0,659
354344;Denis Menke;1968;0,681
354344;Denis Menke;1969;0,756
354344;Denis Menke;1970;0,833
354344;Denis Menke;1971;0,648
354344;Denis Menke;1972;0,667
354344;Denis Menke;1973;0,638
354345;Mike Menosky;1917;0,726
354345;Mike Menosky;1919;0,78
354345;Mike Menosky;1920;0,776
354345;Mike Menosky;1921;0,766
354345;Mike Menosky;1922;0,724
354349;Rudy Meoli;1973;0,579
354353;Oscar Mercado;2019;0,761
354353;Oscar Mercado;2021;0,669
354358;Jordy Mercer;2013;0,772
354358;Jordy Mercer;2014;0,693
354358;Jordy Mercer;2015;0,613
354358;Jordy Mercer;2016;0,701
354358;Jordy Mercer;2017;0,733
354358;Jordy Mercer;2018;0,696
354358;Jordy Mercer;2019;0,747
354362;Orlando Merced;1991;0,772
354362;Orlando Merced;1992;0,717
354362;Orlando Merced;1993;0,857
354362;Orlando Merced;1994;0,755
354362;Orlando Merced;1995;0,833
354362;Orlando Merced;1996;0,814
354362;Orlando Merced;1997;0,765
354362;Orlando Merced;1998;0,767
354362;Orlando Merced;2002;0,784
354362;Orlando Merced;2003;0,655
354363;Win Mercer;1895;0,629
354363;Win Mercer;1898;0,767
354363;Win Mercer;1899;0,72
354363;Win Mercer;1900;0,676
354364;Yermin Mercedes;2021;0,732
354369;Geechie Meredith;1924;0,641
354369;Geechie Meredith;1925;0,516
354369;Geechie Meredith;1927;0,661
354369;Geechie Meredith;1928;0,729
354369;Geechie Meredith;1929;0,764
354373;Fred Merkle;1909;0,482
354373;Fred Merkle;1910;0,793
354373;Fred Merkle;1911;0,773
354373;Fred Merkle;1912;0,823
354373;Fred Merkle;1913;0,691
354373;Fred Merkle;1914;0,702
354373;Fred Merkle;1915;0,732
354373;Fred Merkle;1916;0,659
354373;Fred Merkle;1917;0,692
354373;Fred Merkle;1918;0,737
354373;Fred Merkle;1919;0,665
354373;Fred Merkle;1920;0,732
354376;Bill Merritt;1895;0,654
354376;Bill Merritt;1896;0,68
354376;Bill Merritt;1897;0,613
354383;Jackson Merrill;2024;0,826
354383;Jackson Merrill;2025;0,774
354387;Lloyd Merriman;1949;0,633
354387;Lloyd Merriman;1950;0,679
354387;Lloyd Merriman;1951;0,662
354391;Whit Merrifield;2016;0,716
354391;Whit Merrifield;2017;0,784
354391;Whit Merrifield;2018;0,806
354391;Whit Merrifield;2019;0,811
354391;Whit Merrifield;2020;0,764
354391;Whit Merrifield;2021;0,711
354391;Whit Merrifield;2022;0,643
354391;Whit Merrifield;2023;0,7
354393;Jack Merson;1952;0,632
354394;Sam Mertes;1898;0,771
354394;Sam Mertes;1899;0,816
354394;Sam Mertes;1900;0,763
354394;Sam Mertes;1901;0,743
354394;Sam Mertes;1902;0,696
354394;Sam Mertes;1903;0,797
354394;Sam Mertes;1904;0,739
354394;Sam Mertes;1905;0,769
354394;Sam Mertes;1906;0,655
354396;Lennie Merullo;1942;0,634
354396;Lennie Merullo;1943;0,611
354396;Lennie Merullo;1945;0,597
354396;Lennie Merullo;1947;0,564
354404;Steve Mesner;1943;0,636
354404;Steve Mesner;1944;0,61
354404;Steve Mesner;1945;0,62
354405;Devin Mesoraco;2013;0,649
354405;Devin Mesoraco;2014;0,893
354405;Devin Mesoraco;2018;0,715
354417;Bud Metheny;1943;0,731
354417;Bud Metheny;1944;0,671
354417;Bud Metheny;1945;0,662
354419;George Metkovich;1943;0,656
354419;George Metkovich;1944;0,725
354419;George Metkovich;1945;0,677
354419;George Metkovich;1946;0,689
354419;George Metkovich;1947;0,664
354419;George Metkovich;1949;0,652
354419;George Metkovich;1951;0,717
354419;George Metkovich;1952;0,726
354420;Charlie Metro;1945;0,606
354422;Roger Metzger;1971;0,593
354422;Roger Metzger;1972;0,547
354422;Roger Metzger;1973;0,622
354422;Roger Metzger;1974;0,617
354422;Roger Metzger;1975;0,584
354422;Roger Metzger;1976;0,556
354422;Roger Metzger;1977;0,535
354422;Roger Metzger;1978;0,588
354422;Roger Metzger;1979;0,651
354424;Alex Metzler;1927;0,826
354424;Alex Metzler;1928;0,832
354424;Alex Metzler;1929;0,739
354424;Alex Metzler;1930;0,656
354426;Hensley Meulens;1991;0,595
354427;Bob Meusel;1920;0,876
354427;Bob Meusel;1921;0,915
354427;Bob Meusel;1922;0,898
354427;Bob Meusel;1923;0,837
354427;Bob Meusel;1924;0,859
354427;Bob Meusel;1925;0,889
354427;Bob Meusel;1926;0,842
354427;Bob Meusel;1927;0,902
354427;Bob Meusel;1928;0,816
354427;Bob Meusel;1929;0,683
354427;Bob Meusel;1930;0,79
354428;Irish Meusel;1918;0,706
354428;Irish Meusel;1919;0,738
354428;Irish Meusel;1920;0,822
354428;Irish Meusel;1921;0,8855
354428;Irish Meusel;1922;0,877
354428;Irish Meusel;1923;0,818
354428;Irish Meusel;1924;0,774
354428;Irish Meusel;1925;0,912
354428;Irish Meusel;1926;0,754
354431;Benny Meyer;1914;0,805
354431;Benny Meyer;1915;0,616
354436;Jack Meyers;1909;0,741
354436;Jack Meyers;1910;0,704
354436;Jack Meyers;1911;0,824
354436;Jack Meyers;1912;0,918
354436;Jack Meyers;1913;0,797
354436;Jack Meyers;1914;0,711
354436;Jack Meyers;1915;0,622
354436;Jack Meyers;1916;0,65
354438;Dan Meyer;1975;0,614
354438;Dan Meyer;1976;0,618
354438;Dan Meyer;1977;0,762
354438;Dan Meyer;1978;0,591
354438;Dan Meyer;1979;0,776
354438;Dan Meyer;1980;0,721
354438;Dan Meyer;1981;0,636
354438;Dan Meyer;1982;0,634
354442;Dutch Meyer;1945;0,76
354442;Dutch Meyer;1946;0,606
354446;Jake Meyers;2023;0,678
354446;Jake Meyers;2024;0,646
354446;Jake Meyers;2025;0,727
354447;Joey Meyer;1988;0,731
354448;Levi Meyerle;1873;0,833
354448;Levi Meyerle;1874;0,889
354448;Levi Meyerle;1875;0,741
354448;Levi Meyerle;1876;0,797
354458;Cass Michaels;1945;0,606
354458;Cass Michaels;1946;0,629
354458;Cass Michaels;1947;0,714
354458;Cass Michaels;1948;0,673
354458;Cass Michaels;1949;0,837
354458;Cass Michaels;1950;0,667
354458;Cass Michaels;1951;0,682
354458;Cass Michaels;1952;0,665
354458;Cass Michaels;1953;0,697
354458;Cass Michaels;1954;0,789
354460;Gene Michael;1967;0,47
354460;Gene Michael;1969;0,705
354460;Gene Michael;1970;0,548
354460;Gene Michael;1971;0,576
354460;Gene Michael;1972;0,568
354460;Gene Michael;1973;0,547
354461;Jason Michaels;2004;0,779
354461;Jason Michaels;2005;0,814
354461;Jason Michaels;2006;0,717
354461;Jason Michaels;2007;0,721
354461;Jason Michaels;2008;0,682
354474;Will Middlebrooks;2012;0,835
354474;Will Middlebrooks;2013;0,696
354474;Will Middlebrooks;2014;0,522
354474;Will Middlebrooks;2015;0,602
354476;Ezra Midkiff;1913;0,468
354478;Doug Mientkiewicz;1999;0,655
354478;Doug Mientkiewicz;2001;0,851
354478;Doug Mientkiewicz;2002;0,756
354478;Doug Mientkiewicz;2003;0,843
354478;Doug Mientkiewicz;2004;0,703
354478;Doug Mientkiewicz;2005;0,729
354478;Doug Mientkiewicz;2006;0,77
354478;Doug Mientkiewicz;2008;0,753
354480;Matt Mieske;1994;0,753
354480;Matt Mieske;1995;0,765
354480;Matt Mieske;1996;0,794
354480;Matt Mieske;1997;0,692
354487;Eddie Miksis;1948;0,559
354487;Eddie Miksis;1951;0,659
354487;Eddie Miksis;1952;0,578
354487;Eddie Miksis;1953;0,636
354487;Eddie Miksis;1955;0,611
354487;Eddie Miksis;1956;0,662
354489;Clyde Milan;1908;0,619
354489;Clyde Milan;1909;0,525
354489;Clyde Milan;1910;0,713
354489;Clyde Milan;1911;0,789
354489;Clyde Milan;1912;0,756
354489;Clyde Milan;1913;0,745
354489;Clyde Milan;1914;0,742
354489;Clyde Milan;1915;0,699
354489;Clyde Milan;1916;0,657
354489;Clyde Milan;1917;0,697
354489;Clyde Milan;1918;0,69
354489;Clyde Milan;1919;0,732
354489;Clyde Milan;1920;0,767
354489;Clyde Milan;1921;0,747
354491;Larry Milbourne;1977;0,524
354491;Larry Milbourne;1978;0,549
354491;Larry Milbourne;1979;0,667
354491;Larry Milbourne;1980;0,647
354491;Larry Milbourne;1982;0,662
354491;Larry Milbourne;1984;0,616
354493;Aaron Miles;2004;0,697
354493;Aaron Miles;2005;0,661
354493;Aaron Miles;2006;0,672
354493;Aaron Miles;2007;0,676
354493;Aaron Miles;2008;0,753
354493;Aaron Miles;2011;0,66
354495;Dee Miles;1935;0,598
354495;Dee Miles;1939;0,731
354495;Dee Miles;1940;0,729
354495;Dee Miles;1942;0,635
354503;Mike Miley;1975;0,489
354508;Felix Millan;1968;0,661
354508;Felix Millan;1969;0,655
354508;Felix Millan;1970;0,732
354508;Felix Millan;1971;0,694
354508;Felix Millan;1972;0,605
354508;Felix Millan;1973;0,685
354508;Felix Millan;1974;0,628
354508;Felix Millan;1975;0,677
354508;Felix Millan;1976;0,684
354508;Felix Millan;1977;0,609
354510;Kevin Millar;1999;0,795
354510;Kevin Millar;2000;0,862
354510;Kevin Millar;2001;0,931
354510;Kevin Millar;2002;0,875
354510;Kevin Millar;2003;0,82
354510;Kevin Millar;2004;0,857
354510;Kevin Millar;2005;0,753
354510;Kevin Millar;2006;0,811
354510;Kevin Millar;2007;0,785
354510;Kevin Millar;2008;0,717
354510;Kevin Millar;2009;0,674
354517;Bing Miller;1921;0,791
354517;Bing Miller;1922;0,922
354517;Bing Miller;1923;0,793
354517;Bing Miller;1924;0,839
354517;Bing Miller;1925;0,841
354517;Bing Miller;1926;0,852
354517;Bing Miller;1927;0,824
354517;Bing Miller;1928;0,843
354517;Bing Miller;1929;0,869
354517;Bing Miller;1930;0,795
354517;Bing Miller;1931;0,763
354517;Bing Miller;1932;0,788
354525;Bob Miller;1925;0,685
354525;Bob Miller;1927;0,74
354526;Bruce Miller;1975;0,563
354527;Brad Miller;2013;0,737
354527;Brad Miller;2014;0,653
354527;Brad Miller;2015;0,73
354527;Brad Miller;2016;0,786
354527;Brad Miller;2017;0,664
354527;Brad Miller;2021;0,774
354527;Brad Miller;2022;0,59
354531;Buck Miller;1930;0,591
354540;Damian Miller;1999;0,762
354540;Damian Miller;2000;0,788
354540;Damian Miller;2001;0,761
354540;Damian Miller;2002;0,775
354540;Damian Miller;2003;0,68
354540;Damian Miller;2004;0,742
354540;Damian Miller;2005;0,753
354540;Damian Miller;2006;0,711
354541;George Miller;1884;0,522
354541;George Miller;1886;0,668
354541;George Miller;1887;0,641
354541;George Miller;1888;0,663
354541;George Miller;1889;0,705
354541;George Miller;1890;0,707
354541;George Miller;1891;0,721
354541;George Miller;1892;0,661
354541;George Miller;1894;0,868
354541;George Miller;1895;0,702
354541;George Miller;1896;0,695
354542;Dots Miller;1909;0,725
354542;Dots Miller;1910;0,592
354542;Dots Miller;1911;0,725
354542;Dots Miller;1912;0,721
354542;Dots Miller;1913;0,736
354542;Dots Miller;1914;0,732
354542;Dots Miller;1915;0,666
354542;Dots Miller;1916;0,615
354542;Dots Miller;1917;0,615
354542;Dots Miller;1919;0,557
354542;Dots Miller;1920;0,598
354542;Dots Miller;1921;0,68
354543;Doc Miller;1910;0,711
354543;Doc Miller;1911;0,821
354543;Doc Miller;1912;0,6
354544;Dusty Miller;1895;0,888
354544;Dusty Miller;1896;0,836
354544;Dusty Miller;1897;0,802
354544;Dusty Miller;1898;0,747
354544;Dusty Miller;1899;0,607
354549;Eddie Miller;1939;0,677
354549;Eddie Miller;1940;0,748
354549;Eddie Miller;1941;0,614
354549;Eddie Miller;1942;0,616
354549;Eddie Miller;1943;0,564
354549;Eddie Miller;1944;0,558
354549;Eddie Miller;1945;0,679
354549;Eddie Miller;1946;0,546
354549;Eddie Miller;1947;0,79
354549;Eddie Miller;1948;0,664
354549;Eddie Miller;1949;0,614
354551;Elmer Miller;1917;0,656
354551;Elmer Miller;1918;0,639
354551;Elmer Miller;1921;0,806
354559;Hack Miller;1922;0,899
354559;Hack Miller;1923;0,825
354562;Hughie Miller;1914;0,548
354574;Joe Miller;1884;0,597
354574;Joe Miller;1885;0,488
354580;Keith Miller;1990;0,632
354580;Keith Miller;1991;0,756
354580;Keith Miller;1992;0,741
354585;Lastings Milledge;2008;0,731
354585;Lastings Milledge;2009;0,729
354585;Lastings Milledge;2010;0,712
354594;Norm Miller;1968;0,697
354594;Norm Miller;1969;0,712
354594;Norm Miller;1970;0,689
354595;Orlando Miller;1995;0,696
354595;Orlando Miller;1996;0,708
354596;Otto Miller;1912;0,677
354596;Otto Miller;1913;0,644
354596;Otto Miller;1915;0,533
354596;Otto Miller;1916;0,61
354596;Otto Miller;1917;0,561
354596;Otto Miller;1918;0,458
354596;Otto Miller;1920;0,644
354596;Otto Miller;1921;0,575
354597;Otis Miller;1930;0,706
354597;Otis Miller;1931;0,61
354598;Owen Miller;2022;0,652
354598;Owen Miller;2023;0,674
354604;Ralph Miller;1920;0,512
354604;Ralph Miller;1921;0,724
354609;Rick Miller;1973;0,711
354609;Rick Miller;1974;0,697
354609;Rick Miller;1976;0,72
354609;Rick Miller;1978;0,68
354609;Rick Miller;1979;0,733
354609;Rick Miller;1980;0,687
354609;Rick Miller;1981;0,725
354609;Rick Miller;1982;0,648
354609;Rick Miller;1983;0,719
354619;Tom Miller;1875;0,34
354625;Ward Miller;1912;0,763
354625;Ward Miller;1913;0,694
354625;Ward Miller;1914;0,798
354625;Ward Miller;1915;0,781
354625;Ward Miller;1916;0,699
354634;John Milligan;1884;0,726
354634;John Milligan;1885;0,667
354634;John Milligan;1886;0,68
354634;John Milligan;1887;0,755
354634;John Milligan;1888;0,676
354634;John Milligan;1889;1,03
354634;John Milligan;1890;0,76
354634;John Milligan;1891;0,903
354634;John Milligan;1892;0,766
354636;Randy Milligan;1989;0,852
354636;Randy Milligan;1990;0,9
354636;Randy Milligan;1991;0,779
354636;Randy Milligan;1992;0,744
354636;Randy Milligan;1993;0,8
354638;Wally Millies;1936;0,722
354638;Wally Millies;1939;0,519
354646;Buster Mills;1937;0,779
354646;Buster Mills;1938;0,723
354649;Everett Mills;1872;0,669
354649;Everett Mills;1873;0,814
354649;Everett Mills;1874;0,61
354649;Everett Mills;1875;0,576
354649;Everett Mills;1876;0,562
354659;Eddie Milner;1982;0,716
354659;Eddie Milner;1983;0,734
354659;Eddie Milner;1984;0,676
354659;Eddie Milner;1985;0,688
354659;Eddie Milner;1986;0,762
354659;Eddie Milner;1987;0,702
354661;John Milner;1972;0,762
354661;John Milner;1973;0,762
354661;John Milner;1974;0,745
354661;John Milner;1975;0,638
354661;John Milner;1976;0,809
354661;John Milner;1977;0,768
354661;John Milner;1978;0,732
354661;John Milner;1979;0,849
354661;John Milner;1980;0,748
354664;Mike Milosevich;1944;0,621
354675;Don Mincher;1963;0,871
354675;Don Mincher;1964;0,847
354675;Don Mincher;1965;0,853
354675;Don Mincher;1966;0,758
354675;Don Mincher;1967;0,854
354675;Don Mincher;1968;0,68
354675;Don Mincher;1969;0,821
354675;Don Mincher;1970;0,787
354675;Don Mincher;1971;0,826
354691;Minnie Miñoso;1951;0,917
354691;Minnie Miñoso;1952;0,798
354691;Minnie Miñoso;1953;0,875
354691;Minnie Miñoso;1954;0,946
354691;Minnie Miñoso;1955;0,811
354691;Minnie Miñoso;1956;0,95
354691;Minnie Miñoso;1957;0,862
354691;Minnie Miñoso;1958;0,867
354691;Minnie Miñoso;1959;0,846
354691;Minnie Miñoso;1960;0,855
354691;Minnie Miñoso;1961;0,789
354691;Minnie Miñoso;1963;0,632
354698;Doug Mirabelli;2000;0,707
354703;Jose Miranda;2022;0,751
354703;Jose Miranda;2024;0,763
354705;Willy Miranda;1955;0,623
354705;Willy Miranda;1956;0,569
354705;Willy Miranda;1957;0,453
354705;Willy Miranda;1958;0,493
354711;John Misse;1914;0,509
354718;Bobby Mitchell;1975;0,774
354719;Bobby Mitchell;1982;0,643
354723;Cal Mitchell;2022;0,635
354728;Dale Mitchell;1947;0,742
354728;Dale Mitchell;1948;0,814
354728;Dale Mitchell;1949;0,788
354728;Dale Mitchell;1950;0,789
354728;Dale Mitchell;1951;0,782
354728;Dale Mitchell;1952;0,801
354728;Dale Mitchell;1953;0,8
354733;Johnny Mitchell;1922;0,614
354733;Johnny Mitchell;1923;0,587
354733;Johnny Mitchell;1924;0,678
354733;Johnny Mitchell;1925;0,599
354736;Kevin Mitchell;1986;0,811
354736;Kevin Mitchell;1987;0,906
354736;Kevin Mitchell;1988;0,76
354736;Kevin Mitchell;1989;1,023
354736;Kevin Mitchell;1990;0,904
354736;Kevin Mitchell;1991;0,853
354736;Kevin Mitchell;1992;0,779
354736;Kevin Mitchell;1993;0,986
354736;Kevin Mitchell;1994;1,11
354739;Mike Mitchell;1907;0,721
354739;Mike Mitchell;1908;0,585
354739;Mike Mitchell;1909;0,808
354739;Mike Mitchell;1910;0,757
354739;Mike Mitchell;1911;0,775
354739;Mike Mitchell;1912;0,71
354739;Mike Mitchell;1913;0,727
354739;Mike Mitchell;1914;0,613
354749;George Mitterwald;1970;0,679
354749;George Mitterwald;1971;0,705
354749;George Mitterwald;1973;0,731
354749;George Mitterwald;1974;0,691
354749;George Mitterwald;1975;0,63
354749;George Mitterwald;1976;0,536
354749;George Mitterwald;1977;0,673
354752;Johnny Mize;1936;0,979
354752;Johnny Mize;1937;1,021
354752;Johnny Mize;1938;1,036
354752;Johnny Mize;1939;1,07
354752;Johnny Mize;1940;1,039
354752;Johnny Mize;1941;0,941
354752;Johnny Mize;1942;0,901
354752;Johnny Mize;1946;1,013
354752;Johnny Mize;1947;0,998
354752;Johnny Mize;1948;0,959
354752;Johnny Mize;1949;0,792
354752;Johnny Mize;1950;0,946
354752;Johnny Mize;1951;0,736
354763;Chad Moeller;2003;0,77
354763;Chad Moeller;2004;0,568
354764;Danny Moeller;1912;0,745
354764;Danny Moeller;1913;0,643
354764;Danny Moeller;1914;0,665
354764;Danny Moeller;1915;0,63
354764;Danny Moeller;1916;0,635
354768;Joe Moffet;1884;0,464
354769;Sam Moffet;1884;0,454
354778;Dustan Mohr;2002;0,759
354778;Dustan Mohr;2003;0,714
354778;Dustan Mohr;2004;0,831
354778;Dustan Mohr;2005;0,746
354780;Johnny Mokan;1923;0,861
354780;Johnny Mokan;1924;0,684
354780;Johnny Mokan;1925;0,905
354780;Johnny Mokan;1926;0,78
354780;Johnny Mokan;1927;0,728
354784;Bengie Molina;2000;0,739
354784;Bengie Molina;2001;0,66
354784;Bengie Molina;2002;0,596
354784;Bengie Molina;2003;0,746
354784;Bengie Molina;2004;0,717
354784;Bengie Molina;2005;0,782
354784;Bengie Molina;2006;0,785
354784;Bengie Molina;2007;0,731
354784;Bengie Molina;2008;0,767
354784;Bengie Molina;2009;0,727
354784;Bengie Molina;2010;0,644
354785;Bob Molinaro;1978;0,692
354785;Bob Molinaro;1980;0,752
354790;Jose Molina;2004;0,67
354790;Jose Molina;2006;0,642
354790;Jose Molina;2008;0,576
354790;Jose Molina;2012;0,64
354790;Jose Molina;2013;0,594
354790;Jose Molina;2014;0,417
354792;Yadier Molina;2005;0,654
354792;Yadier Molina;2006;0,595
354792;Yadier Molina;2007;0,708
354792;Yadier Molina;2008;0,74
354792;Yadier Molina;2009;0,749
354792;Yadier Molina;2010;0,671
354792;Yadier Molina;2011;0,814
354792;Yadier Molina;2012;0,874
354792;Yadier Molina;2013;0,836
354792;Yadier Molina;2014;0,719
354792;Yadier Molina;2015;0,66
354792;Yadier Molina;2016;0,787
354792;Yadier Molina;2017;0,751
354792;Yadier Molina;2018;0,75
354792;Yadier Molina;2019;0,711
354792;Yadier Molina;2021;0,667
354792;Yadier Molina;2022;0,535
354793;Paul Molitor;1978;0,673
354793;Paul Molitor;1979;0,842
354793;Paul Molitor;1980;0,809
354793;Paul Molitor;1981;0,675
354793;Paul Molitor;1982;0,816
354793;Paul Molitor;1983;0,743
354793;Paul Molitor;1985;0,764
354793;Paul Molitor;1986;0,765
354793;Paul Molitor;1987;1,003
354793;Paul Molitor;1988;0,836
354793;Paul Molitor;1989;0,818
354793;Paul Molitor;1990;0,807
354793;Paul Molitor;1991;0,888
354793;Paul Molitor;1992;0,851
354793;Paul Molitor;1993;0,911
354793;Paul Molitor;1994;0,927
354793;Paul Molitor;1995;0,772
354793;Paul Molitor;1996;0,858
354793;Paul Molitor;1997;0,786
354793;Paul Molitor;1998;0,718
354797;Fritz Mollwitz;1915;0,597
354797;Fritz Mollwitz;1918;0,634
354802;Shane Monahan;1998;0,615
354803;Andruw Monasterio;2023;0,678
354806;Yoan Moncada;2018;0,714
354806;Yoan Moncada;2019;0,915
354806;Yoan Moncada;2020;0,705
354806;Yoan Moncada;2021;0,787
354806;Yoan Moncada;2022;0,626
354806;Yoan Moncada;2023;0,73
354806;Yoan Moncada;2025;0,783
354810;Rick Monday;1967;0,74
354810;Rick Monday;1968;0,773
354810;Rick Monday;1969;0,811
354810;Rick Monday;1970;0,844
354810;Rick Monday;1971;0,774
354810;Rick Monday;1972;0,76
354810;Rick Monday;1973;0,841
354810;Rick Monday;1974;0,842
354810;Rick Monday;1975;0,819
354810;Rick Monday;1976;0,853
354810;Rick Monday;1977;0,713
354810;Rick Monday;1978;0,816
354810;Rick Monday;1982;0,852
354812;Raul Mondesi;1994;0,849
354812;Raul Mondesi;1995;0,824
354812;Raul Mondesi;1996;0,83
354812;Raul Mondesi;1997;0,901
354812;Raul Mondesi;1998;0,813
354812;Raul Mondesi;1999;0,815
354812;Raul Mondesi;2000;0,852
354812;Raul Mondesi;2001;0,794
354812;Raul Mondesi;2002;0,74
354812;Raul Mondesi;2003;0,801
354813;Adalberto Mondesi;2018;0,804
354813;Adalberto Mondesi;2019;0,715
354813;Adalberto Mondesi;2020;0,71
354816;Don Money;1969;0,622
354816;Don Money;1970;0,824
354816;Don Money;1971;0,634
354816;Don Money;1972;0,621
354816;Don Money;1973;0,748
354816;Don Money;1974;0,761
354816;Don Money;1975;0,763
354816;Don Money;1976;0,741
354816;Don Money;1977;0,819
354816;Don Money;1978;0,801
354816;Don Money;1979;0,667
354816;Don Money;1980;0,847
354816;Don Money;1982;0,891
354819;Mickey Moniak;2023;0,802
354819;Mickey Moniak;2024;0,646
354819;Mickey Moniak;2025;0,824
354821;Craig Monroe;2003;0,736
354821;Craig Monroe;2004;0,824
354821;Craig Monroe;2005;0,768
354821;Craig Monroe;2006;0,783
354821;Craig Monroe;2007;0,637
354829;Estéban Montalvo;1923;0,862
354834;Willie Montanez;1971;0,798
354834;Willie Montanez;1972;0,725
354834;Willie Montanez;1973;0,694
354834;Willie Montanez;1974;0,753
354834;Willie Montanez;1975;0,769
354834;Willie Montanez;1976;0,77
354834;Willie Montanez;1977;0,786
354834;Willie Montanez;1978;0,712
354834;Willie Montanez;1979;0,594
354834;Willie Montanez;1980;0,679
354840;Elehuris Montero;2023;0,716
354840;Elehuris Montero;2024;0,571
354842;Jesus Montero;2012;0,685
354846;Miguel Montero;2007;0,689
354846;Miguel Montero;2009;0,832
354846;Miguel Montero;2010;0,77
354846;Miguel Montero;2011;0,82
354846;Miguel Montero;2012;0,829
354846;Miguel Montero;2013;0,662
354846;Miguel Montero;2014;0,699
354846;Miguel Montero;2015;0,754
354846;Miguel Montero;2016;0,684
354852;Bob Montgomery;1971;0,641
354852;Bob Montgomery;1974;0,625
354853;Colson Montgomery;2025;0,84
354876;Wally Moon;1954;0,806
354876;Wally Moon;1955;0,808
354876;Wally Moon;1956;0,858
354876;Wally Moon;1957;0,875
354876;Wally Moon;1958;0,708
354876;Wally Moon;1959;0,89
354876;Wally Moon;1960;0,835
354876;Wally Moon;1961;0,94
354876;Wally Moon;1962;0,662
354876;Wally Moon;1963;0,727
354878;Adam Moore;2010;0,513
354893;Charlie Moore;1974;0,649
354893;Charlie Moore;1975;0,73
354893;Charlie Moore;1976;0,604
354893;Charlie Moore;1977;0,666
354893;Charlie Moore;1978;0,658
354893;Charlie Moore;1979;0,759
354893;Charlie Moore;1980;0,699
354893;Charlie Moore;1982;0,659
354893;Charlie Moore;1983;0,722
354893;Charlie Moore;1985;0,581
354893;Charlie Moore;1986;0,691
354899;Dobie Moore;1921;0,928
354899;Dobie Moore;1922;0,951
354899;Dobie Moore;1923;0,942
354899;Dobie Moore;1924;0,96
354899;Dobie Moore;1925;0,819
354900;Dylan Moore;2019;0,691
354900;Dylan Moore;2021;0,61
354900;Dylan Moore;2022;0,753
354900;Dylan Moore;2024;0,687
354902;Eddie Moore;1924;0,901
354902;Eddie Moore;1925;0,796
354902;Eddie Moore;1927;0,726
354902;Eddie Moore;1928;0,606
354902;Eddie Moore;1929;0,74
354909;Gene Moore;1936;0,784
354909;Gene Moore;1937;0,814
354909;Gene Moore;1939;0,652
354909;Gene Moore;1940;0,743
354909;Gene Moore;1941;0,742
354909;Gene Moore;1943;0,691
354909;Gene Moore;1944;0,633
354909;Gene Moore;1945;0,695
354910;Henry Moore;1884;0,777
354918;Johnny Moore;1932;0,811
354918;Johnny Moore;1933;0,631
354918;Johnny Moore;1934;0,912
354918;Johnny Moore;1935;0,859
354918;Johnny Moore;1936;0,858
354918;Johnny Moore;1937;0,829
354919;Jo-Jo Moore;1932;0,715
354919;Jo-Jo Moore;1933;0,665
354919;Jo-Jo Moore;1934;0,856
354919;Jo-Jo Moore;1935;0,782
354919;Jo-Jo Moore;1936;0,779
354919;Jo-Jo Moore;1937;0,804
354919;Jo-Jo Moore;1938;0,772
354919;Jo-Jo Moore;1939;0,694
354919;Jo-Jo Moore;1940;0,722
354919;Jo-Jo Moore;1941;0,692
354920;Junior Moore;1977;0,667
354920;Junior Moore;1979;0,628
354929;Randy Moore;1932;0,713
354929;Randy Moore;1933;0,781
354929;Randy Moore;1934;0,74
354929;Randy Moore;1935;0,692
354932;Red Moore;1940;0,642
354937;Scott Moore;2012;0,778
354939;Terry Moore;1935;0,729
354939;Terry Moore;1936;0,678
354939;Terry Moore;1937;0,666
354939;Terry Moore;1938;0,763
354939;Terry Moore;1939;0,849
354939;Terry Moore;1940;0,831
354939;Terry Moore;1941;0,763
354939;Terry Moore;1942;0,754
354939;Terry Moore;1946;0,665
354939;Terry Moore;1947;0,708
354939;Terry Moore;1948;0,664
354948;Andres Mora;1976;0,608
354948;Andres Mora;1977;0,725
354948;Andres Mora;1978;0,612
354953;Jerry Morales;1972;0,665
354953;Jerry Morales;1973;0,745
354953;Jerry Morales;1974;0,754
354953;Jerry Morales;1975;0,696
354953;Jerry Morales;1976;0,718
354953;Jerry Morales;1977;0,795
354953;Jerry Morales;1978;0,629
354953;Jerry Morales;1979;0,624
354953;Jerry Morales;1981;0,682
354954;Jose Morales;1978;0,764
354954;Jose Morales;1980;0,851
354956;Kendrys Morales;2009;0,924
354956;Kendrys Morales;2012;0,787
354956;Kendrys Morales;2013;0,785
354956;Kendrys Morales;2014;0,632
354956;Kendrys Morales;2015;0,847
354956;Kendrys Morales;2016;0,795
354956;Kendrys Morales;2017;0,753
354956;Kendrys Morales;2018;0,769
354959;Rich Morales;1972;0,519
354959;Rich Morales;1973;0,442
354961;Melvin Mora;2000;0,74
354961;Melvin Mora;2001;0,692
354961;Melvin Mora;2002;0,742
354961;Melvin Mora;2003;0,921
354961;Melvin Mora;2004;0,981
354961;Melvin Mora;2005;0,821
354961;Melvin Mora;2006;0,733
354961;Melvin Mora;2007;0,759
354961;Melvin Mora;2008;0,826
354961;Melvin Mora;2009;0,679
354961;Melvin Mora;2010;0,779
354962;Al Moran;1963;0,503
354964;Billy Moran;1958;0,542
354964;Billy Moran;1962;0,731
354964;Billy Moran;1963;0,686
354968;Charles Moran;1903;0,594
354968;Charles Moran;1904;0,4935
354970;Colin Moran;2018;0,747
354970;Colin Moran;2019;0,751
354970;Colin Moran;2021;0,724
354973;Herbie Moran;1912;0,724
354973;Herbie Moran;1913;0,648
354973;Herbie Moran;1914;0,606
354973;Herbie Moran;1915;0,576
354976;Mickey Morandini;1991;0,63
354976;Mickey Morandini;1992;0,649
354976;Mickey Morandini;1993;0,664
354976;Mickey Morandini;1994;0,787
354976;Mickey Morandini;1995;0,767
354976;Mickey Morandini;1996;0,655
354976;Mickey Morandini;1997;0,751
354976;Mickey Morandini;1998;0,765
354976;Mickey Morandini;1999;0,648
354976;Mickey Morandini;2000;0,639
354977;Pat Moran;1902;0,614
354977;Pat Moran;1903;0,737
354977;Pat Moran;1904;0,566
354977;Pat Moran;1905;0,611
354977;Pat Moran;1906;0,599
354977;Pat Moran;1909;0,563
354981;Mike Mordecai;1999;0,66
354981;Mike Mordecai;2001;0,727
354988;Brent Morel;2011;0,653
354989;Christopher Morel;2022;0,741
354989;Christopher Morel;2023;0,821
354989;Christopher Morel;2024;0,675
354989;Christopher Morel;2025;0,684
354991;Keith Moreland;1982;0,725
354991;Keith Moreland;1983;0,838
354991;Keith Moreland;1984;0,748
354991;Keith Moreland;1985;0,814
354991;Keith Moreland;1986;0,71
354991;Keith Moreland;1987;0,775
354991;Keith Moreland;1988;0,636
354991;Keith Moreland;1989;0,754
354992;Mitch Moreland;2011;0,733
354992;Mitch Moreland;2012;0,789
354992;Mitch Moreland;2013;0,736
354992;Mitch Moreland;2015;0,812
354992;Mitch Moreland;2016;0,72
354992;Mitch Moreland;2017;0,769
354992;Mitch Moreland;2018;0,758
354992;Mitch Moreland;2019;0,835
354992;Mitch Moreland;2021;0,701
354998;Gabriel Moreno;2023;0,747
354998;Gabriel Moreno;2024;0,734
354998;Gabriel Moreno;2025;0,786
355003;Omar Moreno;1977;0,652
355003;Omar Moreno;1978;0,642
355003;Omar Moreno;1979;0,714
355003;Omar Moreno;1980;0,631
355003;Omar Moreno;1981;0,681
355003;Omar Moreno;1982;0,606
355003;Omar Moreno;1983;0,608
355003;Omar Moreno;1984;0,654
355003;Omar Moreno;1986;0,627
355012;Bobby Morgan;1954;0,775
355012;Bobby Morgan;1955;0,675
355012;Bobby Morgan;1957;0,593
355013;Chet Morgan;1938;0,641
355017;Ed Morgan;1928;0,86
355017;Ed Morgan;1929;0,861
355017;Ed Morgan;1930;1,014
355017;Ed Morgan;1931;0,961
355017;Ed Morgan;1932;0,804
355017;Ed Morgan;1934;0,719
355021;Joe Morgan;1965;0,791
355021;Joe Morgan;1966;0,801
355021;Joe Morgan;1967;0,789
355021;Joe Morgan;1969;0,737
355021;Joe Morgan;1970;0,779
355021;Joe Morgan;1971;0,757
355021;Joe Morgan;1972;0,851
355021;Joe Morgan;1973;0,899
355021;Joe Morgan;1974;0,921
355021;Joe Morgan;1975;0,974
355021;Joe Morgan;1976;1,02
355021;Joe Morgan;1977;0,895
355021;Joe Morgan;1978;0,733
355021;Joe Morgan;1979;0,756
355021;Joe Morgan;1980;0,74
355021;Joe Morgan;1981;0,748
355021;Joe Morgan;1982;0,838
355021;Joe Morgan;1983;0,773
355021;Joe Morgan;1984;0,707
355025;Nyjer Morgan;2009;0,707
355025;Nyjer Morgan;2010;0,633
355025;Nyjer Morgan;2011;0,778
355025;Nyjer Morgan;2012;0,61
355028;Ray Morgan;1912;0,655
355028;Ray Morgan;1913;0,714
355028;Ray Morgan;1914;0,692
355028;Ray Morgan;1916;0,738
355028;Ray Morgan;1917;0,653
355028;Ray Morgan;1918;0,588
355029;Red Morgan;1906;0,534
355037;George Moriarty;1907;0,657
355037;George Moriarty;1908;0,545
355037;George Moriarty;1909;0,648
355037;George Moriarty;1910;0,632
355037;George Moriarty;1911;0,595
355037;George Moriarty;1912;0,63
355037;George Moriarty;1913;0,567
355037;George Moriarty;1914;0,641
355048;Justin Morneau;2004;0,875
355048;Justin Morneau;2005;0,741
355048;Justin Morneau;2006;0,934
355048;Justin Morneau;2007;0,834
355048;Justin Morneau;2008;0,873
355048;Justin Morneau;2009;0,878
355048;Justin Morneau;2010;1,055
355048;Justin Morneau;2011;0,618
355048;Justin Morneau;2012;0,773
355048;Justin Morneau;2013;0,741
355048;Justin Morneau;2014;0,86
355048;Justin Morneau;2016;0,731
355049;Leroy Morney;1932;0,991
355049;Leroy Morney;1934;0,603
355068;Ed Morris;1885;0,426
355068;Ed Morris;1886;0,445
355074;Hal Morris;1990;0,88
355074;Hal Morris;1991;0,853
355074;Hal Morris;1992;0,732
355074;Hal Morris;1993;0,79
355074;Hal Morris;1994;0,875
355074;Hal Morris;1995;0,785
355074;Hal Morris;1996;0,853
355074;Hal Morris;1997;0,679
355074;Hal Morris;1998;0,731
355077;Jim Morrison;1979;0,833
355077;Jim Morrison;1980;0,753
355077;Jim Morrison;1981;0,634
355077;Jim Morrison;1984;0,782
355077;Jim Morrison;1985;0,622
355077;Jim Morrison;1986;0,816
355077;Jim Morrison;1987;0,726
355080;John Morrill;1876;0,565
355080;John Morrill;1877;0,649
355080;John Morrill;1878;0,527
355080;John Morrill;1879;0,671
355080;John Morrill;1880;0,609
355080;John Morrill;1881;0,695
355080;John Morrill;1882;0,748
355080;John Morrill;1883;0,868
355080;John Morrill;1884;0,664
355080;John Morrill;1885;0,677
355080;John Morrill;1886;0,715
355080;John Morrill;1887;0,769
355080;John Morrill;1888;0,57
355084;Joseph Morrissey;1932;0,568
355084;Joseph Morrissey;1933;0,529
355087;Logan Morrison;2010;0,837
355087;Logan Morrison;2011;0,797
355087;Logan Morrison;2012;0,707
355087;Logan Morrison;2013;0,709
355087;Logan Morrison;2014;0,735
355087;Logan Morrison;2015;0,685
355087;Logan Morrison;2016;0,733
355087;Logan Morrison;2017;0,868
355087;Logan Morrison;2018;0,644
355095;Warren Morris;1999;0,787
355095;Warren Morris;2000;0,684
355095;Warren Morris;2003;0,689
355100;Mike Morse;2005;0,718
355100;Mike Morse;2010;0,87
355100;Mike Morse;2011;0,91
355100;Mike Morse;2012;0,791
355100;Mike Morse;2013;0,693
355100;Mike Morse;2014;0,811
355103;Bubba Morton;1967;0,775
355113;Walt Moryn;1956;0,826
355113;Walt Moryn;1957;0,795
355113;Walt Moryn;1958;0,845
355113;Walt Moryn;1959;0,702
355113;Walt Moryn;1960;0,759
355117;Lloyd Moseby;1980;0,646
355117;Lloyd Moseby;1981;0,635
355117;Lloyd Moseby;1982;0,664
355117;Lloyd Moseby;1983;0,875
355117;Lloyd Moseby;1984;0,837
355117;Lloyd Moseby;1985;0,772
355117;Lloyd Moseby;1986;0,746
355117;Lloyd Moseby;1987;0,831
355117;Lloyd Moseby;1988;0,712
355117;Lloyd Moseby;1989;0,655
355117;Lloyd Moseby;1990;0,735
355117;Lloyd Moseby;1991;0,717
355124;Jerry Moses;1970;0,697
355125;John Moses;1986;0,645
355125;John Moses;1987;0,632
355125;John Moses;1988;0,788
355125;John Moses;1989;0,701
355127;Wally Moses;1935;0,822
355127;Wally Moses;1936;0,888
355127;Wally Moses;1937;0,925
355127;Wally Moses;1938;0,794
355127;Wally Moses;1939;0,793
355127;Wally Moses;1940;0,865
355127;Wally Moses;1941;0,806
355127;Wally Moses;1942;0,722
355127;Wally Moses;1943;0,647
355127;Wally Moses;1944;0,725
355127;Wally Moses;1945;0,793
355127;Wally Moses;1947;0,728
355127;Wally Moses;1949;0,747
355127;Wally Moses;1950;0,75
355134;Brandon Moss;2009;0,668
355134;Brandon Moss;2012;0,954
355134;Brandon Moss;2013;0,859
355134;Brandon Moss;2014;0,772
355134;Brandon Moss;2015;0,695
355134;Brandon Moss;2016;0,784
355134;Brandon Moss;2017;0,707
355139;Les Moss;1947;0,51
355139;Les Moss;1948;0,758
355139;Les Moss;1949;0,838
355139;Les Moss;1950;0,744
355139;Les Moss;1951;0,562
355139;Les Moss;1953;0,698
355144;Johnny Mostil;1921;0,814
355144;Johnny Mostil;1922;0,846
355144;Johnny Mostil;1923;0,806
355144;Johnny Mostil;1924;0,84
355144;Johnny Mostil;1925;0,822
355144;Johnny Mostil;1926;0,882
355144;Johnny Mostil;1928;0,699
355149;Manny Mota;1964;0,693
355149;Manny Mota;1965;0,715
355149;Manny Mota;1966;0,855
355149;Manny Mota;1967;0,784
355149;Manny Mota;1968;0,653
355149;Manny Mota;1969;0,778
355149;Manny Mota;1970;0,761
355149;Manny Mota;1971;0,759
355149;Manny Mota;1972;0,809
355149;Manny Mota;1973;0,733
355150;Dink Mothell;1924;0,738
355150;Dink Mothell;1925;0,751
355150;Dink Mothell;1926;0,769
355150;Dink Mothell;1927;0,744
355150;Dink Mothell;1928;0,786
355150;Dink Mothell;1929;0,694
355150;Dink Mothell;1930;0,799
355151;Darryl Motley;1984;0,76
355151;Darryl Motley;1985;0,67
355151;Darryl Motley;1986;0,591
355152;Bitsy Mott;1945;0,539
355154;Taylor Motter;2017;0,583
355156;Curt Motton;1968;0,639
355162;Frank Mountain;1883;0,579
355162;Frank Mountain;1884;0,64
355163;Ryan Mountcastle;2021;0,796
355163;Ryan Mountcastle;2022;0,729
355163;Ryan Mountcastle;2023;0,779
355163;Ryan Mountcastle;2024;0,733
355163;Ryan Mountcastle;2025;0,653
355164;Mike Moustakas;2011;0,675
355164;Mike Moustakas;2012;0,708
355164;Mike Moustakas;2013;0,651
355164;Mike Moustakas;2014;0,632
355164;Mike Moustakas;2015;0,817
355164;Mike Moustakas;2017;0,835
355164;Mike Moustakas;2018;0,778
355164;Mike Moustakas;2019;0,845
355164;Mike Moustakas;2022;0,64
355164;Mike Moustakas;2023;0,627
355165;James Mouton;1994;0,615
355165;James Mouton;1995;0,702
355165;James Mouton;1996;0,693
355166;Lyle Mouton;1996;0,8
355166;Lyle Mouton;1997;0,675
355168;Mike Mowrey;1907;0,629
355168;Mike Mowrey;1908;0,534
355168;Mike Mowrey;1910;0,744
355168;Mike Mowrey;1911;0,714
355168;Mike Mowrey;1912;0,675
355168;Mike Mowrey;1913;0,66
355168;Mike Mowrey;1914;0,64
355168;Mike Mowrey;1915;0,725
355168;Mike Mowrey;1916;0,633
355168;Mike Mowrey;1917;0,576
355169;Joe Mowry;1933;0,567
355175;Mike Moynahan;1883;0,772
355180;Bill Mueller;1996;0,816
355180;Bill Mueller;1997;0,797
355180;Bill Mueller;1998;0,778
355180;Bill Mueller;1999;0,751
355180;Bill Mueller;2000;0,721
355180;Bill Mueller;2001;0,851
355180;Bill Mueller;2002;0,757
355180;Bill Mueller;2003;0,938
355180;Bill Mueller;2004;0,811
355180;Bill Mueller;2005;0,799
355181;Don Mueller;1950;0,691
355181;Don Mueller;1951;0,737
355181;Don Mueller;1952;0,754
355181;Don Mueller;1953;0,764
355181;Don Mueller;1954;0,807
355181;Don Mueller;1955;0,72
355181;Don Mueller;1956;0,624
355181;Don Mueller;1957;0,597
355183;Heinie Mueller;1923;0,92
355183;Heinie Mueller;1924;0,677
355183;Heinie Mueller;1925;0,789
355183;Heinie Mueller;1926;0,621
355184;Emmett Mueller;1938;0,668
355184;Emmett Mueller;1939;0,779
355184;Emmett Mueller;1940;0,69
355184;Emmett Mueller;1941;0,598
355186;Ray Mueller;1938;0,636
355186;Ray Mueller;1943;0,726
355186;Ray Mueller;1944;0,751
355186;Ray Mueller;1946;0,695
355196;Mike Muldoon;1882;0,646
355196;Mike Muldoon;1883;0,549
355196;Mike Muldoon;1884;0,59
355196;Mike Muldoon;1885;0,637
355196;Mike Muldoon;1886;0,544
355198;Tony Mullane;1882;0,595
355198;Tony Mullane;1883;0,556
355198;Tony Mullane;1884;0,712
355198;Tony Mullane;1886;0,576
355198;Tony Mullane;1890;0,738
355198;Tony Mullane;1891;0,402
355202;Charlie Mullen;1914;0,617
355205;Greg Mulleavy;1930;0,657
355208;Ford Mullen;1944;0,618
355210;Cedric Mullins;2021;0,878
355210;Cedric Mullins;2022;0,721
355210;Cedric Mullins;2023;0,721
355210;Cedric Mullins;2024;0,71
355210;Cedric Mullins;2025;0,738
355212;Eddie Mulligan;1921;0,623
355212;Eddie Mulligan;1922;0,593
355220;Pat Mullin;1941;0,909
355220;Pat Mullin;1946;0,666
355220;Pat Mullin;1947;0,829
355220;Pat Mullin;1948;0,889
355220;Pat Mullin;1949;0,805
355220;Pat Mullin;1951;0,849
355220;Pat Mullin;1952;0,756
355221;Rance Mulliniks;1977;0,694
355221;Rance Mulliniks;1982;0,689
355221;Rance Mulliniks;1983;0,84
355221;Rance Mulliniks;1984;0,823
355221;Rance Mulliniks;1985;0,836
355221;Rance Mulliniks;1986;0,757
355221;Rance Mulliniks;1987;0,871
355221;Rance Mulliniks;1988;0,87
355221;Rance Mulliniks;1989;0,646
355221;Rance Mulliniks;1991;0,697
355225;Joe Mulvey;1884;0,519
355225;Joe Mulvey;1885;0,666
355225;Joe Mulvey;1886;0,657
355225;Joe Mulvey;1887;0,69
355225;Joe Mulvey;1888;0,497
355225;Joe Mulvey;1889;0,712
355225;Joe Mulvey;1890;0,754
355225;Joe Mulvey;1891;0,651
355225;Joe Mulvey;1893;0,574
355227;Jerry Mumphrey;1976;0,653
355227;Jerry Mumphrey;1977;0,741
355227;Jerry Mumphrey;1978;0,652
355227;Jerry Mumphrey;1979;0,71
355227;Jerry Mumphrey;1980;0,724
355227;Jerry Mumphrey;1981;0,783
355227;Jerry Mumphrey;1982;0,813
355227;Jerry Mumphrey;1983;0,739
355227;Jerry Mumphrey;1984;0,746
355227;Jerry Mumphrey;1985;0,725
355227;Jerry Mumphrey;1986;0,756
355227;Jerry Mumphrey;1987;0,934
355231;Max Muncy;2018;0,973
355231;Max Muncy;2019;0,889
355231;Max Muncy;2020;0,72
355231;Max Muncy;2021;0,895
355231;Max Muncy;2022;0,713
355231;Max Muncy;2023;0,808
355231;Max Muncy;2024;0,852
355231;Max Muncy;2025;0,846
355232;Max Muncy;2025;0,638
355252;Pedro Munoz;1992;0,707
355252;Pedro Munoz;1993;0,686
355252;Pedro Munoz;1994;0,857
355252;Pedro Munoz;1995;0,827
355255;Yairo Munoz;2018;0,763
355257;Eric Munson;2003;0,753
355257;Eric Munson;2004;0,735
355260;Thurman Munson;1970;0,801
355260;Thurman Munson;1971;0,703
355260;Thurman Munson;1972;0,707
355260;Thurman Munson;1973;0,849
355260;Thurman Munson;1974;0,697
355260;Thurman Munson;1975;0,795
355260;Thurman Munson;1976;0,769
355260;Thurman Munson;1977;0,813
355260;Thurman Munson;1978;0,705
355260;Thurman Munson;1979;0,714
355262;John Munyan;1890;0,727
355266;Bobby Murcer;1969;0,773
355266;Bobby Murcer;1970;0,768
355266;Bobby Murcer;1971;0,969
355266;Bobby Murcer;1972;0,898
355266;Bobby Murcer;1973;0,821
355266;Bobby Murcer;1974;0,71
355266;Bobby Murcer;1975;0,828
355266;Bobby Murcer;1976;0,796
355266;Bobby Murcer;1977;0,81
355266;Bobby Murcer;1978;0,779
355266;Bobby Murcer;1979;0,748
355266;Bobby Murcer;1980;0,777
355274;Tim Murnane;1875;0,585
355274;Tim Murnane;1876;0,635
355274;Tim Murnane;1884;0,549
355282;Buzz Murphy;1919;0,648
355289;Danny Murphy;1902;0,766
355289;Danny Murphy;1903;0,677
355289;Danny Murphy;1904;0,76
355289;Danny Murphy;1905;0,728
355289;Danny Murphy;1906;0,745
355289;Danny Murphy;1907;0,663
355289;Danny Murphy;1908;0,677
355289;Danny Murphy;1909;0,744
355289;Danny Murphy;1910;0,774
355289;Danny Murphy;1911;0,858
355292;Dale Murphy;1978;0,679
355292;Dale Murphy;1979;0,809
355292;Dale Murphy;1980;0,858
355292;Dale Murphy;1981;0,716
355292;Dale Murphy;1982;0,885
355292;Dale Murphy;1983;0,933
355292;Dale Murphy;1984;0,919
355292;Dale Murphy;1985;0,927
355292;Dale Murphy;1986;0,824
355292;Dale Murphy;1987;0,997
355292;Dale Murphy;1988;0,734
355292;Dale Murphy;1989;0,667
355292;Dale Murphy;1990;0,7375
355292;Dale Murphy;1991;0,724
355294;David Murphy;2008;0,786
355294;David Murphy;2009;0,785
355294;David Murphy;2010;0,806
355294;David Murphy;2011;0,729
355294;David Murphy;2012;0,859
355294;David Murphy;2013;0,656
355294;David Murphy;2014;0,703
355294;David Murphy;2015;0,781
355295;Daniel Murphy;2009;0,741
355295;Daniel Murphy;2011;0,809
355295;Daniel Murphy;2012;0,735
355295;Daniel Murphy;2013;0,733
355295;Daniel Murphy;2014;0,734
355295;Daniel Murphy;2015;0,77
355295;Daniel Murphy;2016;0,985
355295;Daniel Murphy;2017;0,928
355295;Daniel Murphy;2019;0,78
355299;Dwayne Murphy;1979;0,773
355299;Dwayne Murphy;1980;0,764
355299;Dwayne Murphy;1981;0,777
355299;Dwayne Murphy;1982;0,767
355299;Dwayne Murphy;1983;0,694
355299;Dwayne Murphy;1984;0,814
355299;Dwayne Murphy;1985;0,74
355299;Dwayne Murphy;1986;0,75
355299;Dwayne Murphy;1987;0,762
355301;Eddie Murphy;1913;0,747
355301;Eddie Murphy;1914;0,72
355301;Eddie Murphy;1915;0,695
355301;Eddie Murphy;1918;0,699
355309;J. R. Murphy;2018;0,619
355310;Larry Murphy;1891;0,697
355313;Morgan Murphy;1890;0,61
355313;Morgan Murphy;1891;0,582
355313;Morgan Murphy;1892;0,55
355313;Morgan Murphy;1893;0,58
355313;Morgan Murphy;1894;0,651
355313;Morgan Murphy;1897;0,377
355318;Sean Murphy;2021;0,71
355318;Sean Murphy;2022;0,759
355318;Sean Murphy;2023;0,844
355318;Sean Murphy;2024;0,636
355318;Sean Murphy;2025;0,709
355322;Tom Murphy;2019;0,858
355322;Tom Murphy;2021;0,655
355325;Yale Murphy;1894;0,692
355332;Calvin Murray;2001;0,674
355338;Eddie Murray;1977;0,803
355338;Eddie Murray;1978;0,836
355338;Eddie Murray;1979;0,844
355338;Eddie Murray;1980;0,873
355338;Eddie Murray;1981;0,895
355338;Eddie Murray;1982;0,94
355338;Eddie Murray;1983;0,93
355338;Eddie Murray;1984;0,918
355338;Eddie Murray;1985;0,906
355338;Eddie Murray;1986;0,859
355338;Eddie Murray;1987;0,829
355338;Eddie Murray;1988;0,836
355338;Eddie Murray;1989;0,743
355338;Eddie Murray;1990;0,934
355338;Eddie Murray;1991;0,724
355338;Eddie Murray;1992;0,759
355338;Eddie Murray;1993;0,792
355338;Eddie Murray;1994;0,727
355338;Eddie Murray;1995;0,891
355338;Eddie Murray;1996;0,747
355346;Larry Murray;1979;0,553
355349;Mitchell Murray;1926;0,919
355351;Ray Murray;1953;0,756
355352;Red Murray;1907;0,668
355352;Red Murray;1908;0,732
355352;Red Murray;1909;0,688
355352;Red Murray;1910;0,721
355352;Red Murray;1911;0,781
355352;Red Murray;1912;0,734
355352;Red Murray;1913;0,65
355356;Ivan Murrell;1969;0,672
355356;Ivan Murrell;1970;0,679
355356;Ivan Murrell;1971;0,628
355356;Ivan Murrell;1973;0,664
355357;Danny Murtaugh;1941;0,523
355357;Danny Murtaugh;1942;0,599
355357;Danny Murtaugh;1943;0,692
355357;Danny Murtaugh;1948;0,721
355357;Danny Murtaugh;1949;0,566
355357;Danny Murtaugh;1950;0,768
355358;Matt Murton;2006;0,809
355358;Matt Murton;2007;0,791
355359;Tony Muser;1973;0,74
355359;Tony Muser;1974;0,653
355359;Tony Muser;1976;0,534
355364;Stan Musial;1942;0,888
355364;Stan Musial;1943;0,988
355364;Stan Musial;1944;0,99
355364;Stan Musial;1946;1,021
355364;Stan Musial;1947;0,902
355364;Stan Musial;1948;1,152
355364;Stan Musial;1949;1,062
355364;Stan Musial;1950;1,034
355364;Stan Musial;1951;1,063
355364;Stan Musial;1952;0,97
355364;Stan Musial;1953;1,046
355364;Stan Musial;1954;1,036
355364;Stan Musial;1955;0,974
355364;Stan Musial;1956;0,908
355364;Stan Musial;1957;1,034
355364;Stan Musial;1958;0,95
355364;Stan Musial;1959;0,792
355364;Stan Musial;1960;0,841
355364;Stan Musial;1961;0,86
355364;Stan Musial;1962;0,924
355364;Stan Musial;1963;0,728
355376;George Myatt;1944;0,699
355376;George Myatt;1945;0,744
355377;Glenn Myatt;1923;0,751
355377;Glenn Myatt;1924;0,919
355377;Glenn Myatt;1925;0,784
355377;Glenn Myatt;1930;0,76
355377;Glenn Myatt;1932;0,723
355378;Buddy Myer;1926;0,75
355378;Buddy Myer;1927;0,753
355378;Buddy Myer;1928;0,769
355378;Buddy Myer;1929;0,776
355378;Buddy Myer;1930;0,75
355378;Buddy Myer;1931;0,766
355378;Buddy Myer;1932;0,786
355378;Buddy Myer;1933;0,81
355378;Buddy Myer;1934;0,835
355378;Buddy Myer;1935;0,907
355378;Buddy Myer;1937;0,791
355378;Buddy Myer;1938;0,918
355378;Buddy Myer;1939;0,772
355378;Buddy Myer;1940;0,785
355379;Al Myers;1885;0,489
355379;Al Myers;1886;0,696
355379;Al Myers;1887;0,613
355379;Al Myers;1888;0,541
355379;Al Myers;1889;0,681
355379;Al Myers;1890;0,742
355379;Al Myers;1891;0,633
355380;Bert Myers;1896;0,637
355381;Billy Myers;1935;0,695
355381;Billy Myers;1936;0,718
355381;Billy Myers;1937;0,71
355381;Billy Myers;1938;0,719
355381;Billy Myers;1939;0,762
355381;Billy Myers;1940;0,603
355384;Dane Myers;2025;0,617
355386;George Myers;1884;0,453
355386;George Myers;1885;0,497
355386;George Myers;1886;0,47
355386;George Myers;1887;0,57
355386;George Myers;1888;0,591
355387;Greg Myers;1990;0,625
355387;Greg Myers;1991;0,717
355387;Greg Myers;1993;0,66
355387;Greg Myers;1995;0,721
355387;Greg Myers;1996;0,746
355387;Greg Myers;2003;0,876
355388;Hap Myers;1913;0,659
355388;Hap Myers;1914;0,617
355388;Hap Myers;1915;0,68
355389;Henry Myers;1882;0,403
355390;Hi Myers;1914;0,695
355390;Hi Myers;1915;0,591
355390;Hi Myers;1916;0,689
355390;Hi Myers;1917;0,643
355390;Hi Myers;1918;0,638
355390;Hi Myers;1919;0,774
355390;Hi Myers;1920;0,807
355390;Hi Myers;1921;0,667
355390;Hi Myers;1922;0,739
355390;Hi Myers;1923;0,715
355393;Lynn Myers;1938;0,588
355400;Wil Myers;2013;0,831
355400;Wil Myers;2014;0,614
355400;Wil Myers;2015;0,763
355400;Wil Myers;2016;0,797
355400;Wil Myers;2017;0,792
355400;Wil Myers;2018;0,763
355400;Wil Myers;2019;0,739
355400;Wil Myers;2021;0,768
355400;Wil Myers;2022;0,713
355406;Xavier Nady;2003;0,712
355406;Xavier Nady;2005;0,76
355406;Xavier Nady;2006;0,7865
355406;Xavier Nady;2007;0,805
355406;Xavier Nady;2008;0,8565
355406;Xavier Nady;2010;0,66
355406;Xavier Nady;2011;0,646
355407;Tim Naehring;1994;0,764
355407;Tim Naehring;1995;0,863
355407;Tim Naehring;1996;0,808
355407;Tim Naehring;1997;0,843
355408;Bill Nagel;1939;0,744
355408;Bill Nagel;1945;0,585
355418;Bill Nahorodny;1978;0,633
355424;William Nance;1901;0,728
355433;Mike Napoli;2006;0,815
355433;Mike Napoli;2007;0,794
355433;Mike Napoli;2008;0,96
355433;Mike Napoli;2009;0,842
355433;Mike Napoli;2010;0,784
355433;Mike Napoli;2011;1,046
355433;Mike Napoli;2012;0,812
355433;Mike Napoli;2013;0,842
355433;Mike Napoli;2014;0,789
355433;Mike Napoli;2015;0,693
355433;Mike Napoli;2016;0,8
355433;Mike Napoli;2017;0,713
355434;Tyler Naquin;2016;0,886
355434;Tyler Naquin;2019;0,792
355434;Tyler Naquin;2021;0,809
355438;Bill Narleski;1929;0,679
355440;Jerry Narron;1981;0,576
355444;Carlos Narváez;2025;0,726
355445;Omar Narvaez;2017;0,713
355445;Omar Narvaez;2018;0,794
355445;Omar Narvaez;2019;0,813
355445;Omar Narvaez;2021;0,743
355445;Omar Narvaez;2022;0,597
355448;Billy Nash;1886;0,672
355448;Billy Nash;1887;0,81
355448;Billy Nash;1888;0,747
355448;Billy Nash;1889;0,722
355448;Billy Nash;1890;0,783
355448;Billy Nash;1891;0,75
355448;Billy Nash;1892;0,688
355448;Billy Nash;1893;0,832
355448;Billy Nash;1894;0,804
355448;Billy Nash;1895;0,802
355448;Billy Nash;1896;0,69
355448;Billy Nash;1897;0,703
355461;Daniel Nava;2012;0,742
355461;Daniel Nava;2013;0,831
355461;Daniel Nava;2014;0,706
355463;Dioner Navarro;2007;0,641
355463;Dioner Navarro;2008;0,757
355463;Dioner Navarro;2009;0,583
355463;Dioner Navarro;2013;0,856
355463;Dioner Navarro;2014;0,712
355463;Dioner Navarro;2016;0,606
355475;Bo Naylor;2024;0,614
355475;Bo Naylor;2025;0,661
355477;Josh Naylor;2019;0,719
355477;Josh Naylor;2021;0,7
355477;Josh Naylor;2022;0,771
355477;Josh Naylor;2023;0,842
355477;Josh Naylor;2024;0,776
355477;Josh Naylor;2025;0,807
355483;Charlie Neal;1957;0,767
355483;Charlie Neal;1958;0,779
355483;Charlie Neal;1959;0,802
355483;Charlie Neal;1960;0,684
355483;Charlie Neal;1961;0,643
355483;Charlie Neal;1962;0,718
355483;Charlie Neal;1963;0,619
355484;Greasy Neale;1916;0,601
355484;Greasy Neale;1917;0,743
355484;Greasy Neale;1918;0,691
355484;Greasy Neale;1919;0,632
355484;Greasy Neale;1920;0,639
355484;Greasy Neale;1921;0,63
355488;Joe Nealon;1906;0,679
355488;Joe Nealon;1907;0,627
355493;Tom Needham;1904;0,664
355493;Tom Needham;1905;0,563
355493;Tom Needham;1906;0,472
355493;Tom Needham;1907;0,51
355495;Troy Neel;1993;0,84
355495;Troy Neel;1994;0,832
355497;Cal Neeman;1957;0,674
355497;Cal Neeman;1958;0,809
355512;Bernie Neis;1920;0,666
355512;Bernie Neis;1921;0,697
355512;Bernie Neis;1923;0,694
355512;Bernie Neis;1924;0,811
355512;Bernie Neis;1925;0,748
355521;Candy Nelson;1874;0,571
355521;Candy Nelson;1875;0,456
355521;Candy Nelson;1883;0,732
355521;Candy Nelson;1884;0,685
355521;Candy Nelson;1885;0,663
355521;Candy Nelson;1886;0,584
355521;Candy Nelson;1887;0,653
355521;Candy Nelson;1890;0,648
355522;Chris Nelson;2012;0,81
355524;Dave Nelson;1971;0,705
355524;Dave Nelson;1972;0,607
355524;Dave Nelson;1973;0,703
355524;Dave Nelson;1974;0,578
355543;Ricky Nelson;1983;0,666
355544;Rocky Nelson;1949;0,594
355544;Rocky Nelson;1950;0,661
355544;Rocky Nelson;1960;0,852
355550;Dick Nen;1965;0,682
355550;Dick Nen;1966;0,618
355550;Dick Nen;1967;0,612
355555;Jack Ness;1916;0,655
355556;Zach Neto;2023;0,685
355556;Zach Neto;2024;0,761
355556;Zach Neto;2025;0,793
355557;Graig Nettles;1969;0,693
355557;Graig Nettles;1970;0,741
355557;Graig Nettles;1971;0,785
355557;Graig Nettles;1972;0,72
355557;Graig Nettles;1973;0,72
355557;Graig Nettles;1974;0,718
355557;Graig Nettles;1975;0,753
355557;Graig Nettles;1976;0,802
355557;Graig Nettles;1977;0,829
355557;Graig Nettles;1978;0,803
355557;Graig Nettles;1979;0,726
355557;Graig Nettles;1980;0,766
355557;Graig Nettles;1981;0,731
355557;Graig Nettles;1982;0,719
355557;Graig Nettles;1983;0,787
355557;Graig Nettles;1984;0,742
355557;Graig Nettles;1985;0,784
355557;Graig Nettles;1986;0,679
355558;Jim Nettles;1972;0,596
355559;Morris Nettles;1975;0,564
355566;Johnny Neun;1926;0,759
355566;Johnny Neun;1927;0,834
355566;Johnny Neun;1930;0,818
355568;Sheldon Neuse;2022;0,561
355573;Phil Nevin;1997;0,72
355573;Phil Nevin;1998;0,662
355573;Phil Nevin;1999;0,88
355573;Phil Nevin;2000;0,916
355573;Phil Nevin;2001;0,976
355573;Phil Nevin;2002;0,757
355573;Phil Nevin;2003;0,825
355573;Phil Nevin;2004;0,859
355573;Phil Nevin;2005;0,699
355574;Tyler Nevin;2024;0,618
355583;David Newhan;2004;0,814
355583;David Newhan;2005;0,591
355590;Al Newman;1987;0,601
355590;Al Newman;1988;0,551
355590;Al Newman;1989;0,643
355590;Al Newman;1990;0,582
355590;Al Newman;1991;0,471
355590;Al Newman;1992;0,557
355594;Jeff Newman;1978;0,661
355594;Jeff Newman;1979;0,666
355594;Jeff Newman;1980;0,656
355594;Jeff Newman;1981;0,589
355594;Jeff Newman;1982;0,554
355596;Kevin Newman;2019;0,8
355596;Kevin Newman;2021;0,574
355596;Kevin Newman;2022;0,687
355596;Kevin Newman;2023;0,675
355596;Kevin Newman;2024;0,686
355600;Pat Newnam;1910;0,556
355605;Skeeter Newsome;1936;0,531
355605;Skeeter Newsome;1937;0,627
355605;Skeeter Newsome;1939;0,543
355605;Skeeter Newsome;1941;0,574
355605;Skeeter Newsome;1943;0,628
355605;Skeeter Newsome;1944;0,6
355605;Skeeter Newsome;1945;0,692
355605;Skeeter Newsome;1946;0,566
355605;Skeeter Newsome;1947;0,572
355606;Warren Newson;1996;0,806
355609;Gus Niarhos;1948;0,741
355611;Al Nichols;1876;0,385
355612;Art Nichols;1901;0,598
355612;Art Nichols;1902;0,66
355613;Bill Nicholson;1939;0,818
355613;Bill Nicholson;1940;0,899
355613;Bill Nicholson;1941;0,81
355613;Bill Nicholson;1942;0,859
355613;Bill Nicholson;1943;0,917
355613;Bill Nicholson;1944;0,935
355613;Bill Nicholson;1945;0,734
355613;Bill Nicholson;1946;0,683
355613;Bill Nicholson;1947;0,831
355613;Bill Nicholson;1948;0,816
355613;Bill Nicholson;1949;0,735
355619;Dave Nicholson;1963;0,738
355619;Dave Nicholson;1964;0,693
355619;Dave Nicholson;1966;0,767
355623;Fred Nicholson;1920;0,934
355623;Fred Nicholson;1921;0,86
355623;Fred Nicholson;1922;0,678
355627;Parson Nicholson;1890;0,696
355628;Reid Nichols;1982;0,802
355628;Reid Nichols;1983;0,79
355632;Simon Nicholls;1907;0,675
355632;Simon Nicholls;1908;0,545
355638;Hugh Nicol;1883;0,656
355638;Hugh Nicol;1884;0,619
355638;Hugh Nicol;1885;0,508
355638;Hugh Nicol;1886;0,533
355638;Hugh Nicol;1887;0,608
355638;Hugh Nicol;1888;0,6
355638;Hugh Nicol;1889;0,654
355642;Tomas Nido;2022;0,6
355648;Bert Niehoff;1914;0,635
355648;Bert Niehoff;1915;0,588
355648;Bert Niehoff;1916;0,648
355648;Bert Niehoff;1917;0,644
355650;Lance Niekro;2005;0,755
355655;Bob Nieman;1952;0,808
355655;Bob Nieman;1953;0,807
355655;Bob Nieman;1954;0,741
355655;Bob Nieman;1955;0,826
355655;Bob Nieman;1956;0,94
355655;Bob Nieman;1957;0,792
355655;Bob Nieman;1958;0,917
355655;Bob Nieman;1959;0,895
355656;Butch Nieman;1943;0,737
355656;Butch Nieman;1944;0,759
355656;Butch Nieman;1945;0,839
355660;Al Niemiec;1936;0,538
355664;Tom Nieto;1985;0,586
355665;Kirk Nieuwenhuis;2012;0,691
355665;Kirk Nieuwenhuis;2016;0,709
355669;Melvin Nieves;1995;0,695
355669;Melvin Nieves;1996;0,807
355669;Melvin Nieves;1997;0,762
355670;Wil Nieves;2009;0,612
355676;Harry Niles;1906;0,578
355676;Harry Niles;1907;0,67
355676;Harry Niles;1908;0,66
355676;Harry Niles;1909;0,602
355676;Harry Niles;1910;0,551
355677;George Nill;1905;0,52
355677;George Nill;1906;0,613
355677;George Nill;1907;0,561
355678;Dave Nilsson;1993;0,711
355678;Dave Nilsson;1994;0,777
355678;Dave Nilsson;1995;0,804
355678;Dave Nilsson;1996;0,932
355678;Dave Nilsson;1997;0,798
355678;Dave Nilsson;1998;0,776
355678;Dave Nilsson;1999;0,954
355679;Brandon Nimmo;2018;0,886
355679;Brandon Nimmo;2021;0,838
355679;Brandon Nimmo;2022;0,8
355679;Brandon Nimmo;2023;0,829
355679;Brandon Nimmo;2024;0,727
355679;Brandon Nimmo;2025;0,76
355684;Tsuyoshi Nishioka;2011;0,527
355689;Jayson Nix;2009;0,716
355689;Jayson Nix;2010;0,705
355689;Jayson Nix;2013;0,619
355691;Laynce Nix;2004;0,73
355691;Laynce Nix;2005;0,664
355691;Laynce Nix;2009;0,767
355691;Laynce Nix;2011;0,75
355692;Al Nixon;1922;0,637
355692;Al Nixon;1923;0,671
355692;Al Nixon;1926;0,725
355694;Otis Nixon;1988;0,6
355694;Otis Nixon;1989;0,566
355694;Otis Nixon;1990;0,638
355694;Otis Nixon;1991;0,698
355694;Otis Nixon;1992;0,695
355694;Otis Nixon;1993;0,666
355694;Otis Nixon;1994;0,677
355694;Otis Nixon;1995;0,695
355694;Otis Nixon;1996;0,703
355694;Otis Nixon;1997;0,647
355694;Otis Nixon;1998;0,705
355695;Russ Nixon;1958;0,761
355695;Russ Nixon;1959;0,591
355695;Russ Nixon;1960;0,766
355695;Russ Nixon;1961;0,695
355695;Russ Nixon;1963;0,717
355696;Trot Nixon;1999;0,83
355696;Trot Nixon;2000;0,83
355696;Trot Nixon;2001;0,881
355696;Trot Nixon;2002;0,808
355696;Trot Nixon;2003;0,975
355696;Trot Nixon;2005;0,804
355696;Trot Nixon;2006;0,767
355696;Trot Nixon;2007;0,677
355703;Ryan Noda;2023;0,77
355710;Matt Nokes;1987;0,88
355710;Matt Nokes;1988;0,737
355710;Matt Nokes;1989;0,686
355710;Matt Nokes;1990;0,661
355710;Matt Nokes;1991;0,778
355710;Matt Nokes;1992;0,718
355710;Matt Nokes;1993;0,726
355712;Austin Nola;2019;0,796
355712;Austin Nola;2022;0,649
355716;Joe Nolan;1978;0,686
355716;Joe Nolan;1979;0,699
355716;Joe Nolan;1981;0,778
355716;Joe Nolan;1982;0,634
355728;Pete Noonan;1907;0,543
355729;Lars Nootbaar;2022;0,788
355729;Lars Nootbaar;2023;0,784
355729;Lars Nootbaar;2024;0,758
355729;Lars Nootbaar;2025;0,686
355732;Connor Norby;2025;0,689
355734;Wayne Nordhagen;1978;0,762
355734;Wayne Nordhagen;1980;0,752
355734;Wayne Nordhagen;1981;0,78
355736;Irv Noren;1950;0,834
355736;Irv Noren;1951;0,755
355736;Irv Noren;1952;0,669
355736;Irv Noren;1953;0,738
355736;Irv Noren;1954;0,859
355736;Irv Noren;1955;0,706
355746;Nelson Norman;1979;0,526
355749;Derek Norris;2012;0,625
355749;Derek Norris;2013;0,754
355749;Derek Norris;2014;0,763
355749;Derek Norris;2015;0,709
355749;Derek Norris;2016;0,583
355750;Jim Norris;1977;0,724
355750;Jim Norris;1978;0,742
355750;Jim Norris;1979;0,676
355751;Leo Norris;1936;0,697
355751;Leo Norris;1937;0,703
355754;Bill North;1973;0,725
355754;Bill North;1974;0,684
355754;Bill North;1975;0,703
355754;Bill North;1976;0,693
355754;Bill North;1978;0,637
355754;Bill North;1979;0,727
355754;Bill North;1980;0,665
355755;Hub Northen;1912;0,748
355757;Jim Northrup;1965;0,568
355757;Jim Northrup;1966;0,788
355757;Jim Northrup;1967;0,724
355757;Jim Northrup;1968;0,77
355757;Jim Northrup;1969;0,866
355757;Jim Northrup;1970;0,802
355757;Jim Northrup;1971;0,797
355757;Jim Northrup;1972;0,686
355757;Jim Northrup;1973;0,832
355757;Jim Northrup;1974;0,662
355760;Ron Northey;1942;0,631
355760;Ron Northey;1943;0,769
355760;Ron Northey;1944;0,863
355760;Ron Northey;1946;0,754
355760;Ron Northey;1947;0,908
355760;Ron Northey;1948;0,949
355760;Ron Northey;1949;0,76
355765;Greg Norton;1998;0,699
355765;Greg Norton;1999;0,782
355765;Greg Norton;2000;0,706
355765;Greg Norton;2001;0,837
355765;Greg Norton;2006;0,895
355765;Greg Norton;2007;0,705
355769;Willie Norwood;1978;0,677
355769;Willie Norwood;1979;0,684
355771;Joe Nossek;1966;0,628
355776;Lou Novikoff;1941;0,638
355776;Lou Novikoff;1942;0,753
355776;Lou Novikoff;1943;0,668
355781;Les Nunamaker;1914;0,678
355781;Les Nunamaker;1915;0,566
355781;Les Nunamaker;1916;0,784
355781;Les Nunamaker;1917;0,613
355781;Les Nunamaker;1918;0,645
355782;Abraham Nunez;1999;0,55
355782;Abraham Nunez;2001;0,662
355782;Abraham Nunez;2002;0,631
355782;Abraham Nunez;2003;0,667
355782;Abraham Nunez;2005;0,704
355782;Abraham Nunez;2006;0,577
355782;Abraham Nunez;2007;0,6
355783;Abraham Nunez;2004;0,638
355786;Dom Nunez;2021;0,692
355788;Eduardo Nunez;2011;0,698
355788;Eduardo Nunez;2013;0,679
355788;Eduardo Nunez;2014;0,654
355788;Eduardo Nunez;2016;0,764
355788;Eduardo Nunez;2017;0,752
355788;Eduardo Nunez;2018;0,677
355796;Renato Nunez;2018;0,781
355796;Renato Nunez;2019;0,771
355799;Jon Nunnally;1995;0,829
355799;Jon Nunnally;1997;1,002
355812;Nyls Nyman;1975;0,536
355813;Rebel Oakes;1909;0,681
355813;Rebel Oakes;1910;0,623
355813;Rebel Oakes;1911;0,639
355813;Rebel Oakes;1912;0,686
355813;Rebel Oakes;1913;0,687
355813;Rebel Oakes;1914;0,774
355813;Rebel Oakes;1915;0,659
355817;Johnny Oates;1972;0,696
355817;Johnny Oates;1973;0,603
355817;Johnny Oates;1974;0,547
355817;Johnny Oates;1975;0,709
355823;Ken Oberkfell;1979;0,784
355823;Ken Oberkfell;1980;0,794
355823;Ken Oberkfell;1981;0,725
355823;Ken Oberkfell;1982;0,715
355823;Ken Oberkfell;1983;0,756
355823;Ken Oberkfell;1985;0,718
355823;Ken Oberkfell;1986;0,733
355823;Ken Oberkfell;1987;0,704
355823;Ken Oberkfell;1988;0,69
355829;Billy O'Brien;1887;0,81
355829;Billy O'Brien;1888;0,551
355829;Billy O'Brien;1890;0,747
355832;Charlie O'Brien;1996;0,741
355832;Charlie O'Brien;1997;0,657
355833;Darby O'Brien;1887;0,792
355833;Darby O'Brien;1888;0,692
355833;Darby O'Brien;1889;0,802
355833;Darby O'Brien;1890;0,824
355833;Darby O'Brien;1891;0,698
355833;Darby O'Brien;1892;0,587
355837;Eddie O'Brien;1953;0,569
355837;Eddie O'Brien;1955;0,544
355839;Jack O'Brien;1882;0,758
355839;Jack O'Brien;1883;0,709
355839;Jack O'Brien;1885;0,682
355839;Jack O'Brien;1886;0,67
355839;Jack O'Brien;1890;0,765
355840;Jack O'Brien;1899;0,696
355840;Jack O'Brien;1901;0,676
355840;Jack O'Brien;1903;0,564
355842;John O'Brien;1895;0,62
355842;John O'Brien;1896;0,7
355842;John O'Brien;1897;0,63
355842;John O'Brien;1899;0,557
355843;Johnny O'Brien;1953;0,639
355843;Johnny O'Brien;1955;0,723
355845;Pete O'Brien;1906;0,57
355846;Pete O'Brien;1983;0,66
355846;Pete O'Brien;1984;0,796
355846;Pete O'Brien;1985;0,794
355846;Pete O'Brien;1986;0,854
355846;Pete O'Brien;1987;0,805
355846;Pete O'Brien;1988;0,76
355846;Pete O'Brien;1989;0,727
355846;Pete O'Brien;1990;0,622
355846;Pete O'Brien;1991;0,701
355846;Pete O'Brien;1992;0,66
355846;Pete O'Brien;1993;0,725
355850;Syd O'Brien;1969;0,709
355850;Syd O'Brien;1970;0,625
355850;Syd O'Brien;1971;0,546
355851;Tom O'Brien;1884;0,676
355851;Tom O'Brien;1890;0,522
355852;Tom O'Brien;1898;0,648
355852;Tom O'Brien;1899;0,751
355852;Tom O'Brien;1900;0,753
355853;Tommy O'Brien;1943;0,801
355854;Willie O'Bryant;1932;0,592
355855;Alex Ochoa;1996;0,761
355855;Alex Ochoa;1997;0,649
355855;Alex Ochoa;1998;0,642
355855;Alex Ochoa;1999;0,87
355855;Alex Ochoa;2000;0,964
355855;Alex Ochoa;2001;0,767
355855;Alex Ochoa;2002;0,739
355862;Danny O'Connell;1950;0,768
355862;Danny O'Connell;1953;0,762
355862;Danny O'Connell;1954;0,683
355862;Danny O'Connell;1955;0,592
355862;Danny O'Connell;1956;0,663
355862;Danny O'Connell;1957;0,72
355862;Danny O'Connell;1958;0,654
355862;Danny O'Connell;1961;0,692
355862;Danny O'Connell;1962;0,662
355864;Jack O'Connor;1889;0,708
355864;Jack O'Connor;1890;0,788
355864;Jack O'Connor;1891;0,645
355864;Jack O'Connor;1892;0,592
355864;Jack O'Connor;1893;0,724
355864;Jack O'Connor;1894;0,79
355864;Jack O'Connor;1895;0,746
355864;Jack O'Connor;1896;0,702
355864;Jack O'Connor;1897;0,716
355864;Jack O'Connor;1898;0,598
355864;Jack O'Connor;1899;0,61
355864;Jack O'Connor;1901;0,496
355864;Jack O'Connor;1903;0,466
355866;Jimmy O'Connell;1923;0,724
355872;Paddy O'Connor;1915;0,561
355874;Hank O'Day;1884;0,501
355875;Ken O'Dea;1935;0,776
355875;Ken O'Dea;1937;0,804
355875;Ken O'Dea;1938;0,654
355875;Ken O'Dea;1943;0,744
355875;Ken O'Dea;1944;0,717
355875;Ken O'Dea;1945;0,723
355876;Paul O'Dea;1945;0,575
355891;Rougned Odor;2014;0,698
355891;Rougned Odor;2015;0,781
355891;Rougned Odor;2016;0,798
355891;Rougned Odor;2017;0,649
355891;Rougned Odor;2018;0,751
355891;Rougned Odor;2019;0,721
355891;Rougned Odor;2021;0,665
355891;Rougned Odor;2022;0,632
355892;Lefty O'Doul;1928;0,836
355892;Lefty O'Doul;1929;1,087
355892;Lefty O'Doul;1930;1,057
355892;Lefty O'Doul;1931;0,879
355892;Lefty O'Doul;1932;0,978
355892;Lefty O'Doul;1933;0,86
355893;Fred Odwell;1904;0,713
355893;Fred Odwell;1905;0,652
355893;Fred Odwell;1906;0,573
355893;Fred Odwell;1907;0,675
355898;Ron Oester;1980;0,699
355898;Ron Oester;1981;0,741
355898;Ron Oester;1982;0,662
355898;Ron Oester;1983;0,707
355898;Ron Oester;1984;0,612
355898;Ron Oester;1985;0,715
355898;Ron Oester;1986;0,68
355898;Ron Oester;1987;0,684
355898;Ron Oester;1989;0,622
355899;Bob O'Farrell;1920;0,684
355899;Bob O'Farrell;1921;0,695
355899;Bob O'Farrell;1922;0,88
355899;Bob O'Farrell;1923;0,879
355899;Bob O'Farrell;1925;0,732
355899;Bob O'Farrell;1926;0,804
355899;Bob O'Farrell;1929;0,819
355899;Bob O'Farrell;1930;0,827
355900;Jose Offerman;1992;0,664
355900;Jose Offerman;1993;0,676
355900;Jose Offerman;1994;0,603
355900;Jose Offerman;1995;0,765
355900;Jose Offerman;1996;0,801
355900;Jose Offerman;1997;0,753
355900;Jose Offerman;1998;0,841
355900;Jose Offerman;1999;0,826
355900;Jose Offerman;2000;0,713
355900;Jose Offerman;2001;0,716
355900;Jose Offerman;2002;0,65
355901;Rowland Office;1974;0,643
355901;Rowland Office;1975;0,697
355901;Rowland Office;1976;0,716
355901;Rowland Office;1977;0,593
355901;Rowland Office;1978;0,651
355901;Rowland Office;1979;0,656
355901;Rowland Office;1980;0,744
355912;Ben Oglivie;1972;0,684
355912;Ben Oglivie;1974;0,738
355912;Ben Oglivie;1975;0,735
355912;Ben Oglivie;1976;0,804
355912;Ben Oglivie;1977;0,789
355912;Ben Oglivie;1978;0,867
355912;Ben Oglivie;1979;0,869
355912;Ben Oglivie;1980;0,925
355912;Ben Oglivie;1981;0,705
355912;Ben Oglivie;1982;0,78
355912;Ben Oglivie;1983;0,806
355912;Ben Oglivie;1984;0,711
355912;Ben Oglivie;1985;0,794
355912;Ben Oglivie;1986;0,724
355915;Bruce Ogrodowski;1936;0,571
355915;Bruce Ogrodowski;1937;0,59
355919;Bill O'Hara;1909;0,604
355922;Ryan O'Hearn;2019;0,65
355922;Ryan O'Hearn;2021;0,636
355922;Ryan O'Hearn;2023;0,801
355922;Ryan O'Hearn;2024;0,761
355922;Ryan O'Hearn;2025;0,837
355930;Logan O'Hoppe;2024;0,712
355930;Logan O'Hoppe;2025;0,629
355932;Shohei Ohtani;2018;0,925
355932;Shohei Ohtani;2019;0,848
355932;Shohei Ohtani;2021;0,965
355932;Shohei Ohtani;2022;0,875
355932;Shohei Ohtani;2023;1,066
355932;Shohei Ohtani;2024;1,036
355932;Shohei Ohtani;2025;1,014
355934;Augie Ojeda;2008;0,642
355934;Augie Ojeda;2009;0,685
355951;Rube Oldring;1907;0,695
355951;Rube Oldring;1908;0,536
355951;Rube Oldring;1909;0,615
355951;Rube Oldring;1910;0,771
355951;Rube Oldring;1911;0,726
355951;Rube Oldring;1912;0,693
355951;Rube Oldring;1913;0,722
355951;Rube Oldring;1914;0,679
355951;Rube Oldring;1915;0,655
355952;Charley O'Leary;1904;0,508
355952;Charley O'Leary;1905;0,501
355952;Charley O'Leary;1906;0,524
355952;Charley O'Leary;1907;0,584
355952;Charley O'Leary;1908;0,617
355952;Charley O'Leary;1909;0,465
355952;Charley O'Leary;1910;0,56
355952;Charley O'Leary;1911;0,648
355952;Charley O'Leary;1913;0,539
355954;Troy O'Leary;1995;0,846
355954;Troy O'Leary;1996;0,753
355954;Troy O'Leary;1997;0,837
355954;Troy O'Leary;1998;0,782
355954;Troy O'Leary;1999;0,838
355954;Troy O'Leary;2000;0,731
355954;Troy O'Leary;2001;0,735
355954;Troy O'Leary;2002;0,748
355955;John Olerud;1990;0,794
355955;John Olerud;1991;0,791
355955;John Olerud;1992;0,825
355955;John Olerud;1993;1,072
355955;John Olerud;1994;0,869
355955;John Olerud;1995;0,802
355955;John Olerud;1996;0,854
355955;John Olerud;1997;0,889
355955;John Olerud;1998;0,998
355955;John Olerud;1999;0,89
355955;John Olerud;2000;0,831
355955;John Olerud;2001;0,873
355955;John Olerud;2002;0,893
355955;John Olerud;2003;0,761
355955;John Olerud;2004;0,714
355959;Edward Olivares;2023;0,769
355963;Tony Oliva;1964;0,916
355963;Tony Oliva;1965;0,87
355963;Tony Oliva;1966;0,854
355963;Tony Oliva;1967;0,81
355963;Tony Oliva;1968;0,833
355963;Tony Oliva;1969;0,851
355963;Tony Oliva;1970;0,878
355963;Tony Oliva;1971;0,915
355963;Tony Oliva;1973;0,754
355963;Tony Oliva;1974;0,739
355963;Tony Oliva;1975;0,722
355964;Al Oliver;1969;0,778
355964;Al Oliver;1970;0,74
355964;Al Oliver;1971;0,763
355964;Al Oliver;1972;0,789
355964;Al Oliver;1973;0,779
355964;Al Oliver;1974;0,832
355964;Al Oliver;1975;0,763
355964;Al Oliver;1976;0,839
355964;Al Oliver;1977;0,834
355964;Al Oliver;1978;0,848
355964;Al Oliver;1979;0,836
355964;Al Oliver;1980;0,838
355964;Al Oliver;1981;0,759
355964;Al Oliver;1982;0,906
355964;Al Oliver;1983;0,757
355964;Al Oliver;1984;0,705
355966;Bob Oliver;1969;0,687
355966;Bob Oliver;1970;0,76
355966;Bob Oliver;1971;0,628
355966;Bob Oliver;1972;0,743
355966;Bob Oliver;1973;0,722
355966;Bob Oliver;1974;0,623
355970;Gene Oliver;1962;0,792
355970;Gene Oliver;1963;0,736
355970;Gene Oliver;1964;0,795
355970;Gene Oliver;1965;0,818
355970;Gene Oliver;1967;0,665
355973;Joe Oliver;1990;0,664
355973;Joe Oliver;1991;0,644
355973;Joe Oliver;1992;0,704
355973;Joe Oliver;1993;0,659
355973;Joe Oliver;1995;0,772
355973;Joe Oliver;1996;0,715
355973;Joe Oliver;1997;0,728
355973;Joe Oliver;2000;0,803
355976;Nate Oliver;1964;0,58
355976;Nate Oliver;1967;0,564
355977;Tom Oliver;1930;0,69
355977;Tom Oliver;1931;0,66
355977;Tom Oliver;1932;0,632
355977;Tom Oliver;1933;0,599
355980;Miguel Olivo;2003;0,646
355980;Miguel Olivo;2006;0,727
355980;Miguel Olivo;2007;0,667
355980;Miguel Olivo;2008;0,722
355980;Miguel Olivo;2009;0,781
355980;Miguel Olivo;2010;0,765
355980;Miguel Olivo;2011;0,641
355980;Miguel Olivo;2012;0,62
355983;Ray Olmedo;2003;0,554
355984;Luis Olmo;1943;0,737
355984;Luis Olmo;1944;0,651
355984;Luis Olmo;1945;0,818
355998;Greg Olson;1990;0,712
355998;Greg Olson;1991;0,662
355998;Greg Olson;1992;0,643
355998;Greg Olson;1993;0,613
355999;Ivy Olson;1911;0,643
355999;Ivy Olson;1912;0,575
355999;Ivy Olson;1913;0,596
355999;Ivy Olson;1914;0,559
355999;Ivy Olson;1915;0,569
355999;Ivy Olson;1916;0,62
355999;Ivy Olson;1917;0,619
355999;Ivy Olson;1918;0,578
355999;Ivy Olson;1919;0,654
355999;Ivy Olson;1920;0,592
355999;Ivy Olson;1921;0,646
355999;Ivy Olson;1922;0,653
355999;Ivy Olson;1923;0,611
356000;Karl Olson;1954;0,637
356000;Karl Olson;1956;0,635
356001;Marv Olson;1932;0,66
356002;Matt Olson;2018;0,788
356002;Matt Olson;2019;0,896
356002;Matt Olson;2020;0,734
356002;Matt Olson;2021;0,911
356002;Matt Olson;2022;0,802
356002;Matt Olson;2023;0,993
356002;Matt Olson;2024;0,79
356002;Matt Olson;2025;0,85
356007;Mike Olt;2014;0,604
356010;Shawn O'Malley;2016;0,618
356011;Tom O'Malley;1982;0,714
356011;Tom O'Malley;1983;0,684
356013;Ollie O'Mara;1914;0,648
356013;Ollie O'Mara;1915;0,608
356013;Ollie O'Mara;1918;0,484
356024;John O'Neill;1904;0,579
356024;John O'Neill;1906;0,577
356025;Buck O'Neil;1947;0,81
356034;Jack O'Neill;1903;0,568
356035;Jim O'Neill;1920;0,728
356039;Mickey O'Neil;1920;0,665
356039;Mickey O'Neil;1921;0,639
356039;Mickey O'Neil;1922;0,526
356039;Mickey O'Neil;1923;0,52
356039;Mickey O'Neil;1924;0,538
356039;Mickey O'Neil;1925;0,682
356039;Mickey O'Neil;1926;0,557
356040;Paul O'Neill;1988;0,72
356040;Paul O'Neill;1989;0,792
356040;Paul O'Neill;1990;0,761
356040;Paul O'Neill;1991;0,827
356040;Paul O'Neill;1992;0,719
356040;Paul O'Neill;1993;0,871
356040;Paul O'Neill;1994;1,064
356040;Paul O'Neill;1995;0,913
356040;Paul O'Neill;1996;0,885
356040;Paul O'Neill;1997;0,912
356040;Paul O'Neill;1998;0,882
356040;Paul O'Neill;1999;0,812
356040;Paul O'Neill;2000;0,76
356040;Paul O'Neill;2001;0,789
356042;Steve O'Neill;1912;0,518
356042;Steve O'Neill;1913;0,705
356042;Steve O'Neill;1914;0,605
356042;Steve O'Neill;1915;0,59
356042;Steve O'Neill;1916;0,584
356042;Steve O'Neill;1917;0,494
356042;Steve O'Neill;1918;0,655
356042;Steve O'Neill;1919;0,8
356042;Steve O'Neill;1920;0,848
356042;Steve O'Neill;1921;0,827
356042;Steve O'Neill;1922;0,839
356042;Steve O'Neill;1923;0,659
356042;Steve O'Neill;1924;0,664
356043;Tip O'Neill;1884;0,733
356043;Tip O'Neill;1885;0,865
356043;Tip O'Neill;1886;0,826
356043;Tip O'Neill;1887;1,18
356043;Tip O'Neill;1888;0,836
356043;Tip O'Neill;1889;0,897
356043;Tip O'Neill;1890;0,784
356043;Tip O'Neill;1891;0,855
356043;Tip O'Neill;1892;0,666
356044;Tyler O'Neill;2021;0,912
356044;Tyler O'Neill;2022;0,7
356044;Tyler O'Neill;2023;0,715
356044;Tyler O'Neill;2024;0,847
356048;Steve Ontiveros;1974;0,725
356048;Steve Ontiveros;1975;0,757
356048;Steve Ontiveros;1977;0,813
356048;Steve Ontiveros;1978;0,654
356048;Steve Ontiveros;1979;0,732
356050;Jose Oquendo;1983;0,504
356050;Jose Oquendo;1987;0,743
356050;Jose Oquendo;1988;0,7
356050;Jose Oquendo;1989;0,747
356050;Jose Oquendo;1990;0,666
356050;Jose Oquendo;1991;0,658
356050;Jose Oquendo;1995;0,616
356053;Grady Orange;1928;0,651
356055;Ernie Oravetz;1955;0,632
356058;Magglio Ordonez;1998;0,741
356058;Magglio Ordonez;1999;0,858
356058;Magglio Ordonez;2000;0,917
356058;Magglio Ordonez;2001;0,914
356058;Magglio Ordonez;2002;0,978
356058;Magglio Ordonez;2003;0,926
356058;Magglio Ordonez;2004;0,836
356058;Magglio Ordonez;2005;0,795
356058;Magglio Ordonez;2006;0,827
356058;Magglio Ordonez;2007;1,029
356058;Magglio Ordonez;2008;0,869
356058;Magglio Ordonez;2009;0,804
356058;Magglio Ordonez;2010;0,852
356058;Magglio Ordonez;2011;0,634
356059;Rey Ordonez;1996;0,592
356059;Rey Ordonez;1997;0,51
356059;Rey Ordonez;1998;0,577
356059;Rey Ordonez;1999;0,636
356059;Rey Ordonez;2001;0,635
356059;Rey Ordonez;2002;0,616
356060;Joe Orengo;1940;0,795
356060;Joe Orengo;1941;0,619
356060;Joe Orengo;1943;0,642
356062;Kevin Orie;1997;0,781
356062;Kevin Orie;1998;0,533
356062;Kevin Orie;1999;0,718
356064;Paulo Orlando;2015;0,713
356064;Paulo Orlando;2016;0,734
356074;Frank O'Rourke;1921;0,616
356074;Frank O'Rourke;1922;0,705
356074;Frank O'Rourke;1925;0,786
356074;Frank O'Rourke;1926;0,621
356074;Frank O'Rourke;1927;0,689
356074;Frank O'Rourke;1928;0,65
356074;Frank O'Rourke;1929;0,637
356074;Frank O'Rourke;1930;0,659
356075;Jim O'Rourke;1873;0,833
356075;Jim O'Rourke;1874;0,776
356075;Jim O'Rourke;1875;0,735
356075;Jim O'Rourke;1876;0,778
356075;Jim O'Rourke;1877;0,852
356075;Jim O'Rourke;1878;0,704
356075;Jim O'Rourke;1879;0,829
356075;Jim O'Rourke;1880;0,756
356075;Jim O'Rourke;1881;0,754
356075;Jim O'Rourke;1882;0,676
356075;Jim O'Rourke;1883;0,788
356075;Jim O'Rourke;1884;0,872
356075;Jim O'Rourke;1885;0,796
356075;Jim O'Rourke;1886;0,768
356075;Jim O'Rourke;1887;0,762
356075;Jim O'Rourke;1888;0,69
356075;Jim O'Rourke;1889;0,81
356075;Jim O'Rourke;1890;0,925
356075;Jim O'Rourke;1891;0,732
356075;Jim O'Rourke;1892;0,742
356075;Jim O'Rourke;1893;0,711
356076;John O'Rourke;1879;0,877
356076;John O'Rourke;1880;0,739
356076;John O'Rourke;1883;0,696
356082;Tim O'Rourke;1890;0,728
356082;Tim O'Rourke;1892;0,749
356082;Tim O'Rourke;1893;0,748
356082;Tim O'Rourke;1894;0,669
356085;Dave Orr;1884;0,901
356085;Dave Orr;1885;0,901
356085;Dave Orr;1886;0,89
356085;Dave Orr;1887;0,924
356085;Dave Orr;1888;0,718
356085;Dave Orr;1889;0,786
356085;Dave Orr;1890;0,948
356088;Ernie Orsatti;1929;0,853
356088;Ernie Orsatti;1932;0,824
356088;Ernie Orsatti;1933;0,721
356088;Ernie Orsatti;1934;0,718
356088;Ernie Orsatti;1935;0,618
356089;John Orsino;1963;0,824
356089;John Orsino;1964;0,649
356089;John Orsino;1965;0,722
356090;Joe Orsulak;1985;0,707
356090;Joe Orsulak;1986;0,641
356090;Joe Orsulak;1988;0,753
356090;Joe Orsulak;1989;0,771
356090;Joe Orsulak;1990;0,74
356090;Joe Orsulak;1991;0,679
356090;Joe Orsulak;1992;0,723
356090;Joe Orsulak;1993;0,73
356090;Joe Orsulak;1994;0,651
356090;Joe Orsulak;1995;0,695
356090;Joe Orsulak;1996;0,559
356091;Jorge Orta;1973;0,699
356091;Jorge Orta;1974;0,805
356091;Jorge Orta;1975;0,813
356091;Jorge Orta;1976;0,726
356091;Jorge Orta;1977;0,751
356091;Jorge Orta;1978;0,762
356091;Jorge Orta;1979;0,785
356091;Jorge Orta;1980;0,782
356091;Jorge Orta;1981;0,688
356091;Jorge Orta;1983;0,695
356091;Jorge Orta;1984;0,8
356091;Jorge Orta;1985;0,7
356091;Jorge Orta;1986;0,732
356097;Rafael Ortega;2021;0,823
356097;Rafael Ortega;2022;0,688
356101;David Ortiz;1998;0,817
356101;David Ortiz;2000;0,81
356101;David Ortiz;2001;0,799
356101;David Ortiz;2002;0,839
356101;David Ortiz;2003;0,961
356101;David Ortiz;2004;0,983
356101;David Ortiz;2005;1,001
356101;David Ortiz;2006;1,049
356101;David Ortiz;2007;1,066
356101;David Ortiz;2008;0,877
356101;David Ortiz;2009;0,794
356101;David Ortiz;2010;0,899
356101;David Ortiz;2011;0,953
356101;David Ortiz;2012;1,026
356101;David Ortiz;2013;0,959
356101;David Ortiz;2014;0,873
356101;David Ortiz;2015;0,913
356101;David Ortiz;2016;1,021
356106;Jose Ortiz;2001;0,809
356108;Joey Ortiz;2024;0,726
356108;Joey Ortiz;2025;0,593
356109;Junior Ortiz;1989;0,548
356109;Junior Ortiz;1992;0,575
356109;Junior Ortiz;1993;0,54
356115;Roberto Ortiz;1944;0,673
356124;Bobo Osborne;1959;0,532
356124;Bobo Osborne;1963;0,666
356127;Fred Osborn;1908;0,66
356134;Keith Osik;2003;0,665
356155;Jose Osuna;2017;0,697
356155;Jose Osuna;2019;0,766
356163;Ricky Otero;1996;0,678
356165;Amos Otis;1970;0,777
356165;Amos Otis;1971;0,789
356165;Amos Otis;1972;0,765
356165;Amos Otis;1973;0,851
356165;Amos Otis;1974;0,786
356165;Amos Otis;1975;0,727
356165;Amos Otis;1976;0,785
356165;Amos Otis;1977;0,775
356165;Amos Otis;1978;0,905
356165;Amos Otis;1979;0,813
356165;Amos Otis;1980;0,699
356165;Amos Otis;1981;0,738
356165;Amos Otis;1982;0,756
356165;Amos Otis;1983;0,669
356174;Ed Ott;1977;0,73
356174;Ed Ott;1978;0,724
356174;Ed Ott;1979;0,699
356174;Ed Ott;1980;0,674
356174;Ed Ott;1981;0,545
356178;Mel Ott;1928;0,921
356178;Mel Ott;1929;1,084
356178;Mel Ott;1930;1,036
356178;Mel Ott;1931;0,937
356178;Mel Ott;1932;1,025
356178;Mel Ott;1933;0,834
356178;Mel Ott;1934;1,006
356178;Mel Ott;1935;0,962
356178;Mel Ott;1936;1,036
356178;Mel Ott;1937;0,931
356178;Mel Ott;1938;1,024
356178;Mel Ott;1939;1,03
356178;Mel Ott;1940;0,864
356178;Mel Ott;1941;0,898
356178;Mel Ott;1942;0,912
356178;Mel Ott;1943;0,81
356178;Mel Ott;1944;0,967
356178;Mel Ott;1945;0,91
356185;Jimmy Outlaw;1944;0,677
356185;Jimmy Outlaw;1945;0,668
356185;Jimmy Outlaw;1946;0,669
356186;James Outman;2023;0,79
356189;Lyle Overbay;2003;0,767
356189;Lyle Overbay;2004;0,863
356189;Lyle Overbay;2005;0,816
356189;Lyle Overbay;2006;0,88
356189;Lyle Overbay;2007;0,706
356189;Lyle Overbay;2008;0,777
356189;Lyle Overbay;2009;0,838
356189;Lyle Overbay;2010;0,762
356189;Lyle Overbay;2011;0,649
356189;Lyle Overbay;2013;0,688
356189;Lyle Overbay;2014;0,661
356203;Marv Owen;1931;0,59
356203;Marv Owen;1933;0,67
356203;Marv Owen;1934;0,837
356203;Marv Owen;1935;0,672
356203;Marv Owen;1936;0,75
356203;Marv Owen;1937;0,734
356203;Marv Owen;1938;0,71
356204;Mickey Owen;1937;0,542
356204;Mickey Owen;1938;0,695
356204;Mickey Owen;1939;0,693
356204;Mickey Owen;1940;0,67
356204;Mickey Owen;1941;0,584
356204;Mickey Owen;1942;0,642
356204;Mickey Owen;1943;0,611
356204;Mickey Owen;1944;0,662
356204;Mickey Owen;1950;0,591
356207;Dewitt Owens;1927;0,62
356207;Dewitt Owens;1928;0,523
356208;Eric Owens;1996;0,511
356208;Eric Owens;1999;0,718
356208;Eric Owens;2000;0,727
356208;Eric Owens;2001;0,637
356208;Eric Owens;2002;0,69
356208;Eric Owens;2003;0,607
356209;Yip Owens;1915;0,652
356214;Jerry Owens;2007;0,636
356218;Spike Owen;1983;0,528
356218;Spike Owen;1984;0,635
356218;Spike Owen;1985;0,694
356218;Spike Owen;1986;0,636
356218;Spike Owen;1987;0,681
356218;Spike Owen;1988;0,694
356218;Spike Owen;1989;0,681
356218;Spike Owen;1990;0,675
356218;Spike Owen;1991;0,686
356218;Spike Owen;1992;0,729
356218;Spike Owen;1993;0,605
356218;Spike Owen;1994;0,84
356218;Spike Owen;1995;0,6
356226;Will Owens;1929;0,491
356227;Chris Owings;2014;0,706
356227;Chris Owings;2015;0,587
356227;Chris Owings;2016;0,731
356227;Chris Owings;2017;0,741
356227;Chris Owings;2018;0,574
356233;Ray Oyler;1966;0,515
356233;Ray Oyler;1967;0,545
356233;Ray Oyler;1968;0,399
356233;Ray Oyler;1969;0,526
356236;Marcell Ozuna;2013;0,693
356236;Marcell Ozuna;2014;0,772
356236;Marcell Ozuna;2015;0,691
356236;Marcell Ozuna;2016;0,773
356236;Marcell Ozuna;2017;0,924
356236;Marcell Ozuna;2018;0,758
356236;Marcell Ozuna;2019;0,8
356236;Marcell Ozuna;2020;1,067
356236;Marcell Ozuna;2022;0,687
356236;Marcell Ozuna;2023;0,905
356236;Marcell Ozuna;2024;0,925
356236;Marcell Ozuna;2025;0,756
356237;Pablo Ozuna;2005;0,643
356238;Charlie Pabor;1873;0,802
356244;Cristian Pache;2022;0,459
356245;Jordan Pacheco;2012;0,762
356245;Jordan Pacheco;2013;0,588
356249;Tom Paciorek;1976;0,716
356249;Tom Paciorek;1978;0,786
356249;Tom Paciorek;1979;0,798
356249;Tom Paciorek;1980;0,732
356249;Tom Paciorek;1981;0,888
356249;Tom Paciorek;1982;0,851
356249;Tom Paciorek;1983;0,809
356249;Tom Paciorek;1984;0,666
356249;Tom Paciorek;1986;0,68
356254;Dick Padden;1896;0,654
356254;Dick Padden;1897;0,714
356254;Dick Padden;1898;0,646
356254;Dick Padden;1899;0,703
356254;Dick Padden;1901;0,646
356254;Dick Padden;1902;0,676
356254;Dick Padden;1904;0,623
356255;Tom Padden;1934;0,787
356255;Tom Padden;1935;0,689
356255;Tom Padden;1936;0,61
356257;Don Padgett;1937;0,815
356257;Don Padgett;1938;0,728
356257;Don Padgett;1939;0,998
356257;Don Padgett;1940;0,708
356257;Don Padgett;1941;0,642
356258;Ernie Padgett;1924;0,657
356258;Ernie Padgett;1925;0,735
356267;Andy Pafko;1944;0,665
356267;Andy Pafko;1945;0,816
356267;Andy Pafko;1946;0,746
356267;Andy Pafko;1947;0,8
356267;Andy Pafko;1948;0,891
356267;Andy Pafko;1949;0,818
356267;Andy Pafko;1950;0,989
356267;Andy Pafko;1951;0,834
356267;Andy Pafko;1952;0,805
356267;Andy Pafko;1953;0,803
356267;Andy Pafko;1954;0,763
356267;Andy Pafko;1955;0,67
356267;Andy Pafko;1957;0,73
356268;Angel Pagan;2009;0,837
356268;Angel Pagan;2010;0,765
356268;Angel Pagan;2011;0,694
356268;Angel Pagan;2012;0,778
356268;Angel Pagan;2013;0,749
356268;Angel Pagan;2014;0,731
356268;Angel Pagan;2015;0,635
356268;Angel Pagan;2016;0,75
356271;Jose Pagan;1961;0,638
356271;Jose Pagan;1962;0,671
356271;Jose Pagan;1963;0,577
356271;Jose Pagan;1964;0,553
356271;Jose Pagan;1966;0,662
356271;Jose Pagan;1967;0,674
356271;Jose Pagan;1969;0,778
356271;Jose Pagan;1970;0,748
356277;Mitchell Page;1977;0,926
356277;Mitchell Page;1978;0,814
356277;Mitchell Page;1979;0,657
356277;Mitchell Page;1980;0,754
356280;Andy Pages;2024;0,712
356280;Andy Pages;2025;0,774
356281;Pedro Pagés;2024;0,657
356281;Pedro Pagés;2025;0,635
356285;Jim Pagliaroni;1961;0,757
356285;Jim Pagliaroni;1962;0,797
356285;Jim Pagliaroni;1963;0,711
356285;Jim Pagliaroni;1964;0,836
356285;Jim Pagliaroni;1965;0,769
356285;Jim Pagliaroni;1966;0,706
356286;Mike Pagliarulo;1984;0,735
356286;Mike Pagliarulo;1985;0,766
356286;Mike Pagliarulo;1986;0,78
356286;Mike Pagliarulo;1987;0,784
356286;Mike Pagliarulo;1988;0,643
356286;Mike Pagliarulo;1989;0,562
356286;Mike Pagliarulo;1990;0,696
356286;Mike Pagliarulo;1991;0,706
356286;Mike Pagliarulo;1993;0,773
356286;Mike Pagliarulo;1995;0,625
356288;Tom Pagnozzi;1990;0,693
356288;Tom Pagnozzi;1991;0,67
356288;Tom Pagnozzi;1992;0,649
356288;Tom Pagnozzi;1993;0,669
356288;Tom Pagnozzi;1994;0,743
356288;Tom Pagnozzi;1995;0,569
356288;Tom Pagnozzi;1996;0,734
356295;Josh Palacios;2023;0,692
356297;Richie Palacios;2024;0,664
356304;Daniel Palka;2018;0,778
356309;Clarence Palm;1929;1,07
356313;Dean Palmer;1991;0,684
356313;Dean Palmer;1992;0,731
356313;Dean Palmer;1993;0,824
356313;Dean Palmer;1994;0,767
356313;Dean Palmer;1996;0,876
356313;Dean Palmer;1997;0,719
356313;Dean Palmer;1998;0,844
356313;Dean Palmer;1999;0,857
356313;Dean Palmer;2000;0,809
356313;Dean Palmer;2001;0,743
356321;Orlando Palmeiro;1999;0,696
356321;Orlando Palmeiro;2000;0,794
356321;Orlando Palmeiro;2001;0,641
356321;Orlando Palmeiro;2002;0,722
356321;Orlando Palmeiro;2003;0,683
356321;Orlando Palmeiro;2005;0,772
356322;Rafael Palmeiro;1987;0,879
356322;Rafael Palmeiro;1988;0,785
356322;Rafael Palmeiro;1989;0,728
356322;Rafael Palmeiro;1990;0,829
356322;Rafael Palmeiro;1991;0,922
356322;Rafael Palmeiro;1992;0,786
356322;Rafael Palmeiro;1993;0,926
356322;Rafael Palmeiro;1994;0,942
356322;Rafael Palmeiro;1995;0,963
356322;Rafael Palmeiro;1996;0,927
356322;Rafael Palmeiro;1997;0,815
356322;Rafael Palmeiro;1998;0,945
356322;Rafael Palmeiro;1999;1,05
356322;Rafael Palmeiro;2000;0,954
356322;Rafael Palmeiro;2001;0,944
356322;Rafael Palmeiro;2002;0,962
356322;Rafael Palmeiro;2003;0,867
356322;Rafael Palmeiro;2004;0,796
356322;Rafael Palmeiro;2005;0,786
356329;Stan Palys;1955;0,659
356332;Joe Panik;2014;0,711
356332;Joe Panik;2015;0,833
356332;Joe Panik;2016;0,695
356332;Joe Panik;2017;0,768
356332;Joe Panik;2018;0,639
356332;Joe Panik;2019;0,627
356344;Erik Pappas;1993;0,711
356347;Craig Paquette;1993;0,627
356347;Craig Paquette;1995;0,673
356347;Craig Paquette;1996;0,749
356347;Craig Paquette;1997;0,656
356347;Craig Paquette;2000;0,728
356347;Craig Paquette;2001;0,791
356347;Craig Paquette;2002;0,528
356353;Isaac Paredes;2022;0,74
356353;Isaac Paredes;2023;0,84
356353;Isaac Paredes;2024;0,792
356353;Isaac Paredes;2025;0,809
356354;Jimmy Paredes;2015;0,726
356357;Freddy Parent;1901;0,775
356357;Freddy Parent;1902;0,683
356357;Freddy Parent;1903;0,767
356357;Freddy Parent;1904;0,719
356357;Freddy Parent;1905;0,574
356357;Freddy Parent;1906;0,574
356357;Freddy Parent;1907;0,676
356357;Freddy Parent;1908;0,551
356357;Freddy Parent;1909;0,638
356357;Freddy Parent;1910;0,487
356358;Mark Parent;1995;0,764
356363;Byung Ho Park;2016;0,684
356374;Dave Parker;1974;0,731
356374;Dave Parker;1975;0,898
356374;Dave Parker;1976;0,824
356374;Dave Parker;1977;0,927
356374;Dave Parker;1978;0,979
356374;Dave Parker;1979;0,906
356374;Dave Parker;1980;0,785
356374;Dave Parker;1981;0,742
356374;Dave Parker;1982;0,776
356374;Dave Parker;1983;0,722
356374;Dave Parker;1984;0,738
356374;Dave Parker;1985;0,916
356374;Dave Parker;1986;0,807
356374;Dave Parker;1987;0,744
356374;Dave Parker;1988;0,72
356374;Dave Parker;1989;0,741
356374;Dave Parker;1990;0,781
356374;Dave Parker;1991;0,638
356390;Wes Parker;1964;0,644
356390;Wes Parker;1965;0,687
356390;Wes Parker;1966;0,737
356390;Wes Parker;1967;0,704
356390;Wes Parker;1968;0,626
356390;Wes Parker;1969;0,78
356390;Wes Parker;1970;0,85
356390;Wes Parker;1971;0,704
356390;Wes Parker;1972;0,721
356392;Frank Parkinson;1921;0,63
356392;Frank Parkinson;1922;0,757
356392;Frank Parkinson;1923;0,625
356394;Art Parks;1939;0,704
356401;Chris Parmelee;2013;0,663
356401;Chris Parmelee;2014;0,691
356406;Roy Parnell;1927;1,128
356406;Roy Parnell;1928;0,858
356406;Roy Parnell;1938;0,81
356406;Roy Parnell;1941;0,729
356411;Gerardo Parra;2009;0,729
356411;Gerardo Parra;2010;0,679
356411;Gerardo Parra;2011;0,784
356411;Gerardo Parra;2012;0,727
356411;Gerardo Parra;2013;0,726
356411;Gerardo Parra;2014;0,667
356411;Gerardo Parra;2015;0,7555
356411;Gerardo Parra;2016;0,671
356411;Gerardo Parra;2017;0,793
356411;Gerardo Parra;2018;0,714
356415;Manuel Parrado;1921;0,537
356420;Larry Parrish;1975;0,724
356420;Larry Parrish;1976;0,648
356420;Larry Parrish;1977;0,699
356420;Larry Parrish;1978;0,775
356420;Larry Parrish;1979;0,909
356420;Larry Parrish;1980;0,737
356420;Larry Parrish;1981;0,681
356420;Larry Parrish;1982;0,727
356420;Larry Parrish;1983;0,8
356420;Larry Parrish;1984;0,801
356420;Larry Parrish;1985;0,748
356420;Larry Parrish;1986;0,856
356420;Larry Parrish;1987;0,811
356420;Larry Parrish;1988;0,571
356421;Lance Parrish;1978;0,678
356421;Lance Parrish;1979;0,8
356421;Lance Parrish;1980;0,825
356421;Lance Parrish;1981;0,704
356421;Lance Parrish;1982;0,867
356421;Lance Parrish;1983;0,796
356421;Lance Parrish;1984;0,73
356421;Lance Parrish;1985;0,802
356421;Lance Parrish;1986;0,824
356421;Lance Parrish;1987;0,712
356421;Lance Parrish;1988;0,663
356421;Lance Parrish;1989;0,694
356421;Lance Parrish;1990;0,789
356421;Lance Parrish;1991;0,673
356425;Jiggs Parrott;1892;0,495
356425;Jiggs Parrott;1893;0,573
356425;Jiggs Parrott;1894;0,605
356427;Tom Parrott;1894;0,853
356427;Tom Parrott;1895;0,9
356427;Tom Parrott;1896;0,721
356436;Roy Partee;1943;0,709
356436;Roy Partee;1944;0,64
356436;Roy Partee;1948;0,531
356440;Jay Partridge;1927;0,637
356441;Ben Paschal;1925;1,028
356441;Ben Paschal;1926;0,792
356448;Dode Paskert;1908;0,604
356448;Dode Paskert;1909;0,625
356448;Dode Paskert;1910;0,762
356448;Dode Paskert;1911;0,703
356448;Dode Paskert;1912;0,833
356448;Dode Paskert;1913;0,733
356448;Dode Paskert;1914;0,715
356448;Dode Paskert;1915;0,666
356448;Dode Paskert;1916;0,748
356448;Dode Paskert;1917;0,693
356448;Dode Paskert;1918;0,733
356448;Dode Paskert;1919;0,556
356448;Dode Paskert;1920;0,763
356450;Dan Pasqua;1986;0,924
356450;Dan Pasqua;1987;0,741
356450;Dan Pasqua;1988;0,724
356450;Dan Pasqua;1989;0,742
356450;Dan Pasqua;1990;0,842
356450;Dan Pasqua;1991;0,823
356450;Dan Pasqua;1992;0,652
356452;Vinnie Pasquantino;2022;0,832
356452;Vinnie Pasquantino;2023;0,762
356452;Vinnie Pasquantino;2024;0,76
356452;Vinnie Pasquantino;2025;0,798
356461;Freddie Patek;1968;0,62
356461;Freddie Patek;1969;0,614
356461;Freddie Patek;1970;0,664
356461;Freddie Patek;1971;0,693
356461;Freddie Patek;1972;0,556
356461;Freddie Patek;1973;0,632
356461;Freddie Patek;1974;0,622
356461;Freddie Patek;1975;0,599
356461;Freddie Patek;1976;0,624
356461;Freddie Patek;1977;0,688
356461;Freddie Patek;1978;0,63
356461;Freddie Patek;1979;0,61
356461;Freddie Patek;1980;0,694
356472;Corey Patterson;2002;0,676
356472;Corey Patterson;2003;0,839
356472;Corey Patterson;2004;0,771
356472;Corey Patterson;2005;0,602
356472;Corey Patterson;2006;0,757
356472;Corey Patterson;2007;0,69
356472;Corey Patterson;2008;0,582
356472;Corey Patterson;2010;0,721
356472;Corey Patterson;2011;0,665
356480;Harry Pattee;1908;0,536
356485;John Patterson;1994;0,64
356485;John Patterson;1995;0,568
356510;Carlos Paula;1955;0,779
356512;Gene Paulette;1917;0,673
356512;Gene Paulette;1918;0,635
356512;Gene Paulette;1919;0,645
356512;Gene Paulette;1920;0,676
356517;Ronny Paulino;2006;0,754
356517;Ronny Paulino;2007;0,703
356517;Ronny Paulino;2009;0,762
356517;Ronny Paulino;2010;0,665
356517;Ronny Paulino;2011;0,663
356521;Ben Paulsen;2015;0,787
356523;Xavier Paul;2011;0,642
356523;Xavier Paul;2013;0,741
356527;Don Pavletich;1966;0,863
356527;Don Pavletich;1967;0,713
356540;Fred Payne;1906;0,654
356540;Fred Payne;1910;0,534
356549;Jay Payton;2000;0,778
356549;Jay Payton;2001;0,669
356549;Jay Payton;2002;0,75
356549;Jay Payton;2003;0,865
356549;Jay Payton;2004;0,693
356549;Jay Payton;2005;0,753
356549;Jay Payton;2006;0,743
356549;Jay Payton;2007;0,668
356549;Jay Payton;2008;0,637
356555;Johnny Peacock;1939;0,693
356555;Johnny Peacock;1941;0,707
356555;Johnny Peacock;1942;0,627
356555;Johnny Peacock;1944;0,594
356558;Elias Peak;1884;0,481
356559;Dickey Pearce;1872;0,428
356559;Dickey Pearce;1873;0,605
356559;Dickey Pearce;1874;0,608
356559;Dickey Pearce;1875;0,55
356564;Harry Pearce;1919;0,427
356567;Steve Pearce;2014;0,93
356567;Steve Pearce;2015;0,711
356567;Steve Pearce;2016;0,908
356567;Steve Pearce;2017;0,757
356569;Albie Pearson;1958;0,712
356569;Albie Pearson;1961;0,821
356569;Albie Pearson;1962;0,712
356569;Albie Pearson;1963;0,8
356569;Albie Pearson;1964;0,587
356569;Albie Pearson;1965;0,74
356574;Lennie Pearson;1942;0,991
356574;Lennie Pearson;1946;0,874
356574;Lennie Pearson;1947;0,75
356574;Lennie Pearson;1948;0,746
356584;Hal Peck;1945;0,73
356584;Hal Peck;1947;0,753
356585;Roger Peckinpaugh;1912;0,512
356585;Roger Peckinpaugh;1913;0,663
356585;Roger Peckinpaugh;1914;0,572
356585;Roger Peckinpaugh;1915;0,596
356585;Roger Peckinpaugh;1916;0,678
356585;Roger Peckinpaugh;1917;0,67
356585;Roger Peckinpaugh;1918;0,581
356585;Roger Peckinpaugh;1919;0,794
356585;Roger Peckinpaugh;1920;0,742
356585;Roger Peckinpaugh;1921;0,777
356585;Roger Peckinpaugh;1922;0,636
356585;Roger Peckinpaugh;1923;0,66
356585;Roger Peckinpaugh;1924;0,7
356585;Roger Peckinpaugh;1925;0,746
356585;Roger Peckinpaugh;1927;0,71
356586;Bill Pecota;1990;0,719
356586;Bill Pecota;1991;0,756
356586;Bill Pecota;1992;0,59
356589;Joc Pederson;2015;0,763
356589;Joc Pederson;2016;0,847
356589;Joc Pederson;2017;0,738
356589;Joc Pederson;2018;0,843
356589;Joc Pederson;2019;0,876
356589;Joc Pederson;2021;0,718
356589;Joc Pederson;2022;0,874
356589;Joc Pederson;2023;0,764
356589;Joc Pederson;2024;0,908
356589;Joc Pederson;2025;0,614
356592;Al Pedrique;1987;0,716
356594;Dustin Pedroia;2007;0,823
356594;Dustin Pedroia;2008;0,869
356594;Dustin Pedroia;2009;0,819
356594;Dustin Pedroia;2010;0,86
356594;Dustin Pedroia;2011;0,861
356594;Dustin Pedroia;2012;0,797
356594;Dustin Pedroia;2013;0,787
356594;Dustin Pedroia;2014;0,712
356594;Dustin Pedroia;2015;0,797
356594;Dustin Pedroia;2016;0,825
356594;Dustin Pedroia;2017;0,76
356596;Rafael Pedroso;1927;0,453
356612;Heinie Peitz;1893;0,698
356612;Heinie Peitz;1894;0,748
356612;Heinie Peitz;1895;0,761
356612;Heinie Peitz;1896;0,817
356612;Heinie Peitz;1897;0,739
356612;Heinie Peitz;1898;0,705
356612;Heinie Peitz;1899;0,71
356612;Heinie Peitz;1900;0,648
356612;Heinie Peitz;1901;0,765
356612;Heinie Peitz;1902;0,775
356612;Heinie Peitz;1903;0,649
356612;Heinie Peitz;1904;0,598
356612;Heinie Peitz;1905;0,548
356618;Eddie Pellagrini;1947;0,58
356618;Eddie Pellagrini;1948;0,627
356618;Eddie Pellagrini;1949;0,59
356623;John Peltz;1884;0,598
356623;John Peltz;1890;0,579
356631;Brayan Peña;2011;0,625
356631;Brayan Peña;2012;0,583
356631;Brayan Peña;2013;0,713
356631;Brayan Peña;2014;0,645
356631;Brayan Peña;2015;0,659
356632;Carlos Peña;2002;0,783
356632;Carlos Peña;2003;0,772
356632;Carlos Peña;2004;0,81
356632;Carlos Peña;2005;0,802
356632;Carlos Peña;2007;1,037
356632;Carlos Peña;2008;0,871
356632;Carlos Peña;2009;0,893
356632;Carlos Peña;2010;0,732
356632;Carlos Peña;2011;0,819
356632;Carlos Peña;2012;0,684
356632;Carlos Peña;2013;0,674
356636;Geronimo Pena;1992;0,863
356636;Geronimo Pena;1993;0,735
356636;Geronimo Pena;1994;0,823
356639;Jeremy Peña;2022;0,715
356639;Jeremy Peña;2023;0,705
356639;Jeremy Peña;2024;0,701
356639;Jeremy Peña;2025;0,84
356647;Roberto Peña;1968;0,607
356647;Roberto Peña;1969;0,608
356647;Roberto Peña;1970;0,592
356647;Roberto Peña;1971;0,604
356648;Tony Peña;1981;0,707
356648;Tony Peña;1982;0,758
356648;Tony Peña;1983;0,773
356648;Tony Peña;1984;0,758
356648;Tony Peña;1985;0,645
356648;Tony Peña;1986;0,762
356648;Tony Peña;1987;0,589
356648;Tony Peña;1988;0,68
356648;Tony Peña;1989;0,655
356648;Tony Peña;1990;0,67
356648;Tony Peña;1991;0,612
356648;Tony Peña;1992;0,589
356648;Tony Peña;1993;0,502
356648;Tony Peña;1995;0,679
356649;Tony Peña;2007;0,64
356649;Tony Peña;2008;0,398
356651;Wily Mo Peña;2004;0,843
356651;Wily Mo Peña;2005;0,796
356651;Wily Mo Peña;2006;0,838
356653;Hunter Pence;2007;0,899
356653;Hunter Pence;2008;0,783
356653;Hunter Pence;2009;0,818
356653;Hunter Pence;2010;0,786
356653;Hunter Pence;2011;0,891
356653;Hunter Pence;2012;0,7275
356653;Hunter Pence;2013;0,822
356653;Hunter Pence;2014;0,777
356653;Hunter Pence;2015;0,806
356653;Hunter Pence;2016;0,808
356653;Hunter Pence;2017;0,701
356653;Hunter Pence;2018;0,59
356653;Hunter Pence;2019;0,91
356655;Jim Pendleton;1953;0,785
356655;Jim Pendleton;1962;0,65
356657;Terry Pendleton;1984;0,777
356657;Terry Pendleton;1985;0,591
356657;Terry Pendleton;1986;0,585
356657;Terry Pendleton;1987;0,772
356657;Terry Pendleton;1988;0,653
356657;Terry Pendleton;1989;0,702
356657;Terry Pendleton;1990;0,601
356657;Terry Pendleton;1991;0,88
356657;Terry Pendleton;1992;0,818
356657;Terry Pendleton;1993;0,718
356657;Terry Pendleton;1994;0,678
356657;Terry Pendleton;1995;0,778
356657;Terry Pendleton;1996;0,655
356657;Terry Pendleton;1998;0,637
356662;Cliff Pennington;2009;0,76
356662;Cliff Pennington;2010;0,687
356662;Cliff Pennington;2011;0,687
356662;Cliff Pennington;2012;0,589
356662;Cliff Pennington;2013;0,618
356672;Jimmy Peoples;1884;0,389
356672;Jimmy Peoples;1886;0,543
356672;Jimmy Peoples;1887;0,638
356674;Joe Pepitone;1963;0,752
356674;Joe Pepitone;1964;0,698
356674;Joe Pepitone;1965;0,699
356674;Joe Pepitone;1966;0,753
356674;Joe Pepitone;1967;0,678
356674;Joe Pepitone;1968;0,714
356674;Joe Pepitone;1969;0,726
356674;Joe Pepitone;1970;0,789
356674;Joe Pepitone;1971;0,83
356674;Joe Pepitone;1972;0,706
356681;Ray Pepper;1934;0,732
356681;Ray Pepper;1935;0,685
356682;David Peralta;2014;0,77
356682;David Peralta;2015;0,893
356682;David Peralta;2017;0,796
356682;David Peralta;2018;0,868
356682;David Peralta;2019;0,804
356682;David Peralta;2020;0,773
356682;David Peralta;2021;0,728
356682;David Peralta;2022;0,777
356682;David Peralta;2023;0,675
356682;David Peralta;2024;0,75
356684;Jhonny Peralta;2003;0,621
356684;Jhonny Peralta;2005;0,885
356684;Jhonny Peralta;2006;0,708
356684;Jhonny Peralta;2007;0,771
356684;Jhonny Peralta;2008;0,804
356684;Jhonny Peralta;2009;0,69
356684;Jhonny Peralta;2010;0,704
356684;Jhonny Peralta;2011;0,824
356684;Jhonny Peralta;2012;0,689
356684;Jhonny Peralta;2013;0,815
356684;Jhonny Peralta;2014;0,779
356684;Jhonny Peralta;2015;0,745
356684;Jhonny Peralta;2016;0,715
356690;Jose Peraza;2016;0,762
356690;Jose Peraza;2017;0,622
356690;Jose Peraza;2018;0,742
356690;Jose Peraza;2019;0,631
356695;Jack Perconte;1982;0,596
356695;Jack Perconte;1984;0,704
356695;Jack Perconte;1985;0,675
356697;Geraldo Perdomo;2022;0,547
356697;Geraldo Perdomo;2023;0,712
356697;Geraldo Perdomo;2024;0,718
356697;Geraldo Perdomo;2025;0,851
356704;Antonio Perez;2005;0,758
356708;Carlos Perez;2015;0,645
356708;Carlos Perez;2016;0,568
356713;Eduardo Perez;1997;0,796
356713;Eduardo Perez;2003;0,843
356714;Eddie Perez;1999;0,671
356714;Eddie Perez;2003;0,724
356720;Hernan Perez;2015;0,646
356720;Hernan Perez;2016;0,73
356720;Hernan Perez;2017;0,704
356720;Hernan Perez;2018;0,676
356720;Hernan Perez;2019;0,642
356723;Javier Pérez;1937;0,725
356725;José Pérez;1927;0,675
356725;José Pérez;1929;0,719
356731;Marty Perez;1971;0,579
356731;Marty Perez;1972;0,541
356731;Marty Perez;1973;0,663
356731;Marty Perez;1974;0,654
356731;Marty Perez;1975;0,655
356731;Marty Perez;1976;0,64
356731;Marty Perez;1977;0,601
356736;Michael Perez;2021;0,511
356737;Neifi Perez;1997;0,777
356737;Neifi Perez;1998;0,695
356737;Neifi Perez;1999;0,71
356737;Neifi Perez;2000;0,741
356737;Neifi Perez;2001;0,771
356737;Neifi Perez;2002;0,564
356737;Neifi Perez;2003;0,632
356737;Neifi Perez;2004;0,571
356737;Neifi Perez;2005;0,681
356737;Neifi Perez;2006;0,61
356742;Robert Perez;1996;0,76
356743;Roberto Perez;2017;0,664
356743;Roberto Perez;2019;0,774
356745;Salvador Perez;2012;0,798
356745;Salvador Perez;2013;0,757
356745;Salvador Perez;2014;0,692
356745;Salvador Perez;2015;0,706
356745;Salvador Perez;2016;0,725
356745;Salvador Perez;2017;0,792
356745;Salvador Perez;2018;0,713
356745;Salvador Perez;2021;0,859
356745;Salvador Perez;2022;0,757
356745;Salvador Perez;2023;0,714
356745;Salvador Perez;2024;0,786
356745;Salvador Perez;2025;0,729
356746;Timo Perez;2001;0,643
356746;Timo Perez;2002;0,768
356746;Timo Perez;2003;0,665
356746;Timo Perez;2004;0,623
356747;Tony Perez;1965;0,781
356747;Tony Perez;1966;0,686
356747;Tony Perez;1967;0,818
356747;Tony Perez;1968;0,769
356747;Tony Perez;1969;0,883
356747;Tony Perez;1970;0,99
356747;Tony Perez;1971;0,764
356747;Tony Perez;1972;0,846
356747;Tony Perez;1973;0,919
356747;Tony Perez;1974;0,791
356747;Tony Perez;1975;0,816
356747;Tony Perez;1976;0,779
356747;Tony Perez;1977;0,816
356747;Tony Perez;1978;0,785
356747;Tony Perez;1979;0,748
356747;Tony Perez;1980;0,786
356747;Tony Perez;1981;0,705
356747;Tony Perez;1983;0,687
356747;Tony Perez;1986;0,688
356749;Tomas Perez;1996;0,643
356749;Tomas Perez;2002;0,711
356749;Tomas Perez;2003;0,698
356749;Tomas Perez;2006;0,51
356750;Wenceel Pérez;2024;0,683
356750;Wenceel Pérez;2025;0,738
356756;Bill Perkins;1928;0,594
356756;Bill Perkins;1930;0,823
356757;Blake Perkins;2024;0,647
356758;Broderick Perkins;1978;0,594
356758;Broderick Perkins;1981;0,711
356758;Broderick Perkins;1982;0,665
356763;Cy Perkins;1918;0,446
356763;Cy Perkins;1919;0,671
356763;Cy Perkins;1920;0,667
356763;Cy Perkins;1921;0,757
356763;Cy Perkins;1922;0,689
356763;Cy Perkins;1923;0,726
356763;Cy Perkins;1924;0,616
356775;George Perring;1908;0,529
356775;George Perring;1909;0,605
356775;George Perring;1914;0,742
356775;George Perring;1915;0,692
356783;Bob Perry;1964;0,68
356788;Gerald Perry;1984;0,743
356788;Gerald Perry;1985;0,556
356788;Gerald Perry;1987;0,74
356788;Gerald Perry;1988;0,739
356788;Gerald Perry;1989;0,675
356788;Gerald Perry;1990;0,674
356788;Gerald Perry;1991;0,68
356790;Herbert Perry;1999;0,728
356790;Herbert Perry;2000;0,839
356790;Herbert Perry;2001;0,736
356790;Herbert Perry;2002;0,813
356802;Johnny Pesky;1942;0,791
356802;Johnny Pesky;1946;0,827
356802;Johnny Pesky;1947;0,785
356802;Johnny Pesky;1948;0,759
356802;Johnny Pesky;1949;0,792
356802;Johnny Pesky;1950;0,825
356802;Johnny Pesky;1951;0,815
356802;Johnny Pesky;1953;0,743
356809;Bryan Petersen;2011;0,744
356809;Bryan Petersen;2012;0,53
356812;Cap Peterson;1967;0,649
356812;Cap Peterson;1968;0,55
356824;Jace Peterson;2015;0,649
356824;Jace Peterson;2016;0,715
356824;Jace Peterson;2018;0,633
356824;Jace Peterson;2021;0,714
356824;Jace Peterson;2022;0,698
356824;Jace Peterson;2023;0,637
356827;John Peters;1874;0,638
356827;John Peters;1875;0,64
356827;John Peters;1876;0,775
356827;John Peters;1877;0,697
356827;John Peters;1878;0,664
356827;John Peters;1879;0,546
356827;John Peters;1880;0,481
356827;John Peters;1881;0,482
356827;John Peters;1882;0,627
356833;Rick Peters;1980;0,742
356833;Rick Peters;1981;0,67
356835;Rusty Peters;1937;0,711
356835;Rusty Peters;1943;0,561
356835;Rusty Peters;1944;0,569
356836;Shane Peterson;2015;0,678
356841;Gregorio Petit;2016;0,647
356845;Geno Petralli;1987;0,868
356845;Geno Petralli;1988;0,749
356845;Geno Petralli;1990;0,658
356846;Ben Petrick;2001;0,786
356849;Rico Petrocelli;1965;0,721
356849;Rico Petrocelli;1966;0,678
356849;Rico Petrocelli;1967;0,75
356849;Rico Petrocelli;1968;0,667
356849;Rico Petrocelli;1969;0,992
356849;Rico Petrocelli;1970;0,807
356849;Rico Petrocelli;1971;0,815
356849;Rico Petrocelli;1972;0,702
356849;Rico Petrocelli;1973;0,729
356849;Rico Petrocelli;1974;0,757
356849;Rico Petrocelli;1975;0,644
356849;Rico Petrocelli;1976;0,594
356855;Gary Pettis;1984;0,632
356855;Gary Pettis;1985;0,67
356855;Gary Pettis;1986;0,683
356855;Gary Pettis;1987;0,561
356855;Gary Pettis;1988;0,562
356855;Gary Pettis;1989;0,684
356855;Gary Pettis;1990;0,668
356855;Gary Pettis;1991;0,618
356862;Bill Pettus;1921;0,783
356876;Fred Pfeffer;1882;0,493
356876;Fred Pfeffer;1883;0,59
356876;Fred Pfeffer;1884;0,839
356876;Fred Pfeffer;1885;0,609
356876;Fred Pfeffer;1886;0,693
356876;Fred Pfeffer;1887;0,774
356876;Fred Pfeffer;1888;0,674
356876;Fred Pfeffer;1889;0,649
356876;Fred Pfeffer;1890;0,68
356876;Fred Pfeffer;1891;0,703
356876;Fred Pfeffer;1892;0,691
356876;Fred Pfeffer;1893;0,698
356876;Fred Pfeffer;1894;0,804
356876;Fred Pfeffer;1896;0,638
356878;Bobby Pfeil;1969;0,535
356885;Tommy Pham;2017;0,931
356885;Tommy Pham;2018;0,73
356885;Tommy Pham;2019;0,818
356885;Tommy Pham;2021;0,724
356885;Tommy Pham;2022;0,683
356885;Tommy Pham;2023;0,82
356885;Tommy Pham;2024;0,71
356885;Tommy Pham;2025;0,7
356887;Josh Phegley;2013;0,522
356887;Josh Phegley;2015;0,749
356887;Josh Phegley;2019;0,693
356888;Art Phelan;1912;0,644
356888;Art Phelan;1913;0,691
356888;Art Phelan;1915;0,613
356890;Dick Phelan;1884;0,584
356893;Babe Phelps;1936;0,92
356893;Babe Phelps;1937;0,826
356893;Babe Phelps;1938;0,836
356893;Babe Phelps;1939;0,754
356893;Babe Phelps;1940;0,841
356893;Babe Phelps;1942;0,785
356896;Ed Phelps;1903;0,689
356896;Ed Phelps;1904;0,567
356896;Ed Phelps;1909;0,648
356896;Ed Phelps;1910;0,649
356897;Josh Phelps;2002;0,925
356897;Josh Phelps;2003;0,827
356897;Josh Phelps;2004;0,713
356898;Ken Phelps;1984;0,898
356898;Ken Phelps;1986;0,932
356898;Ken Phelps;1987;0,959
356904;Adolfo Phillips;1966;0,8
356904;Adolfo Phillips;1967;0,842
356904;Adolfo Phillips;1968;0,719
356904;Adolfo Phillips;1970;0,73
356905;Andy Phillips;2006;0,676
356906;Bill Phillips;1879;0,609
356906;Bill Phillips;1880;0,633
356906;Bill Phillips;1881;0,668
356906;Bill Phillips;1882;0,663
356906;Bill Phillips;1883;0,641
356906;Bill Phillips;1884;0,704
356906;Bill Phillips;1885;0,786
356906;Bill Phillips;1886;0,683
356906;Bill Phillips;1887;0,713
356906;Bill Phillips;1888;0,604
356908;Brandon Phillips;2003;0,553
356908;Brandon Phillips;2006;0,751
356908;Brandon Phillips;2007;0,816
356908;Brandon Phillips;2008;0,754
356908;Brandon Phillips;2009;0,776
356908;Brandon Phillips;2010;0,762
356908;Brandon Phillips;2011;0,81
356908;Brandon Phillips;2012;0,75
356908;Brandon Phillips;2013;0,706
356908;Brandon Phillips;2014;0,678
356908;Brandon Phillips;2015;0,723
356908;Brandon Phillips;2016;0,736
356908;Brandon Phillips;2017;0,753
356909;Brett Phillips;2021;0,727
356911;Bubba Phillips;1957;0,693
356911;Bubba Phillips;1958;0,679
356911;Bubba Phillips;1959;0,699
356911;Bubba Phillips;1960;0,549
356911;Bubba Phillips;1961;0,714
356911;Bubba Phillips;1962;0,647
356911;Bubba Phillips;1963;0,586
356913;Dave Philley;1947;0,657
356913;Dave Philley;1948;0,74
356913;Dave Philley;1949;0,693
356913;Dave Philley;1950;0,662
356913;Dave Philley;1951;0,73
356913;Dave Philley;1952;0,689
356913;Dave Philley;1953;0,782
356913;Dave Philley;1954;0,655
356913;Dave Philley;1955;0,785
356913;Dave Philley;1956;0,701
356913;Dave Philley;1958;0,802
356913;Dave Philley;1959;0,8
356914;Dee Phillips;1944;0,63
356916;Dick Phillips;1963;0,655
356916;Dick Phillips;1964;0,598
356917;Eddie Phillips;1929;0,632
356917;Eddie Phillips;1931;0,677
356917;Eddie Phillips;1935;0,687
356926;Jack Phillips;1950;0,812
356926;Jack Phillips;1956;0,738
356928;Jason Phillips;2003;0,815
356928;Jason Phillips;2004;0,624
356928;Jason Phillips;2005;0,65
356929;J. R. Phillips;1995;0,607
356933;Marr Phillips;1884;0,63
356933;Marr Phillips;1890;0,498
356934;Mike Phillips;1974;0,526
356934;Mike Phillips;1975;0,627
356934;Mike Phillips;1976;0,678
356942;Tony Phillips;1983;0,647
356942;Tony Phillips;1984;0,685
356942;Tony Phillips;1986;0,712
356942;Tony Phillips;1987;0,709
356942;Tony Phillips;1988;0,627
356942;Tony Phillips;1989;0,693
356942;Tony Phillips;1990;0,715
356942;Tony Phillips;1991;0,809
356942;Tony Phillips;1992;0,775
356942;Tony Phillips;1993;0,841
356942;Tony Phillips;1994;0,877
356942;Tony Phillips;1995;0,853
356942;Tony Phillips;1996;0,803
356942;Tony Phillips;1997;0,764
356942;Tony Phillips;1999;0,795
356952;Mike Piazza;1993;0,932
356952;Mike Piazza;1994;0,91
356952;Mike Piazza;1995;1,006
356952;Mike Piazza;1996;0,985
356952;Mike Piazza;1997;1,07
356952;Mike Piazza;1998;1,024
356952;Mike Piazza;1999;0,936
356952;Mike Piazza;2000;1,012
356952;Mike Piazza;2001;0,957
356952;Mike Piazza;2002;0,903
356952;Mike Piazza;2003;0,86
356952;Mike Piazza;2004;0,806
356952;Mike Piazza;2005;0,778
356952;Mike Piazza;2006;0,843
356952;Mike Piazza;2007;0,727
356955;Rob Picciolo;1977;0,475
356955;Rob Picciolo;1979;0,589
356955;Rob Picciolo;1980;0,589
356958;Val Picinich;1919;0,731
356958;Val Picinich;1922;0,615
356958;Val Picinich;1923;0,77
356958;Val Picinich;1925;0,694
356958;Val Picinich;1926;0,705
356958;Val Picinich;1928;0,763
356958;Val Picinich;1929;0,749
356959;Charlie Pick;1916;0,597
356959;Charlie Pick;1919;0,608
356959;Charlie Pick;1920;0,683
356964;John Pickett;1889;0,53
356964;John Pickett;1890;0,718
356965;Ollie Pickering;1897;0,622
356965;Ollie Pickering;1901;0,76
356965;Ollie Pickering;1902;0,623
356965;Ollie Pickering;1903;0,699
356965;Ollie Pickering;1904;0,56
356965;Ollie Pickering;1907;0,658
356965;Ollie Pickering;1908;0,566
356967;Urbane Pickering;1931;0,711
356967;Urbane Pickering;1932;0,677
356975;Felix Pie;2009;0,763
356975;Felix Pie;2010;0,718
356980;Bill Pierce;1924;0,987
356992;Juan Pierre;2000;0,673
356992;Juan Pierre;2001;0,793
356992;Juan Pierre;2002;0,675
356992;Juan Pierre;2003;0,734
356992;Juan Pierre;2004;0,781
356992;Juan Pierre;2005;0,68
356992;Juan Pierre;2006;0,717
356992;Juan Pierre;2007;0,685
356992;Juan Pierre;2008;0,655
356992;Juan Pierre;2009;0,757
356992;Juan Pierre;2010;0,657
356992;Juan Pierre;2011;0,657
356992;Juan Pierre;2012;0,721
356992;Juan Pierre;2013;0,589
356996;Dave Pierson;1876;0,501
356998;Jim Piersall;1953;0,683
356998;Jim Piersall;1954;0,732
356998;Jim Piersall;1955;0,792
356998;Jim Piersall;1956;0,799
356998;Jim Piersall;1957;0,746
356998;Jim Piersall;1958;0,653
356998;Jim Piersall;1959;0,641
356998;Jim Piersall;1960;0,747
356998;Jim Piersall;1961;0,82
356998;Jim Piersall;1962;0,63
356998;Jim Piersall;1964;0,733
357000;A. J. Pierzynski;2001;0,763
357000;A. J. Pierzynski;2002;0,773
357000;A. J. Pierzynski;2003;0,824
357000;A. J. Pierzynski;2004;0,729
357000;A. J. Pierzynski;2005;0,728
357000;A. J. Pierzynski;2006;0,769
357000;A. J. Pierzynski;2007;0,712
357000;A. J. Pierzynski;2008;0,728
357000;A. J. Pierzynski;2009;0,755
357000;A. J. Pierzynski;2010;0,688
357000;A. J. Pierzynski;2011;0,728
357000;A. J. Pierzynski;2012;0,827
357000;A. J. Pierzynski;2013;0,722
357000;A. J. Pierzynski;2014;0,633
357000;A. J. Pierzynski;2015;0,769
357000;A. J. Pierzynski;2016;0,547
357001;Tony Piet;1932;0,733
357001;Tony Piet;1933;0,784
357001;Tony Piet;1934;0,644
357001;Tony Piet;1935;0,796
357001;Tony Piet;1936;0,787
357001;Tony Piet;1937;0,636
357005;Joe Pignatano;1961;0,705
357008;Lip Pike;1872;0,768
357008;Lip Pike;1873;0,801
357008;Lip Pike;1874;0,872
357008;Lip Pike;1875;0,846
357008;Lip Pike;1876;0,813
357008;Lip Pike;1877;0,741
357010;Al Pilarcik;1956;0,685
357010;Al Pilarcik;1957;0,757
357010;Al Pilarcik;1958;0,626
357010;Al Pilarcik;1959;0,722
357012;Kevin Pillar;2015;0,713
357012;Kevin Pillar;2016;0,679
357012;Kevin Pillar;2017;0,704
357012;Kevin Pillar;2018;0,708
357012;Kevin Pillar;2019;0,735
357012;Kevin Pillar;2021;0,692
357012;Kevin Pillar;2024;0,669
357022;Manny Pina;2017;0,751
357022;Manny Pina;2018;0,702
357025;Chad Pinder;2017;0,75
357025;Chad Pinder;2018;0,769
357025;Chad Pinder;2019;0,706
357025;Chad Pinder;2021;0,712
357025;Chad Pinder;2022;0,648
357030;Babe Pinelli;1920;0,578
357030;Babe Pinelli;1922;0,739
357030;Babe Pinelli;1923;0,653
357030;Babe Pinelli;1924;0,718
357030;Babe Pinelli;1925;0,702
357030;Babe Pinelli;1926;0,579
357031;Lou Piniella;1969;0,741
357031;Lou Piniella;1970;0,767
357031;Lou Piniella;1971;0,679
357031;Lou Piniella;1972;0,797
357031;Lou Piniella;1973;0,652
357031;Lou Piniella;1974;0,748
357031;Lou Piniella;1976;0,716
357031;Lou Piniella;1977;0,876
357031;Lou Piniella;1978;0,806
357031;Lou Piniella;1979;0,745
357031;Lou Piniella;1980;0,704
357031;Lou Piniella;1982;0,801
357033;George Pinkney;1885;0,664
357033;George Pinkney;1886;0,66
357033;George Pinkney;1887;0,691
357033;George Pinkney;1888;0,71
357033;George Pinkney;1889;0,667
357033;George Pinkney;1890;0,842
357033;George Pinkney;1891;0,714
357033;George Pinkney;1892;0,465
357033;George Pinkney;1893;0,619
357037;Vada Pinson;1959;0,88
357037;Vada Pinson;1960;0,811
357037;Vada Pinson;1961;0,883
357037;Vada Pinson;1962;0,817
357037;Vada Pinson;1963;0,861
357037;Vada Pinson;1964;0,764
357037;Vada Pinson;1965;0,836
357037;Vada Pinson;1966;0,768
357037;Vada Pinson;1967;0,771
357037;Vada Pinson;1968;0,694
357037;Vada Pinson;1969;0,686
357037;Vada Pinson;1970;0,8
357037;Vada Pinson;1971;0,672
357037;Vada Pinson;1972;0,697
357037;Vada Pinson;1973;0,653
357037;Vada Pinson;1974;0,686
357037;Vada Pinson;1975;0,583
357049;Wally Pipp;1915;0,706
357049;Wally Pipp;1916;0,748
357049;Wally Pipp;1917;0,7
357049;Wally Pipp;1918;0,76
357049;Wally Pipp;1919;0,728
357049;Wally Pipp;1920;0,768
357049;Wally Pipp;1921;0,774
357049;Wally Pipp;1922;0,859
357049;Wally Pipp;1923;0,749
357049;Wally Pipp;1924;0,808
357049;Wally Pipp;1926;0,765
357049;Wally Pipp;1927;0,653
357049;Wally Pipp;1928;0,709
357050;Jose Pirela;2017;0,837
357050;Jose Pirela;2018;0,645
357055;Stephen Piscotty;2015;0,853
357055;Stephen Piscotty;2016;0,8
357055;Stephen Piscotty;2017;0,708
357055;Stephen Piscotty;2018;0,821
357055;Stephen Piscotty;2019;0,72
357058;Jake Pitler;1917;0,577
357061;Clarke Pittenger;1929;0,666
357076;Phil Plantier;1992;0,694
357076;Phil Plantier;1993;0,843
357076;Phil Plantier;1994;0,742
357076;Phil Plantier;1996;0,651
357081;Whitey Platt;1946;0,667
357081;Whitey Platt;1948;0,741
357081;Whitey Platt;1949;0,669
357082;Kevin Plawecki;2015;0,576
357082;Kevin Plawecki;2018;0,685
357087;Herb Plews;1956;0,712
357087;Herb Plews;1957;0,688
357087;Herb Plews;1958;0,628
357091;Trevor Plouffe;2011;0,697
357091;Trevor Plouffe;2012;0,756
357091;Trevor Plouffe;2013;0,701
357091;Trevor Plouffe;2014;0,751
357091;Trevor Plouffe;2015;0,742
357091;Trevor Plouffe;2016;0,723
357099;Biff Pocoroba;1977;0,84
357099;Biff Pocoroba;1978;0,644
357103;Scott Podsednik;2003;0,822
357103;Scott Podsednik;2004;0,677
357103;Scott Podsednik;2005;0,7
357103;Scott Podsednik;2006;0,684
357103;Scott Podsednik;2007;0,668
357103;Scott Podsednik;2009;0,764
357103;Scott Podsednik;2010;0,753
357106;Jimmy Pofahl;1940;0,628
357106;Jimmy Pofahl;1942;0,529
357114;Gregory Polanco;2014;0,65
357114;Gregory Polanco;2015;0,701
357114;Gregory Polanco;2016;0,786
357114;Gregory Polanco;2017;0,695
357114;Gregory Polanco;2018;0,839
357114;Gregory Polanco;2021;0,637
357116;Jorge Polanco;2016;0,757
357116;Jorge Polanco;2017;0,723
357116;Jorge Polanco;2018;0,773
357116;Jorge Polanco;2019;0,841
357116;Jorge Polanco;2020;0,658
357116;Jorge Polanco;2021;0,826
357116;Jorge Polanco;2022;0,751
357116;Jorge Polanco;2023;0,789
357116;Jorge Polanco;2024;0,651
357116;Jorge Polanco;2025;0,821
357117;Placido Polanco;1999;0,68
357117;Placido Polanco;2000;0,765
357117;Placido Polanco;2001;0,725
357117;Placido Polanco;2002;0,7425
357117;Placido Polanco;2003;0,799
357117;Placido Polanco;2004;0,786
357117;Placido Polanco;2005;0,846
357117;Placido Polanco;2006;0,693
357117;Placido Polanco;2007;0,846
357117;Placido Polanco;2008;0,768
357117;Placido Polanco;2009;0,727
357117;Placido Polanco;2010;0,726
357117;Placido Polanco;2011;0,674
357117;Placido Polanco;2012;0,629
357117;Placido Polanco;2013;0,617
357120;Kevin Polcovich;1997;0,746
357120;Kevin Polcovich;1998;0,501
357132;AJ Pollock;2013;0,73
357132;AJ Pollock;2014;0,851
357132;AJ Pollock;2015;0,865
357132;AJ Pollock;2017;0,801
357132;AJ Pollock;2018;0,8
357132;AJ Pollock;2019;0,795
357132;AJ Pollock;2021;0,892
357132;AJ Pollock;2022;0,681
357135;Luis Polonia;1987;0,733
357135;Luis Polonia;1988;0,716
357135;Luis Polonia;1989;0,724
357135;Luis Polonia;1990;0,793
357135;Luis Polonia;1991;0,731
357135;Luis Polonia;1992;0,666
357135;Luis Polonia;1993;0,654
357135;Luis Polonia;1994;0,797
357135;Luis Polonia;1995;0,675
357135;Luis Polonia;1999;0,882
357135;Luis Polonia;2000;0,741
357152;Jim Poole;1925;0,761
357152;Jim Poole;1926;0,791
357155;Harlin Pool;1934;0,802
357156;Tom Poorman;1884;0,545
357156;Tom Poorman;1885;0,587
357156;Tom Poorman;1886;0,659
357156;Tom Poorman;1887;0,699
357156;Tom Poorman;1888;0,609
357158;Dave Pope;1955;0,635
357162;Paul Popovich;1968;0,551
357162;Paul Popovich;1971;0,57
357162;Paul Popovich;1973;0,58
357168;Tom Poquette;1976;0,792
357168;Tom Poquette;1977;0,749
357168;Tom Poquette;1978;0,597
357180;Darrell Porter;1973;0,82
357180;Darrell Porter;1974;0,703
357180;Darrell Porter;1975;0,789
357180;Darrell Porter;1976;0,586
357180;Darrell Porter;1977;0,804
357180;Darrell Porter;1978;0,802
357180;Darrell Porter;1979;0,905
357180;Darrell Porter;1980;0,696
357180;Darrell Porter;1982;0,749
357180;Darrell Porter;1983;0,794
357180;Darrell Porter;1984;0,693
357180;Darrell Porter;1985;0,747
357181;Dick Porter;1930;0,918
357181;Dick Porter;1931;0,786
357181;Dick Porter;1932;0,793
357181;Dick Porter;1933;0,663
357181;Dick Porter;1934;0,752
357192;Bartolo Portuondo;1920;0,776
357192;Bartolo Portuondo;1921;0,66
357195;Jorge Posada;1998;0,824
357195;Jorge Posada;1999;0,742
357195;Jorge Posada;2000;0,943
357195;Jorge Posada;2001;0,838
357195;Jorge Posada;2002;0,837
357195;Jorge Posada;2003;0,922
357195;Jorge Posada;2004;0,881
357195;Jorge Posada;2005;0,782
357195;Jorge Posada;2006;0,867
357195;Jorge Posada;2007;0,97
357195;Jorge Posada;2009;0,885
357195;Jorge Posada;2010;0,811
357195;Jorge Posada;2011;0,714
357196;Leo Posada;1961;0,687
357200;Buster Posey;2010;0,862
357200;Buster Posey;2012;0,957
357200;Buster Posey;2013;0,821
357200;Buster Posey;2014;0,854
357200;Buster Posey;2015;0,849
357200;Buster Posey;2016;0,796
357200;Buster Posey;2017;0,861
357200;Buster Posey;2018;0,741
357200;Buster Posey;2019;0,688
357200;Buster Posey;2021;0,889
357205;Wally Post;1954;0,731
357205;Wally Post;1955;0,946
357205;Wally Post;1956;0,807
357205;Wally Post;1957;0,727
357205;Wally Post;1958;0,788
357205;Wally Post;1959;0,767
357205;Wally Post;1960;0,892
357205;Wally Post;1961;0,932
357205;Wally Post;1962;0,839
357230;Boog Powell;1962;0,708
357230;Boog Powell;1963;0,799
357230;Boog Powell;1964;1,005
357230;Boog Powell;1965;0,754
357230;Boog Powell;1966;0,903
357230;Boog Powell;1967;0,69
357230;Boog Powell;1968;0,748
357230;Boog Powell;1969;0,942
357230;Boog Powell;1970;0,962
357230;Boog Powell;1971;0,839
357230;Boog Powell;1972;0,78
357230;Boog Powell;1973;0,792
357230;Boog Powell;1974;0,771
357230;Boog Powell;1975;0,901
357230;Boog Powell;1976;0,643
357237;Hosken Powell;1978;0,657
357237;Hosken Powell;1979;0,739
357237;Hosken Powell;1980;0,666
357237;Hosken Powell;1981;0,612
357237;Hosken Powell;1982;0,692
357240;Jake Powell;1935;0,788
357240;Jake Powell;1936;0,7775
357240;Jake Powell;1937;0,678
357240;Jake Powell;1944;0,549
357246;Martin Powell;1881;0,81
357246;Martin Powell;1882;0,558
357246;Martin Powell;1883;0,663
357249;Ray Powell;1917;0,673
357249;Ray Powell;1919;0,628
357249;Ray Powell;1920;0,595
357249;Ray Powell;1921;0,83
357249;Ray Powell;1922;0,778
357249;Ray Powell;1923;0,806
357254;Doc Powers;1901;0,633
357254;Doc Powers;1902;0,637
357254;Doc Powers;1903;0,521
357264;Vic Power;1954;0,652
357264;Vic Power;1955;0,859
357264;Vic Power;1956;0,787
357264;Vic Power;1957;0,676
357264;Vic Power;1958;0,8145
357264;Vic Power;1959;0,746
357264;Vic Power;1960;0,707
357264;Vic Power;1961;0,679
357264;Vic Power;1962;0,737
357264;Vic Power;1963;0,682
357264;Vic Power;1964;0,591
357269;Martin Prado;2008;0,838
357269;Martin Prado;2009;0,822
357269;Martin Prado;2010;0,809
357269;Martin Prado;2011;0,687
357269;Martin Prado;2012;0,796
357269;Martin Prado;2013;0,75
357269;Martin Prado;2014;0,686
357269;Martin Prado;2015;0,732
357269;Martin Prado;2016;0,775
357269;Martin Prado;2019;0,559
357271;Johnny Pramesa;1950;0,788
357271;Johnny Pramesa;1951;0,594
357276;Del Pratt;1912;0,774
357276;Del Pratt;1913;0,743
357276;Del Pratt;1914;0,752
357276;Del Pratt;1915;0,717
357276;Del Pratt;1916;0,722
357276;Del Pratt;1917;0,639
357276;Del Pratt;1918;0,683
357276;Del Pratt;1919;0,735
357276;Del Pratt;1920;0,798
357276;Del Pratt;1921;0,839
357276;Del Pratt;1922;0,788
357276;Del Pratt;1923;0,766
357276;Del Pratt;1924;0,751
357279;Nick Pratto;2023;0,66
357289;Alex Presley;2011;0,804
357289;Alex Presley;2012;0,683
357289;Alex Presley;2014;0,628
357289;Alex Presley;2017;0,77
357290;Jim Presley;1984;0,649
357290;Jim Presley;1985;0,808
357290;Jim Presley;1986;0,766
357290;Jim Presley;1987;0,729
357290;Jim Presley;1988;0,635
357290;Jim Presley;1989;0,66
357290;Jim Presley;1990;0,697
357307;Jerry Priddy;1943;0,709
357307;Jerry Priddy;1946;0,696
357307;Jerry Priddy;1947;0,584
357307;Jerry Priddy;1948;0,834
357307;Jerry Priddy;1949;0,796
357307;Jerry Priddy;1950;0,777
357307;Jerry Priddy;1951;0,698
357307;Jerry Priddy;1952;0,809
357308;Curtis Pride;1996;0,886
357309;Jason Pridie;2011;0,679
357338;Jurickson Profar;2013;0,644
357338;Jurickson Profar;2016;0,66
357338;Jurickson Profar;2018;0,793
357338;Jurickson Profar;2019;0,711
357338;Jurickson Profar;2021;0,649
357338;Jurickson Profar;2022;0,723
357338;Jurickson Profar;2023;0,68
357338;Jurickson Profar;2024;0,839
357338;Jurickson Profar;2025;0,787
357343;Doc Prothro;1925;0,773
357352;Ron Pruitt;1977;0,748
357353;Anderson Pryor;1923;0,673
357353;Anderson Pryor;1924;0,774
357353;Anderson Pryor;1925;0,81
357356;Greg Pryor;1978;0,636
357356;Greg Pryor;1979;0,679
357356;Greg Pryor;1980;0,591
357356;Greg Pryor;1984;0,656
357359;George Puccinelli;1936;0,798
357360;Kirby Puckett;1984;0,655
357360;Kirby Puckett;1985;0,715
357360;Kirby Puckett;1986;0,903
357360;Kirby Puckett;1987;0,9
357360;Kirby Puckett;1988;0,92
357360;Kirby Puckett;1989;0,843
357360;Kirby Puckett;1990;0,811
357360;Kirby Puckett;1991;0,812
357360;Kirby Puckett;1992;0,864
357360;Kirby Puckett;1993;0,824
357360;Kirby Puckett;1994;0,902
357360;Kirby Puckett;1995;0,894
357368;Terry Puhl;1977;0,786
357368;Terry Puhl;1978;0,711
357368;Terry Puhl;1979;0,729
357368;Terry Puhl;1980;0,776
357368;Terry Puhl;1981;0,67
357368;Terry Puhl;1982;0,71
357368;Terry Puhl;1983;0,771
357368;Terry Puhl;1984;0,814
357368;Terry Puhl;1988;0,784
357368;Terry Puhl;1989;0,718
357370;Yasiel Puig;2013;0,925
357370;Yasiel Puig;2014;0,863
357370;Yasiel Puig;2015;0,758
357370;Yasiel Puig;2016;0,74
357370;Yasiel Puig;2017;0,833
357370;Yasiel Puig;2018;0,82
357370;Yasiel Puig;2019;0,777
357371;Albert Pujols;2001;1,013
357371;Albert Pujols;2002;0,955
357371;Albert Pujols;2003;1,106
357371;Albert Pujols;2004;1,072
357371;Albert Pujols;2005;1,039
357371;Albert Pujols;2006;1,102
357371;Albert Pujols;2007;0,997
357371;Albert Pujols;2008;1,114
357371;Albert Pujols;2009;1,101
357371;Albert Pujols;2010;1,011
357371;Albert Pujols;2011;0,906
357371;Albert Pujols;2012;0,859
357371;Albert Pujols;2013;0,767
357371;Albert Pujols;2014;0,79
357371;Albert Pujols;2015;0,787
357371;Albert Pujols;2016;0,78
357371;Albert Pujols;2017;0,672
357371;Albert Pujols;2018;0,7
357371;Albert Pujols;2019;0,734
357371;Albert Pujols;2022;0,895
357372;Luis Pujols;1980;0,48
357381;Nick Punto;2005;0,636
357381;Nick Punto;2006;0,725
357381;Nick Punto;2007;0,562
357381;Nick Punto;2008;0,726
357381;Nick Punto;2009;0,621
357381;Nick Punto;2010;0,615
357381;Nick Punto;2013;0,655
357382;Blondie Purcell;1879;0,571
357382;Blondie Purcell;1880;0,681
357382;Blondie Purcell;1882;0,673
357382;Blondie Purcell;1883;0,636
357382;Blondie Purcell;1884;0,618
357382;Blondie Purcell;1885;0,716
357382;Blondie Purcell;1887;0,662
357382;Blondie Purcell;1888;0,582
357382;Blondie Purcell;1889;0,763
357382;Blondie Purcell;1890;0,706
357386;Pid Purdy;1928;0,744
357391;Billy Purtell;1909;0,601
357391;Billy Purtell;1910;0,533
357395;Pat Putnam;1979;0,777
357395;Pat Putnam;1980;0,727
357395;Pat Putnam;1981;0,721
357395;Pat Putnam;1983;0,773
357405;Frankie Pytlak;1933;0,778
357405;Frankie Pytlak;1934;0,68
357405;Frankie Pytlak;1936;0,819
357405;Frankie Pytlak;1937;0,794
357405;Frankie Pytlak;1938;0,769
357405;Frankie Pytlak;1941;0,692
357420;Carlos Quentin;2007;0,647
357420;Carlos Quentin;2008;0,965
357420;Carlos Quentin;2009;0,779
357420;Carlos Quentin;2010;0,821
357420;Carlos Quentin;2011;0,838
357420;Carlos Quentin;2012;0,877
357420;Carlos Quentin;2013;0,855
357422;Edgar Quero;2025;0,689
357423;Joe Quest;1878;0,468
357423;Joe Quest;1879;0,488
357423;Joe Quest;1880;0,54
357423;Joe Quest;1881;0,527
357423;Joe Quest;1884;0,525
357423;Joe Quest;1885;0,503
357430;Frank Quilici;1968;0,645
357435;Robb Quinlan;2006;0,836
357442;Joe Quinn;1884;0,609
357442;Joe Quinn;1885;0,481
357442;Joe Quinn;1886;0,561
357442;Joe Quinn;1889;0,635
357442;Joe Quinn;1890;0,765
357442;Joe Quinn;1891;0,601
357442;Joe Quinn;1892;0,529
357442;Joe Quinn;1893;0,564
357442;Joe Quinn;1894;0,693
357442;Joe Quinn;1895;0,759
357442;Joe Quinn;1897;0,636
357442;Joe Quinn;1898;0,605
357442;Joe Quinn;1899;0,657
357442;Joe Quinn;1900;0,624
357442;Joe Quinn;1901;0,618
357444;Mark Quinn;2000;0,83
357444;Mark Quinn;2001;0,757
357449;Tom Quinn;1890;0,539
357451;Luis Quinones;1989;0,712
357451;Luis Quinones;1991;0,622
357452;Rey Quinones;1987;0,715
357452;Rey Quinones;1988;0,677
357452;Rey Quinones;1989;0,551
357455;Carlos Quintana;1990;0,737
357455;Carlos Quintana;1991;0,787
357455;Carlos Quintana;1993;0,587
357456;Humberto Quintero;2010;0,579
357456;Humberto Quintero;2011;0,575
357460;Omar Quintanilla;2008;0,635
357460;Omar Quintanilla;2013;0,589
357463;Jamie Quirk;1977;0,581
357463;Jamie Quirk;1986;0,643
357463;Jamie Quirk;1987;0,652
357463;Jamie Quirk;1991;0,617
357473;Ryan Raburn;2009;0,891
357473;Ryan Raburn;2010;0,814
357473;Ryan Raburn;2011;0,729
357473;Ryan Raburn;2012;0,48
357473;Ryan Raburn;2013;0,901
357473;Ryan Raburn;2016;0,712
357475;Marv Rackley;1948;0,779
357478;Old Hoss Radbourn;1881;0,498
357478;Old Hoss Radbourn;1882;0,548
357478;Old Hoss Radbourn;1883;0,661
357478;Old Hoss Radbourn;1884;0,545
357478;Old Hoss Radbourn;1885;0,615
357478;Old Hoss Radbourn;1886;0,574
357480;Alex Radcliff;1935;0,794
357481;John Radcliff;1872;0,66
357481;John Radcliff;1873;0,606
357482;Rip Radcliff;1935;0,75
357482;Rip Radcliff;1936;0,828
357482;Rip Radcliff;1937;0,829
357482;Rip Radcliff;1938;0,805
357482;Rip Radcliff;1939;0,666
357482;Rip Radcliff;1940;0,858
357482;Rip Radcliff;1941;0,755
357483;Ted Radcliffe;1928;0,701
357483;Ted Radcliffe;1930;0,743
357485;Dave Rader;1972;0,64
357485;Dave Rader;1973;0,664
357485;Dave Rader;1974;0,713
357485;Dave Rader;1975;0,754
357485;Dave Rader;1976;0,665
357485;Dave Rader;1978;0,576
357487;Doug Rader;1968;0,721
357487;Doug Rader;1969;0,684
357487;Doug Rader;1970;0,758
357487;Doug Rader;1971;0,681
357487;Doug Rader;1972;0,734
357487;Doug Rader;1973;0,719
357487;Doug Rader;1974;0,749
357487;Doug Rader;1975;0,66
357487;Doug Rader;1976;0,712
357487;Doug Rader;1977;0,758
357489;Paul Radford;1883;0,484
357489;Paul Radford;1884;0,498
357489;Paul Radford;1885;0,606
357489;Paul Radford;1886;0,594
357489;Paul Radford;1887;0,745
357489;Paul Radford;1888;0,591
357489;Paul Radford;1889;0,673
357489;Paul Radford;1890;0,814
357489;Paul Radford;1891;0,698
357489;Paul Radford;1892;0,679
357489;Paul Radford;1893;0,672
357489;Paul Radford;1894;0,689
357496;Ceddanne Rafaela;2024;0,664
357496;Ceddanne Rafaela;2025;0,708
357511;Larry Raines;1957;0,662
357513;Tim Raines;1981;0,829
357513;Tim Raines;1982;0,723
357513;Tim Raines;1983;0,822
357513;Tim Raines;1984;0,83
357513;Tim Raines;1985;0,88
357513;Tim Raines;1986;0,889
357513;Tim Raines;1987;0,955
357513;Tim Raines;1988;0,782
357513;Tim Raines;1989;0,813
357513;Tim Raines;1990;0,771
357513;Tim Raines;1991;0,703
357513;Tim Raines;1992;0,784
357513;Tim Raines;1993;0,88
357513;Tim Raines;1994;0,774
357513;Tim Raines;1995;0,796
357513;Tim Raines;1996;0,851
357513;Tim Raines;1997;0,856
357513;Tim Raines;1998;0,778
357521;Cal Raleigh;2022;0,774
357521;Cal Raleigh;2023;0,762
357521;Cal Raleigh;2024;0,748
357521;Cal Raleigh;2025;0,948
357524;Luke Raley;2023;0,824
357524;Luke Raley;2024;0,783
357529;Agustín Ramírez;2025;0,701
357532;Alexei Ramirez;2008;0,792
357532;Alexei Ramirez;2009;0,723
357532;Alexei Ramirez;2010;0,744
357532;Alexei Ramirez;2011;0,727
357532;Alexei Ramirez;2012;0,651
357532;Alexei Ramirez;2013;0,693
357532;Alexei Ramirez;2014;0,713
357532;Alexei Ramirez;2015;0,642
357532;Alexei Ramirez;2016;0,605
357533;Aramis Ramirez;1998;0,646
357533;Aramis Ramirez;2000;0,695
357533;Aramis Ramirez;2001;0,885
357533;Aramis Ramirez;2002;0,666
357533;Aramis Ramirez;2003;0,7915
357533;Aramis Ramirez;2004;0,951
357533;Aramis Ramirez;2005;0,926
357533;Aramis Ramirez;2006;0,912
357533;Aramis Ramirez;2007;0,915
357533;Aramis Ramirez;2008;0,898
357533;Aramis Ramirez;2009;0,905
357533;Aramis Ramirez;2010;0,745
357533;Aramis Ramirez;2011;0,871
357533;Aramis Ramirez;2012;0,901
357533;Aramis Ramirez;2013;0,831
357533;Aramis Ramirez;2014;0,757
357533;Aramis Ramirez;2015;0,725
357541;Hanley Ramirez;2006;0,833
357541;Hanley Ramirez;2007;0,948
357541;Hanley Ramirez;2008;0,94
357541;Hanley Ramirez;2009;0,954
357541;Hanley Ramirez;2010;0,853
357541;Hanley Ramirez;2011;0,712
357541;Hanley Ramirez;2012;0,7615
357541;Hanley Ramirez;2013;1,04
357541;Hanley Ramirez;2014;0,817
357541;Hanley Ramirez;2015;0,717
357541;Hanley Ramirez;2016;0,866
357541;Hanley Ramirez;2017;0,75
357542;Harold Ramirez;2019;0,728
357542;Harold Ramirez;2021;0,703
357542;Harold Ramirez;2022;0,747
357542;Harold Ramirez;2023;0,813
357546;Jose Ramirez;2014;0,646
357546;Jose Ramirez;2015;0,631
357546;Jose Ramirez;2016;0,825
357546;Jose Ramirez;2017;0,957
357546;Jose Ramirez;2018;0,939
357546;Jose Ramirez;2019;0,806
357546;Jose Ramirez;2020;0,993
357546;Jose Ramirez;2021;0,893
357546;Jose Ramirez;2022;0,869
357546;Jose Ramirez;2023;0,831
357546;Jose Ramirez;2024;0,872
357546;Jose Ramirez;2025;0,863
357550;Manny Ramirez;1994;0,878
357550;Manny Ramirez;1995;0,96
357550;Manny Ramirez;1996;0,981
357550;Manny Ramirez;1997;0,953
357550;Manny Ramirez;1998;0,976
357550;Manny Ramirez;1999;1,105
357550;Manny Ramirez;2000;1,154
357550;Manny Ramirez;2001;1,014
357550;Manny Ramirez;2002;1,097
357550;Manny Ramirez;2003;1,014
357550;Manny Ramirez;2004;1,009
357550;Manny Ramirez;2005;0,982
357550;Manny Ramirez;2006;1,058
357550;Manny Ramirez;2007;0,881
357550;Manny Ramirez;2008;0,926
357550;Manny Ramirez;2009;0,949
357557;Rafael Ramirez;1981;0,579
357557;Rafael Ramirez;1982;0,698
357557;Rafael Ramirez;1983;0,705
357557;Rafael Ramirez;1984;0,621
357557;Rafael Ramirez;1985;0,604
357557;Rafael Ramirez;1986;0,608
357557;Rafael Ramirez;1988;0,677
357557;Rafael Ramirez;1989;0,607
357557;Rafael Ramirez;1990;0,63
357557;Rafael Ramirez;1991;0,566
357573;Domingo Ramos;1990;0,657
357578;Heliot Ramos;2024;0,792
357578;Heliot Ramos;2025;0,728
357583;Wilson Ramos;2011;0,779
357583;Wilson Ramos;2013;0,777
357583;Wilson Ramos;2014;0,698
357583;Wilson Ramos;2015;0,616
357583;Wilson Ramos;2016;0,85
357583;Wilson Ramos;2017;0,737
357583;Wilson Ramos;2018;0,834
357583;Wilson Ramos;2019;0,768
357591;Mike Ramsey;1982;0,583
357593;Toad Ramsey;1886;0,541
357593;Toad Ramsey;1887;0,463
357595;Bob Randall;1976;0,646
357595;Bob Randall;1977;0,583
357595;Bob Randall;1978;0,65
357596;Joe Randa;1996;0,784
357596;Joe Randa;1997;0,817
357596;Joe Randa;1998;0,69
357596;Joe Randa;1999;0,836
357596;Joe Randa;2000;0,781
357596;Joe Randa;2001;0,693
357596;Joe Randa;2002;0,768
357596;Joe Randa;2003;0,8
357596;Joe Randa;2004;0,751
357596;Joe Randa;2005;0,7725
357596;Joe Randa;2006;0,704
357597;Newt Randall;1907;0,545
357602;Lenny Randle;1971;0,595
357602;Lenny Randle;1972;0,504
357602;Lenny Randle;1974;0,693
357602;Lenny Randle;1975;0,7
357602;Lenny Randle;1976;0,559
357602;Lenny Randle;1977;0,787
357602;Lenny Randle;1978;0,65
357602;Lenny Randle;1980;0,713
357602;Lenny Randle;1981;0,591
357604;Willie Randolph;1976;0,684
357604;Willie Randolph;1977;0,734
357604;Willie Randolph;1978;0,738
357604;Willie Randolph;1979;0,741
357604;Willie Randolph;1980;0,834
357604;Willie Randolph;1981;0,641
357604;Willie Randolph;1982;0,717
357604;Willie Randolph;1983;0,708
357604;Willie Randolph;1984;0,725
357604;Willie Randolph;1985;0,738
357604;Willie Randolph;1986;0,738
357604;Willie Randolph;1987;0,825
357604;Willie Randolph;1988;0,621
357604;Willie Randolph;1989;0,692
357604;Willie Randolph;1990;0,65
357604;Willie Randolph;1991;0,798
357604;Willie Randolph;1992;0,67
357605;Merritt Ranew;1962;0,677
357613;Goldie Rapp;1921;0,661
357613;Goldie Rapp;1922;0,616
357617;Bill Rariden;1911;0,553
357617;Bill Rariden;1912;0,536
357617;Bill Rariden;1913;0,649
357617;Bill Rariden;1914;0,635
357617;Bill Rariden;1915;0,73
357617;Bill Rariden;1916;0,606
357617;Bill Rariden;1917;0,688
357617;Bill Rariden;1919;0,56
357620;Colby Rasmus;2009;0,714
357620;Colby Rasmus;2010;0,859
357620;Colby Rasmus;2011;0,753
357620;Colby Rasmus;2012;0,689
357620;Colby Rasmus;2013;0,84
357620;Colby Rasmus;2014;0,735
357620;Colby Rasmus;2015;0,789
357620;Colby Rasmus;2016;0,641
357631;Morrie Rath;1912;0,681
357631;Morrie Rath;1913;0,517
357631;Morrie Rath;1919;0,641
357631;Morrie Rath;1920;0,628
357646;Johnny Rawlings;1915;0,532
357646;Johnny Rawlings;1917;0,655
357646;Johnny Rawlings;1918;0,504
357646;Johnny Rawlings;1919;0,607
357646;Johnny Rawlings;1920;0,595
357646;Johnny Rawlings;1921;0,659
357646;Johnny Rawlings;1922;0,729
357646;Johnny Rawlings;1923;0,669
357652;Floyd Rayford;1984;0,656
357652;Floyd Rayford;1985;0,845
357652;Floyd Rayford;1986;0,541
357654;Irv Ray;1888;0,588
357654;Irv Ray;1891;0,708
357656;Johnny Ray;1982;0,7
357656;Johnny Ray;1983;0,722
357656;Johnny Ray;1984;0,789
357656;Johnny Ray;1985;0,7
357656;Johnny Ray;1986;0,757
357656;Johnny Ray;1987;0,686
357656;Johnny Ray;1988;0,773
357656;Johnny Ray;1989;0,685
357656;Johnny Ray;1990;0,679
357660;Fred Raymer;1901;0,529
357660;Fred Raymer;1904;0,496
357660;Fred Raymer;1905;0,479
357663;Harry Raymond;1889;0,567
357663;Harry Raymond;1890;0,592
357674;Randy Ready;1987;0,943
357674;Randy Ready;1988;0,735
357674;Randy Ready;1990;0,641
357674;Randy Ready;1991;0,707
357676;J. T. Realmuto;2015;0,696
357676;J. T. Realmuto;2016;0,771
357676;J. T. Realmuto;2017;0,783
357676;J. T. Realmuto;2018;0,825
357676;J. T. Realmuto;2019;0,82
357676;J. T. Realmuto;2021;0,782
357676;J. T. Realmuto;2022;0,82
357676;J. T. Realmuto;2023;0,762
357676;J. T. Realmuto;2024;0,751
357676;J. T. Realmuto;2025;0,7
357687;Jeff Reboulet;1993;0,66
357687;Jeff Reboulet;1995;0,771
357687;Jeff Reboulet;1996;0,558
357687;Jeff Reboulet;1997;0,636
357687;Jeff Reboulet;2001;0,764
357687;Jeff Reboulet;2003;0,65
357688;John Reccius;1882;0,613
357689;Phil Reccius;1884;0,591
357689;Phil Reccius;1885;0,585
357689;Phil Reccius;1887;0,552
357695;Josh Reddick;2011;0,784
357695;Josh Reddick;2012;0,768
357695;Josh Reddick;2013;0,686
357695;Josh Reddick;2014;0,763
357695;Josh Reddick;2015;0,781
357695;Josh Reddick;2016;0,816
357695;Josh Reddick;2017;0,847
357695;Josh Reddick;2018;0,718
357695;Josh Reddick;2019;0,728
357701;Buck Redfern;1928;0,547
357706;Tike Redman;2003;0,857
357706;Tike Redman;2004;0,684
357706;Tike Redman;2005;0,625
357711;Mike Redmond;1999;0,732
357711;Mike Redmond;2000;0,616
357711;Mike Redmond;2002;0,758
357711;Mike Redmond;2004;0,656
357711;Mike Redmond;2007;0,699
357714;Gary Redus;1983;0,795
357714;Gary Redus;1984;0,714
357714;Gary Redus;1985;0,781
357714;Gary Redus;1986;0,775
357714;Gary Redus;1987;0,72
357714;Gary Redus;1988;0,743
357714;Gary Redus;1989;0,834
357714;Gary Redus;1990;0,759
357714;Gary Redus;1991;0,717
357714;Gary Redus;1993;0,81
357715;Wilson Redus;1925;1,077
357715;Wilson Redus;1926;0,877
357715;Wilson Redus;1927;1,028
357715;Wilson Redus;1928;1,062
357715;Wilson Redus;1929;0,82
357737;Jeff Reed;1987;0,535
357737;Jeff Reed;1989;0,598
357737;Jeff Reed;1991;0,691
357737;Jeff Reed;1996;0,784
357737;Jeff Reed;1997;0,921
357737;Jeff Reed;1998;0,844
357737;Jeff Reed;2000;0,652
357738;Jeremy Reed;2005;0,675
357738;Jeremy Reed;2006;0,637
357738;Jeremy Reed;2008;0,674
357739;Jody Reed;1988;0,756
357739;Jody Reed;1989;0,769
357739;Jody Reed;1990;0,76
357739;Jody Reed;1991;0,731
357739;Jody Reed;1992;0,638
357739;Jody Reed;1993;0,679
357739;Jody Reed;1994;0,703
357739;Jody Reed;1995;0,676
357739;Jody Reed;1996;0,622
357749;Jimmie Reese;1931;0,627
357749;Jimmie Reese;1932;0,648
357753;Pee Wee Reese;1940;0,738
357753;Pee Wee Reese;1941;0,605
357753;Pee Wee Reese;1942;0,681
357753;Pee Wee Reese;1946;0,762
357753;Pee Wee Reese;1947;0,841
357753;Pee Wee Reese;1948;0,753
357753;Pee Wee Reese;1949;0,806
357753;Pee Wee Reese;1950;0,75
357753;Pee Wee Reese;1951;0,763
357753;Pee Wee Reese;1952;0,734
357753;Pee Wee Reese;1953;0,794
357753;Pee Wee Reese;1954;0,859
357753;Pee Wee Reese;1955;0,774
357753;Pee Wee Reese;1956;0,667
357753;Pee Wee Reese;1957;0,555
357754;Pokey Reese;1997;0,571
357754;Pokey Reese;1999;0,747
357754;Pokey Reese;2000;0,705
357754;Pokey Reese;2001;0,627
357754;Pokey Reese;2002;0,681
357754;Pokey Reese;2004;0,574
357755;Andy Reese;1927;0,648
357755;Andy Reese;1928;0,747
357755;Andy Reese;1929;0,66
357756;Rich Reese;1968;0,654
357756;Rich Reese;1969;0,875
357756;Rich Reese;1970;0,703
357756;Rich Reese;1971;0,623
357759;Bobby Reeves;1927;0,614
357759;Bobby Reeves;1928;0,77
357759;Bobby Reeves;1929;0,654
357759;Bobby Reeves;1930;0,639
357761;Rob Refsnyder;2023;0,682
357761;Rob Refsnyder;2024;0,83
357764;Bill Regan;1926;0,669
357764;Bill Regan;1927;0,723
357764;Bill Regan;1928;0,683
357764;Bill Regan;1929;0,735
357764;Bill Regan;1930;0,696
357771;Wally Rehg;1917;0,669
357774;Dick Reichle;1923;0,644
357775;Herman Reich;1949;0,665
357776;Rick Reichardt;1966;0,846
357776;Rick Reichardt;1967;0,724
357776;Rick Reichardt;1968;0,749
357776;Rick Reichardt;1969;0,691
357776;Rick Reichardt;1970;0,808
357776;Rick Reichardt;1971;0,764
357776;Rick Reichardt;1972;0,73
357777;Ambrose Reid;1924;0,676
357777;Ambrose Reid;1925;0,614
357777;Ambrose Reid;1926;0,561
357777;Ambrose Reid;1927;0,73
357777;Ambrose Reid;1928;0,577
357787;Charlie Reilley;1879;0,491
357788;Charlie Reilly;1890;0,662
357788;Charlie Reilly;1891;0,561
357788;Charlie Reilly;1892;0,487
357788;Charlie Reilly;1893;0,661
357788;Charlie Reilly;1897;0,72
357791;John Reilly;1880;0,479
357791;John Reilly;1883;0,81
357791;John Reilly;1884;0,918
357791;John Reilly;1885;0,733
357791;John Reilly;1886;0,704
357791;John Reilly;1887;0,829
357791;John Reilly;1888;0,864
357791;John Reilly;1889;0,752
357791;John Reilly;1890;0,8
357791;John Reilly;1891;0,615
357795;Kevin Reimer;1991;0,809
357795;Kevin Reimer;1992;0,774
357795;Kevin Reimer;1993;0,696
357796;Nolan Reimold;2009;0,831
357796;Nolan Reimold;2011;0,781
357796;Nolan Reimold;2016;0,664
357804;Charlie Reipschlager;1884;0,563
357804;Charlie Reipschlager;1885;0,561
357804;Charlie Reipschlager;1886;0,524
357804;Charlie Reipschlager;1887;0,524
357806;Pete Reiser;1940;0,755
357806;Pete Reiser;1941;0,964
357806;Pete Reiser;1942;0,838
357806;Pete Reiser;1946;0,789
357806;Pete Reiser;1947;0,832
357806;Pete Reiser;1949;0,812
357816;Henry Reitz;1893;0,757
357816;Henry Reitz;1894;0,876
357816;Henry Reitz;1895;0,746
357816;Henry Reitz;1896;0,728
357816;Henry Reitz;1897;0,728
357816;Henry Reitz;1898;0,721
357817;Ken Reitz;1973;0,589
357817;Ken Reitz;1974;0,662
357817;Ken Reitz;1975;0,637
357817;Ken Reitz;1976;0,626
357817;Ken Reitz;1977;0,703
357817;Ken Reitz;1978;0,637
357817;Ken Reitz;1979;0,681
357817;Ken Reitz;1980;0,679
357817;Ken Reitz;1981;0,541
357820;Desi Relaford;1998;0,631
357820;Desi Relaford;1999;0,649
357820;Desi Relaford;2000;0,691
357820;Desi Relaford;2001;0,836
357820;Desi Relaford;2002;0,713
357820;Desi Relaford;2003;0,691
357820;Desi Relaford;2004;0,601
357820;Desi Relaford;2005;0,627
357826;Jack Remsen;1873;0,693
357826;Jack Remsen;1874;0,532
357826;Jack Remsen;1875;0,597
357826;Jack Remsen;1876;0,629
357826;Jack Remsen;1878;0,59
357826;Jack Remsen;1884;0,59
357827;Jerry Remy;1975;0,622
357827;Jerry Remy;1976;0,615
357827;Jerry Remy;1977;0,663
357827;Jerry Remy;1978;0,671
357827;Jerry Remy;1979;0,697
357827;Jerry Remy;1980;0,7
357827;Jerry Remy;1981;0,706
357827;Jerry Remy;1982;0,661
357827;Jerry Remy;1983;0,639
357829;Anthony Rendon;2013;0,725
357829;Anthony Rendon;2014;0,824
357829;Anthony Rendon;2015;0,707
357829;Anthony Rendon;2016;0,797
357829;Anthony Rendon;2017;0,937
357829;Anthony Rendon;2018;0,909
357829;Anthony Rendon;2019;1,01
357829;Anthony Rendon;2021;0,712
357829;Anthony Rendon;2024;0,574
357832;Hunter Renfroe;2017;0,751
357832;Hunter Renfroe;2018;0,805
357832;Hunter Renfroe;2019;0,778
357832;Hunter Renfroe;2021;0,816
357832;Hunter Renfroe;2022;0,807
357832;Hunter Renfroe;2023;0,737
357832;Hunter Renfroe;2024;0,689
357835;Luis Rengifo;2019;0,685
357835;Luis Rengifo;2022;0,724
357835;Luis Rengifo;2023;0,783
357835;Luis Rengifo;2024;0,763
357835;Luis Rengifo;2025;0,622
357840;Bill Renna;1954;0,681
357840;Bill Renna;1955;0,654
357842;Edgar Renteria;1996;0,757
357842;Edgar Renteria;1997;0,668
357842;Edgar Renteria;1998;0,689
357842;Edgar Renteria;1999;0,734
357842;Edgar Renteria;2000;0,77
357842;Edgar Renteria;2001;0,685
357842;Edgar Renteria;2002;0,803
357842;Edgar Renteria;2003;0,874
357842;Edgar Renteria;2004;0,728
357842;Edgar Renteria;2005;0,721
357842;Edgar Renteria;2006;0,797
357842;Edgar Renteria;2007;0,86
357842;Edgar Renteria;2008;0,699
357842;Edgar Renteria;2009;0,635
357842;Edgar Renteria;2010;0,707
357842;Edgar Renteria;2011;0,654
357843;Rich Renteria;1993;0,641
357844;Bob Repass;1942;0,64
357845;Jason Repko;2005;0,665
357847;Roger Repoz;1965;0,752
357847;Roger Repoz;1966;0,684
357847;Roger Repoz;1968;0,68
357847;Roger Repoz;1969;0,558
357847;Roger Repoz;1970;0,76
357847;Roger Repoz;1971;0,707
357848;Rip Repulski;1953;0,738
357848;Rip Repulski;1954;0,783
357848;Rip Repulski;1955;0,8
357848;Rip Repulski;1956;0,758
357848;Rip Repulski;1957;0,726
357848;Rip Repulski;1958;0,775
357852;Dino Restelli;1949;0,811
357854;Merv Rettenmund;1970;0,938
357854;Merv Rettenmund;1971;0,87
357854;Merv Rettenmund;1972;0,663
357854;Merv Rettenmund;1973;0,789
357854;Merv Rettenmund;1974;0,669
357857;Ken Retzer;1962;0,734
357857;Ken Retzer;1963;0,626
357863;Ben Revere;2011;0,619
357863;Ben Revere;2012;0,675
357863;Ben Revere;2013;0,691
357863;Ben Revere;2014;0,686
357863;Ben Revere;2015;0,7215
357863;Ben Revere;2016;0,56
357863;Ben Revere;2017;0,652
357864;Dave Revering;1978;0,718
357864;Dave Revering;1979;0,817
357864;Dave Revering;1980;0,836
357874;Franmil Reyes;2018;0,838
357874;Franmil Reyes;2019;0,849
357874;Franmil Reyes;2020;0,795
357874;Franmil Reyes;2021;0,846
357874;Franmil Reyes;2022;0,603
357876;Gil Reyes;1991;0,546
357878;Jose Reyes;2003;0,769
357878;Jose Reyes;2004;0,644
357878;Jose Reyes;2005;0,687
357878;Jose Reyes;2006;0,841
357878;Jose Reyes;2007;0,775
357878;Jose Reyes;2008;0,833
357878;Jose Reyes;2010;0,749
357878;Jose Reyes;2011;0,877
357878;Jose Reyes;2012;0,78
357878;Jose Reyes;2013;0,78
357878;Jose Reyes;2014;0,726
357878;Jose Reyes;2015;0,708
357878;Jose Reyes;2016;0,769
357878;Jose Reyes;2017;0,728
357878;Jose Reyes;2018;0,58
357881;Nap Reyes;1944;0,747
357881;Nap Reyes;1945;0,714
357884;Victor Reyes;2018;0,526
357884;Victor Reyes;2019;0,767
357884;Victor Reyes;2020;0,706
357884;Victor Reyes;2021;0,701
357884;Victor Reyes;2022;0,651
357891;Bryan Reynolds;2019;0,88
357891;Bryan Reynolds;2021;0,912
357891;Bryan Reynolds;2022;0,807
357891;Bryan Reynolds;2023;0,79
357891;Bryan Reynolds;2024;0,791
357891;Bryan Reynolds;2025;0,72
357892;Carl Reynolds;1928;0,862
357892;Carl Reynolds;1929;0,821
357892;Carl Reynolds;1930;0,973
357892;Carl Reynolds;1931;0,775
357892;Carl Reynolds;1932;0,807
357892;Carl Reynolds;1933;0,807
357892;Carl Reynolds;1934;0,788
357892;Carl Reynolds;1935;0,766
357892;Carl Reynolds;1936;0,722
357892;Carl Reynolds;1938;0,752
357892;Carl Reynolds;1939;0,665
357895;Craig Reynolds;1977;0,596
357895;Craig Reynolds;1978;0,71
357895;Craig Reynolds;1979;0,625
357895;Craig Reynolds;1980;0,566
357895;Craig Reynolds;1981;0,688
357895;Craig Reynolds;1984;0,651
357895;Craig Reynolds;1985;0,686
357895;Craig Reynolds;1986;0,623
357895;Craig Reynolds;1987;0,651
357900;Harold Reynolds;1986;0,565
357900;Harold Reynolds;1987;0,694
357900;Harold Reynolds;1988;0,723
357900;Harold Reynolds;1989;0,728
357900;Harold Reynolds;1990;0,683
357900;Harold Reynolds;1991;0,673
357900;Harold Reynolds;1992;0,645
357900;Harold Reynolds;1993;0,677
357900;Harold Reynolds;1994;0,6
357905;Mark Reynolds;2007;0,843
357905;Mark Reynolds;2008;0,779
357905;Mark Reynolds;2009;0,892
357905;Mark Reynolds;2010;0,753
357905;Mark Reynolds;2011;0,806
357905;Mark Reynolds;2012;0,763
357905;Mark Reynolds;2013;0,68
357905;Mark Reynolds;2014;0,681
357905;Mark Reynolds;2015;0,713
357905;Mark Reynolds;2016;0,806
357905;Mark Reynolds;2017;0,839
357905;Mark Reynolds;2018;0,803
357907;Matt Reynolds;2022;0,652
357908;R. J. Reynolds;1984;0,65
357908;R. J. Reynolds;1985;0,661
357908;R. J. Reynolds;1986;0,755
357908;R. J. Reynolds;1987;0,723
357908;R. J. Reynolds;1988;0,647
357908;R. J. Reynolds;1989;0,706
357908;R. J. Reynolds;1990;0,698
357913;Tommie Reynolds;1965;0,638
357913;Tommie Reynolds;1969;0,651
357916;Cy Rheam;1914;0,504
357919;Billy Rhiel;1929;0,759
357919;Billy Rhiel;1932;0,72
357926;Dusty Rhodes;1956;0,682
357930;Karl Rhodes;1994;0,705
357935;Hal Rhyne;1926;0,649
357935;Hal Rhyne;1929;0,659
357935;Hal Rhyne;1930;0,533
357935;Hal Rhyne;1931;0,685
357935;Hal Rhyne;1932;0,644
357940;Ben Rice;2025;0,836
357942;Del Rice;1945;0,676
357942;Del Rice;1947;0,722
357942;Del Rice;1948;0,578
357942;Del Rice;1949;0,661
357942;Del Rice;1950;0,694
357942;Del Rice;1951;0,682
357942;Del Rice;1952;0,701
357942;Del Rice;1953;0,66
357943;Harry Rice;1925;1,018
357943;Harry Rice;1926;0,826
357943;Harry Rice;1927;0,763
357943;Harry Rice;1928;0,785
357943;Harry Rice;1929;0,805
357943;Harry Rice;1930;0,797
357943;Harry Rice;1933;0,637
357944;Hal Rice;1951;0,687
357944;Hal Rice;1952;0,765
357944;Hal Rice;1953;0,766
357945;Jim Rice;1975;0,841
357945;Jim Rice;1976;0,797
357945;Jim Rice;1977;0,969
357945;Jim Rice;1978;0,97
357945;Jim Rice;1979;0,977
357945;Jim Rice;1980;0,84
357945;Jim Rice;1981;0,775
357945;Jim Rice;1982;0,868
357945;Jim Rice;1983;0,911
357945;Jim Rice;1984;0,791
357945;Jim Rice;1985;0,836
357945;Jim Rice;1986;0,874
357945;Jim Rice;1987;0,766
357945;Jim Rice;1988;0,736
357945;Jim Rice;1989;0,621
357948;Sam Rice;1917;0,729
357948;Sam Rice;1919;0,787
357948;Sam Rice;1920;0,809
357948;Sam Rice;1921;0,849
357948;Sam Rice;1922;0,77
357948;Sam Rice;1923;0,832
357948;Sam Rice;1924;0,825
357948;Sam Rice;1925;0,831
357948;Sam Rice;1926;0,824
357948;Sam Rice;1927;0,744
357948;Sam Rice;1928;0,818
357948;Sam Rice;1929;0,806
357948;Sam Rice;1930;0,864
357948;Sam Rice;1931;0,765
357948;Sam Rice;1932;0,828
357948;Sam Rice;1934;0,715
357953;Bobby Richardson;1957;0,573
357953;Bobby Richardson;1959;0,713
357953;Bobby Richardson;1960;0,601
357953;Bobby Richardson;1961;0,61
357953;Bobby Richardson;1962;0,743
357953;Bobby Richardson;1963;0,624
357953;Bobby Richardson;1964;0,626
357953;Bobby Richardson;1965;0,609
357953;Bobby Richardson;1966;0,61
357954;Chris Richard;2001;0,77
357956;Danny Richardson;1884;0,593
357956;Danny Richardson;1886;0,575
357956;Danny Richardson;1887;0,721
357956;Danny Richardson;1888;0,57
357956;Danny Richardson;1889;0,74
357956;Danny Richardson;1890;0,642
357956;Danny Richardson;1891;0,66
357956;Danny Richardson;1892;0,568
357956;Danny Richardson;1893;0,551
357956;Danny Richardson;1894;0,626
357963;Gene Richards;1977;0,754
357963;Gene Richards;1978;0,801
357963;Gene Richards;1979;0,708
357963;Gene Richards;1980;0,748
357963;Gene Richards;1981;0,78
357963;Gene Richards;1982;0,692
357963;Gene Richards;1983;0,712
357968;Hardy Richardson;1879;0,711
357968;Hardy Richardson;1880;0,647
357968;Hardy Richardson;1881;0,727
357968;Hardy Richardson;1882;0,683
357968;Hardy Richardson;1883;0,785
357968;Hardy Richardson;1884;0,778
357968;Hardy Richardson;1885;0,808
357968;Hardy Richardson;1886;0,906
357968;Hardy Richardson;1887;0,851
357968;Hardy Richardson;1888;0,774
357968;Hardy Richardson;1889;0,803
357968;Hardy Richardson;1890;0,895
357968;Hardy Richardson;1891;0,743
357968;Hardy Richardson;1892;0,6
357977;Lee Richard;1971;0,59
357979;Mike Richardt;1982;0,57
357981;Paul Richards;1935;0,648
357981;Paul Richards;1943;0,604
357981;Paul Richards;1944;0,628
357981;Paul Richards;1945;0,67
357988;Lance Richbourg;1927;0,731
357988;Lance Richbourg;1928;0,828
357988;Lance Richbourg;1929;0,766
357988;Lance Richbourg;1930;0,726
357988;Lance Richbourg;1931;0,719
357995;John Richmond;1879;0,512
357995;John Richmond;1883;0,67
357995;John Richmond;1884;0,658
357996;Lee Richmond;1880;0,527
357996;Lee Richmond;1881;0,556
357996;Lee Richmond;1882;0,729
358003;Joey Rickard;2016;0,696
358003;Joey Rickard;2017;0,621
358003;Joey Rickard;2018;0,713
358004;Branch Rickey;1906;0,738
358008;Marv Rickert;1946;0,691
358008;Marv Rickert;1949;0,791
358008;Marv Rickert;1950;0,618
358015;Harry Riconda;1924;0,664
358015;Harry Riconda;1928;0,623
358022;JT Riddle;2017;0,637
358022;JT Riddle;2018;0,653
358043;Joe Riggert;1919;0,764
358044;Bill Riggins;1921;0,73
358044;Bill Riggins;1922;0,637
358044;Bill Riggins;1923;0,806
358044;Bill Riggins;1924;0,755
358044;Bill Riggins;1925;0,758
358044;Bill Riggins;1926;0,83
358044;Bill Riggins;1929;0,94
358047;Lew Riggs;1935;0,72
358047;Lew Riggs;1936;0,686
358047;Lew Riggs;1937;0,648
358047;Lew Riggs;1938;0,663
358051;Bill Rigney;1946;0,599
358051;Bill Rigney;1947;0,757
358051;Bill Rigney;1948;0,731
358051;Bill Rigney;1949;0,759
358053;Topper Rigney;1922;0,75
358053;Topper Rigney;1923;0,808
358053;Topper Rigney;1924;0,817
358053;Topper Rigney;1926;0,772
358055;Culley Rikard;1947;0,782
358056;Ed Rile;1926;0,818
358056;Ed Rile;1927;1,088
358056;Ed Rile;1928;0,931
358056;Ed Rile;1929;0,863
358056;Ed Rile;1930;0,942
358057;Ernie Riles;1985;0,717
358057;Ernie Riles;1986;0,678
358057;Ernie Riles;1987;0,681
358057;Ernie Riles;1989;0,743
358057;Ernie Riles;1991;0,614
358058;Austin Riley;2019;0,75
358058;Austin Riley;2021;0,898
358058;Austin Riley;2022;0,878
358058;Austin Riley;2023;0,861
358058;Austin Riley;2024;0,783
358058;Austin Riley;2025;0,737
358071;Frank Ringo;1883;0,456
358074;Alex Rios;2004;0,72
358074;Alex Rios;2005;0,703
358074;Alex Rios;2006;0,865
358074;Alex Rios;2007;0,852
358074;Alex Rios;2008;0,798
358074;Alex Rios;2009;0,744
358074;Alex Rios;2010;0,791
358074;Alex Rios;2011;0,613
358074;Alex Rios;2012;0,85
358074;Alex Rios;2013;0,749
358074;Alex Rios;2014;0,709
358074;Alex Rios;2015;0,64
358075;Armando Rios;2000;0,849
358075;Armando Rios;2001;0,795
358075;Armando Rios;2002;0,65
358079;Matías Ríos;1915;0,368
358079;Matías Ríos;1916;0,532
358079;Matías Ríos;1921;0,603
358079;Matías Ríos;1922;0,641
358081;Billy Ripken;1987;0,735
358081;Billy Ripken;1988;0,518
358081;Billy Ripken;1989;0,589
358081;Billy Ripken;1990;0,728
358081;Billy Ripken;1991;0,515
358081;Billy Ripken;1992;0,587
358081;Billy Ripken;1997;0,674
358082;Cal Ripken;1982;0,792
358082;Cal Ripken;1983;0,888
358082;Cal Ripken;1984;0,884
358082;Cal Ripken;1985;0,816
358082;Cal Ripken;1986;0,816
358082;Cal Ripken;1987;0,769
358082;Cal Ripken;1988;0,803
358082;Cal Ripken;1989;0,718
358082;Cal Ripken;1990;0,756
358082;Cal Ripken;1991;0,94
358082;Cal Ripken;1992;0,689
358082;Cal Ripken;1993;0,748
358082;Cal Ripken;1994;0,823
358082;Cal Ripken;1995;0,745
358082;Cal Ripken;1996;0,807
358082;Cal Ripken;1997;0,733
358082;Cal Ripken;1998;0,721
358082;Cal Ripken;1999;0,952
358082;Cal Ripken;2000;0,763
358082;Cal Ripken;2001;0,637
358088;Jimmy Ripple;1936;0,805
358088;Jimmy Ripple;1937;0,782
358088;Jimmy Ripple;1938;0,709
358089;Swede Risberg;1917;0,582
358089;Swede Risberg;1918;0,654
358089;Swede Risberg;1919;0,662
358089;Swede Risberg;1920;0,685
358094;Claude Ritchey;1897;0,711
358094;Claude Ritchey;1898;0,636
358094;Claude Ritchey;1899;0,747
358094;Claude Ritchey;1900;0,707
358094;Claude Ritchey;1901;0,712
358094;Claude Ritchey;1902;0,698
358094;Claude Ritchey;1903;0,741
358094;Claude Ritchey;1904;0,686
358094;Claude Ritchey;1905;0,656
358094;Claude Ritchey;1906;0,708
358094;Claude Ritchey;1907;0,645
358094;Claude Ritchey;1908;0,687
358102;Lew Ritter;1903;0,607
358102;Lew Ritter;1904;0,593
358102;Lew Ritter;1905;0,547
358102;Lew Ritter;1906;0,502
358102;Lew Ritter;1907;0,488
358109;Alfonso Rivas;2022;0,628
358112;Luis Rivas;2001;0,682
358112;Luis Rivas;2002;0,697
358112;Luis Rivas;2003;0,689
358112;Luis Rivas;2004;0,715
358112;Luis Rivas;2008;0,578
358115;Bombo Rivera;1978;0,717
358115;Bombo Rivera;1979;0,715
358120;Emmanuel Rivera;2023;0,672
358120;Emmanuel Rivera;2024;0,563
358122;German Rivera;1984;0,678
358123;Jim Rivera;1952;0,6815
358123;Jim Rivera;1953;0,749
358123;Jim Rivera;1954;0,787
358123;Jim Rivera;1955;0,753
358123;Jim Rivera;1956;0,718
358123;Jim Rivera;1957;0,769
358123;Jim Rivera;1958;0,663
358124;Juan Rivera;2004;0,829
358124;Juan Rivera;2005;0,77
358124;Juan Rivera;2006;0,887
358124;Juan Rivera;2008;0,72
358124;Juan Rivera;2009;0,81
358124;Juan Rivera;2010;0,721
358124;Juan Rivera;2011;0,703
358124;Juan Rivera;2012;0,661
358125;Luis Rivera;1988;0,589
358125;Luis Rivera;1989;0,664
358125;Luis Rivera;1990;0,623
358125;Luis Rivera;1991;0,702
358125;Luis Rivera;1992;0,547
358128;Mickey Rivers;1971;0,652
358128;Mickey Rivers;1974;0,734
358128;Mickey Rivers;1975;0,69
358128;Mickey Rivers;1976;0,76
358128;Mickey Rivers;1977;0,789
358128;Mickey Rivers;1978;0,699
358128;Mickey Rivers;1979;0,7435
358128;Mickey Rivers;1980;0,789
358128;Mickey Rivers;1981;0,698
358128;Mickey Rivers;1983;0,658
358128;Mickey Rivers;1984;0,706
358130;Rene Rivera;2014;0,751
358130;Rene Rivera;2015;0,489
358132;Ruben Rivera;1999;0,701
358132;Ruben Rivera;2000;0,696
358132;Ruben Rivera;2001;0,747
358135;T. J. Rivera;2017;0,76
358139;Anthony Rizzo;2012;0,805
358139;Anthony Rizzo;2013;0,742
358139;Anthony Rizzo;2014;0,913
358139;Anthony Rizzo;2015;0,899
358139;Anthony Rizzo;2016;0,928
358139;Anthony Rizzo;2017;0,899
358139;Anthony Rizzo;2018;0,846
358139;Anthony Rizzo;2019;0,924
358139;Anthony Rizzo;2020;0,755
358139;Anthony Rizzo;2021;0,792
358139;Anthony Rizzo;2022;0,817
358139;Anthony Rizzo;2023;0,706
358139;Anthony Rizzo;2024;0,637
358140;Johnny Rizzo;1938;0,882
358140;Johnny Rizzo;1939;0,752
358140;Johnny Rizzo;1940;0,857
358140;Johnny Rizzo;1941;0,618
358140;Johnny Rizzo;1942;0,63
358142;Phil Rizzuto;1941;0,741
358142;Phil Rizzuto;1942;0,718
358142;Phil Rizzuto;1946;0,625
358142;Phil Rizzuto;1947;0,714
358142;Phil Rizzuto;1948;0,668
358142;Phil Rizzuto;1949;0,711
358142;Phil Rizzuto;1950;0,857
358142;Phil Rizzuto;1951;0,696
358142;Phil Rizzuto;1952;0,678
358142;Phil Rizzuto;1953;0,734
358142;Phil Rizzuto;1954;0,541
358150;Roxey Roach;1910;0,586
358150;Roxey Roach;1915;0,664
358153;Mike Roarke;1961;0,567
358155;Fred Roat;1890;0,547
358162;Andre Robertson;1983;0,597
358164;Bip Roberts;1986;0,596
358164;Bip Roberts;1989;0,814
358164;Bip Roberts;1990;0,809
358164;Bip Roberts;1991;0,689
358164;Bip Roberts;1992;0,826
358164;Bip Roberts;1993;0,625
358164;Bip Roberts;1994;0,78
358164;Bip Roberts;1995;0,718
358164;Bip Roberts;1996;0,688
358164;Bip Roberts;1997;0,726
358165;Bob Robertson;1970;0,931
358165;Bob Robertson;1971;0,84
358165;Bob Robertson;1972;0,637
358165;Bob Robertson;1973;0,717
358165;Bob Robertson;1974;0,799
358166;Brian Roberts;2001;0,624
358166;Brian Roberts;2003;0,704
358166;Brian Roberts;2004;0,72
358166;Brian Roberts;2005;0,903
358166;Brian Roberts;2006;0,757
358166;Brian Roberts;2007;0,808
358166;Brian Roberts;2008;0,828
358166;Brian Roberts;2009;0,807
358166;Brian Roberts;2010;0,745
358166;Brian Roberts;2013;0,704
358166;Brian Roberts;2014;0,659
358170;Curtis Roberts;1954;0,612
358171;Dave Robertson;1914;0,658
358171;Dave Robertson;1915;0,705
358171;Dave Robertson;1916;0,752
358171;Dave Robertson;1917;0,667
358171;Dave Robertson;1920;0,815
358171;Dave Robertson;1921;0,865
358176;Dave Roberts;1972;0,595
358176;Dave Roberts;1973;0,782
358176;Dave Roberts;1974;0,497
358176;Dave Roberts;1980;0,663
358177;Dave Roberts;2002;0,718
358177;Dave Roberts;2003;0,638
358177;Dave Roberts;2004;0,696
358177;Dave Roberts;2005;0,784
358177;Dave Roberts;2006;0,752
358177;Dave Roberts;2007;0,695
358180;Daniel Robertson;2017;0,634
358180;Daniel Robertson;2018;0,797
358180;Daniel Robertson;2019;0,607
358186;Gene Robertson;1923;0,605
358186;Gene Robertson;1924;0,795
358186;Gene Robertson;1925;0,77
358186;Gene Robertson;1926;0,662
358186;Gene Robertson;1928;0,667
358186;Gene Robertson;1929;0,743
358195;Leon Roberts;1975;0,7
358195;Leon Roberts;1976;0,79
358195;Leon Roberts;1978;0,879
358195;Leon Roberts;1979;0,803
358195;Leon Roberts;1980;0,721
358195;Leon Roberts;1981;0,765
358195;Leon Roberts;1983;0,717
358197;Luis Robert;2020;0,738
358197;Luis Robert;2021;0,946
358197;Luis Robert;2022;0,746
358197;Luis Robert;2023;0,857
358197;Luis Robert;2024;0,657
358197;Luis Robert;2025;0,661
358208;Ryan Roberts;2009;0,783
358208;Ryan Roberts;2011;0,768
358208;Ryan Roberts;2012;0,663
358209;Sherry Robertson;1946;0,623
358209;Sherry Robertson;1947;0,618
358209;Sherry Robertson;1949;0,73
358222;Aaron Robinson;1946;0,894
358222;Aaron Robinson;1947;0,783
358222;Aaron Robinson;1948;0,724
358222;Aaron Robinson;1949;0,825
358222;Aaron Robinson;1950;0,735
358225;Bill Robinson;1967;0,539
358225;Bill Robinson;1968;0,674
358225;Bill Robinson;1969;0,505
358225;Bill Robinson;1973;0,855
358225;Bill Robinson;1974;0,626
358225;Bill Robinson;1975;0,763
358225;Bill Robinson;1976;0,864
358225;Bill Robinson;1977;0,862
358225;Bill Robinson;1978;0,707
358225;Bill Robinson;1979;0,805
358225;Bill Robinson;1980;0,783
358226;Bobby Robinson;1926;0,534
358226;Bobby Robinson;1927;0,612
358226;Bobby Robinson;1929;0,778
358226;Bobby Robinson;1930;0,687
358228;Brooks Robinson;1958;0,597
358228;Brooks Robinson;1959;0,709
358228;Brooks Robinson;1960;0,769
358228;Brooks Robinson;1961;0,73
358228;Brooks Robinson;1962;0,828
358228;Brooks Robinson;1963;0,67
358228;Brooks Robinson;1964;0,889
358228;Brooks Robinson;1965;0,797
358228;Brooks Robinson;1966;0,776
358228;Brooks Robinson;1967;0,763
358228;Brooks Robinson;1968;0,72
358228;Brooks Robinson;1969;0,693
358228;Brooks Robinson;1970;0,764
358228;Brooks Robinson;1971;0,754
358228;Brooks Robinson;1972;0,644
358228;Brooks Robinson;1973;0,67
358228;Brooks Robinson;1974;0,728
358228;Brooks Robinson;1975;0,541
358228;Brooks Robinson;1976;0,548
358234;Clint Robinson;2015;0,782
358235;Craig Robinson;1974;0,545
358241;Earl Robinson;1961;0,809
358242;Eddie Robinson;1947;0,729
358242;Eddie Robinson;1948;0,715
358242;Eddie Robinson;1949;0,84
358242;Eddie Robinson;1950;0,895
358242;Eddie Robinson;1951;0,866
358242;Eddie Robinson;1952;0,848
358242;Eddie Robinson;1953;0,735
358244;Floyd Robinson;1961;0,854
358244;Floyd Robinson;1962;0,859
358244;Floyd Robinson;1963;0,781
358244;Floyd Robinson;1964;0,795
358244;Floyd Robinson;1965;0,737
358244;Floyd Robinson;1966;0,655
358246;Frank Robinson;1956;0,936
358246;Frank Robinson;1957;0,905
358246;Frank Robinson;1958;0,854
358246;Frank Robinson;1959;0,975
358246;Frank Robinson;1960;1,002
358246;Frank Robinson;1961;1,015
358246;Frank Robinson;1962;1,045
358246;Frank Robinson;1963;0,821
358246;Frank Robinson;1964;0,943
358246;Frank Robinson;1965;0,925
358246;Frank Robinson;1966;1,047
358246;Frank Robinson;1967;0,979
358246;Frank Robinson;1968;0,834
358246;Frank Robinson;1969;0,955
358246;Frank Robinson;1970;0,918
358246;Frank Robinson;1971;0,894
358246;Frank Robinson;1972;0,795
358246;Frank Robinson;1973;0,861
358246;Frank Robinson;1974;0,833
358254;Jackie Robinson;1947;0,81
358254;Jackie Robinson;1948;0,82
358254;Jackie Robinson;1949;0,96
358254;Jackie Robinson;1950;0,923
358254;Jackie Robinson;1951;0,957
358254;Jackie Robinson;1952;0,904
358254;Jackie Robinson;1953;0,927
358254;Jackie Robinson;1954;0,918
358254;Jackie Robinson;1955;0,74
358254;Jackie Robinson;1956;0,793
358260;Johnny Robinson;1930;0,74
358262;Kerry Robinson;2003;0,603
358267;Rabbit Robinson;1903;0,569
358267;Rabbit Robinson;1904;0,632
358274;Wilbert Robinson;1886;0,514
358274;Wilbert Robinson;1887;0,545
358274;Wilbert Robinson;1888;0,569
358274;Wilbert Robinson;1889;0,546
358274;Wilbert Robinson;1890;0,616
358274;Wilbert Robinson;1891;0,539
358274;Wilbert Robinson;1892;0,654
358274;Wilbert Robinson;1893;0,817
358274;Wilbert Robinson;1894;0,851
358274;Wilbert Robinson;1895;0,632
358274;Wilbert Robinson;1896;0,842
358274;Wilbert Robinson;1898;0,649
358274;Wilbert Robinson;1899;0,682
358274;Wilbert Robinson;1900;0,572
358274;Wilbert Robinson;1901;0,711
358274;Wilbert Robinson;1902;0,712
358275;William Robinson;1884;0,694
358275;William Robinson;1885;0,689
358275;William Robinson;1886;0,761
358275;William Robinson;1887;0,85
358275;William Robinson;1888;0,714
358275;William Robinson;1889;0,671
358275;William Robinson;1890;0,716
358275;William Robinson;1891;0,565
358275;William Robinson;1892;0,526
358280;Oscar Robles;2005;0,7
358283;Victor Robles;2019;0,745
358283;Victor Robles;2021;0,605
358283;Victor Robles;2022;0,584
358283;Victor Robles;2024;0,86
358287;Brayan Rocchio;2024;0,614
358287;Brayan Rocchio;2025;0,63
358288;Mickey Rocco;1943;0,658
358288;Mickey Rocco;1944;0,717
358288;Mickey Rocco;1945;0,713
358294;Ike Rockenfield;1905;0,595
358297;Pat Rockett;1977;0,633
358302;Andre Rodgers;1959;0,733
358302;Andre Rodgers;1960;0,68
358302;Andre Rodgers;1961;0,773
358302;Andre Rodgers;1962;0,731
358302;Andre Rodgers;1963;0,63
358302;Andre Rodgers;1964;0,688
358303;Bill Rodgers;1915;0,637
358306;Brendan Rodgers;2021;0,798
358306;Brendan Rodgers;2022;0,733
358306;Brendan Rodgers;2024;0,721
358307;Buck Rodgers;1962;0,681
358307;Buck Rodgers;1963;0,597
358307;Buck Rodgers;1964;0,612
358307;Buck Rodgers;1965;0,537
358307;Buck Rodgers;1966;0,62
358307;Buck Rodgers;1967;0,583
358307;Buck Rodgers;1968;0,469
358311;Alex Rodriguez;1996;1,045
358311;Alex Rodriguez;1997;0,846
358311;Alex Rodriguez;1998;0,919
358311;Alex Rodriguez;1999;0,943
358311;Alex Rodriguez;2000;1,026
358311;Alex Rodriguez;2001;1,021
358311;Alex Rodriguez;2002;1,015
358311;Alex Rodriguez;2003;0,995
358311;Alex Rodriguez;2004;0,888
358311;Alex Rodriguez;2005;1,031
358311;Alex Rodriguez;2006;0,914
358311;Alex Rodriguez;2007;1,067
358311;Alex Rodriguez;2008;0,965
358311;Alex Rodriguez;2009;0,933
358311;Alex Rodriguez;2010;0,847
358311;Alex Rodriguez;2011;0,823
358311;Alex Rodriguez;2012;0,783
358311;Alex Rodriguez;2015;0,842
358311;Alex Rodriguez;2016;0,598
358314;Aurelio Rodriguez;1968;0,608
358314;Aurelio Rodriguez;1969;0,579
358314;Aurelio Rodriguez;1970;0,726
358314;Aurelio Rodriguez;1971;0,688
358314;Aurelio Rodriguez;1972;0,628
358314;Aurelio Rodriguez;1973;0,596
358314;Aurelio Rodriguez;1974;0,562
358314;Aurelio Rodriguez;1975;0,671
358314;Aurelio Rodriguez;1976;0,592
358314;Aurelio Rodriguez;1977;0,626
358314;Aurelio Rodriguez;1978;0,698
358314;Aurelio Rodriguez;1979;0,626
358314;Aurelio Rodriguez;1982;0,618
358329;Ellie Rodriguez;1969;0,629
358329;Ellie Rodriguez;1970;0,602
358329;Ellie Rodriguez;1971;0,568
358329;Ellie Rodriguez;1972;0,734
358329;Ellie Rodriguez;1973;0,68
358329;Ellie Rodriguez;1974;0,73
358329;Ellie Rodriguez;1975;0,681
358341;Héctor Rodríguez;1952;0,653
358342;Henry Rodriguez;1994;0,712
358342;Henry Rodriguez;1996;0,887
358342;Henry Rodriguez;1997;0,785
358342;Henry Rodriguez;1998;0,864
358342;Henry Rodriguez;1999;0,925
358342;Henry Rodriguez;2000;0,839
358345;Ivan Rodriguez;1991;0,63
358345;Ivan Rodriguez;1992;0,659
358345;Ivan Rodriguez;1993;0,727
358345;Ivan Rodriguez;1994;0,848
358345;Ivan Rodriguez;1995;0,776
358345;Ivan Rodriguez;1996;0,814
358345;Ivan Rodriguez;1997;0,844
358345;Ivan Rodriguez;1998;0,871
358345;Ivan Rodriguez;1999;0,914
358345;Ivan Rodriguez;2000;1,042
358345;Ivan Rodriguez;2001;0,888
358345;Ivan Rodriguez;2002;0,895
358345;Ivan Rodriguez;2003;0,843
358345;Ivan Rodriguez;2004;0,893
358345;Ivan Rodriguez;2005;0,735
358345;Ivan Rodriguez;2006;0,769
358345;Ivan Rodriguez;2007;0,714
358345;Ivan Rodriguez;2008;0,756
358345;Ivan Rodriguez;2009;0,662
358345;Ivan Rodriguez;2010;0,64
358356;Julio Rodriguez;2022;0,853
358356;Julio Rodriguez;2023;0,818
358356;Julio Rodriguez;2024;0,734
358356;Julio Rodriguez;2025;0,798
358358;Luis Rodriguez;2008;0,677
358358;Luis Rodriguez;2009;0,578
358372;Ronny Rodriguez;2019;0,69
358374;Sean Rodriguez;2010;0,705
358374;Sean Rodriguez;2011;0,679
358374;Sean Rodriguez;2012;0,607
358374;Sean Rodriguez;2014;0,701
358374;Sean Rodriguez;2015;0,642
358374;Sean Rodriguez;2016;0,859
358389;Gary Roenicke;1979;0,886
358389;Gary Roenicke;1980;0,724
358389;Gary Roenicke;1981;0,724
358389;Gary Roenicke;1982;0,891
358389;Gary Roenicke;1983;0,803
358389;Gary Roenicke;1984;0,727
358389;Gary Roenicke;1985;0,8
358391;Ron Roenicke;1986;0,737
358395;Wally Roettger;1928;0,878
358395;Wally Roettger;1929;0,637
358395;Wally Roettger;1930;0,708
358395;Wally Roettger;1932;0,695
358395;Wally Roettger;1933;0,564
358398;Bullet Rogan;1921;0,853
358398;Bullet Rogan;1922;1,12
358398;Bullet Rogan;1923;0,967
358398;Bullet Rogan;1928;0,917
358398;Bullet Rogan;1929;0,98
358399;Billy Rogell;1927;0,762
358399;Billy Rogell;1928;0,589
358399;Billy Rogell;1932;0,726
358399;Billy Rogell;1933;0,785
358399;Billy Rogell;1934;0,766
358399;Billy Rogell;1935;0,754
358399;Billy Rogell;1936;0,725
358399;Billy Rogell;1937;0,779
358399;Billy Rogell;1938;0,727
358405;Fraley Rogers;1872;0,611
358408;Jake Rogers;2023;0,73
358408;Jake Rogers;2024;0,607
358409;Jim Rogers;1896;0,625
358428;George Rohe;1906;0,604
358428;George Rohe;1907;0,529
358436;Cookie Rojas;1964;0,728
358436;Cookie Rojas;1965;0,736
358436;Cookie Rojas;1966;0,639
358436;Cookie Rojas;1967;0,627
358436;Cookie Rojas;1968;0,554
358436;Cookie Rojas;1969;0,561
358436;Cookie Rojas;1970;0,622
358436;Cookie Rojas;1971;0,763
358436;Cookie Rojas;1972;0,646
358436;Cookie Rojas;1973;0,692
358436;Cookie Rojas;1974;0,649
358436;Cookie Rojas;1975;0,626
358437;Josh Rojas;2021;0,752
358437;Josh Rojas;2022;0,739
358437;Josh Rojas;2024;0,641
358439;Johan Rojas;2024;0,601
358443;Miguel Rojas;2017;0,736
358443;Miguel Rojas;2018;0,643
358443;Miguel Rojas;2019;0,71
358443;Miguel Rojas;2021;0,713
358443;Miguel Rojas;2022;0,605
358443;Miguel Rojas;2023;0,612
358443;Miguel Rojas;2024;0,748
358443;Miguel Rojas;2025;0,715
358445;Stan Rojek;1948;0,721
358445;Stan Rojek;1949;0,594
358445;Stan Rojek;1950;0,631
358448;Scott Rolen;1997;0,846
358448;Scott Rolen;1998;0,923
358448;Scott Rolen;1999;0,893
358448;Scott Rolen;2000;0,92
358448;Scott Rolen;2001;0,876
358448;Scott Rolen;2002;0,8725
358448;Scott Rolen;2003;0,91
358448;Scott Rolen;2004;1,007
358448;Scott Rolen;2006;0,887
358448;Scott Rolen;2007;0,729
358448;Scott Rolen;2008;0,78
358448;Scott Rolen;2009;0,846
358448;Scott Rolen;2010;0,854
358448;Scott Rolen;2011;0,676
358448;Scott Rolen;2012;0,716
358449;Red Rolfe;1934;0,695
358449;Red Rolfe;1935;0,764
358449;Red Rolfe;1936;0,884
358449;Red Rolfe;1937;0,743
358449;Red Rolfe;1938;0,826
358449;Red Rolfe;1939;0,899
358449;Red Rolfe;1940;0,677
358449;Red Rolfe;1941;0,695
358449;Red Rolfe;1942;0,636
358456;Jimmy Rollins;2001;0,743
358456;Jimmy Rollins;2002;0,686
358456;Jimmy Rollins;2003;0,707
358456;Jimmy Rollins;2004;0,803
358456;Jimmy Rollins;2005;0,77
358456;Jimmy Rollins;2006;0,811
358456;Jimmy Rollins;2007;0,875
358456;Jimmy Rollins;2008;0,786
358456;Jimmy Rollins;2009;0,719
358456;Jimmy Rollins;2010;0,694
358456;Jimmy Rollins;2011;0,736
358456;Jimmy Rollins;2012;0,743
358456;Jimmy Rollins;2013;0,667
358456;Jimmy Rollins;2014;0,717
358456;Jimmy Rollins;2015;0,643
358459;Rich Rollins;1962;0,802
358459;Rich Rollins;1963;0,803
358459;Rich Rollins;1964;0,74
358459;Rich Rollins;1965;0,641
358459;Rich Rollins;1966;0,677
358459;Rich Rollins;1967;0,648
358459;Rich Rollins;1968;0,642
358460;Damian Rolls;2001;0,633
358460;Damian Rolls;2003;0,666
358466;John Romano;1960;0,824
358466;John Romano;1961;0,86
358466;John Romano;1962;0,842
358466;John Romano;1963;0,685
358466;John Romano;1964;0,806
358466;John Romano;1965;0,779
358466;John Romano;1966;0,749
358478;Ed Romero;1984;0,601
358478;Ed Romero;1985;0,624
358478;Ed Romero;1986;0,553
358478;Ed Romero;1987;0,615
358491;Andrew Romine;2014;0,554
358491;Andrew Romine;2017;0,625
358492;Austin Romine;2017;0,565
358492;Austin Romine;2018;0,713
358492;Austin Romine;2019;0,748
358493;Kevin Romine;1989;0,659
358510;Phil Roof;1966;0,604
358510;Phil Roof;1967;0,599
358510;Phil Roof;1969;0,628
358510;Phil Roof;1970;0,683
358511;Brent Rooker;2023;0,817
358511;Brent Rooker;2024;0,927
358511;Brent Rooker;2025;0,814
358514;Rolando Roomes;1989;0,715
358524;Ben Rortvedt;2024;0,621
358529;Adam Rosales;2009;0,62
358529;Adam Rosales;2010;0,721
358529;Adam Rosales;2016;0,814
358529;Adam Rosales;2017;0,619
358532;Amed Rosario;2018;0,676
358532;Amed Rosario;2019;0,755
358532;Amed Rosario;2021;0,731
358532;Amed Rosario;2022;0,715
358532;Amed Rosario;2023;0,675
358532;Amed Rosario;2024;0,748
358533;Buddy Rosar;1940;0,783
358533;Buddy Rosar;1941;0,757
358533;Buddy Rosar;1942;0,594
358533;Buddy Rosar;1943;0,68
358533;Buddy Rosar;1944;0,647
358533;Buddy Rosar;1945;0,528
358533;Buddy Rosar;1946;0,698
358533;Buddy Rosar;1947;0,669
358533;Buddy Rosar;1948;0,682
358534;Eddie Rosario;2015;0,748
358534;Eddie Rosario;2016;0,716
358534;Eddie Rosario;2017;0,836
358534;Eddie Rosario;2018;0,803
358534;Eddie Rosario;2019;0,8
358534;Eddie Rosario;2020;0,792
358534;Eddie Rosario;2021;0,685
358534;Eddie Rosario;2022;0,587
358534;Eddie Rosario;2023;0,755
358534;Eddie Rosario;2024;0,555
358544;Wilin Rosario;2012;0,843
358544;Wilin Rosario;2013;0,801
358544;Wilin Rosario;2014;0,739
358544;Wilin Rosario;2015;0,71
358547;John Roseboro;1958;0,788
358547;John Roseboro;1959;0,7
358547;John Roseboro;1960;0,693
358547;John Roseboro;1961;0,805
358547;John Roseboro;1962;0,722
358547;John Roseboro;1963;0,642
358547;John Roseboro;1964;0,729
358547;John Roseboro;1965;0,601
358547;John Roseboro;1966;0,74
358547;John Roseboro;1967;0,723
358547;John Roseboro;1968;0,611
358547;John Roseboro;1969;0,654
358556;Dave Rosello;1976;0,646
358557;James Roseman;1882;0,587
358557;James Roseman;1883;0,585
358557;James Roseman;1884;0,752
358557;James Roseman;1885;0,742
358557;James Roseman;1886;0,593
358557;James Roseman;1887;0,555
358557;James Roseman;1890;0,896
358559;Al Rosen;1950;0,948
358559;Al Rosen;1951;0,809
358559;Al Rosen;1952;0,911
358559;Al Rosen;1953;1,034
358559;Al Rosen;1954;0,91
358559;Al Rosen;1955;0,765
358559;Al Rosen;1956;0,779
358561;Goody Rosen;1938;0,757
358561;Goody Rosen;1944;0,644
358561;Goody Rosen;1945;0,84
358561;Goody Rosen;1946;0,767
358564;Larry Rosenthal;1936;0,801
358564;Larry Rosenthal;1939;0,822
358564;Larry Rosenthal;1940;0,885
358567;Simon Rosenthal;1926;0,689
358571;Pete Rose;1963;0,705
358571;Pete Rose;1964;0,645
358571;Pete Rose;1965;0,828
358571;Pete Rose;1966;0,811
358571;Pete Rose;1967;0,808
358571;Pete Rose;1968;0,861
358571;Pete Rose;1969;0,94
358571;Pete Rose;1970;0,855
358571;Pete Rose;1971;0,793
358571;Pete Rose;1972;0,799
358571;Pete Rose;1973;0,838
358571;Pete Rose;1974;0,773
358571;Pete Rose;1975;0,838
358571;Pete Rose;1976;0,854
358571;Pete Rose;1977;0,809
358571;Pete Rose;1978;0,783
358571;Pete Rose;1979;0,848
358571;Pete Rose;1980;0,706
358571;Pete Rose;1981;0,781
358571;Pete Rose;1982;0,683
358571;Pete Rose;1983;0,602
358571;Pete Rose;1984;0,629
358571;Pete Rose;1985;0,713
358571;Pete Rose;1986;0,586
358580;Chet Ross;1940;0,812
358580;Chet Ross;1942;0,564
358580;Chet Ross;1943;0,633
358582;Cody Ross;2006;0,68
358582;Cody Ross;2008;0,804
358582;Cody Ross;2009;0,79
358582;Cody Ross;2010;0,721
358582;Cody Ross;2011;0,73
358582;Cody Ross;2012;0,807
358582;Cody Ross;2013;0,745
358582;Cody Ross;2014;0,628
358584;David Ross;2006;0,932
358584;David Ross;2007;0,67
358586;Don Ross;1938;0,639
358586;Don Ross;1942;0,755
358586;Don Ross;1943;0,644
358586;Don Ross;1945;0,665
358596;Claude Rossman;1906;0,697
358596;Claude Rossman;1907;0,66
358596;Claude Rossman;1908;0,748
358596;Claude Rossman;1909;0,603
358604;Braggo Roth;1915;0,734
358604;Braggo Roth;1916;0,746
358604;Braggo Roth;1917;0,743
358604;Braggo Roth;1918;0,794
358604;Braggo Roth;1919;0,668
358604;Braggo Roth;1920;0,827
358608;Frank Roth;1903;0,663
358608;Frank Roth;1904;0,612
358612;Jack Rothrock;1927;0,662
358612;Jack Rothrock;1928;0,676
358612;Jack Rothrock;1929;0,769
358612;Jack Rothrock;1931;0,726
358612;Jack Rothrock;1934;0,734
358612;Jack Rothrock;1935;0,694
358612;Jack Rothrock;1937;0,678
358618;Edd Roush;1915;0,74
358618;Edd Roush;1916;0,751
358618;Edd Roush;1917;0,833
358618;Edd Roush;1918;0,823
358618;Edd Roush;1919;0,811
358618;Edd Roush;1920;0,839
358618;Edd Roush;1921;0,905
358618;Edd Roush;1923;0,938
358618;Edd Roush;1924;0,877
358618;Edd Roush;1925;0,878
358618;Edd Roush;1926;0,828
358618;Edd Roush;1927;0,737
358618;Edd Roush;1929;0,841
358618;Edd Roush;1931;0,646
358622;Aaron Rowand;2002;0,692
358622;Aaron Rowand;2004;0,905
358622;Aaron Rowand;2005;0,736
358622;Aaron Rowand;2006;0,745
358622;Aaron Rowand;2007;0,889
358622;Aaron Rowand;2008;0,749
358622;Aaron Rowand;2009;0,738
358622;Aaron Rowand;2010;0,659
358622;Aaron Rowand;2011;0,621
358627;Dave Rowe;1883;0,72
358627;Dave Rowe;1884;0,736
358627;Dave Rowe;1886;0,62
358630;Jack Rowe;1880;0,593
358630;Jack Rowe;1881;0,816
358630;Jack Rowe;1882;0,648
358630;Jack Rowe;1883;0,678
358630;Jack Rowe;1884;0,802
358630;Jack Rowe;1885;0,72
358630;Jack Rowe;1886;0,765
358630;Jack Rowe;1887;0,813
358630;Jack Rowe;1888;0,679
358630;Jack Rowe;1889;0,654
358630;Jack Rowe;1890;0,657
358632;Bama Rowell;1940;0,726
358632;Bama Rowell;1941;0,705
358632;Bama Rowell;1946;0,737
358632;Bama Rowell;1947;0,696
358634;Ed Rowen;1882;0,592
358657;Jerry Royster;1976;0,617
358657;Jerry Royster;1977;0,566
358657;Jerry Royster;1978;0,664
358657;Jerry Royster;1979;0,687
358657;Jerry Royster;1980;0,627
358657;Jerry Royster;1982;0,734
358657;Jerry Royster;1983;0,634
358657;Jerry Royster;1984;0,552
358657;Jerry Royster;1985;0,772
358657;Jerry Royster;1986;0,697
358663;Ryan Rua;2016;0,731
358664;Al Rubeling;1940;0,681
358670;Johnny Rucker;1940;0,714
358670;Johnny Rucker;1941;0,702
358670;Johnny Rucker;1943;0,642
358670;Johnny Rucker;1944;0,6
358670;Johnny Rucker;1945;0,722
358674;Joe Rudi;1970;0,821
358674;Joe Rudi;1971;0,69
358674;Joe Rudi;1972;0,83
358674;Joe Rudi;1973;0,729
358674;Joe Rudi;1974;0,818
358674;Joe Rudi;1975;0,831
358674;Joe Rudi;1976;0,747
358674;Joe Rudi;1977;0,829
358674;Joe Rudi;1978;0,711
358674;Joe Rudi;1979;0,688
358674;Joe Rudi;1980;0,694
358681;Muddy Ruel;1919;0,606
358681;Muddy Ruel;1920;0,651
358681;Muddy Ruel;1921;0,702
358681;Muddy Ruel;1922;0,634
358681;Muddy Ruel;1923;0,778
358681;Muddy Ruel;1924;0,702
358681;Muddy Ruel;1925;0,754
358681;Muddy Ruel;1926;0,79
358681;Muddy Ruel;1927;0,779
358681;Muddy Ruel;1928;0,662
358684;Darin Ruf;2013;0,806
358684;Darin Ruf;2015;0,714
358684;Darin Ruf;2021;0,904
358684;Darin Ruf;2022;0,701
358692;Justin Ruggiano;2012;0,909
358692;Justin Ruggiano;2013;0,694
358692;Justin Ruggiano;2014;0,766
358695;Carlos Ruiz;2007;0,735
358695;Carlos Ruiz;2008;0,62
358695;Carlos Ruiz;2009;0,78
358695;Carlos Ruiz;2010;0,847
358695;Carlos Ruiz;2011;0,754
358695;Carlos Ruiz;2012;0,935
358695;Carlos Ruiz;2013;0,688
358695;Carlos Ruiz;2014;0,717
358695;Carlos Ruiz;2015;0,575
358696;Chico Ruiz;1964;0,587
358696;Chico Ruiz;1967;0,558
358698;Esteury Ruiz;2023;0,654
358700;Keibert Ruiz;2022;0,673
358700;Keibert Ruiz;2023;0,717
358700;Keibert Ruiz;2024;0,619
358700;Keibert Ruiz;2025;0,595
358703;Rio Ruiz;2019;0,682
358710;Pete Runnels;1951;0,691
358710;Pete Runnels;1952;0,701
358710;Pete Runnels;1953;0,668
358710;Pete Runnels;1954;0,751
358710;Pete Runnels;1955;0,697
358710;Pete Runnels;1956;0,805
358710;Pete Runnels;1957;0,608
358710;Pete Runnels;1958;0,854
358710;Pete Runnels;1959;0,841
358710;Pete Runnels;1960;0,795
358710;Pete Runnels;1961;0,81
358710;Pete Runnels;1962;0,863
358710;Pete Runnels;1963;0,628
358717;Cameron Rupp;2015;0,675
358717;Cameron Rupp;2016;0,75
358717;Cameron Rupp;2017;0,716
358723;Amos Rusie;1890;0,664
358723;Amos Rusie;1891;0,542
358723;Amos Rusie;1892;0,509
358723;Amos Rusie;1893;0,646
358728;Addison Russell;2015;0,696
358728;Addison Russell;2016;0,738
358728;Addison Russell;2017;0,722
358728;Addison Russell;2018;0,657
358728;Addison Russell;2019;0,699
358730;Bill Russell;1969;0,645
358730;Bill Russell;1970;0,667
358730;Bill Russell;1971;0,592
358730;Bill Russell;1972;0,693
358730;Bill Russell;1973;0,638
358730;Bill Russell;1974;0,686
358730;Bill Russell;1975;0,535
358730;Bill Russell;1976;0,644
358730;Bill Russell;1977;0,664
358730;Bill Russell;1978;0,684
358730;Bill Russell;1979;0,656
358730;Bill Russell;1980;0,636
358730;Bill Russell;1981;0,567
358730;Bill Russell;1982;0,697
358730;Bill Russell;1983;0,588
358730;Bill Russell;1984;0,649
358730;Bill Russell;1986;0,603
358732;Branch Russell;1923;0,761
358732;Branch Russell;1924;0,862
358732;Branch Russell;1925;0,931
358732;Branch Russell;1926;0,934
358732;Branch Russell;1927;0,88
358732;Branch Russell;1928;0,818
358732;Branch Russell;1929;0,874
358732;Branch Russell;1930;0,88
358734;Frank Russell;1948;0,751
358739;Jim Russell;1943;0,712
358739;Jim Russell;1944;0,859
358739;Jim Russell;1945;0,81
358739;Jim Russell;1946;0,765
358739;Jim Russell;1947;0,723
358739;Jim Russell;1948;0,771
358739;Jim Russell;1949;0,684
358739;Jim Russell;1950;0,755
358741;John Russell;1985;0,676
358741;John Russell;1986;0,744
358742;John Henry Russell;1924;0,615
358742;John Henry Russell;1925;0,663
358742;John Henry Russell;1926;0,818
358742;John Henry Russell;1927;0,824
358742;John Henry Russell;1928;0,668
358742;John Henry Russell;1929;0,641
358742;John Henry Russell;1930;0,785
358742;John Henry Russell;1932;0,685
358742;John Henry Russell;1933;0,696
358746;Reb Russell;1922;1,091
358746;Reb Russell;1923;0,832
358747;Rip Russell;1939;0,704
358747;Rip Russell;1940;0,644
358747;Rip Russell;1942;0,633
358747;Rip Russell;1946;0,564
358751;Pythias Russ;1927;0,849
358751;Pythias Russ;1928;0,802
358751;Pythias Russ;1929;0,953
358754;Babe Ruth;1918;0,966
358754;Babe Ruth;1919;1,114
358754;Babe Ruth;1920;1,382
358754;Babe Ruth;1921;1,359
358754;Babe Ruth;1922;1,106
358754;Babe Ruth;1923;1,309
358754;Babe Ruth;1924;1,252
358754;Babe Ruth;1925;0,936
358754;Babe Ruth;1926;1,253
358754;Babe Ruth;1927;1,258
358754;Babe Ruth;1928;1,172
358754;Babe Ruth;1929;1,128
358754;Babe Ruth;1930;1,225
358754;Babe Ruth;1931;1,195
358754;Babe Ruth;1932;1,15
358754;Babe Ruth;1933;1,023
358754;Babe Ruth;1934;0,985
358760;Josh Rutledge;2012;0,775
358760;Josh Rutledge;2013;0,63
358760;Josh Rutledge;2014;0,728
358762;Adley Rutschman;2022;0,806
358762;Adley Rutschman;2023;0,809
358762;Adley Rutschman;2024;0,709
358762;Adley Rutschman;2025;0,673
358764;Rusty Ryal;2010;0,656
358766;Blondy Ryan;1933;0,553
358766;Blondy Ryan;1934;0,584
358767;Brendan Ryan;2009;0,74
358767;Brendan Ryan;2010;0,573
358767;Brendan Ryan;2011;0,639
358767;Brendan Ryan;2012;0,555
358767;Brendan Ryan;2013;0,52
358768;Buddy Ryan;1912;0,715
358768;Buddy Ryan;1913;0,661
358769;Connie Ryan;1943;0,55
358769;Connie Ryan;1944;0,78
358769;Connie Ryan;1946;0,652
358769;Connie Ryan;1947;0,722
358769;Connie Ryan;1949;0,727
358769;Connie Ryan;1950;0,712
358769;Connie Ryan;1951;0,741
358769;Connie Ryan;1952;0,693
358769;Connie Ryan;1953;0,833
358772;Jack Ryan;1890;0,531
358772;Jack Ryan;1891;0,572
358772;Jack Ryan;1894;0,729
358772;Jack Ryan;1898;0,485
358772;Jack Ryan;1901;0,468
358772;Jack Ryan;1902;0,42
358772;Jack Ryan;1903;0,555
358776;Jimmy Ryan;1886;0,762
358776;Jimmy Ryan;1887;0,795
358776;Jimmy Ryan;1888;0,892
358776;Jimmy Ryan;1889;0,919
358776;Jimmy Ryan;1890;0,879
358776;Jimmy Ryan;1891;0,789
358776;Jimmy Ryan;1892;0,812
358776;Jimmy Ryan;1893;0,835
358776;Jimmy Ryan;1894;0,903
358776;Jimmy Ryan;1895;0,837
358776;Jimmy Ryan;1896;0,782
358776;Jimmy Ryan;1897;0,827
358776;Jimmy Ryan;1898;0,85
358776;Jimmy Ryan;1899;0,752
358776;Jimmy Ryan;1900;0,722
358776;Jimmy Ryan;1902;0,832
358776;Jimmy Ryan;1903;0,663
358777;Johnny Ryan;1876;0,566
358784;Mike Ryan;1966;0,558
358784;Mike Ryan;1967;0,543
358784;Mike Ryan;1968;0,434
358784;Mike Ryan;1969;0,588
358805;Chris Sabo;1988;0,728
358805;Chris Sabo;1989;0,711
358805;Chris Sabo;1990;0,819
358805;Chris Sabo;1991;0,859
358805;Chris Sabo;1992;0,723
358805;Chris Sabo;1993;0,755
358805;Chris Sabo;1994;0,786
358806;Blake Sabol;2023;0,695
358827;Olmedo Saenz;1999;0,837
358827;Olmedo Saenz;2000;0,915
358827;Olmedo Saenz;2001;0,675
358827;Olmedo Saenz;2005;0,804
358828;Tom Saffell;1949;0,78
358829;Harry Sage;1890;0,464
358832;Thomas Saggese;2025;0,641
358834;Vic Saier;1911;0,676
358834;Vic Saier;1912;0,759
358834;Vic Saier;1913;0,85
358834;Vic Saier;1914;0,773
358834;Vic Saier;1915;0,795
358834;Vic Saier;1916;0,714
358838;Lenn Sakata;1982;0,693
358839;Tyler Saladino;2015;0,602
358839;Tyler Saladino;2016;0,725
358839;Tyler Saladino;2017;0,484
358842;Mark Salas;1985;0,791
358842;Mark Salas;1986;0,666
358845;Angel Salazar;1986;0,592
358845;Angel Salazar;1987;0,465
358852;Luis Salazar;1981;0,732
358852;Luis Salazar;1982;0,61
358852;Luis Salazar;1983;0,672
358852;Luis Salazar;1984;0,59
358852;Luis Salazar;1985;0,671
358852;Luis Salazar;1988;0,69
358852;Luis Salazar;1989;0,713
358852;Luis Salazar;1990;0,68
358852;Luis Salazar;1991;0,725
358852;Luis Salazar;1992;0,547
358860;Bill Salkeld;1945;0,966
358864;Chico Salmon;1964;0,764
358864;Chico Salmon;1966;0,635
358864;Chico Salmon;1967;0,618
358864;Chico Salmon;1968;0,536
358867;Tim Salmon;1993;0,918
358867;Tim Salmon;1994;0,912
358867;Tim Salmon;1995;1,024
358867;Tim Salmon;1996;0,887
358867;Tim Salmon;1997;0,911
358867;Tim Salmon;1998;0,943
358867;Tim Salmon;1999;0,862
358867;Tim Salmon;2000;0,945
358867;Tim Salmon;2001;0,748
358867;Tim Salmon;2002;0,883
358867;Tim Salmon;2003;0,838
358867;Tim Salmon;2006;0,811
358869;Jarrod Saltalamacchia;2009;0,661
358869;Jarrod Saltalamacchia;2011;0,737
358869;Jarrod Saltalamacchia;2012;0,742
358869;Jarrod Saltalamacchia;2013;0,804
358869;Jarrod Saltalamacchia;2014;0,681
358869;Jarrod Saltalamacchia;2016;0,63
358871;Jack Saltzgaver;1934;0,711
358879;Ron Samford;1959;0,604
358883;Billy Sample;1979;0,781
358883;Billy Sample;1980;0,702
358883;Billy Sample;1981;0,738
358883;Billy Sample;1982;0,712
358883;Billy Sample;1983;0,732
358883;Billy Sample;1984;0,613
358883;Billy Sample;1986;0,768
358891;Amado Samuel;1962;0,544
358893;Juan Samuel;1984;0,749
358893;Juan Samuel;1985;0,739
358893;Juan Samuel;1986;0,751
358893;Juan Samuel;1987;0,837
358893;Juan Samuel;1988;0,678
358893;Juan Samuel;1989;0,599
358893;Juan Samuel;1990;0,699
358893;Juan Samuel;1991;0,717
358893;Juan Samuel;1993;0,642
358903;Alex Sanchez;2002;0,701
358903;Alex Sanchez;2003;0,675
358903;Alex Sanchez;2004;0,721
358906;Angel Sanchez;2010;0,664
358906;Angel Sanchez;2011;0,59
358909;Carlos Sanchez;2015;0,595
358909;Carlos Sanchez;2017;0,732
358909;Carlos Sanchez;2018;0,678
358909;Carlos Sanchez;2019;0,638
358910;Celerino Sanchez;1972;0,596
358915;Freddy Sanchez;2005;0,736
358915;Freddy Sanchez;2006;0,851
358915;Freddy Sanchez;2007;0,784
358915;Freddy Sanchez;2008;0,669
358915;Freddy Sanchez;2009;0,776
358915;Freddy Sanchez;2010;0,739
358915;Freddy Sanchez;2011;0,73
358916;Gaby Sanchez;2010;0,788
358916;Gaby Sanchez;2011;0,779
358916;Gaby Sanchez;2013;0,762
358916;Gaby Sanchez;2014;0,679
358917;Gary Sanchez;2016;1,032
358917;Gary Sanchez;2017;0,876
358917;Gary Sanchez;2018;0,697
358917;Gary Sanchez;2019;0,841
358917;Gary Sanchez;2021;0,73
358917;Gary Sanchez;2022;0,659
358917;Gary Sanchez;2023;0,792
358917;Gary Sanchez;2024;0,699
358919;Hector Sanchez;2012;0,685
358923;Jesus Sanchez;2021;0,808
358923;Jesus Sanchez;2022;0,682
358923;Jesus Sanchez;2023;0,777
358923;Jesus Sanchez;2024;0,731
358923;Jesus Sanchez;2025;0,74
358930;Rey Sanchez;1992;0,626
358930;Rey Sanchez;1993;0,642
358930;Rey Sanchez;1994;0,682
358930;Rey Sanchez;1995;0,661
358930;Rey Sanchez;1996;0,525
358930;Rey Sanchez;1997;0,594
358930;Rey Sanchez;1998;0,686
358930;Rey Sanchez;1999;0,698
358930;Rey Sanchez;2000;0,637
358930;Rey Sanchez;2001;0,686
358930;Rey Sanchez;2002;0,662
358930;Rey Sanchez;2004;0,617
358935;Jared Sandberg;2002;0,749
358936;Ryne Sandberg;1982;0,683
358936;Ryne Sandberg;1983;0,667
358936;Ryne Sandberg;1984;0,887
358936;Ryne Sandberg;1985;0,868
358936;Ryne Sandberg;1986;0,741
358936;Ryne Sandberg;1987;0,809
358936;Ryne Sandberg;1988;0,741
358936;Ryne Sandberg;1989;0,853
358936;Ryne Sandberg;1990;0,913
358936;Ryne Sandberg;1991;0,865
358936;Ryne Sandberg;1992;0,881
358936;Ryne Sandberg;1993;0,772
358936;Ryne Sandberg;1994;0,702
358936;Ryne Sandberg;1996;0,76
358936;Ryne Sandberg;1997;0,711
358938;Ben Sanders;1888;0,598
358942;Deion Sanders;1992;0,841
358942;Deion Sanders;1993;0,773
358942;Deion Sanders;1995;0,79
358942;Deion Sanders;1997;0,693
358948;Ray Sanders;1942;0,73
358948;Ray Sanders;1943;0,796
358948;Ray Sanders;1944;0,812
358948;Ray Sanders;1945;0,76
358948;Ray Sanders;1946;0,727
358950;Reggie Sanders;1992;0,819
358950;Reggie Sanders;1993;0,786
358950;Reggie Sanders;1994;0,812
358950;Reggie Sanders;1995;0,975
358950;Reggie Sanders;1996;0,817
358950;Reggie Sanders;1997;0,857
358950;Reggie Sanders;1998;0,764
358950;Reggie Sanders;1999;0,904
358950;Reggie Sanders;2000;0,705
358950;Reggie Sanders;2001;0,886
358950;Reggie Sanders;2002;0,779
358950;Reggie Sanders;2003;0,913
358950;Reggie Sanders;2004;0,797
358950;Reggie Sanders;2005;0,886
358950;Reggie Sanders;2006;0,729
358956;Heinie Sand;1923;0,656
358956;Heinie Sand;1924;0,655
358956;Heinie Sand;1925;0,749
358956;Heinie Sand;1926;0,713
358956;Heinie Sand;1927;0,744
358956;Heinie Sand;1928;0,587
358961;Pablo Sandoval;2009;0,943
358961;Pablo Sandoval;2010;0,732
358961;Pablo Sandoval;2011;0,909
358961;Pablo Sandoval;2012;0,789
358961;Pablo Sandoval;2013;0,758
358961;Pablo Sandoval;2014;0,739
358961;Pablo Sandoval;2015;0,658
358961;Pablo Sandoval;2018;0,727
358961;Pablo Sandoval;2019;0,82
358974;Manny Sanguillen;1969;0,731
358974;Manny Sanguillen;1970;0,788
358974;Manny Sanguillen;1971;0,771
358974;Manny Sanguillen;1972;0,726
358974;Manny Sanguillen;1973;0,712
358974;Manny Sanguillen;1974;0,684
358974;Manny Sanguillen;1975;0,842
358974;Manny Sanguillen;1976;0,716
358974;Manny Sanguillen;1977;0,656
358974;Manny Sanguillen;1978;0,633
358979;Javier Sanoja;2025;0,683
358980;Miguel Sano;2015;0,916
358980;Miguel Sano;2016;0,781
358980;Miguel Sano;2017;0,859
358980;Miguel Sano;2018;0,679
358980;Miguel Sano;2019;0,923
358980;Miguel Sano;2021;0,778
358983;Anthony Santander;2019;0,773
358983;Anthony Santander;2021;0,72
358983;Anthony Santander;2022;0,773
358983;Anthony Santander;2023;0,797
358983;Anthony Santander;2024;0,814
358985;Carlos Santana;2011;0,808
358985;Carlos Santana;2012;0,785
358985;Carlos Santana;2013;0,832
358985;Carlos Santana;2014;0,792
358985;Carlos Santana;2015;0,752
358985;Carlos Santana;2016;0,865
358985;Carlos Santana;2017;0,818
358985;Carlos Santana;2018;0,766
358985;Carlos Santana;2019;0,911
358985;Carlos Santana;2020;0,699
358985;Carlos Santana;2021;0,66
358985;Carlos Santana;2022;0,693
358985;Carlos Santana;2023;0,7525
358985;Carlos Santana;2024;0,749
358985;Carlos Santana;2025;0,65
358986;Danny Santana;2014;0,824
358986;Danny Santana;2015;0,532
358986;Danny Santana;2016;0,606
358986;Danny Santana;2019;0,857
358988;Domingo Santana;2016;0,792
358988;Domingo Santana;2017;0,875
358988;Domingo Santana;2018;0,74
358988;Domingo Santana;2019;0,77
358992;F. P. Santangelo;1996;0,776
358992;F. P. Santangelo;1997;0,753
358992;F. P. Santangelo;1998;0,623
358992;F. P. Santangelo;1999;0,792
358997;Rafael Santana;1985;0,597
358997;Rafael Santana;1986;0,539
358997;Rafael Santana;1987;0,648
358997;Rafael Santana;1988;0,583
358998;Benito Santiago;1987;0,791
358998;Benito Santiago;1988;0,643
358998;Benito Santiago;1989;0,664
358998;Benito Santiago;1990;0,741
358998;Benito Santiago;1991;0,7
358998;Benito Santiago;1992;0,671
358998;Benito Santiago;1993;0,671
358998;Benito Santiago;1994;0,746
358998;Benito Santiago;1995;0,836
358998;Benito Santiago;1996;0,835
358998;Benito Santiago;1997;0,667
358998;Benito Santiago;1999;0,691
358998;Benito Santiago;2000;0,719
358998;Benito Santiago;2001;0,664
358998;Benito Santiago;2002;0,765
358998;Benito Santiago;2003;0,753
359004;Ramon Santiago;2002;0,671
359004;Ramon Santiago;2003;0,576
359004;Ramon Santiago;2009;0,704
359004;Ramon Santiago;2010;0,662
359004;Ramon Santiago;2011;0,695
359004;Ramon Santiago;2012;0,555
359004;Ramon Santiago;2013;0,586
359014;Nelson Santovenia;1988;0,686
359014;Nelson Santovenia;1989;0,659
359015;Omir Santos;2009;0,688
359017;Ron Santo;1960;0,72
359017;Ron Santo;1961;0,842
359017;Ron Santo;1962;0,659
359017;Ron Santo;1963;0,82
359017;Ron Santo;1964;0,962
359017;Ron Santo;1965;0,888
359017;Ron Santo;1966;0,95
359017;Ron Santo;1967;0,906
359017;Ron Santo;1968;0,775
359017;Ron Santo;1969;0,869
359017;Ron Santo;1970;0,844
359017;Ron Santo;1971;0,778
359017;Ron Santo;1972;0,878
359017;Ron Santo;1973;0,788
359017;Ron Santo;1974;0,591
359028;Bill Sarni;1954;0,776
359028;Bill Sarni;1955;0,654
359028;Bill Sarni;1956;0,647
359032;Mackey Sasser;1990;0,77
359032;Mackey Sasser;1991;0,714
359035;Tom Satriano;1964;0,529
359035;Tom Satriano;1966;0,608
359035;Tom Satriano;1967;0,637
359035;Tom Satriano;1968;0,701
359041;Ed Sauer;1949;0,688
359042;Hank Sauer;1948;0,844
359042;Hank Sauer;1949;0,934
359042;Hank Sauer;1950;0,868
359042;Hank Sauer;1951;0,81
359042;Hank Sauer;1952;0,892
359042;Hank Sauer;1953;0,822
359042;Hank Sauer;1954;0,938
359042;Hank Sauer;1955;0,673
359042;Hank Sauer;1957;0,851
359042;Hank Sauer;1958;0,79
359052;Michael Saunders;2010;0,662
359052;Michael Saunders;2012;0,738
359052;Michael Saunders;2013;0,72
359052;Michael Saunders;2014;0,791
359052;Michael Saunders;2016;0,815
359052;Michael Saunders;2017;0,617
359059;Don Savage;1944;0,708
359061;Jimmie Savage;1914;0,718
359064;Ted Savage;1962;0,718
359064;Ted Savage;1967;0,683
359064;Ted Savage;1970;0,884
359065;Bob Saverine;1966;0,632
359065;Bob Saverine;1967;0,579
359071;Carl Sawatski;1962;0,829
359079;Steve Sax;1982;0,694
359079;Steve Sax;1983;0,692
359079;Steve Sax;1984;0,604
359079;Steve Sax;1985;0,67
359079;Steve Sax;1986;0,83
359079;Steve Sax;1987;0,7
359079;Steve Sax;1988;0,668
359079;Steve Sax;1989;0,751
359079;Steve Sax;1990;0,641
359079;Steve Sax;1991;0,759
359079;Steve Sax;1992;0,607
359082;Lou Say;1883;0,596
359082;Lou Say;1884;0,573
359090;George Scales;1924;0,948
359105;Russ Scarritt;1929;0,749
359105;Russ Scarritt;1930;0,688
359106;Les Scarsella;1936;0,748
359106;Les Scarsella;1937;0,617
359107;Steve Scarsone;1995;0,81
359107;Steve Scarsone;1996;0,608
359109;Paul Schaal;1965;0,622
359109;Paul Schaal;1966;0,728
359109;Paul Schaal;1967;0,58
359109;Paul Schaal;1968;0,585
359109;Paul Schaal;1969;0,653
359109;Paul Schaal;1970;0,698
359109;Paul Schaal;1971;0,799
359109;Paul Schaal;1972;0,65
359109;Paul Schaal;1973;0,788
359114;Germany Schaefer;1902;0,473
359114;Germany Schaefer;1905;0,619
359114;Germany Schaefer;1906;0,586
359114;Germany Schaefer;1907;0,628
359114;Germany Schaefer;1908;0,646
359114;Germany Schaefer;1909;0,579
359114;Germany Schaefer;1910;0,697
359114;Germany Schaefer;1911;0,809
359120;Harry Schafer;1872;0,668
359120;Harry Schafer;1873;0,615
359120;Harry Schafer;1874;0,586
359120;Harry Schafer;1875;0,62
359120;Harry Schafer;1876;0,552
359123;Jordan Schafer;2012;0,591
359123;Jordan Schafer;2013;0,677
359124;Logan Schafer;2013;0,601
359125;Johnny Schaive;1962;0,679
359129;Ray Schalk;1913;0,611
359129;Ray Schalk;1914;0,661
359129;Ray Schalk;1915;0,693
359129;Ray Schalk;1916;0,616
359129;Ray Schalk;1917;0,623
359129;Ray Schalk;1918;0,556
359129;Ray Schalk;1919;0,687
359129;Ray Schalk;1920;0,711
359129;Ray Schalk;1921;0,658
359129;Ray Schalk;1922;0,75
359129;Ray Schalk;1923;0,583
359129;Ray Schalk;1925;0,714
359129;Ray Schalk;1926;0,663
359130;Roy Schalk;1944;0,539
359130;Roy Schalk;1945;0,595
359133;Nolan Schanuel;2024;0,706
359133;Nolan Schanuel;2025;0,742
359134;Wally Schang;1913;0,807
359134;Wally Schang;1914;0,775
359134;Wally Schang;1915;0,728
359134;Wally Schang;1916;0,778
359134;Wally Schang;1917;0,776
359134;Wally Schang;1918;0,662
359134;Wally Schang;1919;0,809
359134;Wally Schang;1920;0,862
359134;Wally Schang;1921;0,881
359134;Wally Schang;1922;0,816
359134;Wally Schang;1923;0,702
359134;Wally Schang;1924;0,809
359134;Wally Schang;1926;0,921
359134;Wally Schang;1927;0,861
359134;Wally Schang;1928;0,852
359134;Wally Schang;1929;0,802
359136;Art Scharein;1932;0,742
359136;Art Scharein;1933;0,513
359138;George Scharein;1937;0,577
359138;George Scharein;1938;0,576
359138;George Scharein;1939;0,555
359143;Scott Schebler;2016;0,762
359143;Scott Schebler;2017;0,791
359143;Scott Schebler;2018;0,777
359144;Al Scheer;1914;0,823
359144;Al Scheer;1915;0,728
359146;Heinie Scheer;1923;0,616
359149;Bob Scheffing;1947;0,675
359149;Bob Scheffing;1948;0,778
359150;Ted Scheffler;1890;0,693
359153;Frank Scheibeck;1890;0,645
359153;Frank Scheibeck;1901;0,522
359155;Richie Scheinblum;1972;0,8
359155;Richie Scheinblum;1973;0,845
359158;Danny Schell;1954;0,76
359162;Bill Schenck;1882;0,618
359163;Hank Schenz;1948;0,633
359176;Nate Schierholtz;2009;0,702
359176;Nate Schierholtz;2010;0,676
359176;Nate Schierholtz;2011;0,756
359176;Nate Schierholtz;2013;0,77
359176;Nate Schierholtz;2014;0,541
359177;Chuck Schilling;1961;0,666
359177;Chuck Schilling;1962;0,613
359177;Chuck Schilling;1963;0,61
359180;Ryan Schimpf;2016;0,869
359184;Larry Schlafly;1906;0,674
359185;Admiral Schlei;1904;0,583
359185;Admiral Schlei;1905;0,566
359185;Admiral Schlei;1906;0,655
359185;Admiral Schlei;1907;0,648
359185;Admiral Schlei;1908;0,554
359185;Admiral Schlei;1909;0,629
359191;Dutch Schliebner;1923;0,71
359197;Ray Schmandt;1921;0,694
359197;Ray Schmandt;1922;0,647
359201;Boss Schmidt;1906;0,506
359201;Boss Schmidt;1907;0,564
359201;Boss Schmidt;1908;0,617
359201;Boss Schmidt;1909;0,508
359202;Bob Schmidt;1958;0,718
359202;Bob Schmidt;1960;0,695
359202;Bob Schmidt;1962;0,695
359203;Charles Schmidt;1914;0,706
359203;Charles Schmidt;1915;0,67
359204;Casey Schmitt;2023;0,58
359204;Casey Schmitt;2025;0,706
359216;Mike Schmidt;1973;0,697
359216;Mike Schmidt;1974;0,941
359216;Mike Schmidt;1975;0,89
359216;Mike Schmidt;1976;0,9
359216;Mike Schmidt;1977;0,967
359216;Mike Schmidt;1978;0,798
359216;Mike Schmidt;1979;0,95
359216;Mike Schmidt;1980;1,004
359216;Mike Schmidt;1981;1,08
359216;Mike Schmidt;1982;0,949
359216;Mike Schmidt;1983;0,923
359216;Mike Schmidt;1984;0,919
359216;Mike Schmidt;1985;0,907
359216;Mike Schmidt;1986;0,937
359216;Mike Schmidt;1987;0,936
359216;Mike Schmidt;1988;0,742
359218;Walter Schmidt;1918;0,556
359218;Walter Schmidt;1919;0,61
359218;Walter Schmidt;1920;0,666
359218;Walter Schmidt;1921;0,628
359218;Walter Schmidt;1923;0,581
359223;Brian Schneider;2002;0,798
359223;Brian Schneider;2003;0,703
359223;Brian Schneider;2004;0,724
359223;Brian Schneider;2005;0,739
359223;Brian Schneider;2006;0,649
359223;Brian Schneider;2007;0,661
359223;Brian Schneider;2008;0,707
359225;Dave Schneck;1974;0,569
359226;Davis Schneider;2024;0,625
359227;Daniel Schneemann;2025;0,636
359234;Jumbo Schoeneck;1884;0,736
359235;Red Schoendienst;1945;0,648
359235;Red Schoendienst;1946;0,665
359235;Red Schoendienst;1947;0,636
359235;Red Schoendienst;1948;0,691
359235;Red Schoendienst;1949;0,707
359235;Red Schoendienst;1950;0,717
359235;Red Schoendienst;1951;0,74
359235;Red Schoendienst;1952;0,772
359235;Red Schoendienst;1953;0,907
359235;Red Schoendienst;1954;0,794
359235;Red Schoendienst;1955;0,711
359235;Red Schoendienst;1956;0,721
359235;Red Schoendienst;1957;0,7975
359235;Red Schoendienst;1958;0,641
359235;Red Schoendienst;1960;0,63
359237;Dick Schofield;1963;0,636
359237;Dick Schofield;1964;0,694
359237;Dick Schofield;1965;0,522
359237;Dick Schofield;1967;0,6
359237;Dick Schofield;1969;0,698
359238;Dick Schofield;1984;0,527
359238;Dick Schofield;1985;0,618
359238;Dick Schofield;1986;0,719
359238;Dick Schofield;1987;0,66
359238;Dick Schofield;1988;0,62
359238;Dick Schofield;1989;0,616
359238;Dick Schofield;1990;0,66
359238;Dick Schofield;1991;0,57
359238;Dick Schofield;1992;0,595
359238;Dick Schofield;1994;0,673
359240;Otto Schomberg;1886;0,775
359240;Otto Schomberg;1887;0,86
359242;Jonathan Schoop;2014;0,598
359242;Jonathan Schoop;2015;0,788
359242;Jonathan Schoop;2016;0,752
359242;Jonathan Schoop;2017;0,841
359242;Jonathan Schoop;2018;0,72
359242;Jonathan Schoop;2019;0,777
359242;Jonathan Schoop;2021;0,755
359242;Jonathan Schoop;2022;0,561
359251;Ossee Schrecongost;1899;0,692
359251;Ossee Schrecongost;1901;0,742
359251;Ossee Schrecongost;1902;0,766
359251;Ossee Schrecongost;1903;0,638
359251;Ossee Schrecongost;1904;0,431
359251;Ossee Schrecongost;1905;0,624
359251;Ossee Schrecongost;1906;0,663
359251;Ossee Schrecongost;1907;0,64
359251;Ossee Schrecongost;1908;0,513
359255;Pop Schriver;1889;0,65
359255;Pop Schriver;1890;0,706
359255;Pop Schriver;1892;0,598
359255;Pop Schriver;1893;0,733
359255;Pop Schriver;1894;0,695
359255;Pop Schriver;1898;0,583
359255;Pop Schriver;1899;0,732
359257;Bill Schroeder;1984;0,774
359257;Bill Schroeder;1986;0,635
359257;Bill Schroeder;1987;0,927
359262;Heinie Schuble;1927;0,641
359262;Heinie Schuble;1929;0,64
359262;Heinie Schuble;1932;0,728
359263;Max Schuemann;2024;0,619
359267;Art Schult;1957;0,671
359275;Frank Schulte;1905;0,693
359275;Frank Schulte;1906;0,72
359275;Frank Schulte;1907;0,725
359275;Frank Schulte;1908;0,6
359275;Frank Schulte;1909;0,655
359275;Frank Schulte;1910;0,809
359275;Frank Schulte;1911;0,918
359275;Frank Schulte;1912;0,754
359275;Frank Schulte;1913;0,749
359275;Frank Schulte;1914;0,657
359275;Frank Schulte;1915;0,686
359275;Frank Schulte;1916;0,769
359275;Frank Schulte;1918;0,77
359276;Fred Schulte;1928;0,771
359276;Fred Schulte;1929;0,793
359276;Fred Schulte;1930;0,748
359276;Fred Schulte;1931;0,805
359276;Fred Schulte;1932;0,797
359276;Fred Schulte;1933;0,768
359276;Fred Schulte;1934;0,762
359276;Fred Schulte;1935;0,698
359276;Fred Schulte;1936;0,648
359277;Ham Schulte;1940;0,582
359278;Howie Schultz;1944;0,68
359278;Howie Schultz;1946;0,652
359278;Howie Schultz;1947;0,584
359284;Joe Schultz;1916;0,616
359284;Joe Schultz;1919;0,615
359284;Joe Schultz;1920;0,617
359284;Joe Schultz;1921;0,816
359284;Joe Schultz;1922;0,742
359284;Joe Schultz;1924;0,723
359287;Len Schulte;1945;0,575
359293;Wes Schulmerich;1931;0,785
359293;Wes Schulmerich;1932;0,735
359293;Wes Schulmerich;1933;0,868
359293;Wes Schulmerich;1934;0,735
359296;Skip Schumaker;2008;0,765
359296;Skip Schumaker;2009;0,757
359296;Skip Schumaker;2010;0,667
359296;Skip Schumaker;2011;0,685
359296;Skip Schumaker;2012;0,707
359296;Skip Schumaker;2013;0,665
359296;Skip Schumaker;2014;0,595
359296;Skip Schumaker;2015;0,642
359299;Rick Schu;1985;0,691
359299;Rick Schu;1986;0,782
359299;Rick Schu;1988;0,679
359299;Rick Schu;1989;0,613
359310;Kyle Schwarber;2015;0,842
359310;Kyle Schwarber;2017;0,782
359310;Kyle Schwarber;2018;0,823
359310;Kyle Schwarber;2019;0,871
359310;Kyle Schwarber;2021;0,91
359310;Kyle Schwarber;2022;0,827
359310;Kyle Schwarber;2023;0,817
359310;Kyle Schwarber;2024;0,851
359310;Kyle Schwarber;2025;0,928
359313;Al Schweitzer;1910;0,588
359313;Al Schweitzer;1911;0,633
359320;Frank Schwindel;2021;1,002
359320;Frank Schwindel;2022;0,635
359323;Mike Scioscia;1981;0,685
359323;Mike Scioscia;1982;0,598
359323;Mike Scioscia;1984;0,736
359323;Mike Scioscia;1985;0,826
359323;Mike Scioscia;1986;0,704
359323;Mike Scioscia;1987;0,707
359323;Mike Scioscia;1988;0,642
359323;Mike Scioscia;1989;0,701
359323;Mike Scioscia;1990;0,753
359323;Mike Scioscia;1991;0,745
359323;Mike Scioscia;1992;0,568
359326;Daryl Sconiers;1983;0,74
359340;Donnie Scott;1984;0,578
359343;Everett Scott;1914;0,586
359343;Everett Scott;1915;0,468
359343;Everett Scott;1916;0,578
359343;Everett Scott;1917;0,581
359343;Everett Scott;1918;0,51
359343;Everett Scott;1919;0,621
359343;Everett Scott;1920;0,669
359343;Everett Scott;1921;0,63
359343;Everett Scott;1922;0,649
359343;Everett Scott;1923;0,591
359343;Everett Scott;1924;0,593
359346;George Scott;1966;0,757
359346;George Scott;1967;0,839
359346;George Scott;1968;0,473
359346;George Scott;1969;0,716
359346;George Scott;1970;0,821
359346;George Scott;1971;0,758
359346;George Scott;1972;0,746
359346;George Scott;1973;0,858
359346;George Scott;1974;0,777
359346;George Scott;1975;0,857
359346;George Scott;1976;0,748
359346;George Scott;1977;0,837
359346;George Scott;1978;0,684
359350;John Scott;1977;0,57
359352;Johnie Scott;1945;0,612
359352;Johnie Scott;1947;0,69
359355;LeGrant Scott;1939;0,709
359358;Luke Scott;2006;1,047
359358;Luke Scott;2007;0,855
359358;Luke Scott;2008;0,807
359358;Luke Scott;2009;0,828
359358;Luke Scott;2010;0,902
359358;Luke Scott;2011;0,703
359358;Luke Scott;2012;0,724
359358;Luke Scott;2013;0,741
359359;Milt Scott;1884;0,591
359359;Milt Scott;1885;0,562
359359;Milt Scott;1886;0,481
359363;Rodney Scott;1977;0,636
359363;Rodney Scott;1978;0,716
359363;Rodney Scott;1979;0,613
359363;Rodney Scott;1980;0,6
359363;Rodney Scott;1981;0,558
359368;Tony Scott;1977;0,765
359368;Tony Scott;1978;0,562
359368;Tony Scott;1979;0,662
359368;Tony Scott;1980;0,619
359368;Tony Scott;1981;0,733
359368;Tony Scott;1982;0,556
359369;Victor Scott;2025;0,601
359373;Chuck Scrivener;1976;0,57
359380;Marco Scutaro;2004;0,69
359380;Marco Scutaro;2005;0,701
359380;Marco Scutaro;2006;0,747
359380;Marco Scutaro;2007;0,693
359380;Marco Scutaro;2008;0,697
359380;Marco Scutaro;2009;0,789
359380;Marco Scutaro;2010;0,721
359380;Marco Scutaro;2011;0,781
359380;Marco Scutaro;2012;0,7715
359380;Marco Scutaro;2013;0,726
359383;Corey Seager;2016;0,877
359383;Corey Seager;2017;0,854
359383;Corey Seager;2019;0,817
359383;Corey Seager;2020;0,943
359383;Corey Seager;2021;0,915
359383;Corey Seager;2022;0,772
359383;Corey Seager;2023;1,013
359383;Corey Seager;2024;0,864
359383;Corey Seager;2025;0,86
359384;Kyle Seager;2012;0,738
359384;Kyle Seager;2013;0,764
359384;Kyle Seager;2014;0,788
359384;Kyle Seager;2015;0,779
359384;Kyle Seager;2016;0,859
359384;Kyle Seager;2017;0,773
359384;Kyle Seager;2018;0,673
359384;Kyle Seager;2019;0,789
359384;Kyle Seager;2020;0,788
359384;Kyle Seager;2021;0,723
359398;Dick Seay;1932;0,726
359398;Dick Seay;1934;0,475
359400;Jimmy Sebring;1903;0,708
359400;Jimmy Sebring;1904;0,6065
359400;Jimmy Sebring;1905;0,735
359409;Bob Seeds;1930;0,694
359409;Bob Seeds;1932;0,715
359409;Bob Seeds;1933;0,644
359409;Bob Seeds;1938;0,78
359413;Pat Seerey;1944;0,689
359413;Pat Seerey;1945;0,743
359413;Pat Seerey;1946;0,804
359413;Pat Seerey;1947;0,636
359413;Pat Seerey;1948;0,767
359414;Emmett Seery;1884;0,748
359414;Emmett Seery;1885;0,428
359414;Emmett Seery;1886;0,65
359414;Emmett Seery;1887;0,684
359414;Emmett Seery;1888;0,646
359414;Emmett Seery;1889;0,856
359414;Emmett Seery;1890;0,645
359414;Emmett Seery;1891;0,834
359415;Kevin Sefcik;1999;0,761
359422;David Segui;1991;0,655
359422;David Segui;1993;0,751
359422;David Segui;1994;0,695
359422;David Segui;1995;0,812
359422;David Segui;1996;0,818
359422;David Segui;1997;0,886
359422;David Segui;1998;0,845
359422;David Segui;1999;0,804
359422;David Segui;2000;0,895
359422;David Segui;2001;0,879
359422;David Segui;2003;0,725
359425;Jean Segura;2013;0,752
359425;Jean Segura;2014;0,614
359425;Jean Segura;2015;0,616
359425;Jean Segura;2016;0,867
359425;Jean Segura;2017;0,776
359425;Jean Segura;2018;0,755
359425;Jean Segura;2019;0,743
359425;Jean Segura;2021;0,784
359425;Jean Segura;2022;0,723
359425;Jean Segura;2023;0,556
359432;Kevin Seitzer;1987;0,869
359432;Kevin Seitzer;1988;0,794
359432;Kevin Seitzer;1989;0,723
359432;Kevin Seitzer;1990;0,716
359432;Kevin Seitzer;1991;0,7
359432;Kevin Seitzer;1992;0,704
359432;Kevin Seitzer;1993;0,681
359432;Kevin Seitzer;1994;0,828
359432;Kevin Seitzer;1995;0,815
359432;Kevin Seitzer;1996;0,859
359433;Kip Selbach;1894;0,901
359433;Kip Selbach;1895;0,892
359433;Kip Selbach;1896;0,828
359433;Kip Selbach;1897;0,875
359433;Kip Selbach;1898;0,801
359433;Kip Selbach;1899;0,796
359433;Kip Selbach;1900;0,885
359433;Kip Selbach;1901;0,726
359433;Kip Selbach;1902;0,82
359433;Kip Selbach;1903;0,661
359433;Kip Selbach;1904;0,698
359433;Kip Selbach;1905;0,697
359433;Kip Selbach;1906;0,545
359442;George Selkirk;1935;0,859
359442;George Selkirk;1936;0,931
359442;George Selkirk;1937;1,04
359442;George Selkirk;1938;0,793
359442;George Selkirk;1939;0,969
359442;George Selkirk;1940;0,896
359452;Carey Selph;1932;0,712
359456;Marcus Semien;2014;0,673
359456;Marcus Semien;2015;0,715
359456;Marcus Semien;2016;0,735
359456;Marcus Semien;2017;0,722
359456;Marcus Semien;2018;0,706
359456;Marcus Semien;2019;0,892
359456;Marcus Semien;2020;0,679
359456;Marcus Semien;2021;0,873
359456;Marcus Semien;2022;0,733
359456;Marcus Semien;2023;0,826
359456;Marcus Semien;2024;0,699
359456;Marcus Semien;2025;0,669
359457;Andy Seminick;1946;0,748
359457;Andy Seminick;1947;0,797
359457;Andy Seminick;1948;0,696
359457;Andy Seminick;1949;0,883
359457;Andy Seminick;1950;0,925
359457;Andy Seminick;1951;0,744
359457;Andy Seminick;1952;0,764
359457;Andy Seminick;1953;0,736
359457;Andy Seminick;1954;0,751
359457;Andy Seminick;1955;0,742
359467;Nick Senzel;2019;0,742
359467;Nick Senzel;2022;0,601
359467;Nick Senzel;2023;0,696
359467;Nick Senzel;2024;0,663
359475;Bill Serena;1950;0,76
359475;Bill Serena;1952;0,814
359475;Bill Serena;1953;0,783
359480;Bonnie Serrell;1943;0,778
359482;Scott Servais;1992;0,577
359482;Scott Servais;1993;0,727
359482;Scott Servais;1994;0,606
359482;Scott Servais;1996;0,711
359482;Scott Servais;1997;0,672
359482;Scott Servais;1998;0,627
359491;Hank Severeid;1915;0,554
359491;Hank Severeid;1916;0,655
359491;Hank Severeid;1917;0,639
359491;Hank Severeid;1919;0,591
359491;Hank Severeid;1920;0,684
359491;Hank Severeid;1921;0,795
359491;Hank Severeid;1922;0,783
359491;Hank Severeid;1923;0,775
359491;Hank Severeid;1924;0,761
359493;Pedro Severino;2019;0,74
359493;Pedro Severino;2021;0,69
359494;Rich Severson;1970;0,616
359496;Ed Seward;1887;0,521
359496;Ed Seward;1888;0,424
359499;Joe Sewell;1921;0,856
359499;Joe Sewell;1922;0,771
359499;Joe Sewell;1923;0,935
359499;Joe Sewell;1924;0,817
359499;Joe Sewell;1925;0,827
359499;Joe Sewell;1926;0,832
359499;Joe Sewell;1927;0,805
359499;Joe Sewell;1928;0,809
359499;Joe Sewell;1929;0,8
359499;Joe Sewell;1930;0,745
359499;Joe Sewell;1931;0,778
359499;Joe Sewell;1932;0,74
359499;Joe Sewell;1933;0,683
359500;Luke Sewell;1925;0,633
359500;Luke Sewell;1926;0,596
359500;Luke Sewell;1927;0,705
359500;Luke Sewell;1928;0,693
359500;Luke Sewell;1929;0,585
359500;Luke Sewell;1930;0,646
359500;Luke Sewell;1931;0,725
359500;Luke Sewell;1932;0,691
359500;Luke Sewell;1933;0,692
359500;Luke Sewell;1934;0,642
359500;Luke Sewell;1935;0,694
359500;Luke Sewell;1936;0,682
359500;Luke Sewell;1937;0,7
359500;Luke Sewell;1938;0,526
359504;Richie Sexson;1999;0,818
359504;Richie Sexson;2000;0,8655
359504;Richie Sexson;2001;0,889
359504;Richie Sexson;2002;0,867
359504;Richie Sexson;2003;0,927
359504;Richie Sexson;2005;0,91
359504;Richie Sexson;2006;0,842
359504;Richie Sexson;2007;0,694
359504;Richie Sexson;2008;0,696
359509;Socks Seybold;1901;0,901
359509;Socks Seybold;1902;0,881
359509;Socks Seybold;1903;0,815
359509;Socks Seybold;1904;0,747
359509;Socks Seybold;1905;0,744
359509;Socks Seybold;1906;0,786
359509;Socks Seybold;1907;0,687
359513;Cy Seymour;1898;0,646
359513;Cy Seymour;1901;0,71
359513;Cy Seymour;1902;0,747
359513;Cy Seymour;1903;0,861
359513;Cy Seymour;1904;0,79
359513;Cy Seymour;1905;0,988
359513;Cy Seymour;1906;0,723
359513;Cy Seymour;1907;0,75
359513;Cy Seymour;1908;0,645
359513;Cy Seymour;1909;0,769
359513;Cy Seymour;1910;0,658
359518;John Shackelford;1925;0,745
359522;Tillie Shafer;1913;0,767
359526;Orator Shafer;1877;0,701
359526;Orator Shafer;1878;0,824
359526;Orator Shafer;1879;0,662
359526;Orator Shafer;1880;0,662
359526;Orator Shafer;1881;0,641
359526;Orator Shafer;1882;0,577
359526;Orator Shafer;1883;0,671
359526;Orator Shafer;1884;0,899
359526;Orator Shafer;1885;0,503
359526;Orator Shafer;1890;0,72
359528;Taylor Shafer;1890;0,472
359531;Art Shamsky;1966;0,842
359531;Art Shamsky;1968;0,698
359531;Art Shamsky;1969;0,863
359531;Art Shamsky;1970;0,803
359534;Wally Shaner;1927;0,717
359537;Howie Shanks;1912;0,614
359537;Howie Shanks;1913;0,602
359537;Howie Shanks;1914;0,601
359537;Howie Shanks;1915;0,618
359537;Howie Shanks;1916;0,637
359537;Howie Shanks;1917;0,529
359537;Howie Shanks;1918;0,638
359537;Howie Shanks;1919;0,588
359537;Howie Shanks;1920;0,678
359537;Howie Shanks;1921;0,816
359537;Howie Shanks;1922;0,749
359537;Howie Shanks;1923;0,621
359542;Dan Shannon;1889;0,688
359542;Dan Shannon;1890;0,589
359545;Mike Shannon;1964;0,725
359545;Mike Shannon;1965;0,658
359545;Mike Shannon;1966;0,801
359545;Mike Shannon;1967;0,672
359545;Mike Shannon;1968;0,71
359545;Mike Shannon;1969;0,679
359547;Red Shannon;1918;0,678
359547;Red Shannon;1919;0,658
359547;Red Shannon;1920;0,74
359548;Spike Shannon;1904;0,667
359548;Spike Shannon;1905;0,635
359548;Spike Shannon;1906;0,6145
359548;Spike Shannon;1907;0,671
359548;Spike Shannon;1908;0,564
359551;Billy Shantz;1955;0,592
359556;Bill Sharp;1974;0,652
359556;Bill Sharp;1975;0,64
359557;Bud Sharpe;1910;0,549
359559;Mike Sharperson;1990;0,748
359559;Mike Sharperson;1991;0,73
359559;Mike Sharperson;1992;0,781
359571;Al Shaw;1908;0,641
359571;Al Shaw;1909;0,699
359571;Al Shaw;1914;0,869
359571;Al Shaw;1915;0,763
359584;Matt Shaw;2025;0,69
359588;Travis Shaw;2015;0,813
359588;Travis Shaw;2016;0,726
359588;Travis Shaw;2017;0,862
359588;Travis Shaw;2018;0,825
359588;Travis Shaw;2019;0,551
359589;Danny Shay;1904;0,641
359589;Danny Shay;1905;0,62
359591;Danny Sheaffer;1993;0,683
359591;Danny Sheaffer;1995;0,667
359596;Merv Shea;1933;0,679
359599;Dave Shean;1909;0,627
359599;Dave Shean;1910;0,598
359599;Dave Shean;1917;0,516
359599;Dave Shean;1918;0,646
359607;Jimmy Sheckard;1898;0,741
359607;Jimmy Sheckard;1899;0,763
359607;Jimmy Sheckard;1900;0,87
359607;Jimmy Sheckard;1901;0,944
359607;Jimmy Sheckard;1902;0,721
359607;Jimmy Sheckard;1903;0,899
359607;Jimmy Sheckard;1904;0,63
359607;Jimmy Sheckard;1905;0,777
359607;Jimmy Sheckard;1906;0,702
359607;Jimmy Sheckard;1907;0,697
359607;Jimmy Sheckard;1908;0,641
359607;Jimmy Sheckard;1909;0,681
359607;Jimmy Sheckard;1910;0,729
359607;Jimmy Sheckard;1911;0,822
359607;Jimmy Sheckard;1912;0,735
359612;Tommy Sheehan;1906;0,573
359612;Tommy Sheehan;1907;0,651
359612;Tommy Sheehan;1908;0,562
359615;Earl Sheely;1921;0,803
359615;Earl Sheely;1922;0,83
359615;Earl Sheely;1923;0,759
359615;Earl Sheely;1924;0,837
359615;Earl Sheely;1925;0,831
359615;Earl Sheely;1926;0,811
359615;Earl Sheely;1929;0,784
359615;Earl Sheely;1931;0,633
359617;Andy Sheets;1999;0,51
359619;Gavin Sheets;2022;0,706
359619;Gavin Sheets;2023;0,599
359619;Gavin Sheets;2024;0,66
359619;Gavin Sheets;2025;0,746
359620;Larry Sheets;1985;0,765
359620;Larry Sheets;1986;0,805
359620;Larry Sheets;1987;0,921
359620;Larry Sheets;1988;0,645
359620;Larry Sheets;1989;0,663
359620;Larry Sheets;1990;0,71
359621;Gary Sheffield;1989;0,64
359621;Gary Sheffield;1990;0,771
359621;Gary Sheffield;1992;0,965
359621;Gary Sheffield;1993;0,837
359621;Gary Sheffield;1994;0,964
359621;Gary Sheffield;1995;1,054
359621;Gary Sheffield;1996;1,09
359621;Gary Sheffield;1997;0,87
359621;Gary Sheffield;1998;0,979
359621;Gary Sheffield;1999;0,93
359621;Gary Sheffield;2000;1,081
359621;Gary Sheffield;2001;1
359621;Gary Sheffield;2002;0,916
359621;Gary Sheffield;2003;1,023
359621;Gary Sheffield;2004;0,927
359621;Gary Sheffield;2005;0,891
359621;Gary Sheffield;2007;0,839
359621;Gary Sheffield;2008;0,725
359621;Gary Sheffield;2009;0,823
359625;John Shelby;1983;0,66
359625;John Shelby;1984;0,561
359625;John Shelby;1985;0,741
359625;John Shelby;1986;0,627
359625;John Shelby;1987;0,782
359625;John Shelby;1988;0,715
359625;John Shelby;1989;0,466
359625;John Shelby;1990;0,65
359635;Chris Shelton;2005;0,87
359635;Chris Shelton;2006;0,806
359643;Jack Shepard;1954;0,766
359643;Jack Shepard;1955;0,635
359643;Jack Shepard;1956;0,691
359659;Pat Sheridan;1983;0,693
359659;Pat Sheridan;1984;0,738
359659;Pat Sheridan;1985;0,642
359659;Pat Sheridan;1986;0,66
359659;Pat Sheridan;1987;0,688
359659;Pat Sheridan;1988;0,743
359664;John Sherlock;1930;0,778
359678;John Shetzline;1882;0,484
359700;Billy Shindle;1888;0,521
359700;Billy Shindle;1889;0,765
359700;Billy Shindle;1890;0,854
359700;Billy Shindle;1891;0,523
359700;Billy Shindle;1892;0,658
359700;Billy Shindle;1893;0,704
359700;Billy Shindle;1894;0,748
359700;Billy Shindle;1895;0,709
359700;Billy Shindle;1896;0,682
359700;Billy Shindle;1897;0,723
359700;Billy Shindle;1898;0,516
359702;Tsuyoshi Shinjo;2001;0,725
359702;Tsuyoshi Shinjo;2002;0,664
359703;Ralph Shinners;1925;0,76
359704;Tim Shinnick;1890;0,687
359704;Tim Shinnick;1891;0,611
359706;Bill Shipke;1908;0,573
359708;Craig Shipley;1993;0,601
359708;Craig Shipley;1994;0,837
359708;Craig Shipley;1995;0,636
359711;Art Shires;1929;0,804
359711;Art Shires;1932;0,638
359718;George Shively;1914;0,894
359718;George Shively;1915;0,767
359718;George Shively;1921;0,751
359718;George Shively;1923;0,749
359720;George Shoch;1887;0,596
359720;George Shoch;1888;0,502
359720;George Shoch;1892;0,694
359720;George Shoch;1893;0,705
359720;George Shoch;1894;0,789
359720;George Shoch;1895;0,733
359720;George Shoch;1896;0,745
359720;George Shoch;1897;0,717
359731;Kelly Shoppach;2008;0,865
359731;Kelly Shoppach;2009;0,734
359731;Kelly Shoppach;2011;0,607
359737;Chick Shorten;1919;0,737
359737;Chick Shorten;1920;0,694
359737;Chick Shorten;1921;0,684
359741;Zack Short;2023;0,631
359742;Burt Shotton;1911;0,62
359742;Burt Shotton;1912;0,743
359742;Burt Shotton;1913;0,779
359742;Burt Shotton;1914;0,678
359742;Burt Shotton;1915;0,769
359742;Burt Shotton;1916;0,738
359742;Burt Shotton;1917;0,589
359742;Burt Shotton;1918;0,67
359742;Burt Shotton;1919;0,723
359753;George Shuba;1952;0,859
359754;JB Shuck;2013;0,697
359754;JB Shuck;2016;0,547
359757;Frank Shugart;1891;0,736
359757;Frank Shugart;1892;0,681
359757;Frank Shugart;1893;0,689
359757;Frank Shugart;1894;0,785
359757;Frank Shugart;1895;0,689
359757;Frank Shugart;1901;0,646
359761;Terry Shumpert;1991;0,605
359761;Terry Shumpert;1999;0,997
359761;Terry Shumpert;2000;0,796
359761;Terry Shumpert;2001;0,775
359761;Terry Shumpert;2002;0,676
359762;Vince Shupe;1945;0,609
359765;Michael Siani;2024;0,57
359770;Dick Siebert;1939;0,751
359770;Dick Siebert;1940;0,709
359770;Dick Siebert;1941;0,846
359770;Dick Siebert;1942;0,624
359770;Dick Siebert;1943;0,623
359770;Dick Siebert;1944;0,81
359770;Dick Siebert;1945;0,686
359771;Norm Siebern;1958;0,842
359771;Norm Siebern;1959;0,744
359771;Norm Siebern;1960;0,837
359771;Norm Siebern;1961;0,859
359771;Norm Siebern;1962;0,907
359771;Norm Siebern;1963;0,768
359771;Norm Siebern;1964;0,758
359771;Norm Siebern;1965;0,769
359771;Norm Siebern;1966;0,701
359781;Felipe Sierra;1922;0,578
359781;Felipe Sierra;1923;0,629
359781;Felipe Sierra;1926;0,702
359781;Felipe Sierra;1927;0,573
359782;Magneuris Sierra;2021;0,549
359784;Ruben Sierra;1986;0,779
359784;Ruben Sierra;1987;0,771
359784;Ruben Sierra;1988;0,725
359784;Ruben Sierra;1989;0,889
359784;Ruben Sierra;1990;0,756
359784;Ruben Sierra;1991;0,859
359784;Ruben Sierra;1992;0,761
359784;Ruben Sierra;1993;0,678
359784;Ruben Sierra;1994;0,781
359784;Ruben Sierra;1995;0,7695
359784;Ruben Sierra;1996;0,73
359784;Ruben Sierra;2001;0,884
359784;Ruben Sierra;2002;0,736
359784;Ruben Sierra;2004;0,752
359786;Roy Sievers;1949;0,869
359786;Roy Sievers;1950;0,7
359786;Roy Sievers;1953;0,751
359786;Roy Sievers;1954;0,777
359786;Roy Sievers;1955;0,853
359786;Roy Sievers;1956;0,838
359786;Roy Sievers;1957;0,967
359786;Roy Sievers;1958;0,9
359786;Roy Sievers;1959;0,788
359786;Roy Sievers;1960;0,93
359786;Roy Sievers;1961;0,913
359786;Roy Sievers;1962;0,801
359786;Roy Sievers;1963;0,725
359811;Al Simmons;1924;0,774
359811;Al Simmons;1925;1,018
359811;Al Simmons;1926;0,957
359811;Al Simmons;1927;1,081
359811;Al Simmons;1928;0,954
359811;Al Simmons;1929;1,04
359811;Al Simmons;1930;1,13
359811;Al Simmons;1931;1,085
359811;Al Simmons;1932;0,915
359811;Al Simmons;1933;0,854
359811;Al Simmons;1934;0,933
359811;Al Simmons;1935;0,739
359811;Al Simmons;1936;0,867
359811;Al Simmons;1937;0,763
359811;Al Simmons;1938;0,868
359811;Al Simmons;1939;0,758
359812;Andrelton Simmons;2013;0,692
359812;Andrelton Simmons;2014;0,617
359812;Andrelton Simmons;2015;0,66
359812;Andrelton Simmons;2016;0,69
359812;Andrelton Simmons;2017;0,752
359812;Andrelton Simmons;2018;0,754
359812;Andrelton Simmons;2019;0,673
359812;Andrelton Simmons;2021;0,558
359815;Hack Simmons;1912;0,6
359815;Hack Simmons;1914;0,693
359819;Nelson Simmons;1985;0,708
359823;Ted Simmons;1970;0,65
359823;Ted Simmons;1971;0,771
359823;Ted Simmons;1972;0,801
359823;Ted Simmons;1973;0,808
359823;Ted Simmons;1974;0,774
359823;Ted Simmons;1975;0,887
359823;Ted Simmons;1976;0,765
359823;Ted Simmons;1977;0,908
359823;Ted Simmons;1978;0,889
359823;Ted Simmons;1979;0,875
359823;Ted Simmons;1980;0,88
359823;Ted Simmons;1981;0,638
359823;Ted Simmons;1982;0,759
359823;Ted Simmons;1983;0,799
359823;Ted Simmons;1984;0,569
359823;Ted Simmons;1985;0,743
359826;Willie Simms;1942;0,561
359829;Hank Simon;1890;0,685
359832;Mike Simon;1911;0,55
359832;Mike Simon;1913;0,579
359832;Mike Simon;1914;0,523
359833;Randall Simon;1999;0,826
359833;Randall Simon;2001;0,786
359833;Randall Simon;2002;0,779
359833;Randall Simon;2003;0,722
359838;Chandler Simpson;2025;0,671
359843;Harry Simpson;1951;0,638
359843;Harry Simpson;1952;0,733
359843;Harry Simpson;1953;0,618
359843;Harry Simpson;1955;0,77
359843;Harry Simpson;1956;0,837
359843;Harry Simpson;1957;0,709
359843;Harry Simpson;1958;0,75
359844;Joe Simpson;1979;0,659
359844;Joe Simpson;1980;0,634
359844;Joe Simpson;1981;0,564
359844;Joe Simpson;1982;0,663
359850;Duke Sims;1967;0,672
359850;Duke Sims;1968;0,765
359850;Duke Sims;1969;0,801
359850;Duke Sims;1970;0,859
359850;Duke Sims;1971;0,757
359850;Duke Sims;1973;0,701
359863;Chris Singleton;1999;0,818
359863;Chris Singleton;2000;0,683
359863;Chris Singleton;2001;0,762
359863;Chris Singleton;2002;0,706
359863;Chris Singleton;2003;0,641
359867;Jon Singleton;2014;0,62
359867;Jon Singleton;2024;0,707
359868;Ken Singleton;1971;0,766
359868;Ken Singleton;1972;0,773
359868;Ken Singleton;1973;0,904
359868;Ken Singleton;1974;0,761
359868;Ken Singleton;1975;0,869
359868;Ken Singleton;1976;0,769
359868;Ken Singleton;1977;0,945
359868;Ken Singleton;1978;0,871
359868;Ken Singleton;1979;0,938
359868;Ken Singleton;1980;0,882
359868;Ken Singleton;1981;0,816
359868;Ken Singleton;1982;0,731
359868;Ken Singleton;1983;0,829
359868;Ken Singleton;1984;0,575
359869;Fred Sington;1937;0,726
359872;John Sipin;1969;0,57
359874;Jose Siri;2023;0,761
359874;Jose Siri;2024;0,62
359884;Dick Sisler;1946;0,668
359884;Dick Sisler;1948;0,752
359884;Dick Sisler;1949;0,748
359884;Dick Sisler;1950;0,815
359884;Dick Sisler;1951;0,765
359884;Dick Sisler;1952;0,723
359885;George Sisler;1915;0,676
359885;George Sisler;1916;0,755
359885;George Sisler;1917;0,843
359885;George Sisler;1918;0,841
359885;George Sisler;1919;0,921
359885;George Sisler;1920;1,082
359885;George Sisler;1921;0,971
359885;George Sisler;1922;1,061
359885;George Sisler;1924;0,762
359885;George Sisler;1925;0,851
359885;George Sisler;1926;0,725
359885;George Sisler;1927;0,787
359885;George Sisler;1928;0,814
359885;George Sisler;1929;0,788
359885;George Sisler;1930;0,743
359886;Sibby Sisti;1939;0,552
359886;Sibby Sisti;1940;0,664
359886;Sibby Sisti;1941;0,628
359886;Sibby Sisti;1942;0,584
359886;Sibby Sisti;1948;0,63
359886;Sibby Sisti;1949;0,701
359886;Sibby Sisti;1951;0,703
359886;Sibby Sisti;1952;0,565
359892;Grady Sizemore;2005;0,832
359892;Grady Sizemore;2006;0,907
359892;Grady Sizemore;2007;0,852
359892;Grady Sizemore;2008;0,876
359892;Grady Sizemore;2009;0,788
359892;Grady Sizemore;2011;0,706
359893;Scott Sizemore;2011;0,778
359894;Ted Sizemore;1969;0,67
359894;Ted Sizemore;1970;0,717
359894;Ted Sizemore;1971;0,655
359894;Ted Sizemore;1972;0,659
359894;Ted Sizemore;1973;0,699
359894;Ted Sizemore;1974;0,634
359894;Ted Sizemore;1975;0,597
359894;Ted Sizemore;1976;0,558
359894;Ted Sizemore;1977;0,7
359894;Ted Sizemore;1978;0,523
359894;Ted Sizemore;1979;0,637
359896;Dave Skaggs;1977;0,696
359907;Bob Skinner;1954;0,686
359907;Bob Skinner;1956;0,609
359907;Bob Skinner;1957;0,838
359907;Bob Skinner;1958;0,879
359907;Bob Skinner;1959;0,756
359907;Bob Skinner;1960;0,771
359907;Bob Skinner;1961;0,718
359907;Bob Skinner;1962;0,899
359909;Joel Skinner;1988;0,602
359909;Joel Skinner;1991;0,582
359911;Lou Skizas;1956;0,831
359911;Lou Skizas;1957;0,727
359916;Bill Skowron;1954;0,969
359916;Bill Skowron;1955;0,894
359916;Bill Skowron;1956;0,91
359916;Bill Skowron;1957;0,818
359916;Bill Skowron;1958;0,74
359916;Bill Skowron;1959;0,888
359916;Bill Skowron;1960;0,881
359916;Bill Skowron;1961;0,79
359916;Bill Skowron;1962;0,798
359916;Bill Skowron;1963;0,539
359916;Bill Skowron;1964;0,75
359916;Bill Skowron;1965;0,74
359916;Bill Skowron;1966;0,667
359921;Gordon Slade;1931;0,623
359921;Gordon Slade;1932;0,6
359921;Gordon Slade;1934;0,69
359922;Jimmy Slagle;1899;0,662
359922;Jimmy Slagle;1900;0,705
359922;Jimmy Slagle;1901;0,657
359922;Jimmy Slagle;1902;0,742
359922;Jimmy Slagle;1903;0,751
359922;Jimmy Slagle;1904;0,655
359922;Jimmy Slagle;1905;0,696
359922;Jimmy Slagle;1906;0,604
359922;Jimmy Slagle;1907;0,653
359922;Jimmy Slagle;1908;0,545
359930;Austin Slater;2021;0,744
359930;Austin Slater;2022;0,774
359934;Jack Slattery;1903;0,484
359935;Mike Slattery;1884;0,448
359935;Mike Slattery;1888;0,586
359935;Mike Slattery;1890;0,798
359938;Don Slaught;1983;0,723
359938;Don Slaught;1984;0,676
359938;Don Slaught;1985;0,753
359938;Don Slaught;1986;0,757
359938;Don Slaught;1987;0,703
359938;Don Slaught;1988;0,785
359938;Don Slaught;1989;0,687
359938;Don Slaught;1990;0,832
359938;Don Slaught;1991;0,759
359938;Don Slaught;1992;0,866
359938;Don Slaught;1993;0,796
359938;Don Slaught;1994;0,723
359938;Don Slaught;1996;0,82
359939;Enos Slaughter;1938;0,768
359939;Enos Slaughter;1939;0,852
359939;Enos Slaughter;1940;0,874
359939;Enos Slaughter;1941;0,886
359939;Enos Slaughter;1942;0,906
359939;Enos Slaughter;1946;0,838
359939;Enos Slaughter;1947;0,818
359939;Enos Slaughter;1948;0,879
359939;Enos Slaughter;1949;0,929
359939;Enos Slaughter;1950;0,782
359939;Enos Slaughter;1951;0,777
359939;Enos Slaughter;1952;0,831
359939;Enos Slaughter;1953;0,828
359939;Enos Slaughter;1955;0,861
359939;Enos Slaughter;1956;0,757
359939;Enos Slaughter;1957;0,737
359945;Terrmel Sledge;2004;0,799
359945;Terrmel Sledge;2007;0,67
359949;Tod Sloan;1917;0,589
359965;Roy Smalley;1948;0,567
359965;Roy Smalley;1949;0,685
359965;Roy Smalley;1950;0,71
359965;Roy Smalley;1951;0,699
359965;Roy Smalley;1952;0,646
359965;Roy Smalley;1953;0,684
359965;Roy Smalley;1955;0,631
359966;Roy Smalley;1975;0,605
359966;Roy Smalley;1976;0,697
359966;Roy Smalley;1977;0,631
359966;Roy Smalley;1978;0,796
359966;Roy Smalley;1979;0,794
359966;Roy Smalley;1980;0,765
359966;Roy Smalley;1982;0,764
359966;Roy Smalley;1983;0,81
359966;Roy Smalley;1984;0,674
359966;Roy Smalley;1985;0,759
359966;Roy Smalley;1986;0,78
359966;Roy Smalley;1987;0,763
359968;Will Smalley;1890;0,542
359974;Bill Smiley;1882;0,478
359994;Aleck Smith;1897;0,692
359997;Al Smith;1954;0,832
359997;Al Smith;1955;0,88
359997;Al Smith;1956;0,812
359997;Al Smith;1957;0,725
359997;Al Smith;1958;0,719
359997;Al Smith;1959;0,707
359997;Al Smith;1960;0,826
359997;Al Smith;1961;0,854
359997;Al Smith;1962;0,825
359997;Al Smith;1963;0,74
360004;Billy Smith;1977;0,581
360004;Billy Smith;1978;0,717
360009;Bob Smith;1923;0,594
360009;Bob Smith;1924;0,556
360011;Bobby Smith;1960;0,7
360013;Bob Smith;1998;0,765
360027;Cam Smith;2025;0,671
360031;Charley Smith;1961;0,659
360031;Charley Smith;1964;0,676
360031;Charley Smith;1965;0,666
360031;Charley Smith;1966;0,698
360031;Charley Smith;1967;0,614
360039;Charlie Smith;1929;1,424
360041;Clarence Smith;1922;0,883
360041;Clarence Smith;1923;0,788
360041;Clarence Smith;1924;0,743
360041;Clarence Smith;1925;0,88
360041;Clarence Smith;1927;0,803
360041;Clarence Smith;1929;0,872
360055;Dominic Smith;2021;0,667
360055;Dominic Smith;2023;0,692
360055;Dominic Smith;2024;0,706
360055;Dominic Smith;2025;0,75
360058;Dwight Smith;1989;0,875
360058;Dwight Smith;1990;0,705
360058;Dwight Smith;1992;0,709
360058;Dwight Smith;1993;0,848
360059;Dwight Smith;2019;0,708
360061;Earl Smith;1918;0,642
360061;Earl Smith;1919;0,649
360061;Earl Smith;1920;0,772
360061;Earl Smith;1922;0,644
360062;Earl Smith;1920;0,684
360062;Earl Smith;1921;0,946
360062;Earl Smith;1922;0,858
360062;Earl Smith;1925;0,845
360062;Earl Smith;1926;0,845
360069;Elmer Smith;1892;0,759
360069;Elmer Smith;1893;0,96
360069;Elmer Smith;1894;0,979
360069;Elmer Smith;1895;0,768
360069;Elmer Smith;1896;0,954
360069;Elmer Smith;1897;0,871
360069;Elmer Smith;1898;0,858
360069;Elmer Smith;1899;0,757
360069;Elmer Smith;1900;0,669
360070;Elmer Smith;1915;0,666
360070;Elmer Smith;1916;0,754
360070;Elmer Smith;1919;0,792
360070;Elmer Smith;1920;0,91
360070;Elmer Smith;1921;0,882
360070;Elmer Smith;1922;0,83
360070;Elmer Smith;1925;0,789
360079;Fred Smith;1913;0,582
360079;Fred Smith;1914;0,597
360079;Fred Smith;1915;0,656
360081;Germany Smith;1884;0,631
360081;Germany Smith;1885;0,655
360081;Germany Smith;1886;0,607
360081;Germany Smith;1887;0,755
360081;Germany Smith;1888;0,551
360081;Germany Smith;1889;0,61
360081;Germany Smith;1890;0,491
360081;Germany Smith;1891;0,517
360081;Germany Smith;1892;0,641
360081;Germany Smith;1893;0,613
360081;Germany Smith;1894;0,699
360081;Germany Smith;1895;0,738
360081;Germany Smith;1896;0,722
360081;Germany Smith;1897;0,488
360084;George Smith;1966;0,622
360091;Harry Smith;1903;0,43
360096;Hal Smith;1955;0,691
360096;Hal Smith;1956;0,677
360096;Hal Smith;1957;0,811
360096;Hal Smith;1958;0,717
360096;Hal Smith;1959;0,747
360096;Hal Smith;1960;0,859
360096;Hal Smith;1962;0,666
360097;Hal Smith;1956;0,727
360097;Hal Smith;1957;0,665
360097;Hal Smith;1958;0,541
360097;Hal Smith;1959;0,698
360097;Hal Smith;1960;0,585
360098;George Smith;1902;0,571
360098;George Smith;1903;0,554
360108;Jack Smith;1916;0,63
360108;Jack Smith;1917;0,75
360108;Jack Smith;1919;0,548
360108;Jack Smith;1920;0,829
360108;Jack Smith;1921;0,838
360108;Jack Smith;1922;0,824
360108;Jack Smith;1923;0,771
360108;Jack Smith;1924;0,694
360108;Jack Smith;1925;0,687
360108;Jack Smith;1926;0,758
360108;Jack Smith;1928;0,677
360113;Jimmy Smith;1915;0,564
360113;Jimmy Smith;1921;0,586
360125;Josh Smith;2022;0,556
360125;Josh Smith;2024;0,731
360125;Josh Smith;2025;0,7
360128;Jud Smith;1898;0,792
360132;Kevan Smith;2017;0,697
360138;Lonnie Smith;1980;0,84
360138;Lonnie Smith;1982;0,815
360138;Lonnie Smith;1983;0,834
360138;Lonnie Smith;1984;0,691
360138;Lonnie Smith;1985;0,687
360138;Lonnie Smith;1986;0,768
360138;Lonnie Smith;1989;0,948
360138;Lonnie Smith;1990;0,844
360138;Lonnie Smith;1991;0,771
360139;Mayo Smith;1945;0,57
360143;Mallex Smith;2017;0,684
360143;Mallex Smith;2018;0,773
360143;Mallex Smith;2019;0,635
360156;Ozzie Smith;1978;0,623
360156;Ozzie Smith;1979;0,522
360156;Ozzie Smith;1980;0,589
360156;Ozzie Smith;1981;0,549
360156;Ozzie Smith;1982;0,653
360156;Ozzie Smith;1983;0,657
360156;Ozzie Smith;1984;0,684
360156;Ozzie Smith;1985;0,716
360156;Ozzie Smith;1986;0,709
360156;Ozzie Smith;1987;0,775
360156;Ozzie Smith;1988;0,686
360156;Ozzie Smith;1989;0,696
360156;Ozzie Smith;1990;0,635
360156;Ozzie Smith;1991;0,747
360156;Ozzie Smith;1992;0,708
360156;Ozzie Smith;1993;0,693
360156;Ozzie Smith;1994;0,675
360156;Ozzie Smith;1996;0,728
360159;Paul Smith;1953;0,71
360160;Pavin Smith;2021;0,732
360160;Pavin Smith;2022;0,667
360160;Pavin Smith;2025;0,797
360163;Phenomenal Smith;1887;0,665
360164;Pop Smith;1880;0,511
360164;Pop Smith;1883;0,71
360164;Pop Smith;1884;0,653
360164;Pop Smith;1885;0,624
360164;Pop Smith;1886;0,597
360164;Pop Smith;1887;0,568
360164;Pop Smith;1888;0,518
360164;Pop Smith;1889;0,659
360164;Pop Smith;1890;0,675
360171;Red Smith;1912;0,755
360171;Red Smith;1913;0,799
360171;Red Smith;1914;0,7605
360171;Red Smith;1915;0,697
360171;Red Smith;1916;0,68
360171;Red Smith;1917;0,761
360171;Red Smith;1918;0,746
360171;Red Smith;1919;0,641
360175;Reggie Smith;1967;0,704
360175;Reggie Smith;1968;0,772
360175;Reggie Smith;1969;0,895
360175;Reggie Smith;1970;0,857
360175;Reggie Smith;1971;0,84
360175;Reggie Smith;1972;0,84
360175;Reggie Smith;1973;0,913
360175;Reggie Smith;1974;0,917
360175;Reggie Smith;1975;0,87
360175;Reggie Smith;1976;0,819
360175;Reggie Smith;1977;1,003
360175;Reggie Smith;1978;0,942
360175;Reggie Smith;1979;0,825
360175;Reggie Smith;1980;0,9
360175;Reggie Smith;1982;0,834
360184;Seth Smith;2009;0,889
360184;Seth Smith;2010;0,783
360184;Seth Smith;2011;0,83
360184;Seth Smith;2012;0,754
360184;Seth Smith;2013;0,721
360184;Seth Smith;2014;0,807
360184;Seth Smith;2015;0,773
360184;Seth Smith;2016;0,758
360184;Seth Smith;2017;0,774
360187;Skyrocket Smith;1888;0,683
360195;Tony Smith;1910;0,556
360201;Wally Smith;1912;0,675
360203;Willie Smith;1964;0,782
360203;Willie Smith;1965;0,731
360206;Will Smith;2021;0,86
360206;Will Smith;2022;0,807
360206;Will Smith;2023;0,797
360206;Will Smith;2024;0,76
360206;Will Smith;2025;0,901
360212;Justin Smoak;2010;0,67
360212;Justin Smoak;2011;0,719
360212;Justin Smoak;2012;0,654
360212;Justin Smoak;2013;0,746
360212;Justin Smoak;2014;0,614
360212;Justin Smoak;2015;0,768
360212;Justin Smoak;2016;0,705
360212;Justin Smoak;2017;0,883
360212;Justin Smoak;2018;0,808
360212;Justin Smoak;2019;0,748
360214;Jake Smolinski;2016;0,644
360217;Homer Smoot;1902;0,73
360217;Homer Smoot;1903;0,738
360217;Homer Smoot;1904;0,696
360217;Homer Smoot;1905;0,791
360217;Homer Smoot;1906;0,6275
360231;John Sneed;1890;0,776
360231;John Sneed;1891;0,688
360240;Duke Snider;1949;0,854
360240;Duke Snider;1950;0,932
360240;Duke Snider;1951;0,828
360240;Duke Snider;1952;0,863
360240;Duke Snider;1953;1,046
360240;Duke Snider;1954;1,071
360240;Duke Snider;1955;1,046
360240;Duke Snider;1956;0,997
360240;Duke Snider;1957;0,955
360240;Duke Snider;1958;0,875
360240;Duke Snider;1959;0,935
360240;Duke Snider;1960;0,885
360240;Duke Snider;1961;0,937
360240;Duke Snider;1963;0,746
360241;Travis Snider;2009;0,748
360241;Travis Snider;2010;0,767
360241;Travis Snider;2013;0,614
360241;Travis Snider;2014;0,776
360241;Travis Snider;2015;0,659
360246;Fred Snodgrass;1910;0,871
360246;Fred Snodgrass;1911;0,781
360246;Fred Snodgrass;1912;0,727
360246;Fred Snodgrass;1913;0,756
360246;Fred Snodgrass;1914;0,67
360246;Fred Snodgrass;1915;0,537
360246;Fred Snodgrass;1916;0,635
360249;Chris Snopek;1997;0,582
360254;Felton Snow;1941;0,629
360255;J. T. Snow;1993;0,736
360255;J. T. Snow;1994;0,634
360255;J. T. Snow;1995;0,818
360255;J. T. Snow;1996;0,711
360255;J. T. Snow;1997;0,898
360255;J. T. Snow;1998;0,755
360255;J. T. Snow;1999;0,821
360255;J. T. Snow;2000;0,824
360255;J. T. Snow;2001;0,75
360255;J. T. Snow;2002;0,704
360255;J. T. Snow;2003;0,806
360255;J. T. Snow;2004;0,958
360255;J. T. Snow;2005;0,708
360262;Chris Snyder;2005;0,598
360262;Chris Snyder;2007;0,775
360262;Chris Snyder;2008;0,8
360262;Chris Snyder;2012;0,602
360265;Cory Snyder;1986;0,799
360265;Cory Snyder;1987;0,729
360265;Cory Snyder;1988;0,81
360265;Cory Snyder;1989;0,611
360265;Cory Snyder;1990;0,672
360265;Cory Snyder;1992;0,755
360265;Cory Snyder;1993;0,728
360267;Frank Snyder;1914;0,572
360267;Frank Snyder;1915;0,74
360267;Frank Snyder;1916;0,598
360267;Frank Snyder;1917;0,589
360267;Frank Snyder;1920;0,659
360267;Frank Snyder;1921;0,835
360267;Frank Snyder;1922;0,875
360267;Frank Snyder;1923;0,654
360267;Frank Snyder;1924;0,769
360267;Frank Snyder;1925;0,662
360278;Pop Snyder;1875;0,555
360278;Pop Snyder;1876;0,44
360278;Pop Snyder;1877;0,594
360278;Pop Snyder;1878;0,45
360278;Pop Snyder;1879;0,571
360278;Pop Snyder;1881;0,504
360278;Pop Snyder;1882;0,664
360278;Pop Snyder;1883;0,639
360278;Pop Snyder;1884;0,635
360278;Pop Snyder;1886;0,492
360278;Pop Snyder;1887;0,621
360278;Pop Snyder;1888;0,508
360279;Emanuel Snyder;1876;0,331
360280;Russ Snyder;1959;0,787
360280;Russ Snyder;1960;0,671
360280;Russ Snyder;1961;0,708
360280;Russ Snyder;1962;0,77
360280;Russ Snyder;1963;0,684
360280;Russ Snyder;1965;0,644
360280;Russ Snyder;1966;0,781
360280;Russ Snyder;1967;0,638
360280;Russ Snyder;1968;0,718
360280;Russ Snyder;1969;0,62
360280;Russ Snyder;1970;0,585
360283;Chief Sockalexis;1897;0,845
360286;Eric Soderholm;1972;0,604
360286;Eric Soderholm;1974;0,741
360286;Eric Soderholm;1975;0,78
360286;Eric Soderholm;1977;0,85
360286;Eric Soderholm;1978;0,749
360286;Eric Soderholm;1979;0,708
360286;Eric Soderholm;1980;0,815
360288;Tyler Soderstrom;2025;0,82
360291;Rick Sofield;1980;0,661
360292;Eric Sogard;2013;0,686
360292;Eric Sogard;2014;0,567
360292;Eric Sogard;2015;0,598
360292;Eric Sogard;2017;0,77
360292;Eric Sogard;2019;0,84
360294;Luis Sojo;1991;0,622
360294;Luis Sojo;1992;0,677
360294;Luis Sojo;1994;0,731
360294;Luis Sojo;1995;0,751
360294;Luis Sojo;1996;0,507
360294;Luis Sojo;1997;0,727
360295;Tony Solaita;1974;0,767
360295;Tony Solaita;1975;0,884
360295;Tony Solaita;1976;0,804
360295;Tony Solaita;1977;0,766
360296;Nick Solak;2020;0,671
360296;Nick Solak;2021;0,677
360297;Donovan Solano;2012;0,717
360297;Donovan Solano;2013;0,621
360297;Donovan Solano;2014;0,623
360297;Donovan Solano;2019;0,815
360297;Donovan Solano;2021;0,748
360297;Donovan Solano;2022;0,724
360297;Donovan Solano;2023;0,76
360297;Donovan Solano;2024;0,76
360300;Yangervis Solarte;2014;0,7045
360300;Yangervis Solarte;2015;0,748
360300;Yangervis Solarte;2016;0,808
360300;Yangervis Solarte;2017;0,731
360300;Yangervis Solarte;2018;0,655
360303;Jorge Soler;2015;0,723
360303;Jorge Soler;2016;0,769
360303;Jorge Soler;2018;0,82
360303;Jorge Soler;2019;0,922
360303;Jorge Soler;2021;0,77
360303;Jorge Soler;2022;0,695
360303;Jorge Soler;2023;0,853
360303;Jorge Soler;2024;0,749
360303;Jorge Soler;2025;0,68
360312;Moose Solters;1934;0,78
360312;Moose Solters;1935;0,889
360312;Moose Solters;1936;0,802
360312;Moose Solters;1937;0,905
360312;Moose Solters;1940;0,823
360312;Moose Solters;1941;0,686
360314;Ed Somerville;1876;0,406
360319;Joe Sommer;1882;0,698
360319;Joe Sommer;1883;0,658
360319;Joe Sommer;1884;0,652
360319;Joe Sommer;1885;0,622
360319;Joe Sommer;1886;0,506
360319;Joe Sommer;1887;0,67
360319;Joe Sommer;1888;0,518
360319;Joe Sommer;1889;0,57
360327;Alfonso Soriano;2001;0,736
360327;Alfonso Soriano;2002;0,88
360327;Alfonso Soriano;2003;0,863
360327;Alfonso Soriano;2004;0,807
360327;Alfonso Soriano;2005;0,821
360327;Alfonso Soriano;2006;0,911
360327;Alfonso Soriano;2007;0,897
360327;Alfonso Soriano;2008;0,876
360327;Alfonso Soriano;2009;0,726
360327;Alfonso Soriano;2010;0,818
360327;Alfonso Soriano;2011;0,759
360327;Alfonso Soriano;2012;0,821
360327;Alfonso Soriano;2013;0,802
360327;Alfonso Soriano;2014;0,611
360335;Paul Sorrento;1992;0,784
360335;Paul Sorrento;1993;0,774
360335;Paul Sorrento;1994;0,799
360335;Paul Sorrento;1995;0,847
360335;Paul Sorrento;1996;0,878
360335;Paul Sorrento;1997;0,859
360335;Paul Sorrento;1998;0,718
360335;Paul Sorrento;1999;0,752
360337;Edmundo Sosa;2021;0,735
360337;Edmundo Sosa;2023;0,719
360337;Edmundo Sosa;2024;0,734
360337;Edmundo Sosa;2025;0,777
360343;Lenyn Sosa;2024;0,642
360343;Lenyn Sosa;2025;0,727
360344;Sammy Sosa;1990;0,687
360344;Sammy Sosa;1991;0,576
360344;Sammy Sosa;1992;0,71
360344;Sammy Sosa;1993;0,794
360344;Sammy Sosa;1994;0,884
360344;Sammy Sosa;1995;0,84
360344;Sammy Sosa;1996;0,888
360344;Sammy Sosa;1997;0,779
360344;Sammy Sosa;1998;1,024
360344;Sammy Sosa;1999;1,002
360344;Sammy Sosa;2000;1,04
360344;Sammy Sosa;2001;1,174
360344;Sammy Sosa;2002;0,993
360344;Sammy Sosa;2003;0,911
360344;Sammy Sosa;2004;0,849
360344;Sammy Sosa;2005;0,671
360344;Sammy Sosa;2007;0,779
360346;Denny Sothern;1928;0,702
360346;Denny Sothern;1929;0,795
360346;Denny Sothern;1930;0,73
360349;Geovany Soto;2008;0,868
360349;Geovany Soto;2009;0,702
360349;Geovany Soto;2010;0,89
360349;Geovany Soto;2011;0,721
360352;Juan Soto;2018;0,923
360352;Juan Soto;2019;0,949
360352;Juan Soto;2021;0,999
360352;Juan Soto;2022;0,894
360352;Juan Soto;2023;0,93
360352;Juan Soto;2024;0,989
360352;Juan Soto;2025;0,921
360356;Bud Souchock;1949;0,712
360356;Bud Souchock;1952;0,791
360356;Bud Souchock;1953;0,816
360357;Herb Souell;1943;0,61
360357;Herb Souell;1944;0,704
360357;Herb Souell;1947;0,795
360360;Billy Southworth;1918;0,852
360360;Billy Southworth;1919;0,729
360360;Billy Southworth;1920;0,722
360360;Billy Southworth;1921;0,792
360360;Billy Southworth;1923;0,831
360360;Billy Southworth;1924;0,667
360360;Billy Southworth;1925;0,754
360360;Billy Southworth;1926;0,853
360360;Billy Southworth;1927;0,752
360364;Steven Souza;2015;0,717
360364;Steven Souza;2016;0,713
360364;Steven Souza;2017;0,81
360364;Steven Souza;2018;0,678
360372;Al Spalding;1872;0,81
360372;Al Spalding;1873;0,724
360372;Al Spalding;1874;0,704
360372;Al Spalding;1875;0,691
360372;Al Spalding;1876;0,699
360372;Al Spalding;1877;0,595
360373;Dick Spalding;1927;0,698
360374;Denard Span;2008;0,819
360374;Denard Span;2009;0,807
360374;Denard Span;2010;0,679
360374;Denard Span;2011;0,687
360374;Denard Span;2012;0,738
360374;Denard Span;2013;0,707
360374;Denard Span;2014;0,771
360374;Denard Span;2015;0,796
360374;Denard Span;2016;0,712
360374;Denard Span;2017;0,756
360374;Denard Span;2018;0,765
360375;Al Spangler;1962;0,777
360375;Al Spangler;1963;0,741
360375;Al Spangler;1964;0,645
360375;Al Spangler;1969;0,598
360376;Cory Spangenberg;2015;0,733
360376;Cory Spangenberg;2017;0,723
360376;Cory Spangenberg;2018;0,661
360387;Bob Speake;1955;0,729
360387;Bob Speake;1957;0,703
360388;Tris Speaker;1909;0,805
360388;Tris Speaker;1910;0,873
360388;Tris Speaker;1911;0,92
360388;Tris Speaker;1912;1,031
360388;Tris Speaker;1913;0,974
360388;Tris Speaker;1914;0,926
360388;Tris Speaker;1915;0,827
360388;Tris Speaker;1916;0,972
360388;Tris Speaker;1917;0,918
360388;Tris Speaker;1918;0,839
360388;Tris Speaker;1919;0,828
360388;Tris Speaker;1920;1,045
360388;Tris Speaker;1921;0,977
360388;Tris Speaker;1922;1,08
360388;Tris Speaker;1923;1,079
360388;Tris Speaker;1924;0,943
360388;Tris Speaker;1925;1,057
360388;Tris Speaker;1926;0,877
360388;Tris Speaker;1927;0,839
360390;Clyde Spearman;1938;0,774
360393;Henry Spearman;1941;0,7
360403;Chris Speier;1971;0,63
360403;Chris Speier;1972;0,761
360403;Chris Speier;1973;0,688
360403;Chris Speier;1974;0,697
360403;Chris Speier;1975;0,777
360403;Chris Speier;1976;0,608
360403;Chris Speier;1977;0,664
360403;Chris Speier;1978;0,659
360403;Chris Speier;1979;0,649
360403;Chris Speier;1980;0,681
360403;Chris Speier;1981;0,6
360403;Chris Speier;1982;0,677
360403;Chris Speier;1983;0,673
360403;Chris Speier;1985;0,644
360403;Chris Speier;1987;0,736
360412;Daryl Spencer;1953;0,711
360412;Daryl Spencer;1956;0,617
360412;Daryl Spencer;1957;0,689
360412;Daryl Spencer;1958;0,75
360412;Daryl Spencer;1959;0,701
360412;Daryl Spencer;1960;0,769
360417;Jim Spencer;1969;0,688
360417;Jim Spencer;1970;0,708
360417;Jim Spencer;1971;0,696
360417;Jim Spencer;1972;0,522
360417;Jim Spencer;1973;0,684
360417;Jim Spencer;1974;0,715
360417;Jim Spencer;1975;0,724
360417;Jim Spencer;1976;0,682
360417;Jim Spencer;1977;0,7
360417;Jim Spencer;1979;0,96
360417;Jim Spencer;1980;0,734
360422;Roy Spencer;1930;0,618
360422;Roy Spencer;1931;0,654
360422;Roy Spencer;1932;0,585
360422;Roy Spencer;1933;0,524
360424;Shane Spencer;1999;0,691
360424;Shane Spencer;2000;0,789
360424;Shane Spencer;2001;0,743
360424;Shane Spencer;2002;0,699
360424;Shane Spencer;2003;0,761
360425;Stan Spence;1941;0,643
360425;Stan Spence;1942;0,817
360425;Stan Spence;1943;0,771
360425;Stan Spence;1944;0,877
360425;Stan Spence;1946;0,861
360425;Stan Spence;1947;0,819
360425;Stan Spence;1948;0,759
360425;Stan Spence;1949;0,786
360428;Tubby Spencer;1907;0,634
360428;Tubby Spencer;1908;0,492
360435;Stan Sperry;1938;0,634
360437;Bill Spiers;1989;0,631
360437;Bill Spiers;1990;0,591
360437;Bill Spiers;1991;0,738
360437;Bill Spiers;1993;0,605
360437;Bill Spiers;1994;0,625
360437;Bill Spiers;1996;0,709
360437;Bill Spiers;1997;0,919
360437;Bill Spiers;1998;0,751
360437;Bill Spiers;1999;0,752
360437;Bill Spiers;2000;0,777
360439;Harry Spies;1895;0,704
360440;Ed Spiezio;1969;0,682
360440;Ed Spiezio;1970;0,835
360440;Ed Spiezio;1971;0,624
360440;Ed Spiezio;1972;0,58
360441;Scott Spiezio;1997;0,688
360441;Scott Spiezio;1998;0,709
360441;Scott Spiezio;1999;0,761
360441;Scott Spiezio;2000;0,799
360441;Scott Spiezio;2001;0,764
360441;Scott Spiezio;2002;0,807
360441;Scott Spiezio;2003;0,779
360441;Scott Spiezio;2004;0,634
360441;Scott Spiezio;2006;0,862
360441;Scott Spiezio;2007;0,74
360442;Charlie Spikes;1973;0,712
360442;Charlie Spikes;1974;0,75
360442;Charlie Spikes;1975;0,67
360442;Charlie Spikes;1976;0,62
360443;Ryan Spilborghs;2007;0,848
360443;Ryan Spilborghs;2008;0,875
360443;Ryan Spilborghs;2009;0,705
360443;Ryan Spilborghs;2010;0,797
360443;Ryan Spilborghs;2011;0,588
360449;Junior Spivey;2002;0,865
360449;Junior Spivey;2003;0,759
360449;Junior Spivey;2004;0,78
360452;Al Spohrer;1929;0,725
360452;Al Spohrer;1930;0,802
360452;Al Spohrer;1931;0,602
360452;Al Spohrer;1932;0,616
360452;Al Spohrer;1934;0,541
360452;Al Spohrer;1935;0,562
360461;Ed Sprague;1993;0,696
360461;Ed Sprague;1994;0,669
360461;Ed Sprague;1995;0,74
360461;Ed Sprague;1996;0,821
360461;Ed Sprague;1997;0,691
360461;Ed Sprague;1998;0,725
360461;Ed Sprague;1999;0,817
360468;George Springer;2014;0,804
360468;George Springer;2015;0,826
360468;George Springer;2016;0,815
360468;George Springer;2017;0,889
360468;George Springer;2018;0,78
360468;George Springer;2019;0,974
360468;George Springer;2021;0,907
360468;George Springer;2022;0,814
360468;George Springer;2023;0,732
360468;George Springer;2024;0,674
360468;George Springer;2025;0,959
360480;Freddy Spurgeon;1925;0,642
360480;Freddy Spurgeon;1926;0,682
360484;Mike Squires;1979;0,643
360484;Mike Squires;1980;0,697
360484;Mike Squires;1981;0,607
360487;Marv Staehle;1970;0,558
360490;James Stafford;1893;0,732
360490;James Stafford;1895;0,689
360490;James Stafford;1896;0,668
360490;James Stafford;1897;0,712
360493;Steve Staggs;1977;0,696
360494;Chick Stahl;1897;0,905
360494;Chick Stahl;1898;0,782
360494;Chick Stahl;1899;0,919
360494;Chick Stahl;1900;0,757
360494;Chick Stahl;1901;0,816
360494;Chick Stahl;1902;0,796
360494;Chick Stahl;1903;0,713
360494;Chick Stahl;1904;0,782
360494;Chick Stahl;1905;0,64
360494;Chick Stahl;1906;0,713
360495;Jake Stahl;1904;0,69
360495;Jake Stahl;1905;0,683
360495;Jake Stahl;1906;0,54
360495;Jake Stahl;1908;0,6895
360495;Jake Stahl;1909;0,812
360495;Jake Stahl;1910;0,758
360495;Jake Stahl;1912;0,801
360496;Larry Stahl;1966;0,655
360496;Larry Stahl;1971;0,709
360496;Larry Stahl;1972;0,645
360497;Scott Stahoviak;1995;0,714
360497;Scott Stahoviak;1996;0,845
360497;Scott Stahoviak;1997;0,701
360498;Roy Staiger;1976;0,551
360499;Tuck Stainback;1934;0,706
360499;Tuck Stainback;1939;0,638
360499;Tuck Stainback;1941;0,585
360499;Tuck Stainback;1943;0,609
360499;Tuck Stainback;1945;0,641
360499;Tuck Stainback;1946;0,556
360500;Matt Stairs;1997;0,969
360500;Matt Stairs;1998;0,88
360500;Matt Stairs;1999;0,899
360500;Matt Stairs;2000;0,747
360500;Matt Stairs;2001;0,82
360500;Matt Stairs;2002;0,827
360500;Matt Stairs;2003;0,95
360500;Matt Stairs;2004;0,796
360500;Matt Stairs;2005;0,818
360500;Matt Stairs;2006;0,782
360500;Matt Stairs;2007;0,917
360500;Matt Stairs;2008;0,736
360506;Jacob Stallings;2021;0,704
360506;Jacob Stallings;2022;0,584
360506;Jacob Stallings;2023;0,565
360506;Jacob Stallings;2024;0,81
360508;Virgil Stallcup;1948;0,569
360508;Virgil Stallcup;1949;0,604
360508;Virgil Stallcup;1950;0,632
360508;Virgil Stallcup;1951;0,597
360512;Oscar Stanage;1909;0,639
360512;Oscar Stanage;1910;0,55
360512;Oscar Stanage;1911;0,633
360512;Oscar Stanage;1912;0,631
360512;Oscar Stanage;1913;0,586
360512;Oscar Stanage;1914;0,474
360512;Oscar Stanage;1915;0,551
360512;Oscar Stanage;1916;0,602
360512;Oscar Stanage;1917;0,522
360512;Oscar Stanage;1920;0,579
360524;Pete Stanicek;1988;0,623
360527;Andy Stankiewicz;1992;0,685
360528;Eddie Stanky;1943;0,641
360528;Eddie Stanky;1944;0,708
360528;Eddie Stanky;1945;0,751
360528;Eddie Stanky;1946;0,788
360528;Eddie Stanky;1947;0,702
360528;Eddie Stanky;1948;0,872
360528;Eddie Stanky;1949;0,775
360528;Eddie Stanky;1950;0,872
360528;Eddie Stanky;1951;0,77
360534;Fred Stanley;1975;0,533
360534;Fred Stanley;1976;0,602
360534;Fred Stanley;1982;0,537
360537;Joe Stanley;1903;0,637
360537;Joe Stanley;1906;0,435
360538;Mickey Stanley;1966;0,762
360538;Mickey Stanley;1967;0,586
360538;Mickey Stanley;1968;0,675
360538;Mickey Stanley;1969;0,665
360538;Mickey Stanley;1970;0,701
360538;Mickey Stanley;1971;0,733
360538;Mickey Stanley;1972;0,673
360538;Mickey Stanley;1973;0,681
360538;Mickey Stanley;1974;0,594
360538;Mickey Stanley;1976;0,703
360538;Mickey Stanley;1977;0,671
360539;Mike Stanley;1987;0,764
360539;Mike Stanley;1988;0,62
360539;Mike Stanley;1993;0,923
360539;Mike Stanley;1994;0,929
360539;Mike Stanley;1995;0,841
360539;Mike Stanley;1996;0,889
360539;Mike Stanley;1997;0,91
360539;Mike Stanley;1998;0,825
360539;Mike Stanley;1999;0,859
360546;Leroy Stanton;1972;0,688
360546;Leroy Stanton;1973;0,656
360546;Leroy Stanton;1974;0,733
360546;Leroy Stanton;1975;0,761
360546;Leroy Stanton;1976;0,548
360546;Leroy Stanton;1977;0,852
360546;Leroy Stanton;1978;0,514
360549;Giancarlo Stanton;2010;0,833
360549;Giancarlo Stanton;2011;0,893
360549;Giancarlo Stanton;2012;0,969
360549;Giancarlo Stanton;2013;0,845
360549;Giancarlo Stanton;2014;0,95
360549;Giancarlo Stanton;2015;0,952
360549;Giancarlo Stanton;2016;0,815
360549;Giancarlo Stanton;2017;1,007
360549;Giancarlo Stanton;2018;0,852
360549;Giancarlo Stanton;2021;0,87
360549;Giancarlo Stanton;2022;0,759
360549;Giancarlo Stanton;2023;0,695
360549;Giancarlo Stanton;2024;0,773
360549;Giancarlo Stanton;2025;0,944
360551;Dave Stapleton;1980;0,802
360551;Dave Stapleton;1981;0,747
360551;Dave Stapleton;1982;0,703
360551;Dave Stapleton;1983;0,661
360554;Willie Stargell;1963;0,717
360554;Willie Stargell;1964;0,805
360554;Willie Stargell;1965;0,829
360554;Willie Stargell;1966;0,962
360554;Willie Stargell;1967;0,831
360554;Willie Stargell;1968;0,757
360554;Willie Stargell;1969;0,938
360554;Willie Stargell;1970;0,839
360554;Willie Stargell;1971;1,026
360554;Willie Stargell;1972;0,93
360554;Willie Stargell;1973;1,038
360554;Willie Stargell;1974;0,944
360554;Willie Stargell;1975;0,891
360554;Willie Stargell;1976;0,797
360554;Willie Stargell;1978;0,949
360554;Willie Stargell;1979;0,904
360554;Willie Stargell;1980;0,836
360565;Charlie Starr;1909;0,593
360569;Joe Start;1872;0,56
360569;Joe Start;1873;0,611
360569;Joe Start;1874;0,718
360569;Joe Start;1875;0,682
360569;Joe Start;1876;0,578
360569;Joe Start;1877;0,745
360569;Joe Start;1878;0,794
360569;Joe Start;1879;0,737
360569;Joe Start;1880;0,658
360569;Joe Start;1881;0,741
360569;Joe Start;1882;0,756
360569;Joe Start;1883;0,697
360569;Joe Start;1884;0,68
360569;Joe Start;1885;0,67
360572;Max Stassi;2018;0,71
360572;Max Stassi;2021;0,752
360572;Max Stassi;2022;0,571
360575;Arnold Statz;1922;0,721
360575;Arnold Statz;1923;0,815
360575;Arnold Statz;1924;0,676
360575;Arnold Statz;1927;0,665
360576;Rusty Staub;1963;0,617
360576;Rusty Staub;1964;0,618
360576;Rusty Staub;1965;0,751
360576;Rusty Staub;1966;0,756
360576;Rusty Staub;1967;0,871
360576;Rusty Staub;1968;0,761
360576;Rusty Staub;1969;0,952
360576;Rusty Staub;1970;0,891
360576;Rusty Staub;1971;0,874
360576;Rusty Staub;1972;0,824
360576;Rusty Staub;1973;0,781
360576;Rusty Staub;1974;0,754
360576;Rusty Staub;1975;0,818
360576;Rusty Staub;1976;0,818
360576;Rusty Staub;1977;0,784
360576;Rusty Staub;1978;0,782
360576;Rusty Staub;1979;0,733
360576;Rusty Staub;1980;0,828
360576;Rusty Staub;1982;0,633
360581;Ebba St. Claire;1951;0,713
360584;Dan Stearns;1882;0,6
360584;Dan Stearns;1883;0,635
360584;Dan Stearns;1884;0,603
360584;Dan Stearns;1885;0,579
360584;Dan Stearns;1889;0,738
360585;John Stearns;1977;0,767
360585;John Stearns;1978;0,777
360585;John Stearns;1979;0,667
360585;John Stearns;1980;0,716
360585;John Stearns;1981;0,662
360585;John Stearns;1982;0,764
360586;Turkey Stearnes;1923;1,11
360586;Turkey Stearnes;1924;0,995
360586;Turkey Stearnes;1925;1,108
360586;Turkey Stearnes;1926;1,174
360586;Turkey Stearnes;1927;1,093
360586;Turkey Stearnes;1928;1,034
360586;Turkey Stearnes;1929;1,145
360586;Turkey Stearnes;1936;0,992
360602;Spencer Steer;2023;0,82
360602;Spencer Steer;2024;0,721
360602;Spencer Steer;2025;0,723
360607;Ben Steiner;1945;0,66
360609;Bill Stein;1975;0,676
360609;Bill Stein;1976;0,657
360609;Bill Stein;1977;0,693
360609;Bill Stein;1978;0,687
360609;Bill Stein;1979;0,681
360609;Bill Stein;1983;0,74
360614;Harry Steinfeldt;1898;0,747
360614;Harry Steinfeldt;1899;0,654
360614;Harry Steinfeldt;1900;0,633
360614;Harry Steinfeldt;1901;0,683
360614;Harry Steinfeldt;1902;0,671
360614;Harry Steinfeldt;1903;0,867
360614;Harry Steinfeldt;1904;0,631
360614;Harry Steinfeldt;1905;0,696
360614;Harry Steinfeldt;1906;0,825
360614;Harry Steinfeldt;1907;0,659
360614;Harry Steinfeldt;1908;0,6
360614;Harry Steinfeldt;1909;0,668
360614;Harry Steinfeldt;1910;0,64
360615;Hank Steinbacher;1938;0,852
360621;Terry Steinbach;1987;0,812
360621;Terry Steinbach;1988;0,736
360621;Terry Steinbach;1989;0,671
360621;Terry Steinbach;1990;0,663
360621;Terry Steinbach;1991;0,698
360621;Terry Steinbach;1992;0,756
360621;Terry Steinbach;1993;0,749
360621;Terry Steinbach;1994;0,768
360621;Terry Steinbach;1995;0,78
360621;Terry Steinbach;1996;0,871
360621;Terry Steinbach;1997;0,696
360621;Terry Steinbach;1998;0,72
360621;Terry Steinbach;1999;0,748
360627;Fred Stem;1909;0,495
360630;Casey Stengel;1913;0,748
360630;Casey Stengel;1914;0,829
360630;Casey Stengel;1915;0,647
360630;Casey Stengel;1916;0,753
360630;Casey Stengel;1917;0,711
360630;Casey Stengel;1919;0,788
360630;Casey Stengel;1920;0,792
360630;Casey Stengel;1922;1
360630;Casey Stengel;1923;0,905
360630;Casey Stengel;1924;0,73
360633;Rennie Stennett;1972;0,683
360633;Rennie Stennett;1973;0,623
360633;Rennie Stennett;1974;0,697
360633;Rennie Stennett;1975;0,707
360633;Rennie Stennett;1976;0,618
360633;Rennie Stennett;1977;0,806
360633;Rennie Stennett;1978;0,584
360633;Rennie Stennett;1979;0,581
360633;Rennie Stennett;1980;0,588
360635;Jake Stenzel;1893;0,932
360635;Jake Stenzel;1894;1,017
360635;Jake Stenzel;1895;0,978
360635;Jake Stenzel;1896;0,897
360635;Jake Stenzel;1897;0,885
360635;Jake Stenzel;1898;0,748
360645;Gene Stephens;1953;0,591
360645;Gene Stephens;1958;0,642
360645;Gene Stephens;1959;0,72
360647;Jake Stephens;1926;0,663
360647;Jake Stephens;1927;0,597
360647;Jake Stephens;1930;0,731
360647;Jake Stephens;1934;0,636
360649;Jim Stephens;1909;0,561
360649;Jim Stephens;1910;0,534
360649;Jim Stephens;1911;0,602
360649;Jim Stephens;1912;0,605
360651;John Stephenson;1971;0,593
360656;Riggs Stephenson;1921;0,869
360656;Riggs Stephenson;1922;0,932
360656;Riggs Stephenson;1923;0,832
360656;Riggs Stephenson;1924;0,943
360656;Riggs Stephenson;1926;0,859
360656;Riggs Stephenson;1927;0,906
360656;Riggs Stephenson;1928;0,883
360656;Riggs Stephenson;1929;1,006
360656;Riggs Stephenson;1930;0,899
360656;Riggs Stephenson;1931;0,82
360656;Riggs Stephenson;1932;0,826
360656;Riggs Stephenson;1933;0,834
360659;Tyler Stephenson;2021;0,797
360659;Tyler Stephenson;2023;0,696
360659;Tyler Stephenson;2024;0,782
360659;Tyler Stephenson;2025;0,737
360660;Vern Stephens;1942;0,774
360660;Vern Stephens;1943;0,839
360660;Vern Stephens;1944;0,826
360660;Vern Stephens;1945;0,825
360660;Vern Stephens;1946;0,817
360660;Vern Stephens;1947;0,765
360660;Vern Stephens;1948;0,821
360660;Vern Stephens;1949;0,93
360660;Vern Stephens;1950;0,872
360660;Vern Stephens;1951;0,865
360660;Vern Stephens;1952;0,726
360660;Vern Stephens;1954;0,714
360666;Charles Sterrett;1912;0,667
360671;Chuck Stevens;1946;0,651
360671;Chuck Stevens;1948;0,695
360674;Ed Stevens;1945;0,809
360674;Ed Stevens;1946;0,728
360674;Ed Stevens;1948;0,71
360674;Ed Stevens;1949;0,703
360679;Lee Stevens;1990;0,613
360679;Lee Stevens;1992;0,637
360679;Lee Stevens;1997;0,85
360679;Lee Stevens;1998;0,836
360679;Lee Stevens;1999;0,829
360679;Lee Stevens;2000;0,818
360679;Lee Stevens;2001;0,79
360679;Lee Stevens;2002;0,694
360686;Ace Stewart;1895;0,698
360691;Bud Stewart;1948;0,8
360691;Bud Stewart;1949;0,793
360691;Bud Stewart;1950;0,719
360691;Bud Stewart;1951;0,832
360691;Bud Stewart;1952;0,728
360693;Chris Stewart;2013;0,566
360694;Christin Stewart;2019;0,693
360696;DJ Stewart;2021;0,698
360699;Glen Stewart;1943;0,549
360699;Glen Stewart;1944;0,55
360700;Ian Stewart;2008;0,804
360700;Ian Stewart;2009;0,785
360700;Ian Stewart;2010;0,781
360701;Jimmy Stewart;1964;0,646
360701;Jimmy Stewart;1965;0,584
360701;Jimmy Stewart;1969;0,669
360716;Shannon Stewart;1998;0,794
360716;Shannon Stewart;1999;0,782
360716;Shannon Stewart;2000;0,882
360716;Shannon Stewart;2001;0,834
360716;Shannon Stewart;2002;0,813
360716;Shannon Stewart;2003;0,825
360716;Shannon Stewart;2004;0,827
360716;Shannon Stewart;2005;0,711
360716;Shannon Stewart;2007;0,739
360727;Kurt Stillwell;1986;0,567
360727;Kurt Stillwell;1987;0,69
360727;Kurt Stillwell;1988;0,721
360727;Kurt Stillwell;1989;0,705
360727;Kurt Stillwell;1990;0,656
360727;Kurt Stillwell;1991;0,683
360727;Kurt Stillwell;1992;0,572
360735;Kelly Stinnett;1998;0,791
360735;Kelly Stinnett;1999;0,728
360735;Kelly Stinnett;2000;0,636
360736;Bob Stinson;1976;0,677
360736;Bob Stinson;1977;0,754
360736;Bob Stinson;1978;0,75
360736;Bob Stinson;1979;0,686
360741;Snuffy Stirnweiss;1943;0,622
360741;Snuffy Stirnweiss;1944;0,849
360741;Snuffy Stirnweiss;1945;0,862
360741;Snuffy Stirnweiss;1946;0,658
360741;Snuffy Stirnweiss;1947;0,7
360741;Snuffy Stirnweiss;1948;0,696
360741;Snuffy Stirnweiss;1950;0,612
360743;Jack Stivetts;1890;0,837
360743;Jack Stivetts;1891;0,752
360743;Jack Stivetts;1892;0,778
360743;Jack Stivetts;1894;0,902
360743;Jack Stivetts;1896;0,865
360746;Kevin Stocker;1993;0,826
360746;Kevin Stocker;1994;0,734
360746;Kevin Stocker;1995;0,578
360746;Kevin Stocker;1996;0,714
360746;Kevin Stocker;1997;0,69
360746;Kevin Stocker;1998;0,594
360746;Kevin Stocker;1999;0,739
360746;Kevin Stocker;2000;0,579
360749;Milt Stock;1914;0,672
360749;Milt Stock;1915;0,656
360749;Milt Stock;1916;0,679
360749;Milt Stock;1917;0,676
360749;Milt Stock;1918;0,639
360749;Milt Stock;1919;0,727
360749;Milt Stock;1920;0,742
360749;Milt Stock;1921;0,748
360749;Milt Stock;1922;0,77
360749;Milt Stock;1923;0,697
360749;Milt Stock;1924;0,57
360749;Milt Stock;1925;0,776
360767;Ed Stone;1942;0,808
360769;George Stone;1905;0,756
360769;George Stone;1906;0,918
360769;George Stone;1907;0,787
360769;George Stone;1908;0,714
360769;George Stone;1909;0,679
360769;George Stone;1910;0,644
360773;Jeff Stone;1985;0,644
360773;Jeff Stone;1986;0,746
360774;John Stone;1930;0,812
360774;John Stone;1931;0,852
360774;John Stone;1932;0,847
360774;John Stone;1933;0,778
360774;John Stone;1934;0,86
360774;John Stone;1935;0,832
360774;John Stone;1936;0,965
360774;John Stone;1937;0,883
360774;John Stone;1938;0,718
360779;Ron Stone;1969;0,625
360779;Ron Stone;1970;0,696
360787;Alan Storke;1907;0,612
360787;Alan Storke;1908;0,606
360788;Lin Storti;1931;0,6
360788;Lin Storti;1933;0,59
360789;Trevor Story;2016;0,909
360789;Trevor Story;2017;0,765
360789;Trevor Story;2018;0,914
360789;Trevor Story;2019;0,917
360789;Trevor Story;2020;0,874
360789;Trevor Story;2021;0,801
360789;Trevor Story;2022;0,737
360789;Trevor Story;2025;0,741
360790;Bryson Stott;2022;0,653
360790;Bryson Stott;2023;0,747
360790;Bryson Stott;2024;0,671
360790;Bryson Stott;2025;0,719
360800;George Stovall;1905;0,652
360800;George Stovall;1906;0,626
360800;George Stovall;1907;0,572
360800;George Stovall;1908;0,697
360800;George Stovall;1909;0,581
360800;George Stovall;1910;0,597
360800;George Stovall;1911;0,644
360800;George Stovall;1912;0,608
360800;George Stovall;1913;0,669
360800;George Stovall;1914;0,723
360800;George Stovall;1915;0,571
360803;Harry Stovey;1880;0,742
360803;Harry Stovey;1881;0,696
360803;Harry Stovey;1882;0,752
360803;Harry Stovey;1883;0,852
360803;Harry Stovey;1884;0,913
360803;Harry Stovey;1885;0,858
360803;Harry Stovey;1886;0,817
360803;Harry Stovey;1887;0,787
360803;Harry Stovey;1888;0,825
360803;Harry Stovey;1889;0,918
360803;Harry Stovey;1890;0,879
360803;Harry Stovey;1891;0,871
360803;Harry Stovey;1892;0,806
360807;Kyle Stowers;2025;0,912
360813;Joe Strain;1979;0,577
360816;Alan Strange;1934;0,598
360817;Doug Strange;1993;0,678
360817;Doug Strange;1994;0,609
360817;Doug Strange;1997;0,761
360821;Sammy Strang;1901;0,705
360821;Sammy Strang;1902;0,751
360821;Sammy Strang;1903;0,709
360821;Sammy Strang;1904;0,559
360821;Sammy Strang;1905;0,736
360821;Sammy Strang;1906;0,857
360821;Sammy Strang;1907;0,77
360826;Felton Stratton;1924;0,507
360826;Felton Stratton;1925;0,659
360829;Scott Stratton;1888;0,619
360829;Scott Stratton;1889;0,747
360829;Scott Stratton;1892;0,665
360829;Scott Stratton;1893;0,615
360831;Joe Strauss;1886;0,521
360833;Darryl Strawberry;1983;0,848
360833;Darryl Strawberry;1984;0,81
360833;Darryl Strawberry;1985;0,947
360833;Darryl Strawberry;1986;0,865
360833;Darryl Strawberry;1987;0,981
360833;Darryl Strawberry;1988;0,911
360833;Darryl Strawberry;1989;0,779
360833;Darryl Strawberry;1990;0,879
360833;Darryl Strawberry;1991;0,852
360833;Darryl Strawberry;1996;0,849
360833;Darryl Strawberry;1998;0,896
360834;Myles Straw;2021;0,702
360834;Myles Straw;2022;0,564
360834;Myles Straw;2023;0,597
360834;Myles Straw;2025;0,68
360835;Gabby Street;1908;0,568
360835;Gabby Street;1909;0,508
360835;Gabby Street;1910;0,51
360835;Gabby Street;1911;0,543
360843;Cub Stricker;1882;0,504
360843;Cub Stricker;1883;0,618
360843;Cub Stricker;1884;0,601
360843;Cub Stricker;1885;0,563
360843;Cub Stricker;1887;0,66
360843;Cub Stricker;1888;0,602
360843;Cub Stricker;1889;0,611
360843;Cub Stricker;1890;0,638
360843;Cub Stricker;1891;0,569
360843;Cub Stricker;1892;0,698
360843;Cub Stricker;1893;0,468
360845;George Strickland;1951;0,651
360845;George Strickland;1952;0,533
360845;George Strickland;1953;0,741
360845;George Strickland;1954;0,627
360845;George Strickland;1955;0,575
360845;George Strickland;1957;0,632
360845;George Strickland;1959;0,615
360852;George Strief;1879;0,413
360852;George Strief;1882;0,524
360852;George Strief;1883;0,52
360855;Lou Stringer;1941;0,676
360855;Lou Stringer;1942;0,644
360855;Lou Stringer;1946;0,639
360857;Joe Stripp;1930;0,808
360857;Joe Stripp;1931;0,774
360857;Joe Stripp;1932;0,788
360857;Joe Stripp;1933;0,658
360857;Joe Stripp;1934;0,757
360857;Joe Stripp;1935;0,736
360857;Joe Stripp;1936;0,749
360857;Joe Stripp;1937;0,591
360857;Joe Stripp;1938;0,637
360860;Allie Strobel;1906;0,535
360873;Ed Stroud;1967;0,558
360873;Ed Stroud;1968;0,66
360873;Ed Stroud;1969;0,746
360873;Ed Stroud;1970;0,68
360877;Amos Strunk;1911;0,683
360877;Amos Strunk;1912;0,766
360877;Amos Strunk;1913;0,792
360877;Amos Strunk;1914;0,706
360877;Amos Strunk;1915;0,798
360877;Amos Strunk;1916;0,814
360877;Amos Strunk;1917;0,724
360877;Amos Strunk;1918;0,66
360877;Amos Strunk;1920;0,735
360877;Amos Strunk;1921;0,842
360877;Amos Strunk;1922;0,708
360884;Dick Stuart;1958;0,853
360884;Dick Stuart;1959;0,911
360884;Dick Stuart;1960;0,797
360884;Dick Stuart;1961;0,925
360884;Dick Stuart;1962;0,685
360884;Dick Stuart;1963;0,833
360884;Dick Stuart;1964;0,811
360884;Dick Stuart;1965;0,716
360889;Drew Stubbs;2010;0,773
360889;Drew Stubbs;2011;0,686
360889;Drew Stubbs;2012;0,61
360889;Drew Stubbs;2013;0,665
360889;Drew Stubbs;2014;0,821
360890;Franklin Stubbs;1984;0,614
360890;Franklin Stubbs;1986;0,712
360890;Franklin Stubbs;1987;0,705
360890;Franklin Stubbs;1988;0,664
360890;Franklin Stubbs;1990;0,809
360890;Franklin Stubbs;1991;0,641
360890;Franklin Stubbs;1992;0,665
360907;Bobby Sturgeon;1941;0,553
360907;Bobby Sturgeon;1946;0,68
360907;Bobby Sturgeon;1947;0,617
360909;Johnny Sturm;1941;0,592
360915;Chris Stynes;1998;0,663
360915;Chris Stynes;2000;0,883
360915;Chris Stynes;2001;0,732
360915;Chris Stynes;2003;0,748
360919;Eugenio Suarez;2014;0,652
360919;Eugenio Suarez;2015;0,761
360919;Eugenio Suarez;2016;0,728
360919;Eugenio Suarez;2017;0,828
360919;Eugenio Suarez;2018;0,892
360919;Eugenio Suarez;2019;0,93
360919;Eugenio Suarez;2021;0,713
360919;Eugenio Suarez;2022;0,791
360919;Eugenio Suarez;2023;0,714
360919;Eugenio Suarez;2024;0,788
360919;Eugenio Suarez;2025;0,7895
360922;Ken Suarez;1973;0,633
360932;Bill Sudakis;1969;0,678
360932;Bill Sudakis;1970;0,813
360932;Bill Sudakis;1973;0,814
360932;Bill Sudakis;1974;0,639
360933;Pete Suder;1941;0,61
360933;Pete Suder;1942;0,634
360933;Pete Suder;1943;0,534
360933;Pete Suder;1946;0,66
360933;Pete Suder;1947;0,627
360933;Pete Suder;1948;0,666
360933;Pete Suder;1949;0,722
360933;Pete Suder;1950;0,693
360933;Pete Suder;1951;0,593
360933;Pete Suder;1952;0,594
360933;Pete Suder;1953;0,662
360933;Pete Suder;1954;0,489
360938;Joe Sugden;1896;0,706
360938;Joe Sugden;1897;0,546
360938;Joe Sugden;1898;0,598
360938;Joe Sugden;1899;0,611
360938;Joe Sugden;1902;0,635
360938;Joe Sugden;1903;0,517
360938;Joe Sugden;1904;0,632
360938;Joe Sugden;1905;0,435
360940;Gus Suhr;1930;0,86
360940;Gus Suhr;1931;0,642
360940;Gus Suhr;1932;0,735
360940;Gus Suhr;1933;0,763
360940;Gus Suhr;1934;0,819
360940;Gus Suhr;1935;0,794
360940;Gus Suhr;1936;0,877
360940;Gus Suhr;1937;0,771
360940;Gus Suhr;1938;0,824
360940;Gus Suhr;1939;0,739
360941;Clyde Sukeforth;1929;0,849
360941;Clyde Sukeforth;1930;0,669
360941;Clyde Sukeforth;1931;0,656
360944;Ernie Sulik;1936;0,739
360950;Billy Sullivan;1900;0,702
360950;Billy Sullivan;1901;0,623
360950;Billy Sullivan;1902;0,592
360950;Billy Sullivan;1904;0,562
360950;Billy Sullivan;1905;0,508
360950;Billy Sullivan;1906;0,559
360950;Billy Sullivan;1907;0,463
360950;Billy Sullivan;1908;0,463
360950;Billy Sullivan;1909;0,4
360950;Billy Sullivan;1911;0,54
360951;Billy Sullivan;1931;0,679
360951;Billy Sullivan;1932;0,742
360951;Billy Sullivan;1935;0,685
360951;Billy Sullivan;1936;0,89
360951;Billy Sullivan;1938;0,697
360951;Billy Sullivan;1939;0,778
360951;Billy Sullivan;1940;0,849
360951;Billy Sullivan;1941;0,769
360953;Chub Sullivan;1878;0,555
360955;Cory Sullivan;2005;0,729
360955;Cory Sullivan;2006;0,722
360956;Dan Sullivan;1882;0,61
360956;Dan Sullivan;1884;0,588
360958;Denny Sullivan;1907;0,598
360958;Denny Sullivan;1908;0,58
360962;Haywood Sullivan;1961;0,69
360962;Haywood Sullivan;1962;0,657
360966;Joe Sullivan;1893;0,681
360966;Joe Sullivan;1894;0,872
360966;Joe Sullivan;1895;0,783
360966;Joe Sullivan;1896;0,709
360969;John Sullivan;1920;0,77
360969;John Sullivan;1921;0,852
360971;John Sullivan;1942;0,571
360971;John Sullivan;1943;0,548
360971;John Sullivan;1944;0,605
360971;John Sullivan;1949;0,615
360974;Marty Sullivan;1887;0,764
360974;Marty Sullivan;1888;0,652
360974;Marty Sullivan;1889;0,802
360974;Marty Sullivan;1890;0,743
360983;Suter Sullivan;1899;0,589
360991;Homer Summa;1923;0,793
360991;Homer Summa;1924;0,701
360991;Homer Summa;1925;0,759
360991;Homer Summa;1926;0,771
360991;Homer Summa;1927;0,734
360991;Homer Summa;1928;0,684
360993;Champ Summers;1979;1,028
360993;Champ Summers;1980;0,897
360997;Tack Summers;1928;0,636
361001;Billy Sunday;1888;0,532
361001;Billy Sunday;1889;0,634
361001;Billy Sunday;1890;0,628
361002;Jim Sundberg;1974;0,678
361002;Jim Sundberg;1975;0,539
361002;Jim Sundberg;1976;0,596
361002;Jim Sundberg;1977;0,753
361002;Jim Sundberg;1978;0,739
361002;Jim Sundberg;1979;0,713
361002;Jim Sundberg;1980;0,737
361002;Jim Sundberg;1981;0,735
361002;Jim Sundberg;1982;0,705
361002;Jim Sundberg;1983;0,526
361002;Jim Sundberg;1984;0,731
361002;Jim Sundberg;1985;0,689
361002;Jim Sundberg;1986;0,624
361008;B. J. Surhoff;1987;0,773
361008;B. J. Surhoff;1988;0,611
361008;B. J. Surhoff;1989;0,626
361008;B. J. Surhoff;1990;0,706
361008;B. J. Surhoff;1991;0,691
361008;B. J. Surhoff;1992;0,635
361008;B. J. Surhoff;1993;0,709
361008;B. J. Surhoff;1995;0,87
361008;B. J. Surhoff;1996;0,834
361008;B. J. Surhoff;1997;0,803
361008;B. J. Surhoff;1998;0,789
361008;B. J. Surhoff;1999;0,839
361008;B. J. Surhoff;2000;0,793
361008;B. J. Surhoff;2001;0,726
361008;B. J. Surhoff;2003;0,758
361008;B. J. Surhoff;2004;0,785
361008;B. J. Surhoff;2005;0,639
361016;Pete Susko;1934;0,703
361019;Elmer Sutcliffe;1890;0,804
361019;Elmer Sutcliffe;1891;0,862
361019;Elmer Sutcliffe;1892;0,693
361024;Gary Sutherland;1967;0,619
361024;Gary Sutherland;1969;0,596
361024;Gary Sutherland;1970;0,53
361024;Gary Sutherland;1971;0,634
361024;Gary Sutherland;1974;0,596
361024;Gary Sutherland;1975;0,651
361030;Mule Suttles;1924;0,799
361030;Mule Suttles;1925;0,925
361030;Mule Suttles;1926;1,349
361030;Mule Suttles;1928;1,11
361030;Mule Suttles;1929;1,047
361033;Ezra Sutton;1873;0,75
361033;Ezra Sutton;1874;0,65
361033;Ezra Sutton;1875;0,728
361033;Ezra Sutton;1876;0,725
361033;Ezra Sutton;1877;0,683
361033;Ezra Sutton;1878;0,534
361033;Ezra Sutton;1879;0,562
361033;Ezra Sutton;1880;0,563
361033;Ezra Sutton;1881;0,669
361033;Ezra Sutton;1882;0,604
361033;Ezra Sutton;1883;0,836
361033;Ezra Sutton;1884;0,839
361033;Ezra Sutton;1885;0,762
361033;Ezra Sutton;1886;0,673
361033;Ezra Sutton;1887;0,771
361036;Larry Sutton;1998;0,663
361038;Jack Suwinski;2022;0,709
361038;Jack Suwinski;2023;0,793
361038;Jack Suwinski;2024;0,588
361039;Ichiro Suzuki;2001;0,838
361039;Ichiro Suzuki;2002;0,813
361039;Ichiro Suzuki;2003;0,788
361039;Ichiro Suzuki;2004;0,869
361039;Ichiro Suzuki;2005;0,786
361039;Ichiro Suzuki;2006;0,786
361039;Ichiro Suzuki;2007;0,827
361039;Ichiro Suzuki;2008;0,747
361039;Ichiro Suzuki;2009;0,851
361039;Ichiro Suzuki;2010;0,754
361039;Ichiro Suzuki;2011;0,645
361039;Ichiro Suzuki;2012;0,718
361039;Ichiro Suzuki;2013;0,639
361039;Ichiro Suzuki;2014;0,664
361039;Ichiro Suzuki;2015;0,561
361039;Ichiro Suzuki;2016;0,73
361040;Kurt Suzuki;2007;0,735
361040;Kurt Suzuki;2008;0,716
361040;Kurt Suzuki;2009;0,734
361040;Kurt Suzuki;2010;0,669
361040;Kurt Suzuki;2011;0,686
361040;Kurt Suzuki;2012;0,536
361040;Kurt Suzuki;2013;0,593
361040;Kurt Suzuki;2014;0,727
361040;Kurt Suzuki;2015;0,61
361040;Kurt Suzuki;2016;0,704
361040;Kurt Suzuki;2017;0,887
361040;Kurt Suzuki;2018;0,776
361040;Kurt Suzuki;2019;0,809
361040;Kurt Suzuki;2021;0,636
361042;Seiya Suzuki;2022;0,77
361042;Seiya Suzuki;2023;0,842
361042;Seiya Suzuki;2024;0,848
361042;Seiya Suzuki;2025;0,804
361044;Dale Sveum;1986;0,682
361044;Dale Sveum;1987;0,757
361044;Dale Sveum;1988;0,621
361044;Dale Sveum;1991;0,685
361044;Dale Sveum;1997;0,77
361046;Harry Swacina;1914;0,646
361046;Harry Swacina;1915;0,573
361060;Dansby Swanson;2017;0,636
361060;Dansby Swanson;2018;0,699
361060;Dansby Swanson;2019;0,748
361060;Dansby Swanson;2020;0,809
361060;Dansby Swanson;2021;0,76
361060;Dansby Swanson;2022;0,776
361060;Dansby Swanson;2023;0,744
361060;Dansby Swanson;2024;0,701
361060;Dansby Swanson;2025;0,717
361062;Evar Swanson;1929;0,776
361062;Evar Swanson;1930;0,734
361062;Evar Swanson;1933;0,795
361062;Evar Swanson;1934;0,727
361069;Ed Swartwood;1882;0,861
361069;Ed Swartwood;1883;0,869
361069;Ed Swartwood;1884;0,731
361069;Ed Swartwood;1885;0,665
361069;Ed Swartwood;1886;0,746
361069;Ed Swartwood;1887;0,687
361069;Ed Swartwood;1890;0,887
361073;Charlie Sweasy;1876;0,456
361073;Charlie Sweasy;1878;0,39
361074;George Sweatt;1926;0,694
361074;George Sweatt;1927;0,736
361075;Bill Sweeney;1884;0,526
361076;Bill Sweeney;1908;0,612
361076;Bill Sweeney;1909;0,596
361076;Bill Sweeney;1910;0,705
361076;Bill Sweeney;1911;0,82
361076;Bill Sweeney;1912;0,861
361076;Bill Sweeney;1913;0,662
361076;Bill Sweeney;1914;0,575
361077;Bill Sweeney;1928;0,62
361077;Bill Sweeney;1930;0,745
361077;Bill Sweeney;1931;0,696
361080;Charlie Sweeney;1885;0,48
361083;Ed Sweeney;1910;0,527
361083;Ed Sweeney;1911;0,6
361083;Ed Sweeney;1912;0,633
361083;Ed Sweeney;1913;0,67
361083;Ed Sweeney;1914;0,58
361086;Mark Sweeney;2005;0,861
361086;Mark Sweeney;2006;0,712
361087;Mike Sweeney;1997;0,668
361087;Mike Sweeney;1998;0,728
361087;Mike Sweeney;1999;0,907
361087;Mike Sweeney;2000;0,93
361087;Mike Sweeney;2001;0,916
361087;Mike Sweeney;2002;0,979
361087;Mike Sweeney;2003;0,858
361087;Mike Sweeney;2004;0,851
361087;Mike Sweeney;2005;0,864
361087;Mike Sweeney;2006;0,787
361087;Mike Sweeney;2007;0,719
361087;Mike Sweeney;2009;0,777
361090;Ryan Sweeney;2008;0,733
361090;Ryan Sweeney;2009;0,755
361090;Ryan Sweeney;2010;0,725
361090;Ryan Sweeney;2011;0,687
361090;Ryan Sweeney;2012;0,675
361090;Ryan Sweeney;2014;0,642
361091;Trey Sweeney;2025;0,548
361094;Rick Sweet;1978;0,576
361094;Rick Sweet;1982;0,644
361094;Rick Sweet;1983;0,528
361101;Bob Swift;1940;0,594
361101;Bob Swift;1943;0,538
361101;Bob Swift;1944;0,651
361101;Bob Swift;1945;0,549
361101;Bob Swift;1947;0,631
361101;Bob Swift;1948;0,622
361105;Blake Swihart;2015;0,712
361111;Nick Swisher;2005;0,768
361111;Nick Swisher;2006;0,864
361111;Nick Swisher;2007;0,836
361111;Nick Swisher;2008;0,743
361111;Nick Swisher;2009;0,869
361111;Nick Swisher;2010;0,87
361111;Nick Swisher;2011;0,822
361111;Nick Swisher;2012;0,837
361111;Nick Swisher;2013;0,763
361111;Nick Swisher;2014;0,608
361112;Steve Swisher;1974;0,593
361112;Steve Swisher;1975;0,605
361112;Steve Swisher;1976;0,601
361112;Steve Swisher;1977;0,527
361114;Ron Swoboda;1965;0,714
361114;Ron Swoboda;1966;0,638
361114;Ron Swoboda;1967;0,759
361114;Ron Swoboda;1968;0,699
361114;Ron Swoboda;1969;0,687
361114;Ron Swoboda;1970;0,732
361120;Lou Sylvester;1884;0,677
361128;Jose Tabata;2010;0,746
361128;Jose Tabata;2011;0,711
361128;Jose Tabata;2012;0,664
361128;Jose Tabata;2013;0,771
361132;Pat Tabler;1983;0,779
361132;Pat Tabler;1984;0,764
361132;Pat Tabler;1985;0,692
361132;Pat Tabler;1986;0,801
361132;Pat Tabler;1987;0,809
361132;Pat Tabler;1988;0,746
361132;Pat Tabler;1989;0,633
361135;Jim Tabor;1939;0,784
361135;Jim Tabor;1940;0,855
361135;Jim Tabor;1941;0,773
361135;Jim Tabor;1942;0,669
361135;Jim Tabor;1943;0,674
361135;Jim Tabor;1944;0,779
361135;Jim Tabor;1946;0,696
361135;Jim Tabor;1947;0,635
361139;So Taguchi;2005;0,734
361139;So Taguchi;2006;0,686
361139;So Taguchi;2007;0,718
361142;Doug Taitt;1928;0,784
361147;Bob Talbot;1954;0,579
361165;Chuck Tanner;1955;0,701
361165;Chuck Tanner;1957;0,751
361168;Lee Tannehill;1903;0,539
361168;Lee Tannehill;1904;0,563
361168;Lee Tannehill;1905;0,518
361168;Lee Tannehill;1906;0,473
361168;Lee Tannehill;1908;0,517
361168;Lee Tannehill;1909;0,55
361168;Lee Tannehill;1910;0,542
361168;Lee Tannehill;1911;0,61
361171;Raimel Tapia;2019;0,724
361171;Raimel Tapia;2021;0,699
361171;Raimel Tapia;2022;0,672
361177;Tony Tarasco;1995;0,733
361182;Danny Tartabull;1986;0,836
361182;Danny Tartabull;1987;0,931
361182;Danny Tartabull;1988;0,884
361182;Danny Tartabull;1989;0,809
361182;Danny Tartabull;1990;0,814
361182;Danny Tartabull;1991;0,99
361182;Danny Tartabull;1992;0,898
361182;Danny Tartabull;1993;0,866
361182;Danny Tartabull;1994;0,823
361182;Danny Tartabull;1996;0,827
361183;Jose Tartabull;1962;0,65
361183;Jose Tartabull;1963;0,616
361183;Jose Tartabull;1965;0,774
361183;Jose Tartabull;1967;0,53
361183;Jose Tartabull;1969;0,606
361186;Willie Tasby;1959;0,682
361186;Willie Tasby;1960;0,755
361186;Willie Tasby;1961;0,718
361190;Bennie Tate;1929;0,697
361190;Bennie Tate;1930;0,75
361190;Bennie Tate;1931;0,664
361190;Bennie Tate;1932;0,645
361194;Edward Tate;1887;0,604
361194;Edward Tate;1889;0,477
361199;Fernando Tatis;1997;0,701
361199;Fernando Tatis;1998;0,768
361199;Fernando Tatis;1999;0,957
361199;Fernando Tatis;2000;0,87
361199;Fernando Tatis;2002;0,702
361199;Fernando Tatis;2008;0,853
361199;Fernando Tatis;2009;0,777
361200;Fernando Tatis;2019;0,969
361200;Fernando Tatis;2020;0,937
361200;Fernando Tatis;2021;0,975
361200;Fernando Tatis;2023;0,77
361200;Fernando Tatis;2024;0,833
361200;Fernando Tatis;2025;0,814
361208;Ed Taubensee;1992;0,622
361208;Ed Taubensee;1993;0,688
361208;Ed Taubensee;1995;0,845
361208;Ed Taubensee;1996;0,8
361208;Ed Taubensee;1997;0,779
361208;Ed Taubensee;1998;0,769
361208;Ed Taubensee;1999;0,876
361208;Ed Taubensee;2000;0,704
361211;Mike Tauchman;2019;0,865
361211;Mike Tauchman;2023;0,739
361211;Mike Tauchman;2024;0,723
361211;Mike Tauchman;2025;0,756
361216;Jackie Tavener;1925;0,627
361216;Jackie Tavener;1926;0,696
361216;Jackie Tavener;1927;0,739
361216;Jackie Tavener;1928;0,72
361216;Jackie Tavener;1929;0,593
361218;Frank Taveras;1974;0,571
361218;Frank Taveras;1975;0,541
361218;Frank Taveras;1976;0,618
361218;Frank Taveras;1977;0,637
361218;Frank Taveras;1978;0,666
361218;Frank Taveras;1979;0,639
361218;Frank Taveras;1980;0,635
361218;Frank Taveras;1981;0,553
361219;Leody Taveras;2022;0,675
361219;Leody Taveras;2023;0,733
361219;Leody Taveras;2024;0,641
361220;Oscar Taveras;2014;0,59
361221;Willy Taveras;2005;0,666
361221;Willy Taveras;2006;0,672
361221;Willy Taveras;2007;0,748
361221;Willy Taveras;2008;0,604
361221;Willy Taveras;2009;0,559
361233;Ben Taylor;1914;1,054
361233;Ben Taylor;1915;0,822
361233;Ben Taylor;1917;0,722
361233;Ben Taylor;1920;0,781
361233;Ben Taylor;1921;0,96
361233;Ben Taylor;1922;0,964
361233;Ben Taylor;1924;0,797
361233;Ben Taylor;1925;0,847
361233;Ben Taylor;1927;0,841
361233;Ben Taylor;1928;0,793
361234;Billy Taylor;1882;0,744
361234;Billy Taylor;1883;0,627
361242;Carl Taylor;1969;0,889
361242;Carl Taylor;1970;0,745
361243;Candy Jim Taylor;1914;0,859
361243;Candy Jim Taylor;1917;0,697
361246;Chris Taylor;2017;0,85
361246;Chris Taylor;2018;0,775
361246;Chris Taylor;2019;0,794
361246;Chris Taylor;2021;0,782
361246;Chris Taylor;2022;0,677
361246;Chris Taylor;2023;0,746
361246;Chris Taylor;2024;0,598
361248;Danny Taylor;1930;0,766
361248;Danny Taylor;1931;0,82
361248;Danny Taylor;1932;0,876
361248;Danny Taylor;1933;0,837
361248;Danny Taylor;1934;0,835
361248;Danny Taylor;1935;0,804
361253;Eddie Taylor;1926;0,681
361260;Harry Taylor;1890;0,726
361260;Harry Taylor;1891;0,749
361260;Harry Taylor;1892;0,62
361260;Harry Taylor;1893;0,669
361263;Hawk Taylor;1964;0,601
361276;LeRoy Taylor;1926;0,659
361276;LeRoy Taylor;1928;0,612
361276;LeRoy Taylor;1929;0,863
361276;LeRoy Taylor;1930;0,718
361279;Michael Taylor;2015;0,64
361279;Michael Taylor;2016;0,654
361279;Michael Taylor;2017;0,806
361279;Michael Taylor;2018;0,644
361279;Michael Taylor;2021;0,653
361279;Michael Taylor;2022;0,67
361279;Michael Taylor;2023;0,72
361279;Michael Taylor;2024;0,543
361279;Michael Taylor;2025;0,625
361282;Reggie Taylor;2002;0,719
361284;Sammy Taylor;1958;0,691
361284;Sammy Taylor;1959;0,764
361284;Sammy Taylor;1961;0,707
361292;Tony Taylor;1958;0,613
361292;Tony Taylor;1959;0,724
361292;Tony Taylor;1960;0,701
361292;Tony Taylor;1961;0,626
361292;Tony Taylor;1962;0,679
361292;Tony Taylor;1963;0,698
361292;Tony Taylor;1964;0,636
361292;Tony Taylor;1965;0,621
361292;Tony Taylor;1966;0,64
361292;Tony Taylor;1967;0,62
361292;Tony Taylor;1968;0,613
361292;Tony Taylor;1969;0,657
361292;Tony Taylor;1970;0,837
361292;Tony Taylor;1972;0,749
361292;Tony Taylor;1973;0,614
361294;Tyrone Taylor;2021;0,778
361294;Tyrone Taylor;2022;0,729
361294;Tyrone Taylor;2023;0,713
361294;Tyrone Taylor;2024;0,701
361294;Tyrone Taylor;2025;0,598
361299;Zack Taylor;1923;0,668
361299;Zack Taylor;1924;0,667
361299;Zack Taylor;1925;0,747
361299;Zack Taylor;1926;0,622
361299;Zack Taylor;1927;0,566
361299;Zack Taylor;1928;0,621
361299;Zack Taylor;1929;0,727
361304;Mark Teahen;2005;0,685
361304;Mark Teahen;2006;0,874
361304;Mark Teahen;2007;0,763
361304;Mark Teahen;2008;0,715
361304;Mark Teahen;2009;0,734
361304;Mark Teahen;2010;0,709
361306;Birdie Tebbetts;1939;0,688
361306;Birdie Tebbetts;1940;0,768
361306;Birdie Tebbetts;1941;0,73
361306;Birdie Tebbetts;1942;0,627
361306;Birdie Tebbetts;1946;0,619
361306;Birdie Tebbetts;1947;0,69
361306;Birdie Tebbetts;1948;0,752
361306;Birdie Tebbetts;1949;0,712
361306;Birdie Tebbetts;1950;0,821
361307;George Tebeau;1887;0,766
361307;George Tebeau;1888;0,676
361307;George Tebeau;1889;0,731
361307;George Tebeau;1890;0,729
361307;George Tebeau;1894;0,665
361307;George Tebeau;1895;0,821
361308;Patsy Tebeau;1889;0,722
361308;Patsy Tebeau;1890;0,767
361308;Patsy Tebeau;1891;0,643
361308;Patsy Tebeau;1892;0,625
361308;Patsy Tebeau;1893;0,816
361308;Patsy Tebeau;1894;0,737
361308;Patsy Tebeau;1895;0,767
361308;Patsy Tebeau;1896;0,642
361308;Patsy Tebeau;1897;0,67
361308;Patsy Tebeau;1898;0,645
361308;Patsy Tebeau;1899;0,616
361312;Kyle Teel;2025;0,786
361314;Mark Teixeira;2003;0,811
361314;Mark Teixeira;2004;0,929
361314;Mark Teixeira;2005;0,954
361314;Mark Teixeira;2006;0,886
361314;Mark Teixeira;2007;0,9705
361314;Mark Teixeira;2008;0,902
361314;Mark Teixeira;2009;0,948
361314;Mark Teixeira;2010;0,846
361314;Mark Teixeira;2011;0,835
361314;Mark Teixeira;2012;0,807
361314;Mark Teixeira;2014;0,711
361314;Mark Teixeira;2015;0,906
361314;Mark Teixeira;2016;0,654
361315;Miguel Tejada;1998;0,681
361315;Miguel Tejada;1999;0,751
361315;Miguel Tejada;2000;0,828
361315;Miguel Tejada;2001;0,801
361315;Miguel Tejada;2002;0,861
361315;Miguel Tejada;2003;0,807
361315;Miguel Tejada;2004;0,894
361315;Miguel Tejada;2005;0,865
361315;Miguel Tejada;2006;0,878
361315;Miguel Tejada;2007;0,799
361315;Miguel Tejada;2008;0,729
361315;Miguel Tejada;2009;0,795
361315;Miguel Tejada;2010;0,7
361315;Miguel Tejada;2011;0,596
361316;Ruben Tejada;2010;0,588
361316;Ruben Tejada;2011;0,696
361316;Ruben Tejada;2012;0,685
361316;Ruben Tejada;2013;0,519
361316;Ruben Tejada;2014;0,652
361316;Ruben Tejada;2015;0,688
361327;Rowdy Tellez;2019;0,742
361327;Rowdy Tellez;2022;0,767
361327;Rowdy Tellez;2023;0,667
361327;Rowdy Tellez;2024;0,691
361330;Garry Templeton;1976;0,675
361330;Garry Templeton;1977;0,786
361330;Garry Templeton;1978;0,68
361330;Garry Templeton;1979;0,79
361330;Garry Templeton;1980;0,759
361330;Garry Templeton;1981;0,709
361330;Garry Templeton;1982;0,631
361330;Garry Templeton;1983;0,629
361330;Garry Templeton;1984;0,633
361330;Garry Templeton;1985;0,709
361330;Garry Templeton;1986;0,603
361330;Garry Templeton;1987;0,577
361330;Garry Templeton;1988;0,639
361330;Garry Templeton;1989;0,639
361330;Garry Templeton;1990;0,642
361330;Garry Templeton;1991;0,562
361331;Johnny Temple;1954;0,751
361331;Johnny Temple;1955;0,69
361331;Johnny Temple;1956;0,676
361331;Johnny Temple;1957;0,728
361331;Johnny Temple;1958;0,807
361331;Johnny Temple;1959;0,809
361331;Johnny Temple;1960;0,649
361331;Johnny Temple;1961;0,699
361331;Johnny Temple;1962;0,663
361331;Johnny Temple;1963;0,664
361332;Gene Tenace;1972;0,646
361332;Gene Tenace;1973;0,83
361332;Gene Tenace;1974;0,778
361332;Gene Tenace;1975;0,859
361332;Gene Tenace;1976;0,831
361332;Gene Tenace;1977;0,824
361332;Gene Tenace;1978;0,801
361332;Gene Tenace;1979;0,848
361332;Gene Tenace;1980;0,823
361339;Fred Tenney;1896;0,811
361339;Fred Tenney;1897;0,753
361339;Fred Tenney;1898;0,77
361339;Fred Tenney;1899;0,851
361339;Fred Tenney;1900;0,685
361339;Fred Tenney;1901;0,662
361339;Fred Tenney;1902;0,785
361339;Fred Tenney;1903;0,811
361339;Fred Tenney;1904;0,692
361339;Fred Tenney;1905;0,7
361339;Fred Tenney;1906;0,698
361339;Fred Tenney;1907;0,705
361339;Fred Tenney;1908;0,648
361339;Fred Tenney;1909;0,623
361339;Fred Tenney;1911;0,68
361351;Jerry Terrell;1973;0,612
361351;Jerry Terrell;1974;0,594
361351;Jerry Terrell;1975;0,669
361351;Jerry Terrell;1977;0,53
361353;Luis Terrero;2004;0,677
361358;Adonis Terry;1884;0,559
361358;Adonis Terry;1885;0,409
361358;Adonis Terry;1886;0,609
361358;Adonis Terry;1887;0,715
361358;Adonis Terry;1890;0,764
361359;Bill Terry;1925;0,848
361359;Bill Terry;1926;0,806
361359;Bill Terry;1927;0,907
361359;Bill Terry;1928;0,912
361359;Bill Terry;1929;0,941
361359;Bill Terry;1930;1,071
361359;Bill Terry;1931;0,926
361359;Bill Terry;1932;0,962
361359;Bill Terry;1933;0,798
361359;Bill Terry;1934;0,878
361359;Bill Terry;1935;0,834
361359;Bill Terry;1936;0,786
361367;Zeb Terry;1916;0,541
361367;Zeb Terry;1919;0,558
361367;Zeb Terry;1920;0,71
361367;Zeb Terry;1921;0,646
361367;Zeb Terry;1922;0,677
361369;Wayne Terwilliger;1950;0,673
361369;Wayne Terwilliger;1953;0,69
361369;Wayne Terwilliger;1954;0,552
361369;Wayne Terwilliger;1955;0,686
361376;Mickey Tettleton;1985;0,695
361376;Mickey Tettleton;1986;0,714
361376;Mickey Tettleton;1987;0,614
361376;Mickey Tettleton;1988;0,754
361376;Mickey Tettleton;1989;0,877
361376;Mickey Tettleton;1990;0,756
361376;Mickey Tettleton;1991;0,878
361376;Mickey Tettleton;1992;0,848
361376;Mickey Tettleton;1993;0,864
361376;Mickey Tettleton;1994;0,882
361376;Mickey Tettleton;1995;0,906
361376;Mickey Tettleton;1996;0,816
361377;Tim Teufel;1984;0,749
361377;Tim Teufel;1985;0,734
361377;Tim Teufel;1986;0,693
361377;Tim Teufel;1987;0,943
361377;Tim Teufel;1988;0,658
361377;Tim Teufel;1989;0,684
361377;Tim Teufel;1991;0,722
361377;Tim Teufel;1992;0,649
361377;Tim Teufel;1993;0,768
361383;Matt Thaiss;2023;0,659
361385;Eric Thames;2011;0,769
361385;Eric Thames;2017;0,877
361385;Eric Thames;2018;0,783
361385;Eric Thames;2019;0,851
361386;Marcus Thames;2006;0,882
361386;Marcus Thames;2007;0,776
361386;Marcus Thames;2008;0,808
361386;Marcus Thames;2009;0,777
361386;Marcus Thames;2010;0,841
361394;Ron Theobald;1971;0,667
361394;Ron Theobald;1972;0,598
361396;Ryan Theriot;2007;0,672
361396;Ryan Theriot;2008;0,745
361396;Ryan Theriot;2009;0,712
361396;Ryan Theriot;2010;0,647
361396;Ryan Theriot;2011;0,662
361396;Ryan Theriot;2012;0,637
361399;Tommy Thevenow;1926;0,602
361399;Tommy Thevenow;1929;0,55
361399;Tommy Thevenow;1930;0,642
361399;Tommy Thevenow;1931;0,513
361399;Tommy Thevenow;1933;0,66
361399;Tommy Thevenow;1934;0,622
361399;Tommy Thevenow;1935;0,565
361399;Tommy Thevenow;1936;0,536
361411;Josh Thole;2010;0,723
361411;Josh Thole;2011;0,69
361411;Josh Thole;2012;0,584
361412;Alek Thomas;2022;0,619
361412;Alek Thomas;2023;0,647
361412;Alek Thomas;2025;0,659
361413;Andres Thomas;1986;0,639
361413;Andres Thomas;1987;0,579
361413;Andres Thomas;1988;0,628
361413;Andres Thomas;1989;0,544
361413;Andres Thomas;1990;0,55
361423;Charles Thomas;2004;0,813
361427;Clete Thomas;2009;0,709
361427;Clete Thomas;2013;0,597
361428;Clint Thomas;1921;0,755
361428;Clint Thomas;1922;0,864
361428;Clint Thomas;1923;0,741
361428;Clint Thomas;1924;0,839
361428;Clint Thomas;1925;0,952
361428;Clint Thomas;1926;0,892
361428;Clint Thomas;1927;0,825
361428;Clint Thomas;1929;0,826
361433;Dave Thomas;1929;0,713
361435;Dave Thomas;1928;0,747
361436;Derrel Thomas;1972;0,6
361436;Derrel Thomas;1973;0,559
361436;Derrel Thomas;1974;0,645
361436;Derrel Thomas;1975;0,728
361436;Derrel Thomas;1976;0,614
361436;Derrel Thomas;1977;0,707
361436;Derrel Thomas;1978;0,594
361436;Derrel Thomas;1979;0,679
361436;Derrel Thomas;1980;0,683
361436;Derrel Thomas;1981;0,644
361436;Derrel Thomas;1984;0,629
361443;Fred Thomas;1919;0,577
361443;Fred Thomas;1920;0,598
361444;Frank Thomas;1953;0,837
361444;Frank Thomas;1954;0,856
361444;Frank Thomas;1955;0,755
361444;Frank Thomas;1956;0,787
361444;Frank Thomas;1957;0,795
361444;Frank Thomas;1958;0,863
361444;Frank Thomas;1959;0,658
361444;Frank Thomas;1960;0,678
361444;Frank Thomas;1961;0,841
361444;Frank Thomas;1962;0,824
361444;Frank Thomas;1963;0,709
361445;Frank Thomas;1991;1,006
361445;Frank Thomas;1992;0,975
361445;Frank Thomas;1993;1,033
361445;Frank Thomas;1994;1,217
361445;Frank Thomas;1995;1,061
361445;Frank Thomas;1996;1,085
361445;Frank Thomas;1997;1,067
361445;Frank Thomas;1998;0,861
361445;Frank Thomas;1999;0,885
361445;Frank Thomas;2000;1,061
361445;Frank Thomas;2002;0,834
361445;Frank Thomas;2003;0,952
361445;Frank Thomas;2004;0,997
361445;Frank Thomas;2006;0,926
361445;Frank Thomas;2007;0,857
361447;Gary Thomasson;1973;0,758
361447;Gary Thomasson;1974;0,652
361447;Gary Thomasson;1975;0,65
361447;Gary Thomasson;1976;0,745
361447;Gary Thomasson;1977;0,809
361447;Gary Thomasson;1979;0,761
361448;George Thomas;1961;0,803
361448;George Thomas;1964;0,794
361449;Gorman Thomas;1975;0,639
361449;Gorman Thomas;1976;0,655
361449;Gorman Thomas;1978;0,866
361449;Gorman Thomas;1979;0,895
361449;Gorman Thomas;1980;0,774
361449;Gorman Thomas;1981;0,841
361449;Gorman Thomas;1982;0,85
361449;Gorman Thomas;1983;0,726
361449;Gorman Thomas;1985;0,781
361453;Ira Thomas;1907;0,509
361453;Ira Thomas;1909;0,573
361453;Ira Thomas;1911;0,682
361460;Lane Thomas;2022;0,705
361460;Lane Thomas;2023;0,783
361460;Lane Thomas;2024;0,738
361464;Lee Thomas;1961;0,844
361464;Lee Thomas;1962;0,821
361464;Lee Thomas;1963;0,617
361464;Lee Thomas;1964;0,73
361464;Lee Thomas;1965;0,826
361464;Lee Thomas;1968;0,478
361469;Pinch Thomas;1915;0,581
361469;Pinch Thomas;1916;0,697
361469;Pinch Thomas;1917;0,606
361473;Roy Thomas;1899;0,819
361473;Roy Thomas;1900;0,786
361473;Roy Thomas;1901;0,771
361473;Roy Thomas;1902;0,736
361473;Roy Thomas;1903;0,818
361473;Roy Thomas;1904;0,761
361473;Roy Thomas;1905;0,775
361473;Roy Thomas;1906;0,695
361473;Roy Thomas;1907;0,674
361473;Roy Thomas;1908;0,692
361473;Roy Thomas;1909;0,671
361478;Valmy Thomas;1957;0,686
361481;Jim Thome;1994;0,882
361481;Jim Thome;1995;0,996
361481;Jim Thome;1996;1,062
361481;Jim Thome;1997;1,001
361481;Jim Thome;1998;0,997
361481;Jim Thome;1999;0,967
361481;Jim Thome;2000;0,929
361481;Jim Thome;2001;1,04
361481;Jim Thome;2002;1,122
361481;Jim Thome;2003;0,958
361481;Jim Thome;2004;0,977
361481;Jim Thome;2006;1,014
361481;Jim Thome;2007;0,973
361481;Jim Thome;2008;0,865
361481;Jim Thome;2009;0,864
361481;Jim Thome;2010;1,039
361481;Jim Thome;2011;0,827
361496;Danny Thompson;1970;0,482
361496;Danny Thompson;1972;0,674
361496;Danny Thompson;1973;0,542
361496;Danny Thompson;1974;0,637
361496;Danny Thompson;1975;0,657
361503;Fresco Thompson;1927;0,752
361503;Fresco Thompson;1928;0,722
361503;Fresco Thompson;1929;0,817
361503;Fresco Thompson;1930;0,727
361509;Hank Thompson;1949;0,821
361509;Hank Thompson;1950;0,854
361509;Hank Thompson;1951;0,728
361509;Hank Thompson;1952;0,798
361509;Hank Thompson;1953;0,967
361509;Hank Thompson;1954;0,871
361509;Hank Thompson;1955;0,766
361512;Jason Thompson;1976;0,704
361512;Jason Thompson;1977;0,834
361512;Jason Thompson;1978;0,836
361512;Jason Thompson;1979;0,742
361512;Jason Thompson;1980;0,965
361512;Jason Thompson;1981;0,899
361512;Jason Thompson;1982;0,902
361512;Jason Thompson;1983;0,782
361512;Jason Thompson;1984;0,746
361512;Jason Thompson;1985;0,747
361524;Milt Thompson;1986;0,652
361524;Milt Thompson;1987;0,776
361524;Milt Thompson;1988;0,711
361524;Milt Thompson;1989;0,733
361524;Milt Thompson;1990;0,62
361524;Milt Thompson;1991;0,809
361524;Milt Thompson;1992;0,753
361524;Milt Thompson;1993;0,691
361524;Milt Thompson;1994;0,694
361529;Robby Thompson;1986;0,698
361529;Robby Thompson;1987;0,757
361529;Robby Thompson;1988;0,707
361529;Robby Thompson;1989;0,721
361529;Robby Thompson;1990;0,691
361529;Robby Thompson;1991;0,799
361529;Robby Thompson;1992;0,749
361529;Robby Thompson;1993;0,87
361529;Robby Thompson;1995;0,656
361529;Robby Thompson;1996;0,636
361530;Ryan Thompson;1993;0,747
361530;Ryan Thompson;1994;0,735
361530;Ryan Thompson;1995;0,684
361532;Sam Thompson;1885;0,844
361532;Sam Thompson;1886;0,8
361532;Sam Thompson;1887;0,982
361532;Sam Thompson;1888;0,819
361532;Sam Thompson;1889;0,839
361532;Sam Thompson;1890;0,813
361532;Sam Thompson;1891;0,773
361532;Sam Thompson;1892;0,809
361532;Sam Thompson;1893;0,954
361532;Sam Thompson;1894;1,162
361532;Sam Thompson;1895;1,085
361532;Sam Thompson;1896;0,79
361533;Sandy Thompson;1923;0,744
361533;Sandy Thompson;1924;0,75
361533;Sandy Thompson;1925;0,844
361533;Sandy Thompson;1926;0,77
361533;Sandy Thompson;1927;0,69
361533;Sandy Thompson;1929;0,69
361533;Sandy Thompson;1930;0,638
361535;Scot Thompson;1979;0,694
361535;Scot Thompson;1980;0,593
361535;Scot Thompson;1984;0,731
361538;Tim Thompson;1956;0,666
361538;Tim Thompson;1957;0,601
361540;Tommy Thompson;1934;0,618
361540;Tommy Thompson;1935;0,697
361540;Tommy Thompson;1936;0,727
361541;Trayce Thompson;2016;0,738
361541;Trayce Thompson;2022;0,901
361546;Bobby Thomson;1947;0,844
361546;Bobby Thomson;1948;0,697
361546;Bobby Thomson;1949;0,873
361546;Bobby Thomson;1950;0,774
361546;Bobby Thomson;1951;0,947
361546;Bobby Thomson;1952;0,813
361546;Bobby Thomson;1953;0,81
361546;Bobby Thomson;1955;0,733
361546;Bobby Thomson;1956;0,71
361546;Bobby Thomson;1957;0,725
361546;Bobby Thomson;1958;0,817
361546;Bobby Thomson;1959;0,721
361549;Dickie Thon;1980;0,597
361549;Dickie Thon;1982;0,724
361549;Dickie Thon;1983;0,798
361549;Dickie Thon;1985;0,653
361549;Dickie Thon;1986;0,653
361549;Dickie Thon;1988;0,684
361549;Dickie Thon;1989;0,755
361549;Dickie Thon;1990;0,654
361549;Dickie Thon;1991;0,634
361549;Dickie Thon;1992;0,661
361549;Dickie Thon;1993;0,654
361550;Jack Thoney;1908;0,607
361553;Scott Thorman;2007;0,652
361555;Andre Thornton;1974;0,807
361555;Andre Thornton;1975;0,944
361555;Andre Thornton;1977;0,904
361555;Andre Thornton;1978;0,893
361555;Andre Thornton;1979;0,796
361555;Andre Thornton;1981;0,675
361555;Andre Thornton;1982;0,87
361555;Andre Thornton;1983;0,822
361555;Andre Thornton;1984;0,85
361555;Andre Thornton;1985;0,711
361555;Andre Thornton;1986;0,724
361564;Walter Thornton;1897;0,802
361564;Walter Thornton;1898;0,7
361565;Bob Thorpe;1952;0,607
361569;Jim Thorpe;1917;0,634
361573;Faye Throneberry;1952;0,693
361573;Faye Throneberry;1959;0,71
361574;Marv Throneberry;1960;0,76
361574;Marv Throneberry;1962;0,732
361580;Gary Thurman;1992;0,586
361585;Joe Thurston;2009;0,645
361597;Cotton Tierney;1921;0,743
361597;Cotton Tierney;1922;0,893
361597;Cotton Tierney;1923;0,806
361597;Cotton Tierney;1924;0,626
361597;Cotton Tierney;1925;0,656
361598;Mike Tiernan;1887;0,796
361598;Mike Tiernan;1888;0,79
361598;Mike Tiernan;1889;0,944
361598;Mike Tiernan;1890;0,88
361598;Mike Tiernan;1891;0,882
361598;Mike Tiernan;1892;0,774
361598;Mike Tiernan;1893;0,874
361598;Mike Tiernan;1894;0,785
361598;Mike Tiernan;1895;0,955
361598;Mike Tiernan;1896;0,968
361598;Mike Tiernan;1897;0,845
361598;Mike Tiernan;1898;0,762
361606;Bob Tillman;1962;0,737
361606;Bob Tillman;1963;0,653
361606;Bob Tillman;1964;0,796
361606;Bob Tillman;1965;0,595
361606;Bob Tillman;1966;0,616
361606;Bob Tillman;1968;0,579
361606;Bob Tillman;1970;0,707
361621;Joe Tinker;1902;0,633
361621;Joe Tinker;1903;0,726
361621;Joe Tinker;1904;0,585
361621;Joe Tinker;1905;0,612
361621;Joe Tinker;1906;0,581
361621;Joe Tinker;1907;0,54
361621;Joe Tinker;1908;0,697
361621;Joe Tinker;1909;0,652
361621;Joe Tinker;1910;0,719
361621;Joe Tinker;1911;0,717
361621;Joe Tinker;1912;0,681
361621;Joe Tinker;1913;0,797
361621;Joe Tinker;1914;0,666
361625;Lee Tinsley;1995;0,76
361629;Eric Tipton;1942;0,662
361629;Eric Tipton;1943;0,819
361629;Eric Tipton;1944;0,77
361629;Eric Tipton;1945;0,671
361630;Joe Tipton;1951;0,713
361635;John Titus;1903;0,744
361635;John Titus;1904;0,749
361635;John Titus;1905;0,834
361635;John Titus;1906;0,717
361635;John Titus;1907;0,728
361635;John Titus;1908;0,725
361635;John Titus;1909;0,717
361635;John Titus;1910;0,683
361635;John Titus;1911;0,825
361635;John Titus;1912;0,865
361635;John Titus;1913;0,812
361638;Jack Tobin;1914;0,733
361638;Jack Tobin;1915;0,773
361638;Jack Tobin;1918;0,686
361638;Jack Tobin;1919;0,814
361638;Jack Tobin;1920;0,835
361638;Jack Tobin;1921;0,882
361638;Jack Tobin;1922;0,862
361638;Jack Tobin;1923;0,839
361638;Jack Tobin;1924;0,748
361638;Jack Tobin;1926;0,655
361638;Jack Tobin;1927;0,761
361641;Jackie Tobin;1945;0,608
361646;Al Todd;1934;0,788
361646;Al Todd;1935;0,725
361646;Al Todd;1936;0,678
361646;Al Todd;1937;0,758
361646;Al Todd;1938;0,671
361646;Al Todd;1939;0,696
361646;Al Todd;1940;0,629
361651;Phil Todt;1925;0,782
361651;Phil Todt;1926;0,669
361651;Phil Todt;1927;0,617
361651;Phil Todt;1928;0,697
361651;Phil Todt;1929;0,698
361651;Phil Todt;1930;0,751
361653;Michael Toglia;2024;0,767
361653;Michael Toglia;2025;0,611
361654;Bobby Tolan;1967;0,679
361654;Bobby Tolan;1968;0,607
361654;Bobby Tolan;1969;0,821
361654;Bobby Tolan;1970;0,86
361654;Bobby Tolan;1972;0,72
361654;Bobby Tolan;1973;0,555
361654;Bobby Tolan;1974;0,703
361654;Bobby Tolan;1975;0,644
361654;Bobby Tolan;1976;0,627
361657;Matt Tolbert;2011;0,518
361666;Wayne Tolleson;1983;0,634
361666;Wayne Tolleson;1984;0,528
361666;Wayne Tolleson;1985;0,733
361666;Wayne Tolleson;1986;0,6765
361666;Wayne Tolleson;1987;0,547
361673;Yasmany Tomas;2015;0,707
361673;Yasmany Tomas;2016;0,82
361684;Phil Tomney;1889;0,596
361684;Phil Tomney;1890;0,733
361696;Bert Tooley;1911;0,547
361696;Bert Tooley;1912;0,602
361699;George Toporcer;1922;0,825
361699;George Toporcer;1923;0,689
361699;George Toporcer;1925;0,757
361699;George Toporcer;1927;0,635
361701;Jeff Torborg;1973;0,537
361704;Earl Torgeson;1947;0,885
361704;Earl Torgeson;1948;0,77
361704;Earl Torgeson;1950;0,885
361704;Earl Torgeson;1951;0,812
361704;Earl Torgeson;1952;0,681
361704;Earl Torgeson;1953;0,836
361704;Earl Torgeson;1954;0,736
361704;Earl Torgeson;1955;0,81
361704;Earl Torgeson;1956;0,831
361704;Earl Torgeson;1957;0,844
361704;Earl Torgeson;1959;0,716
361707;Spencer Torkelson;2022;0,604
361707;Spencer Torkelson;2023;0,758
361707;Spencer Torkelson;2024;0,669
361707;Spencer Torkelson;2025;0,789
361708;Abraham Toro;2021;0,695
361708;Abraham Toro;2022;0,563
361708;Abraham Toro;2024;0,643
361708;Abraham Toro;2025;0,659
361712;Andres Torres;2010;0,823
361712;Andres Torres;2011;0,643
361712;Andres Torres;2012;0,664
361712;Andres Torres;2013;0,644
361717;Felix Torres;1962;0,698
361717;Felix Torres;1963;0,667
361717;Felix Torres;1964;0,663
361718;Frank Torre;1957;0,732
361718;Frank Torre;1958;0,829
361718;Frank Torre;1959;0,625
361720;Gil Torres;1944;0,625
361720;Gil Torres;1945;0,54
361721;Gleyber Torres;2018;0,82
361721;Gleyber Torres;2019;0,871
361721;Gleyber Torres;2021;0,697
361721;Gleyber Torres;2022;0,761
361721;Gleyber Torres;2023;0,8
361721;Gleyber Torres;2024;0,709
361721;Gleyber Torres;2025;0,745
361722;Hector Torres;1968;0,51
361722;Hector Torres;1975;0,633
361722;Hector Torres;1976;0,533
361722;Hector Torres;1977;0,628
361723;Joe Torre;1961;0,754
361723;Joe Torre;1962;0,75
361723;Joe Torre;1963;0,781
361723;Joe Torre;1964;0,863
361723;Joe Torre;1965;0,862
361723;Joe Torre;1966;0,943
361723;Joe Torre;1967;0,79
361723;Joe Torre;1968;0,709
361723;Joe Torre;1969;0,808
361723;Joe Torre;1970;0,896
361723;Joe Torre;1971;0,976
361723;Joe Torre;1972;0,776
361723;Joe Torre;1973;0,779
361723;Joe Torre;1974;0,772
361723;Joe Torre;1975;0,674
361723;Joe Torre;1976;0,764
361725;Luis Torrens;2021;0,73
361725;Luis Torrens;2025;0,629
361730;Ronald Torreyes;2017;0,689
361730;Ronald Torreyes;2021;0,632
361731;Rusty Torres;1973;0,622
361731;Rusty Torres;1976;0,655
361735;Yorvit Torrealba;2003;0,702
361735;Yorvit Torrealba;2006;0,732
361735;Yorvit Torrealba;2007;0,699
361735;Yorvit Torrealba;2008;0,687
361735;Yorvit Torrealba;2009;0,732
361735;Yorvit Torrealba;2010;0,721
361735;Yorvit Torrealba;2011;0,705
361736;Cristóbal Torriente;1920;1,019
361736;Cristóbal Torriente;1921;0,985
361736;Cristóbal Torriente;1923;1,036
361736;Cristóbal Torriente;1924;1,078
361736;Cristóbal Torriente;1925;0,811
361736;Cristóbal Torriente;1926;0,957
361736;Cristóbal Torriente;1927;0,836
361744;Cesar Tovar;1966;0,66
361744;Cesar Tovar;1967;0,691
361744;Cesar Tovar;1968;0,698
361744;Cesar Tovar;1969;0,757
361744;Cesar Tovar;1970;0,798
361744;Cesar Tovar;1971;0,725
361744;Cesar Tovar;1972;0,663
361744;Cesar Tovar;1973;0,692
361744;Cesar Tovar;1974;0,731
361744;Cesar Tovar;1975;0,622
361745;Ezequiel Tovar;2023;0,695
361745;Ezequiel Tovar;2024;0,763
361745;Ezequiel Tovar;2025;0,694
361751;George Townsend;1891;0,534
361755;Jim Toy;1887;0,556
361758;Jim Traber;1986;0,793
361758;Jim Traber;1988;0,585
361758;Jim Traber;1989;0,56
361760;Dick Tracewski;1963;0,545
361760;Dick Tracewski;1964;0,641
361760;Dick Tracewski;1968;0,475
361764;Chad Tracy;2004;0,75
361764;Chad Tracy;2005;0,911
361764;Chad Tracy;2006;0,794
361764;Chad Tracy;2007;0,8
361764;Chad Tracy;2008;0,722
361764;Chad Tracy;2009;0,695
361767;Bill Traffley;1884;0,444
361767;Bill Traffley;1885;0,436
361769;Walt Tragesser;1917;0,534
361772;Alan Trammell;1978;0,675
361772;Alan Trammell;1979;0,691
361772;Alan Trammell;1980;0,779
361772;Alan Trammell;1981;0,669
361772;Alan Trammell;1982;0,72
361772;Alan Trammell;1983;0,856
361772;Alan Trammell;1984;0,851
361772;Alan Trammell;1985;0,692
361772;Alan Trammell;1986;0,816
361772;Alan Trammell;1987;0,953
361772;Alan Trammell;1988;0,836
361772;Alan Trammell;1989;0,648
361772;Alan Trammell;1990;0,826
361772;Alan Trammell;1991;0,693
361772;Alan Trammell;1993;0,885
361772;Alan Trammell;1994;0,722
361772;Alan Trammell;1995;0,695
361773;Bubba Trammell;1999;0,889
361773;Bubba Trammell;2001;0,797
361773;Bubba Trammell;2002;0,748
361780;Cecil Travis;1934;0,764
361780;Cecil Travis;1935;0,776
361780;Cecil Travis;1936;0,8
361780;Cecil Travis;1937;0,834
361780;Cecil Travis;1938;0,833
361780;Cecil Travis;1939;0,745
361780;Cecil Travis;1940;0,826
361780;Cecil Travis;1941;0,93
361780;Cecil Travis;1946;0,641
361780;Cecil Travis;1947;0,533
361781;Devon Travis;2015;0,859
361781;Devon Travis;2016;0,785
361781;Devon Travis;2018;0,656
361785;Pie Traynor;1922;0,694
361785;Pie Traynor;1923;0,866
361785;Pie Traynor;1924;0,756
361785;Pie Traynor;1925;0,84
361785;Pie Traynor;1926;0,796
361785;Pie Traynor;1927;0,825
361785;Pie Traynor;1928;0,832
361785;Pie Traynor;1929;0,865
361785;Pie Traynor;1930;0,932
361785;Pie Traynor;1931;0,771
361785;Pie Traynor;1932;0,806
361785;Pie Traynor;1933;0,714
361785;Pie Traynor;1934;0,751
361785;Pie Traynor;1935;0,695
361786;Fred Treacey;1872;0,646
361786;Fred Treacey;1873;0,583
361786;Fred Treacey;1876;0,452
361789;George Treadway;1893;0,724
361789;George Treadway;1894;0,941
361789;George Treadway;1895;0,716
361791;Jeff Treadway;1988;0,677
361791;Jeff Treadway;1989;0,695
361791;Jeff Treadway;1990;0,723
361791;Jeff Treadway;1991;0,787
361791;Jeff Treadway;1993;0,75
361793;Red Treadway;1945;0,634
361794;Matt Treanor;2008;0,607
361794;Matt Treanor;2010;0,595
361799;Alan Trejo;2023;0,631
361808;Mike Tresh;1939;0,661
361808;Mike Tresh;1940;0,689
361808;Mike Tresh;1941;0,601
361808;Mike Tresh;1942;0,589
361808;Mike Tresh;1943;0,533
361808;Mike Tresh;1944;0,634
361808;Mike Tresh;1945;0,617
361808;Mike Tresh;1946;0,594
361808;Mike Tresh;1947;0,589
361809;Tom Tresh;1962;0,8
361809;Tom Tresh;1963;0,857
361809;Tom Tresh;1964;0,743
361809;Tom Tresh;1965;0,825
361809;Tom Tresh;1966;0,762
361809;Tom Tresh;1967;0,678
361809;Tom Tresh;1968;0,612
361809;Tom Tresh;1969;0,692
361810;Alex Trevino;1979;0,671
361810;Alex Trevino;1980;0,579
361810;Alex Trevino;1982;0,622
361810;Alex Trevino;1984;0,627
361810;Alex Trevino;1986;0,737
361812;Jose Trevino;2021;0,607
361812;Jose Trevino;2022;0,671
361812;Jose Trevino;2024;0,642
361812;Jose Trevino;2025;0,623
361813;Gus Triandos;1955;0,732
361813;Gus Triandos;1956;0,81
361813;Gus Triandos;1957;0,762
361813;Gus Triandos;1958;0,782
361813;Gus Triandos;1959;0,76
361813;Gus Triandos;1960;0,761
361813;Gus Triandos;1961;0,746
361813;Gus Triandos;1962;0,542
361813;Gus Triandos;1963;0,722
361816;Manny Trillo;1975;0,622
361816;Manny Trillo;1976;0,615
361816;Manny Trillo;1977;0,716
361816;Manny Trillo;1978;0,652
361816;Manny Trillo;1979;0,654
361816;Manny Trillo;1980;0,746
361816;Manny Trillo;1981;0,733
361816;Manny Trillo;1982;0,634
361816;Manny Trillo;1983;0,643
361816;Manny Trillo;1984;0,642
361816;Manny Trillo;1985;0,576
361816;Manny Trillo;1987;0,811
361819;Jared Triolo;2024;0,611
361819;Jared Triolo;2025;0,667
361820;Coaker Triplett;1943;0,78
361820;Coaker Triplett;1945;0,648
361829;Hal Trosky;1934;0,987
361829;Hal Trosky;1935;0,789
361829;Hal Trosky;1936;1,026
361829;Hal Trosky;1937;0,915
361829;Hal Trosky;1938;0,948
361829;Hal Trosky;1939;0,994
361829;Hal Trosky;1940;0,92
361829;Hal Trosky;1941;0,838
361829;Hal Trosky;1944;0,701
361829;Hal Trosky;1946;0,665
361833;Sam Trott;1883;0,567
361833;Sam Trott;1884;0,684
361833;Sam Trott;1887;0,652
361836;Mike Trout;2012;0,963
361836;Mike Trout;2013;0,988
361836;Mike Trout;2014;0,939
361836;Mike Trout;2015;0,991
361836;Mike Trout;2016;0,991
361836;Mike Trout;2017;1,071
361836;Mike Trout;2018;1,088
361836;Mike Trout;2019;1,083
361836;Mike Trout;2022;0,999
361836;Mike Trout;2023;0,858
361836;Mike Trout;2025;0,797
361840;Dasher Troy;1883;0,506
361840;Dasher Troy;1884;0,678
361843;Chris Truby;2000;0,772
361843;Chris Truby;2002;0,496
361846;Frank Truesdale;1910;0,556
361846;Frank Truesdale;1914;0,57
361850;Mark Trumbo;2011;0,768
361850;Mark Trumbo;2012;0,808
361850;Mark Trumbo;2013;0,747
361850;Mark Trumbo;2014;0,707
361850;Mark Trumbo;2015;0,735
361850;Mark Trumbo;2016;0,85
361850;Mark Trumbo;2017;0,686
361850;Mark Trumbo;2018;0,764
361864;Kyle Tucker;2020;0,837
361864;Kyle Tucker;2021;0,917
361864;Kyle Tucker;2022;0,808
361864;Kyle Tucker;2023;0,886
361864;Kyle Tucker;2024;0,993
361864;Kyle Tucker;2025;0,841
361865;Michael Tucker;1996;0,789
361865;Michael Tucker;1997;0,792
361865;Michael Tucker;1998;0,745
361865;Michael Tucker;1999;0,764
361865;Michael Tucker;2000;0,892
361865;Michael Tucker;2001;0,7405
361865;Michael Tucker;2002;0,737
361865;Michael Tucker;2003;0,771
361865;Michael Tucker;2004;0,765
361865;Michael Tucker;2005;0,689
361867;Preston Tucker;2015;0,734
361869;Thurman Tucker;1943;0,639
361869;Thurman Tucker;1944;0,729
361869;Thurman Tucker;1946;0,721
361869;Thurman Tucker;1947;0,651
361869;Thurman Tucker;1948;0,69
361871;Tommy Tucker;1887;0,719
361871;Tommy Tucker;1888;0,73
361871;Tommy Tucker;1889;0,934
361871;Tommy Tucker;1890;0,749
361871;Tommy Tucker;1891;0,677
361871;Tommy Tucker;1892;0,707
361871;Tommy Tucker;1893;0,709
361871;Tommy Tucker;1894;0,832
361871;Tommy Tucker;1895;0,693
361871;Tommy Tucker;1896;0,757
361871;Tommy Tucker;1897;0,863
361871;Tommy Tucker;1898;0,6375
361871;Tommy Tucker;1899;0,593
361880;Troy Tulowitzki;2007;0,838
361880;Troy Tulowitzki;2008;0,732
361880;Troy Tulowitzki;2009;0,93
361880;Troy Tulowitzki;2010;0,949
361880;Troy Tulowitzki;2011;0,916
361880;Troy Tulowitzki;2013;0,931
361880;Troy Tulowitzki;2014;1,035
361880;Troy Tulowitzki;2015;0,818
361880;Troy Tulowitzki;2016;0,761
361880;Troy Tulowitzki;2017;0,678
361884;Brice Turang;2023;0,585
361884;Brice Turang;2024;0,665
361884;Brice Turang;2025;0,794
361902;Jerry Turner;1976;0,751
361902;Jerry Turner;1977;0,728
361902;Jerry Turner;1978;0,784
361902;Jerry Turner;1979;0,67
361902;Jerry Turner;1982;0,687
361906;Justin Turner;2011;0,69
361906;Justin Turner;2013;0,704
361906;Justin Turner;2014;0,897
361906;Justin Turner;2015;0,861
361906;Justin Turner;2016;0,832
361906;Justin Turner;2017;0,945
361906;Justin Turner;2018;0,924
361906;Justin Turner;2019;0,881
361906;Justin Turner;2021;0,832
361906;Justin Turner;2022;0,788
361906;Justin Turner;2023;0,8
361906;Justin Turner;2024;0,722
361913;Terry Turner;1904;0,55
361913;Terry Turner;1905;0,649
361913;Terry Turner;1906;0,709
361913;Terry Turner;1907;0,579
361913;Terry Turner;1908;0,602
361913;Terry Turner;1909;0,626
361913;Terry Turner;1910;0,576
361913;Terry Turner;1911;0,643
361913;Terry Turner;1912;0,731
361913;Terry Turner;1913;0,65
361913;Terry Turner;1914;0,646
361913;Terry Turner;1915;0,642
361913;Terry Turner;1916;0,636
361913;Terry Turner;1918;0,613
361919;Trea Turner;2016;0,937
361919;Trea Turner;2017;0,789
361919;Trea Turner;2018;0,76
361919;Trea Turner;2019;0,85
361919;Trea Turner;2020;0,982
361919;Trea Turner;2021;0,92
361919;Trea Turner;2022;0,809
361919;Trea Turner;2023;0,778
361919;Trea Turner;2024;0,807
361919;Trea Turner;2025;0,812
361920;Tuck Turner;1894;0,997
361920;Tuck Turner;1895;0,963
361920;Tuck Turner;1896;0,673
361920;Tuck Turner;1897;0,754
361922;Bill Tuttle;1954;0,728
361922;Bill Tuttle;1955;0,757
361922;Bill Tuttle;1956;0,658
361922;Bill Tuttle;1957;0,644
361922;Bill Tuttle;1958;0,685
361922;Bill Tuttle;1959;0,782
361922;Bill Tuttle;1960;0,683
361922;Bill Tuttle;1961;0,656
361927;Larry Twitchell;1887;0,789
361927;Larry Twitchell;1888;0,611
361927;Larry Twitchell;1889;0,681
361927;Larry Twitchell;1890;0,579
361927;Larry Twitchell;1891;0,721
361927;Larry Twitchell;1894;0,716
361932;George Twombly;1914;0,559
361943;Jason Tyner;2001;0,637
361943;Jason Tyner;2006;0,698
361943;Jason Tyner;2007;0,687
361948;Jim Tyrone;1977;0,64
361951;Mike Tyson;1973;0,577
361951;Mike Tyson;1974;0,551
361951;Mike Tyson;1975;0,658
361951;Mike Tyson;1976;0,771
361951;Mike Tyson;1977;0,641
361951;Mike Tyson;1978;0,577
361951;Mike Tyson;1980;0,61
361953;Ty Tyson;1926;0,702
361953;Ty Tyson;1928;0,665
361956;Bob Uecker;1966;0,617
361959;Dan Uggla;2006;0,818
361959;Dan Uggla;2007;0,805
361959;Dan Uggla;2008;0,874
361959;Dan Uggla;2009;0,813
361959;Dan Uggla;2010;0,877
361959;Dan Uggla;2011;0,764
361959;Dan Uggla;2012;0,732
361959;Dan Uggla;2013;0,671
361962;Ted Uhlaender;1966;0,566
361962;Ted Uhlaender;1967;0,665
361962;Ted Uhlaender;1968;0,714
361962;Ted Uhlaender;1969;0,684
361962;Ted Uhlaender;1970;0,712
361962;Ted Uhlaender;1971;0,688
361977;Tom Umphlett;1953;0,707
361977;Tom Umphlett;1954;0,524
361977;Tom Umphlett;1955;0,537
361985;Bob Unglaub;1907;0,622
361985;Bob Unglaub;1908;0,667
361985;Bob Unglaub;1909;0,651
361985;Bob Unglaub;1910;0,544
361987;Al Unser;1945;0,705
361988;Del Unser;1968;0,56
361988;Del Unser;1969;0,731
361988;Del Unser;1970;0,645
361988;Del Unser;1971;0,679
361988;Del Unser;1972;0,565
361988;Del Unser;1973;0,781
361988;Del Unser;1974;0,736
361988;Del Unser;1975;0,729
361988;Del Unser;1976;0,624
361988;Del Unser;1977;0,799
361995;Willie Upshaw;1978;0,602
361995;Willie Upshaw;1982;0,77
361995;Willie Upshaw;1983;0,887
361995;Willie Upshaw;1984;0,809
361995;Willie Upshaw;1985;0,789
361995;Willie Upshaw;1986;0,709
361995;Willie Upshaw;1987;0,715
361995;Willie Upshaw;1988;0,699
361997;B. J. Upton;2007;0,894
361997;B. J. Upton;2008;0,784
361997;B. J. Upton;2009;0,686
361997;B. J. Upton;2010;0,745
361997;B. J. Upton;2011;0,759
361997;B. J. Upton;2012;0,752
361997;B. J. Upton;2013;0,557
361997;B. J. Upton;2014;0,62
361997;B. J. Upton;2015;0,757
361997;B. J. Upton;2016;0,743
361998;Justin Upton;2008;0,816
361998;Justin Upton;2009;0,899
361998;Justin Upton;2010;0,799
361998;Justin Upton;2011;0,898
361998;Justin Upton;2012;0,785
361998;Justin Upton;2013;0,818
361998;Justin Upton;2014;0,833
361998;Justin Upton;2015;0,79
361998;Justin Upton;2016;0,775
361998;Justin Upton;2017;0,904
361998;Justin Upton;2018;0,808
361998;Justin Upton;2019;0,724
361998;Justin Upton;2021;0,705
361999;Tom Upton;1950;0,624
362001;Billy Urbanski;1931;0,581
362001;Billy Urbanski;1932;0,695
362001;Billy Urbanski;1933;0,6
362001;Billy Urbanski;1934;0,754
362001;Billy Urbanski;1935;0,572
362001;Billy Urbanski;1936;0,626
362010;Luis Urias;2019;0,655
362010;Luis Urias;2021;0,789
362010;Luis Urias;2022;0,739
362010;Luis Urias;2025;0,653
362011;Ramon Urias;2021;0,774
362011;Ramon Urias;2022;0,72
362011;Ramon Urias;2023;0,703
362011;Ramon Urias;2024;0,745
362011;Ramon Urias;2025;0,688
362013;Jose Uribe;1985;0,601
362013;Jose Uribe;1986;0,596
362013;Jose Uribe;1987;0,767
362013;Jose Uribe;1988;0,62
362013;Jose Uribe;1989;0,553
362013;Jose Uribe;1990;0,601
362013;Jose Uribe;1991;0,586
362014;Juan Uribe;2001;0,849
362014;Juan Uribe;2002;0,627
362014;Juan Uribe;2003;0,724
362014;Juan Uribe;2004;0,833
362014;Juan Uribe;2005;0,712
362014;Juan Uribe;2006;0,698
362014;Juan Uribe;2007;0,678
362014;Juan Uribe;2008;0,682
362014;Juan Uribe;2009;0,824
362014;Juan Uribe;2010;0,749
362014;Juan Uribe;2011;0,557
362014;Juan Uribe;2013;0,769
362014;Juan Uribe;2014;0,777
362014;Juan Uribe;2016;0,591
362018;Gio Urshela;2015;0,608
362018;Gio Urshela;2019;0,889
362018;Gio Urshela;2021;0,72
362018;Gio Urshela;2022;0,767
362018;Gio Urshela;2023;0,703
362018;Gio Urshela;2024;0,619
362021;Bob Usher;1950;0,684
362021;Bob Usher;1951;0,567
362021;Bob Usher;1957;0,667
362023;Chase Utley;2004;0,776
362023;Chase Utley;2005;0,915
362023;Chase Utley;2006;0,906
362023;Chase Utley;2007;0,976
362023;Chase Utley;2008;0,915
362023;Chase Utley;2009;0,905
362023;Chase Utley;2010;0,832
362023;Chase Utley;2011;0,769
362023;Chase Utley;2012;0,793
362023;Chase Utley;2013;0,823
362023;Chase Utley;2014;0,746
362023;Chase Utley;2015;0,617
362023;Chase Utley;2016;0,716
362023;Chase Utley;2017;0,728
362025;Ernest Vache;1925;0,846
362029;Mike Vail;1977;0,708
362029;Mike Vail;1980;0,753
362031;Pat Valaika;2021;0,54
362032;Luis Valbuena;2009;0,714
362032;Luis Valbuena;2010;0,531
362032;Luis Valbuena;2012;0,65
362032;Luis Valbuena;2013;0,708
362032;Luis Valbuena;2014;0,776
362032;Luis Valbuena;2015;0,748
362032;Luis Valbuena;2016;0,816
362032;Luis Valbuena;2017;0,727
362032;Luis Valbuena;2018;0,588
362038;Enmanuel Valdez;2024;0,633
362059;Sandy Valdespino;1965;0,641
362063;Wilson Valdez;2010;0,667
362063;Wilson Valdez;2011;0,634
362064;Jose Valdivielso;1955;0,594
362064;Jose Valdivielso;1956;0,651
362064;Jose Valdivielso;1960;0,522
362067;Bobby Valentine;1971;0,597
362067;Bobby Valentine;1972;0,654
362067;Bobby Valentine;1974;0,637
362069;Danny Valencia;2010;0,799
362069;Danny Valencia;2011;0,677
362069;Danny Valencia;2016;0,792
362069;Danny Valencia;2017;0,725
362069;Danny Valencia;2018;0,723
362070;Ellis Valentine;1976;0,749
362070;Ellis Valentine;1977;0,835
362070;Ellis Valentine;1978;0,82
362070;Ellis Valentine;1979;0,758
362070;Ellis Valentine;1980;0,891
362070;Ellis Valentine;1982;0,701
362070;Ellis Valentine;1983;0,719
362071;Eric Valent;2004;0,818
362073;Fred Valentine;1964;0,61
362073;Fred Valentine;1966;0,806
362073;Fred Valentine;1967;0,676
362074;Javier Valentin;1999;0,694
362074;Javier Valentin;2004;0,674
362074;Javier Valentin;2005;0,883
362074;Javier Valentin;2007;0,715
362077;John Valentin;1993;0,793
362077;John Valentin;1994;0,905
362077;John Valentin;1995;0,931
362077;John Valentin;1996;0,811
362077;John Valentin;1997;0,871
362077;John Valentin;1998;0,782
362077;John Valentin;1999;0,713
362077;John Valentin;2002;0,695
362078;Jose Valentin;1994;0,751
362078;Jose Valentin;1995;0,695
362078;Jose Valentin;1996;0,811
362078;Jose Valentin;1997;0,717
362078;Jose Valentin;1998;0,716
362078;Jose Valentin;1999;0,765
362078;Jose Valentin;2000;0,835
362078;Jose Valentin;2001;0,845
362078;Jose Valentin;2002;0,79
362078;Jose Valentin;2003;0,776
362078;Jose Valentin;2004;0,76
362078;Jose Valentin;2006;0,82
362085;Dave Valle;1987;0,727
362085;Dave Valle;1988;0,695
362085;Dave Valle;1989;0,665
362085;Dave Valle;1990;0,659
362085;Dave Valle;1991;0,586
362085;Dave Valle;1992;0,668
362085;Dave Valle;1993;0,748
362088;Elmer Valo;1942;0,69
362088;Elmer Valo;1943;0,616
362088;Elmer Valo;1946;0,822
362088;Elmer Valo;1947;0,811
362088;Elmer Valo;1948;0,826
362088;Elmer Valo;1949;0,817
362088;Elmer Valo;1950;0,806
362088;Elmer Valo;1951;0,858
362088;Elmer Valo;1952;0,839
362088;Elmer Valo;1954;0,686
362088;Elmer Valo;1955;0,944
362088;Elmer Valo;1956;0,798
362099;Al Van Camp;1931;0,665
362112;John Vander Wal;1992;0,669
362112;John Vander Wal;1993;0,692
362112;John Vander Wal;1999;0,787
362112;John Vander Wal;2000;0,972
362112;John Vander Wal;2001;0,834
362112;John Vander Wal;2002;0,756
362112;John Vander Wal;2003;0,818
362116;Bill Van Dyke;1890;0,637
362121;George Van Haltren;1888;0,767
362121;George Van Haltren;1889;0,862
362121;George Van Haltren;1890;0,849
362121;George Van Haltren;1891;0,841
362121;George Van Haltren;1892;0,801
362121;George Van Haltren;1893;0,846
362121;George Van Haltren;1894;0,827
362121;George Van Haltren;1895;0,911
362121;George Van Haltren;1896;0,894
362121;George Van Haltren;1897;0,791
362121;George Van Haltren;1898;0,785
362121;George Van Haltren;1899;0,737
362121;George Van Haltren;1900;0,769
362121;George Van Haltren;1901;0,801
362121;George Van Haltren;1903;0,613
362124;Josh VanMeter;2019;0,735
362124;Josh VanMeter;2021;0,651
362128;Maurice Van Robays;1940;0,718
362128;Maurice Van Robays;1941;0,723
362128;Maurice Van Robays;1942;0,609
362128;Maurice Van Robays;1943;0,776
362130;Andy Van Slyke;1983;0,777
362130;Andy Van Slyke;1984;0,723
362130;Andy Van Slyke;1985;0,774
362130;Andy Van Slyke;1986;0,795
362130;Andy Van Slyke;1987;0,866
362130;Andy Van Slyke;1988;0,851
362130;Andy Van Slyke;1989;0,677
362130;Andy Van Slyke;1990;0,832
362130;Andy Van Slyke;1991;0,801
362130;Andy Van Slyke;1992;0,886
362130;Andy Van Slyke;1993;0,806
362130;Andy Van Slyke;1994;0,698
362130;Andy Van Slyke;1995;0,684
362131;Scott Van Slyke;2014;0,91
362131;Scott Van Slyke;2015;0,7
362134;Ike Van Zandt;1905;0,547
362140;Ildemaro Vargas;2019;0,712
362140;Ildemaro Vargas;2023;0,666
362140;Ildemaro Vargas;2024;0,611
362143;Kennys Vargas;2014;0,772
362143;Kennys Vargas;2017;0,758
362144;Miguel Vargas;2023;0,672
362144;Miguel Vargas;2025;0,717
362148;Jason Varitek;1998;0,716
362148;Jason Varitek;1999;0,813
362148;Jason Varitek;2000;0,73
362148;Jason Varitek;2002;0,724
362148;Jason Varitek;2003;0,863
362148;Jason Varitek;2004;0,872
362148;Jason Varitek;2005;0,856
362148;Jason Varitek;2006;0,725
362148;Jason Varitek;2007;0,787
362148;Jason Varitek;2008;0,672
362148;Jason Varitek;2009;0,703
362148;Jason Varitek;2011;0,723
362155;Daulton Varsho;2021;0,755
362155;Daulton Varsho;2022;0,745
362155;Daulton Varsho;2023;0,674
362155;Daulton Varsho;2024;0,7
362155;Daulton Varsho;2025;0,833
362170;Andrew Vaughn;2021;0,705
362170;Andrew Vaughn;2022;0,75
362170;Andrew Vaughn;2023;0,743
362170;Andrew Vaughn;2024;0,699
362170;Andrew Vaughn;2025;0,869
362171;Arky Vaughan;1932;0,787
362171;Arky Vaughan;1933;0,866
362171;Arky Vaughan;1934;0,942
362171;Arky Vaughan;1935;1,098
362171;Arky Vaughan;1936;0,927
362171;Arky Vaughan;1937;0,857
362171;Arky Vaughan;1938;0,876
362171;Arky Vaughan;1939;0,808
362171;Arky Vaughan;1940;0,846
362171;Arky Vaughan;1941;0,854
362171;Arky Vaughan;1942;0,689
362171;Arky Vaughan;1943;0,783
362172;Bobby Vaughn;1915;0,707
362175;Farmer Vaughn;1889;0,576
362175;Farmer Vaughn;1892;0,625
362175;Farmer Vaughn;1893;0,703
362175;Farmer Vaughn;1894;0,82
362175;Farmer Vaughn;1895;0,752
362175;Farmer Vaughn;1896;0,715
362175;Farmer Vaughn;1898;0,728
362176;Fred Vaughn;1945;0,6
362178;Greg Vaughn;1990;0,712
362178;Greg Vaughn;1991;0,774
362178;Greg Vaughn;1992;0,723
362178;Greg Vaughn;1993;0,85
362178;Greg Vaughn;1994;0,824
362178;Greg Vaughn;1995;0,725
362178;Greg Vaughn;1996;0,948
362178;Greg Vaughn;1997;0,716
362178;Greg Vaughn;1998;0,96
362178;Greg Vaughn;1999;0,881
362178;Greg Vaughn;2000;0,864
362178;Greg Vaughn;2001;0,766
362178;Greg Vaughn;2002;0,601
362181;Mo Vaughn;1991;0,709
362181;Mo Vaughn;1992;0,726
362181;Mo Vaughn;1993;0,915
362181;Mo Vaughn;1994;0,984
362181;Mo Vaughn;1995;0,963
362181;Mo Vaughn;1996;1,003
362181;Mo Vaughn;1997;0,98
362181;Mo Vaughn;1998;0,993
362181;Mo Vaughn;1999;0,866
362181;Mo Vaughn;2000;0,864
362181;Mo Vaughn;2002;0,805
362187;Christian Vazquez;2017;0,735
362187;Christian Vazquez;2018;0,54
362187;Christian Vazquez;2019;0,798
362187;Christian Vazquez;2021;0,659
362187;Christian Vazquez;2022;0,759
362187;Christian Vazquez;2023;0,598
362187;Christian Vazquez;2024;0,575
362190;Ramon Vazquez;2002;0,706
362190;Ramon Vazquez;2003;0,684
362190;Ramon Vazquez;2007;0,674
362190;Ramon Vazquez;2008;0,795
362190;Ramon Vazquez;2009;0,614
362192;Bobby Veach;1913;0,7
362192;Bobby Veach;1914;0,71
362192;Bobby Veach;1915;0,824
362192;Bobby Veach;1916;0,8
362192;Bobby Veach;1917;0,85
362192;Bobby Veach;1918;0,722
362192;Bobby Veach;1919;0,916
362192;Bobby Veach;1920;0,827
362192;Bobby Veach;1921;0,917
362192;Bobby Veach;1922;0,845
362192;Bobby Veach;1923;0,794
362192;Bobby Veach;1924;0,785
362193;Peek-A-Boo Veach;1890;0,655
362194;Coot Veal;1958;0,627
362194;Coot Veal;1961;0,52
362204;Randy Velarde;1990;0,594
362204;Randy Velarde;1992;0,719
362204;Randy Velarde;1993;0,829
362204;Randy Velarde;1994;0,777
362204;Randy Velarde;1995;0,768
362204;Randy Velarde;1996;0,799
362204;Randy Velarde;1999;0,851
362204;Randy Velarde;2000;0,754
362204;Randy Velarde;2001;0,825
362208;Andrew Velazquez;2022;0,54
362213;Nelson Velazquez;2024;0,64
362214;Eugenio Velez;2008;0,681
362214;Eugenio Velez;2009;0,708
362215;Otto Velez;1977;0,824
362215;Otto Velez;1978;0,828
362215;Otto Velez;1979;0,925
362215;Otto Velez;1980;0,852
362215;Otto Velez;1981;0,768
362217;Max Venable;1983;0,659
362218;Will Venable;2009;0,763
362218;Will Venable;2010;0,732
362218;Will Venable;2011;0,704
362218;Will Venable;2012;0,765
362218;Will Venable;2013;0,796
362218;Will Venable;2014;0,613
362218;Will Venable;2015;0,696
362224;Robin Ventura;1990;0,643
362224;Robin Ventura;1991;0,81
362224;Robin Ventura;1992;0,806
362224;Robin Ventura;1993;0,812
362224;Robin Ventura;1994;0,832
362224;Robin Ventura;1995;0,882
362224;Robin Ventura;1996;0,888
362224;Robin Ventura;1998;0,785
362224;Robin Ventura;1999;0,908
362224;Robin Ventura;2000;0,777
362224;Robin Ventura;2001;0,778
362224;Robin Ventura;2002;0,826
362224;Robin Ventura;2003;0,736
362229;Quilvio Veras;1995;0,757
362229;Quilvio Veras;1996;0,721
362229;Quilvio Veras;1997;0,685
362229;Quilvio Veras;1998;0,729
362229;Quilvio Veras;1999;0,747
362229;Quilvio Veras;2000;0,823
362229;Quilvio Veras;2001;0,686
362231;Emil Verban;1944;0,58
362231;Emil Verban;1945;0,645
362231;Emil Verban;1946;0,638
362231;Emil Verban;1947;0,656
362231;Emil Verban;1948;0,683
362231;Emil Verban;1949;0,635
362236;Alex Verdugo;2019;0,817
362236;Alex Verdugo;2020;0,844
362236;Alex Verdugo;2021;0,777
362236;Alex Verdugo;2022;0,732
362236;Alex Verdugo;2023;0,745
362236;Alex Verdugo;2024;0,647
362241;Johnny Vergez;1931;0,716
362241;Johnny Vergez;1932;0,69
362241;Johnny Vergez;1933;0,78
362241;Johnny Vergez;1934;0,597
362241;Johnny Vergez;1935;0,675
362247;Mickey Vernon;1939;0,668
362247;Mickey Vernon;1941;0,794
362247;Mickey Vernon;1942;0,725
362247;Mickey Vernon;1943;0,744
362247;Mickey Vernon;1946;0,91
362247;Mickey Vernon;1947;0,709
362247;Mickey Vernon;1948;0,641
362247;Mickey Vernon;1949;0,801
362247;Mickey Vernon;1950;0,863
362247;Mickey Vernon;1951;0,781
362247;Mickey Vernon;1952;0,746
362247;Mickey Vernon;1953;0,921
362247;Mickey Vernon;1954;0,85
362247;Mickey Vernon;1955;0,835
362247;Mickey Vernon;1956;0,914
362247;Mickey Vernon;1957;0,743
362247;Mickey Vernon;1958;0,812
362249;Zoilo Versalles;1961;0,704
362249;Zoilo Versalles;1962;0,66
362249;Zoilo Versalles;1963;0,704
362249;Zoilo Versalles;1964;0,742
362249;Zoilo Versalles;1965;0,781
362249;Zoilo Versalles;1966;0,653
362249;Zoilo Versalles;1967;0,531
362249;Zoilo Versalles;1968;0,51
362249;Zoilo Versalles;1969;0,597
362250;Tom Veryzer;1975;0,624
362250;Tom Veryzer;1976;0,563
362250;Tom Veryzer;1977;0,485
362250;Tom Veryzer;1978;0,638
362250;Tom Veryzer;1979;0,533
362250;Tom Veryzer;1980;0,625
362250;Tom Veryzer;1981;0,54
362256;Dayan Viciedo;2012;0,744
362256;Dayan Viciedo;2013;0,731
362256;Dayan Viciedo;2014;0,686
362260;Sammy Vick;1919;0,652
362261;Sam Vico;1948;0,718
362262;Shane Victorino;2006;0,76
362262;Shane Victorino;2007;0,77
362262;Shane Victorino;2008;0,799
362262;Shane Victorino;2009;0,803
362262;Shane Victorino;2010;0,756
362262;Shane Victorino;2011;0,847
362262;Shane Victorino;2012;0,6955
362262;Shane Victorino;2013;0,801
362264;Jose Vidro;1998;0,596
362264;Jose Vidro;1999;0,822
362264;Jose Vidro;2000;0,918
362264;Jose Vidro;2001;0,856
362264;Jose Vidro;2002;0,868
362264;Jose Vidro;2003;0,866
362264;Jose Vidro;2004;0,821
362264;Jose Vidro;2005;0,763
362264;Jose Vidro;2006;0,744
362264;Jose Vidro;2007;0,775
362264;Jose Vidro;2008;0,612
362268;Mark Vientos;2023;0,62
362268;Mark Vientos;2024;0,837
362268;Mark Vientos;2025;0,702
362270;Matt Vierling;2022;0,648
362270;Matt Vierling;2023;0,717
362270;Matt Vierling;2024;0,735
362275;Christian Villanueva;2018;0,75
362282;Jonathan Villar;2013;0,64
362282;Jonathan Villar;2014;0,62
362282;Jonathan Villar;2016;0,826
362282;Jonathan Villar;2017;0,665
362282;Jonathan Villar;2018;0,711
362282;Jonathan Villar;2019;0,792
362282;Jonathan Villar;2021;0,738
362283;Manuel Villa;1915;0,713
362291;Fernando Vina;1995;0,688
362291;Fernando Vina;1996;0,733
362291;Fernando Vina;1997;0,673
362291;Fernando Vina;1998;0,813
362291;Fernando Vina;2000;0,779
362291;Fernando Vina;2001;0,775
362291;Fernando Vina;2002;0,67
362291;Fernando Vina;2003;0,691
362305;Jim Viox;1913;0,826
362305;Jim Viox;1914;0,677
362305;Jim Viox;1915;0,691
362306;Bill Virdon;1955;0,755
362306;Bill Virdon;1956;0,836
362306;Bill Virdon;1957;0,675
362306;Bill Virdon;1958;0,712
362306;Bill Virdon;1959;0,682
362306;Bill Virdon;1960;0,732
362306;Bill Virdon;1961;0,682
362306;Bill Virdon;1962;0,631
362306;Bill Virdon;1963;0,695
362306;Bill Virdon;1964;0,585
362306;Bill Virdon;1965;0,692
362307;Ozzie Virgil;1957;0,583
362308;Ozzie Virgil;1984;0,765
362308;Ozzie Virgil;1985;0,762
362308;Ozzie Virgil;1986;0,716
362308;Ozzie Virgil;1987;0,801
362308;Ozzie Virgil;1988;0,685
362309;Jake Virtue;1890;0,836
362309;Jake Virtue;1891;0,727
362309;Jake Virtue;1892;0,771
362309;Jake Virtue;1893;0,726
362310;Joe Visner;1889;0,794
362310;Joe Visner;1890;0,77
362312;Joe Vitiello;1996;0,743
362315;Ossie Vitt;1912;0,586
362315;Ossie Vitt;1913;0,607
362315;Ossie Vitt;1915;0,682
362315;Ossie Vitt;1916;0,608
362315;Ossie Vitt;1917;0,631
362315;Ossie Vitt;1918;0,594
362315;Ossie Vitt;1919;0,587
362315;Ossie Vitt;1920;0,611
362315;Ossie Vitt;1921;0,567
362319;Jose Vizcaino;1992;0,558
362319;Jose Vizcaino;1993;0,697
362319;Jose Vizcaino;1994;0,635
362319;Jose Vizcaino;1995;0,698
362319;Jose Vizcaino;1996;0,733
362319;Jose Vizcaino;1997;0,673
362319;Jose Vizcaino;1998;0,649
362319;Jose Vizcaino;1999;0,601
362319;Jose Vizcaino;2001;0,666
362319;Jose Vizcaino;2002;0,738
362319;Jose Vizcaino;2004;0,685
362321;Omar Vizquel;1989;0,534
362321;Omar Vizquel;1990;0,593
362321;Omar Vizquel;1991;0,595
362321;Omar Vizquel;1992;0,692
362321;Omar Vizquel;1993;0,618
362321;Omar Vizquel;1994;0,65
362321;Omar Vizquel;1995;0,684
362321;Omar Vizquel;1996;0,779
362321;Omar Vizquel;1997;0,715
362321;Omar Vizquel;1998;0,73
362321;Omar Vizquel;1999;0,833
362321;Omar Vizquel;2000;0,753
362321;Omar Vizquel;2001;0,657
362321;Omar Vizquel;2002;0,759
362321;Omar Vizquel;2003;0,657
362321;Omar Vizquel;2004;0,741
362321;Omar Vizquel;2005;0,691
362321;Omar Vizquel;2006;0,749
362321;Omar Vizquel;2007;0,621
362321;Omar Vizquel;2008;0,55
362321;Omar Vizquel;2010;0,673
362323;Dan Vogelbach;2019;0,78
362323;Dan Vogelbach;2021;0,73
362323;Dan Vogelbach;2022;0,769
362323;Dan Vogelbach;2023;0,742
362326;Stephen Vogt;2014;0,752
362326;Stephen Vogt;2015;0,783
362326;Stephen Vogt;2016;0,711
362326;Stephen Vogt;2019;0,804
362330;Luke Voit;2019;0,842
362330;Luke Voit;2020;0,948
362330;Luke Voit;2021;0,764
362330;Luke Voit;2022;0,7045
362331;Clyde Vollmer;1949;0,726
362331;Clyde Vollmer;1951;0,802
362331;Clyde Vollmer;1952;0,846
362331;Clyde Vollmer;1953;0,734
362332;Anthony Volpe;2023;0,666
362332;Anthony Volpe;2024;0,657
362332;Anthony Volpe;2025;0,663
362344;Joe Vosmik;1931;0,827
362344;Joe Vosmik;1932;0,838
362344;Joe Vosmik;1933;0,713
362344;Joe Vosmik;1934;0,87
362344;Joe Vosmik;1935;0,946
362344;Joe Vosmik;1936;0,796
362344;Joe Vosmik;1937;0,832
362344;Joe Vosmik;1938;0,83
362344;Joe Vosmik;1939;0,744
362344;Joe Vosmik;1940;0,675
362345;Alex Voss;1884;0,437
362346;Bill Voss;1969;0,66
362346;Bill Voss;1971;0,687
362348;Joey Votto;2008;0,874
362348;Joey Votto;2009;0,981
362348;Joey Votto;2010;1,024
362348;Joey Votto;2011;0,947
362348;Joey Votto;2012;1,041
362348;Joey Votto;2013;0,926
362348;Joey Votto;2014;0,799
362348;Joey Votto;2015;1
362348;Joey Votto;2016;0,985
362348;Joey Votto;2017;1,032
362348;Joey Votto;2018;0,837
362348;Joey Votto;2019;0,768
362348;Joey Votto;2021;0,938
362348;Joey Votto;2022;0,689
362348;Joey Votto;2023;0,747
362353;George Vukovich;1982;0,725
362353;George Vukovich;1983;0,631
362353;George Vukovich;1984;0,794
362353;George Vukovich;1985;0,642
362354;John Vukovich;1971;0,4
362371;LaMonte Wade;2021;0,808
362371;LaMonte Wade;2022;0,665
362371;LaMonte Wade;2023;0,79
362371;LaMonte Wade;2024;0,761
362378;Eric Wagaman;2025;0,674
362382;Butts Wagner;1898;0,584
362386;Hal Wagner;1942;0,616
362386;Hal Wagner;1943;0,642
362386;Hal Wagner;1944;0,857
362386;Hal Wagner;1946;0,675
362387;Heinie Wagner;1907;0,55
362387;Heinie Wagner;1908;0,581
362387;Heinie Wagner;1909;0,649
362387;Heinie Wagner;1910;0,696
362387;Heinie Wagner;1911;0,719
362387;Heinie Wagner;1912;0,717
362387;Heinie Wagner;1913;0,642
362387;Heinie Wagner;1915;0,635
362389;Honus Wagner;1897;0,843
362389;Honus Wagner;1898;0,751
362389;Honus Wagner;1899;0,895
362389;Honus Wagner;1900;1,007
362389;Honus Wagner;1901;0,911
362389;Honus Wagner;1902;0,857
362389;Honus Wagner;1903;0,931
362389;Honus Wagner;1904;0,944
362389;Honus Wagner;1905;0,932
362389;Honus Wagner;1906;0,875
362389;Honus Wagner;1907;0,921
362389;Honus Wagner;1908;0,957
362389;Honus Wagner;1909;0,909
362389;Honus Wagner;1910;0,822
362389;Honus Wagner;1911;0,93
362389;Honus Wagner;1912;0,891
362389;Honus Wagner;1913;0,734
362389;Honus Wagner;1914;0,634
362389;Honus Wagner;1915;0,747
362389;Honus Wagner;1916;0,721
362389;Honus Wagner;1917;0,642
362391;Leon Wagner;1958;0,905
362391;Leon Wagner;1961;0,865
362391;Leon Wagner;1962;0,826
362391;Leon Wagner;1963;0,809
362391;Leon Wagner;1964;0,75
362391;Leon Wagner;1965;0,864
362391;Leon Wagner;1966;0,775
362391;Leon Wagner;1967;0,703
362401;Kermit Wahl;1950;0,674
362406;Eddie Waitkus;1946;0,748
362406;Eddie Waitkus;1947;0,717
362406;Eddie Waitkus;1948;0,764
362406;Eddie Waitkus;1949;0,829
362406;Eddie Waitkus;1950;0,7
362406;Eddie Waitkus;1951;0,636
362406;Eddie Waitkus;1952;0,745
362406;Eddie Waitkus;1953;0,686
362406;Eddie Waitkus;1954;0,724
362408;Charlie Waitt;1882;0,374
362412;Dick Wakefield;1943;0,811
362412;Dick Wakefield;1944;1,04
362412;Dick Wakefield;1946;0,776
362412;Dick Wakefield;1947;0,828
362412;Dick Wakefield;1948;0,878
362413;Howard Wakefield;1906;0,658
362416;Matt Walbeck;1994;0,53
362416;Matt Walbeck;1995;0,617
362416;Matt Walbeck;1996;0,55
362416;Matt Walbeck;1998;0,684
362416;Matt Walbeck;1999;0,614
362428;Irv Waldron;1901;0,7325
362441;Chico Walker;1991;0,652
362441;Chico Walker;1992;0,792
362441;Chico Walker;1993;0,609
362442;Christian Walker;2019;0,825
362442;Christian Walker;2020;0,792
362442;Christian Walker;2021;0,696
362442;Christian Walker;2022;0,804
362442;Christian Walker;2023;0,83
362442;Christian Walker;2024;0,803
362442;Christian Walker;2025;0,717
362443;Curt Walker;1922;0,899
362443;Curt Walker;1923;0,715
362443;Curt Walker;1924;0,804
362443;Curt Walker;1925;0,847
362443;Curt Walker;1926;0,823
362443;Curt Walker;1927;0,745
362443;Curt Walker;1928;0,766
362443;Curt Walker;1929;0,89
362443;Curt Walker;1930;0,851
362445;Dixie Walker;1933;0,83
362445;Dixie Walker;1937;0,832
362445;Dixie Walker;1938;0,83
362445;Dixie Walker;1939;0,708
362445;Dixie Walker;1940;0,793
362445;Dixie Walker;1941;0,843
362445;Dixie Walker;1942;0,78
362445;Dixie Walker;1943;0,774
362445;Dixie Walker;1944;0,963
362445;Dixie Walker;1945;0,82
362445;Dixie Walker;1946;0,839
362445;Dixie Walker;1947;0,842
362445;Dixie Walker;1948;0,786
362446;Duane Walker;1982;0,62
362446;Duane Walker;1983;0,62
362453;Gee Walker;1932;0,809
362453;Gee Walker;1933;0,728
362453;Gee Walker;1934;0,758
362453;Gee Walker;1935;0,782
362453;Gee Walker;1936;0,924
362453;Gee Walker;1937;0,88
362453;Gee Walker;1938;0,854
362453;Gee Walker;1939;0,773
362453;Gee Walker;1940;0,757
362453;Gee Walker;1941;0,744
362453;Gee Walker;1942;0,613
362453;Gee Walker;1943;0,599
362453;Gee Walker;1944;0,684
362453;Gee Walker;1945;0,609
362455;Greg Walker;1983;0,772
362455;Greg Walker;1984;0,878
362455;Greg Walker;1985;0,763
362455;Greg Walker;1986;0,838
362455;Greg Walker;1987;0,81
362455;Greg Walker;1988;0,678
362455;Greg Walker;1989;0,621
362456;Harry Walker;1943;0,717
362456;Harry Walker;1946;0,638
362456;Harry Walker;1947;0,943
362456;Harry Walker;1948;0,713
362456;Harry Walker;1949;0,774
362458;Hub Walker;1931;0,7
362458;Hub Walker;1936;0,765
362458;Hub Walker;1937;0,688
362462;Johnny Walker;1921;0,607
362463;Jordan Walker;2023;0,787
362463;Jordan Walker;2025;0,584
362466;Larry Walker;1990;0,761
362466;Larry Walker;1991;0,807
362466;Larry Walker;1992;0,859
362466;Larry Walker;1993;0,841
362466;Larry Walker;1994;0,981
362466;Larry Walker;1995;0,988
362466;Larry Walker;1996;0,912
362466;Larry Walker;1997;1,172
362466;Larry Walker;1998;1,075
362466;Larry Walker;1999;1,168
362466;Larry Walker;2000;0,915
362466;Larry Walker;2001;1,111
362466;Larry Walker;2002;1,023
362466;Larry Walker;2003;0,898
362466;Larry Walker;2005;0,886
362472;Neil Walker;2010;0,811
362472;Neil Walker;2011;0,742
362472;Neil Walker;2012;0,768
362472;Neil Walker;2013;0,757
362472;Neil Walker;2014;0,809
362472;Neil Walker;2015;0,756
362472;Neil Walker;2016;0,823
362472;Neil Walker;2017;0,78
362472;Neil Walker;2018;0,664
362472;Neil Walker;2019;0,738
362473;Oscar Walker;1879;0,675
362473;Oscar Walker;1882;0,658
362473;Oscar Walker;1884;0,651
362477;Rube Walker;1950;0,647
362483;Tillie Walker;1911;0,645
362483;Tillie Walker;1914;0,806
362483;Tillie Walker;1915;0,688
362483;Tillie Walker;1916;0,697
362483;Tillie Walker;1917;0,659
362483;Tillie Walker;1918;0,782
362483;Tillie Walker;1919;0,779
362483;Tillie Walker;1920;0,739
362483;Tillie Walker;1921;0,892
362483;Tillie Walker;1922;0,906
362487;Todd Walker;1998;0,845
362487;Todd Walker;1999;0,74
362487;Todd Walker;2001;0,8125
362487;Todd Walker;2002;0,785
362487;Todd Walker;2003;0,76
362487;Todd Walker;2004;0,82
362487;Todd Walker;2005;0,829
362487;Todd Walker;2006;0,742
362496;Bobby Wallace;1897;0,898
362496;Bobby Wallace;1898;0,715
362496;Bobby Wallace;1899;0,811
362496;Bobby Wallace;1900;0,709
362496;Bobby Wallace;1901;0,802
362496;Bobby Wallace;1902;0,743
362496;Bobby Wallace;1903;0,65
362496;Bobby Wallace;1904;0,685
362496;Bobby Wallace;1905;0,673
362496;Bobby Wallace;1906;0,688
362496;Bobby Wallace;1907;0,647
362496;Bobby Wallace;1908;0,652
362496;Bobby Wallace;1909;0,588
362496;Bobby Wallace;1910;0,647
362496;Bobby Wallace;1911;0,583
362496;Bobby Wallace;1912;0,648
362498;Brett Wallace;2011;0,703
362498;Brett Wallace;2012;0,746
362498;Brett Wallace;2013;0,716
362498;Brett Wallace;2016;0,627
362507;Jack Wallaesa;1947;0,631
362513;Tim Wallach;1981;0,643
362513;Tim Wallach;1982;0,784
362513;Tim Wallach;1983;0,769
362513;Tim Wallach;1984;0,706
362513;Tim Wallach;1985;0,759
362513;Tim Wallach;1986;0,704
362513;Tim Wallach;1987;0,858
362513;Tim Wallach;1988;0,69
362513;Tim Wallach;1989;0,76
362513;Tim Wallach;1990;0,81
362513;Tim Wallach;1991;0,626
362513;Tim Wallach;1992;0,627
362513;Tim Wallach;1993;0,612
362513;Tim Wallach;1994;0,859
362513;Tim Wallach;1995;0,754
362521;Denny Walling;1978;0,688
362521;Denny Walling;1980;0,761
362521;Denny Walling;1984;0,726
362521;Denny Walling;1985;0,71
362521;Denny Walling;1986;0,846
362521;Denny Walling;1987;0,774
362522;Joe Wallis;1976;0,683
362522;Joe Wallis;1978;0,665
362526;Matt Wallner;2023;0,877
362526;Matt Wallner;2024;0,894
362526;Matt Wallner;2025;0,776
362529;Lee Walls;1956;0,777
362529;Lee Walls;1957;0,636
362529;Lee Walls;1958;0,863
362529;Lee Walls;1959;0,734
362529;Lee Walls;1961;0,754
362531;Taylor Walls;2022;0,553
362531;Taylor Walls;2023;0,638
362531;Taylor Walls;2024;0,529
362531;Taylor Walls;2025;0,599
362542;Jared Walsh;2021;0,85
362542;Jared Walsh;2022;0,642
362544;Jimmy Walsh;1910;0,666
362544;Jimmy Walsh;1911;0,694
362544;Jimmy Walsh;1914;0,801
362544;Jimmy Walsh;1915;0,764
362545;Jimmy Walsh;1913;0,681
362545;Jimmy Walsh;1914;0,724
362545;Jimmy Walsh;1915;0,584
362545;Jimmy Walsh;1916;0,635
362559;Bucky Walters;1934;0,695
362565;Ken Walters;1960;0,585
362569;Roxy Walters;1916;0,66
362569;Roxy Walters;1920;0,551
362572;Danny Walton;1970;0,79
362575;Jerome Walton;1989;0,721
362575;Jerome Walton;1990;0,68
362575;Jerome Walton;1991;0,604
362578;Bill Wambsganss;1915;0,499
362578;Bill Wambsganss;1916;0,605
362578;Bill Wambsganss;1917;0,628
362578;Bill Wambsganss;1918;0,701
362578;Bill Wambsganss;1919;0,667
362578;Bill Wambsganss;1920;0,633
362578;Bill Wambsganss;1921;0,752
362578;Bill Wambsganss;1922;0,666
362578;Bill Wambsganss;1923;0,753
362578;Bill Wambsganss;1924;0,692
362578;Bill Wambsganss;1925;0,624
362579;Lloyd Waner;1927;0,806
362579;Lloyd Waner;1928;0,811
362579;Lloyd Waner;1929;0,874
362579;Lloyd Waner;1930;0,803
362579;Lloyd Waner;1931;0,759
362579;Lloyd Waner;1932;0,798
362579;Lloyd Waner;1933;0,631
362579;Lloyd Waner;1934;0,678
362579;Lloyd Waner;1935;0,739
362579;Lloyd Waner;1936;0,767
362579;Lloyd Waner;1937;0,762
362579;Lloyd Waner;1938;0,744
362579;Lloyd Waner;1939;0,661
362579;Lloyd Waner;1942;0,607
362580;Paul Waner;1926;0,941
362580;Paul Waner;1927;0,986
362580;Paul Waner;1928;0,992
362580;Paul Waner;1929;0,958
362580;Paul Waner;1930;0,952
362580;Paul Waner;1931;0,857
362580;Paul Waner;1932;0,906
362580;Paul Waner;1933;0,828
362580;Paul Waner;1934;0,968
362580;Paul Waner;1935;0,869
362580;Paul Waner;1936;0,965
362580;Paul Waner;1937;0,855
362580;Paul Waner;1938;0,709
362580;Paul Waner;1939;0,813
362580;Paul Waner;1940;0,731
362580;Paul Waner;1941;0,725
362580;Paul Waner;1942;0,701
362580;Paul Waner;1943;0,802
362584;Paul Wanninger;1925;0,561
362589;Aaron Ward;1920;0,691
362589;Aaron Ward;1921;0,786
362589;Aaron Ward;1922;0,685
362589;Aaron Ward;1923;0,773
362589;Aaron Ward;1924;0,719
362589;Aaron Ward;1925;0,663
362589;Aaron Ward;1927;0,751
362591;Chuck Ward;1917;0,581
362595;Daryle Ward;2000;0,833
362595;Daryle Ward;2001;0,783
362595;Daryle Ward;2002;0,748
362595;Daryle Ward;2004;0,78
362595;Daryle Ward;2005;0,723
362599;Gary Ward;1981;0,684
362599;Gary Ward;1982;0,849
362599;Gary Ward;1983;0,766
362599;Gary Ward;1984;0,79
362599;Gary Ward;1985;0,763
362599;Gary Ward;1986;0,777
362599;Gary Ward;1987;0,675
362599;Gary Ward;1988;0,614
362599;Gary Ward;1989;0,7
362599;Gary Ward;1990;0,713
362604;John Ward;1879;0,648
362604;John Ward;1880;0,513
362604;John Ward;1881;0,582
362604;John Ward;1882;0,57
362604;John Ward;1883;0,665
362604;John Ward;1884;0,616
362604;John Ward;1885;0,54
362604;John Ward;1886;0,64
362604;John Ward;1887;0,766
362604;John Ward;1888;0,575
362604;John Ward;1889;0,687
362604;John Ward;1890;0,819
362604;John Ward;1891;0,664
362604;John Ward;1892;0,656
362604;John Ward;1893;0,794
362604;John Ward;1894;0,617
362610;Pete Ward;1963;0,835
362610;Pete Ward;1964;0,821
362610;Pete Ward;1965;0,694
362610;Pete Ward;1966;0,581
362610;Pete Ward;1967;0,726
362610;Pete Ward;1968;0,72
362611;Piggy Ward;1894;0,821
362612;Pinky Ward;1927;0,664
362612;Pinky Ward;1928;0,794
362612;Pinky Ward;1929;0,727
362613;Preston Ward;1950;0,686
362613;Preston Ward;1953;0,646
362613;Preston Ward;1954;0,721
362613;Preston Ward;1958;0,684
362615;Taylor Ward;2021;0,769
362615;Taylor Ward;2022;0,833
362615;Taylor Ward;2023;0,756
362615;Taylor Ward;2024;0,748
362615;Taylor Ward;2025;0,792
362617;Turner Ward;1994;0,685
362617;Turner Ward;1998;0,754
362624;Clyde Wares;1914;0,566
362625;Willie Ware;1925;0,553
362626;Frank Warfield;1917;0,534
362626;Frank Warfield;1920;0,688
362626;Frank Warfield;1921;0,698
362626;Frank Warfield;1922;0,767
362626;Frank Warfield;1923;0,719
362626;Frank Warfield;1924;0,77
362626;Frank Warfield;1925;0,76
362626;Frank Warfield;1926;0,653
362626;Frank Warfield;1927;0,684
362626;Frank Warfield;1928;0,571
362626;Frank Warfield;1929;0,677
362632;Fred Warner;1879;0,552
362632;Fred Warner;1884;0,501
362634;Jack Warner;1926;0,657
362634;Jack Warner;1927;0,674
362634;Jack Warner;1928;0,545
362634;Jack Warner;1933;0,558
362637;Jack Warner;1895;0,635
362637;Jack Warner;1897;0,659
362637;Jack Warner;1898;0,638
362637;Jack Warner;1899;0,616
362637;Jack Warner;1901;0,536
362637;Jack Warner;1902;0,606
362637;Jack Warner;1903;0,67
362637;Jack Warner;1904;0,487
362637;Jack Warner;1907;0,586
362645;Bennie Warren;1940;0,737
362645;Bennie Warren;1941;0,651
362645;Bennie Warren;1942;0,644
362653;Rabbit Warstler;1932;0,535
362653;Rabbit Warstler;1933;0,581
362653;Rabbit Warstler;1934;0,624
362653;Rabbit Warstler;1935;0,663
362653;Rabbit Warstler;1936;0,5985
362653;Rabbit Warstler;1937;0,567
362653;Rabbit Warstler;1938;0,573
362653;Rabbit Warstler;1939;0,585
362656;Carl Warwick;1962;0,712
362656;Carl Warwick;1963;0,667
362657;Jimmy Wasdell;1940;0,746
362657;Jimmy Wasdell;1941;0,764
362657;Jimmy Wasdell;1942;0,655
362657;Jimmy Wasdell;1943;0,666
362657;Jimmy Wasdell;1944;0,699
362657;Jimmy Wasdell;1945;0,758
362667;Claudell Washington;1974;0,702
362667;Claudell Washington;1975;0,769
362667;Claudell Washington;1976;0,655
362667;Claudell Washington;1977;0,739
362667;Claudell Washington;1978;0,694
362667;Claudell Washington;1979;0,776
362667;Claudell Washington;1980;0,788
362667;Claudell Washington;1981;0,753
362667;Claudell Washington;1982;0,745
362667;Claudell Washington;1983;0,735
362667;Claudell Washington;1984;0,842
362667;Claudell Washington;1985;0,797
362667;Claudell Washington;1987;0,756
362667;Claudell Washington;1988;0,784
362667;Claudell Washington;1989;0,747
362671;George Washington;1935;0,746
362675;Johnny Washington;1941;0,797
362675;Johnny Washington;1946;0,673
362675;Johnny Washington;1947;0,889
362675;Johnny Washington;1948;0,718
362677;Namon Washington;1921;0,545
362677;Namon Washington;1922;0,656
362677;Namon Washington;1923;0,726
362677;Namon Washington;1926;0,652
362677;Namon Washington;1929;0,729
362678;Pete Washington;1924;0,709
362678;Pete Washington;1927;0,864
362678;Pete Washington;1928;0,81
362678;Pete Washington;1929;0,881
362678;Pete Washington;1932;0,763
362678;Pete Washington;1934;0,635
362680;Ron Washington;1982;0,659
362680;Ron Washington;1983;0,621
362680;Ron Washington;1988;0,662
362683;U. L. Washington;1979;0,658
362683;U. L. Washington;1980;0,711
362683;U. L. Washington;1981;0,616
362683;U. L. Washington;1982;0,75
362683;U. L. Washington;1983;0,618
362691;Drew Waters;2023;0,677
362691;Drew Waters;2025;0,603
362698;John Wathan;1980;0,783
362698;John Wathan;1981;0,611
362698;John Wathan;1982;0,671
362698;John Wathan;1983;0,603
362703;George Watkins;1930;1,037
362703;George Watkins;1931;0,813
362703;George Watkins;1932;0,844
362703;George Watkins;1933;0,713
362703;George Watkins;1934;0,704
362703;George Watkins;1935;0,733
362703;George Watkins;1936;0,722
362707;Murray Watkins;1946;0,654
362718;Bob Watson;1970;0,768
362718;Bob Watson;1971;0,742
362718;Bob Watson;1972;0,841
362718;Bob Watson;1973;0,852
362718;Bob Watson;1974;0,782
362718;Bob Watson;1975;0,87
362718;Bob Watson;1976;0,835
362718;Bob Watson;1977;0,858
362718;Bob Watson;1978;0,808
362718;Bob Watson;1979;0,949
362718;Bob Watson;1980;0,825
362723;Johnie Watson;1923;0,693
362737;Johnny Watwood;1929;0,766
362737;Johnny Watwood;1930;0,775
362737;Johnny Watwood;1931;0,748
362737;Johnny Watwood;1932;0,59
362745;Roy Weatherly;1936;0,883
362745;Roy Weatherly;1938;0,694
362745;Roy Weatherly;1939;0,754
362745;Roy Weatherly;1940;0,799
362745;Roy Weatherly;1941;0,75
362745;Roy Weatherly;1942;0,678
362745;Roy Weatherly;1943;0,7
362748;Buck Weaver;1912;0,546
362748;Buck Weaver;1913;0,659
362748;Buck Weaver;1914;0,606
362748;Buck Weaver;1915;0,671
362748;Buck Weaver;1916;0,589
362748;Buck Weaver;1917;0,694
362748;Buck Weaver;1918;0,675
362748;Buck Weaver;1919;0,716
362748;Buck Weaver;1920;0,785
362752;Farmer Weaver;1889;0,7
362752;Farmer Weaver;1890;0,719
362752;Farmer Weaver;1891;0,693
362752;Farmer Weaver;1892;0,611
362752;Farmer Weaver;1893;0,724
362752;Farmer Weaver;1894;0,544
362772;Earl Webb;1927;0,897
362772;Earl Webb;1930;0,908
362772;Earl Webb;1931;0,932
362772;Earl Webb;1932;0,778
362781;Skeeter Webb;1939;0,651
362781;Skeeter Webb;1940;0,59
362781;Skeeter Webb;1943;0,533
362781;Skeeter Webb;1944;0,513
362781;Skeeter Webb;1945;0,492
362792;Lenny Webster;1997;0,691
362792;Lenny Webster;1998;0,751
362793;Mitch Webster;1985;0,821
362793;Mitch Webster;1986;0,786
362793;Mitch Webster;1987;0,796
362793;Mitch Webster;1988;0,692
362793;Mitch Webster;1989;0,695
362793;Mitch Webster;1990;0,693
362793;Mitch Webster;1992;0,754
362796;Ramon Webster;1967;0,731
362802;Jemile Weeks;2011;0,761
362802;Jemile Weeks;2012;0,609
362803;Rickie Weeks;2005;0,727
362803;Rickie Weeks;2006;0,766
362803;Rickie Weeks;2007;0,807
362803;Rickie Weeks;2008;0,74
362803;Rickie Weeks;2010;0,83
362803;Rickie Weeks;2011;0,818
362803;Rickie Weeks;2012;0,728
362803;Rickie Weeks;2013;0,663
362803;Rickie Weeks;2014;0,809
362813;Podge Weihe;1884;0,646
362823;Phil Weintraub;1938;0,844
362823;Phil Weintraub;1944;0,935
362823;Phil Weintraub;1945;0,806
362825;Al Weis;1963;0,648
362825;Al Weis;1964;0,6
362825;Al Weis;1968;0,438
362825;Al Weis;1969;0,55
362832;Walt Weiss;1988;0,633
362832;Walt Weiss;1989;0,616
362832;Walt Weiss;1990;0,658
362832;Walt Weiss;1992;0,545
362832;Walt Weiss;1993;0,675
362832;Walt Weiss;1994;0,639
362832;Walt Weiss;1995;0,724
362832;Walt Weiss;1996;0,756
362832;Walt Weiss;1997;0,761
362832;Walt Weiss;1998;0,729
362832;Walt Weiss;1999;0,637
362834;Johnny Welaj;1939;0,681
362834;Johnny Welaj;1940;0,662
362834;Johnny Welaj;1943;0,586
362836;Curt Welch;1884;0,552
362836;Curt Welch;1885;0,689
362836;Curt Welch;1886;0,724
362836;Curt Welch;1887;0,701
362836;Curt Welch;1888;0,712
362836;Curt Welch;1889;0,746
362836;Curt Welch;1890;0,748
362836;Curt Welch;1891;0,768
362836;Curt Welch;1892;0,641
362838;Frank Welch;1920;0,679
362838;Frank Welch;1921;0,759
362838;Frank Welch;1922;0,743
362838;Frank Welch;1923;0,788
362838;Frank Welch;1924;0,771
362838;Frank Welch;1925;0,774
362842;Mickey Welch;1880;0,691
362842;Mickey Welch;1883;0,583
362842;Mickey Welch;1884;0,644
362842;Mickey Welch;1886;0,494
362854;Brad Wellman;1984;0,565
362856;Austin Wells;2024;0,718
362856;Austin Wells;2025;0,712
362858;Casper Wells;2012;0,698
362870;Vernon Wells;2002;0,762
362870;Vernon Wells;2003;0,909
362870;Vernon Wells;2004;0,809
362870;Vernon Wells;2005;0,783
362870;Vernon Wells;2006;0,899
362870;Vernon Wells;2007;0,706
362870;Vernon Wells;2008;0,84
362870;Vernon Wells;2009;0,711
362870;Vernon Wells;2010;0,847
362870;Vernon Wells;2011;0,66
362870;Vernon Wells;2012;0,682
362870;Vernon Wells;2013;0,631
362872;Willie Wells;1925;0,845
362872;Willie Wells;1926;1,054
362872;Willie Wells;1927;1,149
362872;Willie Wells;1928;1,103
362872;Willie Wells;1929;1,106
362872;Willie Wells;1930;1,179
362875;Jimmy Welsh;1925;0,79
362875;Jimmy Welsh;1926;0,711
362875;Jimmy Welsh;1927;0,752
362875;Jimmy Welsh;1928;0,787
362875;Jimmy Welsh;1930;0,716
362881;Joey Wendle;2018;0,789
362881;Joey Wendle;2019;0,633
362881;Joey Wendle;2021;0,741
362881;Joey Wendle;2022;0,658
362881;Joey Wendle;2023;0,554
362890;Billy Werber;1933;0,691
362890;Billy Werber;1934;0,868
362890;Billy Werber;1935;0,781
362890;Billy Werber;1936;0,79
362890;Billy Werber;1937;0,799
362890;Billy Werber;1938;0,774
362890;Billy Werber;1939;0,777
362890;Billy Werber;1940;0,777
362890;Billy Werber;1941;0,627
362890;Billy Werber;1942;0,557
362891;Perry Werden;1890;0,86
362891;Perry Werden;1891;0,787
362891;Perry Werden;1892;0,683
362891;Perry Werden;1893;0,791
362891;Perry Werden;1897;0,791
362897;Joe Werrick;1886;0,645
362897;Joe Werrick;1887;0,749
362897;Joe Werrick;1888;0,552
362898;Don Wert;1963;0,709
362898;Don Wert;1964;0,687
362898;Don Wert;1965;0,704
362898;Don Wert;1966;0,713
362898;Don Wert;1967;0,661
362898;Don Wert;1968;0,556
362898;Don Wert;1969;0,658
362898;Don Wert;1970;0,61
362900;Jayson Werth;2004;0,825
362900;Jayson Werth;2005;0,711
362900;Jayson Werth;2007;0,863
362900;Jayson Werth;2008;0,861
362900;Jayson Werth;2009;0,879
362900;Jayson Werth;2010;0,921
362900;Jayson Werth;2011;0,718
362900;Jayson Werth;2012;0,827
362900;Jayson Werth;2013;0,931
362900;Jayson Werth;2014;0,849
362900;Jayson Werth;2015;0,685
362900;Jayson Werth;2016;0,752
362900;Jayson Werth;2017;0,715
362904;Vic Wertz;1947;0,809
362904;Vic Wertz;1948;0,731
362904;Vic Wertz;1949;0,851
362904;Vic Wertz;1950;0,941
362904;Vic Wertz;1951;0,894
362904;Vic Wertz;1952;0,851
362904;Vic Wertz;1953;0,842
362904;Vic Wertz;1954;0,822
362904;Vic Wertz;1955;0,807
362904;Vic Wertz;1956;0,874
362904;Vic Wertz;1957;0,857
362904;Vic Wertz;1959;0,75
362904;Vic Wertz;1960;0,796
362904;Vic Wertz;1961;0,768
362905;Charles Wesley;1924;0,63
362905;Charles Wesley;1925;0,649
362906;Edgar Wesley;1920;0,807
362906;Edgar Wesley;1922;0,963
362906;Edgar Wesley;1923;0,901
362906;Edgar Wesley;1924;0,784
362906;Edgar Wesley;1925;1,179
362906;Edgar Wesley;1926;0,908
362914;Jordan Westburg;2023;0,715
362914;Jordan Westburg;2024;0,792
362914;Jordan Westburg;2025;0,77
362922;Jim West;1940;0,844
362922;Jim West;1942;0,795
362922;Jim West;1945;0,654
362926;Wally Westlake;1947;0,784
362926;Wally Westlake;1948;0,815
362926;Wally Westlake;1949;0,835
362926;Wally Westlake;1950;0,852
362926;Wally Westlake;1951;0,715
362926;Wally Westlake;1953;0,923
362926;Wally Westlake;1954;0,791
362928;Max West;1938;0,668
362928;Max West;1939;0,861
362928;Max West;1940;0,716
362928;Max West;1941;0,798
362928;Max West;1942;0,764
362928;Max West;1946;0,675
362933;Wes Westrum;1950;0,808
362933;Wes Westrum;1951;0,818
362933;Wes Westrum;1952;0,759
362933;Wes Westrum;1953;0,717
362933;Wes Westrum;1954;0,62
362934;Sam West;1928;0,78
362934;Sam West;1929;0,673
362934;Sam West;1930;0,86
362934;Sam West;1931;0,85
362934;Sam West;1932;0,756
362934;Sam West;1933;0,831
362934;Sam West;1934;0,871
362934;Sam West;1935;0,83
362934;Sam West;1936;0,767
362934;Sam West;1937;0,862
362934;Sam West;1938;0,794
362934;Sam West;1939;0,785
362943;Gus Weyhing;1887;0,462
362943;Gus Weyhing;1892;0,337
362947;Bert Whaling;1913;0,581
362948;David Whatley;1940;0,752
362951;Mack Wheat;1920;0,596
362953;Zack Wheat;1910;0,744
362953;Zack Wheat;1911;0,744
362953;Zack Wheat;1912;0,818
362953;Zack Wheat;1913;0,764
362953;Zack Wheat;1914;0,83
362953;Zack Wheat;1915;0,69
362953;Zack Wheat;1916;0,828
362953;Zack Wheat;1917;0,774
362953;Zack Wheat;1918;0,755
362953;Zack Wheat;1919;0,753
362953;Zack Wheat;1920;0,848
362953;Zack Wheat;1921;0,857
362953;Zack Wheat;1922;0,891
362953;Zack Wheat;1923;0,927
362953;Zack Wheat;1924;0,978
362953;Zack Wheat;1925;0,944
362953;Zack Wheat;1926;0,737
362953;Zack Wheat;1927;0,772
362954;Bobby Wheelock;1891;0,599
362963;Harry Wheeler;1882;0,62
362963;Harry Wheeler;1883;0,519
362978;Pete Whisenant;1956;0,706
362978;Pete Whisenant;1958;0,755
362980;Lew Whistler;1891;0,677
362980;Lew Whistler;1892;0,649
362981;Lou Whitaker;1978;0,718
362981;Lou Whitaker;1979;0,774
362981;Lou Whitaker;1980;0,614
362981;Lou Whitaker;1981;0,714
362981;Lou Whitaker;1982;0,775
362981;Lou Whitaker;1983;0,837
362981;Lou Whitaker;1984;0,764
362981;Lou Whitaker;1985;0,819
362981;Lou Whitaker;1986;0,775
362981;Lou Whitaker;1987;0,768
362981;Lou Whitaker;1988;0,795
362981;Lou Whitaker;1989;0,822
362981;Lou Whitaker;1990;0,744
362981;Lou Whitaker;1991;0,881
362981;Lou Whitaker;1992;0,847
362981;Lou Whitaker;1993;0,861
362981;Lou Whitaker;1994;0,867
362981;Lou Whitaker;1995;0,89
362983;Steve Whitaker;1967;0,641
362993;Bill White;1884;0,582
362993;Bill White;1886;0,633
362993;Bill White;1887;0,627
362993;Bill White;1888;0,464
362994;Bill White;1956;0,78
362994;Bill White;1959;0,814
362994;Bill White;1960;0,789
362994;Bill White;1961;0,826
362994;Bill White;1962;0,868
362994;Bill White;1963;0,851
362994;Bill White;1964;0,829
362994;Bill White;1965;0,845
362994;Bill White;1966;0,803
362994;Bill White;1967;0,719
362994;Bill White;1968;0,67
362997;Burgess Whitehead;1934;0,666
362997;Burgess Whitehead;1935;0,593
362997;Burgess Whitehead;1936;0,673
362997;Burgess Whitehead;1937;0,682
362997;Burgess Whitehead;1939;0,592
362997;Burgess Whitehead;1940;0,659
362997;Burgess Whitehead;1941;0,551
363002;Chaney White;1926;0,726
363002;Chaney White;1927;0,854
363002;Chaney White;1928;0,941
363002;Chaney White;1929;0,918
363002;Chaney White;1934;0,76
363005;Deacon White;1873;0,9
363005;Deacon White;1874;0,692
363005;Deacon White;1875;0,824
363005;Deacon White;1876;0,777
363005;Deacon White;1877;0,95
363005;Deacon White;1878;0,677
363005;Deacon White;1879;0,766
363005;Deacon White;1881;0,74
363005;Deacon White;1882;0,654
363005;Deacon White;1883;0,684
363005;Deacon White;1884;0,812
363005;Deacon White;1885;0,649
363005;Deacon White;1886;0,686
363005;Deacon White;1887;0,77
363005;Deacon White;1888;0,717
363005;Deacon White;1889;0,621
363005;Deacon White;1890;0,688
363007;Devon White;1987;0,749
363007;Devon White;1988;0,686
363007;Devon White;1989;0,653
363007;Devon White;1990;0,633
363007;Devon White;1991;0,797
363007;Devon White;1992;0,693
363007;Devon White;1993;0,779
363007;Devon White;1994;0,77
363007;Devon White;1995;0,765
363007;Devon White;1996;0,779
363007;Devon White;1997;0,707
363007;Devon White;1998;0,792
363007;Devon White;1999;0,744
363007;Devon White;2001;0,802
363010;Don White;1948;0,631
363018;Eli Whiteside;2011;0,574
363019;Eli White;2025;0,677
363023;Frank White;1974;0,533
363023;Frank White;1975;0,662
363023;Frank White;1976;0,57
363023;Frank White;1977;0,626
363023;Frank White;1978;0,716
363023;Frank White;1979;0,703
363023;Frank White;1980;0,646
363023;Frank White;1981;0,661
363023;Frank White;1982;0,788
363023;Frank White;1983;0,69
363023;Frank White;1984;0,756
363023;Frank White;1985;0,698
363023;Frank White;1986;0,787
363023;Frank White;1987;0,708
363023;Frank White;1988;0,595
363023;Frank White;1989;0,635
363023;Frank White;1990;0,56
363026;George Whiteman;1918;0,681
363034;Jerry White;1976;0,629
363034;Jerry White;1980;0,781
363035;Jo-Jo White;1932;0,677
363035;Jo-Jo White;1933;0,696
363035;Jo-Jo White;1934;0,804
363035;Jo-Jo White;1935;0,693
363035;Jo-Jo White;1937;0,662
363035;Jo-Jo White;1938;0,66
363035;Jo-Jo White;1943;0,651
363035;Jo-Jo White;1944;0,591
363042;Mark Whiten;1991;0,732
363042;Mark Whiten;1992;0,707
363042;Mark Whiten;1993;0,746
363042;Mark Whiten;1994;0,849
363042;Mark Whiten;1995;0,846
363042;Mark Whiten;1997;0,746
363042;Mark Whiten;1998;0,797
363045;Milt Whitehead;1884;0,489
363046;Mike White;1964;0,651
363051;Roy White;1966;0,653
363051;Roy White;1967;0,577
363051;Roy White;1968;0,764
363051;Roy White;1969;0,818
363051;Roy White;1970;0,86
363051;Roy White;1971;0,857
363051;Roy White;1972;0,76
363051;Roy White;1973;0,703
363051;Roy White;1974;0,761
363051;Roy White;1975;0,802
363051;Roy White;1976;0,774
363051;Roy White;1977;0,762
363051;Roy White;1978;0,742
363051;Roy White;1979;0,578
363052;Rondell White;1995;0,82
363052;Rondell White;1996;0,768
363052;Rondell White;1997;0,794
363052;Rondell White;1998;0,875
363052;Rondell White;1999;0,863
363052;Rondell White;2000;0,873
363052;Rondell White;2001;0,9
363052;Rondell White;2002;0,666
363052;Rondell White;2003;0,795
363052;Rondell White;2004;0,79
363052;Rondell White;2005;0,837
363052;Rondell White;2006;0,641
363055;Sammy White;1952;0,732
363055;Sammy White;1953;0,752
363055;Sammy White;1954;0,732
363055;Sammy White;1955;0,714
363055;Sammy White;1956;0,636
363055;Sammy White;1957;0,544
363055;Sammy White;1958;0,683
363055;Sammy White;1959;0,672
363060;Tyler White;2016;0,664
363060;Tyler White;2018;0,888
363060;Tyler White;2019;0,65
363061;Warren White;1874;0,552
363061;Warren White;1875;0,526
363063;Will White;1879;0,31
363063;Will White;1880;0,405
363063;Will White;1882;0,568
363063;Will White;1883;0,54
363064;Fred Whitfield;1963;0,802
363064;Fred Whitfield;1964;0,724
363064;Fred Whitfield;1965;0,829
363064;Fred Whitfield;1966;0,723
363064;Fred Whitfield;1967;0,652
363065;Terry Whitfield;1977;0,761
363065;Terry Whitfield;1978;0,734
363065;Terry Whitfield;1979;0,745
363065;Terry Whitfield;1980;0,733
363066;Ed Whiting;1882;0,611
363066;Ed Whiting;1883;0,734
363074;Darrell Whitmore;1993;0,549
363075;Dick Whitman;1946;0,679
363077;Art Whitney;1880;0,552
363077;Art Whitney;1881;0,47
363077;Art Whitney;1885;0,548
363077;Art Whitney;1886;0,595
363077;Art Whitney;1887;0,65
363077;Art Whitney;1888;0,496
363077;Art Whitney;1889;0,561
363077;Art Whitney;1890;0,582
363077;Art Whitney;1891;0,518
363080;Jim Whitney;1881;0,639
363080;Jim Whitney;1882;0,892
363080;Jim Whitney;1883;0,755
363080;Jim Whitney;1884;0,693
363080;Jim Whitney;1885;0,567
363080;Jim Whitney;1886;0,659
363080;Jim Whitney;1887;0,722
363081;Pinky Whitney;1928;0,768
363081;Pinky Whitney;1929;0,872
363081;Pinky Whitney;1930;0,849
363081;Pinky Whitney;1931;0,765
363081;Pinky Whitney;1932;0,784
363081;Pinky Whitney;1933;0,66
363081;Pinky Whitney;1934;0,671
363081;Pinky Whitney;1935;0,679
363081;Pinky Whitney;1936;0,748
363081;Pinky Whitney;1937;0,841
363081;Pinky Whitney;1938;0,68
363084;Ernie Whitt;1980;0,64
363084;Ernie Whitt;1982;0,758
363084;Ernie Whitt;1983;0,805
363084;Ernie Whitt;1984;0,752
363084;Ernie Whitt;1985;0,767
363084;Ernie Whitt;1986;0,774
363084;Ernie Whitt;1987;0,789
363084;Ernie Whitt;1988;0,757
363084;Ernie Whitt;1989;0,764
363085;George Whitted;1913;0,552
363085;George Whitted;1914;0,703
363085;George Whitted;1915;0,667
363085;George Whitted;1916;0,708
363085;George Whitted;1917;0,69
363085;George Whitted;1919;0,619
363085;George Whitted;1920;0,652
363085;George Whitted;1921;0,755
363093;Al Wickland;1914;0,78
363093;Al Wickland;1915;0,766
363093;Al Wickland;1918;0,765
363100;Chris Widger;1997;0,693
363100;Chris Widger;1998;0,67
363100;Chris Widger;1999;0,766
363100;Chris Widger;2000;0,752
363107;George Weidman;1883;0,416
363107;George Weidman;1884;0,381
363110;Joey Wiemer;2023;0,645
363113;Matt Wieters;2009;0,753
363113;Matt Wieters;2010;0,695
363113;Matt Wieters;2011;0,778
363113;Matt Wieters;2012;0,764
363113;Matt Wieters;2013;0,704
363113;Matt Wieters;2015;0,742
363113;Matt Wieters;2016;0,711
363113;Matt Wieters;2017;0,632
363113;Matt Wieters;2018;0,704
363114;Whitey Wietelmann;1943;0,527
363114;Whitey Wietelmann;1944;0,602
363114;Whitey Wietelmann;1945;0,683
363115;Alan Wiggins;1982;0,598
363115;Alan Wiggins;1983;0,684
363115;Alan Wiggins;1984;0,671
363115;Alan Wiggins;1985;0,702
363115;Alan Wiggins;1986;0,581
363115;Alan Wiggins;1987;0,566
363119;Ty Wigginton;2003;0,714
363119;Ty Wigginton;2004;0,821
363119;Ty Wigginton;2006;0,828
363119;Ty Wigginton;2007;0,786
363119;Ty Wigginton;2008;0,876
363119;Ty Wigginton;2009;0,714
363119;Ty Wigginton;2010;0,727
363119;Ty Wigginton;2011;0,731
363119;Ty Wigginton;2012;0,688
363124;Del Wilber;1951;0,753
363138;Rob Wilfong;1979;0,81
363138;Rob Wilfong;1980;0,675
363138;Rob Wilfong;1981;0,643
363138;Rob Wilfong;1984;0,658
363138;Rob Wilfong;1985;0,501
363138;Rob Wilfong;1986;0,572
363145;Joe Wilhoit;1916;0,582
363149;Brad Wilkerson;2002;0,84
363149;Brad Wilkerson;2003;0,844
363149;Brad Wilkerson;2004;0,872
363149;Brad Wilkerson;2005;0,756
363149;Brad Wilkerson;2006;0,728
363149;Brad Wilkerson;2007;0,786
363149;Brad Wilkerson;2008;0,629
363150;Curt Wilkerson;1984;0,561
363150;Curt Wilkerson;1985;0,601
363150;Curt Wilkerson;1986;0,578
363150;Curt Wilkerson;1988;0,703
363150;Curt Wilkerson;1992;0,602
363152;Jimmy Wilkes;1946;0,645
363152;Jimmy Wilkes;1948;0,703
363153;Stevie Wilkerson;2019;0,669
363164;Rick Wilkins;1991;0,662
363164;Rick Wilkins;1992;0,758
363164;Rick Wilkins;1993;0,937
363164;Rick Wilkins;1994;0,703
363164;Rick Wilkins;1996;0,661
363167;Jerry Willard;1984;0,681
363167;Jerry Willard;1985;0,717
363168;Bob Will;1960;0,694
363187;Bernie Williams;1991;0,686
363187;Bernie Williams;1992;0,76
363187;Bernie Williams;1993;0,734
363187;Bernie Williams;1994;0,837
363187;Bernie Williams;1995;0,878
363187;Bernie Williams;1996;0,926
363187;Bernie Williams;1997;0,952
363187;Bernie Williams;1998;0,997
363187;Bernie Williams;1999;0,971
363187;Bernie Williams;2000;0,957
363187;Bernie Williams;2001;0,917
363187;Bernie Williams;2002;0,908
363187;Bernie Williams;2003;0,778
363187;Bernie Williams;2004;0,795
363187;Bernie Williams;2005;0,688
363187;Bernie Williams;2006;0,768
363188;Ben Williamson;2025;0,604
363189;Billy Williams;1961;0,822
363189;Billy Williams;1962;0,835
363189;Billy Williams;1963;0,854
363189;Billy Williams;1964;0,901
363189;Billy Williams;1965;0,929
363189;Billy Williams;1966;0,808
363189;Billy Williams;1967;0,828
363189;Billy Williams;1968;0,836
363189;Billy Williams;1969;0,828
363189;Billy Williams;1970;0,977
363189;Billy Williams;1971;0,888
363189;Billy Williams;1972;1,005
363189;Billy Williams;1973;0,806
363189;Billy Williams;1974;0,835
363189;Billy Williams;1975;0,76
363189;Billy Williams;1976;0,659
363195;Bobby Williams;1921;0,545
363195;Bobby Williams;1922;0,584
363195;Bobby Williams;1923;0,569
363195;Bobby Williams;1924;0,687
363195;Bobby Williams;1925;0,525
363204;Charley Williams;1925;0,661
363204;Charley Williams;1926;0,605
363204;Charley Williams;1927;0,58
363204;Charley Williams;1928;0,654
363204;Charley Williams;1929;0,631
363204;Charley Williams;1930;0,595
363205;Chester Williams;1930;0,776
363205;Chester Williams;1934;0,817
363205;Chester Williams;1941;0,601
363211;Cy Williams;1915;0,703
363211;Cy Williams;1916;0,831
363211;Cy Williams;1917;0,646
363211;Cy Williams;1918;0,71
363211;Cy Williams;1919;0,728
363211;Cy Williams;1920;0,861
363211;Cy Williams;1921;0,844
363211;Cy Williams;1922;0,905
363211;Cy Williams;1923;0,947
363211;Cy Williams;1924;0,955
363211;Cy Williams;1925;0,958
363211;Cy Williams;1926;0,986
363211;Cy Williams;1927;0,867
363211;Cy Williams;1928;0,845
363214;Davey Williams;1952;0,709
363214;Davey Williams;1953;0,75
363214;Davey Williams;1954;0,6
363214;Davey Williams;1955;0,627
363219;Denny Williams;1925;0,547
363220;Dewey Williams;1944;0,584
363223;Dib Williams;1931;0,697
363223;Dib Williams;1932;0,692
363223;Dib Williams;1933;0,786
363223;Dib Williams;1934;0,702
363223;Dib Williams;1935;0,654
363224;Dick Williams;1956;0,795
363224;Dick Williams;1957;0,729
363224;Dick Williams;1958;0,683
363224;Dick Williams;1959;0,746
363224;Dick Williams;1960;0,794
363224;Dick Williams;1961;0,596
363229;Earl Williams;1971;0,815
363229;Earl Williams;1972;0,793
363229;Earl Williams;1973;0,758
363229;Earl Williams;1974;0,722
363229;Earl Williams;1975;0,665
363229;Earl Williams;1977;0,678
363230;Eddie Williams;1989;0,699
363230;Eddie Williams;1995;0,746
363230;Eddie Williams;1996;0,574
363239;Gerald Williams;1996;0,753
363239;Gerald Williams;1997;0,651
363239;Gerald Williams;1998;0,856
363239;Gerald Williams;1999;0,792
363239;Gerald Williams;2000;0,739
363239;Gerald Williams;2001;0,593
363240;George Williams;1997;0,786
363242;Gerard Williams;1923;0,65
363242;Gerard Williams;1924;0,801
363246;Gus Williams;1912;0,815
363246;Gus Williams;1913;0,746
363246;Gus Williams;1914;0,647
363249;Harry Williams;1935;0,88
363249;Harry Williams;1945;0,619
363250;Henry Williams;1927;0,654
363250;Henry Williams;1928;0,737
363250;Henry Williams;1930;0,701
363261;Jimmy Williams;1899;0,946
363261;Jimmy Williams;1900;0,712
363261;Jimmy Williams;1901;0,883
363261;Jimmy Williams;1902;0,861
363261;Jimmy Williams;1903;0,718
363261;Jimmy Williams;1904;0,669
363261;Jimmy Williams;1905;0,648
363261;Jimmy Williams;1906;0,715
363261;Jimmy Williams;1907;0,678
363261;Jimmy Williams;1908;0,631
363261;Jimmy Williams;1909;0,492
363270;Josh Willingham;2006;0,852
363270;Josh Willingham;2007;0,827
363270;Josh Willingham;2008;0,834
363270;Josh Willingham;2009;0,863
363270;Josh Willingham;2010;0,848
363270;Josh Willingham;2011;0,81
363270;Josh Willingham;2012;0,89
363270;Josh Willingham;2013;0,709
363270;Josh Willingham;2014;0,747
363278;Ken Williams;1915;0,621
363278;Ken Williams;1919;0,843
363278;Ken Williams;1920;0,842
363278;Ken Williams;1921;0,99
363278;Ken Williams;1922;1,04
363278;Ken Williams;1923;1,062
363278;Ken Williams;1924;0,958
363278;Ken Williams;1925;1,003
363278;Ken Williams;1926;0,864
363278;Ken Williams;1927;0,928
363278;Ken Williams;1928;0,769
363279;Ken Williams;1987;0,736
363279;Ken Williams;1988;0,525
363279;Ken Williams;1989;0,571
363297;Matt Williams;1987;0,578
363297;Matt Williams;1989;0,697
363297;Matt Williams;1990;0,807
363297;Matt Williams;1991;0,809
363297;Matt Williams;1992;0,67
363297;Matt Williams;1993;0,886
363297;Matt Williams;1994;0,926
363297;Matt Williams;1995;1,046
363297;Matt Williams;1996;0,877
363297;Matt Williams;1997;0,795
363297;Matt Williams;1998;0,766
363297;Matt Williams;1999;0,88
363297;Matt Williams;2000;0,746
363297;Matt Williams;2001;0,78
363297;Matt Williams;2002;0,803
363302;Marvin Williams;1944;0,933
363309;Ed Williamson;1878;0,547
363309;Ed Williamson;1879;0,79
363309;Ed Williamson;1880;0,613
363309;Ed Williamson;1881;0,654
363309;Ed Williamson;1882;0,741
363309;Ed Williamson;1883;0,751
363309;Ed Williamson;1884;0,898
363309;Ed Williamson;1885;0,681
363309;Ed Williamson;1886;0,674
363309;Ed Williamson;1887;0,815
363309;Ed Williamson;1888;0,737
363309;Ed Williamson;1890;0,58
363310;Nick Williams;2017;0,811
363310;Nick Williams;2018;0,749
363316;Poindexter Williams;1925;0,898
363316;Poindexter Williams;1927;0,904
363316;Poindexter Williams;1929;0,783
363318;Reggie Williams;1986;0,708
363320;Reggie Willits;2007;0,735
363321;Alva Williams;1911;0,617
363321;Alva Williams;1916;0,661
363335;Ted Williams;1939;1,045
363335;Ted Williams;1940;1,036
363335;Ted Williams;1941;1,287
363335;Ted Williams;1942;1,147
363335;Ted Williams;1946;1,164
363335;Ted Williams;1947;1,133
363335;Ted Williams;1948;1,112
363335;Ted Williams;1949;1,141
363335;Ted Williams;1950;1,099
363335;Ted Williams;1951;1,019
363335;Ted Williams;1954;1,148
363335;Ted Williams;1955;1,2
363335;Ted Williams;1956;1,084
363335;Ted Williams;1957;1,257
363335;Ted Williams;1958;1,042
363335;Ted Williams;1959;0,791
363335;Ted Williams;1960;1,096
363343;Walt Williams;1967;0,642
363343;Walt Williams;1969;0,716
363343;Walt Williams;1970;0,639
363343;Walt Williams;1971;0,767
363343;Walt Williams;1972;0,606
363343;Walt Williams;1973;0,722
363347;Woody Williams;1944;0,58
363347;Woody Williams;1945;0,562
363353;Bump Wills;1977;0,771
363353;Bump Wills;1978;0,678
363353;Bump Wills;1979;0,69
363353;Bump Wills;1980;0,682
363353;Bump Wills;1981;0,611
363353;Bump Wills;1982;0,724
363357;Maury Wills;1959;0,596
363357;Maury Wills;1960;0,673
363357;Maury Wills;1961;0,685
363357;Maury Wills;1962;0,72
363357;Maury Wills;1963;0,704
363357;Maury Wills;1964;0,641
363357;Maury Wills;1965;0,66
363357;Maury Wills;1966;0,622
363357;Maury Wills;1967;0,7
363357;Maury Wills;1968;0,642
363357;Maury Wills;1969;0,734
363357;Maury Wills;1970;0,651
363357;Maury Wills;1971;0,652
363361;Walt Wilmot;1888;0,584
363361;Walt Wilmot;1889;0,851
363361;Walt Wilmot;1890;0,772
363361;Walt Wilmot;1891;0,763
363361;Walt Wilmot;1892;0,584
363361;Walt Wilmot;1893;0,798
363361;Walt Wilmot;1894;0,837
363361;Walt Wilmot;1895;0,721
363367;Art Wilson;1914;0,86
363367;Art Wilson;1915;0,88
363367;Art Wilson;1917;0,626
363367;Art Wilson;1918;0,6
363370;Bennie Wilson;1924;0,6
363371;Bill Wilson;1890;0,541
363371;Bill Wilson;1897;0,53
363372;Bill Wilson;1954;0,749
363372;Bill Wilson;1955;0,72
363378;Owen Wilson;1908;0,546
363378;Owen Wilson;1909;0,677
363378;Owen Wilson;1910;0,685
363378;Owen Wilson;1911;0,826
363378;Owen Wilson;1912;0,855
363378;Owen Wilson;1913;0,694
363378;Owen Wilson;1914;0,695
363378;Owen Wilson;1915;0,694
363378;Owen Wilson;1916;0,588
363385;Craig Wilson;1999;0,626
363386;Craig Wilson;2002;0,798
363386;Craig Wilson;2003;0,872
363386;Craig Wilson;2004;0,853
363386;Craig Wilson;2006;0,818
363387;Dan Wilson;1994;0,556
363387;Dan Wilson;1995;0,752
363387;Dan Wilson;1996;0,774
363387;Dan Wilson;1997;0,749
363387;Dan Wilson;1998;0,702
363387;Dan Wilson;1999;0,697
363387;Dan Wilson;2000;0,627
363387;Dan Wilson;2001;0,708
363387;Dan Wilson;2002;0,721
363387;Dan Wilson;2003;0,611
363387;Dan Wilson;2004;0,615
363388;Dan Wilson;1946;0,715
363397;Enrique Wilson;1999;0,663
363397;Enrique Wilson;2004;0,579
363401;Frank Wilson;1924;0,595
363401;Frank Wilson;1926;0,609
363408;Glenn Wilson;1982;0,778
363408;Glenn Wilson;1983;0,713
363408;Glenn Wilson;1984;0,649
363408;Glenn Wilson;1985;0,735
363408;Glenn Wilson;1986;0,732
363408;Glenn Wilson;1987;0,689
363408;Glenn Wilson;1988;0,61
363408;Glenn Wilson;1989;0,791
363408;Glenn Wilson;1990;0,657
363411;Hack Wilson;1924;0,855
363411;Hack Wilson;1926;0,944
363411;Hack Wilson;1927;0,98
363411;Hack Wilson;1928;0,992
363411;Hack Wilson;1929;1,044
363411;Hack Wilson;1930;1,177
363411;Hack Wilson;1931;0,798
363411;Hack Wilson;1932;0,904
363411;Hack Wilson;1933;0,748
363419;Jack Wilson;2001;0,55
363419;Jack Wilson;2002;0,638
363419;Jack Wilson;2003;0,656
363419;Jack Wilson;2004;0,794
363419;Jack Wilson;2005;0,662
363419;Jack Wilson;2006;0,686
363419;Jack Wilson;2007;0,791
363419;Jack Wilson;2008;0,659
363419;Jack Wilson;2009;0,691
363421;Jacob Wilson;2025;0,8
363423;Jimmie Wilson;1923;0,586
363423;Jimmie Wilson;1924;0,744
363423;Jimmie Wilson;1925;0,82
363423;Jimmie Wilson;1926;0,76
363423;Jimmie Wilson;1927;0,662
363423;Jimmie Wilson;1928;0,678
363423;Jimmie Wilson;1929;0,859
363423;Jimmie Wilson;1930;0,802
363423;Jimmie Wilson;1931;0,669
363423;Jimmie Wilson;1932;0,633
363423;Jimmie Wilson;1933;0,609
363423;Jimmie Wilson;1934;0,691
363423;Jimmie Wilson;1935;0,684
363423;Jimmie Wilson;1936;0,658
363429;Josh Wilson;2007;0,644
363429;Josh Wilson;2010;0,572
363431;Jud Wilson;1925;1,003
363431;Jud Wilson;1927;1,203
363431;Jud Wilson;1929;1,114
363431;Jud Wilson;1934;0,926
363431;Jud Wilson;1943;0,808
363439;Mookie Wilson;1981;0,689
363439;Mookie Wilson;1982;0,683
363439;Mookie Wilson;1983;0,666
363439;Mookie Wilson;1984;0,717
363439;Mookie Wilson;1985;0,755
363439;Mookie Wilson;1986;0,775
363439;Mookie Wilson;1987;0,814
363439;Mookie Wilson;1988;0,776
363439;Mookie Wilson;1989;0,6035
363439;Mookie Wilson;1990;0,656
363439;Mookie Wilson;1991;0,626
363443;Parke Wilson;1895;0,554
363443;Parke Wilson;1896;0,522
363443;Parke Wilson;1899;0,687
363446;Percy Wilson;1923;0,823
363447;Preston Wilson;1999;0,852
363447;Preston Wilson;2000;0,817
363447;Preston Wilson;2001;0,825
363447;Preston Wilson;2002;0,759
363447;Preston Wilson;2003;0,88
363447;Preston Wilson;2004;0,706
363447;Preston Wilson;2005;0,792
363447;Preston Wilson;2006;0,714
363449;Red Wilson;1955;0,578
363449;Red Wilson;1956;0,844
363449;Red Wilson;1958;0,752
363449;Red Wilson;1959;0,703
363457;Tom Wilson;2002;0,719
363457;Tom Wilson;2003;0,722
363462;Vance Wilson;2003;0,666
363466;Willie Wilson;1979;0,771
363466;Willie Wilson;1980;0,778
363466;Willie Wilson;1981;0,7
363466;Willie Wilson;1982;0,796
363466;Willie Wilson;1983;0,669
363466;Willie Wilson;1984;0,74
363466;Willie Wilson;1985;0,724
363466;Willie Wilson;1986;0,679
363466;Willie Wilson;1987;0,698
363466;Willie Wilson;1988;0,622
363466;Willie Wilson;1989;0,657
363466;Willie Wilson;1990;0,725
363466;Willie Wilson;1991;0,603
363466;Willie Wilson;1992;0,662
363466;Willie Wilson;1993;0,649
363483;Bobby Wine;1962;0,599
363483;Bobby Wine;1963;0,548
363483;Bobby Wine;1964;0,578
363483;Bobby Wine;1965;0,576
363483;Bobby Wine;1967;0,516
363483;Bobby Wine;1969;0,508
363483;Bobby Wine;1970;0,59
363483;Bobby Wine;1971;0,489
363486;Dave Winfield;1974;0,756
363486;Dave Winfield;1975;0,756
363486;Dave Winfield;1976;0,797
363486;Dave Winfield;1977;0,801
363486;Dave Winfield;1978;0,866
363486;Dave Winfield;1979;0,953
363486;Dave Winfield;1980;0,815
363486;Dave Winfield;1981;0,824
363486;Dave Winfield;1982;0,891
363486;Dave Winfield;1983;0,858
363486;Dave Winfield;1984;0,908
363486;Dave Winfield;1985;0,799
363486;Dave Winfield;1986;0,811
363486;Dave Winfield;1987;0,815
363486;Dave Winfield;1988;0,927
363486;Dave Winfield;1990;0,814
363486;Dave Winfield;1991;0,798
363486;Dave Winfield;1992;0,867
363486;Dave Winfield;1993;0,767
363486;Dave Winfield;1994;0,746
363492;Al Wingo;1925;0,983
363492;Al Wingo;1926;0,744
363492;Al Wingo;1928;0,769
363495;Ivey Wingo;1912;0,711
363495;Ivey Wingo;1913;0,637
363495;Ivey Wingo;1914;0,778
363495;Ivey Wingo;1915;0,566
363495;Ivey Wingo;1916;0,646
363495;Ivey Wingo;1917;0,687
363495;Ivey Wingo;1918;0,635
363495;Ivey Wingo;1919;0,707
363495;Ivey Wingo;1920;0,638
363495;Ivey Wingo;1921;0,681
363495;Ivey Wingo;1922;0,735
363498;Jesse Winker;2018;0,836
363498;Jesse Winker;2019;0,83
363498;Jesse Winker;2021;0,949
363498;Jesse Winker;2022;0,688
363498;Jesse Winker;2024;0,793
363506;Herm Winningham;1985;0,614
363506;Herm Winningham;1987;0,653
363506;Herm Winningham;1989;0,671
363506;Herm Winningham;1992;0,557
363509;Masyn Winn;2024;0,73
363509;Masyn Winn;2025;0,673
363510;Randy Winn;1998;0,704
363510;Randy Winn;1999;0,673
363510;Randy Winn;2001;0,74
363510;Randy Winn;2002;0,821
363510;Randy Winn;2003;0,771
363510;Randy Winn;2004;0,772
363510;Randy Winn;2005;0,902
363510;Randy Winn;2006;0,721
363510;Randy Winn;2007;0,798
363510;Randy Winn;2008;0,79
363510;Randy Winn;2009;0,671
363511;Tom Winsett;1937;0,681
363523;Patrick Wisdom;2021;0,823
363523;Patrick Wisdom;2022;0,725
363523;Patrick Wisdom;2023;0,789
363525;Bill Wise;1884;0,566
363529;Brett Wisely;2024;0,623
363534;Sam Wise;1882;0,56
363534;Sam Wise;1883;0,69
363534;Sam Wise;1884;0,576
363534;Sam Wise;1885;0,729
363534;Sam Wise;1886;0,777
363534;Sam Wise;1887;0,913
363534;Sam Wise;1888;0,678
363534;Sam Wise;1889;0,682
363534;Sam Wise;1890;0,783
363534;Sam Wise;1891;0,681
363534;Sam Wise;1893;0,831
363539;Tex Wisterzil;1914;0,642
363542;Mickey Witek;1940;0,589
363542;Mickey Witek;1942;0,649
363542;Mickey Witek;1943;0,726
363542;Mickey Witek;1946;0,696
363552;Bobby Witt;2022;0,722
363552;Bobby Witt;2023;0,813
363552;Bobby Witt;2024;0,977
363552;Bobby Witt;2025;0,852
363557;Kevin Witt;2003;0,708
363559;Whitey Witt;1916;0,652
363559;Whitey Witt;1917;0,645
363559;Whitey Witt;1919;0,66
363559;Whitey Witt;1920;0,809
363559;Whitey Witt;1921;0,809
363559;Whitey Witt;1922;0,763
363559;Whitey Witt;1923;0,794
363559;Whitey Witt;1924;0,707
363560;John Wockenfuss;1979;0,827
363560;John Wockenfuss;1980;0,839
363560;John Wockenfuss;1983;0,769
363564;Jim Wohlford;1974;0,67
363564;Jim Wohlford;1975;0,629
363564;Jim Wohlford;1976;0,621
363564;Jim Wohlford;1977;0,604
363564;Jim Wohlford;1982;0,667
363564;Jim Wohlford;1984;0,793
363577;Larry Wolfe;1978;0,656
363583;Chicken Wolf;1882;0,702
363583;Chicken Wolf;1883;0,631
363583;Chicken Wolf;1884;0,724
363583;Chicken Wolf;1885;0,725
363583;Chicken Wolf;1886;0,673
363583;Chicken Wolf;1887;0,715
363583;Chicken Wolf;1888;0,7
363583;Chicken Wolf;1889;0,71
363583;Chicken Wolf;1890;0,9
363583;Chicken Wolf;1891;0,642
363591;Harry Wolter;1910;0,725
363591;Harry Wolter;1911;0,836
363591;Harry Wolter;1913;0,716
363591;Harry Wolter;1917;0,655
363593;Tony Wolters;2016;0,723
363593;Tony Wolters;2017;0,625
363593;Tony Wolters;2019;0,666
363594;Harry Wolverton;1899;0,736
363594;Harry Wolverton;1900;0,696
363594;Harry Wolverton;1901;0,726
363594;Harry Wolverton;1902;0,609
363594;Harry Wolverton;1903;0,725
363594;Harry Wolverton;1904;0,65
363594;Harry Wolverton;1905;0,576
363599;Tony Womack;1997;0,7
363599;Tony Womack;1998;0,677
363599;Tony Womack;1999;0,702
363599;Tony Womack;2000;0,692
363599;Tony Womack;2001;0,652
363599;Tony Womack;2002;0,678
363599;Tony Womack;2003;0,607
363599;Tony Womack;2004;0,735
363599;Tony Womack;2005;0,556
363600;Connor Wong;2023;0,673
363600;Connor Wong;2024;0,758
363603;Kolten Wong;2014;0,68
363603;Kolten Wong;2015;0,707
363603;Kolten Wong;2016;0,682
363603;Kolten Wong;2017;0,788
363603;Kolten Wong;2018;0,72
363603;Kolten Wong;2019;0,784
363603;Kolten Wong;2021;0,783
363603;Kolten Wong;2022;0,77
363609;Larry Woodall;1927;0,736
363614;Bob Wood;1901;0,711
363614;Bob Wood;1902;0,754
363615;Brandon Wood;2010;0,382
363615;Brandon Wood;2011;0,625
363623;George Wood;1880;0,591
363623;George Wood;1881;0,756
363623;George Wood;1882;0,717
363623;George Wood;1883;0,784
363623;George Wood;1884;0,687
363623;George Wood;1885;0,743
363623;George Wood;1886;0,715
363623;George Wood;1887;0,847
363623;George Wood;1888;0,645
363623;George Wood;1889;0,692
363623;George Wood;1890;0,788
363623;George Wood;1891;0,812
363627;Jake Wood;1961;0,695
363627;Jake Wood;1962;0,637
363627;Jake Wood;1963;0,737
363627;Jake Wood;1966;0,679
363629;James Wood;2024;0,781
363629;James Wood;2025;0,825
363630;Jimmy Wood;1873;0,728
363632;Smoky Joe Wood;1918;0,759
363632;Smoky Joe Wood;1922;0,809
363635;Ken Wood;1950;0,695
363635;Ken Wood;1951;0,726
363635;Ken Wood;1952;0,752
363637;Gene Woodling;1949;0,793
363637;Gene Woodling;1950;0,793
363637;Gene Woodling;1951;0,835
363637;Gene Woodling;1952;0,87
363637;Gene Woodling;1953;0,898
363637;Gene Woodling;1954;0,71
363637;Gene Woodling;1955;0,769
363637;Gene Woodling;1956;0,787
363637;Gene Woodling;1957;0,929
363637;Gene Woodling;1958;0,806
363637;Gene Woodling;1959;0,856
363637;Gene Woodling;1960;0,815
363637;Gene Woodling;1961;0,873
363642;Roy Wood;1914;0,605
363644;Sam Woodruff;1904;0,499
363645;Al Woods;1977;0,718
363645;Al Woods;1978;0,641
363645;Al Woods;1979;0,722
363645;Al Woods;1980;0,844
363645;Al Woods;1981;0,6
363645;Al Woods;1982;0,646
363649;Gary Woods;1977;0,51
363649;Gary Woods;1982;0,715
363657;Ron Woods;1970;0,707
363657;Ron Woods;1972;0,746
363657;Ron Woods;1973;0,655
363669;Chris Woodward;2002;0,797
363669;Chris Woodward;2003;0,711
363669;Chris Woodward;2004;0,63
363669;Chris Woodward;2006;0,6
363673;Woody Woodward;1965;0,499
363673;Woody Woodward;1966;0,65
363673;Woody Woodward;1967;0,558
363673;Woody Woodward;1969;0,645
363673;Woody Woodward;1970;0,568
363673;Woody Woodward;1971;0,591
363679;Junior Wooten;1948;0,646
363681;Shawn Wooten;2001;0,798
363681;Shawn Wooten;2003;0,653
363685;Chuck Workman;1943;0,64
363685;Chuck Workman;1944;0,631
363685;Chuck Workman;1945;0,806
363695;Craig Worthington;1989;0,718
363695;Craig Worthington;1990;0,65
363699;Red Worthington;1931;0,736
363699;Red Worthington;1932;0,806
363701;Chuck Wortman;1916;0,519
363720;David Wright;2004;0,857
363720;David Wright;2005;0,912
363720;David Wright;2006;0,912
363720;David Wright;2007;0,963
363720;David Wright;2008;0,924
363720;David Wright;2009;0,837
363720;David Wright;2010;0,856
363720;David Wright;2011;0,771
363720;David Wright;2012;0,883
363720;David Wright;2013;0,904
363720;David Wright;2014;0,698
363724;George Wright;1872;0,816
363724;George Wright;1873;0,914
363724;George Wright;1874;0,816
363724;George Wright;1875;0,768
363724;George Wright;1876;0,712
363724;George Wright;1877;0,632
363724;George Wright;1878;0,493
363724;George Wright;1879;0,673
363726;George Wright;1982;0,682
363726;George Wright;1983;0,745
363726;George Wright;1984;0,657
363726;George Wright;1985;0,483
363728;Glenn Wright;1924;0,744
363728;Glenn Wright;1925;0,822
363728;Glenn Wright;1926;0,794
363728;Glenn Wright;1927;0,716
363728;Glenn Wright;1928;0,8
363728;Glenn Wright;1930;0,903
363728;Glenn Wright;1931;0,772
363728;Glenn Wright;1932;0,732
363729;Harry Wright;1872;0,574
363729;Harry Wright;1873;0,619
363736;Joe Wright;1895;0,684
363745;Rasty Wright;1890;0,796
363751;Russ Wrightstone;1920;0,647
363751;Russ Wrightstone;1921;0,756
363751;Russ Wrightstone;1922;0,806
363751;Russ Wrightstone;1923;0,731
363751;Russ Wrightstone;1924;0,806
363751;Russ Wrightstone;1925;0,98
363751;Russ Wrightstone;1926;0,788
363751;Russ Wrightstone;1927;0,769
363754;Taffy Wright;1938;0,906
363754;Taffy Wright;1939;0,794
363754;Taffy Wright;1940;0,832
363754;Taffy Wright;1941;0,867
363754;Taffy Wright;1942;0,842
363754;Taffy Wright;1946;0,731
363754;Taffy Wright;1947;0,784
363754;Taffy Wright;1948;0,706
363757;Wild Bill Wright;1942;0,819
363757;Wild Bill Wright;1945;0,945
363760;Zeke Wrigley;1897;0,704
363760;Zeke Wrigley;1898;0,615
363777;Butch Wynegar;1976;0,719
363777;Butch Wynegar;1977;0,715
363777;Butch Wynegar;1978;0,616
363777;Butch Wynegar;1979;0,714
363777;Butch Wynegar;1980;0,675
363777;Butch Wynegar;1983;0,827
363777;Butch Wynegar;1984;0,702
363777;Butch Wynegar;1985;0,676
363781;Marvell Wynne;1983;0,674
363781;Marvell Wynne;1984;0,647
363781;Marvell Wynne;1985;0,505
363781;Marvell Wynne;1986;0,716
363781;Marvell Wynne;1988;0,752
363781;Marvell Wynne;1989;0,64
363783;Jim Wynn;1963;0,691
363783;Jim Wynn;1964;0,625
363783;Jim Wynn;1965;0,841
363783;Jim Wynn;1966;0,761
363783;Jim Wynn;1967;0,826
363783;Jim Wynn;1968;0,85
363783;Jim Wynn;1969;0,943
363783;Jim Wynn;1970;0,886
363783;Jim Wynn;1971;0,596
363783;Jim Wynn;1972;0,86
363783;Jim Wynn;1973;0,742
363783;Jim Wynn;1974;0,884
363783;Jim Wynn;1975;0,821
363783;Jim Wynn;1976;0,744
363786;Johnny Wyrostek;1946;0,749
363786;Johnny Wyrostek;1947;0,754
363786;Johnny Wyrostek;1948;0,799
363786;Johnny Wyrostek;1949;0,698
363786;Johnny Wyrostek;1950;0,775
363786;Johnny Wyrostek;1951;0,767
363786;Johnny Wyrostek;1952;0,715
363786;Johnny Wyrostek;1953;0,699
363786;Johnny Wyrostek;1954;0,665
363800;Bill Yancey;1929;0,652
363815;Carl Yastrzemski;1961;0,721
363815;Carl Yastrzemski;1962;0,832
363815;Carl Yastrzemski;1963;0,894
363815;Carl Yastrzemski;1964;0,825
363815;Carl Yastrzemski;1965;0,932
363815;Carl Yastrzemski;1966;0,799
363815;Carl Yastrzemski;1967;1,04
363815;Carl Yastrzemski;1968;0,922
363815;Carl Yastrzemski;1969;0,87
363815;Carl Yastrzemski;1970;1,044
363815;Carl Yastrzemski;1971;0,772
363815;Carl Yastrzemski;1972;0,748
363815;Carl Yastrzemski;1973;0,87
363815;Carl Yastrzemski;1974;0,859
363815;Carl Yastrzemski;1975;0,776
363815;Carl Yastrzemski;1976;0,79
363815;Carl Yastrzemski;1977;0,877
363815;Carl Yastrzemski;1978;0,79
363815;Carl Yastrzemski;1979;0,796
363815;Carl Yastrzemski;1980;0,812
363815;Carl Yastrzemski;1981;0,693
363815;Carl Yastrzemski;1982;0,789
363815;Carl Yastrzemski;1983;0,767
363816;Mike Yastrzemski;2019;0,852
363816;Mike Yastrzemski;2021;0,768
363816;Mike Yastrzemski;2022;0,697
363816;Mike Yastrzemski;2023;0,775
363816;Mike Yastrzemski;2024;0,739
363816;Mike Yastrzemski;2025;0,685
363823;George Yeager;1898;0,703
363824;Joe Yeager;1903;0,626
363824;Joe Yeager;1905;0,672
363824;Joe Yeager;1907;0,619
363825;Steve Yeager;1974;0,771
363825;Steve Yeager;1975;0,646
363825;Steve Yeager;1976;0,64
363825;Steve Yeager;1977;0,779
363825;Steve Yeager;1978;0,577
363825;Steve Yeager;1979;0,665
363825;Steve Yeager;1980;0,547
363825;Steve Yeager;1983;0,635
363828;Eric Yelding;1990;0,602
363828;Eric Yelding;1991;0,577
363829;Christian Yelich;2013;0,766
363829;Christian Yelich;2014;0,764
363829;Christian Yelich;2015;0,782
363829;Christian Yelich;2016;0,859
363829;Christian Yelich;2017;0,807
363829;Christian Yelich;2018;1
363829;Christian Yelich;2019;1,1
363829;Christian Yelich;2020;0,786
363829;Christian Yelich;2021;0,736
363829;Christian Yelich;2022;0,738
363829;Christian Yelich;2023;0,818
363829;Christian Yelich;2024;0,909
363829;Christian Yelich;2025;0,795
363833;Juan Yepez;2022;0,742
363833;Juan Yepez;2024;0,764
363836;Steve Yerkes;1911;0,698
363836;Steve Yerkes;1912;0,629
363836;Steve Yerkes;1913;0,696
363836;Steve Yerkes;1914;0,559
363836;Steve Yerkes;1915;0,708
363858;Rudy York;1937;1,026
363858;Rudy York;1938;0,995
363858;Rudy York;1939;0,931
363858;Rudy York;1940;0,993
363858;Rudy York;1941;0,816
363858;Rudy York;1942;0,771
363858;Rudy York;1943;0,893
363858;Rudy York;1944;0,792
363858;Rudy York;1945;0,745
363858;Rudy York;1946;0,808
363858;Rudy York;1947;0,725
363859;Tom York;1872;0,609
363859;Tom York;1873;0,723
363859;Tom York;1874;0,597
363859;Tom York;1875;0,672
363859;Tom York;1876;0,655
363859;Tom York;1877;0,714
363859;Tom York;1878;0,793
363859;Tom York;1879;0,767
363859;Tom York;1880;0,518
363859;Tom York;1881;0,79
363859;Tom York;1882;0,701
363859;Tom York;1883;0,703
363859;Tom York;1884;0,64
363862;Masataka Yoshida;2023;0,783
363862;Masataka Yoshida;2024;0,765
363863;Eddie Yost;1947;0,606
363863;Eddie Yost;1948;0,706
363863;Eddie Yost;1949;0,774
363863;Eddie Yost;1950;0,845
363863;Eddie Yost;1951;0,847
363863;Eddie Yost;1952;0,738
363863;Eddie Yost;1953;0,799
363863;Eddie Yost;1954;0,786
363863;Eddie Yost;1955;0,778
363863;Eddie Yost;1956;0,748
363863;Eddie Yost;1957;0,742
363863;Eddie Yost;1958;0,683
363863;Eddie Yost;1959;0,871
363863;Eddie Yost;1960;0,812
363863;Eddie Yost;1961;0,621
363865;Ned Yost;1984;0,474
363867;Kevin Youkilis;2004;0,78
363867;Kevin Youkilis;2006;0,81
363867;Kevin Youkilis;2007;0,843
363867;Kevin Youkilis;2008;0,958
363867;Kevin Youkilis;2009;0,961
363867;Kevin Youkilis;2010;0,975
363867;Kevin Youkilis;2011;0,833
363867;Kevin Youkilis;2012;0,771
363876;Babe Young;1940;0,807
363876;Babe Young;1941;0,807
363876;Babe Young;1942;0,825
363876;Babe Young;1946;0,734
363876;Babe Young;1947;0,822
363877;Bobby Young;1951;0,626
363877;Bobby Young;1952;0,639
363877;Bobby Young;1953;0,635
363877;Bobby Young;1954;0,66
363883;Chris Young;2007;0,763
363883;Chris Young;2008;0,758
363883;Chris Young;2009;0,711
363883;Chris Young;2010;0,793
363883;Chris Young;2011;0,751
363883;Chris Young;2012;0,745
363883;Chris Young;2013;0,659
363883;Chris Young;2014;0,63
363883;Chris Young;2015;0,773
363883;Chris Young;2016;0,85
363883;Chris Young;2017;0,709
363885;Cole Young;2025;0,607
363891;Del Young;1937;0,465
363891;Del Young;1938;0,556
363891;Del Young;1939;0,653
363892;Delmon Young;2007;0,723
363892;Delmon Young;2008;0,741
363892;Delmon Young;2009;0,733
363892;Delmon Young;2010;0,826
363892;Delmon Young;2011;0,662
363892;Delmon Young;2012;0,707
363892;Delmon Young;2013;0,699
363892;Delmon Young;2014;0,779
363893;Delwyn Young;2009;0,707
363895;Dmitri Young;1997;0,698
363895;Dmitri Young;1998;0,846
363895;Dmitri Young;1999;0,856
363895;Dmitri Young;2000;0,837
363895;Dmitri Young;2001;0,832
363895;Dmitri Young;2002;0,786
363895;Dmitri Young;2003;0,909
363895;Dmitri Young;2004;0,816
363895;Dmitri Young;2005;0,796
363895;Dmitri Young;2007;0,869
363896;Don Young;1969;0,714
363898;Eric Young;1993;0,708
363898;Eric Young;1994;0,808
363898;Eric Young;1995;0,876
363898;Eric Young;1996;0,814
363898;Eric Young;1997;0,771
363898;Eric Young;1998;0,751
363898;Eric Young;1999;0,726
363898;Eric Young;2000;0,766
363898;Eric Young;2001;0,726
363898;Eric Young;2002;0,707
363898;Eric Young;2003;0,764
363898;Eric Young;2004;0,758
363899;Ernie Young;1996;0,75
363900;Eric Young;2013;0,647
363900;Eric Young;2014;0,61
363902;Gerald Young;1987;0,759
363902;Gerald Young;1988;0,658
363902;Gerald Young;1989;0,602
363910;Jacob Young;2024;0,648
363910;Jacob Young;2025;0,583
363913;Joel Youngblood;1978;0,73
363913;Joel Youngblood;1979;0,782
363913;Joel Youngblood;1980;0,721
363913;Joel Youngblood;1982;0,664
363913;Joel Youngblood;1983;0,855
363913;Joel Youngblood;1984;0,686
363913;Joel Youngblood;1985;0,703
363914;Kevin Young;1993;0,643
363914;Kevin Young;1997;0,867
363914;Kevin Young;1998;0,809
363914;Kevin Young;1999;0,909
363914;Kevin Young;2000;0,744
363914;Kevin Young;2001;0,708
363914;Kevin Young;2002;0,73
363922;Mike Young;1984;0,786
363922;Mike Young;1985;0,861
363922;Mike Young;1986;0,713
363922;Mike Young;1987;0,733
363923;Michael Young;2001;0,699
363923;Michael Young;2002;0,69
363923;Michael Young;2003;0,785
363923;Michael Young;2004;0,836
363923;Michael Young;2005;0,899
363923;Michael Young;2006;0,814
363923;Michael Young;2007;0,783
363923;Michael Young;2008;0,741
363923;Michael Young;2009;0,892
363923;Michael Young;2010;0,774
363923;Michael Young;2011;0,854
363923;Michael Young;2012;0,682
363923;Michael Young;2013;0,731
363926;Pep Young;1935;0,697
363926;Pep Young;1936;0,67
363926;Pep Young;1937;0,695
363926;Pep Young;1938;0,71
363926;Pep Young;1939;0,709
363928;Ralph Young;1915;0,625
363928;Ralph Young;1916;0,664
363928;Ralph Young;1917;0,598
363928;Ralph Young;1918;0,531
363928;Ralph Young;1919;0,562
363928;Ralph Young;1920;0,729
363928;Ralph Young;1921;0,74
363928;Ralph Young;1922;0,587
363929;Ross Youngs;1918;0,744
363929;Ross Youngs;1919;0,799
363929;Ross Youngs;1920;0,904
363929;Ross Youngs;1921;0,868
363929;Ross Youngs;1922;0,863
363929;Ross Youngs;1923;0,859
363929;Ross Youngs;1924;0,962
363929;Ross Youngs;1925;0,726
363929;Ross Youngs;1926;0,77
363932;Tom Young;1927;0,738
363940;Robin Yount;1974;0,622
363940;Robin Yount;1975;0,674
363940;Robin Yount;1976;0,593
363940;Robin Yount;1977;0,71
363940;Robin Yount;1978;0,752
363940;Robin Yount;1979;0,679
363940;Robin Yount;1980;0,84
363940;Robin Yount;1981;0,731
363940;Robin Yount;1982;0,957
363940;Robin Yount;1983;0,886
363940;Robin Yount;1984;0,803
363940;Robin Yount;1985;0,784
363940;Robin Yount;1986;0,838
363940;Robin Yount;1987;0,862
363940;Robin Yount;1988;0,834
363940;Robin Yount;1989;0,896
363940;Robin Yount;1990;0,717
363940;Robin Yount;1991;0,707
363940;Robin Yount;1992;0,714
363940;Robin Yount;1993;0,705
363972;Al Zarilla;1943;0,629
363972;Al Zarilla;1944;0,823
363972;Al Zarilla;1946;0,688
363972;Al Zarilla;1947;0,621
363972;Al Zarilla;1948;0,871
363972;Al Zarilla;1949;0,774
363972;Al Zarilla;1950;0,915
363972;Al Zarilla;1951;0,764
363975;Norm Zauchin;1955;0,765
363975;Norm Zauchin;1958;0,726
363976;Gregg Zaun;1998;0,566
363976;Gregg Zaun;2000;0,8
363976;Gregg Zaun;2004;0,761
363976;Gregg Zaun;2005;0,729
363976;Gregg Zaun;2006;0,825
363976;Gregg Zaun;2007;0,752
363976;Gregg Zaun;2008;0,7
363986;Rollie Zeider;1910;0,548
363986;Rollie Zeider;1911;0,642
363986;Rollie Zeider;1912;0,658
363986;Rollie Zeider;1914;0,663
363986;Rollie Zeider;1915;0,576
363986;Rollie Zeider;1916;0,581
363986;Rollie Zeider;1917;0,596
363986;Rollie Zeider;1918;0,539
363989;Todd Zeile;1990;0,731
363989;Todd Zeile;1991;0,765
363989;Todd Zeile;1992;0,717
363989;Todd Zeile;1993;0,785
363989;Todd Zeile;1994;0,818
363989;Todd Zeile;1995;0,642
363989;Todd Zeile;1996;0,789
363989;Todd Zeile;1997;0,824
363989;Todd Zeile;1998;0,801
363989;Todd Zeile;1999;0,842
363989;Todd Zeile;2000;0,823
363989;Todd Zeile;2001;0,732
363989;Todd Zeile;2002;0,778
363989;Todd Zeile;2004;0,675
363994;Gus Zernial;1950;0,815
363994;Gus Zernial;1951;0,875
363994;Gus Zernial;1952;0,799
363994;Gus Zernial;1953;0,914
363994;Gus Zernial;1954;0,727
363994;Gus Zernial;1955;0,812
363994;Gus Zernial;1956;0,76
363994;Gus Zernial;1957;0,761
363996;George Zettlein;1873;0,427
363996;George Zettlein;1874;0,417
364003;Benny Zientara;1946;0,662
364003;Benny Zientara;1947;0,618
364006;Bradley Zimmer;2017;0,692
364006;Bradley Zimmer;2021;0,669
364008;Charles Zimmer;1888;0,642
364008;Charles Zimmer;1889;0,743
364008;Charles Zimmer;1890;0,594
364008;Charles Zimmer;1891;0,653
364008;Charles Zimmer;1892;0,732
364008;Charles Zimmer;1893;0,81
364008;Charles Zimmer;1894;0,735
364008;Charles Zimmer;1895;0,884
364008;Charles Zimmer;1896;0,729
364008;Charles Zimmer;1897;0,789
364008;Charles Zimmer;1899;0,755
364008;Charles Zimmer;1900;0,756
364008;Charles Zimmer;1901;0,568
364009;Don Zimmer;1955;0,731
364009;Don Zimmer;1957;0,589
364009;Don Zimmer;1958;0,72
364009;Don Zimmer;1959;0,523
364009;Don Zimmer;1960;0,696
364009;Don Zimmer;1961;0,694
364009;Don Zimmer;1963;0,722
364009;Don Zimmer;1964;0,712
364009;Don Zimmer;1965;0,536
364010;Eddie Zimmerman;1911;0,513
364011;Heinie Zimmerman;1910;0,72
364011;Heinie Zimmerman;1911;0,805
364011;Heinie Zimmerman;1912;0,989
364011;Heinie Zimmerman;1913;0,868
364011;Heinie Zimmerman;1914;0,75
364011;Heinie Zimmerman;1915;0,679
364011;Heinie Zimmerman;1916;0,748
364011;Heinie Zimmerman;1917;0,709
364011;Heinie Zimmerman;1918;0,656
364011;Heinie Zimmerman;1919;0,649
364012;Jerry Zimmerman;1961;0,483
364012;Jerry Zimmerman;1967;0,436
364018;Ryan Zimmerman;2006;0,822
364018;Ryan Zimmerman;2007;0,788
364018;Ryan Zimmerman;2008;0,774
364018;Ryan Zimmerman;2009;0,888
364018;Ryan Zimmerman;2010;0,899
364018;Ryan Zimmerman;2011;0,798
364018;Ryan Zimmerman;2012;0,824
364018;Ryan Zimmerman;2013;0,809
364018;Ryan Zimmerman;2014;0,79
364018;Ryan Zimmerman;2015;0,773
364018;Ryan Zimmerman;2016;0,642
364018;Ryan Zimmerman;2017;0,93
364018;Ryan Zimmerman;2018;0,824
364018;Ryan Zimmerman;2021;0,756
364022;Guy Zinn;1912;0,739
364022;Guy Zinn;1914;0,754
364022;Guy Zinn;1915;0,737
364027;Richie Zisk;1973;0,89
364027;Richie Zisk;1974;0,862
364027;Richie Zisk;1975;0,848
364027;Richie Zisk;1976;0,808
364027;Richie Zisk;1977;0,869
364027;Richie Zisk;1978;0,77
364027;Richie Zisk;1979;0,752
364027;Richie Zisk;1980;0,804
364027;Richie Zisk;1981;0,851
364027;Richie Zisk;1982;0,831
364027;Richie Zisk;1983;0,722
364029;Billy Zitzmann;1925;0,658
364029;Billy Zitzmann;1927;0,714
364029;Billy Zitzmann;1928;0,724
364031;Ben Zobrist;2009;0,948
364031;Ben Zobrist;2010;0,699
364031;Ben Zobrist;2011;0,822
364031;Ben Zobrist;2012;0,848
364031;Ben Zobrist;2013;0,756
364031;Ben Zobrist;2014;0,749
364031;Ben Zobrist;2015;0,8085
364031;Ben Zobrist;2016;0,831
364031;Ben Zobrist;2017;0,693
364031;Ben Zobrist;2018;0,817
364043;Mike Zunino;2014;0,658
364043;Mike Zunino;2015;0,53
364043;Mike Zunino;2017;0,84
364043;Mike Zunino;2018;0,669
364043;Mike Zunino;2019;0,544
364043;Mike Zunino;2021;0,86
364044;Bob Zupcic;1992;0,674
364044;Bob Zupcic;1993;0,668
364048;Dutch Zwilling;1914;0,848
364048;Dutch Zwilling;1915;0,808
