339781;Hank Aaron;Gold Glove;3;20
339781;Hank Aaron;Lou Gehrig Memorial Award;1;20
339781;Hank Aaron;Most Valuable Player;1;20
339781;Hank Aaron;Player of the Week;4;20
339781;Hank Aaron;TSN All-Star;9;20
339781;Hank Aaron;TSN Player of the Year;2;20
339783;Don Aase;Pitcher of the Month;1;2
339783;Don Aase;Player of the Week;1;2
339796;Jim Abbott;Hutch Award;1;3
339796;Jim Abbott;Player of the Week;1;3
339796;Jim Abbott;TSN All-Star;1;3
339810;Ted Abernathy;TSN Fireman of the Year;2;2
339817;CJ Abrams;Player of the Week;1;1
339821;Bobby Abreu;Gold Glove;1;8
339821;Bobby Abreu;Player of the Month;2;8
339821;Bobby Abreu;Player of the Week;4;8
339821;Bobby Abreu;Silver Slugger;1;8
339825;Jose Abreu;All-MLB Team - Second Team;1;27
339825;Jose Abreu;Hank Aaron Award;1;27
339825;Jose Abreu;MLB Players Choice Outstanding Player;1;27
339825;Jose Abreu;MLB Players Choice Outstanding Rookie;1;27
339825;Jose Abreu;Most Valuable Player;1;27
339825;Jose Abreu;Player of the Month;4;27
339825;Jose Abreu;Player of the Week;6;27
339825;Jose Abreu;Rookie of the Month;3;27
339825;Jose Abreu;Rookie of the Year;1;27
339825;Jose Abreu;Silver Slugger;3;27
339825;Jose Abreu;TSN All-Star;2;27
339825;Jose Abreu;TSN Major League Player of the Year;1;27
339825;Jose Abreu;TSN Rookie of the Year;1;27
339825;Jose Abreu;This Year in Baseball Rookie of the Year;1;27
339829;Wilyer Abreu;Gold Glove;2;2
339852;Ronald Acuña;All-MLB Team - First Team;1;30
339852;Ronald Acuña;All-MLB Team - Second Team;2;30
339852;Ronald Acuña;Comeback Player of the Year;1;30
339852;Ronald Acuña;Hank Aaron Award;1;30
339852;Ronald Acuña;MLB Players Choice Comeback Player;1;30
339852;Ronald Acuña;MLB Players Choice Outstanding Player;1;30
339852;Ronald Acuña;MLB Players Choice Outstanding Rookie;1;30
339852;Ronald Acuña;MLB Players Choice Player of the Year;1;30
339852;Ronald Acuña;Most Valuable Player;1;30
339852;Ronald Acuña;Player of the Month;4;30
339852;Ronald Acuña;Player of the Week;5;30
339852;Ronald Acuña;Rookie of the Month;1;30
339852;Ronald Acuña;Rookie of the Year;1;30
339852;Ronald Acuña;Silver Slugger;3;30
339852;Ronald Acuña;TSN All-Star;4;30
339852;Ronald Acuña;TSN Major League Player of the Year;1;30
339852;Ronald Acuña;TSN Rookie of the Year;1;30
339857;Willy Adames;Player of the Week;3;3
339863;Babe Adams;Baseball Magazine All-Star;2;2
339912;Jo Adell;Player of the Week;1;1
339927;Jeremy Affeldt;This Year in Baseball Setup Man of the Year;1;1
339929;Tommie Agee;Gold Glove;2;5
339929;Tommie Agee;Rookie of the Year;1;5
339929;Tommie Agee;TSN Comeback Player of the Year;1;5
339929;Tommie Agee;TSN Rookie Player of the Year;1;5
339941;Rick Aguilera;Pitcher of the Month;1;1
339946;Nick Ahmed;Gold Glove;2;3
339946;Nick Ahmed;Player of the Month;1;3
339949;Eddie Ainsmith;Baseball Magazine All-Star;1;1
339955;Jack Aker;TSN Fireman of the Year;1;1
339972;Ozzie Albies;All-MLB Team - Second Team;2;7
339972;Ozzie Albies;Player of the Week;1;7
339972;Ozzie Albies;Silver Slugger;2;7
339972;Ozzie Albies;TSN All-Star;2;7
339986;Sandy Alcantara;All-MLB Team - First Team;1;7
339986;Sandy Alcantara;Cy Young Award;1;7
339986;Sandy Alcantara;MLB Players Choice Outstanding Pitcher;1;7
339986;Sandy Alcantara;Pitcher of the Month;1;7
339986;Sandy Alcantara;Player of the Week;1;7
339986;Sandy Alcantara;TSN All-Star;1;7
339986;Sandy Alcantara;TSN Pitcher of the Year;1;7
340005;Doyle Alexander;Pitcher of the Month;2;2
340006;Gary Alexander;Player of the Week;1;1
340014;Pete Alexander;Baseball Magazine All-Star;17;21
340014;Pete Alexander;Pitching Triple Crown;3;21
340014;Pete Alexander;TSN All-Star;1;21
340023;Antonio Alfonseca;Reliever of the Year Award;1;2
340023;Antonio Alfonseca;TSN Fireman of the Year;1;2
340025;Edgardo Alfonzo;Silver Slugger;1;2
340025;Edgardo Alfonzo;TSN All-Star;1;2
340046;Cody Allen;Reliever of the Month;1;1
340047;Dick Allen;Most Valuable Player;1;8
340047;Dick Allen;Player of the Week;2;8
340047;Dick Allen;Rookie of the Year;1;8
340047;Dick Allen;TSN All-Star;2;8
340047;Dick Allen;TSN Player of the Year;1;8
340047;Dick Allen;TSN Rookie Player of the Year;1;8
340063;Johnny Allen;Baseball Magazine All-Star;3;4
340063;Johnny Allen;TSN Major League Player of the Year;1;4
340071;Neil Allen;Player of the Week;3;3
340081;Gene Alley;Gold Glove;2;4
340081;Gene Alley;TSN All-Star;2;4
340089;Bob Allison;Rookie of the Year;1;2
340089;Bob Allison;TSN Rookie of the Year;1;2
340110;Roberto Alomar;ALCS MVP;1;24
340110;Roberto Alomar;All-Star Game MVP;1;24
340110;Roberto Alomar;Gold Glove;10;24
340110;Roberto Alomar;Player of the Month;1;24
340110;Roberto Alomar;Player of the Week;2;24
340110;Roberto Alomar;Silver Slugger;4;24
340110;Roberto Alomar;TSN All-Star;5;24
340112;Sandy Alomar;All-Star Game MVP;1;5
340112;Sandy Alomar;Gold Glove;1;5
340112;Sandy Alomar;Player of the Week;1;5
340112;Sandy Alomar;Rookie of the Year;1;5
340112;Sandy Alomar;TSN Rookie Player of the Year;1;5
340113;Pete Alonso;All-MLB Team - First Team;1;14
340113;Pete Alonso;MLB Players Choice Outstanding Rookie;1;14
340113;Pete Alonso;Player of the Week;5;14
340113;Pete Alonso;Rookie of the Month;3;14
340113;Pete Alonso;Rookie of the Year;1;14
340113;Pete Alonso;Silver Slugger;1;14
340113;Pete Alonso;TSN All-Star;1;14
340113;Pete Alonso;TSN Rookie of the Year;1;14
340115;Yonder Alonso;Player of the Week;1;1
340116;Felipe Alou;TSN All-Star;1;1
340118;Matty Alou;TSN All-Star;1;1
340119;Moises Alou;Babe Ruth Award;1;9
340119;Moises Alou;Player of the Week;4;9
340119;Moises Alou;Silver Slugger;2;9
340119;Moises Alou;TSN All-Star;2;9
340134;Jose Altuve;ALCS MVP;1;33
340134;Jose Altuve;All-MLB Team - First Team;1;33
340134;Jose Altuve;All-MLB Team - Second Team;2;33
340134;Jose Altuve;Babe Ruth Award;1;33
340134;Jose Altuve;Gold Glove;1;33
340134;Jose Altuve;Hank Aaron Award;1;33
340134;Jose Altuve;Lou Gehrig Memorial Award;1;33
340134;Jose Altuve;MLB Players Choice Outstanding Player;2;33
340134;Jose Altuve;MLB Players Choice Player of the Year;2;33
340134;Jose Altuve;Most Valuable Player;1;33
340134;Jose Altuve;Player of the Month;2;33
340134;Jose Altuve;Player of the Week;5;33
340134;Jose Altuve;Silver Slugger;7;33
340134;Jose Altuve;TSN All-Star;4;33
340134;Jose Altuve;TSN Major League Player of the Year;2;33
340145;Francisco Alvarez;Rookie of the Month;1;1
340147;Henderson Alvarez;Player of the Week;1;1
340156;Pedro Alvarez;Player of the Week;3;5
340156;Pedro Alvarez;Rookie of the Month;1;5
340156;Pedro Alvarez;Silver Slugger;1;5
340163;Wilson Alvarez;Pitcher of the Month;1;2
340163;Wilson Alvarez;Player of the Week;1;2
340164;Yordan Alvarez;ALCS MVP;1;20
340164;Yordan Alvarez;All-MLB Team - First Team;1;20
340164;Yordan Alvarez;All-MLB Team - Second Team;4;20
340164;Yordan Alvarez;MLB Players Choice Outstanding Rookie;1;20
340164;Yordan Alvarez;Player of the Month;2;20
340164;Yordan Alvarez;Player of the Week;3;20
340164;Yordan Alvarez;Rookie of the Month;3;20
340164;Yordan Alvarez;Rookie of the Year;1;20
340164;Yordan Alvarez;Silver Slugger;1;20
340164;Yordan Alvarez;TSN All-Star;2;20
340164;Yordan Alvarez;TSN Rookie of the Year;1;20
340173;Ruben Amaro;Gold Glove;1;1
340198;Brady Anderson;Player of the Week;1;1
340199;Brian Anderson;TSN Rookie Pitcher of the Year;1;1
340201;Brett Anderson;Rookie of the Month;1;1
340208;Cody Anderson;Pitcher of the Month;1;1
340218;Garret Anderson;All-Star Game MVP;1;9
340218;Garret Anderson;Player of the Month;1;9
340218;Garret Anderson;Player of the Week;2;9
340218;Garret Anderson;Silver Slugger;2;9
340218;Garret Anderson;TSN All-Star;2;9
340218;Garret Anderson;TSN Rookie Player of the Year;1;9
340241;Nick Anderson;All-MLB Team - First Team;1;1
340251;Tim Anderson;Player of the Month;1;3
340251;Tim Anderson;Silver Slugger;1;3
340251;Tim Anderson;TSN All-Star;1;3
340278;Rob Andrews;Player of the Week;1;1
340284;Elvis Andrus;This Year in Baseball Defensive Player of the Year;1;1
340287;Joaquin Andujar;Gold Glove;1;7
340287;Joaquin Andujar;Pitcher of the Month;2;7
340287;Joaquin Andujar;Player of the Week;3;7
340287;Joaquin Andujar;TSN Comeback Player of the Year;1;7
340289;Miguel Andujar;MLB Players Choice Outstanding Rookie;1;4
340289;Miguel Andujar;Rookie of the Month;2;4
340289;Miguel Andujar;TSN Rookie of the Year;1;4
340294;Rick Ankiel;TSN Rookie Pitcher of the Year;1;1
340304;Johnny Antonelli;TSN All-Star;2;3
340304;Johnny Antonelli;TSN Pitcher of the Year;1;3
340308;Luis Aparicio;Gold Glove;9;16
340308;Luis Aparicio;Rookie of the Year;1;16
340308;Luis Aparicio;TSN All-Star;5;16
340308;Luis Aparicio;TSN Rookie of the Year;1;16
340313;Kevin Appier;Pitcher of the Month;2;4
340313;Kevin Appier;Player of the Week;1;4
340313;Kevin Appier;TSN Rookie Pitcher of the Year;1;4
340319;Luke Appling;Baseball Magazine All-Star;7;10
340319;Luke Appling;TSN All-Star;3;10
340320;Aristides Aquino;Player of the Month;1;3
340320;Aristides Aquino;Player of the Week;1;3
340320;Aristides Aquino;Rookie of the Month;1;3
340333;Chris Archer;Pitcher of the Month;1;3
340333;Chris Archer;Player of the Week;1;3
340333;Chris Archer;Rookie of the Month;1;3
340335;Jimmy Archer;Baseball Magazine All-Star;9;9
340348;Nolan Arenado;All-MLB Team - Second Team;1;36
340348;Nolan Arenado;Gold Glove;10;36
340348;Nolan Arenado;Platinum Glove;6;36
340348;Nolan Arenado;Player of the Month;4;36
340348;Nolan Arenado;Player of the Week;8;36
340348;Nolan Arenado;Silver Slugger;5;36
340348;Nolan Arenado;TSN All-Star;2;36
340349;J. P. Arencibia;Player of the Week;1;1
340366;Tony Armas;Player of the Month;1;10
340366;Tony Armas;Player of the Week;5;10
340366;Tony Armas;Silver Slugger;1;10
340366;Tony Armas;TSN All-Star;2;10
340366;Tony Armas;TSN Player of the Year;1;10
340380;Jack Armstrong;Pitcher of the Month;1;1
340398;Randy Arozarena;ALCS MVP;1;3
340398;Randy Arozarena;Babe Ruth Award;1;3
340398;Randy Arozarena;Rookie of the Year;1;3
340399;Luis Arraez;Player of the Week;1;3
340399;Luis Arraez;Silver Slugger;2;3
340401;Jake Arrieta;Cy Young Award;1;10
340401;Jake Arrieta;Pitcher of the Month;4;10
340401;Jake Arrieta;Player of the Week;4;10
340401;Jake Arrieta;Silver Slugger;1;10
340403;Spencer Arrighetti;Rookie of the Month;1;1
340404;Rolando Arrojo;TSN Rookie Pitcher of the Year;1;1
340405;Bronson Arroyo;Gold Glove;1;2
340405;Bronson Arroyo;Player of the Week;1;2
340408;Luis Arroyo;TSN Fireman of the Year;1;1
340425;Richie Ashburn;TSN Rookie of the Year;1;1
340460;Garrett Atkins;Player of the Week;2;3
340460;Garrett Atkins;Rookie of the Month;1;3
340485;Rich Aurilia;Player of the Week;2;4
340485;Rich Aurilia;Silver Slugger;1;4
340485;Rich Aurilia;TSN All-Star;1;4
340487;Brad Ausmus;Gold Glove;3;3
340506;Earl Averill;Baseball Magazine All-Star;7;11
340506;Earl Averill;TSN All-Star;4;11
340509;Steve Avery;NLCS MVP;1;4
340509;Steve Avery;Player of the Week;2;4
340509;Steve Avery;TSN All-Star;1;4
340511;Alex Avila;Silver Slugger;1;1
340512;Bobby Avila;TSN All-Star;1;1
340517;Mike Aviles;Player of the Week;1;1
340522;John Axford;Reliever of the Month;1;2
340522;John Axford;Reliever of the Year Award;1;2
340524;Bobby Ayala;TSN Player of the Year;1;1
340526;Erick Aybar;Gold Glove;1;2
340526;Erick Aybar;Player of the Week;1;2
340558;Harrison Bader;Gold Glove;1;2
340558;Harrison Bader;Player of the Week;1;2
340564;Carlos Baerga;Player of the Week;2;6
340564;Carlos Baerga;Silver Slugger;2;6
340564;Carlos Baerga;TSN All-Star;2;6
340567;Javier Baez;Gold Glove;1;5
340567;Javier Baez;NLCS MVP;1;5
340567;Javier Baez;Player of the Week;1;5
340567;Javier Baez;Silver Slugger;1;5
340567;Javier Baez;TSN All-Star;1;5
340575;Jim Bagby;Baseball Magazine All-Star;2;2
340576;Jim Bagby;Baseball Magazine All-Star;1;1
340578;Jeff Bagwell;Gold Glove;1;24
340578;Jeff Bagwell;MLB Players Choice Outstanding Player;1;24
340578;Jeff Bagwell;Most Valuable Player;1;24
340578;Jeff Bagwell;Player of the Month;5;24
340578;Jeff Bagwell;Player of the Week;6;24
340578;Jeff Bagwell;Rookie of the Year;1;24
340578;Jeff Bagwell;Silver Slugger;3;24
340578;Jeff Bagwell;TSN All-Star;4;24
340578;Jeff Bagwell;TSN Major League Player of the Year;1;24
340578;Jeff Bagwell;TSN Rookie Player of the Year;1;24
340579;Stan Bahnsen;Rookie of the Year;1;2
340579;Stan Bahnsen;TSN Rookie Pitcher of the Year;1;2
340585;Andrew Bailey;Player of the Week;1;3
340585;Andrew Bailey;Rookie of the Month;1;3
340585;Andrew Bailey;Rookie of the Year;1;3
340588;Bob Bailey;Player of the Week;1;1
340597;Homer Bailey;Player of the Week;3;3
340602;Patrick Bailey;Gold Glove;2;2
340609;Harold Baines;Outstanding DH Award;2;10
340609;Harold Baines;Player of the Week;4;10
340609;Harold Baines;Silver Slugger;1;10
340609;Harold Baines;TSN All-Star;3;10
340615;Doug Bair;Player of the Week;1;1
340630;Dusty Baker;Gold Glove;1;10
340630;Dusty Baker;NLCS MVP;1;10
340630;Dusty Baker;Player of the Month;2;10
340630;Dusty Baker;Player of the Week;3;10
340630;Dusty Baker;Silver Slugger;2;10
340630;Dusty Baker;TSN All-Star;1;10
340634;Home Run Baker;Baseball Magazine All-Star;7;7
340644;Jeff Baker;Player of the Week;1;1
340662;Steve Balboni;Player of the Week;1;1
340664;Rocco Baldelli;Rookie of the Month;2;2
340671;Drake Baldwin;Rookie of the Year;1;1
340675;James Baldwin;Pitcher of the Month;1;2
340675;James Baldwin;TSN Rookie Pitcher of the Year;1;2
340690;Jeff Ballard;Pitcher of the Month;1;1
340707;Dave Bancroft;Baseball Magazine All-Star;8;8
340711;Sal Bando;Player of the Week;1;3
340711;Sal Bando;TSN All-Star;2;3
340724;Ernie Banks;Gold Glove;1;10
340724;Ernie Banks;Lou Gehrig Memorial Award;1;10
340724;Ernie Banks;Most Valuable Player;2;10
340724;Ernie Banks;TSN All-Star;4;10
340724;Ernie Banks;TSN Player of the Year;2;10
340735;Brian Bannister;Player of the Week;1;3
340735;Brian Bannister;Rookie of the Month;2;3
340771;Daniel Bard;MLB Players Choice Comeback Player;1;2
340771;Daniel Bard;TSN Comeback Player of the Year;1;2
340772;Brian Barden;Rookie of the Month;1;1
340776;Jesse Barfield;Gold Glove;2;4
340776;Jesse Barfield;Player of the Week;1;4
340776;Jesse Barfield;Silver Slugger;1;4
340778;Josh Barfield;Rookie of the Month;1;1
340788;Len Barker;Player of the Week;2;2
340804;Clint Barmes;Rookie of the Month;1;1
340814;Darwin Barney;Gold Glove;1;2
340814;Darwin Barney;Rookie of the Month;1;2
340824;Jesse Barnes;Baseball Magazine All-Star;1;1
340830;Matt Barnes;Reliever of the Month;1;1
340849;Tucker Barnhart;Gold Glove;2;2
340856;Salome Barojas;Player of the Week;1;1
340862;Kyle Barraclough;Reliever of the Month;1;1
340878;Marty Barrett;ALCS MVP;1;1
340880;Michael Barrett;Player of the Week;1;2
340880;Michael Barrett;Silver Slugger;1;2
340881;Red Barrett;Baseball Magazine All-Star;1;1
340903;Jack Barry;Baseball Magazine All-Star;2;2
340909;Dick Bartell;Baseball Magazine All-Star;1;2
340909;Dick Bartell;TSN All-Star;1;2
340953;Chris Bassitt;Pitcher of the Month;1;1
340955;Kevin Bass;Player of the Month;1;3
340955;Kevin Bass;Player of the Week;2;3
340957;Johnny Bassler;Baseball Magazine All-Star;2;2
340983;Tony Batista;Player of the Week;1;1
340987;Earl Battey;Gold Glove;3;5
340987;Earl Battey;TSN All-Star;2;5
341007;Trevor Bauer;All-MLB Team - First Team;1;5
341007;Trevor Bauer;Cy Young Award;1;5
341007;Trevor Bauer;MLB Players Choice Outstanding Pitcher;1;5
341007;Trevor Bauer;Pitcher of the Month;1;5
341007;Trevor Bauer;Player of the Week;1;5
341022;Danny Bautista;Player of the Week;1;1
341024;Felix Bautista;All-MLB Team - First Team;1;7
341024;Felix Bautista;Reliever of the Month;3;7
341024;Felix Bautista;Reliever of the Year Award;1;7
341024;Felix Bautista;TSN All-Star;1;7
341024;Felix Bautista;TSN Reliever of the Year;1;7
341027;Jose Bautista;Hank Aaron Award;2;14
341027;Jose Bautista;Player of the Month;5;14
341027;Jose Bautista;Player of the Week;4;14
341027;Jose Bautista;Silver Slugger;3;14
341036;Jason Bay;MLB Players Choice Outstanding Rookie;1;13
341036;Jason Bay;Player of the Month;1;13
341036;Jason Bay;Player of the Week;5;13
341036;Jason Bay;Rookie of the Month;3;13
341036;Jason Bay;Rookie of the Year;1;13
341036;Jason Bay;Silver Slugger;1;13
341036;Jason Bay;TSN Rookie of the Year;1;13
341041;Don Baylor;Most Valuable Player;1;16
341041;Don Baylor;Outstanding DH Award;2;16
341041;Don Baylor;Player of the Month;2;16
341041;Don Baylor;Player of the Week;3;16
341041;Don Baylor;Roberto Clemente Award;1;16
341041;Don Baylor;Silver Slugger;3;16
341041;Don Baylor;TSN All-Star;3;16
341041;Don Baylor;TSN Player of the Year;1;16
341084;Jim Beattie;Pitcher of the Month;1;1
341091;Johnny Beazley;Baseball Magazine All-Star;1;1
341102;Glenn Beckert;Gold Glove;1;4
341102;Glenn Beckert;TSN All-Star;3;4
341106;Josh Beckett;ALCS MVP;1;6
341106;Josh Beckett;Babe Ruth Award;1;6
341106;Josh Beckett;Player of the Week;2;6
341106;Josh Beckett;This Year in Baseball Starter of the Year;1;6
341106;Josh Beckett;World Series MVP;1;6
341114;Gordon Beckham;MLB Players Choice Outstanding Rookie;1;3
341114;Gordon Beckham;Rookie of the Month;1;3
341114;Gordon Beckham;TSN Rookie of the Year;1;3
341115;Tim Beckham;Player of the Week;2;2
341121;Rod Beck;MLB Players Choice Comeback Player;1;2
341121;Rod Beck;Reliever of the Year Award;1;2
341127;Erik Bedard;Pitcher of the Month;1;1
341133;David Bednar;Reliever of the Month;2;2
341135;Steve Bedrosian;Cy Young Award;1;7
341135;Steve Bedrosian;Pitcher of the Month;1;7
341135;Steve Bedrosian;Player of the Week;2;7
341135;Steve Bedrosian;Reliever of the Year Award;1;7
341135;Steve Bedrosian;TSN Fireman of the Year;1;7
341135;Steve Bedrosian;TSN Rookie Pitcher of the Year;1;7
341163;Mark Belanger;Gold Glove;8;10
341163;Mark Belanger;MLB Players Curt Flood Award;1;10
341163;Mark Belanger;TSN All-Star;1;10
341166;Tim Belcher;Pitcher of the Month;1;3
341166;Tim Belcher;Player of the Week;1;3
341166;Tim Belcher;TSN Rookie Pitcher of the Year;1;3
341183;Buddy Bell;Gold Glove;6;15
341183;Buddy Bell;Lou Gehrig Memorial Award;1;15
341183;Buddy Bell;Player of the Week;5;15
341183;Buddy Bell;Silver Slugger;1;15
341183;Buddy Bell;TSN All-Star;2;15
341189;Derek Bell;Player of the Week;3;3
341190;Albert Belle;MLB Players Choice Outstanding Player;1;25
341190;Albert Belle;Player of the Month;7;25
341190;Albert Belle;Player of the Week;6;25
341190;Albert Belle;Silver Slugger;5;25
341190;Albert Belle;TSN All-Star;5;25
341190;Albert Belle;TSN Major League Player of the Year;1;25
341198;George Bell;Most Valuable Player;1;20
341198;George Bell;Player of the Month;1;20
341198;George Bell;Player of the Week;11;20
341198;George Bell;Silver Slugger;3;20
341198;George Bell;TSN All-Star;2;20
341198;George Bell;TSN Major League Player of the Year;1;20
341198;George Bell;TSN Player of the Year;1;20
341200;Heath Bell;Reliever of the Month;1;4
341200;Heath Bell;Reliever of the Year Award;2;4
341200;Heath Bell;TSN Reliever of the Year;1;4
341205;Cody Bellinger;All-MLB Team - First Team;1;24
341205;Cody Bellinger;All-MLB Team - Second Team;1;24
341205;Cody Bellinger;Comeback Player of the Year;1;24
341205;Cody Bellinger;Gold Glove;1;24
341205;Cody Bellinger;MLB Players Choice Comeback Player;1;24
341205;Cody Bellinger;MLB Players Choice Outstanding Rookie;1;24
341205;Cody Bellinger;Most Valuable Player;1;24
341205;Cody Bellinger;NLCS MVP;1;24
341205;Cody Bellinger;Player of the Month;2;24
341205;Cody Bellinger;Player of the Week;5;24
341205;Cody Bellinger;Rookie of the Month;2;24
341205;Cody Bellinger;Rookie of the Year;1;24
341205;Cody Bellinger;Silver Slugger;2;24
341205;Cody Bellinger;TSN All-Star;2;24
341205;Cody Bellinger;TSN Comeback Player of the Year;1;24
341205;Cody Bellinger;TSN Rookie of the Year;1;24
341208;Jay Bell;Gold Glove;1;5
341208;Jay Bell;Player of the Week;2;5
341208;Jay Bell;Silver Slugger;1;5
341208;Jay Bell;TSN All-Star;1;5
341212;Josh Bell;Player of the Month;1;3
341212;Josh Bell;Player of the Week;1;3
341212;Josh Bell;Silver Slugger;1;3
341236;Brandon Belt;Player of the Week;2;2
341237;Adrian Beltre;Gold Glove;5;22
341237;Adrian Beltre;Lou Gehrig Memorial Award;1;22
341237;Adrian Beltre;Platinum Glove;2;22
341237;Adrian Beltre;Player of the Month;4;22
341237;Adrian Beltre;Player of the Week;6;22
341237;Adrian Beltre;Silver Slugger;4;22
341238;Carlos Beltran;Gold Glove;3;21
341238;Carlos Beltran;MLB Players Choice Outstanding Rookie;1;21
341238;Carlos Beltran;Player of the Month;1;21
341238;Carlos Beltran;Player of the Week;10;21
341238;Carlos Beltran;Roberto Clemente Award;1;21
341238;Carlos Beltran;Rookie of the Year;1;21
341238;Carlos Beltran;Silver Slugger;2;21
341238;Carlos Beltran;TSN All-Star;1;21
341238;Carlos Beltran;TSN Rookie Player of the Year;1;21
341248;Johnny Bench;Babe Ruth Award;1;31
341248;Johnny Bench;Bob Feller Act of Valor Award - HOF Player;1;31
341248;Johnny Bench;Gold Glove;10;31
341248;Johnny Bench;Hutch Award;1;31
341248;Johnny Bench;Lou Gehrig Memorial Award;1;31
341248;Johnny Bench;Most Valuable Player;2;31
341248;Johnny Bench;Player of the Week;3;31
341248;Johnny Bench;Rookie of the Year;1;31
341248;Johnny Bench;TSN All-Star;7;31
341248;Johnny Bench;TSN Major League Player of the Year;1;31
341248;Johnny Bench;TSN Player of the Year;1;31
341248;Johnny Bench;TSN Rookie Player of the Year;1;31
341248;Johnny Bench;World Series MVP;1;31
341250;Charles Bender;Baseball Magazine All-Star;3;3
341253;Alan Benes;TSN Rookie Pitcher of the Year;1;1
341254;Andy Benes;Player of the Week;1;2
341254;Andy Benes;TSN Rookie Pitcher of the Year;1;2
341258;Andrew Benintendi;Gold Glove;1;3
341258;Andrew Benintendi;Player of the Week;1;3
341258;Andrew Benintendi;Rookie of the Month;1;3
341259;Juan Beniquez;Gold Glove;1;1
341260;Armando Benitez;Reliever of the Year Award;1;2
341260;Armando Benitez;TSN Reliever of the Year;1;2
341263;Mike Benjamin;Player of the Week;1;1
341287;Joaquin Benoit;This Year in Baseball Setup Man of the Year;1;1
341294;Will Benson;Player of the Week;1;1
341299;Larry Benton;Baseball Magazine All-Star;2;2
341311;Juan Berenguer;Player of the Week;1;1
341328;Wally Berger;Baseball Magazine All-Star;4;5
341328;Wally Berger;TSN All-Star;1;5
341343;Lance Berkman;Comeback Player of the Year;1;12
341343;Lance Berkman;MLB Players Choice Comeback Player;1;12
341343;Lance Berkman;Player of the Month;2;12
341343;Lance Berkman;Player of the Week;6;12
341343;Lance Berkman;TSN All-Star;1;12
341343;Lance Berkman;TSN Comeback Player of the Year;1;12
341353;Tony Bernazard;TSN All-Star;1;1
341355;Warming Bernabel;Player of the Week;1;1
341366;Yogi Berra;Baseball Magazine All-Star;5;14
341366;Yogi Berra;Bob Feller Act of Valor Award - HOF Player;1;14
341366;Yogi Berra;Most Valuable Player;3;14
341366;Yogi Berra;TSN All-Star;5;14
341368;Jose Berrios;Gold Glove;1;2
341368;Jose Berrios;Pitcher of the Month;1;2
341369;Angel Berroa;MLB Players Choice Outstanding Rookie;1;3
341369;Angel Berroa;Rookie of the Month;1;3
341369;Angel Berroa;Rookie of the Year;1;3
341370;Geronimo Berroa;Player of the Week;2;2
341383;Ken Berry;Gold Glove;2;2
341420;Mookie Betts;All-MLB Team - First Team;4;38
341420;Mookie Betts;All-MLB Team - Second Team;1;38
341420;Mookie Betts;Gold Glove;6;38
341420;Mookie Betts;MLB Players Choice Outstanding Player;1;38
341420;Mookie Betts;Most Valuable Player;1;38
341420;Mookie Betts;Player of the Month;3;38
341420;Mookie Betts;Player of the Week;6;38
341420;Mookie Betts;Roberto Clemente Award;1;38
341420;Mookie Betts;Silver Slugger;6;38
341420;Mookie Betts;TSN All-Star;8;38
341420;Mookie Betts;TSN Major League Player of the Year;1;38
341439;Jim Bibby;Player of the Week;1;2
341439;Jim Bibby;TSN All-Star;1;2
341442;Bo Bichette;All-MLB Team - Second Team;1;2
341442;Bo Bichette;Player of the Week;1;2
341443;Dante Bichette;MLB Players Choice Outstanding Player;1;14
341443;Dante Bichette;Player of the Month;3;14
341443;Dante Bichette;Player of the Week;8;14
341443;Dante Bichette;Silver Slugger;1;14
341443;Dante Bichette;TSN All-Star;1;14
341452;Shane Bieber;All-MLB Team - First Team;1;9
341452;Shane Bieber;All-Star Game MVP;1;9
341452;Shane Bieber;Cy Young Award;1;9
341452;Shane Bieber;Gold Glove;1;9
341452;Shane Bieber;MLB Players Choice Outstanding Pitcher;1;9
341452;Shane Bieber;Pitcher of the Month;1;9
341452;Shane Bieber;Pitching Triple Crown;1;9
341452;Shane Bieber;TSN All-Star;1;9
341452;Shane Bieber;TSN Pitcher of the Year;1;9
341462;Carson Bigbee;Baseball Magazine All-Star;2;2
341468;Craig Biggio;Branch Rickey Award;1;21
341468;Craig Biggio;Gold Glove;4;21
341468;Craig Biggio;Hutch Award;1;21
341468;Craig Biggio;Player of the Week;4;21
341468;Craig Biggio;Roberto Clemente Award;1;21
341468;Craig Biggio;Silver Slugger;5;21
341468;Craig Biggio;TSN All-Star;5;21
341541;Buddy Black;Player of the Week;1;1
341543;Charlie Blackmon;Player of the Month;2;11
341543;Charlie Blackmon;Player of the Week;6;11
341543;Charlie Blackmon;Silver Slugger;2;11
341543;Charlie Blackmon;TSN All-Star;1;11
341550;Ewell Blackwell;Baseball Magazine All-Star;2;3
341550;Ewell Blackwell;TSN All-Star;1;3
341559;Joe Black;Rookie of the Year;1;2
341559;Joe Black;TSN Rookie of the Year;1;2
341583;Paul Blair;Gold Glove;8;10
341583;Paul Blair;TSN All-Star;2;10
341587;Casey Blake;Player of the Week;2;2
341595;Hank Blalock;Player of the Week;1;1
341608;Ronel Blanco;Player of the Week;1;1
341627;Joe Blanton;Rookie of the Month;2;2
341636;Jeff Blauser;Player of the Week;2;4
341636;Jeff Blauser;Silver Slugger;1;4
341636;Jeff Blauser;TSN All-Star;1;4
341647;Curt Blefary;Rookie of the Year;1;2
341647;Curt Blefary;TSN Rookie Player of the Year;1;2
341676;Mike Blowers;Player of the Week;1;1
341679;Ossie Bluege;Baseball Magazine All-Star;2;2
341683;Vida Blue;Cy Young Award;1;8
341683;Vida Blue;Most Valuable Player;1;8
341683;Vida Blue;Pitcher of the Month;1;8
341683;Vida Blue;Player of the Week;1;8
341683;Vida Blue;TSN All-Star;2;8
341683;Vida Blue;TSN Pitcher of the Year;2;8
341688;Bert Blyleven;Player of the Week;3;5
341688;Bert Blyleven;TSN Comeback Player of the Year;1;5
341688;Bert Blyleven;TSN Rookie Pitcher of the Year;1;5
341700;Bruce Bochte;Player of the Week;2;2
341707;Mike Boddicker;ALCS MVP;1;7
341707;Mike Boddicker;Gold Glove;1;7
341707;Mike Boddicker;Pitcher of the Month;1;7
341707;Mike Boddicker;Player of the Week;2;7
341707;Mike Boddicker;TSN All-Star;1;7
341707;Mike Boddicker;TSN Rookie Pitcher of the Year;1;7
341715;Brennan Boesch;Rookie of the Month;2;2
341717;Xander Bogaerts;All-MLB Team - First Team;1;9
341717;Xander Bogaerts;Player of the Week;2;9
341717;Xander Bogaerts;Silver Slugger;5;9
341717;Xander Bogaerts;TSN All-Star;1;9
341726;Wade Boggs;Gold Glove;2;27
341726;Wade Boggs;Player of the Month;2;27
341726;Wade Boggs;Player of the Week;8;27
341726;Wade Boggs;Silver Slugger;8;27
341726;Wade Boggs;TSN All-Star;7;27
341731;Alec Bohm;Player of the Week;1;1
341755;Frank Bolling;Gold Glove;1;2
341755;Frank Bolling;TSN All-Star;1;2
341769;Barry Bonds;Gold Glove;8;82
341769;Barry Bonds;Hank Aaron Award;3;82
341769;Barry Bonds;MLB Players Choice Outstanding Player;5;82
341769;Barry Bonds;MLB Players Choice Player of the Year;2;82
341769;Barry Bonds;Most Valuable Player;7;82
341769;Barry Bonds;Player of the Month;13;82
341769;Barry Bonds;Player of the Week;15;82
341769;Barry Bonds;Silver Slugger;12;82
341769;Barry Bonds;TSN All-Star;12;82
341769;Barry Bonds;TSN Major League Player of the Year;3;82
341769;Barry Bonds;TSN Player of the Year;2;82
341770;Bobby Bonds;All-Star Game MVP;1;8
341770;Bobby Bonds;Gold Glove;3;8
341770;Bobby Bonds;Player of the Week;1;8
341770;Bobby Bonds;TSN All-Star;2;8
341770;Bobby Bonds;TSN Player of the Year;1;8
341772;Tommy Bond;Pitching Triple Crown;1;1
341781;Tiny Bonham;Baseball Magazine All-Star;2;3
341781;Tiny Bonham;TSN All-Star;1;3
341782;Emilio Bonifacio;Player of the Month;1;1
341785;Bobby Bonilla;Player of the Month;3;12
341785;Bobby Bonilla;Player of the Week;3;12
341785;Bobby Bonilla;Silver Slugger;3;12
341785;Bobby Bonilla;TSN All-Star;3;12
341796;Boof Bonser;Rookie of the Month;1;1
341807;Aaron Boone;Player of the Week;3;3
341809;Bob Boone;Gold Glove;7;9
341809;Bob Boone;Player of the Week;1;9
341809;Bob Boone;TSN All-Star;1;9
341810;Bret Boone;Gold Glove;4;9
341810;Bret Boone;Player of the Week;1;9
341810;Bret Boone;Silver Slugger;2;9
341810;Bret Boone;TSN All-Star;2;9
341836;Pat Borders;World Series MVP;1;1
341851;Hank Borowy;Baseball Magazine All-Star;2;4
341851;Hank Borowy;TSN All-Star;1;4
341851;Hank Borowy;TSN Pitcher of the Year;1;4
341852;Joe Borowski;TSN All-Star;1;2
341852;Joe Borowski;TSN Reliever of the Year;1;2
341861;Chris Bosio;Player of the Week;1;1
341864;Dick Bosman;Player of the Week;1;1
341886;Jim Bottomley;Baseball Magazine All-Star;2;4
341886;Jim Bottomley;Most Valuable Player;1;4
341886;Jim Bottomley;TSN All-Star;1;4
341891;Ed Bouchee;TSN Rookie of the Year;1;1
341894;Lou Boudreau;Baseball Magazine All-Star;6;11
341894;Lou Boudreau;Most Valuable Player;1;11
341894;Lou Boudreau;TSN All-Star;2;11
341894;Lou Boudreau;TSN Major League Player of the Year;1;11
341894;Lou Boudreau;TSN Player of the Year;1;11
341901;Justin Bour;Rookie of the Month;1;1
341902;Michael Bourn;Gold Glove;2;2
341909;Larry Bowa;Gold Glove;2;6
341909;Larry Bowa;Player of the Week;2;6
341909;Larry Bowa;TSN All-Star;2;6
341973;Clete Boyer;Gold Glove;1;1
341974;Ken Boyer;Gold Glove;5;14
341974;Ken Boyer;Lou Gehrig Memorial Award;1;14
341974;Ken Boyer;Most Valuable Player;1;14
341974;Ken Boyer;TSN All-Star;5;14
341974;Ken Boyer;TSN Major League Player of the Year;1;14
341974;Ken Boyer;TSN Player of the Year;1;14
341994;Dallas Braden;Player of the Week;1;1
342005;Kyle Bradish;All-MLB Team - Second Team;1;1
342020;Jackie Bradley;ALCS MVP;1;5
342020;Jackie Bradley;Gold Glove;1;5
342020;Jackie Bradley;Player of the Month;1;5
342020;Jackie Bradley;Player of the Week;1;5
342020;Jackie Bradley;TSN All-Star;1;5
342023;Milton Bradley;Player of the Week;1;1
342024;Phil Bradley;MLB Players Curt Flood Award;1;4
342024;Phil Bradley;Player of the Week;2;4
342024;Phil Bradley;TSN All-Star;1;4
342030;Taj Bradley;Pitcher of the Month;1;1
342064;Ralph Branca;Baseball Magazine All-Star;1;2
342064;Ralph Branca;TSN All-Star;1;2
342069;Ed Brandt;Baseball Magazine All-Star;2;2
342070;Jackie Brandt;Gold Glove;1;1
342081;Jeff Brantley;Reliever of the Year Award;1;1
342084;Michael Brantley;MLB Players Choice Comeback Player;1;3
342084;Michael Brantley;Player of the Week;1;3
342084;Michael Brantley;Silver Slugger;1;3
342097;Ryan Braun;MLB Players Choice Outstanding Rookie;1;20
342097;Ryan Braun;Most Valuable Player;1;20
342097;Ryan Braun;Player of the Month;4;20
342097;Ryan Braun;Player of the Week;4;20
342097;Ryan Braun;Rookie of the Month;2;20
342097;Ryan Braun;Rookie of the Year;1;20
342097;Ryan Braun;Silver Slugger;5;20
342097;Ryan Braun;TSN Rookie of the Year;1;20
342097;Ryan Braun;This Year in Baseball Oddity of the Year;1;20
342114;Sid Bream;Hutch Award;1;2
342114;Sid Bream;Player of the Week;1;2
342117;Harry Brecheen;Baseball Magazine All-Star;4;5
342117;Harry Brecheen;TSN All-Star;1;5
342124;Alex Bregman;All-MLB Team - Second Team;1;11
342124;Alex Bregman;All-Star Game MVP;1;11
342124;Alex Bregman;Gold Glove;1;11
342124;Alex Bregman;Player of the Month;3;11
342124;Alex Bregman;Player of the Week;3;11
342124;Alex Bregman;Silver Slugger;1;11
342124;Alex Bregman;TSN All-Star;1;11
342131;Bob Brenly;Player of the Week;1;1
342146;Roger Bresnahan;Baseball Magazine All-Star;5;5
342150;George Brett;ALCS MVP;1;33
342150;George Brett;Bob Feller Act of Valor Award - HOF Player;1;33
342150;George Brett;Gold Glove;1;33
342150;George Brett;Hutch Award;1;33
342150;George Brett;Lou Gehrig Memorial Award;1;33
342150;George Brett;Most Valuable Player;1;33
342150;George Brett;Player of the Month;6;33
342150;George Brett;Player of the Week;12;33
342150;George Brett;Silver Slugger;3;33
342150;George Brett;TSN All-Star;4;33
342150;George Brett;TSN Major League Player of the Year;1;33
342150;George Brett;TSN Player of the Year;1;33
342152;Ken Brett;Player of the Week;1;1
342181;Tommy Bridges;Baseball Magazine All-Star;6;6
342206;Ed Brinkman;Gold Glove;1;1
342233;Zack Britton;Reliever of the Year Award;1;3
342233;Zack Britton;TSN All-Star;1;3
342233;Zack Britton;TSN Reliever of the Year;1;3
342245;Lou Brock;Babe Ruth Award;1;14
342245;Lou Brock;Hutch Award;1;14
342245;Lou Brock;Lou Gehrig Memorial Award;1;14
342245;Lou Brock;Player of the Month;2;14
342245;Lou Brock;Player of the Week;4;14
342245;Lou Brock;Roberto Clemente Award;1;14
342245;Lou Brock;TSN All-Star;1;14
342245;Lou Brock;TSN Comeback Player of the Year;1;14
342245;Lou Brock;TSN Major League Player of the Year;1;14
342245;Lou Brock;TSN Player of the Year;1;14
342252;Ernie Broglio;TSN All-Star;1;1
342269;Hubie Brooks;Player of the Month;1;6
342269;Hubie Brooks;Player of the Week;3;6
342269;Hubie Brooks;Silver Slugger;2;6
342277;Tom Brookens;Player of the Week;1;1
342281;Scott Brosius;Babe Ruth Award;1;6
342281;Scott Brosius;Gold Glove;1;6
342281;Scott Brosius;Player of the Week;2;6
342281;Scott Brosius;TSN All-Star;1;6
342281;Scott Brosius;World Series MVP;1;6
342291;Ben Broussard;Player of the Week;1;1
342321;Bobby Brown;Player of the Week;1;1
342342;Dee Brown;Rookie of the Month;1;1
342344;Domonic Brown;Player of the Month;1;3
342344;Domonic Brown;Player of the Week;2;3
342366;Hunter Brown;All-MLB Team - Second Team;1;2
342366;Hunter Brown;Pitcher of the Month;1;2
342379;Jimmy Brown;Baseball Magazine All-Star;3;3
342389;Kevin Brown;Pitcher of the Month;3;7
342389;Kevin Brown;Player of the Week;2;7
342389;Kevin Brown;TSN All-Star;1;7
342389;Kevin Brown;TSN Pitcher of the Year;1;7
342409;Mordecai Brown;Baseball Magazine All-Star;4;4
342437;Tom Browning;Pitcher of the Month;1;5
342437;Tom Browning;Player of the Week;3;5
342437;Tom Browning;TSN Rookie Pitcher of the Year;1;5
342451;Jay Bruce;Player of the Month;1;9
342451;Jay Bruce;Player of the Week;6;9
342451;Jay Bruce;Silver Slugger;2;9
342472;Tom Brunansky;Player of the Week;1;1
342495;Kris Bryant;Hank Aaron Award;1;11
342495;Kris Bryant;MLB Players Choice Outstanding Rookie;1;11
342495;Kris Bryant;Most Valuable Player;1;11
342495;Kris Bryant;Player of the Month;1;11
342495;Kris Bryant;Player of the Week;2;11
342495;Kris Bryant;Rookie of the Month;2;11
342495;Kris Bryant;Rookie of the Year;1;11
342495;Kris Bryant;TSN All-Star;1;11
342495;Kris Bryant;TSN Rookie of the Year;1;11
342498;Ron Bryant;TSN All-Star;1;2
342498;Ron Bryant;TSN Pitcher of the Year;1;2
342505;Kris Bubic;Pitcher of the Month;1;1
342516;Clay Buchholz;Pitcher of the Month;2;4
342516;Clay Buchholz;Player of the Week;1;4
342516;Clay Buchholz;This Year in Baseball Performance of the Year;1;4
342530;Bill Buckner;Player of the Month;1;6
342530;Bill Buckner;Player of the Week;5;6
342542;Walker Buehler;All-MLB Team - First Team;1;2
342542;Walker Buehler;Pitcher of the Month;1;2
342543;Mark Buehrle;Gold Glove;4;10
342543;Mark Buehrle;Pitcher of the Month;2;10
342543;Mark Buehrle;Player of the Week;2;10
342543;Mark Buehrle;This Year in Baseball Performance of the Year;1;10
342543;Mark Buehrle;This Year in Baseball Play of the Year;1;10
342555;Jay Buhner;Gold Glove;1;2
342555;Jay Buhner;Player of the Week;1;2
342568;Jim Bullinger;Player of the Week;1;1
342572;Al Bumbry;Player of the Week;1;4
342572;Al Bumbry;Rookie of the Year;1;4
342572;Al Bumbry;TSN All-Star;1;4
342572;Al Bumbry;TSN Rookie Player of the Year;1;4
342573;Madison Bumgarner;Babe Ruth Award;1;10
342573;Madison Bumgarner;NLCS MVP;1;10
342573;Madison Bumgarner;Pitcher of the Month;2;10
342573;Madison Bumgarner;Player of the Week;2;10
342573;Madison Bumgarner;Silver Slugger;2;10
342573;Madison Bumgarner;This Year in Baseball Postseason MVP;1;10
342573;Madison Bumgarner;World Series MVP;1;10
342580;Wally Bunker;TSN Rookie Pitcher of the Year;1;1
342581;Jim Bunning;TSN All-Star;2;2
342597;Lew Burdette;Babe Ruth Award;1;2
342597;Lew Burdette;World Series MVP;1;2
342607;Smoky Burgess;TSN All-Star;1;1
342654;Ellis Burks;Gold Glove;1;13
342654;Ellis Burks;Outstanding DH Award;1;13
342654;Ellis Burks;Player of the Month;1;13
342654;Ellis Burks;Player of the Week;6;13
342654;Ellis Burks;Silver Slugger;2;13
342654;Ellis Burks;TSN All-Star;2;13
342656;Rick Burleson;Gold Glove;1;5
342656;Rick Burleson;Player of the Week;1;5
342656;Rick Burleson;Silver Slugger;1;5
342656;Rick Burleson;TSN All-Star;2;5
342657;A. J. Burnett;Player of the Week;4;4
342659;Corbin Burnes;All-MLB Team - First Team;2;5
342659;Corbin Burnes;Cy Young Award;1;5
342659;Corbin Burnes;Pitcher of the Month;2;5
342668;Jeromy Burnitz;Player of the Month;1;2
342668;Jeromy Burnitz;Player of the Week;1;2
342672;Britt Burns;Player of the Week;1;2
342672;Britt Burns;TSN Rookie Pitcher of the Year;1;2
342680;George Burns;Baseball Magazine All-Star;4;4
342681;George Burns;Baseball Magazine All-Star;2;4
342681;George Burns;Most Valuable Player;1;4
342681;George Burns;TSN All-Star;1;4
342702;Pat Burrell;Player of the Week;2;2
342707;Ray Burris;Pitcher of the Month;1;1
342711;Jeff Burroughs;Most Valuable Player;1;7
342711;Jeff Burroughs;Player of the Week;4;7
342711;Jeff Burroughs;TSN All-Star;1;7
342711;Jeff Burroughs;TSN Player of the Year;1;7
342734;Steve Busby;Player of the Week;1;2
342734;Steve Busby;TSN Rookie Pitcher of the Year;1;2
342741;Michael Busch;Player of the Week;2;2
342744;Donie Bush;Baseball Magazine All-Star;4;4
342749;Homer Bush;Player of the Week;1;1
342751;Bullet Joe Bush;Baseball Magazine All-Star;2;2
342758;Tom Buskey;Player of the Week;1;1
342777;Billy Butler;Hutch Award;1;10
342777;Billy Butler;Outstanding DH Award;1;10
342777;Billy Butler;Player of the Month;1;10
342777;Billy Butler;Player of the Week;5;10
342777;Billy Butler;Rookie of the Month;1;10
342777;Billy Butler;Silver Slugger;1;10
342778;Brett Butler;Branch Rickey Award;1;5
342778;Brett Butler;Lou Gehrig Memorial Award;1;5
342778;Brett Butler;Player of the Month;1;5
342778;Brett Butler;Player of the Week;2;5
342795;Lawrence Butler;Player of the Week;2;2
342805;Byron Buxton;Bob Feller Act of Valor Award - MLB Player;1;8
342805;Byron Buxton;Gold Glove;1;8
342805;Byron Buxton;Platinum Glove;1;8
342805;Byron Buxton;Player of the Month;1;8
342805;Byron Buxton;Player of the Week;2;8
342805;Byron Buxton;Silver Slugger;1;8
342805;Byron Buxton;TSN All-Star;1;8
342818;Harry Byrd;Rookie of the Year;1;1
342821;Marlon Byrd;Player of the Week;2;2
342823;Paul Byrd;Player of the Week;1;1
342827;Eric Byrnes;Player of the Week;1;1
342833;Marty Bystrom;Pitcher of the Month;1;1
342843;Asdrubal Cabrera;Player of the Week;3;5
342843;Asdrubal Cabrera;Silver Slugger;1;5
342843;Asdrubal Cabrera;This Year in Baseball Defensive Player of the Year;1;5
342856;Melky Cabrera;All-Star Game MVP;1;2
342856;Melky Cabrera;This Year in Baseball Play of the Year;1;2
342857;Miguel Cabrera;Hank Aaron Award;2;46
342857;Miguel Cabrera;MLB Players Choice Outstanding Player;2;46
342857;Miguel Cabrera;MLB Players Choice Player of the Year;2;46
342857;Miguel Cabrera;Most Valuable Player;2;46
342857;Miguel Cabrera;Player of the Month;6;46
342857;Miguel Cabrera;Player of the Week;16;46
342857;Miguel Cabrera;Rookie of the Month;2;46
342857;Miguel Cabrera;Silver Slugger;7;46
342857;Miguel Cabrera;TSN All-Star;2;46
342857;Miguel Cabrera;TSN Major League Player of the Year;2;46
342857;Miguel Cabrera;This Year in Baseball Hitter of the Year;2;46
342857;Miguel Cabrera;Triple Crown;1;46
342858;Orlando Cabrera;Gold Glove;2;3
342858;Orlando Cabrera;This Year in Baseball Defensive Player of the Year;1;3
342878;Trevor Cahill;Player of the Week;1;1
342881;Lorenzo Cain;ALCS MVP;1;4
342881;Lorenzo Cain;Gold Glove;1;4
342881;Lorenzo Cain;Player of the Week;1;4
342881;Lorenzo Cain;TSN All-Star;1;4
342882;Matt Cain;Player of the Week;1;1
342896;Mike Caldwell;Player of the Week;3;4
342896;Mike Caldwell;TSN Comeback Player of the Year;1;4
342903;Kole Calhoun;Gold Glove;1;2
342903;Kole Calhoun;Player of the Week;1;2
342928;Johnny Callison;All-Star Game MVP;1;1
342946;Mike Cameron;Gold Glove;3;5
342946;Mike Cameron;Player of the Week;2;5
342948;Dolph Camilli;Baseball Magazine All-Star;2;5
342948;Dolph Camilli;Most Valuable Player;1;5
342948;Dolph Camilli;TSN All-Star;1;5
342948;Dolph Camilli;TSN Guide MVP;1;5
342952;Junior Caminero;All-MLB Team - Second Team;1;2
342952;Junior Caminero;Player of the Week;1;2
342953;Ken Caminiti;Gold Glove;3;16
342953;Ken Caminiti;MLB Players Choice Outstanding Player;1;16
342953;Ken Caminiti;Most Valuable Player;1;16
342953;Ken Caminiti;Player of the Month;2;16
342953;Ken Caminiti;Player of the Week;7;16
342953;Ken Caminiti;Silver Slugger;1;16
342953;Ken Caminiti;TSN All-Star;1;16
342956;Howie Camnitz;Baseball Magazine All-Star;1;1
342958;Bert Campaneris;Babe Ruth Award;1;4
342958;Bert Campaneris;Player of the Week;1;4
342958;Bert Campaneris;TSN All-Star;2;4
342961;Roy Campanella;Baseball Magazine All-Star;2;10
342961;Roy Campanella;Most Valuable Player;3;10
342961;Roy Campanella;TSN All-Star;4;10
342961;Roy Campanella;TSN Player of the Year;1;10
342966;Bill Campbell;Player of the Week;1;5
342966;Bill Campbell;Reliever of the Year Award;2;5
342966;Bill Campbell;TSN Fireman of the Year;2;5
343009;Rick Camp;Pitcher of the Month;1;4
343009;Rick Camp;Player of the Week;3;4
343022;Jeimer Candelario;Player of the Week;1;1
343023;John Candelaria;Pitcher of the Month;1;5
343023;John Candelaria;Player of the Week;3;5
343023;John Candelaria;TSN Comeback Player of the Year;1;5
343025;Tom Candiotti;Player of the Week;2;2
343028;Mark Canha;Player of the Week;1;1
343036;Griffin Canning;Gold Glove;1;1
343041;Robinson Cano;All-Star Game MVP;1;20
343041;Robinson Cano;Gold Glove;2;20
343041;Robinson Cano;Player of the Month;2;20
343041;Robinson Cano;Player of the Week;7;20
343041;Robinson Cano;Rookie of the Month;1;20
343041;Robinson Cano;Silver Slugger;5;20
343041;Robinson Cano;TSN All-Star;1;20
343041;Robinson Cano;This Year in Baseball Rookie of the Year;1;20
343043;Jose Canseco;Most Valuable Player;1;23
343043;Jose Canseco;Player of the Month;2;23
343043;Jose Canseco;Player of the Week;8;23
343043;Jose Canseco;Rookie of the Year;1;23
343043;Jose Canseco;Silver Slugger;4;23
343043;Jose Canseco;TSN All-Star;4;23
343043;Jose Canseco;TSN Comeback Player of the Year;1;23
343043;Jose Canseco;TSN Player of the Year;1;23
343043;Jose Canseco;TSN Rookie Player of the Year;1;23
343049;Jorge Cantu;Player of the Week;1;1
343050;Ben Cantwell;Baseball Magazine All-Star;1;1
343062;Matt Capps;Reliever of the Month;1;1
343064;Buzz Capra;Player of the Month;1;2
343064;Buzz Capra;Player of the Week;1;2
343069;Chris Capuano;Player of the Week;1;1
343076;Bernie Carbo;Player of the Week;1;2
343076;Bernie Carbo;TSN Rookie Player of the Year;1;2
343081;Leo Cardenas;Gold Glove;1;2
343081;Leo Cardenas;TSN All-Star;1;2
343087;Rod Carew;Bob Feller Act of Valor Award - HOF Player;1;26
343087;Rod Carew;Most Valuable Player;1;26
343087;Rod Carew;Player of the Month;5;26
343087;Rod Carew;Player of the Week;5;26
343087;Rod Carew;Roberto Clemente Award;1;26
343087;Rod Carew;Rookie of the Year;1;26
343087;Rod Carew;TSN All-Star;9;26
343087;Rod Carew;TSN Major League Player of the Year;1;26
343087;Rod Carew;TSN Player of the Year;1;26
343087;Rod Carew;TSN Rookie Player of the Year;1;26
343089;Max Carey;Baseball Magazine All-Star;4;5
343089;Max Carey;TSN All-Star;1;5
343114;Hal Carlson;Baseball Magazine All-Star;1;1
343119;Steve Carlton;Cy Young Award;4;21
343119;Steve Carlton;Gold Glove;1;21
343119;Steve Carlton;Pitcher of the Month;1;21
343119;Steve Carlton;Pitching Triple Crown;1;21
343119;Steve Carlton;Player of the Week;3;21
343119;Steve Carlton;TSN All-Star;7;21
343119;Steve Carlton;TSN Pitcher of the Year;4;21
343127;Roberto Hernandez;Pitcher of the Month;1;2
343127;Roberto Hernandez;Player of the Week;1;2
343137;Chris Carpenter;Cy Young Award;1;15
343137;Chris Carpenter;MLB Players Choice Comeback Player;2;15
343137;Chris Carpenter;MLB Players Choice Outstanding Pitcher;2;15
343137;Chris Carpenter;Pitcher of the Month;1;15
343137;Chris Carpenter;Player of the Week;4;15
343137;Chris Carpenter;TSN Comeback Player of the Year;2;15
343137;Chris Carpenter;TSN Pitcher of the Year;2;15
343137;Chris Carpenter;This Year in Baseball Starter of the Year;1;15
343138;Chris Carpenter;Comeback Player of the Year;1;1
343146;Matt Carpenter;Player of the Month;1;7
343146;Matt Carpenter;Player of the Week;5;7
343146;Matt Carpenter;Silver Slugger;1;7
343150;Mike Carp;Rookie of the Month;1;1
343152;Carlos Carrasco;Comeback Player of the Year;1;4
343152;Carlos Carrasco;MLB Players Choice Comeback Player;1;4
343152;Carlos Carrasco;Roberto Clemente Award;1;4
343152;Carlos Carrasco;TSN Comeback Player of the Year;1;4
343170;Bill Carrigan;Baseball Magazine All-Star;3;3
343179;Clay Carroll;TSN Fireman of the Year;1;1
343181;Corbin Carroll;All-MLB Team - First Team;1;12
343181;Corbin Carroll;All-MLB Team - Second Team;1;12
343181;Corbin Carroll;MLB Players Choice Outstanding Rookie;1;12
343181;Corbin Carroll;Player of the Month;1;12
343181;Corbin Carroll;Player of the Week;2;12
343181;Corbin Carroll;Rookie of the Month;1;12
343181;Corbin Carroll;Rookie of the Year;1;12
343181;Corbin Carroll;Silver Slugger;1;12
343181;Corbin Carroll;TSN All-Star;2;12
343181;Corbin Carroll;TSN Rookie of the Year;1;12
343212;Chris Carter;Player of the Week;1;1
343216;Gary Carter;All-Star Game MVP;2;24
343216;Gary Carter;Gold Glove;3;24
343216;Gary Carter;Player of the Month;2;24
343216;Gary Carter;Player of the Week;4;24
343216;Gary Carter;Roberto Clemente Award;1;24
343216;Gary Carter;Silver Slugger;5;24
343216;Gary Carter;TSN All-Star;6;24
343216;Gary Carter;TSN Rookie Player of the Year;1;24
343220;Joe Carter;Player of the Month;2;13
343220;Joe Carter;Player of the Week;7;13
343220;Joe Carter;Silver Slugger;2;13
343220;Joe Carter;TSN All-Star;2;13
343235;Rico Carty;Player of the Week;1;1
343245;Paul Casanova;TSN All-Star;1;1
343247;Triston Casas;Rookie of the Month;1;1
343261;Sean Casey;Hutch Award;1;2
343261;Sean Casey;This Year in Baseball Oddity of the Year;1;2
343263;Dave Cash;Player of the Week;2;2
343266;Andrew Cashner;Player of the Week;1;1
343267;Norm Cash;TSN All-Star;2;4
343267;Norm Cash;TSN Comeback Player of the Year;2;4
343291;Nick Castellanos;All-MLB Team - Second Team;1;4
343291;Nick Castellanos;Player of the Week;2;4
343291;Nick Castellanos;Silver Slugger;1;4
343307;John Castino;Rookie of the Year;1;1
343308;Jose Castillo;Player of the Week;1;1
343314;Luis Castillo;Gold Glove;3;4
343314;Luis Castillo;Player of the Week;1;4
343315;Luis Castillo;Pitcher of the Month;1;1
343325;Vinny Castilla;Player of the Week;4;10
343325;Vinny Castilla;Silver Slugger;3;10
343325;Vinny Castilla;TSN All-Star;3;10
343342;Jason Castro;Player of the Week;2;2
343352;Starlin Castro;Player of the Week;2;2
343354;Frank Catalanotto;Player of the Week;2;2
343374;Phil Cavarretta;Baseball Magazine All-Star;3;5
343374;Phil Cavarretta;Most Valuable Player;1;5
343374;Phil Cavarretta;TSN All-Star;1;5
343380;Dylan Cease;All-MLB Team - Second Team;2;6
343380;Dylan Cease;Pitcher of the Month;3;6
343380;Dylan Cease;Player of the Week;1;6
343390;Andujar Cedeno;Player of the Week;1;1
343391;Cesar Cedeno;Gold Glove;5;12
343391;Cesar Cedeno;Player of the Month;1;12
343391;Cesar Cedeno;Player of the Week;2;12
343391;Cesar Cedeno;TSN All-Star;4;12
343401;Orlando Cepeda;Most Valuable Player;1;9
343401;Orlando Cepeda;Outstanding DH Award;1;9
343401;Orlando Cepeda;Rookie of the Year;1;9
343401;Orlando Cepeda;TSN All-Star;4;9
343401;Orlando Cepeda;TSN Player of the Year;1;9
343401;Orlando Cepeda;TSN Rookie of the Year;1;9
343406;Rick Cerone;TSN All-Star;1;1
343413;Yoenis Cespedes;Gold Glove;1;6
343413;Yoenis Cespedes;Player of the Week;2;6
343413;Yoenis Cespedes;Rookie of the Month;1;6
343413;Yoenis Cespedes;Silver Slugger;1;6
343413;Yoenis Cespedes;TSN All-Star;1;6
343415;Ron Cey;Babe Ruth Award;1;8
343415;Ron Cey;Lou Gehrig Memorial Award;1;8
343415;Ron Cey;Player of the Month;1;8
343415;Ron Cey;Player of the Week;4;8
343415;Ron Cey;World Series MVP;1;8
343417;Gustavo Chacin;Rookie of the Month;2;2
343421;Shawn Chacon;Pitcher of the Month;1;2
343421;Shawn Chacon;Player of the Week;1;2
343434;Chris Chambliss;Gold Glove;1;6
343434;Chris Chambliss;Player of the Week;2;6
343434;Chris Chambliss;Rookie of the Year;1;6
343434;Chris Chambliss;TSN All-Star;1;6
343434;Chris Chambliss;TSN Rookie Player of the Year;1;6
343445;Wes Chamberlain;Player of the Week;1;1
343449;Dean Chance;Cy Young Award;1;4
343449;Dean Chance;TSN All-Star;1;4
343449;Dean Chance;TSN Comeback Player of the Year;1;4
343449;Dean Chance;TSN Pitcher of the Year;1;4
343450;Frank Chance;Baseball Magazine All-Star;2;2
343454;Spud Chandler;Baseball Magazine All-Star;3;7
343454;Spud Chandler;Most Valuable Player;1;7
343454;Spud Chandler;TSN All-Star;1;7
343454;Spud Chandler;TSN Guide MVP;1;7
343454;Spud Chandler;TSN Major League Player of the Year;1;7
343466;Aroldis Chapman;All-MLB Team - First Team;1;11
343466;Aroldis Chapman;All-MLB Team - Second Team;1;11
343466;Aroldis Chapman;Reliever of the Month;6;11
343466;Aroldis Chapman;Reliever of the Year Award;2;11
343466;Aroldis Chapman;TSN All-Star;1;11
343481;Matt Chapman;Gold Glove;5;10
343481;Matt Chapman;Platinum Glove;2;10
343481;Matt Chapman;Player of the Month;1;10
343481;Matt Chapman;Player of the Week;1;10
343481;Matt Chapman;TSN All-Star;1;10
343482;Ray Chapman;Baseball Magazine All-Star;3;3
343488;Joe Charboneau;Player of the Week;2;4
343488;Joe Charboneau;Rookie of the Year;1;4
343488;Joe Charboneau;TSN Rookie Player of the Year;1;4
343494;Norm Charlton;Pitcher of the Month;1;1
343502;Hal Chase;Baseball Magazine All-Star;9;9
343512;Endy Chavez;Rookie of the Month;1;2
343512;Endy Chavez;This Year in Baseball Postseason Moment of the Year;1;2
343513;Eric Chavez;Gold Glove;6;11
343513;Eric Chavez;Player of the Month;1;11
343513;Eric Chavez;Player of the Week;2;11
343513;Eric Chavez;Silver Slugger;1;11
343513;Eric Chavez;TSN All-Star;1;11
343517;Michael Chavis;Rookie of the Month;1;1
343563;Jazz Chisholm;Silver Slugger;1;2
343563;Jazz Chisholm;TSN All-Star;1;2
343575;Hee-Seop Choi;Rookie of the Month;1;1
343578;Shin-Soo Choo;Player of the Month;2;4
343578;Shin-Soo Choo;Player of the Week;2;4
343593;Larry Christenson;Pitcher of the Month;1;2
343593;Larry Christenson;Player of the Week;1;2
343613;Ryan Church;Rookie of the Month;1;1
343623;Eddie Cicotte;Baseball Magazine All-Star;2;2
343636;Jeff Cirillo;Player of the Week;2;2
343639;Steve Cishek;Player of the Week;2;2
343653;Jim Clancy;Pitcher of the Month;1;3
343653;Jim Clancy;Player of the Week;2;3
343691;Fred Clarke;Baseball Magazine All-Star;6;6
343700;Jack Clark;Player of the Month;1;10
343700;Jack Clark;Player of the Week;5;10
343700;Jack Clark;Silver Slugger;2;10
343700;Jack Clark;TSN All-Star;2;10
343706;John Clarkson;Pitching Triple Crown;1;1
343709;Mark Clark;Player of the Week;1;1
343733;Tony Clark;Player of the Week;3;3
343735;Watson Clark;Baseball Magazine All-Star;1;1
343738;Will Clark;Gold Glove;1;19
343738;Will Clark;NLCS MVP;1;19
343738;Will Clark;Player of the Month;4;19
343738;Will Clark;Player of the Week;8;19
343738;Will Clark;Silver Slugger;2;19
343738;Will Clark;TSN All-Star;3;19
343743;Emmanuel Clase;All-MLB Team - First Team;2;15
343743;Emmanuel Clase;All-MLB Team - Second Team;1;15
343743;Emmanuel Clase;Reliever of the Month;7;15
343743;Emmanuel Clase;Reliever of the Year Award;1;15
343743;Emmanuel Clase;TSN All-Star;2;15
343743;Emmanuel Clase;TSN Reliever of the Year;2;15
343763;Mark Clear;Pitcher of the Month;2;4
343763;Mark Clear;Player of the Week;1;4
343763;Mark Clear;TSN Rookie Pitcher of the Year;1;4
343776;Matt Clement;Player of the Week;2;2
343779;Roberto Clemente;Babe Ruth Award;1;21
343779;Roberto Clemente;Gold Glove;12;21
343779;Roberto Clemente;Most Valuable Player;1;21
343779;Roberto Clemente;TSN All-Star;5;21
343779;Roberto Clemente;TSN Player of the Year;1;21
343779;Roberto Clemente;World Series MVP;1;21
343780;Roger Clemens;All-Star Game MVP;1;51
343780;Roger Clemens;Cy Young Award;7;51
343780;Roger Clemens;MLB Players Choice Outstanding Pitcher;3;51
343780;Roger Clemens;Most Valuable Player;1;51
343780;Roger Clemens;Pitcher of the Month;15;51
343780;Roger Clemens;Pitching Triple Crown;2;51
343780;Roger Clemens;Player of the Week;11;51
343780;Roger Clemens;TSN All-Star;5;51
343780;Roger Clemens;TSN Major League Player of the Year;1;51
343780;Roger Clemens;TSN Pitcher of the Year;5;51
343785;Donn Clendenon;World Series MVP;1;1
343789;Reggie Cleveland;TSN Rookie Pitcher of the Year;1;1
343792;Mike Clevinger;Pitcher of the Month;1;1
343798;Harlond Clift;Baseball Magazine All-Star;2;2
343805;Tyler Clippard;Reliever of the Month;1;1
343827;Alex Cobb;Player of the Week;1;1
343833;Ty Cobb;Baseball Magazine All-Star;29;31
343833;Ty Cobb;Most Valuable Player;1;31
343833;Ty Cobb;Triple Crown;1;31
343840;Mickey Cochrane;Baseball Magazine All-Star;19;28
343840;Mickey Cochrane;Most Valuable Player;2;28
343840;Mickey Cochrane;TSN All-Star;7;28
343861;Chris Coghlan;Rookie of the Month;1;2
343861;Chris Coghlan;Rookie of the Year;1;2
343871;Chris Colabello;Player of the Week;1;1
343876;Rocky Colavito;TSN All-Star;1;1
343881;Jim Colborn;Player of the Week;1;1
343885;Alex Cole;Player of the Week;1;1
343892;Gerrit Cole;All-MLB Team - First Team;3;21
343892;Gerrit Cole;All-MLB Team - Second Team;1;21
343892;Gerrit Cole;Cy Young Award;1;21
343892;Gerrit Cole;MLB Players Choice Outstanding Pitcher;1;21
343892;Gerrit Cole;Pitcher of the Month;6;21
343892;Gerrit Cole;Player of the Week;2;21
343892;Gerrit Cole;Rookie of the Month;1;21
343892;Gerrit Cole;TSN All-Star;3;21
343892;Gerrit Cole;TSN Pitcher of the Year;3;21
343893;King Cole;Baseball Magazine All-Star;1;1
343906;Jerry Coleman;Babe Ruth Award;1;1
343918;Vince Coleman;Player of the Week;1;3
343918;Vince Coleman;Rookie of the Year;1;3
343918;Vince Coleman;TSN Rookie Player of the Year;1;3
343942;Dave Collins;Player of the Week;3;3
343944;Eddie Collins;Baseball Magazine All-Star;28;29
343944;Eddie Collins;Most Valuable Player;1;29
343951;Isaac Collins;Player of the Week;1;1
343978;Alex Colome;Reliever of the Month;1;1
343980;Bartolo Colon;Cy Young Award;1;12
343980;Bartolo Colon;MLB Players Choice Outstanding Pitcher;1;12
343980;Bartolo Colon;Pitcher of the Month;4;12
343980;Bartolo Colon;Player of the Week;5;12
343980;Bartolo Colon;TSN Pitcher of the Year;1;12
343994;Earle Combs;Baseball Magazine All-Star;1;1
344011;Dave Concepcion;All-Star Game MVP;1;14
344011;Dave Concepcion;Gold Glove;5;14
344011;Dave Concepcion;Player of the Month;1;14
344011;Dave Concepcion;Player of the Week;2;14
344011;Dave Concepcion;Silver Slugger;2;14
344011;Dave Concepcion;TSN All-Star;3;14
344018;David Cone;Cy Young Award;1;11
344018;David Cone;Hutch Award;1;11
344018;David Cone;Pitcher of the Month;3;11
344018;David Cone;Player of the Week;5;11
344018;David Cone;TSN All-Star;1;11
344020;Michael Conforto;All-MLB Team - Second Team;1;1
344025;Tony Conigliaro;Hutch Award;1;2
344025;Tony Conigliaro;TSN Comeback Player of the Year;1;2
344027;Jeff Conine;All-Star Game MVP;1;3
344027;Jeff Conine;Player of the Month;1;3
344027;Jeff Conine;Player of the Week;1;3
344080;Jose Contreras;Pitcher of the Month;2;3
344080;Jose Contreras;Player of the Week;1;3
344085;Willson Contreras;Player of the Week;1;1
344086;William Contreras;All-MLB Team - First Team;1;6
344086;William Contreras;Player of the Week;1;6
344086;William Contreras;Silver Slugger;2;6
344086;William Contreras;TSN All-Star;2;6
344128;Jack Coombs;Baseball Magazine All-Star;3;3
344145;Cecil Cooper;Gold Glove;2;19
344145;Cecil Cooper;Player of the Month;4;19
344145;Cecil Cooper;Player of the Week;5;19
344145;Cecil Cooper;Roberto Clemente Award;1;19
344145;Cecil Cooper;Silver Slugger;3;19
344145;Cecil Cooper;TSN All-Star;4;19
344156;Mort Cooper;Baseball Magazine All-Star;6;11
344156;Mort Cooper;Most Valuable Player;1;11
344156;Mort Cooper;TSN All-Star;3;11
344156;Mort Cooper;TSN Guide MVP;1;11
344161;Walker Cooper;Baseball Magazine All-Star;3;6
344161;Walker Cooper;TSN All-Star;3;6
344162;Wilbur Cooper;Baseball Magazine All-Star;5;5
344169;Joey Cora;Player of the Week;1;1
344177;Patrick Corbin;Pitcher of the Month;1;2
344177;Patrick Corbin;Player of the Week;1;2
344190;Chad Cordero;Pitcher of the Month;1;5
344190;Chad Cordero;Reliever of the Month;1;5
344190;Chad Cordero;Reliever of the Year Award;1;5
344190;Chad Cordero;TSN All-Star;1;5
344190;Chad Cordero;TSN Reliever of the Year;1;5
344191;Francisco Cordero;Reliever of the Month;1;1
344195;Wil Cordero;Silver Slugger;1;1
344198;Francisco Cordova;Player of the Week;1;1
344199;Marty Cordova;MLB Players Choice Outstanding Rookie;1;3
344199;Marty Cordova;Player of the Week;1;3
344199;Marty Cordova;Rookie of the Year;1;3
344222;Manny Corpas;Reliever of the Month;1;1
344225;Carlos Correa;Gold Glove;1;12
344225;Carlos Correa;MLB Players Choice Outstanding Rookie;1;12
344225;Carlos Correa;Platinum Glove;1;12
344225;Carlos Correa;Player of the Month;1;12
344225;Carlos Correa;Player of the Week;4;12
344225;Carlos Correa;Rookie of the Month;1;12
344225;Carlos Correa;Rookie of the Year;1;12
344225;Carlos Correa;TSN All-Star;1;12
344225;Carlos Correa;TSN Rookie of the Year;1;12
344274;Neal Cotts;This Year in Baseball Setup Man of the Year;1;1
344286;Craig Counsell;NLCS MVP;1;1
344287;Clint Courtney;TSN Rookie of the Year;1;1
344298;Stan Coveleski;Baseball Magazine All-Star;3;3
344308;Al Cowens;Gold Glove;1;2
344308;Al Cowens;Player of the Week;1;2
344310;Joe Cowley;Player of the Week;1;1
344311;Colton Cowser;MLB Players Choice Outstanding Rookie;1;3
344311;Colton Cowser;Player of the Week;1;3
344311;Colton Cowser;Rookie of the Month;1;3
344354;Allen Craig;This Year in Baseball Postseason Moment of the Year;1;1
344368;Doc Cramer;Baseball Magazine All-Star;1;2
344368;Doc Cramer;TSN All-Star;1;2
344370;Del Crandall;Gold Glove;4;7
344370;Del Crandall;TSN All-Star;3;7
344376;Gavvy Cravath;Baseball Magazine All-Star;2;2
344379;Brandon Crawford;Gold Glove;4;6
344379;Brandon Crawford;Lou Gehrig Memorial Award;1;6
344379;Brandon Crawford;Silver Slugger;1;6
344381;Carl Crawford;All-Star Game MVP;1;7
344381;Carl Crawford;Gold Glove;1;7
344381;Carl Crawford;Player of the Week;4;7
344381;Carl Crawford;Silver Slugger;1;7
344390;J. P. Crawford;Gold Glove;1;1
344396;Sam Crawford;Baseball Magazine All-Star;5;5
344399;Willie Crawford;Player of the Month;1;2
344399;Willie Crawford;Player of the Week;1;2
344402;Joe Crede;Player of the Week;3;5
344402;Joe Crede;Silver Slugger;1;5
344402;Joe Crede;TSN All-Star;1;5
344417;Frank Crespi;Baseball Magazine All-Star;1;1
344427;Lou Criger;Baseball Magazine All-Star;1;1
344437;Coco Crisp;Player of the Week;1;1
344448;Garrett Crochet;All-MLB Team - First Team;1;3
344448;Garrett Crochet;Comeback Player of the Year;1;3
344448;Garrett Crochet;Pitcher of the Month;1;3
344457;Warren Cromartie;Player of the Week;3;3
344463;C. J. Cron;Player of the Month;1;3
344463;C. J. Cron;Player of the Week;2;3
344464;Jake Cronenworth;MLB Players Choice Outstanding Rookie;1;4
344464;Jake Cronenworth;Player of the Week;1;4
344464;Jake Cronenworth;Rookie of the Month;1;4
344464;Jake Cronenworth;TSN Rookie of the Year;1;4
344471;Joe Cronin;Baseball Magazine All-Star;12;20
344471;Joe Cronin;TSN All-Star;7;20
344471;Joe Cronin;TSN Guide MVP;1;20
344478;Bobby Crosby;MLB Players Choice Outstanding Rookie;1;4
344478;Bobby Crosby;Rookie of the Month;1;4
344478;Bobby Crosby;Rookie of the Year;1;4
344478;Bobby Crosby;TSN Rookie of the Year;1;4
344508;Pete Crow-Armstrong;All-MLB Team - Second Team;1;2
344508;Pete Crow-Armstrong;Gold Glove;1;2
344509;General Crowder;Baseball Magazine All-Star;4;5
344509;General Crowder;TSN All-Star;1;5
344547;Jose Cruz;Player of the Month;1;7
344547;Jose Cruz;Player of the Week;3;7
344547;Jose Cruz;Silver Slugger;2;7
344547;Jose Cruz;TSN All-Star;1;7
344548;Jose Cruz;Gold Glove;1;4
344548;Jose Cruz;Player of the Week;3;4
344553;Nelson Cruz;ALCS MVP;1;22
344553;Nelson Cruz;All-MLB Team - First Team;1;22
344553;Nelson Cruz;All-MLB Team - Second Team;1;22
344553;Nelson Cruz;MLB Players Choice Man of the Year;1;22
344553;Nelson Cruz;Outstanding DH Award;2;22
344553;Nelson Cruz;Player of the Month;1;22
344553;Nelson Cruz;Player of the Week;7;22
344553;Nelson Cruz;Roberto Clemente Award;1;22
344553;Nelson Cruz;Silver Slugger;4;22
344553;Nelson Cruz;TSN All-Star;3;22
344560;Todd Cruz;Player of the Week;1;1
344567;Tony Cuccinello;Baseball Magazine All-Star;1;1
344569;Michael Cuddyer;Player of the Week;1;2
344569;Michael Cuddyer;Silver Slugger;1;2
344573;Mike Cuellar;Cy Young Award;1;4
344573;Mike Cuellar;Player of the Week;1;4
344573;Mike Cuellar;TSN All-Star;2;4
344576;Johnny Cueto;Player of the Week;3;3
344586;Roy Cullenbine;Baseball Magazine All-Star;2;2
344595;Ray Culp;TSN Rookie Pitcher of the Year;1;1
344666;Jack Cust;Player of the Week;2;2
344669;George Cutshaw;Baseball Magazine All-Star;1;1
344670;Kiki Cuyler;Baseball Magazine All-Star;8;9
344670;Kiki Cuyler;TSN All-Star;1;9
344678;John D'Acquisto;TSN Rookie Pitcher of the Year;1;1
344683;David Dahl;Player of the Week;1;1
344698;Bobby Dalbec;Rookie of the Month;1;1
344730;Jeff D'Amico;Pitcher of the Month;1;1
344732;Johnny Damon;Player of the Month;1;7
344732;Johnny Damon;Player of the Week;3;7
344732;Johnny Damon;TSN All-Star;1;7
344732;Johnny Damon;This Year in Baseball Oddity of the Year;1;7
344732;Johnny Damon;This Year in Baseball Postseason Moment of the Year;1;7
344756;Kal Daniels;Player of the Month;1;2
344756;Kal Daniels;Player of the Week;1;2
344766;Harry Danning;Baseball Magazine All-Star;4;5
344766;Harry Danning;TSN All-Star;1;5
344777;Al Dark;Baseball Magazine All-Star;1;4
344777;Al Dark;Lou Gehrig Memorial Award;1;4
344777;Al Dark;Rookie of the Year;1;4
344777;Al Dark;TSN All-Star;1;4
344779;Ron Darling;Gold Glove;1;2
344779;Ron Darling;Pitcher of the Month;1;2
344781;Travis d'Arnaud;Silver Slugger;1;1
344791;Yu Darvish;All-MLB Team - First Team;1;5
344791;Yu Darvish;Pitcher of the Month;2;5
344791;Yu Darvish;Player of the Week;1;5
344791;Yu Darvish;Rookie of the Month;1;5
344793;Danny Darwin;Pitcher of the Month;2;4
344793;Danny Darwin;Player of the Week;2;4
344801;Brian Daubach;Player of the Week;1;1
344804;Jake Daubert;Baseball Magazine All-Star;12;13
344804;Jake Daubert;Most Valuable Player;1;13
344809;Darren Daulton;MLB Players Choice Comeback Player;1;4
344809;Darren Daulton;Silver Slugger;1;4
344809;Darren Daulton;TSN All-Star;1;4
344809;Darren Daulton;TSN Comeback Player of the Year;1;4
344811;Vic Davalillo;Gold Glove;1;1
344817;Jim Davenport;Gold Glove;1;1
344850;Alvin Davis;Player of the Week;1;3
344850;Alvin Davis;Rookie of the Year;1;3
344850;Alvin Davis;TSN Rookie Player of the Year;1;3
344869;Chili Davis;Outstanding DH Award;1;7
344869;Chili Davis;Player of the Month;1;7
344869;Chili Davis;Player of the Week;5;7
344870;Chris Davis;Player of the Month;1;7
344870;Chris Davis;Player of the Week;4;7
344870;Chris Davis;Rookie of the Month;1;7
344870;Chris Davis;Silver Slugger;1;7
344872;Curt Davis;Baseball Magazine All-Star;2;2
344879;Eric Davis;Gold Glove;3;22
344879;Eric Davis;Hutch Award;1;22
344879;Eric Davis;MLB Players Choice Comeback Player;1;22
344879;Eric Davis;MLB Players Choice Man of the Year;1;22
344879;Eric Davis;Player of the Month;4;22
344879;Eric Davis;Player of the Week;6;22
344879;Eric Davis;Roberto Clemente Award;1;22
344879;Eric Davis;Silver Slugger;2;22
344879;Eric Davis;TSN All-Star;2;22
344879;Eric Davis;TSN Comeback Player of the Year;1;22
344886;Glenn Davis;Lou Gehrig Memorial Award;1;3
344886;Glenn Davis;Player of the Week;1;3
344886;Glenn Davis;Silver Slugger;1;3
344904;Jody Davis;Gold Glove;1;2
344904;Jody Davis;Player of the Week;1;2
344913;Khris Davis;Outstanding DH Award;1;2
344913;Khris Davis;Player of the Week;1;2
344920;Mark Davis;Cy Young Award;1;7
344920;Mark Davis;Pitcher of the Month;1;7
344920;Mark Davis;Player of the Week;1;7
344920;Mark Davis;Reliever of the Year Award;1;7
344920;Mark Davis;TSN All-Star;1;7
344920;Mark Davis;TSN Fireman of the Year;1;7
344920;Mark Davis;TSN Pitcher of the Year;1;7
344923;Mike Davis;Player of the Month;1;1
344935;Ron Davis;Player of the Week;1;1
344947;Storm Davis;TSN Comeback Player of the Year;1;1
344953;Tommy Davis;Outstanding DH Award;1;4
344953;Tommy Davis;TSN All-Star;3;4
344956;Wade Davis;Babe Ruth Award;1;3
344956;Wade Davis;Rookie of the Month;1;3
344956;Wade Davis;This Year in Baseball Setup Man of the Year;1;3
344958;Willie Davis;Gold Glove;3;5
344958;Willie Davis;Player of the Week;1;5
344958;Willie Davis;TSN All-Star;1;5
344965;Andre Dawson;Gold Glove;8;33
344965;Andre Dawson;Hutch Award;1;33
344965;Andre Dawson;MLB Players Curt Flood Award;1;33
344965;Andre Dawson;Most Valuable Player;1;33
344965;Andre Dawson;Player of the Month;3;33
344965;Andre Dawson;Player of the Week;8;33
344965;Andre Dawson;Rookie of the Year;1;33
344965;Andre Dawson;Silver Slugger;4;33
344965;Andre Dawson;TSN All-Star;3;33
344965;Andre Dawson;TSN Player of the Year;2;33
344965;Andre Dawson;TSN Rookie Player of the Year;1;33
344996;Dizzy Dean;Baseball Magazine All-Star;9;14
344996;Dizzy Dean;Most Valuable Player;1;14
344996;Dizzy Dean;TSN All-Star;3;14
344996;Dizzy Dean;TSN Guide MVP;1;14
345013;Alejandro De Aza;Player of the Week;1;1
345022;Doug DeCinces;Player of the Month;3;7
345022;Doug DeCinces;Player of the Week;2;7
345022;Doug DeCinces;Silver Slugger;1;7
345022;Doug DeCinces;TSN All-Star;1;7
345042;Rob Deer;Player of the Week;1;1
345053;Jacob deGrom;All-MLB Team - First Team;2;24
345053;Jacob deGrom;Comeback Player of the Year;1;24
345053;Jacob deGrom;Cy Young Award;2;24
345053;Jacob deGrom;MLB Players Choice Outstanding Pitcher;2;24
345053;Jacob deGrom;MLB Players Choice Outstanding Rookie;1;24
345053;Jacob deGrom;Pitcher of the Month;2;24
345053;Jacob deGrom;Player of the Week;3;24
345053;Jacob deGrom;Rookie of the Month;2;24
345053;Jacob deGrom;Rookie of the Year;1;24
345053;Jacob deGrom;TSN All-Star;3;24
345053;Jacob deGrom;TSN Comeback Player of the Year;1;24
345053;Jacob deGrom;TSN Pitcher of the Year;3;24
345053;Jacob deGrom;TSN Rookie of the Year;1;24
345065;Mike DeJean;Player of the Week;1;1
345067;David DeJesus;Player of the Week;1;1
345075;Paul DeJong;Rookie of the Month;1;1
345079;Elly De La Cruz;Player of the Week;1;1
345107;Jose DeLeon;Player of the Week;1;1
345113;Carlos Delgado;Hank Aaron Award;1;19
345113;Carlos Delgado;MLB Players Choice Outstanding Player;1;19
345113;Carlos Delgado;MLB Players Choice Player of the Year;1;19
345113;Carlos Delgado;Player of the Week;9;19
345113;Carlos Delgado;Roberto Clemente Award;1;19
345113;Carlos Delgado;Silver Slugger;3;19
345113;Carlos Delgado;TSN All-Star;2;19
345113;Carlos Delgado;TSN Major League Player of the Year;1;19
345152;Frank Demaree;Baseball Magazine All-Star;1;1
345156;Larry Demery;Player of the Week;1;1
345169;Rick Dempsey;Babe Ruth Award;1;2
345169;Rick Dempsey;World Series MVP;1;2
345170;Ryan Dempster;Player of the Week;2;3
345170;Ryan Dempster;Reliever of the Month;1;3
345183;John Denny;Cy Young Award;1;6
345183;John Denny;Pitcher of the Month;1;6
345183;John Denny;Player of the Week;1;6
345183;John Denny;TSN All-Star;1;6
345183;John Denny;TSN Comeback Player of the Year;1;6
345183;John Denny;TSN Pitcher of the Year;1;6
345186;Bucky Dent;Babe Ruth Award;1;3
345186;Bucky Dent;Player of the Week;1;3
345186;Bucky Dent;World Series MVP;1;3
345200;Bob Dernier;Gold Glove;1;1
345201;Mark DeRosa;Player of the Week;1;1
345205;Paul Derringer;Baseball Magazine All-Star;8;9
345205;Paul Derringer;TSN All-Star;1;9
345215;Delino DeShields;Rookie of the Month;1;1
345219;Ian Desmond;Silver Slugger;3;3
345226;Reid Detmers;Player of the Week;1;1
345238;Mike Devereaux;NLCS MVP;1;4
345238;Mike Devereaux;Player of the Week;2;4
345238;Mike Devereaux;TSN All-Star;1;4
345239;Rafael Devers;All-MLB Team - Second Team;1;7
345239;Rafael Devers;Player of the Month;1;7
345239;Rafael Devers;Player of the Week;3;7
345239;Rafael Devers;Silver Slugger;2;7
345247;Art Devlin;Baseball Magazine All-Star;5;5
345261;Blake DeWitt;Rookie of the Month;1;1
345275;Bo Diaz;Player of the Month;1;2
345275;Bo Diaz;Player of the Week;1;2
345282;Edwin Diaz;All-MLB Team - First Team;1;20
345282;Edwin Diaz;All-MLB Team - Second Team;1;20
345282;Edwin Diaz;Reliever of the Month;10;20
345282;Edwin Diaz;Reliever of the Year Award;3;20
345282;Edwin Diaz;TSN All-Star;3;20
345282;Edwin Diaz;TSN Reliever of the Year;2;20
345284;Elias Diaz;All-Star Game MVP;1;1
345306;Yandy Diaz;Player of the Week;1;3
345306;Yandy Diaz;Silver Slugger;1;3
345306;Yandy Diaz;TSN All-Star;1;3
345311;Rob Dibble;NLCS MVP;1;2
345311;Rob Dibble;Pitcher of the Month;1;2
345314;Bill Dickey;Baseball Magazine All-Star;14;20
345314;Bill Dickey;TSN All-Star;6;20
345317;Corey Dickerson;Gold Glove;1;2
345317;Corey Dickerson;Player of the Week;1;2
345322;R. A. Dickey;Branch Rickey Award;1;8
345322;R. A. Dickey;Cy Young Award;1;8
345322;R. A. Dickey;Gold Glove;1;8
345322;R. A. Dickey;MLB Players Choice Outstanding Pitcher;1;8
345322;R. A. Dickey;Pitcher of the Month;1;8
345322;R. A. Dickey;Player of the Week;1;8
345322;R. A. Dickey;TSN Pitcher of the Year;1;8
345322;R. A. Dickey;This Year in Baseball Starter of the Year;1;8
345326;Jason Dickson;TSN Rookie Pitcher of the Year;1;1
345338;Jake Diekman;Hutch Award;1;1
345360;Steve Dillard;Player of the Week;1;1
345373;Dom DiMaggio;Baseball Magazine All-Star;1;2
345373;Dom DiMaggio;TSN All-Star;1;2
345374;Joe DiMaggio;Baseball Magazine All-Star;22;36
345374;Joe DiMaggio;Most Valuable Player;3;36
345374;Joe DiMaggio;TSN All-Star;8;36
345374;Joe DiMaggio;TSN Guide MVP;2;36
345374;Joe DiMaggio;TSN Major League Player of the Year;1;36
345375;Vince DiMaggio;Baseball Magazine All-Star;1;1
345382;Dillon Dingler;Gold Glove;1;1
345434;Larry Doby;TSN All-Star;1;1
345444;Bobby Doerr;Baseball Magazine All-Star;4;8
345444;Bobby Doerr;TSN All-Star;2;8
345444;Bobby Doerr;TSN Guide MVP;1;8
345444;Bobby Doerr;TSN Player of the Year;1;8
345483;Josh Donaldson;Comeback Player of the Year;1;16
345483;Josh Donaldson;Hank Aaron Award;1;16
345483;Josh Donaldson;MLB Players Choice Comeback Player;1;16
345483;Josh Donaldson;MLB Players Choice Outstanding Player;1;16
345483;Josh Donaldson;MLB Players Choice Player of the Year;1;16
345483;Josh Donaldson;Most Valuable Player;1;16
345483;Josh Donaldson;Player of the Month;1;16
345483;Josh Donaldson;Player of the Week;4;16
345483;Josh Donaldson;Silver Slugger;2;16
345483;Josh Donaldson;TSN All-Star;1;16
345483;Josh Donaldson;TSN Comeback Player of the Year;1;16
345483;Josh Donaldson;TSN Major League Player of the Year;1;16
345487;Mike Donlin;Baseball Magazine All-Star;3;3
345489;Brendan Donnelly;This Year in Baseball Setup Man of the Year;1;1
345500;Pete Donohue;Baseball Magazine All-Star;1;1
345503;Bill Donovan;Baseball Magazine All-Star;1;1
345505;Brendan Donovan;Gold Glove;1;1
345506;Dick Donovan;TSN All-Star;1;2
345506;Dick Donovan;TSN Pitcher of the Year;1;2
345512;Red Dooin;Baseball Magazine All-Star;2;2
345515;Sean Doolittle;Bob Feller Act of Valor Award - MLB Player;1;2
345515;Sean Doolittle;Reliever of the Month;1;2
345519;Bill Doran;Player of the Week;3;3
345541;Octavio Dotel;Player of the Week;1;1
345543;Richard Dotson;Pitcher of the Month;1;2
345543;Richard Dotson;Player of the Week;1;2
345564;Ryan Doumit;Player of the Week;1;1
345566;Camilo Doval;Reliever of the Month;3;3
345581;Al Downing;TSN Comeback Player of the Year;1;1
345582;Brian Downing;Player of the Month;1;2
345582;Brian Downing;Player of the Week;1;2
345593;Brenton Doyle;Gold Glove;2;4
345593;Brenton Doyle;Player of the Month;1;4
345593;Brenton Doyle;Player of the Week;1;4
345604;Larry Doyle;Baseball Magazine All-Star;2;3
345604;Larry Doyle;Most Valuable Player;1;3
345609;Brian Dozier;Gold Glove;1;1
345614;Doug Drabek;Cy Young Award;1;10
345614;Doug Drabek;Pitcher of the Month;4;10
345614;Doug Drabek;Player of the Week;3;10
345614;Doug Drabek;TSN All-Star;1;10
345614;Doug Drabek;TSN Pitcher of the Year;1;10
345633;Dave Dravecky;Hutch Award;1;2
345633;Dave Dravecky;Player of the Week;1;2
345640;Ryan Drese;Rookie of the Month;1;1
345648;J. D. Drew;All-Star Game MVP;1;4
345648;J. D. Drew;Player of the Month;1;4
345648;J. D. Drew;TSN All-Star;1;4
345648;J. D. Drew;This Year in Baseball Postseason Moment of the Year;1;4
345656;Dan Driessen;Player of the Week;2;2
345667;Walt Dropo;Baseball Magazine All-Star;1;3
345667;Walt Dropo;Rookie of the Year;1;3
345667;Walt Dropo;TSN All-Star;1;3
345674;Brandon Drury;Player of the Week;1;3
345674;Brandon Drury;Silver Slugger;1;3
345674;Brandon Drury;TSN Comeback Player of the Year;1;3
345675;Don Drysdale;Cy Young Award;1;4
345675;Don Drysdale;TSN All-Star;1;4
345675;Don Drysdale;TSN Major League Player of the Year;1;4
345675;Don Drysdale;TSN Pitcher of the Year;1;4
345682;Mauricio Dubon;Gold Glove;2;2
345692;Lucas Duda;Player of the Week;1;1
345713;Hugh Duffy;Triple Crown;1;1
345719;Joe Dugan;Baseball Magazine All-Star;5;5
345732;Zach Duke;Rookie of the Month;2;2
345747;Chris Duncan;Player of the Week;1;2
345747;Chris Duncan;Rookie of the Month;1;2
345755;Mariano Duncan;Player of the Week;1;1
345776;Adam Dunn;MLB Players Choice Comeback Player;1;5
345776;Adam Dunn;Player of the Month;1;5
345776;Adam Dunn;Player of the Week;2;5
345776;Adam Dunn;TSN Comeback Player of the Year;1;5
345779;Mike Dunne;TSN Rookie Pitcher of the Year;1;1
345797;Shawon Dunston;Player of the Week;1;2
345797;Shawon Dunston;TSN All-Star;1;2
345806;Jarren Duran;All-MLB Team - Second Team;1;3
345806;Jarren Duran;All-Star Game MVP;1;3
345806;Jarren Duran;TSN All-Star;1;3
345807;Jhoan Duran;All-MLB Team - First Team;1;2
345807;Jhoan Duran;Reliever of the Month;1;2
345812;Erubiel Durazo;Player of the Week;1;1
345817;Ryne Duren;TSN Rookie of the Year;1;1
345823;Leon Durham;Player of the Month;1;2
345823;Leon Durham;Silver Slugger;1;2
345824;Ray Durham;Player of the Week;2;2
345838;Adam Duvall;Gold Glove;1;3
345838;Adam Duvall;Player of the Week;2;3
345846;Jim Dwyer;Player of the Week;1;1
345850;Jermaine Dye;Babe Ruth Award;1;14
345850;Jermaine Dye;Gold Glove;1;14
345850;Jermaine Dye;MLB Players Choice Outstanding Player;1;14
345850;Jermaine Dye;Player of the Month;2;14
345850;Jermaine Dye;Player of the Week;6;14
345850;Jermaine Dye;Silver Slugger;1;14
345850;Jermaine Dye;TSN All-Star;1;14
345850;Jermaine Dye;World Series MVP;1;14
345857;Jimmy Dykes;Baseball Magazine All-Star;1;1
345861;Lenny Dykstra;Player of the Month;1;6
345861;Lenny Dykstra;Player of the Week;3;6
345861;Lenny Dykstra;Silver Slugger;1;6
345861;Lenny Dykstra;TSN All-Star;1;6
345880;George Earnshaw;Baseball Magazine All-Star;5;6
345880;George Earnshaw;TSN All-Star;1;6
345881;Damion Easley;Player of the Week;1;2
345881;Damion Easley;Silver Slugger;1;2
345884;Mike Easler;Player of the Week;1;1
345891;Luke Easter;TSN Player of the Year;1;1
345899;Rawly Eastwick;Reliever of the Year Award;1;2
345899;Rawly Eastwick;TSN Fireman of the Year;1;2
345902;Adam Eaton;Player of the Week;2;2
345921;Dennis Eckersley;ALCS MVP;1;14
345921;Dennis Eckersley;Cy Young Award;1;14
345921;Dennis Eckersley;MLB Players Choice Outstanding Player;1;14
345921;Dennis Eckersley;Most Valuable Player;1;14
345921;Dennis Eckersley;Player of the Week;3;14
345921;Dennis Eckersley;Reliever of the Year Award;2;14
345921;Dennis Eckersley;TSN Fireman of the Year;3;14
345921;Dennis Eckersley;TSN Pitcher of the Year;1;14
345921;Dennis Eckersley;TSN Rookie Pitcher of the Year;1;14
345923;David Eckstein;Babe Ruth Award;1;2
345923;David Eckstein;World Series MVP;1;2
345942;Tommy Edman;Gold Glove;1;3
345942;Tommy Edman;NLCS MVP;1;3
345942;Tommy Edman;Player of the Week;1;3
345947;Jim Edmonds;Gold Glove;8;21
345947;Jim Edmonds;Player of the Month;1;21
345947;Jim Edmonds;Player of the Week;7;21
345947;Jim Edmonds;Silver Slugger;1;21
345947;Jim Edmonds;TSN All-Star;2;21
345947;Jim Edmonds;This Year in Baseball Defensive Player of the Year;2;21
345951;Bruce Edwards;Baseball Magazine All-Star;2;2
345961;Johnny Edwards;Gold Glove;2;3
345961;Johnny Edwards;TSN All-Star;1;3
345990;Howard Ehmke;Baseball Magazine All-Star;1;1
345996;Mark Eichhorn;TSN Rookie Pitcher of the Year;1;1
346011;Scott Elarton;Player of the Week;1;1
346019;Cal Eldred;Pitcher of the Month;3;4
346019;Cal Eldred;TSN Rookie Pitcher of the Year;1;4
346034;Bob Elliott;Baseball Magazine All-Star;5;8
346034;Bob Elliott;Most Valuable Player;1;8
346034;Bob Elliott;TSN All-Star;2;8
346051;Dock Ellis;TSN Comeback Player of the Year;1;1
346059;Mark Ellis;Player of the Week;1;1
346067;Jacoby Ellsbury;Comeback Player of the Year;1;9
346067;Jacoby Ellsbury;Gold Glove;1;9
346067;Jacoby Ellsbury;MLB Players Choice Comeback Player;1;9
346067;Jacoby Ellsbury;Player of the Week;2;9
346067;Jacoby Ellsbury;Rookie of the Month;1;9
346067;Jacoby Ellsbury;Silver Slugger;1;9
346067;Jacoby Ellsbury;TSN Comeback Player of the Year;1;9
346067;Jacoby Ellsbury;This Year in Baseball Defensive Player of the Year;1;9
346074;Kevin Elster;TSN Comeback Player of the Year;1;1
346097;Edwin Encarnacion;Player of the Month;2;8
346097;Edwin Encarnacion;Player of the Week;6;8
346120;Del Ennis;Baseball Magazine All-Star;1;2
346120;Del Ennis;TSN Rookie of the Year;1;2
346129;Morgan Ensberg;Player of the Week;2;4
346129;Morgan Ensberg;Silver Slugger;1;4
346129;Morgan Ensberg;TSN All-Star;1;4
346137;Nathan Eovaldi;All-MLB Team - Second Team;1;3
346137;Nathan Eovaldi;Pitcher of the Month;2;3
346158;Scott Erickson;Pitcher of the Month;1;2
346158;Scott Erickson;Player of the Week;1;2
346164;Darin Erstad;Gold Glove;3;8
346164;Darin Erstad;Player of the Week;3;8
346164;Darin Erstad;Silver Slugger;1;8
346164;Darin Erstad;TSN All-Star;1;8
346167;Nick Esasky;Player of the Month;1;1
346178;Alcides Escobar;ALCS MVP;1;2
346178;Alcides Escobar;Gold Glove;1;2
346180;Eduardo Escobar;Player of the Month;1;3
346180;Eduardo Escobar;Player of the Week;2;3
346183;Kelvim Escobar;Player of the Week;1;1
346185;Yunel Escobar;Player of the Week;1;1
346194;Danny Espinosa;Player of the Week;1;1
346215;Carlos Estevez;Reliever of the Month;1;1
346217;Chuck Estrada;TSN Pitcher of the Year;1;1
346221;Johnny Estrada;Silver Slugger;1;2
346221;Johnny Estrada;TSN All-Star;1;2
346233;Andre Ethier;Gold Glove;1;6
346233;Andre Ethier;Player of the Week;4;6
346233;Andre Ethier;Silver Slugger;1;6
346234;Nick Etten;Baseball Magazine All-Star;1;1
346258;Darrell Evans;Player of the Month;1;6
346258;Darrell Evans;Player of the Week;4;6
346258;Darrell Evans;TSN All-Star;1;6
346260;Dwight Evans;Gold Glove;8;20
346260;Dwight Evans;Player of the Month;2;20
346260;Dwight Evans;Player of the Week;5;20
346260;Dwight Evans;Silver Slugger;2;20
346260;Dwight Evans;TSN All-Star;3;20
346279;Carl Everett;Player of the Week;2;2
346289;Johnny Evers;Baseball Magazine All-Star;6;7
346289;Johnny Evers;Most Valuable Player;1;7
346308;Red Faber;Baseball Magazine All-Star;2;2
346313;Roy Face;TSN Fireman of the Year;1;1
346328;Ferris Fain;Baseball Magazine All-Star;1;4
346328;Ferris Fain;TSN All-Star;2;4
346328;Ferris Fain;TSN Player of the Year;1;4
346343;Cy Falkenberg;Baseball Magazine All-Star;1;1
346401;Jeff Fassero;Pitcher of the Month;3;3
346432;Mike Felder;Player of the Week;2;2
346441;Junior Felix;Player of the Week;3;3
346443;Neftali Feliz;Rookie of the Month;1;2
346443;Neftali Feliz;Rookie of the Year;1;2
346444;Pedro Feliz;Player of the Week;1;2
346444;Pedro Feliz;Rookie of the Month;1;2
346445;Bob Feller;Baseball Magazine All-Star;10;18
346445;Bob Feller;Pitching Triple Crown;1;18
346445;Bob Feller;TSN All-Star;5;18
346445;Bob Feller;TSN Major League Player of the Year;1;18
346445;Bob Feller;TSN Pitcher of the Year;1;18
346447;Happy Felsch;Baseball Magazine All-Star;1;1
346469;Alex Fernandez;MLB Players Choice Comeback Player;1;2
346469;Alex Fernandez;Pitcher of the Month;1;2
346477;Jose Fernandez;MLB Players Choice Comeback Player;1;13
346477;Jose Fernandez;MLB Players Choice Outstanding Rookie;1;13
346477;Jose Fernandez;Pitcher of the Month;1;13
346477;Jose Fernandez;Player of the Week;4;13
346477;Jose Fernandez;Rookie of the Month;2;13
346477;Jose Fernandez;Rookie of the Year;1;13
346477;Jose Fernandez;TSN Comeback Player of the Year;1;13
346477;Jose Fernandez;TSN Rookie of the Year;1;13
346477;Jose Fernandez;This Year in Baseball Rookie of the Year;1;13
346488;Sid Fernandez;Pitcher of the Month;2;3
346488;Sid Fernandez;Player of the Week;1;3
346489;Tony Fernandez;Gold Glove;4;6
346489;Tony Fernandez;Player of the Week;1;6
346489;Tony Fernandez;TSN All-Star;1;6
346504;Wes Ferrell;Baseball Magazine All-Star;9;10
346504;Wes Ferrell;TSN All-Star;1;10
346507;Dave Ferriss;Baseball Magazine All-Star;3;5
346507;Dave Ferriss;TSN All-Star;2;5
346516;Lou Fette;Baseball Magazine All-Star;2;2
346527;Robert Fick;Player of the Week;1;1
346528;Mark Fidrych;Player of the Month;1;4
346528;Mark Fidrych;Player of the Week;1;4
346528;Mark Fidrych;Rookie of the Year;1;4
346528;Mark Fidrych;TSN Rookie Pitcher of the Year;1;4
346532;Cecil Fielder;Babe Ruth Award;1;10
346532;Cecil Fielder;Player of the Month;1;10
346532;Cecil Fielder;Player of the Week;3;10
346532;Cecil Fielder;Silver Slugger;2;10
346532;Cecil Fielder;TSN All-Star;2;10
346532;Cecil Fielder;TSN Player of the Year;1;10
346539;Josh Fields;Player of the Week;1;1
346543;Prince Fielder;All-Star Game MVP;1;19
346543;Prince Fielder;Comeback Player of the Year;1;19
346543;Prince Fielder;Hank Aaron Award;1;19
346543;Prince Fielder;MLB Players Choice Comeback Player;1;19
346543;Prince Fielder;MLB Players Choice Outstanding Player;1;19
346543;Prince Fielder;Player of the Month;2;19
346543;Prince Fielder;Player of the Week;6;19
346543;Prince Fielder;Rookie of the Month;1;19
346543;Prince Fielder;Silver Slugger;3;19
346543;Prince Fielder;TSN All-Star;1;19
346543;Prince Fielder;TSN Comeback Player of the Year;1;19
346549;Mike Fiers;Player of the Week;2;2
346561;Ed Figueroa;Player of the Week;1;1
346570;Tom Filer;Player of the Week;1;1
346585;Rollie Fingers;Cy Young Award;1;13
346585;Rollie Fingers;Most Valuable Player;1;13
346585;Rollie Fingers;Player of the Week;2;13
346585;Rollie Fingers;Reliever of the Year Award;4;13
346585;Rollie Fingers;TSN Fireman of the Year;4;13
346585;Rollie Fingers;World Series MVP;1;13
346591;Chuck Finley;Pitcher of the Month;4;8
346591;Chuck Finley;Player of the Week;2;8
346591;Chuck Finley;TSN All-Star;2;8
346593;Steve Finley;Gold Glove;5;10
346593;Steve Finley;Player of the Week;5;10
346632;Eddie Fisher;TSN Fireman of the Year;1;1
346652;Carlton Fisk;Bob Feller Act of Valor Award - HOF Player;1;17
346652;Carlton Fisk;Gold Glove;1;17
346652;Carlton Fisk;Player of the Week;5;17
346652;Carlton Fisk;Rookie of the Year;1;17
346652;Carlton Fisk;Silver Slugger;3;17
346652;Carlton Fisk;TSN All-Star;5;17
346652;Carlton Fisk;TSN Rookie Player of the Year;1;17
346655;Doug Fister;Pitcher of the Month;1;1
346675;Tyler Fitzgerald;Rookie of the Month;1;1
346678;Al Fitzmorris;Player of the Week;1;1
346681;Freddie Fitzsimmons;Baseball Magazine All-Star;1;1
346687;Jack Flaherty;All-MLB Team - Second Team;1;3
346687;Jack Flaherty;Pitcher of the Month;2;3
346696;Mike Flanagan;Cy Young Award;1;3
346696;Mike Flanagan;TSN All-Star;1;3
346696;Mike Flanagan;TSN Pitcher of the Year;1;3
346710;Dave Fleming;TSN All-Star;1;1
346719;David Fletcher;Player of the Week;1;1
346726;Scott Fletcher;Player of the Month;1;1
346737;Curt Flood;Gold Glove;7;8
346737;Curt Flood;TSN All-Star;1;8
346766;Cliff Floyd;Player of the Week;2;2
346767;Gavin Floyd;Pitcher of the Month;1;1
346773;Doug Flynn;Gold Glove;1;2
346773;Doug Flynn;Player of the Week;1;2
346800;Lew Fonseca;Baseball Magazine All-Star;1;1
346808;Barry Foote;Player of the Week;1;1
346819;Dan Ford;Player of the Week;1;1
346830;Lew Ford;Player of the Week;1;1
346837;Whitey Ford;Babe Ruth Award;1;11
346837;Whitey Ford;Cy Young Award;1;11
346837;Whitey Ford;TSN All-Star;4;11
346837;Whitey Ford;TSN Pitcher of the Year;3;11
346837;Whitey Ford;TSN Rookie of the Year;1;11
346837;Whitey Ford;World Series MVP;1;11
346847;Mike Fornieles;TSN Fireman of the Year;1;1
346850;Bob Forsch;Player of the Week;2;4
346850;Bob Forsch;Silver Slugger;2;4
346851;Ken Forsch;Pitcher of the Month;1;2
346851;Ken Forsch;Player of the Week;1;2
346853;Terry Forster;Player of the Week;1;2
346853;Terry Forster;TSN Fireman of the Year;1;2
346856;Logan Forsythe;Player of the Week;1;1
346865;Ray Fosse;Gold Glove;2;3
346865;Ray Fosse;TSN All-Star;1;3
346874;George Foster;All-Star Game MVP;1;20
346874;George Foster;Most Valuable Player;1;20
346874;George Foster;Player of the Month;6;20
346874;George Foster;Player of the Week;5;20
346874;George Foster;Silver Slugger;1;20
346874;George Foster;TSN All-Star;4;20
346874;George Foster;TSN Player of the Year;2;20
346885;Roy Foster;TSN Rookie Player of the Year;1;1
346892;Keith Foulke;Babe Ruth Award;1;3
346892;Keith Foulke;Reliever of the Year Award;1;3
346892;Keith Foulke;TSN Reliever of the Year;1;3
346922;Nellie Fox;Gold Glove;3;9
346922;Nellie Fox;Most Valuable Player;1;9
346922;Nellie Fox;TSN All-Star;4;9
346922;Nellie Fox;TSN Player of the Year;1;9
346924;Pete Fox;Baseball Magazine All-Star;2;2
346926;Jimmie Foxx;Baseball Magazine All-Star;10;22
346926;Jimmie Foxx;Most Valuable Player;3;22
346926;Jimmie Foxx;TSN All-Star;5;22
346926;Jimmie Foxx;TSN Guide MVP;3;22
346926;Jimmie Foxx;Triple Crown;1;22
346933;Bowden Francis;Pitcher of the Month;1;2
346933;Bowden Francis;Player of the Week;1;2
346936;Frank Francisco;Rookie of the Month;1;1
346938;Jeff Francoeur;Gold Glove;1;1
346939;John Franco;Lou Gehrig Memorial Award;1;9
346939;John Franco;Pitcher of the Month;1;9
346939;John Franco;Player of the Week;2;9
346939;John Franco;Reliever of the Year Award;2;9
346939;John Franco;TSN Fireman of the Year;3;9
346941;Julio Franco;All-Star Game MVP;1;9
346941;Julio Franco;Silver Slugger;5;9
346941;Julio Franco;TSN All-Star;3;9
346944;Maikel Franco;Rookie of the Month;1;1
346950;Ty France;Gold Glove;1;3
346950;Ty France;Player of the Week;2;3
346964;Ryan Franklin;Reliever of the Month;1;2
346964;Ryan Franklin;TSN Reliever of the Year;1;2
346975;Adam Frazier;Player of the Week;1;1
346984;Todd Frazier;MLB Players Choice Outstanding Rookie;1;3
346984;Todd Frazier;Player of the Week;1;3
346984;Todd Frazier;Rookie of the Month;1;3
346990;Bill Freehan;Gold Glove;5;9
346990;Bill Freehan;TSN All-Star;4;9
347001;Freddie Freeman;All-MLB Team - First Team;2;36
347001;Freddie Freeman;All-MLB Team - Second Team;3;36
347001;Freddie Freeman;Babe Ruth Award;1;36
347001;Freddie Freeman;Gold Glove;1;36
347001;Freddie Freeman;Hank Aaron Award;1;36
347001;Freddie Freeman;MLB Players Choice Outstanding Player;1;36
347001;Freddie Freeman;MLB Players Choice Player of the Year;1;36
347001;Freddie Freeman;Most Valuable Player;1;36
347001;Freddie Freeman;Player of the Month;4;36
347001;Freddie Freeman;Player of the Week;10;36
347001;Freddie Freeman;Rookie of the Month;1;36
347001;Freddie Freeman;Silver Slugger;3;36
347001;Freddie Freeman;TSN All-Star;6;36
347001;Freddie Freeman;World Series MVP;1;36
347015;David Freese;Babe Ruth Award;1;6
347015;David Freese;NLCS MVP;1;6
347015;David Freese;Player of the Week;1;6
347015;David Freese;This Year in Baseball Postseason MVP;1;6
347015;David Freese;This Year in Baseball Postseason Moment of the Year;1;6
347015;David Freese;World Series MVP;1;6
347019;Jim Fregosi;Gold Glove;1;3
347019;Jim Fregosi;TSN All-Star;2;3
347022;Nate Freiman;Rookie of the Month;1;1
347024;Dave Freisleben;Player of the Week;1;1
347027;Sal Frelick;Gold Glove;1;1
347031;Larry French;Baseball Magazine All-Star;1;1
347039;Lonny Frey;Baseball Magazine All-Star;1;1
347053;Max Fried;All-MLB Team - First Team;2;12
347053;Max Fried;All-MLB Team - Second Team;2;12
347053;Max Fried;Gold Glove;4;12
347053;Max Fried;Pitcher of the Month;3;12
347053;Max Fried;Silver Slugger;1;12
347057;Bob Friend;TSN All-Star;1;1
347067;Frankie Frisch;Baseball Magazine All-Star;12;15
347067;Frankie Frisch;Most Valuable Player;1;15
347067;Frankie Frisch;TSN All-Star;2;15
347089;Travis Fryman;Gold Glove;1;7
347089;Travis Fryman;Player of the Week;2;7
347089;Travis Fryman;Silver Slugger;1;7
347089;Travis Fryman;TSN All-Star;3;7
347090;Woodie Fryman;Player of the Week;1;1
347096;Joshua Fuentes;Player of the Week;1;1
347128;Michael Fulmer;MLB Players Choice Outstanding Rookie;1;3
347128;Michael Fulmer;Rookie of the Year;1;3
347128;Michael Fulmer;TSN Rookie of the Year;1;3
347141;Rafael Furcal;MLB Players Choice Outstanding Rookie;1;6
347141;Rafael Furcal;Player of the Week;2;6
347141;Rafael Furcal;Rookie of the Year;1;6
347141;Rafael Furcal;TSN Rookie Player of the Year;1;6
347141;Rafael Furcal;This Year in Baseball Play of the Year;1;6
347142;Carl Furillo;Baseball Magazine All-Star;2;3
347142;Carl Furillo;TSN All-Star;1;3
347161;Gary Gaetti;ALCS MVP;1;8
347161;Gary Gaetti;Gold Glove;4;8
347161;Gary Gaetti;Player of the Week;2;8
347161;Gary Gaetti;Silver Slugger;1;8
347168;Eric Gagne;Cy Young Award;1;9
347168;Eric Gagne;MLB Players Choice Outstanding Pitcher;1;9
347168;Eric Gagne;Pitcher of the Month;1;9
347168;Eric Gagne;Player of the Week;1;9
347168;Eric Gagne;Reliever of the Year Award;2;9
347168;Eric Gagne;TSN All-Star;1;9
347168;Eric Gagne;TSN Pitcher of the Year;1;9
347168;Eric Gagne;TSN Reliever of the Year;1;9
347169;Greg Gagne;Player of the Week;1;1
347186;Andres Galarraga;Gold Glove;2;14
347186;Andres Galarraga;MLB Players Choice Comeback Player;1;14
347186;Andres Galarraga;Player of the Month;2;14
347186;Andres Galarraga;Player of the Week;5;14
347186;Andres Galarraga;Silver Slugger;2;14
347186;Andres Galarraga;TSN Comeback Player of the Year;2;14
347187;Armando Galarraga;Player of the Week;1;2
347187;Armando Galarraga;This Year in Baseball Performance of the Year;1;2
347192;Rich Gale;TSN Rookie Pitcher of the Year;1;1
347209;Yovani Gallardo;Silver Slugger;1;1
347213;Zac Gallen;All-MLB Team - First Team;1;4
347213;Zac Gallen;Pitcher of the Month;1;4
347213;Zac Gallen;Player of the Week;2;4
347221;Joey Gallo;Gold Glove;2;3
347221;Joey Gallo;Player of the Week;1;3
347233;Oscar Gamble;Player of the Week;3;3
347252;Jim Gantner;Player of the Week;2;2
347253;Ron Gant;Player of the Week;1;4
347253;Ron Gant;Silver Slugger;1;4
347253;Ron Gant;TSN All-Star;1;4
347253;Ron Gant;TSN Comeback Player of the Year;1;4
347271;Adolis Garcia;ALCS MVP;1;8
347271;Adolis Garcia;All-MLB Team - Second Team;1;8
347271;Adolis Garcia;Babe Ruth Award;1;8
347271;Adolis Garcia;Gold Glove;1;8
347271;Adolis Garcia;Player of the Week;2;8
347271;Adolis Garcia;Rookie of the Month;1;8
347271;Adolis Garcia;TSN Rookie of the Year;1;8
347285;Damaso Garcia;Silver Slugger;1;3
347285;Damaso Garcia;TSN All-Star;2;3
347293;Freddy Garcia;Pitcher of the Month;1;1
347298;Jaime Garcia;Player of the Week;1;1
347305;Karim Garcia;Player of the Week;1;1
347314;Maikel Garcia;Gold Glove;1;1
347318;Nomar Garciaparra;Comeback Player of the Year;1;17
347318;Nomar Garciaparra;MLB Players Choice Comeback Player;1;17
347318;Nomar Garciaparra;MLB Players Choice Outstanding Rookie;1;17
347318;Nomar Garciaparra;Player of the Month;1;17
347318;Nomar Garciaparra;Player of the Week;7;17
347318;Nomar Garciaparra;Rookie of the Year;1;17
347318;Nomar Garciaparra;Silver Slugger;1;17
347318;Nomar Garciaparra;TSN All-Star;2;17
347318;Nomar Garciaparra;TSN Comeback Player of the Year;1;17
347318;Nomar Garciaparra;TSN Rookie Player of the Year;1;17
347347;Brett Gardner;Gold Glove;1;4
347347;Brett Gardner;Player of the Week;3;4
347356;Larry Gardner;Baseball Magazine All-Star;5;5
347369;Jon Garland;Pitcher of the Month;1;2
347369;Jon Garland;Player of the Week;1;2
347378;Phil Garner;Player of the Week;4;4
347386;Scott Garrelts;Player of the Week;3;3
347390;Wayne Garrett;Player of the Week;1;1
347401;Ralph Garr;Player of the Month;1;3
347401;Ralph Garr;Player of the Week;2;3
347404;Mitch Garver;Silver Slugger;1;1
347406;Steve Garvey;All-Star Game MVP;2;20
347406;Steve Garvey;Gold Glove;4;20
347406;Steve Garvey;Lou Gehrig Memorial Award;1;20
347406;Steve Garvey;Most Valuable Player;1;20
347406;Steve Garvey;NLCS MVP;2;20
347406;Steve Garvey;Player of the Month;1;20
347406;Steve Garvey;Player of the Week;4;20
347406;Steve Garvey;Roberto Clemente Award;1;20
347406;Steve Garvey;TSN All-Star;4;20
347412;Matt Garza;ALCS MVP;1;2
347412;Matt Garza;Player of the Week;1;2
347437;Evan Gattis;Player of the Week;1;3
347437;Evan Gattis;Rookie of the Month;2;3
347440;Chad Gaudin;Player of the Week;1;1
347442;Kevin Gausman;All-MLB Team - Second Team;2;4
347442;Kevin Gausman;Pitcher of the Month;1;4
347442;Kevin Gausman;Player of the Week;1;4
347464;Rich Gedman;TSN All-Star;1;2
347464;Rich Gedman;TSN Rookie Player of the Year;1;2
347473;Charlie Gehringer;Baseball Magazine All-Star;16;24
347473;Charlie Gehringer;Most Valuable Player;1;24
347473;Charlie Gehringer;TSN All-Star;6;24
347473;Charlie Gehringer;TSN Guide MVP;1;24
347475;Lou Gehrig;Baseball Magazine All-Star;13;25
347475;Lou Gehrig;Most Valuable Player;2;25
347475;Lou Gehrig;TSN All-Star;6;25
347475;Lou Gehrig;TSN Guide MVP;3;25
347475;Lou Gehrig;Triple Crown;1;25
347485;Zack Gelof;Rookie of the Month;1;1
347489;Scooter Gennett;Player of the Month;1;4
347489;Scooter Gennett;Player of the Week;3;4
347523;Domingo German;Player of the Week;1;1
347532;Cesar Geronimo;Gold Glove;4;4
347534;Jody Gerut;TSN Rookie Player of the Year;1;1
347553;Jason Giambi;Comeback Player of the Year;1;17
347553;Jason Giambi;Hutch Award;1;17
347553;Jason Giambi;MLB Players Choice Comeback Player;1;17
347553;Jason Giambi;Most Valuable Player;1;17
347553;Jason Giambi;Player of the Month;6;17
347553;Jason Giambi;Player of the Week;3;17
347553;Jason Giambi;Silver Slugger;2;17
347553;Jason Giambi;TSN All-Star;1;17
347553;Jason Giambi;TSN Comeback Player of the Year;1;17
347570;Bob Gibson;Babe Ruth Award;1;19
347570;Bob Gibson;Cy Young Award;2;19
347570;Bob Gibson;Gold Glove;9;19
347570;Bob Gibson;Most Valuable Player;1;19
347570;Bob Gibson;TSN All-Star;2;19
347570;Bob Gibson;TSN Pitcher of the Year;2;19
347570;Bob Gibson;World Series MVP;2;19
347577;George Gibson;Baseball Magazine All-Star;4;4
347580;Kirk Gibson;ALCS MVP;1;10
347580;Kirk Gibson;Most Valuable Player;1;10
347580;Kirk Gibson;Player of the Week;7;10
347580;Kirk Gibson;Silver Slugger;1;10
347611;Logan Gilbert;Pitcher of the Month;1;2
347611;Logan Gilbert;Player of the Week;1;2
347616;Tyler Gilbert;Player of the Week;1;1
347625;Brian Giles;Player of the Week;5;5
347628;Marcus Giles;TSN All-Star;1;1
347663;Jim Gilliam;Rookie of the Year;1;3
347663;Jim Gilliam;TSN All-Star;1;3
347663;Jim Gilliam;TSN Rookie of the Year;1;3
347671;Luis Gil;Pitcher of the Month;1;3
347671;Luis Gil;Rookie of the Month;1;3
347671;Luis Gil;Rookie of the Year;1;3
347686;Andres Gimenez;All-MLB Team - Second Team;1;6
347686;Andres Gimenez;Gold Glove;3;6
347686;Andres Gimenez;Platinum Glove;1;6
347686;Andres Gimenez;TSN All-Star;1;6
347696;Keith Ginter;Player of the Week;1;1
347698;Lucas Giolito;Pitcher of the Month;1;3
347698;Lucas Giolito;Player of the Week;2;3
347713;Dave Giusti;TSN Fireman of the Year;1;1
347717;Dan Gladden;Player of the Week;3;3
347727;Tyler Glasnow;Pitcher of the Month;2;3
347727;Tyler Glasnow;TSN Comeback Player of the Year;1;3
347734;Troy Glaus;Babe Ruth Award;1;10
347734;Troy Glaus;Player of the Month;1;10
347734;Troy Glaus;Player of the Week;4;10
347734;Troy Glaus;Silver Slugger;2;10
347734;Troy Glaus;TSN All-Star;1;10
347734;Troy Glaus;World Series MVP;1;10
347738;Tom Glavine;Babe Ruth Award;1;21
347738;Tom Glavine;Cy Young Award;2;21
347738;Tom Glavine;Pitcher of the Month;4;21
347738;Tom Glavine;Player of the Week;3;21
347738;Tom Glavine;Silver Slugger;4;21
347738;Tom Glavine;TSN All-Star;4;21
347738;Tom Glavine;TSN Pitcher of the Year;2;21
347738;Tom Glavine;World Series MVP;1;21
347767;Ross Gload;Rookie of the Month;1;1
347817;Paul Goldschmidt;All-MLB Team - First Team;1;25
347817;Paul Goldschmidt;Gold Glove;4;25
347817;Paul Goldschmidt;Hank Aaron Award;2;25
347817;Paul Goldschmidt;Lou Gehrig Memorial Award;1;25
347817;Paul Goldschmidt;MLB Players Choice Outstanding Player;1;25
347817;Paul Goldschmidt;Most Valuable Player;1;25
347817;Paul Goldschmidt;Player of the Month;3;25
347817;Paul Goldschmidt;Player of the Week;6;25
347817;Paul Goldschmidt;Silver Slugger;5;25
347817;Paul Goldschmidt;TSN All-Star;1;25
347831;Yan Gomes;Silver Slugger;1;2
347831;Yan Gomes;TSN All-Star;1;2
347833;Carlos Gomez;Gold Glove;1;4
347833;Carlos Gomez;Player of the Week;3;4
347839;Lefty Gomez;Baseball Magazine All-Star;7;11
347839;Lefty Gomez;Pitching Triple Crown;2;11
347839;Lefty Gomez;TSN All-Star;2;11
347854;Adrian Gonzalez;Gold Glove;4;16
347854;Adrian Gonzalez;Player of the Month;2;16
347854;Adrian Gonzalez;Player of the Week;8;16
347854;Adrian Gonzalez;Silver Slugger;2;16
347856;Alex Gonzalez;Player of the Week;1;1
347860;Carlos Gonzalez;Gold Glove;3;13
347860;Carlos Gonzalez;MLB Players Choice Outstanding Player;1;13
347860;Carlos Gonzalez;MLB Players Choice Player of the Year;1;13
347860;Carlos Gonzalez;Player of the Month;1;13
347860;Carlos Gonzalez;Player of the Week;5;13
347860;Carlos Gonzalez;Silver Slugger;2;13
347875;Gio Gonzalez;Pitcher of the Month;1;2
347875;Gio Gonzalez;Player of the Week;1;2
347878;Jose Gonzalez;Player of the Week;1;1
347881;Juan Gonzalez;Most Valuable Player;2;19
347881;Juan Gonzalez;Player of the Month;2;19
347881;Juan Gonzalez;Player of the Week;5;19
347881;Juan Gonzalez;Silver Slugger;6;19
347881;Juan Gonzalez;TSN All-Star;4;19
347884;Luis Gonzalez;Branch Rickey Award;1;9
347884;Luis Gonzalez;Player of the Month;2;9
347884;Luis Gonzalez;Player of the Week;4;9
347884;Luis Gonzalez;Silver Slugger;1;9
347884;Luis Gonzalez;TSN All-Star;1;9
347886;Luis Gonzalez;Rookie of the Month;1;1
347916;Dwight Gooden;Cy Young Award;1;17
347916;Dwight Gooden;Pitcher of the Month;4;17
347916;Dwight Gooden;Pitching Triple Crown;1;17
347916;Dwight Gooden;Player of the Week;6;17
347916;Dwight Gooden;Rookie of the Year;1;17
347916;Dwight Gooden;Silver Slugger;1;17
347916;Dwight Gooden;TSN All-Star;1;17
347916;Dwight Gooden;TSN Pitcher of the Year;1;17
347916;Dwight Gooden;TSN Rookie Pitcher of the Year;1;17
347924;Hunter Goodman;Player of the Week;1;2
347924;Hunter Goodman;Silver Slugger;1;2
347925;Ival Goodman;Baseball Magazine All-Star;1;1
347947;Alex Gordon;Gold Glove;8;11
347947;Alex Gordon;Hutch Award;1;11
347947;Alex Gordon;Platinum Glove;2;11
347951;Dee Strange-Gordon;Gold Glove;1;3
347951;Dee Strange-Gordon;Hutch Award;1;3
347951;Dee Strange-Gordon;Silver Slugger;1;3
347954;Joe Gordon;Baseball Magazine All-Star;13;21
347954;Joe Gordon;Most Valuable Player;1;21
347954;Joe Gordon;TSN All-Star;6;21
347954;Joe Gordon;TSN Guide MVP;1;21
347959;Sid Gordon;Baseball Magazine All-Star;1;1
347961;Tom Gordon;Reliever of the Year Award;1;3
347961;Tom Gordon;TSN Fireman of the Year;1;3
347961;Tom Gordon;TSN Rookie Pitcher of the Year;1;3
347974;Nolan Gorman;Player of the Week;1;1
347985;Tom Gorzelanny;Player of the Week;1;1
347989;Goose Goslin;Baseball Magazine All-Star;2;4
347989;Goose Goslin;TSN All-Star;2;4
347991;Rich Gossage;Pitcher of the Month;1;5
347991;Rich Gossage;Player of the Week;1;5
347991;Rich Gossage;Reliever of the Year Award;1;5
347991;Rich Gossage;TSN Fireman of the Year;2;5
348006;Yuli Gurriel;Gold Glove;1;5
348006;Yuli Gurriel;Player of the Month;1;5
348006;Yuli Gurriel;Player of the Week;2;5
348006;Yuli Gurriel;Rookie of the Month;1;5
348009;Hank Gowdy;Baseball Magazine All-Star;1;1
348023;Mark Grace;Gold Glove;4;9
348023;Mark Grace;Player of the Month;1;9
348023;Mark Grace;Player of the Week;2;9
348023;Mark Grace;TSN Rookie Player of the Year;1;9
348023;Mark Grace;This Year in Baseball Oddity of the Year;1;9
348061;Curtis Granderson;Lou Gehrig Memorial Award;1;11
348061;Curtis Granderson;MLB Players Choice Man of the Year;4;11
348061;Curtis Granderson;MLB Players Choice Outstanding Player;1;11
348061;Curtis Granderson;Player of the Month;1;11
348061;Curtis Granderson;Player of the Week;1;11
348061;Curtis Granderson;Roberto Clemente Award;1;11
348061;Curtis Granderson;Silver Slugger;1;11
348061;Curtis Granderson;This Year in Baseball Play of the Year;1;11
348062;Yasmani Grandal;All-MLB Team - Second Team;1;1
348065;Wayne Granger;TSN Fireman of the Year;2;2
348077;Mudcat Grant;TSN All-Star;1;2
348077;Mudcat Grant;TSN Pitcher of the Year;1;2
348091;Danny Graves;Lou Gehrig Memorial Award;1;1
348106;Sam Gray;Baseball Magazine All-Star;1;1
348113;Jon Gray;Bob Feller Act of Valor Award - MLB Player;1;1
348118;Sonny Gray;All-MLB Team - Second Team;1;4
348118;Sonny Gray;Pitcher of the Month;2;4
348118;Sonny Gray;Player of the Week;1;4
348140;Dick Green;Babe Ruth Award;1;1
348146;Hank Greenberg;Baseball Magazine All-Star;6;12
348146;Hank Greenberg;Most Valuable Player;2;12
348146;Hank Greenberg;TSN All-Star;2;12
348146;Hank Greenberg;TSN Guide MVP;2;12
348149;Hunter Greene;Player of the Week;1;1
348160;Khalil Greene;Rookie of the Month;2;2
348163;Mike Greenwell;Player of the Month;1;5
348163;Mike Greenwell;Player of the Week;2;5
348163;Mike Greenwell;Silver Slugger;1;5
348163;Mike Greenwell;TSN All-Star;1;5
348171;Riley Greene;Player of the Week;1;2
348171;Riley Greene;Silver Slugger;1;2
348174;Shawn Green;Gold Glove;1;5
348174;Shawn Green;Player of the Week;2;5
348174;Shawn Green;Silver Slugger;1;5
348174;Shawn Green;TSN All-Star;1;5
348175;Shane Greene;Reliever of the Month;1;1
348178;Tommy Greene;Pitcher of the Month;1;3
348178;Tommy Greene;Player of the Week;2;3
348183;Willie Greene;Player of the Week;1;1
348190;Rusty Greer;Player of the Week;1;1
348196;Vean Gregg;Baseball Magazine All-Star;2;2
348197;Didi Gregorius;Player of the Month;1;2
348197;Didi Gregorius;Player of the Week;1;2
348206;Zack Greinke;All-MLB Team - Second Team;1;20
348206;Zack Greinke;Cy Young Award;1;20
348206;Zack Greinke;Gold Glove;6;20
348206;Zack Greinke;MLB Players Choice Outstanding Pitcher;2;20
348206;Zack Greinke;Pitcher of the Month;3;20
348206;Zack Greinke;Player of the Week;3;20
348206;Zack Greinke;Silver Slugger;2;20
348206;Zack Greinke;TSN Pitcher of the Year;1;20
348206;Zack Greinke;This Year in Baseball Starter of the Year;1;20
348213;Bobby Grich;Gold Glove;4;9
348213;Bobby Grich;Player of the Week;1;9
348213;Bobby Grich;Silver Slugger;1;9
348213;Bobby Grich;TSN All-Star;3;9
348217;Ben Grieve;MLB Players Choice Outstanding Rookie;1;3
348217;Ben Grieve;Rookie of the Year;1;3
348217;Ben Grieve;TSN Rookie Player of the Year;1;3
348220;Alfredo Griffin;Gold Glove;1;3
348220;Alfredo Griffin;Player of the Month;1;3
348220;Alfredo Griffin;Rookie of the Year;1;3
348227;Doug Griffin;Gold Glove;1;1
348236;Ken Griffey;All-Star Game MVP;1;3
348236;Ken Griffey;Player of the Week;1;3
348236;Ken Griffey;TSN All-Star;1;3
348237;Ken Griffey;All-Star Game MVP;1;44
348237;Ken Griffey;Comeback Player of the Year;1;44
348237;Ken Griffey;Gold Glove;10;44
348237;Ken Griffey;MLB Players Choice Comeback Player;1;44
348237;Ken Griffey;MLB Players Choice Outstanding Player;1;44
348237;Ken Griffey;Most Valuable Player;1;44
348237;Ken Griffey;Player of the Month;2;44
348237;Ken Griffey;Player of the Week;10;44
348237;Ken Griffey;Silver Slugger;7;44
348237;Ken Griffey;TSN All-Star;8;44
348237;Ken Griffey;TSN Comeback Player of the Year;1;44
348237;Ken Griffey;TSN Major League Player of the Year;1;44
348250;Tom Griffin;TSN Rookie Pitcher of the Year;1;1
348258;Jason Grilli;Reliever of the Month;2;2
348260;Bob Grim;Rookie of the Year;1;2
348260;Bob Grim;TSN Rookie of the Year;1;2
348262;Burleigh Grimes;Baseball Magazine All-Star;10;11
348262;Burleigh Grimes;TSN All-Star;1;11
348270;Charlie Grimm;Baseball Magazine All-Star;2;2
348271;Justin Grimm;Rookie of the Month;1;1
348275;Ross Grimsley;Pitcher of the Month;1;1
348277;Trent Grisham;Gold Glove;2;2
348280;Marquis Grissom;ALCS MVP;1;5
348280;Marquis Grissom;Gold Glove;4;5
348282;Dick Groat;Lou Gehrig Memorial Award;1;5
348282;Dick Groat;Most Valuable Player;1;5
348282;Dick Groat;TSN All-Star;2;5
348282;Dick Groat;TSN Player of the Year;1;5
348285;Heinie Groh;Baseball Magazine All-Star;8;8
348287;Steve Gromek;Baseball Magazine All-Star;1;1
348298;Greg Gross;TSN Rookie Player of the Year;1;1
348300;Kevin Gross;Player of the Week;1;1
348314;Lefty Grove;Baseball Magazine All-Star;18;26
348314;Lefty Grove;Most Valuable Player;1;26
348314;Lefty Grove;Pitching Triple Crown;2;26
348314;Lefty Grove;TSN All-Star;5;26
348319;Johnny Grubb;Player of the Week;1;1
348324;Kelly Gruber;Gold Glove;1;6
348324;Kelly Gruber;Player of the Month;1;6
348324;Kelly Gruber;Player of the Week;2;6
348324;Kelly Gruber;Silver Slugger;1;6
348324;Kelly Gruber;TSN All-Star;1;6
348325;Mark Grudzielanek;Gold Glove;1;1
348338;Mark Gubicza;Pitcher of the Month;2;3
348338;Mark Gubicza;Player of the Week;1;3
348342;Alex Guerrero;Rookie of the Month;1;1
348354;Pedro Guerrero;Player of the Month;2;11
348354;Pedro Guerrero;Player of the Week;5;11
348354;Pedro Guerrero;Silver Slugger;1;11
348354;Pedro Guerrero;TSN All-Star;2;11
348354;Pedro Guerrero;World Series MVP;1;11
348357;Vladimir Guerrero;MLB Players Choice Comeback Player;1;34
348357;Vladimir Guerrero;Most Valuable Player;1;34
348357;Vladimir Guerrero;Outstanding DH Award;1;34
348357;Vladimir Guerrero;Player of the Month;6;34
348357;Vladimir Guerrero;Player of the Week;10;34
348357;Vladimir Guerrero;Silver Slugger;8;34
348357;Vladimir Guerrero;TSN All-Star;6;34
348357;Vladimir Guerrero;TSN Comeback Player of the Year;1;34
348358;Vladimir Guerrero;ALCS MVP;1;19
348358;Vladimir Guerrero;All-MLB Team - First Team;3;19
348358;Vladimir Guerrero;All-Star Game MVP;1;19
348358;Vladimir Guerrero;Gold Glove;1;19
348358;Vladimir Guerrero;Hank Aaron Award;1;19
348358;Vladimir Guerrero;Player of the Week;6;19
348358;Vladimir Guerrero;Silver Slugger;2;19
348358;Vladimir Guerrero;TSN All-Star;3;19
348358;Vladimir Guerrero;TSN Comeback Player of the Year;1;19
348364;Ron Guidry;Cy Young Award;1;19
348364;Ron Guidry;Gold Glove;5;19
348364;Ron Guidry;Pitcher of the Month;1;19
348364;Ron Guidry;Player of the Month;2;19
348364;Ron Guidry;Player of the Week;3;19
348364;Ron Guidry;Roberto Clemente Award;1;19
348364;Ron Guidry;TSN All-Star;4;19
348364;Ron Guidry;TSN Major League Player of the Year;1;19
348364;Ron Guidry;TSN Pitcher of the Year;1;19
348369;Carlos Guillen;Player of the Week;1;1
348370;Jose Guillen;Player of the Week;2;2
348372;Ozzie Guillen;Gold Glove;1;3
348372;Ozzie Guillen;Rookie of the Year;1;3
348372;Ozzie Guillen;TSN Rookie Player of the Year;1;3
348382;Don Gullett;Player of the Month;1;3
348382;Don Gullett;Player of the Week;1;3
348382;Don Gullett;TSN All-Star;1;3
348385;Bill Gullickson;Pitcher of the Month;2;4
348385;Bill Gullickson;Player of the Week;1;4
348385;Bill Gullickson;TSN Rookie Pitcher of the Year;1;4
348401;Larry Gura;Pitcher of the Month;2;2
348404;Lourdes Gurriel;Player of the Week;2;3
348404;Lourdes Gurriel;Rookie of the Month;1;3
348416;Franklin Gutierrez;Gold Glove;1;1
348426;Cristian Guzman;Player of the Week;1;1
348433;Jose Guzman;TSN Comeback Player of the Year;1;1
348437;Juan Guzman;Pitcher of the Month;1;2
348437;Juan Guzman;TSN Rookie Pitcher of the Year;1;2
348443;Tony Gwynn;Branch Rickey Award;1;36
348443;Tony Gwynn;Gold Glove;5;36
348443;Tony Gwynn;Lou Gehrig Memorial Award;1;36
348443;Tony Gwynn;Player of the Month;5;36
348443;Tony Gwynn;Player of the Week;10;36
348443;Tony Gwynn;Roberto Clemente Award;1;36
348443;Tony Gwynn;Silver Slugger;7;36
348443;Tony Gwynn;TSN All-Star;6;36
348452;Eric Haase;Rookie of the Month;1;1
348453;Moose Haas;Player of the Week;2;2
348468;Stan Hack;Baseball Magazine All-Star;3;6
348468;Stan Hack;TSN All-Star;3;6
348469;Harvey Haddix;Gold Glove;3;3
348471;Josh Hader;All-MLB Team - First Team;3;18
348471;Josh Hader;Reliever of the Month;8;18
348471;Josh Hader;Reliever of the Year Award;3;18
348471;Josh Hader;TSN All-Star;2;18
348471;Josh Hader;TSN Reliever of the Year;2;18
348479;Chick Hafey;Baseball Magazine All-Star;4;4
348483;Travis Hafner;Player of the Month;2;5
348483;Travis Hafner;Player of the Week;3;5
348505;Jesse Haines;Baseball Magazine All-Star;2;2
348537;Ed Halicki;Player of the Week;1;1
348538;Bill Hallahan;Baseball Magazine All-Star;2;2
348542;Roy Halladay;Cy Young Award;2;18
348542;Roy Halladay;MLB Players Choice Outstanding Pitcher;2;18
348542;Roy Halladay;Pitcher of the Month;4;18
348542;Roy Halladay;Player of the Week;5;18
348542;Roy Halladay;TSN All-Star;1;18
348542;Roy Halladay;TSN Pitcher of the Year;2;18
348542;Roy Halladay;This Year in Baseball Postseason Moment of the Year;1;18
348542;Roy Halladay;This Year in Baseball Starter of the Year;1;18
348571;Jimmie Hall;TSN All-Star;1;1
348579;Mel Hall;Player of the Month;1;3
348579;Mel Hall;Player of the Week;2;3
348599;Bob Hamelin;MLB Players Choice Outstanding Rookie;1;4
348599;Bob Hamelin;Player of the Week;1;4
348599;Bob Hamelin;Rookie of the Year;1;4
348599;Bob Hamelin;TSN Rookie Player of the Year;1;4
348600;Cole Hamels;Babe Ruth Award;1;6
348600;Cole Hamels;NLCS MVP;1;6
348600;Cole Hamels;Pitcher of the Month;1;6
348600;Cole Hamels;Player of the Week;2;6
348600;Cole Hamels;World Series MVP;1;6
348604;Billy Hamilton;Rookie of the Month;1;1
348618;Josh Hamilton;ALCS MVP;1;18
348618;Josh Hamilton;Lou Gehrig Memorial Award;1;18
348618;Josh Hamilton;MLB Players Choice Outstanding Player;2;18
348618;Josh Hamilton;Most Valuable Player;1;18
348618;Josh Hamilton;Player of the Month;5;18
348618;Josh Hamilton;Player of the Week;3;18
348618;Josh Hamilton;Rookie of the Month;1;18
348618;Josh Hamilton;Silver Slugger;3;18
348618;Josh Hamilton;TSN Major League Player of the Year;1;18
348626;Atlee Hammaker;Player of the Week;1;1
348629;Chris Hammond;Pitcher of the Month;1;2
348629;Chris Hammond;This Year in Baseball Setup Man of the Year;1;2
348632;Jeffrey Hammonds;Player of the Week;1;1
348637;Granny Hamner;Baseball Magazine All-Star;1;1
348646;Mike Hampton;Gold Glove;1;10
348646;Mike Hampton;MLB Players Choice Outstanding Pitcher;1;10
348646;Mike Hampton;NLCS MVP;1;10
348646;Mike Hampton;Silver Slugger;5;10
348646;Mike Hampton;TSN All-Star;1;10
348646;Mike Hampton;TSN Pitcher of the Year;1;10
348662;Brad Hand;All-MLB Team - Second Team;1;3
348662;Brad Hand;Reliever of the Month;2;3
348682;Mitch Haniger;Player of the Week;1;1
348702;Joel Hanrahan;Reliever of the Month;1;1
348712;Ron Hansen;Rookie of the Year;1;2
348712;Ron Hansen;TSN Rookie of the Year;1;2
348717;Erik Hanson;Pitcher of the Month;1;1
348720;Tommy Hanson;Rookie of the Month;1;1
348723;Ian Happ;Gold Glove;4;5
348723;Ian Happ;Player of the Week;1;5
348724;J. A. Happ;MLB Players Choice Outstanding Rookie;1;3
348724;J. A. Happ;TSN Rookie of the Year;1;3
348724;J. A. Happ;This Year in Baseball Rookie of the Year;1;3
348728;Mel Harder;Baseball Magazine All-Star;2;2
348748;J. J. Hardy;Gold Glove;3;6
348748;J. J. Hardy;Player of the Week;2;6
348748;J. J. Hardy;Silver Slugger;1;6
348753;Dan Haren;Pitcher of the Month;2;3
348753;Dan Haren;Player of the Week;1;3
348760;Mike Hargrove;Rookie of the Year;1;2
348760;Mike Hargrove;TSN Rookie Player of the Year;1;2
348763;Mike Harkey;TSN Rookie Pitcher of the Year;1;1
348779;Brian Harper;Player of the Week;1;1
348781;Bryce Harper;All-MLB Team - First Team;1;31
348781;Bryce Harper;All-MLB Team - Second Team;1;31
348781;Bryce Harper;Hank Aaron Award;2;31
348781;Bryce Harper;MLB Players Choice Outstanding Player;2;31
348781;Bryce Harper;Most Valuable Player;2;31
348781;Bryce Harper;NLCS MVP;1;31
348781;Bryce Harper;Player of the Month;4;31
348781;Bryce Harper;Player of the Week;7;31
348781;Bryce Harper;Rookie of the Month;2;31
348781;Bryce Harper;Rookie of the Year;1;31
348781;Bryce Harper;Silver Slugger;4;31
348781;Bryce Harper;TSN All-Star;4;31
348795;Toby Harrah;Player of the Week;1;2
348795;Toby Harrah;TSN All-Star;1;2
348798;Bud Harrelson;Gold Glove;1;2
348798;Bud Harrelson;TSN All-Star;1;2
348800;Ken Harrelson;TSN All-Star;1;3
348800;Ken Harrelson;TSN Comeback Player of the Year;1;3
348800;Ken Harrelson;TSN Player of the Year;1;3
348854;Josh Harrison;Player of the Month;1;1
348860;Matt Harrison;Pitcher of the Month;1;1
348864;Michael Harris;Player of the Week;2;7
348864;Michael Harris;Rookie of the Month;3;7
348864;Michael Harris;Rookie of the Year;1;7
348864;Michael Harris;TSN All-Star;1;7
348882;Vic Harris;Player of the Week;1;1
348884;Willie Harris;Player of the Week;1;1
348922;Gabby Hartnett;Baseball Magazine All-Star;13;16
348922;Gabby Hartnett;Most Valuable Player;1;16
348922;Gabby Hartnett;TSN All-Star;2;16
348938;Bryan Harvey;Reliever of the Year Award;1;3
348938;Bryan Harvey;TSN Fireman of the Year;1;3
348938;Bryan Harvey;TSN Rookie Pitcher of the Year;1;3
348945;Matt Harvey;Comeback Player of the Year;1;5
348945;Matt Harvey;MLB Players Choice Comeback Player;1;5
348945;Matt Harvey;Pitcher of the Month;1;5
348945;Matt Harvey;Player of the Week;1;5
348945;Matt Harvey;TSN Comeback Player of the Year;1;5
348958;Buddy Hassett;Baseball Magazine All-Star;1;1
348968;Billy Hatcher;Babe Ruth Award;1;2
348968;Billy Hatcher;Player of the Week;1;2
348971;Mickey Hatcher;Player of the Week;1;1
348984;Scott Hatteberg;Player of the Week;2;2
349006;Andy Hawkins;Pitcher of the Month;1;1
349018;Brad Hawpe;Player of the Week;2;2
349030;Charlie Hayes;Player of the Week;1;1
349033;Frankie Hayes;Baseball Magazine All-Star;2;2
349038;Ke'Bryan Hayes;Gold Glove;2;3
349038;Ke'Bryan Hayes;Rookie of the Month;1;3
349040;Von Hayes;Player of the Month;1;6
349040;Von Hayes;Player of the Week;5;6
349068;Chase Headley;Gold Glove;1;5
349068;Chase Headley;Player of the Month;2;5
349068;Chase Headley;Player of the Week;1;5
349068;Chase Headley;Silver Slugger;1;5
349074;Fran Healy;Player of the Week;1;1
349076;Ryon Healy;Rookie of the Month;1;1
349078;Andrew Heaney;Rookie of the Month;1;1
349094;Jeff Heath;Baseball Magazine All-Star;4;4
349110;Adeiny Hechavarria;Player of the Week;1;1
349112;Guy Hecker;Pitching Triple Crown;1;1
349134;Harry Heilmann;Baseball Magazine All-Star;2;2
349136;Jonah Heim;All-MLB Team - Second Team;1;2
349136;Jonah Heim;Gold Glove;1;2
349165;Jeremy Hellickson;Gold Glove;1;4
349165;Jeremy Hellickson;Pitcher of the Month;1;4
349165;Jeremy Hellickson;Rookie of the Month;1;4
349165;Jeremy Hellickson;Rookie of the Year;1;4
349166;Rick Helling;Pitcher of the Month;1;1
349171;Tommy Helms;Gold Glove;2;5
349171;Tommy Helms;Rookie of the Year;1;5
349171;Tommy Helms;TSN All-Star;1;5
349171;Tommy Helms;TSN Rookie Player of the Year;1;5
349173;Ryan Helsley;All-MLB Team - First Team;1;7
349173;Ryan Helsley;All-MLB Team - Second Team;1;7
349173;Ryan Helsley;Reliever of the Month;3;7
349173;Ryan Helsley;TSN All-Star;1;7
349173;Ryan Helsley;TSN Reliever of the Year;1;7
349174;Todd Helton;Gold Glove;3;25
349174;Todd Helton;Hank Aaron Award;1;25
349174;Todd Helton;MLB Players Choice Outstanding Player;1;25
349174;Todd Helton;Player of the Month;4;25
349174;Todd Helton;Player of the Week;6;25
349174;Todd Helton;Silver Slugger;4;25
349174;Todd Helton;TSN All-Star;4;25
349174;Todd Helton;TSN Rookie Player of the Year;1;25
349174;Todd Helton;This Year in Baseball Oddity of the Year;1;25
349180;Roland Hemond;Branch Rickey Award;1;1
349186;Rollie Hemsley;Baseball Magazine All-Star;1;1
349198;Dave Henderson;Player of the Month;1;3
349198;Dave Henderson;Player of the Week;2;3
349200;Gunnar Henderson;MLB Players Choice Outstanding Rookie;1;8
349200;Gunnar Henderson;Player of the Month;1;8
349200;Gunnar Henderson;Player of the Week;2;8
349200;Gunnar Henderson;Rookie of the Month;1;8
349200;Gunnar Henderson;Rookie of the Year;1;8
349200;Gunnar Henderson;Silver Slugger;1;8
349200;Gunnar Henderson;TSN Rookie of the Year;1;8
349210;Rickey Henderson;ALCS MVP;1;16
349210;Rickey Henderson;Gold Glove;1;16
349210;Rickey Henderson;Most Valuable Player;1;16
349210;Rickey Henderson;Player of the Month;1;16
349210;Rickey Henderson;Player of the Week;5;16
349210;Rickey Henderson;Silver Slugger;3;16
349210;Rickey Henderson;TSN All-Star;3;16
349210;Rickey Henderson;TSN Comeback Player of the Year;1;16
349213;Steve Henderson;Player of the Week;2;2
349221;George Hendrick;Player of the Week;3;7
349221;George Hendrick;Silver Slugger;2;7
349221;George Hendrick;TSN All-Star;2;7
349224;Kyle Hendricks;MLB Players Choice Outstanding Pitcher;1;5
349224;Kyle Hendricks;Pitcher of the Month;1;5
349224;Kyle Hendricks;Player of the Week;2;5
349224;Kyle Hendricks;Rookie of the Month;1;5
349225;Liam Hendriks;All-MLB Team - First Team;2;17
349225;Liam Hendriks;All-MLB Team - Second Team;1;17
349225;Liam Hendriks;Comeback Player of the Year;1;17
349225;Liam Hendriks;MLB Players Choice Comeback Player;1;17
349225;Liam Hendriks;Reliever of the Month;4;17
349225;Liam Hendriks;Reliever of the Year Award;2;17
349225;Liam Hendriks;TSN All-Star;3;17
349225;Liam Hendriks;TSN Reliever of the Year;3;17
349234;Tom Henke;Reliever of the Year Award;1;1
349243;Mike Henneman;TSN Rookie Pitcher of the Year;1;1
349255;Tommy Henrich;Baseball Magazine All-Star;4;5
349255;Tommy Henrich;TSN All-Star;1;5
349283;Pat Hentgen;Cy Young Award;1;7
349283;Pat Hentgen;MLB Players Choice Outstanding Pitcher;1;7
349283;Pat Hentgen;Pitcher of the Month;2;7
349283;Pat Hentgen;Player of the Week;1;7
349283;Pat Hentgen;TSN All-Star;1;7
349283;Pat Hentgen;TSN Pitcher of the Year;1;7
349303;Billy Herman;Baseball Magazine All-Star;8;9
349303;Billy Herman;TSN All-Star;1;9
349320;Cesar Hernandez;Gold Glove;1;1
349330;Enzo Hernandez;Player of the Week;1;1
349331;Enrique Hernandez;Player of the Week;1;1
349334;Felix Hernandez;Cy Young Award;1;9
349334;Felix Hernandez;MLB Players Choice Outstanding Pitcher;1;9
349334;Felix Hernandez;Pitcher of the Month;4;9
349334;Felix Hernandez;Player of the Week;2;9
349334;Felix Hernandez;TSN Pitcher of the Year;1;9
349344;Keith Hernandez;Gold Glove;11;26
349344;Keith Hernandez;Most Valuable Player;1;26
349344;Keith Hernandez;Player of the Month;2;26
349344;Keith Hernandez;Player of the Week;4;26
349344;Keith Hernandez;Silver Slugger;2;26
349344;Keith Hernandez;TSN All-Star;5;26
349344;Keith Hernandez;TSN Player of the Year;1;26
349346;Livan Hernandez;NLCS MVP;1;5
349346;Livan Hernandez;Pitcher of the Month;1;5
349346;Livan Hernandez;Player of the Week;1;5
349346;Livan Hernandez;Silver Slugger;1;5
349346;Livan Hernandez;World Series MVP;1;5
349352;Orlando Hernandez;ALCS MVP;1;2
349352;Orlando Hernandez;MLB Players Choice Comeback Player;1;2
349364;Teoscar Hernandez;All-MLB Team - Second Team;2;8
349364;Teoscar Hernandez;Player of the Week;2;8
349364;Teoscar Hernandez;Silver Slugger;3;8
349364;Teoscar Hernandez;TSN All-Star;1;8
349366;Willie Hernandez;Cy Young Award;1;5
349366;Willie Hernandez;Most Valuable Player;1;5
349366;Willie Hernandez;Pitcher of the Month;1;5
349366;Willie Hernandez;TSN All-Star;1;5
349366;Willie Hernandez;TSN Pitcher of the Year;1;5
349373;Larry Herndon;Player of the Week;1;2
349373;Larry Herndon;TSN Rookie Player of the Year;1;2
349410;Tom Herr;Player of the Week;1;2
349410;Tom Herr;TSN All-Star;1;2
349414;Orel Hershiser;ALCS MVP;1;20
349414;Orel Hershiser;Babe Ruth Award;1;20
349414;Orel Hershiser;Cy Young Award;1;20
349414;Orel Hershiser;Gold Glove;1;20
349414;Orel Hershiser;NLCS MVP;1;20
349414;Orel Hershiser;Pitcher of the Month;6;20
349414;Orel Hershiser;Player of the Week;4;20
349414;Orel Hershiser;Silver Slugger;1;20
349414;Orel Hershiser;TSN All-Star;1;20
349414;Orel Hershiser;TSN Major League Player of the Year;1;20
349414;Orel Hershiser;TSN Pitcher of the Year;1;20
349414;Orel Hershiser;World Series MVP;1;20
349419;Buck Herzog;Baseball Magazine All-Star;2;2
349430;Chris Heston;Player of the Week;1;1
349445;Jason Heyward;Gold Glove;5;9
349445;Jason Heyward;Player of the Week;1;9
349445;Jason Heyward;Rookie of the Month;2;9
349445;Jason Heyward;TSN Rookie of the Year;1;9
349462;Jim Hickman;TSN Comeback Player of the Year;1;1
349477;Richard Hidalgo;Player of the Month;1;3
349477;Richard Hidalgo;Player of the Week;2;3
349480;Kirby Higbe;Baseball Magazine All-Star;1;1
349487;Bobby Higginson;Player of the Week;4;4
349493;Pinky Higgins;Baseball Magazine All-Star;3;5
349493;Pinky Higgins;TSN All-Star;2;5
349500;Teddy Higuera;Player of the Week;1;3
349500;Teddy Higuera;TSN All-Star;1;3
349500;Teddy Higuera;TSN Rookie Pitcher of the Year;1;3
349515;Aaron Hill;Comeback Player of the Year;1;5
349515;Aaron Hill;MLB Players Choice Comeback Player;1;5
349515;Aaron Hill;Silver Slugger;2;5
349515;Aaron Hill;TSN Comeback Player of the Year;1;5
349531;John Hiller;Hutch Award;1;3
349531;John Hiller;TSN Comeback Player of the Year;1;3
349531;John Hiller;TSN Fireman of the Year;1;3
349537;Glenallen Hill;Player of the Month;1;1
349550;Ken Hill;Pitcher of the Month;1;1
349561;Rich Hill;Pitcher of the Month;3;3
349578;Rece Hinds;Player of the Week;1;1
349583;Paul Hines;Triple Crown;1;1
349590;Eric Hinske;MLB Players Choice Outstanding Rookie;1;4
349590;Eric Hinske;Rookie of the Month;1;4
349590;Eric Hinske;Rookie of the Year;1;4
349590;Eric Hinske;TSN Rookie Player of the Year;1;4
349603;Larry Hisle;Player of the Week;2;4
349603;Larry Hisle;TSN All-Star;2;4
349607;Sterling Hitchcock;NLCS MVP;1;1
349611;Keston Hiura;Player of the Week;1;2
349611;Keston Hiura;Rookie of the Month;1;2
349623;Butch Hobson;Player of the Week;2;2
349639;Gil Hodges;Baseball Magazine All-Star;1;5
349639;Gil Hodges;Gold Glove;3;5
349639;Gil Hodges;Lou Gehrig Memorial Award;1;5
349655;Nico Hoerner;Gold Glove;2;2
349681;Trevor Hoffman;Bob Feller Act of Valor Award - HOF Player;1;15
349681;Trevor Hoffman;Branch Rickey Award;1;15
349681;Trevor Hoffman;Hutch Award;1;15
349681;Trevor Hoffman;Lou Gehrig Memorial Award;1;15
349681;Trevor Hoffman;Pitcher of the Month;2;15
349681;Trevor Hoffman;Reliever of the Month;4;15
349681;Trevor Hoffman;Reliever of the Year Award;2;15
349681;Trevor Hoffman;TSN Fireman of the Year;2;15
349681;Trevor Hoffman;TSN Reliever of the Year;1;15
349687;Solly Hofman;Baseball Magazine All-Star;1;1
349707;Chris Hoiles;Player of the Month;1;3
349707;Chris Hoiles;Player of the Week;2;3
349727;Al Holland;Player of the Week;1;3
349727;Al Holland;Reliever of the Year Award;1;3
349727;Al Holland;TSN Fireman of the Year;1;3
349734;Greg Holland;Reliever of the Month;4;7
349734;Greg Holland;Reliever of the Year Award;1;7
349734;Greg Holland;TSN Comeback Player of the Year;1;7
349734;Greg Holland;This Year in Baseball Closer of the Year;1;7
349738;Todd Hollandsworth;MLB Players Choice Outstanding Rookie;1;2
349738;Todd Hollandsworth;Rookie of the Year;1;2
349747;Dave Hollins;Player of the Week;2;2
349748;Damon Hollins;Rookie of the Month;1;1
349754;Matt Holliday;NLCS MVP;1;14
349754;Matt Holliday;Player of the Month;1;14
349754;Matt Holliday;Player of the Week;7;14
349754;Matt Holliday;Silver Slugger;4;14
349754;Matt Holliday;TSN All-Star;1;14
349758;Charlie Hollocher;Baseball Magazine All-Star;4;4
349767;Brian Holman;Player of the Week;1;1
349777;Clay Holmes;Reliever of the Month;2;2
349786;Tommy Holmes;Baseball Magazine All-Star;1;4
349786;Tommy Holmes;TSN All-Star;1;4
349786;Tommy Holmes;TSN Guide MVP;1;4
349786;Tommy Holmes;TSN Player of the Year;1;4
349804;Ken Holtzman;TSN All-Star;1;1
349809;Rick Honeycutt;Pitcher of the Month;2;3
349809;Rick Honeycutt;Player of the Week;1;3
349822;Harry Hooper;Baseball Magazine All-Star;1;1
349826;Burt Hooton;NLCS MVP;1;5
349826;Burt Hooton;Pitcher of the Month;3;5
349826;Burt Hooton;Player of the Week;1;5
349859;Bob Horner;Player of the Month;1;7
349859;Bob Horner;Player of the Week;4;7
349859;Bob Horner;Rookie of the Year;1;7
349859;Bob Horner;TSN Rookie Player of the Year;1;7
349864;Rogers Hornsby;Baseball Magazine All-Star;18;27
349864;Rogers Hornsby;Most Valuable Player;2;27
349864;Rogers Hornsby;TSN All-Star;5;27
349864;Rogers Hornsby;Triple Crown;2;27
349871;Cade Horton;TSN Rookie of the Year;1;1
349875;Willie Horton;Outstanding DH Award;2;8
349875;Willie Horton;Player of the Month;1;8
349875;Willie Horton;Player of the Week;2;8
349875;Willie Horton;TSN All-Star;2;8
349875;Willie Horton;TSN Comeback Player of the Year;1;8
349882;Rhys Hoskins;MLB Players Choice Man of the Year;1;3
349882;Rhys Hoskins;Player of the Week;1;3
349882;Rhys Hoskins;Rookie of the Month;1;3
349884;Eric Hosmer;All-Star Game MVP;1;11
349884;Eric Hosmer;Gold Glove;4;11
349884;Eric Hosmer;Player of the Week;2;11
349884;Eric Hosmer;Rookie of the Month;2;11
349884;Eric Hosmer;Silver Slugger;1;11
349884;Eric Hosmer;TSN All-Star;1;11
349894;Charlie Hough;Pitcher of the Month;2;2
349920;Art Houtteman;Baseball Magazine All-Star;1;1
349943;Elston Howard;Babe Ruth Award;1;7
349943;Elston Howard;Gold Glove;2;7
349943;Elston Howard;Most Valuable Player;1;7
349943;Elston Howard;TSN All-Star;3;7
349944;Frank Howard;Rookie of the Year;1;5
349944;Frank Howard;TSN All-Star;3;5
349944;Frank Howard;TSN Rookie of the Year;1;5
349956;Ryan Howard;Hank Aaron Award;1;20
349956;Ryan Howard;MLB Players Choice Outstanding Player;1;20
349956;Ryan Howard;MLB Players Choice Player of the Year;1;20
349956;Ryan Howard;Most Valuable Player;1;20
349956;Ryan Howard;NLCS MVP;1;20
349956;Ryan Howard;Player of the Month;4;20
349956;Ryan Howard;Player of the Week;6;20
349956;Ryan Howard;Rookie of the Month;1;20
349956;Ryan Howard;Rookie of the Year;1;20
349956;Ryan Howard;Silver Slugger;1;20
349956;Ryan Howard;TSN All-Star;1;20
349956;Ryan Howard;TSN Major League Player of the Year;1;20
349963;Art Howe;Player of the Month;1;1
349970;Jay Howell;Pitcher of the Month;1;2
349970;Jay Howell;Player of the Week;1;2
349980;Steve Howe;Pitcher of the Month;1;2
349980;Steve Howe;Rookie of the Year;1;2
349985;Dick Howser;TSN Rookie of the Year;1;1
349991;LaMarr Hoyt;All-Star Game MVP;1;6
349991;LaMarr Hoyt;Cy Young Award;1;6
349991;LaMarr Hoyt;Pitcher of the Month;1;6
349991;LaMarr Hoyt;Player of the Week;1;6
349991;LaMarr Hoyt;TSN All-Star;1;6
349991;LaMarr Hoyt;TSN Pitcher of the Year;1;6
349992;Waite Hoyt;Baseball Magazine All-Star;2;3
349992;Waite Hoyt;TSN All-Star;1;3
349993;Al Hrabosky;Pitcher of the Month;1;3
349993;Al Hrabosky;Player of the Week;1;3
349993;Al Hrabosky;TSN Fireman of the Year;1;3
349994;Kent Hrbek;Lou Gehrig Memorial Award;1;8
349994;Kent Hrbek;Player of the Month;3;8
349994;Kent Hrbek;Player of the Week;4;8
349999;Glenn Hubbard;TSN All-Star;1;1
350006;Carl Hubbell;Baseball Magazine All-Star;13;22
350006;Carl Hubbell;Most Valuable Player;2;22
350006;Carl Hubbell;TSN All-Star;4;22
350006;Carl Hubbell;TSN Guide MVP;2;22
350006;Carl Hubbell;TSN Major League Player of the Year;1;22
350007;Ken Hubbs;Gold Glove;1;3
350007;Ken Hubbs;Rookie of the Year;1;3
350007;Ken Hubbs;TSN Rookie of the Year;1;3
350027;Daniel Hudson;Player of the Week;1;3
350027;Daniel Hudson;Rookie of the Month;1;3
350027;Daniel Hudson;Silver Slugger;1;3
350037;Orlando Hudson;Gold Glove;4;5
350037;Orlando Hudson;Player of the Week;1;5
350040;Tim Hudson;Comeback Player of the Year;1;10
350040;Tim Hudson;Hutch Award;1;10
350040;Tim Hudson;MLB Players Choice Comeback Player;1;10
350040;Tim Hudson;Pitcher of the Month;2;10
350040;Tim Hudson;Player of the Week;3;10
350040;Tim Hudson;TSN Comeback Player of the Year;1;10
350040;Tim Hudson;TSN Rookie Pitcher of the Year;1;10
350045;Aubrey Huff;Outstanding DH Award;1;5
350045;Aubrey Huff;Player of the Week;3;5
350045;Aubrey Huff;Silver Slugger;1;5
350063;Dick Hughes;TSN Rookie Pitcher of the Year;1;1
350070;Jim Hughes;Player of the Month;1;1
350084;Tommy Hughes;Baseball Magazine All-Star;1;1
350088;Tex Hughson;Baseball Magazine All-Star;3;4
350088;Tex Hughson;TSN All-Star;1;4
350104;Philip Humber;Player of the Week;1;1
350105;Tom Hume;Player of the Week;1;2
350105;Tom Hume;TSN Fireman of the Year;1;2
350119;Nick Hundley;Player of the Week;1;1
350120;Randy Hundley;Gold Glove;1;1
350121;Todd Hundley;Player of the Week;1;1
350131;Brian Hunter;Player of the Week;1;1
350133;Catfish Hunter;Cy Young Award;1;5
350133;Catfish Hunter;Player of the Week;2;5
350133;Catfish Hunter;TSN All-Star;1;5
350133;Catfish Hunter;TSN Pitcher of the Year;1;5
350143;Torii Hunter;Branch Rickey Award;1;20
350143;Torii Hunter;Gold Glove;9;20
350143;Torii Hunter;MLB Players Choice Man of the Year;1;20
350143;Torii Hunter;Player of the Month;1;20
350143;Torii Hunter;Player of the Week;3;20
350143;Torii Hunter;Silver Slugger;2;20
350143;Torii Hunter;TSN All-Star;1;20
350143;Torii Hunter;This Year in Baseball Defensive Player of the Year;1;20
350143;Torii Hunter;This Year in Baseball Play of the Year;1;20
350150;Ken Hunt;TSN Rookie of the Year;1;1
350152;Ron Hunt;TSN All-Star;1;1
350156;Clint Hurdle;Player of the Week;1;1
350164;Bruce Hurst;Pitcher of the Month;2;5
350164;Bruce Hurst;Player of the Week;3;5
350208;Adam Hyzdu;Player of the Week;1;1
350209;Chris Iannetta;Player of the Week;1;1
350211;Raul Ibanez;Hutch Award;1;8
350211;Raul Ibanez;Player of the Week;6;8
350211;Raul Ibanez;This Year in Baseball Postseason Moment of the Year;1;8
350216;Jose Iglesias;Rookie of the Month;1;1
350217;Raisel Iglesias;All-MLB Team - Second Team;1;7
350217;Raisel Iglesias;Reliever of the Month;4;7
350217;Raisel Iglesias;TSN All-Star;1;7
350217;Raisel Iglesias;TSN Reliever of the Year;1;7
350222;Shota Imanaga;All-MLB Team - Second Team;1;2
350222;Shota Imanaga;Rookie of the Month;1;2
350225;Ender Inciarte;Gold Glove;3;3
350226;Jonathan India;MLB Players Choice Outstanding Rookie;1;5
350226;Jonathan India;Player of the Week;1;5
350226;Jonathan India;Rookie of the Month;1;5
350226;Jonathan India;Rookie of the Year;1;5
350226;Jonathan India;TSN Rookie of the Year;1;5
350229;Omar Infante;Player of the Week;1;1
350230;Brandon Inge;MLB Players Choice Man of the Year;1;1
350246;Hideki Irabu;Pitcher of the Month;2;2
350269;Kazuhisa Ishii;Rookie of the Month;1;1
350272;Jason Isringhausen;Player of the Week;1;2
350272;Jason Isringhausen;Reliever of the Month;1;2
350274;Mike Ivie;Player of the Week;1;1
350276;Hisashi Iwakuma;Player of the Week;1;1
350280;Cesar Izturis;Gold Glove;1;1
350295;Austin Jackson;MLB Players Choice Outstanding Rookie;1;5
350295;Austin Jackson;Player of the Week;2;5
350295;Austin Jackson;Rookie of the Month;1;5
350295;Austin Jackson;TSN Rookie of the Year;1;5
350298;Bo Jackson;All-Star Game MVP;1;3
350298;Bo Jackson;Player of the Week;1;3
350298;Bo Jackson;TSN Comeback Player of the Year;1;3
350305;Conor Jackson;Player of the Week;2;2
350307;Danny Jackson;Pitcher of the Month;1;5
350307;Danny Jackson;Player of the Week;2;5
350307;Danny Jackson;TSN All-Star;2;5
350312;Edwin Jackson;Player of the Week;1;1
350326;Shoeless Joe Jackson;Baseball Magazine All-Star;11;11
350338;Reggie Jackson;Babe Ruth Award;1;22
350338;Reggie Jackson;Most Valuable Player;1;22
350338;Reggie Jackson;Player of the Month;2;22
350338;Reggie Jackson;Player of the Week;7;22
350338;Reggie Jackson;Silver Slugger;2;22
350338;Reggie Jackson;TSN All-Star;5;22
350338;Reggie Jackson;TSN Major League Player of the Year;1;22
350338;Reggie Jackson;TSN Player of the Year;1;22
350338;Reggie Jackson;World Series MVP;2;22
350351;Travis Jackson;Baseball Magazine All-Star;9;12
350351;Travis Jackson;TSN All-Star;3;12
350359;Brook Jacoby;Player of the Month;1;2
350359;Brook Jacoby;Player of the Week;1;2
350382;John Jaha;MLB Players Choice Comeback Player;1;2
350382;John Jaha;TSN Comeback Player of the Year;1;2
350393;Bill James;Baseball Magazine All-Star;1;1
350394;Bob James;Player of the Week;1;1
350400;Dion James;Player of the Week;1;1
350413;Charlie Jamieson;Baseball Magazine All-Star;1;1
350423;Kenley Jansen;All-MLB Team - Second Team;1;10
350423;Kenley Jansen;Reliever of the Month;3;10
350423;Kenley Jansen;Reliever of the Year Award;2;10
350423;Kenley Jansen;TSN All-Star;2;10
350423;Kenley Jansen;TSN Reliever of the Year;2;10
350424;Larry Jansen;Baseball Magazine All-Star;1;1
350449;Griffin Jax;Bob Feller Act of Valor Award - MLB Player;1;1
350451;Joey Jay;TSN All-Star;1;1
350463;Gregg Jefferies;Player of the Week;2;2
350467;Reggie Jefferson;Player of the Week;1;1
350486;Fergie Jenkins;Cy Young Award;1;8
350486;Fergie Jenkins;Player of the Week;2;8
350486;Fergie Jenkins;TSN All-Star;3;8
350486;Fergie Jenkins;TSN Comeback Player of the Year;1;8
350486;Fergie Jenkins;TSN Pitcher of the Year;1;8
350487;Geoff Jenkins;Player of the Week;1;1
350497;Bobby Jenks;Reliever of the Month;2;2
350502;Desmond Jennings;Player of the Week;1;1
350505;Jason Jennings;MLB Players Choice Outstanding Rookie;1;4
350505;Jason Jennings;Rookie of the Month;1;4
350505;Jason Jennings;Rookie of the Year;1;4
350505;Jason Jennings;TSN Rookie Pitcher of the Year;1;4
350509;Jackie Jensen;Gold Glove;1;3
350509;Jackie Jensen;Most Valuable Player;1;3
350509;Jackie Jensen;TSN Player of the Year;1;3
350522;Derek Jeter;All-Star Game MVP;1;29
350522;Derek Jeter;Babe Ruth Award;1;29
350522;Derek Jeter;Gold Glove;5;29
350522;Derek Jeter;Hank Aaron Award;2;29
350522;Derek Jeter;Lou Gehrig Memorial Award;1;29
350522;Derek Jeter;MLB Players Choice Outstanding Rookie;1;29
350522;Derek Jeter;Player of the Month;1;29
350522;Derek Jeter;Player of the Week;3;29
350522;Derek Jeter;Roberto Clemente Award;1;29
350522;Derek Jeter;Rookie of the Year;1;29
350522;Derek Jeter;Silver Slugger;5;29
350522;Derek Jeter;TSN All-Star;2;29
350522;Derek Jeter;TSN Rookie Player of the Year;1;29
350522;Derek Jeter;This Year in Baseball Hitter of the Year;1;29
350522;Derek Jeter;This Year in Baseball Performance of the Year;1;29
350522;Derek Jeter;This Year in Baseball Play of the Year;1;29
350522;Derek Jeter;World Series MVP;1;29
350525;Sam Jethroe;Rookie of the Year;1;1
350537;Eloy Jimenez;Player of the Week;1;3
350537;Eloy Jimenez;Rookie of the Month;1;3
350537;Eloy Jimenez;Silver Slugger;1;3
350542;Jose Jimenez;Player of the Week;1;1
350551;Ubaldo Jimenez;Pitcher of the Month;3;4
350551;Ubaldo Jimenez;Player of the Week;1;4
350574;Alex Johnson;TSN Comeback Player of the Year;1;1
350587;Billy Johnson;Baseball Magazine All-Star;2;3
350587;Billy Johnson;TSN All-Star;1;3
350591;Bob Johnson;Baseball Magazine All-Star;1;1
350607;Charles Johnson;Gold Glove;4;4
350610;Cliff Johnson;Player of the Week;1;1
350614;Davey Johnson;Gold Glove;3;7
350614;Davey Johnson;Player of the Month;1;7
350614;Davey Johnson;TSN All-Star;2;7
350614;Davey Johnson;TSN Comeback Player of the Year;1;7
350616;Dave Johnson;Player of the Week;1;1
350618;Dan Johnson;Player of the Week;1;1
350620;Deron Johnson;TSN All-Star;1;1
350649;Howard Johnson;Player of the Month;2;6
350649;Howard Johnson;Player of the Week;1;6
350649;Howard Johnson;Silver Slugger;2;6
350649;Howard Johnson;TSN All-Star;1;6
350650;Jay Johnstone;Player of the Week;1;1
350651;Jason Johnson;Player of the Week;1;1
350659;Jim Johnson;Comeback Player of the Year;1;4
350659;Jim Johnson;Player of the Week;1;4
350659;Jim Johnson;Reliever of the Month;1;4
350659;Jim Johnson;Reliever of the Year Award;1;4
350671;Josh Johnson;Pitcher of the Month;2;5
350671;Josh Johnson;Player of the Week;1;5
350671;Josh Johnson;Rookie of the Month;2;5
350681;Kelly Johnson;Player of the Month;1;2
350681;Kelly Johnson;Player of the Week;1;2
350684;Lamar Johnson;Player of the Month;1;2
350684;Lamar Johnson;Player of the Week;1;2
350702;Nick Johnson;Player of the Week;2;2
350713;Randy Johnson;Babe Ruth Award;1;35
350713;Randy Johnson;Bob Feller Act of Valor Award - HOF Player;1;35
350713;Randy Johnson;Cy Young Award;5;35
350713;Randy Johnson;MLB Players Choice Outstanding Pitcher;2;35
350713;Randy Johnson;Pitcher of the Month;8;35
350713;Randy Johnson;Pitching Triple Crown;1;35
350713;Randy Johnson;Player of the Week;10;35
350713;Randy Johnson;TSN All-Star;4;35
350713;Randy Johnson;TSN Pitcher of the Year;1;35
350713;Randy Johnson;This Year in Baseball Performance of the Year;1;35
350713;Randy Johnson;World Series MVP;1;35
350717;Reed Johnson;Rookie of the Month;1;1
350752;Walter Johnson;Baseball Magazine All-Star;27;33
350752;Walter Johnson;Most Valuable Player;2;33
350752;Walter Johnson;Pitching Triple Crown;3;33
350752;Walter Johnson;TSN All-Star;1;33
350757;Tommy John;Hutch Award;1;10
350757;Tommy John;Lou Gehrig Memorial Award;1;10
350757;Tommy John;Pitcher of the Month;1;10
350757;Tommy John;Player of the Month;1;10
350757;Tommy John;Player of the Week;4;10
350757;Tommy John;TSN All-Star;1;10
350757;Tommy John;TSN Comeback Player of the Year;1;10
350778;Adam Jones;Gold Glove;4;7
350778;Adam Jones;MLB Players Choice Man of the Year;1;7
350778;Adam Jones;Player of the Week;1;7
350778;Adam Jones;Silver Slugger;1;7
350782;Andruw Jones;Gold Glove;10;23
350782;Andruw Jones;Hank Aaron Award;1;23
350782;Andruw Jones;MLB Players Choice Outstanding Player;1;23
350782;Andruw Jones;MLB Players Choice Player of the Year;1;23
350782;Andruw Jones;Player of the Month;2;23
350782;Andruw Jones;Player of the Week;4;23
350782;Andruw Jones;Silver Slugger;1;23
350782;Andruw Jones;TSN All-Star;2;23
350782;Andruw Jones;TSN Major League Player of the Year;1;23
350793;Bobby Jones;Pitcher of the Month;1;1
350805;Chipper Jones;MLB Players Choice Man of the Year;1;14
350805;Chipper Jones;MLB Players Choice Outstanding Player;1;14
350805;Chipper Jones;MLB Players Choice Outstanding Rookie;1;14
350805;Chipper Jones;Most Valuable Player;1;14
350805;Chipper Jones;Player of the Week;4;14
350805;Chipper Jones;Silver Slugger;2;14
350805;Chipper Jones;TSN All-Star;3;14
350805;Chipper Jones;TSN Rookie Player of the Year;1;14
350806;Cleon Jones;TSN All-Star;1;1
350821;Doug Jones;Player of the Week;1;2
350821;Doug Jones;TSN Fireman of the Year;1;2
350830;Garrett Jones;Rookie of the Month;1;1
350843;Jacque Jones;Player of the Week;2;2
350868;Nolan Jones;Player of the Week;1;2
350868;Nolan Jones;Rookie of the Month;1;2
350873;Randy Jones;Cy Young Award;1;11
350873;Randy Jones;Pitcher of the Month;2;11
350873;Randy Jones;Player of the Week;4;11
350873;Randy Jones;TSN All-Star;2;11
350873;Randy Jones;TSN Comeback Player of the Year;1;11
350873;Randy Jones;TSN Pitcher of the Year;1;11
350884;Sam Jones;TSN All-Star;1;2
350884;Sam Jones;TSN Pitcher of the Year;1;2
350897;Todd Jones;Reliever of the Month;1;3
350897;Todd Jones;Reliever of the Year Award;1;3
350897;Todd Jones;TSN Fireman of the Year;1;3
350908;Brian Jordan;Player of the Month;1;5
350908;Brian Jordan;Player of the Week;4;5
350932;Mike Jorgensen;Gold Glove;1;2
350932;Mike Jorgensen;Player of the Week;1;2
350938;Felix Jose;Player of the Month;2;4
350938;Felix Jose;Player of the Week;2;4
350950;Addie Joss;Baseball Magazine All-Star;1;1
350958;Matt Joyce;Player of the Week;1;1
350961;Wally Joyner;Player of the Week;5;5
350967;Jeff Juden;Player of the Week;1;1
350968;Aaron Judge;All-MLB Team - First Team;4;62
350968;Aaron Judge;All-MLB Team - Second Team;1;62
350968;Aaron Judge;Hank Aaron Award;3;62
350968;Aaron Judge;MLB Players Choice Outstanding Player;2;62
350968;Aaron Judge;MLB Players Choice Outstanding Rookie;1;62
350968;Aaron Judge;MLB Players Choice Player of the Year;2;62
350968;Aaron Judge;Most Valuable Player;3;62
350968;Aaron Judge;Player of the Month;12;62
350968;Aaron Judge;Player of the Week;15;62
350968;Aaron Judge;Roberto Clemente Award;1;62
350968;Aaron Judge;Rookie of the Month;4;62
350968;Aaron Judge;Rookie of the Year;1;62
350968;Aaron Judge;Silver Slugger;5;62
350968;Aaron Judge;TSN All-Star;6;62
350968;Aaron Judge;TSN Major League Player of the Year;1;62
350968;Aaron Judge;TSN Rookie of the Year;1;62
350969;Joe Judge;Baseball Magazine All-Star;1;1
350983;Josh Jung;Rookie of the Month;2;2
350992;Billy Jurges;Baseball Magazine All-Star;1;1
350994;Jair Jurrjens;Pitcher of the Month;2;3
350994;Jair Jurrjens;Rookie of the Month;1;3
350996;David Justice;ALCS MVP;1;15
350996;David Justice;MLB Players Choice Comeback Player;1;15
350996;David Justice;Player of the Month;2;15
350996;David Justice;Player of the Week;4;15
350996;David Justice;Rookie of the Year;1;15
350996;David Justice;Silver Slugger;2;15
350996;David Justice;TSN All-Star;2;15
350996;David Justice;TSN Comeback Player of the Year;1;15
350996;David Justice;TSN Rookie Player of the Year;1;15
351004;Jim Kaat;Gold Glove;16;21
351004;Jim Kaat;Player of the Week;2;21
351004;Jim Kaat;TSN All-Star;2;21
351004;Jim Kaat;TSN Pitcher of the Year;1;21
351012;Tommy Kahnle;Reliever of the Month;1;1
351026;Al Kaline;Gold Glove;10;21
351026;Al Kaline;Hutch Award;1;21
351026;Al Kaline;Lou Gehrig Memorial Award;1;21
351026;Al Kaline;Player of the Month;1;21
351026;Al Kaline;Roberto Clemente Award;1;21
351026;Al Kaline;TSN All-Star;5;21
351026;Al Kaline;TSN Player of the Year;2;21
351033;Willie Kamm;Baseball Magazine All-Star;4;4
351044;Jung Ho Kang;Player of the Week;1;2
351044;Jung Ho Kang;Rookie of the Month;1;2
351046;Gabe Kapler;Player of the Week;1;2
351046;Gabe Kapler;This Year in Baseball Play of the Year;1;2
351066;Eric Karros;Player of the Week;4;8
351066;Eric Karros;Rookie of the Year;1;8
351066;Eric Karros;Silver Slugger;1;8
351066;Eric Karros;TSN All-Star;1;8
351066;Eric Karros;TSN Rookie Player of the Year;1;8
351069;Jeff Karstens;Player of the Week;1;1
351098;Scott Kazmir;Pitcher of the Month;2;4
351098;Scott Kazmir;Player of the Week;2;4
351104;Austin Kearns;Rookie of the Month;1;1
351109;Luke Keaschall;Player of the Week;1;1
351121;Tim Keefe;Pitching Triple Crown;1;1
351146;Colt Keith;Rookie of the Month;1;1
351154;Charlie Keller;Baseball Magazine All-Star;3;3
351168;Mitch Keller;Player of the Week;1;1
351174;George Kell;Baseball Magazine All-Star;7;13
351174;George Kell;TSN All-Star;6;13
351194;George Kelly;Baseball Magazine All-Star;5;5
351207;Merrill Kelly;Pitcher of the Month;1;2
351207;Merrill Kelly;Player of the Week;1;2
351216;Roberto Kelly;Player of the Week;1;1
351228;Ken Keltner;Baseball Magazine All-Star;3;3
351239;Matt Kemp;Gold Glove;2;16
351239;Matt Kemp;Hank Aaron Award;1;16
351239;Matt Kemp;MLB Players Choice Comeback Player;1;16
351239;Matt Kemp;MLB Players Choice Outstanding Player;1;16
351239;Matt Kemp;Player of the Month;2;16
351239;Matt Kemp;Player of the Week;6;16
351239;Matt Kemp;Silver Slugger;2;16
351239;Matt Kemp;TSN Comeback Player of the Year;1;16
351241;Steve Kemp;Player of the Week;2;2
351244;Jason Kendall;Player of the Week;1;2
351244;Jason Kendall;TSN Rookie Player of the Year;1;2
351246;Howie Kendrick;NLCS MVP;1;1
351251;Adam Kennedy;ALCS MVP;1;2
351251;Adam Kennedy;Player of the Week;1;2
351262;Ian Kennedy;Bob Feller Act of Valor Award - MLB Player;1;1
351276;Terry Kennedy;Player of the Month;1;2
351276;Terry Kennedy;Silver Slugger;1;2
351277;Vern Kennedy;Baseball Magazine All-Star;2;2
351280;Jeff Kent;Most Valuable Player;1;13
351280;Jeff Kent;Player of the Month;3;13
351280;Jeff Kent;Player of the Week;2;13
351280;Jeff Kent;Silver Slugger;4;13
351280;Jeff Kent;TSN All-Star;3;13
351290;Matt Keough;Pitcher of the Month;1;2
351290;Matt Keough;TSN Comeback Player of the Year;1;2
351291;Max Kepler;Player of the Week;2;2
351305;Jim Kern;Pitcher of the Month;1;4
351305;Jim Kern;Reliever of the Year Award;1;4
351305;Jim Kern;TSN All-Star;1;4
351305;Jim Kern;TSN Fireman of the Year;1;4
351315;Clayton Kershaw;All-MLB Team - Second Team;1;33
351315;Clayton Kershaw;Branch Rickey Award;1;33
351315;Clayton Kershaw;Cy Young Award;3;33
351315;Clayton Kershaw;Gold Glove;1;33
351315;Clayton Kershaw;MLB Players Choice Man of the Year;1;33
351315;Clayton Kershaw;MLB Players Choice Outstanding Pitcher;3;33
351315;Clayton Kershaw;MLB Players Choice Player of the Year;1;33
351315;Clayton Kershaw;Most Valuable Player;1;33
351315;Clayton Kershaw;Pitcher of the Month;7;33
351315;Clayton Kershaw;Pitching Triple Crown;1;33
351315;Clayton Kershaw;Player of the Week;8;33
351315;Clayton Kershaw;Roberto Clemente Award;1;33
351315;Clayton Kershaw;TSN Major League Player of the Year;1;33
351315;Clayton Kershaw;TSN Pitcher of the Year;1;33
351315;Clayton Kershaw;This Year in Baseball Starter of the Year;2;33
351318;Don Kessinger;Gold Glove;2;6
351318;Don Kessinger;Lou Gehrig Memorial Award;1;6
351318;Don Kessinger;TSN All-Star;3;6
351327;Dallas Keuchel;Cy Young Award;1;13
351327;Dallas Keuchel;Gold Glove;5;13
351327;Dallas Keuchel;MLB Players Choice Outstanding Pitcher;1;13
351327;Dallas Keuchel;Pitcher of the Month;4;13
351327;Dallas Keuchel;Player of the Week;2;13
351329;Jimmy Key;MLB Players Choice Outstanding Pitcher;1;7
351329;Jimmy Key;Pitcher of the Month;1;7
351329;Jimmy Key;TSN All-Star;3;7
351329;Jimmy Key;TSN Pitcher of the Year;2;7
351349;Kevin Kiermaier;Gold Glove;4;5
351349;Kevin Kiermaier;Platinum Glove;1;5
351356;Darryl Kile;Pitcher of the Month;2;4
351356;Darryl Kile;Player of the Week;2;4
351362;Bill Killefer;Baseball Magazine All-Star;4;4
351365;Harmon Killebrew;Lou Gehrig Memorial Award;1;8
351365;Harmon Killebrew;Most Valuable Player;1;8
351365;Harmon Killebrew;TSN All-Star;4;8
351365;Harmon Killebrew;TSN Player of the Year;2;8
351380;Craig Kimbrel;MLB Players Choice Outstanding Rookie;1;17
351380;Craig Kimbrel;Reliever of the Month;5;17
351380;Craig Kimbrel;Reliever of the Year Award;3;17
351380;Craig Kimbrel;Rookie of the Month;2;17
351380;Craig Kimbrel;Rookie of the Year;1;17
351380;Craig Kimbrel;TSN All-Star;1;17
351380;Craig Kimbrel;TSN Reliever of the Year;1;17
351380;Craig Kimbrel;TSN Rookie of the Year;1;17
351380;Craig Kimbrel;This Year in Baseball Closer of the Year;1;17
351380;Craig Kimbrel;This Year in Baseball Rookie of the Year;1;17
351384;Byung-Hyun Kim;Player of the Week;1;1
351386;Ha-Seong Kim;Gold Glove;1;1
351397;Ellis Kinder;TSN All-Star;1;2
351397;Ellis Kinder;TSN Pitcher of the Year;1;2
351400;Isiah Kiner-Falefa;Gold Glove;1;1
351401;Ralph Kiner;Baseball Magazine All-Star;5;10
351401;Ralph Kiner;TSN All-Star;4;10
351401;Ralph Kiner;TSN Player of the Year;1;10
351418;Jeff King;Player of the Month;1;3
351418;Jeff King;Player of the Week;2;3
351427;Dave Kingman;Outstanding DH Award;1;13
351427;Dave Kingman;Player of the Month;2;13
351427;Dave Kingman;Player of the Week;7;13
351427;Dave Kingman;TSN All-Star;2;13
351427;Dave Kingman;TSN Comeback Player of the Year;1;13
351429;Mike King;All-MLB Team - Second Team;1;1
351449;Ian Kinsler;Gold Glove;2;4
351449;Ian Kinsler;Player of the Week;2;4
351455;Jason Kipnis;Player of the Month;2;5
351455;Jason Kipnis;Player of the Week;3;5
351462;George Kirby;Rookie of the Month;1;1
351468;Alex Kirilloff;Player of the Week;1;1
351469;Alejandro Kirk;Silver Slugger;1;2
351469;Alejandro Kirk;TSN All-Star;1;2
351489;Ron Kittle;Player of the Month;1;6
351489;Ron Kittle;Player of the Week;3;6
351489;Ron Kittle;Rookie of the Year;1;6
351489;Ron Kittle;TSN Rookie Player of the Year;1;6
351502;Chuck Klein;Baseball Magazine All-Star;5;11
351502;Chuck Klein;Most Valuable Player;1;11
351502;Chuck Klein;TSN All-Star;2;11
351502;Chuck Klein;TSN Guide MVP;2;11
351502;Chuck Klein;Triple Crown;1;11
351512;Ryan Klesko;Player of the Week;3;3
351525;Johnny Kling;Baseball Magazine All-Star;4;4
351536;Corey Kluber;Cy Young Award;2;17
351536;Corey Kluber;Lou Gehrig Memorial Award;1;17
351536;Corey Kluber;MLB Players Choice Outstanding Pitcher;1;17
351536;Corey Kluber;Pitcher of the Month;5;17
351536;Corey Kluber;Player of the Week;6;17
351536;Corey Kluber;TSN All-Star;1;17
351536;Corey Kluber;TSN Pitcher of the Year;1;17
351540;Ted Kluszewski;TSN All-Star;3;3
351551;Corey Knebel;Reliever of the Month;2;2
351555;Bob Knepper;Pitcher of the Month;1;3
351555;Bob Knepper;Player of the Week;1;3
351555;Bob Knepper;TSN Comeback Player of the Year;1;3
351561;Bill Knickerbocker;Baseball Magazine All-Star;1;1
351570;Ray Knight;Babe Ruth Award;1;5
351570;Ray Knight;Hutch Award;1;5
351570;Ray Knight;Player of the Week;1;5
351570;Ray Knight;TSN Comeback Player of the Year;1;5
351570;Ray Knight;World Series MVP;1;5
351573;Chuck Knoblauch;Gold Glove;1;9
351573;Chuck Knoblauch;Player of the Week;2;9
351573;Chuck Knoblauch;Rookie of the Year;1;9
351573;Chuck Knoblauch;Silver Slugger;2;9
351573;Chuck Knoblauch;TSN All-Star;2;9
351573;Chuck Knoblauch;TSN Rookie Player of the Year;1;9
351579;Bobby Knoop;Gold Glove;3;3
351607;Billy Koch;Reliever of the Year Award;1;2
351607;Billy Koch;TSN Reliever of the Year;1;2
351644;Brad Komminsk;Player of the Week;1;1
351645;Paul Konerko;ALCS MVP;1;11
351645;Paul Konerko;Player of the Month;1;11
351645;Paul Konerko;Player of the Week;6;11
351645;Paul Konerko;Roberto Clemente Award;1;11
351645;Paul Konerko;TSN All-Star;1;11
351645;Paul Konerko;TSN Comeback Player of the Year;1;11
351651;Jim Konstanty;Baseball Magazine All-Star;2;5
351651;Jim Konstanty;Most Valuable Player;1;5
351651;Jim Konstanty;TSN All-Star;1;5
351651;Jim Konstanty;TSN Pitcher of the Year;1;5
351659;Jerry Koosman;Pitcher of the Month;1;4
351659;Jerry Koosman;Player of the Month;1;4
351659;Jerry Koosman;Player of the Week;1;4
351659;Jerry Koosman;TSN Rookie Pitcher of the Year;1;4
351679;Corey Koskie;Player of the Week;1;1
351688;Mark Kotsay;Player of the Week;1;1
351690;Sandy Koufax;Babe Ruth Award;2;22
351690;Sandy Koufax;Cy Young Award;3;22
351690;Sandy Koufax;Hutch Award;1;22
351690;Sandy Koufax;Most Valuable Player;1;22
351690;Sandy Koufax;Pitching Triple Crown;3;22
351690;Sandy Koufax;TSN All-Star;4;22
351690;Sandy Koufax;TSN Major League Player of the Year;2;22
351690;Sandy Koufax;TSN Pitcher of the Year;4;22
351690;Sandy Koufax;World Series MVP;2;22
351693;Kevin Kouzmanoff;Player of the Week;1;1
351735;Ray Kremer;Baseball Magazine All-Star;3;3
351739;Red Kress;Baseball Magazine All-Star;1;1
351764;Bill Krueger;Pitcher of the Month;2;2
351774;John Kruk;Player of the Week;3;3
351775;Mike Krukow;Pitcher of the Month;1;2
351775;Mike Krukow;Player of the Week;1;2
351779;Tony Kubek;Rookie of the Year;1;3
351779;Tony Kubek;TSN All-Star;1;3
351779;Tony Kubek;TSN Rookie of the Year;1;3
351780;Jason Kubel;Player of the Week;2;2
351794;Harvey Kuenn;Rookie of the Year;1;3
351794;Harvey Kuenn;TSN All-Star;1;3
351794;Harvey Kuenn;TSN Rookie of the Year;1;3
351804;Duane Kuiper;Player of the Week;1;1
351812;Hung-Chih Kuo;This Year in Baseball Setup Man of the Year;1;1
351815;Whitey Kurowski;Baseball Magazine All-Star;4;5
351815;Whitey Kurowski;TSN All-Star;1;5
351817;Nick Kurtz;All-MLB Team - Second Team;1;7
351817;Nick Kurtz;Player of the Month;1;7
351817;Nick Kurtz;Player of the Week;2;7
351817;Nick Kurtz;Rookie of the Year;1;7
351817;Nick Kurtz;Silver Slugger;1;7
351817;Nick Kurtz;TSN Rookie of the Year;1;7
351830;Steven Kwan;Gold Glove;4;7
351830;Steven Kwan;Player of the Week;1;7
351830;Steven Kwan;Rookie of the Month;2;7
351838;Coco Laboy;TSN Rookie Player of the Year;1;1
351845;John Lackey;Pitcher of the Month;2;2
351862;Aaron Laffey;Rookie of the Month;1;1
351870;Juan Lagares;Gold Glove;1;2
351870;Juan Lagares;Player of the Week;1;2
351878;Gerald Laird;Rookie of the Month;1;1
351880;Nap Lajoie;Baseball Magazine All-Star;4;5
351880;Nap Lajoie;Triple Crown;1;5
351910;Jake Lamb;Player of the Week;2;2
351918;Dinelson Lamet;All-MLB Team - Second Team;1;1
351934;Rafael Landestoy;Player of the Week;1;1
351938;Jim Landis;Gold Glove;5;5
351964;Alex Lange;Reliever of the Month;1;1
351970;Shea Langeliers;Player of the Month;1;1
351971;Rick Langford;Pitcher of the Month;1;1
351973;Wyatt Langford;Player of the Month;1;3
351973;Wyatt Langford;Rookie of the Month;2;3
351977;Mark Langston;Gold Glove;7;14
351977;Mark Langston;Pitcher of the Month;3;14
351977;Mark Langston;Player of the Week;3;14
351977;Mark Langston;TSN Rookie Pitcher of the Year;1;14
351984;Ray Lankford;Player of the Week;2;2
351989;Carney Lansford;Hutch Award;1;6
351989;Carney Lansford;Player of the Month;1;6
351989;Carney Lansford;Player of the Week;2;6
351989;Carney Lansford;Silver Slugger;1;6
351989;Carney Lansford;TSN All-Star;1;6
352012;Barry Larkin;Gold Glove;3;29
352012;Barry Larkin;Lou Gehrig Memorial Award;1;29
352012;Barry Larkin;Most Valuable Player;1;29
352012;Barry Larkin;Player of the Month;1;29
352012;Barry Larkin;Player of the Week;4;29
352012;Barry Larkin;Roberto Clemente Award;1;29
352012;Barry Larkin;Silver Slugger;9;29
352012;Barry Larkin;TSN All-Star;9;29
352022;Adam LaRoche;Gold Glove;1;3
352022;Adam LaRoche;Player of the Week;1;3
352022;Adam LaRoche;Silver Slugger;1;3
352030;Don Larsen;Babe Ruth Award;1;2
352030;Don Larsen;World Series MVP;1;2
352038;Frank Lary;Gold Glove;1;2
352038;Frank Lary;TSN All-Star;1;2
352041;Bill Laskey;Pitcher of the Month;1;1
352044;Tom Lasorda;Bob Feller Act of Valor Award - HOF Player;1;2
352044;Tom Lasorda;Branch Rickey Award;1;2
352056;Mat Latos;Player of the Week;1;1
352068;Ramon Laureano;Player of the Week;1;1
352071;Cookie Lavagetto;Baseball Magazine All-Star;1;1
352072;Mike LaValliere;Gold Glove;1;3
352072;Mike LaValliere;Player of the Week;1;3
352072;Mike LaValliere;TSN All-Star;1;3
352089;Brian Lawrence;Player of the Week;1;1
352103;Roxie Lawson;Baseball Magazine All-Star;1;1
352106;Matt Lawton;Player of the Week;1;1
352108;Vern Law;Cy Young Award;1;5
352108;Vern Law;Lou Gehrig Memorial Award;1;5
352108;Vern Law;TSN All-Star;1;5
352108;Vern Law;TSN Comeback Player of the Year;1;5
352108;Vern Law;TSN Pitcher of the Year;1;5
352126;Tony Lazzeri;Baseball Magazine All-Star;3;4
352126;Tony Lazzeri;TSN All-Star;1;4
352127;Charlie Lea;Pitcher of the Month;1;2
352127;Charlie Lea;Player of the Week;1;2
352134;Tommy Leach;Baseball Magazine All-Star;3;3
352140;Mike Leake;Gold Glove;1;1
352141;Luis Leal;Player of the Week;1;1
352148;Tim Leary;Player of the Week;1;3
352148;Tim Leary;Silver Slugger;1;3
352148;Tim Leary;TSN Comeback Player of the Year;1;3
352170;Bill Lee;Baseball Magazine All-Star;1;1
352171;Bill Lee;Player of the Week;2;2
352175;Carlos Lee;Player of the Week;4;7
352175;Carlos Lee;Silver Slugger;2;7
352175;Carlos Lee;TSN All-Star;1;7
352179;Cliff Lee;Comeback Player of the Year;1;11
352179;Cliff Lee;Cy Young Award;1;11
352179;Cliff Lee;MLB Players Choice Comeback Player;1;11
352179;Cliff Lee;MLB Players Choice Outstanding Pitcher;1;11
352179;Cliff Lee;Pitcher of the Month;5;11
352179;Cliff Lee;TSN Comeback Player of the Year;1;11
352179;Cliff Lee;TSN Pitcher of the Year;1;11
352184;Derrek Lee;Gold Glove;3;8
352184;Derrek Lee;Player of the Month;2;8
352184;Derrek Lee;Player of the Week;2;8
352184;Derrek Lee;Silver Slugger;1;8
352208;Thornton Lee;Baseball Magazine All-Star;2;3
352208;Thornton Lee;TSN All-Star;1;3
352215;Jim Lefebvre;Rookie of the Year;1;1
352220;Ron LeFlore;Player of the Month;1;2
352220;Ron LeFlore;Player of the Week;1;2
352234;Hank Leiber;Baseball Magazine All-Star;2;2
352237;Charlie Leibrandt;Pitcher of the Month;2;3
352237;Charlie Leibrandt;Player of the Week;1;3
352247;Al Leiter;Branch Rickey Award;1;6
352247;Al Leiter;Pitcher of the Month;2;6
352247;Al Leiter;Player of the Week;1;6
352247;Al Leiter;Roberto Clemente Award;1;6
352247;Al Leiter;TSN All-Star;1;6
352261;DJ LeMahieu;All-MLB Team - First Team;2;13
352261;DJ LeMahieu;Gold Glove;4;13
352261;DJ LeMahieu;Player of the Month;1;13
352261;DJ LeMahieu;Player of the Week;2;13
352261;DJ LeMahieu;Silver Slugger;2;13
352261;DJ LeMahieu;TSN All-Star;2;13
352269;Bob Lemon;Baseball Magazine All-Star;3;9
352269;Bob Lemon;TSN All-Star;3;9
352269;Bob Lemon;TSN Pitcher of the Year;3;9
352270;Chet Lemon;Player of the Week;2;2
352287;Dennis Leonard;Hutch Award;1;2
352287;Dennis Leonard;Player of the Week;1;2
352288;Dutch Leonard;Baseball Magazine All-Star;1;1
352289;Dutch Leonard;Baseball Magazine All-Star;2;2
352291;Jeffrey Leonard;NLCS MVP;1;4
352291;Jeffrey Leonard;Player of the Week;2;4
352291;Jeffrey Leonard;TSN Rookie Player of the Year;1;4
352330;Jon Lester;Babe Ruth Award;1;13
352330;Jon Lester;Hutch Award;1;13
352330;Jon Lester;NLCS MVP;1;13
352330;Jon Lester;Pitcher of the Month;6;13
352330;Jon Lester;Player of the Week;3;13
352330;Jon Lester;This Year in Baseball Performance of the Year;1;13
352358;Colby Lewis;Player of the Week;1;1
352359;Darren Lewis;Gold Glove;1;1
352376;Kyle Lewis;MLB Players Choice Outstanding Rookie;1;3
352376;Kyle Lewis;Rookie of the Year;1;3
352376;Kyle Lewis;TSN Rookie of the Year;1;3
352382;Royce Lewis;Rookie of the Month;1;1
352385;Scott Lewis;Rookie of the Month;1;1
352394;Sixto Lezcano;Gold Glove;1;3
352394;Sixto Lezcano;Player of the Week;2;3
352405;Brad Lidge;Comeback Player of the Year;1;5
352405;Brad Lidge;Reliever of the Month;1;5
352405;Brad Lidge;Reliever of the Year Award;1;5
352405;Brad Lidge;TSN Reliever of the Year;1;5
352405;Brad Lidge;This Year in Baseball Closer of the Year;1;5
352406;Cory Lidle;Pitcher of the Month;1;1
352408;Jon Lieber;Player of the Week;1;1
352409;Mike Lieberthal;Gold Glove;1;4
352409;Mike Lieberthal;MLB Players Choice Comeback Player;1;4
352409;Mike Lieberthal;Player of the Week;1;4
352409;Mike Lieberthal;TSN Comeback Player of the Year;1;4
352427;Jose Lima;Pitcher of the Month;1;3
352427;Jose Lima;Player of the Week;1;3
352427;Jose Lima;TSN All-Star;1;3
352433;Tim Lincecum;Babe Ruth Award;1;12
352433;Tim Lincecum;Cy Young Award;2;12
352433;Tim Lincecum;MLB Players Choice Outstanding Pitcher;1;12
352433;Tim Lincecum;Pitcher of the Month;1;12
352433;Tim Lincecum;Player of the Week;3;12
352433;Tim Lincecum;TSN Pitcher of the Year;2;12
352433;Tim Lincecum;This Year in Baseball Postseason MVP;1;12
352433;Tim Lincecum;This Year in Baseball Starter of the Year;1;12
352438;Adam Lind;Outstanding DH Award;1;3
352438;Adam Lind;Player of the Week;1;3
352438;Adam Lind;Silver Slugger;1;3
352455;Jose Lind;Gold Glove;1;2
352455;Jose Lind;Player of the Week;1;2
352456;Francisco Lindor;All-MLB Team - Second Team;3;22
352456;Francisco Lindor;Gold Glove;2;22
352456;Francisco Lindor;MLB Players Choice Man of the Year;1;22
352456;Francisco Lindor;Platinum Glove;1;22
352456;Francisco Lindor;Player of the Month;1;22
352456;Francisco Lindor;Player of the Week;5;22
352456;Francisco Lindor;Rookie of the Month;1;22
352456;Francisco Lindor;Silver Slugger;4;22
352456;Francisco Lindor;TSN All-Star;4;22
352466;Freddie Lindstrom;Baseball Magazine All-Star;2;4
352466;Freddie Lindstrom;TSN All-Star;2;4
352490;Frank Linzy;TSN Rookie Pitcher of the Year;1;1
352500;Francisco Liriano;Comeback Player of the Year;2;10
352500;Francisco Liriano;MLB Players Choice Comeback Player;1;10
352500;Francisco Liriano;Pitcher of the Month;1;10
352500;Francisco Liriano;Player of the Week;2;10
352500;Francisco Liriano;Rookie of the Month;2;10
352500;Francisco Liriano;TSN Comeback Player of the Year;1;10
352500;Francisco Liriano;This Year in Baseball Rookie of the Year;1;10
352501;Nelson Liriano;Player of the Week;1;1
352510;Pat Listach;Rookie of the Year;1;2
352510;Pat Listach;TSN Rookie Player of the Year;1;2
352555;Esteban Loaiza;MLB Players Choice Comeback Player;1;4
352555;Esteban Loaiza;Pitcher of the Month;2;4
352555;Esteban Loaiza;Player of the Week;1;4
352560;Hans Lobert;Baseball Magazine All-Star;2;2
352591;Paul Lo Duca;TSN All-Star;1;1
352599;Kenny Lofton;Gold Glove;4;7
352599;Kenny Lofton;Player of the Week;3;7
352618;Mickey Lolich;Babe Ruth Award;1;2
352618;Mickey Lolich;World Series MVP;1;2
352620;Sherm Lollar;Gold Glove;3;4
352620;Sherm Lollar;TSN All-Star;1;4
352625;Ernie Lombardi;Baseball Magazine All-Star;2;4
352625;Ernie Lombardi;Most Valuable Player;1;4
352625;Ernie Lombardi;TSN Guide MVP;1;4
352633;Jim Lonborg;Cy Young Award;1;3
352633;Jim Lonborg;TSN All-Star;1;3
352633;Jim Lonborg;TSN Pitcher of the Year;1;3
352636;James Loney;Player of the Week;1;2
352636;James Loney;Rookie of the Month;1;2
352654;Evan Longoria;Gold Glove;3;18
352654;Evan Longoria;MLB Players Choice Outstanding Rookie;1;18
352654;Evan Longoria;Player of the Month;1;18
352654;Evan Longoria;Player of the Week;7;18
352654;Evan Longoria;Rookie of the Month;1;18
352654;Evan Longoria;Rookie of the Year;1;18
352654;Evan Longoria;Silver Slugger;1;18
352654;Evan Longoria;TSN Rookie of the Year;1;18
352654;Evan Longoria;This Year in Baseball Oddity of the Year;1;18
352654;Evan Longoria;This Year in Baseball Rookie of the Year;1;18
352659;Terrence Long;MLB Players Choice Outstanding Rookie;1;1
352677;Davey Lopes;Gold Glove;1;4
352677;Davey Lopes;Player of the Week;1;4
352677;Davey Lopes;TSN All-Star;2;4
352679;Al Lopez;Baseball Magazine All-Star;3;3
352680;Albie Lopez;Player of the Week;1;1
352689;Felipe Lopez;Player of the Week;1;3
352689;Felipe Lopez;Silver Slugger;1;3
352689;Felipe Lopez;TSN All-Star;1;3
352692;Javy Lopez;NLCS MVP;1;5
352692;Javy Lopez;Player of the Week;1;5
352692;Javy Lopez;Silver Slugger;1;5
352692;Javy Lopez;TSN All-Star;1;5
352692;Javy Lopez;TSN Comeback Player of the Year;1;5
352703;Marcelino Lopez;TSN Rookie Pitcher of the Year;1;1
352709;Pablo Lopez;Pitcher of the Month;1;1
352715;Rodrigo Lopez;Rookie of the Month;1;2
352715;Rodrigo Lopez;TSN Rookie Pitcher of the Year;1;2
352722;Harry Lord;Baseball Magazine All-Star;4;4
352725;Michael Lorenzen;Player of the Week;1;1
352726;Mark Loretta;Hutch Award;1;3
352726;Mark Loretta;Silver Slugger;1;3
352726;Mark Loretta;TSN All-Star;1;3
352763;Brandon Lowe;All-MLB Team - Second Team;1;3
352763;Brandon Lowe;Player of the Week;1;3
352763;Brandon Lowe;Rookie of the Month;1;3
352765;Derek Lowe;Pitcher of the Month;3;5
352765;Derek Lowe;Player of the Week;1;5
352765;Derek Lowe;TSN All-Star;1;5
352771;Mike Lowell;Gold Glove;1;8
352771;Mike Lowell;Player of the Week;4;8
352771;Mike Lowell;Silver Slugger;1;8
352771;Mike Lowell;This Year in Baseball Defensive Player of the Year;1;8
352771;Mike Lowell;World Series MVP;1;8
352773;Nathaniel Lowe;Gold Glove;1;4
352773;Nathaniel Lowe;Player of the Week;2;4
352773;Nathaniel Lowe;Silver Slugger;1;4
352774;John Lowenstein;Player of the Week;1;1
352784;Noah Lowry;Pitcher of the Month;1;3
352784;Noah Lowry;Player of the Week;2;3
352801;Red Lucas;Baseball Magazine All-Star;2;2
352810;Jonathan Lucroy;Bob Feller Act of Valor Award - MLB Player;1;1
352816;Ryan Ludwick;Player of the Month;1;4
352816;Ryan Ludwick;Player of the Week;2;4
352816;Ryan Ludwick;Silver Slugger;1;4
352827;Julio Lugo;Player of the Week;1;1
352830;Seth Lugo;All-MLB Team - Second Team;1;3
352830;Seth Lugo;Gold Glove;1;3
352830;Seth Lugo;Reliever of the Month;1;3
352859;Dolf Luque;Baseball Magazine All-Star;2;2
352873;Gavin Lux;Player of the Week;1;1
352875;Greg Luzinski;Outstanding DH Award;2;11
352875;Greg Luzinski;Player of the Month;2;11
352875;Greg Luzinski;Player of the Week;3;11
352875;Greg Luzinski;Roberto Clemente Award;1;11
352875;Greg Luzinski;TSN All-Star;3;11
352881;Sparky Lyle;Cy Young Award;1;3
352881;Sparky Lyle;Player of the Week;1;3
352881;Sparky Lyle;TSN Fireman of the Year;1;3
352897;Fred Lynn;ALCS MVP;1;21
352897;Fred Lynn;All-Star Game MVP;1;21
352897;Fred Lynn;Gold Glove;4;21
352897;Fred Lynn;Most Valuable Player;1;21
352897;Fred Lynn;Player of the Month;2;21
352897;Fred Lynn;Player of the Week;6;21
352897;Fred Lynn;Rookie of the Year;1;21
352897;Fred Lynn;TSN All-Star;3;21
352897;Fred Lynn;TSN Player of the Year;1;21
352897;Fred Lynn;TSN Rookie Player of the Year;1;21
352919;Ted Lyons;Baseball Magazine All-Star;7;8
352919;Ted Lyons;TSN All-Star;1;8
352941;Danny MacFayden;Baseball Magazine All-Star;1;1
352950;Manny Machado;All-MLB Team - First Team;2;23
352950;Manny Machado;All-MLB Team - Second Team;1;23
352950;Manny Machado;Gold Glove;2;23
352950;Manny Machado;Platinum Glove;1;23
352950;Manny Machado;Player of the Month;2;23
352950;Manny Machado;Player of the Week;8;23
352950;Manny Machado;Silver Slugger;3;23
352950;Manny Machado;TSN All-Star;3;23
352950;Manny Machado;This Year in Baseball Play of the Year;1;23
352976;Rob Mackowiak;Player of the Week;1;1
352981;Shane Mack;Player of the Week;1;1
353008;Garry Maddox;Gold Glove;8;11
353008;Garry Maddox;Player of the Week;2;11
353008;Garry Maddox;Roberto Clemente Award;1;11
353012;Greg Maddux;Cy Young Award;4;52
353012;Greg Maddux;Gold Glove;18;52
353012;Greg Maddux;MLB Players Choice Outstanding Pitcher;3;52
353012;Greg Maddux;Pitcher of the Month;10;52
353012;Greg Maddux;Player of the Week;8;52
353012;Greg Maddux;TSN All-Star;5;52
353012;Greg Maddux;TSN Pitcher of the Year;4;52
353021;Bill Madlock;All-Star Game MVP;1;5
353021;Bill Madlock;Player of the Week;3;5
353021;Bill Madlock;TSN All-Star;1;5
353030;Kenta Maeda;All-MLB Team - Second Team;1;1
353036;Sherry Magee;Baseball Magazine All-Star;4;4
353042;Sal Maglie;TSN All-Star;1;1
353070;Rick Mahler;Player of the Week;1;1
353092;John Maine;Pitcher of the Month;1;1
353099;Fritz Maisel;Baseball Magazine All-Star;1;1
353118;Candy Maldonado;Player of the Week;2;2
353121;Martin Maldonado;Gold Glove;1;1
353155;Pat Malone;Baseball Magazine All-Star;4;4
353160;Frank Malzone;Gold Glove;3;4
353160;Frank Malzone;TSN All-Star;1;4
353161;Al Mamaux;Baseball Magazine All-Star;2;2
353162;Sean Manaea;Pitcher of the Month;2;3
353162;Sean Manaea;Player of the Week;1;3
353163;Trey Mancini;Comeback Player of the Year;1;4
353163;Trey Mancini;MLB Players Choice Comeback Player;1;4
353163;Trey Mancini;Player of the Week;1;4
353163;Trey Mancini;TSN Comeback Player of the Year;1;4
353196;Rick Manning;Gold Glove;1;3
353196;Rick Manning;Player of the Week;2;3
353204;Alek Manoah;All-MLB Team - First Team;1;3
353204;Alek Manoah;Pitcher of the Month;1;3
353204;Alek Manoah;Rookie of the Month;1;3
353218;Mickey Mantle;Gold Glove;1;15
353218;Mickey Mantle;Hutch Award;1;15
353218;Mickey Mantle;Most Valuable Player;3;15
353218;Mickey Mantle;TSN All-Star;6;15
353218;Mickey Mantle;TSN Major League Player of the Year;1;15
353218;Mickey Mantle;TSN Player of the Year;2;15
353218;Mickey Mantle;Triple Crown;1;15
353226;Heinie Manush;Baseball Magazine All-Star;4;5
353226;Heinie Manush;TSN All-Star;1;5
353228;Kirt Manwaring;Gold Glove;1;1
353241;Rabbit Maranville;Baseball Magazine All-Star;7;7
353247;Phil Marchildon;Baseball Magazine All-Star;1;1
353250;Shaun Marcum;Player of the Week;1;1
353254;Manuel Margot;Player of the Week;2;2
353255;Juan Marichal;All-Star Game MVP;1;5
353255;Juan Marichal;TSN All-Star;4;5
353260;Marty Marion;Baseball Magazine All-Star;6;12
353260;Marty Marion;Most Valuable Player;1;12
353260;Marty Marion;TSN All-Star;2;12
353260;Marty Marion;TSN Guide MVP;1;12
353260;Marty Marion;TSN Major League Player of the Year;1;12
353260;Marty Marion;TSN Player of the Year;1;12
353264;Roger Maris;Gold Glove;1;8
353264;Roger Maris;Most Valuable Player;2;8
353264;Roger Maris;TSN All-Star;2;8
353264;Roger Maris;TSN Major League Player of the Year;1;8
353264;Roger Maris;TSN Player of the Year;2;8
353266;Nick Markakis;Gold Glove;3;6
353266;Nick Markakis;Player of the Week;1;6
353266;Nick Markakis;Rookie of the Month;1;6
353266;Nick Markakis;Silver Slugger;1;6
353278;Carlos Marmol;Reliever of the Month;1;1
353288;German Marquez;Pitcher of the Month;1;2
353288;German Marquez;Silver Slugger;1;2
353291;Jason Marquis;Silver Slugger;1;1
353297;Rube Marquard;Baseball Magazine All-Star;1;1
353330;Mike Marshall;Cy Young Award;1;8
353330;Mike Marshall;Player of the Week;3;8
353330;Mike Marshall;TSN Fireman of the Year;3;8
353330;Mike Marshall;TSN Pitcher of the Year;1;8
353331;Mike Marshall;Player of the Week;2;2
353335;Willard Marshall;Baseball Magazine All-Star;1;1
353345;Ketel Marte;All-MLB Team - First Team;2;8
353345;Ketel Marte;NLCS MVP;1;8
353345;Ketel Marte;Player of the Week;1;8
353345;Ketel Marte;Silver Slugger;2;8
353345;Ketel Marte;TSN All-Star;2;8
353350;Starling Marte;Gold Glove;2;4
353350;Starling Marte;Player of the Week;1;4
353350;Starling Marte;TSN All-Star;1;4
353364;Billy Martin;Babe Ruth Award;1;1
353367;Carmelo Martinez;Player of the Week;1;1
353368;Carlos Martinez;Player of the Week;2;2
353380;Dennis Martinez;Pitcher of the Month;3;5
353380;Dennis Martinez;Player of the Week;2;5
353383;Edgar Martinez;Outstanding DH Award;5;27
353383;Edgar Martinez;Player of the Month;5;27
353383;Edgar Martinez;Player of the Week;7;27
353383;Edgar Martinez;Roberto Clemente Award;1;27
353383;Edgar Martinez;Silver Slugger;5;27
353383;Edgar Martinez;TSN All-Star;4;27
353400;J. D. Martinez;Hank Aaron Award;1;20
353400;J. D. Martinez;MLB Players Choice Player of the Year;1;20
353400;J. D. Martinez;Player of the Month;2;20
353400;J. D. Martinez;Player of the Week;12;20
353400;J. D. Martinez;Silver Slugger;3;20
353400;J. D. Martinez;TSN All-Star;1;20
353409;Jose Martinez;Rookie of the Month;1;1
353422;Nick Martinez;Pitcher of the Month;1;1
353432;Pepper Martin;Baseball Magazine All-Star;2;3
353432;Pepper Martin;TSN All-Star;1;3
353433;Pedro Martinez;All-Star Game MVP;1;12
353433;Pedro Martinez;Cy Young Award;3;12
353433;Pedro Martinez;Pitching Triple Crown;1;12
353433;Pedro Martinez;TSN All-Star;4;12
353433;Pedro Martinez;TSN Pitcher of the Year;3;12
353434;Pedro Martinez;Bob Feller Act of Valor Award - HOF Player;1;20
353434;Pedro Martinez;MLB Players Choice Outstanding Pitcher;4;20
353434;Pedro Martinez;MLB Players Choice Player of the Year;1;20
353434;Pedro Martinez;Pitcher of the Month;8;20
353434;Pedro Martinez;Player of the Week;5;20
353434;Pedro Martinez;This Year in Baseball Oddity of the Year;1;20
353438;Ramon Martinez;Pitcher of the Month;1;2
353438;Ramon Martinez;Player of the Week;1;2
353446;Russell Martin;Gold Glove;1;4
353446;Russell Martin;Player of the Week;1;4
353446;Russell Martin;Silver Slugger;1;4
353446;Russell Martin;TSN All-Star;1;4
353455;Tippy Martinez;Pitcher of the Month;1;1
353456;Tino Martinez;Player of the Week;5;7
353456;Tino Martinez;Silver Slugger;1;7
353456;Tino Martinez;TSN All-Star;1;7
353459;Victor Martinez;Outstanding DH Award;1;9
353459;Victor Martinez;Player of the Month;1;9
353459;Victor Martinez;Player of the Week;5;9
353459;Victor Martinez;Silver Slugger;2;9
353473;Phil Masi;Baseball Magazine All-Star;1;1
353496;Justin Masterson;Player of the Week;1;1
353515;Christy Mathewson;Baseball Magazine All-Star;13;15
353515;Christy Mathewson;Pitching Triple Crown;2;15
353517;Eddie Mathews;TSN All-Star;4;4
353522;Mike Matheny;Gold Glove;4;4
353537;Jon Matlack;All-Star Game MVP;1;3
353537;Jon Matlack;Rookie of the Year;1;3
353537;Jon Matlack;TSN Rookie Pitcher of the Year;1;3
353543;Luis Matos;Player of the Week;1;1
353544;Luis Matos;Player of the Week;1;1
353548;Daisuke Matsuzaka;Player of the Week;1;1
353549;Hideki Matsui;Player of the Month;1;7
353549;Hideki Matsui;Player of the Week;4;7
353549;Hideki Matsui;Rookie of the Month;1;7
353549;Hideki Matsui;World Series MVP;1;7
353561;Gary Matthews;NLCS MVP;1;9
353561;Gary Matthews;Player of the Month;1;9
353561;Gary Matthews;Player of the Week;5;9
353561;Gary Matthews;Rookie of the Year;1;9
353561;Gary Matthews;TSN Rookie Player of the Year;1;9
353573;Don Mattingly;Gold Glove;9;32
353573;Don Mattingly;Lou Gehrig Memorial Award;1;32
353573;Don Mattingly;Most Valuable Player;1;32
353573;Don Mattingly;Player of the Month;4;32
353573;Don Mattingly;Player of the Week;6;32
353573;Don Mattingly;Silver Slugger;3;32
353573;Don Mattingly;TSN All-Star;4;32
353573;Don Mattingly;TSN Major League Player of the Year;1;32
353573;Don Mattingly;TSN Player of the Year;3;32
353583;Brian Matusz;Rookie of the Month;1;1
353587;Steven Matz;Rookie of the Month;1;1
353590;Joe Mauer;Gold Glove;3;18
353590;Joe Mauer;MLB Players Choice Outstanding Player;1;18
353590;Joe Mauer;Most Valuable Player;1;18
353590;Joe Mauer;Player of the Month;2;18
353590;Joe Mauer;Player of the Week;4;18
353590;Joe Mauer;Silver Slugger;5;18
353590;Joe Mauer;TSN All-Star;1;18
353590;Joe Mauer;This Year in Baseball Hitter of the Year;1;18
353606;Dal Maxvill;Gold Glove;1;1
353616;John Mayberry;Player of the Month;1;5
353616;John Mayberry;Player of the Week;2;5
353616;John Mayberry;TSN All-Star;2;5
353618;Cameron Maybin;Player of the Week;2;2
353620;Carlos May;TSN Rookie Player of the Year;1;1
353630;Mike Mayers;Reliever of the Month;1;1
353639;Lee May;Player of the Week;2;4
353639;Lee May;TSN All-Star;1;4
353639;Lee May;TSN Rookie Player of the Year;1;4
353646;Eddie Mayo;TSN Guide MVP;1;2
353646;Eddie Mayo;TSN Player of the Year;1;2
353654;Carl Mays;Baseball Magazine All-Star;3;3
353659;Willie Mays;All-Star Game MVP;2;33
353659;Willie Mays;Gold Glove;12;33
353659;Willie Mays;Most Valuable Player;2;33
353659;Willie Mays;Roberto Clemente Award;1;33
353659;Willie Mays;Rookie of the Year;1;33
353659;Willie Mays;TSN All-Star;11;33
353659;Willie Mays;TSN Major League Player of the Year;1;33
353659;Willie Mays;TSN Player of the Year;2;33
353659;Willie Mays;TSN Rookie of the Year;1;33
353664;Nomar Mazara;Player of the Week;1;3
353664;Nomar Mazara;Rookie of the Month;2;3
353666;Bill Mazeroski;Babe Ruth Award;1;13
353666;Bill Mazeroski;Gold Glove;8;13
353666;Bill Mazeroski;TSN All-Star;3;13
353666;Bill Mazeroski;TSN Major League Player of the Year;1;13
353698;Al McBean;TSN Fireman of the Year;1;1
353702;Bake McBride;Player of the Week;1;2
353702;Bake McBride;Rookie of the Year;1;2
353733;Brian McCann;All-Star Game MVP;1;9
353733;Brian McCann;Player of the Week;1;9
353733;Brian McCann;Silver Slugger;6;9
353733;Brian McCann;TSN All-Star;1;9
353760;Tim McCarver;TSN All-Star;1;1
353807;Billy McCool;TSN Rookie Pitcher of the Year;1;1
353811;Chas McCormick;Player of the Week;1;1
353813;Frank McCormick;Baseball Magazine All-Star;3;6
353813;Frank McCormick;Most Valuable Player;1;6
353813;Frank McCormick;TSN All-Star;1;6
353813;Frank McCormick;TSN Guide MVP;1;6
353820;Mike McCormick;Cy Young Award;1;4
353820;Mike McCormick;TSN All-Star;1;4
353820;Mike McCormick;TSN Comeback Player of the Year;1;4
353820;Mike McCormick;TSN Pitcher of the Year;1;4
353823;Willie McCovey;All-Star Game MVP;1;14
353823;Willie McCovey;Hutch Award;1;14
353823;Willie McCovey;Most Valuable Player;1;14
353823;Willie McCovey;Player of the Week;2;14
353823;Willie McCovey;Rookie of the Year;1;14
353823;Willie McCovey;TSN All-Star;4;14
353823;Willie McCovey;TSN Comeback Player of the Year;1;14
353823;Willie McCovey;TSN Major League Player of the Year;1;14
353823;Willie McCovey;TSN Player of the Year;1;14
353823;Willie McCovey;TSN Rookie of the Year;1;14
353834;Quinton McCracken;Player of the Week;1;1
353847;Clyde McCullough;Baseball Magazine All-Star;1;1
353850;Lance McCullers;Pitcher of the Month;1;1
353857;Andrew McCutchen;Gold Glove;1;21
353857;Andrew McCutchen;MLB Players Choice Outstanding Player;2;21
353857;Andrew McCutchen;Most Valuable Player;1;21
353857;Andrew McCutchen;Player of the Month;5;21
353857;Andrew McCutchen;Player of the Week;7;21
353857;Andrew McCutchen;Roberto Clemente Award;1;21
353857;Andrew McCutchen;Silver Slugger;4;21
353862;Lindy McDaniel;TSN Fireman of the Year;2;2
353877;Ben McDonald;Pitcher of the Month;1;1
353903;Gil McDougald;Lou Gehrig Memorial Award;1;3
353903;Gil McDougald;Rookie of the Year;1;3
353903;Gil McDougald;TSN All-Star;1;3
353908;Jack McDowell;Cy Young Award;1;6
353908;Jack McDowell;Player of the Week;2;6
353908;Jack McDowell;TSN All-Star;2;6
353908;Jack McDowell;TSN Pitcher of the Year;1;6
353909;Oddibe McDowell;Player of the Week;2;2
353911;Sam McDowell;TSN All-Star;1;2
353911;Sam McDowell;TSN Pitcher of the Year;1;2
353954;Jake McGee;Reliever of the Month;1;1
353956;Willie McGee;Gold Glove;3;10
353956;Willie McGee;Most Valuable Player;1;10
353956;Willie McGee;Player of the Month;1;10
353956;Willie McGee;Player of the Week;2;10
353956;Willie McGee;Silver Slugger;1;10
353956;Willie McGee;TSN All-Star;1;10
353956;Willie McGee;TSN Player of the Year;1;10
353957;Casey McGehee;Comeback Player of the Year;1;4
353957;Casey McGehee;MLB Players Choice Comeback Player;1;4
353957;Casey McGehee;Rookie of the Month;1;4
353957;Casey McGehee;TSN Comeback Player of the Year;1;4
353985;Dustin McGowan;Hutch Award;1;1
353995;Tug McGraw;Babe Ruth Award;1;3
353995;Tug McGraw;Player of the Week;2;3
353997;Scott McGregor;Pitcher of the Month;1;2
353997;Scott McGregor;Player of the Week;1;2
353999;Fred McGriff;All-Star Game MVP;1;16
353999;Fred McGriff;Player of the Month;2;16
353999;Fred McGriff;Player of the Week;7;16
353999;Fred McGriff;Silver Slugger;3;16
353999;Fred McGriff;TSN All-Star;3;16
354015;Mark McGwire;Gold Glove;1;28
354015;Mark McGwire;Lou Gehrig Memorial Award;1;28
354015;Mark McGwire;MLB Players Choice Man of the Year;1;28
354015;Mark McGwire;MLB Players Choice Player of the Year;1;28
354015;Mark McGwire;Player of the Month;6;28
354015;Mark McGwire;Player of the Week;10;28
354015;Mark McGwire;Rookie of the Year;1;28
354015;Mark McGwire;Silver Slugger;3;28
354015;Mark McGwire;TSN All-Star;3;28
354015;Mark McGwire;TSN Rookie Player of the Year;1;28
354024;Collin McHugh;Rookie of the Month;1;1
354028;Stuffy McInnis;Baseball Magazine All-Star;5;5
354082;Denny McLain;Cy Young Award;2;8
354082;Denny McLain;Most Valuable Player;1;8
354082;Denny McLain;TSN All-Star;2;8
354082;Denny McLain;TSN Major League Player of the Year;1;8
354082;Denny McLain;TSN Pitcher of the Year;2;8
354083;Matt McLain;Player of the Week;1;1
354111;Mark McLemore;Player of the Week;1;1
354116;Nate McLouth;Gold Glove;1;1
354138;Roy McMillan;Gold Glove;3;3
354147;Craig McMurtry;TSN Rookie Pitcher of the Year;1;1
354153;Dave McNally;TSN All-Star;1;1
354171;Jeff McNeil;Silver Slugger;1;2
354171;Jeff McNeil;TSN All-Star;1;2
354191;George McQuinn;Baseball Magazine All-Star;1;1
354195;Brian McRae;Player of the Week;1;1
354196;Hal McRae;Outstanding DH Award;3;13
354196;Hal McRae;Player of the Month;1;13
354196;Hal McRae;Player of the Week;5;13
354196;Hal McRae;Silver Slugger;1;13
354196;Hal McRae;TSN All-Star;3;13
354199;Kevin McReynolds;Player of the Month;1;4
354199;Kevin McReynolds;Player of the Week;2;4
354199;Kevin McReynolds;TSN All-Star;1;4
354210;Larry McWilliams;Player of the Week;1;2
354210;Larry McWilliams;TSN All-Star;1;2
354216;Austin Meadows;Player of the Month;1;4
354216;Austin Meadows;Player of the Week;2;4
354216;Austin Meadows;Rookie of the Month;1;4
354226;John Means;Player of the Week;1;1
354233;Gil Meche;TSN Comeback Player of the Year;1;1
354240;Doc Medich;Player of the Month;1;1
354250;Kris Medlen;Pitcher of the Month;3;3
354253;Joe Medwick;Baseball Magazine All-Star;14;22
354253;Joe Medwick;Most Valuable Player;1;22
354253;Joe Medwick;TSN All-Star;5;22
354253;Joe Medwick;TSN Guide MVP;1;22
354253;Joe Medwick;Triple Crown;1;22
354292;Mark Melancon;Reliever of the Month;1;3
354292;Mark Melancon;Reliever of the Year Award;1;3
354292;Mark Melancon;This Year in Baseball Setup Man of the Year;1;3
354301;Oscar Melillo;Baseball Magazine All-Star;1;1
354322;Kevin Mench;Player of the Week;1;1
354364;Yermin Mercedes;Player of the Week;1;2
354364;Yermin Mercedes;Rookie of the Month;1;2
354367;Kent Mercker;Pitcher of the Month;1;2
354367;Kent Mercker;Player of the Week;1;2
354383;Jackson Merrill;All-MLB Team - Second Team;1;8
354383;Jackson Merrill;MLB Players Choice Outstanding Rookie;1;8
354383;Jackson Merrill;Player of the Week;1;8
354383;Jackson Merrill;Rookie of the Month;2;8
354383;Jackson Merrill;Silver Slugger;1;8
354383;Jackson Merrill;TSN All-Star;1;8
354383;Jackson Merrill;TSN Rookie of the Year;1;8
354384;Jim Merritt;TSN All-Star;1;1
354400;Jose Mesa;Player of the Week;2;5
354400;Jose Mesa;Reliever of the Month;1;5
354400;Jose Mesa;Reliever of the Year Award;1;5
354400;Jose Mesa;TSN Fireman of the Year;1;5
354406;Andy Messersmith;Gold Glove;2;6
354406;Andy Messersmith;Pitcher of the Month;1;6
354406;Andy Messersmith;Player of the Week;2;6
354406;Andy Messersmith;TSN All-Star;1;6
354421;Butch Metzger;Rookie of the Year;1;2
354421;Butch Metzger;TSN Rookie Pitcher of the Year;1;2
354422;Roger Metzger;Gold Glove;1;1
354436;Jack Meyers;Baseball Magazine All-Star;4;4
354438;Dan Meyer;Player of the Month;1;2
354438;Dan Meyer;Player of the Week;1;2
354446;Jake Meyers;Player of the Week;1;1
354458;Cass Michaels;Baseball Magazine All-Star;1;1
354461;Jason Michaels;This Year in Baseball Oddity of the Year;1;1
354474;Will Middlebrooks;Player of the Week;2;2
354478;Doug Mientkiewicz;Gold Glove;1;1
354504;Wade Miley;Player of the Week;1;3
354504;Wade Miley;Rookie of the Month;1;3
354504;Wade Miley;TSN Rookie of the Year;1;3
354508;Felix Millan;Gold Glove;2;3
354508;Felix Millan;Player of the Week;1;3
354510;Kevin Millar;Player of the Week;2;2
354514;Andrew Miller;ALCS MVP;1;2
354514;Andrew Miller;Reliever of the Year Award;1;2
354527;Brad Miller;Player of the Week;2;2
354549;Eddie Miller;Baseball Magazine All-Star;1;1
354590;Mason Miller;All-MLB Team - Second Team;1;4
354590;Mason Miller;Reliever of the Month;2;4
354590;Mason Miller;TSN Rookie of the Year;1;4
354609;Rick Miller;Gold Glove;1;1
354618;Stu Miller;TSN Fireman of the Year;2;2
354627;Wade Miller;Pitcher of the Month;1;1
354636;Randy Milligan;Player of the Week;1;1
354641;Alec Mills;Player of the Week;1;1
354656;Kevin Millwood;Player of the Week;1;1
354659;Eddie Milner;Player of the Week;1;1
354661;John Milner;Player of the Week;2;2
354668;Eric Milton;Player of the Week;1;1
354691;Minnie Miñoso;Gold Glove;3;6
354691;Minnie Miñoso;TSN All-Star;2;6
354691;Minnie Miñoso;TSN Rookie of the Year;1;6
354694;Greg Minton;Player of the Week;1;1
354703;Jose Miranda;Player of the Week;1;2
354703;Jose Miranda;Rookie of the Month;1;2
354736;Kevin Mitchell;Most Valuable Player;1;9
354736;Kevin Mitchell;Player of the Week;4;9
354736;Kevin Mitchell;Silver Slugger;1;9
354736;Kevin Mitchell;TSN All-Star;1;9
354736;Kevin Mitchell;TSN Major League Player of the Year;1;9
354736;Kevin Mitchell;TSN Player of the Year;1;9
354752;Johnny Mize;Babe Ruth Award;1;13
354752;Johnny Mize;Baseball Magazine All-Star;9;13
354752;Johnny Mize;TSN All-Star;3;13
354756;Dave Mlicki;Player of the Week;1;1
354784;Bengie Molina;Gold Glove;2;4
354784;Bengie Molina;Player of the Week;2;4
354792;Yadier Molina;Gold Glove;9;18
354792;Yadier Molina;Platinum Glove;4;18
354792;Yadier Molina;Player of the Week;1;18
354792;Yadier Molina;Roberto Clemente Award;1;18
354792;Yadier Molina;Silver Slugger;1;18
354792;Yadier Molina;This Year in Baseball Defensive Player of the Year;2;18
354793;Paul Molitor;Babe Ruth Award;1;24
354793;Paul Molitor;Branch Rickey Award;1;24
354793;Paul Molitor;Hutch Award;1;24
354793;Paul Molitor;Lou Gehrig Memorial Award;1;24
354793;Paul Molitor;MLB Players Choice Man of the Year;1;24
354793;Paul Molitor;Outstanding DH Award;2;24
354793;Paul Molitor;Player of the Month;2;24
354793;Paul Molitor;Player of the Week;5;24
354793;Paul Molitor;Silver Slugger;4;24
354793;Paul Molitor;TSN All-Star;4;24
354793;Paul Molitor;TSN Rookie Player of the Year;1;24
354793;Paul Molitor;World Series MVP;1;24
354810;Rick Monday;Player of the Month;1;2
354810;Rick Monday;Player of the Week;1;2
354812;Raul Mondesi;Gold Glove;2;9
354812;Raul Mondesi;MLB Players Choice Outstanding Rookie;1;9
354812;Raul Mondesi;Player of the Week;4;9
354812;Raul Mondesi;Rookie of the Year;1;9
354812;Raul Mondesi;TSN Rookie Player of the Year;1;9
354813;Adalberto Mondesi;Player of the Week;1;1
354816;Don Money;Player of the Week;2;2
354817;Sid Monge;Pitcher of the Month;1;1
354830;Frankie Montas;Pitcher of the Month;1;2
354830;Frankie Montas;Player of the Week;1;2
354834;Willie Montanez;Player of the Week;1;2
354834;Willie Montanez;TSN All-Star;1;2
354843;John Montefusco;Player of the Week;1;3
354843;John Montefusco;Rookie of the Year;1;3
354843;John Montefusco;TSN Rookie Pitcher of the Year;1;3
354844;Keider Montero;Player of the Week;1;1
354854;Jeff Montgomery;Player of the Week;1;3
354854;Jeff Montgomery;Reliever of the Year Award;1;3
354854;Jeff Montgomery;TSN Fireman of the Year;1;3
354855;Jordan Montgomery;All-MLB Team - Second Team;1;1
354876;Wally Moon;Gold Glove;1;3
354876;Wally Moon;Rookie of the Year;1;3
354876;Wally Moon;TSN Rookie of the Year;1;3
354900;Dylan Moore;Gold Glove;1;2
354900;Dylan Moore;Player of the Week;1;2
354919;Jo-Jo Moore;Baseball Magazine All-Star;1;1
354926;Mike Moore;Pitcher of the Month;1;3
354926;Mike Moore;Player of the Week;2;3
354954;Jose Morales;Player of the Week;1;1
354956;Kendrys Morales;Outstanding DH Award;1;8
354956;Kendrys Morales;Player of the Month;1;8
354956;Kendrys Morales;Player of the Week;5;8
354956;Kendrys Morales;Silver Slugger;1;8
354961;Melvin Mora;Player of the Month;2;6
354961;Melvin Mora;Player of the Week;2;6
354961;Melvin Mora;Silver Slugger;1;6
354961;Melvin Mora;TSN All-Star;1;6
354991;Keith Moreland;Player of the Month;1;1
354992;Mitch Moreland;Gold Glove;1;2
354992;Mitch Moreland;Player of the Week;1;2
354998;Gabriel Moreno;Gold Glove;1;1
355003;Omar Moreno;TSN All-Star;1;1
355021;Joe Morgan;All-Star Game MVP;1;25
355021;Joe Morgan;Gold Glove;5;25
355021;Joe Morgan;Most Valuable Player;2;25
355021;Joe Morgan;Player of the Month;3;25
355021;Joe Morgan;Player of the Week;3;25
355021;Joe Morgan;Silver Slugger;1;25
355021;Joe Morgan;TSN All-Star;5;25
355021;Joe Morgan;TSN Comeback Player of the Year;1;25
355021;Joe Morgan;TSN Major League Player of the Year;2;25
355021;Joe Morgan;TSN Player of the Year;1;25
355021;Joe Morgan;TSN Rookie Player of the Year;1;25
355024;Mike Morgan;Pitcher of the Month;1;2
355024;Mike Morgan;Player of the Week;1;2
355048;Justin Morneau;Most Valuable Player;1;8
355048;Justin Morneau;Player of the Month;1;8
355048;Justin Morneau;Player of the Week;3;8
355048;Justin Morneau;Silver Slugger;2;8
355048;Justin Morneau;TSN All-Star;1;8
355069;Ed Morris;Baseball Magazine All-Star;1;1
355074;Hal Morris;Player of the Week;4;4
355076;Jack Morris;Babe Ruth Award;2;12
355076;Jack Morris;Pitcher of the Month;4;12
355076;Jack Morris;Player of the Week;3;12
355076;Jack Morris;TSN All-Star;1;12
355076;Jack Morris;TSN Pitcher of the Year;1;12
355076;Jack Morris;World Series MVP;1;12
355083;Johnny Morrison;Baseball Magazine All-Star;1;1
355088;Matt Morris;MLB Players Choice Comeback Player;1;5
355088;Matt Morris;Player of the Week;2;5
355088;Matt Morris;TSN Comeback Player of the Year;1;5
355088;Matt Morris;TSN Rookie Pitcher of the Year;1;5
355100;Mike Morse;This Year in Baseball Oddity of the Year;1;1
355104;Carl Morton;Rookie of the Year;1;2
355104;Carl Morton;TSN Rookie Pitcher of the Year;1;2
355106;Charlie Morton;All-MLB Team - Second Team;1;1
355117;Lloyd Moseby;Player of the Month;1;7
355117;Lloyd Moseby;Player of the Week;4;7
355117;Lloyd Moseby;Silver Slugger;1;7
355117;Lloyd Moseby;TSN All-Star;1;7
355127;Wally Moses;Baseball Magazine All-Star;2;2
355134;Brandon Moss;Player of the Week;3;3
355144;Johnny Mostil;Baseball Magazine All-Star;2;3
355144;Johnny Mostil;TSN All-Star;1;3
355149;Manny Mota;Player of the Week;1;1
355153;Jason Motte;Player of the Week;1;1
355163;Ryan Mountcastle;MLB Players Choice Outstanding Rookie;1;3
355163;Ryan Mountcastle;Player of the Week;1;3
355163;Ryan Mountcastle;Rookie of the Month;1;3
355164;Mike Moustakas;Comeback Player of the Year;1;3
355164;Mike Moustakas;MLB Players Choice Comeback Player;1;3
355164;Mike Moustakas;TSN Comeback Player of the Year;1;3
355173;Jamie Moyer;Branch Rickey Award;1;5
355173;Jamie Moyer;Hutch Award;1;5
355173;Jamie Moyer;Lou Gehrig Memorial Award;1;5
355173;Jamie Moyer;Roberto Clemente Award;1;5
355173;Jamie Moyer;TSN All-Star;1;5
355180;Bill Mueller;Silver Slugger;1;3
355180;Bill Mueller;TSN All-Star;1;3
355180;Bill Mueller;This Year in Baseball Performance of the Year;1;3
355195;Mark Mulder;Pitcher of the Month;3;7
355195;Mark Mulder;Player of the Week;3;7
355195;Mark Mulder;TSN All-Star;1;7
355197;Terry Mulholland;Player of the Week;2;2
355210;Cedric Mullins;Silver Slugger;1;2
355210;Cedric Mullins;TSN All-Star;1;2
355214;George Mullin;Baseball Magazine All-Star;1;1
355231;Max Muncy;Player of the Week;1;1
355244;Andres Munoz;All-MLB Team - Second Team;1;3
355244;Andres Munoz;Reliever of the Month;2;3
355246;Bobby Munoz;Pitcher of the Month;1;1
355260;Thurman Munson;Gold Glove;3;12
355260;Thurman Munson;Most Valuable Player;1;12
355260;Thurman Munson;Player of the Week;2;12
355260;Thurman Munson;Rookie of the Year;1;12
355260;Thurman Munson;TSN All-Star;4;12
355260;Thurman Munson;TSN Player of the Year;1;12
355266;Bobby Murcer;Gold Glove;1;6
355266;Bobby Murcer;Player of the Week;2;6
355266;Bobby Murcer;TSN All-Star;3;6
355292;Dale Murphy;Gold Glove;5;29
355292;Dale Murphy;Lou Gehrig Memorial Award;1;29
355292;Dale Murphy;Most Valuable Player;2;29
355292;Dale Murphy;Player of the Month;6;29
355292;Dale Murphy;Player of the Week;4;29
355292;Dale Murphy;Roberto Clemente Award;1;29
355292;Dale Murphy;Silver Slugger;4;29
355292;Dale Murphy;TSN All-Star;4;29
355292;Dale Murphy;TSN Player of the Year;2;29
355294;David Murphy;Rookie of the Month;1;1
355295;Daniel Murphy;MLB Players Choice Outstanding Player;1;10
355295;Daniel Murphy;NLCS MVP;1;10
355295;Daniel Murphy;Player of the Month;2;10
355295;Daniel Murphy;Player of the Week;2;10
355295;Daniel Murphy;Silver Slugger;2;10
355295;Daniel Murphy;TSN All-Star;2;10
355299;Dwayne Murphy;Gold Glove;6;7
355299;Dwayne Murphy;TSN All-Star;1;7
355318;Sean Murphy;Gold Glove;1;3
355318;Sean Murphy;Player of the Week;1;3
355318;Sean Murphy;TSN All-Star;1;3
355338;Eddie Murray;Gold Glove;3;22
355338;Eddie Murray;Player of the Month;4;22
355338;Eddie Murray;Player of the Week;9;22
355338;Eddie Murray;Rookie of the Year;1;22
355338;Eddie Murray;Silver Slugger;3;22
355338;Eddie Murray;TSN All-Star;2;22
355362;Joe Musgrove;Player of the Week;1;1
355364;Stan Musial;Baseball Magazine All-Star;12;34
355364;Stan Musial;Lou Gehrig Memorial Award;1;34
355364;Stan Musial;Most Valuable Player;3;34
355364;Stan Musial;TSN All-Star;12;34
355364;Stan Musial;TSN Guide MVP;1;34
355364;Stan Musial;TSN Major League Player of the Year;2;34
355364;Stan Musial;TSN Player of the Year;3;34
355371;Mike Mussina;Gold Glove;7;11
355371;Mike Mussina;Player of the Week;3;11
355371;Mike Mussina;TSN All-Star;1;11
355390;Hi Myers;Baseball Magazine All-Star;1;1
355395;Randy Myers;NLCS MVP;1;6
355395;Randy Myers;Player of the Week;1;6
355395;Randy Myers;Reliever of the Year Award;2;6
355395;Randy Myers;TSN Fireman of the Year;2;6
355400;Wil Myers;MLB Players Choice Outstanding Rookie;1;5
355400;Wil Myers;Player of the Month;1;5
355400;Wil Myers;Rookie of the Month;1;5
355400;Wil Myers;Rookie of the Year;1;5
355400;Wil Myers;TSN Rookie of the Year;1;5
355404;Chris Nabholz;Pitcher of the Month;1;1
355406;Xavier Nady;Player of the Week;2;3
355406;Xavier Nady;Rookie of the Month;1;3
355414;Charles Nagy;Pitcher of the Month;2;2
355415;Mike Nagy;TSN Rookie Pitcher of the Year;1;1
355433;Mike Napoli;Player of the Week;3;3
355434;Tyler Naquin;Player of the Week;1;3
355434;Tyler Naquin;Rookie of the Month;2;3
355451;Jim Nash;TSN Rookie Pitcher of the Year;1;1
355456;Joe Nathan;Player of the Week;2;8
355456;Joe Nathan;Reliever of the Month;4;8
355456;Joe Nathan;TSN All-Star;1;8
355456;Joe Nathan;TSN Reliever of the Year;1;8
355477;Josh Naylor;Player of the Week;1;1
355480;Denny Neagle;Pitcher of the Month;1;3
355480;Denny Neagle;Player of the Week;1;3
355480;Denny Neagle;TSN All-Star;1;3
355483;Charlie Neal;Gold Glove;1;1
355502;Art Nehf;Baseball Magazine All-Star;1;1
355522;Chris Nelson;Player of the Week;1;1
355527;Gene Nelson;Player of the Week;1;1
355551;Robb Nen;TSN Reliever of the Year;1;1
355552;Hector Neris;Reliever of the Month;1;1
355556;Zach Neto;Player of the Week;1;1
355557;Graig Nettles;ALCS MVP;1;13
355557;Graig Nettles;Gold Glove;2;13
355557;Graig Nettles;Player of the Month;2;13
355557;Graig Nettles;Player of the Week;5;13
355557;Graig Nettles;TSN All-Star;3;13
355573;Phil Nevin;Player of the Week;3;3
355577;Don Newcombe;Baseball Magazine All-Star;1;8
355577;Don Newcombe;Cy Young Award;1;8
355577;Don Newcombe;Most Valuable Player;1;8
355577;Don Newcombe;Rookie of the Year;1;8
355577;Don Newcombe;TSN All-Star;2;8
355577;Don Newcombe;TSN Pitcher of the Year;1;8
355577;Don Newcombe;TSN Rookie of the Year;1;8
355585;Hal Newhouser;Baseball Magazine All-Star;10;19
355585;Hal Newhouser;Most Valuable Player;2;19
355585;Hal Newhouser;Pitching Triple Crown;1;19
355585;Hal Newhouser;TSN All-Star;3;19
355585;Hal Newhouser;TSN Major League Player of the Year;1;19
355585;Hal Newhouser;TSN Pitcher of the Year;2;19
355601;Bobo Newsom;Baseball Magazine All-Star;3;3
355602;Dick Newsome;Baseball Magazine All-Star;1;1
355613;Bill Nicholson;Baseball Magazine All-Star;6;7
355613;Bill Nicholson;TSN All-Star;1;7
355649;Joe Niekro;Pitcher of the Month;1;3
355649;Joe Niekro;TSN All-Star;1;3
355649;Joe Niekro;TSN Pitcher of the Year;1;3
355651;Phil Niekro;Gold Glove;5;11
355651;Phil Niekro;Lou Gehrig Memorial Award;1;11
355651;Phil Niekro;Player of the Week;4;11
355651;Phil Niekro;Roberto Clemente Award;1;11
355668;Juan Nieves;Player of the Week;1;1
355678;Dave Nilsson;Player of the Week;1;1
355680;Al Nipper;Player of the Week;1;1
355696;Trot Nixon;Player of the Week;1;1
355710;Matt Nokes;Silver Slugger;1;2
355710;Matt Nokes;TSN All-Star;1;2
355711;Aaron Nola;All-MLB Team - Second Team;1;1
355715;Gary Nolan;Hutch Award;1;1
355718;Ricky Nolasco;Player of the Week;2;2
355724;Hideo Nomo;Pitcher of the Month;2;8
355724;Hideo Nomo;Player of the Week;4;8
355724;Hideo Nomo;Rookie of the Year;1;8
355724;Hideo Nomo;TSN Rookie Pitcher of the Year;1;8
355742;Fred Norman;Player of the Week;1;1
355752;Mike Norris;Gold Glove;2;2
355765;Greg Norton;Player of the Week;2;2
355775;Ivan Nova;Pitcher of the Month;2;2
355846;Pete O'Brien;Player of the Week;2;2
355855;Alex Ochoa;Player of the Week;1;1
355873;Darren O'Day;Bob Feller Act of Valor Award - MLB Player;1;1
355890;Jake Odorizzi;Player of the Week;1;1
355891;Rougned Odor;Player of the Week;4;4
355892;Lefty O'Doul;Baseball Magazine All-Star;3;4
355892;Lefty O'Doul;TSN All-Star;1;4
355898;Ron Oester;Hutch Award;1;1
355899;Bob O'Farrell;Baseball Magazine All-Star;2;4
355899;Bob O'Farrell;Most Valuable Player;1;4
355899;Bob O'Farrell;TSN All-Star;1;4
355912;Ben Oglivie;Player of the Month;1;6
355912;Ben Oglivie;Player of the Week;3;6
355912;Ben Oglivie;Silver Slugger;1;6
355912;Ben Oglivie;TSN All-Star;1;6
355932;Shohei Ohtani;All-MLB Team - First Team;6;54
355932;Shohei Ohtani;All-MLB Team - Second Team;2;54
355932;Shohei Ohtani;Hank Aaron Award;3;54
355932;Shohei Ohtani;MLB Players Choice Outstanding Player;3;54
355932;Shohei Ohtani;MLB Players Choice Player of the Year;1;54
355932;Shohei Ohtani;Most Valuable Player;4;54
355932;Shohei Ohtani;NLCS MVP;1;54
355932;Shohei Ohtani;Outstanding DH Award;5;54
355932;Shohei Ohtani;Player of the Month;5;54
355932;Shohei Ohtani;Player of the Week;11;54
355932;Shohei Ohtani;Rookie of the Month;2;54
355932;Shohei Ohtani;Rookie of the Year;1;54
355932;Shohei Ohtani;Silver Slugger;4;54
355932;Shohei Ohtani;TSN All-Star;4;54
355932;Shohei Ohtani;TSN Major League Player of the Year;2;54
355935;Bob Ojeda;Player of the Week;1;1
355937;Hideki Okajima;Rookie of the Month;1;2
355937;Hideki Okajima;This Year in Baseball Setup Man of the Year;1;2
355955;John Olerud;Gold Glove;3;11
355955;John Olerud;Hutch Award;1;11
355955;John Olerud;Player of the Month;2;11
355955;John Olerud;Player of the Week;5;11
355963;Tony Oliva;Gold Glove;1;11
355963;Tony Oliva;Player of the Week;1;11
355963;Tony Oliva;Rookie of the Year;1;11
355963;Tony Oliva;TSN All-Star;5;11
355963;Tony Oliva;TSN Player of the Year;2;11
355963;Tony Oliva;TSN Rookie Player of the Year;1;11
355964;Al Oliver;Player of the Month;2;15
355964;Al Oliver;Player of the Week;8;15
355964;Al Oliver;Silver Slugger;3;15
355964;Al Oliver;TSN All-Star;2;15
355973;Joe Oliver;Player of the Week;1;1
355997;Gregg Olson;Rookie of the Year;1;1
356002;Matt Olson;All-MLB Team - Second Team;1;11
356002;Matt Olson;Gold Glove;3;11
356002;Matt Olson;Player of the Week;4;11
356002;Matt Olson;Silver Slugger;1;11
356002;Matt Olson;TSN All-Star;2;11
356040;Paul O'Neill;Player of the Week;1;1
356042;Steve O'Neill;Baseball Magazine All-Star;9;9
356043;Tip O'Neill;Triple Crown;1;1
356044;Tyler O'Neill;Gold Glove;2;6
356044;Tyler O'Neill;MLB Players Choice Comeback Player;1;6
356044;Tyler O'Neill;Player of the Month;1;6
356044;Tyler O'Neill;Player of the Week;2;6
356049;Steve Ontiveros;Pitcher of the Month;1;1
356058;Magglio Ordonez;Player of the Month;2;16
356058;Magglio Ordonez;Player of the Week;8;16
356058;Magglio Ordonez;Silver Slugger;3;16
356058;Magglio Ordonez;TSN All-Star;3;16
356059;Rey Ordonez;Gold Glove;3;3
356071;Jesse Orosco;Pitcher of the Month;1;4
356071;Jesse Orosco;Player of the Week;3;4
356091;Jorge Orta;Player of the Week;3;3
356101;David Ortiz;ALCS MVP;1;40
356101;David Ortiz;Babe Ruth Award;1;40
356101;David Ortiz;Hank Aaron Award;2;40
356101;David Ortiz;MLB Players Choice Outstanding Player;1;40
356101;David Ortiz;Outstanding DH Award;8;40
356101;David Ortiz;Player of the Month;4;40
356101;David Ortiz;Player of the Week;6;40
356101;David Ortiz;Roberto Clemente Award;1;40
356101;David Ortiz;Silver Slugger;7;40
356101;David Ortiz;TSN All-Star;5;40
356101;David Ortiz;This Year in Baseball Hitter of the Year;2;40
356101;David Ortiz;This Year in Baseball Postseason MVP;1;40
356101;David Ortiz;World Series MVP;1;40
356108;Joey Ortiz;Rookie of the Month;1;1
356116;Russ Ortiz;Pitcher of the Month;2;2
356152;Al Osuna;TSN Rookie Pitcher of the Year;1;1
356156;Roberto Osuna;Reliever of the Month;1;1
356158;Roy Oswalt;NLCS MVP;1;8
356158;Roy Oswalt;Pitcher of the Month;2;8
356158;Roy Oswalt;Player of the Week;2;8
356158;Roy Oswalt;Rookie of the Month;1;8
356158;Roy Oswalt;TSN Rookie Pitcher of the Year;1;8
356158;Roy Oswalt;This Year in Baseball Oddity of the Year;1;8
356165;Amos Otis;Gold Glove;3;6
356165;Amos Otis;Player of the Week;2;6
356165;Amos Otis;TSN All-Star;1;6
356174;Ed Ott;Player of the Week;1;1
356178;Mel Ott;Baseball Magazine All-Star;7;11
356178;Mel Ott;TSN All-Star;4;11
356186;James Outman;Rookie of the Month;2;2
356189;Lyle Overbay;Player of the Week;3;3
356198;Bob Owchinko;TSN Rookie Pitcher of the Year;1;1
356203;Marv Owen;Baseball Magazine All-Star;1;1
356204;Mickey Owen;TSN All-Star;1;1
356218;Spike Owen;Player of the Week;1;1
356227;Chris Owings;Rookie of the Month;1;1
356228;Micah Owings;Silver Slugger;1;1
356236;Marcell Ozuna;All-MLB Team - First Team;1;12
356236;Marcell Ozuna;Gold Glove;1;12
356236;Marcell Ozuna;Outstanding DH Award;1;12
356236;Marcell Ozuna;Player of the Week;5;12
356236;Marcell Ozuna;Silver Slugger;2;12
356236;Marcell Ozuna;TSN All-Star;2;12
356249;Tom Paciorek;Player of the Week;2;2
356267;Andy Pafko;Baseball Magazine All-Star;4;5
356267;Andy Pafko;TSN All-Star;1;5
356274;Joe Page;Babe Ruth Award;1;3
356274;Joe Page;Baseball Magazine All-Star;1;3
356274;Joe Page;TSN All-Star;1;3
356277;Mitchell Page;Player of the Week;2;3
356277;Mitchell Page;TSN Rookie Player of the Year;1;3
356280;Andy Pages;Player of the Week;1;1
356288;Tom Pagnozzi;Gold Glove;3;3
356313;Dean Palmer;Player of the Week;1;4
356313;Dean Palmer;Silver Slugger;2;4
356313;Dean Palmer;TSN All-Star;1;4
356317;Jim Palmer;Cy Young Award;3;22
356317;Jim Palmer;Gold Glove;4;22
356317;Jim Palmer;Pitcher of the Month;1;22
356317;Jim Palmer;Player of the Month;1;22
356317;Jim Palmer;Player of the Week;5;22
356317;Jim Palmer;TSN All-Star;5;22
356317;Jim Palmer;TSN Pitcher of the Year;3;22
356322;Rafael Palmeiro;Gold Glove;3;18
356322;Rafael Palmeiro;Outstanding DH Award;1;18
356322;Rafael Palmeiro;Player of the Month;4;18
356322;Rafael Palmeiro;Player of the Week;5;18
356322;Rafael Palmeiro;Silver Slugger;2;18
356322;Rafael Palmeiro;TSN All-Star;2;18
356322;Rafael Palmeiro;TSN Major League Player of the Year;1;18
356332;Joe Panik;Gold Glove;1;2
356332;Joe Panik;This Year in Baseball Postseason Moment of the Year;1;2
356340;Jonathan Papelbon;Babe Ruth Award;1;5
356340;Jonathan Papelbon;Reliever of the Month;2;5
356340;Jonathan Papelbon;Rookie of the Month;1;5
356340;Jonathan Papelbon;This Year in Baseball Closer of the Year;1;5
356353;Isaac Paredes;Player of the Week;1;1
356364;Chan Ho Park;Pitcher of the Month;1;2
356364;Chan Ho Park;Player of the Week;1;2
356374;Dave Parker;All-Star Game MVP;1;27
356374;Dave Parker;Gold Glove;3;27
356374;Dave Parker;Most Valuable Player;1;27
356374;Dave Parker;Outstanding DH Award;2;27
356374;Dave Parker;Player of the Month;3;27
356374;Dave Parker;Player of the Week;7;27
356374;Dave Parker;Silver Slugger;3;27
356374;Dave Parker;TSN All-Star;6;27
356374;Dave Parker;TSN Player of the Year;1;27
356390;Wes Parker;Gold Glove;6;7
356390;Wes Parker;Lou Gehrig Memorial Award;1;7
356405;Mel Parnell;Baseball Magazine All-Star;2;3
356405;Mel Parnell;TSN All-Star;1;3
356411;Gerardo Parra;Gold Glove;2;3
356411;Gerardo Parra;Rookie of the Month;1;3
356420;Larry Parrish;Player of the Month;1;3
356420;Larry Parrish;Player of the Week;2;3
356421;Lance Parrish;Gold Glove;3;13
356421;Lance Parrish;Player of the Week;2;13
356421;Lance Parrish;Silver Slugger;6;13
356421;Lance Parrish;TSN All-Star;2;13
356428;Bill Parsons;TSN Rookie Pitcher of the Year;1;1
356448;Dode Paskert;Baseball Magazine All-Star;1;1
356452;Vinnie Pasquantino;Player of the Week;3;3
356525;Carl Pavano;Pitcher of the Month;1;1
356532;James Paxton;Pitcher of the Month;2;5
356532;James Paxton;Player of the Week;3;5
356549;Jay Payton;Player of the Week;1;1
356567;Steve Pearce;Player of the Week;1;2
356567;Steve Pearce;World Series MVP;1;2
356569;Albie Pearson;Rookie of the Year;1;3
356569;Albie Pearson;TSN All-Star;1;3
356569;Albie Pearson;TSN Rookie of the Year;1;3
356581;Jake Peavy;Cy Young Award;1;12
356581;Jake Peavy;MLB Players Choice Outstanding Pitcher;1;12
356581;Jake Peavy;Pitcher of the Month;5;12
356581;Jake Peavy;Pitching Triple Crown;1;12
356581;Jake Peavy;Player of the Week;2;12
356581;Jake Peavy;TSN All-Star;1;12
356581;Jake Peavy;TSN Pitcher of the Year;1;12
356585;Roger Peckinpaugh;Baseball Magazine All-Star;3;4
356585;Roger Peckinpaugh;Most Valuable Player;1;4
356594;Dustin Pedroia;Gold Glove;4;12
356594;Dustin Pedroia;MLB Players Choice Outstanding Rookie;1;12
356594;Dustin Pedroia;Most Valuable Player;1;12
356594;Dustin Pedroia;Player of the Month;1;12
356594;Dustin Pedroia;Player of the Week;1;12
356594;Dustin Pedroia;Rookie of the Month;1;12
356594;Dustin Pedroia;Rookie of the Year;1;12
356594;Dustin Pedroia;Silver Slugger;1;12
356594;Dustin Pedroia;TSN Rookie of the Year;1;12
356615;Mike Pelfrey;Player of the Week;1;1
356627;Alejandro Peña;Player of the Week;2;2
356631;Brayan Peña;Player of the Week;1;1
356632;Carlos Peña;Comeback Player of the Year;1;9
356632;Carlos Peña;Gold Glove;1;9
356632;Carlos Peña;MLB Players Choice Comeback Player;1;9
356632;Carlos Peña;Player of the Week;2;9
356632;Carlos Peña;Rookie of the Month;1;9
356632;Carlos Peña;Silver Slugger;1;9
356632;Carlos Peña;TSN All-Star;1;9
356632;Carlos Peña;TSN Comeback Player of the Year;1;9
356639;Jeremy Peña;ALCS MVP;1;4
356639;Jeremy Peña;Babe Ruth Award;1;4
356639;Jeremy Peña;Gold Glove;1;4
356639;Jeremy Peña;World Series MVP;1;4
356648;Tony Peña;Gold Glove;4;6
356648;Tony Peña;Player of the Week;1;6
356648;Tony Peña;TSN All-Star;1;6
356651;Wily Mo Peña;Player of the Week;1;1
356653;Hunter Pence;MLB Players Choice Comeback Player;1;8
356653;Hunter Pence;Player of the Month;1;8
356653;Hunter Pence;Player of the Week;4;8
356653;Hunter Pence;Rookie of the Month;1;8
356653;Hunter Pence;TSN Comeback Player of the Year;1;8
356657;Terry Pendleton;Gold Glove;3;11
356657;Terry Pendleton;Most Valuable Player;1;11
356657;Terry Pendleton;Player of the Week;5;11
356657;Terry Pendleton;TSN All-Star;1;11
356657;Terry Pendleton;TSN Comeback Player of the Year;1;11
356665;Herb Pennock;Baseball Magazine All-Star;4;5
356665;Herb Pennock;TSN All-Star;1;5
356674;Joe Pepitone;Gold Glove;3;4
356674;Joe Pepitone;TSN All-Star;1;4
356682;David Peralta;Gold Glove;1;2
356682;David Peralta;Silver Slugger;1;2
356683;Freddy Peralta;All-MLB Team - Second Team;1;3
356683;Freddy Peralta;Pitcher of the Month;2;3
356697;Geraldo Perdomo;Silver Slugger;1;1
356707;Carlos Perez;Player of the Week;1;1
356714;Eddie Perez;NLCS MVP;1;1
356732;Martin Perez;Pitcher of the Month;1;2
356732;Martin Perez;Rookie of the Month;1;2
356737;Neifi Perez;Gold Glove;1;1
356738;Odalis Perez;Player of the Week;1;1
356740;Pascual Perez;Pitcher of the Month;2;2
356743;Roberto Perez;Gold Glove;2;2
356745;Salvador Perez;All-MLB Team - First Team;2;20
356745;Salvador Perez;All-MLB Team - Second Team;1;20
356745;Salvador Perez;Gold Glove;5;20
356745;Salvador Perez;Lou Gehrig Memorial Award;1;20
356745;Salvador Perez;Player of the Week;1;20
356745;Salvador Perez;Roberto Clemente Award;1;20
356745;Salvador Perez;Silver Slugger;5;20
356745;Salvador Perez;TSN All-Star;3;20
356745;Salvador Perez;World Series MVP;1;20
356747;Tony Perez;All-Star Game MVP;1;7
356747;Tony Perez;Lou Gehrig Memorial Award;1;7
356747;Tony Perez;Player of the Month;1;7
356747;Tony Perez;Player of the Week;2;7
356747;Tony Perez;TSN All-Star;2;7
356763;Cy Perkins;Baseball Magazine All-Star;1;1
356773;Ron Perranoski;TSN Fireman of the Year;2;2
356787;Gaylord Perry;Cy Young Award;2;9
356787;Gaylord Perry;Pitcher of the Month;1;9
356787;Gaylord Perry;Player of the Month;1;9
356787;Gaylord Perry;Player of the Week;3;9
356787;Gaylord Perry;TSN All-Star;2;9
356788;Gerald Perry;Player of the Week;1;1
356792;Jim Perry;Cy Young Award;1;2
356792;Jim Perry;TSN All-Star;1;2
356802;Johnny Pesky;TSN All-Star;2;2
356820;Gary Peters;Rookie of the Year;1;4
356820;Gary Peters;TSN All-Star;2;4
356820;Gary Peters;TSN Rookie Pitcher of the Year;1;4
356849;Rico Petrocelli;Player of the Week;1;2
356849;Rico Petrocelli;TSN All-Star;1;2
356852;Andy Pettitte;ALCS MVP;1;8
356852;Andy Pettitte;Pitcher of the Month;5;8
356852;Andy Pettitte;TSN All-Star;2;8
356855;Gary Pettis;Gold Glove;5;5
356866;Jesse Petty;Baseball Magazine All-Star;2;2
356897;Josh Phelps;Rookie of the Month;2;2
356908;Brandon Phillips;Gold Glove;4;6
356908;Brandon Phillips;Player of the Week;1;6
356908;Brandon Phillips;Silver Slugger;1;6
356934;Mike Phillips;Player of the Week;1;1
356942;Tony Phillips;Player of the Week;2;2
356946;Tom Phoebus;TSN Rookie Pitcher of the Year;1;1
356952;Mike Piazza;All-Star Game MVP;1;39
356952;Mike Piazza;Player of the Month;4;39
356952;Mike Piazza;Player of the Week;12;39
356952;Mike Piazza;Rookie of the Year;1;39
356952;Mike Piazza;Silver Slugger;10;39
356952;Mike Piazza;TSN All-Star;10;39
356952;Mike Piazza;TSN Rookie Player of the Year;1;39
356979;Billy Pierce;TSN All-Star;2;4
356979;Billy Pierce;TSN Pitcher of the Year;2;4
356998;Jim Piersall;Gold Glove;2;2
357000;A. J. Pierzynski;Player of the Week;1;2
357000;A. J. Pierzynski;Silver Slugger;1;2
357012;Kevin Pillar;Player of the Week;1;1
357028;Michael Pineda;Player of the Week;1;2
357028;Michael Pineda;Rookie of the Month;1;2
357029;Joel Pineiro;Player of the Week;1;1
357031;Lou Piniella;Rookie of the Year;1;1
357037;Vada Pinson;Gold Glove;1;1
357049;Wally Pipp;Baseball Magazine All-Star;1;1
357055;Stephen Piscotty;Hutch Award;1;2
357055;Stephen Piscotty;Lou Gehrig Memorial Award;1;2
357073;Eddie Plank;Baseball Magazine All-Star;4;4
357076;Phil Plantier;Player of the Week;1;1
357091;Trevor Plouffe;Player of the Week;1;1
357099;Biff Pocoroba;Player of the Week;1;1
357102;Johnny Podres;Babe Ruth Award;1;2
357102;Johnny Podres;World Series MVP;1;2
357103;Scott Podsednik;MLB Players Choice Outstanding Rookie;1;4
357103;Scott Podsednik;Rookie of the Month;1;4
357103;Scott Podsednik;TSN Rookie Player of the Year;1;4
357103;Scott Podsednik;This Year in Baseball Rookie of the Year;1;4
357116;Jorge Polanco;Player of the Week;1;1
357117;Placido Polanco;ALCS MVP;1;7
357117;Placido Polanco;Gold Glove;3;7
357117;Placido Polanco;Silver Slugger;1;7
357117;Placido Polanco;TSN All-Star;1;7
357117;Placido Polanco;This Year in Baseball Defensive Player of the Year;1;7
357130;Howie Pollet;Baseball Magazine All-Star;4;5
357130;Howie Pollet;TSN Pitcher of the Year;1;5
357132;AJ Pollock;Gold Glove;1;8
357132;AJ Pollock;Player of the Month;1;8
357132;AJ Pollock;Player of the Week;6;8
357169;Rick Porcello;Comeback Player of the Year;1;5
357169;Rick Porcello;Cy Young Award;1;5
357169;Rick Porcello;MLB Players Choice Outstanding Pitcher;1;5
357169;Rick Porcello;Pitcher of the Month;1;5
357169;Rick Porcello;Rookie of the Month;1;5
357174;Bob Porterfield;TSN All-Star;1;2
357174;Bob Porterfield;TSN Pitcher of the Year;1;2
357180;Darrell Porter;NLCS MVP;1;3
357180;Darrell Porter;TSN All-Star;1;3
357180;Darrell Porter;World Series MVP;1;3
357193;Mark Portugal;Silver Slugger;1;1
357195;Jorge Posada;Silver Slugger;5;10
357195;Jorge Posada;TSN All-Star;5;10
357200;Buster Posey;All-MLB Team - Second Team;1;26
357200;Buster Posey;Comeback Player of the Year;2;26
357200;Buster Posey;Gold Glove;1;26
357200;Buster Posey;Hank Aaron Award;1;26
357200;Buster Posey;Lou Gehrig Memorial Award;1;26
357200;Buster Posey;MLB Players Choice Comeback Player;2;26
357200;Buster Posey;MLB Players Choice Outstanding Rookie;1;26
357200;Buster Posey;Most Valuable Player;1;26
357200;Buster Posey;Player of the Month;1;26
357200;Buster Posey;Player of the Week;3;26
357200;Buster Posey;Rookie of the Month;1;26
357200;Buster Posey;Rookie of the Year;1;26
357200;Buster Posey;Silver Slugger;5;26
357200;Buster Posey;TSN All-Star;2;26
357200;Buster Posey;TSN Comeback Player of the Year;2;26
357200;Buster Posey;This Year in Baseball Rookie of the Year;1;26
357230;Boog Powell;Most Valuable Player;1;7
357230;Boog Powell;TSN All-Star;4;7
357230;Boog Powell;TSN Comeback Player of the Year;2;7
357264;Vic Power;Gold Glove;7;7
357269;Martin Prado;Player of the Month;1;4
357269;Martin Prado;Player of the Week;3;4
357292;Ryan Pressly;All-MLB Team - Second Team;1;1
357299;David Price;Babe Ruth Award;1;9
357299;David Price;Comeback Player of the Year;1;9
357299;David Price;Cy Young Award;1;9
357299;David Price;MLB Players Choice Outstanding Pitcher;2;9
357299;David Price;Pitcher of the Month;1;9
357299;David Price;Player of the Week;1;9
357299;David Price;TSN Comeback Player of the Year;1;9
357299;David Price;TSN Pitcher of the Year;1;9
357304;Joe Price;Pitcher of the Month;1;1
357326;Mark Prior;Pitcher of the Month;2;4
357326;Mark Prior;Player of the Week;1;4
357326;Mark Prior;This Year in Baseball Starter of the Year;1;4
357338;Jurickson Profar;Silver Slugger;1;2
357338;Jurickson Profar;TSN All-Star;1;2
357360;Kirby Puckett;ALCS MVP;1;29
357360;Kirby Puckett;All-Star Game MVP;1;29
357360;Kirby Puckett;Branch Rickey Award;1;29
357360;Kirby Puckett;Gold Glove;6;29
357360;Kirby Puckett;Player of the Month;3;29
357360;Kirby Puckett;Player of the Week;4;29
357360;Kirby Puckett;Roberto Clemente Award;1;29
357360;Kirby Puckett;Silver Slugger;6;29
357360;Kirby Puckett;TSN All-Star;6;29
357370;Yasiel Puig;Player of the Month;2;6
357370;Yasiel Puig;Player of the Week;3;6
357370;Yasiel Puig;Rookie of the Month;1;6
357371;Albert Pujols;Comeback Player of the Year;1;59
357371;Albert Pujols;Gold Glove;2;59
357371;Albert Pujols;Hank Aaron Award;2;59
357371;Albert Pujols;Lou Gehrig Memorial Award;1;59
357371;Albert Pujols;MLB Players Choice Man of the Year;1;59
357371;Albert Pujols;MLB Players Choice Outstanding Player;3;59
357371;Albert Pujols;MLB Players Choice Outstanding Rookie;1;59
357371;Albert Pujols;MLB Players Choice Player of the Year;3;59
357371;Albert Pujols;Most Valuable Player;3;59
357371;Albert Pujols;NLCS MVP;1;59
357371;Albert Pujols;Player of the Month;7;59
357371;Albert Pujols;Player of the Week;14;59
357371;Albert Pujols;Roberto Clemente Award;1;59
357371;Albert Pujols;Rookie of the Month;2;59
357371;Albert Pujols;Rookie of the Year;1;59
357371;Albert Pujols;Silver Slugger;6;59
357371;Albert Pujols;TSN All-Star;3;59
357371;Albert Pujols;TSN Major League Player of the Year;3;59
357371;Albert Pujols;TSN Rookie Player of the Year;1;59
357371;Albert Pujols;This Year in Baseball Hitter of the Year;2;59
357371;Albert Pujols;This Year in Baseball Performance of the Year;1;59
357387;Bob Purkey;TSN All-Star;1;1
357395;Pat Putnam;TSN Rookie Player of the Year;1;1
357398;J. J. Putz;Pitcher of the Month;1;5
357398;J. J. Putz;Reliever of the Month;3;5
357398;J. J. Putz;Reliever of the Year Award;1;5
357420;Carlos Quentin;Player of the Week;2;3
357420;Carlos Quentin;Silver Slugger;1;3
357435;Robb Quinlan;Rookie of the Month;1;1
357444;Mark Quinn;TSN Rookie Player of the Year;1;1
357451;Luis Quinones;Player of the Week;1;1
357455;Carlos Quintana;Player of the Week;1;1
357466;Dan Quisenberry;Player of the Week;1;11
357466;Dan Quisenberry;Reliever of the Year Award;5;11
357466;Dan Quisenberry;TSN Fireman of the Year;5;11
357473;Ryan Raburn;Player of the Week;1;1
357477;Dick Radatz;TSN Fireman of the Year;2;2
357478;Old Hoss Radbourn;Pitching Triple Crown;1;1
357485;Dave Rader;TSN Rookie Player of the Year;1;1
357487;Doug Rader;Gold Glove;5;5
357491;Brad Radke;Pitcher of the Month;2;3
357491;Brad Radke;Player of the Week;1;3
357496;Ceddanne Rafaela;Gold Glove;1;1
357501;Cole Ragans;Pitcher of the Month;1;1
357509;Chuck Rainey;Pitcher of the Month;1;1
357513;Tim Raines;All-Star Game MVP;1;10
357513;Tim Raines;Player of the Week;5;10
357513;Tim Raines;Silver Slugger;1;10
357513;Tim Raines;TSN All-Star;2;10
357513;Tim Raines;TSN Rookie Player of the Year;1;10
357521;Cal Raleigh;All-MLB Team - First Team;1;12
357521;Cal Raleigh;Gold Glove;1;12
357521;Cal Raleigh;Platinum Glove;1;12
357521;Cal Raleigh;Player of the Month;1;12
357521;Cal Raleigh;Player of the Week;2;12
357521;Cal Raleigh;Silver Slugger;1;12
357521;Cal Raleigh;TSN All-Star;3;12
357521;Cal Raleigh;TSN Major League Player of the Year;1;12
357521;Cal Raleigh;TSN Player of the Year;1;12
357532;Alexei Ramirez;Player of the Week;1;4
357532;Alexei Ramirez;Rookie of the Month;1;4
357532;Alexei Ramirez;Silver Slugger;2;4
357533;Aramis Ramirez;Hank Aaron Award;1;7
357533;Aramis Ramirez;Player of the Week;5;7
357533;Aramis Ramirez;Silver Slugger;1;7
357541;Hanley Ramirez;Player of the Month;1;9
357541;Hanley Ramirez;Player of the Week;4;9
357541;Hanley Ramirez;Rookie of the Year;1;9
357541;Hanley Ramirez;Silver Slugger;2;9
357541;Hanley Ramirez;TSN All-Star;1;9
357546;Jose Ramirez;All-MLB Team - First Team;2;28
357546;Jose Ramirez;All-MLB Team - Second Team;2;28
357546;Jose Ramirez;Player of the Month;3;28
357546;Jose Ramirez;Player of the Week;8;28
357546;Jose Ramirez;Silver Slugger;6;28
357546;Jose Ramirez;TSN All-Star;7;28
357550;Manny Ramirez;Hank Aaron Award;2;41
357550;Manny Ramirez;MLB Players Choice Outstanding Player;1;41
357550;Manny Ramirez;Player of the Month;5;41
357550;Manny Ramirez;Player of the Week;16;41
357550;Manny Ramirez;Silver Slugger;9;41
357550;Manny Ramirez;TSN All-Star;7;41
357550;Manny Ramirez;World Series MVP;1;41
357583;Wilson Ramos;Silver Slugger;1;1
357596;Joe Randa;Player of the Month;1;3
357596;Joe Randa;Player of the Week;2;3
357602;Lenny Randle;Player of the Week;1;1
357604;Willie Randolph;Silver Slugger;1;4
357604;Willie Randolph;TSN All-Star;3;4
357618;Vic Raschi;Baseball Magazine All-Star;5;6
357618;Vic Raschi;TSN All-Star;1;6
357620;Colby Rasmus;Player of the Week;2;2
357623;Drew Rasmussen;Pitcher of the Month;1;1
357640;Doug Rau;Player of the Week;1;1
357645;Shane Rawley;Pitcher of the Month;1;2
357645;Shane Rawley;Player of the Week;1;2
357656;Johnny Ray;Player of the Month;1;9
357656;Johnny Ray;Player of the Week;5;9
357656;Johnny Ray;Silver Slugger;1;9
357656;Johnny Ray;TSN All-Star;1;9
357656;Johnny Ray;TSN Rookie Player of the Year;1;9
357668;Robbie Ray;All-MLB Team - First Team;1;7
357668;Robbie Ray;Cy Young Award;1;7
357668;Robbie Ray;MLB Players Choice Outstanding Pitcher;1;7
357668;Robbie Ray;Pitcher of the Month;2;7
357668;Robbie Ray;Player of the Week;2;7
357676;J. T. Realmuto;All-MLB Team - First Team;2;14
357676;J. T. Realmuto;All-MLB Team - Second Team;1;14
357676;J. T. Realmuto;Gold Glove;2;14
357676;J. T. Realmuto;Player of the Week;1;14
357676;J. T. Realmuto;Silver Slugger;3;14
357676;J. T. Realmuto;TSN All-Star;5;14
357680;Jeff Reardon;Pitcher of the Month;1;6
357680;Jeff Reardon;Player of the Week;2;6
357680;Jeff Reardon;Reliever of the Year Award;1;6
357680;Jeff Reardon;TSN Fireman of the Year;2;6
357695;Josh Reddick;Gold Glove;1;4
357695;Josh Reddick;Player of the Week;3;4
357704;Mark Redman;Player of the Week;1;1
357714;Gary Redus;Player of the Week;1;1
357739;Jody Reed;Player of the Week;1;1
357744;Rick Reed;Player of the Week;1;1
357753;Pee Wee Reese;Baseball Magazine All-Star;3;5
357753;Pee Wee Reese;Lou Gehrig Memorial Award;1;5
357753;Pee Wee Reese;TSN All-Star;1;5
357754;Pokey Reese;Gold Glove;2;2
357767;Phil Regan;TSN Comeback Player of the Year;1;3
357767;Phil Regan;TSN Fireman of the Year;2;3
357780;Sean Reid-Foley;Bob Feller Act of Valor Award - MLB Player;1;1
357795;Kevin Reimer;Player of the Week;1;1
357796;Nolan Reimold;Rookie of the Month;1;1
357806;Pete Reiser;Baseball Magazine All-Star;2;3
357806;Pete Reiser;TSN All-Star;1;3
357815;Chris Reitsma;Player of the Week;1;1
357817;Ken Reitz;Gold Glove;1;4
357817;Ken Reitz;Player of the Month;1;4
357817;Ken Reitz;Player of the Week;2;4
357829;Anthony Rendon;All-MLB Team - First Team;1;9
357829;Anthony Rendon;Comeback Player of the Year;1;9
357829;Anthony Rendon;MLB Players Choice Outstanding Player;1;9
357829;Anthony Rendon;Player of the Week;2;9
357829;Anthony Rendon;Silver Slugger;2;9
357829;Anthony Rendon;TSN All-Star;2;9
357832;Hunter Renfroe;Player of the Week;1;1
357835;Luis Rengifo;Player of the Week;1;1
357842;Edgar Renteria;Gold Glove;2;13
357842;Edgar Renteria;Player of the Week;3;13
357842;Edgar Renteria;Silver Slugger;3;13
357842;Edgar Renteria;TSN All-Star;4;13
357842;Edgar Renteria;World Series MVP;1;13
357854;Merv Rettenmund;TSN All-Star;1;1
357858;Ed Reulbach;Baseball Magazine All-Star;2;2
357860;Rick Reuschel;Gold Glove;2;11
357860;Rick Reuschel;Hutch Award;1;11
357860;Rick Reuschel;Pitcher of the Month;5;11
357860;Rick Reuschel;Player of the Week;1;11
357860;Rick Reuschel;TSN All-Star;1;11
357860;Rick Reuschel;TSN Comeback Player of the Year;1;11
357861;Jerry Reuss;Pitcher of the Month;1;5
357861;Jerry Reuss;Player of the Week;3;5
357861;Jerry Reuss;TSN Comeback Player of the Year;1;5
357863;Ben Revere;Rookie of the Month;1;2
357863;Ben Revere;This Year in Baseball Play of the Year;1;2
357878;Jose Reyes;Player of the Month;1;5
357878;Jose Reyes;Player of the Week;2;5
357878;Jose Reyes;Silver Slugger;1;5
357878;Jose Reyes;TSN All-Star;1;5
357885;Allie Reynolds;Baseball Magazine All-Star;1;3
357885;Allie Reynolds;TSN All-Star;2;3
357891;Bryan Reynolds;Player of the Week;1;2
357891;Bryan Reynolds;TSN All-Star;1;2
357900;Harold Reynolds;Gold Glove;3;6
357900;Harold Reynolds;Player of the Week;2;6
357900;Harold Reynolds;Roberto Clemente Award;1;6
357905;Mark Reynolds;Player of the Week;4;4
357922;Arthur Rhodes;Player of the Week;1;1
357926;Dusty Rhodes;Babe Ruth Award;1;1
357931;Rick Rhoden;Pitcher of the Month;1;4
357931;Rick Rhoden;Silver Slugger;3;4
357945;Jim Rice;Most Valuable Player;1;20
357945;Jim Rice;Outstanding DH Award;1;20
357945;Jim Rice;Player of the Month;4;20
357945;Jim Rice;Player of the Week;5;20
357945;Jim Rice;Silver Slugger;2;20
357945;Jim Rice;TSN All-Star;6;20
357945;Jim Rice;TSN Player of the Year;1;20
357948;Sam Rice;Baseball Magazine All-Star;1;1
357953;Bobby Richardson;Gold Glove;5;13
357953;Bobby Richardson;Lou Gehrig Memorial Award;1;13
357953;Bobby Richardson;TSN All-Star;6;13
357953;Bobby Richardson;World Series MVP;1;13
357963;Gene Richards;Player of the Week;1;1
357974;J. R. Richard;Pitcher of the Month;3;4
357974;J. R. Richard;Player of the Week;1;4
357981;Paul Richards;Baseball Magazine All-Star;2;3
357981;Paul Richards;TSN All-Star;1;3
357998;Scott Richmond;Rookie of the Month;1;1
358019;Elmer Riddle;Baseball Magazine All-Star;3;3
358048;Dave Righetti;Pitcher of the Month;1;9
358048;Dave Righetti;Player of the Week;2;9
358048;Dave Righetti;Reliever of the Year Award;2;9
358048;Dave Righetti;Rookie of the Year;1;9
358048;Dave Righetti;TSN Fireman of the Year;2;9
358048;Dave Righetti;TSN Rookie Pitcher of the Year;1;9
358054;Jose Rijo;Pitcher of the Month;1;5
358054;Jose Rijo;Player of the Week;2;5
358054;Jose Rijo;TSN All-Star;1;5
358054;Jose Rijo;World Series MVP;1;5
358058;Austin Riley;All-MLB Team - First Team;2;10
358058;Austin Riley;Player of the Month;1;10
358058;Austin Riley;Player of the Week;3;10
358058;Austin Riley;Rookie of the Month;1;10
358058;Austin Riley;Silver Slugger;2;10
358058;Austin Riley;TSN All-Star;1;10
358066;Andy Rincon;Player of the Week;1;1
358074;Alex Rios;Player of the Week;2;2
358082;Cal Ripken;All-Star Game MVP;2;41
358082;Cal Ripken;Gold Glove;2;41
358082;Cal Ripken;Lou Gehrig Memorial Award;1;41
358082;Cal Ripken;Most Valuable Player;2;41
358082;Cal Ripken;Player of the Month;2;41
358082;Cal Ripken;Player of the Week;9;41
358082;Cal Ripken;Roberto Clemente Award;1;41
358082;Cal Ripken;Rookie of the Year;1;41
358082;Cal Ripken;Silver Slugger;8;41
358082;Cal Ripken;TSN All-Star;8;41
358082;Cal Ripken;TSN Major League Player of the Year;2;41
358082;Cal Ripken;TSN Player of the Year;2;41
358082;Cal Ripken;TSN Rookie Player of the Year;1;41
358097;Todd Ritchie;Player of the Week;1;1
358121;Felipe Vazquez;Reliever of the Month;2;2
358127;Mariano Rivera;ALCS MVP;1;29
358127;Mariano Rivera;All-Star Game MVP;1;29
358127;Mariano Rivera;Babe Ruth Award;1;29
358127;Mariano Rivera;Comeback Player of the Year;1;29
358127;Mariano Rivera;MLB Players Choice Comeback Player;1;29
358127;Mariano Rivera;MLB Players Choice Man of the Year;1;29
358127;Mariano Rivera;Pitcher of the Month;1;29
358127;Mariano Rivera;Player of the Week;3;29
358127;Mariano Rivera;Reliever of the Month;2;29
358127;Mariano Rivera;Reliever of the Year Award;5;29
358127;Mariano Rivera;TSN All-Star;1;29
358127;Mariano Rivera;TSN Comeback Player of the Year;1;29
358127;Mariano Rivera;TSN Fireman of the Year;2;29
358127;Mariano Rivera;TSN Reliever of the Year;3;29
358127;Mariano Rivera;This Year in Baseball Closer of the Year;4;29
358127;Mariano Rivera;World Series MVP;1;29
358128;Mickey Rivers;TSN All-Star;1;1
358138;Eppa Rixey;Baseball Magazine All-Star;4;4
358139;Anthony Rizzo;Branch Rickey Award;1;15
358139;Anthony Rizzo;Gold Glove;4;15
358139;Anthony Rizzo;MLB Players Choice Man of the Year;1;15
358139;Anthony Rizzo;Platinum Glove;1;15
358139;Anthony Rizzo;Player of the Week;5;15
358139;Anthony Rizzo;Roberto Clemente Award;1;15
358139;Anthony Rizzo;Rookie of the Month;1;15
358139;Anthony Rizzo;Silver Slugger;1;15
358142;Phil Rizzuto;Babe Ruth Award;1;10
358142;Phil Rizzuto;Baseball Magazine All-Star;2;10
358142;Phil Rizzuto;Most Valuable Player;1;10
358142;Phil Rizzuto;TSN All-Star;4;10
358142;Phil Rizzuto;TSN Major League Player of the Year;1;10
358142;Phil Rizzuto;TSN Player of the Year;1;10
358164;Bip Roberts;Player of the Week;1;1
358166;Brian Roberts;Player of the Month;1;4
358166;Brian Roberts;Player of the Week;2;4
358166;Brian Roberts;TSN All-Star;1;4
358171;Dave Robertson;Baseball Magazine All-Star;1;1
358175;Dave Roberts;Player of the Week;1;1
358178;David Robertson;This Year in Baseball Setup Man of the Year;1;1
358197;Luis Robert;Gold Glove;1;5
358197;Luis Robert;Player of the Week;1;5
358197;Luis Robert;Rookie of the Month;1;5
358197;Luis Robert;Silver Slugger;1;5
358197;Luis Robert;TSN All-Star;1;5
358206;Robin Roberts;Lou Gehrig Memorial Award;1;8
358206;Robin Roberts;TSN All-Star;4;8
358206;Robin Roberts;TSN Major League Player of the Year;1;8
358206;Robin Roberts;TSN Pitcher of the Year;2;8
358222;Aaron Robinson;Baseball Magazine All-Star;2;3
358222;Aaron Robinson;TSN All-Star;1;3
358228;Brooks Robinson;All-Star Game MVP;1;33
358228;Brooks Robinson;Babe Ruth Award;1;33
358228;Brooks Robinson;Bob Feller Act of Valor Award - HOF Player;1;33
358228;Brooks Robinson;Gold Glove;16;33
358228;Brooks Robinson;Lou Gehrig Memorial Award;1;33
358228;Brooks Robinson;Most Valuable Player;1;33
358228;Brooks Robinson;Roberto Clemente Award;1;33
358228;Brooks Robinson;TSN All-Star;9;33
358228;Brooks Robinson;TSN Player of the Year;1;33
358228;Brooks Robinson;World Series MVP;1;33
358239;Don Robinson;Hutch Award;1;6
358239;Don Robinson;Player of the Week;1;6
358239;Don Robinson;Silver Slugger;3;6
358239;Don Robinson;TSN Rookie Pitcher of the Year;1;6
358246;Frank Robinson;All-Star Game MVP;1;16
358246;Frank Robinson;Babe Ruth Award;1;16
358246;Frank Robinson;Gold Glove;1;16
358246;Frank Robinson;Most Valuable Player;2;16
358246;Frank Robinson;Rookie of the Year;1;16
358246;Frank Robinson;TSN All-Star;4;16
358246;Frank Robinson;TSN Major League Player of the Year;1;16
358246;Frank Robinson;TSN Player of the Year;2;16
358246;Frank Robinson;TSN Rookie of the Year;1;16
358246;Frank Robinson;Triple Crown;1;16
358246;Frank Robinson;World Series MVP;1;16
358254;Jackie Robinson;Baseball Magazine All-Star;4;11
358254;Jackie Robinson;Most Valuable Player;1;11
358254;Jackie Robinson;Rookie of the Year;1;11
358254;Jackie Robinson;TSN All-Star;4;11
358254;Jackie Robinson;TSN Rookie of the Year;1;11
358306;Brendan Rodgers;Gold Glove;1;2
358306;Brendan Rodgers;Player of the Week;1;2
358309;Fernando Rodney;Comeback Player of the Year;1;2
358309;Fernando Rodney;This Year in Baseball Closer of the Year;1;2
358310;Carlos Rodon;Player of the Week;1;1
358311;Alex Rodriguez;Babe Ruth Award;1;65
358311;Alex Rodriguez;Gold Glove;2;65
358311;Alex Rodriguez;Hank Aaron Award;4;65
358311;Alex Rodriguez;MLB Players Choice Outstanding Player;6;65
358311;Alex Rodriguez;MLB Players Choice Player of the Year;2;65
358311;Alex Rodriguez;Most Valuable Player;3;65
358311;Alex Rodriguez;Player of the Month;10;65
358311;Alex Rodriguez;Player of the Week;13;65
358311;Alex Rodriguez;Silver Slugger;10;65
358311;Alex Rodriguez;TSN All-Star;8;65
358311;Alex Rodriguez;TSN Major League Player of the Year;3;65
358311;Alex Rodriguez;This Year in Baseball Hitter of the Year;2;65
358311;Alex Rodriguez;This Year in Baseball Performance of the Year;1;65
358314;Aurelio Rodriguez;Gold Glove;1;1
358329;Ellie Rodriguez;Player of the Week;1;1
358336;Francisco Rodriguez;Player of the Week;1;8
358336;Francisco Rodriguez;Reliever of the Month;2;8
358336;Francisco Rodriguez;Reliever of the Year Award;2;8
358336;Francisco Rodriguez;TSN Reliever of the Year;2;8
358336;Francisco Rodriguez;This Year in Baseball Setup Man of the Year;1;8
358342;Henry Rodriguez;Player of the Week;1;1
358345;Ivan Rodriguez;Gold Glove;13;33
358345;Ivan Rodriguez;Most Valuable Player;1;33
358345;Ivan Rodriguez;NLCS MVP;1;33
358345;Ivan Rodriguez;Player of the Month;3;33
358345;Ivan Rodriguez;Player of the Week;1;33
358345;Ivan Rodriguez;Silver Slugger;7;33
358345;Ivan Rodriguez;TSN All-Star;7;33
358356;Julio Rodriguez;All-MLB Team - First Team;1;17
358356;Julio Rodriguez;All-MLB Team - Second Team;1;17
358356;Julio Rodriguez;MLB Players Choice Outstanding Rookie;1;17
358356;Julio Rodriguez;Player of the Month;1;17
358356;Julio Rodriguez;Player of the Week;4;17
358356;Julio Rodriguez;Rookie of the Month;2;17
358356;Julio Rodriguez;Rookie of the Year;1;17
358356;Julio Rodriguez;Silver Slugger;2;17
358356;Julio Rodriguez;TSN All-Star;3;17
358356;Julio Rodriguez;TSN Rookie of the Year;1;17
358374;Sean Rodriguez;Player of the Week;1;1
358380;Wandy Rodriguez;Pitcher of the Month;1;1
358392;Preacher Roe;TSN All-Star;1;2
358392;Preacher Roe;TSN Pitcher of the Year;1;2
358412;Kenny Rogers;Gold Glove;5;8
358412;Kenny Rogers;Pitcher of the Month;2;8
358412;Kenny Rogers;Player of the Week;1;8
358418;Steve Rogers;MLB Players Curt Flood Award;1;7
358418;Steve Rogers;Pitcher of the Month;1;7
358418;Steve Rogers;Player of the Week;3;7
358418;Steve Rogers;TSN All-Star;1;7
358418;Steve Rogers;TSN Rookie Pitcher of the Year;1;7
358421;Trevor Rogers;Pitcher of the Month;1;3
358421;Trevor Rogers;Rookie of the Month;2;3
358436;Cookie Rojas;TSN All-Star;1;1
358442;Minnie Rojas;TSN Fireman of the Year;1;1
358448;Scott Rolen;Gold Glove;8;18
358448;Scott Rolen;MLB Players Choice Outstanding Rookie;1;18
358448;Scott Rolen;Player of the Week;3;18
358448;Scott Rolen;Rookie of the Year;1;18
358448;Scott Rolen;Silver Slugger;1;18
358448;Scott Rolen;TSN All-Star;3;18
358448;Scott Rolen;TSN Rookie Player of the Year;1;18
358449;Red Rolfe;Baseball Magazine All-Star;4;7
358449;Red Rolfe;TSN All-Star;3;7
358456;Jimmy Rollins;Gold Glove;4;9
358456;Jimmy Rollins;Most Valuable Player;1;9
358456;Jimmy Rollins;Player of the Week;2;9
358456;Jimmy Rollins;Roberto Clemente Award;1;9
358456;Jimmy Rollins;Silver Slugger;1;9
358468;Jordan Romano;Reliever of the Month;2;2
358487;Ricky Romero;Pitcher of the Month;1;2
358487;Ricky Romero;Player of the Week;1;2
358494;Eddie Rommel;Baseball Magazine All-Star;2;3
358494;Eddie Rommel;TSN All-Star;1;3
358498;Sergio Romo;This Year in Baseball Setup Man of the Year;1;1
358511;Brent Rooker;Player of the Week;2;3
358511;Brent Rooker;Silver Slugger;1;3
358519;Charlie Root;Baseball Magazine All-Star;2;3
358519;Charlie Root;TSN All-Star;1;3
358534;Eddie Rosario;NLCS MVP;1;4
358534;Eddie Rosario;Player of the Week;3;4
358547;John Roseboro;Gold Glove;2;2
358559;Al Rosen;Most Valuable Player;1;5
358559;Al Rosen;TSN All-Star;2;5
358559;Al Rosen;TSN Major League Player of the Year;1;5
358559;Al Rosen;TSN Player of the Year;1;5
358561;Goody Rosen;TSN All-Star;1;1
358571;Pete Rose;Gold Glove;2;26
358571;Pete Rose;Hutch Award;1;26
358571;Pete Rose;Lou Gehrig Memorial Award;1;26
358571;Pete Rose;Most Valuable Player;1;26
358571;Pete Rose;Player of the Month;3;26
358571;Pete Rose;Player of the Week;6;26
358571;Pete Rose;Roberto Clemente Award;1;26
358571;Pete Rose;Rookie of the Year;1;26
358571;Pete Rose;Silver Slugger;1;26
358571;Pete Rose;TSN All-Star;6;26
358571;Pete Rose;TSN Player of the Year;1;26
358571;Pete Rose;TSN Rookie Player of the Year;1;26
358571;Pete Rose;World Series MVP;1;26
358582;Cody Ross;NLCS MVP;1;1
358618;Edd Roush;Baseball Magazine All-Star;14;14
358622;Aaron Rowand;Gold Glove;1;2
358622;Aaron Rowand;TSN All-Star;1;2
358635;Schoolboy Rowe;Baseball Magazine All-Star;2;3
358635;Schoolboy Rowe;TSN All-Star;1;3
358660;Dave Rozema;TSN Rookie Pitcher of the Year;1;1
358672;Nap Rucker;Baseball Magazine All-Star;7;7
358674;Joe Rudi;Gold Glove;3;7
358674;Joe Rudi;Player of the Week;1;7
358674;Joe Rudi;TSN All-Star;3;7
358681;Muddy Ruel;Baseball Magazine All-Star;4;4
358682;Kirk Rueter;TSN Rookie Pitcher of the Year;1;1
358683;Dutch Ruether;Baseball Magazine All-Star;1;1
358691;Red Ruffing;Baseball Magazine All-Star;5;8
358691;Red Ruffing;TSN All-Star;3;8
358695;Carlos Ruiz;Player of the Week;1;1
358723;Amos Rusie;Pitching Triple Crown;1;1
358730;Bill Russell;TSN All-Star;1;1
358738;Jeff Russell;Reliever of the Year Award;1;2
358738;Jeff Russell;TSN Fireman of the Year;1;2
358754;Babe Ruth;Baseball Magazine All-Star;26;33
358754;Babe Ruth;Most Valuable Player;1;33
358754;Babe Ruth;TSN All-Star;6;33
358758;Dick Ruthven;Pitcher of the Month;1;1
358762;Adley Rutschman;All-MLB Team - First Team;1;3
358762;Adley Rutschman;Silver Slugger;1;3
358762;Adley Rutschman;TSN All-Star;1;3
358765;B. J. Ryan;Reliever of the Month;1;1
358786;Nolan Ryan;Pitcher of the Month;2;19
358786;Nolan Ryan;Player of the Month;2;19
358786;Nolan Ryan;Player of the Week;13;19
358786;Nolan Ryan;TSN All-Star;1;19
358786;Nolan Ryan;TSN Pitcher of the Year;1;19
358796;Hyun Jin Ryu;All-MLB Team - Second Team;2;4
358796;Hyun Jin Ryu;Pitcher of the Month;1;4
358796;Hyun Jin Ryu;Player of the Week;1;4
358800;Kirk Saarloos;Rookie of the Month;1;1
358801;CC Sabathia;ALCS MVP;1;14
358801;CC Sabathia;Cy Young Award;1;14
358801;CC Sabathia;MLB Players Choice Outstanding Pitcher;1;14
358801;CC Sabathia;Pitcher of the Month;5;14
358801;CC Sabathia;Player of the Week;2;14
358801;CC Sabathia;Rookie of the Month;1;14
358801;CC Sabathia;TSN All-Star;1;14
358801;CC Sabathia;TSN Pitcher of the Year;1;14
358801;CC Sabathia;TSN Rookie Pitcher of the Year;1;14
358803;Bret Saberhagen;Babe Ruth Award;1;20
358803;Bret Saberhagen;Cy Young Award;2;20
358803;Bret Saberhagen;Gold Glove;1;20
358803;Bret Saberhagen;Pitcher of the Month;5;20
358803;Bret Saberhagen;Player of the Week;4;20
358803;Bret Saberhagen;TSN All-Star;2;20
358803;Bret Saberhagen;TSN Comeback Player of the Year;2;20
358803;Bret Saberhagen;TSN Pitcher of the Year;2;20
358803;Bret Saberhagen;World Series MVP;1;20
358805;Chris Sabo;Player of the Week;2;3
358805;Chris Sabo;Rookie of the Year;1;3
358834;Vic Saier;Baseball Magazine All-Star;1;1
358835;Johnny Sain;Baseball Magazine All-Star;3;5
358835;Johnny Sain;TSN All-Star;1;5
358835;Johnny Sain;TSN Pitcher of the Year;1;5
358837;Takashi Saito;Reliever of the Month;1;1
358848;Danny Salazar;Pitcher of the Month;1;1
358855;Chris Sale;All-MLB Team - First Team;1;20
358855;Chris Sale;Comeback Player of the Year;1;20
358855;Chris Sale;Cy Young Award;1;20
358855;Chris Sale;Gold Glove;1;20
358855;Chris Sale;Lou Gehrig Memorial Award;1;20
358855;Chris Sale;MLB Players Choice Comeback Player;1;20
358855;Chris Sale;MLB Players Choice Outstanding Pitcher;1;20
358855;Chris Sale;Pitcher of the Month;5;20
358855;Chris Sale;TSN All-Star;3;20
358855;Chris Sale;TSN Comeback Player of the Year;1;20
358855;Chris Sale;TSN Pitcher of the Year;3;20
358855;Chris Sale;Triple Crown;1;20
358867;Tim Salmon;Hutch Award;1;14
358867;Tim Salmon;MLB Players Choice Comeback Player;1;14
358867;Tim Salmon;Player of the Month;1;14
358867;Tim Salmon;Player of the Week;5;14
358867;Tim Salmon;Rookie of the Year;1;14
358867;Tim Salmon;Silver Slugger;1;14
358867;Tim Salmon;TSN All-Star;2;14
358867;Tim Salmon;TSN Comeback Player of the Year;1;14
358867;Tim Salmon;TSN Rookie Player of the Year;1;14
358876;Jeff Samardzija;Player of the Week;2;2
358877;Joe Sambito;Player of the Week;1;1
358893;Juan Samuel;Player of the Week;1;4
358893;Juan Samuel;Silver Slugger;1;4
358893;Juan Samuel;TSN All-Star;1;4
358893;Juan Samuel;TSN Rookie Player of the Year;1;4
358905;Anibal Sanchez;Player of the Week;1;2
358905;Anibal Sanchez;Rookie of the Month;1;2
358909;Carlos Sanchez;Gold Glove;1;1
358911;Cristopher Sanchez;All-MLB Team - Second Team;1;2
358911;Cristopher Sanchez;Pitcher of the Month;1;2
358916;Gaby Sanchez;Player of the Week;1;2
358916;Gaby Sanchez;Rookie of the Month;1;2
358917;Gary Sanchez;Player of the Month;1;6
358917;Gary Sanchez;Player of the Week;2;6
358917;Gary Sanchez;Rookie of the Month;1;6
358917;Gary Sanchez;Silver Slugger;1;6
358917;Gary Sanchez;TSN All-Star;1;6
358924;Jonathan Sanchez;Player of the Week;2;2
358936;Ryne Sandberg;Gold Glove;9;34
358936;Ryne Sandberg;Most Valuable Player;1;34
358936;Ryne Sandberg;Player of the Month;2;34
358936;Ryne Sandberg;Player of the Week;7;34
358936;Ryne Sandberg;Silver Slugger;7;34
358936;Ryne Sandberg;TSN All-Star;6;34
358936;Ryne Sandberg;TSN Major League Player of the Year;1;34
358936;Ryne Sandberg;TSN Player of the Year;1;34
358945;Ken Sanders;TSN Fireman of the Year;1;1
358948;Ray Sanders;Baseball Magazine All-Star;1;2
358948;Ray Sanders;TSN All-Star;1;2
358950;Reggie Sanders;Player of the Week;4;5
358950;Reggie Sanders;TSN All-Star;1;5
358961;Pablo Sandoval;Babe Ruth Award;2;5
358961;Pablo Sandoval;Player of the Week;1;5
358961;Pablo Sandoval;This Year in Baseball Postseason MVP;1;5
358961;Pablo Sandoval;World Series MVP;1;5
358972;Jack Sanford;Rookie of the Year;1;2
358972;Jack Sanford;TSN Rookie of the Year;1;2
358974;Manny Sanguillen;Player of the Week;1;2
358974;Manny Sanguillen;TSN All-Star;1;2
358979;Javier Sanoja;Gold Glove;1;1
358980;Miguel Sano;Player of the Week;1;2
358980;Miguel Sano;Rookie of the Month;1;2
358983;Anthony Santander;Silver Slugger;1;1
358985;Carlos Santana;Gold Glove;1;5
358985;Carlos Santana;Player of the Week;2;5
358985;Carlos Santana;Silver Slugger;1;5
358985;Carlos Santana;TSN All-Star;1;5
358986;Danny Santana;Player of the Week;1;1
358990;Ervin Santana;Player of the Week;1;1
358993;Johan Santana;Cy Young Award;2;23
358993;Johan Santana;Gold Glove;1;23
358993;Johan Santana;MLB Players Choice Outstanding Pitcher;2;23
358993;Johan Santana;Pitcher of the Month;8;23
358993;Johan Santana;Pitching Triple Crown;1;23
358993;Johan Santana;Player of the Week;5;23
358993;Johan Santana;TSN All-Star;1;23
358993;Johan Santana;TSN Pitcher of the Year;2;23
358993;Johan Santana;This Year in Baseball Starter of the Year;1;23
358998;Benito Santiago;Gold Glove;3;13
358998;Benito Santiago;NLCS MVP;1;13
358998;Benito Santiago;Rookie of the Year;1;13
358998;Benito Santiago;Silver Slugger;4;13
358998;Benito Santiago;TSN All-Star;3;13
358998;Benito Santiago;TSN Rookie Player of the Year;1;13
359017;Ron Santo;Gold Glove;5;12
359017;Ron Santo;Lou Gehrig Memorial Award;1;12
359017;Ron Santo;Player of the Week;1;12
359017;Ron Santo;TSN All-Star;5;12
359030;Kazuhiro Sasaki;Player of the Week;1;3
359030;Kazuhiro Sasaki;Rookie of the Year;1;3
359030;Kazuhiro Sasaki;TSN Rookie Pitcher of the Year;1;3
359042;Hank Sauer;Most Valuable Player;1;3
359042;Hank Sauer;TSN All-Star;1;3
359042;Hank Sauer;TSN Player of the Year;1;3
359079;Steve Sax;Player of the Month;1;4
359079;Steve Sax;Rookie of the Year;1;4
359079;Steve Sax;Silver Slugger;1;4
359079;Steve Sax;TSN All-Star;1;4
359129;Ray Schalk;Baseball Magazine All-Star;5;5
359134;Wally Schang;Baseball Magazine All-Star;3;3
359155;Richie Scheinblum;TSN All-Star;1;1
359171;Max Scherzer;All-MLB Team - First Team;2;27
359171;Max Scherzer;All-MLB Team - Second Team;1;27
359171;Max Scherzer;Cy Young Award;3;27
359171;Max Scherzer;MLB Players Choice Outstanding Pitcher;3;27
359171;Max Scherzer;Pitcher of the Month;6;27
359171;Max Scherzer;Player of the Week;6;27
359171;Max Scherzer;TSN All-Star;3;27
359171;Max Scherzer;TSN Pitcher of the Year;3;27
359178;Curt Schilling;Babe Ruth Award;1;20
359178;Curt Schilling;Branch Rickey Award;1;20
359178;Curt Schilling;Hutch Award;1;20
359178;Curt Schilling;Lou Gehrig Memorial Award;1;20
359178;Curt Schilling;MLB Players Choice Outstanding Pitcher;2;20
359178;Curt Schilling;NLCS MVP;1;20
359178;Curt Schilling;Pitcher of the Month;4;20
359178;Curt Schilling;Player of the Week;3;20
359178;Curt Schilling;Roberto Clemente Award;1;20
359178;Curt Schilling;TSN All-Star;2;20
359178;Curt Schilling;TSN Pitcher of the Year;2;20
359178;Curt Schilling;World Series MVP;1;20
359180;Ryan Schimpf;Rookie of the Month;1;1
359212;Jason Schmidt;MLB Players Choice Outstanding Pitcher;1;6
359212;Jason Schmidt;Pitcher of the Month;2;6
359212;Jason Schmidt;Player of the Week;1;6
359212;Jason Schmidt;TSN All-Star;1;6
359212;Jason Schmidt;TSN Pitcher of the Year;1;6
359214;Johnny Schmitz;Baseball Magazine All-Star;1;1
359216;Mike Schmidt;Gold Glove;10;44
359216;Mike Schmidt;Lou Gehrig Memorial Award;1;44
359216;Mike Schmidt;Most Valuable Player;3;44
359216;Mike Schmidt;Player of the Month;5;44
359216;Mike Schmidt;Player of the Week;6;44
359216;Mike Schmidt;Silver Slugger;6;44
359216;Mike Schmidt;TSN All-Star;10;44
359216;Mike Schmidt;TSN Player of the Year;2;44
359216;Mike Schmidt;World Series MVP;1;44
359218;Walter Schmidt;Baseball Magazine All-Star;2;2
359235;Red Schoendienst;TSN All-Star;2;2
359242;Jonathan Schoop;Player of the Week;2;2
359246;Pete Schourek;TSN All-Star;1;1
359275;Frank Schulte;Baseball Magazine All-Star;3;4
359275;Frank Schulte;Most Valuable Player;1;4
359295;Hal Schumacher;Baseball Magazine All-Star;1;1
359308;Don Schwall;Rookie of the Year;1;2
359308;Don Schwall;TSN Rookie of the Year;1;2
359310;Kyle Schwarber;All-MLB Team - Second Team;2;9
359310;Kyle Schwarber;All-Star Game MVP;1;9
359310;Kyle Schwarber;Player of the Month;2;9
359310;Kyle Schwarber;Player of the Week;3;9
359310;Kyle Schwarber;Silver Slugger;1;9
359320;Frank Schwindel;Player of the Week;1;3
359320;Frank Schwindel;Rookie of the Month;2;3
359323;Mike Scioscia;TSN All-Star;1;1
359327;Herb Score;Rookie of the Year;1;2
359327;Herb Score;TSN Rookie of the Year;1;2
359343;Everett Scott;Baseball Magazine All-Star;2;2
359346;George Scott;Gold Glove;8;10
359346;George Scott;Player of the Week;2;10
359348;Jim Scott;Baseball Magazine All-Star;1;1
359358;Luke Scott;Player of the Week;3;3
359361;Mike Scott;Cy Young Award;1;9
359361;Mike Scott;NLCS MVP;1;9
359361;Mike Scott;Pitcher of the Month;1;9
359361;Mike Scott;Player of the Week;3;9
359361;Mike Scott;TSN All-Star;2;9
359361;Mike Scott;TSN Pitcher of the Year;1;9
359365;Tanner Scott;Reliever of the Month;2;2
359380;Marco Scutaro;NLCS MVP;1;1
359383;Corey Seager;All-MLB Team - First Team;1;18
359383;Corey Seager;All-MLB Team - Second Team;1;18
359383;Corey Seager;MLB Players Choice Outstanding Rookie;1;18
359383;Corey Seager;NLCS MVP;1;18
359383;Corey Seager;Player of the Week;3;18
359383;Corey Seager;Rookie of the Month;1;18
359383;Corey Seager;Rookie of the Year;1;18
359383;Corey Seager;Silver Slugger;3;18
359383;Corey Seager;TSN All-Star;3;18
359383;Corey Seager;TSN Rookie of the Year;1;18
359383;Corey Seager;World Series MVP;2;18
359384;Kyle Seager;Gold Glove;1;3
359384;Kyle Seager;Player of the Week;2;3
359396;Tom Seaver;Bob Feller Act of Valor Award - HOF Player;1;22
359396;Tom Seaver;Cy Young Award;3;22
359396;Tom Seaver;Pitcher of the Month;4;22
359396;Tom Seaver;Player of the Week;7;22
359396;Tom Seaver;Rookie of the Year;1;22
359396;Tom Seaver;TSN All-Star;4;22
359396;Tom Seaver;TSN Pitcher of the Year;2;22
359422;David Segui;Player of the Week;2;2
359425;Jean Segura;Player of the Week;1;1
359432;Kevin Seitzer;Player of the Week;1;1
359438;Aaron Sele;TSN Rookie Pitcher of the Year;1;1
359456;Marcus Semien;All-MLB Team - First Team;2;15
359456;Marcus Semien;All-MLB Team - Second Team;1;15
359456;Marcus Semien;Gold Glove;2;15
359456;Marcus Semien;MLB Players Choice Man of the Year;2;15
359456;Marcus Semien;Player of the Month;1;15
359456;Marcus Semien;Player of the Week;2;15
359456;Marcus Semien;Silver Slugger;2;15
359456;Marcus Semien;TSN All-Star;3;15
359466;Antonio Senzatela;Rookie of the Month;1;1
359467;Nick Senzel;Player of the Week;1;1
359499;Joe Sewell;Baseball Magazine All-Star;7;8
359499;Joe Sewell;TSN All-Star;1;8
359501;Rip Sewell;Baseball Magazine All-Star;2;3
359501;Rip Sewell;TSN All-Star;1;3
359504;Richie Sexson;Player of the Week;1;1
359552;Bobby Shantz;Gold Glove;8;11
359552;Bobby Shantz;Most Valuable Player;1;11
359552;Bobby Shantz;TSN All-Star;1;11
359552;Bobby Shantz;TSN Pitcher of the Year;1;11
359581;Jeff Shaw;Pitcher of the Month;1;3
359581;Jeff Shaw;Reliever of the Year Award;1;3
359581;Jeff Shaw;TSN Fireman of the Year;1;3
359618;Ben Sheets;Pitcher of the Month;1;3
359618;Ben Sheets;Player of the Week;1;3
359618;Ben Sheets;Rookie of the Month;1;3
359621;Gary Sheffield;Player of the Month;1;23
359621;Gary Sheffield;Player of the Week;12;23
359621;Gary Sheffield;Silver Slugger;5;23
359621;Gary Sheffield;TSN All-Star;3;23
359621;Gary Sheffield;TSN Comeback Player of the Year;1;23
359621;Gary Sheffield;TSN Major League Player of the Year;1;23
359635;Chris Shelton;Player of the Week;1;1
359654;Bill Sherdel;Baseball Magazine All-Star;1;1
359659;Pat Sheridan;Player of the Week;1;1
359672;Larry Sherry;Babe Ruth Award;1;2
359672;Larry Sherry;World Series MVP;1;2
359687;James Shields;Player of the Week;4;4
359714;Bob Shirley;Player of the Week;1;1
359722;Urban Shocker;Baseball Magazine All-Star;4;4
359724;Matt Shoemaker;Pitcher of the Month;1;3
359724;Matt Shoemaker;Player of the Week;1;3
359724;Matt Shoemaker;Rookie of the Month;1;3
359771;Norm Siebern;Gold Glove;1;2
359771;Norm Siebern;TSN All-Star;1;2
359784;Ruben Sierra;MLB Players Choice Comeback Player;1;9
359784;Ruben Sierra;Player of the Month;2;9
359784;Ruben Sierra;Player of the Week;2;9
359784;Ruben Sierra;Silver Slugger;1;9
359784;Ruben Sierra;TSN All-Star;1;9
359784;Ruben Sierra;TSN Comeback Player of the Year;1;9
359784;Ruben Sierra;TSN Player of the Year;1;9
359786;Roy Sievers;Rookie of the Year;1;2
359786;Roy Sievers;TSN Rookie of the Year;1;2
359811;Al Simmons;Baseball Magazine All-Star;16;23
359811;Al Simmons;TSN All-Star;6;23
359811;Al Simmons;TSN Guide MVP;1;23
359812;Andrelton Simmons;Gold Glove;4;7
359812;Andrelton Simmons;Platinum Glove;1;7
359812;Andrelton Simmons;Rookie of the Month;1;7
359812;Andrelton Simmons;This Year in Baseball Defensive Player of the Year;1;7
359823;Ted Simmons;Player of the Week;5;9
359823;Ted Simmons;Silver Slugger;1;9
359823;Ted Simmons;TSN All-Star;3;9
359830;Jason Simontacchi;Rookie of the Month;1;1
359833;Randall Simon;Player of the Week;1;1
359863;Chris Singleton;Player of the Week;1;1
359868;Ken Singleton;Player of the Month;1;5
359868;Ken Singleton;Player of the Week;2;5
359868;Ken Singleton;Roberto Clemente Award;1;5
359868;Ken Singleton;TSN All-Star;1;5
359885;George Sisler;Baseball Magazine All-Star;15;16
359885;George Sisler;Most Valuable Player;1;16
359892;Grady Sizemore;Gold Glove;2;3
359892;Grady Sizemore;Silver Slugger;1;3
359894;Ted Sizemore;Rookie of the Year;1;1
359901;Paul Skenes;All-MLB Team - First Team;2;7
359901;Paul Skenes;Cy Young Award;1;7
359901;Paul Skenes;Pitcher of the Month;1;7
359901;Paul Skenes;Rookie of the Month;1;7
359901;Paul Skenes;Rookie of the Year;1;7
359901;Paul Skenes;TSN All-Star;1;7
359916;Bill Skowron;TSN All-Star;1;1
359918;Tarik Skubal;All-MLB Team - First Team;2;11
359918;Tarik Skubal;Cy Young Award;2;11
359918;Tarik Skubal;MLB Players Choice Outstanding Pitcher;1;11
359918;Tarik Skubal;Pitcher of the Month;1;11
359918;Tarik Skubal;Player of the Week;1;11
359918;Tarik Skubal;TSN All-Star;2;11
359918;Tarik Skubal;TSN Pitcher of the Year;1;11
359918;Tarik Skubal;Triple Crown;1;11
359933;Jim Slaton;Player of the Week;1;1
359939;Enos Slaughter;Baseball Magazine All-Star;9;12
359939;Enos Slaughter;TSN All-Star;2;12
359939;Enos Slaughter;TSN Player of the Year;1;12
359945;Terrmel Sledge;Rookie of the Month;1;1
359953;Heathcliff Slocumb;Pitcher of the Month;1;1
359966;Roy Smalley;Player of the Week;2;3
359966;Roy Smalley;TSN All-Star;1;3
359975;John Smiley;Pitcher of the Month;1;1
359996;Al Smith;Baseball Magazine All-Star;1;1
360019;Bud Smith;Player of the Week;1;2
360019;Bud Smith;Rookie of the Month;1;2
360025;Cade Smith;Reliever of the Month;1;1
360062;Earl Smith;Baseball Magazine All-Star;3;3
360125;Josh Smith;Player of the Week;1;1
360137;Lee Smith;Pitcher of the Month;1;11
360137;Lee Smith;Player of the Week;3;11
360137;Lee Smith;Reliever of the Year Award;3;11
360137;Lee Smith;TSN Fireman of the Year;4;11
360138;Lonnie Smith;Player of the Week;1;4
360138;Lonnie Smith;TSN All-Star;1;4
360138;Lonnie Smith;TSN Comeback Player of the Year;1;4
360138;Lonnie Smith;TSN Rookie Player of the Year;1;4
360156;Ozzie Smith;Branch Rickey Award;1;23
360156;Ozzie Smith;Gold Glove;13;23
360156;Ozzie Smith;Lou Gehrig Memorial Award;1;23
360156;Ozzie Smith;NLCS MVP;1;23
360156;Ozzie Smith;Roberto Clemente Award;1;23
360156;Ozzie Smith;Silver Slugger;1;23
360156;Ozzie Smith;TSN All-Star;5;23
360175;Reggie Smith;Gold Glove;1;5
360175;Reggie Smith;Player of the Week;3;5
360175;Reggie Smith;TSN All-Star;1;5
360184;Seth Smith;Player of the Week;2;2
360206;Will Smith;All-MLB Team - Second Team;2;4
360206;Will Smith;TSN All-Star;2;4
360211;Zane Smith;TSN All-Star;1;1
360212;Justin Smoak;Player of the Week;2;2
360216;John Smoltz;Branch Rickey Award;1;21
360216;John Smoltz;Cy Young Award;1;21
360216;John Smoltz;Lou Gehrig Memorial Award;1;21
360216;John Smoltz;MLB Players Choice Comeback Player;1;21
360216;John Smoltz;MLB Players Choice Man of the Year;2;21
360216;John Smoltz;MLB Players Choice Outstanding Pitcher;1;21
360216;John Smoltz;NLCS MVP;1;21
360216;John Smoltz;Pitcher of the Month;3;21
360216;John Smoltz;Player of the Week;3;21
360216;John Smoltz;Reliever of the Year Award;1;21
360216;John Smoltz;Roberto Clemente Award;1;21
360216;John Smoltz;Silver Slugger;1;21
360216;John Smoltz;TSN All-Star;1;21
360216;John Smoltz;TSN Pitcher of the Year;1;21
360216;John Smoltz;TSN Reliever of the Year;1;21
360216;John Smoltz;This Year in Baseball Closer of the Year;1;21
360232;Blake Snell;All-MLB Team - First Team;1;13
360232;Blake Snell;Cy Young Award;2;13
360232;Blake Snell;MLB Players Choice Outstanding Pitcher;2;13
360232;Blake Snell;Pitcher of the Month;5;13
360232;Blake Snell;Player of the Week;1;13
360232;Blake Snell;TSN All-Star;1;13
360232;Blake Snell;TSN Pitcher of the Year;1;13
360240;Duke Snider;Baseball Magazine All-Star;1;6
360240;Duke Snider;TSN All-Star;3;6
360240;Duke Snider;TSN Major League Player of the Year;1;6
360240;Duke Snider;TSN Player of the Year;1;6
360255;J. T. Snow;Gold Glove;6;10
360255;J. T. Snow;Player of the Week;4;10
360265;Cory Snyder;Player of the Month;1;2
360265;Cory Snyder;Player of the Week;1;2
360267;Frank Snyder;Baseball Magazine All-Star;3;3
360286;Eric Soderholm;TSN Comeback Player of the Year;1;1
360297;Donovan Solano;Silver Slugger;1;2
360297;Donovan Solano;TSN All-Star;1;2
360303;Jorge Soler;Player of the Week;1;2
360303;Jorge Soler;World Series MVP;1;2
360325;Lary Sorensen;Player of the Week;1;1
360327;Alfonso Soriano;All-Star Game MVP;1;18
360327;Alfonso Soriano;Player of the Month;3;18
360327;Alfonso Soriano;Player of the Week;7;18
360327;Alfonso Soriano;Silver Slugger;4;18
360327;Alfonso Soriano;TSN All-Star;3;18
360329;Joakim Soria;Reliever of the Month;2;2
360331;Rafael Soriano;Reliever of the Month;3;7
360331;Rafael Soriano;Reliever of the Year Award;1;7
360331;Rafael Soriano;Rookie of the Month;1;7
360331;Rafael Soriano;TSN Reliever of the Year;1;7
360331;Rafael Soriano;TSN Rookie Pitcher of the Year;1;7
360332;Mike Soroka;All-MLB Team - Second Team;1;1
360344;Sammy Sosa;Hank Aaron Award;1;34
360344;Sammy Sosa;MLB Players Choice Man of the Year;1;34
360344;Sammy Sosa;MLB Players Choice Outstanding Player;1;34
360344;Sammy Sosa;Most Valuable Player;1;34
360344;Sammy Sosa;Player of the Month;5;34
360344;Sammy Sosa;Player of the Week;11;34
360344;Sammy Sosa;Roberto Clemente Award;1;34
360344;Sammy Sosa;Silver Slugger;6;34
360344;Sammy Sosa;TSN All-Star;6;34
360344;Sammy Sosa;TSN Major League Player of the Year;1;34
360349;Geovany Soto;MLB Players Choice Outstanding Rookie;1;5
360349;Geovany Soto;Rookie of the Month;2;5
360349;Geovany Soto;Rookie of the Year;1;5
360349;Geovany Soto;TSN Rookie of the Year;1;5
360352;Juan Soto;All-MLB Team - First Team;4;25
360352;Juan Soto;All-MLB Team - Second Team;1;25
360352;Juan Soto;Babe Ruth Award;1;25
360352;Juan Soto;Player of the Week;4;25
360352;Juan Soto;Rookie of the Month;3;25
360352;Juan Soto;Silver Slugger;6;25
360352;Juan Soto;TSN All-Star;6;25
360364;Steven Souza;Player of the Week;1;2
360364;Steven Souza;This Year in Baseball Play of the Year;1;2
360371;Warren Spahn;Baseball Magazine All-Star;5;16
360371;Warren Spahn;Cy Young Award;1;16
360371;Warren Spahn;Lou Gehrig Memorial Award;1;16
360371;Warren Spahn;TSN All-Star;5;16
360371;Warren Spahn;TSN Pitcher of the Year;4;16
360384;Steve Sparks;Pitcher of the Month;1;1
360388;Tris Speaker;Baseball Magazine All-Star;26;27
360388;Tris Speaker;Most Valuable Player;1;27
360403;Chris Speier;TSN All-Star;1;1
360417;Jim Spencer;Gold Glove;2;2
360424;Shane Spencer;Player of the Week;1;1
360425;Stan Spence;Baseball Magazine All-Star;3;3
360441;Scott Spiezio;Player of the Week;1;1
360468;George Springer;Player of the Week;6;14
360468;George Springer;Rookie of the Month;1;14
360468;George Springer;Silver Slugger;3;14
360468;George Springer;TSN All-Star;3;14
360468;George Springer;World Series MVP;1;14
360484;Mike Squires;Gold Glove;1;1
360500;Matt Stairs;Player of the Week;1;1
360506;Jacob Stallings;Gold Glove;1;1
360510;Craig Stammen;Bob Feller Act of Valor Award - MLB Player;1;1
360512;Oscar Stanage;Baseball Magazine All-Star;2;2
360528;Eddie Stanky;Baseball Magazine All-Star;2;2
360531;Bob Stanley;Pitcher of the Month;1;3
360531;Bob Stanley;Player of the Week;2;3
360538;Mickey Stanley;Gold Glove;4;4
360539;Mike Stanley;Silver Slugger;1;2
360539;Mike Stanley;TSN All-Star;1;2
360546;Leroy Stanton;Player of the Week;1;1
360549;Giancarlo Stanton;ALCS MVP;1;21
360549;Giancarlo Stanton;All-Star Game MVP;1;21
360549;Giancarlo Stanton;Hank Aaron Award;2;21
360549;Giancarlo Stanton;MLB Players Choice Outstanding Player;2;21
360549;Giancarlo Stanton;Most Valuable Player;1;21
360549;Giancarlo Stanton;Player of the Month;3;21
360549;Giancarlo Stanton;Player of the Week;8;21
360549;Giancarlo Stanton;Silver Slugger;2;21
360549;Giancarlo Stanton;TSN All-Star;1;21
360554;Willie Stargell;Babe Ruth Award;1;15
360554;Willie Stargell;Hutch Award;1;15
360554;Willie Stargell;Lou Gehrig Memorial Award;1;15
360554;Willie Stargell;Most Valuable Player;1;15
360554;Willie Stargell;NLCS MVP;1;15
360554;Willie Stargell;Player of the Week;2;15
360554;Willie Stargell;Roberto Clemente Award;1;15
360554;Willie Stargell;TSN All-Star;4;15
360554;Willie Stargell;TSN Comeback Player of the Year;1;15
360554;Willie Stargell;TSN Major League Player of the Year;1;15
360554;Willie Stargell;World Series MVP;1;15
360572;Max Stassi;Player of the Week;1;1
360576;Rusty Staub;Outstanding DH Award;1;3
360576;Rusty Staub;Player of the Week;1;3
360576;Rusty Staub;TSN All-Star;1;3
360602;Spencer Steer;Player of the Week;2;3
360602;Spencer Steer;Rookie of the Month;1;3
360621;Terry Steinbach;All-Star Game MVP;1;1
360633;Rennie Stennett;Player of the Week;2;2
360644;Garrett Stephenson;Pitcher of the Month;1;1
360660;Vern Stephens;Baseball Magazine All-Star;7;7
360695;Dave Stewart;ALCS MVP;2;10
360695;Dave Stewart;Babe Ruth Award;1;10
360695;Dave Stewart;Pitcher of the Month;3;10
360695;Dave Stewart;Player of the Week;1;10
360695;Dave Stewart;Roberto Clemente Award;1;10
360695;Dave Stewart;TSN All-Star;1;10
360695;Dave Stewart;World Series MVP;1;10
360700;Ian Stewart;Player of the Week;1;2
360700;Ian Stewart;Rookie of the Month;1;2
360716;Shannon Stewart;Player of the Week;1;1
360721;Dave Stieb;Pitcher of the Month;3;8
360721;Dave Stieb;Player of the Week;3;8
360721;Dave Stieb;TSN All-Star;1;8
360721;Dave Stieb;TSN Pitcher of the Year;1;8
360727;Kurt Stillwell;Player of the Week;1;1
360736;Bob Stinson;Player of the Week;1;1
360741;Snuffy Stirnweiss;Baseball Magazine All-Star;4;5
360741;Snuffy Stirnweiss;TSN All-Star;1;5
360749;Milt Stock;Baseball Magazine All-Star;2;2
360757;Tim Stoddard;Pitcher of the Month;1;1
360769;George Stone;Baseball Magazine All-Star;2;2
360780;Steve Stone;Cy Young Award;1;5
360780;Steve Stone;Pitcher of the Month;1;5
360780;Steve Stone;Player of the Week;1;5
360780;Steve Stone;TSN All-Star;1;5
360780;Steve Stone;TSN Pitcher of the Year;1;5
360789;Trevor Story;Player of the Week;5;10
360789;Trevor Story;Rookie of the Month;1;10
360789;Trevor Story;Silver Slugger;2;10
360789;Trevor Story;TSN All-Star;2;10
360791;Mel Stottlemyre;TSN All-Star;1;1
360793;Todd Stottlemyre;Branch Rickey Award;1;3
360793;Todd Stottlemyre;Lou Gehrig Memorial Award;1;3
360793;Todd Stottlemyre;Player of the Week;1;3
360807;Kyle Stowers;Player of the Week;2;2
360822;Stephen Strasburg;All-MLB Team - First Team;1;10
360822;Stephen Strasburg;Babe Ruth Award;1;10
360822;Stephen Strasburg;Pitcher of the Month;4;10
360822;Stephen Strasburg;Player of the Week;2;10
360822;Stephen Strasburg;Silver Slugger;1;10
360822;Stephen Strasburg;World Series MVP;1;10
360833;Darryl Strawberry;Player of the Month;1;13
360833;Darryl Strawberry;Player of the Week;6;13
360833;Darryl Strawberry;Rookie of the Year;1;13
360833;Darryl Strawberry;Silver Slugger;2;13
360833;Darryl Strawberry;TSN All-Star;2;13
360833;Darryl Strawberry;TSN Rookie Player of the Year;1;13
360834;Myles Straw;Gold Glove;1;1
360835;Gabby Street;Baseball Magazine All-Star;1;1
360836;Huston Street;MLB Players Choice Outstanding Rookie;1;6
360836;Huston Street;Player of the Week;2;6
360836;Huston Street;Reliever of the Month;1;6
360836;Huston Street;Rookie of the Year;1;6
360836;Huston Street;TSN Rookie of the Year;1;6
360851;Spencer Strider;All-MLB Team - First Team;1;4
360851;Spencer Strider;MLB Players Choice Outstanding Rookie;1;4
360851;Spencer Strider;Rookie of the Month;1;4
360851;Spencer Strider;TSN Rookie of the Year;1;4
360864;Marcus Stroman;Gold Glove;1;2
360864;Marcus Stroman;Player of the Week;1;2
360884;Dick Stuart;TSN All-Star;1;1
360889;Drew Stubbs;Player of the Week;1;1
360890;Franklin Stubbs;Player of the Week;2;2
360919;Eugenio Suarez;Player of the Month;1;5
360919;Eugenio Suarez;Player of the Week;4;5
360924;Ranger Suarez;Pitcher of the Month;1;2
360924;Ranger Suarez;Player of the Week;1;2
360925;Robert Suarez;Reliever of the Month;2;2
360940;Gus Suhr;Baseball Magazine All-Star;1;1
360950;Billy Sullivan;Baseball Magazine All-Star;2;2
361002;Jim Sundberg;Gold Glove;6;9
361002;Jim Sundberg;Player of the Week;1;9
361002;Jim Sundberg;TSN All-Star;2;9
361007;Jeff Suppan;NLCS MVP;1;1
361008;B. J. Surhoff;Player of the Week;2;2
361018;Rick Sutcliffe;Cy Young Award;1;14
361018;Rick Sutcliffe;Lou Gehrig Memorial Award;1;14
361018;Rick Sutcliffe;Pitcher of the Month;2;14
361018;Rick Sutcliffe;Player of the Week;1;14
361018;Rick Sutcliffe;Roberto Clemente Award;1;14
361018;Rick Sutcliffe;Rookie of the Year;1;14
361018;Rick Sutcliffe;TSN All-Star;2;14
361018;Rick Sutcliffe;TSN Comeback Player of the Year;2;14
361018;Rick Sutcliffe;TSN Pitcher of the Year;2;14
361018;Rick Sutcliffe;TSN Rookie Pitcher of the Year;1;14
361020;Brent Suter;Reliever of the Month;1;1
361028;Bruce Sutter;Babe Ruth Award;1;18
361028;Bruce Sutter;Cy Young Award;1;18
361028;Bruce Sutter;Pitcher of the Month;1;18
361028;Bruce Sutter;Player of the Week;7;18
361028;Bruce Sutter;Reliever of the Year Award;4;18
361028;Bruce Sutter;TSN Fireman of the Year;4;18
361031;Don Sutton;All-Star Game MVP;1;11
361031;Don Sutton;Lou Gehrig Memorial Award;1;11
361031;Don Sutton;Pitcher of the Month;3;11
361031;Don Sutton;Player of the Week;4;11
361031;Don Sutton;TSN All-Star;1;11
361031;Don Sutton;TSN Rookie Pitcher of the Year;1;11
361039;Ichiro Suzuki;All-Star Game MVP;1;33
361039;Ichiro Suzuki;Gold Glove;10;33
361039;Ichiro Suzuki;MLB Players Choice Outstanding Player;1;33
361039;Ichiro Suzuki;MLB Players Choice Outstanding Rookie;1;33
361039;Ichiro Suzuki;Most Valuable Player;1;33
361039;Ichiro Suzuki;Player of the Month;1;33
361039;Ichiro Suzuki;Player of the Week;5;33
361039;Ichiro Suzuki;Rookie of the Month;4;33
361039;Ichiro Suzuki;Rookie of the Year;1;33
361039;Ichiro Suzuki;Silver Slugger;3;33
361039;Ichiro Suzuki;TSN All-Star;3;33
361039;Ichiro Suzuki;TSN Rookie Player of the Year;1;33
361039;Ichiro Suzuki;This Year in Baseball Defensive Player of the Year;1;33
361042;Seiya Suzuki;Player of the Week;3;4
361042;Seiya Suzuki;Rookie of the Month;1;4
361060;Dansby Swanson;Gold Glove;2;3
361060;Dansby Swanson;TSN All-Star;1;3
361083;Ed Sweeney;Baseball Magazine All-Star;1;1
361087;Mike Sweeney;Hutch Award;1;7
361087;Mike Sweeney;MLB Players Choice Man of the Year;1;7
361087;Mike Sweeney;Player of the Month;1;7
361087;Mike Sweeney;Player of the Week;4;7
361100;Bill Swift;Pitcher of the Month;2;2
361107;Greg Swindell;Player of the Week;1;1
361111;Nick Swisher;Bob Feller Act of Valor Award - MLB Player;1;1
361112;Steve Swisher;Player of the Week;1;1
361121;Noah Syndergaard;Player of the Week;4;4
361132;Pat Tabler;Player of the Week;2;2
361135;Jim Tabor;Baseball Magazine All-Star;1;1
361141;Jameson Taillon;Pitcher of the Month;1;2
361141;Jameson Taillon;Player of the Week;1;2
361159;Masahiro Tanaka;Pitcher of the Month;1;1
361160;Frank Tanana;Player of the Month;3;7
361160;Frank Tanana;Player of the Week;1;7
361160;Frank Tanana;TSN All-Star;2;7
361160;Frank Tanana;TSN Rookie Pitcher of the Year;1;7
361169;Kevin Tapani;Pitcher of the Month;1;2
361169;Kevin Tapani;Player of the Week;1;2
361182;Danny Tartabull;Player of the Week;2;2
361199;Fernando Tatis;MLB Players Choice Comeback Player;1;2
361199;Fernando Tatis;TSN Comeback Player of the Year;1;2
361200;Fernando Tatis;All-MLB Team - First Team;2;16
361200;Fernando Tatis;Gold Glove;2;16
361200;Fernando Tatis;Platinum Glove;2;16
361200;Fernando Tatis;Player of the Month;2;16
361200;Fernando Tatis;Player of the Week;3;16
361200;Fernando Tatis;Silver Slugger;2;16
361200;Fernando Tatis;TSN All-Star;3;16
361215;Julian Tavarez;TSN Rookie Pitcher of the Year;1;1
361218;Frank Taveras;Player of the Week;1;1
361221;Willy Taveras;MLB Players Choice Outstanding Rookie;1;2
361221;Willy Taveras;TSN Rookie of the Year;1;2
361246;Chris Taylor;NLCS MVP;1;2
361246;Chris Taylor;Player of the Week;1;2
361279;Michael Taylor;Gold Glove;1;1
361304;Mark Teahen;Hutch Award;1;2
361304;Mark Teahen;Player of the Week;1;2
361306;Birdie Tebbetts;Baseball Magazine All-Star;2;3
361306;Birdie Tebbetts;TSN All-Star;1;3
361314;Mark Teixeira;Gold Glove;5;17
361314;Mark Teixeira;Player of the Month;2;17
361314;Mark Teixeira;Player of the Week;6;17
361314;Mark Teixeira;Silver Slugger;3;17
361314;Mark Teixeira;TSN All-Star;1;17
361315;Miguel Tejada;All-Star Game MVP;1;11
361315;Miguel Tejada;Most Valuable Player;1;11
361315;Miguel Tejada;Player of the Week;6;11
361315;Miguel Tejada;Silver Slugger;2;11
361315;Miguel Tejada;TSN All-Star;1;11
361322;Kent Tekulve;Pitcher of the Month;1;2
361322;Kent Tekulve;Player of the Week;1;2
361327;Rowdy Tellez;Player of the Week;1;1
361330;Garry Templeton;Silver Slugger;2;5
361330;Garry Templeton;TSN All-Star;3;5
361332;Gene Tenace;Babe Ruth Award;1;5
361332;Gene Tenace;Player of the Month;1;5
361332;Gene Tenace;Player of the Week;2;5
361332;Gene Tenace;World Series MVP;1;5
361339;Fred Tenney;Baseball Magazine All-Star;1;1
361343;Ryan Tepera;Reliever of the Month;1;1
361355;Walt Terrell;Player of the Week;1;1
361359;Bill Terry;Baseball Magazine All-Star;10;12
361359;Bill Terry;TSN All-Star;1;12
361359;Bill Terry;TSN Guide MVP;1;12
361363;Ralph Terry;Babe Ruth Award;1;3
361363;Ralph Terry;TSN All-Star;1;3
361363;Ralph Terry;World Series MVP;1;3
361371;Jeff Tesreau;Baseball Magazine All-Star;1;1
361376;Mickey Tettleton;Player of the Week;3;9
361376;Mickey Tettleton;Silver Slugger;3;9
361376;Mickey Tettleton;TSN All-Star;3;9
361379;Bob Tewksbury;Pitcher of the Month;1;1
361406;Bobby Thigpen;Pitcher of the Month;1;3
361406;Bobby Thigpen;Reliever of the Year Award;1;3
361406;Bobby Thigpen;TSN Fireman of the Year;1;3
361444;Frank Thomas;TSN All-Star;1;1
361445;Frank Thomas;MLB Players Choice Comeback Player;2;37
361445;Frank Thomas;MLB Players Choice Outstanding Player;2;37
361445;Frank Thomas;Most Valuable Player;2;37
361445;Frank Thomas;Player of the Month;8;37
361445;Frank Thomas;Player of the Week;14;37
361445;Frank Thomas;Silver Slugger;4;37
361445;Frank Thomas;TSN All-Star;3;37
361445;Frank Thomas;TSN Comeback Player of the Year;1;37
361445;Frank Thomas;TSN Major League Player of the Year;1;37
361449;Gorman Thomas;Player of the Week;2;4
361449;Gorman Thomas;TSN All-Star;1;4
361449;Gorman Thomas;TSN Comeback Player of the Year;1;4
361453;Ira Thomas;Baseball Magazine All-Star;3;3
361477;Tommy Thomas;Baseball Magazine All-Star;1;1
361481;Jim Thome;Lou Gehrig Memorial Award;1;20
361481;Jim Thome;MLB Players Choice Man of the Year;2;20
361481;Jim Thome;Player of the Month;3;20
361481;Jim Thome;Player of the Week;8;20
361481;Jim Thome;Roberto Clemente Award;1;20
361481;Jim Thome;Silver Slugger;1;20
361481;Jim Thome;TSN All-Star;3;20
361481;Jim Thome;TSN Comeback Player of the Year;1;20
361496;Danny Thompson;Hutch Award;1;1
361512;Jason Thompson;Player of the Week;4;4
361529;Robby Thompson;Gold Glove;1;5
361529;Robby Thompson;Player of the Week;1;5
361529;Robby Thompson;Silver Slugger;1;5
361529;Robby Thompson;TSN All-Star;1;5
361529;Robby Thompson;TSN Rookie Player of the Year;1;5
361549;Dickie Thon;Silver Slugger;1;2
361549;Dickie Thon;TSN All-Star;1;2
361555;Andre Thornton;Hutch Award;1;10
361555;Andre Thornton;Player of the Month;1;10
361555;Andre Thornton;Player of the Week;5;10
361555;Andre Thornton;Roberto Clemente Award;1;10
361555;Andre Thornton;Silver Slugger;1;10
361555;Andre Thornton;TSN Comeback Player of the Year;1;10
361582;Mark Thurmond;TSN All-Star;1;1
361586;Hollis Thurston;Baseball Magazine All-Star;1;1
361587;Luis Tiant;Babe Ruth Award;1;5
361587;Luis Tiant;Player of the Month;1;5
361587;Luis Tiant;Player of the Week;2;5
361587;Luis Tiant;TSN Comeback Player of the Year;1;5
361591;Dick Tidrow;Pitcher of the Month;1;2
361591;Dick Tidrow;TSN Rookie Pitcher of the Year;1;2
361613;Mike Timlin;Lou Gehrig Memorial Award;1;1
361654;Bobby Tolan;Hutch Award;1;3
361654;Bobby Tolan;TSN All-Star;1;3
361654;Bobby Tolan;TSN Comeback Player of the Year;1;3
361662;Brian Tollberg;Player of the Week;1;1
361682;Randy Tomlin;Pitcher of the Month;1;2
361682;Randy Tomlin;Player of the Week;1;2
361721;Gleyber Torres;Player of the Week;2;3
361721;Gleyber Torres;Rookie of the Month;1;3
361723;Joe Torre;Bob Feller Act of Valor Award - HOF Player;1;11
361723;Joe Torre;Gold Glove;1;11
361723;Joe Torre;Hutch Award;1;11
361723;Joe Torre;Most Valuable Player;1;11
361723;Joe Torre;Player of the Week;1;11
361723;Joe Torre;TSN All-Star;4;11
361723;Joe Torre;TSN Major League Player of the Year;1;11
361723;Joe Torre;TSN Player of the Year;1;11
361745;Ezequiel Tovar;Gold Glove;1;1
361748;Josh Towers;Rookie of the Month;1;1
361762;Steve Trachsel;Player of the Week;1;2
361762;Steve Trachsel;TSN Rookie Pitcher of the Year;1;2
361772;Alan Trammell;Gold Glove;4;16
361772;Alan Trammell;Player of the Month;2;16
361772;Alan Trammell;Player of the Week;2;16
361772;Alan Trammell;Silver Slugger;3;16
361772;Alan Trammell;TSN All-Star;3;16
361772;Alan Trammell;TSN Comeback Player of the Year;1;16
361772;Alan Trammell;World Series MVP;1;16
361780;Cecil Travis;Baseball Magazine All-Star;2;3
361780;Cecil Travis;TSN All-Star;1;3
361781;Devon Travis;Rookie of the Month;1;1
361785;Pie Traynor;Baseball Magazine All-Star;19;26
361785;Pie Traynor;TSN All-Star;7;26
361791;Jeff Treadway;Player of the Week;1;1
361798;Blake Treinen;Reliever of the Month;2;2
361809;Tom Tresh;Gold Glove;1;4
361809;Tom Tresh;Rookie of the Year;1;4
361809;Tom Tresh;TSN All-Star;1;4
361809;Tom Tresh;TSN Rookie of the Year;1;4
361812;Jose Trevino;Gold Glove;1;2
361812;Jose Trevino;Platinum Glove;1;2
361816;Manny Trillo;Gold Glove;3;11
361816;Manny Trillo;NLCS MVP;1;11
361816;Manny Trillo;Player of the Week;2;11
361816;Manny Trillo;Silver Slugger;2;11
361816;Manny Trillo;TSN All-Star;3;11
361819;Jared Triolo;Gold Glove;1;1
361822;Lou Trivino;Reliever of the Month;1;1
361835;Dizzy Trout;Baseball Magazine All-Star;2;3
361835;Dizzy Trout;TSN All-Star;1;3
361836;Mike Trout;All-MLB Team - First Team;3;48
361836;Mike Trout;All-Star Game MVP;2;48
361836;Mike Trout;Hank Aaron Award;2;48
361836;Mike Trout;MLB Players Choice Outstanding Player;2;48
361836;Mike Trout;MLB Players Choice Outstanding Rookie;1;48
361836;Mike Trout;MLB Players Choice Player of the Year;1;48
361836;Mike Trout;Most Valuable Player;3;48
361836;Mike Trout;Player of the Month;5;48
361836;Mike Trout;Player of the Week;5;48
361836;Mike Trout;Rookie of the Month;4;48
361836;Mike Trout;Rookie of the Year;1;48
361836;Mike Trout;Silver Slugger;9;48
361836;Mike Trout;TSN All-Star;6;48
361836;Mike Trout;TSN Major League Player of the Year;1;48
361836;Mike Trout;TSN Rookie of the Year;1;48
361836;Mike Trout;This Year in Baseball Play of the Year;1;48
361836;Mike Trout;This Year in Baseball Rookie of the Year;1;48
361850;Mark Trumbo;MLB Players Choice Comeback Player;1;6
361850;Mark Trumbo;MLB Players Choice Outstanding Rookie;1;6
361850;Mark Trumbo;Player of the Week;1;6
361850;Mark Trumbo;Silver Slugger;1;6
361850;Mark Trumbo;TSN Comeback Player of the Year;1;6
361850;Mark Trumbo;TSN Rookie of the Year;1;6
361864;Kyle Tucker;All-MLB Team - Second Team;3;10
361864;Kyle Tucker;Gold Glove;1;10
361864;Kyle Tucker;Player of the Month;1;10
361864;Kyle Tucker;Player of the Week;1;10
361864;Kyle Tucker;Silver Slugger;2;10
361864;Kyle Tucker;TSN All-Star;2;10
361865;Michael Tucker;Player of the Week;1;1
361874;John Tudor;Pitcher of the Month;2;5
361874;John Tudor;Player of the Week;1;5
361874;John Tudor;TSN All-Star;1;5
361874;John Tudor;TSN Comeback Player of the Year;1;5
361880;Troy Tulowitzki;Gold Glove;2;13
361880;Troy Tulowitzki;Player of the Month;2;13
361880;Troy Tulowitzki;Player of the Week;5;13
361880;Troy Tulowitzki;Rookie of the Month;1;13
361880;Troy Tulowitzki;Silver Slugger;2;13
361880;Troy Tulowitzki;This Year in Baseball Rookie of the Year;1;13
361884;Brice Turang;All-MLB Team - Second Team;1;4
361884;Brice Turang;Gold Glove;1;4
361884;Brice Turang;Platinum Glove;1;4
361884;Brice Turang;TSN All-Star;1;4
361890;Bob Turley;Cy Young Award;1;5
361890;Bob Turley;TSN All-Star;1;5
361890;Bob Turley;TSN Major League Player of the Year;1;5
361890;Bob Turley;TSN Pitcher of the Year;1;5
361890;Bob Turley;World Series MVP;1;5
361893;Spencer Turnbull;Player of the Week;1;1
361904;Jim Turner;Baseball Magazine All-Star;2;2
361906;Justin Turner;NLCS MVP;1;4
361906;Justin Turner;Player of the Month;1;4
361906;Justin Turner;Roberto Clemente Award;1;4
361906;Justin Turner;Rookie of the Month;1;4
361919;Trea Turner;All-MLB Team - First Team;1;11
361919;Trea Turner;All-MLB Team - Second Team;1;11
361919;Trea Turner;Player of the Week;4;11
361919;Trea Turner;Rookie of the Month;2;11
361919;Trea Turner;Silver Slugger;1;11
361919;Trea Turner;TSN All-Star;2;11
361928;Wayne Twitchell;Player of the Week;1;1
361957;Koji Uehara;ALCS MVP;1;1
361959;Dan Uggla;MLB Players Choice Outstanding Rookie;1;5
361959;Dan Uggla;Player of the Month;1;5
361959;Dan Uggla;Rookie of the Month;1;5
361959;Dan Uggla;Silver Slugger;1;5
361959;Dan Uggla;TSN Rookie of the Year;1;5
361964;George Uhle;Baseball Magazine All-Star;4;5
361964;George Uhle;TSN All-Star;1;5
361988;Del Unser;TSN Rookie Player of the Year;1;1
361995;Willie Upshaw;Player of the Week;1;1
361997;B. J. Upton;Player of the Month;1;4
361997;B. J. Upton;Player of the Week;3;4
361998;Justin Upton;Player of the Month;2;9
361998;Justin Upton;Player of the Week;4;9
361998;Justin Upton;Silver Slugger;3;9
362005;Ugueth Urbina;Player of the Week;1;2
362005;Ugueth Urbina;TSN Fireman of the Year;1;2
362009;Julio Urias;All-MLB Team - Second Team;2;2
362011;Ramon Urias;Gold Glove;1;1
362023;Chase Utley;Player of the Month;2;14
362023;Chase Utley;Player of the Week;5;14
362023;Chase Utley;Silver Slugger;4;14
362023;Chase Utley;TSN All-Star;2;14
362023;Chase Utley;This Year in Baseball Postseason Moment of the Year;1;14
362041;Framber Valdez;All-MLB Team - First Team;1;3
362041;Framber Valdez;All-MLB Team - Second Team;1;3
362041;Framber Valdez;Player of the Week;1;3
362067;Bobby Valentine;Branch Rickey Award;1;1
362070;Ellis Valentine;Gold Glove;1;1
362072;Fernando Valenzuela;Cy Young Award;1;19
362072;Fernando Valenzuela;Gold Glove;1;19
362072;Fernando Valenzuela;Pitcher of the Month;4;19
362072;Fernando Valenzuela;Player of the Week;5;19
362072;Fernando Valenzuela;Rookie of the Year;1;19
362072;Fernando Valenzuela;Silver Slugger;2;19
362072;Fernando Valenzuela;TSN All-Star;2;19
362072;Fernando Valenzuela;TSN Major League Player of the Year;1;19
362072;Fernando Valenzuela;TSN Pitcher of the Year;1;19
362072;Fernando Valenzuela;TSN Rookie Pitcher of the Year;1;19
362077;John Valentin;Player of the Week;2;3
362077;John Valentin;Silver Slugger;1;3
362089;Jose Valverde;Player of the Week;2;8
362089;Jose Valverde;Reliever of the Month;1;8
362089;Jose Valverde;Reliever of the Year Award;2;8
362089;Jose Valverde;TSN All-Star;1;8
362089;Jose Valverde;TSN Reliever of the Year;1;8
362089;Jose Valverde;This Year in Baseball Closer of the Year;1;8
362102;Dazzy Vance;Baseball Magazine All-Star;8;11
362102;Dazzy Vance;Most Valuable Player;1;11
362102;Dazzy Vance;Pitching Triple Crown;1;11
362102;Dazzy Vance;TSN All-Star;1;11
362109;Ed Vande Berg;TSN Rookie Pitcher of the Year;1;1
362111;Johnny Vander Meer;Baseball Magazine All-Star;4;6
362111;Johnny Vander Meer;TSN All-Star;1;6
362111;Johnny Vander Meer;TSN Major League Player of the Year;1;6
362130;Andy Van Slyke;Gold Glove;5;11
362130;Andy Van Slyke;Player of the Week;1;11
362130;Andy Van Slyke;Silver Slugger;2;11
362130;Andy Van Slyke;TSN All-Star;2;11
362130;Andy Van Slyke;TSN Player of the Year;1;11
362141;Jason Vargas;Pitcher of the Month;2;2
362143;Kennys Vargas;Player of the Week;1;1
362144;Miguel Vargas;Player of the Week;1;1
362148;Jason Varitek;Gold Glove;1;4
362148;Jason Varitek;Player of the Week;1;4
362148;Jason Varitek;Silver Slugger;1;4
362148;Jason Varitek;TSN All-Star;1;4
362155;Daulton Varsho;Gold Glove;1;1
362171;Arky Vaughan;Baseball Magazine All-Star;12;14
362171;Arky Vaughan;TSN All-Star;1;14
362171;Arky Vaughan;TSN Guide MVP;1;14
362178;Greg Vaughn;MLB Players Choice Comeback Player;1;8
362178;Greg Vaughn;Player of the Month;1;8
362178;Greg Vaughn;Player of the Week;3;8
362178;Greg Vaughn;Silver Slugger;1;8
362178;Greg Vaughn;TSN All-Star;1;8
362178;Greg Vaughn;TSN Comeback Player of the Year;1;8
362180;Hippo Vaughn;Baseball Magazine All-Star;4;5
362180;Hippo Vaughn;Pitching Triple Crown;1;5
362181;Mo Vaughn;Most Valuable Player;1;9
362181;Mo Vaughn;Player of the Month;1;9
362181;Mo Vaughn;Player of the Week;5;9
362181;Mo Vaughn;Silver Slugger;1;9
362181;Mo Vaughn;TSN All-Star;1;9
362187;Christian Vazquez;TSN All-Star;1;1
362188;Javier Vazquez;Pitcher of the Month;2;4
362188;Javier Vazquez;Player of the Week;2;4
362215;Otto Velez;Player of the Month;1;2
362215;Otto Velez;Player of the Week;1;2
362218;Will Venable;Player of the Week;1;1
362222;Jonny Venters;Comeback Player of the Year;1;1
362224;Robin Ventura;Gold Glove;6;9
362224;Robin Ventura;Player of the Month;1;9
362224;Robin Ventura;Player of the Week;2;9
362231;Emil Verban;Baseball Magazine All-Star;2;2
362244;Justin Verlander;ALCS MVP;1;42
362244;Justin Verlander;All-MLB Team - First Team;2;42
362244;Justin Verlander;Babe Ruth Award;1;42
362244;Justin Verlander;Bob Feller Act of Valor Award - MLB Player;1;42
362244;Justin Verlander;Comeback Player of the Year;1;42
362244;Justin Verlander;Cy Young Award;3;42
362244;Justin Verlander;MLB Players Choice Comeback Player;1;42
362244;Justin Verlander;MLB Players Choice Outstanding Pitcher;3;42
362244;Justin Verlander;MLB Players Choice Outstanding Rookie;1;42
362244;Justin Verlander;MLB Players Choice Player of the Year;1;42
362244;Justin Verlander;Most Valuable Player;1;42
362244;Justin Verlander;Pitcher of the Month;5;42
362244;Justin Verlander;Pitching Triple Crown;1;42
362244;Justin Verlander;Player of the Week;10;42
362244;Justin Verlander;Rookie of the Month;1;42
362244;Justin Verlander;Rookie of the Year;1;42
362244;Justin Verlander;TSN All-Star;1;42
362244;Justin Verlander;TSN Comeback Player of the Year;1;42
362244;Justin Verlander;TSN Major League Player of the Year;1;42
362244;Justin Verlander;TSN Pitcher of the Year;3;42
362244;Justin Verlander;TSN Rookie of the Year;1;42
362244;Justin Verlander;This Year in Baseball Starter of the Year;1;42
362247;Mickey Vernon;Baseball Magazine All-Star;1;2
362247;Mickey Vernon;TSN All-Star;1;2
362249;Zoilo Versalles;Gold Glove;2;4
362249;Zoilo Versalles;Most Valuable Player;1;4
362249;Zoilo Versalles;TSN All-Star;1;4
362262;Shane Victorino;Branch Rickey Award;1;7
362262;Shane Victorino;Gold Glove;4;7
362262;Shane Victorino;Lou Gehrig Memorial Award;1;7
362262;Shane Victorino;Player of the Week;1;7
362264;Jose Vidro;Silver Slugger;1;1
362275;Christian Villanueva;Rookie of the Month;1;1
362291;Fernando Vina;Gold Glove;2;2
362303;Frank Viola;Babe Ruth Award;1;9
362303;Frank Viola;Cy Young Award;1;9
362303;Frank Viola;Pitcher of the Month;2;9
362303;Frank Viola;Player of the Week;1;9
362303;Frank Viola;TSN All-Star;2;9
362303;Frank Viola;TSN Pitcher of the Year;1;9
362303;Frank Viola;World Series MVP;1;9
362305;Jim Viox;Baseball Magazine All-Star;1;1
362306;Bill Virdon;Gold Glove;1;3
362306;Bill Virdon;Rookie of the Year;1;3
362306;Bill Virdon;TSN Rookie of the Year;1;3
362321;Omar Vizquel;Gold Glove;11;13
362321;Omar Vizquel;Hutch Award;1;13
362321;Omar Vizquel;Player of the Week;1;13
362329;Bill Voiselle;Baseball Magazine All-Star;1;2
362329;Bill Voiselle;TSN Pitcher of the Year;1;2
362330;Luke Voit;Player of the Week;3;3
362332;Anthony Volpe;Gold Glove;1;1
362333;Edinson Volquez;Player of the Week;1;1
362344;Joe Vosmik;Baseball Magazine All-Star;2;2
362348;Joey Votto;Gold Glove;1;13
362348;Joey Votto;Hank Aaron Award;1;13
362348;Joey Votto;Lou Gehrig Memorial Award;1;13
362348;Joey Votto;Most Valuable Player;1;13
362348;Joey Votto;Player of the Month;1;13
362348;Joey Votto;Player of the Week;6;13
362348;Joey Votto;Rookie of the Month;1;13
362348;Joey Votto;TSN All-Star;1;13
362352;Pete Vuckovich;Cy Young Award;1;1
362355;Michael Wacha;NLCS MVP;1;2
362355;Michael Wacha;Pitcher of the Month;1;2
362362;Rube Waddell;Baseball Magazine All-Star;1;2
362362;Rube Waddell;Pitching Triple Crown;1;2
362381;Billy Wagner;Reliever of the Month;1;2
362381;Billy Wagner;Reliever of the Year Award;1;2
362387;Heinie Wagner;Baseball Magazine All-Star;1;1
362389;Honus Wagner;Baseball Magazine All-Star;12;12
362391;Leon Wagner;All-Star Game MVP;1;2
362391;Leon Wagner;TSN All-Star;1;2
362403;Adam Wainwright;Gold Glove;2;10
362403;Adam Wainwright;Hutch Award;1;10
362403;Adam Wainwright;MLB Players Choice Outstanding Pitcher;1;10
362403;Adam Wainwright;Pitcher of the Month;3;10
362403;Adam Wainwright;Player of the Week;1;10
362403;Adam Wainwright;Roberto Clemente Award;1;10
362403;Adam Wainwright;Silver Slugger;1;10
362407;Rick Waits;Player of the Week;1;1
362412;Dick Wakefield;Baseball Magazine All-Star;3;5
362412;Dick Wakefield;TSN All-Star;2;5
362414;Tim Wakefield;Pitcher of the Month;1;6
362414;Tim Wakefield;Player of the Week;2;6
362414;Tim Wakefield;Roberto Clemente Award;1;6
362414;Tim Wakefield;TSN Comeback Player of the Year;1;6
362414;Tim Wakefield;TSN Rookie Pitcher of the Year;1;6
362417;Rube Walberg;Baseball Magazine All-Star;1;1
362442;Christian Walker;Gold Glove;3;3
362445;Dixie Walker;Baseball Magazine All-Star;2;3
362445;Dixie Walker;TSN All-Star;1;3
362446;Duane Walker;Player of the Week;1;1
362455;Greg Walker;Player of the Month;1;2
362455;Greg Walker;Player of the Week;1;2
362466;Larry Walker;Gold Glove;7;21
362466;Larry Walker;MLB Players Choice Outstanding Player;1;21
362466;Larry Walker;Most Valuable Player;1;21
362466;Larry Walker;Player of the Month;2;21
362466;Larry Walker;Player of the Week;4;21
362466;Larry Walker;Silver Slugger;3;21
362466;Larry Walker;TSN All-Star;3;21
362472;Neil Walker;Silver Slugger;1;1
362487;Todd Walker;Player of the Week;1;1
362496;Bobby Wallace;Baseball Magazine All-Star;2;2
362513;Tim Wallach;Gold Glove;3;11
362513;Tim Wallach;Player of the Month;1;11
362513;Tim Wallach;Player of the Week;2;11
362513;Tim Wallach;Silver Slugger;2;11
362513;Tim Wallach;TSN All-Star;2;11
362513;Tim Wallach;TSN Comeback Player of the Year;1;11
362540;Ed Walsh;Baseball Magazine All-Star;8;8
362542;Jared Walsh;Rookie of the Month;1;1
362559;Bucky Walters;Baseball Magazine All-Star;6;11
362559;Bucky Walters;Most Valuable Player;1;11
362559;Bucky Walters;Pitching Triple Crown;1;11
362559;Bucky Walters;TSN All-Star;2;11
362559;Bucky Walters;TSN Guide MVP;1;11
362575;Jerome Walton;Rookie of the Year;1;2
362575;Jerome Walton;TSN Rookie Player of the Year;1;2
362579;Lloyd Waner;Baseball Magazine All-Star;4;4
362580;Paul Waner;Baseball Magazine All-Star;10;14
362580;Paul Waner;Most Valuable Player;1;14
362580;Paul Waner;TSN All-Star;3;14
362581;Chien-Ming Wang;This Year in Baseball Starter of the Year;1;1
362595;Daryle Ward;Player of the Week;1;1
362599;Gary Ward;Player of the Month;1;5
362599;Gary Ward;Player of the Week;4;5
362610;Pete Ward;TSN Rookie Player of the Year;1;1
362615;Taylor Ward;Player of the Week;2;2
362638;Lon Warneke;Baseball Magazine All-Star;8;9
362638;Lon Warneke;TSN All-Star;1;9
362649;Mike Warren;Player of the Week;1;1
362662;Jarrod Washburn;Pitcher of the Month;1;1
362667;Claudell Washington;Player of the Month;1;2
362667;Claudell Washington;Player of the Week;1;2
362718;Bob Watson;Player of the Month;1;3
362718;Bob Watson;Player of the Week;2;3
362748;Buck Weaver;Baseball Magazine All-Star;2;2
362756;Jered Weaver;Pitcher of the Month;1;2
362756;Jered Weaver;Player of the Week;1;2
362770;Brandon Webb;Cy Young Award;1;3
362770;Brandon Webb;Pitcher of the Month;1;3
362770;Brandon Webb;Player of the Week;1;3
362778;Logan Webb;Gold Glove;1;1
362802;Jemile Weeks;Rookie of the Month;1;1
362806;Bill Wegman;Hutch Award;1;1
362825;Al Weis;Babe Ruth Award;1;1
362832;Walt Weiss;Rookie of the Year;1;2
362832;Walt Weiss;TSN Rookie Player of the Year;1;2
362835;Bob Welch;Cy Young Award;1;5
362835;Bob Welch;Player of the Week;2;5
362835;Bob Welch;TSN All-Star;1;5
362835;Bob Welch;TSN Pitcher of the Year;1;5
362852;Todd Wellemeyer;Pitcher of the Month;1;1
362859;David Wells;ALCS MVP;1;4
362859;David Wells;Player of the Week;1;4
362859;David Wells;TSN All-Star;2;4
362870;Vernon Wells;Branch Rickey Award;1;9
362870;Vernon Wells;Gold Glove;3;9
362870;Vernon Wells;Player of the Week;2;9
362870;Vernon Wells;Silver Slugger;1;9
362870;Vernon Wells;TSN All-Star;2;9
362890;Billy Werber;Baseball Magazine All-Star;2;2
362900;Jayson Werth;Player of the Month;2;5
362900;Jayson Werth;Player of the Week;3;5
362904;Vic Wertz;Baseball Magazine All-Star;3;3
362912;Jake Westbrook;Player of the Week;1;1
362914;Jordan Westburg;Player of the Week;1;1
362934;Sam West;Baseball Magazine All-Star;2;2
362937;John Wetteland;Pitcher of the Month;1;6
362937;John Wetteland;Player of the Week;2;6
362937;John Wetteland;Reliever of the Year Award;1;6
362937;John Wetteland;TSN Fireman of the Year;1;6
362937;John Wetteland;World Series MVP;1;6
362953;Zack Wheat;Baseball Magazine All-Star;11;11
362969;Zack Wheeler;All-MLB Team - First Team;1;7
362969;Zack Wheeler;All-MLB Team - Second Team;2;7
362969;Zack Wheeler;Gold Glove;1;7
362969;Zack Wheeler;Pitcher of the Month;2;7
362969;Zack Wheeler;Player of the Week;1;7
362981;Lou Whitaker;Gold Glove;3;12
362981;Lou Whitaker;Player of the Month;1;12
362981;Lou Whitaker;Player of the Week;1;12
362981;Lou Whitaker;Rookie of the Year;1;12
362981;Lou Whitaker;Silver Slugger;4;12
362981;Lou Whitaker;TSN All-Star;2;12
362994;Bill White;Gold Glove;7;9
362994;Bill White;TSN All-Star;2;9
363007;Devon White;Gold Glove;7;7
363012;Earl Whitehill;Baseball Magazine All-Star;2;2
363020;Ernie White;Baseball Magazine All-Star;2;2
363022;Evan White;Gold Glove;1;1
363023;Frank White;ALCS MVP;1;12
363023;Frank White;Gold Glove;8;12
363023;Frank White;Player of the Week;1;12
363023;Frank White;Silver Slugger;1;12
363023;Frank White;TSN All-Star;1;12
363042;Mark Whiten;Player of the Week;2;2
363051;Roy White;Player of the Week;3;3
363052;Rondell White;Player of the Week;2;2
363060;Tyler White;Player of the Week;1;1
363064;Fred Whitfield;TSN All-Star;1;1
363081;Pinky Whitney;Baseball Magazine All-Star;2;2
363083;Ed Whitson;Pitcher of the Month;1;1
363084;Ernie Whitt;TSN All-Star;1;1
363113;Matt Wieters;Gold Glove;2;2
363119;Ty Wigginton;Player of the Week;1;1
363128;Milt Wilcox;Player of the Week;1;1
363149;Brad Wilkerson;TSN Rookie Player of the Year;1;1
363169;Carl Willey;TSN Rookie of the Year;1;1
363187;Bernie Williams;ALCS MVP;1;14
363187;Bernie Williams;Gold Glove;4;14
363187;Bernie Williams;Player of the Month;2;14
363187;Bernie Williams;Player of the Week;4;14
363187;Bernie Williams;Silver Slugger;1;14
363187;Bernie Williams;TSN All-Star;2;14
363189;Billy Williams;Player of the Week;2;10
363189;Billy Williams;Rookie of the Year;1;10
363189;Billy Williams;TSN All-Star;4;10
363189;Billy Williams;TSN Major League Player of the Year;1;10
363189;Billy Williams;TSN Player of the Year;1;10
363189;Billy Williams;TSN Rookie of the Year;1;10
363211;Cy Williams;Baseball Magazine All-Star;3;3
363221;Devin Williams;All-MLB Team - Second Team;2;12
363221;Devin Williams;Reliever of the Month;3;12
363221;Devin Williams;Reliever of the Year Award;2;12
363221;Devin Williams;Rookie of the Year;1;12
363221;Devin Williams;TSN All-Star;2;12
363221;Devin Williams;TSN Reliever of the Year;2;12
363227;Dontrelle Willis;Pitcher of the Month;2;6
363227;Dontrelle Willis;Player of the Week;1;6
363227;Dontrelle Willis;Rookie of the Month;1;6
363227;Dontrelle Willis;Rookie of the Year;1;6
363227;Dontrelle Willis;TSN Rookie Pitcher of the Year;1;6
363229;Earl Williams;Rookie of the Year;1;2
363229;Earl Williams;TSN Rookie Player of the Year;1;2
363270;Josh Willingham;Player of the Week;2;3
363270;Josh Willingham;Silver Slugger;1;3
363297;Matt Williams;Gold Glove;4;17
363297;Matt Williams;Player of the Month;2;17
363297;Matt Williams;Player of the Week;3;17
363297;Matt Williams;Silver Slugger;4;17
363297;Matt Williams;TSN All-Star;4;17
363305;Mitch Williams;Pitcher of the Month;1;2
363305;Mitch Williams;Player of the Week;1;2
363328;Scott Williamson;Rookie of the Year;1;2
363328;Scott Williamson;TSN Rookie Pitcher of the Year;1;2
363335;Ted Williams;Baseball Magazine All-Star;15;39
363335;Ted Williams;Most Valuable Player;2;39
363335;Ted Williams;TSN All-Star;13;39
363335;Ted Williams;TSN Major League Player of the Year;5;39
363335;Ted Williams;TSN Player of the Year;2;39
363335;Ted Williams;Triple Crown;2;39
363340;Vic Willis;Baseball Magazine All-Star;1;1
363348;Woody Williams;Pitcher of the Month;1;1
363357;Maury Wills;All-Star Game MVP;1;9
363357;Maury Wills;Gold Glove;2;9
363357;Maury Wills;Most Valuable Player;1;9
363357;Maury Wills;TSN All-Star;3;9
363357;Maury Wills;TSN Major League Player of the Year;1;9
363357;Maury Wills;TSN Player of the Year;1;9
363376;Brian Wilson;This Year in Baseball Closer of the Year;1;1
363378;Owen Wilson;Baseball Magazine All-Star;1;1
363382;C. J. Wilson;Player of the Week;1;1
363386;Craig Wilson;Player of the Week;3;3
363390;Don Wilson;Player of the Week;1;1
363392;Earl Wilson;TSN All-Star;2;2
363411;Hack Wilson;Baseball Magazine All-Star;6;8
363411;Hack Wilson;TSN All-Star;2;8
363419;Jack Wilson;Player of the Week;1;2
363419;Jack Wilson;Silver Slugger;1;2
363423;Jimmie Wilson;Baseball Magazine All-Star;2;2
363447;Preston Wilson;MLB Players Choice Outstanding Rookie;1;3
363447;Preston Wilson;Player of the Week;1;3
363447;Preston Wilson;TSN Rookie Player of the Year;1;3
363466;Willie Wilson;Gold Glove;1;5
363466;Willie Wilson;Player of the Month;1;5
363466;Willie Wilson;Player of the Week;1;5
363466;Willie Wilson;Silver Slugger;2;5
363483;Bobby Wine;Gold Glove;1;1
363486;Dave Winfield;Babe Ruth Award;1;33
363486;Dave Winfield;Branch Rickey Award;1;33
363486;Dave Winfield;Gold Glove;7;33
363486;Dave Winfield;MLB Players Curt Flood Award;1;33
363486;Dave Winfield;Outstanding DH Award;1;33
363486;Dave Winfield;Player of the Month;3;33
363486;Dave Winfield;Player of the Week;7;33
363486;Dave Winfield;Roberto Clemente Award;1;33
363486;Dave Winfield;Silver Slugger;6;33
363486;Dave Winfield;TSN All-Star;4;33
363486;Dave Winfield;TSN Comeback Player of the Year;1;33
363495;Ivey Wingo;Baseball Magazine All-Star;2;2
363509;Masyn Winn;Gold Glove;1;1
363510;Randy Winn;Player of the Month;1;2
363510;Randy Winn;Player of the Week;1;2
363523;Patrick Wisdom;Player of the Week;1;2
363523;Patrick Wisdom;Rookie of the Month;1;2
363527;Dewayne Wise;This Year in Baseball Play of the Year;1;1
363551;Bobby Witt;Pitcher of the Month;1;2
363551;Bobby Witt;Player of the Week;1;2
363552;Bobby Witt;All-MLB Team - First Team;2;12
363552;Bobby Witt;Gold Glove;2;12
363552;Bobby Witt;Platinum Glove;1;12
363552;Bobby Witt;Player of the Month;1;12
363552;Bobby Witt;Player of the Week;2;12
363552;Bobby Witt;Silver Slugger;2;12
363552;Bobby Witt;TSN All-Star;2;12
363558;Mike Witt;Pitcher of the Month;1;4
363558;Mike Witt;Player of the Week;3;4
363580;Roger Wolff;Baseball Magazine All-Star;1;1
363586;Randy Wolf;TSN All-Star;1;1
363603;Kolten Wong;Gold Glove;2;3
363603;Kolten Wong;Rookie of the Month;1;3
363604;Bryan Woo;All-MLB Team - Second Team;1;1
363608;Alex Wood;Pitcher of the Month;1;2
363608;Alex Wood;Player of the Week;1;2
363632;Smoky Joe Wood;Baseball Magazine All-Star;3;3
363636;Kerry Wood;MLB Players Choice Outstanding Rookie;1;4
363636;Kerry Wood;Player of the Week;1;4
363636;Kerry Wood;Rookie of the Year;1;4
363636;Kerry Wood;TSN Rookie Pitcher of the Year;1;4
363641;Brandon Woodruff;Player of the Week;1;1
363671;Wilbur Wood;TSN All-Star;1;3
363671;Wilbur Wood;TSN Fireman of the Year;1;3
363671;Wilbur Wood;TSN Pitcher of the Year;1;3
363684;Brandon Workman;Reliever of the Month;1;1
363693;Todd Worrell;Pitcher of the Month;1;6
363693;Todd Worrell;Player of the Week;1;6
363693;Todd Worrell;Reliever of the Year Award;1;6
363693;Todd Worrell;Rookie of the Year;1;6
363693;Todd Worrell;TSN Fireman of the Year;1;6
363693;Todd Worrell;TSN Rookie Pitcher of the Year;1;6
363695;Craig Worthington;TSN Rookie Player of the Year;1;1
363716;Clyde Wright;TSN Comeback Player of the Year;1;1
363720;David Wright;Gold Glove;2;13
363720;David Wright;Player of the Month;2;13
363720;David Wright;Player of the Week;3;13
363720;David Wright;Silver Slugger;2;13
363720;David Wright;TSN All-Star;2;13
363720;David Wright;This Year in Baseball Play of the Year;1;13
363720;David Wright;This Year in Baseball Rookie of the Year;1;13
363726;George Wright;Player of the Week;1;1
363728;Glenn Wright;Baseball Magazine All-Star;2;3
363728;Glenn Wright;TSN All-Star;1;3
363771;Whit Wyatt;Baseball Magazine All-Star;4;5
363771;Whit Wyatt;TSN All-Star;1;5
363777;Butch Wynegar;TSN Rookie Player of the Year;1;1
363778;Early Wynn;Cy Young Award;1;4
363778;Early Wynn;TSN All-Star;1;4
363778;Early Wynn;TSN Major League Player of the Year;1;4
363778;Early Wynn;TSN Pitcher of the Year;1;4
363783;Jim Wynn;Player of the Week;2;5
363783;Jim Wynn;TSN All-Star;2;5
363783;Jim Wynn;TSN Comeback Player of the Year;1;5
363787;Hank Wyse;Baseball Magazine All-Star;1;1
363798;Yoshinobu Yamamoto;All-MLB Team - First Team;1;4
363798;Yoshinobu Yamamoto;Pitcher of the Month;2;4
363798;Yoshinobu Yamamoto;World Series MVP;1;4
363815;Carl Yastrzemski;All-Star Game MVP;1;19
363815;Carl Yastrzemski;Gold Glove;7;19
363815;Carl Yastrzemski;Hutch Award;1;19
363815;Carl Yastrzemski;Most Valuable Player;1;19
363815;Carl Yastrzemski;Player of the Week;3;19
363815;Carl Yastrzemski;TSN All-Star;3;19
363815;Carl Yastrzemski;TSN Major League Player of the Year;1;19
363815;Carl Yastrzemski;TSN Player of the Year;1;19
363815;Carl Yastrzemski;Triple Crown;1;19
363816;Mike Yastrzemski;All-MLB Team - Second Team;1;1
363818;Kirby Yates;All-MLB Team - First Team;1;5
363818;Kirby Yates;All-MLB Team - Second Team;1;5
363818;Kirby Yates;Reliever of the Month;1;5
363818;Kirby Yates;TSN All-Star;1;5
363818;Kirby Yates;TSN Reliever of the Year;1;5
363825;Steve Yeager;World Series MVP;1;1
363829;Christian Yelich;All-MLB Team - First Team;1;20
363829;Christian Yelich;Gold Glove;1;20
363829;Christian Yelich;Hank Aaron Award;2;20
363829;Christian Yelich;MLB Players Choice Outstanding Player;1;20
363829;Christian Yelich;Most Valuable Player;1;20
363829;Christian Yelich;Player of the Month;1;20
363829;Christian Yelich;Player of the Week;6;20
363829;Christian Yelich;Silver Slugger;3;20
363829;Christian Yelich;TSN All-Star;3;20
363829;Christian Yelich;TSN Comeback Player of the Year;1;20
363858;Rudy York;Baseball Magazine All-Star;4;5
363858;Rudy York;TSN All-Star;1;5
363862;Masataka Yoshida;Player of the Week;1;1
363867;Kevin Youkilis;Gold Glove;1;5
363867;Kevin Youkilis;Hank Aaron Award;1;5
363867;Kevin Youkilis;Player of the Week;2;5
363867;Kevin Youkilis;Rookie of the Month;1;5
363868;Floyd Youmans;Pitcher of the Month;1;1
363882;Chris Young;Comeback Player of the Year;1;1
363883;Chris Young;MLB Players Choice Comeback Player;1;3
363883;Chris Young;Pitcher of the Month;1;3
363883;Chris Young;TSN Comeback Player of the Year;1;3
363887;Cy Young;Baseball Magazine All-Star;2;3
363887;Cy Young;Pitching Triple Crown;1;3
363892;Delmon Young;ALCS MVP;1;3
363892;Delmon Young;Player of the Month;1;3
363892;Delmon Young;Player of the Week;1;3
363895;Dmitri Young;Comeback Player of the Year;1;5
363895;Dmitri Young;MLB Players Choice Comeback Player;1;5
363895;Dmitri Young;Player of the Week;2;5
363895;Dmitri Young;TSN Comeback Player of the Year;1;5
363898;Eric Young;Silver Slugger;1;2
363898;Eric Young;TSN All-Star;1;2
363914;Kevin Young;Player of the Week;1;1
363922;Mike Young;Player of the Week;1;1
363923;Michael Young;All-Star Game MVP;1;8
363923;Michael Young;Gold Glove;1;8
363923;Michael Young;MLB Players Choice Man of the Year;2;8
363923;Michael Young;Player of the Week;3;8
363923;Michael Young;TSN All-Star;1;8
363929;Ross Youngs;Baseball Magazine All-Star;5;5
363940;Robin Yount;Gold Glove;1;19
363940;Robin Yount;Most Valuable Player;2;19
363940;Robin Yount;Player of the Month;3;19
363940;Robin Yount;Player of the Week;4;19
363940;Robin Yount;Silver Slugger;3;19
363940;Robin Yount;TSN All-Star;4;19
363940;Robin Yount;TSN Major League Player of the Year;1;19
363940;Robin Yount;TSN Player of the Year;1;19
363952;Pat Zachry;Pitcher of the Month;1;2
363952;Pat Zachry;Rookie of the Year;1;2
363957;Geoff Zahn;Pitcher of the Month;1;2
363957;Geoff Zahn;TSN All-Star;1;2
363961;Carlos Zambrano;Pitcher of the Month;3;7
363961;Carlos Zambrano;Player of the Week;1;7
363961;Carlos Zambrano;Silver Slugger;3;7
363966;Oscar Zamora;Player of the Week;1;1
363989;Todd Zeile;Player of the Week;2;2
363999;Brad Ziegler;Bob Feller Act of Valor Award - MLB Player;1;1
364011;Heinie Zimmerman;Baseball Magazine All-Star;5;5
364015;Jordan Zimmermann;Pitcher of the Month;2;4
364015;Jordan Zimmermann;Player of the Week;2;4
364018;Ryan Zimmerman;Comeback Player of the Year;1;12
364018;Ryan Zimmerman;Gold Glove;1;12
364018;Ryan Zimmerman;Lou Gehrig Memorial Award;1;12
364018;Ryan Zimmerman;MLB Players Choice Comeback Player;1;12
364018;Ryan Zimmerman;Player of the Month;1;12
364018;Ryan Zimmerman;Player of the Week;5;12
364018;Ryan Zimmerman;Silver Slugger;2;12
364027;Richie Zisk;Player of the Week;4;7
364027;Richie Zisk;TSN All-Star;2;7
364027;Richie Zisk;TSN Comeback Player of the Year;1;7
364028;Barry Zito;Cy Young Award;1;11
364028;Barry Zito;Hutch Award;1;11
364028;Barry Zito;Lou Gehrig Memorial Award;1;11
364028;Barry Zito;MLB Players Choice Outstanding Pitcher;1;11
364028;Barry Zito;Pitcher of the Month;3;11
364028;Barry Zito;Player of the Week;2;11
364028;Barry Zito;TSN All-Star;1;11
364028;Barry Zito;TSN Pitcher of the Year;1;11
364031;Ben Zobrist;Player of the Week;3;4
364031;Ben Zobrist;World Series MVP;1;4
364041;Joel Zumaya;This Year in Baseball Setup Man of the Year;1;1
