Jugador_Base;Ranking;Jugador_Comparable;Similitud_Coseno
Hank Aaron;1;Harmon Killebrew;0,931
Hank Aaron;2;Ernie Banks;0,9129
Hank Aaron;3;Dick Groat;0,8428
Hank Aaron;4;Don Mattingly;0,8265
Hank Aaron;5;Ken Boyer;0,8204
Don Aase;1;Wilson Alvarez;1,0
Don Aase;2;Gio Gonzalez;1,0
Don Aase;3;Mitch Williams;1,0
Don Aase;4;Ken Forsch;1,0
Don Aase;5;Ricky Romero;1,0
Jim Abbott;1;Dennis Leonard;0,9943
Jim Abbott;2;Sid Bream;0,9943
Jim Abbott;3;Dave Dravecky;0,9943
Jim Abbott;4;Mark Teahen;0,9943
Jim Abbott;5;Ron Oester;0,9914
Ted Abernathy;1;Wayne Granger;1,0
Ted Abernathy;2;Stu Miller;1,0
Ted Abernathy;3;Dick Radatz;1,0
Ted Abernathy;4;Ron Perranoski;1,0
Ted Abernathy;5;Lindy McDaniel;1,0
CJ Abrams;1;Kevin Young;1,0
CJ Abrams;2;Yonder Alonso;1,0
CJ Abrams;3;Oscar Zamora;1,0
CJ Abrams;4;Gary Alexander;1,0
CJ Abrams;5;Mike Young;1,0
Bobby Abreu;1;Charlie Blackmon;0,9045
Bobby Abreu;2;Edwin Encarnacion;0,8989
Bobby Abreu;3;Jason Kipnis;0,8987
Bobby Abreu;4;Jayson Werth;0,8987
Bobby Abreu;5;Travis Hafner;0,8987
Jose Abreu;1;Jose Fernandez;0,7856
Jose Abreu;2;J. A. Happ;0,7543
Jose Abreu;3;Troy Tulowitzki;0,7372
Jose Abreu;4;Scott Podsednik;0,7092
Jose Abreu;5;Mike Trout;0,7085
Wilyer Abreu;1;Patrick Bailey;1,0
Wilyer Abreu;2;Tucker Barnhart;1,0
Wilyer Abreu;3;Pokey Reese;1,0
Wilyer Abreu;4;Trent Grisham;1,0
Wilyer Abreu;5;Roberto Perez;1,0
Ronald Acuña;1;Aaron Judge;0,7256
Ronald Acuña;2;Josh Donaldson;0,7065
Ronald Acuña;3;Cody Bellinger;0,7052
Ronald Acuña;4;Freddie Freeman;0,6219
Ronald Acuña;5;Corbin Carroll;0,6084
Willy Adames;1;Neil Allen;1,0
Willy Adames;2;Oscar Gamble;1,0
Willy Adames;3;Homer Bailey;1,0
Willy Adames;4;Bill Doran;1,0
Willy Adames;5;Jorge Orta;1,0
Babe Adams;1;Jim Bagby;1,0
Babe Adams;2;Red Lucas;1,0
Babe Adams;3;Ivey Wingo;1,0
Babe Adams;4;Dolf Luque;1,0
Babe Adams;5;Hans Lobert;1,0
Jo Adell;1;Kevin Young;1,0
Jo Adell;2;Yonder Alonso;1,0
Jo Adell;3;Oscar Zamora;1,0
Jo Adell;4;Gary Alexander;1,0
Jo Adell;5;Mike Young;1,0
Jeremy Affeldt;1;Joel Zumaya;1,0
Jeremy Affeldt;2;Joaquin Benoit;1,0
Jeremy Affeldt;3;Neal Cotts;1,0
Jeremy Affeldt;4;Hung-Chih Kuo;1,0
Jeremy Affeldt;5;David Robertson;1,0
Tommie Agee;1;Lonnie Smith;0,8371
Tommie Agee;2;Ozzie Guillen;0,8337
Tommie Agee;3;Tommy Helms;0,8328
Tommie Agee;4;Earl Williams;0,8226
Tommie Agee;5;Pat Listach;0,8226
Rick Aguilera;1;Wandy Rodriguez;1,0
Rick Aguilera;2;Andy Hawkins;1,0
Rick Aguilera;3;Erik Hanson;1,0
Rick Aguilera;4;Ed Whitson;1,0
Rick Aguilera;5;Jim Beattie;1,0
Nick Ahmed;1;Brenton Doyle;0,9593
Nick Ahmed;2;Mauricio Dubon;0,7948
Nick Ahmed;3;Tucker Barnhart;0,7948
Nick Ahmed;4;John Roseboro;0,7948
Nick Ahmed;5;Matt Wieters;0,7948
Eddie Ainsmith;1;Hank Wyse;1,0
Eddie Ainsmith;2;Cy Perkins;1,0
Eddie Ainsmith;3;Red Barrett;1,0
Eddie Ainsmith;4;Jesse Barnes;1,0
Eddie Ainsmith;5;Roxie Lawson;1,0
Jack Aker;1;Ken Sanders;1,0
Jack Aker;2;Clay Carroll;1,0
Jack Aker;3;Eddie Fisher;1,0
Jack Aker;4;Roy Face;1,0
Jack Aker;5;Mike Fornieles;1,0
Ozzie Albies;1;Kyle Tucker;0,9877
Ozzie Albies;2;Teoscar Hernandez;0,9872
Ozzie Albies;3;Will Smith;0,9695
Ozzie Albies;4;Nick Castellanos;0,9526
Ozzie Albies;5;Julio Urias;0,9522
Sandy Alcantara;1;Max Scherzer;0,9339
Sandy Alcantara;2;Blake Snell;0,9066
Sandy Alcantara;3;Trevor Bauer;0,9001
Sandy Alcantara;4;Robbie Ray;0,8828
Sandy Alcantara;5;Pat Hentgen;0,8653
Doyle Alexander;1;Charles Nagy;1,0
Doyle Alexander;2;Bill Swift;1,0
Doyle Alexander;3;John Lackey;1,0
Doyle Alexander;4;Pascual Perez;1,0
Doyle Alexander;5;Russ Ortiz;1,0
Gary Alexander;1;Oscar Zamora;1,0
Gary Alexander;2;Mike Young;1,0
Gary Alexander;3;Quinton McCracken;1,0
Gary Alexander;4;Chas McCormick;1,0
Gary Alexander;5;Kevin Mench;1,0
Pete Alexander;1;Christy Mathewson;0,9974
Pete Alexander;2;Lefty Gomez;0,9868
Pete Alexander;3;Hippo Vaughn;0,9787
Pete Alexander;4;Walter Johnson;0,9546
Pete Alexander;5;Cy Young;0,9511
Antonio Alfonseca;1;Rawly Eastwick;1,0
Antonio Alfonseca;2;Jeff Russell;1,0
Antonio Alfonseca;3;Jeff Montgomery;0,9946
Antonio Alfonseca;4;Al Holland;0,9946
Antonio Alfonseca;5;Bill Campbell;0,9857
Edgardo Alfonzo;1;Eric Young;1,0
Edgardo Alfonzo;2;Dickie Thon;1,0
Edgardo Alfonzo;3;Mike Stanley;1,0
Edgardo Alfonzo;4;Matt Nokes;1,0
Edgardo Alfonzo;5;Cedric Mullins;1,0
Cody Allen;1;B. J. Ryan;1,0
Cody Allen;2;Matt Barnes;1,0
Cody Allen;3;Kyle Barraclough;1,0
Cody Allen;4;Joel Hanrahan;1,0
Cody Allen;5;Takashi Saito;1,0
Dick Allen;1;Tony Oliva;0,881
Dick Allen;2;Al Bumbry;0,7879
Dick Allen;3;Chris Chambliss;0,7868
Dick Allen;4;Joe Charboneau;0,7767
Dick Allen;5;Eric Karros;0,7742
Johnny Allen;1;Johnny Vander Meer;0,9825
Johnny Allen;2;Don Drysdale;0,6555
Johnny Allen;3;Early Wynn;0,6555
Johnny Allen;4;Lou Boudreau;0,6202
Johnny Allen;5;Duke Snider;0,6182
Neil Allen;1;Willy Adames;1,0
Neil Allen;2;Homer Bailey;1,0
Neil Allen;3;Bill Doran;1,0
Neil Allen;4;Phil Nevin;1,0
Neil Allen;5;Craig Wilson;1,0
Gene Alley;1;Earl Battey;0,9705
Gene Alley;2;Jim Fregosi;0,9438
Gene Alley;3;Del Crandall;0,9411
Gene Alley;4;Joe Rudi;0,9294
Gene Alley;5;Ray Fosse;0,926
Bob Allison;1;Herb Score;1,0
Bob Allison;2;Joe Black;1,0
Bob Allison;3;Jack Sanford;1,0
Bob Allison;4;Bob Grim;1,0
Bob Allison;5;Ron Hansen;1,0
Roberto Alomar;1;Frank White;0,7959
Roberto Alomar;2;Bernie Williams;0,7517
Roberto Alomar;3;Dave Concepcion;0,7382
Roberto Alomar;4;Gary Gaetti;0,7179
Roberto Alomar;5;Marquis Grissom;0,6793
Sandy Alomar;1;Garret Anderson;0,8354
Sandy Alomar;2;Tim Raines;0,8347
Sandy Alomar;3;Ozzie Guillen;0,7465
Sandy Alomar;4;Alvin Davis;0,7454
Sandy Alomar;5;Vince Coleman;0,7454
Pete Alonso;1;Jason Bay;0,9587
Pete Alonso;2;Geovany Soto;0,9168
Pete Alonso;3;Julio Rodriguez;0,9126
Pete Alonso;4;Gunnar Henderson;0,8626
Pete Alonso;5;Jonathan India;0,8569
Yonder Alonso;1;Kevin Young;1,0
Yonder Alonso;2;Henderson Alvarez;1,0
Yonder Alonso;3;Oscar Zamora;1,0
Yonder Alonso;4;Gary Alexander;1,0
Yonder Alonso;5;Mike Young;1,0
Felipe Alou;1;Matty Alou;1,0
Felipe Alou;2;Bobby Avila;1,0
Felipe Alou;3;Tony Bernazard;1,0
Felipe Alou;4;Bob Friend;1,0
Felipe Alou;5;Ernie Broglio;1,0
Matty Alou;1;Felipe Alou;1,0
Matty Alou;2;Bobby Avila;1,0
Matty Alou;3;Tony Bernazard;1,0
Matty Alou;4;Bob Friend;1,0
Matty Alou;5;Ernie Broglio;1,0
Moises Alou;1;Bert Campaneris;0,913
Moises Alou;2;Tug McGraw;0,9022
Moises Alou;3;Billy Hatcher;0,8811
Moises Alou;4;Joe Page;0,8728
Moises Alou;5;Al Weis;0,8522
Jose Altuve;1;Freddie Freeman;0,6984
Jose Altuve;2;Andruw Jones;0,6827
Jose Altuve;3;Barry Bonds;0,6795
Jose Altuve;4;Carlos Gonzalez;0,6788
Jose Altuve;5;Carlos Delgado;0,6636
Francisco Alvarez;1;Brett Anderson;1,0
Francisco Alvarez;2;Damon Hollins;1,0
Francisco Alvarez;3;Nolan Reimold;1,0
Francisco Alvarez;4;Brian Barden;1,0
Francisco Alvarez;5;Billy Hamilton;1,0
Henderson Alvarez;1;Kevin Young;1,0
Henderson Alvarez;2;Yonder Alonso;1,0
Henderson Alvarez;3;Oscar Zamora;1,0
Henderson Alvarez;4;Gary Alexander;1,0
Henderson Alvarez;5;Mike Young;1,0
Pedro Alvarez;1;Seiya Suzuki;0,943
Pedro Alvarez;2;Eloy Jimenez;0,9259
Pedro Alvarez;3;Daniel Hudson;0,9259
Pedro Alvarez;4;Gleyber Torres;0,9231
Pedro Alvarez;5;Lourdes Gurriel;0,9231
Wilson Alvarez;1;Scott Erickson;1,0
Wilson Alvarez;2;Don Aase;1,0
Wilson Alvarez;3;Ricky Romero;1,0
Wilson Alvarez;4;Bowden Francis;1,0
Wilson Alvarez;5;Ken Forsch;1,0
Yordan Alvarez;1;Julio Rodriguez;0,7703
Yordan Alvarez;2;Corbin Carroll;0,7538
Yordan Alvarez;3;Jackson Merrill;0,7321
Yordan Alvarez;4;Brandon Lowe;0,722
Yordan Alvarez;5;Shota Imanaga;0,7101
Ruben Amaro;1;Charlie Neal;1,0
Ruben Amaro;2;Gabriel Moreno;1,0
Ruben Amaro;3;Evan White;1,0
Ruben Amaro;4;Roger Metzger;1,0
Ruben Amaro;5;Masyn Winn;1,0
Brady Anderson;1;Kevin Young;1,0
Brady Anderson;2;Yonder Alonso;1,0
Brady Anderson;3;Oscar Zamora;1,0
Brady Anderson;4;Gary Alexander;1,0
Brady Anderson;5;Mike Young;1,0
Brian Anderson;1;Jim Nash;1,0
Brian Anderson;2;Mike Nagy;1,0
Brian Anderson;3;Rolando Arrojo;1,0
Brian Anderson;4;Craig McMurtry;1,0
Brian Anderson;5;Billy McCool;1,0
Brett Anderson;1;Francisco Alvarez;1,0
Brett Anderson;2;Damon Hollins;1,0
Brett Anderson;3;Nolan Reimold;1,0
Brett Anderson;4;Brian Barden;1,0
Brett Anderson;5;Billy Hamilton;1,0
Cody Anderson;1;Wandy Rodriguez;1,0
Cody Anderson;2;Andy Hawkins;1,0
Cody Anderson;3;Rick Helling;1,0
Cody Anderson;4;Erik Bedard;1,0
Cody Anderson;5;Woody Williams;1,0
Garret Anderson;1;Tim Raines;0,966
Garret Anderson;2;Sandy Alomar;0,8354
Garret Anderson;3;Gary Carter;0,8306
Garret Anderson;4;Mike Piazza;0,6777
Garret Anderson;5;Bill Madlock;0,6744
Nick Anderson;1;Adley Rutschman;0,9405
Nick Anderson;2;Walker Buehler;0,9393
Nick Anderson;3;Zac Gallen;0,8922
Nick Anderson;4;Jhoan Duran;0,8339
Nick Anderson;5;Corbin Burnes;0,8131
Tim Anderson;1;Leon Durham;0,9092
Tim Anderson;2;Terry Kennedy;0,9092
Tim Anderson;3;Howard Johnson;0,8684
Tim Anderson;4;Josh Bell;0,8519
Tim Anderson;5;Mike Greenwell;0,7962
Rob Andrews;1;Kevin Young;1,0
Rob Andrews;2;Yonder Alonso;1,0
Rob Andrews;3;Oscar Zamora;1,0
Rob Andrews;4;Gary Alexander;1,0
Rob Andrews;5;Mike Young;1,0
Elvis Andrus;1;Orlando Cabrera;0,9946
Elvis Andrus;2;Asdrubal Cabrera;0,9887
Elvis Andrus;3;Jim Edmonds;0,9543
Elvis Andrus;4;Mike Lowell;0,8903
Elvis Andrus;5;Andrelton Simmons;0,875
Joaquin Andujar;1;Jerry Reuss;0,9618
Joaquin Andujar;2;John Candelaria;0,9618
Joaquin Andujar;3;John Tudor;0,9577
Joaquin Andujar;4;Tyler Glasnow;0,9402
Joaquin Andujar;5;Bob Knepper;0,9378
Miguel Andujar;1;Gordon Beckham;0,9681
Miguel Andujar;2;Jake Cronenworth;0,9666
Miguel Andujar;3;Austin Jackson;0,9617
Miguel Andujar;4;Dan Uggla;0,955
Miguel Andujar;5;Jackson Merrill;0,9198
Rick Ankiel;1;Jim Nash;1,0
Rick Ankiel;2;Mike Nagy;1,0
Rick Ankiel;3;Rolando Arrojo;1,0
Rick Ankiel;4;Craig McMurtry;1,0
Rick Ankiel;5;Billy McCool;1,0
Johnny Antonelli;1;Ron Bryant;0,9741
Johnny Antonelli;2;Dick Donovan;0,9741
Johnny Antonelli;3;Mudcat Grant;0,9741
Johnny Antonelli;4;Ellis Kinder;0,9741
Johnny Antonelli;5;Sam Jones;0,9741
Luis Aparicio;1;Tom Tresh;0,7776
Luis Aparicio;2;Minnie Miñoso;0,7729
Luis Aparicio;3;Frank Howard;0,7722
Luis Aparicio;4;Bill Virdon;0,7409
Luis Aparicio;5;Ken Hubbs;0,7409
Kevin Appier;1;Mark Clear;1,0
Kevin Appier;2;Bill Gullickson;1,0
Kevin Appier;3;Cal Eldred;0,9817
Kevin Appier;4;Tim Belcher;0,9797
Kevin Appier;5;Juan Guzman;0,9755
Luke Appling;1;Travis Jackson;0,9921
Luke Appling;2;Mel Ott;0,987
Luke Appling;3;Earl Averill;0,987
Luke Appling;4;Hack Wilson;0,9862
Luke Appling;5;Red Ruffing;0,9827
Aristides Aquino;1;Austin Meadows;0,9811
Aristides Aquino;2;Wyatt Langford;0,9566
Aristides Aquino;3;Yuli Gurriel;0,9533
Aristides Aquino;4;Patrick Wisdom;0,9055
Aristides Aquino;5;Nolan Jones;0,9055
Chris Archer;1;Ben Sheets;1,0
Chris Archer;2;Matt Shoemaker;1,0
Chris Archer;3;Martin Perez;0,9819
Chris Archer;4;Josh Johnson;0,9723
Chris Archer;5;Trevor Rogers;0,9553
Jimmy Archer;1;Steve O'Neill;1,0
Jimmy Archer;2;Hal Chase;1,0
Jimmy Archer;3;Dave Bancroft;0,999
Jimmy Archer;4;Heinie Groh;0,999
Jimmy Archer;5;Ed Walsh;0,999
Nolan Arenado;1;Matt Chapman;0,9696
Nolan Arenado;2;Jose Trevino;0,9138
Nolan Arenado;3;Kevin Kiermaier;0,9063
Nolan Arenado;4;Adrian Beltre;0,8621
Nolan Arenado;5;Fernando Tatis;0,8576
J. P. Arencibia;1;Kevin Young;1,0
J. P. Arencibia;2;Yonder Alonso;1,0
J. P. Arencibia;3;Oscar Zamora;1,0
J. P. Arencibia;4;Gary Alexander;1,0
J. P. Arencibia;5;Mike Young;1,0
Tony Armas;1;Jeff Burroughs;0,8067
Tony Armas;2;Ferris Fain;0,7974
Tony Armas;3;Bobby Ayala;0,7522
Tony Armas;4;Luke Easter;0,7522
Tony Armas;5;Don Mattingly;0,7492
Jack Armstrong;1;Wandy Rodriguez;1,0
Jack Armstrong;2;Andy Hawkins;1,0
Jack Armstrong;3;Rick Helling;1,0
Jack Armstrong;4;Erik Bedard;1,0
Jack Armstrong;5;Woody Williams;1,0
Randy Arozarena;1;Jeremy Peña;0,7691
Randy Arozarena;2;Dave Stewart;0,7346
Randy Arozarena;3;Koji Uehara;0,7168
Randy Arozarena;4;Marty Barrett;0,7168
Randy Arozarena;5;Matt Garza;0,7149
Luis Arraez;1;Bob Forsch;0,9658
Luis Arraez;2;Ian Desmond;0,9636
Luis Arraez;3;Dean Palmer;0,9323
Luis Arraez;4;Michael Cuddyer;0,9076
Luis Arraez;5;Jack Wilson;0,9076
Jake Arrieta;1;Doug Drabek;0,8622
Jake Arrieta;2;Mark Mulder;0,8117
Jake Arrieta;3;Dennis Martinez;0,8084
Jake Arrieta;4;James Paxton;0,7855
Jake Arrieta;5;Bruce Hurst;0,7855
Spencer Arrighetti;1;Francisco Alvarez;1,0
Spencer Arrighetti;2;Brett Anderson;1,0
Spencer Arrighetti;3;Damon Hollins;1,0
Spencer Arrighetti;4;Brian Barden;1,0
Spencer Arrighetti;5;Eric Haase;1,0
Rolando Arrojo;1;Jim Nash;1,0
Rolando Arrojo;2;Mike Nagy;1,0
Rolando Arrojo;3;Craig McMurtry;1,0
Rolando Arrojo;4;Billy McCool;1,0
Rolando Arrojo;5;Bob Owchinko;1,0
Bronson Arroyo;1;Kole Calhoun;1,0
Bronson Arroyo;2;Marcus Stroman;1,0
Bronson Arroyo;3;Mike Jorgensen;1,0
Bronson Arroyo;4;Mitch Moreland;1,0
Bronson Arroyo;5;Jay Buhner;1,0
Luis Arroyo;1;Ken Sanders;1,0
Luis Arroyo;2;Dave Giusti;1,0
Luis Arroyo;3;Eddie Fisher;1,0
Luis Arroyo;4;Roy Face;1,0
Luis Arroyo;5;Mike Fornieles;1,0
Richie Ashburn;1;Cade Horton;1,0
Richie Ashburn;2;Ken Hunt;1,0
Richie Ashburn;3;Dick Howser;1,0
Richie Ashburn;4;Clint Courtney;1,0
Richie Ashburn;5;Ryne Duren;1,0
Garrett Atkins;1;Lourdes Gurriel;1,0
Garrett Atkins;2;Xavier Nady;1,0
Garrett Atkins;3;Spencer Steer;1,0
Garrett Atkins;4;Gleyber Torres;1,0
Garrett Atkins;5;Seiya Suzuki;0,9818
Rich Aurilia;1;Morgan Ensberg;1,0
Rich Aurilia;2;Jeff Blauser;1,0
Rich Aurilia;3;Joe Crede;0,9523
Rich Aurilia;4;Felipe Lopez;0,9265
Rich Aurilia;5;Yandy Diaz;0,9265
Brad Ausmus;1;Ender Inciarte;1,0
Brad Ausmus;2;Harvey Haddix;1,0
Brad Ausmus;3;Bobby Knoop;1,0
Brad Ausmus;4;Rey Ordonez;1,0
Brad Ausmus;5;Christian Walker;1,0
Earl Averill;1;Mel Ott;1,0
Earl Averill;2;Red Ruffing;0,9914
Earl Averill;3;Luke Appling;0,987
Earl Averill;4;Bill Dickey;0,9801
Earl Averill;5;Red Rolfe;0,9751
Steve Avery;1;Mike Devereaux;1,0
Steve Avery;2;Eddie Rosario;0,9918
Steve Avery;3;Chris Taylor;0,9917
Steve Avery;4;Tommy Edman;0,9874
Steve Avery;5;Javier Baez;0,9839
Alex Avila;1;Wil Cordero;1,0
Alex Avila;2;Jose Vidro;1,0
Alex Avila;3;Neil Walker;1,0
Alex Avila;4;Travis d'Arnaud;1,0
Alex Avila;5;Anthony Santander;1,0
Bobby Avila;1;Felipe Alou;1,0
Bobby Avila;2;Matty Alou;1,0
Bobby Avila;3;Tony Bernazard;1,0
Bobby Avila;4;Bob Friend;1,0
Bobby Avila;5;Ernie Broglio;1,0
Mike Aviles;1;Kevin Young;1,0
Mike Aviles;2;Yonder Alonso;1,0
Mike Aviles;3;Oscar Zamora;1,0
Mike Aviles;4;Gary Alexander;1,0
Mike Aviles;5;Mike Young;1,0
John Axford;1;Billy Wagner;1,0
John Axford;2;Jeff Brantley;0,8493
John Axford;3;Tom Henke;0,8493
John Axford;4;J. J. Putz;0,8396
John Axford;5;Aroldis Chapman;0,7739
Bobby Ayala;1;Luke Easter;1,0
Bobby Ayala;2;Ferris Fain;0,9423
Bobby Ayala;3;Jackie Jensen;0,8401
Bobby Ayala;4;Hank Sauer;0,8367
Bobby Ayala;5;Tony Armas;0,7522
Erick Aybar;1;Mike Jorgensen;1,0
Erick Aybar;2;Bronson Arroyo;1,0
Erick Aybar;3;Jay Buhner;1,0
Erick Aybar;4;Jody Davis;1,0
Erick Aybar;5;Doug Flynn;1,0
Harrison Bader;1;Mike Jorgensen;1,0
Harrison Bader;2;Bronson Arroyo;1,0
Harrison Bader;3;Jay Buhner;1,0
Harrison Bader;4;Jody Davis;1,0
Harrison Bader;5;Doug Flynn;1,0
Carlos Baerga;1;Mickey Tettleton;0,9779
Carlos Baerga;2;George Hendrick;0,976
Carlos Baerga;3;Vinny Castilla;0,9559
Carlos Baerga;4;Dean Palmer;0,9151
Carlos Baerga;5;Jorge Posada;0,8935
Javier Baez;1;Tommy Edman;0,9855
Javier Baez;2;Mike Devereaux;0,9839
Javier Baez;3;Steve Avery;0,9839
Javier Baez;4;Chris Taylor;0,9813
Javier Baez;5;Eddie Perez;0,9785
Jim Bagby;1;Jack Barry;1,0
Jim Bagby;2;Dutch Leonard;1,0
Jim Bagby;3;Hank Leiber;1,0
Jim Bagby;4;Ivey Wingo;1,0
Jim Bagby;5;Ernie White;1,0
Jim Bagby;1;Eddie Ainsmith;1,0
Jim Bagby;2;Dode Paskert;1,0
Jim Bagby;3;Marv Owen;1,0
Jim Bagby;4;Jesse Barnes;1,0
Jim Bagby;5;Art Nehf;1,0
Jeff Bagwell;1;Albert Belle;0,7512
Jeff Bagwell;2;Darryl Strawberry;0,7074
Jeff Bagwell;3;Jose Canseco;0,6552
Jeff Bagwell;4;Mike Piazza;0,6479
Jeff Bagwell;5;Barry Bonds;0,6369
Stan Bahnsen;1;Scott Williamson;1,0
Stan Bahnsen;2;Butch Metzger;1,0
Stan Bahnsen;3;Carl Morton;1,0
Stan Bahnsen;4;Kazuhiro Sasaki;0,997
Stan Bahnsen;5;John Montefusco;0,997
Andrew Bailey;1;Chris Coghlan;0,9936
Andrew Bailey;2;Neftali Feliz;0,9936
Andrew Bailey;3;Luis Gil;0,9605
Andrew Bailey;4;Jeremy Hellickson;0,9512
Andrew Bailey;5;Bake McBride;0,8386
Bob Bailey;1;Kevin Young;1,0
Bob Bailey;2;Yonder Alonso;1,0
Bob Bailey;3;Oscar Zamora;1,0
Bob Bailey;4;Gary Alexander;1,0
Bob Bailey;5;Mike Young;1,0
Homer Bailey;1;Willy Adames;1,0
Homer Bailey;2;Neil Allen;1,0
Homer Bailey;3;Bill Doran;1,0
Homer Bailey;4;Phil Nevin;1,0
Homer Bailey;5;Craig Wilson;1,0
Patrick Bailey;1;Tucker Barnhart;1,0
Patrick Bailey;2;Nico Hoerner;1,0
Patrick Bailey;3;Matt Wieters;1,0
Patrick Bailey;4;John Roseboro;1,0
Patrick Bailey;5;Ken Berry;1,0
Harold Baines;1;Hal McRae;0,9904
Harold Baines;2;Rusty Staub;0,9459
Harold Baines;3;Aubrey Huff;0,9352
Harold Baines;4;Adam Lind;0,9133
Harold Baines;5;Tommy Davis;0,9099
Doug Bair;1;Kevin Young;1,0
Doug Bair;2;Yonder Alonso;1,0
Doug Bair;3;Oscar Zamora;1,0
Doug Bair;4;Gary Alexander;1,0
Doug Bair;5;Mike Young;1,0
Dusty Baker;1;Javier Baez;0,932
Dusty Baker;2;Matt Holliday;0,929
Dusty Baker;3;Will Clark;0,9182
Dusty Baker;4;Manny Trillo;0,9164
Dusty Baker;5;Mike Devereaux;0,9107
Home Run Baker;1;Nap Rucker;1,0
Home Run Baker;2;Rabbit Maranville;1,0
Home Run Baker;3;Vern Stephens;1,0
Home Run Baker;4;Dave Bancroft;0,9985
Home Run Baker;5;Ed Walsh;0,9985
Jeff Baker;1;Kevin Young;1,0
Jeff Baker;2;Yonder Alonso;1,0
Jeff Baker;3;Oscar Zamora;1,0
Jeff Baker;4;Gary Alexander;1,0
Jeff Baker;5;Mike Young;1,0
Steve Balboni;1;Kevin Young;1,0
Steve Balboni;2;Yonder Alonso;1,0
Steve Balboni;3;Oscar Zamora;1,0
Steve Balboni;4;Gary Alexander;1,0
Steve Balboni;5;Mike Young;1,0
Rocco Baldelli;1;James Outman;1,0
Rocco Baldelli;2;Josh Phelps;1,0
Rocco Baldelli;3;Zach Duke;1,0
Rocco Baldelli;4;Gustavo Chacin;1,0
Rocco Baldelli;5;Joe Blanton;1,0
Drake Baldwin;1;Jim Lefebvre;1,0
Drake Baldwin;2;Gregg Olson;1,0
Drake Baldwin;3;Sam Jethroe;1,0
Drake Baldwin;4;Lou Piniella;1,0
Drake Baldwin;5;Harry Byrd;1,0
James Baldwin;1;Juan Guzman;1,0
James Baldwin;2;Dick Tidrow;1,0
James Baldwin;3;Tim Belcher;0,9957
James Baldwin;4;Jim Nash;0,977
James Baldwin;5;Mike Nagy;0,977
Jeff Ballard;1;Wandy Rodriguez;1,0
Jeff Ballard;2;Andy Hawkins;1,0
Jeff Ballard;3;Woody Williams;1,0
Jeff Ballard;4;Sid Monge;1,0
Jeff Ballard;5;Erik Hanson;1,0
Dave Bancroft;1;Ed Walsh;1,0
Dave Bancroft;2;Heinie Groh;1,0
Dave Bancroft;3;Steve O'Neill;0,999
Dave Bancroft;4;Hal Chase;0,999
Dave Bancroft;5;Jimmy Archer;0,999
Sal Bando;1;Jim Bunning;0,9487
Sal Bando;2;Earl Wilson;0,9487
Sal Bando;3;Red Schoendienst;0,9487
Sal Bando;4;Johnny Pesky;0,9487
Sal Bando;5;Larry Hisle;0,9448
Ernie Banks;1;Harmon Killebrew;0,9743
Ernie Banks;2;Dick Groat;0,9361
Ernie Banks;3;Hank Aaron;0,9129
Ernie Banks;4;Hank Sauer;0,8243
Ernie Banks;5;Nellie Fox;0,8005
Brian Bannister;1;Frank Schwindel;1,0
Brian Bannister;2;Nomar Mazara;1,0
Brian Bannister;3;Tyler Naquin;1,0
Brian Bannister;4;Evan Gattis;1,0
Brian Bannister;5;James Outman;0,9944
Daniel Bard;1;John Jaha;1,0
Daniel Bard;2;Fernando Tatis;1,0
Daniel Bard;3;Mike Lieberthal;0,9941
Daniel Bard;4;Darren Daulton;0,9881
Daniel Bard;5;Chris Young;0,9875
Brian Barden;1;Francisco Alvarez;1,0
Brian Barden;2;Brett Anderson;1,0
Brian Barden;3;Damon Hollins;1,0
Brian Barden;4;Spencer Arrighetti;1,0
Brian Barden;5;Eric Haase;1,0
Jesse Barfield;1;Grady Sizemore;0,9543
Jesse Barfield;2;J. J. Hardy;0,9353
Jesse Barfield;3;Adam LaRoche;0,9266
Jesse Barfield;4;Brandon Phillips;0,9172
Jesse Barfield;5;David Peralta;0,8666
Josh Barfield;1;Francisco Alvarez;1,0
Josh Barfield;2;Brett Anderson;1,0
Josh Barfield;3;Damon Hollins;1,0
Josh Barfield;4;Spencer Arrighetti;1,0
Josh Barfield;5;Brian Barden;1,0
Len Barker;1;Colby Rasmus;1,0
Len Barker;2;Jose Guillen;1,0
Len Barker;3;Alex Rios;1,0
Len Barker;4;Moose Haas;1,0
Len Barker;5;Jim Gantner;1,0
Clint Barmes;1;Francisco Alvarez;1,0
Clint Barmes;2;Brett Anderson;1,0
Clint Barmes;3;Damon Hollins;1,0
Clint Barmes;4;Spencer Arrighetti;1,0
Clint Barmes;5;Brian Barden;1,0
Darwin Barney;1;Andrew Benintendi;0,9798
Darwin Barney;2;Gerardo Parra;0,9738
Darwin Barney;3;Kolten Wong;0,9738
Darwin Barney;4;Ke'Bryan Hayes;0,9738
Darwin Barney;5;Spencer Arrighetti;0,9707
Jesse Barnes;1;Eddie Ainsmith;1,0
Jesse Barnes;2;Dode Paskert;1,0
Jesse Barnes;3;Marv Owen;1,0
Jesse Barnes;4;Hank Wyse;1,0
Jesse Barnes;5;Art Nehf;1,0
Matt Barnes;1;Shane Greene;1,0
Matt Barnes;2;B. J. Ryan;1,0
Matt Barnes;3;Kyle Barraclough;1,0
Matt Barnes;4;Joel Hanrahan;1,0
Matt Barnes;5;Takashi Saito;1,0
Tucker Barnhart;1;Matt Wieters;1,0
Tucker Barnhart;2;Patrick Bailey;1,0
Tucker Barnhart;3;John Roseboro;1,0
Tucker Barnhart;4;Trent Grisham;1,0
Tucker Barnhart;5;Ken Berry;1,0
Salome Barojas;1;Kevin Young;1,0
Salome Barojas;2;Yonder Alonso;1,0
Salome Barojas;3;Oscar Zamora;1,0
Salome Barojas;4;Gary Alexander;1,0
Salome Barojas;5;Mike Young;1,0
Kyle Barraclough;1;Shane Greene;1,0
Kyle Barraclough;2;B. J. Ryan;1,0
Kyle Barraclough;3;Matt Barnes;1,0
Kyle Barraclough;4;Joel Hanrahan;1,0
Kyle Barraclough;5;Takashi Saito;1,0
Marty Barrett;1;Koji Uehara;1,0
Marty Barrett;2;Adam Kennedy;0,9975
Marty Barrett;3;Matt Garza;0,9975
Marty Barrett;4;Alcides Escobar;0,9963
Marty Barrett;5;Lorenzo Cain;0,9889
Michael Barrett;1;A. J. Pierzynski;1,0
Michael Barrett;2;Michael Cuddyer;1,0
Michael Barrett;3;Riley Greene;1,0
Michael Barrett;4;Hunter Goodman;1,0
Michael Barrett;5;Damion Easley;1,0
Red Barrett;1;Eddie Ainsmith;1,0
Red Barrett;2;Dode Paskert;1,0
Red Barrett;3;Marv Owen;1,0
Red Barrett;4;Hank Wyse;1,0
Red Barrett;5;Art Nehf;1,0
Jack Barry;1;Ivey Wingo;1,0
Jack Barry;2;Dutch Leonard;1,0
Jack Barry;3;Hank Leiber;1,0
Jack Barry;4;Earl Whitehill;1,0
Jack Barry;5;Ernie White;1,0
Dick Bartell;1;Ralph Branca;1,0
Dick Bartell;2;Doc Cramer;1,0
Dick Bartell;3;Dom DiMaggio;1,0
Dick Bartell;4;Ray Sanders;1,0
Dick Bartell;5;Mickey Vernon;1,0
Chris Bassitt;1;Wandy Rodriguez;1,0
Chris Bassitt;2;Andy Hawkins;1,0
Chris Bassitt;3;Matt Harrison;1,0
Chris Bassitt;4;Rick Helling;1,0
Chris Bassitt;5;Jim Beattie;1,0
Kevin Bass;1;Eduardo Escobar;1,0
Kevin Bass;2;Ralph Garr;1,0
Kevin Bass;3;Joe Randa;1,0
Kevin Bass;4;Chris Hoiles;1,0
Kevin Bass;5;Richard Hidalgo;1,0
Johnny Bassler;1;Ivey Wingo;1,0
Johnny Bassler;2;Dutch Leonard;1,0
Johnny Bassler;3;Hank Leiber;1,0
Johnny Bassler;4;Earl Whitehill;1,0
Johnny Bassler;5;Ernie White;1,0
Tony Batista;1;Kevin Young;1,0
Tony Batista;2;Yonder Alonso;1,0
Tony Batista;3;Oscar Zamora;1,0
Tony Batista;4;Gary Alexander;1,0
Tony Batista;5;Mike Young;1,0
Earl Battey;1;Del Crandall;0,9815
Earl Battey;2;Gene Alley;0,9705
Earl Battey;3;Bill Freehan;0,9546
Earl Battey;4;Joe Pepitone;0,9492
Earl Battey;5;Sherm Lollar;0,9492
Trevor Bauer;1;Robbie Ray;0,9802
Trevor Bauer;2;Sandy Alcantara;0,9001
Trevor Bauer;3;Blake Snell;0,8864
Trevor Bauer;4;Max Scherzer;0,8208
Trevor Bauer;5;Pat Hentgen;0,7408
Danny Bautista;1;Kevin Young;1,0
Danny Bautista;2;Yonder Alonso;1,0
Danny Bautista;3;Oscar Zamora;1,0
Danny Bautista;4;Gary Alexander;1,0
Danny Bautista;5;Mike Young;1,0
Felix Bautista;1;Josh Hader;0,9834
Felix Bautista;2;Emmanuel Clase;0,9613
Felix Bautista;3;Edwin Diaz;0,9407
Felix Bautista;4;Kenley Jansen;0,8731
Felix Bautista;5;Joe Nathan;0,8709
Jose Bautista;1;Aramis Ramirez;0,8188
Jose Bautista;2;Paul Goldschmidt;0,7511
Jose Bautista;3;Manny Ramirez;0,742
Jose Bautista;4;Christian Yelich;0,7255
Jose Bautista;5;Kevin Youkilis;0,7191
Jason Bay;1;Pete Alonso;0,9587
Jason Bay;2;Geovany Soto;0,9482
Jason Bay;3;Gunnar Henderson;0,9041
Jason Bay;4;Jonathan India;0,8868
Jason Bay;5;Miguel Andujar;0,8839
Don Baylor;1;Greg Luzinski;0,8729
Don Baylor;2;Edgar Martinez;0,8464
Don Baylor;3;Jim Rice;0,6978
Don Baylor;4;Dave Parker;0,6864
Don Baylor;5;Hal McRae;0,6739
Jim Beattie;1;Wandy Rodriguez;1,0
Jim Beattie;2;Andy Hawkins;1,0
Jim Beattie;3;Matt Harrison;1,0
Jim Beattie;4;Rick Helling;1,0
Jim Beattie;5;Chris Bassitt;1,0
Johnny Beazley;1;Eddie Ainsmith;1,0
Johnny Beazley;2;Dode Paskert;1,0
Johnny Beazley;3;Marv Owen;1,0
Johnny Beazley;4;Jesse Barnes;1,0
Johnny Beazley;5;Dick Newsome;1,0
Glenn Beckert;1;Jim Fregosi;0,9637
Glenn Beckert;2;Ted Kluszewski;0,957
Glenn Beckert;3;Eddie Mathews;0,9535
Glenn Beckert;4;Davey Lopes;0,9394
Glenn Beckert;5;Earl Wilson;0,9075
Josh Beckett;1;Chien-Ming Wang;0,7713
Josh Beckett;2;Mark Prior;0,7607
Josh Beckett;3;Jeremy Peña;0,6139
Josh Beckett;4;Zack Greinke;0,5663
Josh Beckett;5;R. A. Dickey;0,5661
Gordon Beckham;1;Jake Cronenworth;0,9982
Gordon Beckham;2;Austin Jackson;0,9928
Gordon Beckham;3;Dan Uggla;0,986
Gordon Beckham;4;Miguel Andujar;0,9681
Gordon Beckham;5;Willy Taveras;0,9579
Tim Beckham;1;Colby Rasmus;1,0
Tim Beckham;2;Len Barker;1,0
Tim Beckham;3;Jose Guillen;1,0
Tim Beckham;4;Alex Rios;1,0
Tim Beckham;5;Moose Haas;1,0
Rod Beck;1;Michael Brantley;0,8639
Rod Beck;2;Alex Fernandez;0,8607
Rod Beck;3;Tyler O'Neill;0,8334
Rod Beck;4;Esteban Loaiza;0,8141
Rod Beck;5;Daniel Bard;0,7166
Erik Bedard;1;Wandy Rodriguez;1,0
Erik Bedard;2;Andy Hawkins;1,0
Erik Bedard;3;Matt Harrison;1,0
Erik Bedard;4;Rick Helling;1,0
Erik Bedard;5;Chris Bassitt;1,0
David Bednar;1;Clay Holmes;1,0
David Bednar;2;Jordan Romano;1,0
David Bednar;3;Jason Grilli;1,0
David Bednar;4;Felipe Vazquez;1,0
David Bednar;5;Bobby Jenks;1,0
Steve Bedrosian;1;Tom Gordon;0,9042
Steve Bedrosian;2;Bryan Harvey;0,9042
Steve Bedrosian;3;Dave Righetti;0,8176
Steve Bedrosian;4;Todd Worrell;0,8047
Steve Bedrosian;5;Dennis Eckersley;0,7236
Mark Belanger;1;Phil Bradley;0,9739
Mark Belanger;2;Steve Rogers;0,9419
Mark Belanger;3;Andre Dawson;0,8334
Mark Belanger;4;Dave Winfield;0,8
Mark Belanger;5;Curt Flood;0,206
Tim Belcher;1;Juan Guzman;0,9957
Tim Belcher;2;Dick Tidrow;0,9957
Tim Belcher;3;James Baldwin;0,9957
Tim Belcher;4;Tom Browning;0,983
Tim Belcher;5;Mark Clear;0,9797
Buddy Bell;1;Wes Parker;0,9048
Buddy Bell;2;Ron Santo;0,9037
Buddy Bell;3;Brandon Crawford;0,8957
Buddy Bell;4;Gil Hodges;0,8629
Buddy Bell;5;Don Kessinger;0,8513
Derek Bell;1;Willy Adames;1,0
Derek Bell;2;Neil Allen;1,0
Derek Bell;3;Craig Wilson;1,0
Derek Bell;4;Phil Nevin;1,0
Derek Bell;5;John Kruk;1,0
Albert Belle;1;Bobby Bonilla;0,8238
Albert Belle;2;Jeff Bagwell;0,7512
Albert Belle;3;Doug DeCinces;0,7455
Albert Belle;4;Dante Bichette;0,7425
Albert Belle;5;Melvin Mora;0,7343
George Bell;1;Kevin Mitchell;0,8739
George Bell;2;Robin Yount;0,8255
George Bell;3;Ryne Sandberg;0,7465
George Bell;4;Tony Armas;0,7164
George Bell;5;Gary Sheffield;0,7052
Heath Bell;1;Chad Cordero;0,931
Heath Bell;2;Billy Koch;0,9177
Heath Bell;3;Armando Benitez;0,9177
Heath Bell;4;Zack Britton;0,9141
Heath Bell;5;Kenley Jansen;0,8952
Cody Bellinger;1;Ronald Acuña;0,7052
Cody Bellinger;2;Nomar Garciaparra;0,6748
Cody Bellinger;3;Julio Rodriguez;0,6557
Cody Bellinger;4;Corbin Carroll;0,6332
Cody Bellinger;5;Buster Posey;0,6323
Jay Bell;1;Shawn Green;1,0
Jay Bell;2;Carlos Santana;1,0
Jay Bell;3;Russell Martin;0,9266
Jay Bell;4;Jason Varitek;0,9266
Jay Bell;5;Morgan Ensberg;0,8958
Josh Bell;1;Leon Durham;0,9519
Josh Bell;2;Terry Kennedy;0,9519
Josh Bell;3;Ryan Ludwick;0,9485
Josh Bell;4;Chase Headley;0,865
Josh Bell;5;Willie Wilson;0,8572
Brandon Belt;1;Colby Rasmus;1,0
Brandon Belt;2;Len Barker;1,0
Brandon Belt;3;Jose Guillen;1,0
Brandon Belt;4;Alex Rios;1,0
Brandon Belt;5;Moose Haas;1,0
Adrian Beltre;1;Nolan Arenado;0,8621
Adrian Beltre;2;Matt Chapman;0,8119
Adrian Beltre;3;Fernando Tatis;0,7439
Adrian Beltre;4;Kevin Kiermaier;0,7363
Adrian Beltre;5;Jose Trevino;0,7224
Carlos Beltran;1;Raul Mondesi;0,7788
Carlos Beltran;2;Scott Rolen;0,7347
Carlos Beltran;3;Bob Hamelin;0,7114
Carlos Beltran;4;Ben Grieve;0,6887
Carlos Beltran;5;Eric Hinske;0,6637
Johnny Bench;1;Brooks Robinson;0,7904
Johnny Bench;2;Joe Torre;0,788
Johnny Bench;3;Carlton Fisk;0,708
Johnny Bench;4;George Brett;0,7071
Johnny Bench;5;Rod Carew;0,7044
Charles Bender;1;Tommy Leach;1,0
Charles Bender;2;Charlie Keller;1,0
Charles Bender;3;Ray Kremer;1,0
Charles Bender;4;Elmer Riddle;1,0
Charles Bender;5;Ken Keltner;1,0
Alan Benes;1;Jim Nash;1,0
Alan Benes;2;Mike Nagy;1,0
Alan Benes;3;Rolando Arrojo;1,0
Alan Benes;4;Craig McMurtry;1,0
Alan Benes;5;Billy McCool;1,0
Andy Benes;1;Steve Trachsel;1,0
Andy Benes;2;Britt Burns;1,0
Andy Benes;3;Steve Busby;1,0
Andy Benes;4;Kirk Rueter;0,9956
Andy Benes;5;Mike Dunne;0,9956
Andrew Benintendi;1;Darwin Barney;0,9798
Andrew Benintendi;2;Anibal Sanchez;0,969
Andrew Benintendi;3;Chris Duncan;0,969
Andrew Benintendi;4;Miguel Sano;0,969
Andrew Benintendi;5;Gaby Sanchez;0,969
Juan Beniquez;1;Ruben Amaro;1,0
Juan Beniquez;2;Gabriel Moreno;1,0
Juan Beniquez;3;Evan White;1,0
Juan Beniquez;4;Cesar Hernandez;1,0
Juan Beniquez;5;Charlie Neal;1,0
Armando Benitez;1;Billy Koch;1,0
Armando Benitez;2;Zack Britton;0,995
Armando Benitez;3;Chad Cordero;0,9383
Armando Benitez;4;Heath Bell;0,9177
Armando Benitez;5;Robb Nen;0,8768
Mike Benjamin;1;Kevin Young;1,0
Mike Benjamin;2;Yonder Alonso;1,0
Mike Benjamin;3;Oscar Zamora;1,0
Mike Benjamin;4;Gary Alexander;1,0
Mike Benjamin;5;Mike Young;1,0
Joaquin Benoit;1;David Robertson;1,0
Joaquin Benoit;2;Brendan Donnelly;1,0
Joaquin Benoit;3;Jeremy Affeldt;1,0
Joaquin Benoit;4;Hung-Chih Kuo;1,0
Joaquin Benoit;5;Joel Zumaya;1,0
Will Benson;1;Kevin Young;1,0
Will Benson;2;Yonder Alonso;1,0
Will Benson;3;Oscar Zamora;1,0
Will Benson;4;Gary Alexander;1,0
Will Benson;5;Mike Young;1,0
Larry Benton;1;Ivey Wingo;1,0
Larry Benton;2;Dutch Leonard;1,0
Larry Benton;3;Hank Leiber;1,0
Larry Benton;4;Earl Whitehill;1,0
Larry Benton;5;Ernie White;1,0
Juan Berenguer;1;Kevin Young;1,0
Juan Berenguer;2;Yonder Alonso;1,0
Juan Berenguer;3;Oscar Zamora;1,0
Juan Berenguer;4;Gary Alexander;1,0
Juan Berenguer;5;Mike Young;1,0
Wally Berger;1;Rudy York;1,0
Wally Berger;2;Harry Brecheen;1,0
Wally Berger;3;Snuffy Stirnweiss;1,0
Wally Berger;4;Max Carey;1,0
Wally Berger;5;Andy Pafko;1,0
Lance Berkman;1;Dmitri Young;0,958
Lance Berkman;2;Trey Mancini;0,9476
Lance Berkman;3;Matt Harvey;0,9414
Lance Berkman;4;Mike Moustakas;0,9348
Lance Berkman;5;Carlos Peña;0,929
Tony Bernazard;1;Felipe Alou;1,0
Tony Bernazard;2;Matty Alou;1,0
Tony Bernazard;3;Bobby Avila;1,0
Tony Bernazard;4;Smoky Burgess;1,0
Tony Bernazard;5;Ernie Broglio;1,0
Warming Bernabel;1;Kevin Young;1,0
Warming Bernabel;2;Yonder Alonso;1,0
Warming Bernabel;3;Oscar Zamora;1,0
Warming Bernabel;4;Gary Alexander;1,0
Warming Bernabel;5;Mike Young;1,0
Yogi Berra;1;Joe Torre;0,7987
Yogi Berra;2;Carlton Fisk;0,7633
Yogi Berra;3;Rod Carew;0,7044
Yogi Berra;4;Tom Lasorda;0,6829
Yogi Berra;5;Johnny Bench;0,6645
Jose Berrios;1;Ron Darling;1,0
Jose Berrios;2;Cody Anderson;0,927
Jose Berrios;3;Sid Monge;0,927
Jose Berrios;4;Rick Aguilera;0,927
Jose Berrios;5;Pablo Lopez;0,927
Angel Berroa;1;Todd Hollandsworth;0,9466
Angel Berroa;2;Marty Cordova;0,9442
Angel Berroa;3;Colton Cowser;0,8477
Angel Berroa;4;Ryan Mountcastle;0,8477
Angel Berroa;5;Todd Frazier;0,8477
Geronimo Berroa;1;Colby Rasmus;1,0
Geronimo Berroa;2;Len Barker;1,0
Geronimo Berroa;3;Jose Guillen;1,0
Geronimo Berroa;4;Alex Rios;1,0
Geronimo Berroa;5;Moose Haas;1,0
Ken Berry;1;Tucker Barnhart;1,0
Ken Berry;2;Matt Wieters;1,0
Ken Berry;3;Patrick Bailey;1,0
Ken Berry;4;Nico Hoerner;1,0
Ken Berry;5;Trent Grisham;1,0
Mookie Betts;1;J. T. Realmuto;0,7943
Mookie Betts;2;DJ LeMahieu;0,7866
Mookie Betts;3;Jose Ramirez;0,7322
Mookie Betts;4;Austin Riley;0,6961
Mookie Betts;5;William Contreras;0,6926
Jim Bibby;1;Rico Petrocelli;1,0
Jim Bibby;2;Bryan Reynolds;1,0
Jim Bibby;3;Manny Sanguillen;1,0
Jim Bibby;4;Willie Montanez;1,0
Jim Bibby;5;Larry McWilliams;1,0
Bo Bichette;1;Junior Caminero;1,0
Bo Bichette;2;Charlie Morton;0,9911
Bo Bichette;3;Bryan Woo;0,9911
Bo Bichette;4;Aaron Nola;0,9911
Bo Bichette;5;Mike Soroka;0,9911
Dante Bichette;1;Ken Caminiti;0,8482
Dante Bichette;2;Andrew McCutchen;0,7556
Dante Bichette;3;Albert Belle;0,7425
Dante Bichette;4;Edwin Encarnacion;0,7167
Dante Bichette;5;Charlie Blackmon;0,7154
Shane Bieber;1;Pedro Martinez;0,7288
Shane Bieber;2;Roger Clemens;0,6938
Shane Bieber;3;Jake Peavy;0,6897
Shane Bieber;4;LaMarr Hoyt;0,6326
Shane Bieber;5;Sandy Alcantara;0,6093
Carson Bigbee;1;Ivey Wingo;1,0
Carson Bigbee;2;Dutch Leonard;1,0
Carson Bigbee;3;Hank Leiber;1,0
Carson Bigbee;4;Ernie White;1,0
Carson Bigbee;5;Red Lucas;1,0
Craig Biggio;1;Jamie Moyer;0,8332
Craig Biggio;2;Al Leiter;0,7809
Craig Biggio;3;Tony Gwynn;0,7616
Craig Biggio;4;Kirby Puckett;0,7275
Craig Biggio;5;Vernon Wells;0,7203
Buddy Black;1;Kevin Young;1,0
Buddy Black;2;Yonder Alonso;1,0
Buddy Black;3;Oscar Zamora;1,0
Buddy Black;4;Gary Alexander;1,0
Buddy Black;5;Mike Young;1,0
Charlie Blackmon;1;Joe Carter;0,9823
Charlie Blackmon;2;Al Oliver;0,9763
Charlie Blackmon;3;Lloyd Moseby;0,9579
Charlie Blackmon;4;Magglio Ordonez;0,9504
Charlie Blackmon;5;Jay Bruce;0,9346
Ewell Blackwell;1;Mel Parnell;1,0
Ewell Blackwell;2;Birdie Tebbetts;1,0
Ewell Blackwell;3;Johnny Mostil;1,0
Ewell Blackwell;4;Dizzy Trout;1,0
Ewell Blackwell;5;Cecil Travis;1,0
Joe Black;1;Bob Allison;1,0
Joe Black;2;Herb Score;1,0
Joe Black;3;Don Schwall;1,0
Joe Black;4;Jack Sanford;1,0
Joe Black;5;Ron Hansen;1,0
Paul Blair;1;Bill White;0,9989
Paul Blair;2;Jim Sundberg;0,9901
Paul Blair;3;Curt Flood;0,9901
Paul Blair;4;Dwayne Murphy;0,9882
Paul Blair;5;Bob Boone;0,985
Casey Blake;1;Colby Rasmus;1,0
Casey Blake;2;Len Barker;1,0
Casey Blake;3;Jose Guillen;1,0
Casey Blake;4;Alex Rios;1,0
Casey Blake;5;Moose Haas;1,0
Hank Blalock;1;Kevin Young;1,0
Hank Blalock;2;Yonder Alonso;1,0
Hank Blalock;3;Oscar Zamora;1,0
Hank Blalock;4;Gary Alexander;1,0
Hank Blalock;5;Mike Young;1,0
Ronel Blanco;1;Kevin Young;1,0
Ronel Blanco;2;Yonder Alonso;1,0
Ronel Blanco;3;Oscar Zamora;1,0
Ronel Blanco;4;Gary Alexander;1,0
Ronel Blanco;5;Mike Young;1,0
Joe Blanton;1;James Outman;1,0
Joe Blanton;2;Josh Phelps;1,0
Joe Blanton;3;Zach Duke;1,0
Joe Blanton;4;Gustavo Chacin;1,0
Joe Blanton;5;Josh Jung;1,0
Jeff Blauser;1;Rich Aurilia;1,0
Jeff Blauser;2;Morgan Ensberg;1,0
Jeff Blauser;3;Joe Crede;0,9523
Jeff Blauser;4;Felipe Lopez;0,9265
Jeff Blauser;5;Yandy Diaz;0,9265
Curt Blefary;1;Walt Weiss;1,0
Curt Blefary;2;Earl Williams;1,0
Curt Blefary;3;Pat Listach;1,0
Curt Blefary;4;Mike Hargrove;1,0
Curt Blefary;5;Jerome Walton;1,0
Mike Blowers;1;Kevin Young;1,0
Mike Blowers;2;Yonder Alonso;1,0
Mike Blowers;3;Oscar Zamora;1,0
Mike Blowers;4;Gary Alexander;1,0
Mike Blowers;5;Mike Young;1,0
Ossie Bluege;1;Ivey Wingo;1,0
Ossie Bluege;2;Dutch Leonard;1,0
Ossie Bluege;3;Hank Leiber;1,0
Ossie Bluege;4;Ernie White;1,0
Ossie Bluege;5;Red Lucas;1,0
Vida Blue;1;Willie Hernandez;0,9288
Vida Blue;2;Steve Stone;0,8586
Vida Blue;3;Jack McDowell;0,8359
Vida Blue;4;Jim Palmer;0,8343
Vida Blue;5;Denny McLain;0,834
Bert Blyleven;1;Andy Benes;0,7671
Bert Blyleven;2;Steve Busby;0,7671
Bert Blyleven;3;Britt Burns;0,7671
Bert Blyleven;4;Steve Trachsel;0,7671
Bert Blyleven;5;Tom Browning;0,7636
Bruce Bochte;1;Colby Rasmus;1,0
Bruce Bochte;2;Len Barker;1,0
Bruce Bochte;3;Jose Guillen;1,0
Bruce Bochte;4;Alex Rios;1,0
Bruce Bochte;5;Moose Haas;1,0
Mike Boddicker;1;Lorenzo Cain;0,7777
Mike Boddicker;2;David Wells;0,771
Mike Boddicker;3;Matt Garza;0,7708
Mike Boddicker;4;Adam Kennedy;0,7708
Mike Boddicker;5;Jackie Bradley;0,7681
Brennan Boesch;1;James Outman;1,0
Brennan Boesch;2;Josh Phelps;1,0
Brennan Boesch;3;Zach Duke;1,0
Brennan Boesch;4;Gustavo Chacin;1,0
Brennan Boesch;5;Josh Jung;1,0
Xander Bogaerts;1;William Contreras;0,8623
Xander Bogaerts;2;Lance Parrish;0,7522
Xander Bogaerts;3;Ian Desmond;0,7215
Xander Bogaerts;4;Adley Rutschman;0,7139
Xander Bogaerts;5;Dean Palmer;0,7123
Wade Boggs;1;Vinny Castilla;0,9206
Wade Boggs;2;Mickey Tettleton;0,9127
Wade Boggs;3;Matt Williams;0,9069
Wade Boggs;4;Magglio Ordonez;0,8702
Wade Boggs;5;Jack Clark;0,8682
Alec Bohm;1;Kevin Young;1,0
Alec Bohm;2;Yonder Alonso;1,0
Alec Bohm;3;Oscar Zamora;1,0
Alec Bohm;4;Gary Alexander;1,0
Alec Bohm;5;Mike Young;1,0
Frank Bolling;1;Leo Cardenas;1,0
Frank Bolling;2;Bud Harrelson;1,0
Frank Bolling;3;Aaron Rowand;1,0
Frank Bolling;4;Norm Siebern;1,0
Frank Bolling;5;Frank Lary;1,0
Barry Bonds;1;Alex Rodriguez;0,7559
Barry Bonds;2;Andruw Jones;0,7252
Barry Bonds;3;Aaron Judge;0,7237
Barry Bonds;4;Ryan Howard;0,7073
Barry Bonds;5;Robin Yount;0,6958
Bobby Bonds;1;Maury Wills;0,816
Bobby Bonds;2;Ken Griffey;0,7642
Bobby Bonds;3;Leon Wagner;0,7612
Bobby Bonds;4;Bill Madlock;0,7521
Bobby Bonds;5;Dave Concepcion;0,7507
Tommy Bond;1;Amos Rusie;1,0
Tommy Bond;2;Tim Keefe;1,0
Tommy Bond;3;Guy Hecker;1,0
Tommy Bond;4;John Clarkson;1,0
Tommy Bond;5;Old Hoss Radbourn;1,0
Tiny Bonham;1;Mel Parnell;1,0
Tiny Bonham;2;Birdie Tebbetts;1,0
Tiny Bonham;3;Johnny Mostil;1,0
Tiny Bonham;4;Dizzy Trout;1,0
Tiny Bonham;5;Cecil Travis;1,0
Emilio Bonifacio;1;Jim Hughes;1,0
Emilio Bonifacio;2;Mike Davis;1,0
Emilio Bonifacio;3;Glenallen Hill;1,0
Emilio Bonifacio;4;Doc Medich;1,0
Emilio Bonifacio;5;Nick Esasky;1,0
Bobby Bonilla;1;Howard Johnson;0,9197
Bobby Bonilla;2;Melvin Mora;0,8919
Bobby Bonilla;3;Jeff Kent;0,863
Bobby Bonilla;4;Jose Cruz;0,8606
Bobby Bonilla;5;Doug DeCinces;0,8586
Boof Bonser;1;Francisco Alvarez;1,0
Boof Bonser;2;Brett Anderson;1,0
Boof Bonser;3;Damon Hollins;1,0
Boof Bonser;4;Spencer Arrighetti;1,0
Boof Bonser;5;Brian Barden;1,0
Aaron Boone;1;Willy Adames;1,0
Aaron Boone;2;Neil Allen;1,0
Aaron Boone;3;Homer Bailey;1,0
Aaron Boone;4;Phil Nevin;1,0
Aaron Boone;5;Craig Wilson;1,0
Bob Boone;1;Curt Flood;0,9927
Bob Boone;2;Dwayne Murphy;0,9885
Bob Boone;3;Paul Blair;0,985
Bob Boone;4;George Scott;0,9816
Bob Boone;5;Bill White;0,9797
Bret Boone;1;Bobby Grich;0,9271
Bret Boone;2;Darin Erstad;0,842
Bret Boone;3;Brandon Phillips;0,8312
Bret Boone;4;Eric Chavez;0,8303
Bret Boone;5;Jim Sundberg;0,8062
Pat Borders;1;Donn Clendenon;1,0
Pat Borders;2;Steve Yeager;1,0
Pat Borders;3;Jorge Soler;0,9957
Pat Borders;4;Steve Pearce;0,9957
Pat Borders;5;Ben Zobrist;0,9614
Hank Borowy;1;Johnny Sain;0,991
Hank Borowy;2;Bill Voiselle;0,9622
Hank Borowy;3;Bob Porterfield;0,9592
Hank Borowy;4;Preacher Roe;0,9592
Hank Borowy;5;Sam McDowell;0,9592
Joe Borowski;1;Robb Nen;0,9936
Joe Borowski;2;Ryan Franklin;0,9389
Joe Borowski;3;Zack Britton;0,8764
Joe Borowski;4;Billy Koch;0,8711
Joe Borowski;5;Armando Benitez;0,8711
Chris Bosio;1;Kevin Young;1,0
Chris Bosio;2;Yonder Alonso;1,0
Chris Bosio;3;Oscar Zamora;1,0
Chris Bosio;4;Gary Alexander;1,0
Chris Bosio;5;Mike Young;1,0
Dick Bosman;1;Kevin Young;1,0
Dick Bosman;2;Yonder Alonso;1,0
Dick Bosman;3;Oscar Zamora;1,0
Dick Bosman;4;Gary Alexander;1,0
Dick Bosman;5;Mike Young;1,0
Jim Bottomley;1;Bob O'Farrell;1,0
Jim Bottomley;2;George Burns;1,0
Jim Bottomley;3;Phil Cavarretta;0,9894
Jim Bottomley;4;Larry Doyle;0,9676
Jim Bottomley;5;Frank Schulte;0,9588
Ed Bouchee;1;Cade Horton;1,0
Ed Bouchee;2;Ken Hunt;1,0
Ed Bouchee;3;Dick Howser;1,0
Ed Bouchee;4;Clint Courtney;1,0
Ed Bouchee;5;Richie Ashburn;1,0
Lou Boudreau;1;Al Rosen;0,9255
Lou Boudreau;2;Roger Maris;0,8808
Lou Boudreau;3;Duke Snider;0,8626
Lou Boudreau;4;Kevin Mitchell;0,8625
Lou Boudreau;5;Stan Musial;0,8397
Justin Bour;1;Francisco Alvarez;1,0
Justin Bour;2;Brett Anderson;1,0
Justin Bour;3;Damon Hollins;1,0
Justin Bour;4;Spencer Arrighetti;1,0
Justin Bour;5;Brian Barden;1,0
Michael Bourn;1;Tucker Barnhart;1,0
Michael Bourn;2;Matt Wieters;1,0
Michael Bourn;3;Patrick Bailey;1,0
Michael Bourn;4;Trent Grisham;1,0
Michael Bourn;5;Ken Berry;1,0
Larry Bowa;1;Joe Rudi;0,9353
Larry Bowa;2;Davey Lopes;0,8952
Larry Bowa;3;Bobby Murcer;0,892
Larry Bowa;4;Amos Otis;0,8798
Larry Bowa;5;Starling Marte;0,8754
Clete Boyer;1;Ruben Amaro;1,0
Clete Boyer;2;Gabriel Moreno;1,0
Clete Boyer;3;Roger Metzger;1,0
Clete Boyer;4;Cesar Hernandez;1,0
Clete Boyer;5;Charlie Neal;1,0
Ken Boyer;1;Hank Aaron;0,8204
Ken Boyer;2;Dick Groat;0,8082
Ken Boyer;3;Ernie Banks;0,7995
Ken Boyer;4;Don Mattingly;0,7954
Ken Boyer;5;Stan Musial;0,7868
Dallas Braden;1;Kevin Young;1,0
Dallas Braden;2;Yonder Alonso;1,0
Dallas Braden;3;Oscar Zamora;1,0
Dallas Braden;4;Gary Alexander;1,0
Dallas Braden;5;Mike Young;1,0
Kyle Bradish;1;Charlie Morton;1,0
Kyle Bradish;2;Bryan Woo;1,0
Kyle Bradish;3;Jordan Montgomery;1,0
Kyle Bradish;4;Mike Yastrzemski;1,0
Kyle Bradish;5;Yasmani Grandal;1,0
Jackie Bradley;1;Delmon Young;0,9915
Jackie Bradley;2;Lorenzo Cain;0,9879
Jackie Bradley;3;Alcides Escobar;0,9806
Jackie Bradley;4;David Wells;0,9795
Jackie Bradley;5;Adam Kennedy;0,9794
Milton Bradley;1;Kevin Young;1,0
Milton Bradley;2;Yonder Alonso;1,0
Milton Bradley;3;Oscar Zamora;1,0
Milton Bradley;4;Gary Alexander;1,0
Milton Bradley;5;Mike Young;1,0
Phil Bradley;1;Mark Belanger;0,9739
Phil Bradley;2;Steve Rogers;0,9682
Phil Bradley;3;Andre Dawson;0,8182
Phil Bradley;4;Dave Winfield;0,7896
Phil Bradley;5;Reggie Sanders;0,0258
Taj Bradley;1;Wandy Rodriguez;1,0
Taj Bradley;2;Andy Hawkins;1,0
Taj Bradley;3;Matt Harrison;1,0
Taj Bradley;4;Rick Helling;1,0
Taj Bradley;5;Ken Hill;1,0
Ralph Branca;1;Dick Bartell;1,0
Ralph Branca;2;Doc Cramer;1,0
Ralph Branca;3;Dom DiMaggio;1,0
Ralph Branca;4;Ray Sanders;1,0
Ralph Branca;5;Mickey Vernon;1,0
Ed Brandt;1;Ivey Wingo;1,0
Ed Brandt;2;Dutch Leonard;1,0
Ed Brandt;3;Hank Leiber;1,0
Ed Brandt;4;Ernie White;1,0
Ed Brandt;5;Red Lucas;1,0
Jackie Brandt;1;Ruben Amaro;1,0
Jackie Brandt;2;Gabriel Moreno;1,0
Jackie Brandt;3;Roger Metzger;1,0
Jackie Brandt;4;Cesar Hernandez;1,0
Jackie Brandt;5;Charlie Neal;1,0
Jeff Brantley;1;Tom Henke;1,0
Jeff Brantley;2;John Axford;0,8493
Jeff Brantley;3;Billy Wagner;0,8493
Jeff Brantley;4;Rawly Eastwick;0,6898
Jeff Brantley;5;Jeff Russell;0,6898
Michael Brantley;1;Alex Fernandez;0,9683
Michael Brantley;2;Tyler O'Neill;0,9509
Michael Brantley;3;Esteban Loaiza;0,9223
Michael Brantley;4;Rod Beck;0,8639
Michael Brantley;5;Darren Daulton;0,8101
Ryan Braun;1;Jason Michaels;0,7604
Ryan Braun;2;Mike Morse;0,7604
Ryan Braun;3;Evan Longoria;0,7458
Ryan Braun;4;Todd Helton;0,7271
Ryan Braun;5;Mark Grace;0,7263
Sid Bream;1;Dave Dravecky;1,0
Sid Bream;2;Dennis Leonard;1,0
Sid Bream;3;Mark Teahen;1,0
Sid Bream;4;Jake Diekman;0,997
Sid Bream;5;Dustin McGowan;0,997
Harry Brecheen;1;Rudy York;1,0
Harry Brecheen;2;Max Carey;1,0
Harry Brecheen;3;Snuffy Stirnweiss;1,0
Harry Brecheen;4;Heinie Manush;1,0
Harry Brecheen;5;Andy Pafko;1,0
Alex Bregman;1;Kyle Schwarber;0,9169
Alex Bregman;2;Jarren Duran;0,8594
Alex Bregman;3;Jeff Conine;0,7798
Alex Bregman;4;Fred McGriff;0,7693
Alex Bregman;5;Alfonso Soriano;0,7679
Bob Brenly;1;Kevin Young;1,0
Bob Brenly;2;Yonder Alonso;1,0
Bob Brenly;3;Oscar Zamora;1,0
Bob Brenly;4;Gary Alexander;1,0
Bob Brenly;5;Mike Young;1,0
Roger Bresnahan;1;Heinie Zimmerman;1,0
Roger Bresnahan;2;Ross Youngs;1,0
Roger Bresnahan;3;Stuffy McInnis;1,0
Roger Bresnahan;4;Wilbur Cooper;1,0
Roger Bresnahan;5;Sam Crawford;1,0
George Brett;1;Joe Torre;0,7854
George Brett;2;Johnny Bench;0,7071
George Brett;3;Rod Carew;0,6955
George Brett;4;Carlton Fisk;0,6296
George Brett;5;Yogi Berra;0,6157
Ken Brett;1;Kevin Young;1,0
Ken Brett;2;Yonder Alonso;1,0
Ken Brett;3;Oscar Zamora;1,0
Ken Brett;4;Gary Alexander;1,0
Ken Brett;5;Mike Young;1,0
Tommy Bridges;1;Fred Clarke;1,0
Tommy Bridges;2;Home Run Baker;0,9975
Tommy Bridges;3;Rabbit Maranville;0,9975
Tommy Bridges;4;Nap Rucker;0,9975
Tommy Bridges;5;Vern Stephens;0,9975
Ed Brinkman;1;Ruben Amaro;1,0
Ed Brinkman;2;Gabriel Moreno;1,0
Ed Brinkman;3;Roger Metzger;1,0
Ed Brinkman;4;Cesar Hernandez;1,0
Ed Brinkman;5;Charlie Neal;1,0
Zack Britton;1;Armando Benitez;0,995
Zack Britton;2;Billy Koch;0,995
Zack Britton;3;Chad Cordero;0,9431
Zack Britton;4;Heath Bell;0,9141
Zack Britton;5;Joe Borowski;0,8764
Lou Brock;1;Willie Stargell;0,7664
Lou Brock;2;Andre Thornton;0,7016
Lou Brock;3;Al Kaline;0,6914
Lou Brock;4;Tommy John;0,6712
Lou Brock;5;Pete Rose;0,6304
Ernie Broglio;1;Felipe Alou;1,0
Ernie Broglio;2;Matty Alou;1,0
Ernie Broglio;3;Bobby Avila;1,0
Ernie Broglio;4;Tony Bernazard;1,0
Ernie Broglio;5;Smoky Burgess;1,0
Hubie Brooks;1;Justin Upton;0,9675
Hubie Brooks;2;Jose Cruz;0,952
Hubie Brooks;3;Ryan Ludwick;0,9139
Hubie Brooks;4;Jay Bruce;0,9012
Hubie Brooks;5;Charlie Blackmon;0,8694
Tom Brookens;1;Kevin Young;1,0
Tom Brookens;2;Yonder Alonso;1,0
Tom Brookens;3;Oscar Zamora;1,0
Tom Brookens;4;Gary Alexander;1,0
Tom Brookens;5;Mike Young;1,0
Scott Brosius;1;Bucky Dent;0,99
Scott Brosius;2;Ralph Terry;0,9875
Scott Brosius;3;Johnny Podres;0,9832
Scott Brosius;4;Mickey Lolich;0,9832
Scott Brosius;5;Lew Burdette;0,9832
Ben Broussard;1;Kevin Young;1,0
Ben Broussard;2;Yonder Alonso;1,0
Ben Broussard;3;Oscar Zamora;1,0
Ben Broussard;4;Gary Alexander;1,0
Ben Broussard;5;Mike Young;1,0
Bobby Brown;1;Kevin Young;1,0
Bobby Brown;2;Yonder Alonso;1,0
Bobby Brown;3;Oscar Zamora;1,0
Bobby Brown;4;Gary Alexander;1,0
Bobby Brown;5;Mike Young;1,0
Dee Brown;1;Francisco Alvarez;1,0
Dee Brown;2;Brett Anderson;1,0
Dee Brown;3;Damon Hollins;1,0
Dee Brown;4;Spencer Arrighetti;1,0
Dee Brown;5;Brian Barden;1,0
Domonic Brown;1;Eduardo Escobar;1,0
Domonic Brown;2;Ralph Garr;1,0
Domonic Brown;3;Joe Randa;1,0
Domonic Brown;4;Chris Hoiles;1,0
Domonic Brown;5;Richard Hidalgo;1,0
Hunter Brown;1;Cristopher Sanchez;1,0
Hunter Brown;2;Hyun Jin Ryu;0,9717
Hunter Brown;3;Kevin Gausman;0,9717
Hunter Brown;4;Freddy Peralta;0,9649
Hunter Brown;5;Jack Flaherty;0,9649
Jimmy Brown;1;Tommy Leach;1,0
Jimmy Brown;2;Charlie Keller;1,0
Jimmy Brown;3;Ray Kremer;1,0
Jimmy Brown;4;Elmer Riddle;1,0
Jimmy Brown;5;Ken Keltner;1,0
Kevin Brown;1;Dave Stieb;0,9935
Kevin Brown;2;Doug Drabek;0,8594
Kevin Brown;3;Joe Niekro;0,8171
Kevin Brown;4;Chuck Finley;0,7632
Kevin Brown;5;Mark Mulder;0,7577
Mordecai Brown;1;Urban Shocker;1,0
Mordecai Brown;2;George Gibson;1,0
Mordecai Brown;3;Chick Hafey;1,0
Mordecai Brown;4;Donie Bush;1,0
Mordecai Brown;5;George Burns;1,0
Tom Browning;1;Tim Belcher;0,983
Tom Browning;2;Bill Gullickson;0,9632
Tom Browning;3;Mark Clear;0,9632
Tom Browning;4;Kevin Appier;0,9632
Tom Browning;5;Jerry Koosman;0,9631
Jay Bruce;1;Matt Carpenter;0,9659
Jay Bruce;2;Charlie Blackmon;0,9346
Jay Bruce;3;Al Oliver;0,9265
Jay Bruce;4;Lloyd Moseby;0,9208
Jay Bruce;5;Hubie Brooks;0,9012
Tom Brunansky;1;Kevin Young;1,0
Tom Brunansky;2;Yonder Alonso;1,0
Tom Brunansky;3;Oscar Zamora;1,0
Tom Brunansky;4;Gary Alexander;1,0
Tom Brunansky;5;Mike Young;1,0
Kris Bryant;1;Geovany Soto;0,8693
Kris Bryant;2;Jason Bay;0,8546
Kris Bryant;3;Dustin Pedroia;0,8502
Kris Bryant;4;Gunnar Henderson;0,8495
Kris Bryant;5;Wil Myers;0,8484
Ron Bryant;1;Preacher Roe;1,0
Ron Bryant;2;Bob Porterfield;1,0
Ron Bryant;3;Sam McDowell;1,0
Ron Bryant;4;Ellis Kinder;1,0
Ron Bryant;5;Sam Jones;1,0
Kris Bubic;1;Wandy Rodriguez;1,0
Kris Bubic;2;Andy Hawkins;1,0
Kris Bubic;3;Matt Harrison;1,0
Kris Bubic;4;Rick Helling;1,0
Kris Bubic;5;Ken Hill;1,0
Clay Buchholz;1;Armando Galarraga;0,9896
Clay Buchholz;2;Bill Mueller;0,9866
Clay Buchholz;3;Jon Lester;0,8158
Clay Buchholz;4;Mark Buehrle;0,7633
Clay Buchholz;5;Randy Johnson;0,5419
Bill Buckner;1;Von Hayes;1,0
Bill Buckner;2;Brian Jordan;0,9889
Bill Buckner;3;Eugenio Suarez;0,9889
Bill Buckner;4;Gary Ward;0,9889
Bill Buckner;5;AJ Pollock;0,967
Walker Buehler;1;Zac Gallen;0,9551
Walker Buehler;2;Nick Anderson;0,9393
Walker Buehler;3;Corbin Burnes;0,8862
Walker Buehler;4;Adley Rutschman;0,8819
Walker Buehler;5;Alek Manoah;0,7971
Mark Buehrle;1;Clay Buchholz;0,7633
Mark Buehrle;2;Armando Galarraga;0,7552
Mark Buehrle;3;Bill Mueller;0,7522
Mark Buehrle;4;Derek Jeter;0,6755
Mark Buehrle;5;Steven Souza;0,6261
Jay Buhner;1;Juan Lagares;1,0
Jay Buhner;2;Marcus Stroman;1,0
Jay Buhner;3;Bronson Arroyo;1,0
Jay Buhner;4;Al Cowens;1,0
Jay Buhner;5;Jody Davis;1,0
Jim Bullinger;1;Kevin Young;1,0
Jim Bullinger;2;Yonder Alonso;1,0
Jim Bullinger;3;Oscar Zamora;1,0
Jim Bullinger;4;Gary Alexander;1,0
Jim Bullinger;5;Mike Young;1,0
Al Bumbry;1;Vince Coleman;0,9943
Al Bumbry;2;Alvin Davis;0,9943
Al Bumbry;3;Chris Chambliss;0,9926
Al Bumbry;4;Walt Weiss;0,9913
Al Bumbry;5;Jerome Walton;0,9913
Madison Bumgarner;1;Pablo Sandoval;0,9304
Madison Bumgarner;2;David Freese;0,8205
Madison Bumgarner;3;Tim Lincecum;0,754
Madison Bumgarner;4;David Ortiz;0,4657
Madison Bumgarner;5;Cole Hamels;0,4169
Wally Bunker;1;Jim Nash;1,0
Wally Bunker;2;Mike Nagy;1,0
Wally Bunker;3;Rolando Arrojo;1,0
Wally Bunker;4;Craig McMurtry;1,0
Wally Bunker;5;Billy McCool;1,0
Jim Bunning;1;Earl Wilson;1,0
Jim Bunning;2;Johnny Pesky;1,0
Jim Bunning;3;Red Schoendienst;1,0
Jim Bunning;4;Allie Reynolds;0,9649
Jim Bunning;5;Ted Kluszewski;0,9637
Lew Burdette;1;Don Larsen;1,0
Lew Burdette;2;Rick Dempsey;1,0
Lew Burdette;3;Mickey Lolich;1,0
Lew Burdette;4;David Eckstein;1,0
Lew Burdette;5;Johnny Podres;1,0
Smoky Burgess;1;Felipe Alou;1,0
Smoky Burgess;2;Matty Alou;1,0
Smoky Burgess;3;Bobby Avila;1,0
Smoky Burgess;4;Tony Bernazard;1,0
Smoky Burgess;5;Ernie Broglio;1,0
Ellis Burks;1;Victor Martinez;0,9456
Ellis Burks;2;Kendrys Morales;0,9285
Ellis Burks;3;Harold Baines;0,8755
Ellis Burks;4;Chili Davis;0,8729
Ellis Burks;5;Hal McRae;0,8727
Rick Burleson;1;Travis Fryman;0,932
Rick Burleson;2;Russell Martin;0,9014
Rick Burleson;3;Jason Varitek;0,9014
Rick Burleson;4;Willie Randolph;0,8847
Rick Burleson;5;Damaso Garcia;0,8827
A. J. Burnett;1;James Shields;1,0
A. J. Burnett;2;Bobby Higginson;1,0
A. J. Burnett;3;Mark Reynolds;1,0
A. J. Burnett;4;Phil Garner;1,0
A. J. Burnett;5;Hal Morris;1,0
Corbin Burnes;1;Walker Buehler;0,8862
Corbin Burnes;2;Zac Gallen;0,8681
Corbin Burnes;3;Nick Anderson;0,8131
Corbin Burnes;4;Paul Skenes;0,8057
Corbin Burnes;5;Adley Rutschman;0,7835
Jeromy Burnitz;1;Dan Meyer;1,0
Jeromy Burnitz;2;Cory Snyder;1,0
Jeromy Burnitz;3;Buzz Capra;1,0
Jeromy Burnitz;4;Bo Diaz;1,0
Jeromy Burnitz;5;Kal Daniels;1,0
Britt Burns;1;Andy Benes;1,0
Britt Burns;2;Steve Trachsel;1,0
Britt Burns;3;Steve Busby;1,0
Britt Burns;4;Kirk Rueter;0,9956
Britt Burns;5;Mike Dunne;0,9956
George Burns;1;Urban Shocker;1,0
George Burns;2;George Gibson;1,0
George Burns;3;Chick Hafey;1,0
George Burns;4;Pat Malone;1,0
George Burns;5;Donie Bush;1,0
George Burns;1;Bob O'Farrell;1,0
George Burns;2;Jim Bottomley;1,0
George Burns;3;Phil Cavarretta;0,9894
George Burns;4;Larry Doyle;0,9676
George Burns;5;Frank Schulte;0,9588
Pat Burrell;1;Carlos Martinez;1,0
Pat Burrell;2;Todd Zeile;1,0
Pat Burrell;3;Ray Durham;1,0
Pat Burrell;4;Adam Eaton;1,0
Pat Burrell;5;David Segui;1,0
Ray Burris;1;Wandy Rodriguez;1,0
Ray Burris;2;Andy Hawkins;1,0
Ray Burris;3;Matt Harrison;1,0
Ray Burris;4;Rick Helling;1,0
Ray Burris;5;Ken Hill;1,0
Jeff Burroughs;1;Hank Sauer;0,9155
Jeff Burroughs;2;Jackie Jensen;0,8978
Jeff Burroughs;3;Willie McGee;0,8746
Jeff Burroughs;4;Roger Maris;0,8473
Jeff Burroughs;5;Tony Armas;0,8067
Steve Busby;1;Andy Benes;1,0
Steve Busby;2;Steve Trachsel;1,0
Steve Busby;3;Britt Burns;1,0
Steve Busby;4;Kirk Rueter;0,9956
Steve Busby;5;Mike Dunne;0,9956
Michael Busch;1;Carlos Martinez;1,0
Michael Busch;2;Todd Zeile;1,0
Michael Busch;3;Ray Durham;1,0
Michael Busch;4;Adam Eaton;1,0
Michael Busch;5;David Segui;1,0
Donie Bush;1;Urban Shocker;1,0
Donie Bush;2;George Gibson;1,0
Donie Bush;3;Chick Hafey;1,0
Donie Bush;4;Pat Malone;1,0
Donie Bush;5;George Burns;1,0
Homer Bush;1;Kevin Young;1,0
Homer Bush;2;Yonder Alonso;1,0
Homer Bush;3;Oscar Zamora;1,0
Homer Bush;4;Gary Alexander;1,0
Homer Bush;5;Mike Young;1,0
Bullet Joe Bush;1;Ivey Wingo;1,0
Bullet Joe Bush;2;Dutch Leonard;1,0
Bullet Joe Bush;3;Hank Leiber;1,0
Bullet Joe Bush;4;Ernie White;1,0
Bullet Joe Bush;5;Red Lucas;1,0
Tom Buskey;1;Kevin Young;1,0
Tom Buskey;2;Yonder Alonso;1,0
Tom Buskey;3;Oscar Zamora;1,0
Tom Buskey;4;Gary Alexander;1,0
Tom Buskey;5;Mike Young;1,0
Billy Butler;1;Carney Lansford;0,8087
Billy Butler;2;John Olerud;0,7906
Billy Butler;3;Dave Dravecky;0,7772
Billy Butler;4;Dennis Leonard;0,7772
Billy Butler;5;Sid Bream;0,7772
Brett Butler;1;Todd Stottlemyre;0,9945
Brett Butler;2;Shane Victorino;0,9727
Brett Butler;3;Bobby Valentine;0,8543
Brett Butler;4;Roland Hemond;0,8543
Brett Butler;5;Luis Gonzalez;0,8497
Lawrence Butler;1;Carlos Martinez;1,0
Lawrence Butler;2;Todd Zeile;1,0
Lawrence Butler;3;Ray Durham;1,0
Lawrence Butler;4;Adam Eaton;1,0
Lawrence Butler;5;David Segui;1,0
Byron Buxton;1;Brad Ziegler;0,9231
Byron Buxton;2;Darren O'Day;0,9231
Byron Buxton;3;Jonathan Lucroy;0,9231
Byron Buxton;4;Ian Kennedy;0,9231
Byron Buxton;5;Jon Gray;0,9231
Harry Byrd;1;Jim Lefebvre;1,0
Harry Byrd;2;Gregg Olson;1,0
Harry Byrd;3;Sam Jethroe;1,0
Harry Byrd;4;Drake Baldwin;1,0
Harry Byrd;5;Lou Piniella;1,0
Marlon Byrd;1;Carlos Martinez;1,0
Marlon Byrd;2;Todd Zeile;1,0
Marlon Byrd;3;Ray Durham;1,0
Marlon Byrd;4;Adam Eaton;1,0
Marlon Byrd;5;David Segui;1,0
Paul Byrd;1;Kevin Young;1,0
Paul Byrd;2;Yonder Alonso;1,0
Paul Byrd;3;Oscar Zamora;1,0
Paul Byrd;4;Gary Alexander;1,0
Paul Byrd;5;Mike Young;1,0
Eric Byrnes;1;Kevin Young;1,0
Eric Byrnes;2;Yonder Alonso;1,0
Eric Byrnes;3;Oscar Zamora;1,0
Eric Byrnes;4;Gary Alexander;1,0
Eric Byrnes;5;Mike Young;1,0
Marty Bystrom;1;Wandy Rodriguez;1,0
Marty Bystrom;2;Andy Hawkins;1,0
Marty Bystrom;3;Rick Helling;1,0
Marty Bystrom;4;Ken Hill;1,0
Marty Bystrom;5;Erik Hanson;1,0
Asdrubal Cabrera;1;Elvis Andrus;0,9887
Asdrubal Cabrera;2;Orlando Cabrera;0,9833
Asdrubal Cabrera;3;Jim Edmonds;0,9694
Asdrubal Cabrera;4;Mike Lowell;0,9056
Asdrubal Cabrera;5;Andrelton Simmons;0,8651
Melky Cabrera;1;Dewayne Wise;0,9204
Melky Cabrera;2;Steven Souza;0,9198
Melky Cabrera;3;Gabe Kapler;0,9198
Melky Cabrera;4;Ben Revere;0,9056
Melky Cabrera;5;Rafael Furcal;0,7543
Miguel Cabrera;1;Alex Rodriguez;0,8146
Miguel Cabrera;2;Albert Pujols;0,8014
Miguel Cabrera;3;Joe Mauer;0,7394
Miguel Cabrera;4;Barry Bonds;0,6065
Miguel Cabrera;5;Ryan Howard;0,5699
Orlando Cabrera;1;Elvis Andrus;0,9946
Orlando Cabrera;2;Asdrubal Cabrera;0,9833
Orlando Cabrera;3;Jim Edmonds;0,9716
Orlando Cabrera;4;Mike Lowell;0,8904
Orlando Cabrera;5;Andrelton Simmons;0,8895
Trevor Cahill;1;Kevin Young;1,0
Trevor Cahill;2;Yonder Alonso;1,0
Trevor Cahill;3;Oscar Zamora;1,0
Trevor Cahill;4;Gary Alexander;1,0
Trevor Cahill;5;Mike Young;1,0
Lorenzo Cain;1;Alcides Escobar;0,9926
Lorenzo Cain;2;David Wells;0,9915
Lorenzo Cain;3;Matt Garza;0,9914
Lorenzo Cain;4;Adam Kennedy;0,9914
Lorenzo Cain;5;Marty Barrett;0,9889
Matt Cain;1;Kevin Young;1,0
Matt Cain;2;Yonder Alonso;1,0
Matt Cain;3;Oscar Zamora;1,0
Matt Cain;4;Gary Alexander;1,0
Matt Cain;5;Mike Young;1,0
Mike Caldwell;1;Gorman Thomas;0,9797
Mike Caldwell;2;Jerry Reuss;0,964
Mike Caldwell;3;John Candelaria;0,964
Mike Caldwell;4;Tim Leary;0,9498
Mike Caldwell;5;Brandon Drury;0,9498
Kole Calhoun;1;Juan Lagares;1,0
Kole Calhoun;2;Jay Buhner;1,0
Kole Calhoun;3;Bronson Arroyo;1,0
Kole Calhoun;4;Marcus Stroman;1,0
Kole Calhoun;5;Jody Davis;1,0
Johnny Callison;1;Elias Diaz;1,0
Johnny Callison;2;Terry Steinbach;1,0
Johnny Callison;3;Leon Wagner;0,9925
Johnny Callison;4;Ken Griffey;0,9885
Johnny Callison;5;Jeff Conine;0,9773
Mike Cameron;1;Kenny Lofton;0,9784
Mike Cameron;2;Ian Kinsler;0,9684
Mike Cameron;3;Bengie Molina;0,9684
Mike Cameron;4;Luis Castillo;0,9668
Mike Cameron;5;Ian Happ;0,9577
Dolph Camilli;1;Frank McCormick;0,9983
Dolph Camilli;2;Ernie Lombardi;0,9952
Dolph Camilli;3;Hank Greenberg;0,9927
Dolph Camilli;4;Mort Cooper;0,9581
Dolph Camilli;5;Carl Hubbell;0,9177
Junior Caminero;1;Bo Bichette;1,0
Junior Caminero;2;Charlie Morton;0,9911
Junior Caminero;3;Bryan Woo;0,9911
Junior Caminero;4;Aaron Nola;0,9911
Junior Caminero;5;Mike Yastrzemski;0,9911
Ken Caminiti;1;Larry Walker;0,8604
Ken Caminiti;2;Dante Bichette;0,8482
Ken Caminiti;3;Andrew McCutchen;0,7566
Ken Caminiti;4;Barry Bonds;0,694
Ken Caminiti;5;Mo Vaughn;0,6481
Howie Camnitz;1;Eddie Ainsmith;1,0
Howie Camnitz;2;Dode Paskert;1,0
Howie Camnitz;3;Marv Owen;1,0
Howie Camnitz;4;Jesse Barnes;1,0
Howie Camnitz;5;Dick Newsome;1,0
Bert Campaneris;1;Joe Page;0,984
Bert Campaneris;2;Billy Hatcher;0,9662
Bert Campaneris;3;Dick Green;0,9618
Bert Campaneris;4;Jerry Coleman;0,9618
Bert Campaneris;5;Al Weis;0,9618
Roy Campanella;1;Hank Sauer;0,8289
Roy Campanella;2;Nellie Fox;0,8062
Roy Campanella;3;Jim Bottomley;0,7958
Roy Campanella;4;George Burns;0,7958
Roy Campanella;5;Bob O'Farrell;0,7958
Bill Campbell;1;Dan Quisenberry;0,9971
Bill Campbell;2;Jeff Montgomery;0,992
Bill Campbell;3;Al Holland;0,992
Bill Campbell;4;Jeff Russell;0,9857
Bill Campbell;5;Rawly Eastwick;0,9857
Rick Camp;1;Mike Witt;1,0
Rick Camp;2;Jesse Orosco;1,0
Rick Camp;3;Tommy Greene;0,9606
Rick Camp;4;Bob Stanley;0,9606
Rick Camp;5;Mike Moore;0,9606
Jeimer Candelario;1;Kevin Young;1,0
Jeimer Candelario;2;Yonder Alonso;1,0
Jeimer Candelario;3;Oscar Zamora;1,0
Jeimer Candelario;4;Gary Alexander;1,0
Jeimer Candelario;5;Mike Young;1,0
John Candelaria;1;Jerry Reuss;1,0
John Candelaria;2;Bob Knepper;0,973
John Candelaria;3;Mike Caldwell;0,964
John Candelaria;4;Joaquin Andujar;0,9618
John Candelaria;5;Gorman Thomas;0,9438
Tom Candiotti;1;Carlos Martinez;1,0
Tom Candiotti;2;Todd Zeile;1,0
Tom Candiotti;3;Ray Durham;1,0
Tom Candiotti;4;Adam Eaton;1,0
Tom Candiotti;5;David Segui;1,0
Mark Canha;1;Kevin Young;1,0
Mark Canha;2;Yonder Alonso;1,0
Mark Canha;3;Oscar Zamora;1,0
Mark Canha;4;Gary Alexander;1,0
Mark Canha;5;Mike Young;1,0
Griffin Canning;1;Ruben Amaro;1,0
Griffin Canning;2;Masyn Winn;1,0
Griffin Canning;3;Charlie Neal;1,0
Griffin Canning;4;Randy Hundley;1,0
Griffin Canning;5;Mark Grudzielanek;1,0
Robinson Cano;1;Troy Tulowitzki;0,9182
Robinson Cano;2;Scott Podsednik;0,7334
Robinson Cano;3;J. A. Happ;0,7182
Robinson Cano;4;Jose Abreu;0,688
Robinson Cano;5;Jose Fernandez;0,6641
Jose Canseco;1;Dick Allen;0,7629
Jose Canseco;2;Darryl Strawberry;0,7518
Jose Canseco;3;Tony Oliva;0,6839
Jose Canseco;4;Mike Piazza;0,6752
Jose Canseco;5;Chuck Knoblauch;0,6724
Jorge Cantu;1;Kevin Young;1,0
Jorge Cantu;2;Yonder Alonso;1,0
Jorge Cantu;3;Oscar Zamora;1,0
Jorge Cantu;4;Gary Alexander;1,0
Jorge Cantu;5;Mike Young;1,0
Ben Cantwell;1;Eddie Ainsmith;1,0
Ben Cantwell;2;Dode Paskert;1,0
Ben Cantwell;3;Marv Owen;1,0
Ben Cantwell;4;Jesse Barnes;1,0
Ben Cantwell;5;Dick Newsome;1,0
Matt Capps;1;Shane Greene;1,0
Matt Capps;2;B. J. Ryan;1,0
Matt Capps;3;Matt Barnes;1,0
Matt Capps;4;Takashi Saito;1,0
Matt Capps;5;Kyle Barraclough;1,0
Buzz Capra;1;Dan Meyer;1,0
Buzz Capra;2;Cory Snyder;1,0
Buzz Capra;3;Brook Jacoby;1,0
Buzz Capra;4;Bo Diaz;1,0
Buzz Capra;5;Kal Daniels;1,0
Chris Capuano;1;Kevin Young;1,0
Chris Capuano;2;Yonder Alonso;1,0
Chris Capuano;3;Oscar Zamora;1,0
Chris Capuano;4;Gary Alexander;1,0
Chris Capuano;5;Mike Young;1,0
Bernie Carbo;1;Larry Herndon;1,0
Bernie Carbo;2;Jason Kendall;1,0
Bernie Carbo;3;Mark Quinn;0,9956
Bernie Carbo;4;Dave Rader;0,9956
Bernie Carbo;5;Roy Foster;0,9956
Leo Cardenas;1;Frank Bolling;1,0
Leo Cardenas;2;Bud Harrelson;1,0
Leo Cardenas;3;Aaron Rowand;1,0
Leo Cardenas;4;Norm Siebern;1,0
Leo Cardenas;5;Frank Lary;1,0
Rod Carew;1;Carlton Fisk;0,8119
Rod Carew;2;Joe Torre;0,7376
Rod Carew;3;Johnny Bench;0,7044
Rod Carew;4;Yogi Berra;0,7044
Rod Carew;5;George Brett;0,6955
Max Carey;1;Rudy York;1,0
Max Carey;2;Harry Brecheen;1,0
Max Carey;3;Snuffy Stirnweiss;1,0
Max Carey;4;Heinie Manush;1,0
Max Carey;5;Andy Pafko;1,0
Hal Carlson;1;Eddie Ainsmith;1,0
Hal Carlson;2;Dode Paskert;1,0
Hal Carlson;3;Marv Owen;1,0
Hal Carlson;4;Jesse Barnes;1,0
Hal Carlson;5;Dick Newsome;1,0
Steve Carlton;1;Jim Palmer;0,9203
Steve Carlton;2;Pedro Martinez;0,9072
Steve Carlton;3;Jack McDowell;0,9042
Steve Carlton;4;Catfish Hunter;0,884
Steve Carlton;5;Bob Welch;0,884
Roberto Hernandez;1;Wilson Alvarez;1,0
Roberto Hernandez;2;Ken Forsch;1,0
Roberto Hernandez;3;Bowden Francis;1,0
Roberto Hernandez;4;Bobby Witt;1,0
Roberto Hernandez;5;Ricky Romero;1,0
Chris Carpenter;1;Zack Greinke;0,6856
Chris Carpenter;2;Johan Santana;0,6381
Chris Carpenter;3;Mike Lieberthal;0,6354
Chris Carpenter;4;Adam Dunn;0,6345
Chris Carpenter;5;Chris Young;0,6322
Chris Carpenter;1;Jonny Venters;1,0
Chris Carpenter;2;Chris Young;1,0
Chris Carpenter;3;Garrett Crochet;0,9077
Chris Carpenter;4;Jim Johnson;0,8747
Chris Carpenter;5;Anthony Rendon;0,7767
Matt Carpenter;1;Jay Bruce;0,9659
Matt Carpenter;2;Lloyd Moseby;0,9436
Matt Carpenter;3;Von Hayes;0,9331
Matt Carpenter;4;Bill Buckner;0,9331
Matt Carpenter;5;Charlie Blackmon;0,9199
Mike Carp;1;Francisco Alvarez;1,0
Mike Carp;2;Brett Anderson;1,0
Mike Carp;3;Damon Hollins;1,0
Mike Carp;4;Spencer Arrighetti;1,0
Mike Carp;5;Brian Barden;1,0
Carlos Carrasco;1;Mike Moustakas;0,8426
Carlos Carrasco;2;Trey Mancini;0,8416
Carlos Carrasco;3;Dmitri Young;0,8385
Carlos Carrasco;4;Matt Harvey;0,8361
Carlos Carrasco;5;Aaron Hill;0,8299
Bill Carrigan;1;Tommy Leach;1,0
Bill Carrigan;2;Charlie Keller;1,0
Bill Carrigan;3;Ray Kremer;1,0
Bill Carrigan;4;Elmer Riddle;1,0
Bill Carrigan;5;Ken Keltner;1,0
Clay Carroll;1;Ken Sanders;1,0
Clay Carroll;2;Roy Face;1,0
Clay Carroll;3;Mike Fornieles;1,0
Clay Carroll;4;Eddie Fisher;1,0
Clay Carroll;5;Minnie Rojas;1,0
Corbin Carroll;1;Julio Rodriguez;0,9696
Corbin Carroll;2;Gunnar Henderson;0,8735
Corbin Carroll;3;Wil Myers;0,864
Corbin Carroll;4;Jonathan India;0,8615
Corbin Carroll;5;Bobby Crosby;0,8575
Chris Carter;1;Kevin Young;1,0
Chris Carter;2;Yonder Alonso;1,0
Chris Carter;3;Oscar Zamora;1,0
Chris Carter;4;Gary Alexander;1,0
Chris Carter;5;Mike Young;1,0
Gary Carter;1;Garret Anderson;0,8306
Gary Carter;2;Tim Raines;0,7932
Gary Carter;3;Dave Concepcion;0,7781
Gary Carter;4;Fred McGriff;0,7634
Gary Carter;5;Julio Franco;0,7485
Joe Carter;1;Al Oliver;0,9875
Joe Carter;2;Magglio Ordonez;0,9838
Joe Carter;3;Charlie Blackmon;0,9823
Joe Carter;4;Jack Clark;0,9606
Joe Carter;5;Lloyd Moseby;0,9561
Rico Carty;1;Kevin Young;1,0
Rico Carty;2;Yonder Alonso;1,0
Rico Carty;3;Oscar Zamora;1,0
Rico Carty;4;Gary Alexander;1,0
Rico Carty;5;Mike Young;1,0
Paul Casanova;1;Felipe Alou;1,0
Paul Casanova;2;Matty Alou;1,0
Paul Casanova;3;Bobby Avila;1,0
Paul Casanova;4;Tony Bernazard;1,0
Paul Casanova;5;Smoky Burgess;1,0
Triston Casas;1;Francisco Alvarez;1,0
Triston Casas;2;Brett Anderson;1,0
Triston Casas;3;Damon Hollins;1,0
Triston Casas;4;Spencer Arrighetti;1,0
Triston Casas;5;Brian Barden;1,0
Sean Casey;1;Mike Morse;0,918
Sean Casey;2;Jason Michaels;0,918
Sean Casey;3;Mark Grace;0,8506
Sean Casey;4;Roy Oswalt;0,7807
Sean Casey;5;Todd Helton;0,7372
Dave Cash;1;Carlos Martinez;1,0
Dave Cash;2;Todd Zeile;1,0
Dave Cash;3;Ray Durham;1,0
Dave Cash;4;Adam Eaton;1,0
Dave Cash;5;David Segui;1,0
Andrew Cashner;1;Kevin Young;1,0
Andrew Cashner;2;Yonder Alonso;1,0
Andrew Cashner;3;Oscar Zamora;1,0
Andrew Cashner;4;Gary Alexander;1,0
Andrew Cashner;5;Mike Young;1,0
Norm Cash;1;Gorman Thomas;0,975
Norm Cash;2;Ron Gant;0,9731
Norm Cash;3;Jim Wynn;0,9709
Norm Cash;4;Clyde Wright;0,965
Norm Cash;5;Gil Meche;0,965
Nick Castellanos;1;Teoscar Hernandez;0,9657
Nick Castellanos;2;Junior Caminero;0,9632
Nick Castellanos;3;Bo Bichette;0,9632
Nick Castellanos;4;Ozzie Albies;0,9526
Nick Castellanos;5;Julio Urias;0,9504
John Castino;1;Jim Lefebvre;1,0
John Castino;2;Gregg Olson;1,0
John Castino;3;Sam Jethroe;1,0
John Castino;4;Drake Baldwin;1,0
John Castino;5;Lou Piniella;1,0
Jose Castillo;1;Kevin Young;1,0
Jose Castillo;2;Yonder Alonso;1,0
Jose Castillo;3;Oscar Zamora;1,0
Jose Castillo;4;Gary Alexander;1,0
Jose Castillo;5;Mike Young;1,0
Luis Castillo;1;Orlando Hudson;0,9883
Luis Castillo;2;Ian Happ;0,9883
Luis Castillo;3;Mike Matheny;0,9701
Luis Castillo;4;Mickey Stanley;0,9701
Luis Castillo;5;Charles Johnson;0,9701
Luis Castillo;1;Wandy Rodriguez;1,0
Luis Castillo;2;Andy Hawkins;1,0
Luis Castillo;3;Rick Helling;1,0
Luis Castillo;4;Ken Hill;1,0
Luis Castillo;5;Erik Hanson;1,0
Vinny Castilla;1;Mickey Tettleton;0,9899
Vinny Castilla;2;George Hendrick;0,9841
Vinny Castilla;3;Carlos Baerga;0,9559
Vinny Castilla;4;Wade Boggs;0,9206
Vinny Castilla;5;Carlos Lee;0,9
Jason Castro;1;Carlos Martinez;1,0
Jason Castro;2;Todd Zeile;1,0
Jason Castro;3;Ray Durham;1,0
Jason Castro;4;Adam Eaton;1,0
Jason Castro;5;David Segui;1,0
Starlin Castro;1;Carlos Martinez;1,0
Starlin Castro;2;Todd Zeile;1,0
Starlin Castro;3;Ray Durham;1,0
Starlin Castro;4;Adam Eaton;1,0
Starlin Castro;5;David Segui;1,0
Frank Catalanotto;1;Carlos Martinez;1,0
Frank Catalanotto;2;Todd Zeile;1,0
Frank Catalanotto;3;Ray Durham;1,0
Frank Catalanotto;4;Adam Eaton;1,0
Frank Catalanotto;5;David Segui;1,0
Phil Cavarretta;1;Jim Bottomley;0,9894
Phil Cavarretta;2;George Burns;0,9894
Phil Cavarretta;3;Bob O'Farrell;0,9894
Phil Cavarretta;4;Frank Schulte;0,9703
Phil Cavarretta;5;Roger Peckinpaugh;0,9703
Dylan Cease;1;Sonny Gray;0,9857
Dylan Cease;2;Jack Flaherty;0,9779
Dylan Cease;3;Nathan Eovaldi;0,9779
Dylan Cease;4;Freddy Peralta;0,9779
Dylan Cease;5;Hunter Brown;0,9633
Andujar Cedeno;1;Kevin Young;1,0
Andujar Cedeno;2;Yonder Alonso;1,0
Andujar Cedeno;3;Oscar Zamora;1,0
Andujar Cedeno;4;Gary Alexander;1,0
Andujar Cedeno;5;Mike Young;1,0
Cesar Cedeno;1;Bill Freehan;0,9248
Cesar Cedeno;2;Joe Rudi;0,9203
Cesar Cedeno;3;Del Crandall;0,9017
Cesar Cedeno;4;Bobby Grich;0,9007
Cesar Cedeno;5;Jim Sundberg;0,869
Orlando Cepeda;1;Jackie Robinson;0,7723
Orlando Cepeda;2;Billy Williams;0,769
Orlando Cepeda;3;Frank Howard;0,738
Orlando Cepeda;4;Albie Pearson;0,7063
Orlando Cepeda;5;Tony Kubek;0,7063
Rick Cerone;1;Felipe Alou;1,0
Rick Cerone;2;Matty Alou;1,0
Rick Cerone;3;Bobby Avila;1,0
Rick Cerone;4;Tony Bernazard;1,0
Rick Cerone;5;Smoky Burgess;1,0
Yoenis Cespedes;1;Luis Robert;0,9797
Yoenis Cespedes;2;Pedro Alvarez;0,9192
Yoenis Cespedes;3;Daniel Hudson;0,9121
Yoenis Cespedes;4;Eloy Jimenez;0,9121
Yoenis Cespedes;5;Gary Sanchez;0,8817
Ron Cey;1;Gene Tenace;0,7828
Ron Cey;2;Scott Brosius;0,7682
Ron Cey;3;Troy Glaus;0,7655
Ron Cey;4;Bucky Dent;0,7653
Ron Cey;5;Rick Dempsey;0,7528
Gustavo Chacin;1;Khalil Greene;1,0
Gustavo Chacin;2;James Outman;1,0
Gustavo Chacin;3;Brennan Boesch;1,0
Gustavo Chacin;4;Josh Phelps;1,0
Gustavo Chacin;5;Joe Blanton;1,0
Shawn Chacon;1;Wilson Alvarez;1,0
Shawn Chacon;2;Ken Forsch;1,0
Shawn Chacon;3;Bowden Francis;1,0
Shawn Chacon;4;Bobby Witt;1,0
Shawn Chacon;5;Ricky Romero;1,0
Chris Chambliss;1;Al Bumbry;0,9926
Chris Chambliss;2;Joe Charboneau;0,9899
Chris Chambliss;3;Alvin Davis;0,9869
Chris Chambliss;4;Vince Coleman;0,9869
Chris Chambliss;5;Tommy Helms;0,9838
Wes Chamberlain;1;Kevin Young;1,0
Wes Chamberlain;2;Yonder Alonso;1,0
Wes Chamberlain;3;Oscar Zamora;1,0
Wes Chamberlain;4;Gary Alexander;1,0
Wes Chamberlain;5;Mike Young;1,0
Dean Chance;1;Mike McCormick;1,0
Dean Chance;2;John Denny;0,9751
Dean Chance;3;Fergie Jenkins;0,9564
Dean Chance;4;Randy Jones;0,863
Dean Chance;5;Norm Cash;0,7148
Frank Chance;1;Ivey Wingo;1,0
Frank Chance;2;Dutch Leonard;1,0
Frank Chance;3;Hank Leiber;1,0
Frank Chance;4;Ernie White;1,0
Frank Chance;5;Red Lucas;1,0
Spud Chandler;1;Carl Hubbell;0,941
Spud Chandler;2;Marty Marion;0,8819
Spud Chandler;3;Hank Greenberg;0,8674
Spud Chandler;4;Frank McCormick;0,8661
Spud Chandler;5;Dolph Camilli;0,8645
Aroldis Chapman;1;J. J. Putz;0,9242
Aroldis Chapman;2;Edwin Diaz;0,8797
Aroldis Chapman;3;Josh Hader;0,8181
Aroldis Chapman;4;Camilo Doval;0,8162
Aroldis Chapman;5;David Bednar;0,7913
Matt Chapman;1;Kevin Kiermaier;0,9717
Matt Chapman;2;Nolan Arenado;0,9696
Matt Chapman;3;Jose Trevino;0,9591
Matt Chapman;4;Alex Gordon;0,8544
Matt Chapman;5;Fernando Tatis;0,8348
Ray Chapman;1;Tommy Leach;1,0
Ray Chapman;2;Charlie Keller;1,0
Ray Chapman;3;Ray Kremer;1,0
Ray Chapman;4;Elmer Riddle;1,0
Ray Chapman;5;Ken Keltner;1,0
Joe Charboneau;1;Alvin Davis;0,997
Joe Charboneau;2;Vince Coleman;0,997
Joe Charboneau;3;Al Bumbry;0,9913
Joe Charboneau;4;Chris Chambliss;0,9899
Joe Charboneau;5;Curt Blefary;0,988
Norm Charlton;1;Wandy Rodriguez;1,0
Norm Charlton;2;Andy Hawkins;1,0
Norm Charlton;3;Rick Helling;1,0
Norm Charlton;4;Ken Hill;1,0
Norm Charlton;5;Erik Hanson;1,0
Hal Chase;1;Jimmy Archer;1,0
Hal Chase;2;Steve O'Neill;1,0
Hal Chase;3;Dave Bancroft;0,999
Hal Chase;4;Ed Walsh;0,999
Hal Chase;5;Heinie Groh;0,999
Endy Chavez;1;Allen Craig;0,9888
Endy Chavez;2;Joe Panik;0,988
Endy Chavez;3;Chase Utley;0,9412
Endy Chavez;4;J. D. Drew;0,9293
Endy Chavez;5;Raul Ibanez;0,9001
Eric Chavez;1;Robin Ventura;0,9527
Eric Chavez;2;Dwight Evans;0,9311
Eric Chavez;3;Mike Mussina;0,9249
Eric Chavez;4;Bob Boone;0,9198
Eric Chavez;5;George Scott;0,9185
Michael Chavis;1;Francisco Alvarez;1,0
Michael Chavis;2;Brett Anderson;1,0
Michael Chavis;3;Damon Hollins;1,0
Michael Chavis;4;Spencer Arrighetti;1,0
Michael Chavis;5;Brian Barden;1,0
Jazz Chisholm;1;Edgardo Alfonzo;1,0
Jazz Chisholm;2;Eric Young;1,0
Jazz Chisholm;3;Donovan Solano;1,0
Jazz Chisholm;4;Matt Nokes;1,0
Jazz Chisholm;5;Cedric Mullins;1,0
Hee-Seop Choi;1;Francisco Alvarez;1,0
Hee-Seop Choi;2;Brett Anderson;1,0
Hee-Seop Choi;3;Damon Hollins;1,0
Hee-Seop Choi;4;Spencer Arrighetti;1,0
Hee-Seop Choi;5;Brian Barden;1,0
Shin-Soo Choo;1;Felix Jose;1,0
Shin-Soo Choo;2;Jason Kipnis;0,9792
Shin-Soo Choo;3;Travis Hafner;0,9792
Shin-Soo Choo;4;Jayson Werth;0,9792
Shin-Soo Choo;5;Larry Parrish;0,9171
Larry Christenson;1;Wilson Alvarez;1,0
Larry Christenson;2;Ken Forsch;1,0
Larry Christenson;3;Bowden Francis;1,0
Larry Christenson;4;Bobby Witt;1,0
Larry Christenson;5;Ricky Romero;1,0
Ryan Church;1;Francisco Alvarez;1,0
Ryan Church;2;Brett Anderson;1,0
Ryan Church;3;Damon Hollins;1,0
Ryan Church;4;Spencer Arrighetti;1,0
Ryan Church;5;Brian Barden;1,0
Eddie Cicotte;1;Ivey Wingo;1,0
Eddie Cicotte;2;Dutch Leonard;1,0
Eddie Cicotte;3;Hank Leiber;1,0
Eddie Cicotte;4;Ernie White;1,0
Eddie Cicotte;5;Red Lucas;1,0
Jeff Cirillo;1;Carlos Martinez;1,0
Jeff Cirillo;2;Todd Zeile;1,0
Jeff Cirillo;3;Ray Durham;1,0
Jeff Cirillo;4;Adam Eaton;1,0
Jeff Cirillo;5;David Segui;1,0
Steve Cishek;1;Carlos Martinez;1,0
Steve Cishek;2;Todd Zeile;1,0
Steve Cishek;3;Ray Durham;1,0
Steve Cishek;4;Adam Eaton;1,0
Steve Cishek;5;David Segui;1,0
Jim Clancy;1;Tommy Greene;1,0
Jim Clancy;2;Noah Lowry;1,0
Jim Clancy;3;Lucas Giolito;1,0
Jim Clancy;4;Mike Moore;1,0
Jim Clancy;5;Bob Stanley;1,0
Fred Clarke;1;Tommy Bridges;1,0
Fred Clarke;2;Vern Stephens;0,9975
Fred Clarke;3;Rabbit Maranville;0,9975
Fred Clarke;4;Nap Rucker;0,9975
Fred Clarke;5;Home Run Baker;0,9975
Jack Clark;1;Magglio Ordonez;0,9827
Jack Clark;2;Al Oliver;0,9735
Jack Clark;3;Joe Carter;0,9606
Jack Clark;4;Lloyd Moseby;0,9371
Jack Clark;5;Charlie Blackmon;0,9297
John Clarkson;1;Guy Hecker;1,0
John Clarkson;2;Amos Rusie;1,0
John Clarkson;3;Tim Keefe;1,0
John Clarkson;4;Tommy Bond;1,0
John Clarkson;5;Old Hoss Radbourn;1,0
Mark Clark;1;Kevin Young;1,0
Mark Clark;2;Yonder Alonso;1,0
Mark Clark;3;Oscar Zamora;1,0
Mark Clark;4;Gary Alexander;1,0
Mark Clark;5;Mike Young;1,0
Tony Clark;1;Bill Doran;1,0
Tony Clark;2;Craig Wilson;1,0
Tony Clark;3;Vinnie Pasquantino;1,0
Tony Clark;4;Luke Scott;1,0
Tony Clark;5;Johnny Cueto;1,0
Watson Clark;1;Eddie Ainsmith;1,0
Watson Clark;2;Dode Paskert;1,0
Watson Clark;3;Marv Owen;1,0
Watson Clark;4;Jesse Barnes;1,0
Watson Clark;5;Dick Newsome;1,0
Will Clark;1;Dusty Baker;0,9182
Will Clark;2;Matt Holliday;0,8866
Will Clark;3;Daniel Murphy;0,7875
Will Clark;4;Manny Trillo;0,7837
Will Clark;5;Eddie Rosario;0,753
Emmanuel Clase;1;Ryan Helsley;0,9622
Emmanuel Clase;2;Felix Bautista;0,9613
Emmanuel Clase;3;Edwin Diaz;0,9471
Emmanuel Clase;4;Josh Hader;0,9459
Emmanuel Clase;5;Raisel Iglesias;0,9228
Mark Clear;1;Kevin Appier;1,0
Mark Clear;2;Bill Gullickson;1,0
Mark Clear;3;Cal Eldred;0,9817
Mark Clear;4;Tim Belcher;0,9797
Mark Clear;5;Juan Guzman;0,9755
Matt Clement;1;Carlos Martinez;1,0
Matt Clement;2;Todd Zeile;1,0
Matt Clement;3;Ray Durham;1,0
Matt Clement;4;Adam Eaton;1,0
Matt Clement;5;David Segui;1,0
Roberto Clemente;1;Bob Gibson;0,7064
Roberto Clemente;2;Keith Hernandez;0,699
Roberto Clemente;3;Reggie Jackson;0,6571
Roberto Clemente;4;Bill Mazeroski;0,6564
Roberto Clemente;5;Scott Brosius;0,6539
Roger Clemens;1;Jake Peavy;0,8782
Roger Clemens;2;Bartolo Colon;0,8445
Roger Clemens;3;Felix Hernandez;0,8436
Roger Clemens;4;Pat Hentgen;0,8163
Roger Clemens;5;Greg Maddux;0,8161
Donn Clendenon;1;Pat Borders;1,0
Donn Clendenon;2;Steve Yeager;1,0
Donn Clendenon;3;Jorge Soler;0,9957
Donn Clendenon;4;Steve Pearce;0,9957
Donn Clendenon;5;Ben Zobrist;0,9614
Reggie Cleveland;1;Jim Nash;1,0
Reggie Cleveland;2;Mike Nagy;1,0
Reggie Cleveland;3;Rolando Arrojo;1,0
Reggie Cleveland;4;Craig McMurtry;1,0
Reggie Cleveland;5;Marcelino Lopez;1,0
Mike Clevinger;1;Wandy Rodriguez;1,0
Mike Clevinger;2;Andy Hawkins;1,0
Mike Clevinger;3;Rick Helling;1,0
Mike Clevinger;4;Ken Hill;1,0
Mike Clevinger;5;Erik Hanson;1,0
Harlond Clift;1;Ivey Wingo;1,0
Harlond Clift;2;Dutch Leonard;1,0
Harlond Clift;3;Hank Leiber;1,0
Harlond Clift;4;Ernie White;1,0
Harlond Clift;5;Red Lucas;1,0
Tyler Clippard;1;Shane Greene;1,0
Tyler Clippard;2;B. J. Ryan;1,0
Tyler Clippard;3;Matt Barnes;1,0
Tyler Clippard;4;Takashi Saito;1,0
Tyler Clippard;5;Kyle Barraclough;1,0
Alex Cobb;1;Kevin Young;1,0
Alex Cobb;2;Yonder Alonso;1,0
Alex Cobb;3;Oscar Zamora;1,0
Alex Cobb;4;Gary Alexander;1,0
Alex Cobb;5;Mike Young;1,0
Ty Cobb;1;Rogers Hornsby;0,8554
Ty Cobb;2;Joe Medwick;0,7892
Ty Cobb;3;Eddie Collins;0,7711
Ty Cobb;4;Tris Speaker;0,7706
Ty Cobb;5;George Sisler;0,7531
Mickey Cochrane;1;Paul Waner;0,9862
Mickey Cochrane;2;Frankie Frisch;0,9535
Mickey Cochrane;3;Gabby Hartnett;0,9482
Mickey Cochrane;4;Babe Ruth;0,9423
Mickey Cochrane;5;Bob Elliott;0,9137
Chris Coghlan;1;Neftali Feliz;1,0
Chris Coghlan;2;Andrew Bailey;0,9936
Chris Coghlan;3;Luis Gil;0,9669
Chris Coghlan;4;Jeremy Hellickson;0,9577
Chris Coghlan;5;Ted Sizemore;0,8416
Chris Colabello;1;Kevin Young;1,0
Chris Colabello;2;Yonder Alonso;1,0
Chris Colabello;3;Oscar Zamora;1,0
Chris Colabello;4;Gary Alexander;1,0
Chris Colabello;5;Mike Young;1,0
Rocky Colavito;1;Felipe Alou;1,0
Rocky Colavito;2;Matty Alou;1,0
Rocky Colavito;3;Bobby Avila;1,0
Rocky Colavito;4;Tony Bernazard;1,0
Rocky Colavito;5;Smoky Burgess;1,0
Jim Colborn;1;Kevin Young;1,0
Jim Colborn;2;Yonder Alonso;1,0
Jim Colborn;3;Oscar Zamora;1,0
Jim Colborn;4;Gary Alexander;1,0
Jim Colborn;5;Mike Young;1,0
Alex Cole;1;Kevin Young;1,0
Alex Cole;2;Yonder Alonso;1,0
Alex Cole;3;Oscar Zamora;1,0
Alex Cole;4;Gary Alexander;1,0
Alex Cole;5;Mike Young;1,0
Gerrit Cole;1;Max Scherzer;0,8311
Gerrit Cole;2;Sandy Alcantara;0,7855
Gerrit Cole;3;Blake Snell;0,7153
Gerrit Cole;4;Corbin Burnes;0,6713
Gerrit Cole;5;Robbie Ray;0,6544
King Cole;1;Eddie Ainsmith;1,0
King Cole;2;Dode Paskert;1,0
King Cole;3;Marv Owen;1,0
King Cole;4;Jesse Barnes;1,0
King Cole;5;Dick Newsome;1,0
Jerry Coleman;1;Dick Green;1,0
Jerry Coleman;2;Al Weis;1,0
Jerry Coleman;3;Dusty Rhodes;1,0
Jerry Coleman;4;Billy Martin;1,0
Jerry Coleman;5;Billy Hatcher;0,9955
Vince Coleman;1;Alvin Davis;1,0
Vince Coleman;2;Earl Williams;0,997
Vince Coleman;3;Pat Listach;0,997
Vince Coleman;4;Walt Weiss;0,997
Vince Coleman;5;Jerome Walton;0,997
Dave Collins;1;Bill Doran;1,0
Dave Collins;2;Craig Wilson;1,0
Dave Collins;3;Vinnie Pasquantino;1,0
Dave Collins;4;Luke Scott;1,0
Dave Collins;5;Johnny Cueto;1,0
Eddie Collins;1;Tris Speaker;0,9999
Eddie Collins;2;George Sisler;0,9824
Eddie Collins;3;Edd Roush;0,9659
Eddie Collins;4;Jake Daubert;0,9608
Eddie Collins;5;Honus Wagner;0,9594
Isaac Collins;1;Kevin Young;1,0
Isaac Collins;2;Yonder Alonso;1,0
Isaac Collins;3;Oscar Zamora;1,0
Isaac Collins;4;Gary Alexander;1,0
Isaac Collins;5;Mike Young;1,0
Alex Colome;1;Shane Greene;1,0
Alex Colome;2;B. J. Ryan;1,0
Alex Colome;3;Matt Barnes;1,0
Alex Colome;4;Takashi Saito;1,0
Alex Colome;5;Kyle Barraclough;1,0
Bartolo Colon;1;Felix Hernandez;0,9797
Bartolo Colon;2;Pat Hentgen;0,9129
Bartolo Colon;3;Blake Snell;0,8962
Bartolo Colon;4;Max Scherzer;0,8694
Bartolo Colon;5;Greg Maddux;0,8532
Earle Combs;1;Eddie Ainsmith;1,0
Earle Combs;2;Dode Paskert;1,0
Earle Combs;3;Marv Owen;1,0
Earle Combs;4;Jesse Barnes;1,0
Earle Combs;5;Dick Newsome;1,0
Dave Concepcion;1;Carl Crawford;0,8383
Dave Concepcion;2;Fred McGriff;0,8196
Dave Concepcion;3;Juan Marichal;0,8175
Dave Concepcion;4;Julio Franco;0,8082
Dave Concepcion;5;Bill Madlock;0,8038
David Cone;1;Jim Abbott;0,7845
David Cone;2;Carney Lansford;0,7828
David Cone;3;Dave Dravecky;0,7799
David Cone;4;Dennis Leonard;0,7799
David Cone;5;Mark Teahen;0,7799
Michael Conforto;1;Bryan Woo;1,0
Michael Conforto;2;Charlie Morton;1,0
Michael Conforto;3;Jordan Montgomery;1,0
Michael Conforto;4;Yasmani Grandal;1,0
Michael Conforto;5;Kyle Bradish;1,0
Tony Conigliaro;1;Bobby Tolan;0,9959
Tony Conigliaro;2;John Hiller;0,908
Tony Conigliaro;3;Ron Oester;0,8359
Tony Conigliaro;4;Gary Nolan;0,8359
Tony Conigliaro;5;Bill Wegman;0,8359
Jeff Conine;1;Terry Steinbach;0,9773
Jeff Conine;2;Elias Diaz;0,9773
Jeff Conine;3;Johnny Callison;0,9773
Jeff Conine;4;Ken Griffey;0,9737
Jeff Conine;5;Leon Wagner;0,9698
Jose Contreras;1;Rick Honeycutt;1,0
Jose Contreras;2;Sid Fernandez;1,0
Jose Contreras;3;Dan Haren;1,0
Jose Contreras;4;Mark Gubicza;1,0
Jose Contreras;5;Charlie Leibrandt;1,0
Willson Contreras;1;Kevin Young;1,0
Willson Contreras;2;Yonder Alonso;1,0
Willson Contreras;3;Oscar Zamora;1,0
Willson Contreras;4;Gary Alexander;1,0
Willson Contreras;5;Mike Young;1,0
William Contreras;1;Adley Rutschman;0,9407
William Contreras;2;Xander Bogaerts;0,8623
William Contreras;3;DJ LeMahieu;0,8617
William Contreras;4;Austin Riley;0,8377
William Contreras;5;J. T. Realmuto;0,837
Jack Coombs;1;Tommy Leach;1,0
Jack Coombs;2;Charlie Keller;1,0
Jack Coombs;3;Ray Kremer;1,0
Jack Coombs;4;Elmer Riddle;1,0
Jack Coombs;5;Ken Keltner;1,0
Cecil Cooper;1;Ken Singleton;0,8055
Cecil Cooper;2;Harold Reynolds;0,7111
Cecil Cooper;3;Ron Guidry;0,6945
Cecil Cooper;4;Barry Larkin;0,6928
Cecil Cooper;5;Andrew McCutchen;0,6906
Mort Cooper;1;Dizzy Dean;0,9888
Mort Cooper;2;Hank Greenberg;0,9737
Mort Cooper;3;Frank McCormick;0,9694
Mort Cooper;4;Dolph Camilli;0,9581
Mort Cooper;5;Carl Hubbell;0,9572
Walker Cooper;1;Stan Hack;1,0
Walker Cooper;2;Red Rolfe;0,9886
Walker Cooper;3;Dave Ferriss;0,9657
Walker Cooper;4;Pinky Higgins;0,9657
Walker Cooper;5;Dick Wakefield;0,9657
Wilbur Cooper;1;Heinie Zimmerman;1,0
Wilbur Cooper;2;Ross Youngs;1,0
Wilbur Cooper;3;Stuffy McInnis;1,0
Wilbur Cooper;4;Roger Bresnahan;1,0
Wilbur Cooper;5;Sam Crawford;1,0
Joey Cora;1;Kevin Young;1,0
Joey Cora;2;Yonder Alonso;1,0
Joey Cora;3;Oscar Zamora;1,0
Joey Cora;4;Gary Alexander;1,0
Joey Cora;5;Mike Young;1,0
Patrick Corbin;1;Don Aase;1,0
Patrick Corbin;2;Scott McGregor;1,0
Patrick Corbin;3;Charlie Lea;1,0
Patrick Corbin;4;Frankie Montas;1,0
Patrick Corbin;5;Kent Mercker;1,0
Chad Cordero;1;Kenley Jansen;0,9447
Chad Cordero;2;Zack Britton;0,9431
Chad Cordero;3;Billy Koch;0,9383
Chad Cordero;4;Armando Benitez;0,9383
Chad Cordero;5;Heath Bell;0,931
Francisco Cordero;1;Shane Greene;1,0
Francisco Cordero;2;B. J. Ryan;1,0
Francisco Cordero;3;Matt Barnes;1,0
Francisco Cordero;4;Takashi Saito;1,0
Francisco Cordero;5;Kyle Barraclough;1,0
Wil Cordero;1;Alex Avila;1,0
Wil Cordero;2;Jose Vidro;1,0
Wil Cordero;3;Neil Walker;1,0
Wil Cordero;4;Travis d'Arnaud;1,0
Wil Cordero;5;Anthony Santander;1,0
Francisco Cordova;1;Kevin Young;1,0
Francisco Cordova;2;Yonder Alonso;1,0
Francisco Cordova;3;Oscar Zamora;1,0
Francisco Cordova;4;Gary Alexander;1,0
Francisco Cordova;5;Mike Young;1,0
Marty Cordova;1;Todd Hollandsworth;0,9975
Marty Cordova;2;Angel Berroa;0,9442
Marty Cordova;3;Terrence Long;0,8321
Marty Cordova;4;Kerry Wood;0,7936
Marty Cordova;5;Bob Hamelin;0,7936
Manny Corpas;1;Shane Greene;1,0
Manny Corpas;2;B. J. Ryan;1,0
Manny Corpas;3;Matt Barnes;1,0
Manny Corpas;4;Takashi Saito;1,0
Manny Corpas;5;Kyle Barraclough;1,0
Carlos Correa;1;Gunnar Henderson;0,8514
Carlos Correa;2;Jonathan India;0,8428
Carlos Correa;3;Wil Myers;0,84
Carlos Correa;4;Bobby Crosby;0,8338
Carlos Correa;5;Geovany Soto;0,8119
Neal Cotts;1;Joel Zumaya;1,0
Neal Cotts;2;Joaquin Benoit;1,0
Neal Cotts;3;Sergio Romo;1,0
Neal Cotts;4;David Robertson;1,0
Neal Cotts;5;Brendan Donnelly;1,0
Craig Counsell;1;Marco Scutaro;1,0
Craig Counsell;2;Cody Ross;1,0
Craig Counsell;3;Jeff Suppan;1,0
Craig Counsell;4;Howie Kendrick;1,0
Craig Counsell;5;Sterling Hitchcock;1,0
Clint Courtney;1;Cade Horton;1,0
Clint Courtney;2;Ken Hunt;1,0
Clint Courtney;3;Dick Howser;1,0
Clint Courtney;4;Richie Ashburn;1,0
Clint Courtney;5;Ryne Duren;1,0
Stan Coveleski;1;Tommy Leach;1,0
Stan Coveleski;2;Charlie Keller;1,0
Stan Coveleski;3;Ray Kremer;1,0
Stan Coveleski;4;Elmer Riddle;1,0
Stan Coveleski;5;Ken Keltner;1,0
Al Cowens;1;Juan Lagares;1,0
Al Cowens;2;Jay Buhner;1,0
Al Cowens;3;Bronson Arroyo;1,0
Al Cowens;4;Marcus Stroman;1,0
Al Cowens;5;Harrison Bader;1,0
Joe Cowley;1;Kevin Young;1,0
Joe Cowley;2;Yonder Alonso;1,0
Joe Cowley;3;Oscar Zamora;1,0
Joe Cowley;4;Gary Alexander;1,0
Joe Cowley;5;Mike Young;1,0
Colton Cowser;1;Todd Frazier;1,0
Colton Cowser;2;Ryan Mountcastle;1,0
Colton Cowser;3;Terrence Long;0,9253
Colton Cowser;4;Angel Berroa;0,8477
Colton Cowser;5;Marty Cordova;0,7747
Allen Craig;1;Joe Panik;0,9993
Allen Craig;2;Endy Chavez;0,9888
Allen Craig;3;Chase Utley;0,952
Allen Craig;4;J. D. Drew;0,9399
Allen Craig;5;Raul Ibanez;0,9104
Doc Cramer;1;Dick Bartell;1,0
Doc Cramer;2;Ralph Branca;1,0
Doc Cramer;3;Dom DiMaggio;1,0
Doc Cramer;4;Ray Sanders;1,0
Doc Cramer;5;Mickey Vernon;1,0
Del Crandall;1;Bill Freehan;0,994
Del Crandall;2;Earl Battey;0,9815
Del Crandall;3;Joe Rudi;0,9727
Del Crandall;4;Gene Alley;0,9411
Del Crandall;5;Bobby Grich;0,94
Gavvy Cravath;1;Ivey Wingo;1,0
Gavvy Cravath;2;Dutch Leonard;1,0
Gavvy Cravath;3;Hank Leiber;1,0
Gavvy Cravath;4;Ernie White;1,0
Gavvy Cravath;5;Red Lucas;1,0
Brandon Crawford;1;Gil Hodges;0,9825
Brandon Crawford;2;Wes Parker;0,9755
Brandon Crawford;3;Glenn Davis;0,9161
Brandon Crawford;4;Don Kessinger;0,9127
Brandon Crawford;5;Mike Timlin;0,9085
Carl Crawford;1;Bill Madlock;0,9716
Carl Crawford;2;Ken Griffey;0,9406
Carl Crawford;3;Jeff Conine;0,93
Carl Crawford;4;Johnny Callison;0,9211
Carl Crawford;5;Elias Diaz;0,9211
J. P. Crawford;1;Ruben Amaro;1,0
J. P. Crawford;2;Masyn Winn;1,0
J. P. Crawford;3;Charlie Neal;1,0
J. P. Crawford;4;Randy Hundley;1,0
J. P. Crawford;5;Mark Grudzielanek;1,0
Sam Crawford;1;Heinie Zimmerman;1,0
Sam Crawford;2;Ross Youngs;1,0
Sam Crawford;3;Stuffy McInnis;1,0
Sam Crawford;4;Roger Bresnahan;1,0
Sam Crawford;5;Wilbur Cooper;1,0
Willie Crawford;1;Dan Meyer;1,0
Willie Crawford;2;Claudell Washington;1,0
Willie Crawford;3;Cory Snyder;1,0
Willie Crawford;4;Buzz Capra;1,0
Willie Crawford;5;Bo Diaz;1,0
Joe Crede;1;Rich Aurilia;0,9523
Joe Crede;2;Jeff Blauser;0,9523
Joe Crede;3;Morgan Ensberg;0,9523
Joe Crede;4;Carlos Lee;0,9392
Joe Crede;5;Tino Martinez;0,9355
Frank Crespi;1;Eddie Ainsmith;1,0
Frank Crespi;2;Dode Paskert;1,0
Frank Crespi;3;Marv Owen;1,0
Frank Crespi;4;Jesse Barnes;1,0
Frank Crespi;5;Dick Newsome;1,0
Lou Criger;1;Eddie Ainsmith;1,0
Lou Criger;2;Dode Paskert;1,0
Lou Criger;3;Marv Owen;1,0
Lou Criger;4;Jesse Barnes;1,0
Lou Criger;5;Dick Newsome;1,0
Coco Crisp;1;Kevin Young;1,0
Coco Crisp;2;Yonder Alonso;1,0
Coco Crisp;3;Oscar Zamora;1,0
Coco Crisp;4;Gary Alexander;1,0
Coco Crisp;5;Mike Young;1,0
Garrett Crochet;1;Chris Carpenter;0,9077
Garrett Crochet;2;Jonny Venters;0,9077
Garrett Crochet;3;Chris Young;0,9077
Garrett Crochet;4;Anthony Rendon;0,8417
Garrett Crochet;5;Jim Johnson;0,7938
Warren Cromartie;1;Luke Scott;1,0
Warren Cromartie;2;Craig Wilson;1,0
Warren Cromartie;3;Bill Doran;1,0
Warren Cromartie;4;Johnny Cueto;1,0
Warren Cromartie;5;Vinnie Pasquantino;1,0
C. J. Cron;1;Jeff King;1,0
C. J. Cron;2;Kevin Bass;1,0
C. J. Cron;3;Chris Hoiles;1,0
C. J. Cron;4;Ralph Garr;1,0
C. J. Cron;5;Joe Randa;1,0
Jake Cronenworth;1;Gordon Beckham;0,9982
Jake Cronenworth;2;Austin Jackson;0,9982
Jake Cronenworth;3;Dan Uggla;0,9842
Jake Cronenworth;4;Miguel Andujar;0,9666
Jake Cronenworth;5;Willy Taveras;0,9558
Joe Cronin;1;Al Simmons;0,9848
Joe Cronin;2;Joe Gordon;0,96
Joe Cronin;3;Charlie Gehringer;0,9536
Joe Cronin;4;Dizzy Dean;0,9055
Joe Cronin;5;Arky Vaughan;0,8948
Bobby Crosby;1;Jonathan India;0,9985
Bobby Crosby;2;Wil Myers;0,9929
Bobby Crosby;3;Gunnar Henderson;0,9822
Bobby Crosby;4;Geovany Soto;0,9721
Bobby Crosby;5;Michael Fulmer;0,9648
Pete Crow-Armstrong;1;Jonah Heim;1,0
Pete Crow-Armstrong;2;Bryan Woo;0,9871
Pete Crow-Armstrong;3;Ryan Pressly;0,9871
Pete Crow-Armstrong;4;Yasmani Grandal;0,9871
Pete Crow-Armstrong;5;Dinelson Lamet;0,9871
General Crowder;1;Rudy York;1,0
General Crowder;2;Harry Brecheen;1,0
General Crowder;3;Max Carey;1,0
General Crowder;4;Snuffy Stirnweiss;1,0
General Crowder;5;Heinie Manush;1,0
Jose Cruz;1;Hubie Brooks;0,952
Jose Cruz;2;Justin Upton;0,9414
Jose Cruz;3;Lenny Dykstra;0,9257
Jose Cruz;4;Ben Oglivie;0,9257
Jose Cruz;5;Jack Clark;0,925
Jose Cruz;1;Brett Gardner;1,0
Jose Cruz;2;Carlos Gomez;1,0
Jose Cruz;3;Josh Reddick;1,0
Jose Cruz;4;Rick Manning;0,9498
Jose Cruz;5;Kyle Seager;0,9498
Nelson Cruz;1;Edgar Martinez;0,637
Nelson Cruz;2;Greg Luzinski;0,6368
Nelson Cruz;3;Don Baylor;0,6103
Nelson Cruz;4;Paul Konerko;0,577
Nelson Cruz;5;Jim Thome;0,5582
Todd Cruz;1;Kevin Young;1,0
Todd Cruz;2;Yonder Alonso;1,0
Todd Cruz;3;Oscar Zamora;1,0
Todd Cruz;4;Gary Alexander;1,0
Todd Cruz;5;Mike Young;1,0
Tony Cuccinello;1;Eddie Ainsmith;1,0
Tony Cuccinello;2;Dode Paskert;1,0
Tony Cuccinello;3;Marv Owen;1,0
Tony Cuccinello;4;Jesse Barnes;1,0
Tony Cuccinello;5;Dick Newsome;1,0
Michael Cuddyer;1;Riley Greene;1,0
Michael Cuddyer;2;Hunter Goodman;1,0
Michael Cuddyer;3;Michael Barrett;1,0
Michael Cuddyer;4;Jack Wilson;1,0
Michael Cuddyer;5;A. J. Pierzynski;1,0
Mike Cuellar;1;Jim Perry;0,9615
Mike Cuellar;2;Gaylord Perry;0,905
Mike Cuellar;3;Pete Vuckovich;0,8857
Mike Cuellar;4;Brandon Webb;0,8313
Mike Cuellar;5;Jack McDowell;0,7221
Johnny Cueto;1;Bill Doran;1,0
Johnny Cueto;2;Craig Wilson;1,0
Johnny Cueto;3;Vinnie Pasquantino;1,0
Johnny Cueto;4;Luke Scott;1,0
Johnny Cueto;5;Lyle Overbay;1,0
Roy Cullenbine;1;Ivey Wingo;1,0
Roy Cullenbine;2;Dutch Leonard;1,0
Roy Cullenbine;3;Hank Leiber;1,0
Roy Cullenbine;4;Ernie White;1,0
Roy Cullenbine;5;Red Lucas;1,0
Ray Culp;1;Jim Nash;1,0
Ray Culp;2;Mike Nagy;1,0
Ray Culp;3;Rolando Arrojo;1,0
Ray Culp;4;Craig McMurtry;1,0
Ray Culp;5;Marcelino Lopez;1,0
Jack Cust;1;Adam Eaton;1,0
Jack Cust;2;Colby Rasmus;1,0
Jack Cust;3;Dan Driessen;1,0
Jack Cust;4;Len Barker;1,0
Jack Cust;5;David Segui;1,0
George Cutshaw;1;Eddie Ainsmith;1,0
George Cutshaw;2;Dode Paskert;1,0
George Cutshaw;3;Marv Owen;1,0
George Cutshaw;4;Jesse Barnes;1,0
George Cutshaw;5;Dick Newsome;1,0
Kiki Cuyler;1;Paul Derringer;1,0
Kiki Cuyler;2;Billy Herman;1,0
Kiki Cuyler;3;Lon Warneke;1,0
Kiki Cuyler;4;Wes Ferrell;0,9991
Kiki Cuyler;5;Joe Sewell;0,9986
John D'Acquisto;1;Jim Nash;1,0
John D'Acquisto;2;Mike Nagy;1,0
John D'Acquisto;3;Rolando Arrojo;1,0
John D'Acquisto;4;Craig McMurtry;1,0
John D'Acquisto;5;Marcelino Lopez;1,0
David Dahl;1;Kevin Young;1,0
David Dahl;2;Yonder Alonso;1,0
David Dahl;3;Oscar Zamora;1,0
David Dahl;4;Gary Alexander;1,0
David Dahl;5;Mike Young;1,0
Bobby Dalbec;1;Paul DeJong;1,0
Bobby Dalbec;2;Reed Johnson;1,0
Bobby Dalbec;3;Ryan Drese;1,0
Bobby Dalbec;4;Terrmel Sledge;1,0
Bobby Dalbec;5;Antonio Senzatela;1,0
Jeff D'Amico;1;Wandy Rodriguez;1,0
Jeff D'Amico;2;Andy Hawkins;1,0
Jeff D'Amico;3;Rick Helling;1,0
Jeff D'Amico;4;Ken Hill;1,0
Jeff D'Amico;5;Erik Hanson;1,0
Johnny Damon;1;Allen Craig;0,7192
Johnny Damon;2;Joe Panik;0,7187
Johnny Damon;3;Endy Chavez;0,7111
Johnny Damon;4;Chase Utley;0,7042
Johnny Damon;5;Mike Morse;0,6817
Kal Daniels;1;Dan Meyer;1,0
Kal Daniels;2;Claudell Washington;1,0
Kal Daniels;3;Cory Snyder;1,0
Kal Daniels;4;Buzz Capra;1,0
Kal Daniels;5;Bo Diaz;1,0
Harry Danning;1;Rudy York;1,0
Harry Danning;2;Harry Brecheen;1,0
Harry Danning;3;Max Carey;1,0
Harry Danning;4;Snuffy Stirnweiss;1,0
Harry Danning;5;Heinie Manush;1,0
Al Dark;1;Gil McDougald;0,9981
Al Dark;2;Mike Timlin;0,811
Al Dark;3;Danny Graves;0,811
Al Dark;4;Pee Wee Reese;0,8108
Al Dark;5;Glenn Davis;0,7977
Ron Darling;1;Jose Berrios;1,0
Ron Darling;2;Woody Williams;0,927
Ron Darling;3;Chuck Rainey;0,927
Ron Darling;4;Cody Anderson;0,927
Ron Darling;5;Bobby Jones;0,927
Travis d'Arnaud;1;Alex Avila;1,0
Travis d'Arnaud;2;Jose Vidro;1,0
Travis d'Arnaud;3;Neil Walker;1,0
Travis d'Arnaud;4;Wil Cordero;1,0
Travis d'Arnaud;5;Anthony Santander;1,0
Yu Darvish;1;Alek Manoah;0,9578
Yu Darvish;2;Zac Gallen;0,7799
Yu Darvish;3;Walker Buehler;0,7798
Yu Darvish;4;Austin Riley;0,7491
Yu Darvish;5;Corbin Burnes;0,7324
Danny Darwin;1;Jordan Zimmermann;1,0
Danny Darwin;2;Javier Vazquez;1,0
Danny Darwin;3;Darryl Kile;1,0
Danny Darwin;4;Scott Kazmir;1,0
Danny Darwin;5;Dennis Martinez;0,9845
Brian Daubach;1;Kevin Young;1,0
Brian Daubach;2;Yonder Alonso;1,0
Brian Daubach;3;Oscar Zamora;1,0
Brian Daubach;4;Gary Alexander;1,0
Brian Daubach;5;Mike Young;1,0
Jake Daubert;1;George Sisler;0,9957
Jake Daubert;2;Gabby Hartnett;0,9705
Jake Daubert;3;Frankie Frisch;0,9685
Jake Daubert;4;Tris Speaker;0,9655
Jake Daubert;5;Eddie Collins;0,9608
Darren Daulton;1;John Jaha;0,9881
Darren Daulton;2;Fernando Tatis;0,9881
Darren Daulton;3;Daniel Bard;0,9881
Darren Daulton;4;Mike Lieberthal;0,9822
Darren Daulton;5;Chris Young;0,9756
Vic Davalillo;1;Ruben Amaro;1,0
Vic Davalillo;2;Masyn Winn;1,0
Vic Davalillo;3;Charlie Neal;1,0
Vic Davalillo;4;Randy Hundley;1,0
Vic Davalillo;5;Mark Grudzielanek;1,0
Jim Davenport;1;Ruben Amaro;1,0
Jim Davenport;2;Masyn Winn;1,0
Jim Davenport;3;Charlie Neal;1,0
Jim Davenport;4;Randy Hundley;1,0
Jim Davenport;5;Mark Grudzielanek;1,0
Alvin Davis;1;Vince Coleman;1,0
Alvin Davis;2;Earl Williams;0,997
Alvin Davis;3;Jerome Walton;0,997
Alvin Davis;4;Walt Weiss;0,997
Alvin Davis;5;Pat Listach;0,997
Chili Davis;1;Kendrys Morales;0,9792
Chili Davis;2;Victor Martinez;0,9219
Chili Davis;3;Aubrey Huff;0,9173
Chili Davis;4;Hal McRae;0,8988
Chili Davis;5;Ellis Burks;0,8729
Chris Davis;1;Pedro Alvarez;0,9146
Chris Davis;2;Gary Sanchez;0,9126
Chris Davis;3;Austin Meadows;0,8926
Chris Davis;4;Yasiel Puig;0,8865
Chris Davis;5;Yuli Gurriel;0,8687
Curt Davis;1;Ivey Wingo;1,0
Curt Davis;2;Dutch Leonard;1,0
Curt Davis;3;Hank Leiber;1,0
Curt Davis;4;Ernie White;1,0
Curt Davis;5;Red Lucas;1,0
Eric Davis;1;Andre Thornton;0,7135
Eric Davis;2;Jim Thome;0,6824
Eric Davis;3;Mike Sweeney;0,6626
Eric Davis;4;Jason Giambi;0,601
Eric Davis;5;Tim Salmon;0,5816
Glenn Davis;1;Mike Timlin;0,9844
Glenn Davis;2;Danny Graves;0,9844
Glenn Davis;3;Pee Wee Reese;0,9544
Glenn Davis;4;Gil Hodges;0,9348
Glenn Davis;5;Brandon Crawford;0,9161
Jody Davis;1;Juan Lagares;1,0
Jody Davis;2;Jay Buhner;1,0
Jody Davis;3;Bronson Arroyo;1,0
Jody Davis;4;Al Cowens;1,0
Jody Davis;5;Harrison Bader;1,0
Khris Davis;1;Rusty Staub;0,9836
Khris Davis;2;Adam Lind;0,9732
Khris Davis;3;Aubrey Huff;0,9412
Khris Davis;4;Hal McRae;0,9132
Khris Davis;5;Harold Baines;0,9036
Mark Davis;1;Bruce Sutter;0,775
Mark Davis;2;Rollie Fingers;0,7668
Mark Davis;3;Jim Kern;0,7559
Mark Davis;4;Dan Quisenberry;0,7538
Mark Davis;5;Lee Smith;0,7522
Mike Davis;1;Art Howe;1,0
Mike Davis;2;Jim Hughes;1,0
Mike Davis;3;Emilio Bonifacio;1,0
Mike Davis;4;Doc Medich;1,0
Mike Davis;5;Nick Esasky;1,0
Ron Davis;1;Kevin Young;1,0
Ron Davis;2;Yonder Alonso;1,0
Ron Davis;3;Oscar Zamora;1,0
Ron Davis;4;Gary Alexander;1,0
Ron Davis;5;Mike Young;1,0
Storm Davis;1;Clyde Wright;1,0
Storm Davis;2;Gil Meche;1,0
Storm Davis;3;Alex Johnson;1,0
Storm Davis;4;Kevin Elster;1,0
Storm Davis;5;Dock Ellis;1,0
Tommy Davis;1;Rusty Staub;0,9363
Tommy Davis;2;Harold Baines;0,9099
Tommy Davis;3;Hal McRae;0,8867
Tommy Davis;4;Khris Davis;0,8615
Tommy Davis;5;Adam Lind;0,8374
Wade Davis;1;Hideki Okajima;0,93
Wade Davis;2;Joel Zumaya;0,9149
Wade Davis;3;Jeremy Affeldt;0,9149
Wade Davis;4;Neal Cotts;0,9149
Wade Davis;5;Brendan Donnelly;0,9149
Willie Davis;1;Tony Peña;0,9887
Willie Davis;2;Tony Fernandez;0,9887
Willie Davis;3;Starling Marte;0,9684
Willie Davis;4;Frank Malzone;0,9672
Willie Davis;5;Joe Pepitone;0,9672
Andre Dawson;1;Mark Belanger;0,8334
Andre Dawson;2;Phil Bradley;0,8182
Andre Dawson;3;Steve Rogers;0,7949
Andre Dawson;4;Dave Winfield;0,7342
Andre Dawson;5;Jose Canseco;0,3956
Dizzy Dean;1;Mort Cooper;0,9888
Dizzy Dean;2;Joe Gordon;0,9675
Dizzy Dean;3;Joe DiMaggio;0,9556
Dizzy Dean;4;Carl Hubbell;0,9536
Dizzy Dean;5;Charlie Gehringer;0,9511
Alejandro De Aza;1;Kevin Young;1,0
Alejandro De Aza;2;Yonder Alonso;1,0
Alejandro De Aza;3;Oscar Zamora;1,0
Alejandro De Aza;4;Gary Alexander;1,0
Alejandro De Aza;5;Mike Young;1,0
Doug DeCinces;1;Melvin Mora;0,9823
Doug DeCinces;2;Chase Headley;0,911
Doug DeCinces;3;Felix Jose;0,9017
Doug DeCinces;4;Shin-Soo Choo;0,9017
Doug DeCinces;5;Howard Johnson;0,894
Rob Deer;1;Kevin Young;1,0
Rob Deer;2;Yonder Alonso;1,0
Rob Deer;3;Oscar Zamora;1,0
Rob Deer;4;Gary Alexander;1,0
Rob Deer;5;Mike Young;1,0
Jacob deGrom;1;Max Scherzer;0,6954
Jacob deGrom;2;Sandy Alcantara;0,689
Jacob deGrom;3;David Price;0,6549
Jacob deGrom;4;Justin Verlander;0,6538
Jacob deGrom;5;Gerrit Cole;0,6453
Mike DeJean;1;Kevin Young;1,0
Mike DeJean;2;Yonder Alonso;1,0
Mike DeJean;3;Oscar Zamora;1,0
Mike DeJean;4;Gary Alexander;1,0
Mike DeJean;5;Mike Young;1,0
David DeJesus;1;Kevin Young;1,0
David DeJesus;2;Yonder Alonso;1,0
David DeJesus;3;Oscar Zamora;1,0
David DeJesus;4;Gary Alexander;1,0
David DeJesus;5;Mike Young;1,0
Paul DeJong;1;Blake DeWitt;1,0
Paul DeJong;2;Ryan Drese;1,0
Paul DeJong;3;Reed Johnson;1,0
Paul DeJong;4;Bobby Dalbec;1,0
Paul DeJong;5;Terrmel Sledge;1,0
Elly De La Cruz;1;Kevin Young;1,0
Elly De La Cruz;2;Yonder Alonso;1,0
Elly De La Cruz;3;Oscar Zamora;1,0
Elly De La Cruz;4;Gary Alexander;1,0
Elly De La Cruz;5;Mike Young;1,0
Jose DeLeon;1;Kevin Young;1,0
Jose DeLeon;2;Yonder Alonso;1,0
Jose DeLeon;3;Oscar Zamora;1,0
Jose DeLeon;4;Gary Alexander;1,0
Jose DeLeon;5;Mike Young;1,0
Carlos Delgado;1;J. D. Martinez;0,7218
Carlos Delgado;2;Andruw Jones;0,703
Carlos Delgado;3;Carlos Gonzalez;0,6725
Carlos Delgado;4;Jose Altuve;0,6636
Carlos Delgado;5;Aaron Judge;0,6471
Frank Demaree;1;Eddie Ainsmith;1,0
Frank Demaree;2;Dode Paskert;1,0
Frank Demaree;3;Marv Owen;1,0
Frank Demaree;4;Jesse Barnes;1,0
Frank Demaree;5;Dick Newsome;1,0
Larry Demery;1;Kevin Young;1,0
Larry Demery;2;Yonder Alonso;1,0
Larry Demery;3;Oscar Zamora;1,0
Larry Demery;4;Gary Alexander;1,0
Larry Demery;5;Mike Young;1,0
Rick Dempsey;1;Don Larsen;1,0
Rick Dempsey;2;Lew Burdette;1,0
Rick Dempsey;3;Larry Sherry;1,0
Rick Dempsey;4;David Eckstein;1,0
Rick Dempsey;5;Johnny Podres;1,0
Ryan Dempster;1;Jason Isringhausen;0,9768
Ryan Dempster;2;Jordan Romano;0,9176
Ryan Dempster;3;Tanner Scott;0,9176
Ryan Dempster;4;Jason Grilli;0,9176
Ryan Dempster;5;Felipe Vazquez;0,9176
John Denny;1;Dean Chance;0,9751
John Denny;2;Mike McCormick;0,9751
John Denny;3;Fergie Jenkins;0,9477
John Denny;4;Randy Jones;0,9457
John Denny;5;Bret Saberhagen;0,7958
Bucky Dent;1;Larry Sherry;0,9977
Bucky Dent;2;Johnny Podres;0,9977
Bucky Dent;3;Mickey Lolich;0,9977
Bucky Dent;4;David Eckstein;0,9977
Bucky Dent;5;Lew Burdette;0,9977
Bob Dernier;1;Ruben Amaro;1,0
Bob Dernier;2;Masyn Winn;1,0
Bob Dernier;3;Charlie Neal;1,0
Bob Dernier;4;Randy Hundley;1,0
Bob Dernier;5;Mark Grudzielanek;1,0
Mark DeRosa;1;Kevin Young;1,0
Mark DeRosa;2;Yonder Alonso;1,0
Mark DeRosa;3;Oscar Zamora;1,0
Mark DeRosa;4;Gary Alexander;1,0
Mark DeRosa;5;Mike Young;1,0
Paul Derringer;1;Lon Warneke;1,0
Paul Derringer;2;Billy Herman;1,0
Paul Derringer;3;Kiki Cuyler;1,0
Paul Derringer;4;Wes Ferrell;0,9991
Paul Derringer;5;Joe Sewell;0,9986
Delino DeShields;1;Blake DeWitt;1,0
Delino DeShields;2;Ryan Drese;1,0
Delino DeShields;3;Reed Johnson;1,0
Delino DeShields;4;Bobby Dalbec;1,0
Delino DeShields;5;Terrmel Sledge;1,0
Ian Desmond;1;Luis Arraez;0,9636
Ian Desmond;2;Dean Palmer;0,9211
Ian Desmond;3;Rick Rhoden;0,914
Ian Desmond;4;Bob Forsch;0,8858
Ian Desmond;5;Lance Parrish;0,8055
Reid Detmers;1;Kevin Young;1,0
Reid Detmers;2;Yonder Alonso;1,0
Reid Detmers;3;Oscar Zamora;1,0
Reid Detmers;4;Gary Alexander;1,0
Reid Detmers;5;Mike Young;1,0
Mike Devereaux;1;Steve Avery;1,0
Mike Devereaux;2;Eddie Rosario;0,9918
Mike Devereaux;3;Chris Taylor;0,9917
Mike Devereaux;4;Tommy Edman;0,9874
Mike Devereaux;5;Javier Baez;0,9839
Rafael Devers;1;Teoscar Hernandez;0,938
Rafael Devers;2;Nick Castellanos;0,9342
Rafael Devers;3;Kyle Tucker;0,8991
Rafael Devers;4;Ozzie Albies;0,8945
Rafael Devers;5;Kevin Gausman;0,8355
Art Devlin;1;Heinie Zimmerman;1,0
Art Devlin;2;Ross Youngs;1,0
Art Devlin;3;Stuffy McInnis;1,0
Art Devlin;4;Roger Bresnahan;1,0
Art Devlin;5;Wilbur Cooper;1,0
Blake DeWitt;1;Paul DeJong;1,0
Blake DeWitt;2;Ryan Drese;1,0
Blake DeWitt;3;Reed Johnson;1,0
Blake DeWitt;4;Bobby Dalbec;1,0
Blake DeWitt;5;Terrmel Sledge;1,0
Bo Diaz;1;Dan Meyer;1,0
Bo Diaz;2;Claudell Washington;1,0
Bo Diaz;3;Cory Snyder;1,0
Bo Diaz;4;Buzz Capra;1,0
Bo Diaz;5;Kal Daniels;1,0
Edwin Diaz;1;Josh Hader;0,9487
Edwin Diaz;2;Emmanuel Clase;0,9471
Edwin Diaz;3;Felix Bautista;0,9407
Edwin Diaz;4;Joe Nathan;0,8947
Edwin Diaz;5;Raisel Iglesias;0,8929
Elias Diaz;1;Terry Steinbach;1,0
Elias Diaz;2;Johnny Callison;1,0
Elias Diaz;3;Leon Wagner;0,9925
Elias Diaz;4;Ken Griffey;0,9885
Elias Diaz;5;Jeff Conine;0,9773
Yandy Diaz;1;Felipe Lopez;1,0
Yandy Diaz;2;Jeff McNeil;0,9333
Yandy Diaz;3;Mike Stanley;0,9333
Yandy Diaz;4;Donovan Solano;0,9333
Yandy Diaz;5;Cedric Mullins;0,9333
Rob Dibble;1;Michael Wacha;1,0
Rob Dibble;2;Cody Ross;0,9849
Rob Dibble;3;Jeff Suppan;0,9849
Rob Dibble;4;Marco Scutaro;0,9849
Rob Dibble;5;Eddie Perez;0,9849
Bill Dickey;1;Pie Traynor;0,997
Bill Dickey;2;Travis Jackson;0,9816
Bill Dickey;3;Luke Appling;0,9805
Bill Dickey;4;Mel Ott;0,9801
Bill Dickey;5;Earl Averill;0,9801
Corey Dickerson;1;Juan Lagares;1,0
Corey Dickerson;2;Jay Buhner;1,0
Corey Dickerson;3;Bronson Arroyo;1,0
Corey Dickerson;4;Al Cowens;1,0
Corey Dickerson;5;Harrison Bader;1,0
R. A. Dickey;1;Clayton Kershaw;0,8342
R. A. Dickey;2;Zack Greinke;0,7401
R. A. Dickey;3;Mark Prior;0,7326
R. A. Dickey;4;Chien-Ming Wang;0,7319
R. A. Dickey;5;Johan Santana;0,6714
Jason Dickson;1;Jim Nash;1,0
Jason Dickson;2;Mike Nagy;1,0
Jason Dickson;3;Rolando Arrojo;1,0
Jason Dickson;4;Craig McMurtry;1,0
Jason Dickson;5;Marcelino Lopez;1,0
Jake Diekman;1;Gary Nolan;1,0
Jake Diekman;2;Ron Oester;1,0
Jake Diekman;3;Dustin McGowan;1,0
Jake Diekman;4;Bill Wegman;1,0
Jake Diekman;5;Danny Thompson;1,0
Steve Dillard;1;Kevin Young;1,0
Steve Dillard;2;Yonder Alonso;1,0
Steve Dillard;3;Oscar Zamora;1,0
Steve Dillard;4;Gary Alexander;1,0
Steve Dillard;5;Mike Young;1,0
Dom DiMaggio;1;Dick Bartell;1,0
Dom DiMaggio;2;Ralph Branca;1,0
Dom DiMaggio;3;Doc Cramer;1,0
Dom DiMaggio;4;Ray Sanders;1,0
Dom DiMaggio;5;Mickey Vernon;1,0
Joe DiMaggio;1;Carl Hubbell;0,9676
Joe DiMaggio;2;Dizzy Dean;0,9556
Joe DiMaggio;3;Joe Gordon;0,952
Joe DiMaggio;4;Charlie Gehringer;0,9419
Joe DiMaggio;5;Mort Cooper;0,9348
Vince DiMaggio;1;Eddie Ainsmith;1,0
Vince DiMaggio;2;Dode Paskert;1,0
Vince DiMaggio;3;Marv Owen;1,0
Vince DiMaggio;4;Jesse Barnes;1,0
Vince DiMaggio;5;Dick Newsome;1,0
Dillon Dingler;1;Ruben Amaro;1,0
Dillon Dingler;2;Masyn Winn;1,0
Dillon Dingler;3;Charlie Neal;1,0
Dillon Dingler;4;Randy Hundley;1,0
Dillon Dingler;5;Mark Grudzielanek;1,0
Larry Doby;1;Felipe Alou;1,0
Larry Doby;2;Matty Alou;1,0
Larry Doby;3;Bobby Avila;1,0
Larry Doby;4;Tony Bernazard;1,0
Larry Doby;5;Smoky Burgess;1,0
Bobby Doerr;1;Tommy Holmes;0,9835
Bobby Doerr;2;Eddie Mayo;0,9618
Bobby Doerr;3;Marty Marion;0,853
Bobby Doerr;4;Bill Terry;0,8044
Bobby Doerr;5;Mort Cooper;0,7943
Josh Donaldson;1;Prince Fielder;0,7143
Josh Donaldson;2;Ronald Acuña;0,7065
Josh Donaldson;3;Lance Berkman;0,6728
Josh Donaldson;4;Aaron Hill;0,6705
Josh Donaldson;5;Dmitri Young;0,6697
Mike Donlin;1;Tommy Leach;1,0
Mike Donlin;2;Charlie Keller;1,0
Mike Donlin;3;Ray Kremer;1,0
Mike Donlin;4;Elmer Riddle;1,0
Mike Donlin;5;Ken Keltner;1,0
Brendan Donnelly;1;Sergio Romo;1,0
Brendan Donnelly;2;David Robertson;1,0
Brendan Donnelly;3;Joaquin Benoit;1,0
Brendan Donnelly;4;Hung-Chih Kuo;1,0
Brendan Donnelly;5;Neal Cotts;1,0
Pete Donohue;1;Eddie Ainsmith;1,0
Pete Donohue;2;Dode Paskert;1,0
Pete Donohue;3;Marv Owen;1,0
Pete Donohue;4;Jesse Barnes;1,0
Pete Donohue;5;Dick Newsome;1,0
Bill Donovan;1;Eddie Ainsmith;1,0
Bill Donovan;2;Dode Paskert;1,0
Bill Donovan;3;Marv Owen;1,0
Bill Donovan;4;Jesse Barnes;1,0
Bill Donovan;5;Dick Newsome;1,0
Brendan Donovan;1;Ruben Amaro;1,0
Brendan Donovan;2;Masyn Winn;1,0
Brendan Donovan;3;Charlie Neal;1,0
Brendan Donovan;4;Randy Hundley;1,0
Brendan Donovan;5;Mark Grudzielanek;1,0
Dick Donovan;1;Ron Bryant;1,0
Dick Donovan;2;Bob Porterfield;1,0
Dick Donovan;3;Preacher Roe;1,0
Dick Donovan;4;Ellis Kinder;1,0
Dick Donovan;5;Sam Jones;1,0
Red Dooin;1;Ivey Wingo;1,0
Red Dooin;2;Dutch Leonard;1,0
Red Dooin;3;Hank Leiber;1,0
Red Dooin;4;Ernie White;1,0
Red Dooin;5;Red Lucas;1,0
Sean Doolittle;1;Brad Ziegler;0,9886
Sean Doolittle;2;Darren O'Day;0,9886
Sean Doolittle;3;Griffin Jax;0,9886
Sean Doolittle;4;Sean Reid-Foley;0,9886
Sean Doolittle;5;Jon Gray;0,9886
Bill Doran;1;Vinnie Pasquantino;1,0
Bill Doran;2;Luke Scott;1,0
Bill Doran;3;Craig Wilson;1,0
Bill Doran;4;Johnny Cueto;1,0
Bill Doran;5;Lyle Overbay;1,0
Octavio Dotel;1;Kevin Young;1,0
Octavio Dotel;2;Yonder Alonso;1,0
Octavio Dotel;3;Oscar Zamora;1,0
Octavio Dotel;4;Gary Alexander;1,0
Octavio Dotel;5;Mike Young;1,0
Richard Dotson;1;Don Aase;1,0
Richard Dotson;2;Scott McGregor;1,0
Richard Dotson;3;Charlie Lea;1,0
Richard Dotson;4;Frankie Montas;1,0
Richard Dotson;5;Kent Mercker;1,0
Ryan Doumit;1;Kevin Young;1,0
Ryan Doumit;2;Yonder Alonso;1,0
Ryan Doumit;3;Oscar Zamora;1,0
Ryan Doumit;4;Gary Alexander;1,0
Ryan Doumit;5;Mike Young;1,0
Camilo Doval;1;Jason Grilli;0,9946
Camilo Doval;2;Bobby Jenks;0,9946
Camilo Doval;3;Felipe Vazquez;0,9946
Camilo Doval;4;Jordan Romano;0,9946
Camilo Doval;5;Corey Knebel;0,9946
Al Downing;1;Clyde Wright;1,0
Al Downing;2;Gil Meche;1,0
Al Downing;3;Alex Johnson;1,0
Al Downing;4;Kevin Elster;1,0
Al Downing;5;Dock Ellis;1,0
Brian Downing;1;Dan Meyer;1,0
Brian Downing;2;Claudell Washington;1,0
Brian Downing;3;Cory Snyder;1,0
Brian Downing;4;Buzz Capra;1,0
Brian Downing;5;Bo Diaz;1,0
Brenton Doyle;1;Nick Ahmed;0,9593
Brenton Doyle;2;Ken Reitz;0,8829
Brenton Doyle;3;Derrek Lee;0,8503
Brenton Doyle;4;Robin Ventura;0,8148
Brenton Doyle;5;Felix Millan;0,7676
Larry Doyle;1;Roger Peckinpaugh;0,9896
Larry Doyle;2;Frank Schulte;0,9896
Larry Doyle;3;Jim Bottomley;0,9676
Larry Doyle;4;Bob O'Farrell;0,9676
Larry Doyle;5;George Burns;0,9676
Brian Dozier;1;Ruben Amaro;1,0
Brian Dozier;2;Masyn Winn;1,0
Brian Dozier;3;Charlie Neal;1,0
Brian Dozier;4;Randy Hundley;1,0
Brian Dozier;5;Mark Grudzielanek;1,0
Doug Drabek;1;Jake Arrieta;0,8622
Doug Drabek;2;Dave Stieb;0,8619
Doug Drabek;3;Kevin Brown;0,8594
Doug Drabek;4;Steve Stone;0,8036
Doug Drabek;5;Bartolo Colon;0,7991
Dave Dravecky;1;Dennis Leonard;1,0
Dave Dravecky;2;Mark Teahen;1,0
Dave Dravecky;3;Sid Bream;1,0
Dave Dravecky;4;Ron Oester;0,997
Dave Dravecky;5;Danny Thompson;0,997
Ryan Drese;1;Paul DeJong;1,0
Ryan Drese;2;Blake DeWitt;1,0
Ryan Drese;3;Reed Johnson;1,0
Ryan Drese;4;Bobby Dalbec;1,0
Ryan Drese;5;Terrmel Sledge;1,0
J. D. Drew;1;Allen Craig;0,9399
J. D. Drew;2;Joe Panik;0,9392
J. D. Drew;3;Endy Chavez;0,9293
J. D. Drew;4;Chase Utley;0,9067
J. D. Drew;5;Raul Ibanez;0,8556
Dan Driessen;1;Adam Eaton;1,0
Dan Driessen;2;Colby Rasmus;1,0
Dan Driessen;3;Ray Durham;1,0
Dan Driessen;4;Len Barker;1,0
Dan Driessen;5;David Segui;1,0
Walt Dropo;1;Drake Baldwin;0,9786
Walt Dropo;2;Gregg Olson;0,9786
Walt Dropo;3;Ted Sizemore;0,9786
Walt Dropo;4;Harry Byrd;0,9786
Walt Dropo;5;John Castino;0,9786
Brandon Drury;1;Tim Leary;1,0
Brandon Drury;2;Ron Gant;0,9864
Brandon Drury;3;Jim Hickman;0,9704
Brandon Drury;4;Alex Johnson;0,9704
Brandon Drury;5;Jose Guzman;0,9704
Don Drysdale;1;Early Wynn;1,0
Don Drysdale;2;Denny McLain;0,8995
Don Drysdale;3;Bob Turley;0,7095
Don Drysdale;4;Jim Lonborg;0,6881
Don Drysdale;5;Mike Flanagan;0,6881
Mauricio Dubon;1;Tucker Barnhart;1,0
Mauricio Dubon;2;Matt Wieters;1,0
Mauricio Dubon;3;Patrick Bailey;1,0
Mauricio Dubon;4;Trent Grisham;1,0
Mauricio Dubon;5;Ken Berry;1,0
Lucas Duda;1;Kevin Young;1,0
Lucas Duda;2;Yonder Alonso;1,0
Lucas Duda;3;Oscar Zamora;1,0
Lucas Duda;4;Gary Alexander;1,0
Lucas Duda;5;Mike Young;1,0
Hugh Duffy;1;Paul Hines;1,0
Hugh Duffy;2;Tip O'Neill;1,0
Hugh Duffy;3;Nap Lajoie;0,9862
Hugh Duffy;4;Rogers Hornsby;0,8851
Hugh Duffy;5;Joe Medwick;0,7
Joe Dugan;1;Heinie Zimmerman;1,0
Joe Dugan;2;Ross Youngs;1,0
Joe Dugan;3;Stuffy McInnis;1,0
Joe Dugan;4;Wilbur Cooper;1,0
Joe Dugan;5;Roger Bresnahan;1,0
Zach Duke;1;Josh Jung;1,0
Zach Duke;2;Khalil Greene;1,0
Zach Duke;3;Josh Phelps;1,0
Zach Duke;4;Gustavo Chacin;1,0
Zach Duke;5;James Outman;1,0
Chris Duncan;1;Michael Pineda;1,0
Chris Duncan;2;Bud Smith;1,0
Chris Duncan;3;Pedro Feliz;1,0
Chris Duncan;4;Gaby Sanchez;1,0
Chris Duncan;5;Miguel Sano;1,0
Mariano Duncan;1;Kevin Young;1,0
Mariano Duncan;2;Yonder Alonso;1,0
Mariano Duncan;3;Oscar Zamora;1,0
Mariano Duncan;4;Gary Alexander;1,0
Mariano Duncan;5;Mike Young;1,0
Adam Dunn;1;Greg Vaughn;0,9859
Adam Dunn;2;Mike Lieberthal;0,9829
Adam Dunn;3;John Jaha;0,9793
Adam Dunn;4;Fernando Tatis;0,9793
Adam Dunn;5;Daniel Bard;0,9793
Mike Dunne;1;Jim Nash;1,0
Mike Dunne;2;Mike Nagy;1,0
Mike Dunne;3;Rolando Arrojo;1,0
Mike Dunne;4;Craig McMurtry;1,0
Mike Dunne;5;Marcelino Lopez;1,0
Shawon Dunston;1;Rico Petrocelli;1,0
Shawon Dunston;2;Larry McWilliams;1,0
Shawon Dunston;3;Willie Montanez;1,0
Shawon Dunston;4;Toby Harrah;1,0
Shawon Dunston;5;Jim Bibby;1,0
Jarren Duran;1;Kyle Schwarber;0,8849
Jarren Duran;2;Alex Bregman;0,8594
Jarren Duran;3;Leon Wagner;0,8306
Jarren Duran;4;Ken Griffey;0,8272
Jarren Duran;5;Johnny Callison;0,8243
Jhoan Duran;1;Nick Anderson;0,8339
Jhoan Duran;2;Adley Rutschman;0,7832
Jhoan Duran;3;Walker Buehler;0,7827
Jhoan Duran;4;Zac Gallen;0,7422
Jhoan Duran;5;Corbin Burnes;0,6858
Erubiel Durazo;1;Kevin Young;1,0
Erubiel Durazo;2;Yonder Alonso;1,0
Erubiel Durazo;3;Oscar Zamora;1,0
Erubiel Durazo;4;Gary Alexander;1,0
Erubiel Durazo;5;Mike Young;1,0
Ryne Duren;1;Cade Horton;1,0
Ryne Duren;2;Ken Hunt;1,0
Ryne Duren;3;Dick Howser;1,0
Ryne Duren;4;Clint Courtney;1,0
Ryne Duren;5;Richie Ashburn;1,0
Leon Durham;1;Terry Kennedy;1,0
Leon Durham;2;Josh Bell;0,9519
Leon Durham;3;Tim Anderson;0,9092
Leon Durham;4;Keith Moreland;0,8457
Leon Durham;5;Glenallen Hill;0,8457
Ray Durham;1;Adam Eaton;1,0
Ray Durham;2;Colby Rasmus;1,0
Ray Durham;3;Dan Driessen;1,0
Ray Durham;4;Len Barker;1,0
Ray Durham;5;Candy Maldonado;1,0
Adam Duvall;1;Kyle Seager;1,0
Adam Duvall;2;Rick Manning;1,0
Adam Duvall;3;Sixto Lezcano;1,0
Adam Duvall;4;Ty France;1,0
Adam Duvall;5;Jose Cruz;0,9498
Jim Dwyer;1;Kevin Young;1,0
Jim Dwyer;2;Yonder Alonso;1,0
Jim Dwyer;3;Oscar Zamora;1,0
Jim Dwyer;4;Gary Alexander;1,0
Jim Dwyer;5;Mike Young;1,0
Jermaine Dye;1;Troy Glaus;0,8711
Jermaine Dye;2;Gene Tenace;0,8456
Jermaine Dye;3;Scott Brosius;0,8249
Jermaine Dye;4;Bucky Dent;0,8014
Jermaine Dye;5;Ralph Terry;0,7842
Jimmy Dykes;1;Eddie Ainsmith;1,0
Jimmy Dykes;2;Dode Paskert;1,0
Jimmy Dykes;3;Marv Owen;1,0
Jimmy Dykes;4;Jesse Barnes;1,0
Jimmy Dykes;5;Dick Newsome;1,0
Lenny Dykstra;1;Ben Oglivie;1,0
Lenny Dykstra;2;Lloyd Moseby;0,9782
Lenny Dykstra;3;Jose Reyes;0,9609
Lenny Dykstra;4;Mike Greenwell;0,9609
Lenny Dykstra;5;Charlie Blackmon;0,9334
George Earnshaw;1;Vic Raschi;1,0
George Earnshaw;2;Bill Nicholson;0,9958
George Earnshaw;3;Whit Wyatt;0,9922
George Earnshaw;4;Wally Berger;0,9922
George Earnshaw;5;Herb Pennock;0,9922
Damion Easley;1;Michael Cuddyer;1,0
Damion Easley;2;Riley Greene;1,0
Damion Easley;3;Michael Barrett;1,0
Damion Easley;4;Jack Wilson;1,0
Damion Easley;5;A. J. Pierzynski;1,0
Mike Easler;1;Kevin Young;1,0
Mike Easler;2;Yonder Alonso;1,0
Mike Easler;3;Oscar Zamora;1,0
Mike Easler;4;Gary Alexander;1,0
Mike Easler;5;Mike Young;1,0
Luke Easter;1;Bobby Ayala;1,0
Luke Easter;2;Ferris Fain;0,9423
Luke Easter;3;Jackie Jensen;0,8401
Luke Easter;4;Hank Sauer;0,8367
Luke Easter;5;Tony Armas;0,7522
Rawly Eastwick;1;Jeff Russell;1,0
Rawly Eastwick;2;Antonio Alfonseca;1,0
Rawly Eastwick;3;Jeff Montgomery;0,9946
Rawly Eastwick;4;Al Holland;0,9946
Rawly Eastwick;5;Bill Campbell;0,9857
Adam Eaton;1;Ray Durham;1,0
Adam Eaton;2;Colby Rasmus;1,0
Adam Eaton;3;Dan Driessen;1,0
Adam Eaton;4;Len Barker;1,0
Adam Eaton;5;Candy Maldonado;1,0
Dennis Eckersley;1;Lee Smith;0,7458
Dennis Eckersley;2;Dave Righetti;0,7436
Dennis Eckersley;3;Rollie Fingers;0,7371
Dennis Eckersley;4;Dan Quisenberry;0,7354
Dennis Eckersley;5;Steve Bedrosian;0,7236
David Eckstein;1;Don Larsen;1,0
David Eckstein;2;Lew Burdette;1,0
David Eckstein;3;Larry Sherry;1,0
David Eckstein;4;Rick Dempsey;1,0
David Eckstein;5;Johnny Podres;1,0
Tommy Edman;1;Chris Taylor;0,9958
Tommy Edman;2;Craig Counsell;0,9929
Tommy Edman;3;Sterling Hitchcock;0,9929
Tommy Edman;4;Jeff Suppan;0,9929
Tommy Edman;5;Howie Kendrick;0,9929
Jim Edmonds;1;Orlando Cabrera;0,9716
Jim Edmonds;2;Asdrubal Cabrera;0,9694
Jim Edmonds;3;Elvis Andrus;0,9543
Jim Edmonds;4;Mike Lowell;0,8927
Jim Edmonds;5;Andrelton Simmons;0,8781
Bruce Edwards;1;Ivey Wingo;1,0
Bruce Edwards;2;Dutch Leonard;1,0
Bruce Edwards;3;Hank Leiber;1,0
Bruce Edwards;4;Ernie White;1,0
Bruce Edwards;5;Red Lucas;1,0
Johnny Edwards;1;Dansby Swanson;1,0
Johnny Edwards;2;Ray Fosse;1,0
Johnny Edwards;3;Frank Malzone;0,9685
Johnny Edwards;4;Sherm Lollar;0,9685
Johnny Edwards;5;Joe Pepitone;0,9685
Howard Ehmke;1;Eddie Ainsmith;1,0
Howard Ehmke;2;Dode Paskert;1,0
Howard Ehmke;3;Marv Owen;1,0
Howard Ehmke;4;Jesse Barnes;1,0
Howard Ehmke;5;Dick Newsome;1,0
Mark Eichhorn;1;Jim Nash;1,0
Mark Eichhorn;2;Mike Nagy;1,0
Mark Eichhorn;3;Rolando Arrojo;1,0
Mark Eichhorn;4;Craig McMurtry;1,0
Mark Eichhorn;5;Marcelino Lopez;1,0
Scott Elarton;1;Kevin Young;1,0
Scott Elarton;2;Yonder Alonso;1,0
Scott Elarton;3;Oscar Zamora;1,0
Scott Elarton;4;Gary Alexander;1,0
Scott Elarton;5;Mike Young;1,0
Cal Eldred;1;Bill Gullickson;0,9817
Cal Eldred;2;Kevin Appier;0,9817
Cal Eldred;3;Mark Clear;0,9817
Cal Eldred;4;Juan Guzman;0,9306
Cal Eldred;5;James Baldwin;0,9306
Bob Elliott;1;Phil Cavarretta;0,9519
Bob Elliott;2;Paul Waner;0,9372
Bob Elliott;3;Mickey Cochrane;0,9137
Bob Elliott;4;Johnny Evers;0,9116
Bob Elliott;5;Jim Bottomley;0,9089
Dock Ellis;1;Clyde Wright;1,0
Dock Ellis;2;Gil Meche;1,0
Dock Ellis;3;Alex Johnson;1,0
Dock Ellis;4;Al Downing;1,0
Dock Ellis;5;Kevin Elster;1,0
Mark Ellis;1;Kevin Young;1,0
Mark Ellis;2;Yonder Alonso;1,0
Mark Ellis;3;Oscar Zamora;1,0
Mark Ellis;4;Gary Alexander;1,0
Mark Ellis;5;Mike Young;1,0
Jacoby Ellsbury;1;Asdrubal Cabrera;0,7286
Jacoby Ellsbury;2;Orlando Cabrera;0,7243
Jacoby Ellsbury;3;Elvis Andrus;0,7242
Jacoby Ellsbury;4;Jim Edmonds;0,7217
Jacoby Ellsbury;5;Andrelton Simmons;0,6691
Kevin Elster;1;Clyde Wright;1,0
Kevin Elster;2;Gil Meche;1,0
Kevin Elster;3;Alex Johnson;1,0
Kevin Elster;4;Al Downing;1,0
Kevin Elster;5;Dock Ellis;1,0
Edwin Encarnacion;1;Bill Buckner;0,9607
Edwin Encarnacion;2;Von Hayes;0,9607
Edwin Encarnacion;3;Gary Ward;0,9591
Edwin Encarnacion;4;Eugenio Suarez;0,9591
Edwin Encarnacion;5;Brian Jordan;0,9591
Del Ennis;1;Richie Ashburn;0,9971
Del Ennis;2;Ken Hunt;0,9971
Del Ennis;3;Dick Howser;0,9971
Del Ennis;4;Carl Willey;0,9971
Del Ennis;5;Cade Horton;0,9971
Morgan Ensberg;1;Rich Aurilia;1,0
Morgan Ensberg;2;Jeff Blauser;1,0
Morgan Ensberg;3;Joe Crede;0,9523
Morgan Ensberg;4;Felipe Lopez;0,9265
Morgan Ensberg;5;Yandy Diaz;0,9265
Nathan Eovaldi;1;Jack Flaherty;1,0
Nathan Eovaldi;2;Freddy Peralta;1,0
Nathan Eovaldi;3;Sonny Gray;0,9931
Nathan Eovaldi;4;Dylan Cease;0,9779
Nathan Eovaldi;5;Cristopher Sanchez;0,9649
Scott Erickson;1;Don Aase;1,0
Scott Erickson;2;Scott McGregor;1,0
Scott Erickson;3;Charlie Lea;1,0
Scott Erickson;4;Frankie Montas;1,0
Scott Erickson;5;Kent Mercker;1,0
Darin Erstad;1;J. J. Hardy;0,9188
Darin Erstad;2;Amos Otis;0,8811
Darin Erstad;3;Steve Finley;0,8796
Darin Erstad;4;J. T. Snow;0,8727
Darin Erstad;5;Kenny Lofton;0,871
Nick Esasky;1;Art Howe;1,0
Nick Esasky;2;Mike Davis;1,0
Nick Esasky;3;Emilio Bonifacio;1,0
Nick Esasky;4;Scott Fletcher;1,0
Nick Esasky;5;Glenallen Hill;1,0
Alcides Escobar;1;Marty Barrett;0,9963
Alcides Escobar;2;Koji Uehara;0,9963
Alcides Escobar;3;Matt Garza;0,9937
Alcides Escobar;4;Adam Kennedy;0,9937
Alcides Escobar;5;Lorenzo Cain;0,9926
Eduardo Escobar;1;Jeff King;1,0
Eduardo Escobar;2;Kevin Bass;1,0
Eduardo Escobar;3;Chris Hoiles;1,0
Eduardo Escobar;4;Ralph Garr;1,0
Eduardo Escobar;5;Joe Randa;1,0
Kelvim Escobar;1;Kevin Young;1,0
Kelvim Escobar;2;Yonder Alonso;1,0
Kelvim Escobar;3;Oscar Zamora;1,0
Kelvim Escobar;4;Gary Alexander;1,0
Kelvim Escobar;5;Mike Young;1,0
Yunel Escobar;1;Kevin Young;1,0
Yunel Escobar;2;Yonder Alonso;1,0
Yunel Escobar;3;Oscar Zamora;1,0
Yunel Escobar;4;Gary Alexander;1,0
Yunel Escobar;5;Mike Young;1,0
Danny Espinosa;1;Kevin Young;1,0
Danny Espinosa;2;Yonder Alonso;1,0
Danny Espinosa;3;Oscar Zamora;1,0
Danny Espinosa;4;Gary Alexander;1,0
Danny Espinosa;5;Mike Young;1,0
Carlos Estevez;1;Shane Greene;1,0
Carlos Estevez;2;B. J. Ryan;1,0
Carlos Estevez;3;Matt Barnes;1,0
Carlos Estevez;4;Takashi Saito;1,0
Carlos Estevez;5;Kyle Barraclough;1,0
Chuck Estrada;1;Bill Voiselle;0,9897
Chuck Estrada;2;Sam Jones;0,9719
Chuck Estrada;3;Preacher Roe;0,9719
Chuck Estrada;4;Sam McDowell;0,9719
Chuck Estrada;5;Ron Bryant;0,9719
Johnny Estrada;1;Edgardo Alfonzo;1,0
Johnny Estrada;2;Eric Young;1,0
Johnny Estrada;3;Donovan Solano;1,0
Johnny Estrada;4;Matt Nokes;1,0
Johnny Estrada;5;Cedric Mullins;1,0
Andre Ethier;1;Tino Martinez;0,8917
Andre Ethier;2;Nathaniel Lowe;0,8689
Andre Ethier;3;Brian Giles;0,8519
Andre Ethier;4;Wally Joyner;0,8519
Andre Ethier;5;Brett Gardner;0,8517
Nick Etten;1;Eddie Ainsmith;1,0
Nick Etten;2;Dode Paskert;1,0
Nick Etten;3;Marv Owen;1,0
Nick Etten;4;Jesse Barnes;1,0
Nick Etten;5;Dick Newsome;1,0
Darrell Evans;1;Von Hayes;0,9413
Darrell Evans;2;Bill Buckner;0,9413
Darrell Evans;3;Eugenio Suarez;0,9408
Darrell Evans;4;Brian Jordan;0,9408
Darrell Evans;5;Gary Ward;0,9408
Dwight Evans;1;Eric Chavez;0,9311
Dwight Evans;2;Mark Teixeira;0,906
Dwight Evans;3;Cesar Cedeno;0,8554
Dwight Evans;4;Darin Erstad;0,8331
Dwight Evans;5;Matt Williams;0,8318
Carl Everett;1;Carlos Martinez;1,0
Carl Everett;2;Todd Zeile;1,0
Carl Everett;3;Candy Maldonado;1,0
Carl Everett;4;Ray Durham;1,0
Carl Everett;5;David Segui;1,0
Johnny Evers;1;Roger Peckinpaugh;0,9415
Johnny Evers;2;Frank Schulte;0,9415
Johnny Evers;3;Jake Daubert;0,9365
Johnny Evers;4;Phil Cavarretta;0,9183
Johnny Evers;5;Bob Elliott;0,9116
Red Faber;1;Ivey Wingo;1,0
Red Faber;2;Dutch Leonard;1,0
Red Faber;3;Hank Leiber;1,0
Red Faber;4;Ernie White;1,0
Red Faber;5;Red Lucas;1,0
Roy Face;1;Ken Sanders;1,0
Roy Face;2;Dave Giusti;1,0
Roy Face;3;Mike Fornieles;1,0
Roy Face;4;Eddie Fisher;1,0
Roy Face;5;Minnie Rojas;1,0
Ferris Fain;1;Bobby Ayala;0,9423
Ferris Fain;2;Luke Easter;0,9423
Ferris Fain;3;Ralph Kiner;0,9085
Ferris Fain;4;Hank Sauer;0,8333
Ferris Fain;5;Tony Armas;0,7974
Cy Falkenberg;1;Eddie Ainsmith;1,0
Cy Falkenberg;2;Dode Paskert;1,0
Cy Falkenberg;3;Marv Owen;1,0
Cy Falkenberg;4;Jesse Barnes;1,0
Cy Falkenberg;5;Dick Newsome;1,0
Jeff Fassero;1;Kris Medlen;1,0
Jeff Fassero;2;Rich Hill;1,0
Jeff Fassero;3;Ubaldo Jimenez;0,9895
Jeff Fassero;4;J. R. Richard;0,9895
Jeff Fassero;5;Bill Krueger;0,9836
Mike Felder;1;Carlos Martinez;1,0
Mike Felder;2;Todd Zeile;1,0
Mike Felder;3;Candy Maldonado;1,0
Mike Felder;4;Ray Durham;1,0
Mike Felder;5;David Segui;1,0
Junior Felix;1;Bill Doran;1,0
Junior Felix;2;Craig Wilson;1,0
Junior Felix;3;Vinnie Pasquantino;1,0
Junior Felix;4;Luke Scott;1,0
Junior Felix;5;Johnny Cueto;1,0
Neftali Feliz;1;Chris Coghlan;1,0
Neftali Feliz;2;Andrew Bailey;0,9936
Neftali Feliz;3;Luis Gil;0,9669
Neftali Feliz;4;Jeremy Hellickson;0,9577
Neftali Feliz;5;John Castino;0,8416
Pedro Feliz;1;Michael Pineda;1,0
Pedro Feliz;2;Chris Duncan;1,0
Pedro Feliz;3;Bud Smith;1,0
Pedro Feliz;4;Gaby Sanchez;1,0
Pedro Feliz;5;Miguel Sano;1,0
Bob Feller;1;Hal Newhouser;0,8428
Bob Feller;2;Lefty Grove;0,8158
Bob Feller;3;Pete Alexander;0,7642
Bob Feller;4;Walter Johnson;0,7568
Bob Feller;5;Christy Mathewson;0,7546
Happy Felsch;1;Eddie Ainsmith;1,0
Happy Felsch;2;Dode Paskert;1,0
Happy Felsch;3;Marv Owen;1,0
Happy Felsch;4;Jesse Barnes;1,0
Happy Felsch;5;Dick Newsome;1,0
Alex Fernandez;1;Esteban Loaiza;0,9805
Alex Fernandez;2;Michael Brantley;0,9683
Alex Fernandez;3;Tyler O'Neill;0,9341
Alex Fernandez;4;Rod Beck;0,8607
Alex Fernandez;5;Chris Young;0,8206
Jose Fernandez;1;J. A. Happ;0,8442
Jose Fernandez;2;Jose Abreu;0,7856
Jose Fernandez;3;Scott Podsednik;0,7751
Jose Fernandez;4;Troy Tulowitzki;0,7419
Jose Fernandez;5;Buster Posey;0,6837
Sid Fernandez;1;Rick Honeycutt;1,0
Sid Fernandez;2;Sean Manaea;1,0
Sid Fernandez;3;Dan Haren;1,0
Sid Fernandez;4;Mark Gubicza;1,0
Sid Fernandez;5;Charlie Leibrandt;1,0
Tony Fernandez;1;Tony Peña;1,0
Tony Fernandez;2;Willie Davis;0,9887
Tony Fernandez;3;Dwayne Murphy;0,9789
Tony Fernandez;4;Bob Boone;0,9784
Tony Fernandez;5;Jim Sundberg;0,9759
Wes Ferrell;1;Burleigh Grimes;0,9994
Wes Ferrell;2;Paul Derringer;0,9991
Wes Ferrell;3;Billy Herman;0,9991
Wes Ferrell;4;Kiki Cuyler;0,9991
Wes Ferrell;5;Lon Warneke;0,9991
Dave Ferriss;1;Pinky Higgins;1,0
Dave Ferriss;2;Dick Wakefield;1,0
Dave Ferriss;3;Goose Goslin;0,9774
Dave Ferriss;4;Freddie Lindstrom;0,9774
Dave Ferriss;5;Red Rolfe;0,9742
Lou Fette;1;Ivey Wingo;1,0
Lou Fette;2;Dutch Leonard;1,0
Lou Fette;3;Hank Leiber;1,0
Lou Fette;4;Ernie White;1,0
Lou Fette;5;Red Lucas;1,0
Robert Fick;1;Kevin Young;1,0
Robert Fick;2;Yonder Alonso;1,0
Robert Fick;3;Oscar Zamora;1,0
Robert Fick;4;Gary Alexander;1,0
Robert Fick;5;Mike Young;1,0
Mark Fidrych;1;Kazuhiro Sasaki;0,9859
Mark Fidrych;2;John Montefusco;0,9859
Mark Fidrych;3;Stan Bahnsen;0,9829
Mark Fidrych;4;Carl Morton;0,9829
Mark Fidrych;5;Butch Metzger;0,9829
Cecil Fielder;1;Moises Alou;0,7834
Cecil Fielder;2;Phil Rizzuto;0,7413
Cecil Fielder;3;Bert Campaneris;0,7292
Cecil Fielder;4;Tug McGraw;0,7131
Cecil Fielder;5;Joe Page;0,7027
Josh Fields;1;Kevin Young;1,0
Josh Fields;2;Yonder Alonso;1,0
Josh Fields;3;Oscar Zamora;1,0
Josh Fields;4;Gary Alexander;1,0
Josh Fields;5;Mike Young;1,0
Prince Fielder;1;Carlos Peña;0,7538
Prince Fielder;2;Lance Berkman;0,7521
Prince Fielder;3;Ken Griffey;0,748
Prince Fielder;4;Aaron Hill;0,7235
Prince Fielder;5;Casey McGehee;0,722
Mike Fiers;1;Carlos Martinez;1,0
Mike Fiers;2;Todd Zeile;1,0
Mike Fiers;3;Candy Maldonado;1,0
Mike Fiers;4;Ray Durham;1,0
Mike Fiers;5;David Segui;1,0
Ed Figueroa;1;Kevin Young;1,0
Ed Figueroa;2;Yonder Alonso;1,0
Ed Figueroa;3;Oscar Zamora;1,0
Ed Figueroa;4;Gary Alexander;1,0
Ed Figueroa;5;Mike Young;1,0
Tom Filer;1;Kevin Young;1,0
Tom Filer;2;Yonder Alonso;1,0
Tom Filer;3;Oscar Zamora;1,0
Tom Filer;4;Gary Alexander;1,0
Tom Filer;5;Mike Young;1,0
Rollie Fingers;1;Dan Quisenberry;0,9452
Rollie Fingers;2;Bill Campbell;0,9376
Rollie Fingers;3;Lee Smith;0,932
Rollie Fingers;4;Bruce Sutter;0,9128
Rollie Fingers;5;Al Holland;0,9128
Chuck Finley;1;Derek Lowe;0,9813
Chuck Finley;2;Mark Mulder;0,9734
Chuck Finley;3;Dennis Martinez;0,9413
Chuck Finley;4;J. R. Richard;0,9347
Chuck Finley;5;Ubaldo Jimenez;0,9347
Steve Finley;1;J. T. Snow;0,9798
Steve Finley;2;Kenny Lofton;0,9738
Steve Finley;3;Mike Mussina;0,9155
Steve Finley;4;Mike Cameron;0,91
Steve Finley;5;Amos Otis;0,881
Eddie Fisher;1;Ken Sanders;1,0
Eddie Fisher;2;Dave Giusti;1,0
Eddie Fisher;3;Mike Fornieles;1,0
Eddie Fisher;4;Roy Face;1,0
Eddie Fisher;5;Minnie Rojas;1,0
Carlton Fisk;1;Rod Carew;0,8119
Carlton Fisk;2;Yogi Berra;0,7633
Carlton Fisk;3;Joe Torre;0,7362
Carlton Fisk;4;Tom Seaver;0,7281
Carlton Fisk;5;Johnny Bench;0,708
Doug Fister;1;Wandy Rodriguez;1,0
Doug Fister;2;Andy Hawkins;1,0
Doug Fister;3;Rick Helling;1,0
Doug Fister;4;Ken Hill;1,0
Doug Fister;5;Erik Hanson;1,0
Tyler Fitzgerald;1;Paul DeJong;1,0
Tyler Fitzgerald;2;Blake DeWitt;1,0
Tyler Fitzgerald;3;Ryan Drese;1,0
Tyler Fitzgerald;4;Reed Johnson;1,0
Tyler Fitzgerald;5;Bobby Dalbec;1,0
Al Fitzmorris;1;Kevin Young;1,0
Al Fitzmorris;2;Yonder Alonso;1,0
Al Fitzmorris;3;Oscar Zamora;1,0
Al Fitzmorris;4;Gary Alexander;1,0
Al Fitzmorris;5;Mike Young;1,0
Freddie Fitzsimmons;1;Eddie Ainsmith;1,0
Freddie Fitzsimmons;2;Dode Paskert;1,0
Freddie Fitzsimmons;3;Marv Owen;1,0
Freddie Fitzsimmons;4;Jesse Barnes;1,0
Freddie Fitzsimmons;5;Dick Newsome;1,0
Jack Flaherty;1;Freddy Peralta;1,0
Jack Flaherty;2;Nathan Eovaldi;1,0
Jack Flaherty;3;Sonny Gray;0,9931
Jack Flaherty;4;Dylan Cease;0,9779
Jack Flaherty;5;Cristopher Sanchez;0,9649
Mike Flanagan;1;Jim Lonborg;1,0
Mike Flanagan;2;Catfish Hunter;0,9681
Mike Flanagan;3;Bob Welch;0,9681
Mike Flanagan;4;Jack McDowell;0,9544
Mike Flanagan;5;Steve Stone;0,9505
Dave Fleming;1;Felipe Alou;1,0
Dave Fleming;2;Matty Alou;1,0
Dave Fleming;3;Bobby Avila;1,0
Dave Fleming;4;Tony Bernazard;1,0
Dave Fleming;5;Smoky Burgess;1,0
David Fletcher;1;Kevin Young;1,0
David Fletcher;2;Yonder Alonso;1,0
David Fletcher;3;Oscar Zamora;1,0
David Fletcher;4;Gary Alexander;1,0
David Fletcher;5;Mike Young;1,0
Scott Fletcher;1;Nick Esasky;1,0
Scott Fletcher;2;Josh Harrison;1,0
Scott Fletcher;3;Art Howe;1,0
Scott Fletcher;4;Glenallen Hill;1,0
Scott Fletcher;5;Mike Davis;1,0
Curt Flood;1;Dwayne Murphy;0,9987
Curt Flood;2;Bob Boone;0,9927
Curt Flood;3;Paul Blair;0,9901
Curt Flood;4;Bill White;0,9868
Curt Flood;5;Vic Power;0,9862
Cliff Floyd;1;Carlos Martinez;1,0
Cliff Floyd;2;Todd Zeile;1,0
Cliff Floyd;3;Candy Maldonado;1,0
Cliff Floyd;4;Ray Durham;1,0
Cliff Floyd;5;David Segui;1,0
Gavin Floyd;1;Wandy Rodriguez;1,0
Gavin Floyd;2;Andy Hawkins;1,0
Gavin Floyd;3;Rick Helling;1,0
Gavin Floyd;4;Ken Hill;1,0
Gavin Floyd;5;Erik Hanson;1,0
Doug Flynn;1;Juan Lagares;1,0
Doug Flynn;2;Jay Buhner;1,0
Doug Flynn;3;Bronson Arroyo;1,0
Doug Flynn;4;Jose Lind;1,0
Doug Flynn;5;Jody Davis;1,0
Lew Fonseca;1;Eddie Ainsmith;1,0
Lew Fonseca;2;Dode Paskert;1,0
Lew Fonseca;3;Marv Owen;1,0
Lew Fonseca;4;Jesse Barnes;1,0
Lew Fonseca;5;Dick Newsome;1,0
Barry Foote;1;Kevin Young;1,0
Barry Foote;2;Yonder Alonso;1,0
Barry Foote;3;Oscar Zamora;1,0
Barry Foote;4;Gary Alexander;1,0
Barry Foote;5;Mike Young;1,0
Dan Ford;1;Kevin Young;1,0
Dan Ford;2;Yonder Alonso;1,0
Dan Ford;3;Oscar Zamora;1,0
Dan Ford;4;Gary Alexander;1,0
Dan Ford;5;Mike Young;1,0
Lew Ford;1;Kevin Young;1,0
Lew Ford;2;Yonder Alonso;1,0
Lew Ford;3;Oscar Zamora;1,0
Lew Ford;4;Gary Alexander;1,0
Lew Ford;5;Mike Young;1,0
Whitey Ford;1;Frank Viola;0,7673
Whitey Ford;2;Tom Glavine;0,738
Whitey Ford;3;Bob Gibson;0,7262
Whitey Ford;4;Bob Lemon;0,6339
Whitey Ford;5;Billy Pierce;0,6231
Mike Fornieles;1;Ken Sanders;1,0
Mike Fornieles;2;Dave Giusti;1,0
Mike Fornieles;3;Eddie Fisher;1,0
Mike Fornieles;4;Roy Face;1,0
Mike Fornieles;5;Minnie Rojas;1,0
Bob Forsch;1;Luis Arraez;0,9658
Bob Forsch;2;Josh Willingham;0,9098
Bob Forsch;3;Brent Rooker;0,9098
Bob Forsch;4;John Valentin;0,9098
Bob Forsch;5;Carlos Quentin;0,9098
Ken Forsch;1;Don Aase;1,0
Ken Forsch;2;Scott McGregor;1,0
Ken Forsch;3;Charlie Lea;1,0
Ken Forsch;4;Frankie Montas;1,0
Ken Forsch;5;Kent Mercker;1,0
Terry Forster;1;Ugueth Urbina;1,0
Terry Forster;2;Tom Hume;1,0
Terry Forster;3;Doug Jones;1,0
Terry Forster;4;Jack Aker;0,9904
Terry Forster;5;Luis Arroyo;0,9904
Logan Forsythe;1;Kevin Young;1,0
Logan Forsythe;2;Yonder Alonso;1,0
Logan Forsythe;3;Oscar Zamora;1,0
Logan Forsythe;4;Gary Alexander;1,0
Logan Forsythe;5;Mike Young;1,0
Ray Fosse;1;Dansby Swanson;1,0
Ray Fosse;2;Johnny Edwards;1,0
Ray Fosse;3;Frank Malzone;0,9685
Ray Fosse;4;Sherm Lollar;0,9685
Ray Fosse;5;Joe Pepitone;0,9685
George Foster;1;Tony Armas;0,7444
George Foster;2;Jim Rice;0,7352
George Foster;3;Bobby Bonds;0,7166
George Foster;4;Willie McGee;0,7098
George Foster;5;Don Mattingly;0,6967
Roy Foster;1;Butch Wynegar;1,0
Roy Foster;2;Craig Worthington;1,0
Roy Foster;3;Greg Gross;1,0
Roy Foster;4;Brad Wilkerson;1,0
Roy Foster;5;Pat Putnam;1,0
Keith Foulke;1;Billy Koch;0,7874
Keith Foulke;2;Armando Benitez;0,7874
Keith Foulke;3;Zack Britton;0,7833
Keith Foulke;4;Chad Cordero;0,7385
Keith Foulke;5;Heath Bell;0,725
Nellie Fox;1;Willie McGee;0,8734
Nellie Fox;2;Hank Sauer;0,8659
Nellie Fox;3;Jackie Jensen;0,8378
Nellie Fox;4;Roger Maris;0,8255
Nellie Fox;5;Roy Campanella;0,8062
Pete Fox;1;Babe Adams;1,0
Pete Fox;2;Jim Bagby;1,0
Pete Fox;3;Ivey Wingo;1,0
Pete Fox;4;Red Lucas;1,0
Pete Fox;5;Dolf Luque;1,0
Jimmie Foxx;1;Lou Gehrig;0,9925
Jimmie Foxx;2;Chuck Klein;0,9646
Jimmie Foxx;3;Hank Greenberg;0,9037
Jimmie Foxx;4;Frank McCormick;0,8927
Jimmie Foxx;5;Mort Cooper;0,8892
Bowden Francis;1;Don Aase;1,0
Bowden Francis;2;Scott McGregor;1,0
Bowden Francis;3;Charlie Lea;1,0
Bowden Francis;4;Frankie Montas;1,0
Bowden Francis;5;Kent Mercker;1,0
Frank Francisco;1;Paul DeJong;1,0
Frank Francisco;2;Blake DeWitt;1,0
Frank Francisco;3;Ryan Drese;1,0
Frank Francisco;4;Reed Johnson;1,0
Frank Francisco;5;Bobby Dalbec;1,0
Jeff Francoeur;1;Ruben Amaro;1,0
Jeff Francoeur;2;Masyn Winn;1,0
Jeff Francoeur;3;Charlie Neal;1,0
Jeff Francoeur;4;Randy Hundley;1,0
Jeff Francoeur;5;Mark Grudzielanek;1,0
John Franco;1;Lee Smith;0,9035
John Franco;2;Jeff Reardon;0,8911
John Franco;3;Rich Gossage;0,8904
John Franco;4;Dan Quisenberry;0,8843
John Franco;5;Bill Campbell;0,8792
Julio Franco;1;Brian McCann;0,9738
Julio Franco;2;Dave Concepcion;0,8082
Julio Franco;3;Fred McGriff;0,803
Julio Franco;4;Alfonso Soriano;0,7928
Julio Franco;5;Juan Marichal;0,7813
Maikel Franco;1;Paul DeJong;1,0
Maikel Franco;2;Blake DeWitt;1,0
Maikel Franco;3;Ryan Drese;1,0
Maikel Franco;4;Reed Johnson;1,0
Maikel Franco;5;Bobby Dalbec;1,0
Ty France;1;Kyle Seager;1,0
Ty France;2;Rick Manning;1,0
Ty France;3;Sixto Lezcano;1,0
Ty France;4;Adam Duvall;1,0
Ty France;5;Brett Gardner;0,9498
Ryan Franklin;1;Robb Nen;0,945
Ryan Franklin;2;Joe Borowski;0,9389
Ryan Franklin;3;Chad Cordero;0,8683
Ryan Franklin;4;Kenley Jansen;0,8404
Ryan Franklin;5;Billy Koch;0,8284
Adam Frazier;1;Kevin Young;1,0
Adam Frazier;2;Yonder Alonso;1,0
Adam Frazier;3;Oscar Zamora;1,0
Adam Frazier;4;Gary Alexander;1,0
Adam Frazier;5;Mike Young;1,0
Todd Frazier;1;Ryan Mountcastle;1,0
Todd Frazier;2;Colton Cowser;1,0
Todd Frazier;3;Terrence Long;0,9253
Todd Frazier;4;Angel Berroa;0,8477
Todd Frazier;5;Marty Cordova;0,7747
Bill Freehan;1;Del Crandall;0,994
Bill Freehan;2;Joe Rudi;0,9744
Bill Freehan;3;Earl Battey;0,9546
Bill Freehan;4;Bobby Grich;0,9482
Bill Freehan;5;Cesar Cedeno;0,9248
Freddie Freeman;1;Jose Ramirez;0,7056
Freddie Freeman;2;Jose Altuve;0,6984
Freddie Freeman;3;Aaron Judge;0,6967
Freddie Freeman;4;Ronald Acuña;0,6219
Freddie Freeman;5;Shohei Ohtani;0,6099
David Freese;1;Madison Bumgarner;0,8205
David Freese;2;Pablo Sandoval;0,7755
David Freese;3;Tim Lincecum;0,6244
David Freese;4;Allen Craig;0,5537
David Freese;5;Joe Panik;0,5533
Jim Fregosi;1;Glenn Beckert;0,9637
Jim Fregosi;2;Davey Lopes;0,9487
Jim Fregosi;3;Gene Alley;0,9438
Jim Fregosi;4;Jim Bunning;0,9265
Jim Fregosi;5;Johnny Pesky;0,9265
Nate Freiman;1;Paul DeJong;1,0
Nate Freiman;2;Blake DeWitt;1,0
Nate Freiman;3;Ryan Drese;1,0
Nate Freiman;4;Reed Johnson;1,0
Nate Freiman;5;Bobby Dalbec;1,0
Dave Freisleben;1;Kevin Young;1,0
Dave Freisleben;2;Yonder Alonso;1,0
Dave Freisleben;3;Oscar Zamora;1,0
Dave Freisleben;4;Gary Alexander;1,0
Dave Freisleben;5;Mike Young;1,0
Sal Frelick;1;Ruben Amaro;1,0
Sal Frelick;2;Masyn Winn;1,0
Sal Frelick;3;Charlie Neal;1,0
Sal Frelick;4;Randy Hundley;1,0
Sal Frelick;5;Mark Grudzielanek;1,0
Larry French;1;Eddie Ainsmith;1,0
Larry French;2;Dode Paskert;1,0
Larry French;3;Marv Owen;1,0
Larry French;4;Jesse Barnes;1,0
Larry French;5;Dick Newsome;1,0
Lonny Frey;1;Eddie Ainsmith;1,0
Lonny Frey;2;Dode Paskert;1,0
Lonny Frey;3;Marv Owen;1,0
Lonny Frey;4;Jesse Barnes;1,0
Lonny Frey;5;Dick Newsome;1,0
Max Fried;1;Zack Wheeler;0,9355
Max Fried;2;Framber Valdez;0,8793
Max Fried;3;J. T. Realmuto;0,7735
Max Fried;4;Dylan Cease;0,7552
Max Fried;5;Sonny Gray;0,7246
Bob Friend;1;Felipe Alou;1,0
Bob Friend;2;Matty Alou;1,0
Bob Friend;3;Bobby Avila;1,0
Bob Friend;4;Tony Bernazard;1,0
Bob Friend;5;Smoky Burgess;1,0
Frankie Frisch;1;Gabby Hartnett;0,9994
Frankie Frisch;2;Paul Waner;0,9836
Frankie Frisch;3;Jake Daubert;0,9685
Frankie Frisch;4;George Sisler;0,9676
Frankie Frisch;5;Babe Ruth;0,9565
Travis Fryman;1;Rick Burleson;0,932
Travis Fryman;2;Bobby Murcer;0,9075
Travis Fryman;3;Willie Randolph;0,8462
Travis Fryman;4;Ted Simmons;0,8197
Travis Fryman;5;Davey Lopes;0,8162
Woodie Fryman;1;Kevin Young;1,0
Woodie Fryman;2;Yonder Alonso;1,0
Woodie Fryman;3;Oscar Zamora;1,0
Woodie Fryman;4;Gary Alexander;1,0
Woodie Fryman;5;Mike Young;1,0
Joshua Fuentes;1;Kevin Young;1,0
Joshua Fuentes;2;Yonder Alonso;1,0
Joshua Fuentes;3;Oscar Zamora;1,0
Joshua Fuentes;4;Gary Alexander;1,0
Joshua Fuentes;5;Mike Young;1,0
Michael Fulmer;1;Kyle Lewis;1,0
Michael Fulmer;2;Huston Street;0,9668
Michael Fulmer;3;Bobby Crosby;0,9648
Michael Fulmer;4;Jonathan India;0,9631
Michael Fulmer;5;Wil Myers;0,9577
Rafael Furcal;1;Gabe Kapler;0,8214
Rafael Furcal;2;Steven Souza;0,8214
Rafael Furcal;3;Dewayne Wise;0,8196
Rafael Furcal;4;Ben Revere;0,8063
Rafael Furcal;5;Melky Cabrera;0,7543
Carl Furillo;1;Rip Sewell;1,0
Carl Furillo;2;Birdie Tebbetts;1,0
Carl Furillo;3;Mel Parnell;1,0
Carl Furillo;4;Glenn Wright;1,0
Carl Furillo;5;Ewell Blackwell;1,0
Gary Gaetti;1;Marquis Grissom;0,9833
Gary Gaetti;2;Frank White;0,9544
Gary Gaetti;3;Lorenzo Cain;0,9541
Gary Gaetti;4;Alcides Escobar;0,9514
Gary Gaetti;5;Jackie Bradley;0,9426
Eric Gagne;1;Heath Bell;0,797
Eric Gagne;2;Zack Britton;0,7682
Eric Gagne;3;Armando Benitez;0,7648
Eric Gagne;4;Billy Koch;0,7648
Eric Gagne;5;Chad Cordero;0,7435
Greg Gagne;1;Kevin Young;1,0
Greg Gagne;2;Yonder Alonso;1,0
Greg Gagne;3;Oscar Zamora;1,0
Greg Gagne;4;Gary Alexander;1,0
Greg Gagne;5;Mike Young;1,0
Andres Galarraga;1;Greg Vaughn;0,9261
Andres Galarraga;2;Adam Dunn;0,9077
Andres Galarraga;3;Mike Lieberthal;0,8819
Andres Galarraga;4;Hunter Pence;0,8737
Andres Galarraga;5;Darren Daulton;0,8715
Armando Galarraga;1;Bill Mueller;0,997
Armando Galarraga;2;Clay Buchholz;0,9896
Armando Galarraga;3;Jon Lester;0,7745
Armando Galarraga;4;Mark Buehrle;0,7552
Armando Galarraga;5;Derek Jeter;0,5052
Rich Gale;1;Jim Nash;1,0
Rich Gale;2;Mike Nagy;1,0
Rich Gale;3;Rolando Arrojo;1,0
Rich Gale;4;Craig McMurtry;1,0
Rich Gale;5;Billy McCool;1,0
Yovani Gallardo;1;Alex Avila;1,0
Yovani Gallardo;2;Wil Cordero;1,0
Yovani Gallardo;3;Jose Vidro;1,0
Yovani Gallardo;4;Travis d'Arnaud;1,0
Yovani Gallardo;5;Anthony Santander;1,0
Zac Gallen;1;Walker Buehler;0,9551
Zac Gallen;2;Nick Anderson;0,8922
Zac Gallen;3;Corbin Burnes;0,8681
Zac Gallen;4;Adley Rutschman;0,8347
Zac Gallen;5;Austin Riley;0,7822
Joey Gallo;1;Felix Millan;1,0
Joey Gallo;2;Luis Castillo;0,9683
Joey Gallo;3;Fernando Vina;0,9494
Joey Gallo;4;Tucker Barnhart;0,9494
Joey Gallo;5;Patrick Bailey;0,9494
Oscar Gamble;1;Bill Doran;1,0
Oscar Gamble;2;Craig Wilson;1,0
Oscar Gamble;3;Vinnie Pasquantino;1,0
Oscar Gamble;4;Luke Scott;1,0
Oscar Gamble;5;Johnny Cueto;1,0
Jim Gantner;1;Jonathan Schoop;1,0
Jim Gantner;2;Adam Eaton;1,0
Jim Gantner;3;Dan Driessen;1,0
Jim Gantner;4;Oddibe McDowell;1,0
Jim Gantner;5;Len Barker;1,0
Ron Gant;1;Brandon Drury;0,9864
Ron Gant;2;Tim Leary;0,9864
Ron Gant;3;Norm Cash;0,9731
Ron Gant;4;Gorman Thomas;0,9701
Ron Gant;5;Jim Wynn;0,9576
Adolis Garcia;1;Randy Arozarena;0,6923
Adolis Garcia;2;Jeremy Peña;0,6471
Adolis Garcia;3;Yordan Alvarez;0,6312
Adolis Garcia;4;Dave Stewart;0,6242
Adolis Garcia;5;Matt Garza;0,5956
Damaso Garcia;1;Willie Randolph;0,964
Damaso Garcia;2;Garry Templeton;0,9383
Damaso Garcia;3;Mike Stanley;0,9133
Damaso Garcia;4;Eric Young;0,9133
Damaso Garcia;5;Edgardo Alfonzo;0,9133
Freddy Garcia;1;Wandy Rodriguez;1,0
Freddy Garcia;2;Andy Hawkins;1,0
Freddy Garcia;3;Rick Helling;1,0
Freddy Garcia;4;Ken Hill;1,0
Freddy Garcia;5;Erik Hanson;1,0
Jaime Garcia;1;Kevin Young;1,0
Jaime Garcia;2;Yonder Alonso;1,0
Jaime Garcia;3;Oscar Zamora;1,0
Jaime Garcia;4;Gary Alexander;1,0
Jaime Garcia;5;Mike Young;1,0
Karim Garcia;1;Kevin Young;1,0
Karim Garcia;2;Yonder Alonso;1,0
Karim Garcia;3;Oscar Zamora;1,0
Karim Garcia;4;Gary Alexander;1,0
Karim Garcia;5;Mike Young;1,0
Maikel Garcia;1;Ruben Amaro;1,0
Maikel Garcia;2;Masyn Winn;1,0
Maikel Garcia;3;Charlie Neal;1,0
Maikel Garcia;4;Randy Hundley;1,0
Maikel Garcia;5;Mark Grudzielanek;1,0
Nomar Garciaparra;1;Lance Berkman;0,7449
Nomar Garciaparra;2;Dmitri Young;0,7179
Nomar Garciaparra;3;Trey Mancini;0,708
Nomar Garciaparra;4;Carlos Peña;0,7048
Nomar Garciaparra;5;Matt Harvey;0,7033
Brett Gardner;1;Carlos Gomez;1,0
Brett Gardner;2;Jose Cruz;1,0
Brett Gardner;3;Josh Reddick;1,0
Brett Gardner;4;Kyle Seager;0,9498
Brett Gardner;5;Adam Duvall;0,9498
Larry Gardner;1;Art Devlin;1,0
Larry Gardner;2;Ross Youngs;1,0
Larry Gardner;3;Stuffy McInnis;1,0
Larry Gardner;4;Joe Dugan;1,0
Larry Gardner;5;Heinie Zimmerman;1,0
Jon Garland;1;Don Aase;1,0
Jon Garland;2;Scott McGregor;1,0
Jon Garland;3;Charlie Lea;1,0
Jon Garland;4;Frankie Montas;1,0
Jon Garland;5;Kent Mercker;1,0
Phil Garner;1;James Shields;1,0
Phil Garner;2;Bobby Higginson;1,0
Phil Garner;3;Hal Morris;1,0
Phil Garner;4;A. J. Burnett;1,0
Phil Garner;5;Jason Thompson;1,0
Scott Garrelts;1;Bill Doran;1,0
Scott Garrelts;2;Craig Wilson;1,0
Scott Garrelts;3;Vinnie Pasquantino;1,0
Scott Garrelts;4;Luke Scott;1,0
Scott Garrelts;5;Johnny Cueto;1,0
Wayne Garrett;1;Kevin Young;1,0
Wayne Garrett;2;Yonder Alonso;1,0
Wayne Garrett;3;Oscar Zamora;1,0
Wayne Garrett;4;Gary Alexander;1,0
Wayne Garrett;5;Mike Young;1,0
Ralph Garr;1;Jeff King;1,0
Ralph Garr;2;Kevin Bass;1,0
Ralph Garr;3;Chris Hoiles;1,0
Ralph Garr;4;Eduardo Escobar;1,0
Ralph Garr;5;Bob Watson;1,0
Mitch Garver;1;Anthony Santander;1,0
Mitch Garver;2;Geraldo Perdomo;1,0
Mitch Garver;3;Yovani Gallardo;1,0
Mitch Garver;4;Wilson Ramos;1,0
Mitch Garver;5;Travis d'Arnaud;1,0
Steve Garvey;1;Justin Turner;0,6512
Steve Garvey;2;Manny Trillo;0,6381
Steve Garvey;3;Javier Baez;0,6381
Steve Garvey;4;Steve Avery;0,6364
Steve Garvey;5;Mike Devereaux;0,6364
Matt Garza;1;Adam Kennedy;1,0
Matt Garza;2;Koji Uehara;0,9975
Matt Garza;3;Marty Barrett;0,9975
Matt Garza;4;Alcides Escobar;0,9937
Matt Garza;5;Lorenzo Cain;0,9914
Evan Gattis;1;Nomar Mazara;1,0
Evan Gattis;2;Brian Bannister;1,0
Evan Gattis;3;Tyler Naquin;1,0
Evan Gattis;4;Frank Schwindel;1,0
Evan Gattis;5;Gustavo Chacin;0,9944
Chad Gaudin;1;Kevin Young;1,0
Chad Gaudin;2;Yonder Alonso;1,0
Chad Gaudin;3;Oscar Zamora;1,0
Chad Gaudin;4;Gary Alexander;1,0
Chad Gaudin;5;Mike Young;1,0
Kevin Gausman;1;Hyun Jin Ryu;1,0
Kevin Gausman;2;Julio Urias;0,9853
Kevin Gausman;3;Hunter Brown;0,9717
Kevin Gausman;4;Cristopher Sanchez;0,9717
Kevin Gausman;5;Junior Caminero;0,969
Rich Gedman;1;Butch Wynegar;0,9917
Rich Gedman;2;Craig Worthington;0,9917
Rich Gedman;3;Roy Foster;0,9917
Rich Gedman;4;Coco Laboy;0,9917
Rich Gedman;5;Brad Wilkerson;0,9917
Charlie Gehringer;1;Joe Gordon;0,9947
Charlie Gehringer;2;Al Simmons;0,9688
Charlie Gehringer;3;Joe Cronin;0,9536
Charlie Gehringer;4;Dizzy Dean;0,9511
Charlie Gehringer;5;Joe DiMaggio;0,9419
Lou Gehrig;1;Jimmie Foxx;0,9925
Lou Gehrig;2;Chuck Klein;0,9702
Lou Gehrig;3;Mort Cooper;0,8903
Lou Gehrig;4;Hank Greenberg;0,8895
Lou Gehrig;5;Frank McCormick;0,878
Zack Gelof;1;Spencer Arrighetti;1,0
Zack Gelof;2;Collin McHugh;1,0
Zack Gelof;3;Brian Matusz;1,0
Zack Gelof;4;Steven Matz;1,0
Zack Gelof;5;David Murphy;1,0
Scooter Gennett;1;Martin Prado;1,0
Scooter Gennett;2;B. J. Upton;1,0
Scooter Gennett;3;Eugenio Suarez;0,9778
Scooter Gennett;4;Brian Jordan;0,9778
Scooter Gennett;5;Gary Ward;0,9778
Domingo German;1;Kevin Young;1,0
Domingo German;2;Yonder Alonso;1,0
Domingo German;3;Oscar Zamora;1,0
Domingo German;4;Gary Alexander;1,0
Domingo German;5;Mike Young;1,0
Cesar Geronimo;1;Charles Johnson;1,0
Cesar Geronimo;2;Mickey Stanley;1,0
Cesar Geronimo;3;Mike Matheny;1,0
Cesar Geronimo;4;Doug Rader;0,9945
Cesar Geronimo;5;Gary Pettis;0,9945
Jody Gerut;1;Butch Wynegar;1,0
Jody Gerut;2;Craig Worthington;1,0
Jody Gerut;3;Greg Gross;1,0
Jody Gerut;4;Brad Wilkerson;1,0
Jody Gerut;5;Pat Putnam;1,0
Jason Giambi;1;Lance Berkman;0,7859
Jason Giambi;2;Tim Hudson;0,7636
Jason Giambi;3;Aaron Hill;0,7125
Jason Giambi;4;Dmitri Young;0,7082
Jason Giambi;5;Trey Mancini;0,7055
Bob Gibson;1;Frank Viola;0,8391
Bob Gibson;2;Tom Glavine;0,7481
Bob Gibson;3;Whitey Ford;0,7262
Bob Gibson;4;Scott Brosius;0,7239
Bob Gibson;5;Bob Turley;0,71
George Gibson;1;Jack Meyers;1,0
George Gibson;2;Chick Hafey;1,0
George Gibson;3;Charlie Hollocher;1,0
George Gibson;4;Willie Kamm;1,0
George Gibson;5;Eppa Rixey;1,0
Kirk Gibson;1;Adam Kennedy;0,8621
Kirk Gibson;2;Matt Garza;0,8621
Kirk Gibson;3;Lorenzo Cain;0,8545
Kirk Gibson;4;Delmon Young;0,8516
Kirk Gibson;5;Graig Nettles;0,8478
Logan Gilbert;1;Don Aase;1,0
Logan Gilbert;2;Scott McGregor;1,0
Logan Gilbert;3;Charlie Lea;1,0
Logan Gilbert;4;Frankie Montas;1,0
Logan Gilbert;5;Kent Mercker;1,0
Tyler Gilbert;1;Kevin Young;1,0
Tyler Gilbert;2;Yonder Alonso;1,0
Tyler Gilbert;3;Oscar Zamora;1,0
Tyler Gilbert;4;Gary Alexander;1,0
Tyler Gilbert;5;Mike Young;1,0
Brian Giles;1;Wally Joyner;1,0
Brian Giles;2;A. J. Burnett;0,9897
Brian Giles;3;Rougned Odor;0,9897
Brian Giles;4;Bobby Higginson;0,9897
Brian Giles;5;Phil Garner;0,9897
Marcus Giles;1;Felipe Alou;1,0
Marcus Giles;2;Matty Alou;1,0
Marcus Giles;3;Bobby Avila;1,0
Marcus Giles;4;Tony Bernazard;1,0
Marcus Giles;5;Smoky Burgess;1,0
Jim Gilliam;1;Tony Kubek;1,0
Jim Gilliam;2;Harvey Kuenn;1,0
Jim Gilliam;3;Albie Pearson;1,0
Jim Gilliam;4;Tom Tresh;0,9957
Jim Gilliam;5;Joe Black;0,9945
Luis Gil;1;Jeremy Hellickson;0,991
Luis Gil;2;Chris Coghlan;0,9669
Luis Gil;3;Neftali Feliz;0,9669
Luis Gil;4;Andrew Bailey;0,9605
Luis Gil;5;Steve Howe;0,8477
Andres Gimenez;1;Brice Turang;0,9832
Andres Gimenez;2;Nolan Arenado;0,842
Andres Gimenez;3;Matt Chapman;0,8253
Andres Gimenez;4;Kevin Kiermaier;0,822
Andres Gimenez;5;Jose Trevino;0,8048
Keith Ginter;1;Kevin Young;1,0
Keith Ginter;2;Yonder Alonso;1,0
Keith Ginter;3;Oscar Zamora;1,0
Keith Ginter;4;Gary Alexander;1,0
Keith Ginter;5;Mike Young;1,0
Lucas Giolito;1;Tommy Greene;1,0
Lucas Giolito;2;Bob Stanley;1,0
Lucas Giolito;3;Noah Lowry;1,0
Lucas Giolito;4;Jim Clancy;1,0
Lucas Giolito;5;Mike Moore;1,0
Dave Giusti;1;Ken Sanders;1,0
Dave Giusti;2;Minnie Rojas;1,0
Dave Giusti;3;Eddie Fisher;1,0
Dave Giusti;4;Roy Face;1,0
Dave Giusti;5;Mike Fornieles;1,0
Dan Gladden;1;Luke Scott;1,0
Dan Gladden;2;Craig Wilson;1,0
Dan Gladden;3;Bill Doran;1,0
Dan Gladden;4;Johnny Cueto;1,0
Dan Gladden;5;Vinnie Pasquantino;1,0
Tyler Glasnow;1;John Tudor;0,9832
Tyler Glasnow;2;Matt Keough;0,9701
Tyler Glasnow;3;Bob Knepper;0,9643
Tyler Glasnow;4;Joaquin Andujar;0,9402
Tyler Glasnow;5;Jerry Reuss;0,9136
Troy Glaus;1;Gene Tenace;0,9603
Troy Glaus;2;Scott Brosius;0,9507
Troy Glaus;3;Bucky Dent;0,9388
Troy Glaus;4;Ralph Terry;0,9276
Troy Glaus;5;David Eckstein;0,9235
Tom Glavine;1;Frank Viola;0,8895
Tom Glavine;2;Bret Saberhagen;0,775
Tom Glavine;3;Bob Gibson;0,7481
Tom Glavine;4;Whitey Ford;0,738
Tom Glavine;5;Jack Morris;0,7278
Ross Gload;1;Spencer Arrighetti;1,0
Ross Gload;2;Collin McHugh;1,0
Ross Gload;3;Brian Matusz;1,0
Ross Gload;4;Steven Matz;1,0
Ross Gload;5;David Murphy;1,0
Paul Goldschmidt;1;Christian Yelich;0,8104
Paul Goldschmidt;2;Joey Votto;0,7619
Paul Goldschmidt;3;Jose Bautista;0,7511
Paul Goldschmidt;4;Manny Ramirez;0,7135
Paul Goldschmidt;5;Bryce Harper;0,6902
Yan Gomes;1;Edgardo Alfonzo;1,0
Yan Gomes;2;Eric Young;1,0
Yan Gomes;3;Donovan Solano;1,0
Yan Gomes;4;Matt Nokes;1,0
Yan Gomes;5;Cedric Mullins;1,0
Carlos Gomez;1;Jose Cruz;1,0
Carlos Gomez;2;Josh Reddick;1,0
Carlos Gomez;3;Brett Gardner;1,0
Carlos Gomez;4;Sixto Lezcano;0,9498
Carlos Gomez;5;Ty France;0,9498
Lefty Gomez;1;Pete Alexander;0,9868
Lefty Gomez;2;Hippo Vaughn;0,9839
Lefty Gomez;3;Cy Young;0,9759
Lefty Gomez;4;Christy Mathewson;0,9759
Lefty Gomez;5;Rube Waddell;0,9649
Adrian Gonzalez;1;Mark Teixeira;0,9439
Adrian Gonzalez;2;Bobby Abreu;0,861
Adrian Gonzalez;3;Charlie Blackmon;0,8313
Adrian Gonzalez;4;AJ Pollock;0,83
Adrian Gonzalez;5;Jay Bruce;0,8255
Alex Gonzalez;1;Kevin Young;1,0
Alex Gonzalez;2;Yonder Alonso;1,0
Alex Gonzalez;3;Oscar Zamora;1,0
Alex Gonzalez;4;Gary Alexander;1,0
Alex Gonzalez;5;Mike Young;1,0
Carlos Gonzalez;1;Andruw Jones;0,7639
Carlos Gonzalez;2;J. D. Martinez;0,7203
Carlos Gonzalez;3;Jose Altuve;0,6788
Carlos Gonzalez;4;Carlos Delgado;0,6725
Carlos Gonzalez;5;Barry Bonds;0,5939
Gio Gonzalez;1;Don Aase;1,0
Gio Gonzalez;2;Scott McGregor;1,0
Gio Gonzalez;3;Charlie Lea;1,0
Gio Gonzalez;4;Frankie Montas;1,0
Gio Gonzalez;5;Kent Mercker;1,0
Jose Gonzalez;1;Kevin Young;1,0
Jose Gonzalez;2;Yonder Alonso;1,0
Jose Gonzalez;3;Oscar Zamora;1,0
Jose Gonzalez;4;Gary Alexander;1,0
Jose Gonzalez;5;Mike Young;1,0
Juan Gonzalez;1;Justin Morneau;0,9363
Juan Gonzalez;2;Jeff Kent;0,9171
Juan Gonzalez;3;Mo Vaughn;0,7973
Juan Gonzalez;4;Wade Boggs;0,7546
Juan Gonzalez;5;Robin Yount;0,7022
Luis Gonzalez;1;Vernon Wells;0,9542
Luis Gonzalez;2;Bobby Valentine;0,9514
Luis Gonzalez;3;Roland Hemond;0,9514
Luis Gonzalez;4;Brett Butler;0,8497
Luis Gonzalez;5;Todd Stottlemyre;0,8283
Luis Gonzalez;1;Spencer Arrighetti;1,0
Luis Gonzalez;2;Collin McHugh;1,0
Luis Gonzalez;3;Brian Matusz;1,0
Luis Gonzalez;4;Steven Matz;1,0
Luis Gonzalez;5;David Murphy;1,0
Dwight Gooden;1;Fernando Valenzuela;0,7496
Dwight Gooden;2;Hideo Nomo;0,7007
Dwight Gooden;3;Jake Peavy;0,6783
Dwight Gooden;4;Roger Clemens;0,633
Dwight Gooden;5;Dontrelle Willis;0,6269
Hunter Goodman;1;Michael Cuddyer;1,0
Hunter Goodman;2;Riley Greene;1,0
Hunter Goodman;3;A. J. Pierzynski;1,0
Hunter Goodman;4;Damion Easley;1,0
Hunter Goodman;5;Michael Barrett;1,0
Ival Goodman;1;Eddie Ainsmith;1,0
Ival Goodman;2;Dode Paskert;1,0
Ival Goodman;3;Marv Owen;1,0
Ival Goodman;4;Jesse Barnes;1,0
Ival Goodman;5;Dick Newsome;1,0
Alex Gordon;1;Kevin Kiermaier;0,8596
Alex Gordon;2;Matt Chapman;0,8544
Alex Gordon;3;Nolan Arenado;0,8147
Alex Gordon;4;Jose Trevino;0,8068
Alex Gordon;5;Andres Gimenez;0,7136
Dee Strange-Gordon;1;Mark Loretta;0,9901
Dee Strange-Gordon;2;Ron Oester;0,9864
Dee Strange-Gordon;3;Gary Nolan;0,9864
Dee Strange-Gordon;4;Dustin McGowan;0,9864
Dee Strange-Gordon;5;Bill Wegman;0,9864
Joe Gordon;1;Charlie Gehringer;0,9947
Joe Gordon;2;Dizzy Dean;0,9675
Joe Gordon;3;Joe Cronin;0,96
Joe Gordon;4;Al Simmons;0,9588
Joe Gordon;5;Joe DiMaggio;0,952
Sid Gordon;1;Eddie Ainsmith;1,0
Sid Gordon;2;Dode Paskert;1,0
Sid Gordon;3;Marv Owen;1,0
Sid Gordon;4;Jesse Barnes;1,0
Sid Gordon;5;Dick Newsome;1,0
Tom Gordon;1;Bryan Harvey;1,0
Tom Gordon;2;Steve Bedrosian;0,9042
Tom Gordon;3;Dave Righetti;0,8677
Tom Gordon;4;Todd Worrell;0,8573
Tom Gordon;5;Frank Linzy;0,7339
Nolan Gorman;1;Kevin Young;1,0
Nolan Gorman;2;Yonder Alonso;1,0
Nolan Gorman;3;Oscar Zamora;1,0
Nolan Gorman;4;Gary Alexander;1,0
Nolan Gorman;5;Mike Young;1,0
Tom Gorzelanny;1;Kevin Young;1,0
Tom Gorzelanny;2;Yonder Alonso;1,0
Tom Gorzelanny;3;Oscar Zamora;1,0
Tom Gorzelanny;4;Gary Alexander;1,0
Tom Gorzelanny;5;Mike Young;1,0
Goose Goslin;1;Freddie Lindstrom;1,0
Goose Goslin;2;Dave Ferriss;0,9774
Goose Goslin;3;Pinky Higgins;0,9774
Goose Goslin;4;Dick Wakefield;0,9774
Goose Goslin;5;Allie Reynolds;0,9684
Rich Gossage;1;Jeff Reardon;0,9979
Rich Gossage;2;Lee Smith;0,9763
Rich Gossage;3;Bobby Thigpen;0,9396
Rich Gossage;4;Jeff Shaw;0,9396
Rich Gossage;5;Bill Campbell;0,9387
Yuli Gurriel;1;Austin Meadows;0,9726
Yuli Gurriel;2;Aristides Aquino;0,9533
Yuli Gurriel;3;Yasiel Puig;0,9151
Yuli Gurriel;4;Wyatt Langford;0,9062
Yuli Gurriel;5;Andrew Benintendi;0,8875
Hank Gowdy;1;Eddie Ainsmith;1,0
Hank Gowdy;2;Dode Paskert;1,0
Hank Gowdy;3;Marv Owen;1,0
Hank Gowdy;4;Jesse Barnes;1,0
Hank Gowdy;5;Dick Newsome;1,0
Mark Grace;1;Mike Morse;0,9267
Mark Grace;2;Jason Michaels;0,9267
Mark Grace;3;Todd Helton;0,8833
Mark Grace;4;Sean Casey;0,8506
Mark Grace;5;Roy Oswalt;0,7916
Curtis Granderson;1;Brandon Inge;0,8357
Curtis Granderson;2;Jim Thome;0,8129
Curtis Granderson;3;Adam Jones;0,7995
Curtis Granderson;4;Rhys Hoskins;0,7992
Curtis Granderson;5;Michael Young;0,7893
Yasmani Grandal;1;Bryan Woo;1,0
Yasmani Grandal;2;Jordan Montgomery;1,0
Yasmani Grandal;3;Kyle Bradish;1,0
Yasmani Grandal;4;Charlie Morton;1,0
Yasmani Grandal;5;Aaron Nola;1,0
Wayne Granger;1;Lindy McDaniel;1,0
Wayne Granger;2;Stu Miller;1,0
Wayne Granger;3;Dick Radatz;1,0
Wayne Granger;4;Ted Abernathy;1,0
Wayne Granger;5;Ron Perranoski;1,0
Mudcat Grant;1;Ron Bryant;1,0
Mudcat Grant;2;Bob Porterfield;1,0
Mudcat Grant;3;Preacher Roe;1,0
Mudcat Grant;4;Ellis Kinder;1,0
Mudcat Grant;5;Sam Jones;1,0
Danny Graves;1;Mike Timlin;1,0
Danny Graves;2;Glenn Davis;0,9844
Danny Graves;3;Pee Wee Reese;0,9698
Danny Graves;4;Gil Hodges;0,9499
Danny Graves;5;Don Kessinger;0,9189
Sam Gray;1;Eddie Ainsmith;1,0
Sam Gray;2;Dode Paskert;1,0
Sam Gray;3;Marv Owen;1,0
Sam Gray;4;Jesse Barnes;1,0
Sam Gray;5;Dick Newsome;1,0
Jon Gray;1;Darren O'Day;1,0
Jon Gray;2;Brad Ziegler;1,0
Jon Gray;3;Griffin Jax;1,0
Jon Gray;4;Ian Kennedy;1,0
Jon Gray;5;Craig Stammen;1,0
Sonny Gray;1;Jack Flaherty;0,9931
Sonny Gray;2;Freddy Peralta;0,9931
Sonny Gray;3;Nathan Eovaldi;0,9931
Sonny Gray;4;Dylan Cease;0,9857
Sonny Gray;5;Hunter Brown;0,9559
Dick Green;1;Al Weis;1,0
Dick Green;2;Dusty Rhodes;1,0
Dick Green;3;Billy Martin;1,0
Dick Green;4;Jerry Coleman;1,0
Dick Green;5;Billy Hatcher;0,9955
Hank Greenberg;1;Frank McCormick;0,9955
Hank Greenberg;2;Dolph Camilli;0,9927
Hank Greenberg;3;Ernie Lombardi;0,985
Hank Greenberg;4;Mort Cooper;0,9737
Hank Greenberg;5;Carl Hubbell;0,944
Hunter Greene;1;Kevin Young;1,0
Hunter Greene;2;Yonder Alonso;1,0
Hunter Greene;3;Oscar Zamora;1,0
Hunter Greene;4;Gary Alexander;1,0
Hunter Greene;5;Mike Young;1,0
Khalil Greene;1;Josh Jung;1,0
Khalil Greene;2;Rocco Baldelli;1,0
Khalil Greene;3;Zach Duke;1,0
Khalil Greene;4;James Outman;1,0
Khalil Greene;5;Gustavo Chacin;1,0
Mike Greenwell;1;Jose Reyes;1,0
Mike Greenwell;2;Lenny Dykstra;0,9609
Mike Greenwell;3;Ben Oglivie;0,9609
Mike Greenwell;4;Kelly Gruber;0,9224
Mike Greenwell;5;Melvin Mora;0,9172
Riley Greene;1;Michael Cuddyer;1,0
Riley Greene;2;Hunter Goodman;1,0
Riley Greene;3;A. J. Pierzynski;1,0
Riley Greene;4;Damion Easley;1,0
Riley Greene;5;Michael Barrett;1,0
Shawn Green;1;Jay Bell;1,0
Shawn Green;2;Carlos Santana;1,0
Shawn Green;3;Russell Martin;0,9266
Shawn Green;4;Jason Varitek;0,9266
Shawn Green;5;Morgan Ensberg;0,8958
Shane Greene;1;Matt Barnes;1,0
Shane Greene;2;Kyle Barraclough;1,0
Shane Greene;3;B. J. Ryan;1,0
Shane Greene;4;Joel Hanrahan;1,0
Shane Greene;5;Takashi Saito;1,0
Tommy Greene;1;Lucas Giolito;1,0
Tommy Greene;2;Bob Stanley;1,0
Tommy Greene;3;Noah Lowry;1,0
Tommy Greene;4;Jim Clancy;1,0
Tommy Greene;5;Mike Moore;1,0
Willie Greene;1;Kevin Young;1,0
Willie Greene;2;Yonder Alonso;1,0
Willie Greene;3;Oscar Zamora;1,0
Willie Greene;4;Gary Alexander;1,0
Willie Greene;5;Mike Young;1,0
Rusty Greer;1;Kevin Young;1,0
Rusty Greer;2;Yonder Alonso;1,0
Rusty Greer;3;Oscar Zamora;1,0
Rusty Greer;4;Gary Alexander;1,0
Rusty Greer;5;Mike Young;1,0
Vean Gregg;1;Lou Fette;1,0
Vean Gregg;2;Pete Fox;1,0
Vean Gregg;3;Larry Benton;1,0
Vean Gregg;4;Johnny Bassler;1,0
Vean Gregg;5;Jack Barry;1,0
Didi Gregorius;1;Dan Meyer;1,0
Didi Gregorius;2;Claudell Washington;1,0
Didi Gregorius;3;Greg Walker;1,0
Didi Gregorius;4;Randy Winn;1,0
Didi Gregorius;5;Willie Crawford;1,0
Zack Greinke;1;Johan Santana;0,8545
Zack Greinke;2;Clayton Kershaw;0,8305
Zack Greinke;3;Mark Prior;0,7553
Zack Greinke;4;R. A. Dickey;0,7401
Zack Greinke;5;Chien-Ming Wang;0,7277
Bobby Grich;1;Bill Freehan;0,9482
Bobby Grich;2;Del Crandall;0,94
Bobby Grich;3;Joe Rudi;0,9349
Bobby Grich;4;Bret Boone;0,9271
Bobby Grich;5;Cesar Cedeno;0,9007
Ben Grieve;1;Bob Hamelin;0,9984
Ben Grieve;2;Raul Mondesi;0,9654
Ben Grieve;3;Eric Hinske;0,9643
Ben Grieve;4;Preston Wilson;0,8941
Ben Grieve;5;Scott Rolen;0,8355
Alfredo Griffin;1;Ted Sizemore;0,95
Alfredo Griffin;2;Sam Jethroe;0,95
Alfredo Griffin;3;John Castino;0,95
Alfredo Griffin;4;Harry Byrd;0,95
Alfredo Griffin;5;Gregg Olson;0,95
Doug Griffin;1;Ruben Amaro;1,0
Doug Griffin;2;Masyn Winn;1,0
Doug Griffin;3;Charlie Neal;1,0
Doug Griffin;4;Randy Hundley;1,0
Doug Griffin;5;Mark Grudzielanek;1,0
Ken Griffey;1;Leon Wagner;0,996
Ken Griffey;2;Johnny Callison;0,9885
Ken Griffey;3;Terry Steinbach;0,9885
Ken Griffey;4;Elias Diaz;0,9885
Ken Griffey;5;Bill Madlock;0,9842
Ken Griffey;1;Prince Fielder;0,748
Ken Griffey;2;Frank Thomas;0,6421
Ken Griffey;3;Lance Berkman;0,6285
Ken Griffey;4;Ryne Sandberg;0,621
Ken Griffey;5;Vladimir Guerrero;0,6163
Tom Griffin;1;Brian Anderson;1,0
Tom Griffin;2;Mike Henneman;1,0
Tom Griffin;3;Kirk Rueter;1,0
Tom Griffin;4;Dave Rozema;1,0
Tom Griffin;5;Rolando Arrojo;1,0
Jason Grilli;1;David Bednar;1,0
Jason Grilli;2;Joakim Soria;1,0
Jason Grilli;3;Robert Suarez;1,0
Jason Grilli;4;Tanner Scott;1,0
Jason Grilli;5;Clay Holmes;1,0
Bob Grim;1;Joe Black;1,0
Bob Grim;2;Jack Sanford;1,0
Bob Grim;3;Don Schwall;1,0
Bob Grim;4;Herb Score;1,0
Bob Grim;5;Ron Hansen;1,0
Burleigh Grimes;1;Wes Ferrell;0,9994
Burleigh Grimes;2;Lon Warneke;0,997
Burleigh Grimes;3;Billy Herman;0,997
Burleigh Grimes;4;Kiki Cuyler;0,997
Burleigh Grimes;5;Paul Derringer;0,997
Charlie Grimm;1;Lou Fette;1,0
Charlie Grimm;2;Pete Fox;1,0
Charlie Grimm;3;Larry Benton;1,0
Charlie Grimm;4;Johnny Bassler;1,0
Charlie Grimm;5;Jack Barry;1,0
Justin Grimm;1;Spencer Arrighetti;1,0
Justin Grimm;2;Collin McHugh;1,0
Justin Grimm;3;Brian Matusz;1,0
Justin Grimm;4;Steven Matz;1,0
Justin Grimm;5;David Murphy;1,0
Ross Grimsley;1;Wandy Rodriguez;1,0
Ross Grimsley;2;Andy Hawkins;1,0
Ross Grimsley;3;Rick Helling;1,0
Ross Grimsley;4;Ken Hill;1,0
Ross Grimsley;5;Erik Hanson;1,0
Trent Grisham;1;Patrick Bailey;1,0
Trent Grisham;2;Tucker Barnhart;1,0
Trent Grisham;3;Pokey Reese;1,0
Trent Grisham;4;John Roseboro;1,0
Trent Grisham;5;Roberto Perez;1,0
Marquis Grissom;1;Gary Gaetti;0,9833
Marquis Grissom;2;Alcides Escobar;0,9688
Marquis Grissom;3;Lorenzo Cain;0,9617
Marquis Grissom;4;Jackie Bradley;0,9502
Marquis Grissom;5;Frank White;0,9481
Dick Groat;1;Harmon Killebrew;0,9375
Dick Groat;2;Ernie Banks;0,9361
Dick Groat;3;Hank Aaron;0,8428
Dick Groat;4;Ken Boyer;0,8082
Dick Groat;5;Don Kessinger;0,7386
Heinie Groh;1;Dave Bancroft;1,0
Heinie Groh;2;Ed Walsh;1,0
Heinie Groh;3;Steve O'Neill;0,999
Heinie Groh;4;Jimmy Archer;0,999
Heinie Groh;5;Hal Chase;0,999
Steve Gromek;1;Eddie Ainsmith;1,0
Steve Gromek;2;Dode Paskert;1,0
Steve Gromek;3;Marv Owen;1,0
Steve Gromek;4;Jesse Barnes;1,0
Steve Gromek;5;Dick Newsome;1,0
Greg Gross;1;Craig Worthington;1,0
Greg Gross;2;Butch Wynegar;1,0
Greg Gross;3;Carlos May;1,0
Greg Gross;4;Coco Laboy;1,0
Greg Gross;5;Del Unser;1,0
Kevin Gross;1;Kevin Young;1,0
Kevin Gross;2;Yonder Alonso;1,0
Kevin Gross;3;Oscar Zamora;1,0
Kevin Gross;4;Gary Alexander;1,0
Kevin Gross;5;Mike Young;1,0
Lefty Grove;1;Walter Johnson;0,978
Lefty Grove;2;Dazzy Vance;0,9653
Lefty Grove;3;Pete Alexander;0,9491
Lefty Grove;4;Christy Mathewson;0,9452
Lefty Grove;5;Lefty Gomez;0,9237
Johnny Grubb;1;Kevin Young;1,0
Johnny Grubb;2;Yonder Alonso;1,0
Johnny Grubb;3;Oscar Zamora;1,0
Johnny Grubb;4;Gary Alexander;1,0
Johnny Grubb;5;Mike Young;1,0
Kelly Gruber;1;Mike Greenwell;0,9224
Kelly Gruber;2;Jose Reyes;0,9224
Kelly Gruber;3;Lenny Dykstra;0,8924
Kelly Gruber;4;Ben Oglivie;0,8924
Kelly Gruber;5;Melvin Mora;0,8655
Mark Grudzielanek;1;Ruben Amaro;1,0
Mark Grudzielanek;2;Masyn Winn;1,0
Mark Grudzielanek;3;Charlie Neal;1,0
Mark Grudzielanek;4;Randy Hundley;1,0
Mark Grudzielanek;5;Javier Sanoja;1,0
Mark Gubicza;1;Rick Honeycutt;1,0
Mark Gubicza;2;Sean Manaea;1,0
Mark Gubicza;3;Dan Haren;1,0
Mark Gubicza;4;Sid Fernandez;1,0
Mark Gubicza;5;Charlie Leibrandt;1,0
Alex Guerrero;1;Spencer Arrighetti;1,0
Alex Guerrero;2;Collin McHugh;1,0
Alex Guerrero;3;Brian Matusz;1,0
Alex Guerrero;4;Steven Matz;1,0
Alex Guerrero;5;David Murphy;1,0
Pedro Guerrero;1;Ben Zobrist;0,878
Pedro Guerrero;2;Hideki Matsui;0,8637
Pedro Guerrero;3;Jose Rijo;0,8603
Pedro Guerrero;4;Edgar Renteria;0,8432
Pedro Guerrero;5;George Springer;0,834
Vladimir Guerrero;1;Frank Thomas;0,7655
Vladimir Guerrero;2;Bobby Bonilla;0,7229
Vladimir Guerrero;3;Jeff Kent;0,721
Vladimir Guerrero;4;Wade Boggs;0,7019
Vladimir Guerrero;5;Magglio Ordonez;0,6993
Vladimir Guerrero;1;DJ LeMahieu;0,5961
Vladimir Guerrero;2;Austin Riley;0,5835
Vladimir Guerrero;3;Giancarlo Stanton;0,5505
Vladimir Guerrero;4;William Contreras;0,5475
Vladimir Guerrero;5;Rickey Henderson;0,5471
Ron Guidry;1;Cecil Cooper;0,6945
Ron Guidry;2;Garry Maddox;0,6808
Ron Guidry;3;Harold Reynolds;0,6783
Ron Guidry;4;Ken Singleton;0,6711
Ron Guidry;5;Jimmy Rollins;0,6374
Carlos Guillen;1;Kevin Young;1,0
Carlos Guillen;2;Yonder Alonso;1,0
Carlos Guillen;3;Oscar Zamora;1,0
Carlos Guillen;4;Gary Alexander;1,0
Carlos Guillen;5;Mike Young;1,0
Jose Guillen;1;Jonathan Schoop;1,0
Jose Guillen;2;Adam Eaton;1,0
Jose Guillen;3;Dan Driessen;1,0
Jose Guillen;4;Oddibe McDowell;1,0
Jose Guillen;5;Len Barker;1,0
Ozzie Guillen;1;Earl Williams;0,9956
Ozzie Guillen;2;Pat Listach;0,9956
Ozzie Guillen;3;Mike Hargrove;0,9956
Ozzie Guillen;4;Curt Blefary;0,9956
Ozzie Guillen;5;Jerome Walton;0,9956
Don Gullett;1;Brian Roberts;0,9388
Don Gullett;2;Kevin McReynolds;0,9388
Don Gullett;3;Rick Monday;0,8821
Don Gullett;4;Cory Snyder;0,8821
Don Gullett;5;Randy Winn;0,8821
Bill Gullickson;1;Mark Clear;1,0
Bill Gullickson;2;Kevin Appier;1,0
Bill Gullickson;3;Cal Eldred;0,9817
Bill Gullickson;4;Tim Belcher;0,9797
Bill Gullickson;5;James Baldwin;0,9755
Larry Gura;1;Doyle Alexander;1,0
Larry Gura;2;Charles Nagy;1,0
Larry Gura;3;Russ Ortiz;1,0
Larry Gura;4;Ivan Nova;1,0
Larry Gura;5;Pascual Perez;1,0
Lourdes Gurriel;1;Gleyber Torres;1,0
Lourdes Gurriel;2;Xavier Nady;1,0
Lourdes Gurriel;3;Spencer Steer;1,0
Lourdes Gurriel;4;Garrett Atkins;1,0
Lourdes Gurriel;5;Seiya Suzuki;0,9818
Franklin Gutierrez;1;Ruben Amaro;1,0
Franklin Gutierrez;2;Masyn Winn;1,0
Franklin Gutierrez;3;Charlie Neal;1,0
Franklin Gutierrez;4;Randy Hundley;1,0
Franklin Gutierrez;5;Javier Sanoja;1,0
Cristian Guzman;1;Kevin Young;1,0
Cristian Guzman;2;Yonder Alonso;1,0
Cristian Guzman;3;Oscar Zamora;1,0
Cristian Guzman;4;Gary Alexander;1,0
Cristian Guzman;5;Mike Young;1,0
Jose Guzman;1;Clyde Wright;1,0
Jose Guzman;2;Gil Meche;1,0
Jose Guzman;3;Dock Ellis;1,0
Jose Guzman;4;Jim Hickman;1,0
Jose Guzman;5;Alex Johnson;1,0
Juan Guzman;1;James Baldwin;1,0
Juan Guzman;2;Dick Tidrow;1,0
Juan Guzman;3;Tim Belcher;0,9957
Juan Guzman;4;Rolando Arrojo;0,977
Juan Guzman;5;Jim Nash;0,977
Tony Gwynn;1;Kirby Puckett;0,7653
Tony Gwynn;2;Craig Biggio;0,7616
Tony Gwynn;3;Ozzie Smith;0,7267
Tony Gwynn;4;Barry Larkin;0,6971
Tony Gwynn;5;Brett Butler;0,6938
Eric Haase;1;Spencer Arrighetti;1,0
Eric Haase;2;Collin McHugh;1,0
Eric Haase;3;Brian Matusz;1,0
Eric Haase;4;Steven Matz;1,0
Eric Haase;5;David Murphy;1,0
Moose Haas;1;Jonathan Schoop;1,0
Moose Haas;2;Adam Eaton;1,0
Moose Haas;3;Dan Driessen;1,0
Moose Haas;4;Oddibe McDowell;1,0
Moose Haas;5;Len Barker;1,0
Stan Hack;1;Walker Cooper;1,0
Stan Hack;2;Red Rolfe;0,9886
Stan Hack;3;Pinky Higgins;0,9657
Stan Hack;4;Dick Wakefield;0,9657
Stan Hack;5;Dave Ferriss;0,9657
Harvey Haddix;1;Tom Pagnozzi;1,0
Harvey Haddix;2;Ender Inciarte;1,0
Harvey Haddix;3;Bobby Knoop;1,0
Harvey Haddix;4;Rey Ordonez;1,0
Harvey Haddix;5;Christian Walker;1,0
Josh Hader;1;Felix Bautista;0,9834
Josh Hader;2;Edwin Diaz;0,9487
Josh Hader;3;Emmanuel Clase;0,9459
Josh Hader;4;Ryan Helsley;0,8343
Josh Hader;5;Joe Nathan;0,8241
Chick Hafey;1;Jack Meyers;1,0
Chick Hafey;2;Urban Shocker;1,0
Chick Hafey;3;Charlie Hollocher;1,0
Chick Hafey;4;Willie Kamm;1,0
Chick Hafey;5;Eppa Rixey;1,0
Travis Hafner;1;Jayson Werth;1,0
Travis Hafner;2;Jason Kipnis;1,0
Travis Hafner;3;Felix Jose;0,9792
Travis Hafner;4;Shin-Soo Choo;0,9792
Travis Hafner;5;Dave Henderson;0,9209
Jesse Haines;1;Lou Fette;1,0
Jesse Haines;2;Pete Fox;1,0
Jesse Haines;3;Larry Benton;1,0
Jesse Haines;4;Johnny Bassler;1,0
Jesse Haines;5;Jack Barry;1,0
Ed Halicki;1;Kevin Young;1,0
Ed Halicki;2;Yonder Alonso;1,0
Ed Halicki;3;Oscar Zamora;1,0
Ed Halicki;4;Gary Alexander;1,0
Ed Halicki;5;Mike Young;1,0
Bill Hallahan;1;Lou Fette;1,0
Bill Hallahan;2;Pete Fox;1,0
Bill Hallahan;3;Larry Benton;1,0
Bill Hallahan;4;Johnny Bassler;1,0
Bill Hallahan;5;Jack Barry;1,0
Roy Halladay;1;Johan Santana;0,6932
Roy Halladay;2;Zack Greinke;0,6859
Roy Halladay;3;Allen Craig;0,6497
Roy Halladay;4;Joe Panik;0,6492
Roy Halladay;5;Endy Chavez;0,6423
Jimmie Hall;1;Felipe Alou;1,0
Jimmie Hall;2;Matty Alou;1,0
Jimmie Hall;3;Bobby Avila;1,0
Jimmie Hall;4;Tony Bernazard;1,0
Jimmie Hall;5;Smoky Burgess;1,0
Mel Hall;1;Jeff King;1,0
Mel Hall;2;Kevin Bass;1,0
Mel Hall;3;Chris Hoiles;1,0
Mel Hall;4;Eduardo Escobar;1,0
Mel Hall;5;Joe Randa;1,0
Bob Hamelin;1;Ben Grieve;0,9984
Bob Hamelin;2;Raul Mondesi;0,9765
Bob Hamelin;3;Eric Hinske;0,9627
Bob Hamelin;4;Preston Wilson;0,8954
Bob Hamelin;5;Scott Rolen;0,8425
Cole Hamels;1;Livan Hernandez;0,8391
Cole Hamels;2;Darrell Porter;0,8283
Cole Hamels;3;Bucky Dent;0,7319
Cole Hamels;4;Scott Brosius;0,7279
Cole Hamels;5;Rick Dempsey;0,7268
Billy Hamilton;1;Spencer Arrighetti;1,0
Billy Hamilton;2;Collin McHugh;1,0
Billy Hamilton;3;Brian Matusz;1,0
Billy Hamilton;4;Steven Matz;1,0
Billy Hamilton;5;David Murphy;1,0
Josh Hamilton;1;Albert Belle;0,6029
Josh Hamilton;2;Giancarlo Stanton;0,5934
Josh Hamilton;3;Jose Altuve;0,5816
Josh Hamilton;4;Andrew McCutchen;0,5767
Josh Hamilton;5;Barry Bonds;0,5674
Atlee Hammaker;1;Kevin Young;1,0
Atlee Hammaker;2;Yonder Alonso;1,0
Atlee Hammaker;3;Oscar Zamora;1,0
Atlee Hammaker;4;Gary Alexander;1,0
Atlee Hammaker;5;Mike Young;1,0
Chris Hammond;1;Brendan Donnelly;0,9962
Chris Hammond;2;Jeremy Affeldt;0,9962
Chris Hammond;3;Hung-Chih Kuo;0,9962
Chris Hammond;4;Joaquin Benoit;0,9962
Chris Hammond;5;David Robertson;0,9962
Jeffrey Hammonds;1;Kevin Young;1,0
Jeffrey Hammonds;2;Yonder Alonso;1,0
Jeffrey Hammonds;3;Oscar Zamora;1,0
Jeffrey Hammonds;4;Gary Alexander;1,0
Jeffrey Hammonds;5;Mike Young;1,0
Granny Hamner;1;Eddie Ainsmith;1,0
Granny Hamner;2;Dode Paskert;1,0
Granny Hamner;3;Marv Owen;1,0
Granny Hamner;4;Jesse Barnes;1,0
Granny Hamner;5;Dick Newsome;1,0
Mike Hampton;1;Manny Trillo;0,746
Mike Hampton;2;Javier Baez;0,7349
Mike Hampton;3;Matt Holliday;0,7315
Mike Hampton;4;Dusty Baker;0,7256
Mike Hampton;5;Tommy Edman;0,6728
Brad Hand;1;Andres Munoz;1,0
Brad Hand;2;Seth Lugo;0,9343
Brad Hand;3;Raisel Iglesias;0,78
Brad Hand;4;Aroldis Chapman;0,7693
Brad Hand;5;Camilo Doval;0,7501
Mitch Haniger;1;Kevin Young;1,0
Mitch Haniger;2;Yonder Alonso;1,0
Mitch Haniger;3;Oscar Zamora;1,0
Mitch Haniger;4;Gary Alexander;1,0
Mitch Haniger;5;Mike Young;1,0
Joel Hanrahan;1;Shane Greene;1,0
Joel Hanrahan;2;Matt Barnes;1,0
Joel Hanrahan;3;Kyle Barraclough;1,0
Joel Hanrahan;4;Takashi Saito;1,0
Joel Hanrahan;5;B. J. Ryan;1,0
Ron Hansen;1;Joe Black;1,0
Ron Hansen;2;Herb Score;1,0
Ron Hansen;3;Don Schwall;1,0
Ron Hansen;4;Roy Sievers;1,0
Ron Hansen;5;Bob Grim;1,0
Erik Hanson;1;Wandy Rodriguez;1,0
Erik Hanson;2;Andy Hawkins;1,0
Erik Hanson;3;Rick Helling;1,0
Erik Hanson;4;Ken Hill;1,0
Erik Hanson;5;Ross Grimsley;1,0
Tommy Hanson;1;Spencer Arrighetti;1,0
Tommy Hanson;2;Collin McHugh;1,0
Tommy Hanson;3;Brian Matusz;1,0
Tommy Hanson;4;Steven Matz;1,0
Tommy Hanson;5;David Murphy;1,0
Ian Happ;1;Orlando Hudson;1,0
Ian Happ;2;Luis Castillo;0,9883
Ian Happ;3;Jim Landis;0,9825
Ian Happ;4;Gary Pettis;0,9825
Ian Happ;5;Doug Rader;0,9825
J. A. Happ;1;Scott Podsednik;0,8745
J. A. Happ;2;Jose Fernandez;0,8442
J. A. Happ;3;Troy Tulowitzki;0,8112
J. A. Happ;4;Jose Abreu;0,7543
J. A. Happ;5;Robinson Cano;0,7182
Mel Harder;1;Lou Fette;1,0
Mel Harder;2;Pete Fox;1,0
Mel Harder;3;Larry Benton;1,0
Mel Harder;4;Johnny Bassler;1,0
Mel Harder;5;Jack Barry;1,0
J. J. Hardy;1;Brandon Phillips;0,9589
J. J. Hardy;2;Jesse Barfield;0,9353
J. J. Hardy;3;Darin Erstad;0,9188
J. J. Hardy;4;Mike Cameron;0,9012
J. J. Hardy;5;Kenny Lofton;0,8964
Dan Haren;1;Rick Honeycutt;1,0
Dan Haren;2;Sean Manaea;1,0
Dan Haren;3;Mark Gubicza;1,0
Dan Haren;4;Sid Fernandez;1,0
Dan Haren;5;Charlie Leibrandt;1,0
Mike Hargrove;1;Pat Listach;1,0
Mike Hargrove;2;Walt Weiss;1,0
Mike Hargrove;3;Curt Blefary;1,0
Mike Hargrove;4;Jerome Walton;1,0
Mike Hargrove;5;Earl Williams;1,0
Mike Harkey;1;Brian Anderson;1,0
Mike Harkey;2;Mike Henneman;1,0
Mike Harkey;3;Kirk Rueter;1,0
Mike Harkey;4;Dave Rozema;1,0
Mike Harkey;5;Rolando Arrojo;1,0
Brian Harper;1;Kevin Young;1,0
Brian Harper;2;Yonder Alonso;1,0
Brian Harper;3;Oscar Zamora;1,0
Brian Harper;4;Gary Alexander;1,0
Brian Harper;5;Mike Young;1,0
Bryce Harper;1;Christian Yelich;0,7227
Bryce Harper;2;Shohei Ohtani;0,7151
Bryce Harper;3;Ryan Howard;0,7125
Bryce Harper;4;Aaron Judge;0,7055
Bryce Harper;5;Paul Goldschmidt;0,6902
Toby Harrah;1;Rico Petrocelli;1,0
Toby Harrah;2;Manny Sanguillen;1,0
Toby Harrah;3;Jim Bibby;1,0
Toby Harrah;4;Larry McWilliams;1,0
Toby Harrah;5;Willie Montanez;1,0
Bud Harrelson;1;Leo Cardenas;1,0
Bud Harrelson;2;Frank Bolling;1,0
Bud Harrelson;3;Aaron Rowand;1,0
Bud Harrelson;4;Norm Siebern;1,0
Bud Harrelson;5;Frank Lary;1,0
Ken Harrelson;1;Norm Cash;0,7023
Ken Harrelson;2;Gil Meche;0,6888
Ken Harrelson;3;Storm Davis;0,6888
Ken Harrelson;4;Eric Soderholm;0,6888
Ken Harrelson;5;Clyde Wright;0,6888
Josh Harrison;1;Keith Moreland;1,0
Josh Harrison;2;Doc Medich;1,0
Josh Harrison;3;Mike Davis;1,0
Josh Harrison;4;Art Howe;1,0
Josh Harrison;5;Jim Hughes;1,0
Matt Harrison;1;Wandy Rodriguez;1,0
Matt Harrison;2;Andy Hawkins;1,0
Matt Harrison;3;Rick Helling;1,0
Matt Harrison;4;Ken Hill;1,0
Matt Harrison;5;Ross Grimsley;1,0
Michael Harris;1;Tyler Naquin;0,848
Michael Harris;2;Evan Gattis;0,848
Michael Harris;3;Frank Schwindel;0,848
Michael Harris;4;Nomar Mazara;0,848
Michael Harris;5;Brian Bannister;0,848
Vic Harris;1;Kevin Young;1,0
Vic Harris;2;Yonder Alonso;1,0
Vic Harris;3;Oscar Zamora;1,0
Vic Harris;4;Gary Alexander;1,0
Vic Harris;5;Mike Young;1,0
Willie Harris;1;Kevin Young;1,0
Willie Harris;2;Yonder Alonso;1,0
Willie Harris;3;Oscar Zamora;1,0
Willie Harris;4;Gary Alexander;1,0
Willie Harris;5;Mike Young;1,0
Gabby Hartnett;1;Frankie Frisch;0,9994
Gabby Hartnett;2;Paul Waner;0,9785
Gabby Hartnett;3;George Sisler;0,9726
Gabby Hartnett;4;Jake Daubert;0,9705
Gabby Hartnett;5;Babe Ruth;0,9626
Bryan Harvey;1;Tom Gordon;1,0
Bryan Harvey;2;Steve Bedrosian;0,9042
Bryan Harvey;3;Dave Righetti;0,8677
Bryan Harvey;4;Todd Worrell;0,8573
Bryan Harvey;5;Brian Anderson;0,7339
Matt Harvey;1;Trey Mancini;0,9936
Matt Harvey;2;Mike Moustakas;0,9924
Matt Harvey;3;Dmitri Young;0,9924
Matt Harvey;4;Aaron Hill;0,9774
Matt Harvey;5;Casey McGehee;0,9655
Buddy Hassett;1;Eddie Ainsmith;1,0
Buddy Hassett;2;Dode Paskert;1,0
Buddy Hassett;3;Marv Owen;1,0
Buddy Hassett;4;Jesse Barnes;1,0
Buddy Hassett;5;Dick Newsome;1,0
Billy Hatcher;1;Dusty Rhodes;0,9955
Billy Hatcher;2;Al Weis;0,9955
Billy Hatcher;3;Jerry Coleman;0,9955
Billy Hatcher;4;Dick Green;0,9955
Billy Hatcher;5;Billy Martin;0,9955
Mickey Hatcher;1;Kevin Young;1,0
Mickey Hatcher;2;Yonder Alonso;1,0
Mickey Hatcher;3;Oscar Zamora;1,0
Mickey Hatcher;4;Gary Alexander;1,0
Mickey Hatcher;5;Mike Young;1,0
Scott Hatteberg;1;Jonathan Schoop;1,0
Scott Hatteberg;2;Adam Eaton;1,0
Scott Hatteberg;3;Dan Driessen;1,0
Scott Hatteberg;4;Oddibe McDowell;1,0
Scott Hatteberg;5;Len Barker;1,0
Andy Hawkins;1;Wandy Rodriguez;1,0
Andy Hawkins;2;Ross Grimsley;1,0
Andy Hawkins;3;Rick Helling;1,0
Andy Hawkins;4;Ken Hill;1,0
Andy Hawkins;5;Erik Hanson;1,0
Brad Hawpe;1;Jonathan Schoop;1,0
Brad Hawpe;2;Adam Eaton;1,0
Brad Hawpe;3;Dan Driessen;1,0
Brad Hawpe;4;Oddibe McDowell;1,0
Brad Hawpe;5;Len Barker;1,0
Charlie Hayes;1;Kevin Young;1,0
Charlie Hayes;2;Yonder Alonso;1,0
Charlie Hayes;3;Oscar Zamora;1,0
Charlie Hayes;4;Gary Alexander;1,0
Charlie Hayes;5;Mike Young;1,0
Frankie Hayes;1;Lou Fette;1,0
Frankie Hayes;2;Pete Fox;1,0
Frankie Hayes;3;Larry Benton;1,0
Frankie Hayes;4;Johnny Bassler;1,0
Frankie Hayes;5;Jack Barry;1,0
Ke'Bryan Hayes;1;Kolten Wong;1,0
Ke'Bryan Hayes;2;Gerardo Parra;1,0
Ke'Bryan Hayes;3;Darwin Barney;0,9738
Ke'Bryan Hayes;4;Andrew Benintendi;0,9555
Ke'Bryan Hayes;5;Steven Kwan;0,952
Von Hayes;1;Bill Buckner;1,0
Von Hayes;2;Eugenio Suarez;0,9889
Von Hayes;3;Brian Jordan;0,9889
Von Hayes;4;Gary Ward;0,9889
Von Hayes;5;AJ Pollock;0,967
Chase Headley;1;Doug DeCinces;0,911
Chase Headley;2;Melvin Mora;0,8976
Chase Headley;3;Derrek Lee;0,8824
Chase Headley;4;Howard Johnson;0,8765
Chase Headley;5;Felix Jose;0,8665
Fran Healy;1;Kevin Young;1,0
Fran Healy;2;Yonder Alonso;1,0
Fran Healy;3;Oscar Zamora;1,0
Fran Healy;4;Gary Alexander;1,0
Fran Healy;5;Mike Young;1,0
Ryon Healy;1;Spencer Arrighetti;1,0
Ryon Healy;2;Collin McHugh;1,0
Ryon Healy;3;Brian Matusz;1,0
Ryon Healy;4;Steven Matz;1,0
Ryon Healy;5;David Murphy;1,0
Andrew Heaney;1;Spencer Arrighetti;1,0
Andrew Heaney;2;Collin McHugh;1,0
Andrew Heaney;3;Brian Matusz;1,0
Andrew Heaney;4;Steven Matz;1,0
Andrew Heaney;5;David Murphy;1,0
Jeff Heath;1;Jack Meyers;1,0
Jeff Heath;2;Chick Hafey;1,0
Jeff Heath;3;Charlie Hollocher;1,0
Jeff Heath;4;Willie Kamm;1,0
Jeff Heath;5;Eppa Rixey;1,0
Adeiny Hechavarria;1;Kevin Young;1,0
Adeiny Hechavarria;2;Yonder Alonso;1,0
Adeiny Hechavarria;3;Oscar Zamora;1,0
Adeiny Hechavarria;4;Gary Alexander;1,0
Adeiny Hechavarria;5;Mike Young;1,0
Guy Hecker;1;Amos Rusie;1,0
Guy Hecker;2;Tommy Bond;1,0
Guy Hecker;3;Tim Keefe;1,0
Guy Hecker;4;John Clarkson;1,0
Guy Hecker;5;Old Hoss Radbourn;1,0
Harry Heilmann;1;Lou Fette;1,0
Harry Heilmann;2;Pete Fox;1,0
Harry Heilmann;3;Larry Benton;1,0
Harry Heilmann;4;Johnny Bassler;1,0
Harry Heilmann;5;Jack Barry;1,0
Jonah Heim;1;Pete Crow-Armstrong;1,0
Jonah Heim;2;Dinelson Lamet;0,9871
Jonah Heim;3;Bryan Woo;0,9871
Jonah Heim;4;Charlie Morton;0,9871
Jonah Heim;5;Mike Yastrzemski;0,9871
Jeremy Hellickson;1;Luis Gil;0,991
Jeremy Hellickson;2;Neftali Feliz;0,9577
Jeremy Hellickson;3;Chris Coghlan;0,9577
Jeremy Hellickson;4;Andrew Bailey;0,9512
Jeremy Hellickson;5;Steve Howe;0,8375
Rick Helling;1;Wandy Rodriguez;1,0
Rick Helling;2;Andy Hawkins;1,0
Rick Helling;3;Matt Harrison;1,0
Rick Helling;4;Ken Hill;1,0
Rick Helling;5;Ross Grimsley;1,0
Tommy Helms;1;Ozzie Guillen;0,9901
Tommy Helms;2;Chris Chambliss;0,9838
Tommy Helms;3;Al Bumbry;0,9796
Tommy Helms;4;Earl Williams;0,9771
Tommy Helms;5;Mike Hargrove;0,9771
Ryan Helsley;1;Emmanuel Clase;0,9622
Ryan Helsley;2;Raisel Iglesias;0,9392
Ryan Helsley;3;Kirby Yates;0,9103
Ryan Helsley;4;Felix Bautista;0,8707
Ryan Helsley;5;Joe Nathan;0,8584
Todd Helton;1;Mark Grace;0,8833
Todd Helton;2;Jason Michaels;0,8032
Todd Helton;3;Mike Morse;0,8032
Todd Helton;4;Sean Casey;0,7372
Todd Helton;5;Ryan Braun;0,7271
Roland Hemond;1;Bobby Valentine;1,0
Roland Hemond;2;Vernon Wells;0,9656
Roland Hemond;3;Luis Gonzalez;0,9514
Roland Hemond;4;Todd Stottlemyre;0,862
Roland Hemond;5;Brett Butler;0,8543
Rollie Hemsley;1;Eddie Ainsmith;1,0
Rollie Hemsley;2;Dode Paskert;1,0
Rollie Hemsley;3;Marv Owen;1,0
Rollie Hemsley;4;Jesse Barnes;1,0
Rollie Hemsley;5;Dick Newsome;1,0
Dave Henderson;1;Jeff King;1,0
Dave Henderson;2;Kevin Bass;1,0
Dave Henderson;3;Chris Hoiles;1,0
Dave Henderson;4;Eduardo Escobar;1,0
Dave Henderson;5;Joe Randa;1,0
Gunnar Henderson;1;Wil Myers;0,9893
Gunnar Henderson;2;Jonathan India;0,9867
Gunnar Henderson;3;Bobby Crosby;0,9822
Gunnar Henderson;4;Geovany Soto;0,9556
Gunnar Henderson;5;Michael Fulmer;0,9467
Rickey Henderson;1;Kirk Gibson;0,8182
Rickey Henderson;2;Bernie Williams;0,7829
Rickey Henderson;3;Graig Nettles;0,7807
Rickey Henderson;4;Jackie Bradley;0,7435
Rickey Henderson;5;David Wells;0,7425
Steve Henderson;1;Jonathan Schoop;1,0
Steve Henderson;2;Adam Eaton;1,0
Steve Henderson;3;Dan Driessen;1,0
Steve Henderson;4;Oddibe McDowell;1,0
Steve Henderson;5;Len Barker;1,0
George Hendrick;1;Vinny Castilla;0,9841
George Hendrick;2;Carlos Baerga;0,976
George Hendrick;3;Mickey Tettleton;0,9751
George Hendrick;4;Carlos Lee;0,9316
George Hendrick;5;Jeff Blauser;0,8916
Kyle Hendricks;1;Jason Schmidt;0,7198
Kyle Hendricks;2;Blake Snell;0,6485
Kyle Hendricks;3;Pat Hentgen;0,6303
Kyle Hendricks;4;Robbie Ray;0,629
Kyle Hendricks;5;Trevor Bauer;0,6178
Liam Hendriks;1;Kenley Jansen;0,8697
Liam Hendriks;2;Felix Bautista;0,8455
Liam Hendriks;3;Emmanuel Clase;0,8322
Liam Hendriks;4;Chad Cordero;0,8273
Liam Hendriks;5;Devin Williams;0,8159
Tom Henke;1;Jeff Brantley;1,0
Tom Henke;2;John Axford;0,8493
Tom Henke;3;Billy Wagner;0,8493
Tom Henke;4;Rawly Eastwick;0,6898
Tom Henke;5;Antonio Alfonseca;0,6898
Mike Henneman;1;Brian Anderson;1,0
Mike Henneman;2;Kirk Rueter;1,0
Mike Henneman;3;Dave Rozema;1,0
Mike Henneman;4;Rolando Arrojo;1,0
Mike Henneman;5;Jim Nash;1,0
Tommy Henrich;1;Rudy York;1,0
Tommy Henrich;2;Max Carey;1,0
Tommy Henrich;3;Harry Brecheen;1,0
Tommy Henrich;4;Snuffy Stirnweiss;1,0
Tommy Henrich;5;General Crowder;1,0
Pat Hentgen;1;Felix Hernandez;0,9459
Pat Hentgen;2;Blake Snell;0,932
Pat Hentgen;3;Bartolo Colon;0,9129
Pat Hentgen;4;Max Scherzer;0,9087
Pat Hentgen;5;Jason Schmidt;0,8825
Billy Herman;1;Kiki Cuyler;1,0
Billy Herman;2;Paul Derringer;1,0
Billy Herman;3;Lon Warneke;1,0
Billy Herman;4;Wes Ferrell;0,9991
Billy Herman;5;Joe Sewell;0,9986
Cesar Hernandez;1;Ruben Amaro;1,0
Cesar Hernandez;2;Masyn Winn;1,0
Cesar Hernandez;3;Charlie Neal;1,0
Cesar Hernandez;4;Randy Hundley;1,0
Cesar Hernandez;5;Javier Sanoja;1,0
Enzo Hernandez;1;Kevin Young;1,0
Enzo Hernandez;2;Yonder Alonso;1,0
Enzo Hernandez;3;Oscar Zamora;1,0
Enzo Hernandez;4;Gary Alexander;1,0
Enzo Hernandez;5;Mike Young;1,0
Enrique Hernandez;1;Kevin Young;1,0
Enrique Hernandez;2;Yonder Alonso;1,0
Enrique Hernandez;3;Oscar Zamora;1,0
Enrique Hernandez;4;Gary Alexander;1,0
Enrique Hernandez;5;Mike Young;1,0
Felix Hernandez;1;Bartolo Colon;0,9797
Felix Hernandez;2;Pat Hentgen;0,9459
Felix Hernandez;3;Blake Snell;0,9271
Felix Hernandez;4;Max Scherzer;0,8731
Felix Hernandez;5;Jason Schmidt;0,8586
Keith Hernandez;1;Ryne Sandberg;0,8235
Keith Hernandez;2;Andy Van Slyke;0,8144
Keith Hernandez;3;Dwight Evans;0,8142
Keith Hernandez;4;Mike Schmidt;0,7948
Keith Hernandez;5;Willie McGee;0,787
Livan Hernandez;1;Darrell Porter;0,98
Livan Hernandez;2;Cole Hamels;0,8391
Livan Hernandez;3;Rob Dibble;0,7637
Livan Hernandez;4;Michael Wacha;0,7637
Livan Hernandez;5;Chris Taylor;0,7537
Orlando Hernandez;1;Koji Uehara;0,7508
Orlando Hernandez;2;Marty Barrett;0,7508
Orlando Hernandez;3;Matt Garza;0,7488
Orlando Hernandez;4;Adam Kennedy;0,7488
Orlando Hernandez;5;Alcides Escobar;0,7479
Teoscar Hernandez;1;Ozzie Albies;0,9872
Teoscar Hernandez;2;Kyle Tucker;0,9717
Teoscar Hernandez;3;Nick Castellanos;0,9657
Teoscar Hernandez;4;Rafael Devers;0,938
Teoscar Hernandez;5;Will Smith;0,9254
Willie Hernandez;1;Vida Blue;0,9288
Willie Hernandez;2;Steve Stone;0,8344
Willie Hernandez;3;Denny McLain;0,8317
Willie Hernandez;4;Mike Flanagan;0,805
Willie Hernandez;5;Jim Lonborg;0,805
Larry Herndon;1;Bernie Carbo;1,0
Larry Herndon;2;Jason Kendall;1,0
Larry Herndon;3;Mark Quinn;0,9956
Larry Herndon;4;Roy Foster;0,9956
Larry Herndon;5;Dave Rader;0,9956
Tom Herr;1;Rico Petrocelli;1,0
Tom Herr;2;Manny Sanguillen;1,0
Tom Herr;3;Jim Bibby;1,0
Tom Herr;4;Larry McWilliams;1,0
Tom Herr;5;Willie Montanez;1,0
Orel Hershiser;1;Cole Hamels;0,6829
Orel Hershiser;2;Dave Stewart;0,6557
Orel Hershiser;3;Jeremy Peña;0,6432
Orel Hershiser;4;Tom Glavine;0,6261
Orel Hershiser;5;Frank Viola;0,6247
Buck Herzog;1;Babe Adams;1,0
Buck Herzog;2;Jim Bagby;1,0
Buck Herzog;3;Ivey Wingo;1,0
Buck Herzog;4;Jack Barry;1,0
Buck Herzog;5;Larry Benton;1,0
Chris Heston;1;Kevin Young;1,0
Chris Heston;2;Yonder Alonso;1,0
Chris Heston;3;Oscar Zamora;1,0
Chris Heston;4;Gary Alexander;1,0
Chris Heston;5;Mike Young;1,0
Jason Heyward;1;Wade Miley;0,8645
Jason Heyward;2;Minnie Miñoso;0,7303
Jason Heyward;3;Steven Kwan;0,688
Jason Heyward;4;Miguel Andujar;0,6849
Jason Heyward;5;Jason Bay;0,6602
Jim Hickman;1;Clyde Wright;1,0
Jim Hickman;2;Gil Meche;1,0
Jim Hickman;3;Dock Ellis;1,0
Jim Hickman;4;Kevin Elster;1,0
Jim Hickman;5;Alex Johnson;1,0
Richard Hidalgo;1;Jeff King;1,0
Richard Hidalgo;2;Kevin Bass;1,0
Richard Hidalgo;3;Chris Hoiles;1,0
Richard Hidalgo;4;Eduardo Escobar;1,0
Richard Hidalgo;5;Joe Randa;1,0
Kirby Higbe;1;Eddie Ainsmith;1,0
Kirby Higbe;2;Dode Paskert;1,0
Kirby Higbe;3;Marv Owen;1,0
Kirby Higbe;4;Jesse Barnes;1,0
Kirby Higbe;5;Dick Newsome;1,0
Bobby Higginson;1;James Shields;1,0
Bobby Higginson;2;Hal Morris;1,0
Bobby Higginson;3;Phil Garner;1,0
Bobby Higginson;4;Mark Reynolds;1,0
Bobby Higginson;5;Jason Thompson;1,0
Pinky Higgins;1;Dick Wakefield;1,0
Pinky Higgins;2;Dave Ferriss;1,0
Pinky Higgins;3;Goose Goslin;0,9774
Pinky Higgins;4;Freddie Lindstrom;0,9774
Pinky Higgins;5;Red Rolfe;0,9742
Teddy Higuera;1;Andy Benes;0,9916
Teddy Higuera;2;Steve Busby;0,9916
Teddy Higuera;3;Britt Burns;0,9916
Teddy Higuera;4;Steve Trachsel;0,9916
Teddy Higuera;5;Rick Ankiel;0,9873
Aaron Hill;1;Mike Moustakas;0,985
Aaron Hill;2;Trey Mancini;0,9838
Aaron Hill;3;Dmitri Young;0,9802
Aaron Hill;4;Matt Harvey;0,9774
Aaron Hill;5;Carlos Peña;0,9607
John Hiller;1;Tony Conigliaro;0,908
John Hiller;2;Bobby Tolan;0,9043
John Hiller;3;Dustin McGowan;0,7567
John Hiller;4;Bill Wegman;0,7567
John Hiller;5;Gary Nolan;0,7567
Glenallen Hill;1;Keith Moreland;1,0
Glenallen Hill;2;Doc Medich;1,0
Glenallen Hill;3;Mike Davis;1,0
Glenallen Hill;4;Art Howe;1,0
Glenallen Hill;5;Jim Hughes;1,0
Ken Hill;1;Wandy Rodriguez;1,0
Ken Hill;2;Andy Hawkins;1,0
Ken Hill;3;Matt Harrison;1,0
Ken Hill;4;Rick Helling;1,0
Ken Hill;5;Ross Grimsley;1,0
Rich Hill;1;Jeff Fassero;1,0
Rich Hill;2;Kris Medlen;1,0
Rich Hill;3;J. R. Richard;0,9895
Rich Hill;4;Ubaldo Jimenez;0,9895
Rich Hill;5;Bill Swift;0,9836
Rece Hinds;1;Kevin Young;1,0
Rece Hinds;2;Yonder Alonso;1,0
Rece Hinds;3;Oscar Zamora;1,0
Rece Hinds;4;Gary Alexander;1,0
Rece Hinds;5;Mike Young;1,0
Paul Hines;1;Tip O'Neill;1,0
Paul Hines;2;Hugh Duffy;1,0
Paul Hines;3;Nap Lajoie;0,9862
Paul Hines;4;Rogers Hornsby;0,8851
Paul Hines;5;Joe Medwick;0,7
Eric Hinske;1;Ben Grieve;0,9643
Eric Hinske;2;Bob Hamelin;0,9627
Eric Hinske;3;Raul Mondesi;0,9308
Eric Hinske;4;Preston Wilson;0,8605
Eric Hinske;5;Angel Berroa;0,8071
Larry Hisle;1;Sal Bando;0,9448
Larry Hisle;2;Bobby Murcer;0,9043
Larry Hisle;3;Roy Smalley;0,8973
Larry Hisle;4;Davey Lopes;0,8629
Larry Hisle;5;Bryan Reynolds;0,8332
Sterling Hitchcock;1;Cody Ross;1,0
Sterling Hitchcock;2;Marco Scutaro;1,0
Sterling Hitchcock;3;Eddie Perez;1,0
Sterling Hitchcock;4;Craig Counsell;1,0
Sterling Hitchcock;5;Jeff Suppan;1,0
Keston Hiura;1;Miguel Sano;1,0
Keston Hiura;2;Gaby Sanchez;1,0
Keston Hiura;3;Anibal Sanchez;1,0
Keston Hiura;4;Jose Miranda;1,0
Keston Hiura;5;Yermin Mercedes;1,0
Butch Hobson;1;Jonathan Schoop;1,0
Butch Hobson;2;Adam Eaton;1,0
Butch Hobson;3;Dan Driessen;1,0
Butch Hobson;4;Oddibe McDowell;1,0
Butch Hobson;5;Len Barker;1,0
Gil Hodges;1;Brandon Crawford;0,9825
Gil Hodges;2;Wes Parker;0,9624
Gil Hodges;3;Mike Timlin;0,9499
Gil Hodges;4;Danny Graves;0,9499
Gil Hodges;5;Pee Wee Reese;0,9359
Nico Hoerner;1;Patrick Bailey;1,0
Nico Hoerner;2;Tucker Barnhart;1,0
Nico Hoerner;3;John Roseboro;1,0
Nico Hoerner;4;Trent Grisham;1,0
Nico Hoerner;5;Roberto Perez;1,0
Trevor Hoffman;1;Tom Lasorda;0,7052
Trevor Hoffman;2;Joe Torre;0,5695
Trevor Hoffman;3;George Brett;0,5085
Trevor Hoffman;4;Johnny Bench;0,4861
Trevor Hoffman;5;Jamie Moyer;0,4829
Solly Hofman;1;Eddie Ainsmith;1,0
Solly Hofman;2;Dode Paskert;1,0
Solly Hofman;3;Marv Owen;1,0
Solly Hofman;4;Jesse Barnes;1,0
Solly Hofman;5;Dick Newsome;1,0
Chris Hoiles;1;Jeff King;1,0
Chris Hoiles;2;Kevin Bass;1,0
Chris Hoiles;3;Richard Hidalgo;1,0
Chris Hoiles;4;Eduardo Escobar;1,0
Chris Hoiles;5;Joe Randa;1,0
Al Holland;1;Jeff Montgomery;1,0
Al Holland;2;Rawly Eastwick;0,9946
Al Holland;3;Jeff Russell;0,9946
Al Holland;4;Antonio Alfonseca;0,9946
Al Holland;5;Bill Campbell;0,992
Greg Holland;1;Jonathan Papelbon;0,7684
Greg Holland;2;Jose Valverde;0,7117
Greg Holland;3;Brian Wilson;0,6934
Greg Holland;4;Mariano Rivera;0,6903
Greg Holland;5;J. J. Putz;0,6235
Todd Hollandsworth;1;Marty Cordova;0,9975
Todd Hollandsworth;2;Angel Berroa;0,9466
Todd Hollandsworth;3;Terrence Long;0,8361
Todd Hollandsworth;4;Ben Grieve;0,7946
Todd Hollandsworth;5;Kerry Wood;0,7917
Dave Hollins;1;Jonathan Schoop;1,0
Dave Hollins;2;Adam Eaton;1,0
Dave Hollins;3;Dan Driessen;1,0
Dave Hollins;4;Oddibe McDowell;1,0
Dave Hollins;5;Len Barker;1,0
Damon Hollins;1;Spencer Arrighetti;1,0
Damon Hollins;2;Collin McHugh;1,0
Damon Hollins;3;Brian Matusz;1,0
Damon Hollins;4;Steven Matz;1,0
Damon Hollins;5;David Murphy;1,0
Matt Holliday;1;Dusty Baker;0,929
Matt Holliday;2;Will Clark;0,8866
Matt Holliday;3;Manny Trillo;0,8658
Matt Holliday;4;Javier Baez;0,8482
Matt Holliday;5;Eddie Rosario;0,8424
Charlie Hollocher;1;Jack Meyers;1,0
Charlie Hollocher;2;Chick Hafey;1,0
Charlie Hollocher;3;Jeff Heath;1,0
Charlie Hollocher;4;Willie Kamm;1,0
Charlie Hollocher;5;Eppa Rixey;1,0
Brian Holman;1;Kevin Young;1,0
Brian Holman;2;Yonder Alonso;1,0
Brian Holman;3;Oscar Zamora;1,0
Brian Holman;4;Gary Alexander;1,0
Brian Holman;5;Mike Young;1,0
Clay Holmes;1;David Bednar;1,0
Clay Holmes;2;Joakim Soria;1,0
Clay Holmes;3;Robert Suarez;1,0
Clay Holmes;4;Jason Grilli;1,0
Clay Holmes;5;Tanner Scott;1,0
Tommy Holmes;1;Eddie Mayo;0,9946
Tommy Holmes;2;Bobby Doerr;0,9835
Tommy Holmes;3;Marty Marion;0,8243
Tommy Holmes;4;Dolph Camilli;0,7868
Tommy Holmes;5;Frank McCormick;0,7828
Ken Holtzman;1;Felipe Alou;1,0
Ken Holtzman;2;Matty Alou;1,0
Ken Holtzman;3;Bobby Avila;1,0
Ken Holtzman;4;Tony Bernazard;1,0
Ken Holtzman;5;Smoky Burgess;1,0
Rick Honeycutt;1;Dan Haren;1,0
Rick Honeycutt;2;Sean Manaea;1,0
Rick Honeycutt;3;Mark Gubicza;1,0
Rick Honeycutt;4;Sid Fernandez;1,0
Rick Honeycutt;5;Charlie Leibrandt;1,0
Harry Hooper;1;Eddie Ainsmith;1,0
Harry Hooper;2;Dode Paskert;1,0
Harry Hooper;3;Marv Owen;1,0
Harry Hooper;4;Jesse Barnes;1,0
Harry Hooper;5;Dick Newsome;1,0
Burt Hooton;1;Rob Dibble;0,9471
Burt Hooton;2;Michael Wacha;0,9471
Burt Hooton;3;Chris Taylor;0,8811
Burt Hooton;4;Jeff Suppan;0,8786
Burt Hooton;5;Howie Kendrick;0,8786
Bob Horner;1;Ron Kittle;0,9972
Bob Horner;2;Joe Charboneau;0,9749
Bob Horner;3;Eric Karros;0,9722
Bob Horner;4;Chris Chambliss;0,9651
Bob Horner;5;Vince Coleman;0,9603
Rogers Hornsby;1;Nap Lajoie;0,9314
Rogers Hornsby;2;Hugh Duffy;0,8851
Rogers Hornsby;3;Paul Hines;0,8851
Rogers Hornsby;4;Tip O'Neill;0,8851
Rogers Hornsby;5;Joe Medwick;0,8607
Cade Horton;1;Dick Howser;1,0
Cade Horton;2;Ken Hunt;1,0
Cade Horton;3;Richie Ashburn;1,0
Cade Horton;4;Clint Courtney;1,0
Cade Horton;5;Ryne Duren;1,0
Willie Horton;1;Hal McRae;0,8638
Willie Horton;2;Harold Baines;0,8447
Willie Horton;3;Dave Kingman;0,8441
Willie Horton;4;Rusty Staub;0,8296
Willie Horton;5;Khris Davis;0,806
Rhys Hoskins;1;Brandon Inge;0,9412
Rhys Hoskins;2;Adam Jones;0,8819
Rhys Hoskins;3;Michael Young;0,8657
Rhys Hoskins;4;Marcus Semien;0,8016
Rhys Hoskins;5;Curtis Granderson;0,7992
Eric Hosmer;1;Dave Concepcion;0,7337
Eric Hosmer;2;Carl Crawford;0,714
Eric Hosmer;3;Bill Madlock;0,6878
Eric Hosmer;4;Ken Griffey;0,687
Eric Hosmer;5;Leon Wagner;0,6784
Charlie Hough;1;Doyle Alexander;1,0
Charlie Hough;2;Charles Nagy;1,0
Charlie Hough;3;Russ Ortiz;1,0
Charlie Hough;4;Ivan Nova;1,0
Charlie Hough;5;Pascual Perez;1,0
Art Houtteman;1;Eddie Ainsmith;1,0
Art Houtteman;2;Dode Paskert;1,0
Art Houtteman;3;Marv Owen;1,0
Art Houtteman;4;Jesse Barnes;1,0
Art Houtteman;5;Dick Newsome;1,0
Elston Howard;1;Bert Campaneris;0,8744
Elston Howard;2;Joe Page;0,8533
Elston Howard;3;Billy Martin;0,8189
Elston Howard;4;Jerry Coleman;0,8189
Elston Howard;5;Dick Green;0,8189
Frank Howard;1;Harvey Kuenn;0,979
Frank Howard;2;Tony Kubek;0,979
Frank Howard;3;Jim Gilliam;0,979
Frank Howard;4;Albie Pearson;0,979
Frank Howard;5;Tom Tresh;0,9748
Ryan Howard;1;Bryce Harper;0,7125
Ryan Howard;2;Barry Bonds;0,7073
Ryan Howard;3;Aaron Judge;0,7064
Ryan Howard;4;Andruw Jones;0,667
Ryan Howard;5;Albert Pujols;0,6575
Art Howe;1;Keith Moreland;1,0
Art Howe;2;Doc Medich;1,0
Art Howe;3;Mike Davis;1,0
Art Howe;4;Jim Hughes;1,0
Art Howe;5;Glenallen Hill;1,0
Jay Howell;1;Don Aase;1,0
Jay Howell;2;Scott McGregor;1,0
Jay Howell;3;Charlie Lea;1,0
Jay Howell;4;Frankie Montas;1,0
Jay Howell;5;Kent Mercker;1,0
Steve Howe;1;Pat Zachry;1,0
Steve Howe;2;Jim Lefebvre;0,9574
Steve Howe;3;Lou Piniella;0,9574
Steve Howe;4;Harry Byrd;0,9574
Steve Howe;5;Drake Baldwin;0,9574
Dick Howser;1;Cade Horton;1,0
Dick Howser;2;Ken Hunt;1,0
Dick Howser;3;Richie Ashburn;1,0
Dick Howser;4;Clint Courtney;1,0
Dick Howser;5;Ryne Duren;1,0
LaMarr Hoyt;1;Ken Griffey;0,7913
LaMarr Hoyt;2;Leon Wagner;0,7882
LaMarr Hoyt;3;Elias Diaz;0,782
LaMarr Hoyt;4;Johnny Callison;0,782
LaMarr Hoyt;5;Terry Steinbach;0,782
Waite Hoyt;1;Rip Sewell;1,0
Waite Hoyt;2;Birdie Tebbetts;1,0
Waite Hoyt;3;Mel Parnell;1,0
Waite Hoyt;4;Glenn Wright;1,0
Waite Hoyt;5;Ewell Blackwell;1,0
Al Hrabosky;1;Doug Jones;0,9496
Al Hrabosky;2;Tom Hume;0,9496
Al Hrabosky;3;Terry Forster;0,9496
Al Hrabosky;4;Ugueth Urbina;0,9496
Al Hrabosky;5;Stu Miller;0,9454
Kent Hrbek;1;Glenn Davis;0,8299
Kent Hrbek;2;Mike Timlin;0,8173
Kent Hrbek;3;Danny Graves;0,8173
Kent Hrbek;4;Pee Wee Reese;0,7917
Kent Hrbek;5;Gil Hodges;0,7754
Glenn Hubbard;1;Felipe Alou;1,0
Glenn Hubbard;2;Matty Alou;1,0
Glenn Hubbard;3;Bobby Avila;1,0
Glenn Hubbard;4;Tony Bernazard;1,0
Glenn Hubbard;5;Smoky Burgess;1,0
Carl Hubbell;1;Joe DiMaggio;0,9676
Carl Hubbell;2;Mort Cooper;0,9572
Carl Hubbell;3;Dizzy Dean;0,9536
Carl Hubbell;4;Hank Greenberg;0,944
Carl Hubbell;5;Spud Chandler;0,941
Ken Hubbs;1;Bill Virdon;1,0
Ken Hubbs;2;Wally Moon;1,0
Ken Hubbs;3;Bob Grim;0,9957
Ken Hubbs;4;Don Schwall;0,9957
Ken Hubbs;5;Herb Score;0,9957
Daniel Hudson;1;Eloy Jimenez;1,0
Daniel Hudson;2;Alexei Ramirez;0,9526
Daniel Hudson;3;Patrick Wisdom;0,9352
Daniel Hudson;4;Gaby Sanchez;0,9352
Daniel Hudson;5;Anibal Sanchez;0,9352
Orlando Hudson;1;Ian Happ;1,0
Orlando Hudson;2;Luis Castillo;0,9883
Orlando Hudson;3;Jim Landis;0,9825
Orlando Hudson;4;Gary Pettis;0,9825
Orlando Hudson;5;Doug Rader;0,9825
Tim Hudson;1;Jason Giambi;0,7636
Tim Hudson;2;Matt Harvey;0,7629
Tim Hudson;3;Dmitri Young;0,7508
Tim Hudson;4;Trey Mancini;0,748
Tim Hudson;5;Mike Moustakas;0,7434
Aubrey Huff;1;Adam Lind;0,9674
Aubrey Huff;2;Kendrys Morales;0,9414
Aubrey Huff;3;Khris Davis;0,9412
Aubrey Huff;4;Harold Baines;0,9352
Aubrey Huff;5;Hal McRae;0,935
Dick Hughes;1;Brian Anderson;1,0
Dick Hughes;2;Mike Henneman;1,0
Dick Hughes;3;Kirk Rueter;1,0
Dick Hughes;4;Dave Rozema;1,0
Dick Hughes;5;Rolando Arrojo;1,0
Jim Hughes;1;Keith Moreland;1,0
Jim Hughes;2;Doc Medich;1,0
Jim Hughes;3;Mike Davis;1,0
Jim Hughes;4;Art Howe;1,0
Jim Hughes;5;Glenallen Hill;1,0
Tommy Hughes;1;Eddie Ainsmith;1,0
Tommy Hughes;2;Dode Paskert;1,0
Tommy Hughes;3;Marv Owen;1,0
Tommy Hughes;4;Jesse Barnes;1,0
Tommy Hughes;5;Dick Newsome;1,0
Tex Hughson;1;Lefty O'Doul;1,0
Tex Hughson;2;Tony Lazzeri;1,0
Tex Hughson;3;Herb Pennock;0,985
Tex Hughson;4;Harry Brecheen;0,985
Tex Hughson;5;Snuffy Stirnweiss;0,985
Philip Humber;1;Kevin Young;1,0
Philip Humber;2;Yonder Alonso;1,0
Philip Humber;3;Oscar Zamora;1,0
Philip Humber;4;Gary Alexander;1,0
Philip Humber;5;Mike Young;1,0
Tom Hume;1;Doug Jones;1,0
Tom Hume;2;Terry Forster;1,0
Tom Hume;3;Ugueth Urbina;1,0
Tom Hume;4;Luis Arroyo;0,9904
Tom Hume;5;Jack Aker;0,9904
Nick Hundley;1;Kevin Young;1,0
Nick Hundley;2;Yonder Alonso;1,0
Nick Hundley;3;Oscar Zamora;1,0
Nick Hundley;4;Gary Alexander;1,0
Nick Hundley;5;Mike Young;1,0
Randy Hundley;1;Ruben Amaro;1,0
Randy Hundley;2;Masyn Winn;1,0
Randy Hundley;3;Charlie Neal;1,0
Randy Hundley;4;Javier Sanoja;1,0
Randy Hundley;5;Mark Grudzielanek;1,0
Todd Hundley;1;Kevin Young;1,0
Todd Hundley;2;Yonder Alonso;1,0
Todd Hundley;3;Oscar Zamora;1,0
Todd Hundley;4;Gary Alexander;1,0
Todd Hundley;5;Mike Young;1,0
Brian Hunter;1;Kevin Young;1,0
Brian Hunter;2;Yonder Alonso;1,0
Brian Hunter;3;Oscar Zamora;1,0
Brian Hunter;4;Gary Alexander;1,0
Brian Hunter;5;Mike Young;1,0
Catfish Hunter;1;Bob Welch;1,0
Catfish Hunter;2;Jack McDowell;0,9855
Catfish Hunter;3;Jim Lonborg;0,9681
Catfish Hunter;4;Mike Flanagan;0,9681
Catfish Hunter;5;Steve Stone;0,9503
Torii Hunter;1;Steven Souza;0,5857
Torii Hunter;2;Gabe Kapler;0,5857
Torii Hunter;3;Dewayne Wise;0,5835
Torii Hunter;4;Ben Revere;0,574
Torii Hunter;5;Jim Edmonds;0,5603
Ken Hunt;1;Cade Horton;1,0
Ken Hunt;2;Dick Howser;1,0
Ken Hunt;3;Richie Ashburn;1,0
Ken Hunt;4;Clint Courtney;1,0
Ken Hunt;5;Ryne Duren;1,0
Ron Hunt;1;Felipe Alou;1,0
Ron Hunt;2;Matty Alou;1,0
Ron Hunt;3;Bobby Avila;1,0
Ron Hunt;4;Tony Bernazard;1,0
Ron Hunt;5;Smoky Burgess;1,0
Clint Hurdle;1;Kevin Young;1,0
Clint Hurdle;2;Yonder Alonso;1,0
Clint Hurdle;3;Oscar Zamora;1,0
Clint Hurdle;4;Gary Alexander;1,0
Clint Hurdle;5;Mike Young;1,0
Bruce Hurst;1;James Paxton;1,0
Bruce Hurst;2;Jordan Zimmermann;0,9808
Bruce Hurst;3;Danny Darwin;0,9808
Bruce Hurst;4;Darryl Kile;0,9808
Bruce Hurst;5;Scott Kazmir;0,9808
Adam Hyzdu;1;Kevin Young;1,0
Adam Hyzdu;2;Yonder Alonso;1,0
Adam Hyzdu;3;Oscar Zamora;1,0
Adam Hyzdu;4;Gary Alexander;1,0
Adam Hyzdu;5;Mike Young;1,0
Chris Iannetta;1;Kevin Young;1,0
Chris Iannetta;2;Yonder Alonso;1,0
Chris Iannetta;3;Oscar Zamora;1,0
Chris Iannetta;4;Gary Alexander;1,0
Chris Iannetta;5;Mike Young;1,0
Raul Ibanez;1;Allen Craig;0,9104
Raul Ibanez;2;Joe Panik;0,9097
Raul Ibanez;3;Endy Chavez;0,9001
Raul Ibanez;4;Chase Utley;0,8929
Raul Ibanez;5;J. D. Drew;0,8556
Jose Iglesias;1;Spencer Arrighetti;1,0
Jose Iglesias;2;Collin McHugh;1,0
Jose Iglesias;3;Brian Matusz;1,0
Jose Iglesias;4;Steven Matz;1,0
Jose Iglesias;5;David Murphy;1,0
Raisel Iglesias;1;Ryan Helsley;0,9392
Raisel Iglesias;2;Joe Nathan;0,9357
Raisel Iglesias;3;Emmanuel Clase;0,9228
Raisel Iglesias;4;Edwin Diaz;0,8929
Raisel Iglesias;5;Felix Bautista;0,8227
Shota Imanaga;1;Brandon Lowe;0,9933
Shota Imanaga;2;Julio Urias;0,8377
Shota Imanaga;3;Mike Yastrzemski;0,8321
Shota Imanaga;4;Jordan Montgomery;0,8321
Shota Imanaga;5;Mike King;0,8321
Ender Inciarte;1;Tom Pagnozzi;1,0
Ender Inciarte;2;Roy McMillan;1,0
Ender Inciarte;3;Bobby Knoop;1,0
Ender Inciarte;4;Rey Ordonez;1,0
Ender Inciarte;5;Harvey Haddix;1,0
Jonathan India;1;Bobby Crosby;0,9985
Jonathan India;2;Wil Myers;0,9914
Jonathan India;3;Gunnar Henderson;0,9867
Jonathan India;4;Geovany Soto;0,9709
Jonathan India;5;Michael Fulmer;0,9631
Omar Infante;1;Kevin Young;1,0
Omar Infante;2;Yonder Alonso;1,0
Omar Infante;3;Oscar Zamora;1,0
Omar Infante;4;Gary Alexander;1,0
Omar Infante;5;Mike Young;1,0
Brandon Inge;1;Rhys Hoskins;0,9412
Brandon Inge;2;Adam Jones;0,9325
Brandon Inge;3;Michael Young;0,9038
Brandon Inge;4;Marcus Semien;0,8391
Brandon Inge;5;Curtis Granderson;0,8357
Hideki Irabu;1;Doyle Alexander;1,0
Hideki Irabu;2;Charles Nagy;1,0
Hideki Irabu;3;Russ Ortiz;1,0
Hideki Irabu;4;Ivan Nova;1,0
Hideki Irabu;5;Pascual Perez;1,0
Kazuhisa Ishii;1;Spencer Arrighetti;1,0
Kazuhisa Ishii;2;Collin McHugh;1,0
Kazuhisa Ishii;3;Brian Matusz;1,0
Kazuhisa Ishii;4;Steven Matz;1,0
Kazuhisa Ishii;5;David Murphy;1,0
Jason Isringhausen;1;Cody Allen;0,9776
Jason Isringhausen;2;Carlos Estevez;0,9776
Jason Isringhausen;3;B. J. Ryan;0,9776
Jason Isringhausen;4;Takashi Saito;0,9776
Jason Isringhausen;5;Francisco Cordero;0,9776
Mike Ivie;1;Kevin Young;1,0
Mike Ivie;2;Yonder Alonso;1,0
Mike Ivie;3;Oscar Zamora;1,0
Mike Ivie;4;Gary Alexander;1,0
Mike Ivie;5;Mike Young;1,0
Hisashi Iwakuma;1;Kevin Young;1,0
Hisashi Iwakuma;2;Yonder Alonso;1,0
Hisashi Iwakuma;3;Oscar Zamora;1,0
Hisashi Iwakuma;4;Gary Alexander;1,0
Hisashi Iwakuma;5;Mike Young;1,0
Cesar Izturis;1;Ruben Amaro;1,0
Cesar Izturis;2;Masyn Winn;1,0
Cesar Izturis;3;Charlie Neal;1,0
Cesar Izturis;4;Randy Hundley;1,0
Cesar Izturis;5;Javier Sanoja;1,0
Austin Jackson;1;Jake Cronenworth;0,9982
Austin Jackson;2;Gordon Beckham;0,9928
Austin Jackson;3;Dan Uggla;0,9788
Austin Jackson;4;Miguel Andujar;0,9617
Austin Jackson;5;Willy Taveras;0,9503
Bo Jackson;1;Terry Steinbach;0,7899
Bo Jackson;2;Elias Diaz;0,7899
Bo Jackson;3;Johnny Callison;0,7899
Bo Jackson;4;Ken Griffey;0,7868
Bo Jackson;5;Leon Wagner;0,7837
Conor Jackson;1;Jonathan Schoop;1,0
Conor Jackson;2;Adam Eaton;1,0
Conor Jackson;3;Dan Driessen;1,0
Conor Jackson;4;Oddibe McDowell;1,0
Conor Jackson;5;Len Barker;1,0
Danny Jackson;1;Jose Lima;0,8745
Danny Jackson;2;Denny Neagle;0,8745
Danny Jackson;3;Chuck Finley;0,762
Danny Jackson;4;Mark Mulder;0,7599
Danny Jackson;5;Larry Hisle;0,7586
Edwin Jackson;1;Kevin Young;1,0
Edwin Jackson;2;Yonder Alonso;1,0
Edwin Jackson;3;Oscar Zamora;1,0
Edwin Jackson;4;Gary Alexander;1,0
Edwin Jackson;5;Mike Young;1,0
Shoeless Joe Jackson;1;Zack Wheat;1,0
Shoeless Joe Jackson;2;Honus Wagner;0,9997
Shoeless Joe Jackson;3;Edd Roush;0,998
Shoeless Joe Jackson;4;Steve O'Neill;0,9979
Shoeless Joe Jackson;5;Jimmy Archer;0,9979
Reggie Jackson;1;Troy Glaus;0,8221
Reggie Jackson;2;Scott Brosius;0,7805
Reggie Jackson;3;Pedro Guerrero;0,7781
Reggie Jackson;4;Gene Tenace;0,7773
Reggie Jackson;5;Ralph Terry;0,7531
Travis Jackson;1;Luke Appling;0,9921
Travis Jackson;2;Hack Wilson;0,9866
Travis Jackson;3;Pie Traynor;0,9821
Travis Jackson;4;Bill Dickey;0,9816
Travis Jackson;5;Mel Ott;0,9647
Brook Jacoby;1;Randy Winn;1,0
Brook Jacoby;2;Didi Gregorius;1,0
Brook Jacoby;3;Bo Diaz;1,0
Brook Jacoby;4;Cory Snyder;1,0
Brook Jacoby;5;Brian Downing;1,0
John Jaha;1;Fernando Tatis;1,0
John Jaha;2;Daniel Bard;1,0
John Jaha;3;Mike Lieberthal;0,9941
John Jaha;4;Darren Daulton;0,9881
John Jaha;5;Chris Young;0,9875
Bill James;1;Eddie Ainsmith;1,0
Bill James;2;Dode Paskert;1,0
Bill James;3;Marv Owen;1,0
Bill James;4;Jesse Barnes;1,0
Bill James;5;Dick Newsome;1,0
Bob James;1;Kevin Young;1,0
Bob James;2;Yonder Alonso;1,0
Bob James;3;Oscar Zamora;1,0
Bob James;4;Gary Alexander;1,0
Bob James;5;Mike Young;1,0
Dion James;1;Kevin Young;1,0
Dion James;2;Yonder Alonso;1,0
Dion James;3;Oscar Zamora;1,0
Dion James;4;Gary Alexander;1,0
Dion James;5;Mike Young;1,0
Charlie Jamieson;1;Eddie Ainsmith;1,0
Charlie Jamieson;2;Dode Paskert;1,0
Charlie Jamieson;3;Marv Owen;1,0
Charlie Jamieson;4;Jesse Barnes;1,0
Charlie Jamieson;5;Dick Newsome;1,0
Kenley Jansen;1;Devin Williams;0,95
Kenley Jansen;2;Chad Cordero;0,9447
Kenley Jansen;3;Heath Bell;0,8952
Kenley Jansen;4;Felix Bautista;0,8731
Kenley Jansen;5;Zack Britton;0,8706
Larry Jansen;1;Eddie Ainsmith;1,0
Larry Jansen;2;Dode Paskert;1,0
Larry Jansen;3;Marv Owen;1,0
Larry Jansen;4;Jesse Barnes;1,0
Larry Jansen;5;Dick Newsome;1,0
Griffin Jax;1;Darren O'Day;1,0
Griffin Jax;2;Brad Ziegler;1,0
Griffin Jax;3;Craig Stammen;1,0
Griffin Jax;4;Ian Kennedy;1,0
Griffin Jax;5;Jon Gray;1,0
Joey Jay;1;Felipe Alou;1,0
Joey Jay;2;Matty Alou;1,0
Joey Jay;3;Bobby Avila;1,0
Joey Jay;4;Tony Bernazard;1,0
Joey Jay;5;Smoky Burgess;1,0
Gregg Jefferies;1;Jonathan Schoop;1,0
Gregg Jefferies;2;Adam Eaton;1,0
Gregg Jefferies;3;Dan Driessen;1,0
Gregg Jefferies;4;Oddibe McDowell;1,0
Gregg Jefferies;5;Len Barker;1,0
Reggie Jefferson;1;Kevin Young;1,0
Reggie Jefferson;2;Yonder Alonso;1,0
Reggie Jefferson;3;Oscar Zamora;1,0
Reggie Jefferson;4;Gary Alexander;1,0
Reggie Jefferson;5;Mike Young;1,0
Fergie Jenkins;1;Mike McCormick;0,9564
Fergie Jenkins;2;Dean Chance;0,9564
Fergie Jenkins;3;John Denny;0,9477
Fergie Jenkins;4;Randy Jones;0,9071
Fergie Jenkins;5;Bret Saberhagen;0,7205
Geoff Jenkins;1;Kevin Young;1,0
Geoff Jenkins;2;Yonder Alonso;1,0
Geoff Jenkins;3;Oscar Zamora;1,0
Geoff Jenkins;4;Gary Alexander;1,0
Geoff Jenkins;5;Mike Young;1,0
Bobby Jenks;1;David Bednar;1,0
Bobby Jenks;2;Joakim Soria;1,0
Bobby Jenks;3;Robert Suarez;1,0
Bobby Jenks;4;Jason Grilli;1,0
Bobby Jenks;5;Tanner Scott;1,0
Desmond Jennings;1;Kevin Young;1,0
Desmond Jennings;2;Yonder Alonso;1,0
Desmond Jennings;3;Oscar Zamora;1,0
Desmond Jennings;4;Gary Alexander;1,0
Desmond Jennings;5;Mike Young;1,0
Jason Jennings;1;Kerry Wood;0,9627
Jason Jennings;2;Angel Berroa;0,8071
Jason Jennings;3;Todd Hollandsworth;0,7627
Jason Jennings;4;Marty Cordova;0,7607
Jason Jennings;5;Dontrelle Willis;0,6944
Jackie Jensen;1;Hank Sauer;0,9815
Jackie Jensen;2;Willie McGee;0,9
Jackie Jensen;3;Jeff Burroughs;0,8978
Jackie Jensen;4;Roger Maris;0,8897
Jackie Jensen;5;Bobby Ayala;0,8401
Derek Jeter;1;Mark Buehrle;0,6755
Derek Jeter;2;Albert Pujols;0,5564
Derek Jeter;3;Alex Rodriguez;0,5136
Derek Jeter;4;Bill Mueller;0,5128
Derek Jeter;5;Rafael Furcal;0,51
Sam Jethroe;1;Lou Piniella;1,0
Sam Jethroe;2;Jim Lefebvre;1,0
Sam Jethroe;3;Gregg Olson;1,0
Sam Jethroe;4;Drake Baldwin;1,0
Sam Jethroe;5;John Castino;1,0
Eloy Jimenez;1;Daniel Hudson;1,0
Eloy Jimenez;2;Alexei Ramirez;0,9526
Eloy Jimenez;3;Patrick Wisdom;0,9352
Eloy Jimenez;4;Keston Hiura;0,9352
Eloy Jimenez;5;Pedro Feliz;0,9352
Jose Jimenez;1;Kevin Young;1,0
Jose Jimenez;2;Yonder Alonso;1,0
Jose Jimenez;3;Oscar Zamora;1,0
Jose Jimenez;4;Gary Alexander;1,0
Jose Jimenez;5;Mike Young;1,0
Ubaldo Jimenez;1;J. R. Richard;1,0
Ubaldo Jimenez;2;Jeff Fassero;0,9895
Ubaldo Jimenez;3;Kris Medlen;0,9895
Ubaldo Jimenez;4;Rich Hill;0,9895
Ubaldo Jimenez;5;Dennis Martinez;0,9893
Alex Johnson;1;Clyde Wright;1,0
Alex Johnson;2;Gil Meche;1,0
Alex Johnson;3;Dock Ellis;1,0
Alex Johnson;4;Kevin Elster;1,0
Alex Johnson;5;Jim Hickman;1,0
Billy Johnson;1;Rip Sewell;1,0
Billy Johnson;2;Tiny Bonham;1,0
Billy Johnson;3;Glenn Wright;1,0
Billy Johnson;4;Ewell Blackwell;1,0
Billy Johnson;5;Schoolboy Rowe;1,0
Bob Johnson;1;Eddie Ainsmith;1,0
Bob Johnson;2;Dode Paskert;1,0
Bob Johnson;3;Marv Owen;1,0
Bob Johnson;4;Jesse Barnes;1,0
Bob Johnson;5;Dick Newsome;1,0
Charles Johnson;1;Mike Matheny;1,0
Charles Johnson;2;Mickey Stanley;1,0
Charles Johnson;3;Cesar Geronimo;1,0
Charles Johnson;4;Jim Landis;0,9945
Charles Johnson;5;Gary Pettis;0,9945
Cliff Johnson;1;Kevin Young;1,0
Cliff Johnson;2;Yonder Alonso;1,0
Cliff Johnson;3;Oscar Zamora;1,0
Cliff Johnson;4;Gary Alexander;1,0
Cliff Johnson;5;Mike Young;1,0
Davey Johnson;1;Tim Wallach;0,9068
Davey Johnson;2;Norm Cash;0,8929
Davey Johnson;3;Jim Wynn;0,8622
Davey Johnson;4;Boog Powell;0,8541
Davey Johnson;5;Gorman Thomas;0,8485
Dave Johnson;1;Kevin Young;1,0
Dave Johnson;2;Yonder Alonso;1,0
Dave Johnson;3;Oscar Zamora;1,0
Dave Johnson;4;Gary Alexander;1,0
Dave Johnson;5;Mike Young;1,0
Dan Johnson;1;Kevin Young;1,0
Dan Johnson;2;Yonder Alonso;1,0
Dan Johnson;3;Oscar Zamora;1,0
Dan Johnson;4;Gary Alexander;1,0
Dan Johnson;5;Mike Young;1,0
Deron Johnson;1;Felipe Alou;1,0
Deron Johnson;2;Matty Alou;1,0
Deron Johnson;3;Bobby Avila;1,0
Deron Johnson;4;Tony Bernazard;1,0
Deron Johnson;5;Smoky Burgess;1,0
Howard Johnson;1;Melvin Mora;0,9246
Howard Johnson;2;Bobby Bonilla;0,9197
Howard Johnson;3;Doug DeCinces;0,894
Howard Johnson;4;Mike Greenwell;0,8784
Howard Johnson;5;Jose Reyes;0,8784
Jay Johnstone;1;Kevin Young;1,0
Jay Johnstone;2;Yonder Alonso;1,0
Jay Johnstone;3;Oscar Zamora;1,0
Jay Johnstone;4;Gary Alexander;1,0
Jay Johnstone;5;Mike Young;1,0
Jason Johnson;1;Kevin Young;1,0
Jason Johnson;2;Yonder Alonso;1,0
Jason Johnson;3;Oscar Zamora;1,0
Jason Johnson;4;Gary Alexander;1,0
Jason Johnson;5;Mike Young;1,0
Jim Johnson;1;Chris Carpenter;0,8747
Jim Johnson;2;Chris Young;0,8747
Jim Johnson;3;Jonny Venters;0,8747
Jim Johnson;4;Garrett Crochet;0,7938
Jim Johnson;5;Anthony Rendon;0,6857
Josh Johnson;1;Ben Sheets;0,9723
Josh Johnson;2;Matt Shoemaker;0,9723
Josh Johnson;3;Chris Archer;0,9723
Josh Johnson;4;Trevor Rogers;0,9696
Josh Johnson;5;Martin Perez;0,9518
Kelly Johnson;1;Buzz Capra;1,0
Kelly Johnson;2;Brook Jacoby;1,0
Kelly Johnson;3;Dan Meyer;1,0
Kelly Johnson;4;Ron LeFlore;1,0
Kelly Johnson;5;Claudell Washington;1,0
Lamar Johnson;1;Buzz Capra;1,0
Lamar Johnson;2;Brook Jacoby;1,0
Lamar Johnson;3;Dan Meyer;1,0
Lamar Johnson;4;Ron LeFlore;1,0
Lamar Johnson;5;Claudell Washington;1,0
Nick Johnson;1;Jonathan Schoop;1,0
Nick Johnson;2;Adam Eaton;1,0
Nick Johnson;3;Dan Driessen;1,0
Nick Johnson;4;Oddibe McDowell;1,0
Nick Johnson;5;Len Barker;1,0
Randy Johnson;1;Tom Seaver;0,6778
Randy Johnson;2;Roger Clemens;0,6276
Randy Johnson;3;Bartolo Colon;0,5527
Randy Johnson;4;Blake Snell;0,5521
Randy Johnson;5;Jake Peavy;0,5516
Reed Johnson;1;Spencer Arrighetti;1,0
Reed Johnson;2;Collin McHugh;1,0
Reed Johnson;3;Brian Matusz;1,0
Reed Johnson;4;Steven Matz;1,0
Reed Johnson;5;David Murphy;1,0
Walter Johnson;1;Dazzy Vance;0,985
Walter Johnson;2;Lefty Grove;0,978
Walter Johnson;3;Christy Mathewson;0,9589
Walter Johnson;4;Pete Alexander;0,9546
Walter Johnson;5;Lefty Gomez;0,9141
Tommy John;1;Stephen Piscotty;0,858
Tommy John;2;Bobby Tolan;0,7543
Tommy John;3;Tony Conigliaro;0,7511
Tommy John;4;Barry Zito;0,7176
Tommy John;5;John Hiller;0,6817
Adam Jones;1;Brandon Inge;0,9325
Adam Jones;2;Rhys Hoskins;0,8819
Adam Jones;3;Michael Young;0,8744
Adam Jones;4;Marcus Semien;0,8366
Adam Jones;5;Curtis Granderson;0,7995
Andruw Jones;1;Carlos Gonzalez;0,7639
Andruw Jones;2;Barry Bonds;0,7252
Andruw Jones;3;Carlos Delgado;0,703
Andruw Jones;4;Jose Altuve;0,6827
Andruw Jones;5;Ryan Howard;0,667
Bobby Jones;1;Wandy Rodriguez;1,0
Bobby Jones;2;Andy Hawkins;1,0
Bobby Jones;3;Matt Harrison;1,0
Bobby Jones;4;Rick Helling;1,0
Bobby Jones;5;Woody Williams;1,0
Chipper Jones;1;Preston Wilson;0,65
Chipper Jones;2;Raul Mondesi;0,5883
Chipper Jones;3;Bob Hamelin;0,5815
Chipper Jones;4;Ben Grieve;0,5734
Chipper Jones;5;Eric Hinske;0,5515
Cleon Jones;1;Felipe Alou;1,0
Cleon Jones;2;Matty Alou;1,0
Cleon Jones;3;Bobby Avila;1,0
Cleon Jones;4;Tony Bernazard;1,0
Cleon Jones;5;Smoky Burgess;1,0
Doug Jones;1;Tom Hume;1,0
Doug Jones;2;Terry Forster;1,0
Doug Jones;3;Ugueth Urbina;1,0
Doug Jones;4;Luis Arroyo;0,9904
Doug Jones;5;Jack Aker;0,9904
Garrett Jones;1;Spencer Arrighetti;1,0
Garrett Jones;2;Collin McHugh;1,0
Garrett Jones;3;Steven Matz;1,0
Garrett Jones;4;David Murphy;1,0
Garrett Jones;5;Brian Matusz;1,0
Jacque Jones;1;Jonathan Schoop;1,0
Jacque Jones;2;Adam Eaton;1,0
Jacque Jones;3;Dan Driessen;1,0
Jacque Jones;4;Oddibe McDowell;1,0
Jacque Jones;5;Len Barker;1,0
Nolan Jones;1;James Loney;1,0
Nolan Jones;2;Gaby Sanchez;1,0
Nolan Jones;3;Jose Miranda;1,0
Nolan Jones;4;Anibal Sanchez;1,0
Nolan Jones;5;Patrick Wisdom;1,0
Randy Jones;1;John Denny;0,9457
Randy Jones;2;Fergie Jenkins;0,9071
Randy Jones;3;Mike McCormick;0,863
Randy Jones;4;Dean Chance;0,863
Randy Jones;5;Bret Saberhagen;0,8292
Sam Jones;1;Ron Bryant;1,0
Sam Jones;2;Bob Porterfield;1,0
Sam Jones;3;Preacher Roe;1,0
Sam Jones;4;Ellis Kinder;1,0
Sam Jones;5;Sam McDowell;1,0
Todd Jones;1;Jose Mesa;0,9814
Todd Jones;2;Antonio Alfonseca;0,9153
Todd Jones;3;Jeff Russell;0,9153
Todd Jones;4;Rawly Eastwick;0,9153
Todd Jones;5;Jeff Montgomery;0,9102
Brian Jordan;1;Gary Ward;1,0
Brian Jordan;2;Eugenio Suarez;1,0
Brian Jordan;3;Bill Buckner;0,9889
Brian Jordan;4;Von Hayes;0,9889
Brian Jordan;5;Martin Prado;0,9778
Mike Jorgensen;1;Erick Aybar;1,0
Mike Jorgensen;2;Brendan Rodgers;1,0
Mike Jorgensen;3;Jose Lind;1,0
Mike Jorgensen;4;Jody Davis;1,0
Mike Jorgensen;5;Corey Dickerson;1,0
Felix Jose;1;Shin-Soo Choo;1,0
Felix Jose;2;Jason Kipnis;0,9792
Felix Jose;3;Jayson Werth;0,9792
Felix Jose;4;Travis Hafner;0,9792
Felix Jose;5;C. J. Cron;0,9171
Addie Joss;1;Eddie Ainsmith;1,0
Addie Joss;2;Dode Paskert;1,0
Addie Joss;3;Marv Owen;1,0
Addie Joss;4;Jesse Barnes;1,0
Addie Joss;5;Dick Newsome;1,0
Matt Joyce;1;Kevin Young;1,0
Matt Joyce;2;Yonder Alonso;1,0
Matt Joyce;3;Oscar Zamora;1,0
Matt Joyce;4;Gary Alexander;1,0
Matt Joyce;5;Mike Young;1,0
Wally Joyner;1;Brian Giles;1,0
Wally Joyner;2;Rougned Odor;0,9897
Wally Joyner;3;A. J. Burnett;0,9897
Wally Joyner;4;Phil Garner;0,9897
Wally Joyner;5;Jason Thompson;0,9897
Jeff Juden;1;Kevin Young;1,0
Jeff Juden;2;Yonder Alonso;1,0
Jeff Juden;3;Oscar Zamora;1,0
Jeff Juden;4;Gary Alexander;1,0
Jeff Juden;5;Mike Young;1,0
Aaron Judge;1;Ronald Acuña;0,7256
Aaron Judge;2;Barry Bonds;0,7237
Aaron Judge;3;Shohei Ohtani;0,7213
Aaron Judge;4;Ryan Howard;0,7064
Aaron Judge;5;Bryce Harper;0,7055
Joe Judge;1;Eddie Ainsmith;1,0
Joe Judge;2;Dode Paskert;1,0
Joe Judge;3;Marv Owen;1,0
Joe Judge;4;Jesse Barnes;1,0
Joe Judge;5;Dick Newsome;1,0
Josh Jung;1;Khalil Greene;1,0
Josh Jung;2;Rocco Baldelli;1,0
Josh Jung;3;Zach Duke;1,0
Josh Jung;4;James Outman;1,0
Josh Jung;5;Gustavo Chacin;1,0
Billy Jurges;1;Eddie Ainsmith;1,0
Billy Jurges;2;Dode Paskert;1,0
Billy Jurges;3;Marv Owen;1,0
Billy Jurges;4;Jesse Barnes;1,0
Billy Jurges;5;Dick Newsome;1,0
Jair Jurrjens;1;Martin Perez;0,9412
Jair Jurrjens;2;Ben Sheets;0,9294
Jair Jurrjens;3;Chris Archer;0,9294
Jair Jurrjens;4;Matt Shoemaker;0,9294
Jair Jurrjens;5;Josh Johnson;0,9247
David Justice;1;Orlando Hernandez;0,7036
David Justice;2;Tim Salmon;0,6735
David Justice;3;Rickey Henderson;0,6351
David Justice;4;Fred Lynn;0,6075
David Justice;5;Greg Vaughn;0,5947
Jim Kaat;1;Bob Boone;0,9394
Jim Kaat;2;Paul Blair;0,9304
Jim Kaat;3;George Scott;0,9295
Jim Kaat;4;Mike Mussina;0,927
Jim Kaat;5;Curt Flood;0,925
Tommy Kahnle;1;Shane Greene;1,0
Tommy Kahnle;2;Kyle Barraclough;1,0
Tommy Kahnle;3;Matt Barnes;1,0
Tommy Kahnle;4;Jake McGee;1,0
Tommy Kahnle;5;B. J. Ryan;1,0
Al Kaline;1;Dale Murphy;0,7234
Al Kaline;2;Pete Rose;0,7021
Al Kaline;3;Lou Brock;0,6914
Al Kaline;4;Don Mattingly;0,6902
Al Kaline;5;Hank Aaron;0,6834
Willie Kamm;1;Jack Meyers;1,0
Willie Kamm;2;Chick Hafey;1,0
Willie Kamm;3;Charlie Hollocher;1,0
Willie Kamm;4;Eppa Rixey;1,0
Willie Kamm;5;Muddy Ruel;1,0
Jung Ho Kang;1;James Loney;1,0
Jung Ho Kang;2;Gaby Sanchez;1,0
Jung Ho Kang;3;Jose Miranda;1,0
Jung Ho Kang;4;Anibal Sanchez;1,0
Jung Ho Kang;5;Keston Hiura;1,0
Gabe Kapler;1;Steven Souza;1,0
Gabe Kapler;2;Dewayne Wise;0,9993
Gabe Kapler;3;Ben Revere;0,9832
Gabe Kapler;4;Melky Cabrera;0,9198
Gabe Kapler;5;Rafael Furcal;0,8214
Eric Karros;1;Chris Chambliss;0,9751
Eric Karros;2;Joe Charboneau;0,9738
Eric Karros;3;Bob Horner;0,9722
Eric Karros;4;Chuck Knoblauch;0,9703
Eric Karros;5;Ron Kittle;0,9689
Jeff Karstens;1;Kevin Young;1,0
Jeff Karstens;2;Yonder Alonso;1,0
Jeff Karstens;3;Oscar Zamora;1,0
Jeff Karstens;4;Gary Alexander;1,0
Jeff Karstens;5;Mike Young;1,0
Scott Kazmir;1;Jordan Zimmermann;1,0
Scott Kazmir;2;Danny Darwin;1,0
Scott Kazmir;3;Darryl Kile;1,0
Scott Kazmir;4;Javier Vazquez;1,0
Scott Kazmir;5;Dennis Martinez;0,9845
Austin Kearns;1;Spencer Arrighetti;1,0
Austin Kearns;2;Collin McHugh;1,0
Austin Kearns;3;Steven Matz;1,0
Austin Kearns;4;David Murphy;1,0
Austin Kearns;5;Brian Matusz;1,0
Luke Keaschall;1;Kevin Young;1,0
Luke Keaschall;2;Yonder Alonso;1,0
Luke Keaschall;3;Oscar Zamora;1,0
Luke Keaschall;4;Gary Alexander;1,0
Luke Keaschall;5;Mike Young;1,0
Tim Keefe;1;Amos Rusie;1,0
Tim Keefe;2;Tommy Bond;1,0
Tim Keefe;3;Guy Hecker;1,0
Tim Keefe;4;John Clarkson;1,0
Tim Keefe;5;Old Hoss Radbourn;1,0
Colt Keith;1;Spencer Arrighetti;1,0
Colt Keith;2;Collin McHugh;1,0
Colt Keith;3;Steven Matz;1,0
Colt Keith;4;David Murphy;1,0
Colt Keith;5;Brian Matusz;1,0
Charlie Keller;1;Stan Coveleski;1,0
Charlie Keller;2;Carl Mays;1,0
Charlie Keller;3;Smoky Joe Wood;1,0
Charlie Keller;4;Jimmy Brown;1,0
Charlie Keller;5;Jack Coombs;1,0
Mitch Keller;1;Kevin Young;1,0
Mitch Keller;2;Yonder Alonso;1,0
Mitch Keller;3;Oscar Zamora;1,0
Mitch Keller;4;Gary Alexander;1,0
Mitch Keller;5;Mike Young;1,0
George Kell;1;Mel Ott;0,9735
George Kell;2;Earl Averill;0,9735
George Kell;3;Red Rolfe;0,9641
George Kell;4;Red Ruffing;0,9591
George Kell;5;Stan Hack;0,95
George Kelly;1;Heinie Zimmerman;1,0
George Kelly;2;Ross Youngs;1,0
George Kelly;3;Stuffy McInnis;1,0
George Kelly;4;Wilbur Cooper;1,0
George Kelly;5;Roger Bresnahan;1,0
Merrill Kelly;1;Don Aase;1,0
Merrill Kelly;2;Scott McGregor;1,0
Merrill Kelly;3;Charlie Lea;1,0
Merrill Kelly;4;Frankie Montas;1,0
Merrill Kelly;5;Kent Mercker;1,0
Roberto Kelly;1;Kevin Young;1,0
Roberto Kelly;2;Yonder Alonso;1,0
Roberto Kelly;3;Oscar Zamora;1,0
Roberto Kelly;4;Gary Alexander;1,0
Roberto Kelly;5;Mike Young;1,0
Ken Keltner;1;Stan Coveleski;1,0
Ken Keltner;2;Bobo Newsom;1,0
Ken Keltner;3;Smoky Joe Wood;1,0
Ken Keltner;4;Bill Carrigan;1,0
Ken Keltner;5;Carl Mays;1,0
Matt Kemp;1;Frank Thomas;0,7697
Matt Kemp;2;Greg Vaughn;0,752
Matt Kemp;3;Andres Galarraga;0,743
Matt Kemp;4;Adam Dunn;0,7273
Matt Kemp;5;Prince Fielder;0,7133
Steve Kemp;1;Jonathan Schoop;1,0
Steve Kemp;2;Adam Eaton;1,0
Steve Kemp;3;Dan Driessen;1,0
Steve Kemp;4;Oddibe McDowell;1,0
Steve Kemp;5;Len Barker;1,0
Jason Kendall;1;Bernie Carbo;1,0
Jason Kendall;2;Larry Herndon;1,0
Jason Kendall;3;Craig Worthington;0,9956
Jason Kendall;4;Butch Wynegar;0,9956
Jason Kendall;5;Coco Laboy;0,9956
Howie Kendrick;1;Cody Ross;1,0
Howie Kendrick;2;Marco Scutaro;1,0
Howie Kendrick;3;Sterling Hitchcock;1,0
Howie Kendrick;4;Jeff Suppan;1,0
Howie Kendrick;5;Craig Counsell;1,0
Adam Kennedy;1;Matt Garza;1,0
Adam Kennedy;2;Koji Uehara;0,9975
Adam Kennedy;3;Marty Barrett;0,9975
Adam Kennedy;4;Alcides Escobar;0,9937
Adam Kennedy;5;Lorenzo Cain;0,9914
Ian Kennedy;1;Darren O'Day;1,0
Ian Kennedy;2;Brad Ziegler;1,0
Ian Kennedy;3;Griffin Jax;1,0
Ian Kennedy;4;Jon Gray;1,0
Ian Kennedy;5;Craig Stammen;1,0
Terry Kennedy;1;Leon Durham;1,0
Terry Kennedy;2;Josh Bell;0,9519
Terry Kennedy;3;Tim Anderson;0,9092
Terry Kennedy;4;Jim Hughes;0,8457
Terry Kennedy;5;Doc Medich;0,8457
Vern Kennedy;1;Babe Adams;1,0
Vern Kennedy;2;Jim Bagby;1,0
Vern Kennedy;3;Ivey Wingo;1,0
Vern Kennedy;4;Red Lucas;1,0
Vern Kennedy;5;Dolf Luque;1,0
Jeff Kent;1;Juan Gonzalez;0,9171
Jeff Kent;2;Bobby Bonilla;0,863
Jeff Kent;3;Justin Morneau;0,8455
Jeff Kent;4;Howard Johnson;0,8079
Jeff Kent;5;Wade Boggs;0,7503
Matt Keough;1;Bob Knepper;0,9931
Matt Keough;2;Tyler Glasnow;0,9701
Matt Keough;3;Al Downing;0,963
Matt Keough;4;Dock Ellis;0,963
Matt Keough;5;Kevin Elster;0,963
Max Kepler;1;Jonathan Schoop;1,0
Max Kepler;2;Adam Eaton;1,0
Max Kepler;3;Dan Driessen;1,0
Max Kepler;4;Oddibe McDowell;1,0
Max Kepler;5;Len Barker;1,0
Jim Kern;1;Jeff Shaw;0,9901
Jim Kern;2;Bobby Thigpen;0,9901
Jim Kern;3;Jeff Russell;0,9616
Jim Kern;4;Rawly Eastwick;0,9616
Jim Kern;5;Antonio Alfonseca;0,9616
Clayton Kershaw;1;R. A. Dickey;0,8342
Clayton Kershaw;2;Zack Greinke;0,8305
Clayton Kershaw;3;Johan Santana;0,8303
Clayton Kershaw;4;Mark Prior;0,721
Clayton Kershaw;5;Chien-Ming Wang;0,6859
Don Kessinger;1;Ron Santo;0,9468
Don Kessinger;2;Gil Hodges;0,9334
Don Kessinger;3;Pee Wee Reese;0,9307
Don Kessinger;4;Mike Timlin;0,9189
Don Kessinger;5;Danny Graves;0,9189
Dallas Keuchel;1;Greg Maddux;0,8595
Dallas Keuchel;2;Felix Hernandez;0,8404
Dallas Keuchel;3;Blake Snell;0,8312
Dallas Keuchel;4;Bartolo Colon;0,8251
Dallas Keuchel;5;Pat Hentgen;0,7583
Jimmy Key;1;Jason Schmidt;0,8953
Jimmy Key;2;Pat Hentgen;0,7918
Jimmy Key;3;Billy Pierce;0,7752
Jimmy Key;4;Bob Lemon;0,7713
Jimmy Key;5;Johnny Antonelli;0,7465
Kevin Kiermaier;1;Matt Chapman;0,9717
Kevin Kiermaier;2;Jose Trevino;0,9504
Kevin Kiermaier;3;Nolan Arenado;0,9063
Kevin Kiermaier;4;Alex Gordon;0,8596
Kevin Kiermaier;5;Andres Gimenez;0,822
Darryl Kile;1;Jordan Zimmermann;1,0
Darryl Kile;2;Danny Darwin;1,0
Darryl Kile;3;Scott Kazmir;1,0
Darryl Kile;4;Javier Vazquez;1,0
Darryl Kile;5;Dennis Martinez;0,9845
Bill Killefer;1;Jack Meyers;1,0
Bill Killefer;2;Urban Shocker;1,0
Bill Killefer;3;Chick Hafey;1,0
Bill Killefer;4;Willie Kamm;1,0
Bill Killefer;5;Eppa Rixey;1,0
Harmon Killebrew;1;Ernie Banks;0,9743
Harmon Killebrew;2;Dick Groat;0,9375
Harmon Killebrew;3;Hank Aaron;0,931
Harmon Killebrew;4;Don Mattingly;0,8076
Harmon Killebrew;5;Ken Boyer;0,7856
Craig Kimbrel;1;Jose Valverde;0,6319
Craig Kimbrel;2;J. A. Happ;0,6245
Craig Kimbrel;3;Jose Fernandez;0,6105
Craig Kimbrel;4;Greg Holland;0,5991
Craig Kimbrel;5;Edwin Diaz;0,5742
Byung-Hyun Kim;1;Kevin Young;1,0
Byung-Hyun Kim;2;Yonder Alonso;1,0
Byung-Hyun Kim;3;Oscar Zamora;1,0
Byung-Hyun Kim;4;Gary Alexander;1,0
Byung-Hyun Kim;5;Mike Young;1,0
Ha-Seong Kim;1;Ruben Amaro;1,0
Ha-Seong Kim;2;Masyn Winn;1,0
Ha-Seong Kim;3;Charlie Neal;1,0
Ha-Seong Kim;4;Randy Hundley;1,0
Ha-Seong Kim;5;Javier Sanoja;1,0
Ellis Kinder;1;Ron Bryant;1,0
Ellis Kinder;2;Bob Porterfield;1,0
Ellis Kinder;3;Preacher Roe;1,0
Ellis Kinder;4;Sam Jones;1,0
Ellis Kinder;5;Sam McDowell;1,0
Isiah Kiner-Falefa;1;Ruben Amaro;1,0
Isiah Kiner-Falefa;2;Masyn Winn;1,0
Isiah Kiner-Falefa;3;Charlie Neal;1,0
Isiah Kiner-Falefa;4;Randy Hundley;1,0
Isiah Kiner-Falefa;5;Javier Sanoja;1,0
Ralph Kiner;1;Enos Slaughter;0,9199
Ralph Kiner;2;Ferris Fain;0,9085
Ralph Kiner;3;Nellie Fox;0,7526
Ralph Kiner;4;Bobby Ayala;0,7403
Ralph Kiner;5;Luke Easter;0,7403
Jeff King;1;Richard Hidalgo;1,0
Jeff King;2;Kevin Bass;1,0
Jeff King;3;Chris Hoiles;1,0
Jeff King;4;Joe Randa;1,0
Jeff King;5;Ralph Garr;1,0
Dave Kingman;1;Willie Horton;0,8441
Dave Kingman;2;Richie Zisk;0,7231
Dave Kingman;3;Chili Davis;0,7083
Dave Kingman;4;Kendrys Morales;0,6942
Dave Kingman;5;Ellis Burks;0,6939
Mike King;1;Aaron Nola;1,0
Mike King;2;Bryan Woo;1,0
Mike King;3;Charlie Morton;1,0
Mike King;4;Mike Yastrzemski;1,0
Mike King;5;Ryan Pressly;1,0
Ian Kinsler;1;Bengie Molina;1,0
Ian Kinsler;2;Mike Cameron;0,9684
Ian Kinsler;3;Felix Millan;0,9456
Ian Kinsler;4;Joey Gallo;0,9456
Ian Kinsler;5;Adam Duvall;0,9237
Jason Kipnis;1;Jayson Werth;1,0
Jason Kipnis;2;Travis Hafner;1,0
Jason Kipnis;3;Felix Jose;0,9792
Jason Kipnis;4;Shin-Soo Choo;0,9792
Jason Kipnis;5;Chris Hoiles;0,9209
George Kirby;1;Spencer Arrighetti;1,0
George Kirby;2;Collin McHugh;1,0
George Kirby;3;Steven Matz;1,0
George Kirby;4;David Murphy;1,0
George Kirby;5;Brian Matusz;1,0
Alex Kirilloff;1;Kevin Young;1,0
Alex Kirilloff;2;Yonder Alonso;1,0
Alex Kirilloff;3;Oscar Zamora;1,0
Alex Kirilloff;4;Gary Alexander;1,0
Alex Kirilloff;5;Mike Young;1,0
Alejandro Kirk;1;Edgardo Alfonzo;1,0
Alejandro Kirk;2;Eric Young;1,0
Alejandro Kirk;3;Donovan Solano;1,0
Alejandro Kirk;4;Matt Nokes;1,0
Alejandro Kirk;5;Cedric Mullins;1,0
Ron Kittle;1;Bob Horner;0,9972
Ron Kittle;2;Joe Charboneau;0,9831
Ron Kittle;3;Vince Coleman;0,9743
Ron Kittle;4;Alvin Davis;0,9743
Ron Kittle;5;Chris Chambliss;0,9732
Chuck Klein;1;Lou Gehrig;0,9702
Chuck Klein;2;Jimmie Foxx;0,9646
Chuck Klein;3;Joe Medwick;0,8856
Chuck Klein;4;Hank Greenberg;0,7902
Chuck Klein;5;Frank McCormick;0,7858
Ryan Klesko;1;Neil Allen;1,0
Ryan Klesko;2;Oscar Gamble;1,0
Ryan Klesko;3;Homer Bailey;1,0
Ryan Klesko;4;Bill Doran;1,0
Ryan Klesko;5;Jorge Orta;1,0
Johnny Kling;1;Jack Meyers;1,0
Johnny Kling;2;Urban Shocker;1,0
Johnny Kling;3;Chick Hafey;1,0
Johnny Kling;4;Willie Kamm;1,0
Johnny Kling;5;Eppa Rixey;1,0
Corey Kluber;1;Bartolo Colon;0,8199
Corey Kluber;2;Felix Hernandez;0,8019
Corey Kluber;3;Roger Clemens;0,7682
Corey Kluber;4;Blake Snell;0,7573
Corey Kluber;5;Barry Zito;0,7514
Ted Kluszewski;1;Eddie Mathews;0,9872
Ted Kluszewski;2;Earl Wilson;0,9637
Ted Kluszewski;3;Red Schoendienst;0,9637
Ted Kluszewski;4;Johnny Pesky;0,9637
Ted Kluszewski;5;Jim Bunning;0,9637
Corey Knebel;1;Clay Holmes;1,0
Corey Knebel;2;Felipe Vazquez;1,0
Corey Knebel;3;Jordan Romano;1,0
Corey Knebel;4;Tanner Scott;1,0
Corey Knebel;5;Bobby Jenks;1,0
Bob Knepper;1;Matt Keough;0,9931
Bob Knepper;2;Jerry Reuss;0,973
Bob Knepper;3;John Candelaria;0,973
Bob Knepper;4;Tyler Glasnow;0,9643
Bob Knepper;5;John Tudor;0,9572
Bill Knickerbocker;1;Eddie Ainsmith;1,0
Bill Knickerbocker;2;Dode Paskert;1,0
Bill Knickerbocker;3;Marv Owen;1,0
Bill Knickerbocker;4;Jesse Barnes;1,0
Bill Knickerbocker;5;Dick Newsome;1,0
Ray Knight;1;Tony Conigliaro;0,698
Ray Knight;2;Bobby Tolan;0,695
Ray Knight;3;Bucky Dent;0,6796
Ray Knight;4;David Eckstein;0,678
Ray Knight;5;Lew Burdette;0,678
Chuck Knoblauch;1;Eric Karros;0,9703
Chuck Knoblauch;2;Chris Chambliss;0,9586
Chuck Knoblauch;3;Al Bumbry;0,9514
Chuck Knoblauch;4;Darryl Strawberry;0,9438
Chuck Knoblauch;5;Tommy Helms;0,943
Bobby Knoop;1;Tom Pagnozzi;1,0
Bobby Knoop;2;Ender Inciarte;1,0
Bobby Knoop;3;Roy McMillan;1,0
Bobby Knoop;4;Rey Ordonez;1,0
Bobby Knoop;5;Christian Walker;1,0
Billy Koch;1;Armando Benitez;1,0
Billy Koch;2;Zack Britton;0,995
Billy Koch;3;Chad Cordero;0,9383
Billy Koch;4;Heath Bell;0,9177
Billy Koch;5;Robb Nen;0,8768
Brad Komminsk;1;Kevin Young;1,0
Brad Komminsk;2;Yonder Alonso;1,0
Brad Komminsk;3;Oscar Zamora;1,0
Brad Komminsk;4;Gary Alexander;1,0
Brad Komminsk;5;Mike Young;1,0
Paul Konerko;1;Dave Stewart;0,7315
Paul Konerko;2;Rickey Henderson;0,7096
Paul Konerko;3;Graig Nettles;0,6552
Paul Konerko;4;Jackie Bradley;0,6385
Paul Konerko;5;Delmon Young;0,6378
Jim Konstanty;1;Vida Blue;0,796
Jim Konstanty;2;Hank Borowy;0,738
Jim Konstanty;3;Johnny Sain;0,7327
Jim Konstanty;4;Bob Lemon;0,7314
Jim Konstanty;5;Willie Hernandez;0,7299
Jerry Koosman;1;Tim Belcher;0,9797
Jerry Koosman;2;Juan Guzman;0,9755
Jerry Koosman;3;Dick Tidrow;0,9755
Jerry Koosman;4;James Baldwin;0,9755
Jerry Koosman;5;Tom Browning;0,9631
Corey Koskie;1;Kevin Young;1,0
Corey Koskie;2;Yonder Alonso;1,0
Corey Koskie;3;Oscar Zamora;1,0
Corey Koskie;4;Gary Alexander;1,0
Corey Koskie;5;Mike Young;1,0
Mark Kotsay;1;Kevin Young;1,0
Mark Kotsay;2;Yonder Alonso;1,0
Mark Kotsay;3;Oscar Zamora;1,0
Mark Kotsay;4;Gary Alexander;1,0
Mark Kotsay;5;Mike Young;1,0
Sandy Koufax;1;Steve Carlton;0,639
Sandy Koufax;2;Hal Newhouser;0,6357
Sandy Koufax;3;Frank Viola;0,6357
Sandy Koufax;4;Pedro Martinez;0,6304
Sandy Koufax;5;Bob Feller;0,6251
Kevin Kouzmanoff;1;Kevin Young;1,0
Kevin Kouzmanoff;2;Yonder Alonso;1,0
Kevin Kouzmanoff;3;Oscar Zamora;1,0
Kevin Kouzmanoff;4;Gary Alexander;1,0
Kevin Kouzmanoff;5;Mike Young;1,0
Ray Kremer;1;Stan Coveleski;1,0
Ray Kremer;2;Bobo Newsom;1,0
Ray Kremer;3;Smoky Joe Wood;1,0
Ray Kremer;4;Bill Carrigan;1,0
Ray Kremer;5;Carl Mays;1,0
Red Kress;1;Eddie Ainsmith;1,0
Red Kress;2;Dode Paskert;1,0
Red Kress;3;Marv Owen;1,0
Red Kress;4;Jesse Barnes;1,0
Red Kress;5;Dick Newsome;1,0
Bill Krueger;1;Larry Gura;1,0
Bill Krueger;2;Bill Swift;1,0
Bill Krueger;3;Hideki Irabu;1,0
Bill Krueger;4;Jason Vargas;1,0
Bill Krueger;5;Charles Nagy;1,0
John Kruk;1;Neil Allen;1,0
John Kruk;2;Oscar Gamble;1,0
John Kruk;3;Homer Bailey;1,0
John Kruk;4;Bill Doran;1,0
John Kruk;5;Lyle Overbay;1,0
Mike Krukow;1;Don Aase;1,0
Mike Krukow;2;Scott McGregor;1,0
Mike Krukow;3;Charlie Lea;1,0
Mike Krukow;4;Frankie Montas;1,0
Mike Krukow;5;Kent Mercker;1,0
Tony Kubek;1;Harvey Kuenn;1,0
Tony Kubek;2;Albie Pearson;1,0
Tony Kubek;3;Jim Gilliam;1,0
Tony Kubek;4;Tom Tresh;0,9957
Tony Kubek;5;Ron Hansen;0,9945
Jason Kubel;1;Jonathan Schoop;1,0
Jason Kubel;2;Adam Eaton;1,0
Jason Kubel;3;Dan Driessen;1,0
Jason Kubel;4;Oddibe McDowell;1,0
Jason Kubel;5;Len Barker;1,0
Harvey Kuenn;1;Tony Kubek;1,0
Harvey Kuenn;2;Albie Pearson;1,0
Harvey Kuenn;3;Jim Gilliam;1,0
Harvey Kuenn;4;Tom Tresh;0,9957
Harvey Kuenn;5;Ron Hansen;0,9945
Duane Kuiper;1;Kevin Young;1,0
Duane Kuiper;2;Yonder Alonso;1,0
Duane Kuiper;3;Oscar Zamora;1,0
Duane Kuiper;4;Gary Alexander;1,0
Duane Kuiper;5;Mike Young;1,0
Hung-Chih Kuo;1;Joel Zumaya;1,0
Hung-Chih Kuo;2;Joaquin Benoit;1,0
Hung-Chih Kuo;3;Sergio Romo;1,0
Hung-Chih Kuo;4;Brendan Donnelly;1,0
Hung-Chih Kuo;5;David Robertson;1,0
Whitey Kurowski;1;Rudy York;1,0
Whitey Kurowski;2;Max Carey;1,0
Whitey Kurowski;3;Harry Brecheen;1,0
Whitey Kurowski;4;Snuffy Stirnweiss;1,0
Whitey Kurowski;5;General Crowder;1,0
Nick Kurtz;1;Joe Black;0,84
Nick Kurtz;2;Bob Allison;0,84
Nick Kurtz;3;Don Schwall;0,84
Nick Kurtz;4;Ron Hansen;0,84
Nick Kurtz;5;Roy Sievers;0,84
Steven Kwan;1;Gerardo Parra;0,952
Steven Kwan;2;Kolten Wong;0,952
Steven Kwan;3;Ke'Bryan Hayes;0,952
Steven Kwan;4;Nick Markakis;0,9352
Steven Kwan;5;Andrew Benintendi;0,9282
Coco Laboy;1;Craig Worthington;1,0
Coco Laboy;2;Butch Wynegar;1,0
Coco Laboy;3;Carlos May;1,0
Coco Laboy;4;Roy Foster;1,0
Coco Laboy;5;Greg Gross;1,0
John Lackey;1;Larry Gura;1,0
John Lackey;2;Bill Swift;1,0
John Lackey;3;Hideki Irabu;1,0
John Lackey;4;Jason Vargas;1,0
John Lackey;5;Charles Nagy;1,0
Aaron Laffey;1;Spencer Arrighetti;1,0
Aaron Laffey;2;Collin McHugh;1,0
Aaron Laffey;3;Steven Matz;1,0
Aaron Laffey;4;David Murphy;1,0
Aaron Laffey;5;Brian Matusz;1,0
Juan Lagares;1;Bronson Arroyo;1,0
Juan Lagares;2;Harrison Bader;1,0
Juan Lagares;3;Erick Aybar;1,0
Juan Lagares;4;Jody Davis;1,0
Juan Lagares;5;Corey Dickerson;1,0
Gerald Laird;1;Spencer Arrighetti;1,0
Gerald Laird;2;Collin McHugh;1,0
Gerald Laird;3;Steven Matz;1,0
Gerald Laird;4;David Murphy;1,0
Gerald Laird;5;Brian Matusz;1,0
Nap Lajoie;1;Tip O'Neill;0,9862
Nap Lajoie;2;Paul Hines;0,9862
Nap Lajoie;3;Hugh Duffy;0,9862
Nap Lajoie;4;Rogers Hornsby;0,9314
Nap Lajoie;5;Joe Medwick;0,761
Jake Lamb;1;Jonathan Schoop;1,0
Jake Lamb;2;Adam Eaton;1,0
Jake Lamb;3;Dan Driessen;1,0
Jake Lamb;4;Oddibe McDowell;1,0
Jake Lamb;5;Len Barker;1,0
Dinelson Lamet;1;Aaron Nola;1,0
Dinelson Lamet;2;Bryan Woo;1,0
Dinelson Lamet;3;Charlie Morton;1,0
Dinelson Lamet;4;Mike Yastrzemski;1,0
Dinelson Lamet;5;Ryan Pressly;1,0
Rafael Landestoy;1;Kevin Young;1,0
Rafael Landestoy;2;Yonder Alonso;1,0
Rafael Landestoy;3;Oscar Zamora;1,0
Rafael Landestoy;4;Gary Alexander;1,0
Rafael Landestoy;5;Mike Young;1,0
Jim Landis;1;Gary Pettis;1,0
Jim Landis;2;Doug Rader;1,0
Jim Landis;3;Cesar Geronimo;0,9945
Jim Landis;4;Charles Johnson;0,9945
Jim Landis;5;Mickey Stanley;0,9945
Alex Lange;1;Shane Greene;1,0
Alex Lange;2;Kyle Barraclough;1,0
Alex Lange;3;Matt Barnes;1,0
Alex Lange;4;Jake McGee;1,0
Alex Lange;5;B. J. Ryan;1,0
Shea Langeliers;1;Keith Moreland;1,0
Shea Langeliers;2;Doc Medich;1,0
Shea Langeliers;3;Mike Davis;1,0
Shea Langeliers;4;Art Howe;1,0
Shea Langeliers;5;Jim Hughes;1,0
Rick Langford;1;Wandy Rodriguez;1,0
Rick Langford;2;Andy Hawkins;1,0
Rick Langford;3;Matt Harrison;1,0
Rick Langford;4;Rick Helling;1,0
Rick Langford;5;Woody Williams;1,0
Wyatt Langford;1;Josh Phelps;0,9737
Wyatt Langford;2;Zach Duke;0,9737
Wyatt Langford;3;Joe Blanton;0,9737
Wyatt Langford;4;Brennan Boesch;0,9737
Wyatt Langford;5;Rocco Baldelli;0,9737
Mark Langston;1;Cal Eldred;0,7948
Mark Langston;2;Bill Gullickson;0,7928
Mark Langston;3;Mark Clear;0,7928
Mark Langston;4;Kevin Appier;0,7928
Mark Langston;5;Tom Browning;0,7573
Ray Lankford;1;Jonathan Schoop;1,0
Ray Lankford;2;Adam Eaton;1,0
Ray Lankford;3;Dan Driessen;1,0
Ray Lankford;4;Oddibe McDowell;1,0
Ray Lankford;5;Len Barker;1,0
Carney Lansford;1;Mark Loretta;0,9743
Carney Lansford;2;Jim Abbott;0,9737
Carney Lansford;3;Sid Bream;0,9681
Carney Lansford;4;Mark Teahen;0,9681
Carney Lansford;5;Dave Dravecky;0,9681
Barry Larkin;1;Wade Boggs;0,6984
Barry Larkin;2;Tony Gwynn;0,6971
Barry Larkin;3;Cecil Cooper;0,6928
Barry Larkin;4;Jorge Posada;0,6646
Barry Larkin;5;Dale Murphy;0,6631
Adam LaRoche;1;David Peralta;0,9374
Adam LaRoche;2;Nathaniel Lowe;0,9315
Adam LaRoche;3;Jesse Barfield;0,9266
Adam LaRoche;4;Jack Wilson;0,8933
Adam LaRoche;5;Michael Cuddyer;0,8933
Don Larsen;1;Larry Sherry;1,0
Don Larsen;2;Lew Burdette;1,0
Don Larsen;3;Mickey Lolich;1,0
Don Larsen;4;Rick Dempsey;1,0
Don Larsen;5;David Eckstein;1,0
Frank Lary;1;Leo Cardenas;1,0
Frank Lary;2;Frank Bolling;1,0
Frank Lary;3;Aaron Rowand;1,0
Frank Lary;4;Norm Siebern;1,0
Frank Lary;5;Bud Harrelson;1,0
Bill Laskey;1;Wandy Rodriguez;1,0
Bill Laskey;2;Andy Hawkins;1,0
Bill Laskey;3;Matt Harrison;1,0
Bill Laskey;4;Rick Helling;1,0
Bill Laskey;5;Woody Williams;1,0
Tom Lasorda;1;Trevor Hoffman;0,7052
Tom Lasorda;2;Carlton Fisk;0,6862
Tom Lasorda;3;Yogi Berra;0,6829
Tom Lasorda;4;Joe Torre;0,6612
Tom Lasorda;5;Tom Seaver;0,5836
Mat Latos;1;Kevin Young;1,0
Mat Latos;2;Yonder Alonso;1,0
Mat Latos;3;Oscar Zamora;1,0
Mat Latos;4;Gary Alexander;1,0
Mat Latos;5;Mike Young;1,0
Ramon Laureano;1;Kevin Young;1,0
Ramon Laureano;2;Yonder Alonso;1,0
Ramon Laureano;3;Oscar Zamora;1,0
Ramon Laureano;4;Gary Alexander;1,0
Ramon Laureano;5;Mike Young;1,0
Cookie Lavagetto;1;Eddie Ainsmith;1,0
Cookie Lavagetto;2;Dode Paskert;1,0
Cookie Lavagetto;3;Marv Owen;1,0
Cookie Lavagetto;4;Jesse Barnes;1,0
Cookie Lavagetto;5;Dick Newsome;1,0
Mike LaValliere;1;Sean Murphy;1,0
Mike LaValliere;2;Frank Lary;0,9226
Mike LaValliere;3;Norm Siebern;0,9226
Mike LaValliere;4;Frank Bolling;0,9226
Mike LaValliere;5;Leo Cardenas;0,9226
Brian Lawrence;1;Kevin Young;1,0
Brian Lawrence;2;Yonder Alonso;1,0
Brian Lawrence;3;Oscar Zamora;1,0
Brian Lawrence;4;Gary Alexander;1,0
Brian Lawrence;5;Mike Young;1,0
Roxie Lawson;1;Eddie Ainsmith;1,0
Roxie Lawson;2;Dode Paskert;1,0
Roxie Lawson;3;Marv Owen;1,0
Roxie Lawson;4;Jesse Barnes;1,0
Roxie Lawson;5;Dick Newsome;1,0
Matt Lawton;1;Kevin Young;1,0
Matt Lawton;2;Yonder Alonso;1,0
Matt Lawton;3;Oscar Zamora;1,0
Matt Lawton;4;Gary Alexander;1,0
Matt Lawton;5;Mike Young;1,0
Vern Law;1;Rick Sutcliffe;0,7067
Vern Law;2;Mike McCormick;0,6862
Vern Law;3;Dean Chance;0,6862
Vern Law;4;Danny Graves;0,6822
Vern Law;5;Mike Timlin;0,6822
Tony Lazzeri;1;Lefty O'Doul;1,0
Tony Lazzeri;2;Tex Hughson;1,0
Tony Lazzeri;3;Herb Pennock;0,985
Tony Lazzeri;4;Harry Brecheen;0,985
Tony Lazzeri;5;Snuffy Stirnweiss;0,985
Charlie Lea;1;Don Aase;1,0
Charlie Lea;2;Scott McGregor;1,0
Charlie Lea;3;Frankie Montas;1,0
Charlie Lea;4;Alex Wood;1,0
Charlie Lea;5;Kent Mercker;1,0
Tommy Leach;1;Stan Coveleski;1,0
Tommy Leach;2;Ray Kremer;1,0
Tommy Leach;3;Smoky Joe Wood;1,0
Tommy Leach;4;Bill Carrigan;1,0
Tommy Leach;5;Carl Mays;1,0
Mike Leake;1;Ruben Amaro;1,0
Mike Leake;2;Masyn Winn;1,0
Mike Leake;3;Charlie Neal;1,0
Mike Leake;4;Randy Hundley;1,0
Mike Leake;5;Javier Sanoja;1,0
Luis Leal;1;Kevin Young;1,0
Luis Leal;2;Yonder Alonso;1,0
Luis Leal;3;Oscar Zamora;1,0
Luis Leal;4;Gary Alexander;1,0
Luis Leal;5;Mike Young;1,0
Tim Leary;1;Brandon Drury;1,0
Tim Leary;2;Ron Gant;0,9864
Tim Leary;3;Jim Hickman;0,9704
Tim Leary;4;Alex Johnson;0,9704
Tim Leary;5;Jose Guzman;0,9704
Bill Lee;1;Eddie Ainsmith;1,0
Bill Lee;2;Dode Paskert;1,0
Bill Lee;3;Marv Owen;1,0
Bill Lee;4;Jesse Barnes;1,0
Bill Lee;5;Dick Newsome;1,0
Bill Lee;1;Jonathan Schoop;1,0
Bill Lee;2;Adam Eaton;1,0
Bill Lee;3;Dan Driessen;1,0
Bill Lee;4;Oddibe McDowell;1,0
Bill Lee;5;Len Barker;1,0
Carlos Lee;1;Joe Crede;0,9392
Carlos Lee;2;George Hendrick;0,9316
Carlos Lee;3;Tino Martinez;0,9031
Carlos Lee;4;Vinny Castilla;0,9
Carlos Lee;5;Jack Clark;0,885
Cliff Lee;1;Matt Harvey;0,8131
Cliff Lee;2;Mike Moustakas;0,7683
Cliff Lee;3;Trey Mancini;0,7673
Cliff Lee;4;Dmitri Young;0,7644
Cliff Lee;5;Aaron Hill;0,7566
Derrek Lee;1;Chase Headley;0,8824
Derrek Lee;2;Brenton Doyle;0,8503
Derrek Lee;3;Bobby Abreu;0,8353
Derrek Lee;4;Mark Teixeira;0,8241
Derrek Lee;5;Kelly Gruber;0,8109
Thornton Lee;1;Rip Sewell;1,0
Thornton Lee;2;Tiny Bonham;1,0
Thornton Lee;3;Glenn Wright;1,0
Thornton Lee;4;Ewell Blackwell;1,0
Thornton Lee;5;Schoolboy Rowe;1,0
Jim Lefebvre;1;Lou Piniella;1,0
Jim Lefebvre;2;Gregg Olson;1,0
Jim Lefebvre;3;Drake Baldwin;1,0
Jim Lefebvre;4;Sam Jethroe;1,0
Jim Lefebvre;5;John Castino;1,0
Ron LeFlore;1;Claudell Washington;1,0
Ron LeFlore;2;Lamar Johnson;1,0
Ron LeFlore;3;Dan Meyer;1,0
Ron LeFlore;4;Kelly Johnson;1,0
Ron LeFlore;5;Brook Jacoby;1,0
Hank Leiber;1;Babe Adams;1,0
Hank Leiber;2;Jim Bagby;1,0
Hank Leiber;3;Ivey Wingo;1,0
Hank Leiber;4;Red Lucas;1,0
Hank Leiber;5;Hans Lobert;1,0
Charlie Leibrandt;1;Sean Manaea;1,0
Charlie Leibrandt;2;Sid Fernandez;1,0
Charlie Leibrandt;3;Brad Radke;1,0
Charlie Leibrandt;4;Dan Haren;1,0
Charlie Leibrandt;5;Jose Contreras;1,0
Al Leiter;1;Bobby Valentine;0,8171
Al Leiter;2;Roland Hemond;0,8171
Al Leiter;3;Vernon Wells;0,8006
Al Leiter;4;Luis Gonzalez;0,789
Al Leiter;5;Jamie Moyer;0,7853
DJ LeMahieu;1;Austin Riley;0,8657
DJ LeMahieu;2;William Contreras;0,8617
DJ LeMahieu;3;Adley Rutschman;0,8532
DJ LeMahieu;4;J. T. Realmuto;0,8195
DJ LeMahieu;5;Mookie Betts;0,7866
Bob Lemon;1;Billy Pierce;0,9835
Bob Lemon;2;Hank Borowy;0,9508
Bob Lemon;3;Johnny Antonelli;0,9331
Bob Lemon;4;Johnny Sain;0,9327
Bob Lemon;5;Mudcat Grant;0,932
Chet Lemon;1;Jonathan Schoop;1,0
Chet Lemon;2;Adam Eaton;1,0
Chet Lemon;3;Dan Driessen;1,0
Chet Lemon;4;Oddibe McDowell;1,0
Chet Lemon;5;Len Barker;1,0
Dennis Leonard;1;Mark Teahen;1,0
Dennis Leonard;2;Sid Bream;1,0
Dennis Leonard;3;Dave Dravecky;1,0
Dennis Leonard;4;Gary Nolan;0,997
Dennis Leonard;5;Dustin McGowan;0,997
Dutch Leonard;1;Eddie Ainsmith;1,0
Dutch Leonard;2;Dode Paskert;1,0
Dutch Leonard;3;Marv Owen;1,0
Dutch Leonard;4;Jesse Barnes;1,0
Dutch Leonard;5;Dick Newsome;1,0
Dutch Leonard;1;Babe Adams;1,0
Dutch Leonard;2;Jim Bagby;1,0
Dutch Leonard;3;Ivey Wingo;1,0
Dutch Leonard;4;Red Lucas;1,0
Dutch Leonard;5;Hans Lobert;1,0
Jeffrey Leonard;1;Gary Matthews;0,8866
Jeffrey Leonard;2;Benito Santiago;0,7961
Jeffrey Leonard;3;Eddie Rosario;0,7679
Jeffrey Leonard;4;Chris Taylor;0,7677
Jeffrey Leonard;5;Mike Devereaux;0,7657
Jon Lester;1;Clay Buchholz;0,8158
Jon Lester;2;Armando Galarraga;0,7745
Jon Lester;3;Bill Mueller;0,7706
Jon Lester;4;Mark Buehrle;0,624
Jon Lester;5;Randy Johnson;0,5473
Colby Lewis;1;Kevin Young;1,0
Colby Lewis;2;Yonder Alonso;1,0
Colby Lewis;3;Oscar Zamora;1,0
Colby Lewis;4;Gary Alexander;1,0
Colby Lewis;5;Mike Young;1,0
Darren Lewis;1;Ruben Amaro;1,0
Darren Lewis;2;Masyn Winn;1,0
Darren Lewis;3;Charlie Neal;1,0
Darren Lewis;4;Randy Hundley;1,0
Darren Lewis;5;Javier Sanoja;1,0
Kyle Lewis;1;Michael Fulmer;1,0
Kyle Lewis;2;Huston Street;0,9668
Kyle Lewis;3;Bobby Crosby;0,9648
Kyle Lewis;4;Jonathan India;0,9631
Kyle Lewis;5;Wil Myers;0,9577
Royce Lewis;1;Spencer Arrighetti;1,0
Royce Lewis;2;Collin McHugh;1,0
Royce Lewis;3;Steven Matz;1,0
Royce Lewis;4;David Murphy;1,0
Royce Lewis;5;Brian Matusz;1,0
Scott Lewis;1;Spencer Arrighetti;1,0
Scott Lewis;2;Collin McHugh;1,0
Scott Lewis;3;Steven Matz;1,0
Scott Lewis;4;David Murphy;1,0
Scott Lewis;5;Brian Matusz;1,0
Sixto Lezcano;1;Rick Manning;1,0
Sixto Lezcano;2;Kyle Seager;1,0
Sixto Lezcano;3;Ty France;1,0
Sixto Lezcano;4;Adam Duvall;1,0
Sixto Lezcano;5;Jose Cruz;0,9498
Brad Lidge;1;Fernando Rodney;0,8578
Brad Lidge;2;Mariano Rivera;0,8499
Brad Lidge;3;Jose Valverde;0,8271
Brad Lidge;4;Brian Wilson;0,6843
Brad Lidge;5;Greg Holland;0,6218
Cory Lidle;1;Wandy Rodriguez;1,0
Cory Lidle;2;Andy Hawkins;1,0
Cory Lidle;3;Matt Harrison;1,0
Cory Lidle;4;Rick Helling;1,0
Cory Lidle;5;Woody Williams;1,0
Jon Lieber;1;Kevin Young;1,0
Jon Lieber;2;Yonder Alonso;1,0
Jon Lieber;3;Oscar Zamora;1,0
Jon Lieber;4;Gary Alexander;1,0
Jon Lieber;5;Mike Young;1,0
Mike Lieberthal;1;John Jaha;0,9941
Mike Lieberthal;2;Fernando Tatis;0,9941
Mike Lieberthal;3;Daniel Bard;0,9941
Mike Lieberthal;4;Adam Dunn;0,9829
Mike Lieberthal;5;Darren Daulton;0,9822
Jose Lima;1;Denny Neagle;1,0
Jose Lima;2;Geoff Zahn;0,9464
Jose Lima;3;Bobby Witt;0,8884
Jose Lima;4;Don Aase;0,8884
Jose Lima;5;Mike Morgan;0,8884
Tim Lincecum;1;Pablo Sandoval;0,772
Tim Lincecum;2;Madison Bumgarner;0,754
Tim Lincecum;3;David Freese;0,6244
Tim Lincecum;4;Zack Greinke;0,5005
Tim Lincecum;5;Johan Santana;0,4861
Adam Lind;1;Khris Davis;0,9732
Adam Lind;2;Aubrey Huff;0,9674
Adam Lind;3;Rusty Staub;0,9569
Adam Lind;4;Hal McRae;0,917
Adam Lind;5;Harold Baines;0,9133
Jose Lind;1;Harrison Bader;1,0
Jose Lind;2;Erick Aybar;1,0
Jose Lind;3;Marcus Stroman;1,0
Jose Lind;4;Al Cowens;1,0
Jose Lind;5;Jody Davis;1,0
Francisco Lindor;1;Kyle Tucker;0,7646
Francisco Lindor;2;Teoscar Hernandez;0,761
Francisco Lindor;3;Ozzie Albies;0,7591
Francisco Lindor;4;Will Smith;0,7098
Francisco Lindor;5;Matt Olson;0,7092
Freddie Lindstrom;1;Goose Goslin;1,0
Freddie Lindstrom;2;Dave Ferriss;0,9774
Freddie Lindstrom;3;Pinky Higgins;0,9774
Freddie Lindstrom;4;Dick Wakefield;0,9774
Freddie Lindstrom;5;Allie Reynolds;0,9684
Frank Linzy;1;Brian Anderson;1,0
Frank Linzy;2;Mike Henneman;1,0
Frank Linzy;3;Kirk Rueter;1,0
Frank Linzy;4;Dave Rozema;1,0
Frank Linzy;5;Rolando Arrojo;1,0
Francisco Liriano;1;Buster Posey;0,8482
Francisco Liriano;2;Casey McGehee;0,724
Francisco Liriano;3;Carlos Peña;0,7227
Francisco Liriano;4;Matt Harvey;0,6944
Francisco Liriano;5;Dmitri Young;0,6925
Nelson Liriano;1;Kevin Young;1,0
Nelson Liriano;2;Yonder Alonso;1,0
Nelson Liriano;3;Oscar Zamora;1,0
Nelson Liriano;4;Gary Alexander;1,0
Nelson Liriano;5;Mike Young;1,0
Pat Listach;1;Walt Weiss;1,0
Pat Listach;2;Mike Hargrove;1,0
Pat Listach;3;Earl Williams;1,0
Pat Listach;4;Jerome Walton;1,0
Pat Listach;5;Curt Blefary;1,0
Esteban Loaiza;1;Alex Fernandez;0,9805
Esteban Loaiza;2;Michael Brantley;0,9223
Esteban Loaiza;3;Tyler O'Neill;0,896
Esteban Loaiza;4;Rod Beck;0,8141
Esteban Loaiza;5;Chris Young;0,8049
Hans Lobert;1;Babe Adams;1,0
Hans Lobert;2;Jim Bagby;1,0
Hans Lobert;3;Ivey Wingo;1,0
Hans Lobert;4;Red Lucas;1,0
Hans Lobert;5;Dolf Luque;1,0
Paul Lo Duca;1;Felipe Alou;1,0
Paul Lo Duca;2;Matty Alou;1,0
Paul Lo Duca;3;Bobby Avila;1,0
Paul Lo Duca;4;Tony Bernazard;1,0
Paul Lo Duca;5;Smoky Burgess;1,0
Kenny Lofton;1;J. T. Snow;0,9879
Kenny Lofton;2;Mike Cameron;0,9784
Kenny Lofton;3;Steve Finley;0,9738
Kenny Lofton;4;Mike Mussina;0,9449
Kenny Lofton;5;Amos Otis;0,9346
Mickey Lolich;1;Don Larsen;1,0
Mickey Lolich;2;Lew Burdette;1,0
Mickey Lolich;3;Larry Sherry;1,0
Mickey Lolich;4;Rick Dempsey;1,0
Mickey Lolich;5;Johnny Podres;1,0
Sherm Lollar;1;Frank Malzone;1,0
Sherm Lollar;2;Joe Pepitone;1,0
Sherm Lollar;3;Dansby Swanson;0,9685
Sherm Lollar;4;Ray Fosse;0,9685
Sherm Lollar;5;Johnny Edwards;0,9685
Ernie Lombardi;1;Dolph Camilli;0,9952
Ernie Lombardi;2;Frank McCormick;0,9935
Ernie Lombardi;3;Hank Greenberg;0,985
Ernie Lombardi;4;Mort Cooper;0,9357
Ernie Lombardi;5;Carl Hubbell;0,902
Jim Lonborg;1;Mike Flanagan;1,0
Jim Lonborg;2;Bob Welch;0,9681
Jim Lonborg;3;Catfish Hunter;0,9681
Jim Lonborg;4;Jack McDowell;0,9544
Jim Lonborg;5;Steve Stone;0,9505
James Loney;1;Gaby Sanchez;1,0
James Loney;2;Anibal Sanchez;1,0
James Loney;3;Jose Miranda;1,0
James Loney;4;Chris Duncan;1,0
James Loney;5;Ian Stewart;1,0
Evan Longoria;1;Ryan Braun;0,7458
Evan Longoria;2;J. A. Happ;0,6901
Evan Longoria;3;Jose Fernandez;0,6637
Evan Longoria;4;Jason Michaels;0,6471
Evan Longoria;5;Mike Morse;0,6471
Terrence Long;1;Todd Frazier;0,9253
Terrence Long;2;Ryan Mountcastle;0,9253
Terrence Long;3;Colton Cowser;0,9253
Terrence Long;4;Todd Hollandsworth;0,8361
Terrence Long;5;Marty Cordova;0,8321
Davey Lopes;1;Jim Fregosi;0,9487
Davey Lopes;2;Glenn Beckert;0,9394
Davey Lopes;3;Bobby Murcer;0,9299
Davey Lopes;4;Sal Bando;0,9151
Davey Lopes;5;Gene Alley;0,9036
Al Lopez;1;Frank Snyder;1,0
Al Lopez;2;Smoky Joe Wood;1,0
Al Lopez;3;Jack Coombs;1,0
Al Lopez;4;Mike Donlin;1,0
Al Lopez;5;Cy Williams;1,0
Albie Lopez;1;Kevin Young;1,0
Albie Lopez;2;Yonder Alonso;1,0
Albie Lopez;3;Oscar Zamora;1,0
Albie Lopez;4;Gary Alexander;1,0
Albie Lopez;5;Mike Young;1,0
Felipe Lopez;1;Yandy Diaz;1,0
Felipe Lopez;2;Jurickson Profar;0,9333
Felipe Lopez;3;Matt Nokes;0,9333
Felipe Lopez;4;Jazz Chisholm;0,9333
Felipe Lopez;5;Johnny Estrada;0,9333
Javy Lopez;1;Javier Baez;0,8364
Javy Lopez;2;Mike Devereaux;0,8298
Javy Lopez;3;Steve Avery;0,8298
Javy Lopez;4;Chris Taylor;0,8276
Javy Lopez;5;Jeff Suppan;0,8253
Marcelino Lopez;1;Brian Anderson;1,0
Marcelino Lopez;2;Mike Henneman;1,0
Marcelino Lopez;3;Kirk Rueter;1,0
Marcelino Lopez;4;Dave Rozema;1,0
Marcelino Lopez;5;Rolando Arrojo;1,0
Pablo Lopez;1;Wandy Rodriguez;1,0
Pablo Lopez;2;Andy Hawkins;1,0
Pablo Lopez;3;Matt Harrison;1,0
Pablo Lopez;4;Rick Helling;1,0
Pablo Lopez;5;Woody Williams;1,0
Rodrigo Lopez;1;Bill Parsons;0,9088
Rodrigo Lopez;2;Tom Griffin;0,9088
Rodrigo Lopez;3;Rick Ankiel;0,9088
Rodrigo Lopez;4;Reggie Cleveland;0,9088
Rodrigo Lopez;5;Jim Nash;0,9088
Harry Lord;1;Jack Meyers;1,0
Harry Lord;2;Urban Shocker;1,0
Harry Lord;3;Chick Hafey;1,0
Harry Lord;4;Willie Kamm;1,0
Harry Lord;5;Eppa Rixey;1,0
Michael Lorenzen;1;Kevin Young;1,0
Michael Lorenzen;2;Yonder Alonso;1,0
Michael Lorenzen;3;Oscar Zamora;1,0
Michael Lorenzen;4;Gary Alexander;1,0
Michael Lorenzen;5;Mike Young;1,0
Mark Loretta;1;Dee Strange-Gordon;0,9901
Mark Loretta;2;Jim Abbott;0,9877
Mark Loretta;3;Bill Wegman;0,9851
Mark Loretta;4;Jake Diekman;0,9851
Mark Loretta;5;Ron Oester;0,9851
Brandon Lowe;1;Shota Imanaga;0,9933
Brandon Lowe;2;Julio Urias;0,836
Brandon Lowe;3;Bo Bichette;0,8287
Brandon Lowe;4;Junior Caminero;0,8287
Brandon Lowe;5;Hyun Jin Ryu;0,822
Derek Lowe;1;Chuck Finley;0,9813
Derek Lowe;2;Ubaldo Jimenez;0,9795
Derek Lowe;3;J. R. Richard;0,9795
Derek Lowe;4;Jeff Fassero;0,9693
Derek Lowe;5;Kris Medlen;0,9693
Mike Lowell;1;Asdrubal Cabrera;0,9056
Mike Lowell;2;Jim Edmonds;0,8927
Mike Lowell;3;Orlando Cabrera;0,8904
Mike Lowell;4;Elvis Andrus;0,8903
Mike Lowell;5;Andrelton Simmons;0,7876
Nathaniel Lowe;1;Adam LaRoche;0,9315
Nathaniel Lowe;2;Carlos Quentin;0,9026
Nathaniel Lowe;3;John Valentin;0,9026
Nathaniel Lowe;4;Brent Rooker;0,9026
Nathaniel Lowe;5;Josh Willingham;0,9026
John Lowenstein;1;Kevin Young;1,0
John Lowenstein;2;Yonder Alonso;1,0
John Lowenstein;3;Oscar Zamora;1,0
John Lowenstein;4;Gary Alexander;1,0
John Lowenstein;5;Mike Young;1,0
Noah Lowry;1;Tommy Greene;1,0
Noah Lowry;2;Lucas Giolito;1,0
Noah Lowry;3;Mike Moore;1,0
Noah Lowry;4;Bob Stanley;1,0
Noah Lowry;5;Jim Clancy;1,0
Red Lucas;1;Babe Adams;1,0
Red Lucas;2;Jim Bagby;1,0
Red Lucas;3;Ivey Wingo;1,0
Red Lucas;4;Hans Lobert;1,0
Red Lucas;5;Dolf Luque;1,0
Jonathan Lucroy;1;Griffin Jax;1,0
Jonathan Lucroy;2;Jon Gray;1,0
Jonathan Lucroy;3;Ian Kennedy;1,0
Jonathan Lucroy;4;Craig Stammen;1,0
Jonathan Lucroy;5;Nick Swisher;1,0
Ryan Ludwick;1;Josh Bell;0,9485
Ryan Ludwick;2;Hubie Brooks;0,9139
Ryan Ludwick;3;Mike Greenwell;0,9027
Ryan Ludwick;4;Jose Reyes;0,9027
Ryan Ludwick;5;Ben Oglivie;0,873
Julio Lugo;1;Kevin Young;1,0
Julio Lugo;2;Yonder Alonso;1,0
Julio Lugo;3;Oscar Zamora;1,0
Julio Lugo;4;Gary Alexander;1,0
Julio Lugo;5;Mike Young;1,0
Seth Lugo;1;Brad Hand;0,9343
Seth Lugo;2;Andres Munoz;0,9343
Seth Lugo;3;Jonah Heim;0,8702
Seth Lugo;4;Pete Crow-Armstrong;0,8702
Seth Lugo;5;Mike Yastrzemski;0,8587
Dolf Luque;1;Babe Adams;1,0
Dolf Luque;2;Jim Bagby;1,0
Dolf Luque;3;Ivey Wingo;1,0
Dolf Luque;4;Hans Lobert;1,0
Dolf Luque;5;Red Lucas;1,0
Gavin Lux;1;Kevin Young;1,0
Gavin Lux;2;Yonder Alonso;1,0
Gavin Lux;3;Oscar Zamora;1,0
Gavin Lux;4;Gary Alexander;1,0
Gavin Lux;5;Mike Young;1,0
Greg Luzinski;1;Edgar Martinez;0,9041
Greg Luzinski;2;Don Baylor;0,8729
Greg Luzinski;3;Hal McRae;0,7536
Greg Luzinski;4;Harold Baines;0,731
Greg Luzinski;5;Rusty Staub;0,6932
Sparky Lyle;1;Mike Marshall;0,864
Sparky Lyle;2;Ted Abernathy;0,7692
Sparky Lyle;3;Ron Perranoski;0,7692
Sparky Lyle;4;Wayne Granger;0,7692
Sparky Lyle;5;Dick Radatz;0,7692
Fred Lynn;1;Roberto Alomar;0,6542
Fred Lynn;2;Sandy Alomar;0,6459
Fred Lynn;3;Dick Allen;0,6225
Fred Lynn;4;David Justice;0,6075
Fred Lynn;5;Tim Raines;0,6003
Ted Lyons;1;Joe Sewell;1,0
Ted Lyons;2;Lon Warneke;0,9986
Ted Lyons;3;Paul Derringer;0,9986
Ted Lyons;4;Kiki Cuyler;0,9986
Ted Lyons;5;Billy Herman;0,9986
Danny MacFayden;1;Eddie Ainsmith;1,0
Danny MacFayden;2;Billy Jurges;1,0
Danny MacFayden;3;Johnny Schmitz;1,0
Danny MacFayden;4;Bill Sherdel;1,0
Danny MacFayden;5;Jeff Tesreau;1,0
Manny Machado;1;Steven Souza;0,7752
Manny Machado;2;Gabe Kapler;0,7752
Manny Machado;3;Dewayne Wise;0,7667
Manny Machado;4;Ben Revere;0,7542
Manny Machado;5;Melky Cabrera;0,7056
Rob Mackowiak;1;Kevin Young;1,0
Rob Mackowiak;2;Yonder Alonso;1,0
Rob Mackowiak;3;Oscar Zamora;1,0
Rob Mackowiak;4;Gary Alexander;1,0
Rob Mackowiak;5;Mike Young;1,0
Shane Mack;1;Kevin Young;1,0
Shane Mack;2;Yonder Alonso;1,0
Shane Mack;3;Oscar Zamora;1,0
Shane Mack;4;Gary Alexander;1,0
Shane Mack;5;Mike Young;1,0
Garry Maddox;1;Harold Reynolds;0,927
Garry Maddox;2;Jimmy Rollins;0,8886
Garry Maddox;3;Ken Singleton;0,7718
Garry Maddox;4;Phil Niekro;0,7452
Garry Maddox;5;Ron Guidry;0,6808
Greg Maddux;1;Dallas Keuchel;0,8595
Greg Maddux;2;Felix Hernandez;0,8539
Greg Maddux;3;Bartolo Colon;0,8532
Greg Maddux;4;Pat Hentgen;0,8497
Greg Maddux;5;Max Scherzer;0,8306
Bill Madlock;1;Ken Griffey;0,9842
Bill Madlock;2;Carl Crawford;0,9716
Bill Madlock;3;Leon Wagner;0,9645
Bill Madlock;4;Jeff Conine;0,9582
Bill Madlock;5;Terry Steinbach;0,9571
Kenta Maeda;1;Charlie Morton;1,0
Kenta Maeda;2;Bryan Woo;1,0
Kenta Maeda;3;Aaron Nola;1,0
Kenta Maeda;4;Dinelson Lamet;1,0
Kenta Maeda;5;Mike Soroka;1,0
Sherry Magee;1;Jack Meyers;1,0
Sherry Magee;2;Urban Shocker;1,0
Sherry Magee;3;Chick Hafey;1,0
Sherry Magee;4;Willie Kamm;1,0
Sherry Magee;5;Eppa Rixey;1,0
Sal Maglie;1;Felipe Alou;1,0
Sal Maglie;2;Matty Alou;1,0
Sal Maglie;3;Bobby Avila;1,0
Sal Maglie;4;Tony Bernazard;1,0
Sal Maglie;5;Smoky Burgess;1,0
Rick Mahler;1;Kevin Young;1,0
Rick Mahler;2;Yonder Alonso;1,0
Rick Mahler;3;Oscar Zamora;1,0
Rick Mahler;4;Gary Alexander;1,0
Rick Mahler;5;Mike Young;1,0
John Maine;1;Wandy Rodriguez;1,0
John Maine;2;Andy Hawkins;1,0
John Maine;3;Matt Harrison;1,0
John Maine;4;Rick Helling;1,0
John Maine;5;Woody Williams;1,0
Fritz Maisel;1;Eddie Ainsmith;1,0
Fritz Maisel;2;Billy Jurges;1,0
Fritz Maisel;3;Johnny Schmitz;1,0
Fritz Maisel;4;Bill Sherdel;1,0
Fritz Maisel;5;Jeff Tesreau;1,0
Candy Maldonado;1;Jonathan Schoop;1,0
Candy Maldonado;2;Adam Eaton;1,0
Candy Maldonado;3;Dan Driessen;1,0
Candy Maldonado;4;Oddibe McDowell;1,0
Candy Maldonado;5;Len Barker;1,0
Martin Maldonado;1;Ruben Amaro;1,0
Martin Maldonado;2;Masyn Winn;1,0
Martin Maldonado;3;Charlie Neal;1,0
Martin Maldonado;4;Randy Hundley;1,0
Martin Maldonado;5;Javier Sanoja;1,0
Pat Malone;1;Jack Meyers;1,0
Pat Malone;2;Urban Shocker;1,0
Pat Malone;3;Chick Hafey;1,0
Pat Malone;4;Willie Kamm;1,0
Pat Malone;5;Eppa Rixey;1,0
Frank Malzone;1;Sherm Lollar;1,0
Frank Malzone;2;Joe Pepitone;1,0
Frank Malzone;3;Dansby Swanson;0,9685
Frank Malzone;4;Ray Fosse;0,9685
Frank Malzone;5;Johnny Edwards;0,9685
Al Mamaux;1;Babe Adams;1,0
Al Mamaux;2;Jim Bagby;1,0
Al Mamaux;3;Ivey Wingo;1,0
Al Mamaux;4;Red Lucas;1,0
Al Mamaux;5;Dolf Luque;1,0
Sean Manaea;1;Charlie Leibrandt;1,0
Sean Manaea;2;Sid Fernandez;1,0
Sean Manaea;3;Brad Radke;1,0
Sean Manaea;4;Dan Haren;1,0
Sean Manaea;5;Jose Contreras;1,0
Trey Mancini;1;Mike Moustakas;0,9988
Trey Mancini;2;Dmitri Young;0,9988
Trey Mancini;3;Matt Harvey;0,9936
Trey Mancini;4;Aaron Hill;0,9838
Trey Mancini;5;Casey McGehee;0,9717
Rick Manning;1;Sixto Lezcano;1,0
Rick Manning;2;Kyle Seager;1,0
Rick Manning;3;Ty France;1,0
Rick Manning;4;Adam Duvall;1,0
Rick Manning;5;Jose Cruz;0,9498
Alek Manoah;1;Yu Darvish;0,9578
Alek Manoah;2;Austin Riley;0,813
Alek Manoah;3;Walker Buehler;0,7971
Alek Manoah;4;Zac Gallen;0,7587
Alek Manoah;5;Nick Anderson;0,7441
Mickey Mantle;1;Carl Yastrzemski;0,8237
Mickey Mantle;2;Ted Williams;0,7579
Mickey Mantle;3;Frank Robinson;0,7064
Mickey Mantle;4;Roger Maris;0,6826
Mickey Mantle;5;Rogers Hornsby;0,6442
Heinie Manush;1;Rudy York;1,0
Heinie Manush;2;Max Carey;1,0
Heinie Manush;3;Harry Brecheen;1,0
Heinie Manush;4;Snuffy Stirnweiss;1,0
Heinie Manush;5;General Crowder;1,0
Kirt Manwaring;1;Ruben Amaro;1,0
Kirt Manwaring;2;Masyn Winn;1,0
Kirt Manwaring;3;Charlie Neal;1,0
Kirt Manwaring;4;Randy Hundley;1,0
Kirt Manwaring;5;Javier Sanoja;1,0
Rabbit Maranville;1;Nap Rucker;1,0
Rabbit Maranville;2;Vern Stephens;1,0
Rabbit Maranville;3;Home Run Baker;1,0
Rabbit Maranville;4;Heinie Groh;0,9985
Rabbit Maranville;5;Ed Walsh;0,9985
Phil Marchildon;1;Eddie Ainsmith;1,0
Phil Marchildon;2;Billy Jurges;1,0
Phil Marchildon;3;Johnny Schmitz;1,0
Phil Marchildon;4;Bill Sherdel;1,0
Phil Marchildon;5;Jeff Tesreau;1,0
Shaun Marcum;1;Kevin Young;1,0
Shaun Marcum;2;Yonder Alonso;1,0
Shaun Marcum;3;Oscar Zamora;1,0
Shaun Marcum;4;Gary Alexander;1,0
Shaun Marcum;5;Mike Young;1,0
Manuel Margot;1;Jonathan Schoop;1,0
Manuel Margot;2;Adam Eaton;1,0
Manuel Margot;3;Dan Driessen;1,0
Manuel Margot;4;Oddibe McDowell;1,0
Manuel Margot;5;Len Barker;1,0
Juan Marichal;1;Leon Wagner;0,9404
Juan Marichal;2;Ken Griffey;0,9368
Juan Marichal;3;Bill Madlock;0,9074
Juan Marichal;4;Elias Diaz;0,8917
Juan Marichal;5;Terry Steinbach;0,8917
Marty Marion;1;Spud Chandler;0,8819
Marty Marion;2;Carl Hubbell;0,8714
Marty Marion;3;Bobby Doerr;0,853
Marty Marion;4;Joe DiMaggio;0,8269
Marty Marion;5;Tommy Holmes;0,8243
Roger Maris;1;Al Rosen;0,946
Roger Maris;2;Hank Sauer;0,9016
Roger Maris;3;Kevin Mitchell;0,9008
Roger Maris;4;Jackie Jensen;0,8897
Roger Maris;5;Lou Boudreau;0,8808
Nick Markakis;1;Steven Kwan;0,9352
Nick Markakis;2;Kolten Wong;0,9125
Nick Markakis;3;Gerardo Parra;0,9125
Nick Markakis;4;Ke'Bryan Hayes;0,9125
Nick Markakis;5;Luis Robert;0,8771
Carlos Marmol;1;Shane Greene;1,0
Carlos Marmol;2;Kyle Barraclough;1,0
Carlos Marmol;3;Matt Barnes;1,0
Carlos Marmol;4;Jake McGee;1,0
Carlos Marmol;5;B. J. Ryan;1,0
German Marquez;1;Cody Anderson;0,8523
German Marquez;2;Cole Ragans;0,8523
German Marquez;3;Chuck Rainey;0,8523
German Marquez;4;Rick Aguilera;0,8523
German Marquez;5;Rick Helling;0,8523
Jason Marquis;1;Mitch Garver;1,0
Jason Marquis;2;Geraldo Perdomo;1,0
Jason Marquis;3;Anthony Santander;1,0
Jason Marquis;4;Jose Vidro;1,0
Jason Marquis;5;Micah Owings;1,0
Rube Marquard;1;Eddie Ainsmith;1,0
Rube Marquard;2;Billy Jurges;1,0
Rube Marquard;3;Johnny Schmitz;1,0
Rube Marquard;4;Bill Sherdel;1,0
Rube Marquard;5;Jeff Tesreau;1,0
Mike Marshall;1;Ted Abernathy;0,9141
Mike Marshall;2;Dick Radatz;0,9141
Mike Marshall;3;Wayne Granger;0,9141
Mike Marshall;4;Lindy McDaniel;0,9141
Mike Marshall;5;Stu Miller;0,9141
Mike Marshall;1;Jonathan Schoop;1,0
Mike Marshall;2;Adam Eaton;1,0
Mike Marshall;3;Dan Driessen;1,0
Mike Marshall;4;Oddibe McDowell;1,0
Mike Marshall;5;Len Barker;1,0
Willard Marshall;1;Eddie Ainsmith;1,0
Willard Marshall;2;Billy Jurges;1,0
Willard Marshall;3;Johnny Schmitz;1,0
Willard Marshall;4;Bill Sherdel;1,0
Willard Marshall;5;Jeff Tesreau;1,0
Ketel Marte;1;Javier Baez;0,7193
Ketel Marte;2;Manny Trillo;0,703
Ketel Marte;3;Mike Devereaux;0,7006
Ketel Marte;4;Steve Avery;0,7006
Ketel Marte;5;Chris Taylor;0,6908
Starling Marte;1;Willie Davis;0,9684
Starling Marte;2;Ray Fosse;0,9468
Starling Marte;3;Johnny Edwards;0,9468
Starling Marte;4;Dansby Swanson;0,9468
Starling Marte;5;Joe Pepitone;0,9406
Billy Martin;1;Al Weis;1,0
Billy Martin;2;Dusty Rhodes;1,0
Billy Martin;3;Dick Green;1,0
Billy Martin;4;Jerry Coleman;1,0
Billy Martin;5;Billy Hatcher;0,9955
Carmelo Martinez;1;Kevin Young;1,0
Carmelo Martinez;2;Yonder Alonso;1,0
Carmelo Martinez;3;Oscar Zamora;1,0
Carmelo Martinez;4;Gary Alexander;1,0
Carmelo Martinez;5;Mike Young;1,0
Carlos Martinez;1;Jonathan Schoop;1,0
Carlos Martinez;2;Adam Eaton;1,0
Carlos Martinez;3;Dan Driessen;1,0
Carlos Martinez;4;Oddibe McDowell;1,0
Carlos Martinez;5;Len Barker;1,0
Dennis Martinez;1;Ubaldo Jimenez;0,9893
Dennis Martinez;2;J. R. Richard;0,9893
Dennis Martinez;3;Jordan Zimmermann;0,9845
Dennis Martinez;4;Scott Kazmir;0,9845
Dennis Martinez;5;Darryl Kile;0,9845
Edgar Martinez;1;Hal McRae;0,9189
Edgar Martinez;2;Greg Luzinski;0,9041
Edgar Martinez;3;Harold Baines;0,8894
Edgar Martinez;4;Victor Martinez;0,8543
Edgar Martinez;5;Kendrys Morales;0,8543
J. D. Martinez;1;Carlos Delgado;0,7218
J. D. Martinez;2;Carlos Gonzalez;0,7203
J. D. Martinez;3;Andruw Jones;0,6603
J. D. Martinez;4;Aaron Judge;0,6409
J. D. Martinez;5;Ryan Howard;0,6272
Jose Martinez;1;Spencer Arrighetti;1,0
Jose Martinez;2;Collin McHugh;1,0
Jose Martinez;3;Steven Matz;1,0
Jose Martinez;4;David Murphy;1,0
Jose Martinez;5;Brian Matusz;1,0
Nick Martinez;1;Wandy Rodriguez;1,0
Nick Martinez;2;Andy Hawkins;1,0
Nick Martinez;3;Matt Harrison;1,0
Nick Martinez;4;Rick Helling;1,0
Nick Martinez;5;Woody Williams;1,0
Pepper Martin;1;Rip Sewell;1,0
Pepper Martin;2;Tiny Bonham;1,0
Pepper Martin;3;Glenn Wright;1,0
Pepper Martin;4;Ewell Blackwell;1,0
Pepper Martin;5;Schoolboy Rowe;1,0
Pedro Martinez;1;Steve Carlton;0,9072
Pedro Martinez;2;Jack McDowell;0,7849
Pedro Martinez;3;Jim Palmer;0,7841
Pedro Martinez;4;Jim Lonborg;0,7833
Pedro Martinez;5;Mike Flanagan;0,7833
Pedro Martinez;1;Jason Schmidt;0,558
Pedro Martinez;2;Kyle Hendricks;0,5513
Pedro Martinez;3;Blake Snell;0,5389
Pedro Martinez;4;Felix Hernandez;0,524
Pedro Martinez;5;Bartolo Colon;0,5205
Ramon Martinez;1;Don Aase;1,0
Ramon Martinez;2;Scott McGregor;1,0
Ramon Martinez;3;Charlie Lea;1,0
Ramon Martinez;4;Frankie Montas;1,0
Ramon Martinez;5;Kent Mercker;1,0
Russell Martin;1;Jason Varitek;1,0
Russell Martin;2;Shawn Green;0,9266
Russell Martin;3;Jay Bell;0,9266
Russell Martin;4;Carlos Santana;0,9266
Russell Martin;5;Rick Burleson;0,9014
Tippy Martinez;1;Wandy Rodriguez;1,0
Tippy Martinez;2;Andy Hawkins;1,0
Tippy Martinez;3;Matt Harrison;1,0
Tippy Martinez;4;Rick Helling;1,0
Tippy Martinez;5;Woody Williams;1,0
Tino Martinez;1;Joe Crede;0,9355
Tino Martinez;2;Carlos Lee;0,9031
Tino Martinez;3;Reggie Sanders;0,9023
Tino Martinez;4;Andre Ethier;0,8917
Tino Martinez;5;Wally Joyner;0,8787
Victor Martinez;1;Kendrys Morales;0,9813
Victor Martinez;2;Ellis Burks;0,9456
Victor Martinez;3;Aubrey Huff;0,9281
Victor Martinez;4;Chili Davis;0,9219
Victor Martinez;5;Hal McRae;0,8726
Phil Masi;1;Eddie Ainsmith;1,0
Phil Masi;2;Billy Jurges;1,0
Phil Masi;3;Johnny Schmitz;1,0
Phil Masi;4;Bill Sherdel;1,0
Phil Masi;5;Jeff Tesreau;1,0
Justin Masterson;1;Kevin Young;1,0
Justin Masterson;2;Yonder Alonso;1,0
Justin Masterson;3;Oscar Zamora;1,0
Justin Masterson;4;Gary Alexander;1,0
Justin Masterson;5;Mike Young;1,0
Christy Mathewson;1;Pete Alexander;0,9974
Christy Mathewson;2;Hippo Vaughn;0,9786
Christy Mathewson;3;Lefty Gomez;0,9759
Christy Mathewson;4;Walter Johnson;0,9589
Christy Mathewson;5;Cy Young;0,9454
Eddie Mathews;1;Ted Kluszewski;0,9872
Eddie Mathews;2;Glenn Beckert;0,9535
Eddie Mathews;3;Willie Randolph;0,9116
Eddie Mathews;4;Earl Wilson;0,9086
Eddie Mathews;5;Johnny Pesky;0,9086
Mike Matheny;1;Mickey Stanley;1,0
Mike Matheny;2;Cesar Geronimo;1,0
Mike Matheny;3;Charles Johnson;1,0
Mike Matheny;4;Doug Rader;0,9945
Mike Matheny;5;Gary Pettis;0,9945
Jon Matlack;1;Stan Bahnsen;0,7501
Jon Matlack;2;Butch Metzger;0,7501
Jon Matlack;3;Scott Williamson;0,7501
Jon Matlack;4;Carl Morton;0,7501
Jon Matlack;5;John Montefusco;0,7478
Luis Matos;1;Kevin Young;1,0
Luis Matos;2;Yonder Alonso;1,0
Luis Matos;3;Oscar Zamora;1,0
Luis Matos;4;Gary Alexander;1,0
Luis Matos;5;Mike Young;1,0
Luis Matos;1;Kevin Young;1,0
Luis Matos;2;Yonder Alonso;1,0
Luis Matos;3;Oscar Zamora;1,0
Luis Matos;4;Gary Alexander;1,0
Luis Matos;5;Mike Young;1,0
Daisuke Matsuzaka;1;Kevin Young;1,0
Daisuke Matsuzaka;2;Yonder Alonso;1,0
Daisuke Matsuzaka;3;Oscar Zamora;1,0
Daisuke Matsuzaka;4;Gary Alexander;1,0
Daisuke Matsuzaka;5;Mike Young;1,0
Hideki Matsui;1;Ben Zobrist;0,8934
Hideki Matsui;2;Pedro Guerrero;0,8637
Hideki Matsui;3;Jorge Soler;0,8619
Hideki Matsui;4;Steve Pearce;0,8619
Hideki Matsui;5;Jose Rijo;0,8538
Gary Matthews;1;Jeffrey Leonard;0,8866
Gary Matthews;2;Benito Santiago;0,8539
Gary Matthews;3;Bob Horner;0,7067
Gary Matthews;4;Ron Kittle;0,7006
Gary Matthews;5;Eddie Rosario;0,6889
Don Mattingly;1;Hank Aaron;0,8265
Don Mattingly;2;Willie McGee;0,8228
Don Mattingly;3;Dale Murphy;0,8106
Don Mattingly;4;Harmon Killebrew;0,8076
Don Mattingly;5;Mike Schmidt;0,8058
Brian Matusz;1;Spencer Arrighetti;1,0
Brian Matusz;2;Collin McHugh;1,0
Brian Matusz;3;Steven Matz;1,0
Brian Matusz;4;Jose Martinez;1,0
Brian Matusz;5;David Murphy;1,0
Steven Matz;1;Spencer Arrighetti;1,0
Steven Matz;2;Collin McHugh;1,0
Steven Matz;3;Brian Matusz;1,0
Steven Matz;4;Jose Martinez;1,0
Steven Matz;5;David Murphy;1,0
Joe Mauer;1;Miguel Cabrera;0,7394
Joe Mauer;2;Alex Rodriguez;0,6639
Joe Mauer;3;Albert Pujols;0,5801
Joe Mauer;4;David Ortiz;0,4878
Joe Mauer;5;Larry Walker;0,4561
Dal Maxvill;1;Ruben Amaro;1,0
Dal Maxvill;2;Gabriel Moreno;1,0
Dal Maxvill;3;Cesar Izturis;1,0
Dal Maxvill;4;Cesar Hernandez;1,0
Dal Maxvill;5;Charlie Neal;1,0
John Mayberry;1;Brian Roberts;0,9183
John Mayberry;2;Kevin McReynolds;0,9183
John Mayberry;3;Don Gullett;0,8694
John Mayberry;4;Darrell Evans;0,7936
John Mayberry;5;Larry Hisle;0,7789
Cameron Maybin;1;Jonathan Schoop;1,0
Cameron Maybin;2;Adam Eaton;1,0
Cameron Maybin;3;Dan Driessen;1,0
Cameron Maybin;4;Oddibe McDowell;1,0
Cameron Maybin;5;Len Barker;1,0
Carlos May;1;Craig Worthington;1,0
Carlos May;2;Butch Wynegar;1,0
Carlos May;3;Coco Laboy;1,0
Carlos May;4;Roy Foster;1,0
Carlos May;5;Greg Gross;1,0
Mike Mayers;1;Shane Greene;1,0
Mike Mayers;2;Kyle Barraclough;1,0
Mike Mayers;3;Matt Barnes;1,0
Mike Mayers;4;Jake McGee;1,0
Mike Mayers;5;B. J. Ryan;1,0
Lee May;1;Mitchell Page;0,9916
Lee May;2;Larry Herndon;0,9872
Lee May;3;Jason Kendall;0,9872
Lee May;4;Bernie Carbo;0,9872
Lee May;5;Rich Gedman;0,9823
Eddie Mayo;1;Tommy Holmes;0,9946
Eddie Mayo;2;Bobby Doerr;0,9618
Eddie Mayo;3;Marty Marion;0,801
Eddie Mayo;4;Ernie Lombardi;0,7825
Eddie Mayo;5;Dolph Camilli;0,778
Carl Mays;1;Bill Carrigan;1,0
Carl Mays;2;Smoky Joe Wood;1,0
Carl Mays;3;Earl Smith;1,0
Carl Mays;4;Jack Coombs;1,0
Carl Mays;5;Mike Donlin;1,0
Willie Mays;1;Maury Wills;0,7957
Willie Mays;2;Cal Ripken;0,7492
Willie Mays;3;Bobby Bonds;0,7463
Willie Mays;4;Willie McCovey;0,6551
Willie Mays;5;Dave Concepcion;0,6374
Nomar Mazara;1;Brian Bannister;1,0
Nomar Mazara;2;Evan Gattis;1,0
Nomar Mazara;3;Tyler Naquin;1,0
Nomar Mazara;4;Frank Schwindel;1,0
Nomar Mazara;5;Gustavo Chacin;0,9944
Bill Mazeroski;1;Elston Howard;0,6789
Bill Mazeroski;2;Roberto Clemente;0,6564
Bill Mazeroski;3;Phil Rizzuto;0,6456
Bill Mazeroski;4;Bert Campaneris;0,6228
Bill Mazeroski;5;Joe Page;0,6069
Al McBean;1;Ken Sanders;1,0
Al McBean;2;Luis Arroyo;1,0
Al McBean;3;Clay Carroll;1,0
Al McBean;4;Roy Face;1,0
Al McBean;5;Mike Fornieles;1,0
Bake McBride;1;Sam Jethroe;0,9917
Bake McBride;2;Lou Piniella;0,9917
Bake McBride;3;Drake Baldwin;0,9917
Bake McBride;4;John Castino;0,9917
Bake McBride;5;Ted Sizemore;0,9917
Brian McCann;1;Julio Franco;0,9738
Brian McCann;2;Alfonso Soriano;0,7909
Brian McCann;3;Fred McGriff;0,7895
Brian McCann;4;Carl Crawford;0,7718
Brian McCann;5;Dave Concepcion;0,7554
Tim McCarver;1;Felipe Alou;1,0
Tim McCarver;2;Matty Alou;1,0
Tim McCarver;3;Bobby Avila;1,0
Tim McCarver;4;Tony Bernazard;1,0
Tim McCarver;5;Smoky Burgess;1,0
Billy McCool;1;Rick Ankiel;1,0
Billy McCool;2;Brian Anderson;1,0
Billy McCool;3;Kirk Rueter;1,0
Billy McCool;4;Dave Rozema;1,0
Billy McCool;5;Mike Nagy;1,0
Chas McCormick;1;Kevin Young;1,0
Chas McCormick;2;Yonder Alonso;1,0
Chas McCormick;3;Oscar Zamora;1,0
Chas McCormick;4;Gary Alexander;1,0
Chas McCormick;5;Mike Young;1,0
Frank McCormick;1;Dolph Camilli;0,9983
Frank McCormick;2;Hank Greenberg;0,9955
Frank McCormick;3;Ernie Lombardi;0,9935
Frank McCormick;4;Mort Cooper;0,9694
Frank McCormick;5;Dizzy Dean;0,9352
Mike McCormick;1;Dean Chance;1,0
Mike McCormick;2;John Denny;0,9751
Mike McCormick;3;Fergie Jenkins;0,9564
Mike McCormick;4;Randy Jones;0,863
Mike McCormick;5;Norm Cash;0,7148
Willie McCovey;1;Willie Mays;0,6551
Willie McCovey;2;Billy Williams;0,6539
Willie McCovey;3;Maury Wills;0,6069
Willie McCovey;4;Joe Morgan;0,572
Willie McCovey;5;Frank Robinson;0,5517
Quinton McCracken;1;Kevin Young;1,0
Quinton McCracken;2;Yonder Alonso;1,0
Quinton McCracken;3;Oscar Zamora;1,0
Quinton McCracken;4;Gary Alexander;1,0
Quinton McCracken;5;Mike Young;1,0
Clyde McCullough;1;Eddie Ainsmith;1,0
Clyde McCullough;2;Billy Jurges;1,0
Clyde McCullough;3;Red Kress;1,0
Clyde McCullough;4;Bill Knickerbocker;1,0
Clyde McCullough;5;Roger Wolff;1,0
Lance McCullers;1;Wandy Rodriguez;1,0
Lance McCullers;2;Andy Hawkins;1,0
Lance McCullers;3;Matt Harrison;1,0
Lance McCullers;4;Rick Helling;1,0
Lance McCullers;5;Woody Williams;1,0
Andrew McCutchen;1;Ken Caminiti;0,7566
Andrew McCutchen;2;Dante Bichette;0,7556
Andrew McCutchen;3;Cecil Cooper;0,6906
Andrew McCutchen;4;Sammy Sosa;0,6894
Andrew McCutchen;5;Larry Walker;0,656
Lindy McDaniel;1;Wayne Granger;1,0
Lindy McDaniel;2;Ted Abernathy;1,0
Lindy McDaniel;3;Dick Radatz;1,0
Lindy McDaniel;4;Ron Perranoski;1,0
Lindy McDaniel;5;Stu Miller;1,0
Ben McDonald;1;Wandy Rodriguez;1,0
Ben McDonald;2;Andy Hawkins;1,0
Ben McDonald;3;Matt Harrison;1,0
Ben McDonald;4;Rick Helling;1,0
Ben McDonald;5;Woody Williams;1,0
Gil McDougald;1;Al Dark;0,9981
Gil McDougald;2;Danny Graves;0,8133
Gil McDougald;3;Mike Timlin;0,8133
Gil McDougald;4;Glenn Davis;0,8001
Gil McDougald;5;Pee Wee Reese;0,8
Jack McDowell;1;Catfish Hunter;0,9855
Jack McDowell;2;Bob Welch;0,9855
Jack McDowell;3;Jim Lonborg;0,9544
Jack McDowell;4;Mike Flanagan;0,9544
Jack McDowell;5;Jim Palmer;0,9374
Oddibe McDowell;1;Jonathan Schoop;1,0
Oddibe McDowell;2;Adam Eaton;1,0
Oddibe McDowell;3;Dan Driessen;1,0
Oddibe McDowell;4;Len Barker;1,0
Oddibe McDowell;5;Candy Maldonado;1,0
Sam McDowell;1;Ron Bryant;1,0
Sam McDowell;2;Bob Porterfield;1,0
Sam McDowell;3;Preacher Roe;1,0
Sam McDowell;4;Ellis Kinder;1,0
Sam McDowell;5;Sam Jones;1,0
Jake McGee;1;Shane Greene;1,0
Jake McGee;2;Kyle Barraclough;1,0
Jake McGee;3;Matt Barnes;1,0
Jake McGee;4;B. J. Ryan;1,0
Jake McGee;5;Takashi Saito;1,0
Willie McGee;1;Jackie Jensen;0,9
Willie McGee;2;Jeff Burroughs;0,8746
Willie McGee;3;Nellie Fox;0,8734
Willie McGee;4;Hank Sauer;0,8716
Willie McGee;5;Roger Maris;0,8377
Casey McGehee;1;Carlos Peña;0,9878
Casey McGehee;2;Mike Moustakas;0,9729
Casey McGehee;3;Trey Mancini;0,9717
Casey McGehee;4;Dmitri Young;0,9682
Casey McGehee;5;Matt Harvey;0,9655
Dustin McGowan;1;Gary Nolan;1,0
Dustin McGowan;2;Ron Oester;1,0
Dustin McGowan;3;Danny Thompson;1,0
Dustin McGowan;4;Bill Wegman;1,0
Dustin McGowan;5;Jake Diekman;1,0
Tug McGraw;1;Billy Hatcher;0,9955
Tug McGraw;2;Billy Martin;0,982
Tug McGraw;3;Jerry Coleman;0,982
Tug McGraw;4;Al Weis;0,982
Tug McGraw;5;Dusty Rhodes;0,982
Scott McGregor;1;Don Aase;1,0
Scott McGregor;2;Charlie Lea;1,0
Scott McGregor;3;Frankie Montas;1,0
Scott McGregor;4;Alex Wood;1,0
Scott McGregor;5;Kent Mercker;1,0
Fred McGriff;1;Alfonso Soriano;0,9867
Fred McGriff;2;Miguel Tejada;0,8552
Fred McGriff;3;Carl Crawford;0,8445
Fred McGriff;4;Dave Concepcion;0,8196
Fred McGriff;5;Bill Madlock;0,8092
Mark McGwire;1;Jim Thome;0,5974
Mark McGwire;2;J. D. Martinez;0,5557
Mark McGwire;3;Darryl Strawberry;0,5439
Mark McGwire;4;Eddie Murray;0,5399
Mark McGwire;5;Jeff Bagwell;0,5329
Collin McHugh;1;Spencer Arrighetti;1,0
Collin McHugh;2;Steven Matz;1,0
Collin McHugh;3;Brian Matusz;1,0
Collin McHugh;4;Jose Martinez;1,0
Collin McHugh;5;David Murphy;1,0
Stuffy McInnis;1;Heinie Zimmerman;1,0
Stuffy McInnis;2;Ross Youngs;1,0
Stuffy McInnis;3;Sam Crawford;1,0
Stuffy McInnis;4;Wilbur Cooper;1,0
Stuffy McInnis;5;Roger Bresnahan;1,0
Denny McLain;1;Don Drysdale;0,8995
Denny McLain;2;Early Wynn;0,8995
Denny McLain;3;Vida Blue;0,834
Denny McLain;4;Willie Hernandez;0,8317
Denny McLain;5;Jim Lonborg;0,8245
Matt McLain;1;Kevin Young;1,0
Matt McLain;2;Yonder Alonso;1,0
Matt McLain;3;Oscar Zamora;1,0
Matt McLain;4;Gary Alexander;1,0
Matt McLain;5;Mike Young;1,0
Mark McLemore;1;Kevin Young;1,0
Mark McLemore;2;Yonder Alonso;1,0
Mark McLemore;3;Oscar Zamora;1,0
Mark McLemore;4;Gary Alexander;1,0
Mark McLemore;5;Mike Young;1,0
Nate McLouth;1;Ruben Amaro;1,0
Nate McLouth;2;Gabriel Moreno;1,0
Nate McLouth;3;Cesar Izturis;1,0
Nate McLouth;4;Cesar Hernandez;1,0
Nate McLouth;5;Charlie Neal;1,0
Roy McMillan;1;Brad Ausmus;1,0
Roy McMillan;2;Ender Inciarte;1,0
Roy McMillan;3;Bobby Knoop;1,0
Roy McMillan;4;Harvey Haddix;1,0
Roy McMillan;5;Christian Walker;1,0
Craig McMurtry;1;Rick Ankiel;1,0
Craig McMurtry;2;Brian Anderson;1,0
Craig McMurtry;3;Kirk Rueter;1,0
Craig McMurtry;4;Dave Rozema;1,0
Craig McMurtry;5;Mike Nagy;1,0
Dave McNally;1;Felipe Alou;1,0
Dave McNally;2;Matty Alou;1,0
Dave McNally;3;Bobby Avila;1,0
Dave McNally;4;Tony Bernazard;1,0
Dave McNally;5;Smoky Burgess;1,0
Jeff McNeil;1;Edgardo Alfonzo;1,0
Jeff McNeil;2;Eric Young;1,0
Jeff McNeil;3;Donovan Solano;1,0
Jeff McNeil;4;Matt Nokes;1,0
Jeff McNeil;5;Cedric Mullins;1,0
George McQuinn;1;Eddie Ainsmith;1,0
George McQuinn;2;Billy Jurges;1,0
George McQuinn;3;Red Kress;1,0
George McQuinn;4;Bill Knickerbocker;1,0
George McQuinn;5;Roger Wolff;1,0
Brian McRae;1;Kevin Young;1,0
Brian McRae;2;Yonder Alonso;1,0
Brian McRae;3;Oscar Zamora;1,0
Brian McRae;4;Gary Alexander;1,0
Brian McRae;5;Mike Young;1,0
Hal McRae;1;Harold Baines;0,9904
Hal McRae;2;Rusty Staub;0,9431
Hal McRae;3;Aubrey Huff;0,935
Hal McRae;4;Edgar Martinez;0,9189
Hal McRae;5;Adam Lind;0,917
Kevin McReynolds;1;Brian Roberts;1,0
Kevin McReynolds;2;Don Gullett;0,9388
Kevin McReynolds;3;John Mayberry;0,9183
Kevin McReynolds;4;Kevin Bass;0,891
Kevin McReynolds;5;Chris Hoiles;0,891
Larry McWilliams;1;Rico Petrocelli;1,0
Larry McWilliams;2;Bryan Reynolds;1,0
Larry McWilliams;3;Manny Sanguillen;1,0
Larry McWilliams;4;Jim Bibby;1,0
Larry McWilliams;5;Willie Montanez;1,0
Austin Meadows;1;Aristides Aquino;0,9811
Austin Meadows;2;Yuli Gurriel;0,9726
Austin Meadows;3;Yasiel Puig;0,9372
Austin Meadows;4;Wyatt Langford;0,9211
Austin Meadows;5;Gleyber Torres;0,9079
John Means;1;Kevin Young;1,0
John Means;2;Yonder Alonso;1,0
John Means;3;Oscar Zamora;1,0
John Means;4;Gary Alexander;1,0
John Means;5;Mike Young;1,0
Gil Meche;1;Clyde Wright;1,0
Gil Meche;2;Eric Soderholm;1,0
Gil Meche;3;Jose Guzman;1,0
Gil Meche;4;Dock Ellis;1,0
Gil Meche;5;Jim Hickman;1,0
Doc Medich;1;Keith Moreland;1,0
Doc Medich;2;Nick Esasky;1,0
Doc Medich;3;Josh Harrison;1,0
Doc Medich;4;Art Howe;1,0
Doc Medich;5;Jim Hughes;1,0
Kris Medlen;1;Jeff Fassero;1,0
Kris Medlen;2;Rich Hill;1,0
Kris Medlen;3;J. R. Richard;0,9895
Kris Medlen;4;Ubaldo Jimenez;0,9895
Kris Medlen;5;Charles Nagy;0,9836
Joe Medwick;1;Chuck Klein;0,8856
Joe Medwick;2;Lou Gehrig;0,8675
Joe Medwick;3;Rogers Hornsby;0,8607
Joe Medwick;4;Jimmie Foxx;0,8461
Joe Medwick;5;Ty Cobb;0,7892
Mark Melancon;1;Neal Cotts;0,9588
Mark Melancon;2;Brendan Donnelly;0,9588
Mark Melancon;3;Hung-Chih Kuo;0,9588
Mark Melancon;4;Sergio Romo;0,9588
Mark Melancon;5;David Robertson;0,9588
Oscar Melillo;1;Eddie Ainsmith;1,0
Oscar Melillo;2;Billy Jurges;1,0
Oscar Melillo;3;Red Kress;1,0
Oscar Melillo;4;Bill Knickerbocker;1,0
Oscar Melillo;5;Roger Wolff;1,0
Kevin Mench;1;Kevin Young;1,0
Kevin Mench;2;Yonder Alonso;1,0
Kevin Mench;3;Oscar Zamora;1,0
Kevin Mench;4;Gary Alexander;1,0
Kevin Mench;5;Mike Young;1,0
Yermin Mercedes;1;Miguel Sano;1,0
Yermin Mercedes;2;Gaby Sanchez;1,0
Yermin Mercedes;3;Anibal Sanchez;1,0
Yermin Mercedes;4;Jose Miranda;1,0
Yermin Mercedes;5;Bud Smith;1,0
Kent Mercker;1;Don Aase;1,0
Kent Mercker;2;Scott McGregor;1,0
Kent Mercker;3;Frankie Montas;1,0
Kent Mercker;4;Alex Wood;1,0
Kent Mercker;5;Charlie Lea;1,0
Jackson Merrill;1;Miguel Andujar;0,9198
Jackson Merrill;2;Jake Cronenworth;0,8898
Jackson Merrill;3;Austin Jackson;0,8882
Jackson Merrill;4;Gordon Beckham;0,8881
Jackson Merrill;5;Dan Uggla;0,8855
Jim Merritt;1;Felipe Alou;1,0
Jim Merritt;2;Matty Alou;1,0
Jim Merritt;3;Bobby Avila;1,0
Jim Merritt;4;Tony Bernazard;1,0
Jim Merritt;5;Smoky Burgess;1,0
Jose Mesa;1;Todd Jones;0,9814
Jose Mesa;2;Al Holland;0,9097
Jose Mesa;3;Jeff Montgomery;0,9097
Jose Mesa;4;Bill Campbell;0,9086
Jose Mesa;5;Dan Quisenberry;0,9009
Andy Messersmith;1;Kenny Rogers;0,8503
Andy Messersmith;2;Amos Otis;0,7497
Andy Messersmith;3;Willie Davis;0,7028
Andy Messersmith;4;Larry Bowa;0,6999
Andy Messersmith;5;Starling Marte;0,6959
Butch Metzger;1;Carl Morton;1,0
Butch Metzger;2;Scott Williamson;1,0
Butch Metzger;3;Stan Bahnsen;1,0
Butch Metzger;4;John Montefusco;0,997
Butch Metzger;5;Kazuhiro Sasaki;0,997
Roger Metzger;1;Ruben Amaro;1,0
Roger Metzger;2;Gabriel Moreno;1,0
Roger Metzger;3;Evan White;1,0
Roger Metzger;4;Cesar Hernandez;1,0
Roger Metzger;5;Charlie Neal;1,0
Jack Meyers;1;George Gibson;1,0
Jack Meyers;2;Urban Shocker;1,0
Jack Meyers;3;Chick Hafey;1,0
Jack Meyers;4;Willie Kamm;1,0
Jack Meyers;5;Eppa Rixey;1,0
Dan Meyer;1;Jeromy Burnitz;1,0
Dan Meyer;2;Lamar Johnson;1,0
Dan Meyer;3;Kelly Johnson;1,0
Dan Meyer;4;Brook Jacoby;1,0
Dan Meyer;5;Rick Monday;1,0
Jake Meyers;1;Kevin Young;1,0
Jake Meyers;2;Yonder Alonso;1,0
Jake Meyers;3;Oscar Zamora;1,0
Jake Meyers;4;Gary Alexander;1,0
Jake Meyers;5;Mike Young;1,0
Cass Michaels;1;Eddie Ainsmith;1,0
Cass Michaels;2;Billy Jurges;1,0
Cass Michaels;3;Red Kress;1,0
Cass Michaels;4;Bill Knickerbocker;1,0
Cass Michaels;5;Roger Wolff;1,0
Jason Michaels;1;Mike Morse;1,0
Jason Michaels;2;Mark Grace;0,9267
Jason Michaels;3;Sean Casey;0,918
Jason Michaels;4;Roy Oswalt;0,8505
Jason Michaels;5;Todd Helton;0,8032
Will Middlebrooks;1;Jonathan Schoop;1,0
Will Middlebrooks;2;Adam Eaton;1,0
Will Middlebrooks;3;Dan Driessen;1,0
Will Middlebrooks;4;Oddibe McDowell;1,0
Will Middlebrooks;5;Len Barker;1,0
Doug Mientkiewicz;1;Ruben Amaro;1,0
Doug Mientkiewicz;2;Gabriel Moreno;1,0
Doug Mientkiewicz;3;Cesar Izturis;1,0
Doug Mientkiewicz;4;Cesar Hernandez;1,0
Doug Mientkiewicz;5;Charlie Neal;1,0
Wade Miley;1;Ken Hunt;0,907
Wade Miley;2;Ed Bouchee;0,907
Wade Miley;3;Carl Willey;0,907
Wade Miley;4;Clint Courtney;0,907
Wade Miley;5;Richie Ashburn;0,907
Felix Millan;1;Joey Gallo;1,0
Felix Millan;2;Luis Castillo;0,9683
Felix Millan;3;Mike Norris;0,9494
Felix Millan;4;Ken Berry;0,9494
Felix Millan;5;Matt Wieters;0,9494
Kevin Millar;1;Jonathan Schoop;1,0
Kevin Millar;2;Adam Eaton;1,0
Kevin Millar;3;Dan Driessen;1,0
Kevin Millar;4;Oddibe McDowell;1,0
Kevin Millar;5;Len Barker;1,0
Andrew Miller;1;Koji Uehara;0,9034
Andrew Miller;2;Marty Barrett;0,9034
Andrew Miller;3;Adam Kennedy;0,901
Andrew Miller;4;Matt Garza;0,901
Andrew Miller;5;Alcides Escobar;0,9
Brad Miller;1;Jonathan Schoop;1,0
Brad Miller;2;Adam Eaton;1,0
Brad Miller;3;Dan Driessen;1,0
Brad Miller;4;Oddibe McDowell;1,0
Brad Miller;5;Len Barker;1,0
Eddie Miller;1;Eddie Ainsmith;1,0
Eddie Miller;2;Billy Jurges;1,0
Eddie Miller;3;Red Kress;1,0
Eddie Miller;4;Bill Knickerbocker;1,0
Eddie Miller;5;Roger Wolff;1,0
Mason Miller;1;Brad Hand;0,7017
Mason Miller;2;Andres Munoz;0,7017
Mason Miller;3;Nick Kurtz;0,6871
Mason Miller;4;Ryne Duren;0,6842
Mason Miller;5;Ed Bouchee;0,6842
Rick Miller;1;Ruben Amaro;1,0
Rick Miller;2;Gabriel Moreno;1,0
Rick Miller;3;Cesar Izturis;1,0
Rick Miller;4;Cesar Hernandez;1,0
Rick Miller;5;Charlie Neal;1,0
Stu Miller;1;Wayne Granger;1,0
Stu Miller;2;Ted Abernathy;1,0
Stu Miller;3;Dick Radatz;1,0
Stu Miller;4;Ron Perranoski;1,0
Stu Miller;5;Lindy McDaniel;1,0
Wade Miller;1;Wandy Rodriguez;1,0
Wade Miller;2;Andy Hawkins;1,0
Wade Miller;3;Erik Hanson;1,0
Wade Miller;4;Ed Whitson;1,0
Wade Miller;5;Jim Beattie;1,0
Randy Milligan;1;Kevin Young;1,0
Randy Milligan;2;Yonder Alonso;1,0
Randy Milligan;3;Oscar Zamora;1,0
Randy Milligan;4;Gary Alexander;1,0
Randy Milligan;5;Mike Young;1,0
Alec Mills;1;Kevin Young;1,0
Alec Mills;2;Yonder Alonso;1,0
Alec Mills;3;Oscar Zamora;1,0
Alec Mills;4;Gary Alexander;1,0
Alec Mills;5;Mike Young;1,0
Kevin Millwood;1;Kevin Young;1,0
Kevin Millwood;2;Yonder Alonso;1,0
Kevin Millwood;3;Oscar Zamora;1,0
Kevin Millwood;4;Gary Alexander;1,0
Kevin Millwood;5;Mike Young;1,0
Eddie Milner;1;Kevin Young;1,0
Eddie Milner;2;Yonder Alonso;1,0
Eddie Milner;3;Oscar Zamora;1,0
Eddie Milner;4;Gary Alexander;1,0
Eddie Milner;5;Mike Young;1,0
John Milner;1;Jonathan Schoop;1,0
John Milner;2;Adam Eaton;1,0
John Milner;3;Dan Driessen;1,0
John Milner;4;Oddibe McDowell;1,0
John Milner;5;Len Barker;1,0
Eric Milton;1;Kevin Young;1,0
Eric Milton;2;Yonder Alonso;1,0
Eric Milton;3;Oscar Zamora;1,0
Eric Milton;4;Gary Alexander;1,0
Eric Milton;5;Mike Young;1,0
Minnie Miñoso;1;Richie Ashburn;0,9173
Minnie Miñoso;2;Dick Howser;0,9173
Minnie Miñoso;3;Ken Hunt;0,9173
Minnie Miñoso;4;Cade Horton;0,9173
Minnie Miñoso;5;Ryne Duren;0,9173
Greg Minton;1;Kevin Young;1,0
Greg Minton;2;Yonder Alonso;1,0
Greg Minton;3;Oscar Zamora;1,0
Greg Minton;4;Gary Alexander;1,0
Greg Minton;5;Mike Young;1,0
Jose Miranda;1;Miguel Sano;1,0
Jose Miranda;2;Gaby Sanchez;1,0
Jose Miranda;3;Anibal Sanchez;1,0
Jose Miranda;4;Yermin Mercedes;1,0
Jose Miranda;5;Bud Smith;1,0
Kevin Mitchell;1;Al Rosen;0,9329
Kevin Mitchell;2;Roger Maris;0,9008
Kevin Mitchell;3;George Bell;0,8739
Kevin Mitchell;4;Lou Boudreau;0,8625
Kevin Mitchell;5;Robin Yount;0,8316
Johnny Mize;1;Joe Page;0,8333
Johnny Mize;2;Bert Campaneris;0,8073
Johnny Mize;3;Dusty Rhodes;0,7559
Johnny Mize;4;Jerry Coleman;0,7559
Johnny Mize;5;Dick Green;0,7559
Dave Mlicki;1;Kevin Young;1,0
Dave Mlicki;2;Yonder Alonso;1,0
Dave Mlicki;3;Oscar Zamora;1,0
Dave Mlicki;4;Gary Alexander;1,0
Dave Mlicki;5;Mike Young;1,0
Bengie Molina;1;Ian Kinsler;1,0
Bengie Molina;2;Mike Cameron;0,9684
Bengie Molina;3;Joey Gallo;0,9456
Bengie Molina;4;Felix Millan;0,9456
Bengie Molina;5;Adam Duvall;0,9237
Yadier Molina;1;Andrelton Simmons;0,9153
Yadier Molina;2;Jim Edmonds;0,7187
Yadier Molina;3;Orlando Cabrera;0,7139
Yadier Molina;4;Elvis Andrus;0,6993
Yadier Molina;5;Asdrubal Cabrera;0,6984
Paul Molitor;1;Jamie Moyer;0,5843
Paul Molitor;2;Brett Butler;0,5688
Paul Molitor;3;Todd Stottlemyre;0,5567
Paul Molitor;4;Craig Biggio;0,5531
Paul Molitor;5;Curt Schilling;0,5488
Rick Monday;1;Ron LeFlore;1,0
Rick Monday;2;Dan Meyer;1,0
Rick Monday;3;Kal Daniels;1,0
Rick Monday;4;Otto Velez;1,0
Rick Monday;5;Brian Downing;1,0
Raul Mondesi;1;Bob Hamelin;0,9765
Raul Mondesi;2;Ben Grieve;0,9654
Raul Mondesi;3;Eric Hinske;0,9308
Raul Mondesi;4;Scott Rolen;0,9043
Raul Mondesi;5;Preston Wilson;0,8731
Adalberto Mondesi;1;Kevin Young;1,0
Adalberto Mondesi;2;Yonder Alonso;1,0
Adalberto Mondesi;3;Oscar Zamora;1,0
Adalberto Mondesi;4;Gary Alexander;1,0
Adalberto Mondesi;5;Mike Young;1,0
Don Money;1;Jonathan Schoop;1,0
Don Money;2;Adam Eaton;1,0
Don Money;3;Dan Driessen;1,0
Don Money;4;Oddibe McDowell;1,0
Don Money;5;Len Barker;1,0
Sid Monge;1;Wandy Rodriguez;1,0
Sid Monge;2;Andy Hawkins;1,0
Sid Monge;3;Matt Harrison;1,0
Sid Monge;4;Rick Helling;1,0
Sid Monge;5;Woody Williams;1,0
Frankie Montas;1;Don Aase;1,0
Frankie Montas;2;Scott McGregor;1,0
Frankie Montas;3;Charlie Lea;1,0
Frankie Montas;4;Alex Wood;1,0
Frankie Montas;5;Kent Mercker;1,0
Willie Montanez;1;Rico Petrocelli;1,0
Willie Montanez;2;Bryan Reynolds;1,0
Willie Montanez;3;Manny Sanguillen;1,0
Willie Montanez;4;Larry McWilliams;1,0
Willie Montanez;5;Jim Bibby;1,0
John Montefusco;1;Kazuhiro Sasaki;1,0
John Montefusco;2;Scott Williamson;0,997
John Montefusco;3;Butch Metzger;0,997
John Montefusco;4;Carl Morton;0,997
John Montefusco;5;Stan Bahnsen;0,997
Keider Montero;1;Kevin Young;1,0
Keider Montero;2;Yonder Alonso;1,0
Keider Montero;3;Oscar Zamora;1,0
Keider Montero;4;Gary Alexander;1,0
Keider Montero;5;Mike Young;1,0
Jeff Montgomery;1;Al Holland;1,0
Jeff Montgomery;2;Jeff Russell;0,9946
Jeff Montgomery;3;Rawly Eastwick;0,9946
Jeff Montgomery;4;Antonio Alfonseca;0,9946
Jeff Montgomery;5;Bill Campbell;0,992
Jordan Montgomery;1;Bryan Woo;1,0
Jordan Montgomery;2;Charlie Morton;1,0
Jordan Montgomery;3;Mike Yastrzemski;1,0
Jordan Montgomery;4;Kyle Bradish;1,0
Jordan Montgomery;5;Dinelson Lamet;1,0
Wally Moon;1;Ken Hubbs;1,0
Wally Moon;2;Bill Virdon;1,0
Wally Moon;3;Herb Score;0,9957
Wally Moon;4;Ron Hansen;0,9957
Wally Moon;5;Don Schwall;0,9957
Dylan Moore;1;Bronson Arroyo;1,0
Dylan Moore;2;Harrison Bader;1,0
Dylan Moore;3;Erick Aybar;1,0
Dylan Moore;4;Jody Davis;1,0
Dylan Moore;5;Corey Dickerson;1,0
Jo-Jo Moore;1;Eddie Ainsmith;1,0
Jo-Jo Moore;2;Billy Jurges;1,0
Jo-Jo Moore;3;Red Kress;1,0
Jo-Jo Moore;4;Bill Knickerbocker;1,0
Jo-Jo Moore;5;Roger Wolff;1,0
Mike Moore;1;Tommy Greene;1,0
Mike Moore;2;Noah Lowry;1,0
Mike Moore;3;Lucas Giolito;1,0
Mike Moore;4;Jim Clancy;1,0
Mike Moore;5;Bob Stanley;1,0
Jose Morales;1;Kevin Young;1,0
Jose Morales;2;Yonder Alonso;1,0
Jose Morales;3;Oscar Zamora;1,0
Jose Morales;4;Gary Alexander;1,0
Jose Morales;5;Mike Young;1,0
Kendrys Morales;1;Victor Martinez;0,9813
Kendrys Morales;2;Chili Davis;0,9792
Kendrys Morales;3;Aubrey Huff;0,9414
Kendrys Morales;4;Ellis Burks;0,9285
Kendrys Morales;5;Hal McRae;0,9031
Melvin Mora;1;Doug DeCinces;0,9823
Melvin Mora;2;Howard Johnson;0,9246
Melvin Mora;3;Jose Reyes;0,9172
Melvin Mora;4;Mike Greenwell;0,9172
Melvin Mora;5;Chase Headley;0,8976
Keith Moreland;1;Doc Medich;1,0
Keith Moreland;2;Nick Esasky;1,0
Keith Moreland;3;Josh Harrison;1,0
Keith Moreland;4;Art Howe;1,0
Keith Moreland;5;Jim Hughes;1,0
Mitch Moreland;1;Bronson Arroyo;1,0
Mitch Moreland;2;Harrison Bader;1,0
Mitch Moreland;3;Erick Aybar;1,0
Mitch Moreland;4;Jody Davis;1,0
Mitch Moreland;5;Corey Dickerson;1,0
Gabriel Moreno;1;Ruben Amaro;1,0
Gabriel Moreno;2;Cesar Hernandez;1,0
Gabriel Moreno;3;Roger Metzger;1,0
Gabriel Moreno;4;Charlie Neal;1,0
Gabriel Moreno;5;Masyn Winn;1,0
Omar Moreno;1;Felipe Alou;1,0
Omar Moreno;2;Matty Alou;1,0
Omar Moreno;3;Bobby Avila;1,0
Omar Moreno;4;Tony Bernazard;1,0
Omar Moreno;5;Smoky Burgess;1,0
Joe Morgan;1;Maury Wills;0,7733
Joe Morgan;2;Cal Ripken;0,7525
Joe Morgan;3;Robin Yount;0,7029
Joe Morgan;4;Al Rosen;0,6405
Joe Morgan;5;Kevin Mitchell;0,6348
Mike Morgan;1;Don Aase;1,0
Mike Morgan;2;Scott McGregor;1,0
Mike Morgan;3;Charlie Lea;1,0
Mike Morgan;4;Frankie Montas;1,0
Mike Morgan;5;Kent Mercker;1,0
Justin Morneau;1;Juan Gonzalez;0,9363
Justin Morneau;2;Mo Vaughn;0,9172
Justin Morneau;3;Jeff Kent;0,8455
Justin Morneau;4;Robin Yount;0,6666
Justin Morneau;5;Jose Cruz;0,6149
Ed Morris;1;Eddie Ainsmith;1,0
Ed Morris;2;Billy Jurges;1,0
Ed Morris;3;Red Kress;1,0
Ed Morris;4;Bill Knickerbocker;1,0
Ed Morris;5;Roger Wolff;1,0
Hal Morris;1;James Shields;1,0
Hal Morris;2;Bobby Higginson;1,0
Hal Morris;3;Phil Garner;1,0
Hal Morris;4;A. J. Burnett;1,0
Hal Morris;5;Rougned Odor;1,0
Jack Morris;1;Frank Viola;0,8838
Jack Morris;2;Stephen Strasburg;0,8571
Jack Morris;3;Scott Brosius;0,848
Jack Morris;4;Bucky Dent;0,8436
Jack Morris;5;Gene Tenace;0,8395
Johnny Morrison;1;Eddie Ainsmith;1,0
Johnny Morrison;2;Billy Jurges;1,0
Johnny Morrison;3;Red Kress;1,0
Johnny Morrison;4;Bill Knickerbocker;1,0
Johnny Morrison;5;Roger Wolff;1,0
Matt Morris;1;Mike Lieberthal;0,7945
Matt Morris;2;John Jaha;0,7916
Matt Morris;3;Daniel Bard;0,7916
Matt Morris;4;Fernando Tatis;0,7916
Matt Morris;5;Adam Dunn;0,7903
Mike Morse;1;Jason Michaels;1,0
Mike Morse;2;Mark Grace;0,9267
Mike Morse;3;Sean Casey;0,918
Mike Morse;4;Roy Oswalt;0,8505
Mike Morse;5;Todd Helton;0,8032
Carl Morton;1;Scott Williamson;1,0
Carl Morton;2;Butch Metzger;1,0
Carl Morton;3;Stan Bahnsen;1,0
Carl Morton;4;John Montefusco;0,997
Carl Morton;5;Kazuhiro Sasaki;0,997
Charlie Morton;1;Bryan Woo;1,0
Charlie Morton;2;Aaron Nola;1,0
Charlie Morton;3;Kyle Bradish;1,0
Charlie Morton;4;Mike Soroka;1,0
Charlie Morton;5;Dinelson Lamet;1,0
Lloyd Moseby;1;Lenny Dykstra;0,9782
Lloyd Moseby;2;Ben Oglivie;0,9782
Lloyd Moseby;3;Charlie Blackmon;0,9579
Lloyd Moseby;4;Joe Carter;0,9561
Lloyd Moseby;5;Matt Carpenter;0,9436
Wally Moses;1;Babe Adams;1,0
Wally Moses;2;Jim Bagby;1,0
Wally Moses;3;Ivey Wingo;1,0
Wally Moses;4;Red Lucas;1,0
Wally Moses;5;Dolf Luque;1,0
Brandon Moss;1;Neil Allen;1,0
Brandon Moss;2;Oscar Gamble;1,0
Brandon Moss;3;Homer Bailey;1,0
Brandon Moss;4;Bill Doran;1,0
Brandon Moss;5;Jorge Orta;1,0
Johnny Mostil;1;Rip Sewell;1,0
Johnny Mostil;2;Tiny Bonham;1,0
Johnny Mostil;3;Glenn Wright;1,0
Johnny Mostil;4;Ewell Blackwell;1,0
Johnny Mostil;5;Schoolboy Rowe;1,0
Manny Mota;1;Kevin Young;1,0
Manny Mota;2;Yonder Alonso;1,0
Manny Mota;3;Oscar Zamora;1,0
Manny Mota;4;Gary Alexander;1,0
Manny Mota;5;Mike Young;1,0
Jason Motte;1;Kevin Young;1,0
Jason Motte;2;Yonder Alonso;1,0
Jason Motte;3;Oscar Zamora;1,0
Jason Motte;4;Gary Alexander;1,0
Jason Motte;5;Mike Young;1,0
Ryan Mountcastle;1;Colton Cowser;1,0
Ryan Mountcastle;2;Todd Frazier;1,0
Ryan Mountcastle;3;Terrence Long;0,9253
Ryan Mountcastle;4;Angel Berroa;0,8477
Ryan Mountcastle;5;Marty Cordova;0,7747
Mike Moustakas;1;Trey Mancini;0,9988
Mike Moustakas;2;Dmitri Young;0,9952
Mike Moustakas;3;Matt Harvey;0,9924
Mike Moustakas;4;Aaron Hill;0,985
Mike Moustakas;5;Casey McGehee;0,9729
Jamie Moyer;1;Craig Biggio;0,8332
Jamie Moyer;2;Al Leiter;0,7853
Jamie Moyer;3;Todd Stottlemyre;0,7746
Jamie Moyer;4;Brett Butler;0,7688
Jamie Moyer;5;Shane Victorino;0,7575
Bill Mueller;1;Armando Galarraga;0,997
Bill Mueller;2;Clay Buchholz;0,9866
Bill Mueller;3;Jon Lester;0,7706
Bill Mueller;4;Mark Buehrle;0,7522
Bill Mueller;5;Derek Jeter;0,5128
Mark Mulder;1;Chuck Finley;0,9734
Mark Mulder;2;Dennis Martinez;0,9702
Mark Mulder;3;Derek Lowe;0,9585
Mark Mulder;4;James Paxton;0,9525
Mark Mulder;5;Bruce Hurst;0,9525
Terry Mulholland;1;Jonathan Schoop;1,0
Terry Mulholland;2;Adam Eaton;1,0
Terry Mulholland;3;Dan Driessen;1,0
Terry Mulholland;4;Oddibe McDowell;1,0
Terry Mulholland;5;Len Barker;1,0
Cedric Mullins;1;Edgardo Alfonzo;1,0
Cedric Mullins;2;Eric Young;1,0
Cedric Mullins;3;Mike Stanley;1,0
Cedric Mullins;4;Matt Nokes;1,0
Cedric Mullins;5;Jurickson Profar;1,0
George Mullin;1;Eddie Ainsmith;1,0
George Mullin;2;Billy Jurges;1,0
George Mullin;3;Red Kress;1,0
George Mullin;4;Bill Knickerbocker;1,0
George Mullin;5;Roger Wolff;1,0
Max Muncy;1;Kevin Young;1,0
Max Muncy;2;Yonder Alonso;1,0
Max Muncy;3;Oscar Zamora;1,0
Max Muncy;4;Gary Alexander;1,0
Max Muncy;5;Mike Young;1,0
Andres Munoz;1;Brad Hand;1,0
Andres Munoz;2;Seth Lugo;0,9343
Andres Munoz;3;Raisel Iglesias;0,78
Andres Munoz;4;Aroldis Chapman;0,7693
Andres Munoz;5;Camilo Doval;0,7501
Bobby Munoz;1;Wandy Rodriguez;1,0
Bobby Munoz;2;Andy Hawkins;1,0
Bobby Munoz;3;Matt Harrison;1,0
Bobby Munoz;4;Rick Helling;1,0
Bobby Munoz;5;Woody Williams;1,0
Thurman Munson;1;Nellie Fox;0,791
Thurman Munson;2;Tony Oliva;0,741
Thurman Munson;3;Willie McGee;0,7117
Thurman Munson;4;Dick Allen;0,6961
Thurman Munson;5;Hank Aaron;0,6761
Bobby Murcer;1;Davey Lopes;0,9299
Bobby Murcer;2;Travis Fryman;0,9075
Bobby Murcer;3;Larry Hisle;0,9043
Bobby Murcer;4;Larry Bowa;0,892
Bobby Murcer;5;Glenn Beckert;0,8805
Dale Murphy;1;Don Mattingly;0,8106
Dale Murphy;2;Mike Schmidt;0,8092
Dale Murphy;3;Ernie Banks;0,7265
Dale Murphy;4;Al Kaline;0,7234
Dale Murphy;5;Willie McGee;0,7206
David Murphy;1;Spencer Arrighetti;1,0
David Murphy;2;Collin McHugh;1,0
David Murphy;3;Steven Matz;1,0
David Murphy;4;Jose Martinez;1,0
David Murphy;5;Brian Matusz;1,0
Daniel Murphy;1;Dusty Baker;0,8606
Daniel Murphy;2;Javier Baez;0,8093
Daniel Murphy;3;Manny Trillo;0,7956
Daniel Murphy;4;Steve Avery;0,7929
Daniel Murphy;5;Mike Devereaux;0,7929
Dwayne Murphy;1;Curt Flood;0,9987
Dwayne Murphy;2;Bob Boone;0,9885
Dwayne Murphy;3;Paul Blair;0,9882
Dwayne Murphy;4;Bill White;0,9871
Dwayne Murphy;5;Vic Power;0,9832
Sean Murphy;1;Mike LaValliere;1,0
Sean Murphy;2;Aaron Rowand;0,9226
Sean Murphy;3;Frank Lary;0,9226
Sean Murphy;4;Frank Bolling;0,9226
Sean Murphy;5;Leo Cardenas;0,9226
Eddie Murray;1;Hanley Ramirez;0,8115
Eddie Murray;2;Charlie Blackmon;0,7733
Eddie Murray;3;Joe Carter;0,7725
Eddie Murray;4;Adrian Gonzalez;0,7691
Eddie Murray;5;Al Oliver;0,7663
Joe Musgrove;1;Kevin Young;1,0
Joe Musgrove;2;Yonder Alonso;1,0
Joe Musgrove;3;Oscar Zamora;1,0
Joe Musgrove;4;Gary Alexander;1,0
Joe Musgrove;5;Mike Young;1,0
Stan Musial;1;Lou Boudreau;0,8397
Stan Musial;2;Marty Marion;0,8225
Stan Musial;3;Roger Maris;0,805
Stan Musial;4;Al Rosen;0,7995
Stan Musial;5;Ken Boyer;0,7868
Mike Mussina;1;George Scott;0,9791
Mike Mussina;2;Bob Boone;0,9711
Mike Mussina;3;J. T. Snow;0,9706
Mike Mussina;4;Jim Sundberg;0,9499
Mike Mussina;5;Tony Fernandez;0,9465
Hi Myers;1;Eddie Ainsmith;1,0
Hi Myers;2;Billy Jurges;1,0
Hi Myers;3;Red Kress;1,0
Hi Myers;4;Bill Knickerbocker;1,0
Hi Myers;5;Roger Wolff;1,0
Randy Myers;1;Dan Quisenberry;0,8207
Randy Myers;2;Bill Campbell;0,8182
Randy Myers;3;Lee Smith;0,8081
Randy Myers;4;Jeff Montgomery;0,8035
Randy Myers;5;Al Holland;0,8035
Wil Myers;1;Bobby Crosby;0,9929
Wil Myers;2;Jonathan India;0,9914
Wil Myers;3;Gunnar Henderson;0,9893
Wil Myers;4;Geovany Soto;0,9654
Wil Myers;5;Kyle Lewis;0,9577
Chris Nabholz;1;Wandy Rodriguez;1,0
Chris Nabholz;2;Andy Hawkins;1,0
Chris Nabholz;3;Matt Harrison;1,0
Chris Nabholz;4;Rick Helling;1,0
Chris Nabholz;5;Woody Williams;1,0
Xavier Nady;1;Lourdes Gurriel;1,0
Xavier Nady;2;Spencer Steer;1,0
Xavier Nady;3;Gleyber Torres;1,0
Xavier Nady;4;Garrett Atkins;1,0
Xavier Nady;5;Seiya Suzuki;0,9818
Charles Nagy;1;Doyle Alexander;1,0
Charles Nagy;2;Ivan Nova;1,0
Charles Nagy;3;Russ Ortiz;1,0
Charles Nagy;4;Jason Vargas;1,0
Charles Nagy;5;Hideki Irabu;1,0
Mike Nagy;1;Rick Ankiel;1,0
Mike Nagy;2;Brian Anderson;1,0
Mike Nagy;3;Dave Rozema;1,0
Mike Nagy;4;Kirk Rueter;1,0
Mike Nagy;5;Mike Harkey;1,0
Mike Napoli;1;Luke Scott;1,0
Mike Napoli;2;Craig Wilson;1,0
Mike Napoli;3;Bill Doran;1,0
Mike Napoli;4;Vinnie Pasquantino;1,0
Mike Napoli;5;Derek Bell;1,0
Tyler Naquin;1;Nomar Mazara;1,0
Tyler Naquin;2;Brian Bannister;1,0
Tyler Naquin;3;Evan Gattis;1,0
Tyler Naquin;4;Frank Schwindel;1,0
Tyler Naquin;5;James Outman;0,9944
Jim Nash;1;Rick Ankiel;1,0
Jim Nash;2;Brian Anderson;1,0
Jim Nash;3;Dave Rozema;1,0
Jim Nash;4;Kirk Rueter;1,0
Jim Nash;5;Mike Harkey;1,0
Joe Nathan;1;Raisel Iglesias;0,9357
Joe Nathan;2;Emmanuel Clase;0,9114
Joe Nathan;3;Edwin Diaz;0,8947
Joe Nathan;4;Felix Bautista;0,8709
Joe Nathan;5;Ryan Helsley;0,8584
Josh Naylor;1;Kevin Young;1,0
Josh Naylor;2;Yonder Alonso;1,0
Josh Naylor;3;Oscar Zamora;1,0
Josh Naylor;4;Gary Alexander;1,0
Josh Naylor;5;Mike Young;1,0
Denny Neagle;1;Jose Lima;1,0
Denny Neagle;2;Geoff Zahn;0,9464
Denny Neagle;3;Bobby Witt;0,8884
Denny Neagle;4;Don Aase;0,8884
Denny Neagle;5;Ramon Martinez;0,8884
Charlie Neal;1;Ruben Amaro;1,0
Charlie Neal;2;Gabriel Moreno;1,0
Charlie Neal;3;Cesar Izturis;1,0
Charlie Neal;4;Cesar Hernandez;1,0
Charlie Neal;5;Masyn Winn;1,0
Art Nehf;1;Eddie Ainsmith;1,0
Art Nehf;2;Billy Jurges;1,0
Art Nehf;3;Red Kress;1,0
Art Nehf;4;Bill Knickerbocker;1,0
Art Nehf;5;Roger Wolff;1,0
Chris Nelson;1;Kevin Young;1,0
Chris Nelson;2;Yonder Alonso;1,0
Chris Nelson;3;Oscar Zamora;1,0
Chris Nelson;4;Gary Alexander;1,0
Chris Nelson;5;Mike Young;1,0
Gene Nelson;1;Kevin Young;1,0
Gene Nelson;2;Yonder Alonso;1,0
Gene Nelson;3;Oscar Zamora;1,0
Gene Nelson;4;Gary Alexander;1,0
Gene Nelson;5;Mike Young;1,0
Robb Nen;1;Joe Borowski;0,9936
Robb Nen;2;Ryan Franklin;0,945
Robb Nen;3;Armando Benitez;0,8768
Robb Nen;4;Billy Koch;0,8768
Robb Nen;5;Zack Britton;0,8708
Hector Neris;1;Shane Greene;1,0
Hector Neris;2;Kyle Barraclough;1,0
Hector Neris;3;Matt Barnes;1,0
Hector Neris;4;Jake McGee;1,0
Hector Neris;5;B. J. Ryan;1,0
Zach Neto;1;Kevin Young;1,0
Zach Neto;2;Yonder Alonso;1,0
Zach Neto;3;Oscar Zamora;1,0
Zach Neto;4;Gary Alexander;1,0
Zach Neto;5;Mike Young;1,0
Graig Nettles;1;Bernie Williams;0,975
Graig Nettles;2;Jackie Bradley;0,9353
Graig Nettles;3;David Wells;0,9053
Graig Nettles;4;Delmon Young;0,9033
Graig Nettles;5;Lorenzo Cain;0,9023
Phil Nevin;1;Luke Scott;1,0
Phil Nevin;2;Craig Wilson;1,0
Phil Nevin;3;Bill Doran;1,0
Phil Nevin;4;Vinnie Pasquantino;1,0
Phil Nevin;5;Derek Bell;1,0
Don Newcombe;1;Jackie Robinson;0,8385
Don Newcombe;2;Frank Howard;0,7995
Don Newcombe;3;Harvey Kuenn;0,7984
Don Newcombe;4;Albie Pearson;0,7984
Don Newcombe;5;Tony Kubek;0,7984
Hal Newhouser;1;Bob Feller;0,8428
Hal Newhouser;2;Dazzy Vance;0,7397
Hal Newhouser;3;Walter Johnson;0,7232
Hal Newhouser;4;Lefty Grove;0,7163
Hal Newhouser;5;Jim Konstanty;0,6844
Bobo Newsom;1;Mike Donlin;1,0
Bobo Newsom;2;Earl Smith;1,0
Bobo Newsom;3;Wally Schang;1,0
Bobo Newsom;4;Ray Chapman;1,0
Bobo Newsom;5;Tommy Leach;1,0
Dick Newsome;1;Eddie Ainsmith;1,0
Dick Newsome;2;Billy Jurges;1,0
Dick Newsome;3;Red Kress;1,0
Dick Newsome;4;Bill Knickerbocker;1,0
Dick Newsome;5;Roger Wolff;1,0
Bill Nicholson;1;Joe Sewell;0,9976
Bill Nicholson;2;Ted Lyons;0,9976
Bill Nicholson;3;George Earnshaw;0,9958
Bill Nicholson;4;Vic Raschi;0,9958
Bill Nicholson;5;Billy Herman;0,9924
Joe Niekro;1;Ron Bryant;0,9245
Joe Niekro;2;Dick Donovan;0,9245
Joe Niekro;3;Mudcat Grant;0,9245
Joe Niekro;4;Ellis Kinder;0,9245
Joe Niekro;5;Sam McDowell;0,9245
Phil Niekro;1;Harold Reynolds;0,7503
Phil Niekro;2;Garry Maddox;0,7452
Phil Niekro;3;Jimmy Rollins;0,7042
Phil Niekro;4;Buddy Bell;0,6795
Phil Niekro;5;Ken Singleton;0,6708
Juan Nieves;1;Kevin Young;1,0
Juan Nieves;2;Yonder Alonso;1,0
Juan Nieves;3;Oscar Zamora;1,0
Juan Nieves;4;Gary Alexander;1,0
Juan Nieves;5;Mike Young;1,0
Dave Nilsson;1;Kevin Young;1,0
Dave Nilsson;2;Yonder Alonso;1,0
Dave Nilsson;3;Oscar Zamora;1,0
Dave Nilsson;4;Gary Alexander;1,0
Dave Nilsson;5;Mike Young;1,0
Al Nipper;1;Kevin Young;1,0
Al Nipper;2;Yonder Alonso;1,0
Al Nipper;3;Oscar Zamora;1,0
Al Nipper;4;Gary Alexander;1,0
Al Nipper;5;Mike Young;1,0
Trot Nixon;1;Kevin Young;1,0
Trot Nixon;2;Yonder Alonso;1,0
Trot Nixon;3;Oscar Zamora;1,0
Trot Nixon;4;Gary Alexander;1,0
Trot Nixon;5;Mike Young;1,0
Matt Nokes;1;Edgardo Alfonzo;1,0
Matt Nokes;2;Eric Young;1,0
Matt Nokes;3;Mike Stanley;1,0
Matt Nokes;4;Cedric Mullins;1,0
Matt Nokes;5;Jurickson Profar;1,0
Aaron Nola;1;Bryan Woo;1,0
Aaron Nola;2;Charlie Morton;1,0
Aaron Nola;3;Kyle Bradish;1,0
Aaron Nola;4;Mike Soroka;1,0
Aaron Nola;5;Dinelson Lamet;1,0
Gary Nolan;1;Ron Oester;1,0
Gary Nolan;2;Dustin McGowan;1,0
Gary Nolan;3;Danny Thompson;1,0
Gary Nolan;4;Bill Wegman;1,0
Gary Nolan;5;Jake Diekman;1,0
Ricky Nolasco;1;Jonathan Schoop;1,0
Ricky Nolasco;2;Adam Eaton;1,0
Ricky Nolasco;3;Dan Driessen;1,0
Ricky Nolasco;4;Oddibe McDowell;1,0
Ricky Nolasco;5;Len Barker;1,0
Hideo Nomo;1;Dontrelle Willis;0,9184
Hideo Nomo;2;John Montefusco;0,9173
Hideo Nomo;3;Kazuhiro Sasaki;0,9173
Hideo Nomo;4;Mark Fidrych;0,9042
Hideo Nomo;5;Stan Bahnsen;0,8978
Fred Norman;1;Kevin Young;1,0
Fred Norman;2;Yonder Alonso;1,0
Fred Norman;3;Oscar Zamora;1,0
Fred Norman;4;Gary Alexander;1,0
Fred Norman;5;Mike Young;1,0
Mike Norris;1;Patrick Bailey;1,0
Mike Norris;2;Tucker Barnhart;1,0
Mike Norris;3;John Roseboro;1,0
Mike Norris;4;Trent Grisham;1,0
Mike Norris;5;Roberto Perez;1,0
Greg Norton;1;Jonathan Schoop;1,0
Greg Norton;2;Adam Eaton;1,0
Greg Norton;3;Dan Driessen;1,0
Greg Norton;4;Oddibe McDowell;1,0
Greg Norton;5;Len Barker;1,0
Ivan Nova;1;Doyle Alexander;1,0
Ivan Nova;2;Larry Gura;1,0
Ivan Nova;3;Russ Ortiz;1,0
Ivan Nova;4;Jason Vargas;1,0
Ivan Nova;5;Hideki Irabu;1,0
Pete O'Brien;1;Jonathan Schoop;1,0
Pete O'Brien;2;Adam Eaton;1,0
Pete O'Brien;3;Dan Driessen;1,0
Pete O'Brien;4;Oddibe McDowell;1,0
Pete O'Brien;5;Len Barker;1,0
Alex Ochoa;1;Kevin Young;1,0
Alex Ochoa;2;Yonder Alonso;1,0
Alex Ochoa;3;Oscar Zamora;1,0
Alex Ochoa;4;Gary Alexander;1,0
Alex Ochoa;5;Mike Young;1,0
Darren O'Day;1;Griffin Jax;1,0
Darren O'Day;2;Jonathan Lucroy;1,0
Darren O'Day;3;Ian Kennedy;1,0
Darren O'Day;4;Nick Swisher;1,0
Darren O'Day;5;Craig Stammen;1,0
Jake Odorizzi;1;Kevin Young;1,0
Jake Odorizzi;2;Yonder Alonso;1,0
Jake Odorizzi;3;Oscar Zamora;1,0
Jake Odorizzi;4;Gary Alexander;1,0
Jake Odorizzi;5;Mike Young;1,0
Rougned Odor;1;James Shields;1,0
Rougned Odor;2;Bobby Higginson;1,0
Rougned Odor;3;A. J. Burnett;1,0
Rougned Odor;4;Phil Garner;1,0
Rougned Odor;5;Hal Morris;1,0
Lefty O'Doul;1;Tex Hughson;1,0
Lefty O'Doul;2;Tony Lazzeri;1,0
Lefty O'Doul;3;Wally Berger;0,985
Lefty O'Doul;4;Harry Brecheen;0,985
Lefty O'Doul;5;Snuffy Stirnweiss;0,985
Ron Oester;1;Gary Nolan;1,0
Ron Oester;2;Dustin McGowan;1,0
Ron Oester;3;Danny Thompson;1,0
Ron Oester;4;Bill Wegman;1,0
Ron Oester;5;Jake Diekman;1,0
Bob O'Farrell;1;Jim Bottomley;1,0
Bob O'Farrell;2;George Burns;1,0
Bob O'Farrell;3;Phil Cavarretta;0,9894
Bob O'Farrell;4;Larry Doyle;0,9676
Bob O'Farrell;5;Roger Peckinpaugh;0,9588
Ben Oglivie;1;Lenny Dykstra;1,0
Ben Oglivie;2;Lloyd Moseby;0,9782
Ben Oglivie;3;Mike Greenwell;0,9609
Ben Oglivie;4;Jose Reyes;0,9609
Ben Oglivie;5;Charlie Blackmon;0,9334
Shohei Ohtani;1;Aaron Judge;0,7213
Shohei Ohtani;2;Bryce Harper;0,7151
Shohei Ohtani;3;Marcell Ozuna;0,6135
Shohei Ohtani;4;Freddie Freeman;0,6099
Shohei Ohtani;5;Barry Bonds;0,6023
Bob Ojeda;1;Kevin Young;1,0
Bob Ojeda;2;Yonder Alonso;1,0
Bob Ojeda;3;Oscar Zamora;1,0
Bob Ojeda;4;Gary Alexander;1,0
Bob Ojeda;5;Mike Young;1,0
Hideki Okajima;1;Joel Zumaya;0,9839
Hideki Okajima;2;David Robertson;0,9839
Hideki Okajima;3;Hung-Chih Kuo;0,9839
Hideki Okajima;4;Sergio Romo;0,9839
Hideki Okajima;5;Brendan Donnelly;0,9839
John Olerud;1;Carney Lansford;0,9187
John Olerud;2;Mark Teahen;0,8749
John Olerud;3;Sid Bream;0,8749
John Olerud;4;Dennis Leonard;0,8749
John Olerud;5;Dave Dravecky;0,8749
Tony Oliva;1;Dick Allen;0,881
Tony Oliva;2;Ferris Fain;0,7415
Tony Oliva;3;Thurman Munson;0,741
Tony Oliva;4;Ralph Kiner;0,6877
Tony Oliva;5;Jose Canseco;0,6839
Al Oliver;1;Magglio Ordonez;0,9907
Al Oliver;2;Joe Carter;0,9875
Al Oliver;3;Charlie Blackmon;0,9763
Al Oliver;4;Jack Clark;0,9735
Al Oliver;5;Lloyd Moseby;0,933
Joe Oliver;1;Kevin Young;1,0
Joe Oliver;2;Yonder Alonso;1,0
Joe Oliver;3;Oscar Zamora;1,0
Joe Oliver;4;Gary Alexander;1,0
Joe Oliver;5;Mike Young;1,0
Gregg Olson;1;Lou Piniella;1,0
Gregg Olson;2;Jim Lefebvre;1,0
Gregg Olson;3;Drake Baldwin;1,0
Gregg Olson;4;Sam Jethroe;1,0
Gregg Olson;5;John Castino;1,0
Matt Olson;1;Kyle Tucker;0,8513
Matt Olson;2;Ozzie Albies;0,8456
Matt Olson;3;Teoscar Hernandez;0,8431
Matt Olson;4;Nick Castellanos;0,8221
Matt Olson;5;Will Smith;0,8046
Paul O'Neill;1;Kevin Young;1,0
Paul O'Neill;2;Yonder Alonso;1,0
Paul O'Neill;3;Oscar Zamora;1,0
Paul O'Neill;4;Gary Alexander;1,0
Paul O'Neill;5;Mike Young;1,0
Steve O'Neill;1;Hal Chase;1,0
Steve O'Neill;2;Jimmy Archer;1,0
Steve O'Neill;3;Heinie Groh;0,999
Steve O'Neill;4;Dave Bancroft;0,999
Steve O'Neill;5;Ed Walsh;0,999
Tip O'Neill;1;Paul Hines;1,0
Tip O'Neill;2;Hugh Duffy;1,0
Tip O'Neill;3;Nap Lajoie;0,9862
Tip O'Neill;4;Rogers Hornsby;0,8851
Tip O'Neill;5;Joe Medwick;0,7
Tyler O'Neill;1;Michael Brantley;0,9509
Tyler O'Neill;2;Alex Fernandez;0,9341
Tyler O'Neill;3;Esteban Loaiza;0,896
Tyler O'Neill;4;Rod Beck;0,8334
Tyler O'Neill;5;Adam Dunn;0,8034
Steve Ontiveros;1;Wandy Rodriguez;1,0
Steve Ontiveros;2;Andy Hawkins;1,0
Steve Ontiveros;3;Matt Harrison;1,0
Steve Ontiveros;4;Rick Helling;1,0
Steve Ontiveros;5;Woody Williams;1,0
Magglio Ordonez;1;Al Oliver;0,9907
Magglio Ordonez;2;Joe Carter;0,9838
Magglio Ordonez;3;Jack Clark;0,9827
Magglio Ordonez;4;Charlie Blackmon;0,9504
Magglio Ordonez;5;Lloyd Moseby;0,9161
Rey Ordonez;1;Brad Ausmus;1,0
Rey Ordonez;2;Ender Inciarte;1,0
Rey Ordonez;3;Bobby Knoop;1,0
Rey Ordonez;4;Harvey Haddix;1,0
Rey Ordonez;5;Roy McMillan;1,0
Jesse Orosco;1;Mike Witt;1,0
Jesse Orosco;2;Rick Camp;1,0
Jesse Orosco;3;Bob Stanley;0,9606
Jesse Orosco;4;Mike Moore;0,9606
Jesse Orosco;5;Jim Clancy;0,9606
Jorge Orta;1;Luke Scott;1,0
Jorge Orta;2;Craig Wilson;1,0
Jorge Orta;3;Bill Doran;1,0
Jorge Orta;4;Vinnie Pasquantino;1,0
Jorge Orta;5;Ryan Klesko;1,0
David Ortiz;1;Edgar Martinez;0,659
David Ortiz;2;Hal McRae;0,6367
David Ortiz;3;Harold Baines;0,6176
David Ortiz;4;Adam Lind;0,5723
David Ortiz;5;Aubrey Huff;0,5701
Joey Ortiz;1;Spencer Arrighetti;1,0
Joey Ortiz;2;Collin McHugh;1,0
Joey Ortiz;3;Steven Matz;1,0
Joey Ortiz;4;David Murphy;1,0
Joey Ortiz;5;Brian Matusz;1,0
Russ Ortiz;1;Doyle Alexander;1,0
Russ Ortiz;2;Ivan Nova;1,0
Russ Ortiz;3;Larry Gura;1,0
Russ Ortiz;4;Jason Vargas;1,0
Russ Ortiz;5;Hideki Irabu;1,0
Al Osuna;1;Rick Ankiel;1,0
Al Osuna;2;Brian Anderson;1,0
Al Osuna;3;Kirk Rueter;1,0
Al Osuna;4;Dave Rozema;1,0
Al Osuna;5;Mike Nagy;1,0
Roberto Osuna;1;Shane Greene;1,0
Roberto Osuna;2;Kyle Barraclough;1,0
Roberto Osuna;3;Matt Barnes;1,0
Roberto Osuna;4;Jake McGee;1,0
Roberto Osuna;5;B. J. Ryan;1,0
Roy Oswalt;1;Mike Morse;0,8505
Roy Oswalt;2;Jason Michaels;0,8505
Roy Oswalt;3;Mark Grace;0,7916
Roy Oswalt;4;Sean Casey;0,7807
Roy Oswalt;5;Todd Helton;0,6922
Amos Otis;1;Willie Davis;0,9657
Amos Otis;2;Tony Fernandez;0,9572
Amos Otis;3;Tony Peña;0,9572
Amos Otis;4;Mike Mussina;0,9396
Amos Otis;5;Mike Cameron;0,9373
Ed Ott;1;Kevin Young;1,0
Ed Ott;2;Yonder Alonso;1,0
Ed Ott;3;Oscar Zamora;1,0
Ed Ott;4;Gary Alexander;1,0
Ed Ott;5;Mike Young;1,0
Mel Ott;1;Earl Averill;1,0
Mel Ott;2;Red Ruffing;0,9914
Mel Ott;3;Luke Appling;0,987
Mel Ott;4;Bill Dickey;0,9801
Mel Ott;5;Red Rolfe;0,9751
James Outman;1;Josh Jung;1,0
James Outman;2;Khalil Greene;1,0
James Outman;3;Zach Duke;1,0
James Outman;4;Gustavo Chacin;1,0
James Outman;5;Josh Phelps;1,0
Lyle Overbay;1;Luke Scott;1,0
Lyle Overbay;2;Craig Wilson;1,0
Lyle Overbay;3;Bill Doran;1,0
Lyle Overbay;4;Vinnie Pasquantino;1,0
Lyle Overbay;5;Ryan Klesko;1,0
Bob Owchinko;1;Rick Ankiel;1,0
Bob Owchinko;2;Brian Anderson;1,0
Bob Owchinko;3;Kirk Rueter;1,0
Bob Owchinko;4;Dave Rozema;1,0
Bob Owchinko;5;Mike Nagy;1,0
Marv Owen;1;Eddie Ainsmith;1,0
Marv Owen;2;Billy Jurges;1,0
Marv Owen;3;Red Kress;1,0
Marv Owen;4;Bill Knickerbocker;1,0
Marv Owen;5;Roger Wolff;1,0
Mickey Owen;1;Felipe Alou;1,0
Mickey Owen;2;Matty Alou;1,0
Mickey Owen;3;Bobby Avila;1,0
Mickey Owen;4;Tony Bernazard;1,0
Mickey Owen;5;Smoky Burgess;1,0
Spike Owen;1;Kevin Young;1,0
Spike Owen;2;Yonder Alonso;1,0
Spike Owen;3;Oscar Zamora;1,0
Spike Owen;4;Gary Alexander;1,0
Spike Owen;5;Mike Young;1,0
Chris Owings;1;Spencer Arrighetti;1,0
Chris Owings;2;Collin McHugh;1,0
Chris Owings;3;Steven Matz;1,0
Chris Owings;4;David Murphy;1,0
Chris Owings;5;Brian Matusz;1,0
Micah Owings;1;Alex Avila;1,0
Micah Owings;2;Neil Walker;1,0
Micah Owings;3;Mark Portugal;1,0
Micah Owings;4;Geraldo Perdomo;1,0
Micah Owings;5;Wilson Ramos;1,0
Marcell Ozuna;1;Ellis Burks;0,7986
Marcell Ozuna;2;Harold Baines;0,7627
Marcell Ozuna;3;Victor Martinez;0,7537
Marcell Ozuna;4;Hal McRae;0,7434
Marcell Ozuna;5;Aubrey Huff;0,7354
Tom Paciorek;1;Jonathan Schoop;1,0
Tom Paciorek;2;Adam Eaton;1,0
Tom Paciorek;3;Dan Driessen;1,0
Tom Paciorek;4;Oddibe McDowell;1,0
Tom Paciorek;5;Len Barker;1,0
Andy Pafko;1;Rudy York;1,0
Andy Pafko;2;Max Carey;1,0
Andy Pafko;3;Harry Brecheen;1,0
Andy Pafko;4;Snuffy Stirnweiss;1,0
Andy Pafko;5;General Crowder;1,0
Joe Page;1;Dusty Rhodes;0,9884
Joe Page;2;Dick Green;0,9884
Joe Page;3;Billy Martin;0,9884
Joe Page;4;Jerry Coleman;0,9884
Joe Page;5;Al Weis;0,9884
Mitchell Page;1;Jason Kendall;0,9956
Mitchell Page;2;Bernie Carbo;0,9956
Mitchell Page;3;Larry Herndon;0,9956
Mitchell Page;4;Lee May;0,9916
Mitchell Page;5;Brad Wilkerson;0,9824
Andy Pages;1;Kevin Young;1,0
Andy Pages;2;Yonder Alonso;1,0
Andy Pages;3;Oscar Zamora;1,0
Andy Pages;4;Gary Alexander;1,0
Andy Pages;5;Mike Young;1,0
Tom Pagnozzi;1;Brad Ausmus;1,0
Tom Pagnozzi;2;Ender Inciarte;1,0
Tom Pagnozzi;3;Bobby Knoop;1,0
Tom Pagnozzi;4;Harvey Haddix;1,0
Tom Pagnozzi;5;Roy McMillan;1,0
Dean Palmer;1;Luis Arraez;0,9323
Dean Palmer;2;Ian Desmond;0,9211
Dean Palmer;3;Carlos Baerga;0,9151
Dean Palmer;4;Yandy Diaz;0,9061
Dean Palmer;5;Felipe Lopez;0,9061
Jim Palmer;1;Jack McDowell;0,9374
Jim Palmer;2;Steve Carlton;0,9203
Jim Palmer;3;Catfish Hunter;0,92
Jim Palmer;4;Bob Welch;0,92
Jim Palmer;5;Steve Stone;0,9054
Rafael Palmeiro;1;Albert Belle;0,7306
Rafael Palmeiro;2;Ellis Burks;0,6921
Rafael Palmeiro;3;Edgar Martinez;0,6493
Rafael Palmeiro;4;Victor Martinez;0,6444
Rafael Palmeiro;5;Kendrys Morales;0,6343
Joe Panik;1;Allen Craig;0,9993
Joe Panik;2;Endy Chavez;0,988
Joe Panik;3;Chase Utley;0,9513
Joe Panik;4;J. D. Drew;0,9392
Joe Panik;5;Raul Ibanez;0,9097
Jonathan Papelbon;1;Brian Wilson;0,8013
Jonathan Papelbon;2;Greg Holland;0,7684
Jonathan Papelbon;3;Mariano Rivera;0,6916
Jonathan Papelbon;4;Fernando Rodney;0,6421
Jonathan Papelbon;5;Jose Valverde;0,6293
Isaac Paredes;1;Kevin Young;1,0
Isaac Paredes;2;Yonder Alonso;1,0
Isaac Paredes;3;Oscar Zamora;1,0
Isaac Paredes;4;Gary Alexander;1,0
Isaac Paredes;5;Mike Young;1,0
Chan Ho Park;1;Don Aase;1,0
Chan Ho Park;2;Scott McGregor;1,0
Chan Ho Park;3;Charlie Lea;1,0
Chan Ho Park;4;Frankie Montas;1,0
Chan Ho Park;5;Kent Mercker;1,0
Dave Parker;1;Jim Rice;0,8097
Dave Parker;2;Ellis Burks;0,724
Dave Parker;3;Edgar Martinez;0,6946
Dave Parker;4;Hal McRae;0,6907
Dave Parker;5;George Foster;0,6897
Wes Parker;1;Brandon Crawford;0,9755
Wes Parker;2;Gil Hodges;0,9624
Wes Parker;3;Buddy Bell;0,9048
Wes Parker;4;Don Kessinger;0,8788
Wes Parker;5;Ron Santo;0,868
Mel Parnell;1;Rip Sewell;1,0
Mel Parnell;2;Ewell Blackwell;1,0
Mel Parnell;3;Tiny Bonham;1,0
Mel Parnell;4;Glenn Wright;1,0
Mel Parnell;5;Charlie Root;1,0
Gerardo Parra;1;Kolten Wong;1,0
Gerardo Parra;2;Ke'Bryan Hayes;1,0
Gerardo Parra;3;Darwin Barney;0,9738
Gerardo Parra;4;Andrew Benintendi;0,9555
Gerardo Parra;5;Steven Kwan;0,952
Larry Parrish;1;Jeff King;1,0
Larry Parrish;2;Kevin Bass;1,0
Larry Parrish;3;Chris Hoiles;1,0
Larry Parrish;4;Eduardo Escobar;1,0
Larry Parrish;5;Joe Randa;1,0
Lance Parrish;1;Wade Boggs;0,8398
Lance Parrish;2;Jorge Posada;0,8375
Lance Parrish;3;Mickey Tettleton;0,8263
Lance Parrish;4;Dean Palmer;0,818
Lance Parrish;5;Matt Williams;0,8147
Bill Parsons;1;Brian Anderson;1,0
Bill Parsons;2;Mike Henneman;1,0
Bill Parsons;3;Kirk Rueter;1,0
Bill Parsons;4;Dave Rozema;1,0
Bill Parsons;5;Rolando Arrojo;1,0
Dode Paskert;1;Eddie Ainsmith;1,0
Dode Paskert;2;Billy Jurges;1,0
Dode Paskert;3;Red Kress;1,0
Dode Paskert;4;Bill Knickerbocker;1,0
Dode Paskert;5;Red Barrett;1,0
Vinnie Pasquantino;1;Johnny Cueto;1,0
Vinnie Pasquantino;2;Craig Wilson;1,0
Vinnie Pasquantino;3;Bill Doran;1,0
Vinnie Pasquantino;4;Luke Scott;1,0
Vinnie Pasquantino;5;Ryan Klesko;1,0
Carl Pavano;1;Wandy Rodriguez;1,0
Carl Pavano;2;Andy Hawkins;1,0
Carl Pavano;3;Matt Harrison;1,0
Carl Pavano;4;Rick Helling;1,0
Carl Pavano;5;Woody Williams;1,0
James Paxton;1;Bruce Hurst;1,0
James Paxton;2;Javier Vazquez;0,9808
James Paxton;3;Scott Kazmir;0,9808
James Paxton;4;Darryl Kile;0,9808
James Paxton;5;Danny Darwin;0,9808
Jay Payton;1;Kevin Young;1,0
Jay Payton;2;Yonder Alonso;1,0
Jay Payton;3;Oscar Zamora;1,0
Jay Payton;4;Gary Alexander;1,0
Jay Payton;5;Mike Young;1,0
Steve Pearce;1;Jorge Soler;1,0
Steve Pearce;2;Steve Yeager;0,9957
Steve Pearce;3;Pat Borders;0,9957
Steve Pearce;4;Donn Clendenon;0,9957
Steve Pearce;5;Ben Zobrist;0,9828
Albie Pearson;1;Tony Kubek;1,0
Albie Pearson;2;Harvey Kuenn;1,0
Albie Pearson;3;Jim Gilliam;1,0
Albie Pearson;4;Tom Tresh;0,9957
Albie Pearson;5;Bob Grim;0,9945
Jake Peavy;1;Roger Clemens;0,8782
Jake Peavy;2;Felix Hernandez;0,79
Jake Peavy;3;Bartolo Colon;0,7733
Jake Peavy;4;Johan Santana;0,7443
Jake Peavy;5;Blake Snell;0,7275
Roger Peckinpaugh;1;Frank Schulte;1,0
Roger Peckinpaugh;2;Larry Doyle;0,9896
Roger Peckinpaugh;3;Phil Cavarretta;0,9703
Roger Peckinpaugh;4;Jim Bottomley;0,9588
Roger Peckinpaugh;5;Bob O'Farrell;0,9588
Dustin Pedroia;1;Gunnar Henderson;0,9308
Dustin Pedroia;2;Wil Myers;0,9264
Dustin Pedroia;3;Jonathan India;0,9209
Dustin Pedroia;4;Bobby Crosby;0,9196
Dustin Pedroia;5;Geovany Soto;0,8953
Mike Pelfrey;1;Kevin Young;1,0
Mike Pelfrey;2;Yonder Alonso;1,0
Mike Pelfrey;3;Oscar Zamora;1,0
Mike Pelfrey;4;Gary Alexander;1,0
Mike Pelfrey;5;Mike Young;1,0
Alejandro Peña;1;Jonathan Schoop;1,0
Alejandro Peña;2;Adam Eaton;1,0
Alejandro Peña;3;Dan Driessen;1,0
Alejandro Peña;4;Oddibe McDowell;1,0
Alejandro Peña;5;Len Barker;1,0
Brayan Peña;1;Kevin Young;1,0
Brayan Peña;2;Yonder Alonso;1,0
Brayan Peña;3;Oscar Zamora;1,0
Brayan Peña;4;Gary Alexander;1,0
Brayan Peña;5;Mike Young;1,0
Carlos Peña;1;Casey McGehee;0,9878
Carlos Peña;2;Dmitri Young;0,9652
Carlos Peña;3;Trey Mancini;0,964
Carlos Peña;4;Aaron Hill;0,9607
Carlos Peña;5;Mike Moustakas;0,9605
Jeremy Peña;1;Dave Stewart;0,8484
Jeremy Peña;2;Randy Arozarena;0,7691
Jeremy Peña;3;Johnny Podres;0,7187
Jeremy Peña;4;Mickey Lolich;0,7187
Jeremy Peña;5;Rick Dempsey;0,7187
Tony Peña;1;Tony Fernandez;1,0
Tony Peña;2;Willie Davis;0,9887
Tony Peña;3;Dwayne Murphy;0,9789
Tony Peña;4;Bob Boone;0,9784
Tony Peña;5;Jim Sundberg;0,9759
Wily Mo Peña;1;Kevin Young;1,0
Wily Mo Peña;2;Yonder Alonso;1,0
Wily Mo Peña;3;Oscar Zamora;1,0
Wily Mo Peña;4;Gary Alexander;1,0
Wily Mo Peña;5;Mike Young;1,0
Hunter Pence;1;Adam Dunn;0,9414
Hunter Pence;2;Greg Vaughn;0,9369
Hunter Pence;3;Mike Lieberthal;0,9162
Hunter Pence;4;John Jaha;0,9039
Hunter Pence;5;Fernando Tatis;0,9039
Terry Pendleton;1;Boog Powell;0,8025
Terry Pendleton;2;Richie Zisk;0,796
Terry Pendleton;3;Mike Caldwell;0,7782
Terry Pendleton;4;Gorman Thomas;0,7603
Terry Pendleton;5;Jim Wynn;0,7505
Herb Pennock;1;Rudy York;1,0
Herb Pennock;2;Max Carey;1,0
Herb Pennock;3;Harry Brecheen;1,0
Herb Pennock;4;Snuffy Stirnweiss;1,0
Herb Pennock;5;General Crowder;1,0
Joe Pepitone;1;Frank Malzone;1,0
Joe Pepitone;2;Sherm Lollar;1,0
Joe Pepitone;3;Dansby Swanson;0,9685
Joe Pepitone;4;Johnny Edwards;0,9685
Joe Pepitone;5;Ray Fosse;0,9685
David Peralta;1;Adam LaRoche;0,9374
David Peralta;2;Grady Sizemore;0,9351
David Peralta;3;Anthony Santander;0,9108
David Peralta;4;Jose Vidro;0,9108
David Peralta;5;Mitch Garver;0,9108
Freddy Peralta;1;Jack Flaherty;1,0
Freddy Peralta;2;Nathan Eovaldi;1,0
Freddy Peralta;3;Sonny Gray;0,9931
Freddy Peralta;4;Dylan Cease;0,9779
Freddy Peralta;5;Cristopher Sanchez;0,9649
Geraldo Perdomo;1;Mitch Garver;1,0
Geraldo Perdomo;2;Neil Walker;1,0
Geraldo Perdomo;3;Yovani Gallardo;1,0
Geraldo Perdomo;4;Wilson Ramos;1,0
Geraldo Perdomo;5;Travis d'Arnaud;1,0
Carlos Perez;1;Kevin Young;1,0
Carlos Perez;2;Yonder Alonso;1,0
Carlos Perez;3;Oscar Zamora;1,0
Carlos Perez;4;Gary Alexander;1,0
Carlos Perez;5;Mike Young;1,0
Eddie Perez;1;Cody Ross;1,0
Eddie Perez;2;Marco Scutaro;1,0
Eddie Perez;3;Sterling Hitchcock;1,0
Eddie Perez;4;Jeff Suppan;1,0
Eddie Perez;5;Craig Counsell;1,0
Martin Perez;1;Ben Sheets;0,9819
Martin Perez;2;Chris Archer;0,9819
Martin Perez;3;Matt Shoemaker;0,9819
Martin Perez;4;Trevor Rogers;0,9551
Martin Perez;5;Josh Johnson;0,9518
Neifi Perez;1;Ruben Amaro;1,0
Neifi Perez;2;Masyn Winn;1,0
Neifi Perez;3;Charlie Neal;1,0
Neifi Perez;4;Randy Hundley;1,0
Neifi Perez;5;Javier Sanoja;1,0
Odalis Perez;1;Kevin Young;1,0
Odalis Perez;2;Yonder Alonso;1,0
Odalis Perez;3;Oscar Zamora;1,0
Odalis Perez;4;Gary Alexander;1,0
Odalis Perez;5;Mike Young;1,0
Pascual Perez;1;Larry Gura;1,0
Pascual Perez;2;Bill Swift;1,0
Pascual Perez;3;Hideki Irabu;1,0
Pascual Perez;4;Jason Vargas;1,0
Pascual Perez;5;Charles Nagy;1,0
Roberto Perez;1;Patrick Bailey;1,0
Roberto Perez;2;Tucker Barnhart;1,0
Roberto Perez;3;John Roseboro;1,0
Roberto Perez;4;Trent Grisham;1,0
Roberto Perez;5;Jim Piersall;1,0
Salvador Perez;1;Mookie Betts;0,6842
Salvador Perez;2;Barry Larkin;0,6526
Salvador Perez;3;Phil Niekro;0,6278
Salvador Perez;4;J. T. Realmuto;0,6017
Salvador Perez;5;Bobby Richardson;0,5828
Tony Perez;1;Don Sutton;0,7583
Tony Perez;2;Don Kessinger;0,6734
Tony Perez;3;Bill Madlock;0,672
Tony Perez;4;Ken Griffey;0,6716
Tony Perez;5;Mike Timlin;0,6709
Cy Perkins;1;Eddie Ainsmith;1,0
Cy Perkins;2;Billy Jurges;1,0
Cy Perkins;3;Red Kress;1,0
Cy Perkins;4;Bill Knickerbocker;1,0
Cy Perkins;5;Red Barrett;1,0
Ron Perranoski;1;Wayne Granger;1,0
Ron Perranoski;2;Ted Abernathy;1,0
Ron Perranoski;3;Dick Radatz;1,0
Ron Perranoski;4;Lindy McDaniel;1,0
Ron Perranoski;5;Stu Miller;1,0
Gaylord Perry;1;Mike Cuellar;0,905
Gaylord Perry;2;Brandon Webb;0,8895
Gaylord Perry;3;Jim Perry;0,8674
Gaylord Perry;4;Pete Vuckovich;0,8258
Gaylord Perry;5;Jim Palmer;0,7003
Gerald Perry;1;Kevin Young;1,0
Gerald Perry;2;Yonder Alonso;1,0
Gerald Perry;3;Oscar Zamora;1,0
Gerald Perry;4;Gary Alexander;1,0
Gerald Perry;5;Mike Young;1,0
Jim Perry;1;Pete Vuckovich;0,9741
Jim Perry;2;Mike Cuellar;0,9615
Jim Perry;3;Brandon Webb;0,89
Jim Perry;4;Gaylord Perry;0,8674
Jim Perry;5;Jim Lonborg;0,7193
Johnny Pesky;1;Jim Bunning;1,0
Johnny Pesky;2;Red Schoendienst;1,0
Johnny Pesky;3;Earl Wilson;1,0
Johnny Pesky;4;Allie Reynolds;0,9649
Johnny Pesky;5;Ted Kluszewski;0,9637
Gary Peters;1;Carl Morton;0,9777
Gary Peters;2;Stan Bahnsen;0,9777
Gary Peters;3;Scott Williamson;0,9777
Gary Peters;4;Butch Metzger;0,9777
Gary Peters;5;John Montefusco;0,9746
Rico Petrocelli;1;Willie Montanez;1,0
Rico Petrocelli;2;Larry McWilliams;1,0
Rico Petrocelli;3;Jim Bibby;1,0
Rico Petrocelli;4;Shawon Dunston;1,0
Rico Petrocelli;5;Toby Harrah;1,0
Andy Pettitte;1;David Wells;0,7628
Andy Pettitte;2;Lorenzo Cain;0,7559
Andy Pettitte;3;Marty Barrett;0,7496
Andy Pettitte;4;Koji Uehara;0,7496
Andy Pettitte;5;Matt Garza;0,7475
Gary Pettis;1;Jim Landis;1,0
Gary Pettis;2;Doug Rader;1,0
Gary Pettis;3;Mickey Stanley;0,9945
Gary Pettis;4;Charles Johnson;0,9945
Gary Pettis;5;Mike Matheny;0,9945
Jesse Petty;1;Babe Adams;1,0
Jesse Petty;2;Jim Bagby;1,0
Jesse Petty;3;Ivey Wingo;1,0
Jesse Petty;4;Red Lucas;1,0
Jesse Petty;5;Dolf Luque;1,0
Josh Phelps;1;Zach Duke;1,0
Josh Phelps;2;James Outman;1,0
Josh Phelps;3;Khalil Greene;1,0
Josh Phelps;4;Rocco Baldelli;1,0
Josh Phelps;5;Brennan Boesch;1,0
Brandon Phillips;1;J. J. Hardy;0,9589
Brandon Phillips;2;Ian Happ;0,9347
Brandon Phillips;3;Orlando Hudson;0,9347
Brandon Phillips;4;Doug Rader;0,9263
Brandon Phillips;5;Gary Pettis;0,9263
Mike Phillips;1;Kevin Young;1,0
Mike Phillips;2;Yonder Alonso;1,0
Mike Phillips;3;Oscar Zamora;1,0
Mike Phillips;4;Gary Alexander;1,0
Mike Phillips;5;Mike Young;1,0
Tony Phillips;1;Jonathan Schoop;1,0
Tony Phillips;2;Adam Eaton;1,0
Tony Phillips;3;Dan Driessen;1,0
Tony Phillips;4;Oddibe McDowell;1,0
Tony Phillips;5;Len Barker;1,0
Tom Phoebus;1;Brian Anderson;1,0
Tom Phoebus;2;Mike Henneman;1,0
Tom Phoebus;3;Kirk Rueter;1,0
Tom Phoebus;4;Dave Rozema;1,0
Tom Phoebus;5;Rolando Arrojo;1,0
Mike Piazza;1;Wade Boggs;0,8007
Mike Piazza;2;Alfonso Soriano;0,7979
Mike Piazza;3;Fred McGriff;0,764
Mike Piazza;4;Magglio Ordonez;0,7332
Mike Piazza;5;Al Oliver;0,7002
Billy Pierce;1;Bob Lemon;0,9835
Billy Pierce;2;Dick Donovan;0,9729
Billy Pierce;3;Ron Bryant;0,9729
Billy Pierce;4;Mudcat Grant;0,9729
Billy Pierce;5;Sam Jones;0,9729
Jim Piersall;1;Patrick Bailey;1,0
Jim Piersall;2;Tucker Barnhart;1,0
Jim Piersall;3;John Roseboro;1,0
Jim Piersall;4;Trent Grisham;1,0
Jim Piersall;5;Roberto Perez;1,0
A. J. Pierzynski;1;Riley Greene;1,0
A. J. Pierzynski;2;Hunter Goodman;1,0
A. J. Pierzynski;3;Michael Barrett;1,0
A. J. Pierzynski;4;Jack Wilson;1,0
A. J. Pierzynski;5;Damion Easley;1,0
Kevin Pillar;1;Kevin Young;1,0
Kevin Pillar;2;Yonder Alonso;1,0
Kevin Pillar;3;Oscar Zamora;1,0
Kevin Pillar;4;Gary Alexander;1,0
Kevin Pillar;5;Mike Young;1,0
Michael Pineda;1;Gaby Sanchez;1,0
Michael Pineda;2;Anibal Sanchez;1,0
Michael Pineda;3;Patrick Wisdom;1,0
Michael Pineda;4;Chris Duncan;1,0
Michael Pineda;5;Jung Ho Kang;1,0
Joel Pineiro;1;Kevin Young;1,0
Joel Pineiro;2;Yonder Alonso;1,0
Joel Pineiro;3;Oscar Zamora;1,0
Joel Pineiro;4;Gary Alexander;1,0
Joel Pineiro;5;Mike Young;1,0
Lou Piniella;1;John Castino;1,0
Lou Piniella;2;Ted Sizemore;1,0
Lou Piniella;3;Gregg Olson;1,0
Lou Piniella;4;Drake Baldwin;1,0
Lou Piniella;5;Harry Byrd;1,0
Vada Pinson;1;Ruben Amaro;1,0
Vada Pinson;2;Masyn Winn;1,0
Vada Pinson;3;Charlie Neal;1,0
Vada Pinson;4;Randy Hundley;1,0
Vada Pinson;5;Javier Sanoja;1,0
Wally Pipp;1;Eddie Ainsmith;1,0
Wally Pipp;2;Billy Jurges;1,0
Wally Pipp;3;Red Kress;1,0
Wally Pipp;4;Bill Knickerbocker;1,0
Wally Pipp;5;Red Barrett;1,0
Stephen Piscotty;1;Tommy John;0,858
Stephen Piscotty;2;Barry Zito;0,7646
Stephen Piscotty;3;Jake Diekman;0,7397
Stephen Piscotty;4;Dustin McGowan;0,7397
Stephen Piscotty;5;Bill Wegman;0,7397
Eddie Plank;1;Jack Meyers;1,0
Eddie Plank;2;Urban Shocker;1,0
Eddie Plank;3;Chick Hafey;1,0
Eddie Plank;4;Willie Kamm;1,0
Eddie Plank;5;Eppa Rixey;1,0
Phil Plantier;1;Kevin Young;1,0
Phil Plantier;2;Yonder Alonso;1,0
Phil Plantier;3;Oscar Zamora;1,0
Phil Plantier;4;Gary Alexander;1,0
Phil Plantier;5;Mike Young;1,0
Trevor Plouffe;1;Kevin Young;1,0
Trevor Plouffe;2;Yonder Alonso;1,0
Trevor Plouffe;3;Oscar Zamora;1,0
Trevor Plouffe;4;Gary Alexander;1,0
Trevor Plouffe;5;Mike Young;1,0
Biff Pocoroba;1;Kevin Young;1,0
Biff Pocoroba;2;Yonder Alonso;1,0
Biff Pocoroba;3;Oscar Zamora;1,0
Biff Pocoroba;4;Gary Alexander;1,0
Biff Pocoroba;5;Mike Young;1,0
Johnny Podres;1;Don Larsen;1,0
Johnny Podres;2;Rick Dempsey;1,0
Johnny Podres;3;Mickey Lolich;1,0
Johnny Podres;4;David Eckstein;1,0
Johnny Podres;5;Lew Burdette;1,0
Scott Podsednik;1;J. A. Happ;0,8745
Scott Podsednik;2;Troy Tulowitzki;0,8281
Scott Podsednik;3;Jose Fernandez;0,7751
Scott Podsednik;4;Robinson Cano;0,7334
Scott Podsednik;5;Jose Abreu;0,7092
Jorge Polanco;1;Kevin Young;1,0
Jorge Polanco;2;Yonder Alonso;1,0
Jorge Polanco;3;Oscar Zamora;1,0
Jorge Polanco;4;Gary Alexander;1,0
Jorge Polanco;5;Mike Young;1,0
Placido Polanco;1;Orlando Cabrera;0,8511
Placido Polanco;2;Jim Edmonds;0,8419
Placido Polanco;3;Elvis Andrus;0,8418
Placido Polanco;4;Asdrubal Cabrera;0,8372
Placido Polanco;5;Andrelton Simmons;0,7612
Howie Pollet;1;Johnny Sain;0,9688
Howie Pollet;2;Hank Borowy;0,9428
Howie Pollet;3;Bill Voiselle;0,9221
Howie Pollet;4;Chuck Estrada;0,8572
Howie Pollet;5;Bob Lemon;0,8548
AJ Pollock;1;Bill Buckner;0,967
AJ Pollock;2;Von Hayes;0,967
AJ Pollock;3;Gary Ward;0,9349
AJ Pollock;4;Brian Jordan;0,9349
AJ Pollock;5;Eugenio Suarez;0,9349
Rick Porcello;1;Chris Young;0,7679
Rick Porcello;2;Jonny Venters;0,7679
Rick Porcello;3;Chris Carpenter;0,7679
Rick Porcello;4;David Price;0,7618
Rick Porcello;5;Garrett Crochet;0,7153
Bob Porterfield;1;Ron Bryant;1,0
Bob Porterfield;2;Preacher Roe;1,0
Bob Porterfield;3;Sam McDowell;1,0
Bob Porterfield;4;Ellis Kinder;1,0
Bob Porterfield;5;Sam Jones;1,0
Darrell Porter;1;Livan Hernandez;0,98
Darrell Porter;2;Cole Hamels;0,8283
Darrell Porter;3;Marco Scutaro;0,7658
Darrell Porter;4;Eddie Perez;0,7658
Darrell Porter;5;Jeff Suppan;0,7658
Mark Portugal;1;Mitch Garver;1,0
Mark Portugal;2;Geraldo Perdomo;1,0
Mark Portugal;3;Yovani Gallardo;1,0
Mark Portugal;4;Wilson Ramos;1,0
Mark Portugal;5;Travis d'Arnaud;1,0
Jorge Posada;1;Garry Templeton;0,9447
Jorge Posada;2;Mickey Tettleton;0,9093
Jorge Posada;3;Carlos Baerga;0,8935
Jorge Posada;4;Vinny Castilla;0,8452
Jorge Posada;5;Lance Parrish;0,8375
Buster Posey;1;Francisco Liriano;0,8482
Buster Posey;2;Carlos Peña;0,7346
Buster Posey;3;Aaron Hill;0,7314
Buster Posey;4;Dmitri Young;0,7163
Buster Posey;5;Casey McGehee;0,7155
Boog Powell;1;Norm Cash;0,9461
Boog Powell;2;Jim Wynn;0,9286
Boog Powell;3;Gorman Thomas;0,9072
Boog Powell;4;Ron Gant;0,9055
Boog Powell;5;Alex Johnson;0,8724
Vic Power;1;Devon White;1,0
Vic Power;2;Jim Landis;0,992
Vic Power;3;Doug Rader;0,992
Vic Power;4;Gary Pettis;0,992
Vic Power;5;Curt Flood;0,9862
Martin Prado;1;Scooter Gennett;1,0
Martin Prado;2;B. J. Upton;1,0
Martin Prado;3;Eugenio Suarez;0,9778
Martin Prado;4;Brian Jordan;0,9778
Martin Prado;5;Gary Ward;0,9778
Ryan Pressly;1;Aaron Nola;1,0
Ryan Pressly;2;Bryan Woo;1,0
Ryan Pressly;3;Charlie Morton;1,0
Ryan Pressly;4;Mike Yastrzemski;1,0
Ryan Pressly;5;Mike Soroka;1,0
David Price;1;Rick Porcello;0,7618
David Price;2;Cliff Lee;0,6986
David Price;3;Jacob deGrom;0,6549
David Price;4;Pat Hentgen;0,6125
David Price;5;Blake Snell;0,5901
Joe Price;1;Wandy Rodriguez;1,0
Joe Price;2;Andy Hawkins;1,0
Joe Price;3;Matt Harrison;1,0
Joe Price;4;Rick Helling;1,0
Joe Price;5;Woody Williams;1,0
Mark Prior;1;Chien-Ming Wang;0,9832
Mark Prior;2;Josh Beckett;0,7607
Mark Prior;3;Zack Greinke;0,7553
Mark Prior;4;R. A. Dickey;0,7326
Mark Prior;5;Clayton Kershaw;0,721
Jurickson Profar;1;Edgardo Alfonzo;1,0
Jurickson Profar;2;Eric Young;1,0
Jurickson Profar;3;Mike Stanley;1,0
Jurickson Profar;4;Cedric Mullins;1,0
Jurickson Profar;5;Matt Nokes;1,0
Kirby Puckett;1;Tony Gwynn;0,7653
Kirby Puckett;2;Craig Biggio;0,7275
Kirby Puckett;3;Al Leiter;0,6724
Kirby Puckett;4;Roberto Alomar;0,66
Kirby Puckett;5;Vernon Wells;0,638
Yasiel Puig;1;Austin Meadows;0,9372
Yasiel Puig;2;Yuli Gurriel;0,9151
Yasiel Puig;3;Aristides Aquino;0,8932
Yasiel Puig;4;Chris Davis;0,8865
Yasiel Puig;5;Gary Sanchez;0,8609
Albert Pujols;1;Alex Rodriguez;0,8505
Albert Pujols;2;Miguel Cabrera;0,8014
Albert Pujols;3;Ryan Howard;0,6575
Albert Pujols;4;Carlos Delgado;0,6086
Albert Pujols;5;Barry Bonds;0,6064
Bob Purkey;1;Felipe Alou;1,0
Bob Purkey;2;Matty Alou;1,0
Bob Purkey;3;Bobby Avila;1,0
Bob Purkey;4;Tony Bernazard;1,0
Bob Purkey;5;Smoky Burgess;1,0
Pat Putnam;1;Craig Worthington;1,0
Pat Putnam;2;Butch Wynegar;1,0
Pat Putnam;3;Carlos May;1,0
Pat Putnam;4;Coco Laboy;1,0
Pat Putnam;5;Del Unser;1,0
J. J. Putz;1;Aroldis Chapman;0,9242
J. J. Putz;2;Camilo Doval;0,8703
J. J. Putz;3;Clay Holmes;0,8578
J. J. Putz;4;Bobby Jenks;0,8578
J. J. Putz;5;Robert Suarez;0,8578
Carlos Quentin;1;Brent Rooker;1,0
Carlos Quentin;2;Josh Willingham;1,0
Carlos Quentin;3;John Valentin;1,0
Carlos Quentin;4;Jack Wilson;0,9314
Carlos Quentin;5;Michael Barrett;0,9314
Robb Quinlan;1;Spencer Arrighetti;1,0
Robb Quinlan;2;Collin McHugh;1,0
Robb Quinlan;3;Brian Matusz;1,0
Robb Quinlan;4;Steven Matz;1,0
Robb Quinlan;5;David Murphy;1,0
Mark Quinn;1;Craig Worthington;1,0
Mark Quinn;2;Butch Wynegar;1,0
Mark Quinn;3;Carlos May;1,0
Mark Quinn;4;Coco Laboy;1,0
Mark Quinn;5;Del Unser;1,0
Luis Quinones;1;Kevin Young;1,0
Luis Quinones;2;Yonder Alonso;1,0
Luis Quinones;3;Oscar Zamora;1,0
Luis Quinones;4;Gary Alexander;1,0
Luis Quinones;5;Mike Young;1,0
Carlos Quintana;1;Kevin Young;1,0
Carlos Quintana;2;Yonder Alonso;1,0
Carlos Quintana;3;Oscar Zamora;1,0
Carlos Quintana;4;Gary Alexander;1,0
Carlos Quintana;5;Mike Young;1,0
Dan Quisenberry;1;Bill Campbell;0,9971
Dan Quisenberry;2;Lee Smith;0,9861
Dan Quisenberry;3;Al Holland;0,9795
Dan Quisenberry;4;Jeff Montgomery;0,9795
Dan Quisenberry;5;Jeff Russell;0,9728
Ryan Raburn;1;Kevin Young;1,0
Ryan Raburn;2;Yonder Alonso;1,0
Ryan Raburn;3;Oscar Zamora;1,0
Ryan Raburn;4;Gary Alexander;1,0
Ryan Raburn;5;Mike Young;1,0
Dick Radatz;1;Wayne Granger;1,0
Dick Radatz;2;Ted Abernathy;1,0
Dick Radatz;3;Ron Perranoski;1,0
Dick Radatz;4;Lindy McDaniel;1,0
Dick Radatz;5;Stu Miller;1,0
Old Hoss Radbourn;1;Tim Keefe;1,0
Old Hoss Radbourn;2;Amos Rusie;1,0
Old Hoss Radbourn;3;John Clarkson;1,0
Old Hoss Radbourn;4;Tommy Bond;1,0
Old Hoss Radbourn;5;Guy Hecker;1,0
Dave Rader;1;Craig Worthington;1,0
Dave Rader;2;Butch Wynegar;1,0
Dave Rader;3;Carlos May;1,0
Dave Rader;4;Coco Laboy;1,0
Dave Rader;5;Del Unser;1,0
Doug Rader;1;Gary Pettis;1,0
Doug Rader;2;Jim Landis;1,0
Doug Rader;3;Mike Matheny;0,9945
Doug Rader;4;Mickey Stanley;0,9945
Doug Rader;5;Charles Johnson;0,9945
Brad Radke;1;Sean Manaea;1,0
Brad Radke;2;Sid Fernandez;1,0
Brad Radke;3;Charlie Leibrandt;1,0
Brad Radke;4;Dan Haren;1,0
Brad Radke;5;Jose Contreras;1,0
Ceddanne Rafaela;1;Ruben Amaro;1,0
Ceddanne Rafaela;2;Masyn Winn;1,0
Ceddanne Rafaela;3;Charlie Neal;1,0
Ceddanne Rafaela;4;Randy Hundley;1,0
Ceddanne Rafaela;5;Javier Sanoja;1,0
Cole Ragans;1;Wandy Rodriguez;1,0
Cole Ragans;2;Andy Hawkins;1,0
Cole Ragans;3;Matt Harrison;1,0
Cole Ragans;4;Rick Helling;1,0
Cole Ragans;5;Woody Williams;1,0
Chuck Rainey;1;Wandy Rodriguez;1,0
Chuck Rainey;2;Andy Hawkins;1,0
Chuck Rainey;3;Matt Harrison;1,0
Chuck Rainey;4;Rick Helling;1,0
Chuck Rainey;5;Woody Williams;1,0
Tim Raines;1;Garret Anderson;0,966
Tim Raines;2;Sandy Alomar;0,8347
Tim Raines;3;Gary Carter;0,7932
Tim Raines;4;Bill Madlock;0,7117
Tim Raines;5;Carl Crawford;0,7093
Cal Raleigh;1;Fernando Tatis;0,7372
Cal Raleigh;2;Bobby Witt;0,6881
Cal Raleigh;3;Duke Snider;0,6531
Cal Raleigh;4;Nolan Arenado;0,6265
Cal Raleigh;5;Matt Chapman;0,6076
Alexei Ramirez;1;Eloy Jimenez;0,9526
Alexei Ramirez;2;Daniel Hudson;0,9526
Alexei Ramirez;3;Luis Robert;0,8931
Alexei Ramirez;4;Pedro Alvarez;0,883
Alexei Ramirez;5;Yoenis Cespedes;0,8751
Aramis Ramirez;1;Kevin Youkilis;0,8268
Aramis Ramirez;2;Jose Bautista;0,8188
Aramis Ramirez;3;Christian Yelich;0,7419
Aramis Ramirez;4;Paul Goldschmidt;0,6678
Aramis Ramirez;5;Manny Ramirez;0,66
Hanley Ramirez;1;Steve Sax;0,8688
Hanley Ramirez;2;Chris Sabo;0,8383
Hanley Ramirez;3;Lou Whitaker;0,8259
Hanley Ramirez;4;Eddie Murray;0,8115
Hanley Ramirez;5;Bake McBride;0,8013
Jose Ramirez;1;J. T. Realmuto;0,8605
Jose Ramirez;2;Mookie Betts;0,7322
Jose Ramirez;3;Rafael Devers;0,7084
Jose Ramirez;4;Freddie Freeman;0,7056
Jose Ramirez;5;Juan Soto;0,6898
Manny Ramirez;1;Jose Bautista;0,742
Manny Ramirez;2;Paul Goldschmidt;0,7135
Manny Ramirez;3;Christian Yelich;0,7108
Manny Ramirez;4;Magglio Ordonez;0,7054
Manny Ramirez;5;Al Oliver;0,6951
Wilson Ramos;1;Mitch Garver;1,0
Wilson Ramos;2;Geraldo Perdomo;1,0
Wilson Ramos;3;Yovani Gallardo;1,0
Wilson Ramos;4;Wil Cordero;1,0
Wilson Ramos;5;Travis d'Arnaud;1,0
Joe Randa;1;Jeff King;1,0
Joe Randa;2;Kevin Bass;1,0
Joe Randa;3;Chris Hoiles;1,0
Joe Randa;4;Eduardo Escobar;1,0
Joe Randa;5;Bob Watson;1,0
Lenny Randle;1;Kevin Young;1,0
Lenny Randle;2;Yonder Alonso;1,0
Lenny Randle;3;Oscar Zamora;1,0
Lenny Randle;4;Gary Alexander;1,0
Lenny Randle;5;Mike Young;1,0
Willie Randolph;1;Damaso Garcia;0,964
Willie Randolph;2;Garry Templeton;0,9413
Willie Randolph;3;Eddie Mathews;0,9116
Willie Randolph;4;Ted Kluszewski;0,9111
Willie Randolph;5;Rick Burleson;0,8847
Vic Raschi;1;George Earnshaw;1,0
Vic Raschi;2;Bill Nicholson;0,9958
Vic Raschi;3;Snuffy Stirnweiss;0,9922
Vic Raschi;4;Herb Pennock;0,9922
Vic Raschi;5;Wally Berger;0,9922
Colby Rasmus;1;Jonathan Schoop;1,0
Colby Rasmus;2;Adam Eaton;1,0
Colby Rasmus;3;Dan Driessen;1,0
Colby Rasmus;4;Oddibe McDowell;1,0
Colby Rasmus;5;Len Barker;1,0
Drew Rasmussen;1;Wandy Rodriguez;1,0
Drew Rasmussen;2;Andy Hawkins;1,0
Drew Rasmussen;3;Matt Harrison;1,0
Drew Rasmussen;4;Rick Helling;1,0
Drew Rasmussen;5;Woody Williams;1,0
Doug Rau;1;Kevin Young;1,0
Doug Rau;2;Yonder Alonso;1,0
Doug Rau;3;Oscar Zamora;1,0
Doug Rau;4;Gary Alexander;1,0
Doug Rau;5;Mike Young;1,0
Shane Rawley;1;Don Aase;1,0
Shane Rawley;2;Scott McGregor;1,0
Shane Rawley;3;Charlie Lea;1,0
Shane Rawley;4;Frankie Montas;1,0
Shane Rawley;5;Kent Mercker;1,0
Johnny Ray;1;Lee May;0,9329
Johnny Ray;2;Mitchell Page;0,9252
Johnny Ray;3;Juan Samuel;0,9171
Johnny Ray;4;Robby Thompson;0,911
Johnny Ray;5;Bernie Carbo;0,8963
Robbie Ray;1;Trevor Bauer;0,9802
Robbie Ray;2;Blake Snell;0,9273
Robbie Ray;3;Sandy Alcantara;0,8828
Robbie Ray;4;Max Scherzer;0,8534
Robbie Ray;5;Pat Hentgen;0,767
J. T. Realmuto;1;Jose Ramirez;0,8605
J. T. Realmuto;2;William Contreras;0,837
J. T. Realmuto;3;DJ LeMahieu;0,8195
J. T. Realmuto;4;Juan Soto;0,7945
J. T. Realmuto;5;Mookie Betts;0,7943
Jeff Reardon;1;Rich Gossage;0,9979
Jeff Reardon;2;Lee Smith;0,9784
Jeff Reardon;3;Bill Campbell;0,9369
Jeff Reardon;4;Dan Quisenberry;0,9341
Jeff Reardon;5;Bobby Thigpen;0,9305
Josh Reddick;1;Carlos Gomez;1,0
Josh Reddick;2;Jose Cruz;1,0
Josh Reddick;3;Brett Gardner;1,0
Josh Reddick;4;Kyle Seager;0,9498
Josh Reddick;5;Adam Duvall;0,9498
Mark Redman;1;Kevin Young;1,0
Mark Redman;2;Yonder Alonso;1,0
Mark Redman;3;Oscar Zamora;1,0
Mark Redman;4;Gary Alexander;1,0
Mark Redman;5;Mike Young;1,0
Gary Redus;1;Kevin Young;1,0
Gary Redus;2;Yonder Alonso;1,0
Gary Redus;3;Oscar Zamora;1,0
Gary Redus;4;Gary Alexander;1,0
Gary Redus;5;Mike Young;1,0
Jody Reed;1;Kevin Young;1,0
Jody Reed;2;Yonder Alonso;1,0
Jody Reed;3;Oscar Zamora;1,0
Jody Reed;4;Gary Alexander;1,0
Jody Reed;5;Mike Young;1,0
Rick Reed;1;Kevin Young;1,0
Rick Reed;2;Yonder Alonso;1,0
Rick Reed;3;Oscar Zamora;1,0
Rick Reed;4;Gary Alexander;1,0
Rick Reed;5;Mike Young;1,0
Pee Wee Reese;1;Danny Graves;0,9698
Pee Wee Reese;2;Mike Timlin;0,9698
Pee Wee Reese;3;Glenn Davis;0,9544
Pee Wee Reese;4;Gil Hodges;0,9359
Pee Wee Reese;5;Don Kessinger;0,9307
Pokey Reese;1;Patrick Bailey;1,0
Pokey Reese;2;Tucker Barnhart;1,0
Pokey Reese;3;John Roseboro;1,0
Pokey Reese;4;Trent Grisham;1,0
Pokey Reese;5;Roberto Perez;1,0
Phil Regan;1;Stu Miller;0,854
Phil Regan;2;Lindy McDaniel;0,854
Phil Regan;3;Ted Abernathy;0,854
Phil Regan;4;Ron Perranoski;0,854
Phil Regan;5;Dick Radatz;0,854
Sean Reid-Foley;1;Darren O'Day;1,0
Sean Reid-Foley;2;Brad Ziegler;1,0
Sean Reid-Foley;3;Griffin Jax;1,0
Sean Reid-Foley;4;Nick Swisher;1,0
Sean Reid-Foley;5;Ian Kennedy;1,0
Kevin Reimer;1;Kevin Young;1,0
Kevin Reimer;2;Yonder Alonso;1,0
Kevin Reimer;3;Oscar Zamora;1,0
Kevin Reimer;4;Gary Alexander;1,0
Kevin Reimer;5;Mike Young;1,0
Nolan Reimold;1;Spencer Arrighetti;1,0
Nolan Reimold;2;Collin McHugh;1,0
Nolan Reimold;3;Brian Matusz;1,0
Nolan Reimold;4;Steven Matz;1,0
Nolan Reimold;5;David Murphy;1,0
Pete Reiser;1;Mel Parnell;1,0
Pete Reiser;2;Johnny Mostil;1,0
Pete Reiser;3;Schoolboy Rowe;1,0
Pete Reiser;4;Eddie Rommel;1,0
Pete Reiser;5;Charlie Root;1,0
Chris Reitsma;1;Kevin Young;1,0
Chris Reitsma;2;Yonder Alonso;1,0
Chris Reitsma;3;Oscar Zamora;1,0
Chris Reitsma;4;Gary Alexander;1,0
Chris Reitsma;5;Mike Young;1,0
Ken Reitz;1;Dave Henderson;0,9176
Ken Reitz;2;C. J. Cron;0,9176
Ken Reitz;3;Joe Randa;0,9176
Ken Reitz;4;Eduardo Escobar;0,9176
Ken Reitz;5;Mel Hall;0,9176
Anthony Rendon;1;Garrett Crochet;0,8417
Anthony Rendon;2;Chris Young;0,7767
Anthony Rendon;3;Chris Carpenter;0,7767
Anthony Rendon;4;Jonny Venters;0,7767
Anthony Rendon;5;Jim Johnson;0,6857
Hunter Renfroe;1;Kevin Young;1,0
Hunter Renfroe;2;Yonder Alonso;1,0
Hunter Renfroe;3;Oscar Zamora;1,0
Hunter Renfroe;4;Gary Alexander;1,0
Hunter Renfroe;5;Mike Young;1,0
Luis Rengifo;1;Kevin Young;1,0
Luis Rengifo;2;Yonder Alonso;1,0
Luis Rengifo;3;Oscar Zamora;1,0
Luis Rengifo;4;Gary Alexander;1,0
Luis Rengifo;5;Mike Young;1,0
Edgar Renteria;1;George Springer;0,8885
Edgar Renteria;2;Pedro Guerrero;0,8432
Edgar Renteria;3;Jose Rijo;0,8059
Edgar Renteria;4;Ben Zobrist;0,7809
Edgar Renteria;5;Alan Trammell;0,7737
Merv Rettenmund;1;Felipe Alou;1,0
Merv Rettenmund;2;Matty Alou;1,0
Merv Rettenmund;3;Bobby Avila;1,0
Merv Rettenmund;4;Tony Bernazard;1,0
Merv Rettenmund;5;Smoky Burgess;1,0
Ed Reulbach;1;Babe Adams;1,0
Ed Reulbach;2;Jim Bagby;1,0
Ed Reulbach;3;Ivey Wingo;1,0
Ed Reulbach;4;Red Lucas;1,0
Ed Reulbach;5;Dolf Luque;1,0
Rick Reuschel;1;Bobby Tolan;0,7778
Rick Reuschel;2;Tony Conigliaro;0,7745
Rick Reuschel;3;David Cone;0,7697
Rick Reuschel;4;John Hiller;0,703
Rick Reuschel;5;Tommy John;0,6703
Jerry Reuss;1;John Candelaria;1,0
Jerry Reuss;2;Bob Knepper;0,973
Jerry Reuss;3;Mike Caldwell;0,964
Jerry Reuss;4;Joaquin Andujar;0,9618
Jerry Reuss;5;Gorman Thomas;0,9438
Ben Revere;1;Dewayne Wise;0,9839
Ben Revere;2;Gabe Kapler;0,9832
Ben Revere;3;Steven Souza;0,9832
Ben Revere;4;Melky Cabrera;0,9056
Ben Revere;5;Rafael Furcal;0,8063
Jose Reyes;1;Mike Greenwell;1,0
Jose Reyes;2;Ben Oglivie;0,9609
Jose Reyes;3;Lenny Dykstra;0,9609
Jose Reyes;4;Kelly Gruber;0,9224
Jose Reyes;5;Melvin Mora;0,9172
Allie Reynolds;1;Goose Goslin;0,9684
Allie Reynolds;2;Freddie Lindstrom;0,9684
Allie Reynolds;3;Jim Bunning;0,9649
Allie Reynolds;4;Red Schoendienst;0,9649
Allie Reynolds;5;Johnny Pesky;0,9649
Bryan Reynolds;1;Jim Bibby;1,0
Bryan Reynolds;2;Larry McWilliams;1,0
Bryan Reynolds;3;Willie Montanez;1,0
Bryan Reynolds;4;Shawon Dunston;1,0
Bryan Reynolds;5;Manny Sanguillen;1,0
Harold Reynolds;1;Ken Singleton;0,9419
Harold Reynolds;2;Garry Maddox;0,927
Harold Reynolds;3;Jimmy Rollins;0,9235
Harold Reynolds;4;Phil Niekro;0,7503
Harold Reynolds;5;Cecil Cooper;0,7111
Mark Reynolds;1;Bobby Higginson;1,0
Mark Reynolds;2;Phil Garner;1,0
Mark Reynolds;3;Hal Morris;1,0
Mark Reynolds;4;James Shields;1,0
Mark Reynolds;5;Jason Thompson;1,0
Arthur Rhodes;1;Kevin Young;1,0
Arthur Rhodes;2;Yonder Alonso;1,0
Arthur Rhodes;3;Oscar Zamora;1,0
Arthur Rhodes;4;Gary Alexander;1,0
Arthur Rhodes;5;Mike Young;1,0
Dusty Rhodes;1;Billy Martin;1,0
Dusty Rhodes;2;Al Weis;1,0
Dusty Rhodes;3;Dick Green;1,0
Dusty Rhodes;4;Jerry Coleman;1,0
Dusty Rhodes;5;Billy Hatcher;0,9955
Rick Rhoden;1;Ian Desmond;0,914
Rick Rhoden;2;Luis Arraez;0,8619
Rick Rhoden;3;Carlos Zambrano;0,8345
Rick Rhoden;4;Dean Palmer;0,8203
Rick Rhoden;5;German Marquez;0,8106
Jim Rice;1;Dave Parker;0,8097
Jim Rice;2;George Foster;0,7352
Jim Rice;3;Robin Yount;0,7266
Jim Rice;4;Don Baylor;0,6978
Jim Rice;5;Mike Schmidt;0,6926
Sam Rice;1;Eddie Ainsmith;1,0
Sam Rice;2;Billy Jurges;1,0
Sam Rice;3;Red Kress;1,0
Sam Rice;4;Bill Knickerbocker;1,0
Sam Rice;5;Roger Wolff;1,0
Bobby Richardson;1;Ron Santo;0,7981
Bobby Richardson;2;Don Kessinger;0,7472
Bobby Richardson;3;Buddy Bell;0,6848
Bobby Richardson;4;Wes Parker;0,6612
Bobby Richardson;5;Ron Cey;0,6521
Gene Richards;1;Kevin Young;1,0
Gene Richards;2;Yonder Alonso;1,0
Gene Richards;3;Oscar Zamora;1,0
Gene Richards;4;Gary Alexander;1,0
Gene Richards;5;Mike Young;1,0
J. R. Richard;1;Ubaldo Jimenez;1,0
J. R. Richard;2;Rich Hill;0,9895
J. R. Richard;3;Kris Medlen;0,9895
J. R. Richard;4;Jeff Fassero;0,9895
J. R. Richard;5;Dennis Martinez;0,9893
Paul Richards;1;Rip Sewell;1,0
Paul Richards;2;Ewell Blackwell;1,0
Paul Richards;3;Tiny Bonham;1,0
Paul Richards;4;Glenn Wright;1,0
Paul Richards;5;Charlie Root;1,0
Scott Richmond;1;Spencer Arrighetti;1,0
Scott Richmond;2;Collin McHugh;1,0
Scott Richmond;3;Brian Matusz;1,0
Scott Richmond;4;Steven Matz;1,0
Scott Richmond;5;David Murphy;1,0
Elmer Riddle;1;Stan Coveleski;1,0
Elmer Riddle;2;Bobo Newsom;1,0
Elmer Riddle;3;Smoky Joe Wood;1,0
Elmer Riddle;4;Bill Carrigan;1,0
Elmer Riddle;5;Carl Mays;1,0
Dave Righetti;1;Todd Worrell;0,9388
Dave Righetti;2;Bryan Harvey;0,8677
Dave Righetti;3;Tom Gordon;0,8677
Dave Righetti;4;Dan Quisenberry;0,8185
Dave Righetti;5;Steve Bedrosian;0,8176
Jose Rijo;1;Ben Zobrist;0,965
Jose Rijo;2;Steve Pearce;0,9646
Jose Rijo;3;Jorge Soler;0,9646
Jose Rijo;4;Donn Clendenon;0,9518
Jose Rijo;5;Steve Yeager;0,9518
Austin Riley;1;DJ LeMahieu;0,8657
Austin Riley;2;Juan Soto;0,8651
Austin Riley;3;William Contreras;0,8377
Austin Riley;4;Adley Rutschman;0,8366
Austin Riley;5;Alek Manoah;0,813
Andy Rincon;1;Kevin Young;1,0
Andy Rincon;2;Yonder Alonso;1,0
Andy Rincon;3;Oscar Zamora;1,0
Andy Rincon;4;Gary Alexander;1,0
Andy Rincon;5;Mike Young;1,0
Alex Rios;1;Jonathan Schoop;1,0
Alex Rios;2;Adam Eaton;1,0
Alex Rios;3;Dan Driessen;1,0
Alex Rios;4;Oddibe McDowell;1,0
Alex Rios;5;Len Barker;1,0
Cal Ripken;1;Joe Morgan;0,7525
Cal Ripken;2;Willie Mays;0,7492
Cal Ripken;3;Maury Wills;0,7381
Cal Ripken;4;Gary Carter;0,7316
Cal Ripken;5;Mike Piazza;0,648
Todd Ritchie;1;Kevin Young;1,0
Todd Ritchie;2;Yonder Alonso;1,0
Todd Ritchie;3;Oscar Zamora;1,0
Todd Ritchie;4;Gary Alexander;1,0
Todd Ritchie;5;Mike Young;1,0
Felipe Vazquez;1;David Bednar;1,0
Felipe Vazquez;2;Joakim Soria;1,0
Felipe Vazquez;3;Robert Suarez;1,0
Felipe Vazquez;4;Jason Grilli;1,0
Felipe Vazquez;5;Tanner Scott;1,0
Mariano Rivera;1;Jose Valverde;0,9003
Mariano Rivera;2;Brad Lidge;0,8499
Mariano Rivera;3;Brian Wilson;0,7551
Mariano Rivera;4;Fernando Rodney;0,6965
Mariano Rivera;5;Jonathan Papelbon;0,6916
Mickey Rivers;1;Felipe Alou;1,0
Mickey Rivers;2;Matty Alou;1,0
Mickey Rivers;3;Bobby Avila;1,0
Mickey Rivers;4;Tony Bernazard;1,0
Mickey Rivers;5;Smoky Burgess;1,0
Eppa Rixey;1;Jack Meyers;1,0
Eppa Rixey;2;Chick Hafey;1,0
Eppa Rixey;3;Charlie Hollocher;1,0
Eppa Rixey;4;Willie Kamm;1,0
Eppa Rixey;5;Muddy Ruel;1,0
Anthony Rizzo;1;Al Leiter;0,7528
Anthony Rizzo;2;Craig Biggio;0,6604
Anthony Rizzo;3;Vernon Wells;0,6592
Anthony Rizzo;4;Luis Gonzalez;0,6372
Anthony Rizzo;5;Roland Hemond;0,631
Phil Rizzuto;1;Al Rosen;0,7496
Phil Rizzuto;2;Cecil Fielder;0,7413
Phil Rizzuto;3;Lou Boudreau;0,7318
Phil Rizzuto;4;Roger Maris;0,7077
Phil Rizzuto;5;Duke Snider;0,7058
Bip Roberts;1;Kevin Young;1,0
Bip Roberts;2;Yonder Alonso;1,0
Bip Roberts;3;Oscar Zamora;1,0
Bip Roberts;4;Gary Alexander;1,0
Bip Roberts;5;Mike Young;1,0
Brian Roberts;1;Kevin McReynolds;1,0
Brian Roberts;2;Don Gullett;0,9388
Brian Roberts;3;John Mayberry;0,9183
Brian Roberts;4;Domonic Brown;0,891
Brian Roberts;5;Jeff King;0,891
Dave Robertson;1;Eddie Ainsmith;1,0
Dave Robertson;2;Billy Jurges;1,0
Dave Robertson;3;Johnny Schmitz;1,0
Dave Robertson;4;Bill Sherdel;1,0
Dave Robertson;5;Jeff Tesreau;1,0
Dave Roberts;1;Kevin Young;1,0
Dave Roberts;2;Yonder Alonso;1,0
Dave Roberts;3;Oscar Zamora;1,0
Dave Roberts;4;Gary Alexander;1,0
Dave Roberts;5;Mike Young;1,0
David Robertson;1;Joel Zumaya;1,0
David Robertson;2;Joaquin Benoit;1,0
David Robertson;3;Sergio Romo;1,0
David Robertson;4;Brendan Donnelly;1,0
David Robertson;5;Hung-Chih Kuo;1,0
Luis Robert;1;Yoenis Cespedes;0,9797
Luis Robert;2;Eloy Jimenez;0,9314
Luis Robert;3;Daniel Hudson;0,9314
Luis Robert;4;Andrew Benintendi;0,8949
Luis Robert;5;Alexei Ramirez;0,8931
Robin Roberts;1;Warren Spahn;0,8157
Robin Roberts;2;Don Kessinger;0,6389
Robin Roberts;3;Vern Law;0,6347
Robin Roberts;4;Ken Boyer;0,6215
Robin Roberts;5;Bob Lemon;0,6147
Aaron Robinson;1;Rip Sewell;1,0
Aaron Robinson;2;Ewell Blackwell;1,0
Aaron Robinson;3;Tiny Bonham;1,0
Aaron Robinson;4;Glenn Wright;1,0
Aaron Robinson;5;Charlie Root;1,0
Brooks Robinson;1;Johnny Bench;0,7904
Brooks Robinson;2;Rod Carew;0,6419
Brooks Robinson;3;Yogi Berra;0,611
Brooks Robinson;4;Roberto Clemente;0,6084
Brooks Robinson;5;Joe Torre;0,608
Don Robinson;1;Dee Strange-Gordon;0,7501
Don Robinson;2;Mark Loretta;0,7492
Don Robinson;3;Carney Lansford;0,7387
Don Robinson;4;Dave Dravecky;0,7203
Don Robinson;5;Mark Teahen;0,7203
Frank Robinson;1;Mickey Mantle;0,7064
Frank Robinson;2;Carl Yastrzemski;0,6844
Frank Robinson;3;Ted Williams;0,6574
Frank Robinson;4;Willie Mays;0,603
Frank Robinson;5;Maury Wills;0,5812
Jackie Robinson;1;Frank Howard;0,9089
Jackie Robinson;2;Harvey Kuenn;0,8706
Jackie Robinson;3;Tony Kubek;0,8706
Jackie Robinson;4;Jim Gilliam;0,8706
Jackie Robinson;5;Albie Pearson;0,8706
Brendan Rodgers;1;Corey Dickerson;1,0
Brendan Rodgers;2;Mike Jorgensen;1,0
Brendan Rodgers;3;Marcus Stroman;1,0
Brendan Rodgers;4;Jody Davis;1,0
Brendan Rodgers;5;Erick Aybar;1,0
Fernando Rodney;1;Brad Lidge;0,8578
Fernando Rodney;2;Brian Wilson;0,8015
Fernando Rodney;3;Mariano Rivera;0,6965
Fernando Rodney;4;Jonathan Papelbon;0,6421
Fernando Rodney;5;Chris Carpenter;0,5935
Carlos Rodon;1;Kevin Young;1,0
Carlos Rodon;2;Yonder Alonso;1,0
Carlos Rodon;3;Oscar Zamora;1,0
Carlos Rodon;4;Gary Alexander;1,0
Carlos Rodon;5;Mike Young;1,0
Alex Rodriguez;1;Albert Pujols;0,8505
Alex Rodriguez;2;Miguel Cabrera;0,8146
Alex Rodriguez;3;Barry Bonds;0,7559
Alex Rodriguez;4;Joe Mauer;0,6639
Alex Rodriguez;5;Andruw Jones;0,6329
Aurelio Rodriguez;1;Ruben Amaro;1,0
Aurelio Rodriguez;2;Masyn Winn;1,0
Aurelio Rodriguez;3;Charlie Neal;1,0
Aurelio Rodriguez;4;Javier Sanoja;1,0
Aurelio Rodriguez;5;Mark Grudzielanek;1,0
Ellie Rodriguez;1;Kevin Young;1,0
Ellie Rodriguez;2;Yonder Alonso;1,0
Ellie Rodriguez;3;Oscar Zamora;1,0
Ellie Rodriguez;4;Gary Alexander;1,0
Ellie Rodriguez;5;Mike Young;1,0
Francisco Rodriguez;1;Mark Melancon;0,7583
Francisco Rodriguez;2;Chad Cordero;0,7143
Francisco Rodriguez;3;Kenley Jansen;0,6998
Francisco Rodriguez;4;Heath Bell;0,688
Francisco Rodriguez;5;Billy Koch;0,688
Henry Rodriguez;1;Kevin Young;1,0
Henry Rodriguez;2;Yonder Alonso;1,0
Henry Rodriguez;3;Oscar Zamora;1,0
Henry Rodriguez;4;Gary Alexander;1,0
Henry Rodriguez;5;Mike Young;1,0
Ivan Rodriguez;1;Matt Williams;0,7659
Ivan Rodriguez;2;Manny Trillo;0,7479
Ivan Rodriguez;3;Dwight Evans;0,7339
Ivan Rodriguez;4;Bret Boone;0,7248
Ivan Rodriguez;5;Keith Hernandez;0,6954
Julio Rodriguez;1;Corbin Carroll;0,9696
Julio Rodriguez;2;Pete Alonso;0,9126
Julio Rodriguez;3;Jackson Merrill;0,8693
Julio Rodriguez;4;Jason Bay;0,8673
Julio Rodriguez;5;Gunnar Henderson;0,8522
Sean Rodriguez;1;Kevin Young;1,0
Sean Rodriguez;2;Yonder Alonso;1,0
Sean Rodriguez;3;Oscar Zamora;1,0
Sean Rodriguez;4;Gary Alexander;1,0
Sean Rodriguez;5;Mike Young;1,0
Wandy Rodriguez;1;Andy Hawkins;1,0
Wandy Rodriguez;2;Ross Grimsley;1,0
Wandy Rodriguez;3;Rick Helling;1,0
Wandy Rodriguez;4;Ken Hill;1,0
Wandy Rodriguez;5;Erik Hanson;1,0
Preacher Roe;1;Ron Bryant;1,0
Preacher Roe;2;Bob Porterfield;1,0
Preacher Roe;3;Sam McDowell;1,0
Preacher Roe;4;Ellis Kinder;1,0
Preacher Roe;5;Sam Jones;1,0
Kenny Rogers;1;Andy Messersmith;0,8503
Kenny Rogers;2;George Scott;0,7745
Kenny Rogers;3;Devon White;0,7741
Kenny Rogers;4;Vic Power;0,7741
Kenny Rogers;5;Bob Boone;0,7614
Steve Rogers;1;Phil Bradley;0,9682
Steve Rogers;2;Mark Belanger;0,9419
Steve Rogers;3;Andre Dawson;0,7949
Steve Rogers;4;Dave Winfield;0,7666
Steve Rogers;5;Tom Browning;0,2382
Trevor Rogers;1;Khalil Greene;0,9707
Trevor Rogers;2;Josh Jung;0,9707
Trevor Rogers;3;James Outman;0,9707
Trevor Rogers;4;Josh Phelps;0,9707
Trevor Rogers;5;Gustavo Chacin;0,9707
Cookie Rojas;1;Felipe Alou;1,0
Cookie Rojas;2;Matty Alou;1,0
Cookie Rojas;3;Bobby Avila;1,0
Cookie Rojas;4;Tony Bernazard;1,0
Cookie Rojas;5;Smoky Burgess;1,0
Minnie Rojas;1;Ken Sanders;1,0
Minnie Rojas;2;Dave Giusti;1,0
Minnie Rojas;3;Eddie Fisher;1,0
Minnie Rojas;4;Roy Face;1,0
Minnie Rojas;5;Mike Fornieles;1,0
Scott Rolen;1;Raul Mondesi;0,9043
Scott Rolen;2;Bob Hamelin;0,8425
Scott Rolen;3;Ben Grieve;0,8355
Scott Rolen;4;Eric Hinske;0,8054
Scott Rolen;5;Preston Wilson;0,7481
Red Rolfe;1;Red Ruffing;0,9922
Red Rolfe;2;Walker Cooper;0,9886
Red Rolfe;3;Stan Hack;0,9886
Red Rolfe;4;Mel Ott;0,9751
Red Rolfe;5;Earl Averill;0,9751
Jimmy Rollins;1;Harold Reynolds;0,9235
Jimmy Rollins;2;Garry Maddox;0,8886
Jimmy Rollins;3;Ken Singleton;0,8463
Jimmy Rollins;4;Phil Niekro;0,7042
Jimmy Rollins;5;Cecil Cooper;0,6895
Jordan Romano;1;David Bednar;1,0
Jordan Romano;2;Joakim Soria;1,0
Jordan Romano;3;Robert Suarez;1,0
Jordan Romano;4;Jason Grilli;1,0
Jordan Romano;5;Tanner Scott;1,0
Ricky Romero;1;Don Aase;1,0
Ricky Romero;2;Scott McGregor;1,0
Ricky Romero;3;Charlie Lea;1,0
Ricky Romero;4;Frankie Montas;1,0
Ricky Romero;5;Kent Mercker;1,0
Eddie Rommel;1;Rip Sewell;1,0
Eddie Rommel;2;Ewell Blackwell;1,0
Eddie Rommel;3;Tiny Bonham;1,0
Eddie Rommel;4;Glenn Wright;1,0
Eddie Rommel;5;Schoolboy Rowe;1,0
Sergio Romo;1;Joel Zumaya;1,0
Sergio Romo;2;Joaquin Benoit;1,0
Sergio Romo;3;Neal Cotts;1,0
Sergio Romo;4;Jeremy Affeldt;1,0
Sergio Romo;5;David Robertson;1,0
Brent Rooker;1;Carlos Quentin;1,0
Brent Rooker;2;Josh Willingham;1,0
Brent Rooker;3;John Valentin;1,0
Brent Rooker;4;Michael Barrett;0,9314
Brent Rooker;5;Jack Wilson;0,9314
Charlie Root;1;Rip Sewell;1,0
Charlie Root;2;Ewell Blackwell;1,0
Charlie Root;3;Tiny Bonham;1,0
Charlie Root;4;Glenn Wright;1,0
Charlie Root;5;Schoolboy Rowe;1,0
Eddie Rosario;1;Steve Avery;0,9918
Eddie Rosario;2;Mike Devereaux;0,9918
Eddie Rosario;3;Chris Taylor;0,9886
Eddie Rosario;4;Tommy Edman;0,9844
Eddie Rosario;5;Howie Kendrick;0,9744
John Roseboro;1;Patrick Bailey;1,0
John Roseboro;2;Tucker Barnhart;1,0
John Roseboro;3;Pokey Reese;1,0
John Roseboro;4;Trent Grisham;1,0
John Roseboro;5;Roberto Perez;1,0
Al Rosen;1;Roger Maris;0,946
Al Rosen;2;Kevin Mitchell;0,9329
Al Rosen;3;Lou Boudreau;0,9255
Al Rosen;4;Duke Snider;0,9057
Al Rosen;5;Stan Musial;0,7995
Goody Rosen;1;Felipe Alou;1,0
Goody Rosen;2;Matty Alou;1,0
Goody Rosen;3;Bobby Avila;1,0
Goody Rosen;4;Tony Bernazard;1,0
Goody Rosen;5;Smoky Burgess;1,0
Pete Rose;1;Al Kaline;0,7021
Pete Rose;2;Dale Murphy;0,6442
Pete Rose;3;Lou Brock;0,6304
Pete Rose;4;Willie Stargell;0,6149
Pete Rose;5;Mike Schmidt;0,5907
Cody Ross;1;Sterling Hitchcock;1,0
Cody Ross;2;Marco Scutaro;1,0
Cody Ross;3;Eddie Perez;1,0
Cody Ross;4;Craig Counsell;1,0
Cody Ross;5;Jeff Suppan;1,0
Edd Roush;1;Honus Wagner;0,9992
Edd Roush;2;Shoeless Joe Jackson;0,998
Edd Roush;3;Zack Wheat;0,998
Edd Roush;4;Jimmy Archer;0,9918
Edd Roush;5;Hal Chase;0,9918
Aaron Rowand;1;Leo Cardenas;1,0
Aaron Rowand;2;Frank Bolling;1,0
Aaron Rowand;3;Frank Lary;1,0
Aaron Rowand;4;Norm Siebern;1,0
Aaron Rowand;5;Bud Harrelson;1,0
Schoolboy Rowe;1;Rip Sewell;1,0
Schoolboy Rowe;2;Ewell Blackwell;1,0
Schoolboy Rowe;3;Tiny Bonham;1,0
Schoolboy Rowe;4;Glenn Wright;1,0
Schoolboy Rowe;5;Eddie Rommel;1,0
Dave Rozema;1;Brian Anderson;1,0
Dave Rozema;2;Mike Henneman;1,0
Dave Rozema;3;Rolando Arrojo;1,0
Dave Rozema;4;Kirk Rueter;1,0
Dave Rozema;5;Jim Nash;1,0
Nap Rucker;1;Vern Stephens;1,0
Nap Rucker;2;Rabbit Maranville;1,0
Nap Rucker;3;Home Run Baker;1,0
Nap Rucker;4;Heinie Groh;0,9985
Nap Rucker;5;Ed Walsh;0,9985
Joe Rudi;1;Bill Freehan;0,9744
Joe Rudi;2;Del Crandall;0,9727
Joe Rudi;3;Earl Battey;0,9415
Joe Rudi;4;Larry Bowa;0,9353
Joe Rudi;5;Bobby Grich;0,9349
Muddy Ruel;1;Jack Meyers;1,0
Muddy Ruel;2;Chick Hafey;1,0
Muddy Ruel;3;Charlie Hollocher;1,0
Muddy Ruel;4;Willie Kamm;1,0
Muddy Ruel;5;Eppa Rixey;1,0
Kirk Rueter;1;Brian Anderson;1,0
Kirk Rueter;2;Mike Henneman;1,0
Kirk Rueter;3;Rolando Arrojo;1,0
Kirk Rueter;4;Dave Rozema;1,0
Kirk Rueter;5;Jim Nash;1,0
Dutch Ruether;1;Eddie Ainsmith;1,0
Dutch Ruether;2;Dode Paskert;1,0
Dutch Ruether;3;Marv Owen;1,0
Dutch Ruether;4;Jesse Barnes;1,0
Dutch Ruether;5;Dick Newsome;1,0
Red Ruffing;1;Red Rolfe;0,9922
Red Ruffing;2;Mel Ott;0,9914
Red Ruffing;3;Earl Averill;0,9914
Red Ruffing;4;Luke Appling;0,9827
Red Ruffing;5;Dick Wakefield;0,9644
Carlos Ruiz;1;Kevin Young;1,0
Carlos Ruiz;2;Yonder Alonso;1,0
Carlos Ruiz;3;Oscar Zamora;1,0
Carlos Ruiz;4;Gary Alexander;1,0
Carlos Ruiz;5;Mike Young;1,0
Amos Rusie;1;Guy Hecker;1,0
Amos Rusie;2;Tim Keefe;1,0
Amos Rusie;3;Tommy Bond;1,0
Amos Rusie;4;John Clarkson;1,0
Amos Rusie;5;Old Hoss Radbourn;1,0
Bill Russell;1;Felipe Alou;1,0
Bill Russell;2;Matty Alou;1,0
Bill Russell;3;Bobby Avila;1,0
Bill Russell;4;Tony Bernazard;1,0
Bill Russell;5;Smoky Burgess;1,0
Jeff Russell;1;Rawly Eastwick;1,0
Jeff Russell;2;Antonio Alfonseca;1,0
Jeff Russell;3;Jeff Montgomery;0,9946
Jeff Russell;4;Al Holland;0,9946
Jeff Russell;5;Bill Campbell;0,9857
Babe Ruth;1;Gabby Hartnett;0,9626
Babe Ruth;2;Pie Traynor;0,958
Babe Ruth;3;Frankie Frisch;0,9565
Babe Ruth;4;Paul Waner;0,9468
Babe Ruth;5;Travis Jackson;0,9439
Dick Ruthven;1;Wandy Rodriguez;1,0
Dick Ruthven;2;Andy Hawkins;1,0
Dick Ruthven;3;Rick Helling;1,0
Dick Ruthven;4;Ken Hill;1,0
Dick Ruthven;5;Erik Hanson;1,0
Adley Rutschman;1;William Contreras;0,9407
Adley Rutschman;2;Nick Anderson;0,9405
Adley Rutschman;3;Walker Buehler;0,8819
Adley Rutschman;4;DJ LeMahieu;0,8532
Adley Rutschman;5;Austin Riley;0,8366
B. J. Ryan;1;Shane Greene;1,0
B. J. Ryan;2;Matt Barnes;1,0
B. J. Ryan;3;Kyle Barraclough;1,0
B. J. Ryan;4;Joel Hanrahan;1,0
B. J. Ryan;5;Takashi Saito;1,0
Nolan Ryan;1;AJ Pollock;0,7839
Nolan Ryan;2;Edwin Encarnacion;0,7644
Nolan Ryan;3;Von Hayes;0,7575
Nolan Ryan;4;Bill Buckner;0,7575
Nolan Ryan;5;Matt Carpenter;0,7257
Hyun Jin Ryu;1;Kevin Gausman;1,0
Hyun Jin Ryu;2;Julio Urias;0,9853
Hyun Jin Ryu;3;Hunter Brown;0,9717
Hyun Jin Ryu;4;Cristopher Sanchez;0,9717
Hyun Jin Ryu;5;Junior Caminero;0,969
Kirk Saarloos;1;Spencer Arrighetti;1,0
Kirk Saarloos;2;Collin McHugh;1,0
Kirk Saarloos;3;Brian Matusz;1,0
Kirk Saarloos;4;Steven Matz;1,0
Kirk Saarloos;5;David Murphy;1,0
CC Sabathia;1;Mike Boddicker;0,7511
CC Sabathia;2;Andy Pettitte;0,7113
CC Sabathia;3;Felix Hernandez;0,6327
CC Sabathia;4;Bartolo Colon;0,6195
CC Sabathia;5;Blake Snell;0,5901
Bret Saberhagen;1;Randy Jones;0,8292
Bret Saberhagen;2;John Denny;0,7958
Bret Saberhagen;3;Tom Glavine;0,775
Bret Saberhagen;4;Frank Viola;0,746
Bret Saberhagen;5;Fergie Jenkins;0,7205
Chris Sabo;1;Bake McBride;0,9916
Chris Sabo;2;Lou Piniella;0,9669
Chris Sabo;3;Sam Jethroe;0,9669
Chris Sabo;4;Jim Lefebvre;0,9669
Chris Sabo;5;John Castino;0,9669
Vic Saier;1;Eddie Ainsmith;1,0
Vic Saier;2;Dode Paskert;1,0
Vic Saier;3;Marv Owen;1,0
Vic Saier;4;Jesse Barnes;1,0
Vic Saier;5;Dick Newsome;1,0
Johnny Sain;1;Hank Borowy;0,991
Johnny Sain;2;Howie Pollet;0,9688
Johnny Sain;3;Bill Voiselle;0,9352
Johnny Sain;4;Bob Lemon;0,9327
Johnny Sain;5;Preacher Roe;0,9126
Takashi Saito;1;Shane Greene;1,0
Takashi Saito;2;Matt Barnes;1,0
Takashi Saito;3;Kyle Barraclough;1,0
Takashi Saito;4;Joel Hanrahan;1,0
Takashi Saito;5;B. J. Ryan;1,0
Danny Salazar;1;Wandy Rodriguez;1,0
Danny Salazar;2;Andy Hawkins;1,0
Danny Salazar;3;Rick Helling;1,0
Danny Salazar;4;Ken Hill;1,0
Danny Salazar;5;Erik Hanson;1,0
Chris Sale;1;Cliff Lee;0,7184
Chris Sale;2;Tarik Skubal;0,6543
Chris Sale;3;Jacob deGrom;0,5618
Chris Sale;4;Matt Harvey;0,5261
Chris Sale;5;Corey Kluber;0,5254
Tim Salmon;1;David Justice;0,6735
Tim Salmon;2;Greg Vaughn;0,6046
Tim Salmon;3;Nomar Garciaparra;0,6002
Tim Salmon;4;Jason Giambi;0,5981
Tim Salmon;5;Bobby Tolan;0,5955
Jeff Samardzija;1;Carlos Martinez;1,0
Jeff Samardzija;2;Todd Zeile;1,0
Jeff Samardzija;3;Candy Maldonado;1,0
Jeff Samardzija;4;Ray Durham;1,0
Jeff Samardzija;5;David Segui;1,0
Joe Sambito;1;Kevin Young;1,0
Joe Sambito;2;Yonder Alonso;1,0
Joe Sambito;3;Oscar Zamora;1,0
Joe Sambito;4;Gary Alexander;1,0
Joe Sambito;5;Mike Young;1,0
Juan Samuel;1;Robby Thompson;0,9935
Juan Samuel;2;Rich Gedman;0,9817
Juan Samuel;3;Lee May;0,9817
Juan Samuel;4;Bernie Carbo;0,9777
Juan Samuel;5;Jason Kendall;0,9777
Anibal Sanchez;1;Pedro Feliz;1,0
Anibal Sanchez;2;Miguel Sano;1,0
Anibal Sanchez;3;Nolan Jones;1,0
Anibal Sanchez;4;Yermin Mercedes;1,0
Anibal Sanchez;5;Jung Ho Kang;1,0
Carlos Sanchez;1;Ruben Amaro;1,0
Carlos Sanchez;2;Masyn Winn;1,0
Carlos Sanchez;3;Charlie Neal;1,0
Carlos Sanchez;4;Javier Sanoja;1,0
Carlos Sanchez;5;Mark Grudzielanek;1,0
Cristopher Sanchez;1;Hunter Brown;1,0
Cristopher Sanchez;2;Hyun Jin Ryu;0,9717
Cristopher Sanchez;3;Kevin Gausman;0,9717
Cristopher Sanchez;4;Freddy Peralta;0,9649
Cristopher Sanchez;5;Nathan Eovaldi;0,9649
Gaby Sanchez;1;Pedro Feliz;1,0
Gaby Sanchez;2;Miguel Sano;1,0
Gaby Sanchez;3;Nolan Jones;1,0
Gaby Sanchez;4;Yermin Mercedes;1,0
Gaby Sanchez;5;Jung Ho Kang;1,0
Gary Sanchez;1;Chris Davis;0,9126
Gary Sanchez;2;Austin Meadows;0,9068
Gary Sanchez;3;Aristides Aquino;0,8871
Gary Sanchez;4;Yoenis Cespedes;0,8817
Gary Sanchez;5;Yuli Gurriel;0,8797
Jonathan Sanchez;1;Carlos Martinez;1,0
Jonathan Sanchez;2;Todd Zeile;1,0
Jonathan Sanchez;3;Candy Maldonado;1,0
Jonathan Sanchez;4;Ray Durham;1,0
Jonathan Sanchez;5;David Segui;1,0
Ryne Sandberg;1;Keith Hernandez;0,8235
Ryne Sandberg;2;Robin Yount;0,7848
Ryne Sandberg;3;Matt Williams;0,7793
Ryne Sandberg;4;Mike Schmidt;0,7506
Ryne Sandberg;5;George Bell;0,7465
Ken Sanders;1;Dave Giusti;1,0
Ken Sanders;2;Minnie Rojas;1,0
Ken Sanders;3;Eddie Fisher;1,0
Ken Sanders;4;Roy Face;1,0
Ken Sanders;5;Mike Fornieles;1,0
Ray Sanders;1;Dick Bartell;1,0
Ray Sanders;2;Ralph Branca;1,0
Ray Sanders;3;Doc Cramer;1,0
Ray Sanders;4;Dom DiMaggio;1,0
Ray Sanders;5;Mickey Vernon;1,0
Reggie Sanders;1;Wally Joyner;0,9355
Reggie Sanders;2;Brian Giles;0,9355
Reggie Sanders;3;A. J. Burnett;0,9303
Reggie Sanders;4;Mark Reynolds;0,9303
Reggie Sanders;5;Hal Morris;0,9303
Pablo Sandoval;1;Madison Bumgarner;0,9304
Pablo Sandoval;2;David Freese;0,7755
Pablo Sandoval;3;Tim Lincecum;0,772
Pablo Sandoval;4;David Ortiz;0,4672
Pablo Sandoval;5;Bucky Dent;0,4496
Jack Sanford;1;Bob Allison;1,0
Jack Sanford;2;Herb Score;1,0
Jack Sanford;3;Joe Black;1,0
Jack Sanford;4;Don Schwall;1,0
Jack Sanford;5;Ron Hansen;1,0
Manny Sanguillen;1;Jim Bibby;1,0
Manny Sanguillen;2;Larry McWilliams;1,0
Manny Sanguillen;3;Willie Montanez;1,0
Manny Sanguillen;4;Rico Petrocelli;1,0
Manny Sanguillen;5;Shawon Dunston;1,0
Javier Sanoja;1;Ruben Amaro;1,0
Javier Sanoja;2;Masyn Winn;1,0
Javier Sanoja;3;Charlie Neal;1,0
Javier Sanoja;4;Randy Hundley;1,0
Javier Sanoja;5;Mark Grudzielanek;1,0
Miguel Sano;1;Nolan Jones;1,0
Miguel Sano;2;Yermin Mercedes;1,0
Miguel Sano;3;Jung Ho Kang;1,0
Miguel Sano;4;James Loney;1,0
Miguel Sano;5;Chris Duncan;1,0
Anthony Santander;1;Mitch Garver;1,0
Anthony Santander;2;Geraldo Perdomo;1,0
Anthony Santander;3;Yovani Gallardo;1,0
Anthony Santander;4;Wilson Ramos;1,0
Anthony Santander;5;Travis d'Arnaud;1,0
Carlos Santana;1;Jay Bell;1,0
Carlos Santana;2;Shawn Green;1,0
Carlos Santana;3;Russell Martin;0,9266
Carlos Santana;4;Jason Varitek;0,9266
Carlos Santana;5;Morgan Ensberg;0,8958
Danny Santana;1;Kevin Young;1,0
Danny Santana;2;Yonder Alonso;1,0
Danny Santana;3;Oscar Zamora;1,0
Danny Santana;4;Gary Alexander;1,0
Danny Santana;5;Mike Young;1,0
Ervin Santana;1;Kevin Young;1,0
Ervin Santana;2;Yonder Alonso;1,0
Ervin Santana;3;Oscar Zamora;1,0
Ervin Santana;4;Gary Alexander;1,0
Ervin Santana;5;Mike Young;1,0
Johan Santana;1;Zack Greinke;0,8545
Johan Santana;2;Clayton Kershaw;0,8303
Johan Santana;3;Jake Peavy;0,7443
Johan Santana;4;Roger Clemens;0,7257
Johan Santana;5;Felix Hernandez;0,7098
Benito Santiago;1;Gary Matthews;0,8539
Benito Santiago;2;Jeffrey Leonard;0,7961
Benito Santiago;3;Manny Trillo;0,717
Benito Santiago;4;Chuck Knoblauch;0,706
Benito Santiago;5;Javier Baez;0,6694
Ron Santo;1;Don Kessinger;0,9468
Ron Santo;2;Buddy Bell;0,9037
Ron Santo;3;Wes Parker;0,868
Ron Santo;4;Brandon Crawford;0,8552
Ron Santo;5;Gil Hodges;0,849
Kazuhiro Sasaki;1;John Montefusco;1,0
Kazuhiro Sasaki;2;Stan Bahnsen;0,997
Kazuhiro Sasaki;3;Scott Williamson;0,997
Kazuhiro Sasaki;4;Carl Morton;0,997
Kazuhiro Sasaki;5;Butch Metzger;0,997
Hank Sauer;1;Jackie Jensen;0,9815
Hank Sauer;2;Jeff Burroughs;0,9155
Hank Sauer;3;Roger Maris;0,9016
Hank Sauer;4;Willie McGee;0,8716
Hank Sauer;5;Nellie Fox;0,8659
Steve Sax;1;Alfredo Griffin;0,9488
Steve Sax;2;Walt Dropo;0,931
Steve Sax;3;Ted Sizemore;0,9217
Steve Sax;4;Jim Lefebvre;0,9217
Steve Sax;5;Harry Byrd;0,9217
Ray Schalk;1;Art Devlin;1,0
Ray Schalk;2;Ross Youngs;1,0
Ray Schalk;3;Stuffy McInnis;1,0
Ray Schalk;4;Joe Dugan;1,0
Ray Schalk;5;Heinie Zimmerman;1,0
Wally Schang;1;Tommy Leach;1,0
Wally Schang;2;Charlie Keller;1,0
Wally Schang;3;Ray Kremer;1,0
Wally Schang;4;Elmer Riddle;1,0
Wally Schang;5;Ken Keltner;1,0
Richie Scheinblum;1;Felipe Alou;1,0
Richie Scheinblum;2;Matty Alou;1,0
Richie Scheinblum;3;Bobby Avila;1,0
Richie Scheinblum;4;Tony Bernazard;1,0
Richie Scheinblum;5;Smoky Burgess;1,0
Max Scherzer;1;Blake Snell;0,9426
Max Scherzer;2;Sandy Alcantara;0,9339
Max Scherzer;3;Pat Hentgen;0,9087
Max Scherzer;4;Felix Hernandez;0,8731
Max Scherzer;5;Bartolo Colon;0,8694
Curt Schilling;1;Jamie Moyer;0,6809
Curt Schilling;2;Willie Stargell;0,6256
Curt Schilling;3;Barry Zito;0,5966
Curt Schilling;4;Ozzie Smith;0,5963
Curt Schilling;5;Craig Biggio;0,58
Ryan Schimpf;1;Paul DeJong;1,0
Ryan Schimpf;2;Blake DeWitt;1,0
Ryan Schimpf;3;Ryan Drese;1,0
Ryan Schimpf;4;Reed Johnson;1,0
Ryan Schimpf;5;Bobby Dalbec;1,0
Jason Schmidt;1;Jimmy Key;0,8953
Jason Schmidt;2;Pat Hentgen;0,8825
Jason Schmidt;3;Felix Hernandez;0,8586
Jason Schmidt;4;Bartolo Colon;0,8281
Jason Schmidt;5;Blake Snell;0,8018
Johnny Schmitz;1;Eddie Ainsmith;1,0
Johnny Schmitz;2;Dode Paskert;1,0
Johnny Schmitz;3;Marv Owen;1,0
Johnny Schmitz;4;Jesse Barnes;1,0
Johnny Schmitz;5;Dick Newsome;1,0
Mike Schmidt;1;Dale Murphy;0,8092
Mike Schmidt;2;Don Mattingly;0,8058
Mike Schmidt;3;Keith Hernandez;0,7948
Mike Schmidt;4;Hank Aaron;0,7657
Mike Schmidt;5;Ryne Sandberg;0,7506
Walter Schmidt;1;Babe Adams;1,0
Walter Schmidt;2;Jim Bagby;1,0
Walter Schmidt;3;Ivey Wingo;1,0
Walter Schmidt;4;Red Lucas;1,0
Walter Schmidt;5;Dolf Luque;1,0
Red Schoendienst;1;Jim Bunning;1,0
Red Schoendienst;2;Johnny Pesky;1,0
Red Schoendienst;3;Earl Wilson;1,0
Red Schoendienst;4;Allie Reynolds;0,9649
Red Schoendienst;5;Ted Kluszewski;0,9637
Jonathan Schoop;1;Ray Durham;1,0
Jonathan Schoop;2;Colby Rasmus;1,0
Jonathan Schoop;3;Dan Driessen;1,0
Jonathan Schoop;4;Len Barker;1,0
Jonathan Schoop;5;Candy Maldonado;1,0
Pete Schourek;1;Felipe Alou;1,0
Pete Schourek;2;Matty Alou;1,0
Pete Schourek;3;Bobby Avila;1,0
Pete Schourek;4;Tony Bernazard;1,0
Pete Schourek;5;Smoky Burgess;1,0
Frank Schulte;1;Roger Peckinpaugh;1,0
Frank Schulte;2;Larry Doyle;0,9896
Frank Schulte;3;Phil Cavarretta;0,9703
Frank Schulte;4;George Burns;0,9588
Frank Schulte;5;Bob O'Farrell;0,9588
Hal Schumacher;1;Eddie Ainsmith;1,0
Hal Schumacher;2;Dode Paskert;1,0
Hal Schumacher;3;Marv Owen;1,0
Hal Schumacher;4;Jesse Barnes;1,0
Hal Schumacher;5;Dick Newsome;1,0
Don Schwall;1;Bob Allison;1,0
Don Schwall;2;Herb Score;1,0
Don Schwall;3;Joe Black;1,0
Don Schwall;4;Jack Sanford;1,0
Don Schwall;5;Ron Hansen;1,0
Kyle Schwarber;1;Alex Bregman;0,9169
Kyle Schwarber;2;Jarren Duran;0,8849
Kyle Schwarber;3;Kyle Tucker;0,7736
Kyle Schwarber;4;Rafael Devers;0,7459
Kyle Schwarber;5;Julio Urias;0,7453
Frank Schwindel;1;Nomar Mazara;1,0
Frank Schwindel;2;Brian Bannister;1,0
Frank Schwindel;3;Evan Gattis;1,0
Frank Schwindel;4;Tyler Naquin;1,0
Frank Schwindel;5;Josh Phelps;0,9944
Mike Scioscia;1;Felipe Alou;1,0
Mike Scioscia;2;Matty Alou;1,0
Mike Scioscia;3;Bobby Avila;1,0
Mike Scioscia;4;Tony Bernazard;1,0
Mike Scioscia;5;Smoky Burgess;1,0
Herb Score;1;Bob Allison;1,0
Herb Score;2;Don Schwall;1,0
Herb Score;3;Joe Black;1,0
Herb Score;4;Jack Sanford;1,0
Herb Score;5;Ron Hansen;1,0
Everett Scott;1;Lou Fette;1,0
Everett Scott;2;Pete Fox;1,0
Everett Scott;3;Larry Benton;1,0
Everett Scott;4;Johnny Bassler;1,0
Everett Scott;5;Jack Barry;1,0
George Scott;1;Bob Boone;0,9816
George Scott;2;Mike Mussina;0,9791
George Scott;3;Devon White;0,973
George Scott;4;Vic Power;0,973
George Scott;5;Curt Flood;0,9612
Jim Scott;1;Eddie Ainsmith;1,0
Jim Scott;2;Dode Paskert;1,0
Jim Scott;3;Marv Owen;1,0
Jim Scott;4;Jesse Barnes;1,0
Jim Scott;5;Dick Newsome;1,0
Luke Scott;1;Bill Doran;1,0
Luke Scott;2;Craig Wilson;1,0
Luke Scott;3;Vinnie Pasquantino;1,0
Luke Scott;4;Johnny Cueto;1,0
Luke Scott;5;Lyle Overbay;1,0
Mike Scott;1;Steve Avery;0,8366
Mike Scott;2;Mike Devereaux;0,8366
Mike Scott;3;Eddie Rosario;0,8254
Mike Scott;4;Javier Baez;0,8179
Mike Scott;5;Rob Dibble;0,8165
Tanner Scott;1;David Bednar;1,0
Tanner Scott;2;Joakim Soria;1,0
Tanner Scott;3;Robert Suarez;1,0
Tanner Scott;4;Jason Grilli;1,0
Tanner Scott;5;Clay Holmes;1,0
Marco Scutaro;1;Cody Ross;1,0
Marco Scutaro;2;Sterling Hitchcock;1,0
Marco Scutaro;3;Eddie Perez;1,0
Marco Scutaro;4;Craig Counsell;1,0
Marco Scutaro;5;Jeff Suppan;1,0
Corey Seager;1;Livan Hernandez;0,6807
Corey Seager;2;Darrell Porter;0,6762
Corey Seager;3;Corbin Carroll;0,6204
Corey Seager;4;Julio Rodriguez;0,6159
Corey Seager;5;George Springer;0,5943
Kyle Seager;1;Sixto Lezcano;1,0
Kyle Seager;2;Rick Manning;1,0
Kyle Seager;3;Ty France;1,0
Kyle Seager;4;Adam Duvall;1,0
Kyle Seager;5;Brett Gardner;0,9498
Tom Seaver;1;Carlton Fisk;0,7281
Tom Seaver;2;Randy Johnson;0,6778
Tom Seaver;3;Yogi Berra;0,6414
Tom Seaver;4;Joe Torre;0,6205
Tom Seaver;5;Rod Carew;0,6059
David Segui;1;Adam Eaton;1,0
David Segui;2;Colby Rasmus;1,0
David Segui;3;Dan Driessen;1,0
David Segui;4;Len Barker;1,0
David Segui;5;Ray Durham;1,0
Jean Segura;1;Kevin Young;1,0
Jean Segura;2;Yonder Alonso;1,0
Jean Segura;3;Oscar Zamora;1,0
Jean Segura;4;Gary Alexander;1,0
Jean Segura;5;Mike Young;1,0
Kevin Seitzer;1;Kevin Young;1,0
Kevin Seitzer;2;Yonder Alonso;1,0
Kevin Seitzer;3;Oscar Zamora;1,0
Kevin Seitzer;4;Gary Alexander;1,0
Kevin Seitzer;5;Mike Young;1,0
Aaron Sele;1;Jim Nash;1,0
Aaron Sele;2;Mike Nagy;1,0
Aaron Sele;3;Rolando Arrojo;1,0
Aaron Sele;4;Craig McMurtry;1,0
Aaron Sele;5;Billy McCool;1,0
Marcus Semien;1;Brandon Inge;0,8391
Marcus Semien;2;Adam Jones;0,8366
Marcus Semien;3;Michael Young;0,8073
Marcus Semien;4;Rhys Hoskins;0,8016
Marcus Semien;5;Curtis Granderson;0,7497
Antonio Senzatela;1;Paul DeJong;1,0
Antonio Senzatela;2;Blake DeWitt;1,0
Antonio Senzatela;3;Ryan Drese;1,0
Antonio Senzatela;4;Reed Johnson;1,0
Antonio Senzatela;5;Bobby Dalbec;1,0
Nick Senzel;1;Kevin Young;1,0
Nick Senzel;2;Yonder Alonso;1,0
Nick Senzel;3;Oscar Zamora;1,0
Nick Senzel;4;Gary Alexander;1,0
Nick Senzel;5;Mike Young;1,0
Joe Sewell;1;Ted Lyons;1,0
Joe Sewell;2;Paul Derringer;0,9986
Joe Sewell;3;Kiki Cuyler;0,9986
Joe Sewell;4;Billy Herman;0,9986
Joe Sewell;5;Lon Warneke;0,9986
Rip Sewell;1;Ewell Blackwell;1,0
Rip Sewell;2;Tiny Bonham;1,0
Rip Sewell;3;Glenn Wright;1,0
Rip Sewell;4;Schoolboy Rowe;1,0
Rip Sewell;5;Charlie Root;1,0
Richie Sexson;1;Kevin Young;1,0
Richie Sexson;2;Yonder Alonso;1,0
Richie Sexson;3;Oscar Zamora;1,0
Richie Sexson;4;Gary Alexander;1,0
Richie Sexson;5;Mike Young;1,0
Bobby Shantz;1;Jim Kaat;0,8673
Bobby Shantz;2;Curt Flood;0,7637
Bobby Shantz;3;Paul Blair;0,7618
Bobby Shantz;4;Bob Boone;0,7591
Bobby Shantz;5;Dwayne Murphy;0,7543
Jeff Shaw;1;Bobby Thigpen;1,0
Jeff Shaw;2;Jim Kern;0,9901
Jeff Shaw;3;Jeff Russell;0,9718
Jeff Shaw;4;Rawly Eastwick;0,9718
Jeff Shaw;5;Antonio Alfonseca;0,9718
Ben Sheets;1;Chris Archer;1,0
Ben Sheets;2;Matt Shoemaker;1,0
Ben Sheets;3;Martin Perez;0,9819
Ben Sheets;4;Josh Johnson;0,9723
Ben Sheets;5;Trevor Rogers;0,9553
Gary Sheffield;1;Al Oliver;0,7177
Gary Sheffield;2;Magglio Ordonez;0,7165
Gary Sheffield;3;George Bell;0,7052
Gary Sheffield;4;Jack Clark;0,6958
Gary Sheffield;5;Joe Carter;0,6754
Chris Shelton;1;Kevin Young;1,0
Chris Shelton;2;Yonder Alonso;1,0
Chris Shelton;3;Oscar Zamora;1,0
Chris Shelton;4;Gary Alexander;1,0
Chris Shelton;5;Mike Young;1,0
Bill Sherdel;1;Eddie Ainsmith;1,0
Bill Sherdel;2;Dode Paskert;1,0
Bill Sherdel;3;Marv Owen;1,0
Bill Sherdel;4;Jesse Barnes;1,0
Bill Sherdel;5;Dick Newsome;1,0
Pat Sheridan;1;Kevin Young;1,0
Pat Sheridan;2;Yonder Alonso;1,0
Pat Sheridan;3;Oscar Zamora;1,0
Pat Sheridan;4;Gary Alexander;1,0
Pat Sheridan;5;Mike Young;1,0
Larry Sherry;1;Don Larsen;1,0
Larry Sherry;2;Rick Dempsey;1,0
Larry Sherry;3;Mickey Lolich;1,0
Larry Sherry;4;David Eckstein;1,0
Larry Sherry;5;Johnny Podres;1,0
James Shields;1;Bobby Higginson;1,0
James Shields;2;Hal Morris;1,0
James Shields;3;Phil Garner;1,0
James Shields;4;Mark Reynolds;1,0
James Shields;5;Jason Thompson;1,0
Bob Shirley;1;Kevin Young;1,0
Bob Shirley;2;Yonder Alonso;1,0
Bob Shirley;3;Oscar Zamora;1,0
Bob Shirley;4;Gary Alexander;1,0
Bob Shirley;5;Mike Young;1,0
Urban Shocker;1;Jack Meyers;1,0
Urban Shocker;2;Chick Hafey;1,0
Urban Shocker;3;Charlie Hollocher;1,0
Urban Shocker;4;Willie Kamm;1,0
Urban Shocker;5;Eppa Rixey;1,0
Matt Shoemaker;1;Chris Archer;1,0
Matt Shoemaker;2;Ben Sheets;1,0
Matt Shoemaker;3;Martin Perez;0,9819
Matt Shoemaker;4;Josh Johnson;0,9723
Matt Shoemaker;5;Trevor Rogers;0,9553
Norm Siebern;1;Leo Cardenas;1,0
Norm Siebern;2;Frank Bolling;1,0
Norm Siebern;3;Frank Lary;1,0
Norm Siebern;4;Aaron Rowand;1,0
Norm Siebern;5;Bud Harrelson;1,0
Ruben Sierra;1;Greg Vaughn;0,8624
Ruben Sierra;2;Adam Dunn;0,8542
Ruben Sierra;3;Darren Daulton;0,8274
Ruben Sierra;4;Mike Lieberthal;0,8202
Ruben Sierra;5;John Jaha;0,8171
Roy Sievers;1;Bob Allison;1,0
Roy Sievers;2;Don Schwall;1,0
Roy Sievers;3;Joe Black;1,0
Roy Sievers;4;Jack Sanford;1,0
Roy Sievers;5;Herb Score;1,0
Al Simmons;1;Joe Cronin;0,9848
Al Simmons;2;Charlie Gehringer;0,9688
Al Simmons;3;Joe Gordon;0,9588
Al Simmons;4;Arky Vaughan;0,9292
Al Simmons;5;Bill Terry;0,9143
Andrelton Simmons;1;Yadier Molina;0,9153
Andrelton Simmons;2;Orlando Cabrera;0,8895
Andrelton Simmons;3;Jim Edmonds;0,8781
Andrelton Simmons;4;Elvis Andrus;0,875
Andrelton Simmons;5;Asdrubal Cabrera;0,8651
Ted Simmons;1;Tino Martinez;0,8728
Ted Simmons;2;Jack Clark;0,8512
Ted Simmons;3;Joe Crede;0,8459
Ted Simmons;4;George Hendrick;0,8448
Ted Simmons;5;Vinny Castilla;0,8385
Jason Simontacchi;1;Paul DeJong;1,0
Jason Simontacchi;2;Blake DeWitt;1,0
Jason Simontacchi;3;Ryan Drese;1,0
Jason Simontacchi;4;Reed Johnson;1,0
Jason Simontacchi;5;Bobby Dalbec;1,0
Randall Simon;1;Kevin Young;1,0
Randall Simon;2;Yonder Alonso;1,0
Randall Simon;3;Oscar Zamora;1,0
Randall Simon;4;Gary Alexander;1,0
Randall Simon;5;Mike Young;1,0
Chris Singleton;1;Kevin Young;1,0
Chris Singleton;2;Yonder Alonso;1,0
Chris Singleton;3;Oscar Zamora;1,0
Chris Singleton;4;Gary Alexander;1,0
Chris Singleton;5;Mike Young;1,0
Ken Singleton;1;Harold Reynolds;0,9419
Ken Singleton;2;Jimmy Rollins;0,8463
Ken Singleton;3;Cecil Cooper;0,8055
Ken Singleton;4;Garry Maddox;0,7718
Ken Singleton;5;Ron Guidry;0,6711
George Sisler;1;Jake Daubert;0,9957
George Sisler;2;Tris Speaker;0,9855
George Sisler;3;Eddie Collins;0,9824
George Sisler;4;Gabby Hartnett;0,9726
George Sisler;5;Frankie Frisch;0,9676
Grady Sizemore;1;Jesse Barfield;0,9543
Grady Sizemore;2;David Peralta;0,9351
Grady Sizemore;3;Adam LaRoche;0,8886
Grady Sizemore;4;Brandon Phillips;0,8705
Grady Sizemore;5;Tucker Barnhart;0,8534
Ted Sizemore;1;Drake Baldwin;1,0
Ted Sizemore;2;Lou Piniella;1,0
Ted Sizemore;3;Sam Jethroe;1,0
Ted Sizemore;4;Gregg Olson;1,0
Ted Sizemore;5;John Castino;1,0
Paul Skenes;1;Corbin Burnes;0,8057
Paul Skenes;2;Alek Manoah;0,729
Paul Skenes;3;Austin Riley;0,7241
Paul Skenes;4;Yu Darvish;0,6882
Paul Skenes;5;Walker Buehler;0,6714
Bill Skowron;1;Felipe Alou;1,0
Bill Skowron;2;Matty Alou;1,0
Bill Skowron;3;Bobby Avila;1,0
Bill Skowron;4;Tony Bernazard;1,0
Bill Skowron;5;Smoky Burgess;1,0
Tarik Skubal;1;Tip O'Neill;0,6906
Tarik Skubal;2;Paul Hines;0,6906
Tarik Skubal;3;Hugh Duffy;0,6906
Tarik Skubal;4;Nap Lajoie;0,6809
Tarik Skubal;5;Chris Sale;0,6543
Jim Slaton;1;Kevin Young;1,0
Jim Slaton;2;Yonder Alonso;1,0
Jim Slaton;3;Oscar Zamora;1,0
Jim Slaton;4;Gary Alexander;1,0
Jim Slaton;5;Mike Young;1,0
Enos Slaughter;1;Ralph Kiner;0,9199
Enos Slaughter;2;Ferris Fain;0,7965
Enos Slaughter;3;Luke Easter;0,692
Enos Slaughter;4;Bobby Ayala;0,692
Enos Slaughter;5;Lou Boudreau;0,684
Terrmel Sledge;1;Paul DeJong;1,0
Terrmel Sledge;2;Blake DeWitt;1,0
Terrmel Sledge;3;Ryan Drese;1,0
Terrmel Sledge;4;Reed Johnson;1,0
Terrmel Sledge;5;Bobby Dalbec;1,0
Heathcliff Slocumb;1;Wandy Rodriguez;1,0
Heathcliff Slocumb;2;Andy Hawkins;1,0
Heathcliff Slocumb;3;Rick Helling;1,0
Heathcliff Slocumb;4;Ken Hill;1,0
Heathcliff Slocumb;5;Erik Hanson;1,0
Roy Smalley;1;Jim Bibby;0,9132
Roy Smalley;2;Willie Montanez;0,9132
Roy Smalley;3;Toby Harrah;0,9132
Roy Smalley;4;Tom Herr;0,9132
Roy Smalley;5;Shawon Dunston;0,9132
John Smiley;1;Wandy Rodriguez;1,0
John Smiley;2;Andy Hawkins;1,0
John Smiley;3;Rick Helling;1,0
John Smiley;4;Ken Hill;1,0
John Smiley;5;Erik Hanson;1,0
Al Smith;1;Eddie Ainsmith;1,0
Al Smith;2;Dode Paskert;1,0
Al Smith;3;Marv Owen;1,0
Al Smith;4;Jesse Barnes;1,0
Al Smith;5;Dick Newsome;1,0
Bud Smith;1;Yermin Mercedes;1,0
Bud Smith;2;Jung Ho Kang;1,0
Bud Smith;3;Ian Stewart;1,0
Bud Smith;4;Nolan Jones;1,0
Bud Smith;5;Pedro Feliz;1,0
Cade Smith;1;Shane Greene;1,0
Cade Smith;2;B. J. Ryan;1,0
Cade Smith;3;Matt Barnes;1,0
Cade Smith;4;Takashi Saito;1,0
Cade Smith;5;Kyle Barraclough;1,0
Earl Smith;1;Tommy Leach;1,0
Earl Smith;2;Charlie Keller;1,0
Earl Smith;3;Ray Kremer;1,0
Earl Smith;4;Elmer Riddle;1,0
Earl Smith;5;Ken Keltner;1,0
Josh Smith;1;Kevin Young;1,0
Josh Smith;2;Yonder Alonso;1,0
Josh Smith;3;Oscar Zamora;1,0
Josh Smith;4;Gary Alexander;1,0
Josh Smith;5;Mike Young;1,0
Lee Smith;1;Dan Quisenberry;0,9861
Lee Smith;2;Bill Campbell;0,9835
Lee Smith;3;Jeff Reardon;0,9784
Lee Smith;4;Rich Gossage;0,9763
Lee Smith;5;Jeff Montgomery;0,9664
Lonnie Smith;1;Tommie Agee;0,8371
Lonnie Smith;2;Rich Gedman;0,7727
Lonnie Smith;3;Lee May;0,7726
Lonnie Smith;4;Larry Herndon;0,7694
Lonnie Smith;5;Bernie Carbo;0,7694
Ozzie Smith;1;Shane Victorino;0,7374
Ozzie Smith;2;Tony Gwynn;0,7267
Ozzie Smith;3;Jamie Moyer;0,6877
Ozzie Smith;4;Al Leiter;0,6733
Ozzie Smith;5;Craig Biggio;0,6688
Reggie Smith;1;Reggie Sanders;0,9083
Reggie Smith;2;Carlos Gomez;0,894
Reggie Smith;3;Josh Reddick;0,894
Reggie Smith;4;Brett Gardner;0,894
Reggie Smith;5;Jose Cruz;0,894
Seth Smith;1;Adam Eaton;1,0
Seth Smith;2;Colby Rasmus;1,0
Seth Smith;3;Dan Driessen;1,0
Seth Smith;4;Len Barker;1,0
Seth Smith;5;David Segui;1,0
Will Smith;1;Julio Urias;0,9825
Will Smith;2;Kyle Tucker;0,9721
Will Smith;3;Ozzie Albies;0,9695
Will Smith;4;Kevin Gausman;0,968
Will Smith;5;Hyun Jin Ryu;0,968
Zane Smith;1;Felipe Alou;1,0
Zane Smith;2;Matty Alou;1,0
Zane Smith;3;Bobby Avila;1,0
Zane Smith;4;Tony Bernazard;1,0
Zane Smith;5;Smoky Burgess;1,0
Justin Smoak;1;Adam Eaton;1,0
Justin Smoak;2;Colby Rasmus;1,0
Justin Smoak;3;Dan Driessen;1,0
Justin Smoak;4;Len Barker;1,0
Justin Smoak;5;David Segui;1,0
John Smoltz;1;Anthony Rizzo;0,6049
John Smoltz;2;Jim Thome;0,5955
John Smoltz;3;Curtis Granderson;0,557
John Smoltz;4;Mariano Rivera;0,5346
John Smoltz;5;Curt Schilling;0,5255
Blake Snell;1;Max Scherzer;0,9426
Blake Snell;2;Pat Hentgen;0,932
Blake Snell;3;Robbie Ray;0,9273
Blake Snell;4;Felix Hernandez;0,9271
Blake Snell;5;Sandy Alcantara;0,9066
Duke Snider;1;Al Rosen;0,9057
Duke Snider;2;Lou Boudreau;0,8626
Duke Snider;3;Kevin Mitchell;0,8245
Duke Snider;4;Roger Maris;0,8018
Duke Snider;5;Stan Musial;0,7471
J. T. Snow;1;Kenny Lofton;0,9879
J. T. Snow;2;Steve Finley;0,9798
J. T. Snow;3;Mike Mussina;0,9706
J. T. Snow;4;George Scott;0,954
J. T. Snow;5;Mike Cameron;0,9401
Cory Snyder;1;Dan Meyer;1,0
Cory Snyder;2;Claudell Washington;1,0
Cory Snyder;3;Bo Diaz;1,0
Cory Snyder;4;Buzz Capra;1,0
Cory Snyder;5;Kal Daniels;1,0
Frank Snyder;1;Tommy Leach;1,0
Frank Snyder;2;Charlie Keller;1,0
Frank Snyder;3;Ray Kremer;1,0
Frank Snyder;4;Elmer Riddle;1,0
Frank Snyder;5;Ken Keltner;1,0
Eric Soderholm;1;Clyde Wright;1,0
Eric Soderholm;2;Gil Meche;1,0
Eric Soderholm;3;Alex Johnson;1,0
Eric Soderholm;4;Storm Davis;1,0
Eric Soderholm;5;Kevin Elster;1,0
Donovan Solano;1;Edgardo Alfonzo;1,0
Donovan Solano;2;Eric Young;1,0
Donovan Solano;3;Dickie Thon;1,0
Donovan Solano;4;Cedric Mullins;1,0
Donovan Solano;5;Matt Nokes;1,0
Jorge Soler;1;Steve Pearce;1,0
Jorge Soler;2;Steve Yeager;0,9957
Jorge Soler;3;Pat Borders;0,9957
Jorge Soler;4;Donn Clendenon;0,9957
Jorge Soler;5;Ben Zobrist;0,9828
Lary Sorensen;1;Kevin Young;1,0
Lary Sorensen;2;Yonder Alonso;1,0
Lary Sorensen;3;Oscar Zamora;1,0
Lary Sorensen;4;Gary Alexander;1,0
Lary Sorensen;5;Mike Young;1,0
Alfonso Soriano;1;Fred McGriff;0,9867
Alfonso Soriano;2;Miguel Tejada;0,7997
Alfonso Soriano;3;Mike Piazza;0,7979
Alfonso Soriano;4;Julio Franco;0,7928
Alfonso Soriano;5;Brian McCann;0,7909
Joakim Soria;1;Clay Holmes;1,0
Joakim Soria;2;Jordan Romano;1,0
Joakim Soria;3;Jason Grilli;1,0
Joakim Soria;4;Felipe Vazquez;1,0
Joakim Soria;5;Bobby Jenks;1,0
Rafael Soriano;1;Edwin Diaz;0,8024
Rafael Soriano;2;Felix Bautista;0,7926
Rafael Soriano;3;Kenley Jansen;0,7727
Rafael Soriano;4;Joe Nathan;0,7694
Rafael Soriano;5;Emmanuel Clase;0,7672
Mike Soroka;1;Bryan Woo;1,0
Mike Soroka;2;Charlie Morton;1,0
Mike Soroka;3;Jordan Montgomery;1,0
Mike Soroka;4;Yasmani Grandal;1,0
Mike Soroka;5;Kyle Bradish;1,0
Sammy Sosa;1;Andrew McCutchen;0,6894
Sammy Sosa;2;Cecil Cooper;0,6819
Sammy Sosa;3;Albert Belle;0,6684
Sammy Sosa;4;Manny Ramirez;0,6661
Sammy Sosa;5;Jim Thome;0,6499
Geovany Soto;1;Bobby Crosby;0,9721
Geovany Soto;2;Jonathan India;0,9709
Geovany Soto;3;Wil Myers;0,9654
Geovany Soto;4;Gunnar Henderson;0,9556
Geovany Soto;5;Jason Bay;0,9482
Juan Soto;1;Austin Riley;0,8651
Juan Soto;2;J. T. Realmuto;0,7945
Juan Soto;3;Trea Turner;0,7836
Juan Soto;4;William Contreras;0,7439
Juan Soto;5;DJ LeMahieu;0,7269
Steven Souza;1;Gabe Kapler;1,0
Steven Souza;2;Dewayne Wise;0,9993
Steven Souza;3;Ben Revere;0,9832
Steven Souza;4;Melky Cabrera;0,9198
Steven Souza;5;Rafael Furcal;0,8214
Warren Spahn;1;Bob Lemon;0,8631
Warren Spahn;2;Billy Pierce;0,8324
Warren Spahn;3;Robin Roberts;0,8157
Warren Spahn;4;Hank Borowy;0,7851
Warren Spahn;5;Johnny Sain;0,7759
Steve Sparks;1;Wandy Rodriguez;1,0
Steve Sparks;2;Andy Hawkins;1,0
Steve Sparks;3;Rick Helling;1,0
Steve Sparks;4;Ken Hill;1,0
Steve Sparks;5;Erik Hanson;1,0
Tris Speaker;1;Eddie Collins;0,9999
Tris Speaker;2;George Sisler;0,9855
Tris Speaker;3;Jake Daubert;0,9655
Tris Speaker;4;Edd Roush;0,9633
Tris Speaker;5;Honus Wagner;0,957
Chris Speier;1;Felipe Alou;1,0
Chris Speier;2;Matty Alou;1,0
Chris Speier;3;Bobby Avila;1,0
Chris Speier;4;Tony Bernazard;1,0
Chris Speier;5;Smoky Burgess;1,0
Jim Spencer;1;Tucker Barnhart;1,0
Jim Spencer;2;Matt Wieters;1,0
Jim Spencer;3;Patrick Bailey;1,0
Jim Spencer;4;Trent Grisham;1,0
Jim Spencer;5;Ken Berry;1,0
Shane Spencer;1;Kevin Young;1,0
Shane Spencer;2;Yonder Alonso;1,0
Shane Spencer;3;Oscar Zamora;1,0
Shane Spencer;4;Gary Alexander;1,0
Shane Spencer;5;Mike Young;1,0
Stan Spence;1;Tommy Leach;1,0
Stan Spence;2;Charlie Keller;1,0
Stan Spence;3;Ray Kremer;1,0
Stan Spence;4;Elmer Riddle;1,0
Stan Spence;5;Ken Keltner;1,0
Scott Spiezio;1;Kevin Young;1,0
Scott Spiezio;2;Yonder Alonso;1,0
Scott Spiezio;3;Oscar Zamora;1,0
Scott Spiezio;4;Gary Alexander;1,0
Scott Spiezio;5;Mike Young;1,0
George Springer;1;Edgar Renteria;0,8885
George Springer;2;Hideki Matsui;0,8438
George Springer;3;Pedro Guerrero;0,834
George Springer;4;Ben Zobrist;0,7665
George Springer;5;Jose Rijo;0,7568
Mike Squires;1;Ruben Amaro;1,0
Mike Squires;2;Masyn Winn;1,0
Mike Squires;3;Charlie Neal;1,0
Mike Squires;4;Randy Hundley;1,0
Mike Squires;5;Mark Grudzielanek;1,0
Matt Stairs;1;Kevin Young;1,0
Matt Stairs;2;Yonder Alonso;1,0
Matt Stairs;3;Oscar Zamora;1,0
Matt Stairs;4;Gary Alexander;1,0
Matt Stairs;5;Mike Young;1,0
Jacob Stallings;1;Ruben Amaro;1,0
Jacob Stallings;2;Masyn Winn;1,0
Jacob Stallings;3;Charlie Neal;1,0
Jacob Stallings;4;Randy Hundley;1,0
Jacob Stallings;5;Mark Grudzielanek;1,0
Craig Stammen;1;Darren O'Day;1,0
Craig Stammen;2;Brad Ziegler;1,0
Craig Stammen;3;Griffin Jax;1,0
Craig Stammen;4;Jon Gray;1,0
Craig Stammen;5;Ian Kennedy;1,0
Oscar Stanage;1;Lou Fette;1,0
Oscar Stanage;2;Pete Fox;1,0
Oscar Stanage;3;Larry Benton;1,0
Oscar Stanage;4;Jack Barry;1,0
Oscar Stanage;5;Johnny Bassler;1,0
Eddie Stanky;1;Lou Fette;1,0
Eddie Stanky;2;Pete Fox;1,0
Eddie Stanky;3;Larry Benton;1,0
Eddie Stanky;4;Jack Barry;1,0
Eddie Stanky;5;Johnny Bassler;1,0
Bob Stanley;1;Tommy Greene;1,0
Bob Stanley;2;Lucas Giolito;1,0
Bob Stanley;3;Noah Lowry;1,0
Bob Stanley;4;Jim Clancy;1,0
Bob Stanley;5;Mike Moore;1,0
Mickey Stanley;1;Charles Johnson;1,0
Mickey Stanley;2;Cesar Geronimo;1,0
Mickey Stanley;3;Mike Matheny;1,0
Mickey Stanley;4;Gary Pettis;0,9945
Mickey Stanley;5;Jim Landis;0,9945
Mike Stanley;1;Edgardo Alfonzo;1,0
Mike Stanley;2;Eric Young;1,0
Mike Stanley;3;Dickie Thon;1,0
Mike Stanley;4;Cedric Mullins;1,0
Mike Stanley;5;Matt Nokes;1,0
Leroy Stanton;1;Kevin Young;1,0
Leroy Stanton;2;Yonder Alonso;1,0
Leroy Stanton;3;Oscar Zamora;1,0
Leroy Stanton;4;Gary Alexander;1,0
Leroy Stanton;5;Mike Young;1,0
Giancarlo Stanton;1;Christian Yelich;0,6936
Giancarlo Stanton;2;Paul Goldschmidt;0,6566
Giancarlo Stanton;3;Bryce Harper;0,645
Giancarlo Stanton;4;Manny Ramirez;0,617
Giancarlo Stanton;5;Jose Bautista;0,6109
Willie Stargell;1;Lou Brock;0,7664
Willie Stargell;2;Ray Knight;0,6355
Willie Stargell;3;Curt Schilling;0,6256
Willie Stargell;4;Pete Rose;0,6149
Willie Stargell;5;Cole Hamels;0,5801
Max Stassi;1;Kevin Young;1,0
Max Stassi;2;Yonder Alonso;1,0
Max Stassi;3;Oscar Zamora;1,0
Max Stassi;4;Gary Alexander;1,0
Max Stassi;5;Mike Young;1,0
Rusty Staub;1;Khris Davis;0,9836
Rusty Staub;2;Adam Lind;0,9569
Rusty Staub;3;Harold Baines;0,9459
Rusty Staub;4;Hal McRae;0,9431
Rusty Staub;5;Tommy Davis;0,9363
Spencer Steer;1;Lourdes Gurriel;1,0
Spencer Steer;2;Garrett Atkins;1,0
Spencer Steer;3;Xavier Nady;1,0
Spencer Steer;4;Gleyber Torres;1,0
Spencer Steer;5;Seiya Suzuki;0,9818
Terry Steinbach;1;Johnny Callison;1,0
Terry Steinbach;2;Elias Diaz;1,0
Terry Steinbach;3;Leon Wagner;0,9925
Terry Steinbach;4;Ken Griffey;0,9885
Terry Steinbach;5;Jeff Conine;0,9773
Rennie Stennett;1;Carlos Martinez;1,0
Rennie Stennett;2;Todd Zeile;1,0
Rennie Stennett;3;Ray Durham;1,0
Rennie Stennett;4;Adam Eaton;1,0
Rennie Stennett;5;David Segui;1,0
Garrett Stephenson;1;Wandy Rodriguez;1,0
Garrett Stephenson;2;Andy Hawkins;1,0
Garrett Stephenson;3;Rick Helling;1,0
Garrett Stephenson;4;Ken Hill;1,0
Garrett Stephenson;5;Erik Hanson;1,0
Vern Stephens;1;Home Run Baker;1,0
Vern Stephens;2;Nap Rucker;1,0
Vern Stephens;3;Rabbit Maranville;1,0
Vern Stephens;4;Heinie Groh;0,9985
Vern Stephens;5;Dave Bancroft;0,9985
Dave Stewart;1;Jeremy Peña;0,8484
Dave Stewart;2;Lorenzo Cain;0,7747
Dave Stewart;3;Matt Garza;0,7738
Dave Stewart;4;Adam Kennedy;0,7738
Dave Stewart;5;Marty Barrett;0,7715
Ian Stewart;1;Anibal Sanchez;1,0
Ian Stewart;2;Gaby Sanchez;1,0
Ian Stewart;3;Patrick Wisdom;1,0
Ian Stewart;4;Chris Duncan;1,0
Ian Stewart;5;Bud Smith;1,0
Shannon Stewart;1;Kevin Young;1,0
Shannon Stewart;2;Yonder Alonso;1,0
Shannon Stewart;3;Oscar Zamora;1,0
Shannon Stewart;4;Gary Alexander;1,0
Shannon Stewart;5;Mike Young;1,0
Dave Stieb;1;Kevin Brown;0,9935
Dave Stieb;2;Doug Drabek;0,8619
Dave Stieb;3;Joe Niekro;0,7804
Dave Stieb;4;Mark Mulder;0,7742
Dave Stieb;5;Chuck Finley;0,76
Kurt Stillwell;1;Kevin Young;1,0
Kurt Stillwell;2;Yonder Alonso;1,0
Kurt Stillwell;3;Oscar Zamora;1,0
Kurt Stillwell;4;Gary Alexander;1,0
Kurt Stillwell;5;Mike Young;1,0
Bob Stinson;1;Kevin Young;1,0
Bob Stinson;2;Yonder Alonso;1,0
Bob Stinson;3;Oscar Zamora;1,0
Bob Stinson;4;Gary Alexander;1,0
Bob Stinson;5;Mike Young;1,0
Snuffy Stirnweiss;1;Rudy York;1,0
Snuffy Stirnweiss;2;Max Carey;1,0
Snuffy Stirnweiss;3;Harry Brecheen;1,0
Snuffy Stirnweiss;4;General Crowder;1,0
Snuffy Stirnweiss;5;Tommy Henrich;1,0
Milt Stock;1;Lou Fette;1,0
Milt Stock;2;Pete Fox;1,0
Milt Stock;3;Larry Benton;1,0
Milt Stock;4;Jack Barry;1,0
Milt Stock;5;Johnny Bassler;1,0
Tim Stoddard;1;Wandy Rodriguez;1,0
Tim Stoddard;2;Andy Hawkins;1,0
Tim Stoddard;3;Rick Helling;1,0
Tim Stoddard;4;Ken Hill;1,0
Tim Stoddard;5;Erik Hanson;1,0
George Stone;1;Lou Fette;1,0
George Stone;2;Pete Fox;1,0
George Stone;3;Larry Benton;1,0
George Stone;4;Jack Barry;1,0
George Stone;5;Johnny Bassler;1,0
Steve Stone;1;Mike Flanagan;0,9505
Steve Stone;2;Jim Lonborg;0,9505
Steve Stone;3;Catfish Hunter;0,9503
Steve Stone;4;Bob Welch;0,9503
Steve Stone;5;Jack McDowell;0,9369
Trevor Story;1;Pedro Alvarez;0,8431
Trevor Story;2;Yoenis Cespedes;0,8386
Trevor Story;3;Chris Davis;0,8172
Trevor Story;4;Gary Sanchez;0,7889
Trevor Story;5;Luis Robert;0,7392
Mel Stottlemyre;1;Felipe Alou;1,0
Mel Stottlemyre;2;Matty Alou;1,0
Mel Stottlemyre;3;Bobby Avila;1,0
Mel Stottlemyre;4;Tony Bernazard;1,0
Mel Stottlemyre;5;Smoky Burgess;1,0
Todd Stottlemyre;1;Brett Butler;0,9945
Todd Stottlemyre;2;Shane Victorino;0,9781
Todd Stottlemyre;3;Roland Hemond;0,862
Todd Stottlemyre;4;Bobby Valentine;0,862
Todd Stottlemyre;5;Vernon Wells;0,8364
Kyle Stowers;1;Carlos Martinez;1,0
Kyle Stowers;2;Todd Zeile;1,0
Kyle Stowers;3;Ray Durham;1,0
Kyle Stowers;4;Adam Eaton;1,0
Kyle Stowers;5;David Segui;1,0
Stephen Strasburg;1;Jack Morris;0,8571
Stephen Strasburg;2;Frank Viola;0,7855
Stephen Strasburg;3;Bucky Dent;0,784
Stephen Strasburg;4;Scott Brosius;0,7796
Stephen Strasburg;5;David Eckstein;0,7785
Darryl Strawberry;1;Eric Karros;0,9663
Darryl Strawberry;2;Chuck Knoblauch;0,9438
Darryl Strawberry;3;Bob Horner;0,9388
Darryl Strawberry;4;Ron Kittle;0,9255
Darryl Strawberry;5;Chris Chambliss;0,9052
Myles Straw;1;Ruben Amaro;1,0
Myles Straw;2;Masyn Winn;1,0
Myles Straw;3;Charlie Neal;1,0
Myles Straw;4;Randy Hundley;1,0
Myles Straw;5;Mark Grudzielanek;1,0
Gabby Street;1;Eddie Ainsmith;1,0
Gabby Street;2;Dode Paskert;1,0
Gabby Street;3;Marv Owen;1,0
Gabby Street;4;Jesse Barnes;1,0
Gabby Street;5;Dick Newsome;1,0
Huston Street;1;Kyle Lewis;0,9668
Huston Street;2;Michael Fulmer;0,9668
Huston Street;3;Jonathan India;0,9371
Huston Street;4;Bobby Crosby;0,9327
Huston Street;5;Gunnar Henderson;0,9271
Spencer Strider;1;Gordon Beckham;0,937
Spencer Strider;2;Jake Cronenworth;0,9353
Spencer Strider;3;Austin Jackson;0,9302
Spencer Strider;4;Dan Uggla;0,9238
Spencer Strider;5;Miguel Andujar;0,9075
Marcus Stroman;1;Juan Lagares;1,0
Marcus Stroman;2;Jay Buhner;1,0
Marcus Stroman;3;Bronson Arroyo;1,0
Marcus Stroman;4;Al Cowens;1,0
Marcus Stroman;5;Harrison Bader;1,0
Dick Stuart;1;Felipe Alou;1,0
Dick Stuart;2;Matty Alou;1,0
Dick Stuart;3;Bobby Avila;1,0
Dick Stuart;4;Tony Bernazard;1,0
Dick Stuart;5;Smoky Burgess;1,0
Drew Stubbs;1;Kevin Young;1,0
Drew Stubbs;2;Yonder Alonso;1,0
Drew Stubbs;3;Oscar Zamora;1,0
Drew Stubbs;4;Gary Alexander;1,0
Drew Stubbs;5;Mike Young;1,0
Franklin Stubbs;1;Carlos Martinez;1,0
Franklin Stubbs;2;Todd Zeile;1,0
Franklin Stubbs;3;Ray Durham;1,0
Franklin Stubbs;4;Adam Eaton;1,0
Franklin Stubbs;5;David Segui;1,0
Eugenio Suarez;1;Brian Jordan;1,0
Eugenio Suarez;2;Gary Ward;1,0
Eugenio Suarez;3;Von Hayes;0,9889
Eugenio Suarez;4;Bill Buckner;0,9889
Eugenio Suarez;5;Scooter Gennett;0,9778
Ranger Suarez;1;Don Aase;1,0
Ranger Suarez;2;Scott McGregor;1,0
Ranger Suarez;3;Charlie Lea;1,0
Ranger Suarez;4;Frankie Montas;1,0
Ranger Suarez;5;Kent Mercker;1,0
Robert Suarez;1;Clay Holmes;1,0
Robert Suarez;2;Jordan Romano;1,0
Robert Suarez;3;Jason Grilli;1,0
Robert Suarez;4;Felipe Vazquez;1,0
Robert Suarez;5;Bobby Jenks;1,0
Gus Suhr;1;Eddie Ainsmith;1,0
Gus Suhr;2;Dode Paskert;1,0
Gus Suhr;3;Marv Owen;1,0
Gus Suhr;4;Jesse Barnes;1,0
Gus Suhr;5;Dick Newsome;1,0
Billy Sullivan;1;Ivey Wingo;1,0
Billy Sullivan;2;Dutch Leonard;1,0
Billy Sullivan;3;Hank Leiber;1,0
Billy Sullivan;4;Ernie White;1,0
Billy Sullivan;5;Red Lucas;1,0
Jim Sundberg;1;Bill White;0,9917
Jim Sundberg;2;Paul Blair;0,9901
Jim Sundberg;3;Bob Boone;0,979
Jim Sundberg;4;Tony Peña;0,9759
Jim Sundberg;5;Tony Fernandez;0,9759
Jeff Suppan;1;Cody Ross;1,0
Jeff Suppan;2;Howie Kendrick;1,0
Jeff Suppan;3;Marco Scutaro;1,0
Jeff Suppan;4;Sterling Hitchcock;1,0
Jeff Suppan;5;Eddie Perez;1,0
B. J. Surhoff;1;Carlos Martinez;1,0
B. J. Surhoff;2;Todd Zeile;1,0
B. J. Surhoff;3;Ray Durham;1,0
B. J. Surhoff;4;Adam Eaton;1,0
B. J. Surhoff;5;David Segui;1,0
Rick Sutcliffe;1;Tim Wakefield;0,7191
Rick Sutcliffe;2;Vern Law;0,7067
Rick Sutcliffe;3;John Denny;0,6338
Rick Sutcliffe;4;Randy Jones;0,6113
Rick Sutcliffe;5;Mike McCormick;0,6098
Brent Suter;1;Shane Greene;1,0
Brent Suter;2;B. J. Ryan;1,0
Brent Suter;3;Matt Barnes;1,0
Brent Suter;4;Takashi Saito;1,0
Brent Suter;5;Kyle Barraclough;1,0
Bruce Sutter;1;Dan Quisenberry;0,942
Bruce Sutter;2;Lee Smith;0,94
Bruce Sutter;3;Bill Campbell;0,9343
Bruce Sutter;4;Rollie Fingers;0,9128
Bruce Sutter;5;Al Holland;0,9096
Don Sutton;1;Tony Perez;0,7583
Don Sutton;2;Jon Matlack;0,6331
Don Sutton;3;Kevin Appier;0,5675
Don Sutton;4;Bill Gullickson;0,5675
Don Sutton;5;Mark Clear;0,5675
Ichiro Suzuki;1;Jim Edmonds;0,6268
Ichiro Suzuki;2;Andrelton Simmons;0,6098
Ichiro Suzuki;3;Orlando Cabrera;0,5601
Ichiro Suzuki;4;Eric Hosmer;0,5586
Ichiro Suzuki;5;Asdrubal Cabrera;0,5514
Seiya Suzuki;1;Garrett Atkins;0,9818
Seiya Suzuki;2;Gleyber Torres;0,9818
Seiya Suzuki;3;Xavier Nady;0,9818
Seiya Suzuki;4;Spencer Steer;0,9818
Seiya Suzuki;5;Lourdes Gurriel;0,9818
Dansby Swanson;1;Johnny Edwards;1,0
Dansby Swanson;2;Ray Fosse;1,0
Dansby Swanson;3;Joe Pepitone;0,9685
Dansby Swanson;4;Frank Malzone;0,9685
Dansby Swanson;5;Sherm Lollar;0,9685
Ed Sweeney;1;Eddie Ainsmith;1,0
Ed Sweeney;2;Dode Paskert;1,0
Ed Sweeney;3;Marv Owen;1,0
Ed Sweeney;4;Jesse Barnes;1,0
Ed Sweeney;5;Dick Newsome;1,0
Mike Sweeney;1;Brandon Inge;0,6929
Mike Sweeney;2;Carney Lansford;0,6722
Mike Sweeney;3;Rhys Hoskins;0,6659
Mike Sweeney;4;Michael Young;0,6632
Mike Sweeney;5;Eric Davis;0,6626
Bill Swift;1;Doyle Alexander;1,0
Bill Swift;2;Charles Nagy;1,0
Bill Swift;3;Russ Ortiz;1,0
Bill Swift;4;Ivan Nova;1,0
Bill Swift;5;Pascual Perez;1,0
Greg Swindell;1;Kevin Young;1,0
Greg Swindell;2;Yonder Alonso;1,0
Greg Swindell;3;Oscar Zamora;1,0
Greg Swindell;4;Gary Alexander;1,0
Greg Swindell;5;Mike Young;1,0
Nick Swisher;1;Darren O'Day;1,0
Nick Swisher;2;Brad Ziegler;1,0
Nick Swisher;3;Griffin Jax;1,0
Nick Swisher;4;Jon Gray;1,0
Nick Swisher;5;Craig Stammen;1,0
Steve Swisher;1;Kevin Young;1,0
Steve Swisher;2;Yonder Alonso;1,0
Steve Swisher;3;Oscar Zamora;1,0
Steve Swisher;4;Gary Alexander;1,0
Steve Swisher;5;Mike Young;1,0
Noah Syndergaard;1;James Shields;1,0
Noah Syndergaard;2;Bobby Higginson;1,0
Noah Syndergaard;3;Hal Morris;1,0
Noah Syndergaard;4;Rougned Odor;1,0
Noah Syndergaard;5;Jason Thompson;1,0
Pat Tabler;1;Carlos Martinez;1,0
Pat Tabler;2;Todd Zeile;1,0
Pat Tabler;3;Ray Durham;1,0
Pat Tabler;4;Adam Eaton;1,0
Pat Tabler;5;David Segui;1,0
Jim Tabor;1;Eddie Ainsmith;1,0
Jim Tabor;2;Dode Paskert;1,0
Jim Tabor;3;Marv Owen;1,0
Jim Tabor;4;Jesse Barnes;1,0
Jim Tabor;5;Dick Newsome;1,0
Jameson Taillon;1;Don Aase;1,0
Jameson Taillon;2;Scott McGregor;1,0
Jameson Taillon;3;Charlie Lea;1,0
Jameson Taillon;4;Frankie Montas;1,0
Jameson Taillon;5;Kent Mercker;1,0
Masahiro Tanaka;1;Wandy Rodriguez;1,0
Masahiro Tanaka;2;Andy Hawkins;1,0
Masahiro Tanaka;3;Rick Helling;1,0
Masahiro Tanaka;4;Ken Hill;1,0
Masahiro Tanaka;5;Erik Hanson;1,0
Frank Tanana;1;Jerry Koosman;0,8884
Frank Tanana;2;Teddy Higuera;0,8399
Frank Tanana;3;Steve Trachsel;0,8182
Frank Tanana;4;Steve Busby;0,8182
Frank Tanana;5;Britt Burns;0,8182
Kevin Tapani;1;Don Aase;1,0
Kevin Tapani;2;Scott McGregor;1,0
Kevin Tapani;3;Charlie Lea;1,0
Kevin Tapani;4;Frankie Montas;1,0
Kevin Tapani;5;Kent Mercker;1,0
Danny Tartabull;1;Carlos Martinez;1,0
Danny Tartabull;2;Todd Zeile;1,0
Danny Tartabull;3;Ray Durham;1,0
Danny Tartabull;4;Adam Eaton;1,0
Danny Tartabull;5;David Segui;1,0
Fernando Tatis;1;John Jaha;1,0
Fernando Tatis;2;Daniel Bard;1,0
Fernando Tatis;3;Mike Lieberthal;0,9941
Fernando Tatis;4;Darren Daulton;0,9881
Fernando Tatis;5;Chris Young;0,9875
Fernando Tatis;1;Bobby Witt;0,9433
Fernando Tatis;2;Nolan Arenado;0,8576
Fernando Tatis;3;Matt Chapman;0,8348
Fernando Tatis;4;Jose Trevino;0,7867
Fernando Tatis;5;Kevin Kiermaier;0,7563
Julian Tavarez;1;Jim Nash;1,0
Julian Tavarez;2;Mike Nagy;1,0
Julian Tavarez;3;Rolando Arrojo;1,0
Julian Tavarez;4;Craig McMurtry;1,0
Julian Tavarez;5;Marcelino Lopez;1,0
Frank Taveras;1;Kevin Young;1,0
Frank Taveras;2;Yonder Alonso;1,0
Frank Taveras;3;Oscar Zamora;1,0
Frank Taveras;4;Gary Alexander;1,0
Frank Taveras;5;Mike Young;1,0
Willy Taveras;1;Gordon Beckham;0,9579
Willy Taveras;2;Jake Cronenworth;0,9558
Willy Taveras;3;Austin Jackson;0,9503
Willy Taveras;4;Dan Uggla;0,9438
Willy Taveras;5;Michael Fulmer;0,8973
Chris Taylor;1;Marco Scutaro;0,9971
Chris Taylor;2;Howie Kendrick;0,9971
Chris Taylor;3;Eddie Perez;0,9971
Chris Taylor;4;Jeff Suppan;0,9971
Chris Taylor;5;Cody Ross;0,9971
Michael Taylor;1;Ruben Amaro;1,0
Michael Taylor;2;Masyn Winn;1,0
Michael Taylor;3;Charlie Neal;1,0
Michael Taylor;4;Randy Hundley;1,0
Michael Taylor;5;Mark Grudzielanek;1,0
Mark Teahen;1;Dave Dravecky;1,0
Mark Teahen;2;Dennis Leonard;1,0
Mark Teahen;3;Sid Bream;1,0
Mark Teahen;4;Jake Diekman;0,997
Mark Teahen;5;Dustin McGowan;0,997
Birdie Tebbetts;1;Rip Sewell;1,0
Birdie Tebbetts;2;Ewell Blackwell;1,0
Birdie Tebbetts;3;Tiny Bonham;1,0
Birdie Tebbetts;4;Glenn Wright;1,0
Birdie Tebbetts;5;Charlie Root;1,0
Mark Teixeira;1;Adrian Gonzalez;0,9439
Mark Teixeira;2;Dwight Evans;0,906
Mark Teixeira;3;Matt Williams;0,8462
Mark Teixeira;4;Derrek Lee;0,8241
Mark Teixeira;5;Eric Chavez;0,7955
Miguel Tejada;1;Carl Crawford;0,893
Miguel Tejada;2;Bill Madlock;0,857
Miguel Tejada;3;Fred McGriff;0,8552
Miguel Tejada;4;Ken Griffey;0,8032
Miguel Tejada;5;Alfonso Soriano;0,7997
Kent Tekulve;1;Wilson Alvarez;1,0
Kent Tekulve;2;Ken Forsch;1,0
Kent Tekulve;3;Bowden Francis;1,0
Kent Tekulve;4;Bobby Witt;1,0
Kent Tekulve;5;Ricky Romero;1,0
Rowdy Tellez;1;Kevin Young;1,0
Rowdy Tellez;2;Yonder Alonso;1,0
Rowdy Tellez;3;Oscar Zamora;1,0
Rowdy Tellez;4;Gary Alexander;1,0
Rowdy Tellez;5;Mike Young;1,0
Garry Templeton;1;Jorge Posada;0,9447
Garry Templeton;2;Willie Randolph;0,9413
Garry Templeton;3;Damaso Garcia;0,9383
Garry Templeton;4;Rick Burleson;0,8799
Garry Templeton;5;Carlos Baerga;0,8776
Gene Tenace;1;Bucky Dent;0,987
Gene Tenace;2;Scott Brosius;0,9816
Gene Tenace;3;Rick Dempsey;0,9802
Gene Tenace;4;Johnny Podres;0,9802
Gene Tenace;5;Larry Sherry;0,9802
Fred Tenney;1;Eddie Ainsmith;1,0
Fred Tenney;2;Dode Paskert;1,0
Fred Tenney;3;Marv Owen;1,0
Fred Tenney;4;Jesse Barnes;1,0
Fred Tenney;5;Dick Newsome;1,0
Ryan Tepera;1;Shane Greene;1,0
Ryan Tepera;2;B. J. Ryan;1,0
Ryan Tepera;3;Matt Barnes;1,0
Ryan Tepera;4;Takashi Saito;1,0
Ryan Tepera;5;Kyle Barraclough;1,0
Walt Terrell;1;Kevin Young;1,0
Walt Terrell;2;Yonder Alonso;1,0
Walt Terrell;3;Oscar Zamora;1,0
Walt Terrell;4;Gary Alexander;1,0
Walt Terrell;5;Mike Young;1,0
Bill Terry;1;Arky Vaughan;0,9961
Bill Terry;2;Dizzy Dean;0,932
Bill Terry;3;Al Simmons;0,9143
Bill Terry;4;Mort Cooper;0,9046
Bill Terry;5;Joe Cronin;0,8922
Ralph Terry;1;David Eckstein;0,9957
Ralph Terry;2;Rick Dempsey;0,9957
Ralph Terry;3;Lew Burdette;0,9957
Ralph Terry;4;Don Larsen;0,9957
Ralph Terry;5;Mickey Lolich;0,9957
Jeff Tesreau;1;Eddie Ainsmith;1,0
Jeff Tesreau;2;Dode Paskert;1,0
Jeff Tesreau;3;Marv Owen;1,0
Jeff Tesreau;4;Jesse Barnes;1,0
Jeff Tesreau;5;Dick Newsome;1,0
Mickey Tettleton;1;Vinny Castilla;0,9899
Mickey Tettleton;2;Carlos Baerga;0,9779
Mickey Tettleton;3;George Hendrick;0,9751
Mickey Tettleton;4;Wade Boggs;0,9127
Mickey Tettleton;5;Jorge Posada;0,9093
Bob Tewksbury;1;Wandy Rodriguez;1,0
Bob Tewksbury;2;Andy Hawkins;1,0
Bob Tewksbury;3;Rick Helling;1,0
Bob Tewksbury;4;Ken Hill;1,0
Bob Tewksbury;5;Erik Hanson;1,0
Bobby Thigpen;1;Jeff Shaw;1,0
Bobby Thigpen;2;Jim Kern;0,9901
Bobby Thigpen;3;Jeff Russell;0,9718
Bobby Thigpen;4;Rawly Eastwick;0,9718
Bobby Thigpen;5;Antonio Alfonseca;0,9718
Frank Thomas;1;Felipe Alou;1,0
Frank Thomas;2;Matty Alou;1,0
Frank Thomas;3;Bobby Avila;1,0
Frank Thomas;4;Tony Bernazard;1,0
Frank Thomas;5;Smoky Burgess;1,0
Frank Thomas;1;Matt Kemp;0,7697
Frank Thomas;2;Vladimir Guerrero;0,7655
Frank Thomas;3;Greg Vaughn;0,6971
Frank Thomas;4;Hunter Pence;0,6546
Frank Thomas;5;Albert Belle;0,6525
Gorman Thomas;1;Jim Wynn;0,9869
Gorman Thomas;2;Mike Caldwell;0,9797
Gorman Thomas;3;Norm Cash;0,975
Gorman Thomas;4;Ron Gant;0,9701
Gorman Thomas;5;Richie Zisk;0,9628
Ira Thomas;1;Tommy Leach;1,0
Ira Thomas;2;Charlie Keller;1,0
Ira Thomas;3;Ray Kremer;1,0
Ira Thomas;4;Elmer Riddle;1,0
Ira Thomas;5;Ken Keltner;1,0
Tommy Thomas;1;Eddie Ainsmith;1,0
Tommy Thomas;2;Dode Paskert;1,0
Tommy Thomas;3;Marv Owen;1,0
Tommy Thomas;4;Jesse Barnes;1,0
Tommy Thomas;5;Dick Newsome;1,0
Jim Thome;1;Curtis Granderson;0,8129
Jim Thome;2;Brandon Inge;0,7335
Jim Thome;3;Michael Young;0,7325
Jim Thome;4;Adam Jones;0,7146
Jim Thome;5;Rhys Hoskins;0,7125
Danny Thompson;1;Gary Nolan;1,0
Danny Thompson;2;Ron Oester;1,0
Danny Thompson;3;Dustin McGowan;1,0
Danny Thompson;4;Bill Wegman;1,0
Danny Thompson;5;Jake Diekman;1,0
Jason Thompson;1;James Shields;1,0
Jason Thompson;2;Bobby Higginson;1,0
Jason Thompson;3;Hal Morris;1,0
Jason Thompson;4;Noah Syndergaard;1,0
Jason Thompson;5;Rougned Odor;1,0
Robby Thompson;1;Juan Samuel;0,9935
Robby Thompson;2;Rich Gedman;0,9753
Robby Thompson;3;Lee May;0,9752
Robby Thompson;4;Bernie Carbo;0,9713
Robby Thompson;5;Larry Herndon;0,9713
Dickie Thon;1;Edgardo Alfonzo;1,0
Dickie Thon;2;Eric Young;1,0
Dickie Thon;3;Mike Stanley;1,0
Dickie Thon;4;Cedric Mullins;1,0
Dickie Thon;5;Matt Nokes;1,0
Andre Thornton;1;Adam Wainwright;0,7421
Andre Thornton;2;Tony Conigliaro;0,7161
Andre Thornton;3;Eric Davis;0,7135
Andre Thornton;4;Bobby Tolan;0,7129
Andre Thornton;5;Lou Brock;0,7016
Mark Thurmond;1;Felipe Alou;1,0
Mark Thurmond;2;Matty Alou;1,0
Mark Thurmond;3;Bobby Avila;1,0
Mark Thurmond;4;Tony Bernazard;1,0
Mark Thurmond;5;Smoky Burgess;1,0
Hollis Thurston;1;Eddie Ainsmith;1,0
Hollis Thurston;2;Dode Paskert;1,0
Hollis Thurston;3;Marv Owen;1,0
Hollis Thurston;4;Jesse Barnes;1,0
Hollis Thurston;5;Dick Newsome;1,0
Luis Tiant;1;Tug McGraw;0,7603
Luis Tiant;2;Billy Hatcher;0,7566
Luis Tiant;3;Billy Martin;0,7461
Luis Tiant;4;Dick Green;0,7461
Luis Tiant;5;Al Weis;0,7461
Dick Tidrow;1;James Baldwin;1,0
Dick Tidrow;2;Juan Guzman;1,0
Dick Tidrow;3;Tim Belcher;0,9957
Dick Tidrow;4;Rolando Arrojo;0,977
Dick Tidrow;5;Jim Nash;0,977
Mike Timlin;1;Danny Graves;1,0
Mike Timlin;2;Glenn Davis;0,9844
Mike Timlin;3;Pee Wee Reese;0,9698
Mike Timlin;4;Gil Hodges;0,9499
Mike Timlin;5;Don Kessinger;0,9189
Bobby Tolan;1;Tony Conigliaro;0,9959
Bobby Tolan;2;John Hiller;0,9043
Bobby Tolan;3;Jim Abbott;0,8329
Bobby Tolan;4;Gary Nolan;0,8308
Bobby Tolan;5;Ron Oester;0,8308
Brian Tollberg;1;Kevin Young;1,0
Brian Tollberg;2;Yonder Alonso;1,0
Brian Tollberg;3;Oscar Zamora;1,0
Brian Tollberg;4;Gary Alexander;1,0
Brian Tollberg;5;Mike Young;1,0
Randy Tomlin;1;Wilson Alvarez;1,0
Randy Tomlin;2;Ken Forsch;1,0
Randy Tomlin;3;Bowden Francis;1,0
Randy Tomlin;4;Bobby Witt;1,0
Randy Tomlin;5;Ricky Romero;1,0
Gleyber Torres;1;Lourdes Gurriel;1,0
Gleyber Torres;2;Xavier Nady;1,0
Gleyber Torres;3;Garrett Atkins;1,0
Gleyber Torres;4;Spencer Steer;1,0
Gleyber Torres;5;Seiya Suzuki;0,9818
Joe Torre;1;Yogi Berra;0,7987
Joe Torre;2;Johnny Bench;0,788
Joe Torre;3;George Brett;0,7854
Joe Torre;4;Rod Carew;0,7376
Joe Torre;5;Carlton Fisk;0,7362
Ezequiel Tovar;1;Ruben Amaro;1,0
Ezequiel Tovar;2;Masyn Winn;1,0
Ezequiel Tovar;3;Charlie Neal;1,0
Ezequiel Tovar;4;Randy Hundley;1,0
Ezequiel Tovar;5;Mark Grudzielanek;1,0
Josh Towers;1;Francisco Alvarez;1,0
Josh Towers;2;Brett Anderson;1,0
Josh Towers;3;Damon Hollins;1,0
Josh Towers;4;Spencer Arrighetti;1,0
Josh Towers;5;Brian Barden;1,0
Steve Trachsel;1;Andy Benes;1,0
Steve Trachsel;2;Steve Busby;1,0
Steve Trachsel;3;Britt Burns;1,0
Steve Trachsel;4;Kirk Rueter;0,9956
Steve Trachsel;5;Mike Dunne;0,9956
Alan Trammell;1;Edgar Renteria;0,7737
Alan Trammell;2;Pedro Guerrero;0,7214
Alan Trammell;3;Tim Wallach;0,6952
Alan Trammell;4;George Springer;0,6525
Alan Trammell;5;Jose Rijo;0,6103
Cecil Travis;1;Rip Sewell;1,0
Cecil Travis;2;Tiny Bonham;1,0
Cecil Travis;3;Glenn Wright;1,0
Cecil Travis;4;Ewell Blackwell;1,0
Cecil Travis;5;Schoolboy Rowe;1,0
Devon Travis;1;Francisco Alvarez;1,0
Devon Travis;2;Brett Anderson;1,0
Devon Travis;3;Damon Hollins;1,0
Devon Travis;4;Spencer Arrighetti;1,0
Devon Travis;5;Brian Barden;1,0
Pie Traynor;1;Bill Dickey;0,997
Pie Traynor;2;Travis Jackson;0,9821
Pie Traynor;3;Luke Appling;0,9713
Pie Traynor;4;Earl Averill;0,9624
Pie Traynor;5;Mel Ott;0,9624
Jeff Treadway;1;Kevin Young;1,0
Jeff Treadway;2;Yonder Alonso;1,0
Jeff Treadway;3;Oscar Zamora;1,0
Jeff Treadway;4;Gary Alexander;1,0
Jeff Treadway;5;Mike Young;1,0
Blake Treinen;1;Clay Holmes;1,0
Blake Treinen;2;Jordan Romano;1,0
Blake Treinen;3;Jason Grilli;1,0
Blake Treinen;4;Felipe Vazquez;1,0
Blake Treinen;5;Bobby Jenks;1,0
Tom Tresh;1;Tony Kubek;0,9957
Tom Tresh;2;Harvey Kuenn;0,9957
Tom Tresh;3;Jim Gilliam;0,9957
Tom Tresh;4;Albie Pearson;0,9957
Tom Tresh;5;Wally Moon;0,9945
Jose Trevino;1;Matt Chapman;0,9591
Jose Trevino;2;Kevin Kiermaier;0,9504
Jose Trevino;3;Nolan Arenado;0,9138
Jose Trevino;4;Brice Turang;0,8153
Jose Trevino;5;Alex Gordon;0,8068
Manny Trillo;1;Javier Baez;0,9556
Manny Trillo;2;Dusty Baker;0,9164
Manny Trillo;3;Steve Avery;0,9135
Manny Trillo;4;Mike Devereaux;0,9135
Manny Trillo;5;Tommy Edman;0,9051
Jared Triolo;1;Ruben Amaro;1,0
Jared Triolo;2;Masyn Winn;1,0
Jared Triolo;3;Charlie Neal;1,0
Jared Triolo;4;Randy Hundley;1,0
Jared Triolo;5;Mark Grudzielanek;1,0
Lou Trivino;1;Shane Greene;1,0
Lou Trivino;2;B. J. Ryan;1,0
Lou Trivino;3;Matt Barnes;1,0
Lou Trivino;4;Takashi Saito;1,0
Lou Trivino;5;Kyle Barraclough;1,0
Dizzy Trout;1;Rip Sewell;1,0
Dizzy Trout;2;Tiny Bonham;1,0
Dizzy Trout;3;Glenn Wright;1,0
Dizzy Trout;4;Ewell Blackwell;1,0
Dizzy Trout;5;Schoolboy Rowe;1,0
Mike Trout;1;Jose Abreu;0,7085
Mike Trout;2;Aaron Judge;0,6766
Mike Trout;3;David Wright;0,5879
Mike Trout;4;Robinson Cano;0,5817
Mike Trout;5;Bryce Harper;0,5444
Mark Trumbo;1;Willy Taveras;0,7241
Mark Trumbo;2;Jake Cronenworth;0,6945
Mark Trumbo;3;Gordon Beckham;0,6933
Mark Trumbo;4;Austin Jackson;0,6932
Mark Trumbo;5;Dan Uggla;0,6916
Kyle Tucker;1;Ozzie Albies;0,9877
Kyle Tucker;2;Will Smith;0,9721
Kyle Tucker;3;Teoscar Hernandez;0,9717
Kyle Tucker;4;Julio Urias;0,9625
Kyle Tucker;5;Kevin Gausman;0,9548
Michael Tucker;1;Kevin Young;1,0
Michael Tucker;2;Yonder Alonso;1,0
Michael Tucker;3;Oscar Zamora;1,0
Michael Tucker;4;Gary Alexander;1,0
Michael Tucker;5;Mike Young;1,0
John Tudor;1;Tyler Glasnow;0,9832
John Tudor;2;Joaquin Andujar;0,9577
John Tudor;3;Bob Knepper;0,9572
John Tudor;4;Matt Keough;0,9505
John Tudor;5;Jerry Reuss;0,9315
Troy Tulowitzki;1;Robinson Cano;0,9182
Troy Tulowitzki;2;Scott Podsednik;0,8281
Troy Tulowitzki;3;J. A. Happ;0,8112
Troy Tulowitzki;4;Jose Fernandez;0,7419
Troy Tulowitzki;5;Jose Abreu;0,7372
Brice Turang;1;Andres Gimenez;0,9832
Brice Turang;2;Nolan Arenado;0,8317
Brice Turang;3;Jose Trevino;0,8153
Brice Turang;4;Matt Chapman;0,8005
Brice Turang;5;Kevin Kiermaier;0,7753
Bob Turley;1;Bob Gibson;0,71
Bob Turley;2;Don Drysdale;0,7095
Bob Turley;3;Early Wynn;0,7095
Bob Turley;4;Pat Borders;0,6626
Bob Turley;5;Donn Clendenon;0,6626
Spencer Turnbull;1;Kevin Young;1,0
Spencer Turnbull;2;Yonder Alonso;1,0
Spencer Turnbull;3;Oscar Zamora;1,0
Spencer Turnbull;4;Gary Alexander;1,0
Spencer Turnbull;5;Mike Young;1,0
Jim Turner;1;Ivey Wingo;1,0
Jim Turner;2;Dutch Leonard;1,0
Jim Turner;3;Hank Leiber;1,0
Jim Turner;4;Ernie White;1,0
Jim Turner;5;Red Lucas;1,0
Justin Turner;1;Marco Scutaro;0,6731
Justin Turner;2;Craig Counsell;0,6731
Justin Turner;3;Howie Kendrick;0,6731
Justin Turner;4;Cody Ross;0,6731
Justin Turner;5;Jeff Suppan;0,6731
Trea Turner;1;Juan Soto;0,7836
Trea Turner;2;Brandon Lowe;0,7583
Trea Turner;3;Shota Imanaga;0,7273
Trea Turner;4;Yordan Alvarez;0,6691
Trea Turner;5;Austin Riley;0,6557
Wayne Twitchell;1;Kevin Young;1,0
Wayne Twitchell;2;Yonder Alonso;1,0
Wayne Twitchell;3;Oscar Zamora;1,0
Wayne Twitchell;4;Gary Alexander;1,0
Wayne Twitchell;5;Mike Young;1,0
Koji Uehara;1;Marty Barrett;1,0
Koji Uehara;2;Adam Kennedy;0,9975
Koji Uehara;3;Matt Garza;0,9975
Koji Uehara;4;Alcides Escobar;0,9963
Koji Uehara;5;Lorenzo Cain;0,9889
Dan Uggla;1;Gordon Beckham;0,986
Dan Uggla;2;Jake Cronenworth;0,9842
Dan Uggla;3;Austin Jackson;0,9788
Dan Uggla;4;Miguel Andujar;0,955
Dan Uggla;5;Willy Taveras;0,9438
George Uhle;1;Rudy York;1,0
George Uhle;2;Max Carey;1,0
George Uhle;3;Harry Brecheen;1,0
George Uhle;4;Snuffy Stirnweiss;1,0
George Uhle;5;General Crowder;1,0
Del Unser;1;Craig Worthington;1,0
Del Unser;2;Butch Wynegar;1,0
Del Unser;3;Greg Gross;1,0
Del Unser;4;Brad Wilkerson;1,0
Del Unser;5;Mark Quinn;1,0
Willie Upshaw;1;Kevin Young;1,0
Willie Upshaw;2;Yonder Alonso;1,0
Willie Upshaw;3;Oscar Zamora;1,0
Willie Upshaw;4;Gary Alexander;1,0
Willie Upshaw;5;Mike Young;1,0
B. J. Upton;1;Scooter Gennett;1,0
B. J. Upton;2;Martin Prado;1,0
B. J. Upton;3;Gary Ward;0,9778
B. J. Upton;4;Eugenio Suarez;0,9778
B. J. Upton;5;Brian Jordan;0,9778
Justin Upton;1;Hubie Brooks;0,9675
Justin Upton;2;Jose Cruz;0,9414
Justin Upton;3;Charlie Blackmon;0,911
Justin Upton;4;Jay Bruce;0,8735
Justin Upton;5;Al Oliver;0,8717
Ugueth Urbina;1;Tom Hume;1,0
Ugueth Urbina;2;Doug Jones;1,0
Ugueth Urbina;3;Terry Forster;1,0
Ugueth Urbina;4;Jack Aker;0,9904
Ugueth Urbina;5;Clay Carroll;0,9904
Julio Urias;1;Kevin Gausman;0,9853
Julio Urias;2;Hyun Jin Ryu;0,9853
Julio Urias;3;Junior Caminero;0,9852
Julio Urias;4;Bo Bichette;0,9852
Julio Urias;5;Bryan Woo;0,9841
Ramon Urias;1;Ruben Amaro;1,0
Ramon Urias;2;Masyn Winn;1,0
Ramon Urias;3;Charlie Neal;1,0
Ramon Urias;4;Randy Hundley;1,0
Ramon Urias;5;Mark Grudzielanek;1,0
Chase Utley;1;Allen Craig;0,952
Chase Utley;2;Joe Panik;0,9513
Chase Utley;3;Endy Chavez;0,9412
Chase Utley;4;J. D. Drew;0,9067
Chase Utley;5;Raul Ibanez;0,8929
Framber Valdez;1;Zack Wheeler;0,899
Framber Valdez;2;Max Fried;0,8793
Framber Valdez;3;Julio Urias;0,7593
Framber Valdez;4;Junior Caminero;0,7588
Framber Valdez;5;Bo Bichette;0,7588
Bobby Valentine;1;Roland Hemond;1,0
Bobby Valentine;2;Vernon Wells;0,9656
Bobby Valentine;3;Luis Gonzalez;0,9514
Bobby Valentine;4;Todd Stottlemyre;0,862
Bobby Valentine;5;Brett Butler;0,8543
Ellis Valentine;1;Ruben Amaro;1,0
Ellis Valentine;2;Masyn Winn;1,0
Ellis Valentine;3;Charlie Neal;1,0
Ellis Valentine;4;Randy Hundley;1,0
Ellis Valentine;5;Mark Grudzielanek;1,0
Fernando Valenzuela;1;Dwight Gooden;0,7496
Fernando Valenzuela;2;Hideo Nomo;0,7435
Fernando Valenzuela;3;Dontrelle Willis;0,6742
Fernando Valenzuela;4;Cal Eldred;0,6093
Fernando Valenzuela;5;Kevin Appier;0,5938
John Valentin;1;Carlos Quentin;1,0
John Valentin;2;Josh Willingham;1,0
John Valentin;3;Brent Rooker;1,0
John Valentin;4;Michael Barrett;0,9314
John Valentin;5;Damion Easley;0,9314
Jose Valverde;1;Mariano Rivera;0,9003
Jose Valverde;2;Brad Lidge;0,8271
Jose Valverde;3;Brian Wilson;0,7168
Jose Valverde;4;Greg Holland;0,7117
Jose Valverde;5;Heath Bell;0,674
Dazzy Vance;1;Walter Johnson;0,985
Dazzy Vance;2;Lefty Grove;0,9653
Dazzy Vance;3;Christy Mathewson;0,9317
Dazzy Vance;4;Pete Alexander;0,9288
Dazzy Vance;5;Lefty Gomez;0,9043
Ed Vande Berg;1;Jim Nash;1,0
Ed Vande Berg;2;Mike Nagy;1,0
Ed Vande Berg;3;Rolando Arrojo;1,0
Ed Vande Berg;4;Craig McMurtry;1,0
Ed Vande Berg;5;Billy McCool;1,0
Johnny Vander Meer;1;Johnny Allen;0,9825
Johnny Vander Meer;2;Lou Boudreau;0,661
Johnny Vander Meer;3;Duke Snider;0,6499
Johnny Vander Meer;4;Don Drysdale;0,6426
Johnny Vander Meer;5;Early Wynn;0,6426
Andy Van Slyke;1;Keith Hernandez;0,8144
Andy Van Slyke;2;Willie McGee;0,8013
Andy Van Slyke;3;Don Mattingly;0,7777
Andy Van Slyke;4;Nellie Fox;0,7728
Andy Van Slyke;5;Ferris Fain;0,7352
Jason Vargas;1;Charles Nagy;1,0
Jason Vargas;2;Ivan Nova;1,0
Jason Vargas;3;Russ Ortiz;1,0
Jason Vargas;4;Bill Krueger;1,0
Jason Vargas;5;John Lackey;1,0
Kennys Vargas;1;Kevin Young;1,0
Kennys Vargas;2;Yonder Alonso;1,0
Kennys Vargas;3;Oscar Zamora;1,0
Kennys Vargas;4;Gary Alexander;1,0
Kennys Vargas;5;Mike Young;1,0
Miguel Vargas;1;Kevin Young;1,0
Miguel Vargas;2;Yonder Alonso;1,0
Miguel Vargas;3;Oscar Zamora;1,0
Miguel Vargas;4;Gary Alexander;1,0
Miguel Vargas;5;Mike Young;1,0
Jason Varitek;1;Russell Martin;1,0
Jason Varitek;2;Shawn Green;0,9266
Jason Varitek;3;Jay Bell;0,9266
Jason Varitek;4;Carlos Santana;0,9266
Jason Varitek;5;Rick Burleson;0,9014
Daulton Varsho;1;Ruben Amaro;1,0
Daulton Varsho;2;Masyn Winn;1,0
Daulton Varsho;3;Charlie Neal;1,0
Daulton Varsho;4;Randy Hundley;1,0
Daulton Varsho;5;Mark Grudzielanek;1,0
Arky Vaughan;1;Bill Terry;0,9961
Arky Vaughan;2;Al Simmons;0,9292
Arky Vaughan;3;Dizzy Dean;0,9245
Arky Vaughan;4;Charlie Gehringer;0,8987
Arky Vaughan;5;Joe Cronin;0,8948
Greg Vaughn;1;Adam Dunn;0,9859
Greg Vaughn;2;Darren Daulton;0,9678
Greg Vaughn;3;Mike Lieberthal;0,9642
Greg Vaughn;4;John Jaha;0,956
Greg Vaughn;5;Fernando Tatis;0,956
Hippo Vaughn;1;Cy Young;0,9909
Hippo Vaughn;2;Lefty Gomez;0,9839
Hippo Vaughn;3;Rube Waddell;0,9791
Hippo Vaughn;4;Pete Alexander;0,9787
Hippo Vaughn;5;Christy Mathewson;0,9786
Mo Vaughn;1;Justin Morneau;0,9172
Mo Vaughn;2;Juan Gonzalez;0,7973
Mo Vaughn;3;Jeff Kent;0,6692
Mo Vaughn;4;Joe Carter;0,6542
Mo Vaughn;5;Ken Caminiti;0,6481
Christian Vazquez;1;Felipe Alou;1,0
Christian Vazquez;2;Matty Alou;1,0
Christian Vazquez;3;Bobby Avila;1,0
Christian Vazquez;4;Tony Bernazard;1,0
Christian Vazquez;5;Smoky Burgess;1,0
Javier Vazquez;1;Jordan Zimmermann;1,0
Javier Vazquez;2;Danny Darwin;1,0
Javier Vazquez;3;Darryl Kile;1,0
Javier Vazquez;4;Scott Kazmir;1,0
Javier Vazquez;5;Dennis Martinez;0,9845
Otto Velez;1;Dan Meyer;1,0
Otto Velez;2;Cory Snyder;1,0
Otto Velez;3;Bo Diaz;1,0
Otto Velez;4;Kal Daniels;1,0
Otto Velez;5;Lamar Johnson;1,0
Will Venable;1;Kevin Young;1,0
Will Venable;2;Yonder Alonso;1,0
Will Venable;3;Oscar Zamora;1,0
Will Venable;4;Gary Alexander;1,0
Will Venable;5;Mike Young;1,0
Jonny Venters;1;Chris Young;1,0
Jonny Venters;2;Chris Carpenter;1,0
Jonny Venters;3;Garrett Crochet;0,9077
Jonny Venters;4;Jim Johnson;0,8747
Jonny Venters;5;Anthony Rendon;0,7767
Robin Ventura;1;George Scott;0,956
Robin Ventura;2;Eric Chavez;0,9527
Robin Ventura;3;Mike Mussina;0,9354
Robin Ventura;4;Bob Boone;0,9304
Robin Ventura;5;Devon White;0,924
Emil Verban;1;Ivey Wingo;1,0
Emil Verban;2;Dutch Leonard;1,0
Emil Verban;3;Hank Leiber;1,0
Emil Verban;4;Ernie White;1,0
Emil Verban;5;Red Lucas;1,0
Justin Verlander;1;Johan Santana;0,6569
Justin Verlander;2;Jacob deGrom;0,6538
Justin Verlander;3;Clayton Kershaw;0,6208
Justin Verlander;4;Chris Carpenter;0,606
Justin Verlander;5;Zack Greinke;0,5763
Mickey Vernon;1;Dick Bartell;1,0
Mickey Vernon;2;Ralph Branca;1,0
Mickey Vernon;3;Doc Cramer;1,0
Mickey Vernon;4;Dom DiMaggio;1,0
Mickey Vernon;5;Ray Sanders;1,0
Zoilo Versalles;1;George Burns;0,8556
Zoilo Versalles;2;Jim Bottomley;0,8556
Zoilo Versalles;3;Bob O'Farrell;0,8556
Zoilo Versalles;4;Larry Doyle;0,8251
Zoilo Versalles;5;Phil Cavarretta;0,8056
Shane Victorino;1;Todd Stottlemyre;0,9781
Shane Victorino;2;Brett Butler;0,9727
Shane Victorino;3;Vernon Wells;0,8538
Shane Victorino;4;Roland Hemond;0,8415
Shane Victorino;5;Bobby Valentine;0,8415
Jose Vidro;1;Alex Avila;1,0
Jose Vidro;2;Wil Cordero;1,0
Jose Vidro;3;Neil Walker;1,0
Jose Vidro;4;Travis d'Arnaud;1,0
Jose Vidro;5;Anthony Santander;1,0
Christian Villanueva;1;Francisco Alvarez;1,0
Christian Villanueva;2;Brett Anderson;1,0
Christian Villanueva;3;Damon Hollins;1,0
Christian Villanueva;4;Spencer Arrighetti;1,0
Christian Villanueva;5;Brian Barden;1,0
Fernando Vina;1;Tucker Barnhart;1,0
Fernando Vina;2;Matt Wieters;1,0
Fernando Vina;3;Patrick Bailey;1,0
Fernando Vina;4;Trent Grisham;1,0
Fernando Vina;5;Ken Berry;1,0
Frank Viola;1;Tom Glavine;0,8895
Frank Viola;2;Jack Morris;0,8838
Frank Viola;3;Bob Gibson;0,8391
Frank Viola;4;Ralph Terry;0,8382
Frank Viola;5;Scott Brosius;0,8352
Jim Viox;1;Eddie Ainsmith;1,0
Jim Viox;2;Dode Paskert;1,0
Jim Viox;3;Marv Owen;1,0
Jim Viox;4;Jesse Barnes;1,0
Jim Viox;5;Dick Newsome;1,0
Bill Virdon;1;Wally Moon;1,0
Bill Virdon;2;Ken Hubbs;1,0
Bill Virdon;3;Herb Score;0,9957
Bill Virdon;4;Roy Sievers;0,9957
Bill Virdon;5;Jack Sanford;0,9957
Omar Vizquel;1;John Olerud;0,7796
Omar Vizquel;2;Dee Strange-Gordon;0,7357
Omar Vizquel;3;George Scott;0,6863
Omar Vizquel;4;Dennis Leonard;0,679
Omar Vizquel;5;Dave Dravecky;0,679
Bill Voiselle;1;Chuck Estrada;0,9897
Bill Voiselle;2;Hank Borowy;0,9622
Bill Voiselle;3;Sam Jones;0,9615
Bill Voiselle;4;Mudcat Grant;0,9615
Bill Voiselle;5;Dick Donovan;0,9615
Luke Voit;1;Willy Adames;1,0
Luke Voit;2;Neil Allen;1,0
Luke Voit;3;Homer Bailey;1,0
Luke Voit;4;Phil Nevin;1,0
Luke Voit;5;Craig Wilson;1,0
Anthony Volpe;1;Ruben Amaro;1,0
Anthony Volpe;2;Masyn Winn;1,0
Anthony Volpe;3;Charlie Neal;1,0
Anthony Volpe;4;Randy Hundley;1,0
Anthony Volpe;5;Mark Grudzielanek;1,0
Edinson Volquez;1;Kevin Young;1,0
Edinson Volquez;2;Yonder Alonso;1,0
Edinson Volquez;3;Oscar Zamora;1,0
Edinson Volquez;4;Gary Alexander;1,0
Edinson Volquez;5;Mike Young;1,0
Joe Vosmik;1;Ivey Wingo;1,0
Joe Vosmik;2;Dutch Leonard;1,0
Joe Vosmik;3;Hank Leiber;1,0
Joe Vosmik;4;Ernie White;1,0
Joe Vosmik;5;Red Lucas;1,0
Joey Votto;1;Paul Goldschmidt;0,7619
Joey Votto;2;Kent Hrbek;0,6619
Joey Votto;3;Glenn Davis;0,6242
Joey Votto;4;Buddy Bell;0,6242
Joey Votto;5;Danny Graves;0,6039
Pete Vuckovich;1;Jim Perry;0,9741
Pete Vuckovich;2;Brandon Webb;0,9158
Pete Vuckovich;3;Mike Cuellar;0,8857
Pete Vuckovich;4;Gaylord Perry;0,8258
Pete Vuckovich;5;Jim Lonborg;0,6999
Michael Wacha;1;Rob Dibble;1,0
Michael Wacha;2;Cody Ross;0,9849
Michael Wacha;3;Howie Kendrick;0,9849
Michael Wacha;4;Jeff Suppan;0,9849
Michael Wacha;5;Craig Counsell;0,9849
Rube Waddell;1;Cy Young;0,9976
Rube Waddell;2;Tim Keefe;0,9976
Rube Waddell;3;Amos Rusie;0,9976
Rube Waddell;4;Guy Hecker;0,9976
Rube Waddell;5;Old Hoss Radbourn;0,9976
Billy Wagner;1;John Axford;1,0
Billy Wagner;2;Tom Henke;0,8493
Billy Wagner;3;Jeff Brantley;0,8493
Billy Wagner;4;J. J. Putz;0,8396
Billy Wagner;5;Aroldis Chapman;0,7739
Heinie Wagner;1;Eddie Ainsmith;1,0
Heinie Wagner;2;Dode Paskert;1,0
Heinie Wagner;3;Marv Owen;1,0
Heinie Wagner;4;Jesse Barnes;1,0
Heinie Wagner;5;Dick Newsome;1,0
Honus Wagner;1;Shoeless Joe Jackson;0,9997
Honus Wagner;2;Zack Wheat;0,9997
Honus Wagner;3;Edd Roush;0,9992
Honus Wagner;4;Jimmy Archer;0,996
Honus Wagner;5;Hal Chase;0,996
Leon Wagner;1;Ken Griffey;0,996
Leon Wagner;2;Johnny Callison;0,9925
Leon Wagner;3;Elias Diaz;0,9925
Leon Wagner;4;Terry Steinbach;0,9925
Leon Wagner;5;Jeff Conine;0,9698
Adam Wainwright;1;Andre Thornton;0,7421
Adam Wainwright;2;David Cone;0,5886
Adam Wainwright;3;Barry Zito;0,5849
Adam Wainwright;4;Dee Strange-Gordon;0,5845
Adam Wainwright;5;Rick Reuschel;0,5797
Rick Waits;1;Kevin Young;1,0
Rick Waits;2;Yonder Alonso;1,0
Rick Waits;3;Oscar Zamora;1,0
Rick Waits;4;Gary Alexander;1,0
Rick Waits;5;Mike Young;1,0
Dick Wakefield;1;Pinky Higgins;1,0
Dick Wakefield;2;Dave Ferriss;1,0
Dick Wakefield;3;Goose Goslin;0,9774
Dick Wakefield;4;Freddie Lindstrom;0,9774
Dick Wakefield;5;Red Rolfe;0,9742
Tim Wakefield;1;Rick Sutcliffe;0,7191
Tim Wakefield;2;Bert Blyleven;0,7007
Tim Wakefield;3;Ken Singleton;0,6494
Tim Wakefield;4;Harold Reynolds;0,6371
Tim Wakefield;5;Andre Thornton;0,5922
Rube Walberg;1;Eddie Ainsmith;1,0
Rube Walberg;2;Dode Paskert;1,0
Rube Walberg;3;Marv Owen;1,0
Rube Walberg;4;Jesse Barnes;1,0
Rube Walberg;5;Dick Newsome;1,0
Christian Walker;1;Brad Ausmus;1,0
Christian Walker;2;Ender Inciarte;1,0
Christian Walker;3;Roy McMillan;1,0
Christian Walker;4;Bobby Knoop;1,0
Christian Walker;5;Rey Ordonez;1,0
Dixie Walker;1;Rip Sewell;1,0
Dixie Walker;2;Birdie Tebbetts;1,0
Dixie Walker;3;Mel Parnell;1,0
Dixie Walker;4;Glenn Wright;1,0
Dixie Walker;5;Ewell Blackwell;1,0
Duane Walker;1;Kevin Young;1,0
Duane Walker;2;Yonder Alonso;1,0
Duane Walker;3;Oscar Zamora;1,0
Duane Walker;4;Gary Alexander;1,0
Duane Walker;5;Mike Young;1,0
Greg Walker;1;Dan Meyer;1,0
Greg Walker;2;Cory Snyder;1,0
Greg Walker;3;Lamar Johnson;1,0
Greg Walker;4;Bo Diaz;1,0
Greg Walker;5;Kal Daniels;1,0
Larry Walker;1;Ken Caminiti;0,8604
Larry Walker;2;Dwight Evans;0,7362
Larry Walker;3;Keith Hernandez;0,6998
Larry Walker;4;Mark Teixeira;0,6907
Larry Walker;5;Barry Bonds;0,6861
Neil Walker;1;Alex Avila;1,0
Neil Walker;2;Jose Vidro;1,0
Neil Walker;3;Wil Cordero;1,0
Neil Walker;4;Travis d'Arnaud;1,0
Neil Walker;5;Anthony Santander;1,0
Todd Walker;1;Kevin Young;1,0
Todd Walker;2;Yonder Alonso;1,0
Todd Walker;3;Oscar Zamora;1,0
Todd Walker;4;Gary Alexander;1,0
Todd Walker;5;Mike Young;1,0
Bobby Wallace;1;Ivey Wingo;1,0
Bobby Wallace;2;Dutch Leonard;1,0
Bobby Wallace;3;Hank Leiber;1,0
Bobby Wallace;4;Ernie White;1,0
Bobby Wallace;5;Red Lucas;1,0
Tim Wallach;1;Davey Johnson;0,9068
Tim Wallach;2;Ron Gant;0,8597
Tim Wallach;3;Norm Cash;0,8268
Tim Wallach;4;Brandon Drury;0,8243
Tim Wallach;5;Tim Leary;0,8243
Ed Walsh;1;Dave Bancroft;1,0
Ed Walsh;2;Heinie Groh;1,0
Ed Walsh;3;Hal Chase;0,999
Ed Walsh;4;Jimmy Archer;0,999
Ed Walsh;5;Steve O'Neill;0,999
Jared Walsh;1;Francisco Alvarez;1,0
Jared Walsh;2;Brett Anderson;1,0
Jared Walsh;3;Damon Hollins;1,0
Jared Walsh;4;Spencer Arrighetti;1,0
Jared Walsh;5;Brian Barden;1,0
Bucky Walters;1;Mort Cooper;0,774
Bucky Walters;2;Hank Greenberg;0,7676
Bucky Walters;3;Dizzy Dean;0,7664
Bucky Walters;4;Frank McCormick;0,7623
Bucky Walters;5;Dolph Camilli;0,7532
Jerome Walton;1;Curt Blefary;1,0
Jerome Walton;2;Walt Weiss;1,0
Jerome Walton;3;Earl Williams;1,0
Jerome Walton;4;Mike Hargrove;1,0
Jerome Walton;5;Pat Listach;1,0
Lloyd Waner;1;Urban Shocker;1,0
Lloyd Waner;2;George Gibson;1,0
Lloyd Waner;3;Chick Hafey;1,0
Lloyd Waner;4;Donie Bush;1,0
Lloyd Waner;5;George Burns;1,0
Paul Waner;1;Mickey Cochrane;0,9862
Paul Waner;2;Frankie Frisch;0,9836
Paul Waner;3;Gabby Hartnett;0,9785
Paul Waner;4;Babe Ruth;0,9468
Paul Waner;5;Bob Elliott;0,9372
Chien-Ming Wang;1;Mark Prior;0,9832
Chien-Ming Wang;2;Josh Beckett;0,7713
Chien-Ming Wang;3;R. A. Dickey;0,7319
Chien-Ming Wang;4;Zack Greinke;0,7277
Chien-Ming Wang;5;Clayton Kershaw;0,6859
Daryle Ward;1;Kevin Young;1,0
Daryle Ward;2;Yonder Alonso;1,0
Daryle Ward;3;Oscar Zamora;1,0
Daryle Ward;4;Gary Alexander;1,0
Daryle Ward;5;Mike Young;1,0
Gary Ward;1;Brian Jordan;1,0
Gary Ward;2;Eugenio Suarez;1,0
Gary Ward;3;Von Hayes;0,9889
Gary Ward;4;Bill Buckner;0,9889
Gary Ward;5;Scooter Gennett;0,9778
Pete Ward;1;Craig Worthington;1,0
Pete Ward;2;Butch Wynegar;1,0
Pete Ward;3;Greg Gross;1,0
Pete Ward;4;Brad Wilkerson;1,0
Pete Ward;5;Del Unser;1,0
Taylor Ward;1;Colby Rasmus;1,0
Taylor Ward;2;Len Barker;1,0
Taylor Ward;3;Jose Guillen;1,0
Taylor Ward;4;Alex Rios;1,0
Taylor Ward;5;Moose Haas;1,0
Lon Warneke;1;Paul Derringer;1,0
Lon Warneke;2;Billy Herman;1,0
Lon Warneke;3;Kiki Cuyler;1,0
Lon Warneke;4;Wes Ferrell;0,9991
Lon Warneke;5;Joe Sewell;0,9986
Mike Warren;1;Kevin Young;1,0
Mike Warren;2;Yonder Alonso;1,0
Mike Warren;3;Oscar Zamora;1,0
Mike Warren;4;Gary Alexander;1,0
Mike Warren;5;Mike Young;1,0
Jarrod Washburn;1;Wandy Rodriguez;1,0
Jarrod Washburn;2;Andy Hawkins;1,0
Jarrod Washburn;3;Matt Harrison;1,0
Jarrod Washburn;4;Rick Helling;1,0
Jarrod Washburn;5;Ken Hill;1,0
Claudell Washington;1;Dan Meyer;1,0
Claudell Washington;2;Cory Snyder;1,0
Claudell Washington;3;Kelly Johnson;1,0
Claudell Washington;4;Bo Diaz;1,0
Claudell Washington;5;Kal Daniels;1,0
Bob Watson;1;Eduardo Escobar;1,0
Bob Watson;2;Ralph Garr;1,0
Bob Watson;3;Joe Randa;1,0
Bob Watson;4;Chris Hoiles;1,0
Bob Watson;5;Richard Hidalgo;1,0
Buck Weaver;1;Ivey Wingo;1,0
Buck Weaver;2;Dutch Leonard;1,0
Buck Weaver;3;Hank Leiber;1,0
Buck Weaver;4;Ernie White;1,0
Buck Weaver;5;Red Lucas;1,0
Jered Weaver;1;Wilson Alvarez;1,0
Jered Weaver;2;Ken Forsch;1,0
Jered Weaver;3;Bowden Francis;1,0
Jered Weaver;4;Bobby Witt;1,0
Jered Weaver;5;Ricky Romero;1,0
Brandon Webb;1;Pete Vuckovich;0,9158
Brandon Webb;2;Jim Perry;0,89
Brandon Webb;3;Gaylord Perry;0,8895
Brandon Webb;4;Mike Cuellar;0,8313
Brandon Webb;5;Jake Arrieta;0,7236
Logan Webb;1;Ruben Amaro;1,0
Logan Webb;2;Gabriel Moreno;1,0
Logan Webb;3;Roger Metzger;1,0
Logan Webb;4;Cesar Hernandez;1,0
Logan Webb;5;Charlie Neal;1,0
Jemile Weeks;1;Francisco Alvarez;1,0
Jemile Weeks;2;Brett Anderson;1,0
Jemile Weeks;3;Damon Hollins;1,0
Jemile Weeks;4;Spencer Arrighetti;1,0
Jemile Weeks;5;Brian Barden;1,0
Bill Wegman;1;Gary Nolan;1,0
Bill Wegman;2;Ron Oester;1,0
Bill Wegman;3;Dustin McGowan;1,0
Bill Wegman;4;Jake Diekman;1,0
Bill Wegman;5;Danny Thompson;1,0
Al Weis;1;Dusty Rhodes;1,0
Al Weis;2;Dick Green;1,0
Al Weis;3;Billy Martin;1,0
Al Weis;4;Jerry Coleman;1,0
Al Weis;5;Billy Hatcher;0,9955
Walt Weiss;1;Curt Blefary;1,0
Walt Weiss;2;Jerome Walton;1,0
Walt Weiss;3;Earl Williams;1,0
Walt Weiss;4;Mike Hargrove;1,0
Walt Weiss;5;Pat Listach;1,0
Bob Welch;1;Catfish Hunter;1,0
Bob Welch;2;Jack McDowell;0,9855
Bob Welch;3;Mike Flanagan;0,9681
Bob Welch;4;Jim Lonborg;0,9681
Bob Welch;5;Steve Stone;0,9503
Todd Wellemeyer;1;Wandy Rodriguez;1,0
Todd Wellemeyer;2;Andy Hawkins;1,0
Todd Wellemeyer;3;Matt Harrison;1,0
Todd Wellemeyer;4;Rick Helling;1,0
Todd Wellemeyer;5;Ken Hill;1,0
David Wells;1;Lorenzo Cain;0,9915
David Wells;2;Adam Kennedy;0,9808
David Wells;3;Matt Garza;0,9808
David Wells;4;Jackie Bradley;0,9795
David Wells;5;Marty Barrett;0,9783
Vernon Wells;1;Roland Hemond;0,9656
Vernon Wells;2;Bobby Valentine;0,9656
Vernon Wells;3;Luis Gonzalez;0,9542
Vernon Wells;4;Shane Victorino;0,8538
Vernon Wells;5;Todd Stottlemyre;0,8364
Billy Werber;1;Ivey Wingo;1,0
Billy Werber;2;Dutch Leonard;1,0
Billy Werber;3;Hank Leiber;1,0
Billy Werber;4;Ernie White;1,0
Billy Werber;5;Red Lucas;1,0
Jayson Werth;1;Jason Kipnis;1,0
Jayson Werth;2;Travis Hafner;1,0
Jayson Werth;3;Felix Jose;0,9792
Jayson Werth;4;Shin-Soo Choo;0,9792
Jayson Werth;5;Larry Parrish;0,9209
Vic Wertz;1;Tommy Leach;1,0
Vic Wertz;2;Charlie Keller;1,0
Vic Wertz;3;Ray Kremer;1,0
Vic Wertz;4;Elmer Riddle;1,0
Vic Wertz;5;Ken Keltner;1,0
Jake Westbrook;1;Kevin Young;1,0
Jake Westbrook;2;Yonder Alonso;1,0
Jake Westbrook;3;Oscar Zamora;1,0
Jake Westbrook;4;Gary Alexander;1,0
Jake Westbrook;5;Mike Young;1,0
Jordan Westburg;1;Kevin Young;1,0
Jordan Westburg;2;Yonder Alonso;1,0
Jordan Westburg;3;Oscar Zamora;1,0
Jordan Westburg;4;Gary Alexander;1,0
Jordan Westburg;5;Mike Young;1,0
Sam West;1;Ivey Wingo;1,0
Sam West;2;Dutch Leonard;1,0
Sam West;3;Hank Leiber;1,0
Sam West;4;Ernie White;1,0
Sam West;5;Red Lucas;1,0
John Wetteland;1;Rollie Fingers;0,8062
John Wetteland;2;Jose Rijo;0,7333
John Wetteland;3;Ben Zobrist;0,719
John Wetteland;4;Steve Pearce;0,7184
John Wetteland;5;Jorge Soler;0,7184
Zack Wheat;1;Shoeless Joe Jackson;1,0
Zack Wheat;2;Honus Wagner;0,9997
Zack Wheat;3;Edd Roush;0,998
Zack Wheat;4;Hal Chase;0,9979
Zack Wheat;5;Jimmy Archer;0,9979
Zack Wheeler;1;Max Fried;0,9355
Zack Wheeler;2;Dylan Cease;0,9133
Zack Wheeler;3;Hyun Jin Ryu;0,9109
Zack Wheeler;4;Kevin Gausman;0,9109
Zack Wheeler;5;Framber Valdez;0,899
Lou Whitaker;1;Hanley Ramirez;0,8259
Lou Whitaker;2;Steve Sax;0,7855
Lou Whitaker;3;Eddie Murray;0,709
Lou Whitaker;4;Alfredo Griffin;0,6666
Lou Whitaker;5;Lance Parrish;0,6596
Bill White;1;Paul Blair;0,9989
Bill White;2;Jim Sundberg;0,9917
Bill White;3;Dwayne Murphy;0,9871
Bill White;4;Curt Flood;0,9868
Bill White;5;Bob Boone;0,9797
Devon White;1;Vic Power;1,0
Devon White;2;Jim Landis;0,992
Devon White;3;Gary Pettis;0,992
Devon White;4;Doug Rader;0,992
Devon White;5;Curt Flood;0,9862
Earl Whitehill;1;Ivey Wingo;1,0
Earl Whitehill;2;Dutch Leonard;1,0
Earl Whitehill;3;Hank Leiber;1,0
Earl Whitehill;4;Ernie White;1,0
Earl Whitehill;5;Red Lucas;1,0
Ernie White;1;Ivey Wingo;1,0
Ernie White;2;Dutch Leonard;1,0
Ernie White;3;Hank Leiber;1,0
Ernie White;4;Earl Whitehill;1,0
Ernie White;5;Red Lucas;1,0
Evan White;1;Ruben Amaro;1,0
Evan White;2;Gabriel Moreno;1,0
Evan White;3;Roger Metzger;1,0
Evan White;4;Cesar Hernandez;1,0
Evan White;5;Charlie Neal;1,0
Frank White;1;Gary Gaetti;0,9544
Frank White;2;Marquis Grissom;0,9481
Frank White;3;Bernie Williams;0,8993
Frank White;4;Lorenzo Cain;0,8547
Frank White;5;Alcides Escobar;0,8484
Mark Whiten;1;Colby Rasmus;1,0
Mark Whiten;2;Len Barker;1,0
Mark Whiten;3;Jose Guillen;1,0
Mark Whiten;4;Alex Rios;1,0
Mark Whiten;5;Moose Haas;1,0
Roy White;1;Willy Adames;1,0
Roy White;2;Neil Allen;1,0
Roy White;3;Craig Wilson;1,0
Roy White;4;Phil Nevin;1,0
Roy White;5;John Kruk;1,0
Rondell White;1;Colby Rasmus;1,0
Rondell White;2;Len Barker;1,0
Rondell White;3;Jose Guillen;1,0
Rondell White;4;Alex Rios;1,0
Rondell White;5;Moose Haas;1,0
Tyler White;1;Kevin Young;1,0
Tyler White;2;Yonder Alonso;1,0
Tyler White;3;Oscar Zamora;1,0
Tyler White;4;Gary Alexander;1,0
Tyler White;5;Mike Young;1,0
Fred Whitfield;1;Felipe Alou;1,0
Fred Whitfield;2;Matty Alou;1,0
Fred Whitfield;3;Bobby Avila;1,0
Fred Whitfield;4;Tony Bernazard;1,0
Fred Whitfield;5;Smoky Burgess;1,0
Pinky Whitney;1;Ivey Wingo;1,0
Pinky Whitney;2;Dutch Leonard;1,0
Pinky Whitney;3;Hank Leiber;1,0
Pinky Whitney;4;Ernie White;1,0
Pinky Whitney;5;Red Lucas;1,0
Ed Whitson;1;Wandy Rodriguez;1,0
Ed Whitson;2;Andy Hawkins;1,0
Ed Whitson;3;Matt Harrison;1,0
Ed Whitson;4;Rick Helling;1,0
Ed Whitson;5;Chris Bassitt;1,0
Ernie Whitt;1;Felipe Alou;1,0
Ernie Whitt;2;Matty Alou;1,0
Ernie Whitt;3;Bobby Avila;1,0
Ernie Whitt;4;Tony Bernazard;1,0
Ernie Whitt;5;Smoky Burgess;1,0
Matt Wieters;1;Tucker Barnhart;1,0
Matt Wieters;2;Patrick Bailey;1,0
Matt Wieters;3;John Roseboro;1,0
Matt Wieters;4;Trent Grisham;1,0
Matt Wieters;5;Ken Berry;1,0
Ty Wigginton;1;Kevin Young;1,0
Ty Wigginton;2;Yonder Alonso;1,0
Ty Wigginton;3;Oscar Zamora;1,0
Ty Wigginton;4;Gary Alexander;1,0
Ty Wigginton;5;Mike Young;1,0
Milt Wilcox;1;Kevin Young;1,0
Milt Wilcox;2;Yonder Alonso;1,0
Milt Wilcox;3;Oscar Zamora;1,0
Milt Wilcox;4;Gary Alexander;1,0
Milt Wilcox;5;Mike Young;1,0
Brad Wilkerson;1;Craig Worthington;1,0
Brad Wilkerson;2;Butch Wynegar;1,0
Brad Wilkerson;3;Greg Gross;1,0
Brad Wilkerson;4;Jody Gerut;1,0
Brad Wilkerson;5;Dave Rader;1,0
Carl Willey;1;Cade Horton;1,0
Carl Willey;2;Ken Hunt;1,0
Carl Willey;3;Dick Howser;1,0
Carl Willey;4;Clint Courtney;1,0
Carl Willey;5;Richie Ashburn;1,0
Bernie Williams;1;Graig Nettles;0,975
Bernie Williams;2;Gary Gaetti;0,934
Bernie Williams;3;Jackie Bradley;0,931
Bernie Williams;4;Marquis Grissom;0,9005
Bernie Williams;5;Frank White;0,8993
Billy Williams;1;Orlando Cepeda;0,769
Billy Williams;2;Frank Howard;0,748
Billy Williams;3;Albie Pearson;0,7154
Billy Williams;4;Jim Gilliam;0,7154
Billy Williams;5;Harvey Kuenn;0,7154
Cy Williams;1;Tommy Leach;1,0
Cy Williams;2;Charlie Keller;1,0
Cy Williams;3;Ray Kremer;1,0
Cy Williams;4;Elmer Riddle;1,0
Cy Williams;5;Ken Keltner;1,0
Devin Williams;1;Kenley Jansen;0,95
Devin Williams;2;Chad Cordero;0,8414
Devin Williams;3;Liam Hendriks;0,8159
Devin Williams;4;Kirby Yates;0,8059
Devin Williams;5;Edwin Diaz;0,8032
Dontrelle Willis;1;Hideo Nomo;0,9184
Dontrelle Willis;2;John Montefusco;0,883
Dontrelle Willis;3;Kazuhiro Sasaki;0,883
Dontrelle Willis;4;Stan Bahnsen;0,8804
Dontrelle Willis;5;Scott Williamson;0,8804
Earl Williams;1;Walt Weiss;1,0
Earl Williams;2;Curt Blefary;1,0
Earl Williams;3;Pat Listach;1,0
Earl Williams;4;Jerome Walton;1,0
Earl Williams;5;Mike Hargrove;1,0
Josh Willingham;1;Brent Rooker;1,0
Josh Willingham;2;Carlos Quentin;1,0
Josh Willingham;3;John Valentin;1,0
Josh Willingham;4;Michael Barrett;0,9314
Josh Willingham;5;Jack Wilson;0,9314
Matt Williams;1;Wade Boggs;0,9069
Matt Williams;2;Mark Teixeira;0,8462
Matt Williams;3;Dwight Evans;0,8318
Matt Williams;4;Bobby Bonilla;0,825
Matt Williams;5;Lance Parrish;0,8147
Mitch Williams;1;Wilson Alvarez;1,0
Mitch Williams;2;Ken Forsch;1,0
Mitch Williams;3;Bowden Francis;1,0
Mitch Williams;4;Bobby Witt;1,0
Mitch Williams;5;Ricky Romero;1,0
Scott Williamson;1;Stan Bahnsen;1,0
Scott Williamson;2;Carl Morton;1,0
Scott Williamson;3;Butch Metzger;1,0
Scott Williamson;4;John Montefusco;0,997
Scott Williamson;5;Kazuhiro Sasaki;0,997
Ted Williams;1;Mickey Mantle;0,7579
Ted Williams;2;Rogers Hornsby;0,7004
Ted Williams;3;Carl Yastrzemski;0,6936
Ted Williams;4;Lou Boudreau;0,6848
Ted Williams;5;Duke Snider;0,6626
Vic Willis;1;Eddie Ainsmith;1,0
Vic Willis;2;Dode Paskert;1,0
Vic Willis;3;Marv Owen;1,0
Vic Willis;4;Jesse Barnes;1,0
Vic Willis;5;Dick Newsome;1,0
Woody Williams;1;Wandy Rodriguez;1,0
Woody Williams;2;Andy Hawkins;1,0
Woody Williams;3;Matt Harrison;1,0
Woody Williams;4;Rick Helling;1,0
Woody Williams;5;Chris Bassitt;1,0
Maury Wills;1;Bobby Bonds;0,816
Maury Wills;2;Willie Mays;0,7957
Maury Wills;3;Joe Morgan;0,7733
Maury Wills;4;Cal Ripken;0,7381
Maury Wills;5;Al Rosen;0,728
Brian Wilson;1;Fernando Rodney;0,8015
Brian Wilson;2;Jonathan Papelbon;0,8013
Brian Wilson;3;Mariano Rivera;0,7551
Brian Wilson;4;Jose Valverde;0,7168
Brian Wilson;5;Greg Holland;0,6934
Owen Wilson;1;Eddie Ainsmith;1,0
Owen Wilson;2;Dode Paskert;1,0
Owen Wilson;3;Marv Owen;1,0
Owen Wilson;4;Jesse Barnes;1,0
Owen Wilson;5;Dick Newsome;1,0
C. J. Wilson;1;Kevin Young;1,0
C. J. Wilson;2;Yonder Alonso;1,0
C. J. Wilson;3;Oscar Zamora;1,0
C. J. Wilson;4;Gary Alexander;1,0
C. J. Wilson;5;Mike Young;1,0
Craig Wilson;1;Willy Adames;1,0
Craig Wilson;2;Neil Allen;1,0
Craig Wilson;3;Bill Doran;1,0
Craig Wilson;4;Phil Nevin;1,0
Craig Wilson;5;Homer Bailey;1,0
Don Wilson;1;Kevin Young;1,0
Don Wilson;2;Yonder Alonso;1,0
Don Wilson;3;Oscar Zamora;1,0
Don Wilson;4;Gary Alexander;1,0
Don Wilson;5;Mike Young;1,0
Earl Wilson;1;Jim Bunning;1,0
Earl Wilson;2;Red Schoendienst;1,0
Earl Wilson;3;Johnny Pesky;1,0
Earl Wilson;4;Allie Reynolds;0,9649
Earl Wilson;5;Ted Kluszewski;0,9637
Hack Wilson;1;Travis Jackson;0,9866
Hack Wilson;2;Luke Appling;0,9862
Hack Wilson;3;Bill Nicholson;0,9682
Hack Wilson;4;Vic Raschi;0,9682
Hack Wilson;5;George Earnshaw;0,9682
Jack Wilson;1;A. J. Pierzynski;1,0
Jack Wilson;2;Michael Cuddyer;1,0
Jack Wilson;3;Riley Greene;1,0
Jack Wilson;4;Hunter Goodman;1,0
Jack Wilson;5;Damion Easley;1,0
Jimmie Wilson;1;Ivey Wingo;1,0
Jimmie Wilson;2;Dutch Leonard;1,0
Jimmie Wilson;3;Hank Leiber;1,0
Jimmie Wilson;4;Ernie White;1,0
Jimmie Wilson;5;Red Lucas;1,0
Preston Wilson;1;Bob Hamelin;0,8954
Preston Wilson;2;Ben Grieve;0,8941
Preston Wilson;3;Raul Mondesi;0,8731
Preston Wilson;4;Eric Hinske;0,8605
Preston Wilson;5;Scott Rolen;0,7481
Willie Wilson;1;Josh Bell;0,8572
Willie Wilson;2;Hubie Brooks;0,8538
Willie Wilson;3;Howard Johnson;0,8466
Willie Wilson;4;Justin Upton;0,838
Willie Wilson;5;Ryan Ludwick;0,815
Bobby Wine;1;Ruben Amaro;1,0
Bobby Wine;2;Gabriel Moreno;1,0
Bobby Wine;3;Evan White;1,0
Bobby Wine;4;Cesar Hernandez;1,0
Bobby Wine;5;Charlie Neal;1,0
Dave Winfield;1;Mark Belanger;0,8
Dave Winfield;2;Phil Bradley;0,7896
Dave Winfield;3;Steve Rogers;0,7666
Dave Winfield;4;Andre Dawson;0,7342
Dave Winfield;5;Tony Gwynn;0,4821
Ivey Wingo;1;Hank Leiber;1,0
Ivey Wingo;2;Dutch Leonard;1,0
Ivey Wingo;3;Jack Barry;1,0
Ivey Wingo;4;Earl Whitehill;1,0
Ivey Wingo;5;Red Lucas;1,0
Masyn Winn;1;Ruben Amaro;1,0
Masyn Winn;2;Gabriel Moreno;1,0
Masyn Winn;3;Evan White;1,0
Masyn Winn;4;Cesar Hernandez;1,0
Masyn Winn;5;Charlie Neal;1,0
Randy Winn;1;Buzz Capra;1,0
Randy Winn;2;Lamar Johnson;1,0
Randy Winn;3;Brook Jacoby;1,0
Randy Winn;4;Jeromy Burnitz;1,0
Randy Winn;5;Kal Daniels;1,0
Patrick Wisdom;1;Anibal Sanchez;1,0
Patrick Wisdom;2;Gaby Sanchez;1,0
Patrick Wisdom;3;Chris Duncan;1,0
Patrick Wisdom;4;Michael Pineda;1,0
Patrick Wisdom;5;Yermin Mercedes;1,0
Dewayne Wise;1;Gabe Kapler;0,9993
Dewayne Wise;2;Steven Souza;0,9993
Dewayne Wise;3;Ben Revere;0,9839
Dewayne Wise;4;Melky Cabrera;0,9204
Dewayne Wise;5;Rafael Furcal;0,8196
Bobby Witt;1;Wilson Alvarez;1,0
Bobby Witt;2;Ken Forsch;1,0
Bobby Witt;3;Bowden Francis;1,0
Bobby Witt;4;Alex Wood;1,0
Bobby Witt;5;Ricky Romero;1,0
Bobby Witt;1;Fernando Tatis;0,9433
Bobby Witt;2;DJ LeMahieu;0,7586
Bobby Witt;3;Austin Riley;0,7015
Bobby Witt;4;William Contreras;0,6986
Bobby Witt;5;Adley Rutschman;0,6918
Mike Witt;1;Jesse Orosco;1,0
Mike Witt;2;Rick Camp;1,0
Mike Witt;3;Tommy Greene;0,9606
Mike Witt;4;Lucas Giolito;0,9606
Mike Witt;5;Noah Lowry;0,9606
Roger Wolff;1;Eddie Ainsmith;1,0
Roger Wolff;2;Dode Paskert;1,0
Roger Wolff;3;Marv Owen;1,0
Roger Wolff;4;Jesse Barnes;1,0
Roger Wolff;5;Dick Newsome;1,0
Randy Wolf;1;Felipe Alou;1,0
Randy Wolf;2;Matty Alou;1,0
Randy Wolf;3;Bobby Avila;1,0
Randy Wolf;4;Tony Bernazard;1,0
Randy Wolf;5;Smoky Burgess;1,0
Kolten Wong;1;Ke'Bryan Hayes;1,0
Kolten Wong;2;Gerardo Parra;1,0
Kolten Wong;3;Darwin Barney;0,9738
Kolten Wong;4;Andrew Benintendi;0,9555
Kolten Wong;5;Steven Kwan;0,952
Bryan Woo;1;Charlie Morton;1,0
Bryan Woo;2;Kenta Maeda;1,0
Bryan Woo;3;Jordan Montgomery;1,0
Bryan Woo;4;Mike Yastrzemski;1,0
Bryan Woo;5;Kyle Bradish;1,0
Alex Wood;1;Wilson Alvarez;1,0
Alex Wood;2;Ken Forsch;1,0
Alex Wood;3;Bowden Francis;1,0
Alex Wood;4;Bobby Witt;1,0
Alex Wood;5;Ricky Romero;1,0
Smoky Joe Wood;1;Tommy Leach;1,0
Smoky Joe Wood;2;Charlie Keller;1,0
Smoky Joe Wood;3;Ray Kremer;1,0
Smoky Joe Wood;4;Elmer Riddle;1,0
Smoky Joe Wood;5;Ken Keltner;1,0
Kerry Wood;1;Jason Jennings;0,9627
Kerry Wood;2;Marty Cordova;0,7936
Kerry Wood;3;Todd Hollandsworth;0,7917
Kerry Wood;4;Angel Berroa;0,7492
Kerry Wood;5;Kazuhiro Sasaki;0,7172
Brandon Woodruff;1;Kevin Young;1,0
Brandon Woodruff;2;Yonder Alonso;1,0
Brandon Woodruff;3;Oscar Zamora;1,0
Brandon Woodruff;4;Gary Alexander;1,0
Brandon Woodruff;5;Mike Young;1,0
Wilbur Wood;1;Mike Marshall;0,8458
Wilbur Wood;2;Lindy McDaniel;0,7772
Wilbur Wood;3;Stu Miller;0,7772
Wilbur Wood;4;Dick Radatz;0,7772
Wilbur Wood;5;Ted Abernathy;0,7772
Brandon Workman;1;Shane Greene;1,0
Brandon Workman;2;B. J. Ryan;1,0
Brandon Workman;3;Matt Barnes;1,0
Brandon Workman;4;Takashi Saito;1,0
Brandon Workman;5;Kyle Barraclough;1,0
Todd Worrell;1;Dave Righetti;0,9388
Todd Worrell;2;Bryan Harvey;0,8573
Todd Worrell;3;Tom Gordon;0,8573
Todd Worrell;4;Steve Bedrosian;0,8047
Todd Worrell;5;Kazuhiro Sasaki;0,7859
Craig Worthington;1;Butch Wynegar;1,0
Craig Worthington;2;Brad Wilkerson;1,0
Craig Worthington;3;Greg Gross;1,0
Craig Worthington;4;Jody Gerut;1,0
Craig Worthington;5;Dave Rader;1,0
Clyde Wright;1;Gil Meche;1,0
Clyde Wright;2;Alex Johnson;1,0
Clyde Wright;3;Eric Soderholm;1,0
Clyde Wright;4;Al Downing;1,0
Clyde Wright;5;Jim Hickman;1,0
David Wright;1;Troy Tulowitzki;0,7106
David Wright;2;Gabe Kapler;0,6748
David Wright;3;Steven Souza;0,6748
David Wright;4;Dewayne Wise;0,6723
David Wright;5;Ben Revere;0,6614
George Wright;1;Kevin Young;1,0
George Wright;2;Yonder Alonso;1,0
George Wright;3;Oscar Zamora;1,0
George Wright;4;Gary Alexander;1,0
George Wright;5;Mike Young;1,0
Glenn Wright;1;Mel Parnell;1,0
Glenn Wright;2;Birdie Tebbetts;1,0
Glenn Wright;3;Johnny Mostil;1,0
Glenn Wright;4;Dizzy Trout;1,0
Glenn Wright;5;Cecil Travis;1,0
Whit Wyatt;1;Rudy York;1,0
Whit Wyatt;2;Harry Brecheen;1,0
Whit Wyatt;3;Snuffy Stirnweiss;1,0
Whit Wyatt;4;Max Carey;1,0
Whit Wyatt;5;Andy Pafko;1,0
Butch Wynegar;1;Craig Worthington;1,0
Butch Wynegar;2;Brad Wilkerson;1,0
Butch Wynegar;3;Greg Gross;1,0
Butch Wynegar;4;Jody Gerut;1,0
Butch Wynegar;5;Dave Rader;1,0
Early Wynn;1;Don Drysdale;1,0
Early Wynn;2;Denny McLain;0,8995
Early Wynn;3;Bob Turley;0,7095
Early Wynn;4;Jim Lonborg;0,6881
Early Wynn;5;Mike Flanagan;0,6881
Jim Wynn;1;Gorman Thomas;0,9869
Jim Wynn;2;Richie Zisk;0,9748
Jim Wynn;3;Norm Cash;0,9709
Jim Wynn;4;Ron Gant;0,9576
Jim Wynn;5;Mike Caldwell;0,9406
Hank Wyse;1;Eddie Ainsmith;1,0
Hank Wyse;2;Dode Paskert;1,0
Hank Wyse;3;Marv Owen;1,0
Hank Wyse;4;Jesse Barnes;1,0
Hank Wyse;5;Art Nehf;1,0
Yoshinobu Yamamoto;1;Jose Rijo;0,8385
Yoshinobu Yamamoto;2;Pat Borders;0,8022
Yoshinobu Yamamoto;3;Donn Clendenon;0,8022
Yoshinobu Yamamoto;4;Steve Yeager;0,8022
Yoshinobu Yamamoto;5;Jorge Soler;0,7985
Carl Yastrzemski;1;Mickey Mantle;0,8237
Carl Yastrzemski;2;Ted Williams;0,6936
Carl Yastrzemski;3;Frank Robinson;0,6844
Carl Yastrzemski;4;Rogers Hornsby;0,6304
Carl Yastrzemski;5;Tip O'Neill;0,6227
Mike Yastrzemski;1;Charlie Morton;1,0
Mike Yastrzemski;2;Bryan Woo;1,0
Mike Yastrzemski;3;Jordan Montgomery;1,0
Mike Yastrzemski;4;Yasmani Grandal;1,0
Mike Yastrzemski;5;Kyle Bradish;1,0
Kirby Yates;1;Ryan Helsley;0,9103
Kirby Yates;2;Emmanuel Clase;0,8185
Kirby Yates;3;Liam Hendriks;0,8117
Kirby Yates;4;Devin Williams;0,8059
Kirby Yates;5;Kenley Jansen;0,7921
Steve Yeager;1;Donn Clendenon;1,0
Steve Yeager;2;Pat Borders;1,0
Steve Yeager;3;Jorge Soler;0,9957
Steve Yeager;4;Steve Pearce;0,9957
Steve Yeager;5;Ben Zobrist;0,9614
Christian Yelich;1;Paul Goldschmidt;0,8104
Christian Yelich;2;Aramis Ramirez;0,7419
Christian Yelich;3;Jose Bautista;0,7255
Christian Yelich;4;Bryce Harper;0,7227
Christian Yelich;5;Manny Ramirez;0,7108
Rudy York;1;Harry Brecheen;1,0
Rudy York;2;Max Carey;1,0
Rudy York;3;Snuffy Stirnweiss;1,0
Rudy York;4;Heinie Manush;1,0
Rudy York;5;Andy Pafko;1,0
Masataka Yoshida;1;Kevin Young;1,0
Masataka Yoshida;2;Yonder Alonso;1,0
Masataka Yoshida;3;Oscar Zamora;1,0
Masataka Yoshida;4;Gary Alexander;1,0
Masataka Yoshida;5;Mike Young;1,0
Kevin Youkilis;1;Aramis Ramirez;0,8268
Kevin Youkilis;2;Jose Bautista;0,7191
Kevin Youkilis;3;Christian Yelich;0,633
Kevin Youkilis;4;Joey Votto;0,5913
Kevin Youkilis;5;Paul Goldschmidt;0,5638
Floyd Youmans;1;Cody Anderson;1,0
Floyd Youmans;2;Wandy Rodriguez;1,0
Floyd Youmans;3;Rick Helling;1,0
Floyd Youmans;4;Andy Hawkins;1,0
Floyd Youmans;5;Ed Whitson;1,0
Chris Young;1;Chris Carpenter;1,0
Chris Young;2;Jonny Venters;1,0
Chris Young;3;Garrett Crochet;0,9077
Chris Young;4;Jim Johnson;0,8747
Chris Young;5;Anthony Rendon;0,7767
Chris Young;1;John Jaha;0,9875
Chris Young;2;Fernando Tatis;0,9875
Chris Young;3;Daniel Bard;0,9875
Chris Young;4;Mike Lieberthal;0,9816
Chris Young;5;Darren Daulton;0,9756
Cy Young;1;Rube Waddell;0,9976
Cy Young;2;Hippo Vaughn;0,9909
Cy Young;3;Tim Keefe;0,9904
Cy Young;4;Guy Hecker;0,9904
Cy Young;5;Amos Rusie;0,9904
Delmon Young;1;Jackie Bradley;0,9915
Delmon Young;2;Matt Garza;0,9879
Delmon Young;3;Adam Kennedy;0,9879
Delmon Young;4;Koji Uehara;0,9854
Delmon Young;5;Marty Barrett;0,9854
Dmitri Young;1;Trey Mancini;0,9988
Dmitri Young;2;Mike Moustakas;0,9952
Dmitri Young;3;Matt Harvey;0,9924
Dmitri Young;4;Aaron Hill;0,9802
Dmitri Young;5;Casey McGehee;0,9682
Eric Young;1;Edgardo Alfonzo;1,0
Eric Young;2;Dickie Thon;1,0
Eric Young;3;Mike Stanley;1,0
Eric Young;4;Matt Nokes;1,0
Eric Young;5;Cedric Mullins;1,0
Kevin Young;1;Yonder Alonso;1,0
Kevin Young;2;Henderson Alvarez;1,0
Kevin Young;3;Oscar Zamora;1,0
Kevin Young;4;Gary Alexander;1,0
Kevin Young;5;Mike Young;1,0
Mike Young;1;Kevin Young;1,0
Mike Young;2;Yonder Alonso;1,0
Mike Young;3;Oscar Zamora;1,0
Mike Young;4;Gary Alexander;1,0
Mike Young;5;Henderson Alvarez;1,0
Michael Young;1;Brandon Inge;0,9038
Michael Young;2;Adam Jones;0,8744
Michael Young;3;Rhys Hoskins;0,8657
Michael Young;4;Marcus Semien;0,8073
Michael Young;5;Curtis Granderson;0,7893
Ross Youngs;1;Heinie Zimmerman;1,0
Ross Youngs;2;Stuffy McInnis;1,0
Ross Youngs;3;Sam Crawford;1,0
Ross Youngs;4;Wilbur Cooper;1,0
Ross Youngs;5;Roger Bresnahan;1,0
Robin Yount;1;Kevin Mitchell;0,8316
Robin Yount;2;George Bell;0,8255
Robin Yount;3;Roger Maris;0,7885
Robin Yount;4;Ryne Sandberg;0,7848
Robin Yount;5;Al Rosen;0,7823
Pat Zachry;1;Steve Howe;1,0
Pat Zachry;2;Sam Jethroe;0,9574
Pat Zachry;3;Ted Sizemore;0,9574
Pat Zachry;4;Jim Lefebvre;0,9574
Pat Zachry;5;Drake Baldwin;0,9574
Geoff Zahn;1;Jose Lima;0,9464
Geoff Zahn;2;Denny Neagle;0,9464
Geoff Zahn;3;Floyd Youmans;0,9037
Geoff Zahn;4;Chris Bassitt;0,9037
Geoff Zahn;5;Jim Beattie;0,9037
Carlos Zambrano;1;Rick Rhoden;0,8345
Carlos Zambrano;2;German Marquez;0,8098
Carlos Zambrano;3;Ubaldo Jimenez;0,7678
Carlos Zambrano;4;J. R. Richard;0,7678
Carlos Zambrano;5;Jeff Fassero;0,7599
Oscar Zamora;1;Kevin Young;1,0
Oscar Zamora;2;Yonder Alonso;1,0
Oscar Zamora;3;Mike Young;1,0
Oscar Zamora;4;Gary Alexander;1,0
Oscar Zamora;5;Henderson Alvarez;1,0
Todd Zeile;1;Carlos Martinez;1,0
Todd Zeile;2;Cliff Floyd;1,0
Todd Zeile;3;Mike Marshall;1,0
Todd Zeile;4;Tom Paciorek;1,0
Todd Zeile;5;Pete O'Brien;1,0
Brad Ziegler;1;Craig Stammen;1,0
Brad Ziegler;2;Jon Gray;1,0
Brad Ziegler;3;Griffin Jax;1,0
Brad Ziegler;4;Ian Kennedy;1,0
Brad Ziegler;5;Jonathan Lucroy;1,0
Heinie Zimmerman;1;Ross Youngs;1,0
Heinie Zimmerman;2;Stuffy McInnis;1,0
Heinie Zimmerman;3;Sam Crawford;1,0
Heinie Zimmerman;4;Wilbur Cooper;1,0
Heinie Zimmerman;5;Roger Bresnahan;1,0
Jordan Zimmermann;1;Danny Darwin;1,0
Jordan Zimmermann;2;Scott Kazmir;1,0
Jordan Zimmermann;3;Darryl Kile;1,0
Jordan Zimmermann;4;Javier Vazquez;1,0
Jordan Zimmermann;5;Dennis Martinez;0,9845
Ryan Zimmerman;1;Lance Berkman;0,7642
Ryan Zimmerman;2;Dmitri Young;0,7504
Ryan Zimmerman;3;Aaron Hill;0,7484
Ryan Zimmerman;4;Trey Mancini;0,7425
Ryan Zimmerman;5;Carlos Peña;0,7389
Richie Zisk;1;Jim Wynn;0,9748
Richie Zisk;2;Gorman Thomas;0,9628
Richie Zisk;3;Mike Caldwell;0,9447
Richie Zisk;4;John Candelaria;0,9105
Richie Zisk;5;Jerry Reuss;0,9105
Barry Zito;1;Stephen Piscotty;0,7646
Barry Zito;2;Corey Kluber;0,7514
Barry Zito;3;Tommy John;0,7176
Barry Zito;4;David Cone;0,6826
Barry Zito;5;Curt Schilling;0,5966
Ben Zobrist;1;Jorge Soler;0,9828
Ben Zobrist;2;Steve Pearce;0,9828
Ben Zobrist;3;Jose Rijo;0,965
Ben Zobrist;4;Donn Clendenon;0,9614
Ben Zobrist;5;Pat Borders;0,9614
Joel Zumaya;1;Joaquin Benoit;1,0
Joel Zumaya;2;David Robertson;1,0
Joel Zumaya;3;Jeremy Affeldt;1,0
Joel Zumaya;4;Neal Cotts;1,0
Joel Zumaya;5;Hung-Chih Kuo;1,0
