Jugador_Base;Ranking;Jugador_Comparable;Correlacion_Pearson
A. J. Pierzynski;1;Jacoby Ellsbury;0,8705
A. J. Pierzynski;2;Tony Batista;0,8181
A. J. Pierzynski;3;Jo-Jo White;0,8036
A. J. Pierzynski;4;Richard Hidalgo;0,7994
A. J. Pierzynski;5;David Freese;0,7939
AJ Pollock;1;Rick Ferrell;0,9603
AJ Pollock;2;Cool Papa Bell;0,9225
AJ Pollock;3;Ducky Holmes;0,8812
AJ Pollock;4;Harry Davis;0,8665
AJ Pollock;5;Ron Fairly;0,8573
Aaron Boone;1;Pinky Whitney;0,9713
Aaron Boone;2;John Valentin;0,9217
Aaron Boone;3;Paul Waner;0,9057
Aaron Boone;4;Monte Cross;0,9051
Aaron Boone;5;Andrew Benintendi;0,88
Aaron Hicks;1;Darren Daulton;0,9174
Aaron Hicks;2;George Davis;0,9067
Aaron Hicks;3;Curt Flood;0,8777
Aaron Hicks;4;Kevin Mitchell;0,8679
Aaron Hicks;5;Tris Speaker;0,861
Aaron Hill;1;Bill Doran;0,884
Aaron Hill;2;Joe Gordon;0,8223
Aaron Hill;3;Kyle Seager;0,777
Aaron Hill;4;Matty McIntyre;0,7701
Aaron Hill;5;David Murphy;0,7527
Aaron Judge;1;Devon White;0,9321
Aaron Judge;2;Roy Sievers;0,9264
Aaron Judge;3;Ozzie Smith;0,9133
Aaron Judge;4;Shawn Green;0,8943
Aaron Judge;5;Rafael Palmeiro;0,8829
Aaron Rowand;1;Juan Pierre;0,9182
Aaron Rowand;2;Colby Rasmus;0,8989
Aaron Rowand;3;Garry Maddox;0,8952
Aaron Rowand;4;Michael Conforto;0,8927
Aaron Rowand;5;Hank Bauer;0,875
Abner Dalrymple;1;Sparky Adams;0,9126
Abner Dalrymple;2;Cupid Childs;0,9074
Abner Dalrymple;3;Mack Jones;0,8893
Abner Dalrymple;4;Joe Orsulak;0,838
Abner Dalrymple;5;Tony Oliva;0,8229
Adam Dunn;1;John Clapp;0,8458
Adam Dunn;2;Ichiro Suzuki;0,8316
Adam Dunn;3;Donovan Solano;0,8115
Adam Dunn;4;Doc Bushong;0,7951
Adam Dunn;5;Elston Howard;0,7644
Adam Frazier;1;Preston Wilson;0,9397
Adam Frazier;2;Darin Erstad;0,8706
Adam Frazier;3;Bill Melton;0,8479
Adam Frazier;4;Aaron Boone;0,8462
Adam Frazier;5;Trot Nixon;0,8399
Adam Jones;1;Brian Dozier;0,9272
Adam Jones;2;Mark Lemke;0,9023
Adam Jones;3;Josh Donaldson;0,8887
Adam Jones;4;Clint Thomas;0,8872
Adam Jones;5;Stan Spence;0,8642
Adam Kennedy;1;Shannon Stewart;0,9007
Adam Kennedy;2;Robbie Grossman;0,8858
Adam Kennedy;3;Pat Meares;0,8683
Adam Kennedy;4;Dave Foutz;0,8626
Adam Kennedy;5;Matt Wieters;0,8435
Adam LaRoche;1;Earle Combs;0,8955
Adam LaRoche;2;Bingo DeMoss;0,8358
Adam LaRoche;3;Mike Macfarlane;0,817
Adam LaRoche;4;Steve Kemp;0,8131
Adam LaRoche;5;Giancarlo Stanton;0,8083
Adam Lind;1;Eric McNair;0,8248
Adam Lind;2;Doug DeCinces;0,7797
Adam Lind;3;Moises Alou;0,7744
Adam Lind;4;Reggie Smith;0,7741
Adam Lind;5;Darryl Hamilton;0,7707
Adrian Beltre;1;Mark Trumbo;0,8975
Adrian Beltre;2;Butch Wynegar;0,8442
Adrian Beltre;3;Bill Tuttle;0,8102
Adrian Beltre;4;Matt Olson;0,7899
Adrian Beltre;5;Bob Ferguson;0,7712
Adrian Gonzalez;1;Mike Donlin;0,9423
Adrian Gonzalez;2;Ripper Collins;0,9298
Adrian Gonzalez;3;Chase Utley;0,9078
Adrian Gonzalez;4;Johnny Callison;0,8994
Adrian Gonzalez;5;Paul Sorrento;0,8894
Al Bridwell;1;Ken Williams;0,9551
Al Bridwell;2;Harry Stovey;0,945
Al Bridwell;3;Dante Bichette;0,9323
Al Bridwell;4;Whitey Witt;0,9229
Al Bridwell;5;Steve Brodie;0,9001
Al Bumbry;1;Ira Flagstead;0,8218
Al Bumbry;2;Gus Suhr;0,8099
Al Bumbry;3;Eric Hosmer;0,7994
Al Bumbry;4;Doc Lavan;0,7817
Al Bumbry;5;Tom Brookens;0,775
Al Cowens;1;Bill Joyce;0,9444
Al Cowens;2;Patrick Gillespie;0,8154
Al Cowens;3;Silver Flint;0,8126
Al Cowens;4;Stan Spence;0,8065
Al Cowens;5;Fernando Vina;0,7952
Al Dark;1;Patsy Donovan;0,9486
Al Dark;2;Roy Johnson;0,9119
Al Dark;3;Gene Freese;0,9111
Al Dark;4;Billy Butler;0,9083
Al Dark;5;Carlos Ruiz;0,8851
Al Kaline;1;Wil Cordero;0,8388
Al Kaline;2;Pop Smith;0,8021
Al Kaline;3;Jim Eisenreich;0,7859
Al Kaline;4;Chick Gandil;0,7714
Al Kaline;5;Carlos Gonzalez;0,7687
Al Lopez;1;Taffy Wright;0,9443
Al Lopez;2;Joe Sugden;0,9274
Al Lopez;3;Tony Kubek;0,9199
Al Lopez;4;Stephen Drew;0,8477
Al Lopez;5;Johnny Gooch;0,8386
Al Martin;1;Jon Jay;0,8735
Al Martin;2;Cupid Childs;0,8157
Al Martin;3;Jim O'Rourke;0,8087
Al Martin;4;Bucky Dent;0,7997
Al Martin;5;Jim Fregosi;0,7942
Al Oliver;1;Emmett Seery;0,9045
Al Oliver;2;Pete Runnels;0,8986
Al Oliver;3;Bill Killefer;0,8182
Al Oliver;4;Nemo Leibold;0,8029
Al Oliver;5;John Milligan;0,774
Al Simmons;1;Curt Welch;0,875
Al Simmons;2;Newt Allen;0,8398
Al Simmons;3;Tommy McCarthy;0,8333
Al Simmons;4;Brian Roberts;0,8286
Al Simmons;5;Glenn Beckert;0,8244
Al Smith;1;Gene Clines;0,8121
Al Smith;2;Tommy Helms;0,7959
Al Smith;3;Darryl Hamilton;0,7941
Al Smith;4;Bernie Friberg;0,7923
Al Smith;5;Ryan Klesko;0,7897
Al Zarilla;1;Craig Reynolds;0,9038
Al Zarilla;2;Ed Williamson;0,8913
Al Zarilla;3;Skeeter Newsome;0,8892
Al Zarilla;4;Hal Chase;0,8755
Al Zarilla;5;George Burns;0,8736
Alan Ashby;1;Bill Buckner;0,8456
Alan Ashby;2;Max Muncy;0,8039
Alan Ashby;3;Walter Holke;0,8018
Alan Ashby;4;Omar Vizquel;0,7839
Alan Ashby;5;Mike Matheny;0,7813
Alan Trammell;1;Buck Martinez;0,8595
Alan Trammell;2;Sibby Sisti;0,8258
Alan Trammell;3;Wes Parker;0,7895
Alan Trammell;4;Jim Spencer;0,7765
Alan Trammell;5;Ralph Young;0,7697
Albert Belle;1;Mark Lemke;0,9188
Albert Belle;2;Carson Bigbee;0,8902
Albert Belle;3;Chuck Knoblauch;0,8647
Albert Belle;4;Jim Northrup;0,8532
Albert Belle;5;Larry Doyle;0,8531
Albert Pujols;1;Mike Piazza;0,9089
Albert Pujols;2;Herman Long;0,8886
Albert Pujols;3;Bob Skinner;0,885
Albert Pujols;4;Matt Holliday;0,841
Albert Pujols;5;Jurickson Profar;0,8184
Alcides Escobar;1;Harry Hooper;0,8926
Alcides Escobar;2;John Bateman;0,8898
Alcides Escobar;3;James McCann;0,8569
Alcides Escobar;4;Johnny Bench;0,8546
Alcides Escobar;5;Carlos Correa;0,8485
Alex Bregman;1;Freddie Patek;0,8843
Alex Bregman;2;Bake McBride;0,8828
Alex Bregman;3;Gene Alley;0,8775
Alex Bregman;4;Travis Hafner;0,8725
Alex Bregman;5;Arky Vaughan;0,8699
Alex Cora;1;Mark Ellis;0,9148
Alex Cora;2;Jimmy Austin;0,8791
Alex Cora;3;Oscar Melillo;0,8761
Alex Cora;4;John Bateman;0,8568
Alex Cora;5;Danny Richardson;0,8546
Alex Gonzalez;1;Danny Litwhiler;0,8995
Alex Gonzalez;2;Alex Rodriguez;0,8591
Alex Gonzalez;3;Larry Hisle;0,8484
Alex Gonzalez;4;Frank Hankinson;0,8367
Alex Gonzalez;5;Mack Jones;0,8221
Alex Gordon;1;Bruce Campbell;0,93
Alex Gordon;2;Joe Vosmik;0,8892
Alex Gordon;3;Jerry Priddy;0,8481
Alex Gordon;4;Don Hoak;0,848
Alex Gordon;5;Woody English;0,8436
Alex Johnson;1;Johnny Edwards;0,9507
Alex Johnson;2;Juan Samuel;0,9103
Alex Johnson;3;Elmer Flick;0,9011
Alex Johnson;4;Jim Ray Hart;0,8922
Alex Johnson;5;Mark Koenig;0,8559
Alex Rios;1;Billy Johnson;0,9192
Alex Rios;2;Robbie Grossman;0,8936
Alex Rios;3;Bob Bescher;0,8693
Alex Rios;4;Gavvy Cravath;0,8671
Alex Rios;5;Ducky Holmes;0,8664
Alex Rodriguez;1;Luis Valbuena;0,9028
Alex Rodriguez;2;Mickey Stanley;0,8753
Alex Rodriguez;3;Alex Gonzalez;0,8591
Alex Rodriguez;4;Doc Bushong;0,8018
Alex Rodriguez;5;Wil Myers;0,7756
Alexei Ramirez;1;George LaChance;0,9327
Alexei Ramirez;2;Jody Reed;0,8943
Alexei Ramirez;3;Rudy York;0,8775
Alexei Ramirez;4;Bobby Wine;0,8692
Alexei Ramirez;5;Willie Keeler;0,8608
Alfonso Soriano;1;Curt Welch;0,8426
Alfonso Soriano;2;Jimmy McAleer;0,8135
Alfonso Soriano;3;Daryl Boston;0,8118
Alfonso Soriano;4;Henry Larkin;0,7898
Alfonso Soriano;5;Curtis Granderson;0,7777
Alfredo Griffin;1;Billy Southworth;0,769
Alfredo Griffin;2;Frank Hankinson;0,7511
Alfredo Griffin;3;Buddy Rosar;0,7447
Alfredo Griffin;4;Hughie Critz;0,7173
Alfredo Griffin;5;Tommy Griffith;0,7163
Alvin Davis;1;Frank Thomas;0,9214
Alvin Davis;2;Earl Sheely;0,9152
Alvin Davis;3;Pete Browning;0,9081
Alvin Davis;4;Andrelton Simmons;0,8841
Alvin Davis;5;Donie Bush;0,8756
Amos Otis;1;Brandon Crawford;0,7967
Amos Otis;2;Kevin Mitchell;0,7824
Amos Otis;3;Mariano Duncan;0,7712
Amos Otis;4;John Olerud;0,7608
Amos Otis;5;Johnny Grubb;0,7534
Amos Strunk;1;Rickie Weeks;0,8967
Amos Strunk;2;Bernard Gilkey;0,8966
Amos Strunk;3;Cesar Hernandez;0,87
Amos Strunk;4;Jerry Morales;0,862
Amos Strunk;5;Cody Ross;0,8532
Andre Dawson;1;Mike Lansing;0,9207
Andre Dawson;2;Frank Taveras;0,9001
Andre Dawson;3;Solly Hofman;0,8664
Andre Dawson;4;Andrelton Simmons;0,8481
Andre Dawson;5;Frank Robinson;0,8348
Andre Ethier;1;Trevor Story;0,8843
Andre Ethier;2;Tony Kubek;0,8783
Andre Ethier;3;William Robinson;0,8699
Andre Ethier;4;Norm Siebern;0,8518
Andre Ethier;5;Josh Bell;0,8487
Andre Thornton;1;Don Blasingame;0,922
Andre Thornton;2;Mike Pagliarulo;0,8943
Andre Thornton;3;Sammy White;0,8934
Andre Thornton;4;Bobby Abreu;0,8479
Andre Thornton;5;Jim Ray Hart;0,8271
Andrelton Simmons;1;Alvin Davis;0,8841
Andrelton Simmons;2;Tim Anderson;0,8835
Andrelton Simmons;3;Jermaine Dye;0,8806
Andrelton Simmons;4;Roy Johnson;0,8799
Andrelton Simmons;5;Patsy Donovan;0,8777
Andres Galarraga;1;Rick Cerone;0,8428
Andres Galarraga;2;Dave Magadan;0,7628
Andres Galarraga;3;Ed Kranepool;0,7497
Andres Galarraga;4;Darryl Hamilton;0,7494
Andres Galarraga;5;Jurickson Profar;0,7369
Andrew Benintendi;1;Pinky Whitney;0,907
Andrew Benintendi;2;Tom Tresh;0,893
Andrew Benintendi;3;Eric Davis;0,8814
Andrew Benintendi;4;Aaron Boone;0,88
Andrew Benintendi;5;Richie Zisk;0,8658
Andrew McCutchen;1;Kevin Youkilis;0,9015
Andrew McCutchen;2;Rondell White;0,8393
Andrew McCutchen;3;Andrelton Simmons;0,8374
Andrew McCutchen;4;Carson Bigbee;0,8304
Andrew McCutchen;5;Freddie Lindstrom;0,8299
Andruw Jones;1;Walker Cooper;0,948
Andruw Jones;2;Mike Matheny;0,8753
Andruw Jones;3;Bibb Falk;0,8469
Andruw Jones;4;Ossie Bluege;0,8465
Andruw Jones;5;Buck Weaver;0,8263
Andy High;1;Roy Howell;0,9091
Andy High;2;Billy Goodman;0,9054
Andy High;3;Joe Sewell;0,9002
Andy High;4;Bingo DeMoss;0,8951
Andy High;5;Vince DiMaggio;0,8892
Andy Pafko;1;Ray Lankford;0,9125
Andy Pafko;2;Skeeter Newsome;0,9118
Andy Pafko;3;Jack Graney;0,8687
Andy Pafko;4;Al Zarilla;0,8604
Andy Pafko;5;Roy Cullenbine;0,8547
Andy Seminick;1;Ryan Zimmerman;0,8994
Andy Seminick;2;Jason Kipnis;0,871
Andy Seminick;3;Fred Dunlap;0,85
Andy Seminick;4;Keith Hernandez;0,829
Andy Seminick;5;Babe Herman;0,8191
Andy Van Slyke;1;Willie Crawford;0,8567
Andy Van Slyke;2;John Shelby;0,8544
Andy Van Slyke;3;Tito Fuentes;0,8475
Andy Van Slyke;4;Roberto Kelly;0,827
Andy Van Slyke;5;Frank LaPorte;0,8248
Angel Pagan;1;Austin Kearns;0,9516
Angel Pagan;2;Tommy Henrich;0,8903
Angel Pagan;3;Jim Gantner;0,8671
Angel Pagan;4;Glenn Wilson;0,862
Angel Pagan;5;B. J. Upton;0,8587
Anthony Rendon;1;Davey Lopes;0,9398
Anthony Rendon;2;Gary Gaetti;0,9323
Anthony Rendon;3;Bob Boone;0,8943
Anthony Rendon;4;Granny Hamner;0,8643
Anthony Rendon;5;Charlie Ganzel;0,863
Anthony Rizzo;1;Brian McRae;0,9216
Anthony Rizzo;2;Jackie Robinson;0,8989
Anthony Rizzo;3;Mike Piazza;0,8969
Anthony Rizzo;4;George Shoch;0,8813
Anthony Rizzo;5;Nick Castellanos;0,8712
Aramis Ramirez;1;Hank Severeid;0,8913
Aramis Ramirez;2;Juan Gonzalez;0,8218
Aramis Ramirez;3;Marco Scutaro;0,8208
Aramis Ramirez;4;Eddie Joost;0,8204
Aramis Ramirez;5;Jimmy Johnston;0,8104
Arky Vaughan;1;Bob Bescher;0,9411
Arky Vaughan;2;Rabbit Warstler;0,9292
Arky Vaughan;3;Tommy Holmes;0,9099
Arky Vaughan;4;Desi Relaford;0,898
Arky Vaughan;5;Matt Holliday;0,8922
Arlie Latham;1;Jason Kipnis;0,8908
Arlie Latham;2;Silver Flint;0,8864
Arlie Latham;3;Clint Thomas;0,8657
Arlie Latham;4;Fernando Vina;0,8361
Arlie Latham;5;Bill Joyce;0,813
Art Devlin;1;Rick Burleson;0,8752
Art Devlin;2;Felix Millan;0,8512
Art Devlin;3;Ozzie Guillen;0,8495
Art Devlin;4;Bingo DeMoss;0,8364
Art Devlin;5;Jim Busby;0,8325
Art Fletcher;1;Tommy Pham;0,9157
Art Fletcher;2;Seth Smith;0,9136
Art Fletcher;3;Kid Elberfeld;0,8666
Art Fletcher;4;Leon Wagner;0,8664
Art Fletcher;5;Joe Sommer;0,8571
Art Whitney;1;Jeffrey Leonard;0,9516
Art Whitney;2;Del Ennis;0,925
Art Whitney;3;Phil Nevin;0,8857
Art Whitney;4;Carl Everett;0,8811
Art Whitney;5;Babe Herman;0,832
Arthur Irwin;1;Jacque Jones;0,8601
Arthur Irwin;2;Billy Southworth;0,7954
Arthur Irwin;3;Bucky Dent;0,7798
Arthur Irwin;4;Todd Zeile;0,7409
Arthur Irwin;5;Juan Samuel;0,7384
Asdrubal Cabrera;1;Jason Kipnis;0,9424
Asdrubal Cabrera;2;Jack McCarthy;0,8648
Asdrubal Cabrera;3;Kevin Mitchell;0,8624
Asdrubal Cabrera;4;Silver Flint;0,7569
Asdrubal Cabrera;5;Ival Goodman;0,7548
Aubrey Huff;1;Mickey Owen;0,961
Aubrey Huff;2;Rod Barajas;0,8902
Aubrey Huff;3;Harold Reynolds;0,8406
Aubrey Huff;4;Geoff Jenkins;0,8308
Aubrey Huff;5;Chris Hoiles;0,8171
Augie Galan;1;Curt Walker;0,8071
Augie Galan;2;Tommy Henrich;0,8029
Augie Galan;3;Danny Murphy;0,7979
Augie Galan;4;Kyle Schwarber;0,7922
Augie Galan;5;Todd Frazier;0,7812
Aurelio Rodriguez;1;Tito Francona;0,9113
Aurelio Rodriguez;2;Vince DiMaggio;0,9069
Aurelio Rodriguez;3;Ed McFarland;0,8428
Aurelio Rodriguez;4;Roger Cedeno;0,841
Aurelio Rodriguez;5;Bob Skinner;0,795
Austin Kearns;1;Angel Pagan;0,9516
Austin Kearns;2;B. J. Upton;0,9128
Austin Kearns;3;Skip Schumaker;0,9091
Austin Kearns;4;Jim Gantner;0,9024
Austin Kearns;5;Gordon Beckham;0,8536
B. J. Surhoff;1;Frank Hankinson;0,9361
B. J. Surhoff;2;Danny Litwhiler;0,8329
B. J. Surhoff;3;Curt Walker;0,8032
B. J. Surhoff;4;Augie Galan;0,769
B. J. Surhoff;5;Terry Pendleton;0,7391
B. J. Upton;1;Monte Irvin;0,9591
B. J. Upton;2;Skip Schumaker;0,9272
B. J. Upton;3;Maikel Franco;0,9142
B. J. Upton;4;Austin Kearns;0,9128
B. J. Upton;5;Angel Pagan;0,8587
Babe Herman;1;Elliott Maddox;0,9022
Babe Herman;2;Roger Maris;0,8962
Babe Herman;3;Mike Lansing;0,8804
Babe Herman;4;Tommy Dowd;0,8668
Babe Herman;5;Jerry Lumpe;0,8461
Babe Ruth;1;Bibb Falk;0,9015
Babe Ruth;2;Jason Kubel;0,862
Babe Ruth;3;Ron LeFlore;0,8595
Babe Ruth;4;Gorman Thomas;0,8536
Babe Ruth;5;Mike Lamb;0,8523
Baby Doll Jacobson;1;Branch Russell;0,9185
Baby Doll Jacobson;2;Bill Bruton;0,9002
Baby Doll Jacobson;3;Tommy McCarthy;0,8741
Baby Doll Jacobson;4;Jimmie Wilson;0,8709
Baby Doll Jacobson;5;Brandon Phillips;0,8699
Bake McBride;1;Brook Jacoby;0,9335
Bake McBride;2;Billy Johnson;0,9147
Bake McBride;3;William Robinson;0,9002
Bake McBride;4;Raul Mondesi;0,886
Bake McBride;5;Jay Payton;0,8835
Barry Bonds;1;Joe Oliver;0,8761
Barry Bonds;2;Ed Delahanty;0,8714
Barry Bonds;3;Hank Severeid;0,8693
Barry Bonds;4;Muddy Ruel;0,8581
Barry Bonds;5;Paul Radford;0,8564
Barry Bonnell;1;Everett Scott;0,9229
Barry Bonnell;2;Harvey Kuenn;0,8865
Barry Bonnell;3;Sam West;0,8831
Barry Bonnell;4;Ron Gant;0,8787
Barry Bonnell;5;Luke Sewell;0,8753
Barry Larkin;1;Brian Dozier;0,8309
Barry Larkin;2;Buck Ewing;0,8268
Barry Larkin;3;Daryl Boston;0,8113
Barry Larkin;4;Cass Michaels;0,7986
Barry Larkin;5;Randy Velarde;0,7968
Barry McCormick;1;Chris Iannetta;0,9831
Barry McCormick;2;Monte Irvin;0,9058
Barry McCormick;3;Whitey Lockman;0,8982
Barry McCormick;4;Leon Wagner;0,8926
Barry McCormick;5;Davy Force;0,8889
Ben Chapman;1;Birdie Tebbetts;0,8306
Ben Chapman;2;Al Smith;0,7766
Ben Chapman;3;Darryl Hamilton;0,7539
Ben Chapman;4;Gene Clines;0,749
Ben Chapman;5;George Metkovich;0,7463
Ben Oglivie;1;John Hummel;0,9047
Ben Oglivie;2;Bill Killefer;0,8567
Ben Oglivie;3;Kolten Wong;0,8531
Ben Oglivie;4;George Sisler;0,8459
Ben Oglivie;5;Lance Johnson;0,8324
Ben Taylor;1;Trea Turner;0,8451
Ben Taylor;2;Tom Brookens;0,7786
Ben Taylor;3;Johnny Temple;0,7429
Ben Taylor;4;Kendrys Morales;0,7411
Ben Taylor;5;Gus Mancuso;0,7146
Ben Zobrist;1;Jonny Gomes;0,8452
Ben Zobrist;2;Ira Flagstead;0,787
Ben Zobrist;3;Wil Myers;0,7567
Ben Zobrist;4;Alex Gonzalez;0,7508
Ben Zobrist;5;Miguel Rojas;0,7481
Bengie Molina;1;Mark DeRosa;0,8488
Bengie Molina;2;Otto Knabe;0,8389
Bengie Molina;3;Matty Alou;0,8253
Bengie Molina;4;Donovan Solano;0,7822
Bengie Molina;5;Steve Brodie;0,752
Benito Santiago;1;Curt Walker;0,807
Benito Santiago;2;Wayne Gross;0,8005
Benito Santiago;3;Danny Murphy;0,7977
Benito Santiago;4;Jimmy Bloodworth;0,7893
Benito Santiago;5;Randal Grichuk;0,7668
Bernard Gilkey;1;Amos Strunk;0,8966
Bernard Gilkey;2;Glenn Wright;0,8954
Bernard Gilkey;3;Paul Hines;0,8896
Bernard Gilkey;4;Rickie Weeks;0,8848
Bernard Gilkey;5;Russ Wrightstone;0,8669
Bernie Allen;1;Tommy Helms;0,8462
Bernie Allen;2;Hal Lanier;0,8361
Bernie Allen;3;Terry Puhl;0,7813
Bernie Allen;4;Miguel Rojas;0,7668
Bernie Allen;5;Mike Dorgan;0,7091
Bernie Friberg;1;Mark Loretta;0,9166
Bernie Friberg;2;Pete Incaviglia;0,9097
Bernie Friberg;3;George Metkovich;0,8979
Bernie Friberg;4;Orator Shafer;0,8677
Bernie Friberg;5;Jim Fregosi;0,8352
Bernie Williams;1;John Hummel;0,9183
Bernie Williams;2;Johnny Bates;0,8903
Bernie Williams;3;Jeff King;0,8812
Bernie Williams;4;Hank Severeid;0,8805
Bernie Williams;5;Daryl Boston;0,8583
Bert Campaneris;1;Rob Deer;0,9175
Bert Campaneris;2;Manny Sanguillen;0,8544
Bert Campaneris;3;Marty Cordova;0,8156
Bert Campaneris;4;Johnny Ray;0,775
Bert Campaneris;5;Hank Sauer;0,7598
Bibb Falk;1;Wilmer Flores;0,9268
Bibb Falk;2;Babe Ruth;0,9015
Bibb Falk;3;Mike Lamb;0,8927
Bibb Falk;4;Scott Spiezio;0,8702
Bibb Falk;5;Fred Carroll;0,8616
Bid McPhee;1;Brian Dozier;0,9098
Bid McPhee;2;Michael Brantley;0,8909
Bid McPhee;3;Russ Wrightstone;0,857
Bid McPhee;4;Willie Crawford;0,8217
Bid McPhee;5;Daryl Boston;0,7929
Bill Bergen;1;Nick Markakis;0,9373
Bill Bergen;2;Jo-Jo White;0,9185
Bill Bergen;3;Juan Rivera;0,8994
Bill Bergen;4;Hurley McNair;0,8885
Bill Bergen;5;Bill Bradley;0,8693
Bill Bradley;1;Jo-Jo White;0,9034
Bill Bradley;2;Hurley McNair;0,9007
Bill Bradley;3;Harlond Clift;0,8829
Bill Bradley;4;William Robinson;0,8731
Bill Bradley;5;Hank Bauer;0,8696
Bill Bruton;1;Baby Doll Jacobson;0,9002
Bill Bruton;2;George Gibson;0,8796
Bill Bruton;3;Glenallen Hill;0,8491
Bill Bruton;4;Harold Baines;0,8451
Bill Bruton;5;Germany Schaefer;0,8442
Bill Buckner;1;Max Muncy;0,9376
Bill Buckner;2;Alan Ashby;0,8456
Bill Buckner;3;Tony Phillips;0,8211
Bill Buckner;4;Cy Williams;0,8102
Bill Buckner;5;Juan Beniquez;0,8058
Bill Coughlin;1;Ken Oberkfell;0,9498
Bill Coughlin;2;Bill Virdon;0,9206
Bill Coughlin;3;Whitey Lockman;0,8883
Bill Coughlin;4;Jerry Adair;0,8657
Bill Coughlin;5;Skip Schumaker;0,8608
Bill Dahlen;1;Fred Carroll;0,8722
Bill Dahlen;2;Scott Brosius;0,8712
Bill Dahlen;3;Patrick Gillespie;0,8626
Bill Dahlen;4;Mike Hargrove;0,856
Bill Dahlen;5;Vance Law;0,8524
Bill Dickey;1;Carlos Lee;0,8909
Bill Dickey;2;Davey Johnson;0,8426
Bill Dickey;3;Bill Killefer;0,8384
Bill Dickey;4;Wally Pipp;0,8308
Bill Dickey;5;Rabbit Maranville;0,7966
Bill Doran;1;Aaron Hill;0,884
Bill Doran;2;Rollie Hemsley;0,8432
Bill Doran;3;Joe Carter;0,8337
Bill Doran;4;Bill Madlock;0,7878
Bill Doran;5;Omar Moreno;0,7725
Bill Freehan;1;Clint Thomas;0,775
Bill Freehan;2;Bill White;0,7508
Bill Freehan;3;Craig Reynolds;0,7409
Bill Freehan;4;Ken McMullen;0,7371
Bill Freehan;5;Gregg Jefferies;0,7367
Bill Hallman;1;Johnny Bates;0,9259
Bill Hallman;2;Mookie Wilson;0,9107
Bill Hallman;3;Didi Gregorius;0,8736
Bill Hallman;4;Kirk Gibson;0,8465
Bill Hallman;5;Jackie Jensen;0,8448
Bill Joyce;1;Al Cowens;0,9444
Bill Joyce;2;Mookie Betts;0,9291
Bill Joyce;3;Silver Flint;0,9005
Bill Joyce;4;Fernando Vina;0,8944
Bill Joyce;5;Orlando Cepeda;0,866
Bill Killefer;1;Robby Thompson;0,9599
Bill Killefer;2;Buddy Bell;0,9426
Bill Killefer;3;Fred McGriff;0,9417
Bill Killefer;4;Justin Smoak;0,9303
Bill Killefer;5;Carlos Lee;0,9219
Bill Kuehne;1;John Corkhill;0,8726
Bill Kuehne;2;Nick Swisher;0,8654
Bill Kuehne;3;Ken Reitz;0,8562
Bill Kuehne;4;Pedro Guerrero;0,834
Bill Kuehne;5;Frank Bolling;0,8227
Bill Madlock;1;Dave Magadan;0,8253
Bill Madlock;2;Billy Hatcher;0,8212
Bill Madlock;3;Corey Patterson;0,7928
Bill Madlock;4;Giancarlo Stanton;0,7904
Bill Madlock;5;Bill Doran;0,7878
Bill Mazeroski;1;Cool Papa Bell;0,8434
Bill Mazeroski;2;AJ Pollock;0,8288
Bill Mazeroski;3;David DeJesus;0,8194
Bill Mazeroski;4;Denis Menke;0,8125
Bill Mazeroski;5;Rafael Ramirez;0,8034
Bill McClellan;1;Charlie Jamieson;0,9814
Bill McClellan;2;Jerry Remy;0,9681
Bill McClellan;3;Sammy Sosa;0,9446
Bill McClellan;4;George Shoch;0,9404
Bill McClellan;5;Clyde Milan;0,9225
Bill Melton;1;Rougned Odor;0,964
Bill Melton;2;John Valentin;0,9161
Bill Melton;3;Ryan Howard;0,9043
Bill Melton;4;Charlie Bennett;0,8993
Bill Melton;5;Chuck Klein;0,8985
Bill Mueller;1;Salvador Perez;0,8781
Bill Mueller;2;Miller Huggins;0,8344
Bill Mueller;3;Lee Tannehill;0,8189
Bill Mueller;4;Bill Killefer;0,7998
Bill Mueller;5;Justin Smoak;0,7994
Bill Nicholson;1;Miguel Olivo;0,9296
Bill Nicholson;2;Jody Davis;0,8483
Bill Nicholson;3;Lee Handley;0,8367
Bill Nicholson;4;Don Mueller;0,8346
Bill Nicholson;5;Gary Ward;0,8286
Bill Phillips;1;Jerry Denny;0,9276
Bill Phillips;2;Wes Parker;0,9047
Bill Phillips;3;Ron Cey;0,8596
Bill Phillips;4;Buck Martinez;0,8588
Bill Phillips;5;Manny Ramirez;0,848
Bill Rariden;1;Goose Goslin;0,8982
Bill Rariden;2;Frank Taveras;0,897
Bill Rariden;3;George Foster;0,8902
Bill Rariden;4;Dode Paskert;0,8893
Bill Rariden;5;Tommy Dowd;0,8873
Bill Robinson;1;Kolten Wong;0,9447
Bill Robinson;2;Newt Allen;0,9158
Bill Robinson;3;Jeff King;0,9142
Bill Robinson;4;Clyde McCullough;0,8682
Bill Robinson;5;John Morrill;0,8629
Bill Russell;1;Keith Moreland;0,8266
Bill Russell;2;Josh Hamilton;0,7977
Bill Russell;3;Jarrod Dyson;0,7749
Bill Russell;4;Dave May;0,7641
Bill Russell;5;Eduardo Escobar;0,7533
Bill Skowron;1;Seth Smith;0,9047
Bill Skowron;2;George LaChance;0,8868
Bill Skowron;3;Dal Maxvill;0,8647
Bill Skowron;4;Alexei Ramirez;0,8349
Bill Skowron;5;Bob Meusel;0,8345
Bill Spiers;1;Ricky Gutierrez;0,8656
Bill Spiers;2;Billy Hamilton;0,8619
Bill Spiers;3;Buck Martinez;0,8595
Bill Spiers;4;Jose Valentin;0,8532
Bill Spiers;5;Paul O'Neill;0,846
Bill Terry;1;Marwin Gonzalez;0,9594
Bill Terry;2;Jim Hickman;0,9036
Bill Terry;3;Edgardo Alfonzo;0,8979
Bill Terry;4;Howard Johnson;0,891
Bill Terry;5;Nick Castellanos;0,8868
Bill Tuttle;1;Bob Horner;0,9531
Bill Tuttle;2;John Mabry;0,8731
Bill Tuttle;3;Jeff Burroughs;0,8329
Bill Tuttle;4;Jack O'Connor;0,8219
Bill Tuttle;5;Wes Covington;0,8192
Bill Virdon;1;Bill Coughlin;0,9206
Bill Virdon;2;Ed Herrmann;0,8495
Bill Virdon;3;Jim Tabor;0,8365
Bill Virdon;4;Norm Cash;0,8093
Bill Virdon;5;Mike Greenwell;0,8082
Bill Wambsganss;1;John McGraw;0,9478
Bill Wambsganss;2;Steve Garvey;0,8694
Bill Wambsganss;3;Bobby Veach;0,8621
Bill Wambsganss;4;Steve Buechele;0,856
Bill Wambsganss;5;Randy Velarde;0,8469
Bill White;1;Xander Bogaerts;0,8913
Bill White;2;Duke Snider;0,8745
Bill White;3;Ray Chapman;0,8705
Bill White;4;Hank Severeid;0,8583
Bill White;5;Ted Kluszewski;0,8569
Billy Butler;1;Al Dark;0,9083
Billy Butler;2;Johnny Callison;0,9007
Billy Butler;3;Dots Miller;0,8793
Billy Butler;4;Rusty Greer;0,8659
Billy Butler;5;Carlos Ruiz;0,8657
Billy Cox;1;Bob Meusel;0,916
Billy Cox;2;Hobe Ferris;0,8494
Billy Cox;3;Lee Tannehill;0,828
Billy Cox;4;Robby Thompson;0,7762
Billy Cox;5;Billy Hatcher;0,7685
Billy Goodman;1;Roy Howell;0,94
Billy Goodman;2;Andy High;0,9054
Billy Goodman;3;Carl Reynolds;0,8931
Billy Goodman;4;Richard Hidalgo;0,8901
Billy Goodman;5;Rocky Colavito;0,8622
Billy Hamilton;1;Bill Spiers;0,8619
Billy Hamilton;2;Ricky Gutierrez;0,8525
Billy Hamilton;3;Walt Weiss;0,8468
Billy Hamilton;4;Aaron Judge;0,8414
Billy Hamilton;5;Joe Adcock;0,8371
Billy Hatcher;1;Corey Patterson;0,9327
Billy Hatcher;2;Bob Meusel;0,8682
Billy Hatcher;3;Hobe Ferris;0,8667
Billy Hatcher;4;John Flaherty;0,8506
Billy Hatcher;5;Kitty Bransfield;0,8244
Billy Herman;1;Bob Allison;0,9021
Billy Herman;2;Bobby Byrne;0,8667
Billy Herman;3;Edgardo Alfonzo;0,8474
Billy Herman;4;Todd Hundley;0,8384
Billy Herman;5;Joe Hornung;0,8298
Billy Hoy;1;Mike Devereaux;0,8751
Billy Hoy;2;Steve Buechele;0,8094
Billy Hoy;3;Bobby Veach;0,7908
Billy Hoy;4;Oscar Gamble;0,7652
Billy Hoy;5;Felipe Lopez;0,7579
Billy Johnson;1;William Robinson;0,9646
Billy Johnson;2;Jason Kubel;0,9311
Billy Johnson;3;Alex Rios;0,9192
Billy Johnson;4;Bake McBride;0,9147
Billy Johnson;5;Brook Jacoby;0,8964
Billy Jurges;1;John McGraw;0,9266
Billy Jurges;2;Randy Velarde;0,8834
Billy Jurges;3;Ed Taubensee;0,8559
Billy Jurges;4;Sherry Magee;0,8209
Billy Jurges;5;Mike Matheny;0,8029
Billy Martin;1;Yuniesky Betancourt;0,9439
Billy Martin;2;John Anderson;0,9305
Billy Martin;3;Tony Batista;0,8738
Billy Martin;4;Joe Cunningham;0,858
Billy Martin;5;Gus Zernial;0,8555
Billy Nash;1;Pop Smith;0,8352
Billy Nash;2;Royce Clayton;0,8303
Billy Nash;3;Roger Peckinpaugh;0,8187
Billy Nash;4;Billy Hatcher;0,812
Billy Nash;5;Joey Votto;0,7987
Billy Rogell;1;Wil Myers;0,9155
Billy Rogell;2;Mike Cameron;0,875
Billy Rogell;3;Rube Oldring;0,856
Billy Rogell;4;Jim Sundberg;0,8357
Billy Rogell;5;George McBride;0,8326
Billy Shindle;1;Coco Crisp;0,8578
Billy Shindle;2;Luis Castillo;0,835
Billy Shindle;3;Raul Ibanez;0,7947
Billy Shindle;4;Frank O'Rourke;0,7925
Billy Shindle;5;Chris Hoiles;0,7907
Billy Southworth;1;Ray Knight;0,8385
Billy Southworth;2;Curt Walker;0,803
Billy Southworth;3;Arthur Irwin;0,7954
Billy Southworth;4;Hughie Critz;0,7893
Billy Southworth;5;Frank Hankinson;0,7767
Billy Sullivan;1;Dick Stuart;0,9531
Billy Sullivan;2;Bucky Harris;0,9524
Billy Sullivan;3;Gus Zernial;0,8978
Billy Sullivan;4;Raul Mondesi;0,8784
Billy Sullivan;5;Chris Davis;0,8681
Billy Werber;1;Frank Bolling;0,9675
Billy Werber;2;Wally Gerber;0,9333
Billy Werber;3;Pedro Feliz;0,9163
Billy Werber;4;Charley Bassett;0,8971
Billy Werber;5;Garry Maddox;0,8823
Billy Williams;1;Hoot Evers;0,8995
Billy Williams;2;Owen Wilson;0,8339
Billy Williams;3;Ival Goodman;0,8066
Billy Williams;4;Jack Farrell;0,805
Billy Williams;5;Phil Nevin;0,7953
Bing Miller;1;Wayne Garrett;0,8056
Bing Miller;2;Doc Cramer;0,7951
Bing Miller;3;Thomas Burns;0,7749
Bing Miller;4;Connie Ryan;0,7661
Bing Miller;5;Cecil Cooper;0,7311
Bingo DeMoss;1;Mike Lieberthal;0,9233
Bingo DeMoss;2;Joe Sewell;0,9205
Bingo DeMoss;3;Damaso Garcia;0,8959
Bingo DeMoss;4;Andy High;0,8951
Bingo DeMoss;5;Chili Davis;0,8936
Bip Roberts;1;Phil Masi;0,8897
Bip Roberts;2;Josh Harrison;0,8593
Bip Roberts;3;Chris Speier;0,8098
Bip Roberts;4;Mel Ott;0,7859
Bip Roberts;5;Johnny Bench;0,7814
Birdie Tebbetts;1;Bret Boone;0,9096
Birdie Tebbetts;2;Max Carey;0,8982
Birdie Tebbetts;3;Gary Pettis;0,8403
Birdie Tebbetts;4;Ben Chapman;0,8306
Birdie Tebbetts;5;Gene Clines;0,8293
Blondie Purcell;1;Cody Ross;0,9259
Blondie Purcell;2;Sibby Sisti;0,862
Blondie Purcell;3;Ryan Doumit;0,8465
Blondie Purcell;4;Cesar Hernandez;0,8183
Blondie Purcell;5;Lenny Dykstra;0,8147
Bob Allison;1;Billy Herman;0,9021
Bob Allison;2;Johnny Temple;0,888
Bob Allison;3;Eugenio Suarez;0,8848
Bob Allison;4;Cy Seymour;0,8817
Bob Allison;5;Hack Wilson;0,8708
Bob Aspromonte;1;Jason Heyward;0,8863
Bob Aspromonte;2;Rennie Stennett;0,8707
Bob Aspromonte;3;Ozzie Albies;0,8461
Bob Aspromonte;4;Martin Maldonado;0,843
Bob Aspromonte;5;Richard Hidalgo;0,8362
Bob Bailey;1;Germany Schaefer;0,8073
Bob Bailey;2;George Wood;0,8003
Bob Bailey;3;Clyde McCullough;0,7838
Bob Bailey;4;Steve Finley;0,7826
Bob Bailey;5;Justin Smoak;0,7816
Bob Bescher;1;Ron LeFlore;0,9454
Bob Bescher;2;Arky Vaughan;0,9411
Bob Bescher;3;Matt Holliday;0,9063
Bob Bescher;4;Maury Wills;0,8925
Bob Bescher;5;Rabbit Warstler;0,892
Bob Boone;1;Anthony Rendon;0,8943
Bob Boone;2;Granny Hamner;0,8684
Bob Boone;3;Gus Bell;0,8676
Bob Boone;4;Frank Taveras;0,858
Bob Boone;5;Terry Moore;0,8504
Bob Elliott;1;Matty McIntyre;0,9047
Bob Elliott;2;Pete Runnels;0,8125
Bob Elliott;3;Brady Anderson;0,7948
Bob Elliott;4;Delino DeShields;0,7868
Bob Elliott;5;Davey Johnson;0,7855
Bob Ferguson;1;John Milligan;0,9917
Bob Ferguson;2;Hubie Brooks;0,8918
Bob Ferguson;3;Jimmy Johnston;0,868
Bob Ferguson;4;Jim Hickman;0,8296
Bob Ferguson;5;Chad Curtis;0,8268
Bob Fothergill;1;Jim Gilliam;0,9414
Bob Fothergill;2;Jimmy Sheckard;0,9101
Bob Fothergill;3;Frankie Hayes;0,8964
Bob Fothergill;4;Johnny Callison;0,8896
Bob Fothergill;5;Rich Dauer;0,8829
Bob Horner;1;Bill Tuttle;0,9531
Bob Horner;2;John Mabry;0,8969
Bob Horner;3;Glenn Wright;0,8924
Bob Horner;4;Johnny Pesky;0,852
Bob Horner;5;Frank Malzone;0,847
Bob Johnson;1;Buck Martinez;0,9713
Bob Johnson;2;Ralph Young;0,845
Bob Johnson;3;Jose Pagan;0,8443
Bob Johnson;4;Ted Kluszewski;0,8235
Bob Johnson;5;Daniel Murphy;0,8215
Bob Kennedy;1;John Hummel;0,8733
Bob Kennedy;2;Freddie Freeman;0,8725
Bob Kennedy;3;Joey Cora;0,8415
Bob Kennedy;4;Michael Barrett;0,8403
Bob Kennedy;5;Johnny Bates;0,84
Bob Meusel;1;Hobe Ferris;0,9536
Bob Meusel;2;Billy Cox;0,916
Bob Meusel;3;Nick Swisher;0,8995
Bob Meusel;4;Billy Hatcher;0,8682
Bob Meusel;5;J. J. Hardy;0,8556
Bob Nieman;1;Mickey Tettleton;0,9603
Bob Nieman;2;Shawn Green;0,9356
Bob Nieman;3;Brian Downing;0,9252
Bob Nieman;4;Rafael Palmeiro;0,9086
Bob Nieman;5;Carlos Guillen;0,8796
Bob O'Farrell;1;Dolph Camilli;0,9809
Bob O'Farrell;2;Ryne Sandberg;0,9263
Bob O'Farrell;3;Mickey Hatcher;0,9203
Bob O'Farrell;4;Vladimir Guerrero;0,8716
Bob O'Farrell;5;Bob Watson;0,8679
Bob Skinner;1;Mike Mowrey;0,9385
Bob Skinner;2;Ryne Sandberg;0,9349
Bob Skinner;3;Tony Armas;0,893
Bob Skinner;4;Albert Pujols;0,885
Bob Skinner;5;Dolph Camilli;0,8823
Bob Watson;1;Lenny Randle;0,9481
Bob Watson;2;Pat Kelly;0,8828
Bob Watson;3;Bob O'Farrell;0,8679
Bob Watson;4;Rod Carew;0,8589
Bob Watson;5;Lou Brock;0,8569
Bobby Abreu;1;Kip Selbach;0,8869
Bobby Abreu;2;Vernon Wells;0,8713
Bobby Abreu;3;Manny Sanguillen;0,8653
Bobby Abreu;4;Ryan Howard;0,8627
Bobby Abreu;5;Willie Keeler;0,8603
Bobby Adams;1;Lance Parrish;0,907
Bobby Adams;2;Shano Collins;0,8735
Bobby Adams;3;Willie Mays;0,8651
Bobby Adams;4;Vic Power;0,8546
Bobby Adams;5;Frank O'Rourke;0,8505
Bobby Avila;1;Bruce Benedict;0,9158
Bobby Avila;2;Evan Longoria;0,8845
Bobby Avila;3;Ron Hassey;0,873
Bobby Avila;4;Jack Farrell;0,871
Bobby Avila;5;Trot Nixon;0,8694
Bobby Bonds;1;Jimmy McAleer;0,8228
Bobby Bonds;2;Roger Bresnahan;0,8188
Bobby Bonds;3;Jorge Polanco;0,7985
Bobby Bonds;4;Mickey Owen;0,7883
Bobby Bonds;5;J. D. Drew;0,7832
Bobby Bonilla;1;Gene Tenace;0,8392
Bobby Bonilla;2;Brian Dozier;0,8112
Bobby Bonilla;3;Frankie Frisch;0,8051
Bobby Bonilla;4;Stan Spence;0,7889
Bobby Bonilla;5;Darren Daulton;0,7695
Bobby Byrne;1;Clyde Milan;0,8859
Bobby Byrne;2;Vic Wertz;0,8761
Bobby Byrne;3;Gene Freese;0,8672
Bobby Byrne;4;Billy Herman;0,8667
Bobby Byrne;5;Rube Oldring;0,8618
Bobby Doerr;1;Johnny Ray;0,8388
Bobby Doerr;2;Milton Bradley;0,8322
Bobby Doerr;3;Dmitri Young;0,8251
Bobby Doerr;4;Glenn Beckert;0,8128
Bobby Doerr;5;John Stone;0,802
Bobby Grich;1;Mike Devereaux;0,8663
Bobby Grich;2;Steve Buechele;0,8284
Bobby Grich;3;Greg Vaughn;0,8168
Bobby Grich;4;Wade Johnston;0,8072
Bobby Grich;5;Bobby Veach;0,7825
Bobby Higginson;1;Ken Henderson;0,9116
Bobby Higginson;2;Sal Bando;0,8841
Bobby Higginson;3;Yuniesky Betancourt;0,8621
Bobby Higginson;4;Curtis Granderson;0,8574
Bobby Higginson;5;Clay Dalrymple;0,8557
Bobby Lowe;1;Joe Vosmik;0,905
Bobby Lowe;2;Terry Moore;0,9047
Bobby Lowe;3;Charlie Blackmon;0,8712
Bobby Lowe;4;Gee Walker;0,8526
Bobby Lowe;5;Doc Bushong;0,8515
Bobby Murcer;1;Newt Joseph;0,9333
Bobby Murcer;2;Roger Cedeno;0,9215
Bobby Murcer;3;Bobby Tolan;0,9042
Bobby Murcer;4;John Henry Russell;0,86
Bobby Murcer;5;Red Kress;0,8454
Bobby Richardson;1;Aaron Rowand;0,8745
Bobby Richardson;2;Juan Pierre;0,8729
Bobby Richardson;3;Chris Speier;0,8498
Bobby Richardson;4;John Corkhill;0,8276
Bobby Richardson;5;George Kelly;0,8119
Bobby Thomson;1;Cesar Geronimo;0,9324
Bobby Thomson;2;Deacon White;0,8675
Bobby Thomson;3;Carlton Fisk;0,8493
Bobby Thomson;4;Tommy Thevenow;0,8449
Bobby Thomson;5;Oscar Melillo;0,8418
Bobby Tolan;1;Bobby Murcer;0,9042
Bobby Tolan;2;Roger Cedeno;0,8992
Bobby Tolan;3;Eddie Waitkus;0,8547
Bobby Tolan;4;Ian Desmond;0,8513
Bobby Tolan;5;Tony Lazzeri;0,8396
Bobby Veach;1;Oscar Gamble;0,907
Bobby Veach;2;Rusty Staub;0,8873
Bobby Veach;3;Bill Wambsganss;0,8621
Bobby Veach;4;Brooks Robinson;0,8604
Bobby Veach;5;Ken Singleton;0,8535
Bobby Wallace;1;Brian McCann;0,8913
Bobby Wallace;2;Chick Stahl;0,8664
Bobby Wallace;3;Troy O'Leary;0,862
Bobby Wallace;4;Martin Maldonado;0,8422
Bobby Wallace;5;Davy Force;0,822
Bobby Wine;1;Dick Hoblitzell;0,9555
Bobby Wine;2;Freddy Parent;0,9237
Bobby Wine;3;Russ Snyder;0,9101
Bobby Wine;4;Johnny Gooch;0,8781
Bobby Wine;5;Alexei Ramirez;0,8692
Bones Ely;1;Buck Herzog;0,8825
Bones Ely;2;Buster Posey;0,8737
Bones Ely;3;Erick Aybar;0,8709
Bones Ely;4;Juan Pierre;0,8209
Bones Ely;5;Danny Hoffman;0,818
Boog Powell;1;Dave Magadan;0,835
Boog Powell;2;Eric McNair;0,8266
Boog Powell;3;Leon Durham;0,8044
Boog Powell;4;Frank O'Rourke;0,7694
Boog Powell;5;Willard Marshall;0,7584
Brad Ausmus;1;Johnny Pesky;0,9115
Brad Ausmus;2;Joe Azcue;0,8862
Brad Ausmus;3;Corey Hart;0,8838
Brad Ausmus;4;Cody Ross;0,8536
Brad Ausmus;5;Jason Varitek;0,8392
Brady Anderson;1;Mike Heath;0,8675
Brady Anderson;2;Germany Schaefer;0,8597
Brady Anderson;3;Bernie Williams;0,8438
Brady Anderson;4;Paul Radford;0,8404
Brady Anderson;5;Derrek Lee;0,8401
Branch Russell;1;Baby Doll Jacobson;0,9185
Branch Russell;2;Rabbit Warstler;0,9076
Branch Russell;3;Marty McManus;0,9039
Branch Russell;4;Red Kress;0,9025
Branch Russell;5;Joe Dugan;0,9009
Brandon Belt;1;Miguel Olivo;0,9258
Brandon Belt;2;Fernando Vina;0,8501
Brandon Belt;3;Silver Flint;0,8426
Brandon Belt;4;Luis Aparicio;0,8396
Brandon Belt;5;Ron Hassey;0,8383
Brandon Crawford;1;Gavvy Cravath;0,8731
Brandon Crawford;2;Cookie Lavagetto;0,8637
Brandon Crawford;3;Bob Bescher;0,8622
Brandon Crawford;4;Frank Taveras;0,8556
Brandon Crawford;5;Kevin Youkilis;0,8332
Brandon Inge;1;Leon Durham;0,9195
Brandon Inge;2;Ted Williams;0,8855
Brandon Inge;3;Roger Cedeno;0,8753
Brandon Inge;4;Elbie Fletcher;0,8715
Brandon Inge;5;Candy Nelson;0,8583
Brandon Phillips;1;Ernie Whitt;0,9647
Brandon Phillips;2;John Reilly;0,8919
Brandon Phillips;3;Curt Welch;0,889
Brandon Phillips;4;Baby Doll Jacobson;0,8699
Brandon Phillips;5;Joe Dugan;0,8565
Brent Mayne;1;Shawn Green;0,8823
Brent Mayne;2;Luis Valbuena;0,871
Brent Mayne;3;Aaron Judge;0,8683
Brent Mayne;4;Mike Heath;0,867
Brent Mayne;5;Joey Cora;0,8631
Bret Boone;1;Birdie Tebbetts;0,9096
Bret Boone;2;Wes Covington;0,8401
Bret Boone;3;Gary Pettis;0,8347
Bret Boone;4;Red Dooin;0,8239
Bret Boone;5;Dixie Walker;0,8086
Brett Butler;1;Jack Graney;0,8992
Brett Butler;2;Gene Tenace;0,8505
Brett Butler;3;Randy Velarde;0,8426
Brett Butler;4;Dansby Swanson;0,8316
Brett Butler;5;Charley Bassett;0,8164
Brett Gardner;1;Mitch Moreland;0,8206
Brett Gardner;2;Johnny Logan;0,8198
Brett Gardner;3;Aaron Hicks;0,8033
Brett Gardner;4;Curt Flood;0,781
Brett Gardner;5;Luis Polonia;0,7687
Brian Downing;1;Bob Nieman;0,9252
Brian Downing;2;Charlie Ganzel;0,8854
Brian Downing;3;Aaron Judge;0,8772
Brian Downing;4;Sid Farrar;0,8664
Brian Downing;5;Tony Gwynn;0,856
Brian Dozier;1;Adam Jones;0,9272
Brian Dozier;2;Larry Doyle;0,9264
Brian Dozier;3;Eugenio Suarez;0,9135
Brian Dozier;4;Bid McPhee;0,9098
Brian Dozier;5;Michael Brantley;0,8938
Brian Giles;1;Dansby Swanson;0,9403
Brian Giles;2;Lee Stevens;0,939
Brian Giles;3;Mike Sweeney;0,9257
Brian Giles;4;Elbie Fletcher;0,9092
Brian Giles;5;Heinie Wagner;0,885
Brian Jordan;1;Carlos May;0,9684
Brian Jordan;2;Juan Samuel;0,9052
Brian Jordan;3;Jim Ray Hart;0,8884
Brian Jordan;4;Don Wert;0,8869
Brian Jordan;5;Kevin Kiermaier;0,886
Brian McCann;1;Chick Stahl;0,9211
Brian McCann;2;Todd Frazier;0,9192
Brian McCann;3;Bobby Wallace;0,8913
Brian McCann;4;Martin Maldonado;0,8835
Brian McCann;5;Buck Freeman;0,8277
Brian McRae;1;Anthony Rizzo;0,9216
Brian McRae;2;Nick Castellanos;0,9201
Brian McRae;3;Todd Hundley;0,9165
Brian McRae;4;Mike Macfarlane;0,9028
Brian McRae;5;Del Crandall;0,8979
Brian Roberts;1;Kolten Wong;0,9072
Brian Roberts;2;Jack Wilson;0,8985
Brian Roberts;3;Eddie Collins;0,8888
Brian Roberts;4;Luis Alicea;0,8816
Brian Roberts;5;Tommy McCarthy;0,8545
Brook Jacoby;1;Bake McBride;0,9335
Brook Jacoby;2;Billy Johnson;0,8964
Brook Jacoby;3;Jason Kubel;0,8933
Brook Jacoby;4;Mike Lamb;0,8843
Brook Jacoby;5;Paul Goldschmidt;0,865
Brooks Robinson;1;Jack Boyle;0,8984
Brooks Robinson;2;Dean Palmer;0,8846
Brooks Robinson;3;Bobby Veach;0,8604
Brooks Robinson;4;C. J. Cron;0,8071
Brooks Robinson;5;Sid Farrar;0,8025
Bruce Benedict;1;Josh Bell;0,9192
Bruce Benedict;2;Bobby Avila;0,9158
Bruce Benedict;3;Jack Farrell;0,9103
Bruce Benedict;4;Jay Bruce;0,8943
Bruce Benedict;5;Dan Uggla;0,8586
Bruce Bochte;1;Willie Crawford;0,9761
Bruce Bochte;2;Guy Hecker;0,8952
Bruce Bochte;3;Edgardo Alfonzo;0,8408
Bruce Bochte;4;Brian McRae;0,8401
Bruce Bochte;5;Tito Fuentes;0,8396
Bruce Campbell;1;Alex Gordon;0,93
Bruce Campbell;2;Jean Segura;0,8583
Bruce Campbell;3;Jerry Priddy;0,8504
Bruce Campbell;4;Joe Vosmik;0,8348
Bruce Campbell;5;Aaron Hicks;0,8285
Bryce Harper;1;Patrick Gillespie;0,9298
Bryce Harper;2;Rick Dempsey;0,8542
Bryce Harper;3;Jeff Bagwell;0,8238
Bryce Harper;4;Mariano Duncan;0,8115
Bryce Harper;5;Kolten Wong;0,7978
Buck Ewing;1;Joey Cora;0,9282
Buck Ewing;2;Oscar Gamble;0,8958
Buck Ewing;3;Pat Kelly;0,8699
Buck Ewing;4;Bill McClellan;0,8383
Buck Ewing;5;Randy Velarde;0,8383
Buck Freeman;1;Ezra Sutton;0,9211
Buck Freeman;2;Mark Reynolds;0,919
Buck Freeman;3;John Peters;0,9099
Buck Freeman;4;Trevor Story;0,8993
Buck Freeman;5;Monte Cross;0,8905
Buck Herzog;1;David Peralta;0,8955
Buck Herzog;2;Buster Posey;0,8861
Buck Herzog;3;Bones Ely;0,8825
Buck Herzog;4;Shanty Hogan;0,865
Buck Herzog;5;Chuck Hinton;0,861
Buck Martinez;1;Frank Schulte;0,9893
Buck Martinez;2;Bob Johnson;0,9713
Buck Martinez;3;Eddie Joost;0,9233
Buck Martinez;4;Manny Ramirez;0,9
Buck Martinez;5;Ralph Young;0,8832
Buck Weaver;1;Pie Traynor;0,9273
Buck Weaver;2;Jim Eisenreich;0,9269
Buck Weaver;3;Buddy Bell;0,9147
Buck Weaver;4;Tillie Walker;0,8698
Buck Weaver;5;Darrin Fletcher;0,8643
Bucky Dent;1;Fred Tenney;0,8343
Bucky Dent;2;Ed Bailey;0,8155
Bucky Dent;3;Bernie Friberg;0,8152
Bucky Dent;4;Sparky Adams;0,8126
Bucky Dent;5;Otto Miller;0,8032
Bucky Harris;1;Billy Sullivan;0,9524
Bucky Harris;2;Willie Montanez;0,9428
Bucky Harris;3;Matt Carpenter;0,8966
Bucky Harris;4;Frank Malzone;0,8456
Bucky Harris;5;Raul Mondesi;0,8283
Bud Harrelson;1;Candy Nelson;0,8948
Bud Harrelson;2;Mack Jones;0,8935
Bud Harrelson;3;Damaso Garcia;0,8709
Bud Harrelson;4;Rick Burleson;0,8384
Bud Harrelson;5;Mark Kotsay;0,8379
Buddy Bell;1;Bill Killefer;0,9426
Buddy Bell;2;Buck Weaver;0,9147
Buddy Bell;3;Ken Caminiti;0,8634
Buddy Bell;4;Red Dooin;0,86
Buddy Bell;5;Cameron Maybin;0,8421
Buddy Lewis;1;Whitey Witt;0,8684
Buddy Lewis;2;Josh Donaldson;0,8579
Buddy Lewis;3;Anthony Rendon;0,8424
Buddy Lewis;4;Matt Carpenter;0,8383
Buddy Lewis;5;Roger Maris;0,8373
Buddy Myer;1;Buck Weaver;0,857
Buddy Myer;2;Cliff Heathcote;0,8152
Buddy Myer;3;Germany Schaefer;0,8152
Buddy Myer;4;Pat Kelly;0,8086
Buddy Myer;5;Buck Ewing;0,7763
Buddy Rosar;1;Otto Miller;0,9719
Buddy Rosar;2;Gary Sanchez;0,8785
Buddy Rosar;3;Kevin Stocker;0,8257
Buddy Rosar;4;Marty Cordova;0,7835
Buddy Rosar;5;Ed Bailey;0,7561
Burt Shotton;1;Jackie Bradley;0,9004
Burt Shotton;2;Jim Hegan;0,8951
Burt Shotton;3;Derek Bell;0,872
Burt Shotton;4;Joey Votto;0,8526
Burt Shotton;5;Mike Lum;0,8485
Buster Posey;1;Ed Herrmann;0,9274
Buster Posey;2;Buck Herzog;0,8861
Buster Posey;3;Bones Ely;0,8737
Buster Posey;4;Fred Schulte;0,8634
Buster Posey;5;Bill Coughlin;0,8608
Butch Wynegar;1;Orlando Cabrera;0,9025
Butch Wynegar;2;Charlie Moore;0,8549
Butch Wynegar;3;Harry Steinfeldt;0,8467
Butch Wynegar;4;Adrian Beltre;0,8442
Butch Wynegar;5;Matt Olson;0,8426
Byron Buxton;1;John Olerud;0,9347
Byron Buxton;2;Honus Wagner;0,9005
Byron Buxton;3;Candy Maldonado;0,8868
Byron Buxton;4;Willie Stargell;0,8824
Byron Buxton;5;Mickey Morandini;0,8712
C. J. Cron;1;Carl Yastrzemski;0,8771
C. J. Cron;2;Wade Johnston;0,8428
C. J. Cron;3;Bill Spiers;0,8384
C. J. Cron;4;Ted Kluszewski;0,8251
C. J. Cron;5;Andy Pafko;0,8132
Cal Ripken;1;James Casey;0,9263
Cal Ripken;2;Lourdes Gurriel;0,9036
Cal Ripken;3;John Valentin;0,8755
Cal Ripken;4;Bill Melton;0,8601
Cal Ripken;5;Dave Duncan;0,8425
Cameron Maybin;1;Glenn Wright;0,9107
Cameron Maybin;2;Dixie Walker;0,8434
Cameron Maybin;3;Tim Foli;0,8429
Cameron Maybin;4;Buddy Bell;0,8421
Cameron Maybin;5;Bill Tuttle;0,8186
Candy Maldonado;1;Felipe Alou;0,9243
Candy Maldonado;2;Honus Wagner;0,8958
Candy Maldonado;3;Byron Buxton;0,8868
Candy Maldonado;4;Rick Monday;0,8626
Candy Maldonado;5;Bud Harrelson;0,8379
Candy Nelson;1;Damaso Garcia;0,9376
Candy Nelson;2;Joe Orsulak;0,9356
Candy Nelson;3;Mike Mowrey;0,9178
Candy Nelson;4;Bud Harrelson;0,8948
Candy Nelson;5;Roger Cedeno;0,8918
Cap Anson;1;Davy Jones;0,8976
Cap Anson;2;Cecil Fielder;0,8674
Cap Anson;3;Monte Irvin;0,8473
Cap Anson;4;Gordon Beckham;0,8388
Cap Anson;5;Luke Scott;0,8149
Carl Crawford;1;Heinie Wagner;0,8869
Carl Crawford;2;Willie Crawford;0,8733
Carl Crawford;3;Darrin Fletcher;0,8679
Carl Crawford;4;Brian Dozier;0,8439
Carl Crawford;5;George Shoch;0,7991
Carl Everett;1;Phil Nevin;0,9067
Carl Everett;2;Mark Christman;0,8828
Carl Everett;3;Art Whitney;0,8811
Carl Everett;4;Woody English;0,8322
Carl Everett;5;Harlond Clift;0,8271
Carl Furillo;1;Davey Johnson;0,8279
Carl Furillo;2;Johnny Logan;0,781
Carl Furillo;3;Peanuts Lowrey;0,7777
Carl Furillo;4;Luis Polonia;0,772
Carl Furillo;5;Julian Javier;0,7314
Carl Reynolds;1;Billy Goodman;0,8931
Carl Reynolds;2;Chick Stahl;0,8831
Carl Reynolds;3;Juan Rivera;0,8825
Carl Reynolds;4;Hurley McNair;0,8783
Carl Reynolds;5;Jo-Jo White;0,8722
Carl Yastrzemski;1;C. J. Cron;0,8771
Carl Yastrzemski;2;Dmitri Young;0,8239
Carl Yastrzemski;3;Raul Ibanez;0,8042
Carl Yastrzemski;4;Max Bishop;0,7895
Carl Yastrzemski;5;Cub Stricker;0,7824
Carlos Baerga;1;Frankie Hayes;0,9093
Carlos Baerga;2;Magglio Ordonez;0,9035
Carlos Baerga;3;Paul Sorrento;0,8891
Carlos Baerga;4;Mike Donlin;0,8763
Carlos Baerga;5;Kevin Youkilis;0,8644
Carlos Beltran;1;Brian McRae;0,8781
Carlos Beltran;2;Willie Crawford;0,8781
Carlos Beltran;3;Del Crandall;0,807
Carlos Beltran;4;Bob Skinner;0,8056
Carlos Beltran;5;Ketel Marte;0,7792
Carlos Correa;1;Alcides Escobar;0,8485
Carlos Correa;2;James McCann;0,8376
Carlos Correa;3;Alex Cora;0,8329
Carlos Correa;4;Johnny Bench;0,8029
Carlos Correa;5;Greg Brock;0,8016
Carlos Delgado;1;Sid Farrar;0,9249
Carlos Delgado;2;Sixto Lezcano;0,903
Carlos Delgado;3;Jack Doyle;0,8953
Carlos Delgado;4;Willie Crawford;0,8467
Carlos Delgado;5;Phil Nevin;0,8395
Carlos Gomez;1;Johnny Bates;0,9009
Carlos Gomez;2;John Hummel;0,8884
Carlos Gomez;3;Jerry Remy;0,8629
Carlos Gomez;4;Joey Cora;0,8508
Carlos Gomez;5;Jim Hickman;0,8468
Carlos Gonzalez;1;Joe Kelley;0,8803
Carlos Gonzalez;2;Chet Lemon;0,8533
Carlos Gonzalez;3;Burt Shotton;0,8313
Carlos Gonzalez;4;Jim Gilliam;0,8308
Carlos Gonzalez;5;Kenny Lofton;0,827
Carlos Guillen;1;Sid Farrar;0,9183
Carlos Guillen;2;Shawn Green;0,9127
Carlos Guillen;3;Bob Nieman;0,8796
Carlos Guillen;4;Johnny Bates;0,8642
Carlos Guillen;5;Charlie Ganzel;0,8625
Carlos Lee;1;Bill Killefer;0,9219
Carlos Lee;2;Bill Dickey;0,8909
Carlos Lee;3;Davey Johnson;0,8583
Carlos Lee;4;Darren Daulton;0,8538
Carlos Lee;5;Wally Pipp;0,8505
Carlos May;1;Brian Jordan;0,9684
Carlos May;2;Don Wert;0,9312
Carlos May;3;Rudy York;0,9097
Carlos May;4;Jim Ray Hart;0,9075
Carlos May;5;Ezra Sutton;0,8568
Carlos Peña;1;Solly Hofman;0,9131
Carlos Peña;2;Mike Lansing;0,9
Carlos Peña;3;Gee Walker;0,8628
Carlos Peña;4;Rico Petrocelli;0,8622
Carlos Peña;5;Joe Medwick;0,8547
Carlos Ruiz;1;Al Dark;0,8851
Carlos Ruiz;2;Marwin Gonzalez;0,8805
Carlos Ruiz;3;Cy Seymour;0,8747
Carlos Ruiz;4;Billy Butler;0,8657
Carlos Ruiz;5;Bob Allison;0,8553
Carlos Santana;1;Garth Iorg;0,9101
Carlos Santana;2;Jose Hernandez;0,8402
Carlos Santana;3;Fred Carroll;0,8277
Carlos Santana;4;Richard Hidalgo;0,8096
Carlos Santana;5;Wilmer Flores;0,8024
Carlton Fisk;1;Chick Stahl;0,884
Carlton Fisk;2;Tommy Thevenow;0,8507
Carlton Fisk;3;Bobby Thomson;0,8493
Carlton Fisk;4;James McCann;0,848
Carlton Fisk;5;Cesar Geronimo;0,8349
Carney Lansford;1;Mark DeRosa;0,8934
Carney Lansford;2;Jack Smith;0,8449
Carney Lansford;3;Fernando Vina;0,8371
Carney Lansford;4;Silver Flint;0,8229
Carney Lansford;5;Bill Joyce;0,821
Carson Bigbee;1;Chuck Knoblauch;0,9407
Carson Bigbee;2;Joe Torre;0,9384
Carson Bigbee;3;Sam Wise;0,906
Carson Bigbee;4;Kevin Youkilis;0,9007
Carson Bigbee;5;Jason Giambi;0,9002
Casey Blake;1;Prince Fielder;0,9284
Casey Blake;2;Lew Fonseca;0,8621
Casey Blake;3;Jonathan Schoop;0,8463
Casey Blake;4;Charley Bassett;0,8201
Casey Blake;5;Javy Lopez;0,8177
Casey Stengel;1;Justin Smoak;0,8616
Casey Stengel;2;Lou Piniella;0,8572
Casey Stengel;3;Frankie Gustine;0,8455
Casey Stengel;4;Bill Killefer;0,8263
Casey Stengel;5;Riggs Stephenson;0,8057
Cass Michaels;1;Rich Aurilia;0,9139
Cass Michaels;2;Mike Lum;0,8527
Cass Michaels;3;Bill Rariden;0,8504
Cass Michaels;4;Sid Farrar;0,8473
Cass Michaels;5;Carlos Delgado;0,8243
Cecil Cooper;1;Johnny Rawlings;0,9235
Cecil Cooper;2;Roy Cullenbine;0,9056
Cecil Cooper;3;Lew Fonseca;0,8701
Cecil Cooper;4;Frank Snyder;0,8652
Cecil Cooper;5;John Briggs;0,8468
Cecil Fielder;1;Gus Mancuso;0,9305
Cecil Fielder;2;Fielder Jones;0,9074
Cecil Fielder;3;Gary Sanchez;0,899
Cecil Fielder;4;Kevin Stocker;0,8924
Cecil Fielder;5;Cap Anson;0,8674
Cecil Travis;1;Glenallen Hill;0,9241
Cecil Travis;2;Germany Schaefer;0,8731
Cecil Travis;3;Scott Rolen;0,8597
Cecil Travis;4;Frank Bolling;0,8401
Cecil Travis;5;Billy Werber;0,8068
Cesar Cedeno;1;Damaso Garcia;0,957
Cesar Cedeno;2;Roger Cedeno;0,8995
Cesar Cedeno;3;Bingo DeMoss;0,8916
Cesar Cedeno;4;Candy Nelson;0,8888
Cesar Cedeno;5;Vince DiMaggio;0,8547
Cesar Geronimo;1;Bobby Thomson;0,9324
Cesar Geronimo;2;Dots Miller;0,8813
Cesar Geronimo;3;Nap Lajoie;0,8534
Cesar Geronimo;4;Carlton Fisk;0,8349
Cesar Geronimo;5;Mike Cameron;0,8255
Cesar Hernandez;1;Cody Ross;0,951
Cesar Hernandez;2;Dave Foutz;0,926
Cesar Hernandez;3;Rick Ferrell;0,8898
Cesar Hernandez;4;Hank Bauer;0,8776
Cesar Hernandez;5;Wally Moses;0,8765
Cesar Tovar;1;Melvin Mora;0,9317
Cesar Tovar;2;Jesse Barfield;0,8836
Cesar Tovar;3;Joe Medwick;0,8828
Cesar Tovar;4;Mark Lemke;0,8802
Cesar Tovar;5;Paul Sorrento;0,8648
Chad Curtis;1;Tim Foli;0,9546
Chad Curtis;2;Denny Doyle;0,9286
Chad Curtis;3;Cy Seymour;0,9183
Chad Curtis;4;Matt Olson;0,8825
Chad Curtis;5;Howard Johnson;0,8772
Charles Johnson;1;Pepper Martin;0,7919
Charles Johnson;2;Jack Manning;0,791
Charles Johnson;3;Jim Bottomley;0,7479
Charles Johnson;4;Earle Combs;0,7446
Charles Johnson;5;Garth Iorg;0,7429
Charles Zimmer;1;Cliff Carroll;0,8951
Charles Zimmer;2;Bill Killefer;0,8616
Charles Zimmer;3;John Morrill;0,8326
Charles Zimmer;4;Davey Johnson;0,8119
Charles Zimmer;5;Jose Cardenal;0,7988
Charley Bassett;1;Thomas Burns;0,9738
Charley Bassett;2;Connie Ryan;0,9595
Charley Bassett;3;Jack Graney;0,911
Charley Bassett;4;Omar Infante;0,8975
Charley Bassett;5;Billy Werber;0,8971
Charley Jones;1;Jack Manning;0,9544
Charley Jones;2;J. D. Drew;0,8768
Charley Jones;3;Todd Helton;0,8545
Charley Jones;4;Wally Gerber;0,8487
Charley Jones;5;Milton Bradley;0,831
Charley O'Leary;1;Jim Delahanty;0,9174
Charley O'Leary;2;Jack Boyle;0,8657
Charley O'Leary;3;Glenallen Hill;0,8653
Charley O'Leary;4;Todd Zeile;0,8408
Charley O'Leary;5;Mickey Morandini;0,8408
Charlie Bennett;1;Joe Stripp;0,9585
Charlie Bennett;2;Bill Melton;0,8993
Charlie Bennett;3;Roy Thomas;0,8842
Charlie Bennett;4;Juan Rivera;0,8742
Charlie Bennett;5;Jason Bay;0,8547
Charlie Blackmon;1;Whitey Witt;0,9331
Charlie Blackmon;2;Solly Hofman;0,9219
Charlie Blackmon;3;Mike Lansing;0,8878
Charlie Blackmon;4;Roger Maris;0,8871
Charlie Blackmon;5;Bobby Lowe;0,8712
Charlie Comiskey;1;Jimmy McAleer;0,9219
Charlie Comiskey;2;Matt Olson;0,8839
Charlie Comiskey;3;Ken McMullen;0,8244
Charlie Comiskey;4;Wade Boggs;0,7961
Charlie Comiskey;5;Mike Hargrove;0,79
Charlie Ganzel;1;Gary Gaetti;0,9475
Charlie Ganzel;2;Robin Yount;0,8934
Charlie Ganzel;3;Jay Buhner;0,8888
Charlie Ganzel;4;Brian Downing;0,8854
Charlie Ganzel;5;Heinie Groh;0,8735
Charlie Gehringer;1;George Gibson;0,8518
Charlie Gehringer;2;Branch Russell;0,8241
Charlie Gehringer;3;Stan Spence;0,8094
Charlie Gehringer;4;Byron Buxton;0,806
Charlie Gehringer;5;Cookie Lavagetto;0,7888
Charlie Grimm;1;Gene Tenace;0,8841
Charlie Grimm;2;Dansby Swanson;0,8738
Charlie Grimm;3;Stan Spence;0,8491
Charlie Grimm;4;Darren Daulton;0,8065
Charlie Grimm;5;Jack Wilson;0,8052
Charlie Hayes;1;Steve Brodie;0,9135
Charlie Hayes;2;Mike Lansing;0,9067
Charlie Hayes;3;Al Bridwell;0,8622
Charlie Hayes;4;Mark Lemke;0,833
Charlie Hayes;5;Solly Hofman;0,8197
Charlie Hemphill;1;Ivey Wingo;0,9094
Charlie Hemphill;2;Andy High;0,8128
Charlie Hemphill;3;Tommy Tucker;0,8004
Charlie Hemphill;4;John Bateman;0,7552
Charlie Hemphill;5;Clete Boyer;0,7547
Charlie Irwin;1;Shin-Soo Choo;0,9196
Charlie Irwin;2;Shoeless Joe Jackson;0,9179
Charlie Irwin;3;Seth Smith;0,8786
Charlie Irwin;4;Tommy Pham;0,8634
Charlie Irwin;5;Walt Dropo;0,8394
Charlie Jamieson;1;Bill McClellan;0,9814
Charlie Jamieson;2;George Shoch;0,9381
Charlie Jamieson;3;Joey Cora;0,9254
Charlie Jamieson;4;Mike Stanley;0,9182
Charlie Jamieson;5;Jerry Remy;0,9138
Charlie Moore;1;Butch Wynegar;0,8549
Charlie Moore;2;Ken McMullen;0,8428
Charlie Moore;3;Matt Olson;0,8072
Charlie Moore;4;Bill Tuttle;0,7628
Charlie Moore;5;Del Rice;0,7255
Chase Headley;1;Ferris Fain;0,8968
Chase Headley;2;Fred Lynn;0,8572
Chase Headley;3;Bobby Avila;0,8541
Chase Headley;4;Jack Farrell;0,8506
Chase Headley;5;Jarrod Dyson;0,8469
Chase Utley;1;Jimmy Archer;0,9267
Chase Utley;2;Mike Donlin;0,92
Chase Utley;3;Adrian Gonzalez;0,9078
Chase Utley;4;Jonathan Schoop;0,907
Chase Utley;5;Paul Goldschmidt;0,899
Chet Laabs;1;Ron LeFlore;0,923
Chet Laabs;2;Cleon Jones;0,9093
Chet Laabs;3;Jesse Burkett;0,8723
Chet Laabs;4;Roy White;0,868
Chet Laabs;5;Eddie Kasko;0,8671
Chet Lemon;1;Ernie Whitt;0,8927
Chet Lemon;2;Luis Alicea;0,8756
Chet Lemon;3;Elbie Fletcher;0,8725
Chet Lemon;4;Jose Vidro;0,8687
Chet Lemon;5;Randy Velarde;0,8599
Chick Gandil;1;Willie Mays;0,9177
Chick Gandil;2;Dave Duncan;0,8874
Chick Gandil;3;Marty McManus;0,8754
Chick Gandil;4;George Kelly;0,8667
Chick Gandil;5;Jim Hegan;0,8593
Chick Hafey;1;Lee Stevens;0,9576
Chick Hafey;2;Heinie Wagner;0,9344
Chick Hafey;3;Hughie Jennings;0,9249
Chick Hafey;4;Jerry Remy;0,914
Chick Hafey;5;Bill McClellan;0,912
Chick Stahl;1;Brian McCann;0,9211
Chick Stahl;2;Carlton Fisk;0,884
Chick Stahl;3;Carl Reynolds;0,8831
Chick Stahl;4;Bobby Wallace;0,8664
Chick Stahl;5;Tim Salmon;0,847
Chicken Wolf;1;Damaso Garcia;0,9038
Chicken Wolf;2;Dee Strange-Gordon;0,8848
Chicken Wolf;3;Red Dooin;0,8284
Chicken Wolf;4;Jose Hernandez;0,8164
Chicken Wolf;5;Bingo DeMoss;0,8095
Chico Carrasquel;1;Kirk Gibson;0,8367
Chico Carrasquel;2;Glenn Wilson;0,8338
Chico Carrasquel;3;Dave Cash;0,7955
Chico Carrasquel;4;Wally Berger;0,7931
Chico Carrasquel;5;Frank Hankinson;0,7818
Chili Davis;1;Mike Lieberthal;0,9135
Chili Davis;2;Bingo DeMoss;0,8936
Chili Davis;3;Rafael Devers;0,8929
Chili Davis;4;Candy Nelson;0,8707
Chili Davis;5;Damaso Garcia;0,8358
Chipper Jones;1;Johnny Bates;0,8993
Chipper Jones;2;Sid Farrar;0,8686
Chipper Jones;3;Ramon Hernandez;0,8557
Chipper Jones;4;Jay Buhner;0,8516
Chipper Jones;5;Ray Boone;0,8434
Chone Figgins;1;Frankie Crosetti;0,9077
Chone Figgins;2;Matt Carpenter;0,8908
Chone Figgins;3;Colby Rasmus;0,8803
Chone Figgins;4;Fred Schulte;0,8536
Chone Figgins;5;Jeff Cirillo;0,8528
Chris Chambliss;1;Ronnie Belliard;0,87
Chris Chambliss;2;Wilson Ramos;0,8227
Chris Chambliss;3;Darrell Porter;0,8214
Chris Chambliss;4;Nick Hundley;0,7818
Chris Chambliss;5;Scott Hatteberg;0,7145
Chris Davis;1;Jay Payton;0,9248
Chris Davis;2;Billy Sullivan;0,8681
Chris Davis;3;Willie Keeler;0,8577
Chris Davis;4;Dee Strange-Gordon;0,8538
Chris Davis;5;Fred Carroll;0,8535
Chris Gomez;1;Hunter Pence;0,8944
Chris Gomez;2;Steve Henderson;0,8177
Chris Gomez;3;Tom Brookens;0,8034
Chris Gomez;4;Fred Luderus;0,7572
Chris Gomez;5;Al Bumbry;0,7439
Chris Hoiles;1;Kenny Lofton;0,9449
Chris Hoiles;2;Terry Turner;0,9292
Chris Hoiles;3;Rod Barajas;0,926
Chris Hoiles;4;Jim Hegan;0,9241
Chris Hoiles;5;Pedro Feliz;0,9103
Chris Iannetta;1;Barry McCormick;0,9831
Chris Iannetta;2;Monte Irvin;0,9571
Chris Iannetta;3;Leon Wagner;0,8731
Chris Iannetta;4;Maikel Franco;0,8589
Chris Iannetta;5;Skip Schumaker;0,8547
Chris Speier;1;Miguel Montero;0,9074
Chris Speier;2;Ty Wigginton;0,889
Chris Speier;3;Michael Conforto;0,8844
Chris Speier;4;Hoot Evers;0,8749
Chris Speier;5;Bobby Richardson;0,8498
Chris Young;1;Maicer Izturis;0,9427
Chris Young;2;Jerry Benjamin;0,9251
Chris Young;3;Josh Hamilton;0,891
Chris Young;4;Maikel Franco;0,8876
Chris Young;5;Richie Hebner;0,853
Christian Yelich;1;Granny Hamner;0,8942
Christian Yelich;2;Gabby Hartnett;0,8271
Christian Yelich;3;Lance Johnson;0,8189
Christian Yelich;4;John Hummel;0,8183
Christian Yelich;5;Wes Parker;0,8052
Chuck Hinton;1;Ted Sizemore;0,9552
Chuck Hinton;2;Dustin Pedroia;0,9367
Chuck Hinton;3;Gary Ward;0,9343
Chuck Hinton;4;Ryan Howard;0,9243
Chuck Hinton;5;Jody Davis;0,9098
Chuck Klein;1;John Valentin;0,9536
Chuck Klein;2;Hurley McNair;0,918
Chuck Klein;3;Rougned Odor;0,911
Chuck Klein;4;Bill Melton;0,8985
Chuck Klein;5;Jason Bay;0,8752
Chuck Knoblauch;1;Carson Bigbee;0,9407
Chuck Knoblauch;2;Mark Lemke;0,8839
Chuck Knoblauch;3;Al Bridwell;0,8777
Chuck Knoblauch;4;Dick McAuliffe;0,8666
Chuck Knoblauch;5;Albert Belle;0,8647
Claude Ritchey;1;Mike Mitchell;0,8516
Claude Ritchey;2;Isiah Kiner-Falefa;0,8418
Claude Ritchey;3;Candy Nelson;0,8292
Claude Ritchey;4;Cesar Cedeno;0,8271
Claude Ritchey;5;Damaso Garcia;0,8207
Claudell Washington;1;Johnny Rawlings;0,9295
Claudell Washington;2;Newt Allen;0,9127
Claudell Washington;3;John Kruk;0,8492
Claudell Washington;4;Jeff King;0,8007
Claudell Washington;5;Lew Fonseca;0,7934
Clay Dalrymple;1;Jim Russell;0,9356
Clay Dalrymple;2;Jackie Bradley;0,8802
Clay Dalrymple;3;Bobby Higginson;0,8557
Clay Dalrymple;4;Ken Henderson;0,8543
Clay Dalrymple;5;Gary Ward;0,8482
Cleon Jones;1;Eddie Kasko;0,9345
Cleon Jones;2;Chet Laabs;0,9093
Cleon Jones;3;Mike Scioscia;0,8787
Cleon Jones;4;Dee Strange-Gordon;0,8738
Cleon Jones;5;Tony Peña;0,8664
Clete Boyer;1;Lyn Lary;0,8608
Clete Boyer;2;Jake Beckley;0,8193
Clete Boyer;3;Jerry Browne;0,8154
Clete Boyer;4;Ed Kirkpatrick;0,7946
Clete Boyer;5;Ossee Schrecongost;0,7833
Cliff Carroll;1;Mike Trout;0,941
Cliff Carroll;2;Charles Zimmer;0,8951
Cliff Carroll;3;Jose Pagan;0,8585
Cliff Carroll;4;Jeff Kent;0,8522
Cliff Carroll;5;Lou Whitaker;0,8421
Cliff Floyd;1;John Hummel;0,9531
Cliff Floyd;2;Joey Cora;0,9414
Cliff Floyd;3;Jerry Remy;0,9372
Cliff Floyd;4;Sid Gordon;0,9343
Cliff Floyd;5;Mo Vaughn;0,9079
Cliff Heathcote;1;Buck Weaver;0,8419
Cliff Heathcote;2;Eddie Stanky;0,8264
Cliff Heathcote;3;Bill Killefer;0,8172
Cliff Heathcote;4;Buddy Myer;0,8152
Cliff Heathcote;5;Rod Carew;0,8126
Cliff Johnson;1;Todd Walker;0,8852
Cliff Johnson;2;Barry Bonnell;0,8208
Cliff Johnson;3;Mike Grady;0,8083
Cliff Johnson;4;Gary Redus;0,7942
Cliff Johnson;5;Rocky Colavito;0,7847
Clint Barmes;1;Matt Wieters;0,9174
Clint Barmes;2;Rusty Greer;0,9109
Clint Barmes;3;Trevor Story;0,9043
Clint Barmes;4;Martin Maldonado;0,8916
Clint Barmes;5;Tony Kubek;0,8683
Clint Thomas;1;Frank White;0,9298
Clint Thomas;2;Gregg Jefferies;0,8903
Clint Thomas;3;Adam Jones;0,8872
Clint Thomas;4;Jack Smith;0,8712
Clint Thomas;5;Glenn Hubbard;0,8692
Clyde McCullough;1;Travis Jackson;0,8701
Clyde McCullough;2;Bill Robinson;0,8682
Clyde McCullough;3;John Morrill;0,8623
Clyde McCullough;4;Wally Pipp;0,8515
Clyde McCullough;5;Germany Schaefer;0,8406
Clyde Milan;1;George Shoch;0,9251
Clyde Milan;2;Bill McClellan;0,9225
Clyde Milan;3;Mike Stanley;0,9034
Clyde Milan;4;Bobby Byrne;0,8859
Clyde Milan;5;Hughie Jennings;0,8858
Coco Crisp;1;Cool Papa Bell;0,8843
Coco Crisp;2;Ryan Doumit;0,8814
Coco Crisp;3;Billy Shindle;0,8578
Coco Crisp;4;Dickie Thon;0,8362
Coco Crisp;5;AJ Pollock;0,8341
Cody Bellinger;1;Ivan de Jesus;0,8843
Cody Bellinger;2;Larry Gardner;0,8338
Cody Bellinger;3;Freddy Parent;0,831
Cody Bellinger;4;David Freese;0,8203
Cody Bellinger;5;Elmer Flick;0,803
Cody Ross;1;Curtis Granderson;0,953
Cody Ross;2;Cesar Hernandez;0,951
Cody Ross;3;Blondie Purcell;0,9259
Cody Ross;4;Hideki Matsui;0,9241
Cody Ross;5;Horace Ford;0,8836
Colby Rasmus;1;Lance Berkman;0,9337
Colby Rasmus;2;Aaron Rowand;0,8989
Colby Rasmus;3;Vernon Wells;0,8925
Colby Rasmus;4;Chone Figgins;0,8803
Colby Rasmus;5;Hank Sauer;0,8791
Connie Ryan;1;Charley Bassett;0,9595
Connie Ryan;2;Thomas Burns;0,942
Connie Ryan;3;Pie Traynor;0,9211
Connie Ryan;4;George Miller;0,8962
Connie Ryan;5;Wayne Garrett;0,8869
Cookie Lavagetto;1;Phil Garner;0,9585
Cookie Lavagetto;2;Jonathan Lucroy;0,9462
Cookie Lavagetto;3;Pat Meares;0,9301
Cookie Lavagetto;4;Elbie Fletcher;0,9296
Cookie Lavagetto;5;Hank Greenberg;0,9229
Cookie Rojas;1;Pete Incaviglia;0,863
Cookie Rojas;2;Patsy Dougherty;0,8382
Cookie Rojas;3;Tommy Helms;0,8191
Cookie Rojas;4;Kevin Seitzer;0,7994
Cookie Rojas;5;Jimmy Bloodworth;0,795
Cool Papa Bell;1;AJ Pollock;0,9225
Cool Papa Bell;2;Coco Crisp;0,8843
Cool Papa Bell;3;Dickie Thon;0,8742
Cool Papa Bell;4;Bill Mazeroski;0,8434
Cool Papa Bell;5;Denis Menke;0,8291
Corey Hart;1;Jeff Cirillo;0,9458
Corey Hart;2;Dan Ford;0,9047
Corey Hart;3;Johnny Pesky;0,8965
Corey Hart;4;Brad Ausmus;0,8838
Corey Hart;5;Hank Sauer;0,8697
Corey Koskie;1;Hector Lopez;0,9558
Corey Koskie;2;Joe Gordon;0,8977
Corey Koskie;3;George Case;0,8806
Corey Koskie;4;Tony Clark;0,8791
Corey Koskie;5;Matt Joyce;0,8655
Corey Patterson;1;Billy Hatcher;0,9327
Corey Patterson;2;John Flaherty;0,8769
Corey Patterson;3;George Wright;0,8622
Corey Patterson;4;Kelly Johnson;0,828
Corey Patterson;5;Bill Madlock;0,7928
Corey Seager;1;Ethan Allen;0,8576
Corey Seager;2;John Barry;0,8463
Corey Seager;3;Juan Encarnacion;0,8296
Corey Seager;4;Elston Howard;0,8261
Corey Seager;5;Mike Devereaux;0,8241
Craig Biggio;1;Johnny Bates;0,8855
Craig Biggio;2;John Hummel;0,8393
Craig Biggio;3;Joey Cora;0,8371
Craig Biggio;4;Bill McClellan;0,8268
Craig Biggio;5;Eddie Joost;0,8251
Craig Counsell;1;Jim Tabor;0,9201
Craig Counsell;2;Red Smith;0,8821
Craig Counsell;3;Leon Wagner;0,8655
Craig Counsell;4;Dal Maxvill;0,8493
Craig Counsell;5;John Mabry;0,8282
Craig Reynolds;1;Al Zarilla;0,9038
Craig Reynolds;2;Hal Chase;0,877
Craig Reynolds;3;Colby Rasmus;0,8294
Craig Reynolds;4;Don Money;0,8169
Craig Reynolds;5;Lance Berkman;0,7982
Cristian Guzman;1;Leon Durham;0,8479
Cristian Guzman;2;Eddie Mathews;0,8278
Cristian Guzman;3;Chris Hoiles;0,8266
Cristian Guzman;4;Dave Magadan;0,8162
Cristian Guzman;5;Carlos Gonzalez;0,8045
Crush Holloway;1;Sam Chapman;0,8881
Crush Holloway;2;Jacque Jones;0,8726
Crush Holloway;3;Fred Tenney;0,8055
Crush Holloway;4;Delmon Young;0,8027
Crush Holloway;5;Juan Samuel;0,783
Cub Stricker;1;Daryl Boston;0,9115
Cub Stricker;2;Dale Murphy;0,8453
Cub Stricker;3;Ray Chapman;0,823
Cub Stricker;4;Curt Welch;0,8062
Cub Stricker;5;Ken Reitz;0,7867
Cupid Childs;1;Abner Dalrymple;0,9074
Cupid Childs;2;John Clapp;0,8422
Cupid Childs;3;Joe Orsulak;0,8407
Cupid Childs;4;Brian Jordan;0,8279
Cupid Childs;5;Neil Walker;0,8219
Curt Flood;1;Jerry Priddy;0,9539
Curt Flood;2;Aaron Hicks;0,8777
Curt Flood;3;George Davis;0,8356
Curt Flood;4;Darren Daulton;0,8326
Curt Flood;5;Donovan Solano;0,8067
Curt Walker;1;Leo Cardenas;0,8444
Curt Walker;2;Danny Murphy;0,8284
Curt Walker;3;Augie Galan;0,8071
Curt Walker;4;Benito Santiago;0,807
Curt Walker;5;B. J. Surhoff;0,8032
Curt Welch;1;Daryl Boston;0,9234
Curt Welch;2;Ossie Bluege;0,9072
Curt Welch;3;Brandon Phillips;0,889
Curt Welch;4;George Gore;0,8839
Curt Welch;5;Al Simmons;0,875
Curtis Granderson;1;Cody Ross;0,953
Curtis Granderson;2;Hideki Matsui;0,8754
Curtis Granderson;3;Ryan Doumit;0,8667
Curtis Granderson;4;Bobby Higginson;0,8574
Curtis Granderson;5;Glenn Wright;0,8523
Cy Seymour;1;Denny Doyle;0,9849
Cy Seymour;2;Tino Martinez;0,927
Cy Seymour;3;Chad Curtis;0,9183
Cy Seymour;4;Marwin Gonzalez;0,8973
Cy Seymour;5;Bob Allison;0,8817
Cy Williams;1;Johnny Rawlings;0,8771
Cy Williams;2;Tillie Walker;0,8762
Cy Williams;3;Buck Weaver;0,8495
Cy Williams;4;Jose Cardenal;0,829
Cy Williams;5;Eddie Joost;0,824
DJ LeMahieu;1;Matty McIntyre;0,8894
DJ LeMahieu;2;Jack Doyle;0,8756
DJ LeMahieu;3;Travis Jackson;0,8519
DJ LeMahieu;4;Bobby Lowe;0,8383
DJ LeMahieu;5;Carlos Delgado;0,8282
Dal Maxvill;1;Frank Malzone;0,9135
Dal Maxvill;2;Bill Skowron;0,8647
Dal Maxvill;3;Craig Counsell;0,8493
Dal Maxvill;4;David Freese;0,8438
Dal Maxvill;5;Topsy Hartsel;0,8302
Dale Murphy;1;Daryl Boston;0,9007
Dale Murphy;2;Hank Severeid;0,8755
Dale Murphy;3;Ray Chapman;0,8744
Dale Murphy;4;Cub Stricker;0,8453
Dale Murphy;5;Curt Welch;0,8199
Damaso Garcia;1;Cesar Cedeno;0,957
Damaso Garcia;2;Candy Nelson;0,9376
Damaso Garcia;3;Mike Mowrey;0,9236
Damaso Garcia;4;Mike Cameron;0,9048
Damaso Garcia;5;Chicken Wolf;0,9038
Damian Miller;1;Dick Stuart;0,9323
Damian Miller;2;Jody Reed;0,9015
Damian Miller;3;Ivan de Jesus;0,8717
Damian Miller;4;Lyle Overbay;0,8689
Damian Miller;5;Joe Cunningham;0,8429
Damion Easley;1;Doc Bushong;0,9407
Damion Easley;2;Tommie Agee;0,9138
Damion Easley;3;Rube Oldring;0,8767
Damion Easley;4;Matty Alou;0,868
Damion Easley;5;Mark DeRosa;0,8664
Dan Brouthers;1;Sibby Sisti;0,8743
Dan Brouthers;2;Cody Ross;0,8633
Dan Brouthers;3;George Pinkney;0,8543
Dan Brouthers;4;Bernard Gilkey;0,8415
Dan Brouthers;5;Cesar Hernandez;0,831
Dan Driessen;1;Sixto Lezcano;0,9557
Dan Driessen;2;Leon Durham;0,8338
Dan Driessen;3;Mike Lum;0,8237
Dan Driessen;4;Wes Helms;0,821
Dan Driessen;5;Willie Randolph;0,8149
Dan Ford;1;Earl Sheely;0,9169
Dan Ford;2;Gus Triandos;0,9154
Dan Ford;3;Corey Hart;0,9047
Dan Ford;4;Jody Davis;0,8904
Dan Ford;5;Hank Sauer;0,8855
Dan Gladden;1;Walt Dropo;0,9075
Dan Gladden;2;Kid Elberfeld;0,8708
Dan Gladden;3;Tommy Pham;0,8453
Dan Gladden;4;Mickey Stanley;0,832
Dan Gladden;5;Martin Maldonado;0,8285
Dan McGann;1;Logan Morrison;0,9117
Dan McGann;2;Orator Shafer;0,8934
Dan McGann;3;Rick Manning;0,8379
Dan McGann;4;Pete Incaviglia;0,8059
Dan McGann;5;Tony Oliva;0,7822
Dan Meyer;1;Matt Lawton;0,9446
Dan Meyer;2;Orlando Merced;0,9077
Dan Meyer;3;Danny Richardson;0,9031
Dan Meyer;4;Tommy Thevenow;0,8938
Dan Meyer;5;Harry Hooper;0,8934
Dan Uggla;1;Wid Conroy;0,9456
Dan Uggla;2;Trot Nixon;0,9335
Dan Uggla;3;Zoilo Versalles;0,9123
Dan Uggla;4;John Peters;0,9001
Dan Uggla;5;Don Mueller;0,8988
Dan Wilson;1;Jackie Bradley;0,8921
Dan Wilson;2;Kevin Millar;0,89
Dan Wilson;3;Ed McFarland;0,8729
Dan Wilson;4;Whit Merrifield;0,8644
Dan Wilson;5;Pop Smith;0,8536
Daniel Murphy;1;Jose Pagan;0,8817
Daniel Murphy;2;Paul O'Neill;0,8572
Daniel Murphy;3;Edwin Encarnacion;0,8421
Daniel Murphy;4;Bob Johnson;0,8215
Daniel Murphy;5;Hugh Duffy;0,8059
Danny Cater;1;Willie Wilson;0,8996
Danny Cater;2;Willie Davis;0,8751
Danny Cater;3;Billy Sullivan;0,8598
Danny Cater;4;Dick Stuart;0,8492
Danny Cater;5;Maicer Izturis;0,8443
Danny Hoffman;1;Ron Fairly;0,9585
Danny Hoffman;2;Ed Herrmann;0,9388
Danny Hoffman;3;Buster Posey;0,8511
Danny Hoffman;4;Josh Harrison;0,8476
Danny Hoffman;5;Bobby Abreu;0,8426
Danny Litwhiler;1;Edgar Renteria;0,9207
Danny Litwhiler;2;Jay Johnstone;0,9185
Danny Litwhiler;3;Larry Hisle;0,9082
Danny Litwhiler;4;Alex Gonzalez;0,8995
Danny Litwhiler;5;Tommy Griffith;0,8829
Danny Murphy;1;Del Pratt;0,8858
Danny Murphy;2;Dave Martinez;0,8734
Danny Murphy;3;Sam Thompson;0,8647
Danny Murphy;4;Roger Metzger;0,8492
Danny Murphy;5;Troy O'Leary;0,8349
Danny O'Connell;1;Yan Gomes;0,8945
Danny O'Connell;2;Shin-Soo Choo;0,8629
Danny O'Connell;3;Tony Cuccinello;0,853
Danny O'Connell;4;Mike Greenwell;0,8498
Danny O'Connell;5;Wes Covington;0,8359
Danny Richardson;1;Dan Meyer;0,9031
Danny Richardson;2;Tommy Thevenow;0,8562
Danny Richardson;3;Alex Cora;0,8546
Danny Richardson;4;Bobby Thomson;0,8385
Danny Richardson;5;Lee May;0,8218
Danny Tartabull;1;Gary Pettis;0,8388
Danny Tartabull;2;Glenn Wright;0,8198
Danny Tartabull;3;Ralph Young;0,8188
Danny Tartabull;4;Milt Thompson;0,8137
Danny Tartabull;5;Kent Hrbek;0,8125
Dansby Swanson;1;Brian Giles;0,9403
Dansby Swanson;2;Frank Warfield;0,9205
Dansby Swanson;3;Lee Stevens;0,899
Dansby Swanson;4;Mike Sweeney;0,8943
Dansby Swanson;5;Heinie Wagner;0,8935
Dante Bichette;1;Al Bridwell;0,9323
Dante Bichette;2;Ken Williams;0,9048
Dante Bichette;3;Sid Gordon;0,8696
Dante Bichette;4;John Hummel;0,8589
Dante Bichette;5;Johnny Bates;0,8544
Darin Erstad;1;Trot Nixon;0,8947
Darin Erstad;2;Kelly Johnson;0,8821
Darin Erstad;3;Adam Frazier;0,8706
Darin Erstad;4;Mike Lum;0,8392
Darin Erstad;5;Hoot Evers;0,8322
Darrell Evans;1;Newt Joseph;0,9088
Darrell Evans;2;Heinie Zimmerman;0,8886
Darrell Evans;3;Jo-Jo White;0,8569
Darrell Evans;4;Jim King;0,8445
Darrell Evans;5;Ed McFarland;0,8444
Darrell Porter;1;Chris Chambliss;0,8214
Darrell Porter;2;Eric Hosmer;0,7926
Darrell Porter;3;Ronnie Belliard;0,772
Darrell Porter;4;Doug Rader;0,7591
Darrell Porter;5;Nick Hundley;0,7452
Darren Daulton;1;Aaron Hicks;0,9174
Darren Daulton;2;George Davis;0,9137
Darren Daulton;3;Ray Durham;0,912
Darren Daulton;4;Eugenio Suarez;0,8982
Darren Daulton;5;Sid Gordon;0,883
Darren Lewis;1;Rafael Furcal;0,8502
Darren Lewis;2;Gary Redus;0,8498
Darren Lewis;3;Turkey Stearnes;0,8238
Darren Lewis;4;Lorenzo Cain;0,8153
Darren Lewis;5;Barry Bonnell;0,7988
Darrin Fletcher;1;Sam Rice;0,8737
Darrin Fletcher;2;Carl Crawford;0,8679
Darrin Fletcher;3;Buck Weaver;0,8643
Darrin Fletcher;4;Wilmer Flores;0,8437
Darrin Fletcher;5;Eddie Stanky;0,8258
Darryl Hamilton;1;Ray Schalk;0,9187
Darryl Hamilton;2;Deron Johnson;0,8284
Darryl Hamilton;3;Pete Incaviglia;0,817
Darryl Hamilton;4;Judy Johnson;0,8141
Darryl Hamilton;5;Rick Cerone;0,8059
Darryl Strawberry;1;John Shelby;0,9628
Darryl Strawberry;2;Guy Hecker;0,8957
Darryl Strawberry;3;Willie Crawford;0,8504
Darryl Strawberry;4;Dan Meyer;0,8314
Darryl Strawberry;5;Kyle Seager;0,8265
Daryl Boston;1;Don Kessinger;0,9423
Daryl Boston;2;George Gore;0,9389
Daryl Boston;3;Curt Welch;0,9234
Daryl Boston;4;Cub Stricker;0,9115
Daryl Boston;5;Xander Bogaerts;0,9095
Dave Bancroft;1;Aaron Judge;0,8417
Dave Bancroft;2;Hardy Richardson;0,8325
Dave Bancroft;3;Michael Barrett;0,8232
Dave Bancroft;4;Mike Heath;0,8217
Dave Bancroft;5;Everett Scott;0,8019
Dave Cash;1;Kendrys Morales;0,8672
Dave Cash;2;Tony Oliva;0,8669
Dave Cash;3;Lou Criger;0,8527
Dave Cash;4;Fielder Jones;0,8467
Dave Cash;5;Gus Mancuso;0,8173
Dave Collins;1;Tommie Agee;0,9403
Dave Collins;2;Fernando Vina;0,8954
Dave Collins;3;Mark DeRosa;0,8784
Dave Collins;4;Ripper Collins;0,8609
Dave Collins;5;Josh Hamilton;0,8574
Dave Concepcion;1;Donovan Solano;0,9646
Dave Concepcion;2;Mariano Duncan;0,8797
Dave Concepcion;3;Whitey Witt;0,8746
Dave Concepcion;4;Doc Bushong;0,8631
Dave Concepcion;5;Rube Oldring;0,8453
Dave Duncan;1;Jim Landis;0,9331
Dave Duncan;2;George Kelly;0,9238
Dave Duncan;3;Ty Wigginton;0,9064
Dave Duncan;4;Don Mattingly;0,9008
Dave Duncan;5;John Valentin;0,9003
Dave Foutz;1;Cesar Hernandez;0,926
Dave Foutz;2;Jack Manning;0,879
Dave Foutz;3;Adam Kennedy;0,8626
Dave Foutz;4;Roy Howell;0,858
Dave Foutz;5;Michael Taylor;0,8515
Dave Henderson;1;Dick Green;0,8733
Dave Henderson;2;Tony Perez;0,8199
Dave Henderson;3;Guy Hecker;0,7782
Dave Henderson;4;Larry Bowa;0,7758
Dave Henderson;5;Derek Bell;0,7738
Dave Kingman;1;Jim Delahanty;0,8459
Dave Kingman;2;Vern Stephens;0,8334
Dave Kingman;3;Glenallen Hill;0,7767
Dave Kingman;4;Germany Schaefer;0,7716
Dave Kingman;5;Charley O'Leary;0,7605
Dave Magadan;1;Boog Powell;0,835
Dave Magadan;2;Bill Madlock;0,8253
Dave Magadan;3;Cristian Guzman;0,8162
Dave Magadan;4;Jurickson Profar;0,8027
Dave Magadan;5;Rick Cerone;0,7997
Dave Martinez;1;Danny Murphy;0,8734
Dave Martinez;2;Taffy Wright;0,8473
Dave Martinez;3;Jackie Brandt;0,8456
Dave Martinez;4;Tony Kubek;0,8133
Dave Martinez;5;Troy O'Leary;0,8128
Dave May;1;Matt Olson;0,8935
Dave May;2;Howie Kendrick;0,8636
Dave May;3;Mike Hargrove;0,8574
Dave May;4;John Anderson;0,8298
Dave May;5;Tom Herr;0,8225
Dave Parker;1;Miguel Olivo;0,9462
Dave Parker;2;Jim Landis;0,8962
Dave Parker;3;Michael Bourn;0,8735
Dave Parker;4;Ralph Kiner;0,8663
Dave Parker;5;Orlando Hudson;0,8516
Dave Philley;1;Roy Cullenbine;0,8547
Dave Philley;2;Jackie Hayes;0,8536
Dave Philley;3;Al Zarilla;0,8526
Dave Philley;4;Paul Schaal;0,8497
Dave Philley;5;Josh Harrison;0,8473
Dave Winfield;1;Russ Wrightstone;0,8988
Dave Winfield;2;Sam Wise;0,868
Dave Winfield;3;Carson Bigbee;0,8654
Dave Winfield;4;Denny Doyle;0,8463
Dave Winfield;5;Ketel Marte;0,8124
Davey Johnson;1;Bill Killefer;0,9073
Davey Johnson;2;Royce Clayton;0,9011
Davey Johnson;3;Roy McMillan;0,883
Davey Johnson;4;Carlos Lee;0,8583
Davey Johnson;5;Roger Peckinpaugh;0,8525
Davey Lopes;1;Anthony Rendon;0,9398
Davey Lopes;2;Granny Hamner;0,8856
Davey Lopes;3;Sibby Sisti;0,843
Davey Lopes;4;Yasmani Grandal;0,8421
Davey Lopes;5;Chone Figgins;0,8406
David Bell;1;Marty Cordova;0,8677
David Bell;2;Ethan Allen;0,8371
David Bell;3;Howie Shanks;0,8019
David Bell;4;Corey Seager;0,795
David Bell;5;Joc Pederson;0,7785
David DeJesus;1;Hank Sauer;0,8873
David DeJesus;2;Colby Rasmus;0,8626
David DeJesus;3;Rick Ferrell;0,8485
David DeJesus;4;Bill Mazeroski;0,8194
David DeJesus;5;Rick Miller;0,8033
David Eckstein;1;Del Rice;0,8521
David Eckstein;2;Patsy Tebeau;0,8493
David Eckstein;3;Wilson Ramos;0,8446
David Eckstein;4;Bill Kuehne;0,8008
David Eckstein;5;Joe Vosmik;0,7958
David Freese;1;Matt Chapman;0,859
David Freese;2;Dal Maxvill;0,8438
David Freese;3;Ivan de Jesus;0,8344
David Freese;4;Jim King;0,828
David Freese;5;Larry Gardner;0,8251
David Justice;1;Charlie Ganzel;0,8728
David Justice;2;Phil Rizzuto;0,8108
David Justice;3;Corey Seager;0,8034
David Justice;4;Elston Howard;0,8005
David Justice;5;Wade Johnston;0,7741
David Murphy;1;Tim McCarver;0,8903
David Murphy;2;Omar Moreno;0,8357
David Murphy;3;Kurt Suzuki;0,8167
David Murphy;4;Richie Zisk;0,8122
David Murphy;5;Kelly Johnson;0,8092
David Ortiz;1;Johnny Bates;0,8857
David Ortiz;2;Hank Severeid;0,8662
David Ortiz;3;Bill White;0,8562
David Ortiz;4;Muddy Ruel;0,8493
David Ortiz;5;Joe Oliver;0,8403
David Peralta;1;Shanty Hogan;0,9442
David Peralta;2;Jack McCarthy;0,9134
David Peralta;3;Buck Herzog;0,8955
David Peralta;4;Michael Conforto;0,8793
David Peralta;5;Tom Tresh;0,8608
David Segui;1;Roberto Alomar;0,9456
David Segui;2;John Hummel;0,938
David Segui;3;Johnny Bates;0,9131
David Segui;4;Kolten Wong;0,877
David Segui;5;Ray Durham;0,8689
David Wright;1;Jimmy Archer;0,9262
David Wright;2;Heinie Peitz;0,9123
David Wright;3;Don Mueller;0,8406
David Wright;4;Arky Vaughan;0,8389
David Wright;5;Dustin Pedroia;0,8321
Davy Force;1;Barry McCormick;0,8889
Davy Force;2;Juan Rivera;0,8806
Davy Force;3;Buck Freeman;0,8777
Davy Force;4;Yunel Escobar;0,8503
Davy Force;5;Pinky Higgins;0,8446
Davy Jones;1;Cap Anson;0,8976
Davy Jones;2;Monte Irvin;0,8218
Davy Jones;3;Walt Dropo;0,8127
Davy Jones;4;Gary Sanchez;0,806
Davy Jones;5;Cecil Fielder;0,8038
Deacon McGuire;1;Don Buford;0,9206
Deacon McGuire;2;Mike Moustakas;0,8697
Deacon McGuire;3;Kiki Cuyler;0,8255
Deacon McGuire;4;Lee Tannehill;0,8216
Deacon McGuire;5;Robby Thompson;0,8063
Deacon White;1;Norm Siebern;0,8884
Deacon White;2;Troy O'Leary;0,8838
Deacon White;3;Bobby Thomson;0,8675
Deacon White;4;Wes Helms;0,8118
Deacon White;5;Cesar Geronimo;0,8079
Dean Palmer;1;Glenallen Hill;0,9052
Dean Palmer;2;Jack Boyle;0,903
Dean Palmer;3;Brooks Robinson;0,8846
Dean Palmer;4;Miguel Tejada;0,8643
Dean Palmer;5;Sid Farrar;0,8629
Dee Strange-Gordon;1;Mike Scioscia;0,9234
Dee Strange-Gordon;2;Eddie Kasko;0,9147
Dee Strange-Gordon;3;Chicken Wolf;0,8848
Dee Strange-Gordon;4;Tony Peña;0,8781
Dee Strange-Gordon;5;Minnie Miñoso;0,878
Deivi Cruz;1;Luis Alicea;0,8837
Deivi Cruz;2;Bob Skinner;0,8755
Deivi Cruz;3;Torii Hunter;0,8471
Deivi Cruz;4;Miguel Cabrera;0,8453
Deivi Cruz;5;Tris Speaker;0,8447
Del Crandall;1;Brian McRae;0,8979
Del Crandall;2;George Shoch;0,8772
Del Crandall;3;Bob Skinner;0,8503
Del Crandall;4;Rafael Devers;0,8435
Del Crandall;5;Carlos Beltran;0,807
Del Ennis;1;Art Whitney;0,925
Del Ennis;2;Jeffrey Leonard;0,9059
Del Ennis;3;Norm Siebern;0,8974
Del Ennis;4;Phil Nevin;0,8825
Del Ennis;5;Joe Orsulak;0,8539
Del Pratt;1;Danny Murphy;0,8858
Del Pratt;2;Sammy White;0,8287
Del Pratt;3;Howie Shanks;0,7826
Del Pratt;4;Andrew Benintendi;0,7796
Del Pratt;5;Augie Galan;0,7784
Del Rice;1;David Eckstein;0,8521
Del Rice;2;George Scott;0,8509
Del Rice;3;Travis d'Arnaud;0,8412
Del Rice;4;Frank Bowerman;0,8284
Del Rice;5;Don Kolloway;0,8062
Del Unser;1;Jimmy McAleer;0,9144
Del Unser;2;Joe Mulvey;0,893
Del Unser;3;Milt Thompson;0,8883
Del Unser;4;Walt Wilmot;0,8624
Del Unser;5;Newt Allen;0,8269
Delino DeShields;1;Pete Runnels;0,8538
Delino DeShields;2;Wally Backman;0,8475
Delino DeShields;3;Peanuts Lowrey;0,8331
Delino DeShields;4;Jed Lowrie;0,804
Delino DeShields;5;Bob Elliott;0,7868
Delmon Young;1;Willie McGee;0,8874
Delmon Young;2;John Mayberry;0,864
Delmon Young;3;Reed Johnson;0,8551
Delmon Young;4;Fred Clarke;0,8491
Delmon Young;5;Sam Chapman;0,8432
Denard Span;1;Ed Bailey;0,8739
Denard Span;2;Logan Morrison;0,8364
Denard Span;3;Yan Gomes;0,7864
Denard Span;4;Buddy Rosar;0,726
Denard Span;5;Marty Cordova;0,7192
Denis Menke;1;Gabby Hartnett;0,8871
Denis Menke;2;Sibby Sisti;0,8516
Denis Menke;3;Rafael Ramirez;0,8383
Denis Menke;4;Cool Papa Bell;0,8291
Denis Menke;5;AJ Pollock;0,827
Denny Doyle;1;Cy Seymour;0,9849
Denny Doyle;2;Chad Curtis;0,9286
Denny Doyle;3;Freddie Lindstrom;0,9265
Denny Doyle;4;Tim Foli;0,9105
Denny Doyle;5;Dick McAuliffe;0,9029
Denny Lyons;1;John Clapp;0,8738
Denny Lyons;2;Oscar Stanage;0,8693
Denny Lyons;3;Del Ennis;0,8482
Denny Lyons;4;Bobby Tolan;0,8276
Denny Lyons;5;Brian Jordan;0,8244
Derek Bell;1;J. J. Hardy;0,8786
Derek Bell;2;Burt Shotton;0,872
Derek Bell;3;Wil Cordero;0,8538
Derek Bell;4;Red Rolfe;0,8397
Derek Bell;5;Les Mann;0,838
Derek Jeter;1;Desi Relaford;0,9307
Derek Jeter;2;Cleon Jones;0,8649
Derek Jeter;3;Woody English;0,8608
Derek Jeter;4;Jose Guillen;0,8555
Derek Jeter;5;Eddie Kasko;0,8477
Deron Johnson;1;Nate McLouth;0,8631
Deron Johnson;2;Jeff Conine;0,8426
Deron Johnson;3;Darryl Hamilton;0,8284
Deron Johnson;4;Red Kress;0,8076
Deron Johnson;5;Branch Russell;0,7797
Derrek Lee;1;Joe Oliver;0,8596
Derrek Lee;2;Brady Anderson;0,8401
Derrek Lee;3;Gary Carter;0,8349
Derrek Lee;4;Elmer Valo;0,8261
Derrek Lee;5;Brian McRae;0,8252
Derrel Thomas;1;Cleon Jones;0,8645
Derrel Thomas;2;Dee Strange-Gordon;0,8562
Derrel Thomas;3;Lou Brock;0,8367
Derrel Thomas;4;Bob Skinner;0,8276
Derrel Thomas;5;Willie McGee;0,7939
Desi Relaford;1;Derek Jeter;0,9307
Desi Relaford;2;Ripper Collins;0,9215
Desi Relaford;3;Jose Guillen;0,9107
Desi Relaford;4;Jack Meyers;0,9068
Desi Relaford;5;Arky Vaughan;0,898
Devon White;1;Aaron Judge;0,9321
Devon White;2;Wilson Ramos;0,894
Devon White;3;Bob Nieman;0,8154
Devon White;4;Shawon Dunston;0,8108
Devon White;5;Tom Brookens;0,7986
Dewey Creacy;1;George Browne;0,9798
Dewey Creacy;2;Keith Moreland;0,8631
Dewey Creacy;3;Tony Batista;0,8438
Dewey Creacy;4;Joe Sommer;0,8315
Dewey Creacy;5;Jeromy Burnitz;0,8226
Dexter Fowler;1;Bob Skinner;0,8655
Dexter Fowler;2;Wayne Gross;0,8301
Dexter Fowler;3;Delmon Young;0,8301
Dexter Fowler;4;Bud Harrelson;0,8127
Dexter Fowler;5;Candy Maldonado;0,8098
Dick Allen;1;Isiah Kiner-Falefa;0,8754
Dick Allen;2;Rusty Greer;0,8747
Dick Allen;3;Jim Busby;0,8632
Dick Allen;4;Richard Hidalgo;0,8527
Dick Allen;5;Roy Howell;0,7972
Dick Bartell;1;Don Mincher;0,8416
Dick Bartell;2;Alex Cora;0,8264
Dick Bartell;3;Greg Brock;0,8222
Dick Bartell;4;Willard Marshall;0,8112
Dick Bartell;5;Juan Rivera;0,8013
Dick Green;1;Mark Trumbo;0,9074
Dick Green;2;Dave Henderson;0,8733
Dick Green;3;Shin-Soo Choo;0,7968
Dick Green;4;Corey Koskie;0,7809
Dick Green;5;Derek Bell;0,7771
Dick Groat;1;Whitey Witt;0,8743
Dick Groat;2;Jack Wilson;0,8616
Dick Groat;3;Yogi Berra;0,8397
Dick Groat;4;Gary Disarcina;0,811
Dick Groat;5;Corey Seager;0,7758
Dick Hoblitzell;1;Bobby Wine;0,9555
Dick Hoblitzell;2;Johnny Gooch;0,9157
Dick Hoblitzell;3;Joe Sugden;0,9005
Dick Hoblitzell;4;Freddy Parent;0,8878
Dick Hoblitzell;5;Taffy Wright;0,8807
Dick McAuliffe;1;Denny Doyle;0,9029
Dick McAuliffe;2;Carson Bigbee;0,8828
Dick McAuliffe;3;Russ Wrightstone;0,8741
Dick McAuliffe;4;Chuck Knoblauch;0,8666
Dick McAuliffe;5;Chad Curtis;0,8289
Dick Schofield;1;Jack Barry;0,9137
Dick Schofield;2;Colby Rasmus;0,8453
Dick Schofield;3;Michael Bourn;0,8421
Dick Schofield;4;AJ Pollock;0,8347
Dick Schofield;5;Jim Landis;0,8323
Dick Stuart;1;Willie Wilson;0,9682
Dick Stuart;2;Billy Sullivan;0,9531
Dick Stuart;3;Damian Miller;0,9323
Dick Stuart;4;Gus Zernial;0,9244
Dick Stuart;5;Justin Upton;0,8853
Dickie Thon;1;Jim King;0,8961
Dickie Thon;2;Cool Papa Bell;0,8742
Dickie Thon;3;Judy Johnson;0,8563
Dickie Thon;4;Rafael Ramirez;0,848
Dickie Thon;5;Coco Crisp;0,8362
Didi Gregorius;1;Brian McRae;0,8794
Didi Gregorius;2;Bill Hallman;0,8736
Didi Gregorius;3;Roy McMillan;0,8528
Didi Gregorius;4;Jack Tobin;0,8263
Didi Gregorius;5;Von Hayes;0,8147
Dixie Walker;1;Cameron Maybin;0,8434
Dixie Walker;2;Bret Boone;0,8086
Dixie Walker;3;John Flaherty;0,8009
Dixie Walker;4;Dal Maxvill;0,7736
Dixie Walker;5;Jim Tabor;0,7648
Dmitri Young;1;Glenn Beckert;0,8888
Dmitri Young;2;Tim Wallach;0,8692
Dmitri Young;3;Baby Doll Jacobson;0,8646
Dmitri Young;4;Raul Ibanez;0,8628
Dmitri Young;5;Ernie Whitt;0,8368
Doc Bushong;1;Matty Alou;0,9408
Doc Bushong;2;Damion Easley;0,9407
Doc Bushong;3;Marlon Byrd;0,9346
Doc Bushong;4;Pee Wee Reese;0,908
Doc Bushong;5;Jose Cruz;0,9018
Doc Cramer;1;Michael Bourn;0,8502
Doc Cramer;2;Charley Bassett;0,8499
Doc Cramer;3;George Kelly;0,8381
Doc Cramer;4;Chick Gandil;0,8339
Doc Cramer;5;Josh Harrison;0,8253
Doc Johnston;1;Pat Burrell;0,8944
Doc Johnston;2;Kent Hrbek;0,867
Doc Johnston;3;Rod Carew;0,8669
Doc Johnston;4;Jose Valentin;0,8424
Doc Johnston;5;Herman Long;0,8366
Doc Lavan;1;Wade Johnston;0,9046
Doc Lavan;2;Danny Litwhiler;0,8745
Doc Lavan;3;Neil Walker;0,8641
Doc Lavan;4;Roy Sievers;0,8176
Doc Lavan;5;Aaron Judge;0,8163
Dode Paskert;1;Bill Rariden;0,8893
Dode Paskert;2;Tommy Dowd;0,8794
Dode Paskert;3;Elbie Fletcher;0,8764
Dode Paskert;4;Lee Stevens;0,8648
Dode Paskert;5;Frank Taveras;0,8474
Dolph Camilli;1;Bob O'Farrell;0,9809
Dolph Camilli;2;Mickey Hatcher;0,8937
Dolph Camilli;3;Mike Mowrey;0,8836
Dolph Camilli;4;Bob Skinner;0,8823
Dolph Camilli;5;Matt Holliday;0,8756
Dom DiMaggio;1;Terry Puhl;0,8056
Dom DiMaggio;2;Bucky Dent;0,8006
Dom DiMaggio;3;Mark Loretta;0,7955
Dom DiMaggio;4;Richie Ashburn;0,7928
Dom DiMaggio;5;Miguel Rojas;0,7915
Don Baylor;1;Mitch Moreland;0,9663
Don Baylor;2;Wally Moon;0,8184
Don Baylor;3;Max Muncy;0,7807
Don Baylor;4;George Wood;0,7771
Don Baylor;5;Clyde McCullough;0,7612
Don Blasingame;1;Andre Thornton;0,922
Don Blasingame;2;Sammy White;0,8781
Don Blasingame;3;Jim Ray Hart;0,8503
Don Blasingame;4;Mark Koenig;0,8436
Don Blasingame;5;Brian Jordan;0,8324
Don Buford;1;Mike Moustakas;0,9509
Don Buford;2;Deacon McGuire;0,9206
Don Buford;3;Ray Chapman;0,8914
Don Buford;4;Jose Pagan;0,8754
Don Buford;5;Mookie Wilson;0,8517
Don Hoak;1;Pete Suder;0,8792
Don Hoak;2;Kolten Wong;0,8643
Don Hoak;3;Alex Gordon;0,848
Don Hoak;4;Eric Karros;0,8387
Don Hoak;5;Donovan Solano;0,8348
Don Kessinger;1;Daryl Boston;0,9423
Don Kessinger;2;Michael Brantley;0,8871
Don Kessinger;3;Ty Cobb;0,8561
Don Kessinger;4;Johnny Bates;0,849
Don Kessinger;5;Joe Judge;0,8341
Don Kolloway;1;Pete Suder;0,9442
Don Kolloway;2;John Kruk;0,9286
Don Kolloway;3;Johnny Rawlings;0,8629
Don Kolloway;4;Ron Santo;0,8302
Don Kolloway;5;Jay Buhner;0,8184
Don Mattingly;1;Pete O'Brien;0,9393
Don Mattingly;2;Jack Barry;0,9368
Don Mattingly;3;Jimmy Archer;0,9292
Don Mattingly;4;Jim Landis;0,9251
Don Mattingly;5;Dave Duncan;0,9008
Don Mincher;1;Preston Wilson;0,8666
Don Mincher;2;Yunel Escobar;0,8624
Don Mincher;3;Jon Jay;0,8622
Don Mincher;4;Dick Bartell;0,8416
Don Mincher;5;Steve Henderson;0,8408
Don Money;1;Al Zarilla;0,8466
Don Money;2;Paul Schaal;0,8426
Don Money;3;Craig Reynolds;0,8169
Don Money;4;Wayne Garrett;0,8103
Don Money;5;John Briggs;0,8047
Don Mueller;1;Zoilo Versalles;0,9446
Don Mueller;2;Dan Uggla;0,8988
Don Mueller;3;Richie Hebner;0,8869
Don Mueller;4;Trot Nixon;0,8795
Don Mueller;5;Chuck Hinton;0,8764
Don Slaught;1;Jerry Browne;0,8652
Don Slaught;2;Nemo Leibold;0,8619
Don Slaught;3;Bob Watson;0,8196
Don Slaught;4;Jurickson Profar;0,8162
Don Slaught;5;Bob Skinner;0,8081
Don Wert;1;Jim Ray Hart;0,9727
Don Wert;2;Carlos May;0,9312
Don Wert;3;Brian Jordan;0,8869
Don Wert;4;Sammy White;0,8823
Don Wert;5;Rudy York;0,8775
Don Zimmer;1;Hans Lobert;0,8521
Don Zimmer;2;Vic Davalillo;0,8245
Don Zimmer;3;Joe Rudi;0,8001
Don Zimmer;4;Neil Walker;0,7537
Don Zimmer;5;Tony Oliva;0,7419
Donie Bush;1;Earl Sheely;0,9231
Donie Bush;2;Maicer Izturis;0,8768
Donie Bush;3;Alvin Davis;0,8756
Donie Bush;4;Ted Sizemore;0,8424
Donie Bush;5;Jody Davis;0,8357
Donn Clendenon;1;Jim Gantner;0,8316
Donn Clendenon;2;Ray Knight;0,8307
Donn Clendenon;3;Jackie Brandt;0,8275
Donn Clendenon;4;Gene Woodling;0,8123
Donn Clendenon;5;Luke Scott;0,8026
Donovan Solano;1;Jean Segura;0,9743
Donovan Solano;2;Dave Concepcion;0,9646
Donovan Solano;3;Mariano Duncan;0,9499
Donovan Solano;4;Jim Sundberg;0,9493
Donovan Solano;5;Rube Oldring;0,9243
Dots Miller;1;Hal Trosky;0,9188
Dots Miller;2;Gene Freese;0,889
Dots Miller;3;Mike Mitchell;0,8856
Dots Miller;4;Cesar Geronimo;0,8813
Dots Miller;5;Billy Butler;0,8793
Doug DeCinces;1;John Reilly;0,8282
Doug DeCinces;2;Jerry Denny;0,8244
Doug DeCinces;3;Dickie Thon;0,8176
Doug DeCinces;4;Oscar Charleston;0,8172
Doug DeCinces;5;Wes Parker;0,8103
Doug Flynn;1;Todd Frazier;0,8988
Doug Flynn;2;Wil Myers;0,8732
Doug Flynn;3;Leo Cardenas;0,8336
Doug Flynn;4;George Moriarty;0,8208
Doug Flynn;5;Cesar Geronimo;0,8183
Doug Mientkiewicz;1;Mark Belanger;0,9328
Doug Mientkiewicz;2;Fred Merkle;0,8646
Doug Mientkiewicz;3;Will Clark;0,8524
Doug Mientkiewicz;4;Lyle Overbay;0,8326
Doug Mientkiewicz;5;Duke Farrell;0,8323
Doug Rader;1;Rick Miller;0,8452
Doug Rader;2;Michael Taylor;0,8269
Doug Rader;3;Robbie Grossman;0,8231
Doug Rader;4;Jorge Posada;0,7945
Doug Rader;5;Pepper Martin;0,7866
Ducky Holmes;1;Tommy Davis;0,909
Ducky Holmes;2;Shannon Stewart;0,8918
Ducky Holmes;3;Robbie Grossman;0,8878
Ducky Holmes;4;AJ Pollock;0,8812
Ducky Holmes;5;Michael Taylor;0,8766
Duff Cooley;1;Shanty Hogan;0,9502
Duff Cooley;2;Jarrod Dyson;0,9055
Duff Cooley;3;Whit Merrifield;0,8897
Duff Cooley;4;Tom Tresh;0,8777
Duff Cooley;5;Jack McCarthy;0,8769
Duffy Lewis;1;George Wright;0,9289
Duffy Lewis;2;George Case;0,8656
Duffy Lewis;3;Corey Koskie;0,8465
Duffy Lewis;4;Jarrod Dyson;0,8284
Duffy Lewis;5;David Peralta;0,8143
Duke Farrell;1;Doug Mientkiewicz;0,8323
Duke Farrell;2;Mike Matheny;0,8175
Duke Farrell;3;Walt Wilmot;0,8088
Duke Farrell;4;Rube Bressler;0,7982
Duke Farrell;5;Joe Mulvey;0,7875
Duke Snider;1;Johnny Bates;0,9341
Duke Snider;2;Bill White;0,8745
Duke Snider;3;Mike Moustakas;0,8586
Duke Snider;4;Ray Boone;0,8468
Duke Snider;5;Jay Buhner;0,8411
Dustin Pedroia;1;Chuck Hinton;0,9367
Dustin Pedroia;2;Earl Sheely;0,9067
Dustin Pedroia;3;Gus Triandos;0,887
Dustin Pedroia;4;Ron Hassey;0,866
Dustin Pedroia;5;Don Mueller;0,8582
Dusty Baker;1;Joe Sommer;0,873
Dusty Baker;2;Dwayne Murphy;0,8422
Dusty Baker;3;Wally Backman;0,7941
Dusty Baker;4;Charlie Irwin;0,7175
Dusty Baker;5;Tommy Pham;0,7139
Dwayne Murphy;1;Dusty Baker;0,8422
Dwayne Murphy;2;Michael Cuddyer;0,838
Dwayne Murphy;3;Joe Sommer;0,8332
Dwayne Murphy;4;Joe Kuhel;0,8225
Dwayne Murphy;5;Victor Martinez;0,7883
Dwight Evans;1;Sid Farrar;0,921
Dwight Evans;2;Joe Oliver;0,8512
Dwight Evans;3;Daryl Boston;0,8032
Dwight Evans;4;Walt Weiss;0,7591
Dwight Evans;5;Glenallen Hill;0,7585
Earl Averill;1;Jerry Browne;0,8717
Earl Averill;2;Tony Gonzalez;0,8357
Earl Averill;3;Aubrey Huff;0,7935
Earl Averill;4;Manny Machado;0,7749
Earl Averill;5;Howie Kendrick;0,7699
Earl Sheely;1;Fred Schulte;0,9704
Earl Sheely;2;Jeff Cirillo;0,9645
Earl Sheely;3;Gus Triandos;0,9369
Earl Sheely;4;Donie Bush;0,9231
Earl Sheely;5;Dan Ford;0,9169
Earl Torgeson;1;Joe Sommer;0,832
Earl Torgeson;2;Geoff Blum;0,8307
Earl Torgeson;3;Willie Kamm;0,8181
Earl Torgeson;4;Mel Hall;0,8059
Earl Torgeson;5;Tommy Pham;0,8042
Earle Combs;1;Adam LaRoche;0,8955
Earle Combs;2;Jim Bottomley;0,8448
Earle Combs;3;Bob Aspromonte;0,8253
Earle Combs;4;Mike Macfarlane;0,8032
Earle Combs;5;Albert Pujols;0,8002
Ed Bailey;1;Logan Morrison;0,8933
Ed Bailey;2;Denard Span;0,8739
Ed Bailey;3;Patsy Dougherty;0,8663
Ed Bailey;4;Rick Manning;0,8568
Ed Bailey;5;Jimmy Bloodworth;0,8506
Ed Brinkman;1;Butch Wynegar;0,7949
Ed Brinkman;2;Ron Oester;0,7815
Ed Brinkman;3;Milt Thompson;0,754
Ed Brinkman;4;Mike Dorgan;0,7284
Ed Brinkman;5;Ralph Young;0,7223
Ed Delahanty;1;Hank Severeid;0,9651
Ed Delahanty;2;Eddie Joost;0,9164
Ed Delahanty;3;Barry Bonds;0,8714
Ed Delahanty;4;Daryl Boston;0,8671
Ed Delahanty;5;Harry Heilmann;0,8595
Ed Herrmann;1;Danny Hoffman;0,9388
Ed Herrmann;2;Buster Posey;0,9274
Ed Herrmann;3;Ron Fairly;0,9122
Ed Herrmann;4;Norm Cash;0,8692
Ed Herrmann;5;Bill Virdon;0,8495
Ed Kirkpatrick;1;Manny Mota;0,9315
Ed Kirkpatrick;2;Michael Cuddyer;0,9021
Ed Kirkpatrick;3;Lou Gehrig;0,8913
Ed Kirkpatrick;4;Joe Girardi;0,8696
Ed Kirkpatrick;5;Andy High;0,8669
Ed Konetchy;1;Frank Taveras;0,9444
Ed Konetchy;2;Scott Spiezio;0,9238
Ed Konetchy;3;Kevin Youkilis;0,9182
Ed Konetchy;4;Lee Stevens;0,8652
Ed Konetchy;5;Carson Bigbee;0,8629
Ed Kranepool;1;George Whitted;0,9641
Ed Kranepool;2;George Gibson;0,8631
Ed Kranepool;3;Germany Schaefer;0,8517
Ed Kranepool;4;Tommy McCarthy;0,7752
Ed Kranepool;5;Eric McNair;0,7631
Ed McFarland;1;Jim Piersall;0,9196
Ed McFarland;2;Rick Cerone;0,8835
Ed McFarland;3;Nomar Garciaparra;0,8805
Ed McFarland;4;Dan Wilson;0,8729
Ed McFarland;5;Heinie Zimmerman;0,8504
Ed McKean;1;Vern Stephens;0,8539
Ed McKean;2;Juan Beniquez;0,7943
Ed McKean;3;George Metkovich;0,782
Ed McKean;4;Glenallen Hill;0,776
Ed McKean;5;Jim Delahanty;0,7719
Ed Taubensee;1;Milton Bradley;0,9518
Ed Taubensee;2;Ron Cey;0,9481
Ed Taubensee;3;Randy Velarde;0,9311
Ed Taubensee;4;Ross Youngs;0,9295
Ed Taubensee;5;Goose Goslin;0,9078
Ed Williamson;1;Skeeter Newsome;0,971
Ed Williamson;2;Roy Cullenbine;0,963
Ed Williamson;3;Lew Fonseca;0,9183
Ed Williamson;4;Al Zarilla;0,8913
Ed Williamson;5;Johnny Rawlings;0,8545
Edd Roush;1;Steve Garvey;0,87
Edd Roush;2;Ken Singleton;0,858
Edd Roush;3;Joey Cora;0,8565
Edd Roush;4;Glenallen Hill;0,8478
Edd Roush;5;Germany Schaefer;0,8349
Eddie Collins;1;Gene Tenace;0,9182
Eddie Collins;2;Brian Roberts;0,8888
Eddie Collins;3;Luis Alicea;0,864
Eddie Collins;4;J. T. Realmuto;0,8623
Eddie Collins;5;Stan Spence;0,8611
Eddie Foster;1;Steve Henderson;0,9009
Eddie Foster;2;Stephen Drew;0,8329
Eddie Foster;3;Taffy Wright;0,8312
Eddie Foster;4;Carlos May;0,8227
Eddie Foster;5;Johnny Gooch;0,8169
Eddie Joost;1;Rogers Hornsby;0,9253
Eddie Joost;2;Buck Martinez;0,9233
Eddie Joost;3;Hank Severeid;0,9224
Eddie Joost;4;Ed Delahanty;0,9164
Eddie Joost;5;Manny Ramirez;0,8956
Eddie Kasko;1;Gene Freese;0,9349
Eddie Kasko;2;Cleon Jones;0,9345
Eddie Kasko;3;Dee Strange-Gordon;0,9147
Eddie Kasko;4;Mike Scioscia;0,9071
Eddie Kasko;5;Rusty Greer;0,8746
Eddie Mathews;1;Pop Smith;0,8895
Eddie Mathews;2;Mickey Owen;0,8706
Eddie Mathews;3;Jim Russell;0,8434
Eddie Mathews;4;Cristian Guzman;0,8278
Eddie Mathews;5;Lee Lacy;0,8172
Eddie Miller;1;Ed Herrmann;0,8409
Eddie Miller;2;Gene Clines;0,8287
Eddie Miller;3;Rob Deer;0,8249
Eddie Miller;4;Russell Martin;0,7945
Eddie Miller;5;Danny Hoffman;0,7862
Eddie Murray;1;John Hummel;0,9771
Eddie Murray;2;Xander Bogaerts;0,9081
Eddie Murray;3;Hank Severeid;0,9061
Eddie Murray;4;Johnny Bates;0,9058
Eddie Murray;5;Joey Cora;0,9042
Eddie Rosario;1;Rich Gedman;0,8864
Eddie Rosario;2;Horace Ford;0,8658
Eddie Rosario;3;Dan Uggla;0,8654
Eddie Rosario;4;Don Mueller;0,8648
Eddie Rosario;5;Bill Bradley;0,8614
Eddie Stanky;1;Ossie Bluege;0,936
Eddie Stanky;2;Manny Machado;0,9031
Eddie Stanky;3;Matt Williams;0,901
Eddie Stanky;4;Bill Killefer;0,8944
Eddie Stanky;5;Ted Simmons;0,8759
Eddie Waitkus;1;Jim Ray Hart;0,9166
Eddie Waitkus;2;Johnny Edwards;0,8732
Eddie Waitkus;3;Brian Jordan;0,8678
Eddie Waitkus;4;Don Wert;0,8655
Eddie Waitkus;5;Juan Samuel;0,8591
Eddie Yost;1;George Gibson;0,8832
Eddie Yost;2;Elbie Fletcher;0,8592
Eddie Yost;3;Tommy McCarthy;0,8487
Eddie Yost;4;Joe Dugan;0,8413
Eddie Yost;5;Luis Alicea;0,8233
Edgar Martinez;1;Michael Brantley;0,9331
Edgar Martinez;2;Jose Bautista;0,8748
Edgar Martinez;3;Sid Farrar;0,8356
Edgar Martinez;4;Brian Dozier;0,825
Edgar Martinez;5;Duke Snider;0,8186
Edgar Renteria;1;Frank Hankinson;0,9305
Edgar Renteria;2;Danny Litwhiler;0,9207
Edgar Renteria;3;Larry Hisle;0,8945
Edgar Renteria;4;Jack Clements;0,8563
Edgar Renteria;5;Aaron Judge;0,8242
Edgardo Alfonzo;1;Willie Crawford;0,8982
Edgardo Alfonzo;2;Bill Terry;0,8979
Edgardo Alfonzo;3;Brian McRae;0,8906
Edgardo Alfonzo;4;Todd Hundley;0,8818
Edgardo Alfonzo;5;Mike Macfarlane;0,8777
Eduardo Escobar;1;Ferris Fain;0,9249
Eduardo Escobar;2;Joe Hornung;0,8496
Eduardo Escobar;3;Johnny Temple;0,8019
Eduardo Escobar;4;Andy Van Slyke;0,7922
Eduardo Escobar;5;Joe Mauer;0,7921
Edwin Encarnacion;1;John McGraw;0,8462
Edwin Encarnacion;2;Daniel Murphy;0,8421
Edwin Encarnacion;3;Germany Schaefer;0,8311
Edwin Encarnacion;4;George Metkovich;0,8266
Edwin Encarnacion;5;Billy Hamilton;0,8171
Elbie Fletcher;1;Kirby Puckett;0,9605
Elbie Fletcher;2;Lee Stevens;0,9441
Elbie Fletcher;3;Joe Kelley;0,9306
Elbie Fletcher;4;Cookie Lavagetto;0,9296
Elbie Fletcher;5;Brian Giles;0,9092
Elliott Maddox;1;Scott Fletcher;0,9416
Elliott Maddox;2;Melvin Mora;0,9351
Elliott Maddox;3;Jerry Lumpe;0,9288
Elliott Maddox;4;Ryan Zimmerman;0,9215
Elliott Maddox;5;Babe Herman;0,9022
Ellis Burks;1;Red Dooin;0,9334
Ellis Burks;2;Nate McLouth;0,7981
Ellis Burks;3;George Metkovich;0,7646
Ellis Burks;4;Darryl Hamilton;0,7598
Ellis Burks;5;Ken Caminiti;0,7503
Elmer Flick;1;Alex Johnson;0,9011
Elmer Flick;2;Jimmy Williams;0,8612
Elmer Flick;3;Heinie Zimmerman;0,8597
Elmer Flick;4;Jim Busby;0,8395
Elmer Flick;5;Mark Koenig;0,8242
Elmer Smith;1;Wally Gerber;0,9538
Elmer Smith;2;Lee May;0,9285
Elmer Smith;3;Pat Meares;0,9127
Elmer Smith;4;Mark Teixeira;0,9032
Elmer Smith;5;Frank Chance;0,8889
Elmer Valo;1;George Shoch;0,9281
Elmer Valo;2;Hal McRae;0,8832
Elmer Valo;3;Joey Cora;0,868
Elmer Valo;4;Otis Nixon;0,8673
Elmer Valo;5;Mike Stanley;0,8434
Elston Howard;1;Wade Johnston;0,8561
Elston Howard;2;Corey Seager;0,8261
Elston Howard;3;David Justice;0,8005
Elston Howard;4;Juan Encarnacion;0,7919
Elston Howard;5;Larry Hisle;0,7674
Elvis Andrus;1;Joe Pepitone;0,8959
Elvis Andrus;2;Jed Lowrie;0,8507
Elvis Andrus;3;Mike Griffin;0,8408
Elvis Andrus;4;Wayne Gross;0,7942
Elvis Andrus;5;Candy Maldonado;0,7673
Emmett Seery;1;Al Oliver;0,9045
Emmett Seery;2;Michael Barrett;0,8629
Emmett Seery;3;Garret Anderson;0,846
Emmett Seery;4;Jose Reyes;0,8432
Emmett Seery;5;Vince Coleman;0,8193
Enos Cabell;1;Jack Meyers;0,8912
Enos Cabell;2;Trevor Story;0,8861
Enos Cabell;3;Roger Metzger;0,8765
Enos Cabell;4;Josh Bell;0,8761
Enos Cabell;5;Jay Bruce;0,8688
Enos Slaughter;1;Leon Durham;0,8801
Enos Slaughter;2;Stan Spence;0,8543
Enos Slaughter;3;George Whitted;0,8244
Enos Slaughter;4;Branch Russell;0,8004
Enos Slaughter;5;Luis Alicea;0,7999
Enrique Hernandez;1;Clint Barmes;0,8652
Enrique Hernandez;2;Rusty Greer;0,8647
Enrique Hernandez;3;Larry Doby;0,8637
Enrique Hernandez;4;Martin Maldonado;0,8617
Enrique Hernandez;5;Eddie Kasko;0,8523
Eric Chavez;1;Red Rolfe;0,9173
Eric Chavez;2;Hack Wilson;0,8953
Eric Chavez;3;Frank Chance;0,8917
Eric Chavez;4;Elmer Smith;0,8837
Eric Chavez;5;Bob Fothergill;0,8481
Eric Davis;1;Tom Tresh;0,9755
Eric Davis;2;Shanty Hogan;0,9024
Eric Davis;3;Andrew Benintendi;0,8814
Eric Davis;4;Skip Schumaker;0,8758
Eric Davis;5;Jack McCarthy;0,8579
Eric Hosmer;1;Tim Raines;0,8165
Eric Hosmer;2;Al Bumbry;0,7994
Eric Hosmer;3;Oscar Melillo;0,7991
Eric Hosmer;4;Justin Morneau;0,7971
Eric Hosmer;5;Darrell Porter;0,7926
Eric Karros;1;Jack Clements;0,8968
Eric Karros;2;Lloyd Moseby;0,8606
Eric Karros;3;Mickey Morandini;0,8508
Eric Karros;4;Donovan Solano;0,8501
Eric Karros;5;Don Hoak;0,8387
Eric McNair;1;Glenallen Hill;0,8561
Eric McNair;2;Leon Durham;0,8522
Eric McNair;3;Jim Thome;0,8317
Eric McNair;4;Boog Powell;0,8266
Eric McNair;5;Adam Lind;0,8248
Eric Young;1;Roger Cedeno;0,9107
Eric Young;2;Vince DiMaggio;0,9073
Eric Young;3;Leon Durham;0,8996
Eric Young;4;Tito Francona;0,8939
Eric Young;5;Ted Williams;0,8929
Erick Aybar;1;Julio Cruz;0,9135
Erick Aybar;2;Jason Kipnis;0,8892
Erick Aybar;3;Fred Schulte;0,8825
Erick Aybar;4;Bones Ely;0,8709
Erick Aybar;5;Silver Flint;0,8615
Ernie Banks;1;Josh Donaldson;0,9439
Ernie Banks;2;John Corkhill;0,9266
Ernie Banks;3;Stan Spence;0,9018
Ernie Banks;4;Wally Gerber;0,8968
Ernie Banks;5;J. T. Realmuto;0,8774
Ernie Lombardi;1;Rube Oldring;0,9331
Ernie Lombardi;2;Donovan Solano;0,9101
Ernie Lombardi;3;Jean Segura;0,8864
Ernie Lombardi;4;Jim Sundberg;0,8837
Ernie Lombardi;5;Doc Bushong;0,8734
Ernie Whitt;1;Brandon Phillips;0,9647
Ernie Whitt;2;John Reilly;0,9522
Ernie Whitt;3;Spike Owen;0,9451
Ernie Whitt;4;Randy Velarde;0,9267
Ernie Whitt;5;Luis Castillo;0,8937
Ethan Allen;1;Corey Seager;0,8576
Ethan Allen;2;David Bell;0,8371
Ethan Allen;3;Zack Wheat;0,8194
Ethan Allen;4;Mike Devereaux;0,7836
Ethan Allen;5;Jack Boyle;0,748
Eugenio Suarez;1;Brian Dozier;0,9135
Eugenio Suarez;2;Darren Daulton;0,8982
Eugenio Suarez;3;Bob Allison;0,8848
Eugenio Suarez;4;Mark Lemke;0,8704
Eugenio Suarez;5;Heinie Wagner;0,8619
Evan Longoria;1;Bobby Avila;0,8845
Evan Longoria;2;Lee Handley;0,8829
Evan Longoria;3;Don Mueller;0,8607
Evan Longoria;4;Zoilo Versalles;0,8581
Evan Longoria;5;John Valentin;0,8577
Everett Scott;1;Barry Bonnell;0,9229
Everett Scott;2;Hi Myers;0,8461
Everett Scott;3;Walter Holke;0,8338
Everett Scott;4;Mickey Cochrane;0,8215
Everett Scott;5;Michael Barrett;0,8118
Ezra Sutton;1;Buck Freeman;0,9211
Ezra Sutton;2;Neifi Perez;0,9168
Ezra Sutton;3;Taffy Wright;0,9153
Ezra Sutton;4;Don Wert;0,8763
Ezra Sutton;5;Trevor Story;0,8722
Felipe Alou;1;Candy Maldonado;0,9243
Felipe Alou;2;Jack Clements;0,8527
Felipe Alou;3;Joe Orsulak;0,8481
Felipe Alou;4;Jim Delahanty;0,8336
Felipe Alou;5;Byron Buxton;0,814
Felipe Lopez;1;Judy Johnson;0,9149
Felipe Lopez;2;Larry Gardner;0,8953
Felipe Lopez;3;Mark Koenig;0,8559
Felipe Lopez;4;Ducky Holmes;0,8297
Felipe Lopez;5;Jimmy Collins;0,8239
Felix Millan;1;Art Devlin;0,8512
Felix Millan;2;Vince DiMaggio;0,8451
Felix Millan;3;Jerry Browne;0,8395
Felix Millan;4;Jim Busby;0,8311
Felix Millan;5;Ed Kirkpatrick;0,814
Fernando Vina;1;Keith Hernandez;0,9211
Fernando Vina;2;Ripper Collins;0,9034
Fernando Vina;3;Dave Collins;0,8954
Fernando Vina;4;Bill Joyce;0,8944
Fernando Vina;5;Kid Gleason;0,8931
Ferris Fain;1;Johnny Temple;0,9327
Ferris Fain;2;Eduardo Escobar;0,9249
Ferris Fain;3;Joe Hornung;0,9215
Ferris Fain;4;Chase Headley;0,8968
Ferris Fain;5;Fred Lynn;0,8831
Fielder Jones;1;Roy Thomas;0,927
Fielder Jones;2;Gus Mancuso;0,9259
Fielder Jones;3;Cecil Fielder;0,9074
Fielder Jones;4;Lou Criger;0,8754
Fielder Jones;5;Willie Montanez;0,8723
Francisco Lindor;1;Jack Meyers;0,8687
Francisco Lindor;2;Jackie Brandt;0,8665
Francisco Lindor;3;Trevor Story;0,854
Francisco Lindor;4;Jack Farrell;0,8428
Francisco Lindor;5;John Peters;0,8138
Frank Bolling;1;Billy Werber;0,9675
Frank Bolling;2;Wally Gerber;0,8925
Frank Bolling;3;Pedro Feliz;0,8666
Frank Bolling;4;Michael Conforto;0,8544
Frank Bolling;5;Rod Barajas;0,8411
Frank Bowerman;1;Travis d'Arnaud;0,903
Frank Bowerman;2;Patsy Tebeau;0,8641
Frank Bowerman;3;Hal Morris;0,8616
Frank Bowerman;4;Jerry Adair;0,8371
Frank Bowerman;5;Del Rice;0,8284
Frank Catalanotto;1;Tris Speaker;0,886
Frank Catalanotto;2;Jimmy Sheckard;0,871
Frank Catalanotto;3;Desi Relaford;0,8664
Frank Catalanotto;4;Cleon Jones;0,8598
Frank Catalanotto;5;Bob Fothergill;0,8304
Frank Chance;1;Lee May;0,9188
Frank Chance;2;Richie Sexson;0,9062
Frank Chance;3;Red Rolfe;0,903
Frank Chance;4;Eric Chavez;0,8917
Frank Chance;5;Elmer Smith;0,8889
Frank Hankinson;1;B. J. Surhoff;0,9361
Frank Hankinson;2;Edgar Renteria;0,9305
Frank Hankinson;3;Rafael Palmeiro;0,9192
Frank Hankinson;4;Garret Anderson;0,8434
Frank Hankinson;5;Alex Gonzalez;0,8367
Frank Howard;1;Sam Thompson;0,8215
Frank Howard;2;Willie McCovey;0,8206
Frank Howard;3;Nate McLouth;0,8111
Frank Howard;4;Rube Bressler;0,7761
Frank Howard;5;John Titus;0,7605
Frank Isbell;1;Matt Kemp;0,9025
Frank Isbell;2;Nap Lajoie;0,8565
Frank Isbell;3;Rico Petrocelli;0,8452
Frank Isbell;4;Guy Hecker;0,8089
Frank Isbell;5;Bruce Bochte;0,8048
Frank LaPorte;1;Giancarlo Stanton;0,9
Frank LaPorte;2;Guy Hecker;0,8755
Frank LaPorte;3;Roberto Kelly;0,8626
Frank LaPorte;4;Mike Macfarlane;0,8622
Frank LaPorte;5;Willie Crawford;0,8618
Frank Malzone;1;Red Smith;0,9579
Frank Malzone;2;Wally Moses;0,9256
Frank Malzone;3;Dal Maxvill;0,9135
Frank Malzone;4;Bob Horner;0,847
Frank Malzone;5;Jim Tabor;0,8457
Frank McCormick;1;Ron Fairly;0,8683
Frank McCormick;2;George Cutshaw;0,8434
Frank McCormick;3;Matt Chapman;0,8398
Frank McCormick;4;Cal Ripken;0,7881
Frank McCormick;5;Red Smith;0,7817
Frank O'Rourke;1;Jim Hegan;0,9391
Frank O'Rourke;2;Jacoby Ellsbury;0,9202
Frank O'Rourke;3;Chris Hoiles;0,9074
Frank O'Rourke;4;Ossie Vitt;0,9004
Frank O'Rourke;5;Terry Turner;0,8968
Frank Robinson;1;Josh Reddick;0,8584
Frank Robinson;2;Andre Dawson;0,8348
Frank Robinson;3;Ramon Hernandez;0,8278
Frank Robinson;4;Andrelton Simmons;0,7735
Frank Robinson;5;Greg Luzinski;0,7702
Frank Schulte;1;Buck Martinez;0,9893
Frank Schulte;2;Ralph Young;0,8804
Frank Schulte;3;Ted Kluszewski;0,8388
Frank Schulte;4;Wes Parker;0,8324
Frank Schulte;5;Bill Phillips;0,8218
Frank Snyder;1;Jerry Mumphrey;0,9118
Frank Snyder;2;Sibby Sisti;0,8896
Frank Snyder;3;Paul Schaal;0,882
Frank Snyder;4;Manny Ramirez;0,8815
Frank Snyder;5;Ralph Young;0,8765
Frank Taveras;1;Jesse Burkett;0,9649
Frank Taveras;2;Hughie Jennings;0,9594
Frank Taveras;3;Ed Konetchy;0,9444
Frank Taveras;4;Roy White;0,9247
Frank Taveras;5;Michael Young;0,9198
Frank Thomas;1;Alvin Davis;0,9214
Frank Thomas;2;Jerry Benjamin;0,8956
Frank Thomas;3;Mike Donlin;0,8868
Frank Thomas;4;Earl Sheely;0,8852
Frank Thomas;5;Freddy Leach;0,8471
Frank Warfield;1;Hank Greenberg;0,9285
Frank Warfield;2;Dansby Swanson;0,9205
Frank Warfield;3;J. T. Realmuto;0,9204
Frank Warfield;4;Jack Graney;0,8933
Frank Warfield;5;Brian Giles;0,8619
Frank White;1;Clint Thomas;0,9298
Frank White;2;Glenn Hubbard;0,8874
Frank White;3;Connie Ryan;0,856
Frank White;4;Daryl Boston;0,8521
Frank White;5;George Miller;0,8481
Frankie Crosetti;1;Chone Figgins;0,9077
Frankie Crosetti;2;Tim Anderson;0,8936
Frankie Crosetti;3;Fred Schulte;0,8809
Frankie Crosetti;4;Hoot Evers;0,8694
Frankie Crosetti;5;Jerry Lumpe;0,8546
Frankie Frisch;1;Stan Spence;0,9194
Frankie Frisch;2;Gene Tenace;0,9092
Frankie Frisch;3;George Whitted;0,8131
Frankie Frisch;4;Harold Reynolds;0,8074
Frankie Frisch;5;Bobby Bonilla;0,8051
Frankie Gustine;1;Lou Piniella;0,8599
Frankie Gustine;2;Casey Stengel;0,8455
Frankie Gustine;3;Justin Smoak;0,801
Frankie Gustine;4;Lou Finney;0,7998
Frankie Gustine;5;Riggs Stephenson;0,7979
Frankie Hayes;1;Carlos Baerga;0,9093
Frankie Hayes;2;Bob Fothergill;0,8964
Frankie Hayes;3;Magglio Ordonez;0,8488
Frankie Hayes;4;Joe Kelley;0,8436
Frankie Hayes;5;Paul Sorrento;0,8353
Fred Carroll;1;Garth Iorg;0,9563
Fred Carroll;2;John Buck;0,9333
Fred Carroll;3;Jerry Royster;0,9177
Fred Carroll;4;Vance Law;0,9062
Fred Carroll;5;Bill Dahlen;0,8722
Fred Clarke;1;Patrick Gillespie;0,856
Fred Clarke;2;Delmon Young;0,8491
Fred Clarke;3;Rabbit Warstler;0,8435
Fred Clarke;4;Alex Bregman;0,8403
Fred Clarke;5;Deivi Cruz;0,8188
Fred Dunlap;1;Michael Tucker;0,9151
Fred Dunlap;2;Joe Vosmik;0,8776
Fred Dunlap;3;Tim McCarver;0,8571
Fred Dunlap;4;Andy Seminick;0,85
Fred Dunlap;5;Wes Helms;0,8186
Fred Luderus;1;Hunter Pence;0,8174
Fred Luderus;2;Tom Brookens;0,804
Fred Luderus;3;Kendrys Morales;0,7857
Fred Luderus;4;Troy O'Leary;0,7841
Fred Luderus;5;Cesar Geronimo;0,7741
Fred Lynn;1;Ferris Fain;0,8831
Fred Lynn;2;Chase Headley;0,8572
Fred Lynn;3;Austin Kearns;0,8398
Fred Lynn;4;Matt Kemp;0,8006
Fred Lynn;5;Eduardo Escobar;0,7901
Fred McGriff;1;Robby Thompson;0,9594
Fred McGriff;2;Bill Killefer;0,9417
Fred McGriff;3;Wally Moon;0,9033
Fred McGriff;4;Jimmy McAleer;0,8721
Fred McGriff;5;Mitch Moreland;0,8702
Fred Merkle;1;Doug Mientkiewicz;0,8646
Fred Merkle;2;Charley Bassett;0,8397
Fred Merkle;3;Harold Reynolds;0,8305
Fred Merkle;4;Branch Russell;0,8276
Fred Merkle;5;Rollie Zeider;0,8246
Fred Pfeffer;1;Jack Manning;0,8674
Fred Pfeffer;2;Stan Javier;0,8336
Fred Pfeffer;3;Ernie Whitt;0,8256
Fred Pfeffer;4;Matt Lawton;0,8096
Fred Pfeffer;5;Randy Velarde;0,7823
Fred Schulte;1;Earl Sheely;0,9704
Fred Schulte;2;Jeff Cirillo;0,958
Fred Schulte;3;Matt Carpenter;0,9382
Fred Schulte;4;Virgil Davis;0,9249
Fred Schulte;5;Tim Anderson;0,9056
Fred Tenney;1;Juan Samuel;0,8804
Fred Tenney;2;Miguel Rojas;0,8584
Fred Tenney;3;Bucky Dent;0,8343
Fred Tenney;4;Alex Johnson;0,8236
Fred Tenney;5;Crush Holloway;0,8055
Freddie Freeman;1;Pat Kelly;0,8754
Freddie Freeman;2;Rod Carew;0,8734
Freddie Freeman;3;Bob Kennedy;0,8725
Freddie Freeman;4;Joey Cora;0,8623
Freddie Freeman;5;Wes Parker;0,8617
Freddie Lindstrom;1;Denny Doyle;0,9265
Freddie Lindstrom;2;John Buck;0,8929
Freddie Lindstrom;3;Adrian Gonzalez;0,8852
Freddie Lindstrom;4;Jerry Hairston;0,8737
Freddie Lindstrom;5;Carson Bigbee;0,8687
Freddie Patek;1;Scott Brosius;0,9117
Freddie Patek;2;Alex Bregman;0,8843
Freddie Patek;3;Rube Bressler;0,8812
Freddie Patek;4;Brook Jacoby;0,841
Freddie Patek;5;Mark Koenig;0,8019
Freddy Leach;1;George Bradley;0,9718
Freddy Leach;2;Hideki Matsui;0,9526
Freddy Leach;3;Gus Triandos;0,9351
Freddy Leach;4;Horace Ford;0,9324
Freddy Leach;5;Jeff Cirillo;0,9152
Freddy Parent;1;Bobby Wine;0,9237
Freddy Parent;2;Kevin Kiermaier;0,897
Freddy Parent;3;Dick Hoblitzell;0,8878
Freddy Parent;4;Kip Selbach;0,8526
Freddy Parent;5;Jim Ray Hart;0,8404
Gabby Hartnett;1;Denis Menke;0,8871
Gabby Hartnett;2;Sibby Sisti;0,8776
Gabby Hartnett;3;Buck Martinez;0,8372
Gabby Hartnett;4;Wes Parker;0,8307
Gabby Hartnett;5;Christian Yelich;0,8271
Garret Anderson;1;Emmett Seery;0,846
Garret Anderson;2;Frank Hankinson;0,8434
Garret Anderson;3;Jose Reyes;0,7838
Garret Anderson;4;Joe Pepitone;0,7495
Garret Anderson;5;Michael Barrett;0,7078
Garry Maddox;1;John Corkhill;0,899
Garry Maddox;2;Aaron Rowand;0,8952
Garry Maddox;3;Michael Conforto;0,8826
Garry Maddox;4;Orlando Hudson;0,8823
Garry Maddox;5;Billy Werber;0,8823
Garry Templeton;1;Shanty Hogan;0,937
Garry Templeton;2;Julio Cruz;0,8873
Garry Templeton;3;Chase Utley;0,8709
Garry Templeton;4;Mule Haas;0,8573
Garry Templeton;5;Dustin Pedroia;0,8563
Garth Iorg;1;Fred Carroll;0,9563
Garth Iorg;2;John Buck;0,9389
Garth Iorg;3;Carlos Santana;0,9101
Garth Iorg;4;Jerry Hairston;0,9021
Garth Iorg;5;Jerry Royster;0,9012
Gary Carter;1;Rafael Devers;0,9034
Gary Carter;2;Derrek Lee;0,8349
Gary Carter;3;Brian McRae;0,8311
Gary Carter;4;Damaso Garcia;0,7793
Gary Carter;5;Billy Rogell;0,7765
Gary Disarcina;1;Tommy Holmes;0,9154
Gary Disarcina;2;Max Kepler;0,9035
Gary Disarcina;3;Jorge Soler;0,8887
Gary Disarcina;4;Billy Johnson;0,8804
Gary Disarcina;5;Raul Mondesi;0,8749
Gary Gaetti;1;Charlie Ganzel;0,9475
Gary Gaetti;2;Anthony Rendon;0,9323
Gary Gaetti;3;Granny Hamner;0,866
Gary Gaetti;4;Patsy Tebeau;0,8327
Gary Gaetti;5;Josh Reddick;0,8321
Gary Matthews;1;George Pinkney;0,9098
Gary Matthews;2;Mike Lamb;0,8902
Gary Matthews;3;Yonder Alonso;0,8716
Gary Matthews;4;Freddy Leach;0,8596
Gary Matthews;5;Freddie Lindstrom;0,8555
Gary Pettis;1;Johnny Kling;0,9166
Gary Pettis;2;Kent Hrbek;0,8515
Gary Pettis;3;Birdie Tebbetts;0,8403
Gary Pettis;4;Danny Tartabull;0,8388
Gary Pettis;5;Lenny Dykstra;0,836
Gary Redus;1;Miguel Rojas;0,8685
Gary Redus;2;Barry Bonnell;0,8654
Gary Redus;3;Darren Lewis;0,8498
Gary Redus;4;Jonny Gomes;0,7992
Gary Redus;5;Cliff Johnson;0,7942
Gary Sanchez;1;Kevin Stocker;0,9148
Gary Sanchez;2;Cecil Fielder;0,899
Gary Sanchez;3;Buddy Rosar;0,8785
Gary Sanchez;4;James Loney;0,8568
Gary Sanchez;5;Otto Miller;0,8554
Gary Sheffield;1;Randy Velarde;0,9112
Gary Sheffield;2;Joey Cora;0,8656
Gary Sheffield;3;Ed Taubensee;0,8395
Gary Sheffield;4;Bill McClellan;0,8199
Gary Sheffield;5;Ernie Whitt;0,8184
Gary Ward;1;Chuck Hinton;0,9343
Gary Ward;2;Hideki Matsui;0,8951
Gary Ward;3;Joe DiMaggio;0,8784
Gary Ward;4;Jody Davis;0,8615
Gary Ward;5;Chase Utley;0,8599
Gavvy Cravath;1;Pat Meares;0,9642
Gavvy Cravath;2;Cookie Lavagetto;0,895
Gavvy Cravath;3;Mike Tiernan;0,8921
Gavvy Cravath;4;Bob Bescher;0,8887
Gavvy Cravath;5;Brandon Crawford;0,8731
Gee Walker;1;Gregg Jefferies;0,9062
Gee Walker;2;Carlos Peña;0,8628
Gee Walker;3;Rico Petrocelli;0,8594
Gee Walker;4;Terry Moore;0,8559
Gee Walker;5;Bobby Lowe;0,8526
Gene Alley;1;John Henry Russell;0,8801
Gene Alley;2;Alex Bregman;0,8775
Gene Alley;3;Vince DiMaggio;0,8691
Gene Alley;4;Heinie Zimmerman;0,868
Gene Alley;5;Eric Young;0,8672
Gene Clines;1;George Cutshaw;0,9191
Gene Clines;2;Max Carey;0,9016
Gene Clines;3;William Clarke;0,8321
Gene Clines;4;Birdie Tebbetts;0,8293
Gene Clines;5;Eddie Miller;0,8287
Gene Freese;1;Eddie Kasko;0,9349
Gene Freese;2;Al Dark;0,9111
Gene Freese;3;Vic Wertz;0,908
Gene Freese;4;Elliott Maddox;0,9001
Gene Freese;5;Dots Miller;0,889
Gene Moore;1;Skip Schumaker;0,9214
Gene Moore;2;Tom Tresh;0,8653
Gene Moore;3;Jim Gantner;0,8618
Gene Moore;4;Grady Hatton;0,846
Gene Moore;5;Austin Kearns;0,8386
Gene Tenace;1;Luis Alicea;0,9186
Gene Tenace;2;Eddie Collins;0,9182
Gene Tenace;3;Stan Spence;0,9129
Gene Tenace;4;Frankie Frisch;0,9092
Gene Tenace;5;Charlie Grimm;0,8841
Gene Woodling;1;Hoot Evers;0,9003
Gene Woodling;2;Lou Bierbauer;0,8317
Gene Woodling;3;Johnny Damon;0,8279
Gene Woodling;4;Donn Clendenon;0,8123
Gene Woodling;5;Greg Brock;0,8108
Geoff Blum;1;Mel Hall;0,911
Geoff Blum;2;Seth Smith;0,8635
Geoff Blum;3;Pablo Sandoval;0,8323
Geoff Blum;4;Earl Torgeson;0,8307
Geoff Blum;5;Tommy Pham;0,8272
Geoff Jenkins;1;Ken Henderson;0,9196
Geoff Jenkins;2;Mickey Owen;0,9011
Geoff Jenkins;3;Luis Castillo;0,893
Geoff Jenkins;4;Troy Glaus;0,859
Geoff Jenkins;5;Chris Hoiles;0,8376
George Bell;1;Nomar Garciaparra;0,9035
George Bell;2;Woodie Held;0,8983
George Bell;3;Travis Hafner;0,8912
George Bell;4;Willie Keeler;0,8849
George Bell;5;Sam Chapman;0,8737
George Bradley;1;Freddy Leach;0,9718
George Bradley;2;Hideki Matsui;0,961
George Bradley;3;Horace Ford;0,9203
George Bradley;4;Mike Lamb;0,8788
George Bradley;5;Paul Goldschmidt;0,8726
George Brett;1;Wes Parker;0,8954
George Brett;2;Jack Wilson;0,863
George Brett;3;John Hummel;0,8583
George Brett;4;Jeff King;0,8486
George Brett;5;Roy Hartzell;0,8475
George Browne;1;Dewey Creacy;0,9798
George Browne;2;Keith Moreland;0,9388
George Browne;3;Jeromy Burnitz;0,9111
George Browne;4;Germany Smith;0,8352
George Browne;5;Tony Batista;0,8342
George Burns;1;Wilson Ramos;0,9201
George Burns;2;Al Zarilla;0,8736
George Burns;3;Aaron Judge;0,844
George Burns;4;Jose Pagan;0,8366
George Burns;5;Ray Chapman;0,8225
George Case;1;Corey Koskie;0,8806
George Case;2;Lou Criger;0,868
George Case;3;Duffy Lewis;0,8656
George Case;4;Whitey Lockman;0,8484
George Case;5;Lonny Frey;0,8378
George Cutshaw;1;Gene Clines;0,9191
George Cutshaw;2;Rob Deer;0,902
George Cutshaw;3;Jack Warner;0,8448
George Cutshaw;4;Frank McCormick;0,8434
George Cutshaw;5;Ken Keltner;0,8217
George Davis;1;Jerry Priddy;0,9158
George Davis;2;Darren Daulton;0,9137
George Davis;3;Aaron Hicks;0,9067
George Davis;4;Ken Williams;0,8789
George Davis;5;Lloyd Moseby;0,8749
George Foster;1;Bill Rariden;0,8902
George Foster;2;Nolan Arenado;0,8882
George Foster;3;Hank Greenberg;0,8837
George Foster;4;Heinie Wagner;0,8831
George Foster;5;J. T. Realmuto;0,8717
George Gibson;1;Jack Glasscock;0,9458
George Gibson;2;Miguel Cabrera;0,9219
George Gibson;3;Tommy McCarthy;0,8927
George Gibson;4;Luis Alicea;0,8887
George Gibson;5;Eddie Yost;0,8832
George Gore;1;Daryl Boston;0,9389
George Gore;2;Curt Welch;0,8839
George Gore;3;Billy Werber;0,8742
George Gore;4;Ken Reitz;0,8488
George Gore;5;Nick Swisher;0,8292
George Grantham;1;Ossie Bluege;0,8909
George Grantham;2;Mike Trout;0,8828
George Grantham;3;Curt Welch;0,8623
George Grantham;4;Ricky Gutierrez;0,8458
George Grantham;5;Fred McGriff;0,836
George Hendrick;1;Johnny Bates;0,901
George Hendrick;2;Ray Boone;0,845
George Hendrick;3;Sid Farrar;0,808
George Hendrick;4;Muddy Ruel;0,7934
George Hendrick;5;Bob Nieman;0,7903
George Kell;1;Joey Cora;0,9237
George Kell;2;Randy Velarde;0,9088
George Kell;3;Roy Hartzell;0,8842
George Kell;4;John Hummel;0,8739
George Kell;5;Gil Hodges;0,8626
George Kelly;1;Vic Power;0,9314
George Kelly;2;Jim Landis;0,9273
George Kelly;3;Dave Duncan;0,9238
George Kelly;4;Mark Teixeira;0,9142
George Kelly;5;Michael Bourn;0,9103
George LaChance;1;Alexei Ramirez;0,9327
George LaChance;2;Leon Wagner;0,9134
George LaChance;3;Willie Keeler;0,9089
George LaChance;4;Joe Sommer;0,9009
George LaChance;5;Jody Reed;0,896
George McBride;1;George Shoch;0,9734
George McBride;2;Bill McClellan;0,9016
George McBride;3;Brian McRae;0,877
George McBride;4;Clyde Milan;0,8746
George McBride;5;Hughie Jennings;0,8563
George McQuinn;1;Mike Kreevich;0,9026
George McQuinn;2;Jody Reed;0,8745
George McQuinn;3;Tom Tresh;0,8625
George McQuinn;4;Sammy White;0,8388
George McQuinn;5;Jim Ray Hart;0,8264
George Metkovich;1;Steve O'Neill;0,9193
George Metkovich;2;Mark Loretta;0,8986
George Metkovich;3;Bernie Friberg;0,8979
George Metkovich;4;Wally Post;0,8726
George Metkovich;5;Juan Beniquez;0,8352
George Miller;1;Connie Ryan;0,8962
George Miller;2;Daryl Boston;0,8917
George Miller;3;Robin Ventura;0,8512
George Miller;4;Frank White;0,8481
George Miller;5;Charley Bassett;0,847
George Moriarty;1;Willie Kamm;0,9127
George Moriarty;2;Todd Frazier;0,8686
George Moriarty;3;Doug Flynn;0,8208
George Moriarty;4;Martin Maldonado;0,8155
George Moriarty;5;Tony Peña;0,8006
George Pinkney;1;Yonder Alonso;0,9353
George Pinkney;2;Gary Matthews;0,9098
George Pinkney;3;Freddy Leach;0,8755
George Pinkney;4;Alvin Davis;0,8632
George Pinkney;5;George Bradley;0,8565
George Scott;1;Del Rice;0,8509
George Scott;2;John Kruk;0,8181
George Scott;3;Lou Whitaker;0,8166
George Scott;4;Don Kolloway;0,8156
George Scott;5;Milt May;0,8098
George Shoch;1;George McBride;0,9734
George Shoch;2;Sammy Sosa;0,9435
George Shoch;3;Bill McClellan;0,9404
George Shoch;4;Charlie Jamieson;0,9381
George Shoch;5;Elmer Valo;0,9281
George Sisler;1;Cliff Floyd;0,8965
George Sisler;2;Jimmy Johnston;0,896
George Sisler;3;Jim Hickman;0,8923
George Sisler;4;John Hummel;0,8911
George Sisler;5;Nick Castellanos;0,8825
George Springer;1;Garth Iorg;0,8631
George Springer;2;Fred Carroll;0,86
George Springer;3;Vance Law;0,829
George Springer;4;Denny Doyle;0,8126
George Springer;5;Marwin Gonzalez;0,8119
George Stovall;1;Jeff Heath;0,8536
George Stovall;2;Tim Teufel;0,8498
George Stovall;3;Horace Clarke;0,8257
George Stovall;4;Johnny Hopp;0,8213
George Stovall;5;Max Muncy;0,769
George Van Haltren;1;Jim Eisenreich;0,8677
George Van Haltren;2;Buck Weaver;0,8459
George Van Haltren;3;Jurickson Profar;0,8136
George Van Haltren;4;Pie Traynor;0,8072
George Van Haltren;5;Darrin Fletcher;0,8058
George Whitted;1;Ed Kranepool;0,9641
George Whitted;2;Mike Schmidt;0,9084
George Whitted;3;Mike Bordick;0,9004
George Whitted;4;George Gibson;0,8767
George Whitted;5;Miguel Cabrera;0,8681
George Wood;1;Mitch Moreland;0,8786
George Wood;2;George Whitted;0,8642
George Wood;3;Jimmy McAleer;0,8604
George Wood;4;Roy Smalley;0,8435
George Wood;5;Bill Killefer;0,8061
George Wright;1;Pinky Higgins;0,9325
George Wright;2;Duffy Lewis;0,9289
George Wright;3;Martin Prado;0,8728
George Wright;4;Joe Gordon;0,8674
George Wright;5;Corey Patterson;0,8622
Gerardo Parra;1;Isiah Kiner-Falefa;0,8552
Gerardo Parra;2;Alex Cora;0,8131
Gerardo Parra;3;Felipe Lopez;0,812
Gerardo Parra;4;Robbie Grossman;0,8064
Gerardo Parra;5;Alex Rios;0,7953
Germany Schaefer;1;Wilbert Robinson;0,9141
Germany Schaefer;2;Omar Vizquel;0,8956
Germany Schaefer;3;Scott Rolen;0,889
Germany Schaefer;4;Ken Caminiti;0,8873
Germany Schaefer;5;Travis Jackson;0,878
Germany Smith;1;Gus Zernial;0,9168
Germany Smith;2;Maicer Izturis;0,9033
Germany Smith;3;Shanty Hogan;0,8389
Germany Smith;4;George Browne;0,8352
Germany Smith;5;Josh Hamilton;0,8285
Giancarlo Stanton;1;Frank LaPorte;0,9
Giancarlo Stanton;2;Mike Macfarlane;0,8729
Giancarlo Stanton;3;Ossie Bluege;0,8251
Giancarlo Stanton;4;Adam LaRoche;0,8083
Giancarlo Stanton;5;Cristian Guzman;0,7931
Gil Hodges;1;Randy Velarde;0,8938
Gil Hodges;2;John Hummel;0,8834
Gil Hodges;3;Sid Gordon;0,8784
Gil Hodges;4;Mo Vaughn;0,874
Gil Hodges;5;Joey Cora;0,8712
Gil McDougald;1;Todd Walker;0,9129
Gil McDougald;2;Patsy Donovan;0,8671
Gil McDougald;3;Al Dark;0,8521
Gil McDougald;4;Travis Lee;0,8425
Gil McDougald;5;Mickey Stanley;0,8228
Ginger Beaumont;1;Joe Sugden;0,9475
Ginger Beaumont;2;Roy Campanella;0,947
Ginger Beaumont;3;Stephen Drew;0,9111
Ginger Beaumont;4;Tony Kubek;0,9004
Ginger Beaumont;5;Taffy Wright;0,9002
Glenallen Hill;1;Yadier Molina;0,9377
Glenallen Hill;2;Paul Radford;0,9261
Glenallen Hill;3;Cecil Travis;0,9241
Glenallen Hill;4;Rance Mulliniks;0,9101
Glenallen Hill;5;Dean Palmer;0,9052
Glenn Beckert;1;Milton Bradley;0,9053
Glenn Beckert;2;Dmitri Young;0,8888
Glenn Beckert;3;Ed Taubensee;0,8861
Glenn Beckert;4;Hugh Duffy;0,867
Glenn Beckert;5;Ross Youngs;0,8583
Glenn Hubbard;1;Miguel Olivo;0,8893
Glenn Hubbard;2;Brian Dozier;0,8891
Glenn Hubbard;3;Frank White;0,8874
Glenn Hubbard;4;Clint Thomas;0,8692
Glenn Hubbard;5;Mark Grudzielanek;0,8585
Glenn Wilson;1;Peanuts Lowrey;0,8733
Glenn Wilson;2;Angel Pagan;0,862
Glenn Wilson;3;Chico Carrasquel;0,8338
Glenn Wilson;4;Grady Hatton;0,8163
Glenn Wilson;5;Austin Kearns;0,7906
Glenn Wright;1;Cameron Maybin;0,9107
Glenn Wright;2;Lave Cross;0,9082
Glenn Wright;3;Bernard Gilkey;0,8954
Glenn Wright;4;Bob Horner;0,8924
Glenn Wright;5;Curtis Granderson;0,8523
Goose Goslin;1;Oscar Gamble;0,9436
Goose Goslin;2;Ed Taubensee;0,9078
Goose Goslin;3;Bill Rariden;0,8982
Goose Goslin;4;Bill McClellan;0,8635
Goose Goslin;5;Randy Winn;0,854
Gordon Beckham;1;Luke Scott;0,96
Gordon Beckham;2;Hughie Critz;0,9101
Gordon Beckham;3;Austin Kearns;0,8536
Gordon Beckham;4;Cap Anson;0,8388
Gordon Beckham;5;Gary Sanchez;0,8385
Gorman Thomas;1;Lee Stevens;0,9327
Gorman Thomas;2;Ron Cey;0,9073
Gorman Thomas;3;Ed Taubensee;0,8921
Gorman Thomas;4;Mike Stanley;0,8913
Gorman Thomas;5;Dansby Swanson;0,8825
Grady Hatton;1;Gene Moore;0,846
Grady Hatton;2;Jack McCarthy;0,8247
Grady Hatton;3;Glenn Wilson;0,8163
Grady Hatton;4;Ray Knight;0,8146
Grady Hatton;5;Andrew Benintendi;0,7943
Graig Nettles;1;Jurickson Profar;0,8244
Graig Nettles;2;Walt Weiss;0,7649
Graig Nettles;3;Terry Turner;0,7587
Graig Nettles;4;Darryl Hamilton;0,7448
Graig Nettles;5;Nelson Cruz;0,7439
Granny Hamner;1;Larry Herndon;0,8943
Granny Hamner;2;Christian Yelich;0,8942
Granny Hamner;3;Davey Lopes;0,8856
Granny Hamner;4;Bob Boone;0,8684
Granny Hamner;5;Gary Gaetti;0,866
Greg Brock;1;Preston Wilson;0,8656
Greg Brock;2;Howie Shanks;0,8651
Greg Brock;3;Willie Randolph;0,8559
Greg Brock;4;Zack Wheat;0,8512
Greg Brock;5;Hoot Evers;0,8437
Greg Gagne;1;Cookie Lavagetto;0,9072
Greg Gagne;2;Pat Meares;0,8979
Greg Gagne;3;Phil Garner;0,8822
Greg Gagne;4;Willard Marshall;0,8741
Greg Gagne;5;Willie Upshaw;0,8713
Greg Luzinski;1;Jack Smith;0,8273
Greg Luzinski;2;Mark DeRosa;0,8104
Greg Luzinski;3;Carney Lansford;0,8043
Greg Luzinski;4;Carson Bigbee;0,7964
Greg Luzinski;5;Butch Wynegar;0,7925
Greg Vaughn;1;Steve Buechele;0,8574
Greg Vaughn;2;Bobby Grich;0,8168
Greg Vaughn;3;Sherry Magee;0,8116
Greg Vaughn;4;Placido Polanco;0,7998
Greg Vaughn;5;Oscar Gamble;0,7966
Gregg Jefferies;1;Gee Walker;0,9062
Gregg Jefferies;2;Clint Thomas;0,8903
Gregg Jefferies;3;Wade Boggs;0,8826
Gregg Jefferies;4;Jason Thompson;0,867
Gregg Jefferies;5;Carson Bigbee;0,8467
Gus Bell;1;Wade Boggs;0,8867
Gus Bell;2;Orlando Hudson;0,8696
Gus Bell;3;Bob Boone;0,8676
Gus Bell;4;Mark DeRosa;0,8334
Gus Bell;5;Buddy Lewis;0,8265
Gus Mancuso;1;Cecil Fielder;0,9305
Gus Mancuso;2;Fielder Jones;0,9259
Gus Mancuso;3;Monte Irvin;0,8751
Gus Mancuso;4;Roy Thomas;0,8239
Gus Mancuso;5;Dave Cash;0,8173
Gus Suhr;1;Jose Cruz;0,9046
Gus Suhr;2;Doc Bushong;0,8126
Gus Suhr;3;Pee Wee Reese;0,8107
Gus Suhr;4;Al Bumbry;0,8099
Gus Suhr;5;Tim Raines;0,7854
Gus Triandos;1;Earl Sheely;0,9369
Gus Triandos;2;Freddy Leach;0,9351
Gus Triandos;3;Jody Davis;0,9343
Gus Triandos;4;Dan Ford;0,9154
Gus Triandos;5;Hideki Matsui;0,8949
Gus Zernial;1;Dick Stuart;0,9244
Gus Zernial;2;Germany Smith;0,9168
Gus Zernial;3;Billy Sullivan;0,8978
Gus Zernial;4;Willie Wilson;0,8975
Gus Zernial;5;Justin Upton;0,883
Guy Hecker;1;John Shelby;0,8977
Guy Hecker;2;Darryl Strawberry;0,8957
Guy Hecker;3;Bruce Bochte;0,8952
Guy Hecker;4;Pedro Guerrero;0,8887
Guy Hecker;5;Matt Kemp;0,8868
Hack Wilson;1;Rich Dauer;0,9061
Hack Wilson;2;Eric Chavez;0,8953
Hack Wilson;3;Red Rolfe;0,8921
Hack Wilson;4;Cy Seymour;0,8768
Hack Wilson;5;Bob Allison;0,8708
Hal Chase;1;Craig Reynolds;0,877
Hal Chase;2;Al Zarilla;0,8755
Hal Chase;3;Roy Cullenbine;0,8669
Hal Chase;4;Paul Schaal;0,8138
Hal Chase;5;Wally Post;0,7737
Hal Lanier;1;Tommy Helms;0,9098
Hal Lanier;2;Patsy Dougherty;0,8743
Hal Lanier;3;Tony Oliva;0,8704
Hal Lanier;4;Bernie Allen;0,8361
Hal Lanier;5;Jimmy Bloodworth;0,8299
Hal McRae;1;Willie Crawford;0,8956
Hal McRae;2;Elmer Valo;0,8832
Hal McRae;3;Heinie Wagner;0,873
Hal McRae;4;Brian Dozier;0,8311
Hal McRae;5;Vince Coleman;0,8093
Hal Morris;1;Jerry Adair;0,9154
Hal Morris;2;Frank Bowerman;0,8616
Hal Morris;3;Roy Thomas;0,8449
Hal Morris;4;Kevin Stocker;0,838
Hal Morris;5;Cecil Fielder;0,8097
Hal Trosky;1;Dots Miller;0,9188
Hal Trosky;2;Patsy Donovan;0,8521
Hal Trosky;3;Mike Mitchell;0,8504
Hal Trosky;4;Al Dark;0,8457
Hal Trosky;5;Cesar Geronimo;0,815
Hank Aaron;1;Walker Cooper;0,877
Hank Aaron;2;Darren Daulton;0,8531
Hank Aaron;3;Gene Tenace;0,8392
Hank Aaron;4;David Segui;0,8369
Hank Aaron;5;Eddie Stanky;0,8276
Hank Bauer;1;Jack Barry;0,9311
Hank Bauer;2;Jim Landis;0,9276
Hank Bauer;3;Wally Gerber;0,9132
Hank Bauer;4;John Corkhill;0,8992
Hank Bauer;5;Richie Sexson;0,8954
Hank Greenberg;1;J. T. Realmuto;0,9803
Hank Greenberg;2;Nolan Arenado;0,953
Hank Greenberg;3;Frank Warfield;0,9285
Hank Greenberg;4;Cookie Lavagetto;0,9229
Hank Greenberg;5;Smoky Burgess;0,8918
Hank Sauer;1;Lance Berkman;0,9138
Hank Sauer;2;Rick Ferrell;0,9006
Hank Sauer;3;David DeJesus;0,8873
Hank Sauer;4;Dan Ford;0,8855
Hank Sauer;5;Colby Rasmus;0,8791
Hank Severeid;1;Ed Delahanty;0,9651
Hank Severeid;2;Eddie Joost;0,9224
Hank Severeid;3;Eddie Murray;0,9061
Hank Severeid;4;Rogers Hornsby;0,9052
Hank Severeid;5;Manny Ramirez;0,8989
Hanley Ramirez;1;Tommy Leach;0,765
Hanley Ramirez;2;Mike Kreevich;0,757
Hanley Ramirez;3;Sam Chapman;0,7443
Hanley Ramirez;4;Bill Doran;0,7403
Hanley Ramirez;5;Ed McFarland;0,7386
Hans Lobert;1;Ted Kluszewski;0,8711
Hans Lobert;2;Don Zimmer;0,8521
Hans Lobert;3;J. T. Snow;0,8006
Hans Lobert;4;Pat Burrell;0,794
Hans Lobert;5;Brent Mayne;0,7921
Hardy Richardson;1;Joe Oliver;0,9369
Hardy Richardson;2;Mike Heath;0,8774
Hardy Richardson;3;Muddy Ruel;0,8356
Hardy Richardson;4;Dave Bancroft;0,8325
Hardy Richardson;5;Aaron Judge;0,829
Harlond Clift;1;Joe Medwick;0,9563
Harlond Clift;2;Cookie Lavagetto;0,9178
Harlond Clift;3;Hoot Evers;0,888
Harlond Clift;4;Bob Bescher;0,8875
Harlond Clift;5;Bill Bradley;0,8829
Harmon Killebrew;1;Chris Hoiles;0,8996
Harmon Killebrew;2;Vince DiMaggio;0,848
Harmon Killebrew;3;Jimmie Foxx;0,8441
Harmon Killebrew;4;Frank O'Rourke;0,8416
Harmon Killebrew;5;Jack Burdock;0,8128
Harold Baines;1;Brian Dozier;0,8871
Harold Baines;2;Daryl Boston;0,8661
Harold Baines;3;Bill Bruton;0,8451
Harold Baines;4;Sid Farrar;0,831
Harold Baines;5;Cass Michaels;0,8202
Harold Reynolds;1;Joe Cronin;0,916
Harold Reynolds;2;Rod Barajas;0,9114
Harold Reynolds;3;Willie Upshaw;0,8956
Harold Reynolds;4;Branch Russell;0,8894
Harold Reynolds;5;Jose Vidro;0,8718
Harry Davis;1;Ichiro Suzuki;0,8836
Harry Davis;2;Kip Selbach;0,8834
Harry Davis;3;Jim Bottomley;0,8761
Harry Davis;4;AJ Pollock;0,8665
Harry Davis;5;Lance Berkman;0,8581
Harry Heilmann;1;Jimmy Johnston;0,9015
Harry Heilmann;2;Jeff King;0,8613
Harry Heilmann;3;Ed Delahanty;0,8595
Harry Heilmann;4;John Hummel;0,8435
Harry Heilmann;5;Hank Severeid;0,8434
Harry Hooper;1;Dan Meyer;0,8934
Harry Hooper;2;Alcides Escobar;0,8926
Harry Hooper;3;Jacoby Ellsbury;0,83
Harry Hooper;4;Frank O'Rourke;0,8275
Harry Hooper;5;Alex Cora;0,8109
Harry Steinfeldt;1;Butch Wynegar;0,8467
Harry Steinfeldt;2;Cameron Maybin;0,7654
Harry Steinfeldt;3;Chad Curtis;0,7629
Harry Steinfeldt;4;Pete Browning;0,7268
Harry Steinfeldt;5;Jayson Werth;0,724
Harry Stovey;1;Al Bridwell;0,945
Harry Stovey;2;Whitey Witt;0,9166
Harry Stovey;3;Mark Lemke;0,892
Harry Stovey;4;Heinie Wagner;0,8848
Harry Stovey;5;George Shoch;0,8651
Harvey Kuenn;1;Barry Bonnell;0,8865
Harvey Kuenn;2;Hugh Duffy;0,8692
Harvey Kuenn;3;Joe Mulvey;0,7897
Harvey Kuenn;4;Kolten Wong;0,7866
Harvey Kuenn;5;Vance Law;0,7829
Hector Lopez;1;Corey Koskie;0,9558
Hector Lopez;2;Lee Handley;0,879
Hector Lopez;3;Jarrod Dyson;0,8341
Hector Lopez;4;Bobby Avila;0,8311
Hector Lopez;5;Lloyd Waner;0,8302
Heinie Groh;1;Johnny Bates;0,8823
Heinie Groh;2;Charlie Ganzel;0,8735
Heinie Groh;3;Al Zarilla;0,8501
Heinie Groh;4;John Hummel;0,8351
Heinie Groh;5;Bill Phillips;0,8296
Heinie Manush;1;Thurman Munson;0,8675
Heinie Manush;2;Kolten Wong;0,8173
Heinie Manush;3;Jorge Polanco;0,8104
Heinie Manush;4;Howard Johnson;0,7915
Heinie Manush;5;John Milligan;0,7517
Heinie Peitz;1;Jimmy Archer;0,9305
Heinie Peitz;2;David Wright;0,9123
Heinie Peitz;3;Paul Goldschmidt;0,9079
Heinie Peitz;4;Billy Johnson;0,8826
Heinie Peitz;5;Rollie Zeider;0,8815
Heinie Wagner;1;Mike Sweeney;0,9532
Heinie Wagner;2;Chick Hafey;0,9344
Heinie Wagner;3;Roy White;0,9333
Heinie Wagner;4;Michael Young;0,9236
Heinie Wagner;5;Sid Gordon;0,9217
Heinie Zimmerman;1;Newt Joseph;0,9395
Heinie Zimmerman;2;Darrell Evans;0,8886
Heinie Zimmerman;3;Terry Kennedy;0,8748
Heinie Zimmerman;4;Jo-Jo White;0,8737
Heinie Zimmerman;5;Tommy Davis;0,8713
Henry Larkin;1;Walt Wilmot;0,9607
Henry Larkin;2;Joe Mulvey;0,8686
Henry Larkin;3;Milt Thompson;0,8176
Henry Larkin;4;Del Unser;0,8162
Henry Larkin;5;Lew Fonseca;0,7988
Herman Long;1;Albert Pujols;0,8886
Herman Long;2;Von Hayes;0,8393
Herman Long;3;Ted Kluszewski;0,837
Herman Long;4;Doc Johnston;0,8366
Herman Long;5;Mike Piazza;0,823
Hi Myers;1;Barry Bonnell;0,8501
Hi Myers;2;Everett Scott;0,8461
Hi Myers;3;Buck Martinez;0,829
Hi Myers;4;Pepper Martin;0,8084
Hi Myers;5;Bill Spiers;0,8066
Hick Carpenter;1;Whitey Witt;0,9077
Hick Carpenter;2;Smoky Burgess;0,8732
Hick Carpenter;3;Mark Lemke;0,8382
Hick Carpenter;4;Dansby Swanson;0,8294
Hick Carpenter;5;Owen Wilson;0,8287
Hideki Matsui;1;George Bradley;0,961
Hideki Matsui;2;Freddy Leach;0,9526
Hideki Matsui;3;Horace Ford;0,9342
Hideki Matsui;4;Cody Ross;0,9241
Hideki Matsui;5;Gary Ward;0,8951
Hobe Ferris;1;Bob Meusel;0,9536
Hobe Ferris;2;Billy Hatcher;0,8667
Hobe Ferris;3;Billy Cox;0,8494
Hobe Ferris;4;John Flaherty;0,84
Hobe Ferris;5;Tim Salmon;0,8384
Home Run Baker;1;Rich Gedman;0,9154
Home Run Baker;2;Jack Meyers;0,8809
Home Run Baker;3;Bob Bescher;0,8789
Home Run Baker;4;Ron LeFlore;0,8775
Home Run Baker;5;Gene Freese;0,8697
Honus Wagner;1;Byron Buxton;0,9005
Honus Wagner;2;Candy Maldonado;0,8958
Honus Wagner;3;Tony Armas;0,8911
Honus Wagner;4;Otis Nixon;0,8729
Honus Wagner;5;Jose Ramirez;0,8471
Hoot Evers;1;Willie Randolph;0,9575
Hoot Evers;2;Ty Wigginton;0,9358
Hoot Evers;3;Gene Woodling;0,9003
Hoot Evers;4;Billy Williams;0,8995
Hoot Evers;5;Harlond Clift;0,888
Horace Clarke;1;Jeff Heath;0,9478
Horace Clarke;2;Tom Burns;0,892
Horace Clarke;3;Willson Contreras;0,8916
Horace Clarke;4;Johnny Hopp;0,8827
Horace Clarke;5;Wally Berger;0,8523
Horace Ford;1;Jonathan Schoop;0,9448
Horace Ford;2;Hideki Matsui;0,9342
Horace Ford;3;Freddy Leach;0,9324
Horace Ford;4;George Bradley;0,9203
Horace Ford;5;Gus Triandos;0,8866
Howard Johnson;1;Marwin Gonzalez;0,9187
Howard Johnson;2;Bill Terry;0,891
Howard Johnson;3;Chad Curtis;0,8772
Howard Johnson;4;Lenny Randle;0,8733
Howard Johnson;5;Todd Hundley;0,8619
Howie Kendrick;1;Dave May;0,8636
Howie Kendrick;2;Wil Cordero;0,8437
Howie Kendrick;3;Ken Henderson;0,8368
Howie Kendrick;4;Keith Moreland;0,8262
Howie Kendrick;5;Jimmy McAleer;0,814
Howie Shanks;1;Greg Brock;0,8651
Howie Shanks;2;Sam Thompson;0,8356
Howie Shanks;3;Mike Devereaux;0,8228
Howie Shanks;4;Steve Henderson;0,8213
Howie Shanks;5;Danny Murphy;0,8067
Hubie Brooks;1;Bob Ferguson;0,8918
Hubie Brooks;2;John Milligan;0,8784
Hubie Brooks;3;Mark DeRosa;0,8546
Hubie Brooks;4;Butch Wynegar;0,8233
Hubie Brooks;5;Chad Curtis;0,8185
Hugh Duffy;1;Harvey Kuenn;0,8692
Hugh Duffy;2;Glenn Beckert;0,867
Hugh Duffy;3;Wes Parker;0,8443
Hugh Duffy;4;Ricky Gutierrez;0,8406
Hugh Duffy;5;C. J. Cron;0,8091
Hughie Critz;1;Gordon Beckham;0,9101
Hughie Critz;2;Hunter Pence;0,8957
Hughie Critz;3;Luke Scott;0,8896
Hughie Critz;4;Ray Knight;0,844
Hughie Critz;5;Brian Jordan;0,8241
Hughie Jennings;1;Frank Taveras;0,9594
Hughie Jennings;2;Chick Hafey;0,9249
Hughie Jennings;3;Lee Stevens;0,9044
Hughie Jennings;4;Bill McClellan;0,8997
Hughie Jennings;5;Clyde Milan;0,8858
Hunter Pence;1;Hughie Critz;0,8957
Hunter Pence;2;Chris Gomez;0,8944
Hunter Pence;3;Preston Wilson;0,8769
Hunter Pence;4;Steve Henderson;0,8342
Hunter Pence;5;Fred Luderus;0,8174
Hurley McNair;1;Jo-Jo White;0,9655
Hurley McNair;2;Ian Kinsler;0,9279
Hurley McNair;3;Chuck Klein;0,918
Hurley McNair;4;John Valentin;0,9078
Hurley McNair;5;Bill Bradley;0,9007
Ian Desmond;1;Roger Cedeno;0,8999
Ian Desmond;2;Mickey Hatcher;0,8878
Ian Desmond;3;Jimmy Austin;0,8723
Ian Desmond;4;John Henry Russell;0,87
Ian Desmond;5;Candy Nelson;0,8644
Ian Kinsler;1;Steve Kemp;0,9346
Ian Kinsler;2;Hurley McNair;0,9279
Ian Kinsler;3;Roy Howell;0,9134
Ian Kinsler;4;Richard Hidalgo;0,898
Ian Kinsler;5;Johnny Callison;0,8743
Ichiro Suzuki;1;Harry Davis;0,8836
Ichiro Suzuki;2;Kip Selbach;0,8769
Ichiro Suzuki;3;Tim Teufel;0,8554
Ichiro Suzuki;4;Russ Snyder;0,8481
Ichiro Suzuki;5;Kevin Kiermaier;0,8376
Ira Flagstead;1;Wil Myers;0,8995
Ira Flagstead;2;John Clapp;0,8636
Ira Flagstead;3;Al Bumbry;0,8218
Ira Flagstead;4;Doug Flynn;0,8127
Ira Flagstead;5;Denny Lyons;0,8073
Irish Meusel;1;Todd Hundley;0,9058
Irish Meusel;2;Tris Speaker;0,8692
Irish Meusel;3;Lloyd Moseby;0,8637
Irish Meusel;4;Brian McRae;0,8574
Irish Meusel;5;Roy Smalley;0,8552
Isiah Kiner-Falefa;1;Dick Allen;0,8754
Isiah Kiner-Falefa;2;Gerardo Parra;0,8552
Isiah Kiner-Falefa;3;Claude Ritchey;0,8418
Isiah Kiner-Falefa;4;Eddie Foster;0,8151
Isiah Kiner-Falefa;5;Jose Hernandez;0,8054
Ival Goodman;1;Jeff Blauser;0,9633
Ival Goodman;2;Johnny Logan;0,9107
Ival Goodman;3;Johnny Mize;0,9023
Ival Goodman;4;Lou Bierbauer;0,8575
Ival Goodman;5;Jesse Barfield;0,8569
Ivan Rodriguez;1;Joey Cora;0,8976
Ivan Rodriguez;2;Kolten Wong;0,884
Ivan Rodriguez;3;John Hummel;0,8657
Ivan Rodriguez;4;Mariano Duncan;0,835
Ivan Rodriguez;5;John McGraw;0,8176
Ivan de Jesus;1;Ossee Schrecongost;0,9938
Ivan de Jesus;2;Jody Reed;0,919
Ivan de Jesus;3;Cody Bellinger;0,8843
Ivan de Jesus;4;Damian Miller;0,8717
Ivan de Jesus;5;David Freese;0,8344
Ivey Wingo;1;Charlie Hemphill;0,9094
Ivey Wingo;2;John Bateman;0,7648
Ivey Wingo;3;Vic Davalillo;0,7641
Ivey Wingo;4;Ruppert Jones;0,7458
Ivey Wingo;5;Nick Hundley;0,7442
Ivy Olson;1;Todd Walker;0,8404
Ivy Olson;2;Walt Dropo;0,8073
Ivy Olson;3;Tommy Pham;0,7661
Ivy Olson;4;Luis Salazar;0,6963
Ivy Olson;5;Hi Myers;0,6863
J. D. Drew;1;Charley Jones;0,8768
J. D. Drew;2;Jack Manning;0,8576
J. D. Drew;3;Ryan Doumit;0,8228
J. D. Drew;4;Roger Bresnahan;0,7996
J. D. Drew;5;Russ Wrightstone;0,7934
J. D. Martinez;1;Jeff King;0,883
J. D. Martinez;2;Lance Johnson;0,8671
J. D. Martinez;3;Kolten Wong;0,8558
J. D. Martinez;4;Johnny Bates;0,852
J. D. Martinez;5;John Hummel;0,8453
J. J. Hardy;1;Derek Bell;0,8786
J. J. Hardy;2;Bob Meusel;0,8556
J. J. Hardy;3;Nick Swisher;0,8493
J. J. Hardy;4;Mike Napoli;0,7956
J. J. Hardy;5;Pedro Guerrero;0,7906
J. T. Realmuto;1;Hank Greenberg;0,9803
J. T. Realmuto;2;Frank Warfield;0,9204
J. T. Realmuto;3;Nolan Arenado;0,9052
J. T. Realmuto;4;Javier Baez;0,8865
J. T. Realmuto;5;Cookie Lavagetto;0,8838
J. T. Snow;1;George McBride;0,8543
J. T. Snow;2;Rafael Devers;0,8479
J. T. Snow;3;Joe Oliver;0,8379
J. T. Snow;4;George Shoch;0,8378
J. T. Snow;5;Sid Farrar;0,8361
Jack Barry;1;Don Mattingly;0,9368
Jack Barry;2;Hank Bauer;0,9311
Jack Barry;3;Pat Meares;0,9179
Jack Barry;4;Dick Schofield;0,9137
Jack Barry;5;Jim Landis;0,9069
Jack Boyle;1;Dean Palmer;0,903
Jack Boyle;2;Glenallen Hill;0,9012
Jack Boyle;3;Brooks Robinson;0,8984
Jack Boyle;4;Charley O'Leary;0,8657
Jack Boyle;5;Tommy McCarthy;0,8607
Jack Burdock;1;Jim Russell;0,8249
Jack Burdock;2;Harmon Killebrew;0,8128
Jack Burdock;3;Tony Batista;0,7911
Jack Burdock;4;Felix Millan;0,7657
Jack Burdock;5;Yuniesky Betancourt;0,7636
Jack Clark;1;George Whitted;0,8424
Jack Clark;2;Bill Killefer;0,7971
Jack Clark;3;Ken Berry;0,7792
Jack Clark;4;Davey Johnson;0,7653
Jack Clark;5;Gene Tenace;0,762
Jack Clements;1;Eric Karros;0,8968
Jack Clements;2;Edgar Renteria;0,8563
Jack Clements;3;Felipe Alou;0,8527
Jack Clements;4;Mike Heath;0,8483
Jack Clements;5;Larry Hisle;0,843
Jack Doyle;1;Sid Farrar;0,9768
Jack Doyle;2;Roger Maris;0,9003
Jack Doyle;3;Carlos Delgado;0,8953
Jack Doyle;4;Jackie Jensen;0,8776
Jack Doyle;5;DJ LeMahieu;0,8756
Jack Farrell;1;Bruce Benedict;0,9103
Jack Farrell;2;Wes Helms;0,8966
Jack Farrell;3;Bobby Avila;0,871
Jack Farrell;4;Chase Headley;0,8506
Jack Farrell;5;Tim McCarver;0,8502
Jack Fournier;1;Jose Pagan;0,8718
Jack Fournier;2;Johnny Rawlings;0,8555
Jack Fournier;3;Bob Nieman;0,8236
Jack Fournier;4;Paul Schaal;0,822
Jack Fournier;5;John Briggs;0,7921
Jack Glasscock;1;George Gibson;0,9458
Jack Glasscock;2;Tommy McCarthy;0,8726
Jack Glasscock;3;Steve Finley;0,8434
Jack Glasscock;4;Otis Nixon;0,8416
Jack Glasscock;5;Germany Schaefer;0,8381
Jack Graney;1;Omar Infante;0,9403
Jack Graney;2;Charley Bassett;0,911
Jack Graney;3;Jim Northrup;0,909
Jack Graney;4;Robin Ventura;0,9037
Jack Graney;5;Brett Butler;0,8992
Jack Manning;1;Charley Jones;0,9544
Jack Manning;2;Dave Foutz;0,879
Jack Manning;3;Fred Pfeffer;0,8674
Jack Manning;4;Roy Howell;0,8612
Jack Manning;5;J. D. Drew;0,8576
Jack McCarthy;1;Mule Haas;0,961
Jack McCarthy;2;Tom Tresh;0,9427
Jack McCarthy;3;Shanty Hogan;0,9215
Jack McCarthy;4;David Peralta;0,9134
Jack McCarthy;5;Duff Cooley;0,8769
Jack Meyers;1;Desi Relaford;0,9068
Jack Meyers;2;Enos Cabell;0,8912
Jack Meyers;3;Home Run Baker;0,8809
Jack Meyers;4;Trevor Story;0,8726
Jack Meyers;5;Francisco Lindor;0,8687
Jack O'Connor;1;Ryan Klesko;0,879
Jack O'Connor;2;Bill Tuttle;0,8219
Jack O'Connor;3;Deacon McGuire;0,7914
Jack O'Connor;4;Craig Reynolds;0,7865
Jack O'Connor;5;Patsy Tebeau;0,7848
Jack Rowe;1;Stan Hack;0,8674
Jack Rowe;2;Ray Boone;0,8673
Jack Rowe;3;Daryl Boston;0,84
Jack Rowe;4;Wayne Garrett;0,8292
Jack Rowe;5;Mickey Rivers;0,8118
Jack Smith;1;Silver Flint;0,8772
Jack Smith;2;Clint Thomas;0,8712
Jack Smith;3;Carney Lansford;0,8449
Jack Smith;4;George Davis;0,8445
Jack Smith;5;Darren Daulton;0,8342
Jack Tobin;1;Johnny Bates;0,9642
Jack Tobin;2;John Hummel;0,8828
Jack Tobin;3;Jay Buhner;0,858
Jack Tobin;4;Kolten Wong;0,8576
Jack Tobin;5;Newt Allen;0,8453
Jack Warner;1;Kip Selbach;0,8826
Jack Warner;2;Red Smith;0,8776
Jack Warner;3;George Cutshaw;0,8448
Jack Warner;4;Tommy McCraw;0,836
Jack Warner;5;Jerry Adair;0,8356
Jack Wilson;1;Smoky Burgess;0,9182
Jack Wilson;2;Brian Roberts;0,8985
Jack Wilson;3;Yogi Berra;0,8981
Jack Wilson;4;Mark McLemore;0,8658
Jack Wilson;5;George Brett;0,863
Jackie Bradley;1;Burt Shotton;0,9004
Jackie Bradley;2;Kevin Millar;0,8928
Jackie Bradley;3;Dan Wilson;0,8921
Jackie Bradley;4;Clay Dalrymple;0,8802
Jackie Bradley;5;Jim Gilliam;0,866
Jackie Brandt;1;Tommy Henrich;0,9386
Jackie Brandt;2;Francisco Lindor;0,8665
Jackie Brandt;3;Dave Martinez;0,8456
Jackie Brandt;4;Jim Gantner;0,8384
Jackie Brandt;5;Ezra Sutton;0,8332
Jackie Hayes;1;Dave Philley;0,8536
Jackie Hayes;2;Placido Polanco;0,8364
Jackie Hayes;3;Paul Schaal;0,8197
Jackie Hayes;4;Roy Cullenbine;0,8124
Jackie Hayes;5;Lew Fonseca;0,801
Jackie Jensen;1;Rance Mulliniks;0,9098
Jackie Jensen;2;Joey Cora;0,9087
Jackie Jensen;3;Jim Wynn;0,9033
Jackie Jensen;4;Sid Farrar;0,895
Jackie Jensen;5;Jack Doyle;0,8776
Jackie Robinson;1;Rance Mulliniks;0,93
Jackie Robinson;2;Anthony Rizzo;0,8989
Jackie Robinson;3;Lee Stevens;0,8892
Jackie Robinson;4;George Shoch;0,8649
Jackie Robinson;5;Candy Nelson;0,8598
Jacoby Ellsbury;1;Frank O'Rourke;0,9202
Jacoby Ellsbury;2;Jim Hegan;0,8849
Jacoby Ellsbury;3;A. J. Pierzynski;0,8705
Jacoby Ellsbury;4;Rougned Odor;0,8499
Jacoby Ellsbury;5;Harry Hooper;0,83
Jacque Jones;1;Luis Polonia;0,9108
Jacque Jones;2;Crush Holloway;0,8726
Jacque Jones;3;Arthur Irwin;0,8601
Jacque Jones;4;Alex Gordon;0,8094
Jacque Jones;5;Reggie Sanders;0,8093
Jake Beckley;1;Clete Boyer;0,8193
Jake Beckley;2;Barry Bonnell;0,7769
Jake Beckley;3;Lonnie Smith;0,7761
Jake Beckley;4;Wes Parker;0,7654
Jake Beckley;5;Joe Mulvey;0,7569
Jake Daubert;1;Pat Meares;0,8776
Jake Daubert;2;Jason Kubel;0,8729
Jake Daubert;3;Billy Johnson;0,8602
Jake Daubert;4;Jimmy Archer;0,8563
Jake Daubert;5;Horace Ford;0,8465
James Casey;1;Cal Ripken;0,9263
James Casey;2;Ryan Howard;0,9191
James Casey;3;Stuffy McInnis;0,9177
James Casey;4;Paul Waner;0,9164
James Casey;5;Pinky Whitney;0,9008
James Loney;1;Jeff Francoeur;0,8757
James Loney;2;Gary Sanchez;0,8568
James Loney;3;Johnny Gooch;0,8557
James Loney;4;Luke Scott;0,8361
James Loney;5;Cecil Fielder;0,8346
James McCann;1;Wes Helms;0,8596
James McCann;2;Alcides Escobar;0,8569
James McCann;3;Carlton Fisk;0,848
James McCann;4;Tommy Thevenow;0,8414
James McCann;5;Carlos Correa;0,8376
Jamey Carroll;1;Max Muncy;0,9438
Jamey Carroll;2;Mark Belanger;0,8385
Jamey Carroll;3;Willson Contreras;0,805
Jamey Carroll;4;Doug Mientkiewicz;0,7701
Jamey Carroll;5;Riggs Stephenson;0,7517
Jarrod Dyson;1;Tony Clark;0,9264
Jarrod Dyson;2;Duff Cooley;0,9055
Jarrod Dyson;3;Vinny Castilla;0,8869
Jarrod Dyson;4;Mike Lowell;0,8773
Jarrod Dyson;5;Joe Gordon;0,8577
Jason Bay;1;Johnny Wyrostek;0,9067
Jason Bay;2;Rougned Odor;0,8966
Jason Bay;3;Bill Melton;0,8807
Jason Bay;4;Chuck Klein;0,8752
Jason Bay;5;Charlie Bennett;0,8547
Jason Giambi;1;Carson Bigbee;0,9002
Jason Giambi;2;Mark Lemke;0,8808
Jason Giambi;3;Johnny Bates;0,874
Jason Giambi;4;Josh Donaldson;0,8583
Jason Giambi;5;Heinie Wagner;0,8567
Jason Heyward;1;Martin Maldonado;0,9419
Jason Heyward;2;Bob Aspromonte;0,8863
Jason Heyward;3;Todd Frazier;0,8856
Jason Heyward;4;Clint Barmes;0,8622
Jason Heyward;5;Pablo Sandoval;0,8465
Jason Kendall;1;Whit Merrifield;0,8486
Jason Kendall;2;Ival Goodman;0,8442
Jason Kendall;3;Miguel Montero;0,826
Jason Kendall;4;Harlond Clift;0,8156
Jason Kendall;5;Ed McFarland;0,8149
Jason Kipnis;1;Asdrubal Cabrera;0,9424
Jason Kipnis;2;Arlie Latham;0,8908
Jason Kipnis;3;Erick Aybar;0,8892
Jason Kipnis;4;Silver Flint;0,8736
Jason Kipnis;5;Andy Seminick;0,871
Jason Kubel;1;Jonathan Schoop;0,9393
Jason Kubel;2;Billy Johnson;0,9311
Jason Kubel;3;Paul Goldschmidt;0,9132
Jason Kubel;4;Mike Lamb;0,8962
Jason Kubel;5;Brook Jacoby;0,8933
Jason Thompson;1;Tom Paciorek;0,89
Jason Thompson;2;Gregg Jefferies;0,867
Jason Thompson;3;Jimmie Foxx;0,8667
Jason Thompson;4;Mark Teixeira;0,8516
Jason Thompson;5;Jason Varitek;0,8347
Jason Varitek;1;Sibby Sisti;0,8535
Jason Varitek;2;Brad Ausmus;0,8392
Jason Varitek;3;Jason Thompson;0,8347
Jason Varitek;4;Patsy Tebeau;0,8287
Jason Varitek;5;Al Zarilla;0,8234
Javier Baez;1;J. T. Realmuto;0,8865
Javier Baez;2;Cookie Lavagetto;0,8841
Javier Baez;3;Branch Russell;0,8764
Javier Baez;4;Owen Wilson;0,8519
Javier Baez;5;Hank Greenberg;0,847
Javy Lopez;1;Orlando Hudson;0,9661
Javy Lopez;2;Josh Donaldson;0,9461
Javy Lopez;3;Kevin Youkilis;0,8885
Javy Lopez;4;Carson Bigbee;0,8834
Javy Lopez;5;Bill Joyce;0,8604
Jay Bell;1;John Hummel;0,9493
Jay Bell;2;Roy Hartzell;0,8835
Jay Bell;3;Kolten Wong;0,8685
Jay Bell;4;Joey Cora;0,8636
Jay Bell;5;Jeff King;0,8594
Jay Bruce;1;Bruce Benedict;0,8943
Jay Bruce;2;Enos Cabell;0,8688
Jay Bruce;3;Bob Fothergill;0,8645
Jay Bruce;4;Don Mueller;0,8644
Jay Bruce;5;Lee Handley;0,8628
Jay Buhner;1;Johnny Bates;0,9589
Jay Buhner;2;Charlie Ganzel;0,8888
Jay Buhner;3;Ramon Hernandez;0,874
Jay Buhner;4;Ron Santo;0,866
Jay Buhner;5;Jack Tobin;0,858
Jay Johnstone;1;Larry Hisle;0,962
Jay Johnstone;2;Danny Litwhiler;0,9185
Jay Johnstone;3;Mack Jones;0,8808
Jay Johnstone;4;Glenallen Hill;0,864
Jay Johnstone;5;Yadier Molina;0,8422
Jay Payton;1;Chris Davis;0,9248
Jay Payton;2;Raul Mondesi;0,8899
Jay Payton;3;Bake McBride;0,8835
Jay Payton;4;Rusty Greer;0,8617
Jay Payton;5;William Robinson;0,8362
Jayson Werth;1;John Shelby;0,8594
Jayson Werth;2;Willie Kamm;0,8231
Jayson Werth;3;Jay Bruce;0,8201
Jayson Werth;4;Mike Scioscia;0,8103
Jayson Werth;5;Eddie Kasko;0,799
Jean Segura;1;Donovan Solano;0,9743
Jean Segura;2;Jim Sundberg;0,9385
Jean Segura;3;Rube Oldring;0,911
Jean Segura;4;Ernie Lombardi;0,8864
Jean Segura;5;Bruce Campbell;0,8583
Jed Lowrie;1;Woodie Held;0,8916
Jed Lowrie;2;Reed Johnson;0,8576
Jed Lowrie;3;Elvis Andrus;0,8507
Jed Lowrie;4;Jerry Browne;0,8405
Jed Lowrie;5;Roger Metzger;0,8147
Jeff Bagwell;1;Patrick Gillespie;0,9098
Jeff Bagwell;2;Kolten Wong;0,8361
Jeff Bagwell;3;Tommy Holmes;0,8331
Jeff Bagwell;4;Jack Wilson;0,8255
Jeff Bagwell;5;Bryce Harper;0,8238
Jeff Blauser;1;Ival Goodman;0,9633
Jeff Blauser;2;Jim Piersall;0,8966
Jeff Blauser;3;Kyle Schwarber;0,8269
Jeff Blauser;4;Brandon Belt;0,805
Jeff Blauser;5;Roger Metzger;0,805
Jeff Burroughs;1;Mark Trumbo;0,8607
Jeff Burroughs;2;Bill Tuttle;0,8329
Jeff Burroughs;3;Glenn Wright;0,7186
Jeff Burroughs;4;Adrian Beltre;0,7051
Jeff Burroughs;5;Eduardo Escobar;0,6999
Jeff Cirillo;1;Earl Sheely;0,9645
Jeff Cirillo;2;Fred Schulte;0,958
Jeff Cirillo;3;Corey Hart;0,9458
Jeff Cirillo;4;Matt Carpenter;0,9253
Jeff Cirillo;5;Freddy Leach;0,9152
Jeff Conine;1;Nate McLouth;0,9052
Jeff Conine;2;Lourdes Gurriel;0,8559
Jeff Conine;3;Deron Johnson;0,8426
Jeff Conine;4;Rollie Zeider;0,8268
Jeff Conine;5;Mike Pagliarulo;0,8153
Jeff Francoeur;1;Matt Stairs;0,9331
Jeff Francoeur;2;Topsy Hartsel;0,8859
Jeff Francoeur;3;James Loney;0,8757
Jeff Francoeur;4;Rob Deer;0,8096
Jeff Francoeur;5;Johnny Gooch;0,7873
Jeff Heath;1;Horace Clarke;0,9478
Jeff Heath;2;George Stovall;0,8536
Jeff Heath;3;Willson Contreras;0,8277
Jeff Heath;4;Johnny Hopp;0,8161
Jeff Heath;5;Kevin Stocker;0,7268
Jeff Kent;1;Bill Killefer;0,9197
Jeff Kent;2;Cliff Carroll;0,8522
Jeff Kent;3;Harry Heilmann;0,8381
Jeff Kent;4;Hank Severeid;0,8292
Jeff Kent;5;Jimmy Johnston;0,818
Jeff King;1;Newt Allen;0,9728
Jeff King;2;John Hummel;0,9526
Jeff King;3;Kolten Wong;0,9468
Jeff King;4;Jose Altuve;0,9459
Jeff King;5;Bill Robinson;0,9142
Jeffrey Leonard;1;Art Whitney;0,9516
Jeffrey Leonard;2;Phil Nevin;0,9294
Jeffrey Leonard;3;Del Ennis;0,9059
Jeffrey Leonard;4;Sixto Lezcano;0,8726
Jeffrey Leonard;5;Mark Christman;0,8246
Jermaine Dye;1;Mike Lansing;0,9331
Jermaine Dye;2;Andrelton Simmons;0,8806
Jermaine Dye;3;Roy Johnson;0,8747
Jermaine Dye;4;Elliott Maddox;0,8357
Jermaine Dye;5;Alvin Davis;0,8153
Jeromy Burnitz;1;Keith Moreland;0,9372
Jeromy Burnitz;2;Shanty Hogan;0,9214
Jeromy Burnitz;3;George Browne;0,9111
Jeromy Burnitz;4;Jack McCarthy;0,8402
Jeromy Burnitz;5;Whit Merrifield;0,8336
Jerry Adair;1;Hal Morris;0,9154
Jerry Adair;2;Kip Selbach;0,8751
Jerry Adair;3;Bill Coughlin;0,8657
Jerry Adair;4;Kevin Stocker;0,8467
Jerry Adair;5;Frank Bowerman;0,8371
Jerry Benjamin;1;Virgil Davis;0,9466
Jerry Benjamin;2;Chris Young;0,9251
Jerry Benjamin;3;Scott Fletcher;0,9055
Jerry Benjamin;4;Frank Thomas;0,8956
Jerry Benjamin;5;Ripper Collins;0,8935
Jerry Browne;1;Tony Gonzalez;0,8983
Jerry Browne;2;Wally Moon;0,8837
Jerry Browne;3;Earl Averill;0,8717
Jerry Browne;4;Don Slaught;0,8652
Jerry Browne;5;Michael Cuddyer;0,8438
Jerry Denny;1;Bill Phillips;0,9276
Jerry Denny;2;Wes Parker;0,8916
Jerry Denny;3;Luke Sewell;0,846
Jerry Denny;4;Ron Cey;0,8377
Jerry Denny;5;Doug DeCinces;0,8244
Jerry Grote;1;Wayne Garrett;0,8396
Jerry Grote;2;Silver Flint;0,8313
Jerry Grote;3;Ramon Hernandez;0,8017
Jerry Grote;4;Hick Carpenter;0,7944
Jerry Grote;5;Bill Joyce;0,775
Jerry Hairston;1;Garth Iorg;0,9021
Jerry Hairston;2;Denny Doyle;0,8967
Jerry Hairston;3;John Buck;0,8759
Jerry Hairston;4;Freddie Lindstrom;0,8737
Jerry Hairston;5;Yonder Alonso;0,8424
Jerry Lumpe;1;Scott Fletcher;0,9311
Jerry Lumpe;2;Elliott Maddox;0,9288
Jerry Lumpe;3;Tim Anderson;0,9174
Jerry Lumpe;4;Norm Siebern;0,9147
Jerry Lumpe;5;Mark Christman;0,8801
Jerry Morales;1;Lee Handley;0,9036
Jerry Morales;2;Lave Cross;0,8784
Jerry Morales;3;Amos Strunk;0,862
Jerry Morales;4;Red Rolfe;0,8492
Jerry Morales;5;Jackie Bradley;0,8391
Jerry Mumphrey;1;Johnny Rawlings;0,9548
Jerry Mumphrey;2;Newt Allen;0,9184
Jerry Mumphrey;3;Frank Snyder;0,9118
Jerry Mumphrey;4;Jeff King;0,8861
Jerry Mumphrey;5;John Hummel;0,8763
Jerry Priddy;1;Curt Flood;0,9539
Jerry Priddy;2;Malachi Kittridge;0,9263
Jerry Priddy;3;George Davis;0,9158
Jerry Priddy;4;Kirk Gibson;0,8721
Jerry Priddy;5;Keith Hernandez;0,86
Jerry Remy;1;Bill McClellan;0,9681
Jerry Remy;2;Cliff Floyd;0,9372
Jerry Remy;3;Joey Cora;0,9329
Jerry Remy;4;George Shoch;0,9173
Jerry Remy;5;Chick Hafey;0,914
Jerry Royster;1;Fred Carroll;0,9177
Jerry Royster;2;Garth Iorg;0,9012
Jerry Royster;3;Scott Spiezio;0,8728
Jerry Royster;4;Bibb Falk;0,8339
Jerry Royster;5;Rusty Greer;0,8037
Jesse Barfield;1;Cesar Tovar;0,8836
Jesse Barfield;2;Ival Goodman;0,8569
Jesse Barfield;3;Melvin Mora;0,8488
Jesse Barfield;4;Jim Rice;0,8344
Jesse Barfield;5;Jimmy Archer;0,8343
Jesse Burkett;1;Frank Taveras;0,9649
Jesse Burkett;2;Bill McClellan;0,9205
Jesse Burkett;3;Lee Stevens;0,9008
Jesse Burkett;4;Chet Laabs;0,8723
Jesse Burkett;5;George Shoch;0,8491
Jesus Alou;1;Max Muncy;0,8929
Jesus Alou;2;John Kruk;0,7979
Jesus Alou;3;George Metkovich;0,7896
Jesus Alou;4;Willson Contreras;0,7413
Jesus Alou;5;Phil Rizzuto;0,7348
Jhonny Peralta;1;George Whitted;0,8576
Jhonny Peralta;2;Miguel Montero;0,7982
Jhonny Peralta;3;Sherm Lollar;0,7588
Jhonny Peralta;4;Michael Conforto;0,7566
Jhonny Peralta;5;Bobby Richardson;0,703
Jim Bottomley;1;Harry Davis;0,8761
Jim Bottomley;2;Earle Combs;0,8448
Jim Bottomley;3;Kent Hrbek;0,8447
Jim Bottomley;4;Rocky Colavito;0,822
Jim Bottomley;5;Todd Walker;0,8188
Jim Busby;1;Bingo DeMoss;0,8734
Jim Busby;2;Dick Allen;0,8632
Jim Busby;3;Vince DiMaggio;0,8565
Jim Busby;4;Cesar Cedeno;0,8438
Jim Busby;5;Elmer Flick;0,8395
Jim Davenport;1;Leo Cardenas;0,8626
Jim Davenport;2;Elliott Maddox;0,8483
Jim Davenport;3;Jack Farrell;0,822
Jim Davenport;4;Chase Headley;0,8196
Jim Davenport;5;Norm Siebern;0,8122
Jim Delahanty;1;Charley O'Leary;0,9174
Jim Delahanty;2;Glenallen Hill;0,8605
Jim Delahanty;3;Dave Kingman;0,8459
Jim Delahanty;4;Felipe Alou;0,8336
Jim Delahanty;5;Jay Johnstone;0,8254
Jim Edmonds;1;John McGraw;0,8519
Jim Edmonds;2;Steve O'Neill;0,8232
Jim Edmonds;3;Steve Buechele;0,8065
Jim Edmonds;4;Germany Schaefer;0,7983
Jim Edmonds;5;Glenallen Hill;0,7924
Jim Eisenreich;1;Buck Weaver;0,9269
Jim Eisenreich;2;Pie Traynor;0,887
Jim Eisenreich;3;George Van Haltren;0,8677
Jim Eisenreich;4;John McGraw;0,8662
Jim Eisenreich;5;Daryl Boston;0,807
Jim Fregosi;1;Bernie Friberg;0,8352
Jim Fregosi;2;Logan Morrison;0,827
Jim Fregosi;3;Orator Shafer;0,7999
Jim Fregosi;4;Al Martin;0,7942
Jim Fregosi;5;Frank Bolling;0,769
Jim Gantner;1;Austin Kearns;0,9024
Jim Gantner;2;Angel Pagan;0,8671
Jim Gantner;3;Gene Moore;0,8618
Jim Gantner;4;Jackie Brandt;0,8384
Jim Gantner;5;Donn Clendenon;0,8316
Jim Gilliam;1;Bob Fothergill;0,9414
Jim Gilliam;2;Jackie Bradley;0,866
Jim Gilliam;3;Carlos Gonzalez;0,8308
Jim Gilliam;4;Lee Handley;0,8222
Jim Gilliam;5;Jerry Morales;0,8215
Jim Hegan;1;Frank O'Rourke;0,9391
Jim Hegan;2;Chris Hoiles;0,9241
Jim Hegan;3;Burt Shotton;0,8951
Jim Hegan;4;Jacoby Ellsbury;0,8849
Jim Hegan;5;Willie Upshaw;0,8651
Jim Hickman;1;Bill Terry;0,9036
Jim Hickman;2;George Sisler;0,8923
Jim Hickman;3;Russ Wrightstone;0,8838
Jim Hickman;4;Jimmy Johnston;0,8755
Jim Hickman;5;Carlos Gomez;0,8468
Jim King;1;Michael Taylor;0,9103
Jim King;2;Dickie Thon;0,8961
Jim King;3;John Titus;0,8677
Jim King;4;Larry Gardner;0,8611
Jim King;5;Darrell Evans;0,8445
Jim Landis;1;Dave Duncan;0,9331
Jim Landis;2;Hank Bauer;0,9276
Jim Landis;3;George Kelly;0,9273
Jim Landis;4;Michael Bourn;0,9262
Jim Landis;5;Don Mattingly;0,9251
Jim Northrup;1;Jack Graney;0,909
Jim Northrup;2;Larry Doyle;0,9013
Jim Northrup;3;Robin Ventura;0,8739
Jim Northrup;4;Nolan Arenado;0,8713
Jim Northrup;5;Charley Bassett;0,8712
Jim O'Rourke;1;Marty Cordova;0,8137
Jim O'Rourke;2;Al Martin;0,8087
Jim O'Rourke;3;Joe Vosmik;0,7895
Jim O'Rourke;4;John Barry;0,7765
Jim O'Rourke;5;David Bell;0,7674
Jim Piersall;1;Ed McFarland;0,9196
Jim Piersall;2;Jeff Blauser;0,8966
Jim Piersall;3;Roger Metzger;0,8486
Jim Piersall;4;Whit Merrifield;0,8475
Jim Piersall;5;Rabbit Warstler;0,8086
Jim Ray Hart;1;Don Wert;0,9727
Jim Ray Hart;2;Mike Pagliarulo;0,9304
Jim Ray Hart;3;Juan Samuel;0,9182
Jim Ray Hart;4;Eddie Waitkus;0,9166
Jim Ray Hart;5;Carlos May;0,9075
Jim Rice;1;Mark Christman;0,9704
Jim Rice;2;Josh Bell;0,8487
Jim Rice;3;Brandon Inge;0,8436
Jim Rice;4;Pete Fox;0,8427
Jim Rice;5;Jack Meyers;0,8414
Jim Russell;1;Clay Dalrymple;0,9356
Jim Russell;2;Ken Henderson;0,8673
Jim Russell;3;Pop Smith;0,8601
Jim Russell;4;Jackie Bradley;0,8552
Jim Russell;5;Eddie Mathews;0,8434
Jim Spencer;1;Nick Hundley;0,9161
Jim Spencer;2;Jimmy Dykes;0,8095
Jim Spencer;3;Ronnie Belliard;0,8
Jim Spencer;4;Lou Boudreau;0,789
Jim Spencer;5;Alan Trammell;0,7765
Jim Sundberg;1;Donovan Solano;0,9493
Jim Sundberg;2;Jean Segura;0,9385
Jim Sundberg;3;Rube Oldring;0,925
Jim Sundberg;4;Ernie Lombardi;0,8837
Jim Sundberg;5;Al Bridwell;0,8635
Jim Tabor;1;Red Smith;0,928
Jim Tabor;2;Craig Counsell;0,9201
Jim Tabor;3;Russell Martin;0,9154
Jim Tabor;4;Norm Cash;0,8667
Jim Tabor;5;Leon Wagner;0,8501
Jim Thome;1;Leon Durham;0,9116
Jim Thome;2;Chris Hoiles;0,8558
Jim Thome;3;Jimmy Ryan;0,8431
Jim Thome;4;Eric McNair;0,8317
Jim Thome;5;Les Mann;0,8139
Jim Wynn;1;Joey Cora;0,9465
Jim Wynn;2;Jackie Jensen;0,9033
Jim Wynn;3;Mack Jones;0,8623
Jim Wynn;4;George Shoch;0,8541
Jim Wynn;5;Carlos Gomez;0,8426
Jimmie Foxx;1;Jason Thompson;0,8667
Jimmie Foxx;2;Harmon Killebrew;0,8441
Jimmie Foxx;3;Ray Chapman;0,8369
Jimmie Foxx;4;Nick Swisher;0,8302
Jimmie Foxx;5;Al Zarilla;0,8072
Jimmie Wilson;1;Baby Doll Jacobson;0,8709
Jimmie Wilson;2;Judy Johnson;0,8426
Jimmie Wilson;3;George Grantham;0,8337
Jimmie Wilson;4;Glenn Beckert;0,7947
Jimmie Wilson;5;Doug DeCinces;0,787
Jimmy Archer;1;Maury Wills;0,9447
Jimmy Archer;2;Pete O'Brien;0,9387
Jimmy Archer;3;Heinie Peitz;0,9305
Jimmy Archer;4;Don Mattingly;0,9292
Jimmy Archer;5;Chase Utley;0,9267
Jimmy Austin;1;Willard Marshall;0,8963
Jimmy Austin;2;Alex Cora;0,8791
Jimmy Austin;3;Ian Desmond;0,8723
Jimmy Austin;4;Bill Rariden;0,8095
Jimmy Austin;5;Cookie Lavagetto;0,8076
Jimmy Bloodworth;1;Kevin Seitzer;0,9389
Jimmy Bloodworth;2;Ed Bailey;0,8506
Jimmy Bloodworth;3;Hal Lanier;0,8299
Jimmy Bloodworth;4;Logan Morrison;0,814
Jimmy Bloodworth;5;Cookie Rojas;0,795
Jimmy Collins;1;John Henry Russell;0,9007
Jimmy Collins;2;Harry Davis;0,8572
Jimmy Collins;3;Tony Lazzeri;0,8505
Jimmy Collins;4;Mickey Hatcher;0,849
Jimmy Collins;5;Don Blasingame;0,8301
Jimmy Dykes;1;Nemo Leibold;0,834
Jimmy Dykes;2;Ray Chapman;0,832
Jimmy Dykes;3;Jim Spencer;0,8095
Jimmy Dykes;4;Ken Landreaux;0,7669
Jimmy Dykes;5;Daryl Boston;0,7553
Jimmy Johnston;1;Harry Heilmann;0,9015
Jimmy Johnston;2;George Sisler;0,896
Jimmy Johnston;3;Hank Severeid;0,8881
Jimmy Johnston;4;Eddie Murray;0,879
Jimmy Johnston;5;Jim Hickman;0,8755
Jimmy McAleer;1;Charlie Comiskey;0,9219
Jimmy McAleer;2;Del Unser;0,9144
Jimmy McAleer;3;Robby Thompson;0,8904
Jimmy McAleer;4;Fred McGriff;0,8721
Jimmy McAleer;5;George Wood;0,8604
Jimmy Rollins;1;Lance Johnson;0,9533
Jimmy Rollins;2;Luis Valbuena;0,8654
Jimmy Rollins;3;John Hummel;0,8346
Jimmy Rollins;4;Kolten Wong;0,8248
Jimmy Rollins;5;Joey Cora;0,8245
Jimmy Ryan;1;Rabbit Warstler;0,9426
Jimmy Ryan;2;Roger Cedeno;0,917
Jimmy Ryan;3;Branch Russell;0,8946
Jimmy Ryan;4;Bob Bescher;0,8622
Jimmy Ryan;5;John Olerud;0,852
Jimmy Sheckard;1;Bob Fothergill;0,9101
Jimmy Sheckard;2;Shane Victorino;0,8767
Jimmy Sheckard;3;Frank Catalanotto;0,871
Jimmy Sheckard;4;John Anderson;0,8494
Jimmy Sheckard;5;Kevin Millar;0,8235
Jimmy Slagle;1;John Corkhill;0,863
Jimmy Slagle;2;Harlond Clift;0,8616
Jimmy Slagle;3;Hank Bauer;0,8574
Jimmy Slagle;4;Virgil Davis;0,8565
Jimmy Slagle;5;Julio Cruz;0,8492
Jimmy Williams;1;Elmer Flick;0,8612
Jimmy Williams;2;Todd Frazier;0,8602
Jimmy Williams;3;Buck Freeman;0,8497
Jimmy Williams;4;Pablo Sandoval;0,8466
Jimmy Williams;5;Trevor Story;0,8403
Jo-Jo Moore;1;Mike Lieberthal;0,9442
Jo-Jo Moore;2;Lee Stevens;0,8858
Jo-Jo Moore;3;Mike Mitchell;0,8789
Jo-Jo Moore;4;Hughie Jennings;0,873
Jo-Jo Moore;5;Kevin McReynolds;0,8648
Jo-Jo White;1;Hurley McNair;0,9655
Jo-Jo White;2;John Titus;0,9579
Jo-Jo White;3;Bill Bergen;0,9185
Jo-Jo White;4;Tommy Davis;0,9044
Jo-Jo White;5;Bill Bradley;0,9034
Joc Pederson;1;Travis d'Arnaud;0,8622
Joc Pederson;2;Vernon Wells;0,8363
Joc Pederson;3;Juan Encarnacion;0,8301
Joc Pederson;4;Harry Davis;0,7983
Joc Pederson;5;David Bell;0,7785
Jody Davis;1;Gus Triandos;0,9343
Jody Davis;2;Chuck Hinton;0,9098
Jody Davis;3;Freddy Leach;0,9076
Jody Davis;4;Jeff Cirillo;0,9004
Jody Davis;5;Dan Ford;0,8904
Jody Reed;1;Ivan de Jesus;0,919
Jody Reed;2;Damian Miller;0,9015
Jody Reed;3;Ossee Schrecongost;0,8972
Jody Reed;4;Rudy York;0,8965
Jody Reed;5;George LaChance;0,896
Joe Adcock;1;Mike Heath;0,9113
Joe Adcock;2;Larry Hisle;0,894
Joe Adcock;3;Joey Cora;0,889
Joe Adcock;4;George Shoch;0,8659
Joe Adcock;5;Tom Daly;0,8631
Joe Azcue;1;Tony Taylor;0,8871
Joe Azcue;2;Brad Ausmus;0,8862
Joe Azcue;3;Johnny Pesky;0,8714
Joe Azcue;4;Colby Rasmus;0,8561
Joe Azcue;5;Glenn Wright;0,8503
Joe Carter;1;Bill Doran;0,8337
Joe Carter;2;Roger Metzger;0,7886
Joe Carter;3;George Moriarty;0,7803
Joe Carter;4;Aurelio Rodriguez;0,7793
Joe Carter;5;Jed Lowrie;0,7677
Joe Cronin;1;Leon Durham;0,9496
Joe Cronin;2;Harold Reynolds;0,916
Joe Cronin;3;Willie Upshaw;0,8951
Joe Cronin;4;Rod Barajas;0,8629
Joe Cronin;5;Elbie Fletcher;0,8614
Joe Cunningham;1;Terry Kennedy;0,9285
Joe Cunningham;2;Rollie Zeider;0,9146
Joe Cunningham;3;Lyle Overbay;0,8903
Joe Cunningham;4;Yuniesky Betancourt;0,8848
Joe Cunningham;5;Travis Hafner;0,8804
Joe DiMaggio;1;Mike Donlin;0,9086
Joe DiMaggio;2;Fernando Vina;0,8801
Joe DiMaggio;3;Gary Ward;0,8784
Joe DiMaggio;4;Miguel Olivo;0,8743
Joe DiMaggio;5;Bill Joyce;0,8378
Joe Dugan;1;Branch Russell;0,9009
Joe Dugan;2;Elbie Fletcher;0,8909
Joe Dugan;3;Ernie Whitt;0,8863
Joe Dugan;4;Randy Velarde;0,8795
Joe Dugan;5;Gorman Thomas;0,874
Joe Gerhardt;1;Rube Bressler;0,9224
Joe Gerhardt;2;Terry Kennedy;0,917
Joe Gerhardt;3;Nate McLouth;0,8636
Joe Gerhardt;4;Joe Cunningham;0,8629
Joe Gerhardt;5;Judy Johnson;0,8384
Joe Girardi;1;Marty Marion;0,9496
Joe Girardi;2;Ed Kirkpatrick;0,8696
Joe Girardi;3;Bingo DeMoss;0,8351
Joe Girardi;4;Andy High;0,8293
Joe Girardi;5;Vince DiMaggio;0,8095
Joe Gordon;1;Corey Koskie;0,8977
Joe Gordon;2;George Wright;0,8674
Joe Gordon;3;Jarrod Dyson;0,8577
Joe Gordon;4;Kyle Seager;0,8359
Joe Gordon;5;Aaron Hill;0,8223
Joe Hornung;1;Ferris Fain;0,9215
Joe Hornung;2;Fernando Vina;0,8885
Joe Hornung;3;Johnny Temple;0,853
Joe Hornung;4;Eduardo Escobar;0,8496
Joe Hornung;5;Aaron Hicks;0,8457
Joe Judge;1;Clint Thomas;0,8576
Joe Judge;2;Don Kessinger;0,8341
Joe Judge;3;Daryl Boston;0,8338
Joe Judge;4;George Gibson;0,8257
Joe Judge;5;Darren Daulton;0,8212
Joe Kelley;1;Willie Upshaw;0,9365
Joe Kelley;2;Elbie Fletcher;0,9306
Joe Kelley;3;Leon Durham;0,9174
Joe Kelley;4;Carlos Gonzalez;0,8803
Joe Kelley;5;Eric Young;0,8651
Joe Kuhel;1;Michael Cuddyer;0,9036
Joe Kuhel;2;Dwayne Murphy;0,8225
Joe Kuhel;3;Lenny Dykstra;0,8201
Joe Kuhel;4;Ed Kirkpatrick;0,8144
Joe Kuhel;5;Walker Cooper;0,7721
Joe Mauer;1;Kyle Seager;0,8643
Joe Mauer;2;Jarrod Dyson;0,852
Joe Mauer;3;Cesar Tovar;0,8387
Joe Mauer;4;Michael Tucker;0,8343
Joe Mauer;5;Mike Lum;0,8148
Joe Medwick;1;Harlond Clift;0,9563
Joe Medwick;2;Cesar Tovar;0,8828
Joe Medwick;3;Cookie Lavagetto;0,8712
Joe Medwick;4;Mark Teixeira;0,8683
Joe Medwick;5;Carlos Peña;0,8547
Joe Morgan;1;Steve O'Neill;0,8261
Joe Morgan;2;Lee Tannehill;0,8032
Joe Morgan;3;Jose Pagan;0,7913
Joe Morgan;4;Howie Shanks;0,7719
Joe Morgan;5;Mark McGwire;0,7652
Joe Mulvey;1;Walt Wilmot;0,928
Joe Mulvey;2;Del Unser;0,893
Joe Mulvey;3;Henry Larkin;0,8686
Joe Mulvey;4;Milt Thompson;0,8622
Joe Mulvey;5;Joe Start;0,8473
Joe Oliver;1;Paul Radford;0,9464
Joe Oliver;2;Hardy Richardson;0,9369
Joe Oliver;3;Muddy Ruel;0,9369
Joe Oliver;4;Larry Walker;0,9097
Joe Oliver;5;Mike Heath;0,8791
Joe Orsulak;1;Candy Nelson;0,9356
Joe Orsulak;2;Damaso Garcia;0,9014
Joe Orsulak;3;Phil Nevin;0,8899
Joe Orsulak;4;Roger Cedeno;0,8873
Joe Orsulak;5;Del Ennis;0,8539
Joe Pepitone;1;Elvis Andrus;0,8959
Joe Pepitone;2;Terry Puhl;0,8388
Joe Pepitone;3;Wayne Gross;0,8163
Joe Pepitone;4;Terry Pendleton;0,8055
Joe Pepitone;5;Mike Griffin;0,8021
Joe Quinn;1;Kyle Schwarber;0,9187
Joe Quinn;2;Elliott Maddox;0,8699
Joe Quinn;3;Mike Lansing;0,8368
Joe Quinn;4;Ketel Marte;0,8285
Joe Quinn;5;Cesar Geronimo;0,8197
Joe Randa;1;Jacque Jones;0,7838
Joe Randa;2;Willson Contreras;0,78
Joe Randa;3;Jason Kipnis;0,7736
Joe Randa;4;Buddy Rosar;0,7283
Joe Randa;5;Juan Encarnacion;0,7231
Joe Rudi;1;Nap Lajoie;0,863
Joe Rudi;2;Mike Macfarlane;0,8442
Joe Rudi;3;Don Zimmer;0,8001
Joe Rudi;4;Hal Trosky;0,7879
Joe Rudi;5;Earle Combs;0,7788
Joe Sewell;1;Bingo DeMoss;0,9205
Joe Sewell;2;Roy Howell;0,9086
Joe Sewell;3;Andy High;0,9002
Joe Sewell;4;Billy Goodman;0,8527
Joe Sewell;5;Orlando Merced;0,8352
Joe Sommer;1;George LaChance;0,9009
Joe Sommer;2;Dusty Baker;0,873
Joe Sommer;3;Art Fletcher;0,8571
Joe Sommer;4;Leon Wagner;0,8453
Joe Sommer;5;Dwayne Murphy;0,8332
Joe Start;1;Wes Parker;0,8979
Joe Start;2;Roy Hartzell;0,8906
Joe Start;3;Joe Mulvey;0,8473
Joe Start;4;Roger Connor;0,842
Joe Start;5;Ricky Gutierrez;0,8029
Joe Stripp;1;Charlie Bennett;0,9585
Joe Stripp;2;Roy Thomas;0,8965
Joe Stripp;3;Jason Bay;0,8455
Joe Stripp;4;Bill Melton;0,8309
Joe Stripp;5;Dal Maxvill;0,8096
Joe Sugden;1;Roy Campanella;0,9545
Joe Sugden;2;Ginger Beaumont;0,9475
Joe Sugden;3;Johnny Gooch;0,9311
Joe Sugden;4;Al Lopez;0,9274
Joe Sugden;5;Dick Hoblitzell;0,9005
Joe Tinker;1;George Metkovich;0,829
Joe Tinker;2;Otto Miller;0,7816
Joe Tinker;3;Juan Beniquez;0,7496
Joe Tinker;4;Eddie Miller;0,7461
Joe Tinker;5;Gene Clines;0,7418
Joe Torre;1;Kevin Youkilis;0,9506
Joe Torre;2;Carson Bigbee;0,9384
Joe Torre;3;Andrelton Simmons;0,8562
Joe Torre;4;Denny Doyle;0,8541
Joe Torre;5;Chet Laabs;0,8246
Joe Vosmik;1;Bobby Lowe;0,905
Joe Vosmik;2;Alex Gordon;0,8892
Joe Vosmik;3;Fred Dunlap;0,8776
Joe Vosmik;4;Garry Maddox;0,8609
Joe Vosmik;5;Ryan Zimmerman;0,8528
Joey Cora;1;Pete Rose;0,972
Joey Cora;2;Jim Wynn;0,9465
Joey Cora;3;Mo Vaughn;0,9418
Joey Cora;4;Cliff Floyd;0,9414
Joey Cora;5;Jerry Remy;0,9329
Joey Votto;1;Burt Shotton;0,8526
Joey Votto;2;Marty McManus;0,8173
Joey Votto;3;Billy Nash;0,7987
Joey Votto;4;Jay Bruce;0,7946
Joey Votto;5;Mike Lum;0,7921
John Anderson;1;Billy Martin;0,9305
John Anderson;2;Gus Zernial;0,8579
John Anderson;3;Jimmy Sheckard;0,8494
John Anderson;4;Dave May;0,8298
John Anderson;5;Ozzie Albies;0,8279
John Barry;1;Jose Abreu;0,8831
John Barry;2;Corey Seager;0,8463
John Barry;3;Sparky Adams;0,8313
John Barry;4;Julio Lugo;0,8138
John Barry;5;Bucky Dent;0,7841
John Bateman;1;Alcides Escobar;0,8898
John Bateman;2;Alex Cora;0,8568
John Bateman;3;Mark Ellis;0,8153
John Bateman;4;Johnny Bench;0,8096
John Bateman;5;Carlos Correa;0,7882
John Briggs;1;Max Flack;0,936
John Briggs;2;Johnny Rawlings;0,86
John Briggs;3;Wayne Garrett;0,8489
John Briggs;4;Cecil Cooper;0,8468
John Briggs;5;Roy Cullenbine;0,8323
John Buck;1;Rennie Stennett;0,953
John Buck;2;Garth Iorg;0,9389
John Buck;3;Fred Carroll;0,9333
John Buck;4;Yonder Alonso;0,9117
John Buck;5;Freddie Lindstrom;0,8929
John Clapp;1;Denny Lyons;0,8738
John Clapp;2;Ira Flagstead;0,8636
John Clapp;3;Turkey Stearnes;0,8578
John Clapp;4;Ernie Lombardi;0,8519
John Clapp;5;Adam Dunn;0,8458
John Corkhill;1;Ernie Banks;0,9266
John Corkhill;2;Hank Bauer;0,8992
John Corkhill;3;Garry Maddox;0,899
John Corkhill;4;Mark Teixeira;0,8846
John Corkhill;5;Bill Kuehne;0,8726
John Flaherty;1;Corey Patterson;0,8769
John Flaherty;2;Billy Hatcher;0,8506
John Flaherty;3;Hobe Ferris;0,84
John Flaherty;4;Martin Prado;0,8138
John Flaherty;5;Dixie Walker;0,8009
John Henry Russell;1;Tony Lazzeri;0,9016
John Henry Russell;2;Jimmy Collins;0,9007
John Henry Russell;3;Tony Fernandez;0,8906
John Henry Russell;4;Mickey Hatcher;0,8883
John Henry Russell;5;Gene Alley;0,8801
John Hummel;1;Jose Altuve;0,9805
John Hummel;2;Eddie Murray;0,9771
John Hummel;3;Ty Cobb;0,9625
John Hummel;4;Mickey Mantle;0,9568
John Hummel;5;Cliff Floyd;0,9531
John Kruk;1;Don Kolloway;0,9286
John Kruk;2;Pete Suder;0,8596
John Kruk;3;Claudell Washington;0,8492
John Kruk;4;Clyde McCullough;0,8388
John Kruk;5;Johnny Rawlings;0,8294
John Mabry;1;Bob Horner;0,8969
John Mabry;2;Yonder Alonso;0,8832
John Mabry;3;Bill Tuttle;0,8731
John Mabry;4;Rico Carty;0,8459
John Mabry;5;Curtis Granderson;0,8418
John Mayberry;1;Delmon Young;0,864
John Mayberry;2;Steve Yeager;0,8312
John Mayberry;3;Reed Johnson;0,8176
John Mayberry;4;Tim Teufel;0,7911
John Mayberry;5;Wally Backman;0,7708
John McGraw;1;Bill Wambsganss;0,9478
John McGraw;2;Billy Jurges;0,9266
John McGraw;3;Rickey Henderson;0,9014
John McGraw;4;Randy Velarde;0,883
John McGraw;5;Jim Eisenreich;0,8662
John Milligan;1;Bob Ferguson;0,9917
John Milligan;2;Hubie Brooks;0,8784
John Milligan;3;Marcus Semien;0,8782
John Milligan;4;Jimmy Johnston;0,8722
John Milligan;5;Jim Hickman;0,8327
John Milner;1;Ping Bodie;0,8668
John Milner;2;Ray Chapman;0,8047
John Milner;3;Roberto Kelly;0,8035
John Milner;4;Lee Tannehill;0,8027
John Milner;5;Starlin Castro;0,7973
John Morrill;1;Bill Killefer;0,8669
John Morrill;2;Bill Robinson;0,8629
John Morrill;3;Clyde McCullough;0,8623
John Morrill;4;Cliff Carroll;0,8384
John Morrill;5;Germany Schaefer;0,837
John Olerud;1;Byron Buxton;0,9347
John Olerud;2;Mariano Duncan;0,8916
John Olerud;3;Jimmy Ryan;0,852
John Olerud;4;Patrick Gillespie;0,8225
John Olerud;5;Tommy Holmes;0,8169
John Peters;1;Monte Cross;0,913
John Peters;2;Buck Freeman;0,9099
John Peters;3;Josh Bell;0,9049
John Peters;4;Dan Uggla;0,9001
John Peters;5;Whit Merrifield;0,8922
John Reilly;1;Ernie Whitt;0,9522
John Reilly;2;Brandon Phillips;0,8919
John Reilly;3;Randy Velarde;0,8847
John Reilly;4;Luis Castillo;0,8552
John Reilly;5;Doug DeCinces;0,8282
John Roseboro;1;Taffy Wright;0,9092
John Roseboro;2;Johnny Gooch;0,8845
John Roseboro;3;Joe Sugden;0,8669
John Roseboro;4;Carlos May;0,8149
John Roseboro;5;Ralph Garr;0,8123
John Shelby;1;Darryl Strawberry;0,9628
John Shelby;2;Guy Hecker;0,8977
John Shelby;3;Jayson Werth;0,8594
John Shelby;4;Andy Van Slyke;0,8544
John Shelby;5;Tito Fuentes;0,8531
John Stone;1;Jose Pagan;0,8482
John Stone;2;Ken Reitz;0,8219
John Stone;3;Al Zarilla;0,8161
John Stone;4;Tom York;0,8135
John Stone;5;Davey Lopes;0,811
John Titus;1;Jo-Jo White;0,9579
John Titus;2;Sam Thompson;0,9026
John Titus;3;Juan Rivera;0,8732
John Titus;4;Jim King;0,8677
John Titus;5;Roy Howell;0,8265
John Valentin;1;Chuck Klein;0,9536
John Valentin;2;Aaron Boone;0,9217
John Valentin;3;Bill Melton;0,9161
John Valentin;4;Hurley McNair;0,9078
John Valentin;5;Pinky Whitney;0,9044
John Ward;1;Kyle Schwarber;0,8482
John Ward;2;Chicken Wolf;0,7677
John Ward;3;Matty McIntyre;0,7629
John Ward;4;Cesar Geronimo;0,7601
John Ward;5;Willie Crawford;0,7568
Johnny Bates;1;Jack Tobin;0,9642
Johnny Bates;2;Jay Buhner;0,9589
Johnny Bates;3;Mookie Wilson;0,943
Johnny Bates;4;Ron Santo;0,9404
Johnny Bates;5;Duke Snider;0,9341
Johnny Bench;1;Alcides Escobar;0,8546
Johnny Bench;2;Phil Masi;0,8246
Johnny Bench;3;John Bateman;0,8096
Johnny Bench;4;Carlos Correa;0,8029
Johnny Bench;5;Bip Roberts;0,7814
Johnny Callison;1;Mike Donlin;0,9034
Johnny Callison;2;Billy Butler;0,9007
Johnny Callison;3;Adrian Gonzalez;0,8994
Johnny Callison;4;Bob Fothergill;0,8896
Johnny Callison;5;Ian Kinsler;0,8743
Johnny Damon;1;Phil Garner;0,8558
Johnny Damon;2;Gene Woodling;0,8279
Johnny Damon;3;Lou Bierbauer;0,8242
Johnny Damon;4;Cookie Lavagetto;0,8227
Johnny Damon;5;Hoot Evers;0,8149
Johnny Edwards;1;Alex Johnson;0,9507
Johnny Edwards;2;Juan Samuel;0,9401
Johnny Edwards;3;Jim Ray Hart;0,903
Johnny Edwards;4;Eddie Waitkus;0,8732
Johnny Edwards;5;Mike Kreevich;0,8483
Johnny Evers;1;Cameron Maybin;0,8107
Johnny Evers;2;Tim Foli;0,8052
Johnny Evers;3;Rabbit Maranville;0,7791
Johnny Evers;4;Emmett Seery;0,775
Johnny Evers;5;Marco Scutaro;0,7304
Johnny Gooch;1;Joe Sugden;0,9311
Johnny Gooch;2;Dick Hoblitzell;0,9157
Johnny Gooch;3;Russ Snyder;0,9041
Johnny Gooch;4;John Roseboro;0,8845
Johnny Gooch;5;Bobby Wine;0,8781
Johnny Grubb;1;Doc Bushong;0,8353
Johnny Grubb;2;Brandon Belt;0,8281
Johnny Grubb;3;Robin Yount;0,8089
Johnny Grubb;4;Jose Iglesias;0,7969
Johnny Grubb;5;Red Schoendienst;0,7914
Johnny Hopp;1;Tommie Agee;0,8893
Johnny Hopp;2;Horace Clarke;0,8827
Johnny Hopp;3;Mark DeRosa;0,8822
Johnny Hopp;4;Josh Hamilton;0,8293
Johnny Hopp;5;George Stovall;0,8213
Johnny Kling;1;Gary Pettis;0,9166
Johnny Kling;2;Doc Johnston;0,8253
Johnny Kling;3;Pat Burrell;0,7839
Johnny Kling;4;Buck Martinez;0,7657
Johnny Kling;5;Nick Hundley;0,7642
Johnny Logan;1;Ival Goodman;0,9107
Johnny Logan;2;Luis Polonia;0,8464
Johnny Logan;3;Vinny Castilla;0,8378
Johnny Logan;4;Reggie Sanders;0,8307
Johnny Logan;5;Brett Gardner;0,8198
Johnny Mize;1;Ival Goodman;0,9023
Johnny Mize;2;Whit Merrifield;0,8857
Johnny Mize;3;Chuck Klein;0,84
Johnny Mize;4;Ed McFarland;0,8244
Johnny Mize;5;Jack McCarthy;0,8227
Johnny Pesky;1;Brad Ausmus;0,9115
Johnny Pesky;2;Corey Hart;0,8965
Johnny Pesky;3;Tommy McCraw;0,886
Johnny Pesky;4;Joe Azcue;0,8714
Johnny Pesky;5;Bob Horner;0,852
Johnny Rawlings;1;Tom York;0,9785
Johnny Rawlings;2;Roberto Clemente;0,9559
Johnny Rawlings;3;Jerry Mumphrey;0,9548
Johnny Rawlings;4;Claudell Washington;0,9295
Johnny Rawlings;5;Newt Allen;0,9294
Johnny Ray;1;Jonathan Lucroy;0,8638
Johnny Ray;2;Bobby Doerr;0,8388
Johnny Ray;3;Alex Cora;0,8235
Johnny Ray;4;Mark Teixeira;0,8149
Johnny Ray;5;Nick Markakis;0,8109
Johnny Temple;1;Ferris Fain;0,9327
Johnny Temple;2;Bob Allison;0,888
Johnny Temple;3;Trea Turner;0,8743
Johnny Temple;4;Joe Hornung;0,853
Johnny Temple;5;Paul Sorrento;0,8449
Johnny Wyrostek;1;Rougned Odor;0,9156
Johnny Wyrostek;2;Jason Bay;0,9067
Johnny Wyrostek;3;Tommy Thevenow;0,8811
Johnny Wyrostek;4;Chuck Klein;0,8679
Johnny Wyrostek;5;Bill Melton;0,8676
Jon Jay;1;Kurt Suzuki;0,8857
Jon Jay;2;Al Martin;0,8735
Jon Jay;3;Sammy White;0,8691
Jon Jay;4;Don Mincher;0,8622
Jon Jay;5;Steve Henderson;0,8457
Jonathan Lucroy;1;Cookie Lavagetto;0,9462
Jonathan Lucroy;2;Pat Meares;0,9266
Jonathan Lucroy;3;Ross Youngs;0,901
Jonathan Lucroy;4;Ed Taubensee;0,8938
Jonathan Lucroy;5;Johnny Ray;0,8638
Jonathan Schoop;1;Paul Goldschmidt;0,9787
Jonathan Schoop;2;Horace Ford;0,9448
Jonathan Schoop;3;Jason Kubel;0,9393
Jonathan Schoop;4;Pete O'Brien;0,9179
Jonathan Schoop;5;Chase Utley;0,907
Jonny Gomes;1;Raul Mondesi;0,8489
Jonny Gomes;2;Jose Abreu;0,8485
Jonny Gomes;3;Ben Zobrist;0,8452
Jonny Gomes;4;Johnny Gooch;0,8393
Jonny Gomes;5;Brian Jordan;0,8218
Jorge Orta;1;Pedro Feliz;0,8701
Jorge Orta;2;Wally Gerber;0,8217
Jorge Orta;3;Rod Barajas;0,8188
Jorge Orta;4;Chris Hoiles;0,8172
Jorge Orta;5;Billy Werber;0,8022
Jorge Polanco;1;Reed Johnson;0,8665
Jorge Polanco;2;Mike Grady;0,8322
Jorge Polanco;3;Victor Martinez;0,8164
Jorge Polanco;4;Heinie Manush;0,8104
Jorge Polanco;5;Jerry Browne;0,8046
Jorge Posada;1;Mike Lieberthal;0,8706
Jorge Posada;2;Pepper Martin;0,8661
Jorge Posada;3;Jack Manning;0,8522
Jorge Posada;4;Roy Howell;0,8273
Jorge Posada;5;Richard Hidalgo;0,8119
Jorge Soler;1;Tony Lazzeri;0,9336
Jorge Soler;2;Tony Fernandez;0,9249
Jorge Soler;3;Max Kepler;0,8997
Jorge Soler;4;Gary Disarcina;0,8887
Jorge Soler;5;Bake McBride;0,8652
Jose Abreu;1;John Barry;0,8831
Jose Abreu;2;Julio Lugo;0,8686
Jose Abreu;3;Jonny Gomes;0,8485
Jose Abreu;4;Russ Snyder;0,845
Jose Abreu;5;Kip Selbach;0,8393
Jose Altuve;1;John Hummel;0,9805
Jose Altuve;2;Jeff King;0,9459
Jose Altuve;3;Newt Allen;0,9214
Jose Altuve;4;Johnny Bates;0,9134
Jose Altuve;5;Kolten Wong;0,9085
Jose Bautista;1;Edgar Martinez;0,8748
Jose Bautista;2;Johnny Bates;0,8486
Jose Bautista;3;Chuck Knoblauch;0,8462
Jose Bautista;4;Michael Brantley;0,8285
Jose Bautista;5;Albert Belle;0,8254
Jose Canseco;1;Chet Laabs;0,8594
Jose Canseco;2;Roy Howell;0,8512
Jose Canseco;3;Rickie Weeks;0,8363
Jose Canseco;4;Lee Stevens;0,8354
Jose Canseco;5;Gavvy Cravath;0,8061
Jose Cardenal;1;Bill Killefer;0,8921
Jose Cardenal;2;Cy Williams;0,829
Jose Cardenal;3;Charles Zimmer;0,7988
Jose Cardenal;4;Pete Runnels;0,7965
Jose Cardenal;5;Buck Weaver;0,7944
Jose Cruz;1;Gus Suhr;0,9046
Jose Cruz;2;Doc Bushong;0,9018
Jose Cruz;3;Rube Oldring;0,8405
Jose Cruz;4;Luis Valbuena;0,8259
Jose Cruz;5;Al Bridwell;0,7995
Jose Guillen;1;Desi Relaford;0,9107
Jose Guillen;2;Woody English;0,9083
Jose Guillen;3;Tris Speaker;0,8771
Jose Guillen;4;Derek Jeter;0,8555
Jose Guillen;5;Ripper Collins;0,8551
Jose Hernandez;1;Turkey Stearnes;0,8481
Jose Hernandez;2;Vance Law;0,8417
Jose Hernandez;3;Carlos Santana;0,8402
Jose Hernandez;4;Chicken Wolf;0,8164
Jose Hernandez;5;Barry Bonnell;0,8157
Jose Iglesias;1;Johnny Grubb;0,7969
Jose Iglesias;2;Lu Blue;0,7491
Jose Iglesias;3;Kendrys Morales;0,7461
Jose Iglesias;4;Brandon Belt;0,7334
Jose Iglesias;5;Monte Irvin;0,7254
Jose Offerman;1;Johnny Bates;0,9121
Jose Offerman;2;Travis Jackson;0,8686
Jose Offerman;3;Bob Nieman;0,8685
Jose Offerman;4;Carlos Guillen;0,851
Jose Offerman;5;Ken Williams;0,838
Jose Pagan;1;Daniel Murphy;0,8817
Jose Pagan;2;Don Buford;0,8754
Jose Pagan;3;Rogers Hornsby;0,8733
Jose Pagan;4;Jack Fournier;0,8718
Jose Pagan;5;Eddie Joost;0,8699
Jose Ramirez;1;Joey Cora;0,8854
Jose Ramirez;2;Otis Nixon;0,8739
Jose Ramirez;3;George Shoch;0,8699
Jose Ramirez;4;Oscar Gamble;0,8557
Jose Ramirez;5;Rusty Staub;0,8527
Jose Reyes;1;Emmett Seery;0,8432
Jose Reyes;2;Donovan Solano;0,8287
Jose Reyes;3;Billy Rogell;0,8242
Jose Reyes;4;Michael Barrett;0,824
Jose Reyes;5;Jerry Priddy;0,7965
Jose Valentin;1;Ricky Gutierrez;0,8621
Jose Valentin;2;Bill Spiers;0,8532
Jose Valentin;3;Doc Johnston;0,8424
Jose Valentin;4;Moises Alou;0,8099
Jose Valentin;5;Mack Jones;0,8022
Jose Vidro;1;Ernie Whitt;0,8805
Jose Vidro;2;Elbie Fletcher;0,8755
Jose Vidro;3;Harold Reynolds;0,8718
Jose Vidro;4;Chet Lemon;0,8687
Jose Vidro;5;Willie Upshaw;0,8668
Jose Vizcaino;1;Michael Bourn;0,9454
Jose Vizcaino;2;Stan Spence;0,8932
Jose Vizcaino;3;Mark Grudzielanek;0,8783
Jose Vizcaino;4;Magglio Ordonez;0,8494
Jose Vizcaino;5;Mark Lemke;0,8372
Josh Bell;1;Bruce Benedict;0,9192
Josh Bell;2;John Peters;0,9049
Josh Bell;3;Pete Fox;0,8985
Josh Bell;4;Tito Francona;0,8934
Josh Bell;5;Enos Cabell;0,8761
Josh Donaldson;1;Javy Lopez;0,9461
Josh Donaldson;2;Ernie Banks;0,9439
Josh Donaldson;3;Orlando Hudson;0,9125
Josh Donaldson;4;Mark Lemke;0,9008
Josh Donaldson;5;Stan Spence;0,8996
Josh Hamilton;1;Chris Young;0,891
Josh Hamilton;2;Jerry Benjamin;0,8908
Josh Hamilton;3;Maicer Izturis;0,8629
Josh Hamilton;4;Dave Collins;0,8574
Josh Hamilton;5;Ruben Sierra;0,8525
Josh Harrison;1;Thomas Burns;0,9022
Josh Harrison;2;Tim Wallach;0,8597
Josh Harrison;3;Bip Roberts;0,8593
Josh Harrison;4;Lance Berkman;0,8563
Josh Harrison;5;Vernon Wells;0,856
Josh Reddick;1;Frank Robinson;0,8584
Josh Reddick;2;Gary Gaetti;0,8321
Josh Reddick;3;Julio Lugo;0,8188
Josh Reddick;4;Phil Rizzuto;0,808
Josh Reddick;5;Charlie Ganzel;0,8041
Josh Willingham;1;Joe Sugden;0,8496
Josh Willingham;2;Yasmani Grandal;0,8445
Josh Willingham;3;Dick Hoblitzell;0,836
Josh Willingham;4;William Robinson;0,82
Josh Willingham;5;Julio Lugo;0,8196
Juan Beniquez;1;George Metkovich;0,8352
Juan Beniquez;2;Steve O'Neill;0,8274
Juan Beniquez;3;Vern Stephens;0,8242
Juan Beniquez;4;Wally Schang;0,8068
Juan Beniquez;5;Bill Buckner;0,8058
Juan Encarnacion;1;Joc Pederson;0,8301
Juan Encarnacion;2;Corey Seager;0,8296
Juan Encarnacion;3;Todd Zeile;0,7974
Juan Encarnacion;4;Elston Howard;0,7919
Juan Encarnacion;5;Sherry Magee;0,7881
Juan Gonzalez;1;Marco Scutaro;0,8683
Juan Gonzalez;2;Aramis Ramirez;0,8218
Juan Gonzalez;3;Vince Coleman;0,8044
Juan Gonzalez;4;Pat Burrell;0,8004
Juan Gonzalez;5;Rafael Devers;0,7802
Juan Pierre;1;Aaron Rowand;0,9182
Juan Pierre;2;Michael Conforto;0,9003
Juan Pierre;3;Bobby Richardson;0,8729
Juan Pierre;4;Jason Kipnis;0,8495
Juan Pierre;5;Julio Cruz;0,8447
Juan Rivera;1;Mark Reynolds;0,9622
Juan Rivera;2;Bill Bergen;0,8994
Juan Rivera;3;Yunel Escobar;0,8853
Juan Rivera;4;Carl Reynolds;0,8825
Juan Rivera;5;Davy Force;0,8806
Juan Samuel;1;Johnny Edwards;0,9401
Juan Samuel;2;Jim Ray Hart;0,9182
Juan Samuel;3;Alex Johnson;0,9103
Juan Samuel;4;Brian Jordan;0,9052
Juan Samuel;5;Sam Chapman;0,8937
Juan Uribe;1;Todd Frazier;0,8266
Juan Uribe;2;Mike Scioscia;0,8035
Juan Uribe;3;Steve Yeager;0,7965
Juan Uribe;4;Jackie Brandt;0,7931
Juan Uribe;5;Trevor Story;0,7884
Judy Johnson;1;Nate McLouth;0,9416
Judy Johnson;2;Felipe Lopez;0,9149
Judy Johnson;3;Sean Casey;0,9053
Judy Johnson;4;Rafael Ramirez;0,8731
Judy Johnson;5;Dickie Thon;0,8563
Julian Javier;1;Luis Polonia;0,825
Julian Javier;2;George Whitted;0,7741
Julian Javier;3;Brett Gardner;0,755
Julian Javier;4;Ed McFarland;0,7423
Julian Javier;5;Carl Furillo;0,7314
Julio Cruz;1;Erick Aybar;0,9135
Julio Cruz;2;Silver Flint;0,89
Julio Cruz;3;Garry Templeton;0,8873
Julio Cruz;4;Earl Sheely;0,862
Julio Cruz;5;Jimmy Slagle;0,8492
Julio Franco;1;Joey Cora;0,917
Julio Franco;2;Sid Farrar;0,8836
Julio Franco;3;George Shoch;0,8698
Julio Franco;4;Oscar Gamble;0,8658
Julio Franco;5;Johnny Bates;0,8561
Julio Lugo;1;Jose Abreu;0,8686
Julio Lugo;2;Troy Tulowitzki;0,8333
Julio Lugo;3;Justin Morneau;0,8208
Julio Lugo;4;Josh Willingham;0,8196
Julio Lugo;5;Josh Reddick;0,8188
Jurickson Profar;1;Tony Phillips;0,8781
Jurickson Profar;2;Vladimir Guerrero;0,8441
Jurickson Profar;3;Ryne Sandberg;0,8376
Jurickson Profar;4;Manny Machado;0,8327
Jurickson Profar;5;Graig Nettles;0,8244
Justin Morneau;1;Yasmani Grandal;0,9053
Justin Morneau;2;Ross Youngs;0,8319
Justin Morneau;3;Julio Lugo;0,8208
Justin Morneau;4;Josh Willingham;0,8177
Justin Morneau;5;Ducky Holmes;0,8001
Justin Smoak;1;Bill Killefer;0,9303
Justin Smoak;2;Lou Piniella;0,9296
Justin Smoak;3;Casey Stengel;0,8616
Justin Smoak;4;Buck Weaver;0,8125
Justin Smoak;5;Pete Runnels;0,8086
Justin Turner;1;Oscar Charleston;0,9586
Justin Turner;2;Joey Cora;0,9266
Justin Turner;3;Mo Vaughn;0,9171
Justin Turner;4;Pete Rose;0,8567
Justin Turner;5;Ron Cey;0,8507
Justin Upton;1;Dick Stuart;0,8853
Justin Upton;2;Gus Zernial;0,883
Justin Upton;3;Ken Keltner;0,8593
Justin Upton;4;Paul Goldschmidt;0,8515
Justin Upton;5;Casey Blake;0,8081
Keith Hernandez;1;Fernando Vina;0,9211
Keith Hernandez;2;Bill Joyce;0,8613
Keith Hernandez;3;Jerry Priddy;0,86
Keith Hernandez;4;Silver Flint;0,8567
Keith Hernandez;5;Aaron Hicks;0,8425
Keith Moreland;1;George Browne;0,9388
Keith Moreland;2;Jeromy Burnitz;0,9372
Keith Moreland;3;Dewey Creacy;0,8631
Keith Moreland;4;David Peralta;0,8605
Keith Moreland;5;Duff Cooley;0,8386
Kelly Johnson;1;Lonny Frey;0,9162
Kelly Johnson;2;Darin Erstad;0,8821
Kelly Johnson;3;Ty Wigginton;0,8807
Kelly Johnson;4;Adam Frazier;0,8288
Kelly Johnson;5;Corey Patterson;0,828
Ken Berry;1;Wil Cordero;0,9017
Ken Berry;2;Jack Clark;0,7792
Ken Berry;3;Howie Kendrick;0,7579
Ken Berry;4;George Van Haltren;0,7544
Ken Berry;5;Mark Trumbo;0,7514
Ken Boyer;1;Johnny Bates;0,9264
Ken Boyer;2;John Hummel;0,8737
Ken Boyer;3;Omar Infante;0,8603
Ken Boyer;4;Cliff Floyd;0,8512
Ken Boyer;5;Gregg Jefferies;0,8415
Ken Caminiti;1;Robin Yount;0,9141
Ken Caminiti;2;Red Schoendienst;0,9096
Ken Caminiti;3;Germany Schaefer;0,8873
Ken Caminiti;4;Buddy Bell;0,8634
Ken Caminiti;5;Barry Bonds;0,8513
Ken Griffey;1;Brian Dozier;0,8858
Ken Griffey;2;Heinie Wagner;0,8516
Ken Griffey;3;Russ Wrightstone;0,8503
Ken Griffey;4;Mike Sweeney;0,8445
Ken Griffey;5;Sid Gordon;0,8171
Ken Henderson;1;Geoff Jenkins;0,9196
Ken Henderson;2;Bobby Higginson;0,9116
Ken Henderson;3;Mickey Owen;0,868
Ken Henderson;4;Jim Russell;0,8673
Ken Henderson;5;Sal Bando;0,8568
Ken Keltner;1;Justin Upton;0,8593
Ken Keltner;2;George Cutshaw;0,8217
Ken Keltner;3;Damian Miller;0,8074
Ken Keltner;4;Jack Warner;0,7993
Ken Keltner;5;Ed Herrmann;0,7931
Ken Landreaux;1;Tony Taylor;0,9173
Ken Landreaux;2;Ned Hanlon;0,9064
Ken Landreaux;3;Nick Swisher;0,863
Ken Landreaux;4;Willie Mays;0,8625
Ken Landreaux;5;Ken Henderson;0,8464
Ken McMullen;1;Ned Hanlon;0,8666
Ken McMullen;2;Lou Boudreau;0,854
Ken McMullen;3;Sam Wise;0,851
Ken McMullen;4;Charlie Moore;0,8428
Ken McMullen;5;Charlie Comiskey;0,8244
Ken Oberkfell;1;Bill Coughlin;0,9498
Ken Oberkfell;2;Whitey Lockman;0,8562
Ken Oberkfell;3;Buster Posey;0,8501
Ken Oberkfell;4;Lou Criger;0,844
Ken Oberkfell;5;Jerry Adair;0,8362
Ken Reitz;1;Daryl Boston;0,861
Ken Reitz;2;Bill Kuehne;0,8562
Ken Reitz;3;Al Zarilla;0,8518
Ken Reitz;4;George Gore;0,8488
Ken Reitz;5;Bill Hallman;0,8388
Ken Singleton;1;Edd Roush;0,858
Ken Singleton;2;Bobby Veach;0,8535
Ken Singleton;3;Walt Weiss;0,8163
Ken Singleton;4;Miguel Tejada;0,8046
Ken Singleton;5;Bill Spiers;0,7742
Ken Williams;1;Al Bridwell;0,9551
Ken Williams;2;Sid Gordon;0,9341
Ken Williams;3;Dante Bichette;0,9048
Ken Williams;4;Cliff Floyd;0,8944
Ken Williams;5;Johnny Bates;0,8928
Kendrys Morales;1;Dave Cash;0,8672
Kendrys Morales;2;Lou Criger;0,8426
Kendrys Morales;3;Tom Brookens;0,8373
Kendrys Morales;4;Ronnie Belliard;0,8238
Kendrys Morales;5;Cap Anson;0,8075
Kenny Lofton;1;Chris Hoiles;0,9449
Kenny Lofton;2;Leon Durham;0,8748
Kenny Lofton;3;Frank O'Rourke;0,8427
Kenny Lofton;4;Ossie Vitt;0,8419
Kenny Lofton;5;Eric Young;0,8359
Kent Hrbek;1;Doc Johnston;0,867
Kent Hrbek;2;Nick Hundley;0,8645
Kent Hrbek;3;Gary Pettis;0,8515
Kent Hrbek;4;Jim Bottomley;0,8447
Kent Hrbek;5;Buck Martinez;0,8423
Ketel Marte;1;Willie Crawford;0,9533
Ketel Marte;2;Larry Parrish;0,8509
Ketel Marte;3;Joe Quinn;0,8285
Ketel Marte;4;Tony Perez;0,8157
Ketel Marte;5;Dave Winfield;0,8124
Kevin Bass;1;Gene Alley;0,8497
Kevin Bass;2;Dave Foutz;0,8455
Kevin Bass;3;Willie Upshaw;0,8029
Kevin Bass;4;Rollie Zeider;0,802
Kevin Bass;5;Bob Fothergill;0,7932
Kevin Kiermaier;1;Freddy Parent;0,897
Kevin Kiermaier;2;Brian Jordan;0,886
Kevin Kiermaier;3;Kip Selbach;0,8818
Kevin Kiermaier;4;Bobby Wine;0,8681
Kevin Kiermaier;5;Ralph Garr;0,8403
Kevin McReynolds;1;Mike Mitchell;0,9641
Kevin McReynolds;2;Oscar Melillo;0,8886
Kevin McReynolds;3;Candy Nelson;0,8823
Kevin McReynolds;4;Damaso Garcia;0,8814
Kevin McReynolds;5;Jo-Jo Moore;0,8648
Kevin Millar;1;Tony Batista;0,8955
Kevin Millar;2;Jackie Bradley;0,8928
Kevin Millar;3;Dan Wilson;0,89
Kevin Millar;4;Steve Kemp;0,8899
Kevin Millar;5;Chuck Klein;0,8727
Kevin Mitchell;1;Aaron Hicks;0,8679
Kevin Mitchell;2;Asdrubal Cabrera;0,8624
Kevin Mitchell;3;Jerry Priddy;0,8269
Kevin Mitchell;4;Rick Dempsey;0,8249
Kevin Mitchell;5;Dexter Fowler;0,7929
Kevin Seitzer;1;Jimmy Bloodworth;0,9389
Kevin Seitzer;2;Cookie Rojas;0,7994
Kevin Seitzer;3;Hal Lanier;0,7978
Kevin Seitzer;4;Shoeless Joe Jackson;0,7778
Kevin Seitzer;5;Del Pratt;0,7763
Kevin Stocker;1;Gary Sanchez;0,9148
Kevin Stocker;2;Cecil Fielder;0,8924
Kevin Stocker;3;Johnny Gooch;0,8586
Kevin Stocker;4;Jerry Adair;0,8467
Kevin Stocker;5;Otto Miller;0,8431
Kevin Youkilis;1;Joe Torre;0,9506
Kevin Youkilis;2;Ed Konetchy;0,9182
Kevin Youkilis;3;Andrew McCutchen;0,9015
Kevin Youkilis;4;Carson Bigbee;0,9007
Kevin Youkilis;5;Javy Lopez;0,8885
Kid Elberfeld;1;Tommy Pham;0,9403
Kid Elberfeld;2;Dan Gladden;0,8708
Kid Elberfeld;3;Leon Wagner;0,8699
Kid Elberfeld;4;Art Fletcher;0,8666
Kid Elberfeld;5;Seth Smith;0,8469
Kid Gleason;1;Stan Spence;0,9171
Kid Gleason;2;Fernando Vina;0,8931
Kid Gleason;3;Kevin Youkilis;0,8713
Kid Gleason;4;Eugenio Suarez;0,8612
Kid Gleason;5;Heinie Wagner;0,8541
Kiki Cuyler;1;Wes Covington;0,8942
Kiki Cuyler;2;William Clarke;0,849
Kiki Cuyler;3;Ralph Young;0,8419
Kiki Cuyler;4;Deacon McGuire;0,8255
Kiki Cuyler;5;Gene Clines;0,7989
King Kelly;1;Steve Buechele;0,9236
King Kelly;2;Roy Cullenbine;0,8763
King Kelly;3;Connie Ryan;0,8365
King Kelly;4;George Metkovich;0,8333
King Kelly;5;John McGraw;0,8245
Kip Selbach;1;Bobby Abreu;0,8869
Kip Selbach;2;Harry Davis;0,8834
Kip Selbach;3;Jack Warner;0,8826
Kip Selbach;4;Kevin Kiermaier;0,8818
Kip Selbach;5;Ichiro Suzuki;0,8769
Kirby Puckett;1;Elbie Fletcher;0,9605
Kirby Puckett;2;Lee Stevens;0,9385
Kirby Puckett;3;Heinie Wagner;0,8876
Kirby Puckett;4;Leon Durham;0,8695
Kirby Puckett;5;Joe Dugan;0,8449
Kirk Gibson;1;Donovan Solano;0,9027
Kirk Gibson;2;Willie Montanez;0,8775
Kirk Gibson;3;Tommie Agee;0,8735
Kirk Gibson;4;Mark DeRosa;0,8723
Kirk Gibson;5;Jerry Priddy;0,8721
Kitty Bransfield;1;Billy Hatcher;0,8244
Kitty Bransfield;2;Matt Joyce;0,8059
Kitty Bransfield;3;Shoeless Joe Jackson;0,8046
Kitty Bransfield;4;Danny O'Connell;0,792
Kitty Bransfield;5;George Wright;0,7782
Kolten Wong;1;Jeff King;0,9468
Kolten Wong;2;Bill Robinson;0,9447
Kolten Wong;3;Newt Allen;0,9147
Kolten Wong;4;Jose Altuve;0,9085
Kolten Wong;5;Brian Roberts;0,9072
Kurt Suzuki;1;Jon Jay;0,8857
Kurt Suzuki;2;Mike Kreevich;0,8682
Kurt Suzuki;3;Pete Incaviglia;0,8315
Kurt Suzuki;4;Oscar Stanage;0,819
Kurt Suzuki;5;David Murphy;0,8167
Kyle Schwarber;1;Joe Quinn;0,9187
Kyle Schwarber;2;Larry Parrish;0,8793
Kyle Schwarber;3;Elliott Maddox;0,861
Kyle Schwarber;4;John Ward;0,8482
Kyle Schwarber;5;Mark Christman;0,827
Kyle Seager;1;Joe Mauer;0,8643
Kyle Seager;2;Jarrod Dyson;0,8501
Kyle Seager;3;John Shelby;0,8443
Kyle Seager;4;Joe Gordon;0,8359
Kyle Seager;5;Ival Goodman;0,8271
Lance Berkman;1;Colby Rasmus;0,9337
Lance Berkman;2;Hank Sauer;0,9138
Lance Berkman;3;Mark Teixeira;0,9025
Lance Berkman;4;Harry Davis;0,8581
Lance Berkman;5;Josh Harrison;0,8563
Lance Johnson;1;Jimmy Rollins;0,9533
Lance Johnson;2;Joey Cora;0,8839
Lance Johnson;3;John Hummel;0,8828
Lance Johnson;4;Ricky Gutierrez;0,8711
Lance Johnson;5;J. D. Martinez;0,8671
Lance Parrish;1;Bobby Adams;0,907
Lance Parrish;2;Mike Lum;0,8679
Lance Parrish;3;Vic Power;0,8117
Lance Parrish;4;Burt Shotton;0,8086
Lance Parrish;5;Brian Dozier;0,7894
Larry Bowa;1;Cameron Maybin;0,8107
Larry Bowa;2;Marco Scutaro;0,7982
Larry Bowa;3;Mark Grace;0,7885
Larry Bowa;4;Dave Henderson;0,7758
Larry Bowa;5;Robinson Cano;0,7742
Larry Doby;1;Jerry Benjamin;0,8663
Larry Doby;2;Enrique Hernandez;0,8637
Larry Doby;3;Wally Berger;0,8534
Larry Doby;4;Maikel Franco;0,8301
Larry Doby;5;Jackie Brandt;0,8159
Larry Doyle;1;Brian Dozier;0,9264
Larry Doyle;2;Mark Lemke;0,9147
Larry Doyle;3;Jim Northrup;0,9013
Larry Doyle;4;Heinie Wagner;0,8728
Larry Doyle;5;Carson Bigbee;0,8577
Larry Gardner;1;Felipe Lopez;0,8953
Larry Gardner;2;Jim King;0,8611
Larry Gardner;3;Cody Bellinger;0,8338
Larry Gardner;4;David Freese;0,8251
Larry Gardner;5;Darryl Hamilton;0,7913
Larry Herndon;1;Granny Hamner;0,8943
Larry Herndon;2;Mickey Mantle;0,843
Larry Herndon;3;Buck Martinez;0,8352
Larry Herndon;4;Jerry Remy;0,8252
Larry Herndon;5;Brent Mayne;0,8233
Larry Hisle;1;Jay Johnstone;0,962
Larry Hisle;2;Yadier Molina;0,9165
Larry Hisle;3;Danny Litwhiler;0,9082
Larry Hisle;4;Edgar Renteria;0,8945
Larry Hisle;5;Joe Adcock;0,894
Larry Parrish;1;Kyle Schwarber;0,8793
Larry Parrish;2;Ketel Marte;0,8509
Larry Parrish;3;Elliott Maddox;0,8432
Larry Parrish;4;Mike Lansing;0,8366
Larry Parrish;5;Ferris Fain;0,8063
Larry Walker;1;Joe Oliver;0,9097
Larry Walker;2;Bill Killefer;0,8423
Larry Walker;3;Davey Johnson;0,8279
Larry Walker;4;Paul Radford;0,8006
Larry Walker;5;Germany Schaefer;0,7994
Lave Cross;1;Glenn Wright;0,9082
Lave Cross;2;Red Rolfe;0,9045
Lave Cross;3;Jerry Morales;0,8784
Lave Cross;4;Russ Wrightstone;0,8698
Lave Cross;5;Hack Wilson;0,8304
Lee Handley;1;Tony Clark;0,9121
Lee Handley;2;Jerry Morales;0,9036
Lee Handley;3;Luis Aparicio;0,9023
Lee Handley;4;Lloyd Waner;0,8987
Lee Handley;5;Evan Longoria;0,8829
Lee Lacy;1;Mickey Owen;0,895
Lee Lacy;2;Deivi Cruz;0,8253
Lee Lacy;3;Eddie Mathews;0,8172
Lee Lacy;4;Harold Reynolds;0,8146
Lee Lacy;5;Doug Mientkiewicz;0,8024
Lee May;1;Elmer Smith;0,9285
Lee May;2;Frank Chance;0,9188
Lee May;3;Pat Meares;0,8924
Lee May;4;Tom Paciorek;0,8921
Lee May;5;George Kelly;0,877
Lee Maye;1;Vance Law;0,8444
Lee Maye;2;Barry Bonnell;0,804
Lee Maye;3;Jose Hernandez;0,7781
Lee Maye;4;Isiah Kiner-Falefa;0,7736
Lee Maye;5;Todd Walker;0,7714
Lee Stevens;1;Chick Hafey;0,9576
Lee Stevens;2;Elbie Fletcher;0,9441
Lee Stevens;3;Brian Giles;0,939
Lee Stevens;4;Kirby Puckett;0,9385
Lee Stevens;5;Gorman Thomas;0,9327
Lee Tannehill;1;Mark Grace;0,9009
Lee Tannehill;2;Miller Huggins;0,8304
Lee Tannehill;3;Billy Cox;0,828
Lee Tannehill;4;Deacon McGuire;0,8216
Lee Tannehill;5;Bill Mueller;0,8189
Lenny Dykstra;1;Walt Wilmot;0,8761
Lenny Dykstra;2;Gary Pettis;0,836
Lenny Dykstra;3;Tillie Walker;0,8331
Lenny Dykstra;4;Birdie Tebbetts;0,8259
Lenny Dykstra;5;Joe Kuhel;0,8201
Lenny Randle;1;Bob Watson;0,9481
Lenny Randle;2;Marwin Gonzalez;0,8803
Lenny Randle;3;Howard Johnson;0,8733
Lenny Randle;4;Roger Connor;0,8582
Lenny Randle;5;Ed Kirkpatrick;0,8418
Leo Cardenas;1;Jim Davenport;0,8626
Leo Cardenas;2;Curt Walker;0,8444
Leo Cardenas;3;Doug Flynn;0,8336
Leo Cardenas;4;Denny Lyons;0,8095
Leo Cardenas;5;Mike Scioscia;0,7891
Leo Durocher;1;Luis Salazar;0,8756
Leo Durocher;2;Vic Davalillo;0,831
Leo Durocher;3;Doc Johnston;0,8158
Leo Durocher;4;Lee Tannehill;0,7769
Leo Durocher;5;Pat Burrell;0,7616
Leon Durham;1;Joe Cronin;0,9496
Leon Durham;2;Brandon Inge;0,9195
Leon Durham;3;Joe Kelley;0,9174
Leon Durham;4;Jim Thome;0,9116
Leon Durham;5;Eric Young;0,8996
Leon Wagner;1;George LaChance;0,9134
Leon Wagner;2;Barry McCormick;0,8926
Leon Wagner;3;Chris Iannetta;0,8731
Leon Wagner;4;Kid Elberfeld;0,8699
Leon Wagner;5;Art Fletcher;0,8664
Les Mann;1;Luis Gonzalez;0,9021
Les Mann;2;Terry Turner;0,8617
Les Mann;3;Sam Thompson;0,8558
Les Mann;4;Derek Bell;0,838
Les Mann;5;Red Dooin;0,8167
Lew Fonseca;1;Roy Cullenbine;0,9557
Lew Fonseca;2;Ed Williamson;0,9183
Lew Fonseca;3;Cecil Cooper;0,8701
Lew Fonseca;4;Skeeter Newsome;0,8694
Lew Fonseca;5;Casey Blake;0,8621
Lloyd Moseby;1;Mickey Morandini;0,8782
Lloyd Moseby;2;George Davis;0,8749
Lloyd Moseby;3;Irish Meusel;0,8637
Lloyd Moseby;4;Eric Karros;0,8606
Lloyd Moseby;5;Aaron Hicks;0,846
Lloyd Waner;1;Lee Handley;0,8987
Lloyd Waner;2;Tony Batista;0,8966
Lloyd Waner;3;Buck Freeman;0,8637
Lloyd Waner;4;Ian Kinsler;0,8522
Lloyd Waner;5;John Peters;0,8457
Logan Morrison;1;Dan McGann;0,9117
Logan Morrison;2;Ed Bailey;0,8933
Logan Morrison;3;Orator Shafer;0,8908
Logan Morrison;4;Tony Oliva;0,8634
Logan Morrison;5;Rick Manning;0,8496
Lonnie Smith;1;Ron Hunt;0,8135
Lonnie Smith;2;Bob Johnson;0,7944
Lonnie Smith;3;Frank Schulte;0,785
Lonnie Smith;4;Gene Clines;0,7784
Lonnie Smith;5;Jake Beckley;0,7761
Lonny Frey;1;Kelly Johnson;0,9162
Lonny Frey;2;Ron Hassey;0,8556
Lonny Frey;3;Bobby Avila;0,8431
Lonny Frey;4;George Case;0,8378
Lonny Frey;5;Michael Tucker;0,8335
Lorenzo Cain;1;Troy Tulowitzki;0,8556
Lorenzo Cain;2;Rafael Furcal;0,8493
Lorenzo Cain;3;Hughie Jennings;0,8473
Lorenzo Cain;4;Clyde Milan;0,8272
Lorenzo Cain;5;Andrew McCutchen;0,8197
Lou Bierbauer;1;Ival Goodman;0,8575
Lou Bierbauer;2;George Gibson;0,8378
Lou Bierbauer;3;Gene Woodling;0,8317
Lou Bierbauer;4;Johnny Damon;0,8242
Lou Bierbauer;5;Charlie Gehringer;0,7683
Lou Boudreau;1;Sibby Sisti;0,8573
Lou Boudreau;2;Ken McMullen;0,854
Lou Boudreau;3;Russ Wrightstone;0,8532
Lou Boudreau;4;Glenn Wright;0,849
Lou Boudreau;5;Bernard Gilkey;0,8435
Lou Brock;1;Bob Skinner;0,8679
Lou Brock;2;Bob Watson;0,8569
Lou Brock;3;Mike Stanley;0,8444
Lou Brock;4;Derrel Thomas;0,8367
Lou Brock;5;Dee Strange-Gordon;0,834
Lou Criger;1;Roy Thomas;0,9056
Lou Criger;2;Fielder Jones;0,8754
Lou Criger;3;Whitey Lockman;0,8742
Lou Criger;4;George Case;0,868
Lou Criger;5;Luke Scott;0,853
Lou Finney;1;Jeff King;0,885
Lou Finney;2;Newt Allen;0,8803
Lou Finney;3;Paul O'Neill;0,8271
Lou Finney;4;Cliff Carroll;0,8259
Lou Finney;5;Kolten Wong;0,8143
Lou Gehrig;1;Ed Kirkpatrick;0,8913
Lou Gehrig;2;Bob O'Farrell;0,8642
Lou Gehrig;3;Gorman Thomas;0,8496
Lou Gehrig;4;Mike Lieberthal;0,8189
Lou Gehrig;5;Lee Stevens;0,8024
Lou Piniella;1;Justin Smoak;0,9296
Lou Piniella;2;Frankie Gustine;0,8599
Lou Piniella;3;Casey Stengel;0,8572
Lou Piniella;4;Terry Pendleton;0,7846
Lou Piniella;5;Wally Backman;0,7763
Lou Whitaker;1;Cliff Carroll;0,8421
Lou Whitaker;2;George Scott;0,8166
Lou Whitaker;3;Ken McMullen;0,8067
Lou Whitaker;4;Charles Zimmer;0,7895
Lou Whitaker;5;Don Kolloway;0,7786
Lourdes Gurriel;1;Cal Ripken;0,9036
Lourdes Gurriel;2;James Casey;0,894
Lourdes Gurriel;3;Wally Moses;0,8892
Lourdes Gurriel;4;Yuniesky Betancourt;0,8611
Lourdes Gurriel;5;Jo-Jo White;0,8583
Lu Blue;1;Wally Backman;0,9027
Lu Blue;2;Peanuts Lowrey;0,8356
Lu Blue;3;Angel Pagan;0,8075
Lu Blue;4;Dexter Fowler;0,7861
Lu Blue;5;Reed Johnson;0,755
Luis Alicea;1;Gene Tenace;0,9186
Luis Alicea;2;George Gibson;0,8887
Luis Alicea;3;Deivi Cruz;0,8837
Luis Alicea;4;Brian Roberts;0,8816
Luis Alicea;5;Tommy McCarthy;0,88
Luis Aparicio;1;Lee Handley;0,9023
Luis Aparicio;2;Paul Sorrento;0,8627
Luis Aparicio;3;Brandon Belt;0,8396
Luis Aparicio;4;Don Mueller;0,8388
Luis Aparicio;5;Jarrod Dyson;0,8327
Luis Castillo;1;Ernie Whitt;0,8937
Luis Castillo;2;Geoff Jenkins;0,893
Luis Castillo;3;John Reilly;0,8552
Luis Castillo;4;Chris Hoiles;0,8499
Luis Castillo;5;Billy Shindle;0,835
Luis Gonzalez;1;Les Mann;0,9021
Luis Gonzalez;2;Willie Crawford;0,8425
Luis Gonzalez;3;Bob Skinner;0,809
Luis Gonzalez;4;John Shelby;0,8031
Luis Gonzalez;5;Roger Metzger;0,7953
Luis Polonia;1;Jacque Jones;0,9108
Luis Polonia;2;Johnny Logan;0,8464
Luis Polonia;3;Julian Javier;0,825
Luis Polonia;4;Glenn Wilson;0,7742
Luis Polonia;5;Carl Furillo;0,772
Luis Salazar;1;Leo Durocher;0,8756
Luis Salazar;2;Pat Burrell;0,7932
Luis Salazar;3;Hans Lobert;0,7625
Luis Salazar;4;Tom Brookens;0,7554
Luis Salazar;5;Vic Davalillo;0,7403
Luis Valbuena;1;Alex Rodriguez;0,9028
Luis Valbuena;2;Brent Mayne;0,871
Luis Valbuena;3;Jimmy Rollins;0,8654
Luis Valbuena;4;Roy Sievers;0,8515
Luis Valbuena;5;Bob Boone;0,8502
Luke Appling;1;Russ Wrightstone;0,9289
Luke Appling;2;Carson Bigbee;0,8789
Luke Appling;3;Heinie Wagner;0,8342
Luke Appling;4;Roy Hartzell;0,8314
Luke Appling;5;Denny Doyle;0,8189
Luke Scott;1;Gordon Beckham;0,96
Luke Scott;2;Hughie Critz;0,8896
Luke Scott;3;Richie Zisk;0,8804
Luke Scott;4;Lou Criger;0,853
Luke Scott;5;Neifi Perez;0,852
Luke Sewell;1;Walter Holke;0,8862
Luke Sewell;2;Barry Bonnell;0,8753
Luke Sewell;3;Mickey Hatcher;0,8568
Luke Sewell;4;Jerry Denny;0,846
Luke Sewell;5;Bob O'Farrell;0,819
Lyle Overbay;1;Rube Bressler;0,9274
Lyle Overbay;2;Joe Cunningham;0,8903
Lyle Overbay;3;Damian Miller;0,8689
Lyle Overbay;4;Billy Sullivan;0,8522
Lyle Overbay;5;Doug Mientkiewicz;0,8326
Lyn Lary;1;Clete Boyer;0,8608
Lyn Lary;2;Doc Johnston;0,7979
Lyn Lary;3;Paul Konerko;0,7742
Lyn Lary;4;Hal Lanier;0,7716
Lyn Lary;5;William Clarke;0,7599
Mack Jones;1;Tom Daly;0,9095
Mack Jones;2;Ron Gant;0,9063
Mack Jones;3;Ricky Gutierrez;0,8976
Mack Jones;4;Bud Harrelson;0,8935
Mack Jones;5;Abner Dalrymple;0,8893
Magglio Ordonez;1;Carlos Baerga;0,9035
Magglio Ordonez;2;Elbie Fletcher;0,8873
Magglio Ordonez;3;Cookie Lavagetto;0,8515
Magglio Ordonez;4;Jose Vizcaino;0,8494
Magglio Ordonez;5;Frankie Hayes;0,8488
Maicer Izturis;1;Chris Young;0,9427
Maicer Izturis;2;Maikel Franco;0,9236
Maicer Izturis;3;Germany Smith;0,9033
Maicer Izturis;4;Virgil Davis;0,8904
Maicer Izturis;5;Willie Keeler;0,889
Maikel Franco;1;Randal Grichuk;0,9322
Maikel Franco;2;Maicer Izturis;0,9236
Maikel Franco;3;B. J. Upton;0,9142
Maikel Franco;4;Chris Young;0,8876
Maikel Franco;5;Monte Irvin;0,8653
Malachi Kittridge;1;Jerry Priddy;0,9263
Malachi Kittridge;2;Tommie Agee;0,8019
Malachi Kittridge;3;Kevin Mitchell;0,7755
Malachi Kittridge;4;Donovan Solano;0,744
Malachi Kittridge;5;Tommy Corcoran;0,7417
Manny Machado;1;Eddie Stanky;0,9031
Manny Machado;2;Bob Skinner;0,8678
Manny Machado;3;Marcus Semien;0,8423
Manny Machado;4;Jurickson Profar;0,8327
Manny Machado;5;Bill Killefer;0,8234
Manny Mota;1;Ed Kirkpatrick;0,9315
Manny Mota;2;Vince DiMaggio;0,8479
Manny Mota;3;Bob O'Farrell;0,8454
Manny Mota;4;Vladimir Guerrero;0,8065
Manny Mota;5;Felix Millan;0,8007
Manny Ramirez;1;John Hummel;0,9056
Manny Ramirez;2;Buck Martinez;0,9
Manny Ramirez;3;Hank Severeid;0,8989
Manny Ramirez;4;Eddie Joost;0,8956
Manny Ramirez;5;Frank Snyder;0,8815
Manny Sanguillen;1;Bobby Abreu;0,8653
Manny Sanguillen;2;Bert Campaneris;0,8544
Manny Sanguillen;3;Rob Deer;0,8349
Manny Sanguillen;4;Judy Johnson;0,8303
Manny Sanguillen;5;Felipe Lopez;0,8081
Manny Trillo;1;Granny Hamner;0,8049
Manny Trillo;2;Jack Manning;0,7956
Manny Trillo;3;Wes Parker;0,788
Manny Trillo;4;Charley Jones;0,7834
Manny Trillo;5;Chick Hafey;0,7828
Marcell Ozuna;1;Germany Schaefer;0,857
Marcell Ozuna;2;Matty McIntyre;0,8374
Marcell Ozuna;3;Joe Oliver;0,8256
Marcell Ozuna;4;Charley O'Leary;0,7992
Marcell Ozuna;5;Don Buford;0,7827
Marco Scutaro;1;Juan Gonzalez;0,8683
Marco Scutaro;2;Aramis Ramirez;0,8208
Marco Scutaro;3;Herman Long;0,8085
Marco Scutaro;4;Doc Johnston;0,7982
Marco Scutaro;5;Larry Bowa;0,7982
Marcus Semien;1;Bill Killefer;0,8888
Marcus Semien;2;John Milligan;0,8782
Marcus Semien;3;Eddie Stanky;0,8549
Marcus Semien;4;Manny Machado;0,8423
Marcus Semien;5;Davey Johnson;0,8222
Mariano Duncan;1;Donovan Solano;0,9499
Mariano Duncan;2;John Olerud;0,8916
Mariano Duncan;3;Dave Concepcion;0,8797
Mariano Duncan;4;Ivan Rodriguez;0,835
Mariano Duncan;5;Whitey Witt;0,8276
Mark Belanger;1;Doug Mientkiewicz;0,9328
Mark Belanger;2;Jamey Carroll;0,8385
Mark Belanger;3;Gus Zernial;0,8196
Mark Belanger;4;Will Clark;0,8161
Mark Belanger;5;Max Muncy;0,8135
Mark Christman;1;Jim Rice;0,9704
Mark Christman;2;Carl Everett;0,8828
Mark Christman;3;Jerry Lumpe;0,8801
Mark Christman;4;Norm Siebern;0,872
Mark Christman;5;Home Run Baker;0,8546
Mark DeRosa;1;Tommie Agee;0,9343
Mark DeRosa;2;Steve Brodie;0,897
Mark DeRosa;3;Carney Lansford;0,8934
Mark DeRosa;4;Johnny Hopp;0,8822
Mark DeRosa;5;Dave Collins;0,8784
Mark Ellis;1;Alex Cora;0,9148
Mark Ellis;2;Ossie Vitt;0,8828
Mark Ellis;3;Omar Moreno;0,8472
Mark Ellis;4;Chick Stahl;0,8445
Mark Ellis;5;Tim Salmon;0,8374
Mark Grace;1;Lee Tannehill;0,9009
Mark Grace;2;Jose Cardenal;0,7936
Mark Grace;3;Larry Bowa;0,7885
Mark Grace;4;John Milner;0,7843
Mark Grace;5;Cy Williams;0,778
Mark Grudzielanek;1;Jose Vizcaino;0,8783
Mark Grudzielanek;2;Glenn Hubbard;0,8585
Mark Grudzielanek;3;Clint Thomas;0,8517
Mark Grudzielanek;4;Mark Lemke;0,8466
Mark Grudzielanek;5;Mike Lum;0,8423
Mark Koenig;1;Rube Bressler;0,8889
Mark Koenig;2;Joe Cunningham;0,88
Mark Koenig;3;Tommy Davis;0,8681
Mark Koenig;4;Nate McLouth;0,857
Mark Koenig;5;Felipe Lopez;0,8559
Mark Kotsay;1;Bill Rariden;0,8851
Mark Kotsay;2;Troy Tulowitzki;0,8646
Mark Kotsay;3;Jackie Jensen;0,8397
Mark Kotsay;4;Bud Harrelson;0,8379
Mark Kotsay;5;Phil Nevin;0,83
Mark Lemke;1;Albert Belle;0,9188
Mark Lemke;2;Larry Doyle;0,9147
Mark Lemke;3;Heinie Wagner;0,9131
Mark Lemke;4;Michael Young;0,9043
Mark Lemke;5;Adam Jones;0,9023
Mark Loretta;1;Bernie Friberg;0,9166
Mark Loretta;2;George Metkovich;0,8986
Mark Loretta;3;Bucky Dent;0,7964
Mark Loretta;4;Dom DiMaggio;0,7955
Mark Loretta;5;Orator Shafer;0,7865
Mark McGwire;1;Harry Heilmann;0,8182
Mark McGwire;2;Michael Barrett;0,8096
Mark McGwire;3;Mike Dorgan;0,808
Mark McGwire;4;Daniel Murphy;0,7766
Mark McGwire;5;Joe Morgan;0,7652
Mark McLemore;1;Jeff King;0,8917
Mark McLemore;2;Kolten Wong;0,8888
Mark McLemore;3;Newt Allen;0,8726
Mark McLemore;4;Jack Wilson;0,8658
Mark McLemore;5;John Hummel;0,8634
Mark Reynolds;1;Juan Rivera;0,9622
Mark Reynolds;2;Buck Freeman;0,919
Mark Reynolds;3;Hurley McNair;0,8648
Mark Reynolds;4;Dan Uggla;0,8623
Mark Reynolds;5;Barry McCormick;0,8498
Mark Teixeira;1;George Kelly;0,9142
Mark Teixeira;2;Elmer Smith;0,9032
Mark Teixeira;3;Wally Gerber;0,9031
Mark Teixeira;4;Lance Berkman;0,9025
Mark Teixeira;5;Pat Meares;0,8908
Mark Trumbo;1;Dick Green;0,9074
Mark Trumbo;2;Adrian Beltre;0,8975
Mark Trumbo;3;Jeff Burroughs;0,8607
Mark Trumbo;4;Wally Joyner;0,8583
Mark Trumbo;5;Bill Tuttle;0,8135
Marlon Byrd;1;Doc Bushong;0,9346
Marlon Byrd;2;Gene Freese;0,8764
Marlon Byrd;3;Roy Johnson;0,8671
Marlon Byrd;4;Elliott Maddox;0,8666
Marlon Byrd;5;Matty Alou;0,8376
Marquis Grissom;1;Glenn Beckert;0,8518
Marquis Grissom;2;Jackie Jensen;0,8478
Marquis Grissom;3;Ed Taubensee;0,8326
Marquis Grissom;4;Randy Winn;0,8312
Marquis Grissom;5;Bill Rariden;0,8011
Martin Maldonado;1;Jason Heyward;0,9419
Martin Maldonado;2;Clint Barmes;0,8916
Martin Maldonado;3;Brian McCann;0,8835
Martin Maldonado;4;Tommy Pham;0,8759
Martin Maldonado;5;Todd Frazier;0,8632
Martin Prado;1;George Wright;0,8728
Martin Prado;2;Bob Meusel;0,8183
Martin Prado;3;John Flaherty;0,8138
Martin Prado;4;Ted Sizemore;0,7992
Martin Prado;5;Evan Longoria;0,7969
Marty Cordova;1;David Bell;0,8677
Marty Cordova;2;Don Mincher;0,8213
Marty Cordova;3;Bert Campaneris;0,8156
Marty Cordova;4;Jim O'Rourke;0,8137
Marty Cordova;5;Otto Miller;0,7841
Marty Marion;1;Joe Girardi;0,9496
Marty Marion;2;Tito Fuentes;0,815
Marty Marion;3;Bingo DeMoss;0,8133
Marty Marion;4;Edgardo Alfonzo;0,8099
Marty Marion;5;Guy Hecker;0,7986
Marty McManus;1;Willie Upshaw;0,9352
Marty McManus;2;Branch Russell;0,9039
Marty McManus;3;Chick Gandil;0,8754
Marty McManus;4;Rabbit Warstler;0,8677
Marty McManus;5;Harold Reynolds;0,8551
Marwin Gonzalez;1;Bill Terry;0,9594
Marwin Gonzalez;2;Howard Johnson;0,9187
Marwin Gonzalez;3;Cy Seymour;0,8973
Marwin Gonzalez;4;Denny Doyle;0,8813
Marwin Gonzalez;5;Carlos Ruiz;0,8805
Matt Carpenter;1;Fred Schulte;0,9382
Matt Carpenter;2;Jeff Cirillo;0,9253
Matt Carpenter;3;Bucky Harris;0,8966
Matt Carpenter;4;Willie Montanez;0,8927
Matt Carpenter;5;Chone Figgins;0,8908
Matt Chapman;1;David Freese;0,859
Matt Chapman;2;Russell Martin;0,8469
Matt Chapman;3;Frank McCormick;0,8398
Matt Chapman;4;Birdie Tebbetts;0,8038
Matt Chapman;5;Rafael Ramirez;0,7599
Matt Holliday;1;Bob Bescher;0,9063
Matt Holliday;2;Rabbit Warstler;0,9006
Matt Holliday;3;Lee Stevens;0,8984
Matt Holliday;4;Arky Vaughan;0,8922
Matt Holliday;5;Dansby Swanson;0,89
Matt Joyce;1;Corey Koskie;0,8655
Matt Joyce;2;George Wright;0,8264
Matt Joyce;3;Peanuts Lowrey;0,8222
Matt Joyce;4;Kitty Bransfield;0,8059
Matt Joyce;5;Dewey Creacy;0,7982
Matt Kemp;1;Frank Isbell;0,9025
Matt Kemp;2;Guy Hecker;0,8868
Matt Kemp;3;John Shelby;0,8504
Matt Kemp;4;Johnny Temple;0,8201
Matt Kemp;5;Frank LaPorte;0,8038
Matt Lawton;1;Dan Meyer;0,9446
Matt Lawton;2;Paul Blair;0,9171
Matt Lawton;3;Paul Hines;0,8705
Matt Lawton;4;Burt Shotton;0,8424
Matt Lawton;5;Bobby Adams;0,8285
Matt Olson;1;Dave May;0,8935
Matt Olson;2;Charlie Comiskey;0,8839
Matt Olson;3;Chad Curtis;0,8825
Matt Olson;4;Butch Wynegar;0,8426
Matt Olson;5;Charlie Moore;0,8072
Matt Stairs;1;Jeff Francoeur;0,9331
Matt Stairs;2;Rob Deer;0,8374
Matt Stairs;3;Topsy Hartsel;0,8367
Matt Stairs;4;Gene Clines;0,811
Matt Stairs;5;Dal Maxvill;0,7952
Matt Wieters;1;Clint Barmes;0,9174
Matt Wieters;2;Rusty Greer;0,895
Matt Wieters;3;Ozzie Albies;0,8637
Matt Wieters;4;Eddie Rosario;0,8521
Matt Wieters;5;Adam Kennedy;0,8435
Matt Williams;1;Eddie Stanky;0,901
Matt Williams;2;Bill Killefer;0,831
Matt Williams;3;Lou Finney;0,8132
Matt Williams;4;Jeff King;0,812
Matt Williams;5;Jim Eisenreich;0,8036
Matty Alou;1;Doc Bushong;0,9408
Matty Alou;2;Otto Knabe;0,8858
Matty Alou;3;Damion Easley;0,868
Matty Alou;4;Tommie Agee;0,8636
Matty Alou;5;Marlon Byrd;0,8376
Matty McIntyre;1;Bob Elliott;0,9047
Matty McIntyre;2;DJ LeMahieu;0,8894
Matty McIntyre;3;Marcell Ozuna;0,8374
Matty McIntyre;4;Charley O'Leary;0,8264
Matty McIntyre;5;Jeffrey Leonard;0,7901
Maury Wills;1;Jimmy Archer;0,9447
Maury Wills;2;Cookie Lavagetto;0,9063
Maury Wills;3;Bob Bescher;0,8925
Maury Wills;4;Rabbit Warstler;0,8505
Maury Wills;5;Willie Upshaw;0,8456
Max Bishop;1;Phil Masi;0,8774
Max Bishop;2;Bob Nieman;0,8191
Max Bishop;3;Sherm Lollar;0,8185
Max Bishop;4;Bill Bruton;0,8115
Max Bishop;5;Jack Boyle;0,8068
Max Carey;1;Gene Clines;0,9016
Max Carey;2;Birdie Tebbetts;0,8982
Max Carey;3;Gary Pettis;0,8018
Max Carey;4;Wes Covington;0,7636
Max Carey;5;Matt Chapman;0,7422
Max Flack;1;John Briggs;0,936
Max Flack;2;Johnny Rawlings;0,8791
Max Flack;3;Roy Cullenbine;0,8441
Max Flack;4;Ed Williamson;0,8331
Max Flack;5;Al Zarilla;0,8297
Max Kepler;1;Gary Disarcina;0,9035
Max Kepler;2;Jorge Soler;0,8997
Max Kepler;3;Mike Devereaux;0,8859
Max Kepler;4;Eddie Waitkus;0,8347
Max Kepler;5;Bake McBride;0,8261
Max Muncy;1;Jamey Carroll;0,9438
Max Muncy;2;Bill Buckner;0,9376
Max Muncy;3;Willson Contreras;0,904
Max Muncy;4;Jesus Alou;0,8929
Max Muncy;5;Tom Burns;0,8338
Mel Hall;1;Geoff Blum;0,911
Mel Hall;2;Pablo Sandoval;0,8461
Mel Hall;3;Jimmy Williams;0,833
Mel Hall;4;Charlie Irwin;0,8187
Mel Hall;5;Earl Torgeson;0,8059
Mel Ott;1;Phil Masi;0,8205
Mel Ott;2;Josh Harrison;0,8186
Mel Ott;3;Bip Roberts;0,7859
Mel Ott;4;Don Mincher;0,7405
Mel Ott;5;David Bell;0,7178
Melky Cabrera;1;Jackie Hayes;0,7896
Melky Cabrera;2;Frank Snyder;0,7525
Melky Cabrera;3;Ralph Young;0,7372
Melky Cabrera;4;Josh Reddick;0,7325
Melky Cabrera;5;Hi Myers;0,732
Melvin Mora;1;Elliott Maddox;0,9351
Melvin Mora;2;Cesar Tovar;0,9317
Melvin Mora;3;Jesse Barfield;0,8488
Melvin Mora;4;Mark Lemke;0,8444
Melvin Mora;5;Mike Lansing;0,8369
Michael Barrett;1;Richie Ashburn;0,901
Michael Barrett;2;Emmett Seery;0,8629
Michael Barrett;3;Bob Kennedy;0,8403
Michael Barrett;4;Harry Heilmann;0,8379
Michael Barrett;5;Jose Reyes;0,824
Michael Bourn;1;Jose Vizcaino;0,9454
Michael Bourn;2;Pete O'Brien;0,9278
Michael Bourn;3;Jim Landis;0,9262
Michael Bourn;4;George Kelly;0,9103
Michael Bourn;5;Jimmy Archer;0,8865
Michael Brantley;1;Edgar Martinez;0,9331
Michael Brantley;2;Brian Dozier;0,8938
Michael Brantley;3;Bid McPhee;0,8909
Michael Brantley;4;Daryl Boston;0,8885
Michael Brantley;5;Don Kessinger;0,8871
Michael Conforto;1;Miguel Montero;0,9207
Michael Conforto;2;Juan Pierre;0,9003
Michael Conforto;3;Ty Wigginton;0,8981
Michael Conforto;4;Aaron Rowand;0,8927
Michael Conforto;5;Chris Speier;0,8844
Michael Cuddyer;1;Joe Kuhel;0,9036
Michael Cuddyer;2;Ed Kirkpatrick;0,9021
Michael Cuddyer;3;Jerry Browne;0,8438
Michael Cuddyer;4;Dwayne Murphy;0,838
Michael Cuddyer;5;Victor Martinez;0,8201
Michael Taylor;1;Jim King;0,9103
Michael Taylor;2;Tommy Davis;0,893
Michael Taylor;3;Shannon Stewart;0,8806
Michael Taylor;4;Ducky Holmes;0,8766
Michael Taylor;5;Nick Markakis;0,8608
Michael Tucker;1;Fred Dunlap;0,9151
Michael Tucker;2;Wes Helms;0,8487
Michael Tucker;3;Joe Mauer;0,8343
Michael Tucker;4;Lonny Frey;0,8335
Michael Tucker;5;Joe Vosmik;0,8161
Michael Young;1;Heinie Wagner;0,9236
Michael Young;2;Frank Taveras;0,9198
Michael Young;3;Mark Lemke;0,9043
Michael Young;4;Lee Stevens;0,8609
Michael Young;5;Bill Rariden;0,8597
Mickey Cochrane;1;Joey Cora;0,9106
Mickey Cochrane;2;Nellie Fox;0,8695
Mickey Cochrane;3;Bill McClellan;0,8575
Mickey Cochrane;4;Bill Phillips;0,8356
Mickey Cochrane;5;Everett Scott;0,8215
Mickey Doolin;1;Rajai Davis;0,8087
Mickey Doolin;2;Minnie Miñoso;0,7741
Mickey Doolin;3;Butch Wynegar;0,7468
Mickey Doolin;4;Hubie Brooks;0,7384
Mickey Doolin;5;Wade Boggs;0,736
Mickey Hatcher;1;Bob O'Farrell;0,9203
Mickey Hatcher;2;Dolph Camilli;0,8937
Mickey Hatcher;3;Pat Kelly;0,8884
Mickey Hatcher;4;John Henry Russell;0,8883
Mickey Hatcher;5;Ian Desmond;0,8878
Mickey Mantle;1;John Hummel;0,9568
Mickey Mantle;2;Johnny Bates;0,9036
Mickey Mantle;3;Jim Hickman;0,8442
Mickey Mantle;4;Larry Herndon;0,843
Mickey Mantle;5;Jerry Remy;0,8404
Mickey Morandini;1;Travis Jackson;0,912
Mickey Morandini;2;Mickey Rivers;0,8806
Mickey Morandini;3;Tommy McCarthy;0,8801
Mickey Morandini;4;Lloyd Moseby;0,8782
Mickey Morandini;5;Byron Buxton;0,8712
Mickey Owen;1;Aubrey Huff;0,961
Mickey Owen;2;Geoff Jenkins;0,9011
Mickey Owen;3;Lee Lacy;0,895
Mickey Owen;4;Eddie Mathews;0,8706
Mickey Owen;5;Ken Henderson;0,868
Mickey Rivers;1;Travis Jackson;0,8831
Mickey Rivers;2;Mickey Morandini;0,8806
Mickey Rivers;3;George Gibson;0,8672
Mickey Rivers;4;George Whitted;0,856
Mickey Rivers;5;Germany Schaefer;0,8405
Mickey Stanley;1;Alex Rodriguez;0,8753
Mickey Stanley;2;Dan Gladden;0,832
Mickey Stanley;3;Wil Myers;0,829
Mickey Stanley;4;Gil McDougald;0,8228
Mickey Stanley;5;Emmett Seery;0,7812
Mickey Tettleton;1;Bob Nieman;0,9603
Mickey Tettleton;2;Johnny Bates;0,8924
Mickey Tettleton;3;Charlie Ganzel;0,8638
Mickey Tettleton;4;Ken Caminiti;0,8495
Mickey Tettleton;5;Brian Downing;0,8443
Mickey Vernon;1;Ival Goodman;0,8414
Mickey Vernon;2;Mike Lum;0,8267
Mickey Vernon;3;Miguel Cairo;0,8225
Mickey Vernon;4;Kyle Seager;0,7708
Mickey Vernon;5;Glenn Hubbard;0,7557
Miguel Cabrera;1;George Gibson;0,9219
Miguel Cabrera;2;Glenallen Hill;0,8681
Miguel Cabrera;3;George Whitted;0,8681
Miguel Cabrera;4;Germany Schaefer;0,85
Miguel Cabrera;5;Deivi Cruz;0,8453
Miguel Cairo;1;Ron Hassey;0,8746
Miguel Cairo;2;Mickey Vernon;0,8225
Miguel Cairo;3;David Murphy;0,7803
Miguel Cairo;4;Jarrod Dyson;0,7793
Miguel Cairo;5;Ival Goodman;0,7607
Miguel Montero;1;Michael Conforto;0,9207
Miguel Montero;2;Chris Speier;0,9074
Miguel Montero;3;Ty Wigginton;0,8708
Miguel Montero;4;Tim McCarver;0,8541
Miguel Montero;5;Ival Goodman;0,8337
Miguel Olivo;1;Dave Parker;0,9462
Miguel Olivo;2;Bill Nicholson;0,9296
Miguel Olivo;3;Brandon Belt;0,9258
Miguel Olivo;4;Glenn Hubbard;0,8893
Miguel Olivo;5;Orlando Hudson;0,878
Miguel Rojas;1;Gary Redus;0,8685
Miguel Rojas;2;Sparky Adams;0,8599
Miguel Rojas;3;Fred Tenney;0,8584
Miguel Rojas;4;Terry Puhl;0,85
Miguel Rojas;5;Abner Dalrymple;0,8065
Miguel Tejada;1;Muddy Ruel;0,8902
Miguel Tejada;2;Joey Cora;0,8825
Miguel Tejada;3;John McGraw;0,8651
Miguel Tejada;4;Dean Palmer;0,8643
Miguel Tejada;5;Randy Velarde;0,8612
Mike Bordick;1;George Whitted;0,9004
Mike Bordick;2;Pop Smith;0,8944
Mike Bordick;3;Roger Peckinpaugh;0,8527
Mike Bordick;4;Steve O'Neill;0,7976
Mike Bordick;5;Billy Nash;0,73
Mike Cameron;1;Damaso Garcia;0,9048
Mike Cameron;2;Billy Rogell;0,875
Mike Cameron;3;Candy Nelson;0,8739
Mike Cameron;4;Cesar Geronimo;0,8255
Mike Cameron;5;George Shoch;0,8119
Mike Devereaux;1;Max Kepler;0,8859
Mike Devereaux;2;Billy Hoy;0,8751
Mike Devereaux;3;Bobby Grich;0,8663
Mike Devereaux;4;Jorge Soler;0,8612
Mike Devereaux;5;Eddie Waitkus;0,8353
Mike Donlin;1;Adrian Gonzalez;0,9423
Mike Donlin;2;Chase Utley;0,92
Mike Donlin;3;Joe DiMaggio;0,9086
Mike Donlin;4;Johnny Callison;0,9034
Mike Donlin;5;Frank Thomas;0,8868
Mike Dorgan;1;Phil Rizzuto;0,833
Mike Dorgan;2;Mark McGwire;0,808
Mike Dorgan;3;Rajai Davis;0,788
Mike Dorgan;4;Jose Abreu;0,7676
Mike Dorgan;5;Ron Hunt;0,7502
Mike Grady;1;Victor Martinez;0,917
Mike Grady;2;Jorge Polanco;0,8322
Mike Grady;3;Cliff Johnson;0,8083
Mike Grady;4;Vance Law;0,8038
Mike Grady;5;Clete Boyer;0,7764
Mike Greenwell;1;Mike Tresh;0,902
Mike Greenwell;2;Tony Cuccinello;0,8549
Mike Greenwell;3;Danny O'Connell;0,8498
Mike Greenwell;4;Wes Covington;0,8317
Mike Greenwell;5;Bill Virdon;0,8082
Mike Griffin;1;Elvis Andrus;0,8408
Mike Griffin;2;Danny Litwhiler;0,8206
Mike Griffin;3;Tommy Harper;0,8138
Mike Griffin;4;Mack Jones;0,8025
Mike Griffin;5;Derrek Lee;0,8022
Mike Hargrove;1;Dave May;0,8574
Mike Hargrove;2;Bill Dahlen;0,856
Mike Hargrove;3;Chris Davis;0,85
Mike Hargrove;4;John Buck;0,8094
Mike Hargrove;5;Matt Olson;0,8052
Mike Heath;1;Joe Adcock;0,9113
Mike Heath;2;Joe Oliver;0,8791
Mike Heath;3;Hardy Richardson;0,8774
Mike Heath;4;Paul Radford;0,8692
Mike Heath;5;Brady Anderson;0,8675
Mike Kreevich;1;George McQuinn;0,9026
Mike Kreevich;2;Juan Samuel;0,8829
Mike Kreevich;3;Kurt Suzuki;0,8682
Mike Kreevich;4;Sammy White;0,861
Mike Kreevich;5;Tommy Leach;0,8514
Mike Lamb;1;Willie Horton;0,9168
Mike Lamb;2;Paul Goldschmidt;0,9157
Mike Lamb;3;Jason Kubel;0,8962
Mike Lamb;4;Bibb Falk;0,8927
Mike Lamb;5;Jonathan Schoop;0,8906
Mike Lansing;1;Jermaine Dye;0,9331
Mike Lansing;2;Andre Dawson;0,9207
Mike Lansing;3;Charlie Hayes;0,9067
Mike Lansing;4;Tim Anderson;0,9024
Mike Lansing;5;Carlos Peña;0,9
Mike Lieberthal;1;Jo-Jo Moore;0,9442
Mike Lieberthal;2;Bingo DeMoss;0,9233
Mike Lieberthal;3;Chili Davis;0,9135
Mike Lieberthal;4;Roy Howell;0,9095
Mike Lieberthal;5;Ted Williams;0,9009
Mike Lowell;1;Jarrod Dyson;0,8773
Mike Lowell;2;Kyle Seager;0,8249
Mike Lowell;3;Glenn Hubbard;0,8091
Mike Lowell;4;Paul Sorrento;0,8076
Mike Lowell;5;Derek Bell;0,7868
Mike Lum;1;Rich Aurilia;0,8805
Mike Lum;2;Ty Wigginton;0,8804
Mike Lum;3;George Kelly;0,8747
Mike Lum;4;Lance Parrish;0,8679
Mike Lum;5;Elmer Smith;0,8617
Mike Macfarlane;1;Mike Piazza;0,9522
Mike Macfarlane;2;Willie Crawford;0,9432
Mike Macfarlane;3;Brian McRae;0,9028
Mike Macfarlane;4;Nap Lajoie;0,8801
Mike Macfarlane;5;Edgardo Alfonzo;0,8777
Mike Matheny;1;Andruw Jones;0,8753
Mike Matheny;2;Willie Stargell;0,8616
Mike Matheny;3;Buck Weaver;0,8458
Mike Matheny;4;Steve Buechele;0,8432
Mike Matheny;5;John McGraw;0,822
Mike Mitchell;1;Kevin McReynolds;0,9641
Mike Mitchell;2;Oscar Melillo;0,8896
Mike Mitchell;3;Dots Miller;0,8856
Mike Mitchell;4;Jo-Jo Moore;0,8789
Mike Mitchell;5;Patsy Donovan;0,8601
Mike Moustakas;1;Don Buford;0,9509
Mike Moustakas;2;Deacon McGuire;0,8697
Mike Moustakas;3;Duke Snider;0,8586
Mike Moustakas;4;Ray Boone;0,8499
Mike Moustakas;5;Bill White;0,8299
Mike Mowrey;1;Bob Skinner;0,9385
Mike Mowrey;2;Damaso Garcia;0,9236
Mike Mowrey;3;Candy Nelson;0,9178
Mike Mowrey;4;Dolph Camilli;0,8836
Mike Mowrey;5;Ted Williams;0,8574
Mike Napoli;1;Garth Iorg;0,8526
Mike Napoli;2;Richard Hidalgo;0,8422
Mike Napoli;3;Ed Kirkpatrick;0,8252
Mike Napoli;4;Rennie Stennett;0,8219
Mike Napoli;5;Lenny Randle;0,7956
Mike Pagliarulo;1;Sammy White;0,9552
Mike Pagliarulo;2;Jim Ray Hart;0,9304
Mike Pagliarulo;3;Andre Thornton;0,8943
Mike Pagliarulo;4;Don Wert;0,8622
Mike Pagliarulo;5;Don Blasingame;0,8314
Mike Piazza;1;Willie Crawford;0,9794
Mike Piazza;2;Mike Macfarlane;0,9522
Mike Piazza;3;Albert Pujols;0,9089
Mike Piazza;4;Anthony Rizzo;0,8969
Mike Piazza;5;Von Hayes;0,8862
Mike Schmidt;1;George Whitted;0,9084
Mike Schmidt;2;Germany Schaefer;0,878
Mike Schmidt;3;Connie Ryan;0,8148
Mike Schmidt;4;John McGraw;0,8133
Mike Schmidt;5;George Gibson;0,8061
Mike Scioscia;1;Dee Strange-Gordon;0,9234
Mike Scioscia;2;Eddie Kasko;0,9071
Mike Scioscia;3;Cleon Jones;0,8787
Mike Scioscia;4;Desi Relaford;0,8319
Mike Scioscia;5;Damaso Garcia;0,8268
Mike Stanley;1;Charlie Jamieson;0,9182
Mike Stanley;2;Clyde Milan;0,9034
Mike Stanley;3;Damaso Garcia;0,9028
Mike Stanley;4;Gorman Thomas;0,8913
Mike Stanley;5;Sam West;0,8852
Mike Sweeney;1;Heinie Wagner;0,9532
Mike Sweeney;2;Brian Giles;0,9257
Mike Sweeney;3;Lee Stevens;0,9203
Mike Sweeney;4;Mo Vaughn;0,8944
Mike Sweeney;5;Dansby Swanson;0,8943
Mike Tiernan;1;Willard Marshall;0,9035
Mike Tiernan;2;Gavvy Cravath;0,8921
Mike Tiernan;3;Newt Joseph;0,8732
Mike Tiernan;4;Roger Cedeno;0,872
Mike Tiernan;5;Alex Cora;0,8301
Mike Tresh;1;Mike Greenwell;0,902
Mike Tresh;2;Wes Covington;0,8498
Mike Tresh;3;William Clarke;0,8439
Mike Tresh;4;Gene Clines;0,8257
Mike Tresh;5;Ron Oester;0,817
Mike Trout;1;Cliff Carroll;0,941
Mike Trout;2;Newt Allen;0,9037
Mike Trout;3;Johnny Rawlings;0,887
Mike Trout;4;Jeff King;0,8845
Mike Trout;5;George Grantham;0,8828
Miller Huggins;1;Tommy Helms;0,8349
Miller Huggins;2;Bill Mueller;0,8344
Miller Huggins;3;Lee Tannehill;0,8304
Miller Huggins;4;Doc Johnston;0,7542
Miller Huggins;5;Birdie Tebbetts;0,7306
Milt May;1;Salvador Perez;0,8535
Milt May;2;George Scott;0,8098
Milt May;3;John Kruk;0,7839
Milt May;4;Wes Covington;0,7516
Milt May;5;Lou Whitaker;0,7502
Milt Stock;1;Buck Weaver;0,8058
Milt Stock;2;Bob Johnson;0,7811
Milt Stock;3;Marco Scutaro;0,7688
Milt Stock;4;Buck Martinez;0,7674
Milt Stock;5;Eddie Joost;0,7607
Milt Thompson;1;Walt Wilmot;0,9006
Milt Thompson;2;Del Unser;0,8883
Milt Thompson;3;Joe Mulvey;0,8622
Milt Thompson;4;Sal Bando;0,8433
Milt Thompson;5;Henry Larkin;0,8176
Milton Bradley;1;Ed Taubensee;0,9518
Milton Bradley;2;Glenn Beckert;0,9053
Milton Bradley;3;Ross Youngs;0,8709
Milton Bradley;4;Jonathan Lucroy;0,8494
Milton Bradley;5;Jackie Jensen;0,8351
Minnie Miñoso;1;Dee Strange-Gordon;0,878
Minnie Miñoso;2;Adrian Gonzalez;0,8588
Minnie Miñoso;3;Fred Carroll;0,815
Minnie Miñoso;4;Thurman Munson;0,8009
Minnie Miñoso;5;Andruw Jones;0,7953
Mitch Moreland;1;Don Baylor;0,9663
Mitch Moreland;2;George Wood;0,8786
Mitch Moreland;3;Fred McGriff;0,8702
Mitch Moreland;4;Riggs Stephenson;0,8343
Mitch Moreland;5;Brett Gardner;0,8206
Mo Vaughn;1;Joey Cora;0,9418
Mo Vaughn;2;Justin Turner;0,9171
Mo Vaughn;3;Cliff Floyd;0,9079
Mo Vaughn;4;Sid Gordon;0,898
Mo Vaughn;5;Mike Sweeney;0,8944
Moises Alou;1;Jose Valentin;0,8099
Moises Alou;2;Jurickson Profar;0,806
Moises Alou;3;Eric McNair;0,8001
Moises Alou;4;Adam Lind;0,7744
Moises Alou;5;Doc Johnston;0,7559
Monte Cross;1;John Peters;0,913
Monte Cross;2;Aaron Boone;0,9051
Monte Cross;3;Buck Freeman;0,8905
Monte Cross;4;Josh Bell;0,8543
Monte Cross;5;Juan Rivera;0,8403
Monte Irvin;1;B. J. Upton;0,9591
Monte Irvin;2;Chris Iannetta;0,9571
Monte Irvin;3;Whitey Lockman;0,953
Monte Irvin;4;Barry McCormick;0,9058
Monte Irvin;5;Skip Schumaker;0,9055
Mookie Betts;1;Bill Joyce;0,9291
Mookie Betts;2;Fernando Vina;0,8864
Mookie Betts;3;Rick Dempsey;0,8452
Mookie Betts;4;Patrick Gillespie;0,835
Mookie Betts;5;Desi Relaford;0,8284
Mookie Wilson;1;Johnny Bates;0,943
Mookie Wilson;2;Bill Hallman;0,9107
Mookie Wilson;3;John Hummel;0,9034
Mookie Wilson;4;Kirk Gibson;0,8644
Mookie Wilson;5;Charlie Ganzel;0,8536
Muddy Ruel;1;Joe Oliver;0,9369
Muddy Ruel;2;Miguel Tejada;0,8902
Muddy Ruel;3;Ray Chapman;0,8658
Muddy Ruel;4;Barry Bonds;0,8581
Muddy Ruel;5;Sid Farrar;0,8562
Mule Haas;1;Jack McCarthy;0,961
Mule Haas;2;Shanty Hogan;0,9475
Mule Haas;3;Tom Tresh;0,8984
Mule Haas;4;Duff Cooley;0,8618
Mule Haas;5;Garry Templeton;0,8573
Nap Lajoie;1;Willie Crawford;0,8941
Nap Lajoie;2;Mike Macfarlane;0,8801
Nap Lajoie;3;Joe Rudi;0,863
Nap Lajoie;4;Frank Isbell;0,8565
Nap Lajoie;5;Cesar Geronimo;0,8534
Nate McLouth;1;Judy Johnson;0,9416
Nate McLouth;2;Sean Casey;0,9209
Nate McLouth;3;Jeff Conine;0,9052
Nate McLouth;4;Terry Kennedy;0,8905
Nate McLouth;5;Rube Bressler;0,8872
Ned Hanlon;1;Ken Landreaux;0,9064
Ned Hanlon;2;Ken McMullen;0,8666
Ned Hanlon;3;Wil Cordero;0,8419
Ned Hanlon;4;Glenn Wright;0,8248
Ned Hanlon;5;Derek Bell;0,7848
Neifi Perez;1;Taffy Wright;0,9479
Neifi Perez;2;Ezra Sutton;0,9168
Neifi Perez;3;Luke Scott;0,852
Neifi Perez;4;Preston Wilson;0,8503
Neifi Perez;5;Don Wert;0,8404
Neil Walker;1;Willie Montanez;0,8738
Neil Walker;2;Doc Lavan;0,8641
Neil Walker;3;Bucky Harris;0,8242
Neil Walker;4;Cupid Childs;0,8219
Neil Walker;5;Wade Johnston;0,8165
Nellie Fox;1;Mickey Cochrane;0,8695
Nellie Fox;2;Bill McClellan;0,8295
Nellie Fox;3;Jesse Burkett;0,8263
Nellie Fox;4;Vladimir Guerrero;0,8224
Nellie Fox;5;Mickey Hatcher;0,8207
Nelson Cruz;1;Spike Owen;0,8398
Nelson Cruz;2;Jurickson Profar;0,8176
Nelson Cruz;3;Chris Hoiles;0,7997
Nelson Cruz;4;Ernie Whitt;0,792
Nelson Cruz;5;John McGraw;0,7701
Nemo Leibold;1;Don Slaught;0,8619
Nemo Leibold;2;Jimmy Dykes;0,834
Nemo Leibold;3;Davey Johnson;0,8135
Nemo Leibold;4;Al Oliver;0,8029
Nemo Leibold;5;Shane Victorino;0,7925
Newt Allen;1;Jeff King;0,9728
Newt Allen;2;Johnny Rawlings;0,9294
Newt Allen;3;Roberto Clemente;0,9283
Newt Allen;4;Jose Altuve;0,9214
Newt Allen;5;Jerry Mumphrey;0,9184
Newt Joseph;1;Heinie Zimmerman;0,9395
Newt Joseph;2;Bobby Murcer;0,9333
Newt Joseph;3;Willard Marshall;0,9301
Newt Joseph;4;Darrell Evans;0,9088
Newt Joseph;5;Red Kress;0,9017
Nick Castellanos;1;Todd Hundley;0,9423
Nick Castellanos;2;Brian McRae;0,9201
Nick Castellanos;3;Bill Terry;0,8868
Nick Castellanos;4;George Sisler;0,8825
Nick Castellanos;5;Anthony Rizzo;0,8712
Nick Hundley;1;Jim Spencer;0,9161
Nick Hundley;2;Ronnie Belliard;0,899
Nick Hundley;3;Pat Burrell;0,8704
Nick Hundley;4;Kent Hrbek;0,8645
Nick Hundley;5;Gary Pettis;0,8354
Nick Markakis;1;Bill Bergen;0,9373
Nick Markakis;2;Michael Taylor;0,8608
Nick Markakis;3;Ducky Holmes;0,8599
Nick Markakis;4;Jo-Jo White;0,8597
Nick Markakis;5;AJ Pollock;0,8326
Nick Swisher;1;Bob Meusel;0,8995
Nick Swisher;2;Bill Kuehne;0,8654
Nick Swisher;3;Pedro Guerrero;0,8642
Nick Swisher;4;Ken Landreaux;0,863
Nick Swisher;5;J. J. Hardy;0,8493
Nolan Arenado;1;Hank Greenberg;0,953
Nolan Arenado;2;J. T. Realmuto;0,9052
Nolan Arenado;3;George Foster;0,8882
Nolan Arenado;4;Elbie Fletcher;0,8862
Nolan Arenado;5;Dansby Swanson;0,8858
Nomar Garciaparra;1;Whit Merrifield;0,9434
Nomar Garciaparra;2;George Bell;0,9035
Nomar Garciaparra;3;Steve Kemp;0,8989
Nomar Garciaparra;4;Tony Batista;0,8978
Nomar Garciaparra;5;Ed McFarland;0,8805
Norm Cash;1;Ed Herrmann;0,8692
Norm Cash;2;Jim Tabor;0,8667
Norm Cash;3;Clay Dalrymple;0,8175
Norm Cash;4;Bill Virdon;0,8093
Norm Cash;5;Bill Coughlin;0,807
Norm Siebern;1;Jerry Lumpe;0,9147
Norm Siebern;2;Del Ennis;0,8974
Norm Siebern;3;Deacon White;0,8884
Norm Siebern;4;Mark Christman;0,872
Norm Siebern;5;Rich Gedman;0,8566
Omar Infante;1;Jack Graney;0,9403
Omar Infante;2;Charley Bassett;0,8975
Omar Infante;3;Wayne Garrett;0,8861
Omar Infante;4;Ken Boyer;0,8603
Omar Infante;5;Gene Tenace;0,8428
Omar Moreno;1;Josh Bell;0,8577
Omar Moreno;2;Ossie Vitt;0,8556
Omar Moreno;3;Mark Ellis;0,8472
Omar Moreno;4;David Murphy;0,8357
Omar Moreno;5;Monte Cross;0,8138
Omar Vizquel;1;Germany Schaefer;0,8956
Omar Vizquel;2;Bill Killefer;0,8372
Omar Vizquel;3;Roy Smalley;0,8348
Omar Vizquel;4;Buck Weaver;0,8133
Omar Vizquel;5;Reggie Smith;0,8116
Orator Shafer;1;Dan McGann;0,8934
Orator Shafer;2;Logan Morrison;0,8908
Orator Shafer;3;Bernie Friberg;0,8677
Orator Shafer;4;Pete Incaviglia;0,8566
Orator Shafer;5;Rick Manning;0,8099
Orlando Cabrera;1;Travis Lee;0,925
Orlando Cabrera;2;Yonder Alonso;0,9047
Orlando Cabrera;3;Butch Wynegar;0,9025
Orlando Cabrera;4;Fred Carroll;0,8277
Orlando Cabrera;5;Otto Knabe;0,8213
Orlando Cepeda;1;Prince Fielder;0,8679
Orlando Cepeda;2;Bill Joyce;0,866
Orlando Cepeda;3;Mike Lamb;0,8528
Orlando Cepeda;4;Patrick Gillespie;0,8289
Orlando Cepeda;5;Horace Ford;0,8249
Orlando Hudson;1;Javy Lopez;0,9661
Orlando Hudson;2;Josh Donaldson;0,9125
Orlando Hudson;3;Tim Anderson;0,8896
Orlando Hudson;4;Kevin Youkilis;0,8865
Orlando Hudson;5;Garry Maddox;0,8823
Orlando Merced;1;Dan Meyer;0,9077
Orlando Merced;2;Rafael Devers;0,8938
Orlando Merced;3;Von Hayes;0,843
Orlando Merced;4;Tommy Thevenow;0,843
Orlando Merced;5;Roy Howell;0,8387
Oscar Charleston;1;Justin Turner;0,9586
Oscar Charleston;2;Randy Velarde;0,9057
Oscar Charleston;3;Mo Vaughn;0,8766
Oscar Charleston;4;Joey Cora;0,8708
Oscar Charleston;5;Curt Welch;0,866
Oscar Gamble;1;Goose Goslin;0,9436
Oscar Gamble;2;Randy Winn;0,9195
Oscar Gamble;3;Bobby Veach;0,907
Oscar Gamble;4;Buck Ewing;0,8958
Oscar Gamble;5;Julio Franco;0,8658
Oscar Melillo;1;Mike Mitchell;0,8896
Oscar Melillo;2;Kevin McReynolds;0,8886
Oscar Melillo;3;Bill Rariden;0,8786
Oscar Melillo;4;Alex Cora;0,8761
Oscar Melillo;5;Robbie Grossman;0,8542
Oscar Stanage;1;Denny Lyons;0,8693
Oscar Stanage;2;Juan Samuel;0,8348
Oscar Stanage;3;Steve Henderson;0,8242
Oscar Stanage;4;Kurt Suzuki;0,819
Oscar Stanage;5;Mike Kreevich;0,8174
Ossee Schrecongost;1;Ivan de Jesus;0,9938
Ossee Schrecongost;2;Jody Reed;0,8972
Ossee Schrecongost;3;Damian Miller;0,8306
Ossee Schrecongost;4;Yuniesky Betancourt;0,8287
Ossee Schrecongost;5;Victor Martinez;0,8263
Ossie Bluege;1;Eddie Stanky;0,936
Ossie Bluege;2;Curt Welch;0,9072
Ossie Bluege;3;George Grantham;0,8909
Ossie Bluege;4;Andruw Jones;0,8465
Ossie Bluege;5;Giancarlo Stanton;0,8251
Ossie Vitt;1;Roger Bresnahan;0,9417
Ossie Vitt;2;Tito Francona;0,9075
Ossie Vitt;3;Frank O'Rourke;0,9004
Ossie Vitt;4;Steve Kemp;0,8885
Ossie Vitt;5;Mark Ellis;0,8828
Otis Nixon;1;Tony Armas;0,9226
Otis Nixon;2;George Shoch;0,9195
Otis Nixon;3;Jose Ramirez;0,8739
Otis Nixon;4;Honus Wagner;0,8729
Otis Nixon;5;Elmer Valo;0,8673
Otto Knabe;1;Travis Lee;0,8943
Otto Knabe;2;Matty Alou;0,8858
Otto Knabe;3;Bengie Molina;0,8389
Otto Knabe;4;Mark DeRosa;0,8355
Otto Knabe;5;Orlando Cabrera;0,8213
Otto Miller;1;Buddy Rosar;0,9719
Otto Miller;2;Gary Sanchez;0,8554
Otto Miller;3;Kevin Stocker;0,8431
Otto Miller;4;Ed Bailey;0,8154
Otto Miller;5;Bucky Dent;0,8032
Owen Wilson;1;Stan Spence;0,9074
Owen Wilson;2;Roger Maris;0,9056
Owen Wilson;3;Mark Lemke;0,8936
Owen Wilson;4;J. T. Realmuto;0,8706
Owen Wilson;5;Javier Baez;0,8519
Ozzie Albies;1;Richard Hidalgo;0,8964
Ozzie Albies;2;Rennie Stennett;0,8856
Ozzie Albies;3;Matt Wieters;0,8637
Ozzie Albies;4;Ian Kinsler;0,849
Ozzie Albies;5;Clint Barmes;0,8485
Ozzie Guillen;1;Art Devlin;0,8495
Ozzie Guillen;2;Jerry Browne;0,8318
Ozzie Guillen;3;Vince Coleman;0,8125
Ozzie Guillen;4;Rick Burleson;0,8053
Ozzie Guillen;5;Emmett Seery;0,7995
Ozzie Smith;1;Aaron Judge;0,9133
Ozzie Smith;2;Joe Oliver;0,8559
Ozzie Smith;3;Bob Kennedy;0,8224
Ozzie Smith;4;Billy Hamilton;0,8186
Ozzie Smith;5;Walt Weiss;0,7996
Pablo Sandoval;1;Buck Freeman;0,8768
Pablo Sandoval;2;Martin Maldonado;0,857
Pablo Sandoval;3;Jimmy Williams;0,8466
Pablo Sandoval;4;Jason Heyward;0,8465
Pablo Sandoval;5;Mel Hall;0,8461
Pat Burrell;1;Doc Johnston;0,8944
Pat Burrell;2;Nick Hundley;0,8704
Pat Burrell;3;Juan Gonzalez;0,8004
Pat Burrell;4;Hans Lobert;0,794
Pat Burrell;5;Luis Salazar;0,7932
Pat Kelly;1;Mickey Hatcher;0,8884
Pat Kelly;2;Bob Watson;0,8828
Pat Kelly;3;Willie McCovey;0,8821
Pat Kelly;4;Freddie Freeman;0,8754
Pat Kelly;5;Rod Carew;0,8699
Pat Meares;1;Gavvy Cravath;0,9642
Pat Meares;2;Cookie Lavagetto;0,9301
Pat Meares;3;Jonathan Lucroy;0,9266
Pat Meares;4;Jack Barry;0,9179
Pat Meares;5;Elmer Smith;0,9127
Patrick Gillespie;1;Bryce Harper;0,9298
Patrick Gillespie;2;Tip O'Neill;0,9145
Patrick Gillespie;3;Jeff Bagwell;0,9098
Patrick Gillespie;4;Rick Dempsey;0,8912
Patrick Gillespie;5;Tom Herr;0,8737
Patsy Donovan;1;Al Dark;0,9486
Patsy Donovan;2;Roy Johnson;0,914
Patsy Donovan;3;Andrelton Simmons;0,8777
Patsy Donovan;4;Tim Anderson;0,8723
Patsy Donovan;5;Gil McDougald;0,8671
Patsy Dougherty;1;Rick Manning;0,8787
Patsy Dougherty;2;Hal Lanier;0,8743
Patsy Dougherty;3;Ed Bailey;0,8663
Patsy Dougherty;4;Cookie Rojas;0,8382
Patsy Dougherty;5;Logan Morrison;0,8055
Patsy Tebeau;1;Frank Bowerman;0,8641
Patsy Tebeau;2;David Eckstein;0,8493
Patsy Tebeau;3;Gary Gaetti;0,8327
Patsy Tebeau;4;Jason Varitek;0,8287
Patsy Tebeau;5;Wilson Ramos;0,819
Paul Blair;1;Matt Lawton;0,9171
Paul Blair;2;Dan Meyer;0,893
Paul Blair;3;Bernard Gilkey;0,8636
Paul Blair;4;Rickie Weeks;0,8493
Paul Blair;5;Jack Manning;0,8444
Paul Goldschmidt;1;Jonathan Schoop;0,9787
Paul Goldschmidt;2;Mike Lamb;0,9157
Paul Goldschmidt;3;Jason Kubel;0,9132
Paul Goldschmidt;4;Heinie Peitz;0,9079
Paul Goldschmidt;5;Chase Utley;0,899
Paul Hines;1;Bernard Gilkey;0,8896
Paul Hines;2;Matt Lawton;0,8705
Paul Hines;3;Dan Meyer;0,8703
Paul Hines;4;Brian Dozier;0,856
Paul Hines;5;Russ Wrightstone;0,835
Paul Konerko;1;Mike Grady;0,7763
Paul Konerko;2;Lyn Lary;0,7742
Paul Konerko;3;Dom DiMaggio;0,7625
Paul Konerko;4;Wally Moon;0,7392
Paul Konerko;5;Frankie Gustine;0,7329
Paul Molitor;1;George Miller;0,8017
Paul Molitor;2;Red Dooin;0,7758
Paul Molitor;3;Frank O'Rourke;0,7597
Paul Molitor;4;Terry Turner;0,7579
Paul Molitor;5;Bobby Adams;0,7527
Paul O'Neill;1;Jeff King;0,8981
Paul O'Neill;2;Newt Allen;0,882
Paul O'Neill;3;Daniel Murphy;0,8572
Paul O'Neill;4;Wes Parker;0,8518
Paul O'Neill;5;Bill Spiers;0,846
Paul Radford;1;Joe Oliver;0,9464
Paul Radford;2;Glenallen Hill;0,9261
Paul Radford;3;Mike Heath;0,8692
Paul Radford;4;Sid Farrar;0,8581
Paul Radford;5;Barry Bonds;0,8564
Paul Schaal;1;Roy Cullenbine;0,8961
Paul Schaal;2;Frank Snyder;0,882
Paul Schaal;3;Eddie Joost;0,8742
Paul Schaal;4;Dave Philley;0,8497
Paul Schaal;5;Don Money;0,8426
Paul Sorrento;1;Rich Dauer;0,9445
Paul Sorrento;2;Adrian Gonzalez;0,8894
Paul Sorrento;3;Carlos Baerga;0,8891
Paul Sorrento;4;Cesar Tovar;0,8648
Paul Sorrento;5;Bob Allison;0,863
Paul Waner;1;James Casey;0,9164
Paul Waner;2;Aaron Boone;0,9057
Paul Waner;3;John Valentin;0,8507
Paul Waner;4;Dan Uggla;0,8414
Paul Waner;5;Don Wert;0,8355
Peanuts Lowrey;1;Glenn Wilson;0,8733
Peanuts Lowrey;2;Lu Blue;0,8356
Peanuts Lowrey;3;Delino DeShields;0,8331
Peanuts Lowrey;4;Matt Joyce;0,8222
Peanuts Lowrey;5;Wally Backman;0,7938
Pedro Feliz;1;Billy Werber;0,9163
Pedro Feliz;2;Wally Gerber;0,9113
Pedro Feliz;3;Chris Hoiles;0,9103
Pedro Feliz;4;Jorge Orta;0,8701
Pedro Feliz;5;Frank Bolling;0,8666
Pedro Guerrero;1;Guy Hecker;0,8887
Pedro Guerrero;2;Nick Swisher;0,8642
Pedro Guerrero;3;Bill Kuehne;0,834
Pedro Guerrero;4;Hack Wilson;0,8325
Pedro Guerrero;5;Mike Lum;0,8255
Pee Wee Reese;1;Doc Bushong;0,908
Pee Wee Reese;2;Rube Oldring;0,8583
Pee Wee Reese;3;George Shoch;0,8559
Pee Wee Reese;4;Al Bridwell;0,8447
Pee Wee Reese;5;Whitey Witt;0,8149
Pepper Martin;1;Jorge Posada;0,8661
Pepper Martin;2;Todd Walker;0,8536
Pepper Martin;3;Hi Myers;0,8084
Pepper Martin;4;Charles Johnson;0,7919
Pepper Martin;5;Doug Rader;0,7866
Pete Browning;1;Yonder Alonso;0,9175
Pete Browning;2;Alvin Davis;0,9081
Pete Browning;3;Travis Lee;0,8921
Pete Browning;4;Maikel Franco;0,8532
Pete Browning;5;Danny Cater;0,8265
Pete Fox;1;Roger Cedeno;0,9074
Pete Fox;2;Josh Bell;0,8985
Pete Fox;3;Tito Francona;0,8733
Pete Fox;4;Joe Medwick;0,8515
Pete Fox;5;Jim Rice;0,8427
Pete Hotaling;1;Vic Davalillo;0,8362
Pete Hotaling;2;Tommy Harper;0,8263
Pete Hotaling;3;Tom Brown;0,8129
Pete Hotaling;4;Dom DiMaggio;0,7503
Pete Hotaling;5;Ruppert Jones;0,7201
Pete Incaviglia;1;Bernie Friberg;0,9097
Pete Incaviglia;2;Cookie Rojas;0,863
Pete Incaviglia;3;Orator Shafer;0,8566
Pete Incaviglia;4;Kurt Suzuki;0,8315
Pete Incaviglia;5;Darryl Hamilton;0,817
Pete O'Brien;1;Don Mattingly;0,9393
Pete O'Brien;2;Jimmy Archer;0,9387
Pete O'Brien;3;Michael Bourn;0,9278
Pete O'Brien;4;Jonathan Schoop;0,9179
Pete O'Brien;5;Jim Landis;0,8946
Pete Rose;1;Joey Cora;0,972
Pete Rose;2;Charlie Jamieson;0,8984
Pete Rose;3;Bill McClellan;0,895
Pete Rose;4;Ricky Gutierrez;0,8809
Pete Rose;5;Jerry Remy;0,8593
Pete Runnels;1;Al Oliver;0,8986
Pete Runnels;2;Delino DeShields;0,8538
Pete Runnels;3;Bill Killefer;0,8351
Pete Runnels;4;Davey Johnson;0,8234
Pete Runnels;5;Bob Elliott;0,8125
Pete Suder;1;Don Kolloway;0,9442
Pete Suder;2;Johnny Rawlings;0,9165
Pete Suder;3;Newt Allen;0,9001
Pete Suder;4;Don Hoak;0,8792
Pete Suder;5;John Kruk;0,8596
Phil Cavarretta;1;Walt Weiss;0,9268
Phil Cavarretta;2;Joe Oliver;0,8447
Phil Cavarretta;3;Ray Chapman;0,8296
Phil Cavarretta;4;Vic Davalillo;0,7701
Phil Cavarretta;5;Aaron Judge;0,764
Phil Garner;1;Cookie Lavagetto;0,9585
Phil Garner;2;Greg Gagne;0,8822
Phil Garner;3;Hoot Evers;0,8807
Phil Garner;4;Willard Marshall;0,8724
Phil Garner;5;Pat Meares;0,8561
Phil Masi;1;Bip Roberts;0,8897
Phil Masi;2;Willie Randolph;0,8859
Phil Masi;3;Max Bishop;0,8774
Phil Masi;4;Zack Wheat;0,84
Phil Masi;5;Johnny Bench;0,8246
Phil Nevin;1;Jeffrey Leonard;0,9294
Phil Nevin;2;Sixto Lezcano;0,9189
Phil Nevin;3;Carl Everett;0,9067
Phil Nevin;4;Roger Maris;0,8952
Phil Nevin;5;Joe Orsulak;0,8899
Phil Rizzuto;1;Mike Dorgan;0,833
Phil Rizzuto;2;David Justice;0,8108
Phil Rizzuto;3;Josh Reddick;0,808
Phil Rizzuto;4;Wade Johnston;0,7641
Phil Rizzuto;5;Adam Dunn;0,7527
Pie Traynor;1;Buck Weaver;0,9273
Pie Traynor;2;Connie Ryan;0,9211
Pie Traynor;3;Jim Eisenreich;0,887
Pie Traynor;4;George Van Haltren;0,8072
Pie Traynor;5;John McGraw;0,8034
Ping Bodie;1;Starlin Castro;0,9715
Ping Bodie;2;John Milner;0,8668
Ping Bodie;3;Wilson Ramos;0,8083
Ping Bodie;4;Ronnie Belliard;0,7599
Ping Bodie;5;Yan Gomes;0,7597
Pinky Higgins;1;George Wright;0,9325
Pinky Higgins;2;Skip Schumaker;0,8684
Pinky Higgins;3;Davy Force;0,8446
Pinky Higgins;4;Barry McCormick;0,8429
Pinky Higgins;5;Richie Zisk;0,8107
Pinky Whitney;1;Aaron Boone;0,9713
Pinky Whitney;2;Andrew Benintendi;0,907
Pinky Whitney;3;John Valentin;0,9044
Pinky Whitney;4;James Casey;0,9008
Pinky Whitney;5;Cal Ripken;0,8388
Placido Polanco;1;Sibby Sisti;0,8621
Placido Polanco;2;Albert Belle;0,8484
Placido Polanco;3;Jackie Hayes;0,8364
Placido Polanco;4;Robin Ventura;0,8355
Placido Polanco;5;Jack Graney;0,8183
Pop Smith;1;Mike Bordick;0,8944
Pop Smith;2;Eddie Mathews;0,8895
Pop Smith;3;Jim Russell;0,8601
Pop Smith;4;Dan Wilson;0,8536
Pop Smith;5;Billy Nash;0,8352
Pop Snyder;1;Danny Litwhiler;0,8659
Pop Snyder;2;Tommy Griffith;0,8324
Pop Snyder;3;Mack Jones;0,8053
Pop Snyder;4;Aaron Judge;0,7761
Pop Snyder;5;Hans Lobert;0,77
Preston Wilson;1;Adam Frazier;0,9397
Preston Wilson;2;Yunel Escobar;0,886
Preston Wilson;3;Vada Pinson;0,8831
Preston Wilson;4;Hunter Pence;0,8769
Preston Wilson;5;Don Mincher;0,8666
Prince Fielder;1;Casey Blake;0,9284
Prince Fielder;2;Jonathan Schoop;0,8922
Prince Fielder;3;Horace Ford;0,873
Prince Fielder;4;Orlando Cepeda;0,8679
Prince Fielder;5;Ernie Banks;0,8373
Rabbit Maranville;1;Joe Oliver;0,8379
Rabbit Maranville;2;Hank Severeid;0,8321
Rabbit Maranville;3;Bill Killefer;0,8073
Rabbit Maranville;4;Bill Dickey;0,7966
Rabbit Maranville;5;Johnny Evers;0,7791
Rabbit Warstler;1;Jimmy Ryan;0,9426
Rabbit Warstler;2;Arky Vaughan;0,9292
Rabbit Warstler;3;Branch Russell;0,9076
Rabbit Warstler;4;Matt Holliday;0,9006
Rabbit Warstler;5;Tony Fernandez;0,9002
Rafael Devers;1;Gary Carter;0,9034
Rafael Devers;2;Orlando Merced;0,8938
Rafael Devers;3;Chili Davis;0,8929
Rafael Devers;4;Stan Javier;0,8793
Rafael Devers;5;J. T. Snow;0,8479
Rafael Furcal;1;Roy Johnson;0,8551
Rafael Furcal;2;Darren Lewis;0,8502
Rafael Furcal;3;Lorenzo Cain;0,8493
Rafael Furcal;4;Travis Lee;0,8442
Rafael Furcal;5;Doc Bushong;0,7859
Rafael Palmeiro;1;Frank Hankinson;0,9192
Rafael Palmeiro;2;Bob Nieman;0,9086
Rafael Palmeiro;3;Aaron Judge;0,8829
Rafael Palmeiro;4;Wally Schang;0,8505
Rafael Palmeiro;5;Larry Hisle;0,8101
Rafael Ramirez;1;Sean Casey;0,8768
Rafael Ramirez;2;Judy Johnson;0,8731
Rafael Ramirez;3;Nate McLouth;0,8574
Rafael Ramirez;4;Bobby Abreu;0,8497
Rafael Ramirez;5;Dickie Thon;0,848
Rajai Davis;1;Mickey Doolin;0,8087
Rajai Davis;2;Cecil Fielder;0,7908
Rajai Davis;3;Mike Dorgan;0,788
Rajai Davis;4;Willie Montanez;0,7623
Rajai Davis;5;Josh Reddick;0,7605
Ralph Garr;1;Tim Teufel;0,8967
Ralph Garr;2;Willie Wilson;0,8568
Ralph Garr;3;Kevin Kiermaier;0,8403
Ralph Garr;4;Brian Jordan;0,8383
Ralph Garr;5;Johnny Edwards;0,8208
Ralph Kiner;1;Stan Spence;0,9018
Ralph Kiner;2;Ernie Banks;0,8683
Ralph Kiner;3;Dave Parker;0,8663
Ralph Kiner;4;Chase Utley;0,8348
Ralph Kiner;5;Josh Donaldson;0,8284
Ralph Young;1;Buck Martinez;0,8832
Ralph Young;2;Frank Schulte;0,8804
Ralph Young;3;Frank Snyder;0,8765
Ralph Young;4;Bob Johnson;0,845
Ralph Young;5;Kiki Cuyler;0,8419
Ramon Hernandez;1;Whitey Witt;0,8959
Ramon Hernandez;2;Jay Buhner;0,874
Ramon Hernandez;3;Charlie Ganzel;0,8605
Ramon Hernandez;4;Chipper Jones;0,8557
Ramon Hernandez;5;Johnny Bates;0,8338
Rance Mulliniks;1;Jackie Robinson;0,93
Rance Mulliniks;2;Glenallen Hill;0,9101
Rance Mulliniks;3;Jackie Jensen;0,9098
Rance Mulliniks;4;Mack Jones;0,8536
Rance Mulliniks;5;Anthony Rizzo;0,8472
Randal Grichuk;1;Maikel Franco;0,9322
Randal Grichuk;2;Steve Yeager;0,8776
Randal Grichuk;3;Monte Irvin;0,8531
Randal Grichuk;4;Maicer Izturis;0,8212
Randal Grichuk;5;Tommy Pham;0,8149
Randy Velarde;1;Ed Taubensee;0,9311
Randy Velarde;2;Ernie Whitt;0,9267
Randy Velarde;3;Ron Cey;0,9198
Randy Velarde;4;Spike Owen;0,9167
Randy Velarde;5;Gary Sheffield;0,9112
Randy Winn;1;Oscar Gamble;0,9195
Randy Winn;2;Goose Goslin;0,854
Randy Winn;3;Jack Wilson;0,8489
Randy Winn;4;George Brett;0,8368
Randy Winn;5;Marquis Grissom;0,8312
Raul Ibanez;1;Ernie Whitt;0,8675
Raul Ibanez;2;Dmitri Young;0,8628
Raul Ibanez;3;Carl Yastrzemski;0,8042
Raul Ibanez;4;Baby Doll Jacobson;0,7951
Raul Ibanez;5;Billy Shindle;0,7947
Raul Mondesi;1;William Robinson;0,9103
Raul Mondesi;2;Jay Payton;0,8899
Raul Mondesi;3;Bake McBride;0,886
Raul Mondesi;4;Billy Sullivan;0,8784
Raul Mondesi;5;Gary Disarcina;0,8749
Ray Boone;1;Tommy Corcoran;0,8901
Ray Boone;2;Jack Rowe;0,8673
Ray Boone;3;Mike Moustakas;0,8499
Ray Boone;4;Duke Snider;0,8468
Ray Boone;5;George Hendrick;0,845
Ray Chapman;1;Robinson Cano;0,936
Ray Chapman;2;Don Buford;0,8914
Ray Chapman;3;Dale Murphy;0,8744
Ray Chapman;4;Bill White;0,8705
Ray Chapman;5;Muddy Ruel;0,8658
Ray Durham;1;Darren Daulton;0,912
Ray Durham;2;Kolten Wong;0,8828
Ray Durham;3;David Segui;0,8689
Ray Durham;4;Johnny Bates;0,8557
Ray Durham;5;John Hummel;0,8525
Ray Knight;1;Hughie Critz;0,844
Ray Knight;2;Billy Southworth;0,8385
Ray Knight;3;Donn Clendenon;0,8307
Ray Knight;4;Jim Gantner;0,8277
Ray Knight;5;Grady Hatton;0,8146
Ray Lankford;1;Johnny Rawlings;0,9291
Ray Lankford;2;Andy Pafko;0,9125
Ray Lankford;3;Jeff King;0,879
Ray Lankford;4;Newt Allen;0,8466
Ray Lankford;5;Johnny Bates;0,8405
Ray Schalk;1;Darryl Hamilton;0,9187
Ray Schalk;2;Bernie Friberg;0,7633
Ray Schalk;3;George Metkovich;0,7606
Ray Schalk;4;Graig Nettles;0,719
Ray Schalk;5;Rick Monday;0,7174
Red Dooin;1;Ellis Burks;0,9334
Red Dooin;2;Buddy Bell;0,86
Red Dooin;3;Chicken Wolf;0,8284
Red Dooin;4;Bret Boone;0,8239
Red Dooin;5;Les Mann;0,8167
Red Kress;1;Branch Russell;0,9025
Red Kress;2;Newt Joseph;0,9017
Red Kress;3;Rabbit Warstler;0,8542
Red Kress;4;Tony Lazzeri;0,8526
Red Kress;5;Tony Fernandez;0,8525
Red Rolfe;1;Eric Chavez;0,9173
Red Rolfe;2;Lave Cross;0,9045
Red Rolfe;3;Frank Chance;0,903
Red Rolfe;4;Hack Wilson;0,8921
Red Rolfe;5;Lee May;0,8726
Red Schoendienst;1;Ken Caminiti;0,9096
Red Schoendienst;2;Johnny Bates;0,853
Red Schoendienst;3;Buck Weaver;0,8427
Red Schoendienst;4;Germany Schaefer;0,8274
Red Schoendienst;5;John Hummel;0,8269
Red Smith;1;Frank Malzone;0,9579
Red Smith;2;Jim Tabor;0,928
Red Smith;3;Craig Counsell;0,8821
Red Smith;4;Jack Warner;0,8776
Red Smith;5;Tommy McCraw;0,8773
Reed Johnson;1;Wally Backman;0,9072
Reed Johnson;2;Willie McGee;0,8682
Reed Johnson;3;Jorge Polanco;0,8665
Reed Johnson;4;Jed Lowrie;0,8576
Reed Johnson;5;Delmon Young;0,8551
Reggie Jackson;1;Danny Hoffman;0,824
Reggie Jackson;2;Charley Bassett;0,821
Reggie Jackson;3;Lew Fonseca;0,8096
Reggie Jackson;4;Walt Wilmot;0,7899
Reggie Jackson;5;Don Money;0,7813
Reggie Sanders;1;Tip O'Neill;0,8649
Reggie Sanders;2;Reed Johnson;0,8391
Reggie Sanders;3;Johnny Logan;0,8307
Reggie Sanders;4;Patrick Gillespie;0,8177
Reggie Sanders;5;Jacque Jones;0,8093
Reggie Smith;1;Randy Velarde;0,8686
Reggie Smith;2;Baby Doll Jacobson;0,8554
Reggie Smith;3;Joey Cora;0,8432
Reggie Smith;4;John McGraw;0,841
Reggie Smith;5;Tommy McCarthy;0,8347
Rennie Stennett;1;John Buck;0,953
Rennie Stennett;2;Ozzie Albies;0,8856
Rennie Stennett;3;Bob Aspromonte;0,8707
Rennie Stennett;4;Garth Iorg;0,8542
Rennie Stennett;5;Carlos Ruiz;0,8519
Rey Sanchez;1;Miguel Rojas;0,7914
Rey Sanchez;2;Darryl Hamilton;0,7837
Rey Sanchez;3;Nate McLouth;0,7709
Rey Sanchez;4;Ivan de Jesus;0,7302
Rey Sanchez;5;Tommy Helms;0,72
Rich Aurilia;1;Cass Michaels;0,9139
Rich Aurilia;2;Cookie Lavagetto;0,9112
Rich Aurilia;3;Mike Lum;0,8805
Rich Aurilia;4;Hoot Evers;0,8702
Rich Aurilia;5;Elbie Fletcher;0,8481
Rich Dauer;1;Paul Sorrento;0,9445
Rich Dauer;2;Hack Wilson;0,9061
Rich Dauer;3;Bob Fothergill;0,8829
Rich Dauer;4;Kevin Youkilis;0,8732
Rich Dauer;5;Scott Fletcher;0,8684
Rich Gedman;1;Zoilo Versalles;0,9186
Rich Gedman;2;Home Run Baker;0,9154
Rich Gedman;3;Tony Kubek;0,912
Rich Gedman;4;Wid Conroy;0,9033
Rich Gedman;5;Eddie Rosario;0,8864
Richard Hidalgo;1;Rocky Colavito;0,959
Richard Hidalgo;2;Roy Howell;0,9126
Richard Hidalgo;3;Ian Kinsler;0,898
Richard Hidalgo;4;Ozzie Albies;0,8964
Richard Hidalgo;5;Billy Goodman;0,8901
Richie Ashburn;1;Michael Barrett;0,901
Richie Ashburn;2;Jack Clements;0,822
Richie Ashburn;3;Thurman Munson;0,7935
Richie Ashburn;4;Dom DiMaggio;0,7928
Richie Ashburn;5;Walter Holke;0,7917
Richie Hebner;1;Don Mueller;0,8869
Richie Hebner;2;Jerry Benjamin;0,8807
Richie Hebner;3;Shanty Hogan;0,8739
Richie Hebner;4;Maicer Izturis;0,8685
Richie Hebner;5;Chris Young;0,853
Richie Sexson;1;Jeff Cirillo;0,9124
Richie Sexson;2;Frank Chance;0,9062
Richie Sexson;3;Hank Bauer;0,8954
Richie Sexson;4;Tom Paciorek;0,8852
Richie Sexson;5;Cesar Hernandez;0,8653
Richie Zisk;1;Luke Scott;0,8804
Richie Zisk;2;Andrew Benintendi;0,8658
Richie Zisk;3;Skip Schumaker;0,8605
Richie Zisk;4;George Wright;0,8587
Richie Zisk;5;Aaron Boone;0,831
Rick Burleson;1;Art Devlin;0,8752
Rick Burleson;2;Bud Harrelson;0,8384
Rick Burleson;3;Jerry Browne;0,8258
Rick Burleson;4;Ozzie Guillen;0,8053
Rick Burleson;5;Vince DiMaggio;0,7996
Rick Cerone;1;Ed McFarland;0,8835
Rick Cerone;2;Andres Galarraga;0,8428
Rick Cerone;3;Darryl Hamilton;0,8059
Rick Cerone;4;Dave Magadan;0,7997
Rick Cerone;5;Newt Joseph;0,7485
Rick Dempsey;1;Patrick Gillespie;0,8912
Rick Dempsey;2;Bryce Harper;0,8542
Rick Dempsey;3;Mookie Betts;0,8452
Rick Dempsey;4;Kevin Mitchell;0,8249
Rick Dempsey;5;Andruw Jones;0,817
Rick Ferrell;1;AJ Pollock;0,9603
Rick Ferrell;2;Hank Sauer;0,9006
Rick Ferrell;3;Cesar Hernandez;0,8898
Rick Ferrell;4;Ducky Holmes;0,861
Rick Ferrell;5;David DeJesus;0,8485
Rick Manning;1;Patsy Dougherty;0,8787
Rick Manning;2;Ed Bailey;0,8568
Rick Manning;3;Logan Morrison;0,8496
Rick Manning;4;Dan McGann;0,8379
Rick Manning;5;Orator Shafer;0,8099
Rick Miller;1;Scott Hatteberg;0,8708
Rick Miller;2;Doug Rader;0,8452
Rick Miller;3;Dan Ford;0,8326
Rick Miller;4;Hank Sauer;0,8181
Rick Miller;5;Preston Wilson;0,8087
Rick Monday;1;Candy Maldonado;0,8626
Rick Monday;2;Byron Buxton;0,8563
Rick Monday;3;Baby Doll Jacobson;0,8137
Rick Monday;4;John McGraw;0,7983
Rick Monday;5;Walter Holke;0,788
Rickey Henderson;1;Randy Velarde;0,9032
Rickey Henderson;2;John McGraw;0,9014
Rickey Henderson;3;Ernie Whitt;0,8274
Rickey Henderson;4;Jack Graney;0,827
Rickey Henderson;5;Jerry Mumphrey;0,8208
Rickie Weeks;1;Amos Strunk;0,8967
Rickie Weeks;2;Bernard Gilkey;0,8848
Rickie Weeks;3;Paul Blair;0,8493
Rickie Weeks;4;Jose Canseco;0,8363
Rickie Weeks;5;Cesar Hernandez;0,8349
Ricky Gutierrez;1;Mack Jones;0,8976
Ricky Gutierrez;2;Pete Rose;0,8809
Ricky Gutierrez;3;Tom Daly;0,8782
Ricky Gutierrez;4;Lance Johnson;0,8711
Ricky Gutierrez;5;Bill Spiers;0,8656
Rico Carty;1;John Mabry;0,8459
Rico Carty;2;Andrelton Simmons;0,806
Rico Carty;3;Ryan Braun;0,8053
Rico Carty;4;Alvin Davis;0,7891
Rico Carty;5;Rickie Weeks;0,7876
Rico Petrocelli;1;Carlos Peña;0,8622
Rico Petrocelli;2;Gee Walker;0,8594
Rico Petrocelli;3;Frank Isbell;0,8452
Rico Petrocelli;4;Tommy Dowd;0,836
Rico Petrocelli;5;Nap Lajoie;0,8154
Riggs Stephenson;1;Scott Rolen;0,8395
Riggs Stephenson;2;Clyde McCullough;0,8362
Riggs Stephenson;3;Mitch Moreland;0,8343
Riggs Stephenson;4;Bill Killefer;0,8119
Riggs Stephenson;5;Casey Stengel;0,8057
Ripper Collins;1;Scott Fletcher;0,9449
Ripper Collins;2;Adrian Gonzalez;0,9298
Ripper Collins;3;Desi Relaford;0,9215
Ripper Collins;4;Fernando Vina;0,9034
Ripper Collins;5;Jerry Benjamin;0,8935
Rob Deer;1;Bert Campaneris;0,9175
Rob Deer;2;George Cutshaw;0,902
Rob Deer;3;Matt Stairs;0,8374
Rob Deer;4;Manny Sanguillen;0,8349
Rob Deer;5;Eddie Miller;0,8249
Robbie Grossman;1;Alex Rios;0,8936
Robbie Grossman;2;Ducky Holmes;0,8878
Robbie Grossman;3;Adam Kennedy;0,8858
Robbie Grossman;4;Michael Taylor;0,8581
Robbie Grossman;5;Oscar Melillo;0,8542
Robby Thompson;1;Bill Killefer;0,9599
Robby Thompson;2;Fred McGriff;0,9594
Robby Thompson;3;Jimmy McAleer;0,8904
Robby Thompson;4;Wally Moon;0,8292
Robby Thompson;5;Mitch Moreland;0,8154
Roberto Alomar;1;David Segui;0,9456
Roberto Alomar;2;Johnny Bates;0,9217
Roberto Alomar;3;John Hummel;0,9065
Roberto Alomar;4;Carson Bigbee;0,8278
Roberto Alomar;5;Joey Cora;0,8099
Roberto Clemente;1;Johnny Rawlings;0,9559
Roberto Clemente;2;Newt Allen;0,9283
Roberto Clemente;3;Jeff King;0,9083
Roberto Clemente;4;Eddie Joost;0,8622
Roberto Clemente;5;Roy Cullenbine;0,8575
Roberto Kelly;1;Frank LaPorte;0,8626
Roberto Kelly;2;Andy Van Slyke;0,827
Roberto Kelly;3;John Milner;0,8035
Roberto Kelly;4;Nemo Leibold;0,7801
Roberto Kelly;5;John Shelby;0,7687
Robin Ventura;1;Jack Graney;0,9037
Robin Ventura;2;Randy Velarde;0,8956
Robin Ventura;3;Jim Northrup;0,8739
Robin Ventura;4;John McGraw;0,8605
Robin Ventura;5;George Miller;0,8512
Robin Yount;1;Ken Caminiti;0,9141
Robin Yount;2;Charlie Ganzel;0,8934
Robin Yount;3;Bob Nieman;0,868
Robin Yount;4;Johnny Bates;0,8342
Robin Yount;5;Mickey Tettleton;0,8333
Robinson Cano;1;Ray Chapman;0,936
Robinson Cano;2;Bill White;0,8473
Robinson Cano;3;Hank Severeid;0,8386
Robinson Cano;4;Lee Tannehill;0,7941
Robinson Cano;5;Larry Bowa;0,7742
Rocky Colavito;1;Richard Hidalgo;0,959
Rocky Colavito;2;Billy Goodman;0,8622
Rocky Colavito;3;Ozzie Albies;0,8327
Rocky Colavito;4;Roy Howell;0,8309
Rocky Colavito;5;Jim Bottomley;0,822
Rod Barajas;1;Chris Hoiles;0,926
Rod Barajas;2;Harold Reynolds;0,9114
Rod Barajas;3;Aubrey Huff;0,8902
Rod Barajas;4;Willie Upshaw;0,8895
Rod Barajas;5;Branch Russell;0,8732
Rod Carew;1;Freddie Freeman;0,8734
Rod Carew;2;Pat Kelly;0,8699
Rod Carew;3;Doc Johnston;0,8669
Rod Carew;4;Bob Watson;0,8589
Rod Carew;5;Bob Kennedy;0,8164
Roger Bresnahan;1;Ossie Vitt;0,9417
Roger Bresnahan;2;Steve Kemp;0,9375
Roger Bresnahan;3;Chris Hoiles;0,8801
Roger Bresnahan;4;Willie Upshaw;0,87
Roger Bresnahan;5;Tito Francona;0,8643
Roger Cedeno;1;Bobby Murcer;0,9215
Roger Cedeno;2;Jimmy Ryan;0,917
Roger Cedeno;3;Eric Young;0,9107
Roger Cedeno;4;Pete Fox;0,9074
Roger Cedeno;5;Ian Desmond;0,8999
Roger Connor;1;Barry Bonnell;0,8742
Roger Connor;2;Lenny Randle;0,8582
Roger Connor;3;Joe Start;0,842
Roger Connor;4;Mack Jones;0,8288
Roger Connor;5;Mike Stanley;0,8168
Roger Maris;1;Whitey Witt;0,909
Roger Maris;2;Owen Wilson;0,9056
Roger Maris;3;Jack Doyle;0,9003
Roger Maris;4;Babe Herman;0,8962
Roger Maris;5;Phil Nevin;0,8952
Roger Metzger;1;Enos Cabell;0,8765
Roger Metzger;2;Todd Frazier;0,8561
Roger Metzger;3;Woodie Held;0,8544
Roger Metzger;4;Danny Murphy;0,8492
Roger Metzger;5;Jim Piersall;0,8486
Roger Peckinpaugh;1;Mike Bordick;0,8527
Roger Peckinpaugh;2;Davey Johnson;0,8525
Roger Peckinpaugh;3;Bill Killefer;0,8252
Roger Peckinpaugh;4;Billy Nash;0,8187
Roger Peckinpaugh;5;Royce Clayton;0,8032
Rogers Hornsby;1;Eddie Joost;0,9253
Rogers Hornsby;2;Hank Severeid;0,9052
Rogers Hornsby;3;Johnny Bates;0,8998
Rogers Hornsby;4;Jose Pagan;0,8733
Rogers Hornsby;5;John Hummel;0,8653
Rollie Hemsley;1;Tito Francona;0,8805
Rollie Hemsley;2;Woodie Held;0,8487
Rollie Hemsley;3;Bill Doran;0,8432
Rollie Hemsley;4;Ed McFarland;0,8226
Rollie Hemsley;5;Steve Kemp;0,805
Rollie Zeider;1;Travis Hafner;0,9278
Rollie Zeider;2;Joe Cunningham;0,9146
Rollie Zeider;3;Heinie Peitz;0,8815
Rollie Zeider;4;Will Clark;0,878
Rollie Zeider;5;Tony Fernandez;0,8535
Ron Cey;1;Ed Taubensee;0,9481
Ron Cey;2;Randy Velarde;0,9198
Ron Cey;3;Gorman Thomas;0,9073
Ron Cey;4;Oscar Gamble;0,8657
Ron Cey;5;Mickey Hatcher;0,8619
Ron Fairly;1;Danny Hoffman;0,9585
Ron Fairly;2;Ed Herrmann;0,9122
Ron Fairly;3;Frank McCormick;0,8683
Ron Fairly;4;AJ Pollock;0,8573
Ron Fairly;5;Buster Posey;0,8463
Ron Gant;1;Sam West;0,9425
Ron Gant;2;Mack Jones;0,9063
Ron Gant;3;Barry Bonnell;0,8787
Ron Gant;4;Ricky Gutierrez;0,8557
Ron Gant;5;Pete Rose;0,8469
Ron Hassey;1;Ted Sizemore;0,9515
Ron Hassey;2;Chuck Hinton;0,8777
Ron Hassey;3;Miguel Cairo;0,8746
Ron Hassey;4;Bobby Avila;0,873
Ron Hassey;5;Dustin Pedroia;0,866
Ron Hunt;1;Gene Clines;0,8175
Ron Hunt;2;Lonnie Smith;0,8135
Ron Hunt;3;Bernie Friberg;0,8125
Ron Hunt;4;Patsy Dougherty;0,786
Ron Hunt;5;Rick Manning;0,7701
Ron LeFlore;1;Bob Bescher;0,9454
Ron LeFlore;2;Chet Laabs;0,923
Ron LeFlore;3;Lee Stevens;0,8907
Ron LeFlore;4;Dansby Swanson;0,8809
Ron LeFlore;5;Home Run Baker;0,8775
Ron Oester;1;Sam Mertes;0,8873
Ron Oester;2;Victor Martinez;0,822
Ron Oester;3;Dick Stuart;0,8204
Ron Oester;4;Mike Tresh;0,817
Ron Oester;5;Tom Burns;0,8118
Ron Santo;1;Johnny Bates;0,9404
Ron Santo;2;Jay Buhner;0,866
Ron Santo;3;Bob Nieman;0,8448
Ron Santo;4;Don Kolloway;0,8302
Ron Santo;5;Jose Offerman;0,8268
Rondell White;1;Andrelton Simmons;0,8423
Rondell White;2;Roy Johnson;0,8401
Rondell White;3;Andrew McCutchen;0,8393
Rondell White;4;Yasmani Grandal;0,8365
Rondell White;5;Alvin Davis;0,8322
Ronnie Belliard;1;Nick Hundley;0,899
Ronnie Belliard;2;Chris Chambliss;0,87
Ronnie Belliard;3;Kendrys Morales;0,8238
Ronnie Belliard;4;Jim Spencer;0,8
Ronnie Belliard;5;Darrell Porter;0,772
Ross Youngs;1;Ed Taubensee;0,9295
Ross Youngs;2;Yasmani Grandal;0,9013
Ross Youngs;3;Jonathan Lucroy;0,901
Ross Youngs;4;Milton Bradley;0,8709
Ross Youngs;5;Glenn Beckert;0,8583
Rougned Odor;1;Bill Melton;0,964
Rougned Odor;2;Johnny Wyrostek;0,9156
Rougned Odor;3;Chuck Klein;0,911
Rougned Odor;4;John Valentin;0,8974
Rougned Odor;5;Jason Bay;0,8966
Roy Campanella;1;Joe Sugden;0,9545
Roy Campanella;2;Ginger Beaumont;0,947
Roy Campanella;3;Stephen Drew;0,8677
Roy Campanella;4;Russ Snyder;0,8672
Roy Campanella;5;Johnny Gooch;0,8432
Roy Cullenbine;1;Ed Williamson;0,963
Roy Cullenbine;2;Lew Fonseca;0,9557
Roy Cullenbine;3;Skeeter Newsome;0,9288
Roy Cullenbine;4;Cecil Cooper;0,9056
Roy Cullenbine;5;Paul Schaal;0,8961
Roy Hartzell;1;John Hummel;0,8929
Roy Hartzell;2;Stan Musial;0,8928
Roy Hartzell;3;Joe Start;0,8906
Roy Hartzell;4;George Kell;0,8842
Roy Hartzell;5;Jay Bell;0,8835
Roy Howell;1;Billy Goodman;0,94
Roy Howell;2;Ian Kinsler;0,9134
Roy Howell;3;Richard Hidalgo;0,9126
Roy Howell;4;Mike Lieberthal;0,9095
Roy Howell;5;Andy High;0,9091
Roy Johnson;1;Patsy Donovan;0,914
Roy Johnson;2;Al Dark;0,9119
Roy Johnson;3;Andrelton Simmons;0,8799
Roy Johnson;4;Gene Freese;0,8787
Roy Johnson;5;Dots Miller;0,8775
Roy McMillan;1;Davey Johnson;0,883
Roy McMillan;2;Didi Gregorius;0,8528
Roy McMillan;3;Brian McRae;0,8356
Roy McMillan;4;Herman Long;0,787
Roy McMillan;5;Anthony Rizzo;0,786
Roy Sievers;1;Aaron Judge;0,9264
Roy Sievers;2;Wade Johnston;0,8684
Roy Sievers;3;Luis Valbuena;0,8515
Roy Sievers;4;Danny Litwhiler;0,8272
Roy Sievers;5;Doc Lavan;0,8176
Roy Smalley;1;Germany Schaefer;0,8631
Roy Smalley;2;Irish Meusel;0,8552
Roy Smalley;3;Gene Tenace;0,847
Roy Smalley;4;George Whitted;0,8458
Roy Smalley;5;George Wood;0,8435
Roy Thomas;1;Fielder Jones;0,927
Roy Thomas;2;Lou Criger;0,9056
Roy Thomas;3;Joe Stripp;0,8965
Roy Thomas;4;Charlie Bennett;0,8842
Roy Thomas;5;Preston Wilson;0,8481
Roy White;1;Heinie Wagner;0,9333
Roy White;2;Frank Taveras;0,9247
Roy White;3;Bill McClellan;0,9005
Roy White;4;George Shoch;0,8891
Roy White;5;Lee Stevens;0,8839
Royce Clayton;1;Davey Johnson;0,9011
Royce Clayton;2;Bill Killefer;0,8527
Royce Clayton;3;Billy Nash;0,8303
Royce Clayton;4;Roger Peckinpaugh;0,8032
Royce Clayton;5;Daryl Boston;0,7782
Rube Bressler;1;Lyle Overbay;0,9274
Rube Bressler;2;Joe Gerhardt;0,9224
Rube Bressler;3;Terry Kennedy;0,8902
Rube Bressler;4;Mark Koenig;0,8889
Rube Bressler;5;Nate McLouth;0,8872
Rube Oldring;1;Ernie Lombardi;0,9331
Rube Oldring;2;Jim Sundberg;0,925
Rube Oldring;3;Donovan Solano;0,9243
Rube Oldring;4;Jean Segura;0,911
Rube Oldring;5;Doc Bushong;0,8847
Ruben Sierra;1;Josh Hamilton;0,8525
Ruben Sierra;2;Travis Lee;0,8291
Ruben Sierra;3;Danny Cater;0,8283
Ruben Sierra;4;Tom Herr;0,8253
Ruben Sierra;5;Mike Lamb;0,8174
Rudy York;1;Carlos May;0,9097
Rudy York;2;Jim Ray Hart;0,9012
Rudy York;3;Jody Reed;0,8965
Rudy York;4;Alexei Ramirez;0,8775
Rudy York;5;Don Wert;0,8775
Ruppert Jones;1;Vic Davalillo;0,8688
Ruppert Jones;2;Doc Johnston;0,8102
Ruppert Jones;3;Ozzie Guillen;0,7987
Ruppert Jones;4;Bill Mueller;0,7738
Ruppert Jones;5;Emmett Seery;0,7563
Russ Snyder;1;Bobby Wine;0,9101
Russ Snyder;2;Johnny Gooch;0,9041
Russ Snyder;3;Roy Campanella;0,8672
Russ Snyder;4;Ginger Beaumont;0,8635
Russ Snyder;5;Turkey Stearnes;0,8568
Russ Wrightstone;1;Luke Appling;0,9289
Russ Wrightstone;2;Dave Winfield;0,8988
Russ Wrightstone;3;Jim Hickman;0,8838
Russ Wrightstone;4;Dick McAuliffe;0,8741
Russ Wrightstone;5;Lave Cross;0,8698
Russell Martin;1;Jim Tabor;0,9154
Russell Martin;2;Shoeless Joe Jackson;0,873
Russell Martin;3;Matt Chapman;0,8469
Russell Martin;4;Red Smith;0,8014
Russell Martin;5;Eddie Miller;0,7945
Rusty Greer;1;Clint Barmes;0,9109
Rusty Greer;2;Matt Wieters;0,895
Rusty Greer;3;Dick Allen;0,8747
Rusty Greer;4;Eddie Kasko;0,8746
Rusty Greer;5;Dee Strange-Gordon;0,8719
Rusty Staub;1;Joey Cora;0,9143
Rusty Staub;2;Bobby Veach;0,8873
Rusty Staub;3;Sid Farrar;0,8722
Rusty Staub;4;Jose Ramirez;0,8527
Rusty Staub;5;Carlos Guillen;0,8514
Ryan Braun;1;Andrelton Simmons;0,8258
Ryan Braun;2;Wid Conroy;0,8252
Ryan Braun;3;Rico Carty;0,8053
Ryan Braun;4;Tommy Thevenow;0,7968
Ryan Braun;5;Alvin Davis;0,7964
Ryan Doumit;1;Wally Moses;0,8823
Ryan Doumit;2;Coco Crisp;0,8814
Ryan Doumit;3;Cody Ross;0,8736
Ryan Doumit;4;Curtis Granderson;0,8667
Ryan Doumit;5;Blondie Purcell;0,8465
Ryan Howard;1;Chuck Hinton;0,9243
Ryan Howard;2;James Casey;0,9191
Ryan Howard;3;Bill Melton;0,9043
Ryan Howard;4;John Valentin;0,8812
Ryan Howard;5;Jody Davis;0,8762
Ryan Klesko;1;Wes Covington;0,8802
Ryan Klesko;2;Jack O'Connor;0,879
Ryan Klesko;3;William Clarke;0,832
Ryan Klesko;4;Gene Clines;0,8132
Ryan Klesko;5;Al Smith;0,7897
Ryan Zimmerman;1;Elliott Maddox;0,9215
Ryan Zimmerman;2;Andy Seminick;0,8994
Ryan Zimmerman;3;Joe Vosmik;0,8528
Ryan Zimmerman;4;Carl Everett;0,826
Ryan Zimmerman;5;Mike Lansing;0,8225
Ryne Sandberg;1;Bob Skinner;0,9349
Ryne Sandberg;2;Bob O'Farrell;0,9263
Ryne Sandberg;3;Vince DiMaggio;0,891
Ryne Sandberg;4;Jurickson Profar;0,8376
Ryne Sandberg;5;Deivi Cruz;0,8175
Sal Bando;1;Bobby Higginson;0,8841
Sal Bando;2;Hideki Matsui;0,8796
Sal Bando;3;Cody Ross;0,8608
Sal Bando;4;Ken Henderson;0,8568
Sal Bando;5;Milt Thompson;0,8433
Salvador Perez;1;Bill Mueller;0,8781
Salvador Perez;2;Milt May;0,8535
Salvador Perez;3;Lee Tannehill;0,8106
Salvador Perez;4;Peanuts Lowrey;0,7837
Salvador Perez;5;Frankie Gustine;0,7532
Sam Chapman;1;Juan Samuel;0,8937
Sam Chapman;2;Crush Holloway;0,8881
Sam Chapman;3;Brian Jordan;0,8754
Sam Chapman;4;George Bell;0,8737
Sam Chapman;5;Delmon Young;0,8432
Sam Crawford;1;Jim Russell;0,8184
Sam Crawford;2;Mickey Owen;0,8009
Sam Crawford;3;Howie Kendrick;0,7959
Sam Crawford;4;Nate McLouth;0,784
Sam Crawford;5;Billy Martin;0,784
Sam Mertes;1;Ron Oester;0,8873
Sam Mertes;2;Bob Meusel;0,8377
Sam Mertes;3;Yuniesky Betancourt;0,8364
Sam Mertes;4;Bob Horner;0,8127
Sam Mertes;5;Frank Malzone;0,7919
Sam Rice;1;Darrin Fletcher;0,8737
Sam Rice;2;Eddie Stanky;0,851
Sam Rice;3;Bob O'Farrell;0,8337
Sam Rice;4;John McGraw;0,8106
Sam Rice;5;Kolten Wong;0,8073
Sam Thompson;1;John Titus;0,9026
Sam Thompson;2;Roy Howell;0,8816
Sam Thompson;3;Josh Bell;0,8716
Sam Thompson;4;Danny Murphy;0,8647
Sam Thompson;5;Les Mann;0,8558
Sam West;1;Ron Gant;0,9425
Sam West;2;Mike Stanley;0,8852
Sam West;3;Barry Bonnell;0,8831
Sam West;4;Mickey Hatcher;0,873
Sam West;5;Mack Jones;0,8671
Sam Wise;1;Carson Bigbee;0,906
Sam Wise;2;Darren Daulton;0,8781
Sam Wise;3;Denny Doyle;0,8689
Sam Wise;4;Dave Winfield;0,868
Sam Wise;5;Ken McMullen;0,851
Sammy Sosa;1;Bill McClellan;0,9446
Sammy Sosa;2;George Shoch;0,9435
Sammy Sosa;3;Joey Cora;0,8936
Sammy Sosa;4;Whitey Witt;0,881
Sammy Sosa;5;Oscar Gamble;0,8257
Sammy White;1;Mike Pagliarulo;0,9552
Sammy White;2;Jim Ray Hart;0,9025
Sammy White;3;Andre Thornton;0,8934
Sammy White;4;Don Wert;0,8823
Sammy White;5;Don Blasingame;0,8781
Sandy Alomar;1;Turkey Stearnes;0,9148
Sandy Alomar;2;Oscar Gamble;0,8533
Sandy Alomar;3;Gary Disarcina;0,8351
Sandy Alomar;4;Mike Devereaux;0,8349
Sandy Alomar;5;John Clapp;0,8265
Scott Brosius;1;Freddie Patek;0,9117
Scott Brosius;2;Bill Dahlen;0,8712
Scott Brosius;3;Patrick Gillespie;0,8378
Scott Brosius;4;Vance Law;0,8223
Scott Brosius;5;Bibb Falk;0,8214
Scott Fletcher;1;Tim Anderson;0,9696
Scott Fletcher;2;Ripper Collins;0,9449
Scott Fletcher;3;Elliott Maddox;0,9416
Scott Fletcher;4;Jerry Lumpe;0,9311
Scott Fletcher;5;Jerry Benjamin;0,9055
Scott Hatteberg;1;Rick Miller;0,8708
Scott Hatteberg;2;Bill Melton;0,8396
Scott Hatteberg;3;Preston Wilson;0,8277
Scott Hatteberg;4;Tommy McCraw;0,8162
Scott Hatteberg;5;Colby Rasmus;0,814
Scott Rolen;1;Germany Schaefer;0,889
Scott Rolen;2;Starling Marte;0,8672
Scott Rolen;3;Cecil Travis;0,8597
Scott Rolen;4;George Whitted;0,8452
Scott Rolen;5;Riggs Stephenson;0,8395
Scott Spiezio;1;Ed Konetchy;0,9238
Scott Spiezio;2;Mike Lamb;0,8883
Scott Spiezio;3;Jerry Royster;0,8728
Scott Spiezio;4;Bibb Falk;0,8702
Scott Spiezio;5;Jonathan Schoop;0,8388
Sean Casey;1;Nate McLouth;0,9209
Sean Casey;2;Judy Johnson;0,9053
Sean Casey;3;Rafael Ramirez;0,8768
Sean Casey;4;Don Blasingame;0,8265
Sean Casey;5;Ivan de Jesus;0,8201
Seth Smith;1;Tommy Pham;0,9642
Seth Smith;2;Art Fletcher;0,9136
Seth Smith;3;Bill Skowron;0,9047
Seth Smith;4;Walt Dropo;0,8944
Seth Smith;5;Charlie Irwin;0,8786
Shane Victorino;1;Jimmy Sheckard;0,8767
Shane Victorino;2;Bob Fothergill;0,8279
Shane Victorino;3;Jim Gilliam;0,7952
Shane Victorino;4;Nemo Leibold;0,7925
Shane Victorino;5;Derek Bell;0,7828
Shannon Stewart;1;Adam Kennedy;0,9007
Shannon Stewart;2;Ducky Holmes;0,8918
Shannon Stewart;3;Tommy Davis;0,8887
Shannon Stewart;4;Michael Taylor;0,8806
Shannon Stewart;5;Bill Bradley;0,8612
Shano Collins;1;Bobby Adams;0,8735
Shano Collins;2;Chick Gandil;0,8571
Shano Collins;3;Cesar Hernandez;0,8403
Shano Collins;4;Cody Ross;0,8096
Shano Collins;5;Chris Hoiles;0,8061
Shanty Hogan;1;Duff Cooley;0,9502
Shanty Hogan;2;Mule Haas;0,9475
Shanty Hogan;3;David Peralta;0,9442
Shanty Hogan;4;Garry Templeton;0,937
Shanty Hogan;5;Tom Tresh;0,9217
Shawn Green;1;Bob Nieman;0,9356
Shawn Green;2;Carlos Guillen;0,9127
Shawn Green;3;Aaron Judge;0,8943
Shawn Green;4;Sid Farrar;0,8881
Shawn Green;5;Brent Mayne;0,8823
Shawon Dunston;1;Ken Caminiti;0,8192
Shawon Dunston;2;Devon White;0,8108
Shawon Dunston;3;Jose Pagan;0,7955
Shawon Dunston;4;Aaron Judge;0,7919
Shawon Dunston;5;Cy Williams;0,7869
Sherm Lollar;1;Max Bishop;0,8185
Sherm Lollar;2;Bernie Friberg;0,7778
Sherm Lollar;3;Wally Post;0,7767
Sherm Lollar;4;George Metkovich;0,7716
Sherm Lollar;5;Phil Masi;0,7699
Sherry Magee;1;Steve Buechele;0,8436
Sherry Magee;2;Billy Jurges;0,8209
Sherry Magee;3;Greg Vaughn;0,8116
Sherry Magee;4;Walter Holke;0,7969
Sherry Magee;5;Jack Wilson;0,7939
Shin-Soo Choo;1;Charlie Irwin;0,9196
Shin-Soo Choo;2;Danny O'Connell;0,8629
Shin-Soo Choo;3;Corey Koskie;0,7999
Shin-Soo Choo;4;Dick Green;0,7968
Shin-Soo Choo;5;Hobe Ferris;0,7943
Shoeless Joe Jackson;1;Charlie Irwin;0,9179
Shoeless Joe Jackson;2;Russell Martin;0,873
Shoeless Joe Jackson;3;George Wright;0,8455
Shoeless Joe Jackson;4;Kitty Bransfield;0,8046
Shoeless Joe Jackson;5;Chris Iannetta;0,8032
Sibby Sisti;1;Frank Snyder;0,8896
Sibby Sisti;2;Gabby Hartnett;0,8776
Sibby Sisti;3;Dan Brouthers;0,8743
Sibby Sisti;4;Placido Polanco;0,8621
Sibby Sisti;5;Blondie Purcell;0,862
Sid Farrar;1;Jack Doyle;0,9768
Sid Farrar;2;Carlos Delgado;0,9249
Sid Farrar;3;Dwight Evans;0,921
Sid Farrar;4;Carlos Guillen;0,9183
Sid Farrar;5;Jackie Jensen;0,895
Sid Gordon;1;Cliff Floyd;0,9343
Sid Gordon;2;Ken Williams;0,9341
Sid Gordon;3;Heinie Wagner;0,9217
Sid Gordon;4;Ty Cobb;0,9061
Sid Gordon;5;Mo Vaughn;0,898
Silver Flint;1;Bill Joyce;0,9005
Silver Flint;2;Julio Cruz;0,89
Silver Flint;3;Arlie Latham;0,8864
Silver Flint;4;Jack Smith;0,8772
Silver Flint;5;Garry Maddox;0,8769
Sixto Lezcano;1;Dan Driessen;0,9557
Sixto Lezcano;2;Phil Nevin;0,9189
Sixto Lezcano;3;Carlos Delgado;0,903
Sixto Lezcano;4;Jeffrey Leonard;0,8726
Sixto Lezcano;5;Art Whitney;0,8282
Skeeter Newsome;1;Ed Williamson;0,971
Skeeter Newsome;2;Roy Cullenbine;0,9288
Skeeter Newsome;3;Andy Pafko;0,9118
Skeeter Newsome;4;Al Zarilla;0,8892
Skeeter Newsome;5;Lew Fonseca;0,8694
Skip Schumaker;1;Whitey Lockman;0,9752
Skip Schumaker;2;B. J. Upton;0,9272
Skip Schumaker;3;Gene Moore;0,9214
Skip Schumaker;4;Austin Kearns;0,9091
Skip Schumaker;5;Monte Irvin;0,9055
Smoky Burgess;1;Jack Wilson;0,9182
Smoky Burgess;2;Jack Graney;0,8939
Smoky Burgess;3;Hank Greenberg;0,8918
Smoky Burgess;4;Hick Carpenter;0,8732
Smoky Burgess;5;J. T. Realmuto;0,8592
Solly Hofman;1;Charlie Blackmon;0,9219
Solly Hofman;2;Carlos Peña;0,9131
Solly Hofman;3;Mike Lansing;0,8864
Solly Hofman;4;Bill Rariden;0,8695
Solly Hofman;5;Andre Dawson;0,8664
Sparky Adams;1;Abner Dalrymple;0,9126
Sparky Adams;2;Miguel Rojas;0,8599
Sparky Adams;3;John Barry;0,8313
Sparky Adams;4;Bucky Dent;0,8126
Sparky Adams;5;Jonny Gomes;0,7957
Spike Owen;1;Ernie Whitt;0,9451
Spike Owen;2;Randy Velarde;0,9167
Spike Owen;3;Daryl Boston;0,8664
Spike Owen;4;Nelson Cruz;0,8398
Spike Owen;5;Rickey Henderson;0,8143
Stan Hack;1;Jack Rowe;0,8674
Stan Hack;2;Wally Post;0,8251
Stan Hack;3;Ray Chapman;0,8057
Stan Hack;4;Al Zarilla;0,7971
Stan Hack;5;Phil Masi;0,7883
Stan Javier;1;Rafael Devers;0,8793
Stan Javier;2;Dan Meyer;0,8412
Stan Javier;3;Fred Pfeffer;0,8336
Stan Javier;4;George Shoch;0,7743
Stan Javier;5;Michael Brantley;0,7715
Stan Musial;1;Roy Hartzell;0,8928
Stan Musial;2;Eddie Stanky;0,8467
Stan Musial;3;Newt Allen;0,8068
Stan Musial;4;Jim Eisenreich;0,7984
Stan Musial;5;Jeff King;0,7946
Stan Spence;1;Frankie Frisch;0,9194
Stan Spence;2;Kid Gleason;0,9171
Stan Spence;3;Gene Tenace;0,9129
Stan Spence;4;Owen Wilson;0,9074
Stan Spence;5;Ernie Banks;0,9018
Starlin Castro;1;Ping Bodie;0,9715
Starlin Castro;2;John Milner;0,7973
Starlin Castro;3;John Flaherty;0,7602
Starlin Castro;4;Billy Hatcher;0,7167
Starlin Castro;5;David Murphy;0,699
Starling Marte;1;Scott Rolen;0,8672
Starling Marte;2;Dexter Fowler;0,7909
Starling Marte;3;Dom DiMaggio;0,7842
Starling Marte;4;Max Muncy;0,783
Starling Marte;5;Bill Skowron;0,7549
Stephen Drew;1;Vada Pinson;0,9156
Stephen Drew;2;Ginger Beaumont;0,9111
Stephen Drew;3;Joe Sugden;0,8924
Stephen Drew;4;Roy Campanella;0,8677
Stephen Drew;5;Al Lopez;0,8477
Steve Brodie;1;Charlie Hayes;0,9135
Steve Brodie;2;Al Bridwell;0,9001
Steve Brodie;3;Mark DeRosa;0,897
Steve Brodie;4;Tommie Agee;0,885
Steve Brodie;5;Terry Moore;0,8796
Steve Buechele;1;Willie Stargell;0,9291
Steve Buechele;2;King Kelly;0,9236
Steve Buechele;3;Greg Vaughn;0,8574
Steve Buechele;4;Bill Wambsganss;0,856
Steve Buechele;5;John McGraw;0,8488
Steve Finley;1;Eddie Stanky;0,864
Steve Finley;2;Jack Glasscock;0,8434
Steve Finley;3;Bill Killefer;0,8057
Steve Finley;4;Germany Schaefer;0,8021
Steve Finley;5;Reggie Smith;0,8013
Steve Garvey;1;Joey Cora;0,8936
Steve Garvey;2;Daryl Boston;0,8781
Steve Garvey;3;Edd Roush;0,87
Steve Garvey;4;Bill Wambsganss;0,8694
Steve Garvey;5;John Hummel;0,8623
Steve Henderson;1;Eddie Foster;0,9009
Steve Henderson;2;Vada Pinson;0,8526
Steve Henderson;3;Jon Jay;0,8457
Steve Henderson;4;Don Mincher;0,8408
Steve Henderson;5;Hunter Pence;0,8342
Steve Kemp;1;Roger Bresnahan;0,9375
Steve Kemp;2;Ian Kinsler;0,9346
Steve Kemp;3;Tito Francona;0,9135
Steve Kemp;4;Nomar Garciaparra;0,8989
Steve Kemp;5;Hurley McNair;0,8957
Steve O'Neill;1;George Metkovich;0,9193
Steve O'Neill;2;Germany Schaefer;0,8291
Steve O'Neill;3;Juan Beniquez;0,8274
Steve O'Neill;4;Joe Morgan;0,8261
Steve O'Neill;5;Jim Edmonds;0,8232
Steve Sax;1;Ferris Fain;0,8085
Steve Sax;2;Tommy Corcoran;0,8078
Steve Sax;3;Frank Isbell;0,7867
Steve Sax;4;DJ LeMahieu;0,7857
Steve Sax;5;Clint Thomas;0,758
Steve Yeager;1;Randal Grichuk;0,8776
Steve Yeager;2;John Mayberry;0,8312
Steve Yeager;3;Germany Smith;0,8183
Steve Yeager;4;Woodie Held;0,817
Steve Yeager;5;Wally Backman;0,8054
Stuffy McInnis;1;James Casey;0,9177
Stuffy McInnis;2;Barry McCormick;0,8616
Stuffy McInnis;3;Jim Tabor;0,8427
Stuffy McInnis;4;Bill Melton;0,8276
Stuffy McInnis;5;Bill Bergen;0,8176
Taffy Wright;1;Neifi Perez;0,9479
Taffy Wright;2;Al Lopez;0,9443
Taffy Wright;3;Ezra Sutton;0,9153
Taffy Wright;4;John Roseboro;0,9092
Taffy Wright;5;Ginger Beaumont;0,9002
Ted Kluszewski;1;Hans Lobert;0,8711
Ted Kluszewski;2;Hank Severeid;0,8695
Ted Kluszewski;3;Bill White;0,8569
Ted Kluszewski;4;Frank Schulte;0,8388
Ted Kluszewski;5;Buck Martinez;0,8377
Ted Simmons;1;Eddie Stanky;0,8759
Ted Simmons;2;Bill Killefer;0,8754
Ted Simmons;3;Buck Weaver;0,8328
Ted Simmons;4;Vladimir Guerrero;0,7996
Ted Simmons;5;George Van Haltren;0,7979
Ted Sizemore;1;Chuck Hinton;0,9552
Ted Sizemore;2;Ron Hassey;0,9515
Ted Sizemore;3;Jody Davis;0,8749
Ted Sizemore;4;Donie Bush;0,8424
Ted Sizemore;5;Don Mueller;0,8365
Ted Williams;1;Mike Lieberthal;0,9009
Ted Williams;2;Eric Young;0,8929
Ted Williams;3;Brandon Inge;0,8855
Ted Williams;4;Leon Durham;0,8764
Ted Williams;5;Roger Cedeno;0,8583
Terry Kennedy;1;Joe Cunningham;0,9285
Terry Kennedy;2;Joe Gerhardt;0,917
Terry Kennedy;3;Nate McLouth;0,8905
Terry Kennedy;4;Rube Bressler;0,8902
Terry Kennedy;5;Heinie Zimmerman;0,8748
Terry Moore;1;Bobby Lowe;0,9047
Terry Moore;2;Steve Brodie;0,8796
Terry Moore;3;Gee Walker;0,8559
Terry Moore;4;Bob Boone;0,8504
Terry Moore;5;Kirk Gibson;0,8446
Terry Pendleton;1;Wayne Gross;0,845
Terry Pendleton;2;Joe Pepitone;0,8055
Terry Pendleton;3;Lou Piniella;0,7846
Terry Pendleton;4;Curt Walker;0,7783
Terry Pendleton;5;Frank Hankinson;0,7594
Terry Puhl;1;Miguel Rojas;0,85
Terry Puhl;2;Joe Pepitone;0,8388
Terry Puhl;3;Wayne Gross;0,8087
Terry Puhl;4;Dom DiMaggio;0,8056
Terry Puhl;5;Walter Holke;0,7924
Terry Steinbach;1;Kevin Seitzer;0,7502
Terry Steinbach;2;Hal Lanier;0,7277
Terry Steinbach;3;Jim Spencer;0,7265
Terry Steinbach;4;Benito Santiago;0,6805
Terry Steinbach;5;Milt May;0,6779
Terry Turner;1;Chris Hoiles;0,9292
Terry Turner;2;Frank O'Rourke;0,8968
Terry Turner;3;Les Mann;0,8617
Terry Turner;4;Dave Magadan;0,7745
Terry Turner;5;Jim Thome;0,771
Thomas Burns;1;Charley Bassett;0,9738
Thomas Burns;2;Connie Ryan;0,942
Thomas Burns;3;Josh Harrison;0,9022
Thomas Burns;4;Wayne Garrett;0,8385
Thomas Burns;5;Danny Hoffman;0,8322
Thurman Munson;1;Heinie Manush;0,8675
Thurman Munson;2;Tom Burns;0,8303
Thurman Munson;3;Don Hoak;0,809
Thurman Munson;4;Reed Johnson;0,808
Thurman Munson;5;Minnie Miñoso;0,8009
Tillie Walker;1;Cy Williams;0,8762
Tillie Walker;2;Buck Weaver;0,8698
Tillie Walker;3;Walt Wilmot;0,8643
Tillie Walker;4;Lenny Dykstra;0,8331
Tillie Walker;5;Lew Fonseca;0,8278
Tim Anderson;1;Scott Fletcher;0,9696
Tim Anderson;2;Jerry Lumpe;0,9174
Tim Anderson;3;Fred Schulte;0,9056
Tim Anderson;4;Mike Lansing;0,9024
Tim Anderson;5;Frankie Crosetti;0,8936
Tim Foli;1;Chad Curtis;0,9546
Tim Foli;2;Denny Doyle;0,9105
Tim Foli;3;Cameron Maybin;0,8429
Tim Foli;4;Buck Weaver;0,8179
Tim Foli;5;Johnny Evers;0,8052
Tim McCarver;1;David Murphy;0,8903
Tim McCarver;2;Hoot Evers;0,8785
Tim McCarver;3;Ty Wigginton;0,8684
Tim McCarver;4;Fred Dunlap;0,8571
Tim McCarver;5;Miguel Montero;0,8541
Tim Raines;1;Bill McClellan;0,8854
Tim Raines;2;Granny Hamner;0,8495
Tim Raines;3;Troy Tulowitzki;0,8477
Tim Raines;4;Luis Valbuena;0,8374
Tim Raines;5;Jerry Remy;0,8347
Tim Salmon;1;Tony Gonzalez;0,857
Tim Salmon;2;Chick Stahl;0,847
Tim Salmon;3;Steve Kemp;0,8421
Tim Salmon;4;Hobe Ferris;0,8384
Tim Salmon;5;Tony Womack;0,8378
Tim Teufel;1;Ralph Garr;0,8967
Tim Teufel;2;Ichiro Suzuki;0,8554
Tim Teufel;3;George Stovall;0,8498
Tim Teufel;4;Kevin Kiermaier;0,8182
Tim Teufel;5;Gus Zernial;0,8175
Tim Wallach;1;Dmitri Young;0,8692
Tim Wallach;2;Josh Harrison;0,8597
Tim Wallach;3;AJ Pollock;0,8488
Tim Wallach;4;Roy Cullenbine;0,8463
Tim Wallach;5;Cool Papa Bell;0,8127
Tino Martinez;1;Cy Seymour;0,927
Tino Martinez;2;Denny Doyle;0,896
Tino Martinez;3;Dansby Swanson;0,869
Tino Martinez;4;Marwin Gonzalez;0,8662
Tino Martinez;5;Tom Herr;0,8515
Tip O'Neill;1;Patrick Gillespie;0,9145
Tip O'Neill;2;Woody English;0,8981
Tip O'Neill;3;Desi Relaford;0,8869
Tip O'Neill;4;Reggie Sanders;0,8649
Tip O'Neill;5;Jose Guillen;0,8527
Tito Francona;1;Steve Kemp;0,9135
Tito Francona;2;Aurelio Rodriguez;0,9113
Tito Francona;3;Ossie Vitt;0,9075
Tito Francona;4;Eric Young;0,8939
Tito Francona;5;Josh Bell;0,8934
Tito Fuentes;1;Willie Crawford;0,8921
Tito Fuentes;2;John Shelby;0,8531
Tito Fuentes;3;Brian McRae;0,8493
Tito Fuentes;4;Andy Van Slyke;0,8475
Tito Fuentes;5;Bruce Bochte;0,8396
Toby Harrah;1;Sid Farrar;0,8949
Toby Harrah;2;Bill Rariden;0,8764
Toby Harrah;3;Oscar Gamble;0,8566
Toby Harrah;4;Whitey Witt;0,8483
Toby Harrah;5;Solly Hofman;0,8413
Todd Frazier;1;Brian McCann;0,9192
Todd Frazier;2;Doug Flynn;0,8988
Todd Frazier;3;Jason Heyward;0,8856
Todd Frazier;4;George Moriarty;0,8686
Todd Frazier;5;Martin Maldonado;0,8632
Todd Helton;1;Ed Taubensee;0,8815
Todd Helton;2;Matt Holliday;0,8746
Todd Helton;3;Brian Giles;0,8684
Todd Helton;4;Lee Stevens;0,8624
Todd Helton;5;Charley Jones;0,8545
Todd Hundley;1;Nick Castellanos;0,9423
Todd Hundley;2;Brian McRae;0,9165
Todd Hundley;3;Irish Meusel;0,9058
Todd Hundley;4;Edgardo Alfonzo;0,8818
Todd Hundley;5;Mo Vaughn;0,8656
Todd Walker;1;Gil McDougald;0,9129
Todd Walker;2;Cliff Johnson;0,8852
Todd Walker;3;Pepper Martin;0,8536
Todd Walker;4;Ivy Olson;0,8404
Todd Walker;5;Tom Brunansky;0,8331
Todd Zeile;1;Charley O'Leary;0,8408
Todd Zeile;2;Juan Encarnacion;0,7974
Todd Zeile;3;Jim Delahanty;0,793
Todd Zeile;4;Max Bishop;0,7702
Todd Zeile;5;Juan Beniquez;0,7543
Tom Brookens;1;Kendrys Morales;0,8373
Tom Brookens;2;Fred Luderus;0,804
Tom Brookens;3;Chris Gomez;0,8034
Tom Brookens;4;Devon White;0,7986
Tom Brookens;5;Ben Taylor;0,7786
Tom Brown;1;Glenallen Hill;0,814
Tom Brown;2;Pete Hotaling;0,8129
Tom Brown;3;Rance Mulliniks;0,8079
Tom Brown;4;Darryl Hamilton;0,7866
Tom Brown;5;Wally Moon;0,7708
Tom Brunansky;1;Tommy Pham;0,8819
Tom Brunansky;2;Todd Walker;0,8331
Tom Brunansky;3;Leon Wagner;0,813
Tom Brunansky;4;Seth Smith;0,7953
Tom Brunansky;5;Travis Lee;0,787
Tom Burns;1;Horace Clarke;0,892
Tom Burns;2;Max Muncy;0,8338
Tom Burns;3;Thurman Munson;0,8303
Tom Burns;4;Willson Contreras;0,8287
Tom Burns;5;Billy Sullivan;0,8229
Tom Daly;1;Mack Jones;0,9095
Tom Daly;2;Glenallen Hill;0,8821
Tom Daly;3;Ricky Gutierrez;0,8782
Tom Daly;4;Joe Adcock;0,8631
Tom Daly;5;Joey Cora;0,8292
Tom Haller;1;Monte Irvin;0,8764
Tom Haller;2;Luke Scott;0,846
Tom Haller;3;Chris Iannetta;0,8425
Tom Haller;4;Barry McCormick;0,8105
Tom Haller;5;Walt Dropo;0,8103
Tom Herr;1;Patrick Gillespie;0,8737
Tom Herr;2;Denny Doyle;0,8697
Tom Herr;3;Chad Curtis;0,8549
Tom Herr;4;Tino Martinez;0,8515
Tom Herr;5;Cy Seymour;0,8493
Tom Paciorek;1;Lee May;0,8921
Tom Paciorek;2;Jason Thompson;0,89
Tom Paciorek;3;Richie Sexson;0,8852
Tom Paciorek;4;Hank Bauer;0,8438
Tom Paciorek;5;Mark Teixeira;0,8352
Tom Tresh;1;Eric Davis;0,9755
Tom Tresh;2;Jack McCarthy;0,9427
Tom Tresh;3;Shanty Hogan;0,9217
Tom Tresh;4;Mule Haas;0,8984
Tom Tresh;5;Andrew Benintendi;0,893
Tom York;1;Johnny Rawlings;0,9785
Tom York;2;Newt Allen;0,9014
Tom York;3;Don Buford;0,8248
Tom York;4;Jose Pagan;0,8203
Tom York;5;John Stone;0,8135
Tommie Agee;1;Dave Collins;0,9403
Tommie Agee;2;Mark DeRosa;0,9343
Tommie Agee;3;Damion Easley;0,9138
Tommie Agee;4;Johnny Hopp;0,8893
Tommie Agee;5;Steve Brodie;0,885
Tommy Corcoran;1;Ray Boone;0,8901
Tommy Corcoran;2;Clint Thomas;0,8496
Tommy Corcoran;3;Bobby Lowe;0,8474
Tommy Corcoran;4;Bob Nieman;0,8369
Tommy Corcoran;5;Jack Rowe;0,8081
Tommy Davis;1;Ducky Holmes;0,909
Tommy Davis;2;Jo-Jo White;0,9044
Tommy Davis;3;Michael Taylor;0,893
Tommy Davis;4;Shannon Stewart;0,8887
Tommy Davis;5;Heinie Zimmerman;0,8713
Tommy Dowd;1;Frank Taveras;0,9022
Tommy Dowd;2;Mike Lansing;0,8957
Tommy Dowd;3;Bill Rariden;0,8873
Tommy Dowd;4;Dode Paskert;0,8794
Tommy Dowd;5;Babe Herman;0,8668
Tommy Griffith;1;Danny Litwhiler;0,8829
Tommy Griffith;2;Pop Snyder;0,8324
Tommy Griffith;3;Wade Johnston;0,8092
Tommy Griffith;4;Edgar Renteria;0,7582
Tommy Griffith;5;Aaron Judge;0,7572
Tommy Harper;1;Pete Hotaling;0,8263
Tommy Harper;2;Mike Griffin;0,8138
Tommy Harper;3;Jurickson Profar;0,7868
Tommy Harper;4;Richie Ashburn;0,7843
Tommy Harper;5;Derrek Lee;0,77
Tommy Helms;1;Hal Lanier;0,9098
Tommy Helms;2;Bernie Allen;0,8462
Tommy Helms;3;Miller Huggins;0,8349
Tommy Helms;4;Cookie Rojas;0,8191
Tommy Helms;5;Al Smith;0,7959
Tommy Henrich;1;Jackie Brandt;0,9386
Tommy Henrich;2;Angel Pagan;0,8903
Tommy Henrich;3;Austin Kearns;0,8185
Tommy Henrich;4;Luke Scott;0,8176
Tommy Henrich;5;Augie Galan;0,8029
Tommy Holmes;1;Gary Disarcina;0,9154
Tommy Holmes;2;Arky Vaughan;0,9099
Tommy Holmes;3;Bob Bescher;0,8678
Tommy Holmes;4;Rabbit Warstler;0,8669
Tommy Holmes;5;Byron Buxton;0,8466
Tommy Leach;1;Mike Kreevich;0,8514
Tommy Leach;2;Alex Johnson;0,8431
Tommy Leach;3;Delmon Young;0,8388
Tommy Leach;4;Juan Samuel;0,8164
Tommy Leach;5;Mike Pagliarulo;0,7815
Tommy McCarthy;1;George Gibson;0,8927
Tommy McCarthy;2;Travis Jackson;0,8921
Tommy McCarthy;3;Mickey Morandini;0,8801
Tommy McCarthy;4;Luis Alicea;0,88
Tommy McCarthy;5;Baby Doll Jacobson;0,8741
Tommy McCraw;1;Johnny Pesky;0,886
Tommy McCraw;2;Red Smith;0,8773
Tommy McCraw;3;Jack Warner;0,836
Tommy McCraw;4;Corey Hart;0,8298
Tommy McCraw;5;Scott Hatteberg;0,8162
Tommy Pham;1;Seth Smith;0,9642
Tommy Pham;2;Kid Elberfeld;0,9403
Tommy Pham;3;Walt Dropo;0,9222
Tommy Pham;4;Art Fletcher;0,9157
Tommy Pham;5;Tom Brunansky;0,8819
Tommy Thevenow;1;Dan Meyer;0,8938
Tommy Thevenow;2;Johnny Wyrostek;0,8811
Tommy Thevenow;3;Danny Richardson;0,8562
Tommy Thevenow;4;Carlton Fisk;0,8507
Tommy Thevenow;5;Bobby Thomson;0,8449
Tommy Tucker;1;Vince DiMaggio;0,8666
Tommy Tucker;2;Andy High;0,8339
Tommy Tucker;3;Roger Bresnahan;0,8104
Tommy Tucker;4;Charlie Hemphill;0,8004
Tommy Tucker;5;Dave Magadan;0,7817
Tony Armas;1;Otis Nixon;0,9226
Tony Armas;2;Bob Skinner;0,893
Tony Armas;3;Honus Wagner;0,8911
Tony Armas;4;George Shoch;0,8165
Tony Armas;5;Billy Rogell;0,8137
Tony Batista;1;Nomar Garciaparra;0,8978
Tony Batista;2;Lloyd Waner;0,8966
Tony Batista;3;Kevin Millar;0,8955
Tony Batista;4;Yuniesky Betancourt;0,8752
Tony Batista;5;Billy Martin;0,8738
Tony Clark;1;Jarrod Dyson;0,9264
Tony Clark;2;Lee Handley;0,9121
Tony Clark;3;Corey Koskie;0,8791
Tony Clark;4;Whit Merrifield;0,8412
Tony Clark;5;Bob Fothergill;0,8126
Tony Cuccinello;1;Mike Greenwell;0,8549
Tony Cuccinello;2;Danny O'Connell;0,853
Tony Cuccinello;3;Yan Gomes;0,8259
Tony Cuccinello;4;Wes Covington;0,8069
Tony Cuccinello;5;Gene Clines;0,7934
Tony Fernandez;1;Jorge Soler;0,9249
Tony Fernandez;2;Rabbit Warstler;0,9002
Tony Fernandez;3;John Henry Russell;0,8906
Tony Fernandez;4;Branch Russell;0,864
Tony Fernandez;5;Rollie Zeider;0,8535
Tony Gonzalez;1;Tony Womack;0,946
Tony Gonzalez;2;Jerry Browne;0,8983
Tony Gonzalez;3;Tim Salmon;0,857
Tony Gonzalez;4;Earl Averill;0,8357
Tony Gonzalez;5;Wally Moon;0,7789
Tony Gwynn;1;Sid Farrar;0,8892
Tony Gwynn;2;Brian Downing;0,856
Tony Gwynn;3;Solly Hofman;0,8265
Tony Gwynn;4;Cass Michaels;0,7653
Tony Gwynn;5;Bob Nieman;0,7608
Tony Kubek;1;Trevor Story;0,949
Tony Kubek;2;Al Lopez;0,9199
Tony Kubek;3;Rich Gedman;0,912
Tony Kubek;4;Ginger Beaumont;0,9004
Tony Kubek;5;Taffy Wright;0,889
Tony Lazzeri;1;Jorge Soler;0,9336
Tony Lazzeri;2;John Henry Russell;0,9016
Tony Lazzeri;3;Red Kress;0,8526
Tony Lazzeri;4;Jimmy Collins;0,8505
Tony Lazzeri;5;Branch Russell;0,8499
Tony Oliva;1;Hal Lanier;0,8704
Tony Oliva;2;Dave Cash;0,8669
Tony Oliva;3;Logan Morrison;0,8634
Tony Oliva;4;Vic Davalillo;0,8476
Tony Oliva;5;William Clarke;0,8391
Tony Perez;1;Willie Crawford;0,8359
Tony Perez;2;Dave Henderson;0,8199
Tony Perez;3;Ketel Marte;0,8157
Tony Perez;4;Russ Wrightstone;0,7607
Tony Perez;5;Emmett Seery;0,7548
Tony Peña;1;Dee Strange-Gordon;0,8781
Tony Peña;2;Cleon Jones;0,8664
Tony Peña;3;Bingo DeMoss;0,8329
Tony Peña;4;Eddie Kasko;0,8208
Tony Peña;5;Rusty Greer;0,812
Tony Phillips;1;Jurickson Profar;0,8781
Tony Phillips;2;Bill Buckner;0,8211
Tony Phillips;3;Omar Vizquel;0,8097
Tony Phillips;4;Cy Williams;0,8045
Tony Phillips;5;Buck Weaver;0,802
Tony Taylor;1;Ken Landreaux;0,9173
Tony Taylor;2;Vic Power;0,8989
Tony Taylor;3;Joe Azcue;0,8871
Tony Taylor;4;Rougned Odor;0,8654
Tony Taylor;5;Cody Ross;0,8564
Tony Womack;1;Tony Gonzalez;0,946
Tony Womack;2;Tim Salmon;0,8378
Tony Womack;3;Wally Backman;0,8129
Tony Womack;4;Woodie Held;0,808
Tony Womack;5;Billy Cox;0,7669
Topsy Hartsel;1;Jeff Francoeur;0,8859
Topsy Hartsel;2;Vada Pinson;0,8834
Topsy Hartsel;3;Matt Stairs;0,8367
Topsy Hartsel;4;Dal Maxvill;0,8302
Topsy Hartsel;5;Juan Rivera;0,8184
Torii Hunter;1;Bob O'Farrell;0,8666
Torii Hunter;2;Deivi Cruz;0,8471
Torii Hunter;3;Bob Skinner;0,8229
Torii Hunter;4;Otis Nixon;0,8085
Torii Hunter;5;Byron Buxton;0,8024
Travis Fryman;1;John Clapp;0,8296
Travis Fryman;2;Jackie Brandt;0,8044
Travis Fryman;3;Elliott Maddox;0,7895
Travis Fryman;4;Mariano Duncan;0,769
Travis Fryman;5;Horace Clarke;0,7618
Travis Hafner;1;Rollie Zeider;0,9278
Travis Hafner;2;George Bell;0,8912
Travis Hafner;3;Joe Cunningham;0,8804
Travis Hafner;4;Alex Bregman;0,8725
Travis Hafner;5;Nomar Garciaparra;0,8565
Travis Jackson;1;Mickey Morandini;0,912
Travis Jackson;2;Tommy McCarthy;0,8921
Travis Jackson;3;Mickey Rivers;0,8831
Travis Jackson;4;Germany Schaefer;0,878
Travis Jackson;5;Clyde McCullough;0,8701
Travis Lee;1;Orlando Cabrera;0,925
Travis Lee;2;Otto Knabe;0,8943
Travis Lee;3;Pete Browning;0,8921
Travis Lee;4;Yonder Alonso;0,8859
Travis Lee;5;Fred Carroll;0,8618
Travis d'Arnaud;1;Frank Bowerman;0,903
Travis d'Arnaud;2;Joc Pederson;0,8622
Travis d'Arnaud;3;Del Rice;0,8412
Travis d'Arnaud;4;Wayne Garrett;0,84
Travis d'Arnaud;5;Vernon Wells;0,8228
Trea Turner;1;Johnny Temple;0,8743
Trea Turner;2;Ferris Fain;0,8492
Trea Turner;3;Ben Taylor;0,8451
Trea Turner;4;Tommie Agee;0,8325
Trea Turner;5;Steve Brodie;0,8068
Trevor Story;1;Tony Kubek;0,949
Trevor Story;2;Clint Barmes;0,9043
Trevor Story;3;Buck Freeman;0,8993
Trevor Story;4;Enos Cabell;0,8861
Trevor Story;5;Andre Ethier;0,8843
Tris Speaker;1;Frank Catalanotto;0,886
Tris Speaker;2;Jose Guillen;0,8771
Tris Speaker;3;Irish Meusel;0,8692
Tris Speaker;4;Aaron Hicks;0,861
Tris Speaker;5;Deivi Cruz;0,8447
Trot Nixon;1;Wid Conroy;0,9397
Trot Nixon;2;Dan Uggla;0,9335
Trot Nixon;3;Darin Erstad;0,8947
Trot Nixon;4;Don Mueller;0,8795
Trot Nixon;5;Bobby Avila;0,8694
Troy Glaus;1;Geoff Jenkins;0,859
Troy Glaus;2;Ken Henderson;0,8461
Troy Glaus;3;Bobby Higginson;0,8248
Troy Glaus;4;Danny Tartabull;0,8119
Troy Glaus;5;Denis Menke;0,8048
Troy O'Leary;1;Deacon White;0,8838
Troy O'Leary;2;Ezra Sutton;0,8622
Troy O'Leary;3;Bobby Wallace;0,862
Troy O'Leary;4;Vada Pinson;0,8529
Troy O'Leary;5;Juan Rivera;0,8433
Troy Tulowitzki;1;Bill McClellan;0,9175
Troy Tulowitzki;2;Mark Kotsay;0,8646
Troy Tulowitzki;3;Lorenzo Cain;0,8556
Troy Tulowitzki;4;Tim Raines;0,8477
Troy Tulowitzki;5;Jerry Remy;0,8421
Turkey Stearnes;1;Sandy Alomar;0,9148
Turkey Stearnes;2;John Clapp;0,8578
Turkey Stearnes;3;Russ Snyder;0,8568
Turkey Stearnes;4;Ginger Beaumont;0,849
Turkey Stearnes;5;Jose Hernandez;0,8481
Ty Cobb;1;John Hummel;0,9625
Ty Cobb;2;Johnny Bates;0,9259
Ty Cobb;3;Sid Gordon;0,9061
Ty Cobb;4;Ken Williams;0,8816
Ty Cobb;5;Joey Cora;0,8749
Ty Wigginton;1;Hoot Evers;0,9358
Ty Wigginton;2;Dave Duncan;0,9064
Ty Wigginton;3;Michael Conforto;0,8981
Ty Wigginton;4;Chris Speier;0,889
Ty Wigginton;5;Kelly Johnson;0,8807
Vada Pinson;1;Stephen Drew;0,9156
Vada Pinson;2;Topsy Hartsel;0,8834
Vada Pinson;3;Preston Wilson;0,8831
Vada Pinson;4;Brian Jordan;0,865
Vada Pinson;5;Troy O'Leary;0,8529
Vance Law;1;Fred Carroll;0,9062
Vance Law;2;Bill Dahlen;0,8524
Vance Law;3;Lee Maye;0,8444
Vance Law;4;Jose Hernandez;0,8417
Vance Law;5;George Springer;0,829
Vern Stephens;1;Germany Schaefer;0,8605
Vern Stephens;2;Ed McKean;0,8539
Vern Stephens;3;George Whitted;0,8451
Vern Stephens;4;Dave Kingman;0,8334
Vern Stephens;5;Juan Beniquez;0,8242
Vernon Wells;1;Colby Rasmus;0,8925
Vernon Wells;2;Bobby Abreu;0,8713
Vernon Wells;3;Josh Harrison;0,856
Vernon Wells;4;Joc Pederson;0,8363
Vernon Wells;5;Travis d'Arnaud;0,8228
Vic Davalillo;1;Ruppert Jones;0,8688
Vic Davalillo;2;Tony Oliva;0,8476
Vic Davalillo;3;Pete Hotaling;0,8362
Vic Davalillo;4;Leo Durocher;0,831
Vic Davalillo;5;Don Zimmer;0,8245
Vic Power;1;George Kelly;0,9314
Vic Power;2;Tony Taylor;0,8989
Vic Power;3;Bobby Adams;0,8546
Vic Power;4;Chick Gandil;0,8544
Vic Power;5;Rougned Odor;0,8407
Vic Wertz;1;Gene Freese;0,908
Vic Wertz;2;Bobby Byrne;0,8761
Vic Wertz;3;Elliott Maddox;0,8577
Vic Wertz;4;Rube Oldring;0,84
Vic Wertz;5;Phil Nevin;0,8279
Victor Martinez;1;Mike Grady;0,917
Victor Martinez;2;Ossee Schrecongost;0,8263
Victor Martinez;3;Ron Oester;0,822
Victor Martinez;4;Michael Cuddyer;0,8201
Victor Martinez;5;Jorge Polanco;0,8164
Vince Coleman;1;Elmer Valo;0,8406
Vince Coleman;2;Lenny Randle;0,8328
Vince Coleman;3;Rafael Devers;0,8273
Vince Coleman;4;Emmett Seery;0,8193
Vince Coleman;5;Ed Kirkpatrick;0,816
Vince DiMaggio;1;Eric Young;0,9073
Vince DiMaggio;2;Aurelio Rodriguez;0,9069
Vince DiMaggio;3;Ryne Sandberg;0,891
Vince DiMaggio;4;Andy High;0,8892
Vince DiMaggio;5;Gene Alley;0,8691
Vinny Castilla;1;Jarrod Dyson;0,8869
Vinny Castilla;2;Whit Merrifield;0,8587
Vinny Castilla;3;Michael Conforto;0,8431
Vinny Castilla;4;Ival Goodman;0,8407
Vinny Castilla;5;Johnny Logan;0,8378
Virgil Davis;1;Jerry Benjamin;0,9466
Virgil Davis;2;Fred Schulte;0,9249
Virgil Davis;3;Maicer Izturis;0,8904
Virgil Davis;4;William Robinson;0,8831
Virgil Davis;5;Tim Anderson;0,8717
Vladimir Guerrero;1;Bob O'Farrell;0,8716
Vladimir Guerrero;2;Eddie Stanky;0,8576
Vladimir Guerrero;3;Jurickson Profar;0,8441
Vladimir Guerrero;4;Nellie Fox;0,8224
Vladimir Guerrero;5;Manny Mota;0,8065
Von Hayes;1;Willie Crawford;0,9003
Von Hayes;2;Mike Piazza;0,8862
Von Hayes;3;Brian Dozier;0,8558
Von Hayes;4;Orlando Merced;0,843
Von Hayes;5;Herman Long;0,8393
Wade Boggs;1;Gus Bell;0,8867
Wade Boggs;2;Gregg Jefferies;0,8826
Wade Boggs;3;Carson Bigbee;0,8568
Wade Boggs;4;Orlando Hudson;0,8515
Wade Boggs;5;Anthony Rendon;0,8399
Wade Johnston;1;Doc Lavan;0,9046
Wade Johnston;2;Roy Sievers;0,8684
Wade Johnston;3;Elston Howard;0,8561
Wade Johnston;4;C. J. Cron;0,8428
Wade Johnston;5;Billy Hamilton;0,8314
Walker Cooper;1;Andruw Jones;0,948
Walker Cooper;2;Hank Aaron;0,877
Walker Cooper;3;Buck Weaver;0,8363
Walker Cooper;4;George Kell;0,8255
Walker Cooper;5;Bibb Falk;0,8198
Wally Backman;1;Reed Johnson;0,9072
Wally Backman;2;Lu Blue;0,9027
Wally Backman;3;Delino DeShields;0,8475
Wally Backman;4;Tony Womack;0,8129
Wally Backman;5;Steve Yeager;0,8054
Wally Berger;1;Cecil Fielder;0,8545
Wally Berger;2;Larry Doby;0,8534
Wally Berger;3;Horace Clarke;0,8523
Wally Berger;4;Angel Pagan;0,8455
Wally Berger;5;Fielder Jones;0,8256
Wally Gerber;1;Elmer Smith;0,9538
Wally Gerber;2;Billy Werber;0,9333
Wally Gerber;3;Hank Bauer;0,9132
Wally Gerber;4;Pedro Feliz;0,9113
Wally Gerber;5;Mark Teixeira;0,9031
Wally Joyner;1;Mark Trumbo;0,8583
Wally Joyner;2;Wes Covington;0,8055
Wally Joyner;3;Wil Cordero;0,8047
Wally Joyner;4;Milt May;0,7258
Wally Joyner;5;Billy Hatcher;0,7169
Wally Moon;1;Fred McGriff;0,9033
Wally Moon;2;Jerry Browne;0,8837
Wally Moon;3;Robby Thompson;0,8292
Wally Moon;4;Don Baylor;0,8184
Wally Moon;5;Mitch Moreland;0,8165
Wally Moses;1;Frank Malzone;0,9256
Wally Moses;2;Lourdes Gurriel;0,8892
Wally Moses;3;Ryan Doumit;0,8823
Wally Moses;4;Cesar Hernandez;0,8765
Wally Moses;5;Yuniesky Betancourt;0,8732
Wally Pipp;1;Bill Killefer;0,9218
Wally Pipp;2;Clyde McCullough;0,8515
Wally Pipp;3;Carlos Lee;0,8505
Wally Pipp;4;Germany Schaefer;0,8502
Wally Pipp;5;Bill Dickey;0,8308
Wally Post;1;George Metkovich;0,8726
Wally Post;2;Stan Hack;0,8251
Wally Post;3;John Briggs;0,8071
Wally Post;4;Max Flack;0,7994
Wally Post;5;Sherm Lollar;0,7767
Wally Schang;1;Rafael Palmeiro;0,8505
Wally Schang;2;Juan Beniquez;0,8068
Wally Schang;3;Jim Delahanty;0,7289
Wally Schang;4;Frank Hankinson;0,7288
Wally Schang;5;Otto Miller;0,7065
Walt Dropo;1;Tommy Pham;0,9222
Walt Dropo;2;Dan Gladden;0,9075
Walt Dropo;3;Seth Smith;0,8944
Walt Dropo;4;Charlie Irwin;0,8394
Walt Dropo;5;Kid Elberfeld;0,8228
Walt Weiss;1;Phil Cavarretta;0,9268
Walt Weiss;2;Ray Chapman;0,8549
Walt Weiss;3;Billy Hamilton;0,8468
Walt Weiss;4;Joe Oliver;0,8209
Walt Weiss;5;Ed Delahanty;0,8193
Walt Wilmot;1;Henry Larkin;0,9607
Walt Wilmot;2;Joe Mulvey;0,928
Walt Wilmot;3;Milt Thompson;0,9006
Walt Wilmot;4;Lenny Dykstra;0,8761
Walt Wilmot;5;Tillie Walker;0,8643
Walter Holke;1;Luke Sewell;0,8862
Walter Holke;2;Pat Kelly;0,8406
Walter Holke;3;Everett Scott;0,8338
Walter Holke;4;Barry Bonnell;0,8231
Walter Holke;5;Ricky Gutierrez;0,8229
Wayne Garrett;1;Connie Ryan;0,8869
Wayne Garrett;2;Omar Infante;0,8861
Wayne Garrett;3;John Briggs;0,8489
Wayne Garrett;4;Skeeter Newsome;0,8427
Wayne Garrett;5;Travis d'Arnaud;0,84
Wayne Gross;1;Terry Pendleton;0,845
Wayne Gross;2;Dexter Fowler;0,8301
Wayne Gross;3;Reed Johnson;0,8171
Wayne Gross;4;Joe Pepitone;0,8163
Wayne Gross;5;Willie McGee;0,8128
Wes Covington;1;Kiki Cuyler;0,8942
Wes Covington;2;Ryan Klesko;0,8802
Wes Covington;3;Mike Tresh;0,8498
Wes Covington;4;William Clarke;0,8405
Wes Covington;5;Bret Boone;0,8401
Wes Helms;1;Jack Farrell;0,8966
Wes Helms;2;James McCann;0,8596
Wes Helms;3;Bruce Benedict;0,8569
Wes Helms;4;Michael Tucker;0,8487
Wes Helms;5;Trot Nixon;0,8354
Wes Parker;1;Bill Phillips;0,9047
Wes Parker;2;Joe Start;0,8979
Wes Parker;3;George Brett;0,8954
Wes Parker;4;Jerry Denny;0,8916
Wes Parker;5;Roy Hartzell;0,8691
Whit Merrifield;1;Nomar Garciaparra;0,9434
Whit Merrifield;2;John Peters;0,8922
Whit Merrifield;3;Duff Cooley;0,8897
Whit Merrifield;4;Johnny Mize;0,8857
Whit Merrifield;5;Shanty Hogan;0,8802
Whitey Lockman;1;Skip Schumaker;0,9752
Whitey Lockman;2;Monte Irvin;0,953
Whitey Lockman;3;Barry McCormick;0,8982
Whitey Lockman;4;Bill Coughlin;0,8883
Whitey Lockman;5;Lou Criger;0,8742
Whitey Witt;1;Charlie Blackmon;0,9331
Whitey Witt;2;Al Bridwell;0,9229
Whitey Witt;3;Harry Stovey;0,9166
Whitey Witt;4;Roger Maris;0,909
Whitey Witt;5;Hick Carpenter;0,9077
Wid Conroy;1;Dan Uggla;0,9456
Wid Conroy;2;Trot Nixon;0,9397
Wid Conroy;3;Zoilo Versalles;0,9084
Wid Conroy;4;Rich Gedman;0,9033
Wid Conroy;5;Tony Kubek;0,8826
Wil Cordero;1;Ken Berry;0,9017
Wil Cordero;2;Derek Bell;0,8538
Wil Cordero;3;Howie Kendrick;0,8437
Wil Cordero;4;Ned Hanlon;0,8419
Wil Cordero;5;Al Kaline;0,8388
Wil Myers;1;Billy Rogell;0,9155
Wil Myers;2;Ira Flagstead;0,8995
Wil Myers;3;Doug Flynn;0,8732
Wil Myers;4;Mickey Stanley;0,829
Wil Myers;5;Cesar Geronimo;0,8222
Wilbert Robinson;1;Germany Schaefer;0,9141
Wilbert Robinson;2;Glenallen Hill;0,8978
Wilbert Robinson;3;Joe Oliver;0,8362
Wilbert Robinson;4;Steve O'Neill;0,8184
Wilbert Robinson;5;Ken Caminiti;0,7888
Will Clark;1;Rollie Zeider;0,878
Will Clark;2;Jonathan Schoop;0,8691
Will Clark;3;Doug Mientkiewicz;0,8524
Will Clark;4;Hideki Matsui;0,8333
Will Clark;5;Billy Martin;0,8209
Willard Marshall;1;Newt Joseph;0,9301
Willard Marshall;2;Mike Tiernan;0,9035
Willard Marshall;3;Jimmy Austin;0,8963
Willard Marshall;4;Greg Gagne;0,8741
Willard Marshall;5;Phil Garner;0,8724
William Clarke;1;Kiki Cuyler;0,849
William Clarke;2;Mike Tresh;0,8439
William Clarke;3;Wes Covington;0,8405
William Clarke;4;Tony Oliva;0,8391
William Clarke;5;Gene Clines;0,8321
William Robinson;1;Billy Johnson;0,9646
William Robinson;2;Raul Mondesi;0,9103
William Robinson;3;Bake McBride;0,9002
William Robinson;4;Virgil Davis;0,8831
William Robinson;5;Bill Bradley;0,8731
Willie Crawford;1;Mike Piazza;0,9794
Willie Crawford;2;Bruce Bochte;0,9761
Willie Crawford;3;Ketel Marte;0,9533
Willie Crawford;4;Mike Macfarlane;0,9432
Willie Crawford;5;Von Hayes;0,9003
Willie Davis;1;Dick Stuart;0,8767
Willie Davis;2;Danny Cater;0,8751
Willie Davis;3;Leon Wagner;0,8051
Willie Davis;4;Randal Grichuk;0,8002
Willie Davis;5;Damian Miller;0,796
Willie Horton;1;Mike Lamb;0,9168
Willie Horton;2;Alvin Davis;0,8609
Willie Horton;3;Freddy Leach;0,8345
Willie Horton;4;Billy Johnson;0,8306
Willie Horton;5;George Bradley;0,8306
Willie Jones;1;Pedro Feliz;0,815
Willie Jones;2;Tim Salmon;0,8045
Willie Jones;3;Hobe Ferris;0,8002
Willie Jones;4;Frank O'Rourke;0,7476
Willie Jones;5;Tony Gonzalez;0,7433
Willie Kamm;1;George Moriarty;0,9127
Willie Kamm;2;Dee Strange-Gordon;0,848
Willie Kamm;3;Jayson Werth;0,8231
Willie Kamm;4;Earl Torgeson;0,8181
Willie Kamm;5;Tony Peña;0,8087
Willie Keeler;1;George LaChance;0,9089
Willie Keeler;2;Maicer Izturis;0,889
Willie Keeler;3;George Bell;0,8849
Willie Keeler;4;William Robinson;0,8686
Willie Keeler;5;Joe Cunningham;0,8627
Willie Mays;1;Chick Gandil;0,9177
Willie Mays;2;Bobby Adams;0,8651
Willie Mays;3;Ken Landreaux;0,8625
Willie Mays;4;Chris Hoiles;0,8339
Willie Mays;5;Charley Bassett;0,7875
Willie McCovey;1;Pat Kelly;0,8821
Willie McCovey;2;Wes Parker;0,8527
Willie McCovey;3;Barry Bonnell;0,8333
Willie McCovey;4;Frank Howard;0,8206
Willie McCovey;5;Ed Kirkpatrick;0,7872
Willie McGee;1;Delmon Young;0,8874
Willie McGee;2;Patrick Gillespie;0,8709
Willie McGee;3;Reed Johnson;0,8682
Willie McGee;4;Wayne Gross;0,8128
Willie McGee;5;Derrel Thomas;0,7939
Willie Montanez;1;Bucky Harris;0,9428
Willie Montanez;2;Matt Carpenter;0,8927
Willie Montanez;3;Kirk Gibson;0,8775
Willie Montanez;4;Neil Walker;0,8738
Willie Montanez;5;Fielder Jones;0,8723
Willie Randolph;1;Hoot Evers;0,9575
Willie Randolph;2;Phil Masi;0,8859
Willie Randolph;3;Greg Brock;0,8559
Willie Randolph;4;Phil Garner;0,8183
Willie Randolph;5;Dan Driessen;0,8149
Willie Stargell;1;Steve Buechele;0,9291
Willie Stargell;2;Byron Buxton;0,8824
Willie Stargell;3;Mike Matheny;0,8616
Willie Stargell;4;John McGraw;0,8257
Willie Stargell;5;Mariano Duncan;0,815
Willie Upshaw;1;Joe Kelley;0,9365
Willie Upshaw;2;Marty McManus;0,9352
Willie Upshaw;3;Harold Reynolds;0,8956
Willie Upshaw;4;Joe Cronin;0,8951
Willie Upshaw;5;Rod Barajas;0,8895
Willie Wilson;1;Dick Stuart;0,9682
Willie Wilson;2;Danny Cater;0,8996
Willie Wilson;3;Gus Zernial;0,8975
Willie Wilson;4;George LaChance;0,8729
Willie Wilson;5;Ralph Garr;0,8568
Willson Contreras;1;Max Muncy;0,904
Willson Contreras;2;Horace Clarke;0,8916
Willson Contreras;3;Tom Burns;0,8287
Willson Contreras;4;Jeff Heath;0,8277
Willson Contreras;5;John Kruk;0,811
Wilmer Flores;1;Bibb Falk;0,9268
Wilmer Flores;2;Darrin Fletcher;0,8437
Wilmer Flores;3;Lee Stevens;0,8339
Wilmer Flores;4;Denny Doyle;0,8267
Wilmer Flores;5;Garth Iorg;0,8224
Wilson Ramos;1;George Burns;0,9201
Wilson Ramos;2;Devon White;0,894
Wilson Ramos;3;David Eckstein;0,8446
Wilson Ramos;4;Chris Chambliss;0,8227
Wilson Ramos;5;Patsy Tebeau;0,819
Woodie Held;1;George Bell;0,8983
Woodie Held;2;Jed Lowrie;0,8916
Woodie Held;3;Todd Frazier;0,856
Woodie Held;4;Roger Metzger;0,8544
Woodie Held;5;Rollie Hemsley;0,8487
Woody English;1;Jose Guillen;0,9083
Woody English;2;Tip O'Neill;0,8981
Woody English;3;Desi Relaford;0,8819
Woody English;4;Derek Jeter;0,8608
Woody English;5;Alex Gordon;0,8436
Xander Bogaerts;1;Daryl Boston;0,9095
Xander Bogaerts;2;Eddie Murray;0,9081
Xander Bogaerts;3;Bill White;0,8913
Xander Bogaerts;4;Hank Severeid;0,8817
Xander Bogaerts;5;Russ Wrightstone;0,8694
Yadier Molina;1;Glenallen Hill;0,9377
Yadier Molina;2;Larry Hisle;0,9165
Yadier Molina;3;Mack Jones;0,8779
Yadier Molina;4;Jay Johnstone;0,8422
Yadier Molina;5;Danny Litwhiler;0,8066
Yan Gomes;1;Danny O'Connell;0,8945
Yan Gomes;2;Tony Cuccinello;0,8259
Yan Gomes;3;Kendrys Morales;0,8014
Yan Gomes;4;Denard Span;0,7864
Yan Gomes;5;Lee Tannehill;0,7796
Yasmani Grandal;1;Justin Morneau;0,9053
Yasmani Grandal;2;Ross Youngs;0,9013
Yasmani Grandal;3;Josh Willingham;0,8445
Yasmani Grandal;4;Davey Lopes;0,8421
Yasmani Grandal;5;AJ Pollock;0,8399
Yogi Berra;1;Jack Wilson;0,8981
Yogi Berra;2;Dick Groat;0,8397
Yogi Berra;3;Kolten Wong;0,8396
Yogi Berra;4;Byron Buxton;0,8093
Yogi Berra;5;Omar Infante;0,7893
Yonder Alonso;1;George Pinkney;0,9353
Yonder Alonso;2;Pete Browning;0,9175
Yonder Alonso;3;John Buck;0,9117
Yonder Alonso;4;Orlando Cabrera;0,9047
Yonder Alonso;5;Travis Lee;0,8859
Yunel Escobar;1;Preston Wilson;0,886
Yunel Escobar;2;Juan Rivera;0,8853
Yunel Escobar;3;Don Mincher;0,8624
Yunel Escobar;4;Davy Force;0,8503
Yunel Escobar;5;Troy O'Leary;0,8145
Yuniesky Betancourt;1;Billy Martin;0,9439
Yuniesky Betancourt;2;Joe Cunningham;0,8848
Yuniesky Betancourt;3;Tony Batista;0,8752
Yuniesky Betancourt;4;Wally Moses;0,8732
Yuniesky Betancourt;5;Bobby Higginson;0,8621
Zack Wheat;1;Greg Brock;0,8512
Zack Wheat;2;Phil Masi;0,84
Zack Wheat;3;Ethan Allen;0,8194
Zack Wheat;4;Johnny Ray;0,8015
Zack Wheat;5;Dean Palmer;0,7988
Zoilo Versalles;1;Don Mueller;0,9446
Zoilo Versalles;2;Rich Gedman;0,9186
Zoilo Versalles;3;Dan Uggla;0,9123
Zoilo Versalles;4;Wid Conroy;0,9084
Zoilo Versalles;5;Tony Kubek;0,8773
