Jugador_Base;Ranking;Jugador_Comparable;Correlacion_Pearson
A. J. Burnett;1;Tim Worrell;0,9895
A. J. Burnett;2;Tommy Greene;0,9783
A. J. Burnett;3;Jason Isringhausen;0,9734
A. J. Burnett;4;Scott Baker;0,9635
A. J. Burnett;5;Doug Fister;0,9542
A. J. Ellis;1;Rick Wilkins;0,9995
A. J. Ellis;2;Matt Holliday;0,9975
A. J. Ellis;3;Jay Bruce;0,9971
A. J. Ellis;4;Olmedo Saenz;0,997
A. J. Ellis;5;Milt Cuyler;0,9968
A. J. Pierzynski;1;Shin-Soo Choo;0,9976
A. J. Pierzynski;2;Martin Prado;0,9961
A. J. Pierzynski;3;Carlos Santana;0,9944
A. J. Pierzynski;4;Corey Hart;0,9926
A. J. Pierzynski;5;Kevin Youkilis;0,9922
Aaron Boone;1;Lyle Mouton;0,9908
Aaron Boone;2;Carmelo Castillo;0,9835
Aaron Boone;3;Yoenis Cespedes;0,9816
Aaron Boone;4;Keith Hernandez;0,9765
Aaron Boone;5;Barry Lyons;0,9752
Aaron Cook;1;Ben Sheets;0,9929
Aaron Cook;2;Brandon McCarthy;0,9909
Aaron Cook;3;Bill Landrum;0,9888
Aaron Cook;4;John Lackey;0,9869
Aaron Cook;5;LaTroy Hawkins;0,9851
Aaron Fultz;1;Orlando Palmeiro;0,9454
Aaron Fultz;2;Randy Myers;0,9337
Aaron Fultz;3;Luis Sojo;0,9297
Aaron Fultz;4;Fernando Valenzuela;0,9289
Aaron Fultz;5;Kyle Lohse;0,9221
Aaron Harang;1;Chad Billingsley;0,9977
Aaron Harang;2;Gio Gonzalez;0,9976
Aaron Harang;3;Kris Benson;0,9971
Aaron Harang;4;Brandon Morrow;0,9958
Aaron Harang;5;Kyle Kendrick;0,9951
Aaron Hill;1;Luis Rivas;0,9987
Aaron Hill;2;Joe Carter;0,9929
Aaron Hill;3;Andres Galarraga;0,9926
Aaron Hill;4;Eric Chavez;0,9923
Aaron Hill;5;Randy Milligan;0,9921
Aaron Ledesma;1;Bip Roberts;0,9961
Aaron Ledesma;2;Mark Grudzielanek;0,9939
Aaron Ledesma;3;Dave Hollins;0,9933
Aaron Ledesma;4;Chris Gwynn;0,9926
Aaron Ledesma;5;Carlos Quentin;0,9889
Aaron Miles;1;Keith Moreland;0,9974
Aaron Miles;2;Tyler Flowers;0,9869
Aaron Miles;3;Jody Gerut;0,9809
Aaron Miles;4;Armando Rios;0,9798
Aaron Miles;5;Toby Hall;0,9793
Aaron Rowand;1;Steve Scarsone;0,9955
Aaron Rowand;2;Jose Reyes;0,9938
Aaron Rowand;3;Torii Hunter;0,9915
Aaron Rowand;4;Austin Jackson;0,9867
Aaron Rowand;5;Willy Taveras;0,9862
Aaron Sele;1;Brian Bohanon;0,9986
Aaron Sele;2;Greg Harris;0,9929
Aaron Sele;3;Travis Wood;0,9908
Aaron Sele;4;Jason Bere;0,9841
Aaron Sele;5;Jordan Zimmermann;0,9818
Abraham Nunez;1;Tom Lawless;0,9684
Abraham Nunez;2;Eli Marrero;0,9672
Abraham Nunez;3;Danny Valencia;0,9438
Abraham Nunez;4;Luis Matos;0,9303
Abraham Nunez;5;Derrek Lee;0,9089
Adam Dunn;1;Joe Mauer;0,9983
Adam Dunn;2;Jason Heyward;0,9973
Adam Dunn;3;Jose Tabata;0,9938
Adam Dunn;4;Pablo Sandoval;0,9935
Adam Dunn;5;Seth Smith;0,9921
Adam Eaton;1;Matt Herges;0,9889
Adam Eaton;2;Wendell Magee;0,9851
Adam Eaton;3;Jason Marquis;0,9763
Adam Eaton;4;Nelson Cruz;0,9654
Adam Eaton;5;Luis Quinones;0,9618
Adam Everett;1;Raul Chavez;0,9858
Adam Everett;2;Harold Reynolds;0,9757
Adam Everett;3;Aaron Ledesma;0,9742
Adam Everett;4;Jeff Branson;0,9679
Adam Everett;5;Jarrod Dyson;0,9672
Adam Jones;1;Placido Polanco;0,9989
Adam Jones;2;Travis Hafner;0,9967
Adam Jones;3;Gerardo Parra;0,9951
Adam Jones;4;Joey Votto;0,9941
Adam Jones;5;Nick Swisher;0,9936
Adam Kennedy;1;Jacque Jones;0,982
Adam Kennedy;2;David Freese;0,9581
Adam Kennedy;3;Scott Brosius;0,9399
Adam Kennedy;4;Vinny Castilla;0,9289
Adam Kennedy;5;Mookie Wilson;0,9072
Adam LaRoche;1;Seth Smith;0,9964
Adam LaRoche;2;Matt Kemp;0,9961
Adam LaRoche;3;Corey Koskie;0,9946
Adam LaRoche;4;Trot Nixon;0,9914
Adam LaRoche;5;Adam Dunn;0,9913
Adam Lind;1;Jesse Orosco;0,9993
Adam Lind;2;Ryan Howard;0,9987
Adam Lind;3;Terrence Long;0,9968
Adam Lind;4;Mark Grace;0,9967
Adam Lind;5;Damon Berryhill;0,996
Adam Melhuse;1;Jerome Walton;0,9994
Adam Melhuse;2;John Valentin;0,9982
Adam Melhuse;3;Andy Van Slyke;0,9948
Adam Melhuse;4;Ryan Klesko;0,9946
Adam Melhuse;5;Tino Martinez;0,9944
Adam Rosales;1;Luis Matos;0,9849
Adam Rosales;2;Cliff Lee;0,9577
Adam Rosales;3;Danny Bautista;0,9574
Adam Rosales;4;Gary Thurman;0,9543
Adam Rosales;5;Jeff Brantley;0,946
Adam Wainwright;1;Chipper Jones;0,9987
Adam Wainwright;2;Mike Bordick;0,9981
Adam Wainwright;3;Guillermo Mota;0,9974
Adam Wainwright;4;Frank Thomas;0,9969
Adam Wainwright;5;Eric Karros;0,9956
Adrian Beltre;1;Mike Napoli;0,9945
Adrian Beltre;2;Scott Rolen;0,9939
Adrian Beltre;3;Garret Anderson;0,9938
Adrian Beltre;4;Eric Hosmer;0,9933
Adrian Beltre;5;Robin Ventura;0,9927
Adrian Brown;1;Kyle Seager;0,9908
Adrian Brown;2;Sean Burroughs;0,9872
Adrian Brown;3;Rondell White;0,9794
Adrian Brown;4;Brandon Crawford;0,9794
Adrian Brown;5;Ben Davis;0,9777
Adrian Gonzalez;1;Damian Miller;0,9912
Adrian Gonzalez;2;Jay Bell;0,9903
Adrian Gonzalez;3;Jayson Werth;0,9888
Adrian Gonzalez;4;Geronimo Pena;0,9872
Adrian Gonzalez;5;Vernon Wells;0,9854
Al Leiter;1;Albie Lopez;0,993
Al Leiter;2;Victor Zambrano;0,9919
Al Leiter;3;Rob Dibble;0,9867
Al Leiter;4;Francisco Cordova;0,9831
Al Leiter;5;Mark Clark;0,9812
Al Martin;1;Oddibe McDowell;0,9967
Al Martin;2;Kevin Mitchell;0,9966
Al Martin;3;Glenn Davis;0,9961
Al Martin;4;Jim Rice;0,9956
Al Martin;5;R. J. Reynolds;0,9938
Al Newman;1;Jose Offerman;0,9902
Al Newman;2;Scott Hemond;0,9899
Al Newman;3;Tim Naehring;0,9823
Al Newman;4;Bob Patterson;0,9822
Al Newman;5;Elliot Johnson;0,9689
Alan Trammell;1;John Morris;0,961
Alan Trammell;2;John Tudor;0,9491
Alan Trammell;3;Miguel Montero;0,9391
Alan Trammell;4;Milton Bradley;0,937
Alan Trammell;5;Brook Fordyce;0,9307
Albert Belle;1;Jim Thome;0,9762
Albert Belle;2;Derrek Lee;0,9736
Albert Belle;3;Jose Vidro;0,9509
Albert Belle;4;Bob Forsch;0,9425
Albert Belle;5;Lance Blankenship;0,9365
Albert Pujols;1;Edgar Martinez;0,9987
Albert Pujols;2;Brian McCann;0,9981
Albert Pujols;3;John Olerud;0,9971
Albert Pujols;4;Juan Encarnacion;0,9966
Albert Pujols;5;Jody Reed;0,9963
Alberto Callaspo;1;Kelly Gruber;0,988
Alberto Callaspo;2;Dmitri Young;0,9868
Alberto Callaspo;3;Phil Plantier;0,9865
Alberto Callaspo;4;Brook Fordyce;0,983
Alberto Callaspo;5;Brady Clark;0,9804
Alberto Castillo;1;Ron Robinson;0,9995
Alberto Castillo;2;Andujar Cedeno;0,9953
Alberto Castillo;3;Juan Bell;0,9944
Alberto Castillo;4;Tripp Cromer;0,9934
Alberto Castillo;5;Alfredo Simon;0,9915
Albie Lopez;1;Jerry Dipoto;0,9973
Albie Lopez;2;Glendon Rusch;0,9952
Albie Lopez;3;Matt Cain;0,995
Albie Lopez;4;Denny Neagle;0,9947
Albie Lopez;5;Mel Rojas;0,9946
Alcides Escobar;1;Devin Mesoraco;0,9906
Alcides Escobar;2;Jose Reyes;0,9872
Alcides Escobar;3;Juan Uribe;0,9822
Alcides Escobar;4;Emilio Bonifacio;0,9776
Alcides Escobar;5;Torii Hunter;0,9775
Alejandro De Aza;1;Brandon Phillips;0,9936
Alejandro De Aza;2;Chris Gwynn;0,9864
Alejandro De Aza;3;Gerald Laird;0,9838
Alejandro De Aza;4;Harold Reynolds;0,9806
Alejandro De Aza;5;Mark McGwire;0,9792
Alejandro Peña;1;Bob Knepper;0,9521
Alejandro Peña;2;Gary Ward;0,9052
Alejandro Peña;3;Steve Cooke;0,9049
Alejandro Peña;4;Dave Dravecky;0,8856
Alejandro Peña;5;Josh Beckett;0,8662
Alex Arias;1;Mike LaCoss;0,9851
Alex Arias;2;Dennis Cook;0,97
Alex Arias;3;Danny Valencia;0,9425
Alex Arias;4;Luis Matos;0,9359
Alex Arias;5;Felix Heredia;0,9353
Alex Avila;1;Doug Mientkiewicz;0,9958
Alex Avila;2;Lance Berkman;0,995
Alex Avila;3;Geronimo Pena;0,9946
Alex Avila;4;Paul Konerko;0,9942
Alex Avila;5;Cody Ross;0,9933
Alex Cole;1;Tom Herr;0,992
Alex Cole;2;Mark Hendrickson;0,9913
Alex Cole;3;Mark DeRosa;0,9903
Alex Cole;4;Damion Easley;0,9755
Alex Cole;5;Rich Becker;0,9721
Alex Cora;1;Tim Naehring;0,993
Alex Cora;2;Donne Wall;0,9912
Alex Cora;3;Michael Jackson;0,9886
Alex Cora;4;Carl Everett;0,9861
Alex Cora;5;Scott Hemond;0,9766
Alex Diaz;1;Harold Baines;0,9911
Alex Diaz;2;Gerald Young;0,9886
Alex Diaz;3;Mark Carreon;0,9884
Alex Diaz;4;Dave Berg;0,9865
Alex Diaz;5;Lenny Dykstra;0,9859
Alex Gonzalez;1;Billy Ashley;0,9921
Alex Gonzalez;2;Scott Cooper;0,9825
Alex Gonzalez;3;Jason Bere;0,9751
Alex Gonzalez;4;Jay Powell;0,9725
Alex Gonzalez;5;Chris Widger;0,9713
Alex Gordon;1;Jose Castillo;0,9619
Alex Gordon;2;Maicer Izturis;0,9595
Alex Gordon;3;Jeff King;0,9578
Alex Gordon;4;Rondell White;0,9578
Alex Gordon;5;Howard Johnson;0,9549
Alex Ochoa;1;Ruben Amaro;0,9135
Alex Ochoa;2;Harry Spilman;0,9127
Alex Ochoa;3;Arthur Rhodes;0,9112
Alex Ochoa;4;Eddie Williams;0,9028
Alex Ochoa;5;Gary Varsho;0,898
Alex Rios;1;Eric Hosmer;0,9991
Alex Rios;2;Buster Posey;0,9983
Alex Rios;3;Casey Blake;0,9957
Alex Rios;4;Robin Ventura;0,9946
Alex Rios;5;Justin Morneau;0,9943
Alex Rodriguez;1;R. A. Dickey;0,988
Alex Rodriguez;2;Brandon Inge;0,9751
Alex Rodriguez;3;Antonio Osuna;0,9711
Alex Rodriguez;4;Pat Meares;0,964
Alex Rodriguez;5;Humberto Quintero;0,9574
Alex Trevino;1;Jeff Juden;0,9464
Alex Trevino;2;Barry Jones;0,9017
Alex Trevino;3;Kyle Blanks;0,8922
Alex Trevino;4;Jolbert Cabrera;0,8592
Alex Trevino;5;Tommy Milone;0,8581
Alexei Ramirez;1;Logan Morrison;0,996
Alexei Ramirez;2;D'Angelo Jimenez;0,9943
Alexei Ramirez;3;Dave Nilsson;0,9883
Alexei Ramirez;4;Josh Willingham;0,988
Alexei Ramirez;5;Mo Vaughn;0,9864
Alfonso Soriano;1;Chase Utley;0,9972
Alfonso Soriano;2;Ryan Flaherty;0,9971
Alfonso Soriano;3;Bobby Abreu;0,9945
Alfonso Soriano;4;Garrett Atkins;0,9944
Alfonso Soriano;5;Bobby Bonilla;0,9932
Alfredo Amezaga;1;Carlos Guillen;0,9832
Alfredo Amezaga;2;Michael Saunders;0,9814
Alfredo Amezaga;3;John Wehner;0,9752
Alfredo Amezaga;4;Wayne Kirby;0,9746
Alfredo Amezaga;5;Randy Knorr;0,9735
Alfredo Griffin;1;Mitch Moreland;0,9502
Alfredo Griffin;2;Garrett Atkins;0,9488
Alfredo Griffin;3;Alex Avila;0,9419
Alfredo Griffin;4;Ben Broussard;0,9382
Alfredo Griffin;5;Josh Donaldson;0,9375
Alfredo Simon;1;Pete Harnisch;0,9997
Alfredo Simon;2;Juan Bell;0,9995
Alfredo Simon;3;Cole Hamels;0,9982
Alfredo Simon;4;Phil Hughes;0,9976
Alfredo Simon;5;Gary Bennett;0,9975
Allen Craig;1;Carl Crawford;0,9918
Allen Craig;2;Jeff Cirillo;0,9908
Allen Craig;3;Josh Donaldson;0,9879
Allen Craig;4;Gerardo Parra;0,9867
Allen Craig;5;Billy Butler;0,9856
Allen Watson;1;Ryan Vogelsong;0,9929
Allen Watson;2;Brian Harper;0,9758
Allen Watson;3;Brandon Backe;0,9704
Allen Watson;4;Kent Bottenfield;0,9647
Allen Watson;5;Dave Smith;0,9588
Alvaro Espinoza;1;Jason Bere;0,995
Alvaro Espinoza;2;Jay Powell;0,9942
Alvaro Espinoza;3;Ricky Bottalico;0,9937
Alvaro Espinoza;4;Brian Bohanon;0,9898
Alvaro Espinoza;5;Jeff Shaw;0,9877
Alvin Davis;1;Jose Cruz;0,997
Alvin Davis;2;Kevin Mitchell;0,9941
Alvin Davis;3;Paul O'Neill;0,9936
Alvin Davis;4;Mark Teixeira;0,9933
Alvin Davis;5;Al Martin;0,9933
Amaury Telemaco;1;Scott Feldman;0,9977
Amaury Telemaco;2;Colby Lewis;0,9972
Amaury Telemaco;3;Kevin Sefcik;0,9962
Amaury Telemaco;4;Joe Saunders;0,9959
Amaury Telemaco;5;Randy Johnson;0,9957
Andre Dawson;1;Pedro Alvarez;0,9716
Andre Dawson;2;Robert Andino;0,9675
Andre Dawson;3;Emilio Bonifacio;0,9665
Andre Dawson;4;Darrell Evans;0,957
Andre Dawson;5;Jordan Schafer;0,956
Andre Ethier;1;Hunter Pence;0,9978
Andre Ethier;2;Neil Walker;0,9975
Andre Ethier;3;Brad Hawpe;0,9967
Andre Ethier;4;Nomar Garciaparra;0,9966
Andre Ethier;5;Jay Bruce;0,9956
Andres Galarraga;1;Luis Rivas;0,9981
Andres Galarraga;2;Aaron Hill;0,9926
Andres Galarraga;3;Corey Hart;0,9925
Andres Galarraga;4;Kurt Suzuki;0,99
Andres Galarraga;5;Felix Jose;0,989
Andres Thomas;1;Carlos Beltran;0,9967
Andres Thomas;2;Mickey Tettleton;0,9958
Andres Thomas;3;J. T. Snow;0,9904
Andres Thomas;4;Yadier Molina;0,986
Andres Thomas;5;Vince Coleman;0,9842
Andres Torres;1;Donnie Sadler;0,9992
Andres Torres;2;Russell Martin;0,9973
Andres Torres;3;Jeffrey Hammonds;0,997
Andres Torres;4;David DeJesus;0,9954
Andres Torres;5;Coco Crisp;0,9943
Andrew Cashner;1;Rheal Cormier;0,9972
Andrew Cashner;2;Andujar Cedeno;0,9935
Andrew Cashner;3;Danny Cox;0,9902
Andrew Cashner;4;Ron Robinson;0,9893
Andrew Cashner;5;Marvin Freeman;0,9885
Andrew McCutchen;1;Kyle Seager;0,998
Andrew McCutchen;2;Hanley Ramirez;0,9966
Andrew McCutchen;3;David Murphy;0,9964
Andrew McCutchen;4;Jason LaRue;0,9963
Andrew McCutchen;5;Nick Markakis;0,9962
Andruw Jones;1;Ernie Riles;0,983
Andruw Jones;2;Bo Diaz;0,9822
Andruw Jones;3;Ty Wigginton;0,9805
Andruw Jones;4;Yonder Alonso;0,9773
Andruw Jones;5;Jeff Blauser;0,9713
Andujar Cedeno;1;Ron Robinson;0,9968
Andujar Cedeno;2;Alberto Castillo;0,9953
Andujar Cedeno;3;Todd Stottlemyre;0,9949
Andujar Cedeno;4;Cory Lidle;0,9946
Andujar Cedeno;5;Andrew Cashner;0,9935
Andy Allanson;1;Tony Tarasco;0,9948
Andy Allanson;2;Erik Bedard;0,9822
Andy Allanson;3;Franklin Morales;0,9802
Andy Allanson;4;Jarrod Dyson;0,9768
Andy Allanson;5;Don Kelly;0,9671
Andy Ashby;1;Scott Sauerbeck;0,9967
Andy Ashby;2;Terry Adams;0,9966
Andy Ashby;3;Kevin Millwood;0,9957
Andy Ashby;4;Mark Buehrle;0,9921
Andy Ashby;5;Tom Glavine;0,991
Andy Benes;1;Nick Blackburn;0,9981
Andy Benes;2;John Franco;0,9856
Andy Benes;3;Cliff Lee;0,9847
Andy Benes;4;Xavier Hernandez;0,9742
Andy Benes;5;Joe Blanton;0,9615
Andy Fox;1;Chris Widger;0,9802
Andy Fox;2;Jarrod Dyson;0,9754
Andy Fox;3;Tony Tarasco;0,9694
Andy Fox;4;Scott Cooper;0,9642
Andy Fox;5;Matt LeCroy;0,9639
Andy McGaffigan;1;Steve Kline;0,9924
Andy McGaffigan;2;Wade Miller;0,9915
Andy McGaffigan;3;Josh Beckett;0,9906
Andy McGaffigan;4;Rich Rodriguez;0,9828
Andy McGaffigan;5;Cal Eldred;0,9771
Andy Pettitte;1;Sean Bergman;0,9074
Andy Pettitte;2;Jason Isringhausen;0,8565
Andy Pettitte;3;Rick Ankiel;0,853
Andy Pettitte;4;Jose Bautista;0,8522
Andy Pettitte;5;Norm Charlton;0,8516
Andy Stankiewicz;1;Tim Bogar;0,9532
Andy Stankiewicz;2;Dennis Cook;0,9407
Andy Stankiewicz;3;Matt Walbeck;0,9289
Andy Stankiewicz;4;Mark Portugal;0,9287
Andy Stankiewicz;5;Joel Skinner;0,9275
Andy Van Slyke;1;Adam Melhuse;0,9948
Andy Van Slyke;2;Mickey Morandini;0,9928
Andy Van Slyke;3;John Mayberry;0,988
Andy Van Slyke;4;Magglio Ordonez;0,9863
Andy Van Slyke;5;Eric Bruntlett;0,9855
Angel Pagan;1;Michael Young;0,9938
Angel Pagan;2;Freddie Freeman;0,9915
Angel Pagan;3;Willy Taveras;0,9914
Angel Pagan;4;J. J. Hardy;0,9901
Angel Pagan;5;Dexter Fowler;0,9881
Anibal Sanchez;1;Charlie Morton;0,9721
Anibal Sanchez;2;Pat Rapp;0,9709
Anibal Sanchez;3;Jake Arrieta;0,9687
Anibal Sanchez;4;Kevin Jarvis;0,9576
Anibal Sanchez;5;Bud Norris;0,9509
Anthony Young;1;Doug Mirabelli;0,9863
Anthony Young;2;Henry Rodriguez;0,9529
Anthony Young;3;Craig Shipley;0,9379
Anthony Young;4;Rick Cerone;0,9364
Anthony Young;5;Chris Woodward;0,9339
Antonio Alfonseca;1;Dan Miceli;0,9912
Antonio Alfonseca;2;Bill Landrum;0,9703
Antonio Alfonseca;3;T. J. Mathews;0,9663
Antonio Alfonseca;4;Jeremy Hernandez;0,958
Antonio Alfonseca;5;Jair Jurrjens;0,9559
Antonio Osuna;1;Luis Quinones;0,9935
Antonio Osuna;2;Brandon Inge;0,9897
Antonio Osuna;3;Dave Hansen;0,9848
Antonio Osuna;4;Scott Hemond;0,9847
Antonio Osuna;5;Stan Belinda;0,979
Aramis Ramirez;1;Robert Andino;0,9885
Aramis Ramirez;2;Wiki Gonzalez;0,9879
Aramis Ramirez;3;Ian Desmond;0,9863
Aramis Ramirez;4;Torii Hunter;0,9817
Aramis Ramirez;5;Shane Mack;0,9721
Archi Cianfrocco;1;Matt Stairs;0,9647
Archi Cianfrocco;2;Derrek Lee;0,9393
Archi Cianfrocco;3;Bill Pecota;0,9371
Archi Cianfrocco;4;Tom Lawless;0,9202
Archi Cianfrocco;5;Dontrelle Willis;0,9105
Armando Reynoso;1;Johnny Cueto;0,988
Armando Reynoso;2;Wandy Rodriguez;0,9874
Armando Reynoso;3;Chuck Finley;0,983
Armando Reynoso;4;Jimmy Haynes;0,9828
Armando Reynoso;5;Kent Mercker;0,9816
Armando Rios;1;Mackey Sasser;0,9991
Armando Rios;2;Tony Fernandez;0,9973
Armando Rios;3;Mike Devereaux;0,9972
Armando Rios;4;Doug Glanville;0,9967
Armando Rios;5;Khalil Greene;0,9956
Arthur Rhodes;1;Eddie Williams;0,9934
Arthur Rhodes;2;Harry Spilman;0,9851
Arthur Rhodes;3;Matt Williams;0,9738
Arthur Rhodes;4;Phil Nevin;0,9729
Arthur Rhodes;5;Craig Grebeck;0,9664
Asdrubal Cabrera;1;Ryan Hanigan;0,9943
Asdrubal Cabrera;2;Colby Rasmus;0,9931
Asdrubal Cabrera;3;Pat Burrell;0,993
Asdrubal Cabrera;4;Milt Thompson;0,9929
Asdrubal Cabrera;5;Lyle Overbay;0,9912
Atlee Hammaker;1;Scott Erickson;0,9694
Atlee Hammaker;2;Kevin Foster;0,966
Atlee Hammaker;3;Greg Swindell;0,962
Atlee Hammaker;4;Darren Holmes;0,9596
Atlee Hammaker;5;Robin Yount;0,9489
Aubrey Huff;1;Jesse Levis;0,9955
Aubrey Huff;2;Adam Wainwright;0,995
Aubrey Huff;3;Mike Bordick;0,9943
Aubrey Huff;4;Woody Williams;0,9938
Aubrey Huff;5;Chipper Jones;0,9933
Augie Ojeda;1;Brian Anderson;0,9842
Augie Ojeda;2;Ramon Castro;0,9796
Augie Ojeda;3;Marc Newfield;0,9656
Augie Ojeda;4;Dillon Gee;0,9648
Augie Ojeda;5;Luis Salazar;0,9557
Austin Jackson;1;Ian Desmond;0,9909
Austin Jackson;2;Fernando Tatis;0,9884
Austin Jackson;3;Torii Hunter;0,9878
Austin Jackson;4;Aaron Rowand;0,9867
Austin Jackson;5;Jay Payton;0,9847
Austin Kearns;1;Josh Reddick;0,9918
Austin Kearns;2;Trevor Plouffe;0,9906
Austin Kearns;3;Brandon Moss;0,9865
Austin Kearns;4;Kendrys Morales;0,9862
Austin Kearns;5;Grady Sizemore;0,9847
B. J. Surhoff;1;Phil Bradley;0,9985
B. J. Surhoff;2;Brent Gates;0,9968
B. J. Surhoff;3;Carlos Gonzalez;0,9959
B. J. Surhoff;4;Dave Silvestri;0,9956
B. J. Surhoff;5;Damian Jackson;0,9954
B. J. Upton;1;Jose Altuve;0,9985
B. J. Upton;2;Derek Bell;0,9957
B. J. Upton;3;Greg Walker;0,9953
B. J. Upton;4;Greg Vaughn;0,9941
B. J. Upton;5;Mike Moustakas;0,9916
Barry Bonds;1;Jose Altuve;0,9927
Barry Bonds;2;Derek Bell;0,9925
Barry Bonds;3;B. J. Upton;0,9887
Barry Bonds;4;Josh Hamilton;0,9886
Barry Bonds;5;F. P. Santangelo;0,9883
Barry Jones;1;Kevin Jarvis;0,9962
Barry Jones;2;Bud Norris;0,9617
Barry Jones;3;Chad Kreuter;0,9462
Barry Jones;4;Jerome Williams;0,9385
Barry Jones;5;Jeff Juden;0,938
Barry Larkin;1;Lucas Duda;0,9946
Barry Larkin;2;Randy Winn;0,9931
Barry Larkin;3;Mo Vaughn;0,9928
Barry Larkin;4;Ramon Hernandez;0,9904
Barry Larkin;5;Chris Johnson;0,9872
Barry Lyons;1;Wade Boggs;0,9903
Barry Lyons;2;Miguel Cabrera;0,9803
Barry Lyons;3;Craig Reynolds;0,9803
Barry Lyons;4;Aaron Boone;0,9752
Barry Lyons;5;Rance Mulliniks;0,9686
Barry Zito;1;John Grabow;0,9982
Barry Zito;2;Tim Burke;0,9973
Barry Zito;3;Bronson Arroyo;0,997
Barry Zito;4;Mel Rojas;0,9961
Barry Zito;5;Daniel Cabrera;0,9958
Bartolo Colon;1;C. J. Wilson;0,985
Bartolo Colon;2;Jeff Shaw;0,9814
Bartolo Colon;3;Jay Powell;0,981
Bartolo Colon;4;Ricky Bottalico;0,9797
Bartolo Colon;5;Jaret Wright;0,9782
Ben Broussard;1;Orlando Hudson;0,9995
Ben Broussard;2;Shea Hillenbrand;0,9992
Ben Broussard;3;Lyle Overbay;0,999
Ben Broussard;4;Garrett Atkins;0,9954
Ben Broussard;5;Jeff King;0,9947
Ben Davis;1;Rondell White;0,9999
Ben Davis;2;Placido Polanco;0,9968
Ben Davis;3;Sean Burroughs;0,9944
Ben Davis;4;Joey Votto;0,9941
Ben Davis;5;Adam Jones;0,9935
Ben Grieve;1;Jason Michaels;0,9986
Ben Grieve;2;Tracy Jones;0,9961
Ben Grieve;3;Oddibe McDowell;0,995
Ben Grieve;4;Salvador Perez;0,9942
Ben Grieve;5;R. J. Reynolds;0,9939
Ben Revere;1;Todd Helton;0,9975
Ben Revere;2;Matt Carpenter;0,9975
Ben Revere;3;Brian Giles;0,9971
Ben Revere;4;Dustin Pedroia;0,9963
Ben Revere;5;Gregor Blanco;0,9962
Ben Sheets;1;Brandon McCarthy;0,9933
Ben Sheets;2;Aaron Cook;0,9929
Ben Sheets;3;Wandy Rodriguez;0,9929
Ben Sheets;4;LaTroy Hawkins;0,9925
Ben Sheets;5;Andy Ashby;0,987
Ben Zobrist;1;Brady Clark;0,9876
Ben Zobrist;2;Phil Plantier;0,9839
Ben Zobrist;3;Chris Peters;0,9818
Ben Zobrist;4;Elliot Johnson;0,9802
Ben Zobrist;5;Alberto Callaspo;0,9743
Bengie Molina;1;Mark Teahen;0,9942
Bengie Molina;2;Mike Morse;0,9918
Bengie Molina;3;Jonathan Lucroy;0,9908
Bengie Molina;4;Asdrubal Cabrera;0,9887
Bengie Molina;5;Colby Rasmus;0,988
Benito Santiago;1;Phil Bradley;0,9986
Benito Santiago;2;Brent Gates;0,9976
Benito Santiago;3;Carlos Gonzalez;0,9973
Benito Santiago;4;Jesse Levis;0,9949
Benito Santiago;5;Dwight Smith;0,9948
Benji Gil;1;Scott Hemond;0,9925
Benji Gil;2;Scott Sanderson;0,9854
Benji Gil;3;Robert Perez;0,9787
Benji Gil;4;Donne Wall;0,9773
Benji Gil;5;Luis Quinones;0,9741
Bernard Gilkey;1;Luis Aguayo;0,9867
Bernard Gilkey;2;Johnny Damon;0,9835
Bernard Gilkey;3;Rusty Greer;0,9808
Bernard Gilkey;4;Matt Lawton;0,9793
Bernard Gilkey;5;Mike Krukow;0,9792
Bernie Williams;1;Mike Sharperson;0,9893
Bernie Williams;2;Ernie Whitt;0,9874
Bernie Williams;3;Marty Barrett;0,9845
Bernie Williams;4;Curt Ford;0,9841
Bernie Williams;5;Ben Revere;0,9815
Bill Buckner;1;Ozzie Virgil;0,9979
Bill Buckner;2;Mookie Wilson;0,9967
Bill Buckner;3;Leon Durham;0,9931
Bill Buckner;4;Kosuke Fukudome;0,9929
Bill Buckner;5;Terry Francona;0,9875
Bill Doran;1;Eric Bruntlett;0,9966
Bill Doran;2;Nori Aoki;0,9929
Bill Doran;3;John Mayberry;0,9897
Bill Doran;4;Adam Melhuse;0,9851
Bill Doran;5;Mark Salas;0,9829
Bill Hall;1;Billy Butler;0,9881
Bill Hall;2;Ryan Ludwick;0,9876
Bill Hall;3;Brandon Belt;0,9866
Bill Hall;4;Carl Crawford;0,9861
Bill Hall;5;Matt Wieters;0,9855
Bill Haselman;1;Jake Westbrook;0,9834
Bill Haselman;2;Scott Sanderson;0,9783
Bill Haselman;3;Robert Perez;0,977
Bill Haselman;4;Donne Wall;0,963
Bill Haselman;5;Marvin Freeman;0,9568
Bill Landrum;1;Jair Jurrjens;0,9945
Bill Landrum;2;Ryan Dempster;0,9922
Bill Landrum;3;John Lackey;0,9902
Bill Landrum;4;Aaron Cook;0,9888
Bill Landrum;5;Justin Verlander;0,9835
Bill Mueller;1;Tracy Jones;0,9985
Bill Mueller;2;Preston Wilson;0,995
Bill Mueller;3;Wally Joyner;0,9939
Bill Mueller;4;Delino DeShields;0,9938
Bill Mueller;5;Roberto Alomar;0,993
Bill Pecota;1;Tom Lawless;0,9787
Bill Pecota;2;Danny Valencia;0,978
Bill Pecota;3;Matt Stairs;0,9655
Bill Pecota;4;Ron Karkovice;0,9418
Bill Pecota;5;Erubiel Durazo;0,9386
Bill Schroeder;1;Marvell Wynne;0,9814
Bill Schroeder;2;Dioner Navarro;0,9733
Bill Schroeder;3;Tim Wallach;0,966
Bill Schroeder;4;Edgardo Alfonzo;0,9639
Bill Schroeder;5;Michael Bourn;0,9589
Bill Spiers;1;Peter Bourjos;0,9865
Bill Spiers;2;Chris Johnson;0,9804
Bill Spiers;3;Everth Cabrera;0,973
Bill Spiers;4;Erubiel Durazo;0,9676
Bill Spiers;5;Jason Heyward;0,9667
Bill Swift;1;Sean Bergman;0,9857
Bill Swift;2;Carney Lansford;0,9619
Bill Swift;3;Gil Meche;0,9613
Bill Swift;4;Darrell May;0,9531
Bill Swift;5;Jordan Zimmermann;0,9461
Billy Ashley;1;Alex Gonzalez;0,9921
Billy Ashley;2;Rod Barajas;0,9888
Billy Ashley;3;Melvin Nieves;0,9827
Billy Ashley;4;Mark Thompson;0,9781
Billy Ashley;5;Stan Javier;0,9757
Billy Butler;1;Carl Crawford;0,9982
Billy Butler;2;Travis Hafner;0,997
Billy Butler;3;Gerardo Parra;0,9966
Billy Butler;4;Josh Donaldson;0,9961
Billy Butler;5;Chase Utley;0,9944
Billy Hatcher;1;Ernie Young;0,9987
Billy Hatcher;2;Colby Rasmus;0,9923
Billy Hatcher;3;Justin Upton;0,9913
Billy Hatcher;4;Devon White;0,9893
Billy Hatcher;5;Ray Durham;0,9858
Billy Ripken;1;Chuck Carr;0,9881
Billy Ripken;2;Chris Getz;0,9842
Billy Ripken;3;Rafael Bournigal;0,9748
Billy Ripken;4;Shane Halter;0,967
Billy Ripken;5;Keith Miller;0,9666
Billy Wagner;1;Doug Davis;0,9962
Billy Wagner;2;Scott Sanders;0,9955
Billy Wagner;3;Brandon Webb;0,9939
Billy Wagner;4;Jon Lester;0,9935
Billy Wagner;5;Dave Mlicki;0,993
Bip Roberts;1;Aaron Ledesma;0,9961
Bip Roberts;2;Carlos Quentin;0,9948
Bip Roberts;3;Chris Speier;0,9879
Bip Roberts;4;Paul Konerko;0,9848
Bip Roberts;5;Sal Fasano;0,981
Bo Diaz;1;Rickie Weeks;0,9974
Bo Diaz;2;Ernie Riles;0,9964
Bo Diaz;3;Jason Bartlett;0,9864
Bo Diaz;4;Yonder Alonso;0,9848
Bo Diaz;5;Andruw Jones;0,9822
Bo Jackson;1;Ken Phelps;0,9821
Bo Jackson;2;Mike Sharperson;0,9793
Bo Jackson;3;Jack Hannahan;0,9771
Bo Jackson;4;Marty Barrett;0,9764
Bo Jackson;5;Paul Goldschmidt;0,965
Bob Boone;1;Luis Castillo;0,9827
Bob Boone;2;Dickie Thon;0,9761
Bob Boone;3;Mike Blowers;0,9516
Bob Boone;4;Kazuo Matsui;0,9514
Bob Boone;5;Josias Manzanillo;0,9411
Bob Brenly;1;Justin Turner;0,9957
Bob Brenly;2;Jason LaRue;0,9931
Bob Brenly;3;Hanley Ramirez;0,9871
Bob Brenly;4;Andrew McCutchen;0,9869
Bob Brenly;5;Brett Lawrie;0,9855
Bob Dernier;1;Jason Smith;0,9771
Bob Dernier;2;Vinny Castilla;0,977
Bob Dernier;3;Pat Hentgen;0,9736
Bob Dernier;4;Chet Lemon;0,9613
Bob Dernier;5;Lee Stevens;0,9516
Bob Forsch;1;Chris Davis;0,9652
Bob Forsch;2;Paul Molitor;0,9608
Bob Forsch;3;Chet Lemon;0,9585
Bob Forsch;4;Shane Mack;0,9514
Bob Forsch;5;Kurt Abbott;0,9492
Bob Kipper;1;Jon Garland;0,9996
Bob Kipper;2;Roy Oswalt;0,9993
Bob Kipper;3;Joey Hamilton;0,9989
Bob Kipper;4;Odalis Perez;0,9988
Bob Kipper;5;Jose Lima;0,9986
Bob Knepper;1;Gary Ward;0,9965
Bob Knepper;2;Ryan Franklin;0,9902
Bob Knepper;3;Mike Bielecki;0,9778
Bob Knepper;4;Alejandro Peña;0,9521
Bob Knepper;5;Mike Scott;0,918
Bob Melvin;1;Willy Taveras;0,9696
Bob Melvin;2;Justin Smoak;0,9695
Bob Melvin;3;Alcides Escobar;0,9663
Bob Melvin;4;Austin Jackson;0,9659
Bob Melvin;5;Steve Scarsone;0,9654
Bob Ojeda;1;Juan Nicasio;0,9866
Bob Ojeda;2;Scott Sanders;0,976
Bob Ojeda;3;Ryan Madson;0,9623
Bob Ojeda;4;Ramon Martinez;0,9599
Bob Ojeda;5;Victor Zambrano;0,9535
Bob Patterson;1;Scott Elarton;0,9949
Bob Patterson;2;Todd Stottlemyre;0,9944
Bob Patterson;3;Tim Naehring;0,9926
Bob Patterson;4;Jose Offerman;0,9913
Bob Patterson;5;Andujar Cedeno;0,9909
Bob Smith;1;Brian Daubach;0,9923
Bob Smith;2;Pedro Guerrero;0,9902
Bob Smith;3;David Segui;0,9832
Bob Smith;4;Warren Newson;0,9799
Bob Smith;5;Jeff Manto;0,9777
Bob Tewksbury;1;Paul Wilson;0,9986
Bob Tewksbury;2;Omar Daal;0,995
Bob Tewksbury;3;Cole Hamels;0,9933
Bob Tewksbury;4;Alfredo Simon;0,9931
Bob Tewksbury;5;Darryl Kile;0,9929
Bob Walk;1;Paul Maholm;0,9803
Bob Walk;2;Scott Sullivan;0,9799
Bob Walk;3;Kent Mercker;0,9739
Bob Walk;4;Madison Bumgarner;0,9716
Bob Walk;5;Greg Maddux;0,9655
Bobby Abreu;1;Mark Teahen;0,9973
Bobby Abreu;2;Garrett Atkins;0,9969
Bobby Abreu;3;Alfonso Soriano;0,9945
Bobby Abreu;4;Cody Ross;0,9939
Bobby Abreu;5;Lance Berkman;0,9929
Bobby Bonilla;1;Hank Blalock;0,9963
Bobby Bonilla;2;Paul Sorrento;0,9962
Bobby Bonilla;3;Jonathan Herrera;0,9948
Bobby Bonilla;4;Alfonso Soriano;0,9932
Bobby Bonilla;5;Chase Utley;0,9923
Bobby Crosby;1;Milt Cuyler;0,9985
Bobby Crosby;2;Matt Holliday;0,998
Bobby Crosby;3;Zack Cozart;0,9974
Bobby Crosby;4;Vladimir Guerrero;0,9966
Bobby Crosby;5;Ron Gant;0,9964
Bobby Estalella;1;Brian Harper;0,96
Bobby Estalella;2;Jose Molina;0,9577
Bobby Estalella;3;Geronimo Berroa;0,9543
Bobby Estalella;4;Allen Watson;0,9482
Bobby Estalella;5;Brandon Backe;0,9471
Bobby Higginson;1;Bobby Abreu;0,9883
Bobby Higginson;2;Jonathan Lucroy;0,9882
Bobby Higginson;3;Mark Teahen;0,988
Bobby Higginson;4;Asdrubal Cabrera;0,9872
Bobby Higginson;5;Ernie Young;0,9857
Bobby Jones;1;Scott Sauerbeck;0,9955
Bobby Jones;2;Terry Adams;0,9918
Bobby Jones;3;Pedro Astacio;0,9865
Bobby Jones;4;Andy Ashby;0,9835
Bobby Jones;5;Tom Glavine;0,9817
Bobby Witt;1;Alfredo Griffin;0,9343
Bobby Witt;2;Maicer Izturis;0,9283
Bobby Witt;3;Chris Speier;0,9183
Bobby Witt;4;Denny Walling;0,9161
Bobby Witt;5;Eddie Williams;0,915
Brad Ausmus;1;Pablo Sandoval;0,9922
Brad Ausmus;2;Jose Tabata;0,9914
Brad Ausmus;3;Tim Teufel;0,9902
Brad Ausmus;4;Adam Dunn;0,9893
Brad Ausmus;5;Jason Heyward;0,9889
Brad Fullmer;1;Jody Gerut;0,9932
Brad Fullmer;2;Keith Moreland;0,9872
Brad Fullmer;3;Edwin Encarnacion;0,987
Brad Fullmer;4;Larry Sheets;0,984
Brad Fullmer;5;Brad Wilkerson;0,9799
Brad Hawpe;1;Greg Myers;0,9987
Brad Hawpe;2;Jason Castro;0,9984
Brad Hawpe;3;Jason Kipnis;0,9982
Brad Hawpe;4;Brian Roberts;0,998
Brad Hawpe;5;Andre Ethier;0,9967
Brad Penny;1;Brian Meadows;0,9967
Brad Penny;2;Jim Deshaies;0,993
Brad Penny;3;John Smoltz;0,9927
Brad Penny;4;Rob Dibble;0,9914
Brad Penny;5;Greg McMichael;0,9911
Brad Radke;1;Sterling Hitchcock;0,9983
Brad Radke;2;Jay Witasick;0,9947
Brad Radke;3;Don Carman;0,9939
Brad Radke;4;Matt Clement;0,9936
Brad Radke;5;Jeff Parrett;0,99
Brad Wilkerson;1;Ivan Rodriguez;0,9973
Brad Wilkerson;2;Trot Nixon;0,9967
Brad Wilkerson;3;Larry Sheets;0,9966
Brad Wilkerson;4;Edwin Encarnacion;0,9945
Brad Wilkerson;5;Khalil Greene;0,9933
Braden Looper;1;Josias Manzanillo;0,9725
Braden Looper;2;Bruce Chen;0,9641
Braden Looper;3;Heathcliff Slocumb;0,9603
Braden Looper;4;Jason Johnson;0,9551
Braden Looper;5;Craig Shipley;0,9484
Brady Anderson;1;Miguel Tejada;0,9708
Brady Anderson;2;Mark Leiter;0,9627
Brady Anderson;3;Pat Sheridan;0,9577
Brady Anderson;4;Ricky Horton;0,9533
Brady Anderson;5;Jay Bell;0,9406
Brady Clark;1;Phil Plantier;0,988
Brady Clark;2;Ben Zobrist;0,9876
Brady Clark;3;Brook Fordyce;0,9829
Brady Clark;4;Manny Ramirez;0,9823
Brady Clark;5;Alberto Callaspo;0,9804
Brandon Backe;1;Ramon Santiago;0,9775
Brandon Backe;2;Ryan Vogelsong;0,9739
Brandon Backe;3;Brian Harper;0,9715
Brandon Backe;4;Allen Watson;0,9704
Brandon Backe;5;Tim Hulett;0,9575
Brandon Belt;1;Ryan Doumit;0,9988
Brandon Belt;2;Nate McLouth;0,9939
Brandon Belt;3;Matt Wieters;0,993
Brandon Belt;4;Kelly Shoppach;0,989
Brandon Belt;5;Brandon Crawford;0,9877
Brandon Crawford;1;Ryan Doumit;0,9936
Brandon Crawford;2;Kyle Seager;0,9909
Brandon Crawford;3;Jason LaRue;0,9905
Brandon Crawford;4;Andrew McCutchen;0,9898
Brandon Crawford;5;Brandon Belt;0,9877
Brandon Duckworth;1;Justin Verlander;0,9948
Brandon Duckworth;2;Jeremy Bonderman;0,9931
Brandon Duckworth;3;Steve Avery;0,9885
Brandon Duckworth;4;John Lackey;0,9859
Brandon Duckworth;5;Jeremy Hernandez;0,9854
Brandon Inge;1;Antonio Osuna;0,9897
Brandon Inge;2;Scott Hemond;0,9755
Brandon Inge;3;Alex Rodriguez;0,9751
Brandon Inge;4;Luis Quinones;0,9723
Brandon Inge;5;Yovani Gallardo;0,9687
Brandon McCarthy;1;LaTroy Hawkins;0,9983
Brandon McCarthy;2;Joey Eischen;0,9949
Brandon McCarthy;3;Ben Sheets;0,9933
Brandon McCarthy;4;Aaron Cook;0,9909
Brandon McCarthy;5;David Weathers;0,9887
Brandon Morrow;1;Aaron Harang;0,9958
Brandon Morrow;2;Bronson Arroyo;0,9958
Brandon Morrow;3;Kirt Manwaring;0,9957
Brandon Morrow;4;Chad Billingsley;0,9955
Brandon Morrow;5;Daniel Cabrera;0,9943
Brandon Moss;1;Trevor Plouffe;0,9993
Brandon Moss;2;Kevin Bass;0,9993
Brandon Moss;3;Gregg Jefferies;0,9988
Brandon Moss;4;Tony Eusebio;0,9969
Brandon Moss;5;Ryan Church;0,9968
Brandon Phillips;1;Alejandro De Aza;0,9936
Brandon Phillips;2;Harold Reynolds;0,9686
Brandon Phillips;3;Jose Uribe;0,9684
Brandon Phillips;4;Matt Williams;0,966
Brandon Phillips;5;Eddie Williams;0,9657
Brandon Webb;1;Ron Villone;0,9996
Brandon Webb;2;Mark Clark;0,9984
Brandon Webb;3;Ramon Ortiz;0,9978
Brandon Webb;4;Doug Davis;0,9977
Brandon Webb;5;Jon Lester;0,9971
Brayan Peña;1;Chris Peters;0,9834
Brayan Peña;2;Phil Plantier;0,9795
Brayan Peña;3;Elliot Johnson;0,9723
Brayan Peña;4;Brady Clark;0,9692
Brayan Peña;5;Scott Hemond;0,9562
Brendan Ryan;1;John Jaso;0,99
Brendan Ryan;2;Mark McGwire;0,9786
Brendan Ryan;3;Royce Clayton;0,9709
Brendan Ryan;4;Paul Lo Duca;0,9694
Brendan Ryan;5;Alejandro De Aza;0,9653
Brent Gates;1;Marlon Byrd;0,9976
Brent Gates;2;Benito Santiago;0,9976
Brent Gates;3;Charles Johnson;0,9975
Brent Gates;4;B. J. Surhoff;0,9968
Brent Gates;5;Jesse Levis;0,9963
Brent Mayne;1;Brian Bohanon;0,985
Brent Mayne;2;Travis Wood;0,9849
Brent Mayne;3;Ricky Bottalico;0,9771
Brent Mayne;4;Jason Bere;0,9714
Brent Mayne;5;Jay Powell;0,9697
Bret Boone;1;Craig Gentry;0,999
Bret Boone;2;Vladimir Guerrero;0,996
Bret Boone;3;Matt Carpenter;0,9958
Bret Boone;4;David Wright;0,9948
Bret Boone;5;Ben Revere;0,9948
Bret Saberhagen;1;Rich Gossage;0,9956
Bret Saberhagen;2;Leon Durham;0,9885
Bret Saberhagen;3;Terry Francona;0,9883
Bret Saberhagen;4;Kosuke Fukudome;0,9827
Bret Saberhagen;5;Ozzie Virgil;0,9803
Brett Anderson;1;David Cone;0,9995
Brett Anderson;2;Mike Hampton;0,9992
Brett Anderson;3;Roy Oswalt;0,9973
Brett Anderson;4;Tim Belcher;0,9973
Brett Anderson;5;Jon Garland;0,9972
Brett Butler;1;Craig Wilson;0,9835
Brett Butler;2;Luis Aguayo;0,9751
Brett Butler;3;John Shelby;0,9733
Brett Butler;4;Chris Getz;0,9691
Brett Butler;5;Carlos Febles;0,9655
Brett Gardner;1;Mike Lowell;0,9956
Brett Gardner;2;Jerry Hairston;0,9948
Brett Gardner;3;Todd Zeile;0,9946
Brett Gardner;4;Eric Chavez;0,9918
Brett Gardner;5;Kevin Mench;0,9905
Brett Lawrie;1;Nick Markakis;0,9982
Brett Lawrie;2;Justin Turner;0,9969
Brett Lawrie;3;Hanley Ramirez;0,9957
Brett Lawrie;4;Andrew McCutchen;0,9944
Brett Lawrie;5;Wilson Ramos;0,9943
Brett Myers;1;Jeremy Guthrie;0,9835
Brett Myers;2;Pete Smith;0,969
Brett Myers;3;Greg Maddux;0,9682
Brett Myers;4;Rick Ankiel;0,9668
Brett Myers;5;Orlando Hernandez;0,9658
Brett Tomko;1;Les Lancaster;0,994
Brett Tomko;2;Victor Zambrano;0,993
Brett Tomko;3;Daniel Cabrera;0,9922
Brett Tomko;4;Juan Agosto;0,9919
Brett Tomko;5;Tim Lincecum;0,9918
Brian Anderson;1;Augie Ojeda;0,9842
Brian Anderson;2;Lance Blankenship;0,9677
Brian Anderson;3;Dillon Gee;0,9482
Brian Anderson;4;Lance Johnson;0,9354
Brian Anderson;5;Ramon Castro;0,9231
Brian Boehringer;1;Jeffrey Leonard;0,9503
Brian Boehringer;2;Livan Hernandez;0,9046
Brian Boehringer;3;Charles Gipson;0,8986
Brian Boehringer;4;Bill Haselman;0,8941
Brian Boehringer;5;Steve Trachsel;0,8836
Brian Bohanon;1;Aaron Sele;0,9986
Brian Bohanon;2;Jeff Shaw;0,995
Brian Bohanon;3;Jason Bere;0,9913
Brian Bohanon;4;Travis Wood;0,9908
Brian Bohanon;5;Alvaro Espinoza;0,9898
Brian Daubach;1;Bob Smith;0,9923
Brian Daubach;2;Enrique Wilson;0,9813
Brian Daubach;3;Tyler Flowers;0,981
Brian Daubach;4;Brook Jacoby;0,9803
Brian Daubach;5;Warren Newson;0,9753
Brian Downing;1;Pat Sheridan;0,9503
Brian Downing;2;Leon Durham;0,9405
Brian Downing;3;Kosuke Fukudome;0,9384
Brian Downing;4;Rich Gossage;0,9381
Brian Downing;5;Dustin Ackley;0,9367
Brian Giles;1;Ben Revere;0,9971
Brian Giles;2;Todd Helton;0,9957
Brian Giles;3;Matt Carpenter;0,9942
Brian Giles;4;Gregor Blanco;0,9938
Brian Giles;5;Scott Rolen;0,9929
Brian Harper;1;Allen Watson;0,9758
Brian Harper;2;Brandon Backe;0,9715
Brian Harper;3;Ramon Santiago;0,9703
Brian Harper;4;Bobby Estalella;0,96
Brian Harper;5;Willie Greene;0,9527
Brian Hunter;1;Danny Sheaffer;0,9523
Brian Hunter;2;Dennis Cook;0,945
Brian Hunter;3;Ross Gload;0,9449
Brian Hunter;4;Scott Eyre;0,9399
Brian Hunter;5;Felix Heredia;0,9353
Brian Johnson;1;Carlos Ruiz;0,9839
Brian Johnson;2;Chris Davis;0,9724
Brian Johnson;3;Clint Barmes;0,9721
Brian Johnson;4;Michael Bourn;0,9661
Brian Johnson;5;Yadier Molina;0,9577
Brian Jordan;1;Tim Flannery;0,9972
Brian Jordan;2;Richard Hidalgo;0,9835
Brian Jordan;3;Sam Fuld;0,9833
Brian Jordan;4;Pat Listach;0,9804
Brian Jordan;5;Sean Rodriguez;0,9758
Brian McCann;1;Quilvio Veras;0,9984
Brian McCann;2;Albert Pujols;0,9981
Brian McCann;3;Gene Larkin;0,9979
Brian McCann;4;Nori Aoki;0,9969
Brian McCann;5;Jimmy Rollins;0,9968
Brian McRae;1;Jose Macias;0,9968
Brian McRae;2;Steve Lyons;0,9952
Brian McRae;3;Homer Bush;0,9929
Brian McRae;4;Jose Lind;0,9917
Brian McRae;5;Charlie Hayes;0,9908
Brian Meadows;1;John Burkett;0,9991
Brian Meadows;2;John Smoltz;0,9982
Brian Meadows;3;Brad Penny;0,9967
Brian Meadows;4;Midre Cummings;0,9967
Brian Meadows;5;Jim Deshaies;0,9959
Brian Moehler;1;Victor Zambrano;0,9963
Brian Moehler;2;Scott Sanders;0,9957
Brian Moehler;3;Rodrigo Lopez;0,9931
Brian Moehler;4;Ross Detwiler;0,988
Brian Moehler;5;Albie Lopez;0,9824
Brian Roberts;1;Jason Kipnis;0,9999
Brian Roberts;2;Jason Castro;0,9992
Brian Roberts;3;Brad Hawpe;0,998
Brian Roberts;4;Casey Blake;0,9946
Brian Roberts;5;Mike Napoli;0,994
Brian Schneider;1;Chris Sabo;0,994
Brian Schneider;2;Eric Bruntlett;0,9884
Brian Schneider;3;Gene Larkin;0,9851
Brian Schneider;4;Nori Aoki;0,9851
Brian Schneider;5;Khalil Greene;0,985
Brian Williams;1;Kirk Rueter;0,9868
Brian Williams;2;Jerome Williams;0,9815
Brian Williams;3;Wade Miley;0,9736
Brian Williams;4;Jeff Juden;0,9654
Brian Williams;5;Steve Cooke;0,9568
Bronson Arroyo;1;Daniel Cabrera;0,9994
Bronson Arroyo;2;Barry Zito;0,997
Bronson Arroyo;3;Denny Neagle;0,9965
Bronson Arroyo;4;Jorge De La Rosa;0,996
Bronson Arroyo;5;Brandon Morrow;0,9958
Brook Fordyce;1;Troy Glaus;0,9852
Brook Fordyce;2;Kelly Gruber;0,9847
Brook Fordyce;3;Alberto Callaspo;0,983
Brook Fordyce;4;Brady Clark;0,9829
Brook Fordyce;5;Dmitri Young;0,9813
Brook Jacoby;1;Yorvit Torrealba;0,9905
Brook Jacoby;2;Mike Davis;0,9893
Brook Jacoby;3;Tyler Flowers;0,9891
Brook Jacoby;4;Nori Aoki;0,9853
Brook Jacoby;5;Jose Canseco;0,9832
Bruce Benedict;1;Scott Servais;0,9767
Bruce Benedict;2;Cliff Floyd;0,9397
Bruce Benedict;3;Tom Pagnozzi;0,9309
Bruce Benedict;4;Jolbert Cabrera;0,9174
Bruce Benedict;5;Mike Gallego;0,893
Bruce Chen;1;Heathcliff Slocumb;0,9805
Bruce Chen;2;Braden Looper;0,9641
Bruce Chen;3;Josias Manzanillo;0,963
Bruce Chen;4;Yorkis Perez;0,9531
Bruce Chen;5;Kevin Foster;0,9452
Bruce Hurst;1;Rafael Ramirez;0,9641
Bruce Hurst;2;Steve Clevenger;0,956
Bruce Hurst;3;Marc Newfield;0,944
Bruce Hurst;4;Claudell Washington;0,9437
Bruce Hurst;5;Augie Ojeda;0,9404
Bruce Ruffin;1;Matt Cain;0,997
Bruce Ruffin;2;Mark Clark;0,9883
Bruce Ruffin;3;Ted Lilly;0,988
Bruce Ruffin;4;Terry Mulholland;0,9877
Bruce Ruffin;5;Albie Lopez;0,9871
Bryn Smith;1;Paul Goldschmidt;0,9957
Bryn Smith;2;Matt Carpenter;0,9858
Bryn Smith;3;Ben Revere;0,9832
Bryn Smith;4;Craig Gentry;0,9738
Bryn Smith;5;Ernie Young;0,9677
Bubba Trammell;1;Chris Speier;0,9965
Bubba Trammell;2;Aaron Ledesma;0,9887
Bubba Trammell;3;Sal Fasano;0,9852
Bubba Trammell;4;Wily Mo Peña;0,9708
Bubba Trammell;5;Glenn Braggs;0,9616
Bud Norris;1;Barry Jones;0,9617
Bud Norris;2;Kevin Jarvis;0,9608
Bud Norris;3;Anibal Sanchez;0,9509
Bud Norris;4;Charlie Morton;0,9217
Bud Norris;5;Jake Arrieta;0,9174
Buster Posey;1;Eric Hosmer;0,9998
Buster Posey;2;Justin Morneau;0,9993
Buster Posey;3;Mark Ellis;0,9991
Buster Posey;4;Casey Blake;0,9989
Buster Posey;5;Alex Rios;0,9983
Butch Huskey;1;Tripp Cromer;0,9852
Butch Huskey;2;Dave Bergman;0,98
Butch Huskey;3;Brett Anderson;0,9786
Butch Huskey;4;Claudio Vargas;0,9783
Butch Huskey;5;Nick Punto;0,9783
Byung-Hyun Kim;1;Josias Manzanillo;0,9817
Byung-Hyun Kim;2;Tony Armas;0,9779
Byung-Hyun Kim;3;Danny Graves;0,9717
Byung-Hyun Kim;4;Craig Shipley;0,9378
Byung-Hyun Kim;5;Antonio Alfonseca;0,9328
C. J. Wilson;1;Jay Powell;0,9967
C. J. Wilson;2;Ricky Bottalico;0,995
C. J. Wilson;3;Jaret Wright;0,9938
C. J. Wilson;4;Jason Bere;0,9902
C. J. Wilson;5;Jeff Shaw;0,9901
CC Sabathia;1;Omar Infante;0,9551
CC Sabathia;2;Reggie Jefferson;0,9487
CC Sabathia;3;Jeff DaVanon;0,9421
CC Sabathia;4;Damon Buford;0,9393
CC Sabathia;5;Josh Bard;0,9269
Cal Eldred;1;Andy McGaffigan;0,9771
Cal Eldred;2;Dave Dravecky;0,9761
Cal Eldred;3;Rob Murphy;0,9487
Cal Eldred;4;Sean Bergman;0,934
Cal Eldred;5;Juan Nicasio;0,9283
Cal Ripken;1;Wes Chamberlain;0,9908
Cal Ripken;2;Wayne Tolleson;0,9833
Cal Ripken;3;Jose Macias;0,9716
Cal Ripken;4;Thad Bosley;0,9698
Cal Ripken;5;Adam Melhuse;0,9693
Cameron Maybin;1;Wilson Alvarez;0,9906
Cameron Maybin;2;Lloyd Moseby;0,9883
Cameron Maybin;3;Randy Winn;0,9808
Cameron Maybin;4;Barry Larkin;0,9746
Cameron Maybin;5;Mo Vaughn;0,9674
Candy Maldonado;1;Steve Scarsone;0,9901
Candy Maldonado;2;Devin Mesoraco;0,9761
Candy Maldonado;3;Josh Harrison;0,973
Candy Maldonado;4;Jordan Schafer;0,9629
Candy Maldonado;5;Jeremy Giambi;0,9625
Carl Crawford;1;Josh Donaldson;0,9989
Carl Crawford;2;Billy Butler;0,9982
Carl Crawford;3;Chase Utley;0,9958
Carl Crawford;4;Gerardo Parra;0,9948
Carl Crawford;5;Travis Hafner;0,9942
Carl Everett;1;Donne Wall;0,9863
Carl Everett;2;Alex Cora;0,9861
Carl Everett;3;Michael Jackson;0,9858
Carl Everett;4;Scott Sanderson;0,9853
Carl Everett;5;Andrew Cashner;0,9811
Carl Pavano;1;Charlie Morton;0,9792
Carl Pavano;2;David Price;0,979
Carl Pavano;3;Josh Johnson;0,9707
Carl Pavano;4;Jeff Fassero;0,9656
Carl Pavano;5;Esteban Loaiza;0,9644
Carlos Baerga;1;Pete O'Brien;0,9978
Carlos Baerga;2;Ryan Braun;0,9972
Carlos Baerga;3;Juan Rivera;0,9937
Carlos Baerga;4;Kendrys Morales;0,9935
Carlos Baerga;5;Salvador Perez;0,9923
Carlos Beltran;1;Andres Thomas;0,9967
Carlos Beltran;2;Peter Bourjos;0,9923
Carlos Beltran;3;Mickey Tettleton;0,9878
Carlos Beltran;4;Clint Barmes;0,9862
Carlos Beltran;5;Pablo Sandoval;0,9821
Carlos Delgado;1;Craig Gentry;0,9988
Carlos Delgado;2;Jeff Conine;0,9964
Carlos Delgado;3;Josh Hamilton;0,9963
Carlos Delgado;4;David Wright;0,9963
Carlos Delgado;5;Will Clark;0,996
Carlos Febles;1;Johnny Damon;0,9992
Carlos Febles;2;Rich Amaral;0,9991
Carlos Febles;3;Mark Salas;0,9978
Carlos Febles;4;Tom Brunansky;0,9969
Carlos Febles;5;Rusty Greer;0,9964
Carlos Garcia;1;Chris Hammond;0,9881
Carlos Garcia;2;Casey Candaele;0,9829
Carlos Garcia;3;Michael Barrett;0,9771
Carlos Garcia;4;Jeff Weaver;0,9757
Carlos Garcia;5;Danny Sheaffer;0,9753
Carlos Gomez;1;Casey McGehee;0,9853
Carlos Gomez;2;Donnie Sadler;0,9745
Carlos Gomez;3;Andres Torres;0,9721
Carlos Gomez;4;Gerald Young;0,9687
Carlos Gomez;5;Marcus Thames;0,9591
Carlos Gonzalez;1;Terrence Long;0,9995
Carlos Gonzalez;2;Reggie Sanders;0,9992
Carlos Gonzalez;3;Phil Bradley;0,9977
Carlos Gonzalez;4;Benito Santiago;0,9973
Carlos Gonzalez;5;Larry Walker;0,9971
Carlos Guillen;1;Michael Saunders;0,9908
Carlos Guillen;2;Alfredo Amezaga;0,9832
Carlos Guillen;3;Joe Randa;0,9793
Carlos Guillen;4;Matt LeCroy;0,9734
Carlos Guillen;5;Jarrod Dyson;0,9712
Carlos Hernandez;1;Sal Fasano;0,959
Carlos Hernandez;2;Aaron Ledesma;0,9587
Carlos Hernandez;3;Raul Chavez;0,9563
Carlos Hernandez;4;Felipe Crespo;0,9535
Carlos Hernandez;5;Matt LeCroy;0,9505
Carlos Lee;1;Ian Kinsler;0,9994
Carlos Lee;2;Ivan Rodriguez;0,9949
Carlos Lee;3;Rob Mackowiak;0,9939
Carlos Lee;4;Carlos Santana;0,9936
Carlos Lee;5;Josh Willingham;0,9928
Carlos Perez;1;Kirt Manwaring;0,9908
Carlos Perez;2;Brandon Morrow;0,9889
Carlos Perez;3;Ron Darling;0,9833
Carlos Perez;4;Mark Mulder;0,9762
Carlos Perez;5;Larry Andersen;0,9751
Carlos Peña;1;Chris Jones;0,9785
Carlos Peña;2;Vance Wilson;0,9713
Carlos Peña;3;Howard Johnson;0,9624
Carlos Peña;4;David Ortiz;0,9559
Carlos Peña;5;Ronnie Belliard;0,9548
Carlos Quentin;1;Paul Konerko;0,995
Carlos Quentin;2;Bip Roberts;0,9948
Carlos Quentin;3;Chris Speier;0,9935
Carlos Quentin;4;Sal Fasano;0,9921
Carlos Quentin;5;Doug Mientkiewicz;0,9903
Carlos Ruiz;1;Chris Davis;0,9874
Carlos Ruiz;2;Brian Johnson;0,9839
Carlos Ruiz;3;Ronny Paulino;0,9818
Carlos Ruiz;4;Michael Bourn;0,9812
Carlos Ruiz;5;Edgardo Alfonzo;0,9761
Carlos Santana;1;Kevin Youkilis;0,9968
Carlos Santana;2;Shin-Soo Choo;0,9966
Carlos Santana;3;Jon Jay;0,996
Carlos Santana;4;Steve Finley;0,9954
Carlos Santana;5;A. J. Pierzynski;0,9944
Carlos Silva;1;Kyle Blanks;0,9974
Carlos Silva;2;Dave Burba;0,9351
Carlos Silva;3;Manny Alexander;0,9307
Carlos Silva;4;Jolbert Cabrera;0,9219
Carlos Silva;5;John Danks;0,9149
Carlos Villanueva;1;Rob Murphy;0,9805
Carlos Villanueva;2;Sean Bergman;0,9766
Carlos Villanueva;3;Don Carman;0,9604
Carlos Villanueva;4;Vicente Palacios;0,954
Carlos Villanueva;5;Andy McGaffigan;0,9467
Carlos Zambrano;1;Darrin Jackson;0,9924
Carlos Zambrano;2;Tyler Houston;0,9923
Carlos Zambrano;3;Craig Worthington;0,9915
Carlos Zambrano;4;Otis Nixon;0,9875
Carlos Zambrano;5;Pedro Munoz;0,9873
Carlton Fisk;1;Todd Hundley;0,9551
Carlton Fisk;2;Kevin Young;0,9325
Carlton Fisk;3;Ron Kittle;0,9269
Carlton Fisk;4;Mike Kelly;0,9153
Carlton Fisk;5;Vance Law;0,897
Carmelo Castillo;1;Lyle Mouton;0,9985
Carmelo Castillo;2;Chili Davis;0,9933
Carmelo Castillo;3;Jose Valentin;0,984
Carmelo Castillo;4;Aaron Boone;0,9835
Carmelo Castillo;5;Richard Hidalgo;0,9655
Carmelo Martinez;1;Dante Bichette;0,9969
Carmelo Martinez;2;Mark Salas;0,9941
Carmelo Martinez;3;Mike Young;0,9934
Carmelo Martinez;4;John Olerud;0,9927
Carmelo Martinez;5;Johnny Estrada;0,9922
Carney Lansford;1;Bill Swift;0,9619
Carney Lansford;2;Ed Romero;0,9602
Carney Lansford;3;Lou Merloni;0,9189
Carney Lansford;4;Chris Jones;0,9034
Carney Lansford;5;Wilton Guerrero;0,8846
Casey Blake;1;Eric Hosmer;0,9989
Casey Blake;2;Buster Posey;0,9989
Casey Blake;3;Justin Morneau;0,9982
Casey Blake;4;Mark Ellis;0,9958
Casey Blake;5;Alex Rios;0,9957
Casey Candaele;1;Danny Sheaffer;0,9916
Casey Candaele;2;Carlos Garcia;0,9829
Casey Candaele;3;Scott Eyre;0,9791
Casey Candaele;4;Michael Barrett;0,9773
Casey Candaele;5;Jeff Weaver;0,9772
Casey Kotchman;1;Mike Lamb;0,9939
Casey Kotchman;2;Doug Henry;0,9903
Casey Kotchman;3;Kenny Lofton;0,9895
Casey Kotchman;4;Manuel Lee;0,9892
Casey Kotchman;5;Randy Velarde;0,9849
Casey McGehee;1;Kevin Bass;0,9893
Casey McGehee;2;Donnie Sadler;0,9893
Casey McGehee;3;Ken Griffey;0,9883
Casey McGehee;4;Andres Torres;0,9864
Casey McGehee;5;Carlos Gomez;0,9853
Cecil Espy;1;Terry Shumpert;0,9849
Cecil Espy;2;Todd Jones;0,9737
Cecil Espy;3;Ryan Langerhans;0,9687
Cecil Espy;4;Mike Simms;0,964
Cecil Espy;5;Danny Espinosa;0,963
Cecil Fielder;1;David Justice;0,9994
Cecil Fielder;2;Troy O'Leary;0,9989
Cecil Fielder;3;Mark Grace;0,9988
Cecil Fielder;4;R. J. Reynolds;0,9982
Cecil Fielder;5;Darin Erstad;0,9977
Cesar Izturis;1;Pedro Alvarez;0,9919
Cesar Izturis;2;Dave Collins;0,9827
Cesar Izturis;3;Darrell Evans;0,9764
Cesar Izturis;4;Emil Brown;0,9649
Cesar Izturis;5;Mickey Hatcher;0,9631
Chad Billingsley;1;Aaron Harang;0,9977
Chad Billingsley;2;Daniel Cabrera;0,9975
Chad Billingsley;3;Brandon Morrow;0,9955
Chad Billingsley;4;Kris Benson;0,9954
Chad Billingsley;5;Gio Gonzalez;0,9952
Chad Curtis;1;R. J. Reynolds;0,9994
Chad Curtis;2;Oddibe McDowell;0,996
Chad Curtis;3;Homer Bush;0,9949
Chad Curtis;4;Craig Monroe;0,9903
Chad Curtis;5;Terry Steinbach;0,9887
Chad Durbin;1;Jorge De La Rosa;0,9985
Chad Durbin;2;Jerry Dipoto;0,9983
Chad Durbin;3;Denny Neagle;0,9976
Chad Durbin;4;Chan Ho Park;0,9975
Chad Durbin;5;Ross Detwiler;0,9969
Chad Kreuter;1;Max Scherzer;0,9679
Chad Kreuter;2;Barry Jones;0,9462
Chad Kreuter;3;Kevin Jarvis;0,9262
Chad Kreuter;4;Laynce Nix;0,9054
Chad Kreuter;5;Tommy Milone;0,8963
Chad Moeller;1;Oddibe McDowell;0,9993
Chad Moeller;2;R. J. Reynolds;0,9973
Chad Moeller;3;Homer Bush;0,9947
Chad Moeller;4;Ben Grieve;0,9897
Chad Moeller;5;Ike Davis;0,9896
Chad Tracy;1;Ike Davis;0,9992
Chad Tracy;2;Salvador Perez;0,9961
Chad Tracy;3;Craig Monroe;0,9957
Chad Tracy;4;Josh Reddick;0,9952
Chad Tracy;5;Roger Clemens;0,9938
Chan Ho Park;1;Jorge De La Rosa;0,999
Chan Ho Park;2;Tim Lincecum;0,9989
Chan Ho Park;3;Chad Durbin;0,9975
Chan Ho Park;4;Jerry Dipoto;0,9957
Chan Ho Park;5;Denny Neagle;0,9952
Charles Gipson;1;Kim Batiste;0,98
Charles Gipson;2;Lee Mazzilli;0,9577
Charles Gipson;3;Dave Collins;0,933
Charles Gipson;4;Lee Tinsley;0,906
Charles Gipson;5;Brian Boehringer;0,8986
Charles Johnson;1;Brent Gates;0,9975
Charles Johnson;2;Carlos Gonzalez;0,9964
Charles Johnson;3;Terrence Long;0,996
Charles Johnson;4;Joey Cora;0,9949
Charles Johnson;5;Frank Thomas;0,9934
Charlie Hayes;1;Steve Lyons;0,9986
Charlie Hayes;2;Josh Thole;0,9961
Charlie Hayes;3;Henry Cotto;0,9938
Charlie Hayes;4;Jose Macias;0,9914
Charlie Hayes;5;Brian McRae;0,9908
Charlie Morton;1;Jeff Fassero;0,9819
Charlie Morton;2;Carl Pavano;0,9792
Charlie Morton;3;Anibal Sanchez;0,9721
Charlie Morton;4;Edinson Volquez;0,9648
Charlie Morton;5;Justin Verlander;0,9593
Charlie O'Brien;1;Darren Dreifort;0,9934
Charlie O'Brien;2;Mike DeJean;0,9821
Charlie O'Brien;3;Rafael Bournigal;0,9813
Charlie O'Brien;4;Jeff Weaver;0,9786
Charlie O'Brien;5;Rod Beck;0,9777
Chase Headley;1;Shannon Stewart;0,9981
Chase Headley;2;Dean Palmer;0,9963
Chase Headley;3;Rafael Palmeiro;0,9926
Chase Headley;4;Josh Reddick;0,9925
Chase Headley;5;John Kruk;0,9919
Chase Utley;1;Josh Donaldson;0,9983
Chase Utley;2;Alfonso Soriano;0,9972
Chase Utley;3;Jonathan Herrera;0,9966
Chase Utley;4;Ryan Flaherty;0,9964
Chase Utley;5;Carl Crawford;0,9958
Chet Lemon;1;Jason Smith;0,9841
Chet Lemon;2;George Kottaras;0,9756
Chet Lemon;3;Bob Dernier;0,9613
Chet Lemon;4;Bob Forsch;0,9585
Chet Lemon;5;Dustin Ackley;0,9402
Chien-Ming Wang;1;Steve Reed;0,9907
Chien-Ming Wang;2;Kevin Foster;0,9855
Chien-Ming Wang;3;Victor Zambrano;0,9843
Chien-Ming Wang;4;Kip Wells;0,9827
Chien-Ming Wang;5;Ted Lilly;0,9812
Chili Davis;1;Lyle Mouton;0,998
Chili Davis;2;Carmelo Castillo;0,9933
Chili Davis;3;Keith Hernandez;0,9635
Chili Davis;4;Marty Barrett;0,9583
Chili Davis;5;Todd Van Poppel;0,9526
Chip Hale;1;Mike Cameron;0,9777
Chip Hale;2;Rey Ordonez;0,9652
Chip Hale;3;Jaime Garcia;0,9587
Chip Hale;4;Joel Skinner;0,9535
Chip Hale;5;Shawn Abner;0,9472
Chipper Jones;1;Adam Wainwright;0,9987
Chipper Jones;2;Larry Walker;0,9977
Chipper Jones;3;Phil Bradley;0,997
Chipper Jones;4;Dwight Smith;0,9967
Chipper Jones;5;Eric Karros;0,996
Chone Figgins;1;Ike Davis;0,9994
Chone Figgins;2;Robinson Cano;0,9975
Chone Figgins;3;John Kruk;0,9966
Chone Figgins;4;David DeJesus;0,9963
Chone Figgins;5;Ryan Zimmerman;0,9961
Chris Brock;1;Tim Hulett;0,9964
Chris Brock;2;Jorge Fabregas;0,9733
Chris Brock;3;Paul Molitor;0,9626
Chris Brock;4;Marwin Gonzalez;0,9597
Chris Brock;5;Francisco Cervelli;0,9588
Chris Capuano;1;Tim Redding;0,9174
Chris Capuano;2;Drew Butera;0,906
Chris Capuano;3;Laynce Nix;0,9002
Chris Capuano;4;Terry Puhl;0,8776
Chris Capuano;5;Joe Blanton;0,8745
Chris Carpenter;1;Darrell May;0,9881
Chris Carpenter;2;Paul Wilson;0,9765
Chris Carpenter;3;Ron Tingley;0,9705
Chris Carpenter;4;Brian Meadows;0,9618
Chris Carpenter;5;Rob Murphy;0,96
Chris Coghlan;1;Luis Sojo;0,9366
Chris Coghlan;2;Ted Power;0,9282
Chris Coghlan;3;Mike Matheny;0,9275
Chris Coghlan;4;Kelly Stinnett;0,927
Chris Coghlan;5;Orlando Palmeiro;0,9058
Chris Davis;1;Ronny Paulino;0,9896
Chris Davis;2;Carlos Ruiz;0,9874
Chris Davis;3;Michael Bourn;0,9805
Chris Davis;4;Edgardo Alfonzo;0,973
Chris Davis;5;Brian Johnson;0,9724
Chris Denorfia;1;Marty Barrett;0,9897
Chris Denorfia;2;Curt Ford;0,9876
Chris Denorfia;3;Jose Valentin;0,9868
Chris Denorfia;4;Mike Sharperson;0,9799
Chris Denorfia;5;Richard Hidalgo;0,979
Chris Donnels;1;Rey Sanchez;0,9883
Chris Donnels;2;Scott Hairston;0,988
Chris Donnels;3;Mark Sweeney;0,9868
Chris Donnels;4;Randall Delgado;0,9841
Chris Donnels;5;Reed Johnson;0,9773
Chris Getz;1;Billy Ripken;0,9842
Chris Getz;2;Shane Halter;0,9797
Chris Getz;3;Mike Lansing;0,9775
Chris Getz;4;Kent Hrbek;0,9747
Chris Getz;5;Jacob Cruz;0,9705
Chris Gomez;1;John Jaso;0,9776
Chris Gomez;2;Steve Sax;0,9766
Chris Gomez;3;Mark Bellhorn;0,9722
Chris Gomez;4;Shane Andrews;0,9661
Chris Gomez;5;Brendan Ryan;0,965
Chris Gwynn;1;Aaron Ledesma;0,9926
Chris Gwynn;2;Alejandro De Aza;0,9864
Chris Gwynn;3;Eddie Williams;0,9687
Chris Gwynn;4;Chris Speier;0,9605
Chris Gwynn;5;Raul Chavez;0,9591
Chris Hammond;1;Carlos Garcia;0,9881
Chris Hammond;2;Felix Fermin;0,9821
Chris Hammond;3;Zack Greinke;0,9809
Chris Hammond;4;Clay Buchholz;0,9781
Chris Hammond;5;Jeff Weaver;0,9756
Chris Heisey;1;Josh Reddick;0,9992
Chris Heisey;2;Salvador Perez;0,9962
Chris Heisey;3;Trevor Plouffe;0,9959
Chris Heisey;4;Brandon Moss;0,9954
Chris Heisey;5;Ryan Church;0,9949
Chris Hoiles;1;Dmitri Young;0,9968
Chris Hoiles;2;Alberto Callaspo;0,9786
Chris Hoiles;3;Chris Peters;0,9759
Chris Hoiles;4;Elliot Johnson;0,9737
Chris Hoiles;5;Brook Fordyce;0,973
Chris Iannetta;1;Carl Crawford;0,9909
Chris Iannetta;2;Glenn Braggs;0,985
Chris Iannetta;3;Chase Utley;0,9848
Chris Iannetta;4;Billy Butler;0,9836
Chris Iannetta;5;Josh Donaldson;0,9818
Chris James;1;Phil Bradley;0,9969
Chris James;2;Terrence Long;0,9968
Chris James;3;Mike Bordick;0,9956
Chris James;4;Frank White;0,9948
Chris James;5;Larry Walker;0,9942
Chris Johnson;1;Ramon Hernandez;0,996
Chris Johnson;2;Elvis Andrus;0,9958
Chris Johnson;3;Jose Tabata;0,9935
Chris Johnson;4;Randy Winn;0,9923
Chris Johnson;5;Jon Nunnally;0,9914
Chris Jones;1;Carlos Peña;0,9785
Chris Jones;2;Aaron Miles;0,9767
Chris Jones;3;Bob Smith;0,9761
Chris Jones;4;Pedro Guerrero;0,9654
Chris Jones;5;Dave Gallagher;0,9632
Chris Peters;1;Elliot Johnson;0,996
Chris Peters;2;Brayan Peña;0,9834
Chris Peters;3;Ben Zobrist;0,9818
Chris Peters;4;Alberto Callaspo;0,9779
Chris Peters;5;Chris Hoiles;0,9759
Chris Sabo;1;Brian Schneider;0,994
Chris Sabo;2;Ricky Jordan;0,9872
Chris Sabo;3;Enrique Wilson;0,987
Chris Sabo;4;Pat Borders;0,9857
Chris Sabo;5;Yorvit Torrealba;0,9855
Chris Singleton;1;Everth Cabrera;0,9939
Chris Singleton;2;Jeff Keppinger;0,9904
Chris Singleton;3;Enrique Wilson;0,9832
Chris Singleton;4;Ricky Jordan;0,9767
Chris Singleton;5;Pat Borders;0,9765
Chris Snyder;1;Luke Scott;0,9845
Chris Snyder;2;Glenn Braggs;0,9826
Chris Snyder;3;Wily Mo Peña;0,9749
Chris Snyder;4;Leo Gomez;0,9749
Chris Snyder;5;Chris Iannetta;0,9735
Chris Speier;1;Bubba Trammell;0,9965
Chris Speier;2;Paul Konerko;0,9953
Chris Speier;3;Carlos Quentin;0,9935
Chris Speier;4;Sal Fasano;0,9903
Chris Speier;5;Doug Mientkiewicz;0,9902
Chris Stewart;1;Melvin Nieves;0,9527
Chris Stewart;2;Hideki Irabu;0,9519
Chris Stewart;3;Billy Ashley;0,9198
Chris Stewart;4;Omar Infante;0,908
Chris Stewart;5;Stan Javier;0,901
Chris Stynes;1;Herbert Perry;0,9828
Chris Stynes;2;Scott Cooper;0,9792
Chris Stynes;3;Randy Velarde;0,9685
Chris Stynes;4;Harry Spilman;0,9647
Chris Stynes;5;Manuel Lee;0,9636
Chris Widger;1;Travis Wood;0,9812
Chris Widger;2;Andy Fox;0,9802
Chris Widger;3;Jeff Shaw;0,9767
Chris Widger;4;Scott Cooper;0,9717
Chris Widger;5;Alex Gonzalez;0,9713
Chris Woodward;1;Josias Manzanillo;0,9876
Chris Woodward;2;Daisuke Matsuzaka;0,98
Chris Woodward;3;Tony Armas;0,9499
Chris Woodward;4;Anthony Young;0,9339
Chris Woodward;5;Danny Graves;0,932
Chris Young;1;Gil Meche;0,9954
Chris Young;2;Jordan Zimmermann;0,9916
Chris Young;3;Orlando Hernandez;0,9874
Chris Young;4;Paul Wilson;0,979
Chris Young;5;Marco Estrada;0,9782
Chuck Carr;1;Billy Ripken;0,9881
Chuck Carr;2;Rafael Bournigal;0,9786
Chuck Carr;3;Jeremy Affeldt;0,9783
Chuck Carr;4;Rod Beck;0,9773
Chuck Carr;5;Paul Byrd;0,9762
Chuck Finley;1;Scott Sauerbeck;0,9906
Chuck Finley;2;Tom Gorzelanny;0,9895
Chuck Finley;3;Wandy Rodriguez;0,9885
Chuck Finley;4;Andy Ashby;0,9878
Chuck Finley;5;Ben Sheets;0,985
Chuck Knoblauch;1;Don Mattingly;0,9988
Chuck Knoblauch;2;Terrence Long;0,9967
Chuck Knoblauch;3;Kevin Millar;0,996
Chuck Knoblauch;4;Rob Deer;0,9959
Chuck Knoblauch;5;Ivan Calderon;0,9955
Chuck McElroy;1;Jarrod Washburn;0,9934
Chuck McElroy;2;Robb Quinlan;0,9817
Chuck McElroy;3;Royce Clayton;0,9795
Chuck McElroy;4;Buster Posey;0,9703
Chuck McElroy;5;Eric Hosmer;0,9683
Claudell Washington;1;Bruce Hurst;0,9437
Claudell Washington;2;John Vander Wal;0,9377
Claudell Washington;3;Tom Foley;0,9338
Claudell Washington;4;Atlee Hammaker;0,9315
Claudell Washington;5;Scott Erickson;0,9185
Claudio Vargas;1;Jose Contreras;0,9891
Claudio Vargas;2;Butch Huskey;0,9783
Claudio Vargas;3;Dave Bergman;0,9774
Claudio Vargas;4;Kevin Foster;0,9717
Claudio Vargas;5;Jeff Robinson;0,9716
Clay Buchholz;1;Sandy Alomar;0,9991
Clay Buchholz;2;Felix Fermin;0,998
Clay Buchholz;3;Eric Owens;0,9977
Clay Buchholz;4;Guillermo Mota;0,9975
Clay Buchholz;5;Shane Spencer;0,994
Clay Hensley;1;Rob Ducey;0,976
Clay Hensley;2;Joe Nathan;0,9393
Clay Hensley;3;Alex Ochoa;0,8116
Clay Hensley;4;Jason Isringhausen;0,8037
Clay Hensley;5;Ruben Amaro;0,7804
Clayton Kershaw;1;Dave Bush;0,998
Clayton Kershaw;2;Mat Latos;0,9957
Clayton Kershaw;3;J. A. Happ;0,9939
Clayton Kershaw;4;Gio Gonzalez;0,9923
Clayton Kershaw;5;Matt Garza;0,991
Clayton Richard;1;Jimmy Haynes;0,9861
Clayton Richard;2;Madison Bumgarner;0,9852
Clayton Richard;3;Jair Jurrjens;0,9828
Clayton Richard;4;Johnny Cueto;0,9746
Clayton Richard;5;Armando Reynoso;0,9726
Cliff Floyd;1;Jolbert Cabrera;0,9676
Cliff Floyd;2;Kyle Blanks;0,9474
Cliff Floyd;3;Bruce Benedict;0,9397
Cliff Floyd;4;Tom Pagnozzi;0,9379
Cliff Floyd;5;Manny Alexander;0,9258
Cliff Lee;1;Nick Blackburn;0,987
Cliff Lee;2;Andy Benes;0,9847
Cliff Lee;3;Gary Thurman;0,9787
Cliff Lee;4;Luis Matos;0,9711
Cliff Lee;5;Adam Rosales;0,9577
Cliff Pennington;1;Craig Gentry;0,9996
Cliff Pennington;2;Geno Petralli;0,9994
Cliff Pennington;3;Felix Jose;0,9963
Cliff Pennington;4;Matt Carpenter;0,9949
Cliff Pennington;5;Gregor Blanco;0,9945
Clint Barmes;1;Carlos Beltran;0,9862
Clint Barmes;2;Mickey Tettleton;0,9848
Clint Barmes;3;Peter Bourjos;0,9845
Clint Barmes;4;Andres Thomas;0,9829
Clint Barmes;5;Jerry Browne;0,9813
Coco Crisp;1;Starlin Castro;0,9975
Coco Crisp;2;Donnie Sadler;0,9958
Coco Crisp;3;Ryan Church;0,9958
Coco Crisp;4;Zack Cozart;0,9945
Coco Crisp;5;Andres Torres;0,9943
Cody Ross;1;Paul Sorrento;0,9944
Cody Ross;2;Mark Teahen;0,9943
Cody Ross;3;Bobby Abreu;0,9939
Cody Ross;4;Lance Berkman;0,9939
Cody Ross;5;Alex Avila;0,9933
Colby Lewis;1;Kevin Sefcik;0,9991
Colby Lewis;2;Dennis Rasmussen;0,9988
Colby Lewis;3;Amaury Telemaco;0,9972
Colby Lewis;4;Roberto Petagine;0,9968
Colby Lewis;5;Marco Estrada;0,9958
Colby Rasmus;1;Lyle Overbay;0,9965
Colby Rasmus;2;Ernie Young;0,9953
Colby Rasmus;3;Shea Hillenbrand;0,9948
Colby Rasmus;4;Jeff King;0,9943
Colby Rasmus;5;Justin Upton;0,9935
Cole Hamels;1;Alfredo Simon;0,9982
Cole Hamels;2;Jose Lima;0,9965
Cole Hamels;3;Juan Bell;0,9964
Cole Hamels;4;Tyson Ross;0,996
Cole Hamels;5;Todd Ritchie;0,9958
Collin Cowgill;1;Jeremy Giambi;0,9879
Collin Cowgill;2;Angel Pagan;0,9821
Collin Cowgill;3;J. J. Hardy;0,9794
Collin Cowgill;4;Daniel Descalso;0,9756
Collin Cowgill;5;Lorenzo Cain;0,975
Conor Jackson;1;Einar Diaz;0,9995
Conor Jackson;2;Shin-Soo Choo;0,9967
Conor Jackson;3;Kevin Kouzmanoff;0,994
Conor Jackson;4;Martin Prado;0,9911
Conor Jackson;5;Carlos Santana;0,9901
Corey Hart;1;Eric Chavez;0,9972
Corey Hart;2;Mike Lowell;0,9966
Corey Hart;3;Luis Rivas;0,9952
Corey Hart;4;Randy Milligan;0,9948
Corey Hart;5;Prince Fielder;0,9946
Corey Koskie;1;Seth Smith;0,9993
Corey Koskie;2;Trot Nixon;0,9987
Corey Koskie;3;Josh Willingham;0,9978
Corey Koskie;4;Larry Sheets;0,9975
Corey Koskie;5;Matt Kemp;0,9956
Corey Patterson;1;Giancarlo Stanton;0,9968
Corey Patterson;2;Kevin Mench;0,9958
Corey Patterson;3;Ryan Sweeney;0,9954
Corey Patterson;4;Daniel Murphy;0,9941
Corey Patterson;5;Desmond Jennings;0,9938
Cory Lidle;1;Kevin Ritz;0,9986
Cory Lidle;2;Joe Saunders;0,9985
Cory Lidle;3;Roy Halladay;0,9985
Cory Lidle;4;Gary Bennett;0,9983
Cory Lidle;5;Kevin Brown;0,9982
Cory Snyder;1;Nori Aoki;0,996
Cory Snyder;2;Will Venable;0,9928
Cory Snyder;3;Jimmy Rollins;0,9917
Cory Snyder;4;Doug Glanville;0,9915
Cory Snyder;5;Gene Larkin;0,9911
Craig Biggio;1;Denard Span;0,9982
Craig Biggio;2;Greg Gagne;0,9978
Craig Biggio;3;Matt Nokes;0,9976
Craig Biggio;4;Phil Bradley;0,9974
Craig Biggio;5;Derek Jeter;0,9969
Craig Counsell;1;Andres Torres;0,988
Craig Counsell;2;Ike Davis;0,9818
Craig Counsell;3;Donnie Sadler;0,9818
Craig Counsell;4;Russell Martin;0,9809
Craig Counsell;5;Starlin Castro;0,98
Craig Gentry;1;Cliff Pennington;0,9996
Craig Gentry;2;Bret Boone;0,999
Craig Gentry;3;Carlos Delgado;0,9988
Craig Gentry;4;Geno Petralli;0,9988
Craig Gentry;5;Jose Oquendo;0,9973
Craig Grebeck;1;Casey Kotchman;0,9829
Craig Grebeck;2;Raul Chavez;0,9767
Craig Grebeck;3;Jarrod Dyson;0,9678
Craig Grebeck;4;Arthur Rhodes;0,9664
Craig Grebeck;5;Herbert Perry;0,9645
Craig Lefferts;1;Brandon Crawford;0,9833
Craig Lefferts;2;Ben Davis;0,974
Craig Lefferts;3;Steve Scarsone;0,9738
Craig Lefferts;4;Kyle Seager;0,9705
Craig Lefferts;5;Josh Donaldson;0,9476
Craig Monroe;1;Salvador Perez;0,9982
Craig Monroe;2;Ike Davis;0,997
Craig Monroe;3;Chad Tracy;0,9957
Craig Monroe;4;Roger Clemens;0,994
Craig Monroe;5;Josh Reddick;0,9933
Craig Paquette;1;Jonathon Niese;0,9714
Craig Paquette;2;Francisco Liriano;0,9274
Craig Paquette;3;Todd Wellemeyer;0,9267
Craig Paquette;4;Tom Goodwin;0,9171
Craig Paquette;5;Dennis Martinez;0,9127
Craig Reynolds;1;Matt Lawton;0,9917
Craig Reynolds;2;Wade Boggs;0,9869
Craig Reynolds;3;Barry Lyons;0,9803
Craig Reynolds;4;Mike Krukow;0,9789
Craig Reynolds;5;John Shelby;0,9768
Craig Shipley;1;Braden Looper;0,9484
Craig Shipley;2;Anthony Young;0,9379
Craig Shipley;3;Byung-Hyun Kim;0,9378
Craig Shipley;4;Josias Manzanillo;0,9361
Craig Shipley;5;Mark Petkovsek;0,9289
Craig Wilson;1;Mike Macfarlane;0,9915
Craig Wilson;2;Ozzie Guillen;0,9907
Craig Wilson;3;Otis Nixon;0,9872
Craig Wilson;4;Ruben Rivera;0,9867
Craig Wilson;5;Brett Butler;0,9835
Craig Worthington;1;Darrin Jackson;0,9982
Craig Worthington;2;Damian Jackson;0,9976
Craig Worthington;3;Dave Silvestri;0,9973
Craig Worthington;4;Pedro Munoz;0,9971
Craig Worthington;5;Javy Lopez;0,9971
Cristian Guzman;1;Phil Plantier;0,9829
Cristian Guzman;2;Kelly Gruber;0,9688
Cristian Guzman;3;Pedro Alvarez;0,9669
Cristian Guzman;4;Erick Aybar;0,9576
Cristian Guzman;5;Ben Zobrist;0,955
Curt Ford;1;Chris Denorfia;0,9876
Curt Ford;2;Bernie Williams;0,9841
Curt Ford;3;Todd Van Poppel;0,971
Curt Ford;4;Josh Paul;0,9702
Curt Ford;5;Pat Kelly;0,9697
Curt Leskanic;1;Daisuke Matsuzaka;0,9197
Curt Leskanic;2;Josias Manzanillo;0,8421
Curt Leskanic;3;Bob Boone;0,7978
Curt Leskanic;4;Danny Graves;0,7863
Curt Leskanic;5;Anthony Young;0,7761
Curt Schilling;1;J. R. Phillips;0,9866
Curt Schilling;2;Dan Haren;0,9835
Curt Schilling;3;Edwin Jackson;0,9828
Curt Schilling;4;Elmer Dessens;0,9814
Curt Schilling;5;Rod Beck;0,9718
Curt Wilkerson;1;Deion Sanders;0,9851
Curt Wilkerson;2;Aaron Ledesma;0,9565
Curt Wilkerson;3;Robb Quinlan;0,9515
Curt Wilkerson;4;Alejandro De Aza;0,9512
Curt Wilkerson;5;Geronimo Pena;0,9468
Curtis Granderson;1;Yunel Escobar;0,9977
Curtis Granderson;2;Ray Durham;0,9976
Curtis Granderson;3;Paul Goldschmidt;0,9963
Curtis Granderson;4;Prince Fielder;0,9963
Curtis Granderson;5;Justin Upton;0,9962
D'Angelo Jimenez;1;Logan Morrison;0,9988
D'Angelo Jimenez;2;Josh Willingham;0,9962
D'Angelo Jimenez;3;Alexei Ramirez;0,9943
D'Angelo Jimenez;4;Corey Koskie;0,9942
D'Angelo Jimenez;5;Edwin Encarnacion;0,9931
Daisuke Matsuzaka;1;Chris Woodward;0,98
Daisuke Matsuzaka;2;Mike Blowers;0,9744
Daisuke Matsuzaka;3;Lonnie Smith;0,966
Daisuke Matsuzaka;4;Tony Armas;0,9659
Daisuke Matsuzaka;5;Josias Manzanillo;0,9568
Dale Murphy;1;Daniel Descalso;0,99
Dale Murphy;2;Jon Nunnally;0,984
Dale Murphy;3;Lorenzo Cain;0,9818
Dale Murphy;4;Jose Tabata;0,9801
Dale Murphy;5;Chris Johnson;0,9788
Dale Sveum;1;A. J. Ellis;0,9921
Dale Sveum;2;Garrett Jones;0,9901
Dale Sveum;3;Joel Youngblood;0,9864
Dale Sveum;4;Milt Cuyler;0,9849
Dale Sveum;5;Bobby Crosby;0,9826
Damian Jackson;1;Pedro Munoz;0,9986
Damian Jackson;2;Craig Worthington;0,9976
Damian Jackson;3;Kevin Millar;0,9971
Damian Jackson;4;Dave Silvestri;0,997
Damian Jackson;5;Greg Gagne;0,9968
Damian Miller;1;Hank Conger;0,9972
Damian Miller;2;Adrian Gonzalez;0,9912
Damian Miller;3;Darren Bragg;0,9896
Damian Miller;4;Mike LaValliere;0,9871
Damian Miller;5;Jason Giambi;0,9854
Damion Easley;1;Rich Becker;0,9878
Damion Easley;2;Rafael Bournigal;0,9802
Damion Easley;3;Alex Cole;0,9755
Damion Easley;4;Jacob Cruz;0,9716
Damion Easley;5;Chuck Carr;0,9668
Damon Berryhill;1;Dwight Smith;0,9976
Damon Berryhill;2;Jesse Orosco;0,997
Damon Berryhill;3;Adam Lind;0,996
Damon Berryhill;4;Terrence Long;0,9957
Damon Berryhill;5;Carlos Gonzalez;0,9945
Damon Buford;1;Josh Bard;0,9712
Damon Buford;2;Lloyd McClendon;0,9706
Damon Buford;3;Chris Gomez;0,9618
Damon Buford;4;Freddy Galvis;0,9581
Damon Buford;5;Jamey Carroll;0,9537
Dan Gladden;1;Pat Burrell;0,9932
Dan Gladden;2;Michael Cuddyer;0,9913
Dan Gladden;3;Ben Broussard;0,99
Dan Gladden;4;Jeff King;0,9899
Dan Gladden;5;Ryan Freel;0,9894
Dan Haren;1;Edwin Jackson;0,995
Dan Haren;2;J. R. Phillips;0,9934
Dan Haren;3;Rod Beck;0,9926
Dan Haren;4;Vicente Padilla;0,9874
Dan Haren;5;Curt Schilling;0,9835
Dan Miceli;1;Antonio Alfonseca;0,9912
Dan Miceli;2;T. J. Mathews;0,9548
Dan Miceli;3;Jason Johnson;0,9538
Dan Miceli;4;Josias Manzanillo;0,9529
Dan Miceli;5;Aaron Cook;0,9408
Dan Pasqua;1;Dave Martinez;0,9943
Dan Pasqua;2;Jerald Clark;0,9915
Dan Pasqua;3;Jesse Levis;0,9762
Dan Pasqua;4;Dave Berg;0,9727
Dan Pasqua;5;Clay Buchholz;0,9724
Dan Plesac;1;Sandy Martinez;0,9795
Dan Plesac;2;Ronny Cedeno;0,9513
Dan Plesac;3;Lee Mazzilli;0,9352
Dan Plesac;4;Alcides Escobar;0,9163
Dan Plesac;5;Esmil Rogers;0,9144
Dan Uggla;1;Kevin Kouzmanoff;0,9927
Dan Uggla;2;Seth Smith;0,9921
Dan Uggla;3;Matt Kemp;0,9919
Dan Uggla;4;Corey Koskie;0,991
Dan Uggla;5;Adam LaRoche;0,9906
Dan Wilson;1;Lance Johnson;0,9805
Dan Wilson;2;Kyle McClellan;0,9729
Dan Wilson;3;Wendell Magee;0,9651
Dan Wilson;4;Willie Greene;0,9379
Dan Wilson;5;Ramon Santiago;0,9339
Daniel Cabrera;1;Bronson Arroyo;0,9994
Daniel Cabrera;2;Jorge De La Rosa;0,9976
Daniel Cabrera;3;Chad Billingsley;0,9975
Daniel Cabrera;4;Denny Neagle;0,9962
Daniel Cabrera;5;Barry Zito;0,9958
Daniel Descalso;1;Lorenzo Cain;0,9949
Daniel Descalso;2;Dale Murphy;0,99
Daniel Descalso;3;Franklin Gutierrez;0,9897
Daniel Descalso;4;Gordon Beckham;0,9812
Daniel Descalso;5;Elvis Andrus;0,9779
Daniel Murphy;1;Marcus Giles;0,9976
Daniel Murphy;2;Giancarlo Stanton;0,9973
Daniel Murphy;3;Desmond Jennings;0,9973
Daniel Murphy;4;Ryan Sweeney;0,9969
Daniel Murphy;5;Kevin Mench;0,9959
Danny Bautista;1;Adam Rosales;0,9574
Danny Bautista;2;Jonathon Niese;0,9557
Danny Bautista;3;Justin Masterson;0,9482
Danny Bautista;4;Todd Wellemeyer;0,9433
Danny Bautista;5;Luis Matos;0,9118
Danny Cox;1;Mike Hampton;0,9961
Danny Cox;2;Brett Anderson;0,9958
Danny Cox;3;David Cone;0,9956
Danny Cox;4;Todd Ritchie;0,994
Danny Cox;5;Jose Lima;0,9929
Danny Darwin;1;John Wetteland;0,9504
Danny Darwin;2;Gil Meche;0,9491
Danny Darwin;3;Ricky Bottalico;0,9426
Danny Darwin;4;Jordan Zimmermann;0,9348
Danny Darwin;5;Ron Tingley;0,9333
Danny Espinosa;1;Pat Listach;0,9661
Danny Espinosa;2;Cecil Espy;0,963
Danny Espinosa;3;Orlando Palmeiro;0,9619
Danny Espinosa;4;Jacoby Ellsbury;0,9594
Danny Espinosa;5;Matt Diaz;0,9558
Danny Graves;1;Josias Manzanillo;0,9888
Danny Graves;2;Byung-Hyun Kim;0,9717
Danny Graves;3;Tony Armas;0,9658
Danny Graves;4;Antonio Alfonseca;0,939
Danny Graves;5;Chris Woodward;0,932
Danny Heep;1;Luis Sojo;0,9561
Danny Heep;2;Ted Power;0,9241
Danny Heep;3;Cecil Espy;0,9195
Danny Heep;4;Pete Orr;0,8888
Danny Heep;5;Joe Nathan;0,8852
Danny Jackson;1;Orlando Hernandez;0,9764
Danny Jackson;2;David West;0,9723
Danny Jackson;3;John Danks;0,9723
Danny Jackson;4;Jay Powell;0,9534
Danny Jackson;5;Ricky Bottalico;0,9525
Danny Sheaffer;1;Casey Candaele;0,9916
Danny Sheaffer;2;Eric Anthony;0,9874
Danny Sheaffer;3;Tony Graffanino;0,9857
Danny Sheaffer;4;Felix Heredia;0,9836
Danny Sheaffer;5;Scott Eyre;0,9779
Danny Tartabull;1;Victor Martinez;0,997
Danny Tartabull;2;Will Clark;0,9963
Danny Tartabull;3;Gregg Jefferies;0,9954
Danny Tartabull;4;Darryl Hamilton;0,9952
Danny Tartabull;5;Marquis Grissom;0,995
Danny Valencia;1;Dave Veres;0,991
Danny Valencia;2;Jeff Huson;0,9878
Danny Valencia;3;Ron Karkovice;0,9841
Danny Valencia;4;Gerald Williams;0,9828
Danny Valencia;5;Eli Marrero;0,9797
Dante Bichette;1;Carmelo Martinez;0,9969
Dante Bichette;2;Mark Salas;0,9944
Dante Bichette;3;Ryan Klesko;0,994
Dante Bichette;4;Mark Lemke;0,9931
Dante Bichette;5;Mike Young;0,993
Daric Barton;1;Gary Varsho;0,968
Daric Barton;2;Robb Quinlan;0,9668
Daric Barton;3;Von Hayes;0,9636
Daric Barton;4;Denny Walling;0,9576
Daric Barton;5;Eric Hosmer;0,9502
Darin Erstad;1;Terrence Long;0,9978
Darin Erstad;2;Troy O'Leary;0,9978
Darin Erstad;3;Cecil Fielder;0,9977
Darin Erstad;4;Ryan Howard;0,9968
Darin Erstad;5;Ivan Calderon;0,9961
Darnell Coles;1;Pedro Munoz;0,9998
Darnell Coles;2;Craig Worthington;0,997
Darnell Coles;3;Tyler Houston;0,9953
Darnell Coles;4;Denard Span;0,9943
Darnell Coles;5;Dave Silvestri;0,9914
Darrell Evans;1;Ronny Cedeno;0,9879
Darrell Evans;2;Lee Tinsley;0,9795
Darrell Evans;3;Cesar Izturis;0,9764
Darrell Evans;4;Lee Mazzilli;0,9764
Darrell Evans;5;Emilio Bonifacio;0,9716
Darrell May;1;John Burkett;0,9963
Darrell May;2;Kevin Correia;0,996
Darrell May;3;Doug Drabek;0,994
Darrell May;4;John Smoltz;0,9929
Darrell May;5;Darryl Kile;0,9928
Darren Bragg;1;Mike LaValliere;0,9928
Darren Bragg;2;Damian Miller;0,9896
Darren Bragg;3;Hank Conger;0,9895
Darren Bragg;4;Adrian Gonzalez;0,9776
Darren Bragg;5;Jayson Werth;0,9774
Darren Daulton;1;Clay Buchholz;0,9906
Darren Daulton;2;Eric Owens;0,9883
Darren Daulton;3;Guillermo Mota;0,9878
Darren Daulton;4;Jesse Levis;0,9866
Darren Daulton;5;Sandy Alomar;0,9862
Darren Dreifort;1;Paul Byrd;0,9982
Darren Dreifort;2;Russ Ortiz;0,9952
Darren Dreifort;3;Jeff Weaver;0,9938
Darren Dreifort;4;Charlie O'Brien;0,9934
Darren Dreifort;5;Zack Greinke;0,9904
Darren Holmes;1;Greg Swindell;0,9837
Darren Holmes;2;Kevin Ritz;0,9805
Darren Holmes;3;Donne Wall;0,9769
Darren Holmes;4;Brett Anderson;0,9753
Darren Holmes;5;Alfredo Simon;0,9721
Darren Lewis;1;Franklin Morales;0,9745
Darren Lewis;2;John Halama;0,9738
Darren Lewis;3;Juan Cruz;0,9588
Darren Lewis;4;Phil Plantier;0,9405
Darren Lewis;5;Brady Clark;0,9333
Darren Oliver;1;Clay Buchholz;0,9903
Darren Oliver;2;Jesse Levis;0,9722
Darren Oliver;3;Jimmy Anderson;0,9684
Darren Oliver;4;Dave Silvestri;0,9679
Darren Oliver;5;Craig Worthington;0,9643
Darrin Fletcher;1;Joe Saunders;0,9934
Darrin Fletcher;2;Michael Jackson;0,9915
Darrin Fletcher;3;Johan Santana;0,9894
Darrin Fletcher;4;Amaury Telemaco;0,9886
Darrin Fletcher;5;Bob Patterson;0,9874
Darrin Jackson;1;Pedro Munoz;0,9985
Darrin Jackson;2;Craig Worthington;0,9982
Darrin Jackson;3;Tyler Houston;0,995
Darrin Jackson;4;Carlos Zambrano;0,9924
Darrin Jackson;5;Dave Silvestri;0,9916
Darryl Hamilton;1;Will Clark;0,9989
Darryl Hamilton;2;Jeff Conine;0,9977
Darryl Hamilton;3;David Wright;0,9973
Darryl Hamilton;4;Jorge Posada;0,9965
Darryl Hamilton;5;Ellis Burks;0,9961
Darryl Kile;1;Paul Wilson;0,9982
Darryl Kile;2;Matt Clement;0,9947
Darryl Kile;3;Sterling Hitchcock;0,9936
Darryl Kile;4;Bob Tewksbury;0,9929
Darryl Kile;5;Darrell May;0,9928
Darryl Strawberry;1;Mike Young;0,9996
Darryl Strawberry;2;Logan Forsythe;0,9959
Darryl Strawberry;3;Mark Salas;0,9953
Darryl Strawberry;4;Carlos Febles;0,991
Darryl Strawberry;5;Mike Marshall;0,9909
Darwin Barney;1;Joel Youngblood;0,9901
Darwin Barney;2;Craig Gentry;0,984
Darwin Barney;3;James Loney;0,981
Darwin Barney;4;Zack Cozart;0,9799
Darwin Barney;5;Matt Carpenter;0,9791
Daryl Boston;1;Mike Jacobs;0,9908
Daryl Boston;2;Corey Koskie;0,9908
Daryl Boston;3;Seth Smith;0,9898
Daryl Boston;4;Jorge Cantu;0,9894
Daryl Boston;5;Rob Mackowiak;0,9886
Daryle Ward;1;Bill Buckner;0,9772
Daryle Ward;2;Kosuke Fukudome;0,976
Daryle Ward;3;Ozzie Virgil;0,9721
Daryle Ward;4;Leon Durham;0,9683
Daryle Ward;5;Bo Diaz;0,965
Dave Anderson;1;Rick Honeycutt;0,9669
Dave Anderson;2;Neal Heaton;0,9658
Dave Anderson;3;Wally Whitehurst;0,9525
Dave Anderson;4;Doug Brocail;0,8911
Dave Anderson;5;Rafael Belliard;0,8609
Dave Berg;1;Mark Carreon;0,9941
Dave Berg;2;Lenny Dykstra;0,9937
Dave Berg;3;Jerald Clark;0,9926
Dave Berg;4;Jim Presley;0,9902
Dave Berg;5;Jesse Orosco;0,9901
Dave Bergman;1;Butch Huskey;0,98
Dave Bergman;2;Claudio Vargas;0,9774
Dave Bergman;3;Luis Quinones;0,9702
Dave Bergman;4;Jose Contreras;0,9686
Dave Bergman;5;Jeff Robinson;0,967
Dave Burba;1;Jeremy Guthrie;0,975
Dave Burba;2;Doug Fister;0,9744
Dave Burba;3;Rick Ankiel;0,973
Dave Burba;4;Jason Isringhausen;0,9583
Dave Burba;5;Tommy Greene;0,9529
Dave Bush;1;John Smiley;0,9995
Dave Bush;2;Clayton Kershaw;0,998
Dave Bush;3;J. A. Happ;0,9964
Dave Bush;4;Mat Latos;0,996
Dave Bush;5;Matt Garza;0,9947
Dave Clark;1;Wes Chamberlain;0,9971
Dave Clark;2;Wayne Tolleson;0,9958
Dave Clark;3;Jose Macias;0,9894
Dave Clark;4;Jim Rice;0,9842
Dave Clark;5;Thad Bosley;0,9804
Dave Collins;1;Frank DiPino;0,9988
Dave Collins;2;Mickey Hatcher;0,9948
Dave Collins;3;Emil Brown;0,9906
Dave Collins;4;Jim Gantner;0,9887
Dave Collins;5;Felix Hernandez;0,9831
Dave Dravecky;1;Cal Eldred;0,9761
Dave Dravecky;2;Andy McGaffigan;0,9756
Dave Dravecky;3;Jim Dwyer;0,959
Dave Dravecky;4;Josh Beckett;0,9586
Dave Dravecky;5;Steve Kline;0,956
Dave Gallagher;1;Tyler Flowers;0,9954
Dave Gallagher;2;Vance Wilson;0,9931
Dave Gallagher;3;Mike Davis;0,9838
Dave Gallagher;4;Wilton Guerrero;0,973
Dave Gallagher;5;Chris Jones;0,9632
Dave Hansen;1;Scott Sanderson;0,9921
Dave Hansen;2;Scott Hemond;0,9909
Dave Hansen;3;Luis Quinones;0,9901
Dave Hansen;4;Robert Perez;0,9888
Dave Hansen;5;Antonio Osuna;0,9848
Dave Henderson;1;Daisuke Matsuzaka;0,9293
Dave Henderson;2;Johnny Ray;0,8987
Dave Henderson;3;Desi Relaford;0,8967
Dave Henderson;4;Lonnie Smith;0,8949
Dave Henderson;5;Anthony Young;0,8841
Dave Hollins;1;Aaron Ledesma;0,9933
Dave Hollins;2;Sal Fasano;0,9898
Dave Hollins;3;Chris Speier;0,9879
Dave Hollins;4;Wily Mo Peña;0,9868
Dave Hollins;5;Carlos Quentin;0,9866
Dave Magadan;1;Greg Briley;0,9978
Dave Magadan;2;Johnny Estrada;0,9967
Dave Magadan;3;Thad Bosley;0,9958
Dave Magadan;4;Jim Rice;0,9955
Dave Magadan;5;Alvin Davis;0,9926
Dave Martinez;1;Dan Pasqua;0,9943
Dave Martinez;2;Jerald Clark;0,9812
Dave Martinez;3;Junior Ortiz;0,9733
Dave Martinez;4;Lastings Milledge;0,967
Dave Martinez;5;Jimmy Anderson;0,9656
Dave McCarty;1;Mike Kelly;0,9946
Dave McCarty;2;Mike Huff;0,9725
Dave McCarty;3;Vance Law;0,9577
Dave McCarty;4;Danny Valencia;0,9349
Dave McCarty;5;Tom Lawless;0,9108
Dave Mlicki;1;Juan Agosto;0,9969
Dave Mlicki;2;Kelvim Escobar;0,9968
Dave Mlicki;3;Victor Zambrano;0,9959
Dave Mlicki;4;Doug Davis;0,9952
Dave Mlicki;5;Ted Lilly;0,995
Dave Nilsson;1;John Mabry;0,9951
Dave Nilsson;2;Alexei Ramirez;0,9883
Dave Nilsson;3;Scott Spiezio;0,988
Dave Nilsson;4;Todd Zeile;0,986
Dave Nilsson;5;Carlos Lee;0,9856
Dave Parker;1;Ken Dayley;0,9953
Dave Parker;2;Jesse Orosco;0,9927
Dave Parker;3;Steve Lyons;0,9918
Dave Parker;4;Terrence Long;0,9911
Dave Parker;5;Frank White;0,9845
Dave Roberts;1;Luke Scott;0,9836
Dave Roberts;2;Jarrod Dyson;0,9721
Dave Roberts;3;Dave Hollins;0,9713
Dave Roberts;4;Jack Wilson;0,9663
Dave Roberts;5;Matt LeCroy;0,9647
Dave Silvestri;1;Shane Spencer;0,9997
Dave Silvestri;2;Craig Worthington;0,9973
Dave Silvestri;3;Eric Karros;0,9973
Dave Silvestri;4;Damian Jackson;0,997
Dave Silvestri;5;Guillermo Mota;0,9965
Dave Smith;1;Kim Batiste;0,9851
Dave Smith;2;Turk Wendell;0,9693
Dave Smith;3;Dave Collins;0,9669
Dave Smith;4;Allen Watson;0,9588
Dave Smith;5;Paul Assenmacher;0,9543
Dave Valle;1;Phil Bradley;0,9969
Dave Valle;2;Denard Span;0,9952
Dave Valle;3;Pedro Munoz;0,9947
Dave Valle;4;Carlos Gonzalez;0,9938
Dave Valle;5;Rob Deer;0,9917
Dave Veres;1;Danny Valencia;0,991
Dave Veres;2;Luis Matos;0,9849
Dave Veres;3;Mike Felder;0,9833
Dave Veres;4;Gerald Williams;0,9521
Dave Veres;5;Elmer Dessens;0,95
Dave Winfield;1;Johnny Ray;0,9009
Dave Winfield;2;Claudell Washington;0,8908
Dave Winfield;3;Josias Manzanillo;0,8886
Dave Winfield;4;Anthony Young;0,8715
Dave Winfield;5;Ron Kittle;0,8658
David Bell;1;Kevin Young;0,91
David Bell;2;Ron Kittle;0,8902
David Bell;3;Mike Kelly;0,8871
David Bell;4;Carlton Fisk;0,8867
David Bell;5;Marc Newfield;0,8473
David Cone;1;Brett Anderson;0,9995
David Cone;2;Roy Oswalt;0,9986
David Cone;3;Jose Lima;0,9985
David Cone;4;Bob Kipper;0,9981
David Cone;5;Todd Ritchie;0,9976
David DeJesus;1;Ike Davis;0,9979
David DeJesus;2;Chone Figgins;0,9963
David DeJesus;3;Robinson Cano;0,9962
David DeJesus;4;Russell Martin;0,9962
David DeJesus;5;Andres Torres;0,9954
David Dellucci;1;Freddy Galvis;0,9984
David Dellucci;2;Mark Bellhorn;0,9749
David Dellucci;3;Jamey Carroll;0,9547
David Dellucci;4;Ron Hassey;0,9537
David Dellucci;5;Joe Price;0,951
David Eckstein;1;A. J. Ellis;0,996
David Eckstein;2;Kal Daniels;0,995
David Eckstein;3;Craig Gentry;0,9948
David Eckstein;4;Milt Cuyler;0,9937
David Eckstein;5;Bret Boone;0,9936
David Freese;1;Jacque Jones;0,9892
David Freese;2;Mark Loretta;0,9778
David Freese;3;Miguel Cabrera;0,9751
David Freese;4;Bill Buckner;0,964
David Freese;5;Mookie Wilson;0,9639
David Howard;1;Kim Batiste;0,9896
David Howard;2;Felix Hernandez;0,9835
David Howard;3;R. A. Dickey;0,9754
David Howard;4;Dave Collins;0,9593
David Howard;5;Mickey Hatcher;0,9425
David Justice;1;Cecil Fielder;0,9994
David Justice;2;Troy O'Leary;0,9985
David Justice;3;R. J. Reynolds;0,9979
David Justice;4;Ivan Calderon;0,9976
David Justice;5;Mark Grace;0,9975
David Murphy;1;Kyle Seager;0,9977
David Murphy;2;Hanley Ramirez;0,9969
David Murphy;3;Andrew McCutchen;0,9964
David Murphy;4;Mitch Moreland;0,9923
David Murphy;5;Jason LaRue;0,992
David Ortiz;1;Jody Gerut;0,9956
David Ortiz;2;Keith Moreland;0,9955
David Ortiz;3;Jorge Cantu;0,9947
David Ortiz;4;Rafael Furcal;0,989
David Ortiz;5;Khalil Greene;0,989
David Price;1;Dave Bush;0,9881
David Price;2;John Smiley;0,9839
David Price;3;Carl Pavano;0,979
David Price;4;Mark Mulder;0,976
David Price;5;Edinson Volquez;0,973
David Ross;1;Pedro Alvarez;0,958
David Ross;2;Darrell Evans;0,9357
David Ross;3;Josh Harrison;0,9312
David Ross;4;Cristian Guzman;0,9266
David Ross;5;Dave Collins;0,92
David Segui;1;Warren Newson;0,9868
David Segui;2;Bob Smith;0,9832
David Segui;3;Andres Thomas;0,9782
David Segui;4;Ricky Jordan;0,9722
David Segui;5;Carlos Beltran;0,9714
David Weathers;1;T. J. Mathews;0,9952
David Weathers;2;Tomo Ohka;0,9947
David Weathers;3;Joey Eischen;0,9911
David Weathers;4;Brandon McCarthy;0,9887
David Weathers;5;Robb Nen;0,987
David Wells;1;Jolbert Cabrera;0,95
David Wells;2;David West;0,9488
David Wells;3;Jay Powell;0,9345
David Wells;4;Ricky Bottalico;0,9223
David Wells;5;Billy Ashley;0,9078
David West;1;Jay Powell;0,9968
David West;2;Ricky Bottalico;0,9968
David West;3;C. J. Wilson;0,9878
David West;4;Javier Vazquez;0,9874
David West;5;Jason Bere;0,9871
David Wright;1;Will Clark;0,9983
David Wright;2;Kal Daniels;0,9974
David Wright;3;Darryl Hamilton;0,9973
David Wright;4;Raul Mondesi;0,9964
David Wright;5;Vladimir Guerrero;0,9964
Dean Palmer;1;Josh Reddick;0,9996
Dean Palmer;2;Ryan Church;0,9965
Dean Palmer;3;Chase Headley;0,9963
Dean Palmer;4;John Kruk;0,9955
Dean Palmer;5;Trevor Plouffe;0,9949
Deion Sanders;1;Rajai Davis;0,9928
Deion Sanders;2;Curt Wilkerson;0,9851
Deion Sanders;3;Jose Uribe;0,9837
Deion Sanders;4;Robb Quinlan;0,9817
Deion Sanders;5;Royce Clayton;0,9809
Deivi Cruz;1;Greg Dobbs;0,9444
Deivi Cruz;2;Sal Fasano;0,9196
Deivi Cruz;3;Josh Donaldson;0,9184
Deivi Cruz;4;Jonathan Herrera;0,9136
Deivi Cruz;5;Chris Speier;0,9082
Delino DeShields;1;Salvador Perez;0,9955
Delino DeShields;2;Edgar Renteria;0,995
Delino DeShields;3;Ike Davis;0,9944
Delino DeShields;4;Oddibe McDowell;0,9938
Delino DeShields;5;Bill Mueller;0,9938
Delmon Young;1;Dustin Ackley;0,986
Delmon Young;2;George Kottaras;0,9705
Delmon Young;3;Jordan Schafer;0,9653
Delmon Young;4;Jason Smith;0,9461
Delmon Young;5;John Tudor;0,9357
Denard Span;1;Greg Gagne;0,9989
Denard Span;2;Craig Biggio;0,9982
Denard Span;3;Juan Pierre;0,9981
Denard Span;4;Pedro Munoz;0,9979
Denard Span;5;Derek Jeter;0,9977
Dennis Cook;1;Alex Arias;0,97
Dennis Cook;2;Jeff Reed;0,9691
Dennis Cook;3;Felix Heredia;0,9647
Dennis Cook;4;Jose Molina;0,9627
Dennis Cook;5;Scott Eyre;0,9571
Dennis Martinez;1;Jonathon Niese;0,98
Dennis Martinez;2;Pete Schourek;0,9626
Dennis Martinez;3;Jaime Garcia;0,9607
Dennis Martinez;4;Joel Skinner;0,9589
Dennis Martinez;5;Jason Schmidt;0,9563
Dennis Rasmussen;1;Colby Lewis;0,9988
Dennis Rasmussen;2;Marco Estrada;0,9971
Dennis Rasmussen;3;Roger McDowell;0,9966
Dennis Rasmussen;4;Kevin Sefcik;0,9962
Dennis Rasmussen;5;Mike Williams;0,9952
Denny Hocking;1;Mike Simms;0,9759
Denny Hocking;2;Glenn Wilson;0,9607
Denny Hocking;3;John Baker;0,9467
Denny Hocking;4;Terry Puhl;0,9348
Denny Hocking;5;Cecil Espy;0,9171
Denny Neagle;1;Tim Lincecum;0,9981
Denny Neagle;2;Jorge De La Rosa;0,9979
Denny Neagle;3;Chad Durbin;0,9976
Denny Neagle;4;Jerry Dipoto;0,9971
Denny Neagle;5;Bronson Arroyo;0,9965
Denny Walling;1;Daric Barton;0,9576
Denny Walling;2;Mike Harkey;0,9211
Denny Walling;3;Bobby Witt;0,9161
Denny Walling;4;Gary Varsho;0,912
Denny Walling;5;Alfredo Griffin;0,8723
Dennys Reyes;1;Carlos Perez;0,9744
Dennys Reyes;2;John Smiley;0,974
Dennys Reyes;3;Josh Johnson;0,974
Dennys Reyes;4;Mark Mulder;0,9677
Dennys Reyes;5;J. A. Happ;0,9636
Derek Bell;1;B. J. Upton;0,9957
Derek Bell;2;Greg Walker;0,9937
Derek Bell;3;Jose Altuve;0,9932
Derek Bell;4;Danny Tartabull;0,9929
Derek Bell;5;Barry Bonds;0,9925
Derek Jeter;1;Pedro Munoz;0,9986
Derek Jeter;2;Greg Gagne;0,9979
Derek Jeter;3;Denard Span;0,9977
Derek Jeter;4;Craig Biggio;0,9969
Derek Jeter;5;Ed Sprague;0,996
Derek Lowe;1;Gabe White;0,9971
Derek Lowe;2;Francisco Cordova;0,9932
Derek Lowe;3;Jake Peavy;0,9924
Derek Lowe;4;Bob Kipper;0,9922
Derek Lowe;5;Shawn Estes;0,9919
Derrek Lee;1;Albert Belle;0,9736
Derrek Lee;2;Jose Vidro;0,9594
Derrek Lee;3;Matt Stairs;0,9586
Derrek Lee;4;Jim Thome;0,9549
Derrek Lee;5;Archi Cianfrocco;0,9393
Derrick May;1;John Mayberry;0,9921
Derrick May;2;Mike Moustakas;0,9906
Derrick May;3;Armando Rios;0,9903
Derrick May;4;Eric Bruntlett;0,9832
Derrick May;5;Jody Gerut;0,9826
Desi Relaford;1;Dave Henderson;0,8967
Desi Relaford;2;Jermaine Dye;0,8695
Desi Relaford;3;Johnny Ray;0,8681
Desi Relaford;4;Mark Lewis;0,8592
Desi Relaford;5;Carlton Fisk;0,8488
Desmond Jennings;1;Ryan Sweeney;0,9997
Desmond Jennings;2;Daniel Murphy;0,9973
Desmond Jennings;3;Nick Swisher;0,9971
Desmond Jennings;4;Mark Trumbo;0,9957
Desmond Jennings;5;Sean Burroughs;0,9947
Devin Mesoraco;1;Emilio Bonifacio;0,9979
Devin Mesoraco;2;Jose Reyes;0,9933
Devin Mesoraco;3;Torii Hunter;0,9915
Devin Mesoraco;4;Alcides Escobar;0,9906
Devin Mesoraco;5;Juan Uribe;0,985
Devon White;1;Justin Upton;0,9952
Devon White;2;Yunel Escobar;0,9935
Devon White;3;Ernie Young;0,9932
Devon White;4;Paul Goldschmidt;0,993
Devon White;5;Curtis Granderson;0,993
Dexter Fowler;1;Howie Kendrick;0,9966
Dexter Fowler;2;Michael Young;0,9965
Dexter Fowler;3;Wilson Ramos;0,9931
Dexter Fowler;4;J. J. Hardy;0,993
Dexter Fowler;5;Nick Markakis;0,9923
Dick Schofield;1;Eric Hosmer;0,9935
Dick Schofield;2;Buster Posey;0,9917
Dick Schofield;3;Kevin McReynolds;0,9841
Dick Schofield;4;Robb Quinlan;0,9824
Dick Schofield;5;Jason Kipnis;0,9814
Dickie Thon;1;Bob Boone;0,9761
Dickie Thon;2;Mike Blowers;0,9593
Dickie Thon;3;Josias Manzanillo;0,956
Dickie Thon;4;Daisuke Matsuzaka;0,9478
Dickie Thon;5;Tony Armas;0,9106
Dillon Gee;1;Hideo Nomo;0,9712
Dillon Gee;2;Ramon Castro;0,9672
Dillon Gee;3;Augie Ojeda;0,9648
Dillon Gee;4;Jeff Baker;0,9497
Dillon Gee;5;Brian Anderson;0,9482
Dion James;1;Mike Scioscia;0,9959
Dion James;2;Clay Buchholz;0,9936
Dion James;3;Dave Silvestri;0,9902
Dion James;4;Craig Worthington;0,9866
Dion James;5;Pedro Munoz;0,9858
Dioner Navarro;1;Marvell Wynne;0,9979
Dioner Navarro;2;Jon Nunnally;0,9781
Dioner Navarro;3;Bill Schroeder;0,9733
Dioner Navarro;4;Lorenzo Cain;0,9624
Dioner Navarro;5;John Jaha;0,961
Dmitri Young;1;Chris Hoiles;0,9968
Dmitri Young;2;Alberto Callaspo;0,9868
Dmitri Young;3;Brook Fordyce;0,9813
Dmitri Young;4;Chris Peters;0,9736
Dmitri Young;5;Kelly Gruber;0,967
Domingo Cedeno;1;Brandon Webb;0,9959
Domingo Cedeno;2;Mike Hampton;0,9943
Domingo Cedeno;3;Ron Villone;0,9943
Domingo Cedeno;4;Francisco Cordova;0,9937
Domingo Cedeno;5;Ramon Ortiz;0,9937
Don Carman;1;Rob Murphy;0,996
Don Carman;2;Pedro Martinez;0,9954
Don Carman;3;Brad Radke;0,9939
Don Carman;4;Norm Charlton;0,9936
Don Carman;5;Tom Glavine;0,99
Don Kelly;1;Erik Bedard;0,9942
Don Kelly;2;Tony Tarasco;0,9687
Don Kelly;3;Andy Allanson;0,9671
Don Kelly;4;Juan Cruz;0,9611
Don Kelly;5;Donne Wall;0,959
Don Mattingly;1;Chuck Knoblauch;0,9988
Don Mattingly;2;Terrence Long;0,9982
Don Mattingly;3;Kevin Millar;0,9968
Don Mattingly;4;Jim Presley;0,9963
Don Mattingly;5;Rob Deer;0,995
Don Robinson;1;John Jaso;0,9953
Don Robinson;2;Robb Quinlan;0,9874
Don Robinson;3;Gary Varsho;0,9716
Don Robinson;4;Buster Posey;0,9688
Don Robinson;5;Eric Hosmer;0,9678
Don Slaught;1;Vance Wilson;0,9901
Don Slaught;2;Alex Diaz;0,9754
Don Slaught;3;Tyler Flowers;0,9727
Don Slaught;4;Mike Davis;0,969
Don Slaught;5;Melky Cabrera;0,967
Donne Wall;1;Alex Cora;0,9912
Donne Wall;2;John Marzano;0,9886
Donne Wall;3;Carl Everett;0,9863
Donne Wall;4;Julian Tavarez;0,9787
Donne Wall;5;Benji Gil;0,9773
Donnie Sadler;1;Andres Torres;0,9992
Donnie Sadler;2;Coco Crisp;0,9958
Donnie Sadler;3;Jeffrey Hammonds;0,9957
Donnie Sadler;4;Russell Martin;0,9955
Donnie Sadler;5;Ryan Church;0,9931
Donovan Osborne;1;Brett Anderson;0,9966
Donovan Osborne;2;Marvin Freeman;0,9941
Donovan Osborne;3;Danny Cox;0,9908
Donovan Osborne;4;Jose Lima;0,9896
Donovan Osborne;5;Tyson Ross;0,9885
Dontrelle Willis;1;Andres Thomas;0,9789
Dontrelle Willis;2;Tyler Colvin;0,9753
Dontrelle Willis;3;Yadier Molina;0,9715
Dontrelle Willis;4;Mickey Tettleton;0,9555
Dontrelle Willis;5;Joe Orsulak;0,9519
Doug Brocail;1;Steve Trachsel;0,9819
Doug Brocail;2;Rene Gonzales;0,9345
Doug Brocail;3;Rafael Santana;0,9332
Doug Brocail;4;Tom Lampkin;0,9153
Doug Brocail;5;Shawn Abner;0,9054
Doug Davis;1;Mark Clark;0,9984
Doug Davis;2;Brandon Webb;0,9977
Doug Davis;3;Jon Lester;0,9964
Doug Davis;4;Billy Wagner;0,9962
Doug Davis;5;Dave Mlicki;0,9952
Doug Drabek;1;Darrell May;0,994
Doug Drabek;2;Paul Wilson;0,989
Doug Drabek;3;Bob Tewksbury;0,986
Doug Drabek;4;Kevin Correia;0,9849
Doug Drabek;5;Darryl Kile;0,9832
Doug Fister;1;Tom Prince;0,983
Doug Fister;2;Tommy Greene;0,9828
Doug Fister;3;Dave Burba;0,9744
Doug Fister;4;Jolbert Cabrera;0,9562
Doug Fister;5;A. J. Burnett;0,9542
Doug Glanville;1;Armando Rios;0,9967
Doug Glanville;2;George Bell;0,9967
Doug Glanville;3;Khalil Greene;0,9934
Doug Glanville;4;Keith Moreland;0,9927
Doug Glanville;5;Mike Devereaux;0,9925
Doug Henry;1;Mike Leake;0,9911
Doug Henry;2;Casey Kotchman;0,9903
Doug Henry;3;Freddy Garcia;0,99
Doug Henry;4;Randy Velarde;0,9808
Doug Henry;5;Todd Greene;0,9794
Doug Mientkiewicz;1;Sal Fasano;0,9986
Doug Mientkiewicz;2;Alex Avila;0,9958
Doug Mientkiewicz;3;Geronimo Pena;0,9932
Doug Mientkiewicz;4;Carlos Quentin;0,9903
Doug Mientkiewicz;5;Chris Speier;0,9902
Doug Mirabelli;1;Anthony Young;0,9863
Doug Mirabelli;2;Greg Mathews;0,9187
Doug Mirabelli;3;Mark Smith;0,8938
Doug Mirabelli;4;Daisuke Matsuzaka;0,8735
Doug Mirabelli;5;Henry Rodriguez;0,8666
Doug Strange;1;Billy Ashley;0,952
Doug Strange;2;Jay Powell;0,8935
Doug Strange;3;David West;0,8892
Doug Strange;4;Jason Bere;0,8816
Doug Strange;5;Jolbert Cabrera;0,8808
Drew Butera;1;Garry Templeton;0,9353
Drew Butera;2;Tim Redding;0,9352
Drew Butera;3;Barry Jones;0,9236
Drew Butera;4;Chris Capuano;0,906
Drew Butera;5;Kevin Jarvis;0,8971
Drew Stubbs;1;Will Venable;0,9964
Drew Stubbs;2;Tracy Jones;0,992
Drew Stubbs;3;Salvador Perez;0,9888
Drew Stubbs;4;Nori Aoki;0,9869
Drew Stubbs;5;Gene Larkin;0,9809
Dustin Ackley;1;Delmon Young;0,986
Dustin Ackley;2;Jason Smith;0,9803
Dustin Ackley;3;Matt Treanor;0,9782
Dustin Ackley;4;George Kottaras;0,9684
Dustin Ackley;5;Tom Foley;0,968
Dustin Hermanson;1;Alfredo Simon;0,9969
Dustin Hermanson;2;Juan Bell;0,9955
Dustin Hermanson;3;Tyson Ross;0,9948
Dustin Hermanson;4;Mike Grace;0,9948
Dustin Hermanson;5;Bob Kipper;0,9939
Dustin Pedroia;1;Vladimir Guerrero;0,9973
Dustin Pedroia;2;Jason Varitek;0,9968
Dustin Pedroia;3;Todd Helton;0,9966
Dustin Pedroia;4;A. J. Ellis;0,9965
Dustin Pedroia;5;Ben Revere;0,9963
Dwight Evans;1;Sandy Martinez;0,9657
Dwight Evans;2;So Taguchi;0,9567
Dwight Evans;3;Justin Smoak;0,9517
Dwight Evans;4;Nate Schierholtz;0,9271
Dwight Evans;5;Chris Jones;0,9243
Dwight Gooden;1;Javier Lopez;0,9908
Dwight Gooden;2;Todd Wellemeyer;0,9512
Dwight Gooden;3;Dennis Martinez;0,9202
Dwight Gooden;4;Joel Skinner;0,9024
Dwight Gooden;5;Jonathon Niese;0,9023
Dwight Smith;1;Damon Berryhill;0,9976
Dwight Smith;2;Phil Bradley;0,9971
Dwight Smith;3;Larry Walker;0,9968
Dwight Smith;4;Chipper Jones;0,9967
Dwight Smith;5;Jesse Levis;0,9963
Ed Romero;1;Mark Parent;0,9722
Ed Romero;2;Carney Lansford;0,9602
Ed Romero;3;Carlos Peña;0,9287
Ed Romero;4;Melky Cabrera;0,9114
Ed Romero;5;Jeff Reboulet;0,9045
Ed Sprague;1;Pedro Munoz;0,9969
Ed Sprague;2;Tyler Houston;0,9965
Ed Sprague;3;Derek Jeter;0,996
Ed Sprague;4;Ruben Sierra;0,9951
Ed Sprague;5;Tim Salmon;0,9943
Ed Taubensee;1;Jeff Baker;0,9289
Ed Taubensee;2;Vinny Castilla;0,9219
Ed Taubensee;3;Bruce Hurst;0,9068
Ed Taubensee;4;Lee Stevens;0,8967
Ed Taubensee;5;Adam Kennedy;0,892
Ed Whitson;1;John Flaherty;0,9854
Ed Whitson;2;Dave Bush;0,9854
Ed Whitson;3;Joel Pineiro;0,9821
Ed Whitson;4;Gio Gonzalez;0,9765
Ed Whitson;5;Clayton Kershaw;0,9763
Eddie Murray;1;Jason Kipnis;0,977
Eddie Murray;2;Eric Hosmer;0,9716
Eddie Murray;3;Jason Castro;0,9702
Eddie Murray;4;Gary Gaetti;0,9654
Eddie Murray;5;Jack Hannahan;0,9625
Eddie Perez;1;Ryan Thompson;0,9876
Eddie Perez;2;Mike Redmond;0,9823
Eddie Perez;3;Jermaine Dye;0,9822
Eddie Perez;4;Glenn Wilson;0,9802
Eddie Perez;5;Steve Balboni;0,9751
Eddie Williams;1;Arthur Rhodes;0,9934
Eddie Williams;2;Matt Williams;0,9814
Eddie Williams;3;Alejandro De Aza;0,972
Eddie Williams;4;Chris Gwynn;0,9687
Eddie Williams;5;Brandon Phillips;0,9657
Edgar Martinez;1;Albert Pujols;0,9987
Edgar Martinez;2;Juan Encarnacion;0,9973
Edgar Martinez;3;Luis Gonzalez;0,9959
Edgar Martinez;4;Craig Biggio;0,9955
Edgar Martinez;5;Jody Reed;0,9953
Edgar Renteria;1;Ike Davis;0,9985
Edgar Renteria;2;Robinson Cano;0,9977
Edgar Renteria;3;Ryan Zimmerman;0,9972
Edgar Renteria;4;Homer Bush;0,9957
Edgar Renteria;5;Hal Morris;0,9956
Edgardo Alfonzo;1;Michael Bourn;0,9896
Edgardo Alfonzo;2;Ian Desmond;0,9815
Edgardo Alfonzo;3;Jay Payton;0,9796
Edgardo Alfonzo;4;Fernando Tatis;0,9794
Edgardo Alfonzo;5;Marvell Wynne;0,9784
Edinson Volquez;1;Tomo Ohka;0,9851
Edinson Volquez;2;David Weathers;0,9781
Edinson Volquez;3;Mark Mulder;0,9747
Edinson Volquez;4;David Price;0,973
Edinson Volquez;5;T. J. Mathews;0,9727
Eduardo Escobar;1;Fernando Vina;0,9733
Eduardo Escobar;2;Michael Brantley;0,9695
Eduardo Escobar;3;Chris Hoiles;0,9495
Eduardo Escobar;4;Dmitri Young;0,9389
Eduardo Escobar;5;Miguel Tejada;0,9283
Eduardo Nunez;1;Daniel Murphy;0,9947
Eduardo Nunez;2;Ken Phelps;0,9944
Eduardo Nunez;3;Michael Cuddyer;0,9918
Eduardo Nunez;4;Ryan Freel;0,9915
Eduardo Nunez;5;Desmond Jennings;0,9896
Eduardo Perez;1;Augie Ojeda;0,9428
Eduardo Perez;2;Tim Hulett;0,9413
Eduardo Perez;3;Lance Blankenship;0,9291
Eduardo Perez;4;Chris Brock;0,921
Eduardo Perez;5;Lance Johnson;0,9145
Edwin Encarnacion;1;Larry Sheets;0,9971
Edwin Encarnacion;2;Brad Wilkerson;0,9945
Edwin Encarnacion;3;D'Angelo Jimenez;0,9931
Edwin Encarnacion;4;Ivan Rodriguez;0,9926
Edwin Encarnacion;5;Trot Nixon;0,9909
Edwin Jackson;1;Rod Beck;0,9958
Edwin Jackson;2;Dan Haren;0,995
Edwin Jackson;3;Vicente Padilla;0,9933
Edwin Jackson;4;J. R. Phillips;0,99
Edwin Jackson;5;Shane Reynolds;0,9884
Einar Diaz;1;Conor Jackson;0,9995
Einar Diaz;2;Shin-Soo Choo;0,9934
Einar Diaz;3;Kevin Kouzmanoff;0,9905
Einar Diaz;4;Martin Prado;0,9897
Einar Diaz;5;Kevin Youkilis;0,9888
Eli Marrero;1;Luis Matos;0,986
Eli Marrero;2;Danny Valencia;0,9797
Eli Marrero;3;Abraham Nunez;0,9672
Eli Marrero;4;Tom Lawless;0,9544
Eli Marrero;5;Mike Felder;0,9502
Elliot Johnson;1;Chris Peters;0,996
Elliot Johnson;2;Ben Zobrist;0,9802
Elliot Johnson;3;Chris Hoiles;0,9737
Elliot Johnson;4;Brayan Peña;0,9723
Elliot Johnson;5;Al Newman;0,9689
Ellis Burks;1;Jorge Posada;0,999
Ellis Burks;2;Darryl Hamilton;0,9961
Ellis Burks;3;Will Clark;0,9959
Ellis Burks;4;Gaby Sanchez;0,9952
Ellis Burks;5;Josh Hamilton;0,9937
Elmer Dessens;1;Gary Thurman;0,9814
Elmer Dessens;2;Curt Schilling;0,9814
Elmer Dessens;3;J. R. Phillips;0,9806
Elmer Dessens;4;Dan Haren;0,98
Elmer Dessens;5;Edwin Jackson;0,9715
Elvis Andrus;1;Chris Johnson;0,9958
Elvis Andrus;2;Ramon Hernandez;0,9951
Elvis Andrus;3;Jason Heyward;0,9939
Elvis Andrus;4;Jose Tabata;0,9935
Elvis Andrus;5;Lorenzo Cain;0,9898
Emil Brown;1;Marwin Gonzalez;0,9914
Emil Brown;2;Dave Collins;0,9906
Emil Brown;3;Robert Andino;0,9873
Emil Brown;4;Mickey Hatcher;0,9736
Emil Brown;5;Lee Tinsley;0,9684
Emilio Bonifacio;1;Devin Mesoraco;0,9979
Emilio Bonifacio;2;Josh Harrison;0,9848
Emilio Bonifacio;3;Alcides Escobar;0,9776
Emilio Bonifacio;4;Jose Reyes;0,9772
Emilio Bonifacio;5;Torii Hunter;0,9747
Endy Chavez;1;Jason Castro;0,9982
Endy Chavez;2;Jason Kipnis;0,997
Endy Chavez;3;Mike Napoli;0,9946
Endy Chavez;4;Todd Hollandsworth;0,9925
Endy Chavez;5;Ken Caminiti;0,9907
Enrique Wilson;1;Pat Borders;0,9898
Enrique Wilson;2;Walt Weiss;0,9873
Enrique Wilson;3;Chris Sabo;0,987
Enrique Wilson;4;Brian Schneider;0,9848
Enrique Wilson;5;Chris Singleton;0,9832
Eric Anthony;1;Ross Gload;0,9891
Eric Anthony;2;Danny Sheaffer;0,9874
Eric Anthony;3;Felix Heredia;0,976
Eric Anthony;4;Gerald Williams;0,9735
Eric Anthony;5;Casey Candaele;0,9632
Eric Bruntlett;1;Richie Sexson;0,9981
Eric Bruntlett;2;John Mayberry;0,9976
Eric Bruntlett;3;Ray Lankford;0,9969
Eric Bruntlett;4;Bill Doran;0,9966
Eric Bruntlett;5;Ryan Klesko;0,9951
Eric Byrnes;1;Neil Walker;0,9954
Eric Byrnes;2;A. J. Ellis;0,9903
Eric Byrnes;3;Milt Cuyler;0,9899
Eric Byrnes;4;Brad Hawpe;0,9881
Eric Byrnes;5;Joe McEwing;0,9856
Eric Chavez;1;Luis Rivas;0,9996
Eric Chavez;2;Randy Milligan;0,9985
Eric Chavez;3;Mike Lowell;0,998
Eric Chavez;4;Corey Hart;0,9972
Eric Chavez;5;Kirby Puckett;0,9943
Eric Davis;1;Troy O'Leary;0,9989
Eric Davis;2;Terrence Long;0,9977
Eric Davis;3;Ivan Calderon;0,9975
Eric Davis;4;Rob Deer;0,9962
Eric Davis;5;Carlos Gonzalez;0,9961
Eric Hinske;1;Phil Bradley;0,9998
Eric Hinske;2;Terrence Long;0,9946
Eric Hinske;3;Pedro Munoz;0,9926
Eric Hinske;4;Jesse Levis;0,992
Eric Hinske;5;Dave Silvestri;0,9896
Eric Hosmer;1;Buster Posey;0,9998
Eric Hosmer;2;Mark Ellis;0,9992
Eric Hosmer;3;Alex Rios;0,9991
Eric Hosmer;4;Justin Morneau;0,999
Eric Hosmer;5;Casey Blake;0,9989
Eric Karros;1;Frank Thomas;0,999
Eric Karros;2;Mike Piazza;0,9986
Eric Karros;3;Phil Bradley;0,9976
Eric Karros;4;Dave Silvestri;0,9973
Eric Karros;5;Chipper Jones;0,996
Eric Milton;1;Trevor Cahill;0,9705
Eric Milton;2;Alex Cole;0,9604
Eric Milton;3;Todd Pratt;0,9423
Eric Milton;4;Mike DeJean;0,941
Eric Milton;5;Mario Diaz;0,9398
Eric Owens;1;Clay Buchholz;0,9977
Eric Owens;2;Sandy Alomar;0,9958
Eric Owens;3;Guillermo Mota;0,9908
Eric Owens;4;Darren Daulton;0,9883
Eric Owens;5;Zack Greinke;0,9849
Eric Show;1;Frank Castillo;0,9755
Eric Show;2;Steve Cooke;0,9578
Eric Show;3;Brian Williams;0,9375
Eric Show;4;Kirk Rueter;0,9281
Eric Show;5;Oliver Perez;0,9214
Eric Young;1;Josh Willingham;0,9964
Eric Young;2;Ian Kinsler;0,995
Eric Young;3;Rob Mackowiak;0,9946
Eric Young;4;Trot Nixon;0,9936
Eric Young;5;Brad Wilkerson;0,9932
Erick Aybar;1;Pokey Reese;0,9886
Erick Aybar;2;Jim Leyritz;0,9816
Erick Aybar;3;Troy Glaus;0,981
Erick Aybar;4;Kelly Gruber;0,9778
Erick Aybar;5;Phil Plantier;0,9659
Erik Bedard;1;Don Kelly;0,9942
Erik Bedard;2;Raul Ibanez;0,9922
Erik Bedard;3;Tony Tarasco;0,9891
Erik Bedard;4;Karim Garcia;0,9868
Erik Bedard;5;Jayson Nix;0,9853
Ernie Riles;1;Bo Diaz;0,9964
Ernie Riles;2;Ken Phelps;0,9923
Ernie Riles;3;Yonder Alonso;0,9884
Ernie Riles;4;Andruw Jones;0,983
Ernie Riles;5;Bob Brenly;0,9828
Ernie Whitt;1;Jason Kipnis;0,9916
Ernie Whitt;2;Jason Castro;0,991
Ernie Whitt;3;Bernie Williams;0,9874
Ernie Whitt;4;Ben Revere;0,9823
Ernie Whitt;5;Joe McEwing;0,9803
Ernie Young;1;Billy Hatcher;0,9987
Ernie Young;2;Scott Fletcher;0,9981
Ernie Young;3;Colby Rasmus;0,9953
Ernie Young;4;Mark Reynolds;0,9947
Ernie Young;5;Devon White;0,9932
Erubiel Durazo;1;Matt Lawton;0,9882
Erubiel Durazo;2;Craig Reynolds;0,9755
Erubiel Durazo;3;Rusty Greer;0,9741
Erubiel Durazo;4;Bernard Gilkey;0,9741
Erubiel Durazo;5;Luis Aguayo;0,9706
Ervin Santana;1;Ted Power;0,9757
Ervin Santana;2;Kelly Stinnett;0,9617
Ervin Santana;3;Kyle Lohse;0,958
Ervin Santana;4;Tommy Milone;0,901
Ervin Santana;5;Chad Kreuter;0,8962
Esmil Rogers;1;Tim Spehr;0,9934
Esmil Rogers;2;Jeff Reboulet;0,9614
Esmil Rogers;3;Sandy Martinez;0,9182
Esmil Rogers;4;Dan Plesac;0,9144
Esmil Rogers;5;Justin Smoak;0,8987
Esteban Loaiza;1;Josh Johnson;0,982
Esteban Loaiza;2;Jeff Fassero;0,9666
Esteban Loaiza;3;Carl Pavano;0,9644
Esteban Loaiza;4;Justin Masterson;0,9634
Esteban Loaiza;5;Ricky Nolasco;0,9633
Evan Longoria;1;Lenny Dykstra;0,9918
Evan Longoria;2;R. J. Reynolds;0,9911
Evan Longoria;3;Tracy Jones;0,9869
Evan Longoria;4;Jim Presley;0,9868
Evan Longoria;5;Dave Berg;0,986
Everth Cabrera;1;Ricky Jordan;0,9944
Everth Cabrera;2;Chris Singleton;0,9939
Everth Cabrera;3;Jeff Keppinger;0,9905
Everth Cabrera;4;Troy Tulowitzki;0,9857
Everth Cabrera;5;Pat Borders;0,9851
F. P. Santangelo;1;Felix Jose;0,9964
F. P. Santangelo;2;Cliff Pennington;0,992
F. P. Santangelo;3;Geno Petralli;0,992
F. P. Santangelo;4;Jay Gibbons;0,989
F. P. Santangelo;5;Barry Bonds;0,9883
Felipe Crespo;1;Gabe Gross;0,9916
Felipe Crespo;2;Jeromy Burnitz;0,9779
Felipe Crespo;3;Jay Bell;0,9723
Felipe Crespo;4;Adrian Gonzalez;0,9684
Felipe Crespo;5;Keith Lockhart;0,968
Felipe Lopez;1;Jon Nunnally;0,99
Felipe Lopez;2;Marvell Wynne;0,9847
Felipe Lopez;3;Michael Bourn;0,9832
Felipe Lopez;4;Clint Barmes;0,9723
Felipe Lopez;5;Peter Bourjos;0,9706
Felix Fermin;1;Clay Buchholz;0,998
Felix Fermin;2;Shane Spencer;0,994
Felix Fermin;3;Dave Silvestri;0,992
Felix Fermin;4;Rich Aurilia;0,9918
Felix Fermin;5;Craig Worthington;0,9911
Felix Heredia;1;Danny Sheaffer;0,9836
Felix Heredia;2;Eric Anthony;0,976
Felix Heredia;3;Scott Eyre;0,9675
Felix Heredia;4;Dennis Cook;0,9647
Felix Heredia;5;Ross Gload;0,9594
Felix Hernandez;1;David Howard;0,9835
Felix Hernandez;2;Dave Collins;0,9831
Felix Hernandez;3;Pedro Alvarez;0,9752
Felix Hernandez;4;R. A. Dickey;0,9748
Felix Hernandez;5;Kim Batiste;0,9664
Felix Jose;1;Jay Gibbons;0,9969
Felix Jose;2;Geno Petralli;0,9969
Felix Jose;3;F. P. Santangelo;0,9964
Felix Jose;4;Cliff Pennington;0,9963
Felix Jose;5;Jeff Francoeur;0,9961
Felix Rodriguez;1;Scott Baker;0,9829
Felix Rodriguez;2;Jay Powell;0,98
Felix Rodriguez;3;David West;0,9779
Felix Rodriguez;4;Ricky Bottalico;0,972
Felix Rodriguez;5;Randy Velarde;0,9677
Fernando Tatis;1;Wallace Johnson;0,9916
Fernando Tatis;2;Austin Jackson;0,9884
Fernando Tatis;3;Ian Desmond;0,9837
Fernando Tatis;4;Marvell Wynne;0,9836
Fernando Tatis;5;Jay Payton;0,981
Fernando Valenzuela;1;Aaron Fultz;0,9289
Fernando Valenzuela;2;Ted Power;0,9015
Fernando Valenzuela;3;Bruce Benedict;0,8677
Fernando Valenzuela;4;Kyle Farnsworth;0,8167
Fernando Valenzuela;5;Steve Bedrosian;0,8007
Fernando Vina;1;Eduardo Escobar;0,9733
Fernando Vina;2;Miguel Tejada;0,9501
Fernando Vina;3;Chris Hoiles;0,9185
Fernando Vina;4;Greg Mathews;0,8981
Fernando Vina;5;Elliot Johnson;0,895
Francisco Cervelli;1;Marwin Gonzalez;0,9707
Francisco Cervelli;2;Paul Molitor;0,9703
Francisco Cervelli;3;Lee Stevens;0,9664
Francisco Cervelli;4;Shane Mack;0,9646
Francisco Cervelli;5;Robert Andino;0,9633
Francisco Cordova;1;Zane Smith;0,9997
Francisco Cordova;2;Jake Peavy;0,9984
Francisco Cordova;3;Ramon Ortiz;0,9981
Francisco Cordova;4;Ismael Valdez;0,9975
Francisco Cordova;5;Terry Mulholland;0,997
Francisco Liriano;1;Todd Wellemeyer;0,958
Francisco Liriano;2;Jonathon Niese;0,9323
Francisco Liriano;3;Jason Schmidt;0,9284
Francisco Liriano;4;Craig Paquette;0,9274
Francisco Liriano;5;Ricky Nolasco;0,9225
Frank Castillo;1;Eric Show;0,9755
Frank Castillo;2;Jason Hammel;0,9632
Frank Castillo;3;Sean Bergman;0,956
Frank Castillo;4;Garrett Stephenson;0,944
Frank Castillo;5;Jamie Moyer;0,9366
Frank Catalanotto;1;Mike Moustakas;0,9902
Frank Catalanotto;2;John Mayberry;0,9898
Frank Catalanotto;3;Greg Walker;0,9896
Frank Catalanotto;4;Armando Rios;0,987
Frank Catalanotto;5;Adam Melhuse;0,986
Frank DiPino;1;Dave Collins;0,9988
Frank DiPino;2;Lee Tinsley;0,9643
Frank DiPino;3;Lee Mazzilli;0,962
Frank DiPino;4;Kim Batiste;0,9583
Frank DiPino;5;Darrell Evans;0,9545
Frank Menechino;1;Randall Delgado;0,9539
Frank Menechino;2;Carlos Gomez;0,9128
Frank Menechino;3;Chris Donnels;0,8954
Frank Menechino;4;Mark Sweeney;0,8894
Frank Menechino;5;Melky Cabrera;0,8751
Frank Thomas;1;Eric Karros;0,999
Frank Thomas;2;Phil Bradley;0,9986
Frank Thomas;3;Mike Piazza;0,9969
Frank Thomas;4;Adam Wainwright;0,9969
Frank Thomas;5;Carlos Gonzalez;0,9961
Frank White;1;George Brett;0,9988
Frank White;2;Jose Lopez;0,9962
Frank White;3;Mark Whiten;0,9961
Frank White;4;Johnny Estrada;0,9961
Frank White;5;Greg Briley;0,9959
Franklin Gutierrez;1;Lorenzo Cain;0,9984
Franklin Gutierrez;2;Daniel Descalso;0,9897
Franklin Gutierrez;3;Gordon Beckham;0,9872
Franklin Gutierrez;4;Jason Heyward;0,9823
Franklin Gutierrez;5;Jose Tabata;0,9789
Franklin Morales;1;John Halama;0,9894
Franklin Morales;2;Juan Cruz;0,9877
Franklin Morales;3;Manny Ramirez;0,9838
Franklin Morales;4;Orlando Merced;0,9813
Franklin Morales;5;Andy Allanson;0,9802
Franklin Stubbs;1;Jacob Cruz;0,9846
Franklin Stubbs;2;Ken Dayley;0,9846
Franklin Stubbs;3;Terrence Long;0,9834
Franklin Stubbs;4;Scott Livingstone;0,9803
Franklin Stubbs;5;Jesse Orosco;0,9795
Fred Lynn;1;Jack Hannahan;0,9973
Fred Lynn;2;Nick Esasky;0,9738
Fred Lynn;3;Hank Conger;0,9592
Fred Lynn;4;Curt Ford;0,9437
Fred Lynn;5;Joe Price;0,9426
Fred McGriff;1;Victor Martinez;0,9983
Fred McGriff;2;Marquis Grissom;0,9977
Fred McGriff;3;Tony Eusebio;0,9962
Fred McGriff;4;Jeff Bagwell;0,9959
Fred McGriff;5;Todd Benzinger;0,9951
Freddie Freeman;1;Willy Taveras;0,998
Freddie Freeman;2;Michael Young;0,9979
Freddie Freeman;3;J. J. Hardy;0,9942
Freddie Freeman;4;Angel Pagan;0,9915
Freddie Freeman;5;Wilson Ramos;0,9898
Freddy Galvis;1;David Dellucci;0,9984
Freddy Galvis;2;Mark Bellhorn;0,9893
Freddy Galvis;3;Miguel Olivo;0,9758
Freddy Galvis;4;Gary Sheffield;0,9733
Freddy Galvis;5;Lloyd McClendon;0,9659
Freddy Garcia;1;Mike Leake;0,9965
Freddy Garcia;2;Doug Henry;0,99
Freddy Garcia;3;Mike Lamb;0,9841
Freddy Garcia;4;Casey Kotchman;0,9839
Freddy Garcia;5;Todd Greene;0,9807
Freddy Sanchez;1;Jacob Brumfield;0,9695
Freddy Sanchez;2;Juan Cruz;0,9648
Freddy Sanchez;3;Carlos Guillen;0,9643
Freddy Sanchez;4;Ben Zobrist;0,9641
Freddy Sanchez;5;Michael Saunders;0,963
Gabe Gross;1;Felipe Crespo;0,9916
Gabe Gross;2;Damian Miller;0,9835
Gabe Gross;3;Adrian Gonzalez;0,9809
Gabe Gross;4;Hank Conger;0,9805
Gabe Gross;5;Shane Andrews;0,9756
Gabe Kapler;1;Jose Altuve;0,9891
Gabe Kapler;2;Mike Moustakas;0,9835
Gabe Kapler;3;Greg Walker;0,97
Gabe Kapler;4;Felix Jose;0,9684
Gabe Kapler;5;Carlos Santana;0,9683
Gabe White;1;Derek Lowe;0,9971
Gabe White;2;Greg McMichael;0,9947
Gabe White;3;Paul Quantrill;0,9922
Gabe White;4;Shawn Estes;0,9922
Gabe White;5;Jake Peavy;0,9887
Gaby Sanchez;1;Jason Varitek;0,9987
Gaby Sanchez;2;Henry Blanco;0,9987
Gaby Sanchez;3;Jose Oquendo;0,9982
Gaby Sanchez;4;Mike Sharperson;0,9965
Gaby Sanchez;5;Ellis Burks;0,9952
Garret Anderson;1;Scott Rolen;0,9968
Garret Anderson;2;Robin Ventura;0,994
Garret Anderson;3;Adrian Beltre;0,9938
Garret Anderson;4;Mike Napoli;0,9932
Garret Anderson;5;Nomar Garciaparra;0,9931
Garrett Atkins;1;Bobby Abreu;0,9969
Garrett Atkins;2;Shea Hillenbrand;0,9955
Garrett Atkins;3;Ben Broussard;0,9954
Garrett Atkins;4;Orlando Hudson;0,9949
Garrett Atkins;5;Alfonso Soriano;0,9944
Garrett Jones;1;Mike Aldrete;0,996
Garrett Jones;2;Ken Caminiti;0,9959
Garrett Jones;3;Matt Carpenter;0,9938
Garrett Jones;4;Geno Petralli;0,9904
Garrett Jones;5;Dale Sveum;0,9901
Garrett Stephenson;1;Jason Hammel;0,9616
Garrett Stephenson;2;Brett Myers;0,9574
Garrett Stephenson;3;Jeremy Guthrie;0,9556
Garrett Stephenson;4;Jolbert Cabrera;0,9529
Garrett Stephenson;5;Bob Walk;0,9518
Garry Templeton;1;Todd Worrell;0,9756
Garry Templeton;2;Drew Butera;0,9353
Garry Templeton;3;Tim Redding;0,9166
Garry Templeton;4;Jake Arrieta;0,8907
Garry Templeton;5;Nick Blackburn;0,8561
Gary Bennett;1;Kevin Ritz;0,9986
Gary Bennett;2;Cory Lidle;0,9983
Gary Bennett;3;Phil Hughes;0,9976
Gary Bennett;4;Alfredo Simon;0,9975
Gary Bennett;5;Rick Reed;0,9961
Gary Carter;1;Lyle Mouton;0,9947
Gary Carter;2;Yoenis Cespedes;0,9719
Gary Carter;3;Wes Chamberlain;0,9556
Gary Carter;4;Barry Lyons;0,9547
Gary Carter;5;Wayne Tolleson;0,945
Gary Disarcina;1;Ron Tingley;0,9961
Gary Disarcina;2;Rick Reed;0,9951
Gary Disarcina;3;Randy Johnson;0,9948
Gary Disarcina;4;Omar Daal;0,9933
Gary Disarcina;5;Kevin Ritz;0,9927
Gary Gaetti;1;Jack Hannahan;0,9869
Gary Gaetti;2;Kevin McReynolds;0,9842
Gary Gaetti;3;Steve Sax;0,9775
Gary Gaetti;4;Hank Conger;0,9677
Gary Gaetti;5;Eddie Murray;0,9654
Gary Matthews;1;Jason Kipnis;0,9959
Gary Matthews;2;Jason Castro;0,9938
Gary Matthews;3;Nomar Garciaparra;0,9908
Gary Matthews;4;Endy Chavez;0,9902
Gary Matthews;5;Joe McEwing;0,9879
Gary Pettis;1;Lastings Milledge;0,9789
Gary Pettis;2;Mark Carreon;0,9643
Gary Pettis;3;Dave Berg;0,9524
Gary Pettis;4;Ken Dayley;0,9521
Gary Pettis;5;Keith Osik;0,9517
Gary Redus;1;Lastings Milledge;0,9855
Gary Redus;2;Ken Dayley;0,969
Gary Redus;3;Jerald Clark;0,9676
Gary Redus;4;Dave Berg;0,9663
Gary Redus;5;Jesse Orosco;0,9641
Gary Sheffield;1;Mark Bellhorn;0,9938
Gary Sheffield;2;Casey Blake;0,9787
Gary Sheffield;3;Lloyd McClendon;0,9774
Gary Sheffield;4;Alex Rios;0,9754
Gary Sheffield;5;Buster Posey;0,9734
Gary Thurman;1;Luis Matos;0,9906
Gary Thurman;2;Elmer Dessens;0,9814
Gary Thurman;3;Mark Portugal;0,9804
Gary Thurman;4;Cliff Lee;0,9787
Gary Thurman;5;Jeff Brantley;0,9754
Gary Varsho;1;Robb Quinlan;0,9796
Gary Varsho;2;John Jaso;0,9748
Gary Varsho;3;Turner Ward;0,9741
Gary Varsho;4;Don Robinson;0,9716
Gary Varsho;5;Daric Barton;0,968
Gary Ward;1;Bob Knepper;0,9965
Gary Ward;2;Ryan Franklin;0,9915
Gary Ward;3;Alejandro Peña;0,9052
Gary Ward;4;Neal Heaton;0,871
Gary Ward;5;Dave Dravecky;0,8604
Gavin Floyd;1;Lee Smith;0,9816
Gavin Floyd;2;Wade Miley;0,9577
Gavin Floyd;3;Pat Rapp;0,957
Gavin Floyd;4;Salomon Torres;0,9479
Gavin Floyd;5;Charlie Morton;0,9462
Gene Larkin;1;Nori Aoki;0,9996
Gene Larkin;2;Jimmy Rollins;0,9992
Gene Larkin;3;Brian McCann;0,9979
Gene Larkin;4;Mark Teixeira;0,9973
Gene Larkin;5;Quilvio Veras;0,997
Geno Petralli;1;Cliff Pennington;0,9994
Geno Petralli;2;Craig Gentry;0,9988
Geno Petralli;3;Matt Carpenter;0,997
Geno Petralli;4;Felix Jose;0,9969
Geno Petralli;5;Gregor Blanco;0,996
Geoff Blum;1;Yoenis Cespedes;0,9719
Geoff Blum;2;Lou Frazier;0,9712
Geoff Blum;3;Richard Hidalgo;0,9698
Geoff Blum;4;Orlando Cabrera;0,9617
Geoff Blum;5;Eddie Perez;0,9422
Geoff Jenkins;1;Josh Reddick;0,9993
Geoff Jenkins;2;Ryan Church;0,9982
Geoff Jenkins;3;Mike Greenwell;0,9975
Geoff Jenkins;4;John Kruk;0,9964
Geoff Jenkins;5;Salvador Perez;0,9963
George Bell;1;Doug Glanville;0,9967
George Bell;2;Will Venable;0,9962
George Bell;3;Robby Thompson;0,9911
George Bell;4;Armando Rios;0,9911
George Bell;5;Ryan Braun;0,9911
George Brett;1;Frank White;0,9988
George Brett;2;Terrence Long;0,9974
George Brett;3;Johnny Estrada;0,9913
George Brett;4;Jim Rice;0,9907
George Brett;5;Greg Briley;0,9904
George Kottaras;1;Pedro Feliz;0,9883
George Kottaras;2;Chet Lemon;0,9756
George Kottaras;3;Lee Stevens;0,9741
George Kottaras;4;Jason Smith;0,9735
George Kottaras;5;Delmon Young;0,9705
Geovany Soto;1;Jose Tabata;0,9998
Geovany Soto;2;Jason Heyward;0,9873
Geovany Soto;3;Peter Bourjos;0,9861
Geovany Soto;4;Tim Teufel;0,9857
Geovany Soto;5;Brad Ausmus;0,9856
Gerald Laird;1;John Jaso;0,9857
Gerald Laird;2;Alejandro De Aza;0,9838
Gerald Laird;3;Don Robinson;0,9648
Gerald Laird;4;Deion Sanders;0,9647
Gerald Laird;5;Jose Uribe;0,9577
Gerald Perry;1;Raul Chavez;0,9843
Gerald Perry;2;Jarrod Dyson;0,9677
Gerald Perry;3;Kevin Jordan;0,9663
Gerald Perry;4;Casey Kotchman;0,9639
Gerald Perry;5;Eddie Williams;0,9604
Gerald Williams;1;Danny Valencia;0,9828
Gerald Williams;2;Ron Karkovice;0,9803
Gerald Williams;3;Eric Anthony;0,9735
Gerald Williams;4;Danny Sheaffer;0,9691
Gerald Williams;5;J. R. Phillips;0,9635
Gerald Young;1;Salvador Perez;0,9933
Gerald Young;2;Ken Griffey;0,9922
Gerald Young;3;Tracy Jones;0,992
Gerald Young;4;Alex Diaz;0,9886
Gerald Young;5;Harold Baines;0,9874
Gerardo Parra;1;Travis Hafner;0,9992
Gerardo Parra;2;Ryan Flaherty;0,9975
Gerardo Parra;3;Billy Butler;0,9966
Gerardo Parra;4;Josh Donaldson;0,9957
Gerardo Parra;5;Adam Jones;0,9951
Geronimo Berroa;1;Jose Molina;0,9876
Geronimo Berroa;2;Bobby Estalella;0,9543
Geronimo Berroa;3;Mike Felder;0,9286
Geronimo Berroa;4;Dennis Cook;0,9275
Geronimo Berroa;5;Joel Skinner;0,9253
Geronimo Pena;1;Alex Avila;0,9946
Geronimo Pena;2;Thomas Howard;0,9936
Geronimo Pena;3;Doug Mientkiewicz;0,9932
Geronimo Pena;4;Hank Blalock;0,9927
Geronimo Pena;5;Marlon Anderson;0,9926
Giancarlo Stanton;1;Kevin Mench;0,9998
Giancarlo Stanton;2;Daniel Murphy;0,9973
Giancarlo Stanton;3;Mark Trumbo;0,9968
Giancarlo Stanton;4;Corey Patterson;0,9968
Giancarlo Stanton;5;Marcus Giles;0,9964
Gil Heredia;1;Robert Perez;0,9968
Gil Heredia;2;Scott Sanderson;0,9951
Gil Heredia;3;Luis Quinones;0,9838
Gil Heredia;4;Jamey Wright;0,9814
Gil Heredia;5;Ryan Madson;0,9746
Gil Meche;1;Chris Young;0,9954
Gil Meche;2;Jordan Zimmermann;0,9902
Gil Meche;3;Jose DeLeon;0,9897
Gil Meche;4;John McDonald;0,9878
Gil Meche;5;Ubaldo Jimenez;0,98
Gio Gonzalez;1;Aaron Harang;0,9976
Gio Gonzalez;2;Chad Billingsley;0,9952
Gio Gonzalez;3;Joel Pineiro;0,9945
Gio Gonzalez;4;Kris Benson;0,9938
Gio Gonzalez;5;Kyle Kendrick;0,9937
Glenallen Hill;1;Salvador Perez;0,9983
Glenallen Hill;2;Josh Reddick;0,9965
Glenallen Hill;3;Kendrys Morales;0,9959
Glenallen Hill;4;Todd Benzinger;0,9936
Glenallen Hill;5;Tony Eusebio;0,993
Glendon Rusch;1;Victor Zambrano;0,9998
Glendon Rusch;2;Jerry Dipoto;0,9967
Glendon Rusch;3;Kelvim Escobar;0,9961
Glendon Rusch;4;Albie Lopez;0,9952
Glendon Rusch;5;Chad Durbin;0,9941
Glenn Braggs;1;Sal Fasano;0,9955
Glenn Braggs;2;Paul Konerko;0,9895
Glenn Braggs;3;Chris Speier;0,9872
Glenn Braggs;4;Jonathan Herrera;0,9868
Glenn Braggs;5;Vernon Wells;0,9867
Glenn Davis;1;Oddibe McDowell;0,9989
Glenn Davis;2;Rafael Palmeiro;0,9976
Glenn Davis;3;Tino Martinez;0,9965
Glenn Davis;4;Al Martin;0,9961
Glenn Davis;5;Kevin Mitchell;0,9954
Glenn Wilson;1;Mike Redmond;0,9811
Glenn Wilson;2;Eddie Perez;0,9802
Glenn Wilson;3;Jermaine Dye;0,9801
Glenn Wilson;4;Steve Balboni;0,9752
Glenn Wilson;5;Scott Livingstone;0,9722
Gordon Beckham;1;Lorenzo Cain;0,9915
Gordon Beckham;2;Jose Tabata;0,9888
Gordon Beckham;3;Franklin Gutierrez;0,9872
Gordon Beckham;4;Jon Nunnally;0,986
Gordon Beckham;5;Daniel Descalso;0,9812
Grady Sizemore;1;Kal Daniels;0,996
Grady Sizemore;2;Trevor Plouffe;0,9922
Grady Sizemore;3;Cliff Pennington;0,9904
Grady Sizemore;4;Gaby Sanchez;0,9892
Grady Sizemore;5;Brandon Moss;0,9892
Greg Briley;1;Johnny Estrada;0,9993
Greg Briley;2;Dave Magadan;0,9978
Greg Briley;3;Jim Rice;0,9977
Greg Briley;4;Thad Bosley;0,9974
Greg Briley;5;Jose Lopez;0,9968
Greg Brock;1;Ruben Sierra;0,993
Greg Brock;2;Juan Gonzalez;0,9905
Greg Brock;3;Luis Gonzalez;0,9904
Greg Brock;4;Edgar Martinez;0,9897
Greg Brock;5;Albert Pujols;0,9893
Greg Colbrunn;1;Cody Ross;0,9839
Greg Colbrunn;2;Bobby Higginson;0,9829
Greg Colbrunn;3;Mark Teahen;0,9801
Greg Colbrunn;4;Garrett Atkins;0,9746
Greg Colbrunn;5;Ernie Young;0,9721
Greg Dobbs;1;Josh Harrison;0,9508
Greg Dobbs;2;Deivi Cruz;0,9444
Greg Dobbs;3;Pokey Reese;0,9427
Greg Dobbs;4;Candy Maldonado;0,9355
Greg Dobbs;5;John Morris;0,9239
Greg Gagne;1;Denard Span;0,9989
Greg Gagne;2;Derek Jeter;0,9979
Greg Gagne;3;Pedro Munoz;0,9979
Greg Gagne;4;Craig Biggio;0,9978
Greg Gagne;5;Damian Jackson;0,9968
Greg Harris;1;Kerry Wood;0,9972
Greg Harris;2;Johan Santana;0,9957
Greg Harris;3;Ubaldo Jimenez;0,9944
Greg Harris;4;Aaron Sele;0,9929
Greg Harris;5;Amaury Telemaco;0,9921
Greg Maddux;1;Darrell May;0,9915
Greg Maddux;2;John Smoltz;0,9896
Greg Maddux;3;John Burkett;0,9896
Greg Maddux;4;Scott Sullivan;0,9821
Greg Maddux;5;Darryl Kile;0,9802
Greg Mathews;1;Mark Smith;0,9941
Greg Mathews;2;Omar Vizquel;0,9819
Greg Mathews;3;Jeff Robinson;0,9678
Greg Mathews;4;Roberto Petagine;0,9651
Greg Mathews;5;Shane Victorino;0,9549
Greg McMichael;1;Mark Petkovsek;0,9978
Greg McMichael;2;Paul Quantrill;0,9967
Greg McMichael;3;Gabe White;0,9947
Greg McMichael;4;Brad Penny;0,9911
Greg McMichael;5;Jim Bullinger;0,9898
Greg Myers;1;Brad Hawpe;0,9987
Greg Myers;2;Jason Kipnis;0,997
Greg Myers;3;Jason Castro;0,9963
Greg Myers;4;Neil Walker;0,989
Greg Myers;5;Ben Revere;0,9801
Greg Norton;1;Vance Wilson;0,9987
Greg Norton;2;Tyler Flowers;0,9865
Greg Norton;3;Mike Davis;0,9683
Greg Norton;4;Wilton Guerrero;0,9669
Greg Norton;5;Don Slaught;0,9597
Greg Swindell;1;Juan Nicasio;0,9915
Greg Swindell;2;Scott Sauerbeck;0,9847
Greg Swindell;3;Darren Holmes;0,9837
Greg Swindell;4;Rob Murphy;0,9794
Greg Swindell;5;Don Carman;0,9769
Greg Vaughn;1;Ryan Braun;0,997
Greg Vaughn;2;Richie Sexson;0,9962
Greg Vaughn;3;Paul O'Neill;0,9955
Greg Vaughn;4;Armando Rios;0,9952
Greg Vaughn;5;Robby Thompson;0,9952
Greg Walker;1;Scott Hatteberg;0,9957
Greg Walker;2;Jeff Treadway;0,9954
Greg Walker;3;B. J. Upton;0,9953
Greg Walker;4;Greg Vaughn;0,9939
Greg Walker;5;Derek Bell;0,9937
Gregg Jefferies;1;Trevor Plouffe;0,9997
Gregg Jefferies;2;Brandon Moss;0,9988
Gregg Jefferies;3;Will Clark;0,9974
Gregg Jefferies;4;Victor Martinez;0,9972
Gregg Jefferies;5;Raul Mondesi;0,9967
Gregg Zaun;1;Tim Teufel;0,9844
Gregg Zaun;2;Jose Tabata;0,9844
Gregg Zaun;3;Jon Nunnally;0,9774
Gregg Zaun;4;Lorenzo Cain;0,9752
Gregg Zaun;5;Brad Ausmus;0,9749
Gregor Blanco;1;Matt Carpenter;0,9989
Gregor Blanco;2;Ben Revere;0,9962
Gregor Blanco;3;Geno Petralli;0,996
Gregor Blanco;4;Cliff Pennington;0,9945
Gregor Blanco;5;Brian Giles;0,9938
Guillermo Mota;1;Clay Buchholz;0,9975
Guillermo Mota;2;Adam Wainwright;0,9974
Guillermo Mota;3;Dave Silvestri;0,9965
Guillermo Mota;4;Shane Spencer;0,9958
Guillermo Mota;5;Mike Bordick;0,9954
Hal Morris;1;Salvador Perez;0,9977
Hal Morris;2;Ryan Zimmerman;0,9963
Hal Morris;3;Mike Greenwell;0,996
Hal Morris;4;Rico Brogna;0,9959
Hal Morris;5;Ike Davis;0,9958
Hank Blalock;1;Paul Sorrento;0,9979
Hank Blalock;2;Bobby Bonilla;0,9963
Hank Blalock;3;Geronimo Pena;0,9927
Hank Blalock;4;Jonathan Herrera;0,9913
Hank Blalock;5;Lance Berkman;0,9911
Hank Conger;1;Damian Miller;0,9972
Hank Conger;2;Shane Andrews;0,9959
Hank Conger;3;Darren Bragg;0,9895
Hank Conger;4;Gabe Gross;0,9805
Hank Conger;5;Mike LaValliere;0,9774
Hanley Ramirez;1;David Murphy;0,9969
Hanley Ramirez;2;Andrew McCutchen;0,9966
Hanley Ramirez;3;Kyle Seager;0,9959
Hanley Ramirez;4;Brett Lawrie;0,9957
Hanley Ramirez;5;Nick Markakis;0,9953
Harold Baines;1;Travis Buck;0,995
Harold Baines;2;Alex Diaz;0,9911
Harold Baines;3;Tracy Jones;0,991
Harold Baines;4;Gerald Young;0,9874
Harold Baines;5;Will Venable;0,9819
Harold Reynolds;1;Raul Chavez;0,9849
Harold Reynolds;2;Matt Williams;0,9846
Harold Reynolds;3;Alejandro De Aza;0,9806
Harold Reynolds;4;Jed Lowrie;0,9794
Harold Reynolds;5;Adam Everett;0,9757
Harry Spilman;1;Phil Nevin;0,9913
Harry Spilman;2;Arthur Rhodes;0,9851
Harry Spilman;3;Stephen Strasburg;0,9798
Harry Spilman;4;John Wetteland;0,9722
Harry Spilman;5;Doug Henry;0,9699
Heathcliff Slocumb;1;Bruce Chen;0,9805
Heathcliff Slocumb;2;Braden Looper;0,9603
Heathcliff Slocumb;3;Yorkis Perez;0,9593
Heathcliff Slocumb;4;Mark Petkovsek;0,9592
Heathcliff Slocumb;5;Josias Manzanillo;0,9539
Henry Blanco;1;Gaby Sanchez;0,9987
Henry Blanco;2;Zack Cozart;0,9926
Henry Blanco;3;Craig Gentry;0,9915
Henry Blanco;4;Trevor Plouffe;0,9905
Henry Blanco;5;Brandon Moss;0,9859
Henry Cotto;1;Frank White;0,9948
Henry Cotto;2;Randy Bush;0,9941
Henry Cotto;3;Tony Phillips;0,994
Henry Cotto;4;Charlie Hayes;0,9938
Henry Cotto;5;Jim Rice;0,9935
Henry Rodriguez;1;Anthony Young;0,9529
Henry Rodriguez;2;Daisuke Matsuzaka;0,932
Henry Rodriguez;3;Lonnie Smith;0,8967
Henry Rodriguez;4;Chris Woodward;0,8809
Henry Rodriguez;5;Tony Armas;0,8673
Herbert Perry;1;Kenny Lofton;0,9893
Herbert Perry;2;Manuel Lee;0,988
Herbert Perry;3;Scott Cooper;0,9851
Herbert Perry;4;Casey Kotchman;0,9845
Herbert Perry;5;Chris Stynes;0,9828
Herm Winningham;1;Daric Barton;0,9496
Herm Winningham;2;Rick Sutcliffe;0,919
Herm Winningham;3;Ernie Whitt;0,918
Herm Winningham;4;Aaron Fultz;0,9154
Herm Winningham;5;Travis Snider;0,9133
Hideki Irabu;1;Stan Javier;0,9694
Hideki Irabu;2;Skip Schumaker;0,9548
Hideki Irabu;3;Chris Stewart;0,9519
Hideki Irabu;4;Omar Infante;0,9455
Hideki Irabu;5;Melvin Nieves;0,942
Hideki Matsui;1;Jonathan Lucroy;0,9923
Hideki Matsui;2;Ben Broussard;0,9878
Hideki Matsui;3;Garrett Atkins;0,9852
Hideki Matsui;4;Geronimo Pena;0,9781
Hideki Matsui;5;Ryan Flaherty;0,9673
Hideo Nomo;1;Dillon Gee;0,9712
Hideo Nomo;2;Ron Kittle;0,9465
Hideo Nomo;3;Augie Ojeda;0,9202
Hideo Nomo;4;Vance Law;0,9192
Hideo Nomo;5;Lance Blankenship;0,8783
Hiroki Kuroda;1;Terry Francona;0,9788
Hiroki Kuroda;2;Kosuke Fukudome;0,9782
Hiroki Kuroda;3;Leon Durham;0,973
Hiroki Kuroda;4;Ozzie Virgil;0,9668
Hiroki Kuroda;5;Rich Gossage;0,9665
Homer Bailey;1;Tim Worrell;0,9762
Homer Bailey;2;Freddy Garcia;0,9633
Homer Bailey;3;Mike Leake;0,9629
Homer Bailey;4;Tommy Greene;0,9508
Homer Bailey;5;Doug Henry;0,95
Homer Bush;1;Jesse Barfield;0,997
Homer Bush;2;Mitch Webster;0,9965
Homer Bush;3;Tony Womack;0,9962
Homer Bush;4;Edgar Renteria;0,9957
Homer Bush;5;Terry Steinbach;0,9951
Howard Johnson;1;Mike Jacobs;0,9877
Howard Johnson;2;Kevin Kouzmanoff;0,9817
Howard Johnson;3;Daryl Boston;0,977
Howard Johnson;4;Scott Spiezio;0,9735
Howard Johnson;5;Melvin Mora;0,9731
Howie Kendrick;1;Michael Young;0,9971
Howie Kendrick;2;Dexter Fowler;0,9966
Howie Kendrick;3;Nick Markakis;0,9952
Howie Kendrick;4;Matt Kemp;0,994
Howie Kendrick;5;Wilson Ramos;0,9939
Hubie Brooks;1;Mark Bellhorn;0,9802
Hubie Brooks;2;John Jaso;0,9777
Hubie Brooks;3;Ruben Tejada;0,9734
Hubie Brooks;4;Robb Quinlan;0,9617
Hubie Brooks;5;Lloyd McClendon;0,9595
Humberto Quintero;1;Yovani Gallardo;0,9795
Humberto Quintero;2;R. A. Dickey;0,9653
Humberto Quintero;3;Alex Rodriguez;0,9574
Humberto Quintero;4;Antonio Osuna;0,9559
Humberto Quintero;5;Jason Marquis;0,9471
Hunter Pence;1;Neil Walker;0,9992
Hunter Pence;2;Jay Bruce;0,998
Hunter Pence;3;Andre Ethier;0,9978
Hunter Pence;4;A. J. Ellis;0,9944
Hunter Pence;5;Brad Hawpe;0,9944
Ian Desmond;1;Austin Jackson;0,9909
Ian Desmond;2;Torii Hunter;0,9887
Ian Desmond;3;Aramis Ramirez;0,9863
Ian Desmond;4;Fernando Tatis;0,9837
Ian Desmond;5;Jose Reyes;0,9823
Ian Kennedy;1;Tony Peña;0,9938
Ian Kennedy;2;Jake Arrieta;0,9933
Ian Kennedy;3;Jered Weaver;0,9848
Ian Kennedy;4;Tim Redding;0,9738
Ian Kennedy;5;Jonathan Sanchez;0,9729
Ian Kinsler;1;Carlos Lee;0,9994
Ian Kinsler;2;Ivan Rodriguez;0,9966
Ian Kinsler;3;Eric Young;0,995
Ian Kinsler;4;Rob Mackowiak;0,9947
Ian Kinsler;5;Josh Willingham;0,9945
Ichiro Suzuki;1;Nick Esasky;0,9888
Ichiro Suzuki;2;Damian Miller;0,9703
Ichiro Suzuki;3;Gabe Gross;0,9703
Ichiro Suzuki;4;Hank Conger;0,9688
Ichiro Suzuki;5;Darren Bragg;0,9641
Ike Davis;1;Robinson Cano;0,9997
Ike Davis;2;Chone Figgins;0,9994
Ike Davis;3;Chad Tracy;0,9992
Ike Davis;4;Edgar Renteria;0,9985
Ike Davis;5;David DeJesus;0,9979
Ismael Valdez;1;Mark Clark;0,9983
Ismael Valdez;2;Francisco Cordova;0,9975
Ismael Valdez;3;Brandon Webb;0,9959
Ismael Valdez;4;Jon Lester;0,9948
Ismael Valdez;5;Doug Davis;0,9945
Ivan Calderon;1;Roberto Alomar;0,9994
Ivan Calderon;2;Troy O'Leary;0,9989
Ivan Calderon;3;Rob Deer;0,9988
Ivan Calderon;4;Jhonny Peralta;0,9988
Ivan Calderon;5;David Justice;0,9976
Ivan Rodriguez;1;Brad Wilkerson;0,9973
Ivan Rodriguez;2;Ian Kinsler;0,9966
Ivan Rodriguez;3;Trot Nixon;0,9952
Ivan Rodriguez;4;Josh Willingham;0,995
Ivan Rodriguez;5;Carlos Lee;0,9949
J. A. Happ;1;Mat Latos;0,9999
J. A. Happ;2;Dave Bush;0,9964
J. A. Happ;3;Clayton Kershaw;0,9939
J. A. Happ;4;John Smiley;0,9938
J. A. Happ;5;Matt Garza;0,991
J. D. Drew;1;Josh Harrison;0,9834
J. D. Drew;2;Devin Mesoraco;0,9432
J. D. Drew;3;Steve Scarsone;0,924
J. D. Drew;4;Emilio Bonifacio;0,9037
J. D. Drew;5;Darrell Evans;0,901
J. J. Hardy;1;Michael Young;0,9957
J. J. Hardy;2;Freddie Freeman;0,9942
J. J. Hardy;3;Howie Kendrick;0,9933
J. J. Hardy;4;Willy Taveras;0,9932
J. J. Hardy;5;Dexter Fowler;0,993
J. R. Phillips;1;Dan Haren;0,9934
J. R. Phillips;2;Edwin Jackson;0,99
J. R. Phillips;3;Rod Beck;0,9887
J. R. Phillips;4;Curt Schilling;0,9866
J. R. Phillips;5;Jeff Weaver;0,9845
J. T. Snow;1;Andres Thomas;0,9904
J. T. Snow;2;Mickey Tettleton;0,9822
J. T. Snow;3;Carlos Beltran;0,9736
J. T. Snow;4;Clint Barmes;0,9718
J. T. Snow;5;Warren Newson;0,9714
Jack Clark;1;Marwin Gonzalez;0,9891
Jack Clark;2;Robert Andino;0,9821
Jack Clark;3;Lee Tinsley;0,9786
Jack Clark;4;Dave Collins;0,968
Jack Clark;5;Emil Brown;0,965
Jack Hannahan;1;Fred Lynn;0,9973
Jack Hannahan;2;Gary Gaetti;0,9869
Jack Hannahan;3;Jason Giambi;0,9798
Jack Hannahan;4;Jay Buhner;0,9791
Jack Hannahan;5;Bo Jackson;0,9771
Jack Howell;1;Trevor Plouffe;0,9914
Jack Howell;2;Brandon Moss;0,9895
Jack Howell;3;Tony Eusebio;0,9882
Jack Howell;4;Greg Walker;0,9879
Jack Howell;5;Josh Reddick;0,9879
Jack Wilson;1;Matt LeCroy;0,9918
Jack Wilson;2;Luis Valbuena;0,9813
Jack Wilson;3;Jeff Branson;0,9805
Jack Wilson;4;Jarrod Dyson;0,9753
Jack Wilson;5;Luke Scott;0,9681
Jacob Brumfield;1;Freddy Sanchez;0,9695
Jacob Brumfield;2;Erik Bedard;0,9678
Jacob Brumfield;3;Tim Naehring;0,9666
Jacob Brumfield;4;Al Newman;0,9662
Jacob Brumfield;5;Alfredo Amezaga;0,9659
Jacob Cruz;1;Marvin Benard;0,9969
Jacob Cruz;2;Rich Becker;0,9936
Jacob Cruz;3;Steve Balboni;0,99
Jacob Cruz;4;Franklin Stubbs;0,9846
Jacob Cruz;5;Rafael Bournigal;0,984
Jacoby Ellsbury;1;Pat Listach;0,9719
Jacoby Ellsbury;2;Danny Espinosa;0,9594
Jacoby Ellsbury;3;Matt Diaz;0,9506
Jacoby Ellsbury;4;Joe McEwing;0,9454
Jacoby Ellsbury;5;Todd Hollandsworth;0,9421
Jacque Jones;1;David Freese;0,9892
Jacque Jones;2;Adam Kennedy;0,982
Jacque Jones;3;Miguel Cabrera;0,9554
Jacque Jones;4;Lou Frazier;0,954
Jacque Jones;5;Mark Loretta;0,942
Jaime Garcia;1;Pete Schourek;0,9786
Jaime Garcia;2;Shawn Abner;0,9785
Jaime Garcia;3;Matt Morris;0,9716
Jaime Garcia;4;Roberto Hernandez;0,9711
Jaime Garcia;5;Mike Cameron;0,9644
Jaime Navarro;1;Jeff DaVanon;0,9194
Jaime Navarro;2;Freddy Galvis;0,8995
Jaime Navarro;3;Robb Quinlan;0,8751
Jaime Navarro;4;Doug Strange;0,8538
Jaime Navarro;5;Felipe Crespo;0,8489
Jair Jurrjens;1;Bill Landrum;0,9945
Jair Jurrjens;2;Johnny Cueto;0,9933
Jair Jurrjens;3;Ryan Dempster;0,9862
Jair Jurrjens;4;Aaron Cook;0,9833
Jair Jurrjens;5;Clayton Richard;0,9828
Jake Arrieta;1;Ian Kennedy;0,9933
Jake Arrieta;2;Tony Peña;0,9882
Jake Arrieta;3;Tim Redding;0,9867
Jake Arrieta;4;Jonathan Sanchez;0,9852
Jake Arrieta;5;Jered Weaver;0,9801
Jake Peavy;1;Bob Kipper;0,9986
Jake Peavy;2;Francisco Cordova;0,9984
Jake Peavy;3;Roy Oswalt;0,9982
Jake Peavy;4;Joey Hamilton;0,998
Jake Peavy;5;Jay Witasick;0,9979
Jake Westbrook;1;Scott Sanderson;0,9986
Jake Westbrook;2;Robert Perez;0,9959
Jake Westbrook;3;Bill Haselman;0,9834
Jake Westbrook;4;Marvin Freeman;0,9822
Jake Westbrook;5;Luis Quinones;0,9798
James Baldwin;1;Jeremy Hellickson;0,9962
James Baldwin;2;Miguel Batista;0,9951
James Baldwin;3;John Riedling;0,992
James Baldwin;4;Kelly Downs;0,9912
James Baldwin;5;Matt Herges;0,9854
James Loney;1;Zack Cozart;0,9979
James Loney;2;Gaby Sanchez;0,9846
James Loney;3;Ben Revere;0,9838
James Loney;4;Darwin Barney;0,981
James Loney;5;Trevor Plouffe;0,9808
James Mouton;1;Sal Fasano;0,959
James Mouton;2;Matt LeCroy;0,9463
James Mouton;3;Chris Speier;0,945
James Mouton;4;Aaron Ledesma;0,9353
James Mouton;5;Jarrod Dyson;0,9348
James Shields;1;Mark Thompson;0,9526
James Shields;2;Orlando Hernandez;0,9419
James Shields;3;Billy Ashley;0,9365
James Shields;4;Josh Fogg;0,9211
James Shields;5;Pete Smith;0,9103
Jamey Carroll;1;Mark Bellhorn;0,9845
Jamey Carroll;2;Shane Andrews;0,9753
Jamey Carroll;3;Gary Sheffield;0,9694
Jamey Carroll;4;Freddy Galvis;0,9646
Jamey Carroll;5;Jeff Frye;0,9607
Jamey Wright;1;Ryan Madson;0,9846
Jamey Wright;2;Brett Anderson;0,9837
Jamey Wright;3;Marvin Freeman;0,9824
Jamey Wright;4;Gil Heredia;0,9814
Jamey Wright;5;Doug Davis;0,98
Jamie Moyer;1;Jason Hammel;0,9488
Jamie Moyer;2;Brett Myers;0,9464
Jamie Moyer;3;Jose Bautista;0,9437
Jamie Moyer;4;Sean Bergman;0,9385
Jamie Moyer;5;Frank Castillo;0,9366
Jamie Quirk;1;Wally Whitehurst;0,9579
Jamie Quirk;2;Rick Honeycutt;0,9576
Jamie Quirk;3;Neal Heaton;0,9395
Jamie Quirk;4;Manny Parra;0,836
Jamie Quirk;5;Ryan Franklin;0,816
Jaret Wright;1;Ricky Bottalico;0,9959
Jaret Wright;2;C. J. Wilson;0,9938
Jaret Wright;3;Jeff Shaw;0,9921
Jaret Wright;4;Jay Powell;0,9907
Jaret Wright;5;David West;0,9857
Jarrod Dyson;1;Matt LeCroy;0,9944
Jarrod Dyson;2;Moises Alou;0,9915
Jarrod Dyson;3;Orlando Merced;0,9837
Jarrod Dyson;4;Joe Randa;0,9807
Jarrod Dyson;5;Mike Aviles;0,9782
Jarrod Saltalamacchia;1;Jose Tabata;0,996
Jarrod Saltalamacchia;2;Lucas Duda;0,9884
Jarrod Saltalamacchia;3;Jorge Cantu;0,9854
Jarrod Saltalamacchia;4;Lorenzo Cain;0,9845
Jarrod Saltalamacchia;5;Jody Gerut;0,9802
Jarrod Washburn;1;Chuck McElroy;0,9934
Jarrod Washburn;2;Robb Quinlan;0,9808
Jarrod Washburn;3;Buster Posey;0,9779
Jarrod Washburn;4;Royce Clayton;0,9772
Jarrod Washburn;5;Eric Hosmer;0,975
Jason Bartlett;1;Yonder Alonso;0,9908
Jason Bartlett;2;Bo Diaz;0,9864
Jason Bartlett;3;Ken Phelps;0,9661
Jason Bartlett;4;Julio Franco;0,9637
Jason Bartlett;5;Bob Brenly;0,9575
Jason Bay;1;Kal Daniels;0,9956
Jason Bay;2;Craig Gentry;0,9925
Jason Bay;3;Trevor Plouffe;0,9924
Jason Bay;4;Brandon Moss;0,9911
Jason Bay;5;Tony Eusebio;0,9909
Jason Bere;1;Alvaro Espinoza;0,995
Jason Bere;2;Jay Powell;0,9927
Jason Bere;3;Brian Bohanon;0,9913
Jason Bere;4;Ricky Bottalico;0,9911
Jason Bere;5;Jeff Shaw;0,9905
Jason Castro;1;Brian Roberts;0,9992
Jason Castro;2;Jason Kipnis;0,9989
Jason Castro;3;Brad Hawpe;0,9984
Jason Castro;4;Endy Chavez;0,9982
Jason Castro;5;Greg Myers;0,9963
Jason Giambi;1;Michael Tucker;0,9879
Jason Giambi;2;Michael Cuddyer;0,9868
Jason Giambi;3;Damian Miller;0,9854
Jason Giambi;4;Dan Gladden;0,9817
Jason Giambi;5;Ryan Freel;0,9805
Jason Hammel;1;Frank Castillo;0,9632
Jason Hammel;2;Garrett Stephenson;0,9616
Jason Hammel;3;Jamie Moyer;0,9488
Jason Hammel;4;Sean Bergman;0,941
Jason Hammel;5;Brett Myers;0,9192
Jason Heyward;1;Jose Tabata;0,9988
Jason Heyward;2;Adam Dunn;0,9973
Jason Heyward;3;Pablo Sandoval;0,9971
Jason Heyward;4;Ramon Hernandez;0,9967
Jason Heyward;5;Elvis Andrus;0,9939
Jason Isringhausen;1;A. J. Burnett;0,9734
Jason Isringhausen;2;Dave Burba;0,9583
Jason Isringhausen;3;Tim Worrell;0,9439
Jason Isringhausen;4;Rick Ankiel;0,9436
Jason Isringhausen;5;Tommy Greene;0,9399
Jason Jennings;1;Craig Worthington;0,9905
Jason Jennings;2;Pedro Munoz;0,9891
Jason Jennings;3;Dave Silvestri;0,979
Jason Jennings;4;Randy Ready;0,9756
Jason Jennings;5;Clay Buchholz;0,9747
Jason Johnson;1;Aaron Cook;0,9804
Jason Johnson;2;John Lackey;0,9694
Jason Johnson;3;Bill Landrum;0,968
Jason Johnson;4;David Weathers;0,9664
Jason Johnson;5;Brandon McCarthy;0,965
Jason Kendall;1;Pete O'Brien;0,999
Jason Kendall;2;Ryan Braun;0,9977
Jason Kendall;3;Tino Martinez;0,997
Jason Kendall;4;Robby Thompson;0,9963
Jason Kendall;5;Jeff Kent;0,996
Jason Kipnis;1;Brian Roberts;0,9999
Jason Kipnis;2;Jason Castro;0,9989
Jason Kipnis;3;Brad Hawpe;0,9982
Jason Kipnis;4;Greg Myers;0,997
Jason Kipnis;5;Todd Hollandsworth;0,997
Jason Kubel;1;Asdrubal Cabrera;0,9905
Jason Kubel;2;Scott Rolen;0,9889
Jason Kubel;3;Ryan Hanigan;0,9885
Jason Kubel;4;Kevin McReynolds;0,9881
Jason Kubel;5;Adrian Beltre;0,9873
Jason LaRue;1;Kyle Seager;0,998
Jason LaRue;2;Andrew McCutchen;0,9963
Jason LaRue;3;Bob Brenly;0,9931
Jason LaRue;4;Justin Turner;0,9927
Jason LaRue;5;David Murphy;0,992
Jason Marquis;1;Matt Herges;0,9825
Jason Marquis;2;Wendell Magee;0,981
Jason Marquis;3;Adam Eaton;0,9763
Jason Marquis;4;Yovani Gallardo;0,9751
Jason Marquis;5;Stan Belinda;0,9705
Jason Michaels;1;Ben Grieve;0,9986
Jason Michaels;2;Salvador Perez;0,9956
Jason Michaels;3;Tracy Jones;0,9949
Jason Michaels;4;Oddibe McDowell;0,994
Jason Michaels;5;Will Venable;0,9897
Jason Schmidt;1;Ricky Nolasco;0,9893
Jason Schmidt;2;Todd Wellemeyer;0,9812
Jason Schmidt;3;Javier Lopez;0,9651
Jason Schmidt;4;Jonathon Niese;0,9578
Jason Schmidt;5;Dennis Martinez;0,9563
Jason Smith;1;Chet Lemon;0,9841
Jason Smith;2;Dustin Ackley;0,9803
Jason Smith;3;Bob Dernier;0,9771
Jason Smith;4;George Kottaras;0,9735
Jason Smith;5;Lee Stevens;0,9622
Jason Varitek;1;Gaby Sanchez;0,9987
Jason Varitek;2;Dustin Pedroia;0,9968
Jason Varitek;3;Craig Gentry;0,9964
Jason Varitek;4;Jose Oquendo;0,9962
Jason Varitek;5;Ben Revere;0,996
Javier Lopez;1;Dwight Gooden;0,9908
Javier Lopez;2;Jason Schmidt;0,9651
Javier Lopez;3;Matt Walbeck;0,9581
Javier Lopez;4;Dennis Martinez;0,9469
Javier Lopez;5;Ricky Nolasco;0,9452
Javier Valentin;1;Sean Bergman;0,9374
Javier Valentin;2;Cal Eldred;0,8714
Javier Valentin;3;Steve Cooke;0,8546
Javier Valentin;4;Mike Sweeney;0,8515
Javier Valentin;5;David West;0,809
Javier Vazquez;1;Scott Baker;0,9884
Javier Vazquez;2;Jay Powell;0,9877
Javier Vazquez;3;David West;0,9874
Javier Vazquez;4;Ricky Bottalico;0,98
Javier Vazquez;5;C. J. Wilson;0,9747
Javy Lopez;1;Craig Worthington;0,9971
Javy Lopez;2;Ruben Rivera;0,996
Javy Lopez;3;Pedro Munoz;0,9948
Javy Lopez;4;Steve Lake;0,994
Javy Lopez;5;Derek Jeter;0,9936
Jay Bell;1;Adrian Gonzalez;0,9903
Jay Bell;2;Matt Franco;0,9896
Jay Bell;3;Vernon Wells;0,9869
Jay Bell;4;Damian Miller;0,9826
Jay Bell;5;Gabe Gross;0,9728
Jay Bruce;1;Neil Walker;0,9992
Jay Bruce;2;Hunter Pence;0,998
Jay Bruce;3;A. J. Ellis;0,9971
Jay Bruce;4;Matt Holliday;0,9959
Jay Bruce;5;Dustin Pedroia;0,9957
Jay Buhner;1;Kirby Puckett;0,9959
Jay Buhner;2;Joe Carter;0,9918
Jay Buhner;3;Michael Tucker;0,989
Jay Buhner;4;Brian Giles;0,9877
Jay Buhner;5;Ron Coomer;0,987
Jay Gibbons;1;Felix Jose;0,9969
Jay Gibbons;2;Luis Rivas;0,9912
Jay Gibbons;3;Randy Milligan;0,991
Jay Gibbons;4;F. P. Santangelo;0,989
Jay Gibbons;5;Cliff Pennington;0,9882
Jay Payton;1;Marvell Wynne;0,9986
Jay Payton;2;Robert Fick;0,998
Jay Payton;3;Austin Jackson;0,9847
Jay Payton;4;Fernando Tatis;0,981
Jay Payton;5;Jon Nunnally;0,9808
Jay Powell;1;Ricky Bottalico;0,9981
Jay Powell;2;David West;0,9968
Jay Powell;3;C. J. Wilson;0,9967
Jay Powell;4;Alvaro Espinoza;0,9942
Jay Powell;5;Jason Bere;0,9927
Jay Witasick;1;Midre Cummings;0,9986
Jay Witasick;2;Joey Hamilton;0,9981
Jay Witasick;3;Jake Peavy;0,9979
Jay Witasick;4;Jeff Parrett;0,9975
Jay Witasick;5;Odalis Perez;0,9971
Jayson Nix;1;Tony Tarasco;0,9908
Jayson Nix;2;Erik Bedard;0,9853
Jayson Nix;3;Raul Ibanez;0,9678
Jayson Nix;4;Jarrod Dyson;0,96
Jayson Nix;5;Travis Wood;0,9571
Jayson Werth;1;Adrian Gonzalez;0,9888
Jayson Werth;2;Mike LaValliere;0,979
Jayson Werth;3;Damian Miller;0,9787
Jayson Werth;4;Darren Bragg;0,9774
Jayson Werth;5;Bengie Molina;0,9774
Jed Lowrie;1;Raul Chavez;0,9939
Jed Lowrie;2;Kevin Jordan;0,9848
Jed Lowrie;3;Harold Reynolds;0,9794
Jed Lowrie;4;Mike Aviles;0,9762
Jed Lowrie;5;Casey Kotchman;0,9725
Jeff Bagwell;1;Fred McGriff;0,9959
Jeff Bagwell;2;Victor Martinez;0,9939
Jeff Bagwell;3;Salvador Perez;0,9935
Jeff Bagwell;4;Juan Rivera;0,9926
Jeff Bagwell;5;Marquis Grissom;0,9924
Jeff Baker;1;Jose Vidro;0,9782
Jeff Baker;2;Mike Lieberthal;0,9593
Jeff Baker;3;Lance Blankenship;0,9504
Jeff Baker;4;Dillon Gee;0,9497
Jeff Baker;5;Ed Taubensee;0,9289
Jeff Blauser;1;Rondell White;0,9797
Jeff Blauser;2;Brandon Crawford;0,9769
Jeff Blauser;3;Ernie Riles;0,9763
Jeff Blauser;4;Yonder Alonso;0,9752
Jeff Blauser;5;Sean Burroughs;0,9741
Jeff Branson;1;Wily Mo Peña;0,9889
Jeff Branson;2;Mark Grudzielanek;0,9858
Jeff Branson;3;Raul Chavez;0,9831
Jeff Branson;4;Jack Wilson;0,9805
Jeff Branson;5;Dave Hollins;0,9729
Jeff Brantley;1;Luis Matos;0,9954
Jeff Brantley;2;Mark Portugal;0,9797
Jeff Brantley;3;Gary Thurman;0,9754
Jeff Brantley;4;Mike Felder;0,9635
Jeff Brantley;5;Tom Goodwin;0,9614
Jeff Cirillo;1;Allen Craig;0,9908
Jeff Cirillo;2;Glenn Braggs;0,9799
Jeff Cirillo;3;Chris Iannetta;0,9793
Jeff Cirillo;4;Billy Butler;0,9686
Jeff Cirillo;5;Matt Franco;0,9661
Jeff Conine;1;Darryl Hamilton;0,9977
Jeff Conine;2;Will Clark;0,9973
Jeff Conine;3;Carlos Delgado;0,9964
Jeff Conine;4;David Wright;0,9956
Jeff Conine;5;Josh Hamilton;0,9953
Jeff DaVanon;1;Jeff Frye;0,9891
Jeff DaVanon;2;Josh Bard;0,9595
Jeff DaVanon;3;Damon Buford;0,9505
Jeff DaVanon;4;Mike Gallego;0,9474
Jeff DaVanon;5;CC Sabathia;0,9421
Jeff Fassero;1;Charlie Morton;0,9819
Jeff Fassero;2;Salomon Torres;0,9691
Jeff Fassero;3;Esteban Loaiza;0,9666
Jeff Fassero;4;Carl Pavano;0,9656
Jeff Fassero;5;Josh Johnson;0,9641
Jeff Francis;1;Brandon Morrow;0,9929
Jeff Francis;2;Daniel Cabrera;0,9911
Jeff Francis;3;John Grabow;0,9887
Jeff Francis;4;Dave Bush;0,9798
Jeff Francis;5;Larry Andersen;0,9791
Jeff Francoeur;1;Felix Jose;0,9961
Jeff Francoeur;2;Craig Gentry;0,9958
Jeff Francoeur;3;Matt Carpenter;0,99
Jeff Francoeur;4;Willie Bloomquist;0,9897
Jeff Francoeur;5;Gaby Sanchez;0,9882
Jeff Frye;1;Jeff DaVanon;0,9891
Jeff Frye;2;Jamey Carroll;0,9607
Jeff Frye;3;Josh Bard;0,9495
Jeff Frye;4;Chris Gomez;0,945
Jeff Frye;5;Ichiro Suzuki;0,9433
Jeff Hamilton;1;Bob Forsch;0,9382
Jeff Hamilton;2;Lance Blankenship;0,9312
Jeff Hamilton;3;Bob Dernier;0,927
Jeff Hamilton;4;Chet Lemon;0,9195
Jeff Hamilton;5;Albert Belle;0,9148
Jeff Huson;1;Pablo Ozuna;0,9909
Jeff Huson;2;Danny Valencia;0,9878
Jeff Huson;3;Tom Lawless;0,9851
Jeff Huson;4;Dave Veres;0,9407
Jeff Huson;5;Mike Huff;0,9303
Jeff Juden;1;Kirk Rueter;0,9671
Jeff Juden;2;Brian Williams;0,9654
Jeff Juden;3;Zach Duke;0,9466
Jeff Juden;4;Alex Trevino;0,9464
Jeff Juden;5;Jerome Williams;0,9411
Jeff Kent;1;Travis Fryman;0,9978
Jeff Kent;2;Paul O'Neill;0,9968
Jeff Kent;3;Pete O'Brien;0,9962
Jeff Kent;4;Oddibe McDowell;0,9961
Jeff Kent;5;Preston Wilson;0,996
Jeff Keppinger;1;Everth Cabrera;0,9905
Jeff Keppinger;2;Chris Singleton;0,9904
Jeff Keppinger;3;Carlos Febles;0,9847
Jeff Keppinger;4;John Shelby;0,9753
Jeff Keppinger;5;Tom Brunansky;0,975
Jeff King;1;Ben Broussard;0,9947
Jeff King;2;Colby Rasmus;0,9943
Jeff King;3;Shea Hillenbrand;0,994
Jeff King;4;Orlando Hudson;0,9932
Jeff King;5;Asdrubal Cabrera;0,9904
Jeff Manto;1;Bob Smith;0,9777
Jeff Manto;2;Brian Daubach;0,9685
Jeff Manto;3;Willie Randolph;0,9437
Jeff Manto;4;Craig Wilson;0,9282
Jeff Manto;5;Tyler Flowers;0,9252
Jeff Mathis;1;Franklin Morales;0,9668
Jeff Mathis;2;Juan Cruz;0,9621
Jeff Mathis;3;John Halama;0,9575
Jeff Mathis;4;Matt LeCroy;0,9227
Jeff Mathis;5;Jarrod Dyson;0,9218
Jeff Parrett;1;Todd Ritchie;0,9976
Jeff Parrett;2;Jay Witasick;0,9975
Jeff Parrett;3;Odalis Perez;0,997
Jeff Parrett;4;Joey Hamilton;0,9967
Jeff Parrett;5;Roy Oswalt;0,9961
Jeff Reboulet;1;Esmil Rogers;0,9614
Jeff Reboulet;2;Ed Romero;0,9045
Jeff Reboulet;3;Justin Smoak;0,9032
Jeff Reboulet;4;Nelson Liriano;0,8944
Jeff Reboulet;5;Einar Diaz;0,8864
Jeff Reed;1;Dennis Cook;0,9691
Jeff Reed;2;Luis Matos;0,9645
Jeff Reed;3;Gary Thurman;0,9352
Jeff Reed;4;Felix Heredia;0,9205
Jeff Reed;5;Mike LaCoss;0,9194
Jeff Robinson;1;Tripp Cromer;0,9912
Jeff Robinson;2;Mark Smith;0,9857
Jeff Robinson;3;Wil Nieves;0,9821
Jeff Robinson;4;Alberto Castillo;0,9814
Jeff Robinson;5;Butch Huskey;0,9758
Jeff Samardzija;1;Rick Porcello;0,9698
Jeff Samardzija;2;John Franco;0,9675
Jeff Samardzija;3;Mike Benjamin;0,9524
Jeff Samardzija;4;Russ Morman;0,9431
Jeff Samardzija;5;Andy Benes;0,9237
Jeff Shaw;1;Brian Bohanon;0,995
Jeff Shaw;2;Jaret Wright;0,9921
Jeff Shaw;3;Jason Bere;0,9905
Jeff Shaw;4;C. J. Wilson;0,9901
Jeff Shaw;5;Travis Wood;0,9891
Jeff Suppan;1;Nick Blackburn;0,955
Jeff Suppan;2;Justin Masterson;0,9432
Jeff Suppan;3;Adam Rosales;0,9386
Jeff Suppan;4;Jake Arrieta;0,9381
Jeff Suppan;5;Todd Wellemeyer;0,9127
Jeff Treadway;1;Greg Walker;0,9954
Jeff Treadway;2;Scott Hatteberg;0,9949
Jeff Treadway;3;Kendrys Morales;0,9946
Jeff Treadway;4;Glenallen Hill;0,9857
Jeff Treadway;5;Chris Heisey;0,9846
Jeff Weaver;1;Darren Dreifort;0,9938
Jeff Weaver;2;Paul Byrd;0,9916
Jeff Weaver;3;Zack Greinke;0,9896
Jeff Weaver;4;Russ Ortiz;0,9861
Jeff Weaver;5;J. R. Phillips;0,9845
Jeffrey Hammonds;1;Andres Torres;0,997
Jeffrey Hammonds;2;Donnie Sadler;0,9957
Jeffrey Hammonds;3;John Kruk;0,9831
Jeffrey Hammonds;4;Casey McGehee;0,9831
Jeffrey Hammonds;5;Ken Griffey;0,9821
Jeffrey Leonard;1;Brian Boehringer;0,9503
Jeffrey Leonard;2;Dan Plesac;0,8914
Jeffrey Leonard;3;Lee Mazzilli;0,8521
Jeffrey Leonard;4;R. A. Dickey;0,8514
Jeffrey Leonard;5;Juan Cruz;0,8422
Jerald Clark;1;Dave Berg;0,9926
Jerald Clark;2;Sid Bream;0,9917
Jerald Clark;3;Dan Pasqua;0,9915
Jerald Clark;4;Luis Alicea;0,9914
Jerald Clark;5;Damon Berryhill;0,9895
Jered Weaver;1;Ian Kennedy;0,9848
Jered Weaver;2;Jake Arrieta;0,9801
Jered Weaver;3;Ricky Nolasco;0,9541
Jered Weaver;4;Tim Hudson;0,9539
Jered Weaver;5;Justin Masterson;0,9442
Jeremy Affeldt;1;Mike Huff;0,9873
Jeremy Affeldt;2;J. R. Phillips;0,9803
Jeremy Affeldt;3;Chuck Carr;0,9783
Jeremy Affeldt;4;Dan Haren;0,9669
Jeremy Affeldt;5;Edwin Jackson;0,9647
Jeremy Bonderman;1;John Lackey;0,998
Jeremy Bonderman;2;Jeremy Hernandez;0,9972
Jeremy Bonderman;3;Justin Verlander;0,995
Jeremy Bonderman;4;Brandon Duckworth;0,9931
Jeremy Bonderman;5;Brandon McCarthy;0,9825
Jeremy Giambi;1;Collin Cowgill;0,9879
Jeremy Giambi;2;Wallace Johnson;0,9868
Jeremy Giambi;3;Angel Pagan;0,979
Jeremy Giambi;4;Fernando Tatis;0,9763
Jeremy Giambi;5;Nate Schierholtz;0,9739
Jeremy Guthrie;1;Rick Ankiel;0,9955
Jeremy Guthrie;2;Brett Myers;0,9835
Jeremy Guthrie;3;Dave Burba;0,975
Jeremy Guthrie;4;John Danks;0,9679
Jeremy Guthrie;5;Orlando Hernandez;0,9588
Jeremy Hellickson;1;Miguel Batista;0,9983
Jeremy Hellickson;2;John Riedling;0,997
Jeremy Hellickson;3;Kelly Downs;0,9968
Jeremy Hellickson;4;James Baldwin;0,9962
Jeremy Hellickson;5;Shawn Green;0,9877
Jeremy Hermida;1;Ryan Flaherty;0,985
Jeremy Hermida;2;Pat Tabler;0,9701
Jeremy Hermida;3;Jonathan Herrera;0,97
Jeremy Hermida;4;Greg Colbrunn;0,969
Jeremy Hermida;5;Desmond Jennings;0,9669
Jeremy Hernandez;1;Jeremy Bonderman;0,9972
Jeremy Hernandez;2;Justin Verlander;0,9955
Jeremy Hernandez;3;John Lackey;0,9921
Jeremy Hernandez;4;Steve Avery;0,9887
Jeremy Hernandez;5;Joey Eischen;0,9862
Jermaine Dye;1;Eddie Perez;0,9822
Jermaine Dye;2;Glenn Wilson;0,9801
Jermaine Dye;3;Orlando Cabrera;0,9773
Jermaine Dye;4;Steve Balboni;0,9733
Jermaine Dye;5;Ryan Thompson;0,9644
Jerome Walton;1;Adam Melhuse;0,9994
Jerome Walton;2;Eric Bruntlett;0,9934
Jerome Walton;3;John Mayberry;0,9915
Jerome Walton;4;Nori Aoki;0,9844
Jerome Walton;5;Thad Bosley;0,9841
Jerome Williams;1;Brian Williams;0,9815
Jerome Williams;2;Wade Miley;0,966
Jerome Williams;3;Kevin Jarvis;0,9553
Jerome Williams;4;Jeff Juden;0,9411
Jerome Williams;5;Gavin Floyd;0,9405
Jeromy Burnitz;1;Keith Lockhart;0,9836
Jeromy Burnitz;2;Mark Grudzielanek;0,9783
Jeromy Burnitz;3;Felipe Crespo;0,9779
Jeromy Burnitz;4;Jeff Branson;0,9674
Jeromy Burnitz;5;Raul Chavez;0,9645
Jerry Browne;1;Peter Bourjos;0,9881
Jerry Browne;2;Randy Winn;0,9856
Jerry Browne;3;Chris Johnson;0,9824
Jerry Browne;4;Joe Orsulak;0,9813
Jerry Browne;5;Clint Barmes;0,9813
Jerry Dipoto;1;Chad Durbin;0,9983
Jerry Dipoto;2;Albie Lopez;0,9973
Jerry Dipoto;3;Denny Neagle;0,9971
Jerry Dipoto;4;Glendon Rusch;0,9967
Jerry Dipoto;5;Jorge De La Rosa;0,9962
Jerry Hairston;1;Brett Gardner;0,9948
Jerry Hairston;2;Corey Hart;0,9927
Jerry Hairston;3;Luis Rivas;0,9915
Jerry Hairston;4;Felix Jose;0,9914
Jerry Hairston;5;Randy Milligan;0,9907
Jesse Barfield;1;Homer Bush;0,997
Jesse Barfield;2;R. J. Reynolds;0,9963
Jesse Barfield;3;Jesse Orosco;0,9898
Jesse Barfield;4;Oddibe McDowell;0,9881
Jesse Barfield;5;Craig Monroe;0,9862
Jesse Levis;1;Ricky Ledee;0,998
Jesse Levis;2;Mike Bordick;0,9964
Jesse Levis;3;Brent Gates;0,9963
Jesse Levis;4;Dwight Smith;0,9963
Jesse Levis;5;Aubrey Huff;0,9955
Jesse Orosco;1;Adam Lind;0,9993
Jesse Orosco;2;Jim Presley;0,9987
Jesse Orosco;3;Ken Dayley;0,9977
Jesse Orosco;4;Ryan Howard;0,9976
Jesse Orosco;5;Damon Berryhill;0,997
Jhonny Peralta;1;Ivan Calderon;0,9988
Jhonny Peralta;2;Rob Deer;0,9986
Jhonny Peralta;3;Jody Reed;0,9975
Jhonny Peralta;4;Roberto Alomar;0,9974
Jhonny Peralta;5;David Justice;0,9969
Jim Bullinger;1;Mark Petkovsek;0,9933
Jim Bullinger;2;Greg McMichael;0,9898
Jim Bullinger;3;Gabe White;0,988
Jim Bullinger;4;Brad Penny;0,9871
Jim Bullinger;5;Brian Meadows;0,985
Jim Deshaies;1;Brian Meadows;0,9959
Jim Deshaies;2;John Smoltz;0,9954
Jim Deshaies;3;Brad Penny;0,993
Jim Deshaies;4;John Burkett;0,991
Jim Deshaies;5;Rob Dibble;0,9896
Jim Dwyer;1;Dave Dravecky;0,959
Jim Dwyer;2;Greg Swindell;0,9425
Jim Dwyer;3;Juan Nicasio;0,9297
Jim Dwyer;4;Darren Holmes;0,9173
Jim Dwyer;5;Andy McGaffigan;0,8926
Jim Edmonds;1;Troy Glaus;0,9721
Jim Edmonds;2;Kelly Gruber;0,9714
Jim Edmonds;3;Brook Fordyce;0,9666
Jim Edmonds;4;John Tudor;0,9644
Jim Edmonds;5;Alberto Callaspo;0,9606
Jim Eisenreich;1;Andres Thomas;0,9623
Jim Eisenreich;2;Clint Barmes;0,9603
Jim Eisenreich;3;J. T. Snow;0,9567
Jim Eisenreich;4;Tony Batista;0,9507
Jim Eisenreich;5;Ross Gload;0,9497
Jim Gantner;1;Dave Collins;0,9887
Jim Gantner;2;Pedro Alvarez;0,9748
Jim Gantner;3;R. A. Dickey;0,9655
Jim Gantner;4;Emil Brown;0,9545
Jim Gantner;5;Kim Batiste;0,9381
Jim Gott;1;Craig Reynolds;0,9762
Jim Gott;2;Barry Lyons;0,9544
Jim Gott;3;John Mayberry;0,9518
Jim Gott;4;Jody Gerut;0,9513
Jim Gott;5;Jose Tabata;0,9488
Jim Leyritz;1;Troy Glaus;0,9862
Jim Leyritz;2;Erick Aybar;0,9816
Jim Leyritz;3;Brook Fordyce;0,9807
Jim Leyritz;4;Pokey Reese;0,977
Jim Leyritz;5;Brady Clark;0,9766
Jim Presley;1;Jesse Orosco;0,9987
Jim Presley;2;Terrence Long;0,9979
Jim Presley;3;Don Mattingly;0,9963
Jim Presley;4;Chuck Knoblauch;0,9947
Jim Presley;5;Sid Bream;0,9938
Jim Rice;1;Greg Briley;0,9977
Jim Rice;2;Kevin Mitchell;0,9959
Jim Rice;3;Thad Bosley;0,9958
Jim Rice;4;Al Martin;0,9956
Jim Rice;5;Frank White;0,9956
Jim Thome;1;Albert Belle;0,9762
Jim Thome;2;Chris Davis;0,9645
Jim Thome;3;Derrek Lee;0,9549
Jim Thome;4;Ronny Paulino;0,9545
Jim Thome;5;Brandon Backe;0,9522
Jimmy Anderson;1;Russ Morman;0,9797
Jimmy Anderson;2;Mitch Williams;0,9778
Jimmy Anderson;3;Robert Person;0,976
Jimmy Anderson;4;Russ Ortiz;0,9727
Jimmy Anderson;5;Darren Oliver;0,9684
Jimmy Haynes;1;Paul Maholm;0,9897
Jimmy Haynes;2;Kent Mercker;0,9882
Jimmy Haynes;3;Wandy Rodriguez;0,9881
Jimmy Haynes;4;Clayton Richard;0,9861
Jimmy Haynes;5;Johnny Cueto;0,9856
Jimmy Rollins;1;Nori Aoki;0,9994
Jimmy Rollins;2;Gene Larkin;0,9992
Jimmy Rollins;3;Ryan Klesko;0,9975
Jimmy Rollins;4;Brian McCann;0,9968
Jimmy Rollins;5;Richie Sexson;0,9964
Jody Davis;1;Rickie Weeks;0,9738
Jody Davis;2;Bill Buckner;0,9684
Jody Davis;3;Barry Lyons;0,9674
Jody Davis;4;Kosuke Fukudome;0,9625
Jody Davis;5;Ozzie Virgil;0,961
Jody Gerut;1;Jorge Cantu;0,9996
Jody Gerut;2;Steve Buechele;0,9969
Jody Gerut;3;Joe Mauer;0,9964
Jody Gerut;4;David Ortiz;0,9956
Jody Gerut;5;Rafael Furcal;0,9946
Jody Reed;1;Quilvio Veras;0,9982
Jody Reed;2;Jhonny Peralta;0,9975
Jody Reed;3;Ivan Calderon;0,9967
Jody Reed;4;Albert Pujols;0,9963
Jody Reed;5;Brian McCann;0,9963
Joe Blanton;1;Ugueth Urbina;0,9847
Joe Blanton;2;Todd Worrell;0,9837
Joe Blanton;3;Tim Hudson;0,9649
Joe Blanton;4;Nick Blackburn;0,9627
Joe Blanton;5;Ian Kennedy;0,9625
Joe Carter;1;Kirby Puckett;0,9983
Joe Carter;2;Luis Rivas;0,9959
Joe Carter;3;Ron Coomer;0,9954
Joe Carter;4;Mike Lowell;0,9943
Joe Carter;5;Prince Fielder;0,9936
Joe Crede;1;Jon Jay;0,9989
Joe Crede;2;Carlos Santana;0,9943
Joe Crede;3;Steve Finley;0,9941
Joe Crede;4;Justin Turner;0,9929
Joe Crede;5;Kevin Youkilis;0,9928
Joe Girardi;1;Ryan Langerhans;0,9912
Joe Girardi;2;Jeffrey Hammonds;0,9791
Joe Girardi;3;Andres Torres;0,9749
Joe Girardi;4;David DeJesus;0,9738
Joe Girardi;5;Coco Crisp;0,9708
Joe Magrane;1;Don Carman;0,9883
Joe Magrane;2;Juan Nicasio;0,9864
Joe Magrane;3;Vicente Palacios;0,9863
Joe Magrane;4;Rob Murphy;0,9832
Joe Magrane;5;Ken Hill;0,9694
Joe Mauer;1;Adam Dunn;0,9983
Joe Mauer;2;Jody Gerut;0,9964
Joe Mauer;3;Larry Sheets;0,9947
Joe Mauer;4;Trot Nixon;0,9938
Joe Mauer;5;Jason Heyward;0,9932
Joe Mays;1;Kyle Lohse;0,934
Joe Mays;2;Kyle Blanks;0,9259
Joe Mays;3;Randy Myers;0,9202
Joe Mays;4;Cliff Floyd;0,9144
Joe Mays;5;Tommy Greene;0,9124
Joe McEwing;1;Rex Hudler;0,9904
Joe McEwing;2;Gary Matthews;0,9879
Joe McEwing;3;Todd Hollandsworth;0,9859
Joe McEwing;4;Eric Byrnes;0,9856
Joe McEwing;5;Brian Roberts;0,981
Joe Nathan;1;Clay Hensley;0,9393
Joe Nathan;2;Rob Ducey;0,9024
Joe Nathan;3;Kyle Lohse;0,8869
Joe Nathan;4;Danny Heep;0,8852
Joe Nathan;5;Herm Winningham;0,8803
Joe Oliver;1;Wes Chamberlain;0,9972
Joe Oliver;2;Oddibe McDowell;0,988
Joe Oliver;3;Adam Melhuse;0,9849
Joe Oliver;4;Pete O'Brien;0,9826
Joe Oliver;5;Jose Macias;0,9826
Joe Orsulak;1;Yadier Molina;0,9903
Joe Orsulak;2;Tony Batista;0,9833
Joe Orsulak;3;Andres Thomas;0,9829
Joe Orsulak;4;Mickey Tettleton;0,982
Joe Orsulak;5;Carlos Beltran;0,9814
Joe Price;1;Tommy Gregg;0,9906
Joe Price;2;Morgan Ensberg;0,9836
Joe Price;3;Todd Van Poppel;0,9781
Joe Price;4;Nick Esasky;0,9686
Joe Price;5;David Dellucci;0,951
Joe Randa;1;Mike Aviles;0,9846
Joe Randa;2;Jarrod Dyson;0,9807
Joe Randa;3;Carlos Guillen;0,9793
Joe Randa;4;Matt LeCroy;0,9782
Joe Randa;5;Manuel Lee;0,9717
Joe Saunders;1;Scott Feldman;0,9993
Joe Saunders;2;Cory Lidle;0,9985
Joe Saunders;3;Randy Johnson;0,9984
Joe Saunders;4;Kevin Brown;0,9975
Joe Saunders;5;Roy Halladay;0,9975
Joel Pineiro;1;Gio Gonzalez;0,9945
Joel Pineiro;2;Kyle Kendrick;0,992
Joel Pineiro;3;Kris Benson;0,991
Joel Pineiro;4;John Riedling;0,9893
Joel Pineiro;5;Jon Lieber;0,9848
Joel Skinner;1;Mike Cameron;0,9843
Joel Skinner;2;Luis Lopez;0,9736
Joel Skinner;3;Tom Goodwin;0,9704
Joel Skinner;4;Dennis Martinez;0,9589
Joel Skinner;5;Jonathon Niese;0,9562
Joel Youngblood;1;Reed Johnson;0,9956
Joel Youngblood;2;Darwin Barney;0,9901
Joel Youngblood;3;Rey Sanchez;0,9898
Joel Youngblood;4;Dale Sveum;0,9864
Joel Youngblood;5;Yuniesky Betancourt;0,9832
Joey Cora;1;Charles Johnson;0,9949
Joey Cora;2;Brent Gates;0,9938
Joey Cora;3;Frank White;0,9926
Joey Cora;4;Terrence Long;0,9923
Joey Cora;5;Carlos Gonzalez;0,9915
Joey Eischen;1;Brandon McCarthy;0,9949
Joey Eischen;2;David Weathers;0,9911
Joey Eischen;3;LaTroy Hawkins;0,991
Joey Eischen;4;Tomo Ohka;0,9892
Joey Eischen;5;Yusmeiro Petit;0,9874
Joey Hamilton;1;Odalis Perez;0,9989
Joey Hamilton;2;Bob Kipper;0,9989
Joey Hamilton;3;Roy Oswalt;0,9984
Joey Hamilton;4;Tim Belcher;0,9982
Joey Hamilton;5;Jay Witasick;0,9981
Joey Votto;1;Mitch Moreland;0,9984
Joey Votto;2;Placido Polanco;0,9955
Joey Votto;3;Ryan Sweeney;0,9947
Joey Votto;4;Nick Swisher;0,9945
Joey Votto;5;Desmond Jennings;0,9944
Johan Santana;1;Greg Harris;0,9957
Johan Santana;2;Amaury Telemaco;0,9935
Johan Santana;3;Scott Feldman;0,9909
Johan Santana;4;Joe Saunders;0,99
Johan Santana;5;Randy Johnson;0,9897
John Baker;1;Mike Simms;0,971
John Baker;2;Lenny Webster;0,9669
John Baker;3;Steve Lyons;0,9523
John Baker;4;Glenn Wilson;0,9507
John Baker;5;Ryan Thompson;0,9493
John Buck;1;Kyle Seager;0,9901
John Buck;2;Desmond Jennings;0,9888
John Buck;3;Nelson Liriano;0,9814
John Buck;4;Mark Trumbo;0,9811
John Buck;5;Ryan Sweeney;0,9795
John Burkett;1;Brian Meadows;0,9991
John Burkett;2;Darrell May;0,9963
John Burkett;3;John Smoltz;0,9962
John Burkett;4;Matt Clement;0,9956
John Burkett;5;Jim Deshaies;0,991
John Cangelosi;1;Andres Thomas;0,9696
John Cangelosi;2;Everth Cabrera;0,9691
John Cangelosi;3;Jon Nunnally;0,9444
John Cangelosi;4;Jose Tabata;0,9269
John Cangelosi;5;Carlos Febles;0,9104
John Danks;1;Danny Jackson;0,9723
John Danks;2;Jeremy Guthrie;0,9679
John Danks;3;Brett Myers;0,9632
John Danks;4;Rick Ankiel;0,9589
John Danks;5;Dave Burba;0,9456
John Flaherty;1;Ed Whitson;0,9854
John Flaherty;2;Brandon Morrow;0,9755
John Flaherty;3;Kevin Appier;0,9732
John Flaherty;4;Carlos Perez;0,9729
John Flaherty;5;Dave Bush;0,9704
John Franco;1;Andy Benes;0,9856
John Franco;2;Xavier Hernandez;0,9808
John Franco;3;Nick Blackburn;0,9787
John Franco;4;Jeff Samardzija;0,9675
John Franco;5;Mike Benjamin;0,9551
John Grabow;1;Tim Burke;0,9985
John Grabow;2;Barry Zito;0,9982
John Grabow;3;Nate Robertson;0,9947
John Grabow;4;Mike Remlinger;0,9943
John Grabow;5;Mike Lincoln;0,9936
John Halama;1;Juan Cruz;0,9915
John Halama;2;Franklin Morales;0,9894
John Halama;3;Darren Lewis;0,9738
John Halama;4;Jeff Mathis;0,9575
John Halama;5;Tony Tarasco;0,9491
John Jaha;1;Jon Nunnally;0,997
John Jaha;2;Marvell Wynne;0,9931
John Jaha;3;Peter Bourjos;0,9746
John Jaha;4;Jose Tabata;0,9657
John Jaha;5;Gordon Beckham;0,9655
John Jaso;1;Don Robinson;0,9953
John Jaso;2;Steve Sax;0,9902
John Jaso;3;Brendan Ryan;0,99
John Jaso;4;Mark McGwire;0,9899
John Jaso;5;Robb Quinlan;0,9891
John Kruk;1;Josh Reddick;0,9982
John Kruk;2;Ike Davis;0,9977
John Kruk;3;Salvador Perez;0,9974
John Kruk;4;Mike Greenwell;0,9969
John Kruk;5;Chone Figgins;0,9966
John Lackey;1;Jeremy Bonderman;0,998
John Lackey;2;Jeremy Hernandez;0,9921
John Lackey;3;Justin Verlander;0,9906
John Lackey;4;Bill Landrum;0,9902
John Lackey;5;Brandon McCarthy;0,9881
John Mabry;1;Dave Nilsson;0,9951
John Mabry;2;Mike Moustakas;0,9902
John Mabry;3;Randy Milligan;0,9848
John Mabry;4;Greg Walker;0,9834
John Mabry;5;Jose Altuve;0,9818
John Marzano;1;Donne Wall;0,9886
John Marzano;2;Karim Garcia;0,985
John Marzano;3;Erik Bedard;0,97
John Marzano;4;Ron Tingley;0,9473
John Marzano;5;Benji Gil;0,9442
John Mayberry;1;Eric Bruntlett;0,9976
John Mayberry;2;Willie Harris;0,9951
John Mayberry;3;Juan Samuel;0,994
John Mayberry;4;Mike Devereaux;0,9936
John Mayberry;5;Mickey Morandini;0,9934
John McDonald;1;Greg Harris;0,9897
John McDonald;2;Gil Meche;0,9878
John McDonald;3;Brian Bohanon;0,985
John McDonald;4;Jordan Zimmermann;0,9839
John McDonald;5;Gary Disarcina;0,9799
John Morris;1;Jeff Cirillo;0,9612
John Morris;2;Alan Trammell;0,961
John Morris;3;Matt Franco;0,9455
John Morris;4;Stephen Drew;0,9451
John Morris;5;Troy Glaus;0,9382
John Olerud;1;Mark Lemke;0,9975
John Olerud;2;Albert Pujols;0,9971
John Olerud;3;Johnny Estrada;0,9966
John Olerud;4;Brian McCann;0,9964
John Olerud;5;Quilvio Veras;0,9963
John Riedling;1;Kelly Downs;0,9992
John Riedling;2;Jeremy Hellickson;0,997
John Riedling;3;Miguel Batista;0,9942
John Riedling;4;James Baldwin;0,992
John Riedling;5;Joel Pineiro;0,9893
John Shelby;1;Luis Aguayo;0,9909
John Shelby;2;Mike Krukow;0,9876
John Shelby;3;Carlos Febles;0,9804
John Shelby;4;Bernard Gilkey;0,9791
John Shelby;5;Craig Reynolds;0,9768
John Smiley;1;Dave Bush;0,9995
John Smiley;2;J. A. Happ;0,9938
John Smiley;3;Mat Latos;0,9929
John Smiley;4;Clayton Kershaw;0,9894
John Smiley;5;Mark Mulder;0,9885
John Smoltz;1;Brian Meadows;0,9982
John Smoltz;2;John Burkett;0,9962
John Smoltz;3;Jim Deshaies;0,9954
John Smoltz;4;Darrell May;0,9929
John Smoltz;5;Brad Penny;0,9927
John Thomson;1;Dave Bush;0,9707
John Thomson;2;Josh Johnson;0,9494
John Thomson;3;Esteban Loaiza;0,9426
John Thomson;4;Matt Garza;0,9338
John Thomson;5;Roberto Hernandez;0,9294
John Tudor;1;Jim Edmonds;0,9644
John Tudor;2;Francisco Cervelli;0,9541
John Tudor;3;Alan Trammell;0,9491
John Tudor;4;Dmitri Young;0,9463
John Tudor;5;Mark Leiter;0,9375
John Valentin;1;Adam Melhuse;0,9982
John Valentin;2;Ryan Braun;0,9943
John Valentin;3;Pete O'Brien;0,9933
John Valentin;4;Tino Martinez;0,9926
John Valentin;5;Jason Kendall;0,9896
John Vander Wal;1;Claudell Washington;0,9377
John Vander Wal;2;Jacque Jones;0,8881
John Vander Wal;3;Adam Kennedy;0,8878
John Vander Wal;4;Norberto Martin;0,8803
John Vander Wal;5;Scott Brosius;0,8757
John Wehner;1;Neifi Perez;0,9831
John Wehner;2;Travis Wood;0,9778
John Wehner;3;Russ Davis;0,9756
John Wehner;4;Alfredo Amezaga;0,9752
John Wehner;5;Rick White;0,9733
John Wetteland;1;Harry Spilman;0,9722
John Wetteland;2;Stephen Strasburg;0,9695
John Wetteland;3;Jaret Wright;0,9513
John Wetteland;4;Danny Darwin;0,9504
John Wetteland;5;Ricky Bottalico;0,9396
Johnny Cueto;1;Jair Jurrjens;0,9933
Johnny Cueto;2;Wandy Rodriguez;0,9903
Johnny Cueto;3;Armando Reynoso;0,988
Johnny Cueto;4;Jimmy Haynes;0,9856
Johnny Cueto;5;Ben Sheets;0,9828
Johnny Damon;1;Carlos Febles;0,9992
Johnny Damon;2;Mark Salas;0,9979
Johnny Damon;3;Mike Young;0,9958
Johnny Damon;4;Rusty Greer;0,9933
Johnny Damon;5;Dante Bichette;0,9922
Johnny Estrada;1;Greg Briley;0,9993
Johnny Estrada;2;Mark Whiten;0,9989
Johnny Estrada;3;Jose Lopez;0,9976
Johnny Estrada;4;Scott Bradley;0,9971
Johnny Estrada;5;Dave Magadan;0,9967
Johnny Ray;1;Steve Jeltz;0,9351
Johnny Ray;2;Dave Winfield;0,9009
Johnny Ray;3;Dave Henderson;0,8987
Johnny Ray;4;Rick Dempsey;0,8884
Johnny Ray;5;John Vander Wal;0,8715
Jolbert Cabrera;1;Manny Alexander;0,9866
Jolbert Cabrera;2;Cliff Floyd;0,9676
Jolbert Cabrera;3;Doug Fister;0,9562
Jolbert Cabrera;4;Garrett Stephenson;0,9529
Jolbert Cabrera;5;David Wells;0,95
Jon Garland;1;Bob Kipper;0,9996
Jon Garland;2;Tyson Ross;0,9982
Jon Garland;3;Todd Ritchie;0,998
Jon Garland;4;Brett Anderson;0,9972
Jon Garland;5;Jose Lima;0,9971
Jon Jay;1;Joe Crede;0,9989
Jon Jay;2;Kevin Youkilis;0,9978
Jon Jay;3;Carlos Santana;0,996
Jon Jay;4;Steve Finley;0,994
Jon Jay;5;Martin Prado;0,9938
Jon Lester;1;Brandon Webb;0,9971
Jon Lester;2;Mark Clark;0,997
Jon Lester;3;Doug Davis;0,9964
Jon Lester;4;Brett Anderson;0,9958
Jon Lester;5;Francisco Cordova;0,9948
Jon Lieber;1;Kris Benson;0,9977
Jon Lieber;2;Gio Gonzalez;0,9912
Jon Lieber;3;Kyle Kendrick;0,9901
Jon Lieber;4;Bronson Arroyo;0,9891
Jon Lieber;5;Barry Zito;0,9884
Jon Nunnally;1;John Jaha;0,997
Jon Nunnally;2;Ozzie Smith;0,9966
Jon Nunnally;3;Chris Johnson;0,9914
Jon Nunnally;4;Felipe Lopez;0,99
Jon Nunnally;5;Tim Teufel;0,9878
Jonathan Herrera;1;Chase Utley;0,9966
Jonathan Herrera;2;Josh Donaldson;0,9953
Jonathan Herrera;3;Bobby Bonilla;0,9948
Jonathan Herrera;4;Paul Sorrento;0,993
Jonathan Herrera;5;Ryan Flaherty;0,9927
Jonathan Lucroy;1;Mike Morse;0,9947
Jonathan Lucroy;2;Hideki Matsui;0,9923
Jonathan Lucroy;3;Cody Ross;0,9915
Jonathan Lucroy;4;Bengie Molina;0,9908
Jonathan Lucroy;5;Milt Thompson;0,9905
Jonathan Sanchez;1;Jake Arrieta;0,9852
Jonathan Sanchez;2;Ian Kennedy;0,9729
Jonathan Sanchez;3;Tim Redding;0,971
Jonathan Sanchez;4;Tony Peña;0,9659
Jonathan Sanchez;5;Todd Worrell;0,9568
Jonathon Niese;1;Tom Goodwin;0,9822
Jonathon Niese;2;Dennis Martinez;0,98
Jonathon Niese;3;Craig Paquette;0,9714
Jonathon Niese;4;Luis Lopez;0,9671
Jonathon Niese;5;Jason Schmidt;0,9578
Jonny Gomes;1;Tim Flannery;0,9947
Jonny Gomes;2;Pat Listach;0,9887
Jonny Gomes;3;Sam Fuld;0,9641
Jonny Gomes;4;Miguel Cairo;0,9545
Jonny Gomes;5;Curt Ford;0,9439
Jordan Schafer;1;Pedro Feliz;0,9887
Jordan Schafer;2;Mike Difelice;0,9828
Jordan Schafer;3;Wallace Johnson;0,9727
Jordan Schafer;4;Aramis Ramirez;0,9714
Jordan Schafer;5;Wiki Gonzalez;0,9709
Jordan Zimmermann;1;Ubaldo Jimenez;0,9963
Jordan Zimmermann;2;Chris Young;0,9916
Jordan Zimmermann;3;Jose DeLeon;0,9909
Jordan Zimmermann;4;Gil Meche;0,9902
Jordan Zimmermann;5;Greg Harris;0,9849
Jorge Cantu;1;Jody Gerut;0,9996
Jorge Cantu;2;David Ortiz;0,9947
Jorge Cantu;3;Toby Hall;0,9928
Jorge Cantu;4;Lucas Duda;0,9925
Jorge Cantu;5;Joe Mauer;0,992
Jorge De La Rosa;1;Chan Ho Park;0,999
Jorge De La Rosa;2;Tim Lincecum;0,9988
Jorge De La Rosa;3;Chad Durbin;0,9985
Jorge De La Rosa;4;Denny Neagle;0,9979
Jorge De La Rosa;5;Daniel Cabrera;0,9976
Jorge Fabregas;1;Mike Lieberthal;0,9735
Jorge Fabregas;2;Chris Brock;0,9733
Jorge Fabregas;3;Paul Molitor;0,9457
Jorge Fabregas;4;Jose Vidro;0,9366
Jorge Fabregas;5;Lee Stevens;0,936
Jorge Posada;1;Ellis Burks;0,999
Jorge Posada;2;Will Clark;0,9972
Jorge Posada;3;Darryl Hamilton;0,9965
Jorge Posada;4;Danny Tartabull;0,9948
Jorge Posada;5;Gregg Jefferies;0,9947
Jose Altuve;1;B. J. Upton;0,9985
Jose Altuve;2;Wes Helms;0,9978
Jose Altuve;3;Derek Bell;0,9932
Jose Altuve;4;Barry Bonds;0,9927
Jose Altuve;5;Mike Moustakas;0,9902
Jose Bautista;1;Rob Murphy;0,9803
Jose Bautista;2;Sean Bergman;0,9753
Jose Bautista;3;Tom Glavine;0,9703
Jose Bautista;4;Pedro Martinez;0,9703
Jose Bautista;5;Armando Reynoso;0,9628
Jose Canseco;1;Rafael Furcal;0,9928
Jose Canseco;2;Ray Lankford;0,9925
Jose Canseco;3;Richie Sexson;0,9909
Jose Canseco;4;Cory Snyder;0,9904
Jose Canseco;5;Khalil Greene;0,9897
Jose Castillo;1;Corey Patterson;0,9702
Jose Castillo;2;Jerry Hairston;0,9625
Jose Castillo;3;Alex Gordon;0,9619
Jose Castillo;4;A. J. Pierzynski;0,9579
Jose Castillo;5;Martin Prado;0,9565
Jose Contreras;1;Claudio Vargas;0,9891
Jose Contreras;2;Dave Bergman;0,9686
Jose Contreras;3;Jeff Robinson;0,9669
Jose Contreras;4;Kevin Foster;0,9506
Jose Contreras;5;Butch Huskey;0,9451
Jose Cruz;1;Nori Aoki;0,9972
Jose Cruz;2;Alvin Davis;0,997
Jose Cruz;3;Quilvio Veras;0,9951
Jose Cruz;4;Gene Larkin;0,9936
Jose Cruz;5;Johnny Estrada;0,9921
Jose DeLeon;1;Jordan Zimmermann;0,9909
Jose DeLeon;2;Gil Meche;0,9897
Jose DeLeon;3;Greg Harris;0,989
Jose DeLeon;4;Brian Bohanon;0,9883
Jose DeLeon;5;Ron Tingley;0,9869
Jose Guillen;1;Jose Macias;0,9996
Jose Guillen;2;Steve Lyons;0,9903
Jose Guillen;3;Wes Chamberlain;0,9892
Jose Guillen;4;Homer Bush;0,9817
Jose Guillen;5;Glenn Davis;0,9797
Jose Hernandez;1;Keith Lockhart;0,9668
Jose Hernandez;2;Jed Lowrie;0,9667
Jose Hernandez;3;Reggie Jefferson;0,9662
Jose Hernandez;4;Jeromy Burnitz;0,9616
Jose Hernandez;5;Melvin Nieves;0,9583
Jose Lima;1;Tyson Ross;0,9991
Jose Lima;2;Rick Helling;0,9986
Jose Lima;3;Bob Kipper;0,9986
Jose Lima;4;Odalis Perez;0,9985
Jose Lima;5;David Cone;0,9985
Jose Lind;1;Darin Erstad;0,9958
Jose Lind;2;Jesse Orosco;0,9952
Jose Lind;3;Mark Grace;0,9951
Jose Lind;4;Ken Dayley;0,9938
Jose Lind;5;Eric Davis;0,9936
Jose Lopez;1;Johnny Estrada;0,9976
Jose Lopez;2;Greg Briley;0,9968
Jose Lopez;3;Frank White;0,9962
Jose Lopez;4;Mike Young;0,9938
Jose Lopez;5;Thad Bosley;0,993
Jose Macias;1;Jose Guillen;0,9996
Jose Macias;2;Brian McRae;0,9968
Jose Macias;3;Josh Thole;0,9942
Jose Macias;4;Wes Chamberlain;0,9922
Jose Macias;5;Steve Lyons;0,9916
Jose Molina;1;Geronimo Berroa;0,9876
Jose Molina;2;Dennis Cook;0,9627
Jose Molina;3;Bobby Estalella;0,9577
Jose Molina;4;Joel Skinner;0,9246
Jose Molina;5;Mike Felder;0,9181
Jose Offerman;1;Bob Patterson;0,9913
Jose Offerman;2;Al Newman;0,9902
Jose Offerman;3;Scott Hemond;0,9884
Jose Offerman;4;Tripp Cromer;0,9865
Jose Offerman;5;Tim Naehring;0,9811
Jose Oquendo;1;Gaby Sanchez;0,9982
Jose Oquendo;2;Craig Gentry;0,9973
Jose Oquendo;3;Jason Varitek;0,9962
Jose Oquendo;4;Ben Revere;0,9959
Jose Oquendo;5;Kal Daniels;0,9958
Jose Reyes;1;Torii Hunter;0,9972
Jose Reyes;2;Aaron Rowand;0,9938
Jose Reyes;3;Devin Mesoraco;0,9933
Jose Reyes;4;Steve Scarsone;0,9877
Jose Reyes;5;Alcides Escobar;0,9872
Jose Rijo;1;Omar Daal;0,9997
Jose Rijo;2;Paul Wilson;0,9978
Jose Rijo;3;Rick Reed;0,9966
Jose Rijo;4;Phil Hughes;0,9946
Jose Rijo;5;Dennis Rasmussen;0,9931
Jose Tabata;1;Geovany Soto;0,9998
Jose Tabata;2;Jason Heyward;0,9988
Jose Tabata;3;Ramon Hernandez;0,9988
Jose Tabata;4;Pablo Sandoval;0,9974
Jose Tabata;5;Jarrod Saltalamacchia;0,996
Jose Uribe;1;Rajai Davis;0,9942
Jose Uribe;2;Paul Lo Duca;0,9926
Jose Uribe;3;Mark McGwire;0,99
Jose Uribe;4;John Jaso;0,9847
Jose Uribe;5;Deion Sanders;0,9837
Jose Valentin;1;Richard Hidalgo;0,9928
Jose Valentin;2;Lyle Mouton;0,9914
Jose Valentin;3;Chris Denorfia;0,9868
Jose Valentin;4;Carmelo Castillo;0,984
Jose Valentin;5;Marty Barrett;0,9674
Jose Vidro;1;Mike Lieberthal;0,9837
Jose Vidro;2;Jeff Baker;0,9782
Jose Vidro;3;Derrek Lee;0,9594
Jose Vidro;4;Lee Stevens;0,958
Jose Vidro;5;Albert Belle;0,9509
Jose Vizcaino;1;Tyler Colvin;0,981
Jose Vizcaino;2;Ronny Paulino;0,9562
Jose Vizcaino;3;Ryan Vogelsong;0,9312
Jose Vizcaino;4;Chris Davis;0,9307
Jose Vizcaino;5;Michael Bourn;0,9301
Josh Bard;1;Damon Buford;0,9712
Josh Bard;2;Mike Gallego;0,9676
Josh Bard;3;Ruben Tejada;0,9673
Josh Bard;4;Lloyd McClendon;0,9641
Josh Bard;5;Jeff DaVanon;0,9595
Josh Beckett;1;Andy McGaffigan;0,9906
Josh Beckett;2;Dave Dravecky;0,9586
Josh Beckett;3;Wade Miller;0,9518
Josh Beckett;4;Chuck Finley;0,9426
Josh Beckett;5;Scott Sauerbeck;0,9194
Josh Donaldson;1;Carl Crawford;0,9989
Josh Donaldson;2;Chase Utley;0,9983
Josh Donaldson;3;Billy Butler;0,9961
Josh Donaldson;4;Gerardo Parra;0,9957
Josh Donaldson;5;Travis Hafner;0,9953
Josh Fogg;1;Bob Walk;0,9512
Josh Fogg;2;Jolbert Cabrera;0,9427
Josh Fogg;3;Garrett Stephenson;0,9426
Josh Fogg;4;Pete Smith;0,9249
Josh Fogg;5;James Shields;0,9211
Josh Hamilton;1;Carlos Delgado;0,9963
Josh Hamilton;2;Jeff Conine;0,9953
Josh Hamilton;3;Cliff Pennington;0,9941
Josh Hamilton;4;Ellis Burks;0,9937
Josh Hamilton;5;Jason Varitek;0,9931
Josh Harrison;1;Miguel Montero;0,9978
Josh Harrison;2;Juan Uribe;0,9958
Josh Harrison;3;Xavier Nady;0,9908
Josh Harrison;4;Kelly Shoppach;0,9874
Josh Harrison;5;Emilio Bonifacio;0,9848
Josh Johnson;1;John Smiley;0,985
Josh Johnson;2;Esteban Loaiza;0,982
Josh Johnson;3;Dave Bush;0,977
Josh Johnson;4;Matt Garza;0,9753
Josh Johnson;5;Clayton Kershaw;0,9743
Josh Paul;1;Pat Listach;0,992
Josh Paul;2;Tim Flannery;0,9797
Josh Paul;3;Ron Hassey;0,9731
Josh Paul;4;Sam Fuld;0,9711
Josh Paul;5;Curt Ford;0,9702
Josh Reddick;1;Mel Hall;0,9997
Josh Reddick;2;Dean Palmer;0,9996
Josh Reddick;3;Geoff Jenkins;0,9993
Josh Reddick;4;Chris Heisey;0,9992
Josh Reddick;5;Junior Felix;0,9983
Josh Thole;1;Steve Lyons;0,9985
Josh Thole;2;Charlie Hayes;0,9961
Josh Thole;3;Jose Macias;0,9942
Josh Thole;4;Henry Cotto;0,9877
Josh Thole;5;Wayne Tolleson;0,9872
Josh Willingham;1;Corey Koskie;0,9978
Josh Willingham;2;Eric Young;0,9964
Josh Willingham;3;D'Angelo Jimenez;0,9962
Josh Willingham;4;Trot Nixon;0,9957
Josh Willingham;5;Seth Smith;0,9954
Josias Manzanillo;1;Danny Graves;0,9888
Josias Manzanillo;2;Chris Woodward;0,9876
Josias Manzanillo;3;Byung-Hyun Kim;0,9817
Josias Manzanillo;4;Tony Armas;0,9811
Josias Manzanillo;5;Kenny Rogers;0,9767
Juan Agosto;1;Dave Mlicki;0,9969
Juan Agosto;2;Scott Sanders;0,9934
Juan Agosto;3;Kelvim Escobar;0,9926
Juan Agosto;4;Brett Tomko;0,9919
Juan Agosto;5;Victor Zambrano;0,9904
Juan Bell;1;Alfredo Simon;0,9995
Juan Bell;2;Pete Harnisch;0,9995
Juan Bell;3;Cole Hamels;0,9964
Juan Bell;4;Tyson Ross;0,9961
Juan Bell;5;Gary Bennett;0,9959
Juan Castro;1;Russ Morman;0,9688
Juan Castro;2;Ugueth Urbina;0,9668
Juan Castro;3;Trevor Cahill;0,9473
Juan Castro;4;Mitch Williams;0,941
Juan Castro;5;Xavier Hernandez;0,9407
Juan Cruz;1;John Halama;0,9915
Juan Cruz;2;Franklin Morales;0,9877
Juan Cruz;3;Tony Tarasco;0,9734
Juan Cruz;4;Erik Bedard;0,9679
Juan Cruz;5;Luis Rivera;0,9671
Juan Encarnacion;1;Juan Gonzalez;0,9979
Juan Encarnacion;2;Luis Gonzalez;0,9974
Juan Encarnacion;3;Edgar Martinez;0,9973
Juan Encarnacion;4;Albert Pujols;0,9966
Juan Encarnacion;5;Craig Biggio;0,9964
Juan Gonzalez;1;Juan Encarnacion;0,9979
Juan Gonzalez;2;Brian McCann;0,9965
Juan Gonzalez;3;Jody Reed;0,9959
Juan Gonzalez;4;Greg Gagne;0,9957
Juan Gonzalez;5;Quilvio Veras;0,9944
Juan Nicasio;1;Greg Swindell;0,9915
Juan Nicasio;2;Bob Ojeda;0,9866
Juan Nicasio;3;Joe Magrane;0,9864
Juan Nicasio;4;Bobby Jones;0,979
Juan Nicasio;5;Russ Springer;0,9702
Juan Pierre;1;Denard Span;0,9981
Juan Pierre;2;Phil Bradley;0,9978
Juan Pierre;3;Pedro Munoz;0,9968
Juan Pierre;4;Damian Jackson;0,9967
Juan Pierre;5;Greg Gagne;0,9959
Juan Rivera;1;Tracy Jones;0,998
Juan Rivera;2;Preston Wilson;0,9976
Juan Rivera;3;Wally Joyner;0,9974
Juan Rivera;4;Paul O'Neill;0,9962
Juan Rivera;5;Will Venable;0,9956
Juan Samuel;1;Khalil Greene;0,994
Juan Samuel;2;John Mayberry;0,994
Juan Samuel;3;Sean Berry;0,9932
Juan Samuel;4;Eric Bruntlett;0,993
Juan Samuel;5;Jody Gerut;0,9906
Juan Uribe;1;Josh Harrison;0,9958
Juan Uribe;2;Steve Scarsone;0,9893
Juan Uribe;3;Devin Mesoraco;0,985
Juan Uribe;4;Alcides Escobar;0,9822
Juan Uribe;5;Brandon Belt;0,9741
Julian Tavarez;1;Vicente Palacios;0,9803
Julian Tavarez;2;Donne Wall;0,9787
Julian Tavarez;3;Kevin Ritz;0,9744
Julian Tavarez;4;Ron Tingley;0,9729
Julian Tavarez;5;Danny Cox;0,972
Julio Franco;1;Ken Phelps;0,9756
Julio Franco;2;Kevin Mench;0,975
Julio Franco;3;Sean Burroughs;0,9742
Julio Franco;4;Mike Moustakas;0,9716
Julio Franco;5;Brett Lawrie;0,9697
Julio Lugo;1;Zack Cozart;0,9993
Julio Lugo;2;Raul Mondesi;0,9957
Julio Lugo;3;Starlin Castro;0,9939
Julio Lugo;4;Vladimir Guerrero;0,9926
Julio Lugo;5;Dustin Pedroia;0,9924
Junior Felix;1;Josh Reddick;0,9983
Junior Felix;2;Salvador Perez;0,9972
Junior Felix;3;Trevor Plouffe;0,9945
Junior Felix;4;Brandon Moss;0,9944
Junior Felix;5;Chris Heisey;0,9936
Junior Ortiz;1;Dave Martinez;0,9733
Junior Ortiz;2;Dan Pasqua;0,9717
Junior Ortiz;3;Bob Smith;0,9628
Junior Ortiz;4;Mike Kingery;0,9605
Junior Ortiz;5;Greg Brock;0,9586
Justin Masterson;1;Ricky Nolasco;0,973
Justin Masterson;2;Esteban Loaiza;0,9634
Justin Masterson;3;Danny Bautista;0,9482
Justin Masterson;4;Jason Schmidt;0,9462
Justin Masterson;5;Jered Weaver;0,9442
Justin Morneau;1;Buster Posey;0,9993
Justin Morneau;2;Eric Hosmer;0,999
Justin Morneau;3;Casey Blake;0,9982
Justin Morneau;4;Alex Rios;0,9943
Justin Morneau;5;Jason Kipnis;0,9939
Justin Smoak;1;Bob Melvin;0,9695
Justin Smoak;2;Dwight Evans;0,9517
Justin Smoak;3;Robert Fick;0,9498
Justin Smoak;4;Nick Hundley;0,9498
Justin Smoak;5;Jay Payton;0,9333
Justin Turner;1;Brett Lawrie;0,9969
Justin Turner;2;Bob Brenly;0,9957
Justin Turner;3;Hanley Ramirez;0,9949
Justin Turner;4;Nick Markakis;0,9936
Justin Turner;5;Andrew McCutchen;0,9935
Justin Upton;1;Ray Durham;0,9981
Justin Upton;2;Paul Goldschmidt;0,9979
Justin Upton;3;Yunel Escobar;0,9979
Justin Upton;4;Curtis Granderson;0,9962
Justin Upton;5;Devon White;0,9952
Justin Verlander;1;Jeremy Hernandez;0,9955
Justin Verlander;2;Jeremy Bonderman;0,995
Justin Verlander;3;Brandon Duckworth;0,9948
Justin Verlander;4;John Lackey;0,9906
Justin Verlander;5;Bill Landrum;0,9835
Kal Daniels;1;Raul Mondesi;0,9974
Kal Daniels;2;David Wright;0,9974
Kal Daniels;3;Will Clark;0,9963
Kal Daniels;4;Grady Sizemore;0,996
Kal Daniels;5;Jose Oquendo;0,9958
Karim Garcia;1;Erik Bedard;0,9868
Karim Garcia;2;John Marzano;0,985
Karim Garcia;3;Donne Wall;0,9695
Karim Garcia;4;Tony Tarasco;0,9581
Karim Garcia;5;Alex Cora;0,9496
Kazuo Matsui;1;Bob Boone;0,9514
Kazuo Matsui;2;Daisuke Matsuzaka;0,9163
Kazuo Matsui;3;Mike Blowers;0,9129
Kazuo Matsui;4;Josias Manzanillo;0,894
Kazuo Matsui;5;Dickie Thon;0,8911
Keith Hernandez;1;Lyle Mouton;0,991
Keith Hernandez;2;Marty Barrett;0,9829
Keith Hernandez;3;Sean Rodriguez;0,9808
Keith Hernandez;4;Aaron Boone;0,9765
Keith Hernandez;5;Wade Boggs;0,9758
Keith Lockhart;1;Jeromy Burnitz;0,9836
Keith Lockhart;2;Mark Grudzielanek;0,9686
Keith Lockhart;3;Felipe Crespo;0,968
Keith Lockhart;4;Jose Hernandez;0,9668
Keith Lockhart;5;Raul Chavez;0,9655
Keith Miller;1;Spike Owen;0,9955
Keith Miller;2;Clay Buchholz;0,992
Keith Miller;3;Rich Aurilia;0,9889
Keith Miller;4;Dave Silvestri;0,9866
Keith Miller;5;Ruben Rivera;0,9839
Keith Moreland;1;Aaron Miles;0,9974
Keith Moreland;2;David Ortiz;0,9955
Keith Moreland;3;Doug Glanville;0,9927
Keith Moreland;4;Rafael Furcal;0,9927
Keith Moreland;5;Khalil Greene;0,9921
Keith Osik;1;Dave Berg;0,9849
Keith Osik;2;Jerald Clark;0,9832
Keith Osik;3;Alex Diaz;0,9825
Keith Osik;4;Lastings Milledge;0,9816
Keith Osik;5;Marcus Thames;0,9766
Kelly Downs;1;John Riedling;0,9992
Kelly Downs;2;Jeremy Hellickson;0,9968
Kelly Downs;3;Miguel Batista;0,994
Kelly Downs;4;James Baldwin;0,9912
Kelly Downs;5;Kris Benson;0,985
Kelly Gruber;1;Phil Plantier;0,9887
Kelly Gruber;2;Alberto Callaspo;0,988
Kelly Gruber;3;Brook Fordyce;0,9847
Kelly Gruber;4;Troy Glaus;0,9784
Kelly Gruber;5;Erick Aybar;0,9778
Kelly Johnson;1;Starlin Castro;0,9962
Kelly Johnson;2;Zack Cozart;0,9893
Kelly Johnson;3;Ryan Church;0,987
Kelly Johnson;4;Coco Crisp;0,9858
Kelly Johnson;5;Nick Johnson;0,9831
Kelly Shoppach;1;Steve Scarsone;0,9916
Kelly Shoppach;2;Brandon Belt;0,989
Kelly Shoppach;3;Josh Harrison;0,9874
Kelly Shoppach;4;Nate McLouth;0,986
Kelly Shoppach;5;Ryan Ludwick;0,983
Kelly Stinnett;1;Ted Power;0,9898
Kelly Stinnett;2;Ervin Santana;0,9617
Kelly Stinnett;3;Chris Coghlan;0,927
Kelly Stinnett;4;Aaron Fultz;0,9061
Kelly Stinnett;5;Laynce Nix;0,8821
Kelvim Escobar;1;Victor Zambrano;0,9975
Kelvim Escobar;2;Dave Mlicki;0,9968
Kelvim Escobar;3;Ted Lilly;0,9961
Kelvim Escobar;4;Glendon Rusch;0,9961
Kelvim Escobar;5;Scott Sanders;0,9943
Ken Caminiti;1;Garrett Jones;0,9959
Ken Caminiti;2;Andre Ethier;0,9913
Ken Caminiti;3;Endy Chavez;0,9907
Ken Caminiti;4;Jason Castro;0,9906
Ken Caminiti;5;Garret Anderson;0,9895
Ken Dayley;1;Jesse Orosco;0,9977
Ken Dayley;2;Dave Parker;0,9953
Ken Dayley;3;Adam Lind;0,9947
Ken Dayley;4;Jose Lind;0,9938
Ken Dayley;5;Jim Presley;0,9931
Ken Griffey;1;Gerald Young;0,9922
Ken Griffey;2;Salvador Perez;0,992
Ken Griffey;3;Casey McGehee;0,9883
Ken Griffey;4;Donnie Sadler;0,9855
Ken Griffey;5;Andres Torres;0,9846
Ken Hill;1;Danny Cox;0,9897
Ken Hill;2;Tim Belcher;0,989
Ken Hill;3;Jeff Parrett;0,9883
Ken Hill;4;Mike Hampton;0,9867
Ken Hill;5;Joey Hamilton;0,9862
Ken Oberkfell;1;Wayne Tolleson;1,0
Ken Oberkfell;2;Wes Chamberlain;0,9875
Ken Oberkfell;3;Jim Rice;0,982
Ken Oberkfell;4;Thad Bosley;0,9819
Ken Oberkfell;5;Jose Macias;0,9818
Ken Phelps;1;Eduardo Nunez;0,9944
Ken Phelps;2;Ernie Riles;0,9923
Ken Phelps;3;Bo Jackson;0,9821
Ken Phelps;4;Michael Cuddyer;0,9817
Ken Phelps;5;Sean Burroughs;0,9791
Kendrys Morales;1;Pete O'Brien;0,996
Kendrys Morales;2;Glenallen Hill;0,9959
Kendrys Morales;3;Tony Clark;0,9955
Kendrys Morales;4;Fred McGriff;0,9951
Kendrys Morales;5;Jeff Treadway;0,9946
Kenny Lofton;1;Manuel Lee;0,9953
Kenny Lofton;2;Casey Kotchman;0,9895
Kenny Lofton;3;Herbert Perry;0,9893
Kenny Lofton;4;Kevin Jordan;0,9856
Kenny Lofton;5;Mike Aviles;0,9842
Kenny Rogers;1;Josias Manzanillo;0,9767
Kenny Rogers;2;Bruce Hurst;0,9392
Kenny Rogers;3;Steve Clevenger;0,9324
Kenny Rogers;4;Anthony Young;0,9197
Kenny Rogers;5;Heathcliff Slocumb;0,9121
Kent Bottenfield;1;Allen Watson;0,9647
Kent Bottenfield;2;Kim Batiste;0,9446
Kent Bottenfield;3;Lee Mazzilli;0,9429
Kent Bottenfield;4;Dave Smith;0,9406
Kent Bottenfield;5;Lee Tinsley;0,9382
Kent Hrbek;1;Logan Forsythe;0,9934
Kent Hrbek;2;Mike Young;0,9929
Kent Hrbek;3;Luis Aguayo;0,99
Kent Hrbek;4;Mike Krukow;0,9871
Kent Hrbek;5;Mark Salas;0,987
Kent Mercker;1;Scott Sullivan;0,99
Kent Mercker;2;Jimmy Haynes;0,9882
Kent Mercker;3;Armando Reynoso;0,9816
Kent Mercker;4;Johnny Cueto;0,9813
Kent Mercker;5;Darrell May;0,9791
Kerry Wood;1;Greg Harris;0,9972
Kerry Wood;2;Rick Reed;0,9965
Kerry Wood;3;Omar Daal;0,9938
Kerry Wood;4;Amaury Telemaco;0,9935
Kerry Wood;5;Scott Feldman;0,9932
Kevin Appier;1;Kevin Foster;0,9747
Kevin Appier;2;John Flaherty;0,9732
Kevin Appier;3;Kyle Kendrick;0,9719
Kevin Appier;4;Carlos Perez;0,9717
Kevin Appier;5;Joel Pineiro;0,9677
Kevin Bass;1;Brandon Moss;0,9993
Kevin Bass;2;Trevor Plouffe;0,9972
Kevin Bass;3;Ryan Church;0,9961
Kevin Bass;4;Josh Reddick;0,9944
Kevin Bass;5;Kal Daniels;0,9923
Kevin Brown;1;Rick Reed;0,9992
Kevin Brown;2;Phil Hughes;0,9983
Kevin Brown;3;Cory Lidle;0,9982
Kevin Brown;4;Kevin Ritz;0,9977
Kevin Brown;5;Joe Saunders;0,9975
Kevin Correia;1;Darrell May;0,996
Kevin Correia;2;Brian Meadows;0,995
Kevin Correia;3;Mike Grace;0,9902
Kevin Correia;4;Paul Wilson;0,9889
Kevin Correia;5;John Burkett;0,9865
Kevin Elster;1;Greg Harris;0,9907
Kevin Elster;2;Amaury Telemaco;0,9896
Kevin Elster;3;Travis Wood;0,9851
Kevin Elster;4;Joe Saunders;0,9834
Kevin Elster;5;Colby Lewis;0,9779
Kevin Foster;1;Chien-Ming Wang;0,9855
Kevin Foster;2;Kevin Appier;0,9747
Kevin Foster;3;Steve Reed;0,9742
Kevin Foster;4;Ross Detwiler;0,9732
Kevin Foster;5;Claudio Vargas;0,9717
Kevin Gross;1;Sterling Hitchcock;0,9899
Kevin Gross;2;Ron Tingley;0,9883
Kevin Gross;3;Paul Wilson;0,9881
Kevin Gross;4;Bob Tewksbury;0,9875
Kevin Gross;5;Darryl Kile;0,987
Kevin Jarvis;1;Barry Jones;0,9962
Kevin Jarvis;2;Bud Norris;0,9608
Kevin Jarvis;3;Anibal Sanchez;0,9576
Kevin Jarvis;4;Jerome Williams;0,9553
Kevin Jarvis;5;Jonathan Sanchez;0,9265
Kevin Jordan;1;Mike Aviles;0,9943
Kevin Jordan;2;Kenny Lofton;0,9856
Kevin Jordan;3;Jed Lowrie;0,9848
Kevin Jordan;4;Herbert Perry;0,98
Kevin Jordan;5;Raul Chavez;0,976
Kevin Kouzmanoff;1;Matt Kemp;0,9967
Kevin Kouzmanoff;2;Josh Willingham;0,9953
Kevin Kouzmanoff;3;Conor Jackson;0,994
Kevin Kouzmanoff;4;Melvin Mora;0,9929
Kevin Kouzmanoff;5;Dan Uggla;0,9927
Kevin McReynolds;1;Jason Kubel;0,9881
Kevin McReynolds;2;Gary Gaetti;0,9842
Kevin McReynolds;3;Dick Schofield;0,9841
Kevin McReynolds;4;Ryan Hanigan;0,9814
Kevin McReynolds;5;Asdrubal Cabrera;0,9803
Kevin Mench;1;Giancarlo Stanton;0,9998
Kevin Mench;2;Kurt Suzuki;0,9963
Kevin Mench;3;Marcus Giles;0,996
Kevin Mench;4;Daniel Murphy;0,9959
Kevin Mench;5;Corey Patterson;0,9958
Kevin Millar;1;Mark Lemke;0,9989
Kevin Millar;2;Pedro Munoz;0,9979
Kevin Millar;3;Damian Jackson;0,9971
Kevin Millar;4;Don Mattingly;0,9968
Kevin Millar;5;Greg Gagne;0,9967
Kevin Millwood;1;Andy Ashby;0,9957
Kevin Millwood;2;Terry Adams;0,9947
Kevin Millwood;3;Scott Sauerbeck;0,9934
Kevin Millwood;4;Rob Dibble;0,9868
Kevin Millwood;5;Jim Deshaies;0,9867
Kevin Mitchell;1;Travis Fryman;0,9974
Kevin Mitchell;2;Al Martin;0,9966
Kevin Mitchell;3;Jim Rice;0,9959
Kevin Mitchell;4;Oddibe McDowell;0,9955
Kevin Mitchell;5;Glenn Davis;0,9954
Kevin Ritz;1;Roy Halladay;0,9994
Kevin Ritz;2;Phil Hughes;0,9988
Kevin Ritz;3;Gary Bennett;0,9986
Kevin Ritz;4;Cory Lidle;0,9986
Kevin Ritz;5;Tim Wakefield;0,9982
Kevin Sefcik;1;Colby Lewis;0,9991
Kevin Sefcik;2;Roberto Petagine;0,9973
Kevin Sefcik;3;Amaury Telemaco;0,9962
Kevin Sefcik;4;Dennis Rasmussen;0,9962
Kevin Sefcik;5;Marco Estrada;0,995
Kevin Seitzer;1;Terrence Long;0,996
Kevin Seitzer;2;R. J. Reynolds;0,9942
Kevin Seitzer;3;Frank White;0,9921
Kevin Seitzer;4;Jesse Orosco;0,9904
Kevin Seitzer;5;Mike Stanton;0,9885
Kevin Stocker;1;Charles Johnson;0,9928
Kevin Stocker;2;Ken Dayley;0,9915
Kevin Stocker;3;Joey Cora;0,9903
Kevin Stocker;4;Lenny Webster;0,989
Kevin Stocker;5;Brent Gates;0,9889
Kevin Tapani;1;Rick Honeycutt;0,9889
Kevin Tapani;2;Wally Whitehurst;0,9555
Kevin Tapani;3;Neal Heaton;0,9233
Kevin Tapani;4;Mike Scott;0,8988
Kevin Tapani;5;Mark Parent;0,8707
Kevin Youkilis;1;Jon Jay;0,9978
Kevin Youkilis;2;Carlos Santana;0,9968
Kevin Youkilis;3;Martin Prado;0,9955
Kevin Youkilis;4;Shin-Soo Choo;0,9953
Kevin Youkilis;5;Steve Finley;0,9938
Kevin Young;1;Todd Hundley;0,9618
Kevin Young;2;Ron Kittle;0,9457
Kevin Young;3;Luis Castillo;0,9365
Kevin Young;4;Carlton Fisk;0,9325
Kevin Young;5;Bob Boone;0,9297
Khalil Greene;1;Mike Devereaux;0,9989
Khalil Greene;2;Rafael Furcal;0,9981
Khalil Greene;3;Mackey Sasser;0,9967
Khalil Greene;4;Armando Rios;0,9956
Khalil Greene;5;Juan Samuel;0,994
Kim Batiste;1;David Howard;0,9896
Kim Batiste;2;Paul Assenmacher;0,9855
Kim Batiste;3;Dave Smith;0,9851
Kim Batiste;4;Charles Gipson;0,98
Kim Batiste;5;Terry Pendleton;0,9777
Kip Wells;1;Chien-Ming Wang;0,9827
Kip Wells;2;Scott Sanders;0,9748
Kip Wells;3;Robert Perez;0,9732
Kip Wells;4;Scott Sanderson;0,9713
Kip Wells;5;Claudio Vargas;0,9712
Kirby Puckett;1;Joe Carter;0,9983
Kirby Puckett;2;Jay Buhner;0,9959
Kirby Puckett;3;Eric Chavez;0,9943
Kirby Puckett;4;Ron Coomer;0,994
Kirby Puckett;5;Paul Goldschmidt;0,9934
Kirk Gibson;1;Thad Bosley;0,9973
Kirk Gibson;2;Greg Briley;0,995
Kirk Gibson;3;Johnny Estrada;0,9927
Kirk Gibson;4;Jim Rice;0,9913
Kirk Gibson;5;Carmelo Martinez;0,9908
Kirk Rueter;1;Brian Williams;0,9868
Kirk Rueter;2;Jeff Juden;0,9671
Kirk Rueter;3;Steve Cooke;0,963
Kirk Rueter;4;Kyle Farnsworth;0,9546
Kirk Rueter;5;Wade Miley;0,95
Kirt Manwaring;1;Brandon Morrow;0,9957
Kirt Manwaring;2;Carlos Perez;0,9908
Kirt Manwaring;3;T. J. Mathews;0,9894
Kirt Manwaring;4;Daniel Cabrera;0,9867
Kirt Manwaring;5;Nate Robertson;0,983
Kosuke Fukudome;1;Leon Durham;0,9992
Kosuke Fukudome;2;Mookie Wilson;0,999
Kosuke Fukudome;3;Ozzie Virgil;0,9973
Kosuke Fukudome;4;Terry Francona;0,9958
Kosuke Fukudome;5;Rich Gossage;0,9932
Kris Benson;1;Jon Lieber;0,9977
Kris Benson;2;Aaron Harang;0,9971
Kris Benson;3;Kyle Kendrick;0,9969
Kris Benson;4;Chad Billingsley;0,9954
Kris Benson;5;Gio Gonzalez;0,9938
Kurt Abbott;1;Wallace Johnson;0,9908
Kurt Abbott;2;Wiki Gonzalez;0,9889
Kurt Abbott;3;Ian Desmond;0,968
Kurt Abbott;4;Pedro Feliz;0,9664
Kurt Abbott;5;Austin Jackson;0,9641
Kurt Stillwell;1;Luke Scott;0,9838
Kurt Stillwell;2;Brady Clark;0,9737
Kurt Stillwell;3;Brook Fordyce;0,9699
Kurt Stillwell;4;Matt LeCroy;0,9668
Kurt Stillwell;5;Franklin Morales;0,9659
Kurt Suzuki;1;Marcus Giles;0,9987
Kurt Suzuki;2;Kevin Mench;0,9963
Kurt Suzuki;3;Giancarlo Stanton;0,9959
Kurt Suzuki;4;Andres Galarraga;0,99
Kurt Suzuki;5;Orlando Hudson;0,9892
Kyle Blanks;1;Carlos Silva;0,9974
Kyle Blanks;2;Cliff Floyd;0,9474
Kyle Blanks;3;Joe Mays;0,9259
Kyle Blanks;4;Zach Duke;0,9259
Kyle Blanks;5;Manny Alexander;0,9256
Kyle Farnsworth;1;Tommy Milone;0,9905
Kyle Farnsworth;2;Steve Cooke;0,9591
Kyle Farnsworth;3;Kirk Rueter;0,9546
Kyle Farnsworth;4;Brian Williams;0,9104
Kyle Farnsworth;5;Jeff Juden;0,9079
Kyle Kendrick;1;Kris Benson;0,9969
Kyle Kendrick;2;Aaron Harang;0,9951
Kyle Kendrick;3;Daniel Cabrera;0,9945
Kyle Kendrick;4;Chad Billingsley;0,9943
Kyle Kendrick;5;Gio Gonzalez;0,9937
Kyle Lohse;1;Ervin Santana;0,958
Kyle Lohse;2;Ted Power;0,936
Kyle Lohse;3;Joe Mays;0,934
Kyle Lohse;4;Aaron Fultz;0,9221
Kyle Lohse;5;Tommy Milone;0,9069
Kyle McClellan;1;Nelson Cruz;0,9951
Kyle McClellan;2;Trevor Hoffman;0,9907
Kyle McClellan;3;Wendell Magee;0,9903
Kyle McClellan;4;Scott Kazmir;0,987
Kyle McClellan;5;Mark Guthrie;0,9856
Kyle Seager;1;Jason LaRue;0,998
Kyle Seager;2;Andrew McCutchen;0,998
Kyle Seager;3;David Murphy;0,9977
Kyle Seager;4;Hanley Ramirez;0,9959
Kyle Seager;5;Nelson Liriano;0,9946
LaTroy Hawkins;1;Brandon McCarthy;0,9983
LaTroy Hawkins;2;Ben Sheets;0,9925
LaTroy Hawkins;3;Joey Eischen;0,991
LaTroy Hawkins;4;Yusmeiro Petit;0,99
LaTroy Hawkins;5;Robb Nen;0,9888
Lance Berkman;1;Alex Avila;0,995
Lance Berkman;2;Chase Utley;0,994
Lance Berkman;3;Cody Ross;0,9939
Lance Berkman;4;Mark Teahen;0,9931
Lance Berkman;5;Bobby Abreu;0,9929
Lance Blankenship;1;Brian Anderson;0,9677
Lance Blankenship;2;Ramon Castro;0,9629
Lance Blankenship;3;Jeff Baker;0,9504
Lance Blankenship;4;Dillon Gee;0,9439
Lance Blankenship;5;Willie Greene;0,9393
Lance Johnson;1;Dan Wilson;0,9805
Lance Johnson;2;Willie Greene;0,9727
Lance Johnson;3;Ramon Santiago;0,9452
Lance Johnson;4;Augie Ojeda;0,9444
Lance Johnson;5;Lance Blankenship;0,9363
Lance Painter;1;Clay Buchholz;0,981
Lance Painter;2;Jimmy Anderson;0,9621
Lance Painter;3;Craig Worthington;0,9584
Lance Painter;4;Dave Silvestri;0,9567
Lance Painter;5;Pedro Munoz;0,9441
Lance Parrish;1;Olmedo Saenz;0,9987
Lance Parrish;2;Zack Cozart;0,9943
Lance Parrish;3;A. J. Ellis;0,9934
Lance Parrish;4;Starlin Castro;0,9926
Lance Parrish;5;Neil Walker;0,9866
Larry Andersen;1;Nate Robertson;0,9967
Larry Andersen;2;Mike Lincoln;0,9949
Larry Andersen;3;T. J. Mathews;0,9943
Larry Andersen;4;John Grabow;0,9912
Larry Andersen;5;Daniel Cabrera;0,9889
Larry Sheets;1;Trot Nixon;0,9992
Larry Sheets;2;Corey Koskie;0,9975
Larry Sheets;3;Seth Smith;0,9974
Larry Sheets;4;Edwin Encarnacion;0,9971
Larry Sheets;5;Brad Wilkerson;0,9966
Larry Walker;1;Chipper Jones;0,9977
Larry Walker;2;Terrence Long;0,9972
Larry Walker;3;Carlos Gonzalez;0,9971
Larry Walker;4;Dwight Smith;0,9968
Larry Walker;5;Phil Bradley;0,9964
Lastings Milledge;1;Gary Redus;0,9855
Lastings Milledge;2;Keith Osik;0,9816
Lastings Milledge;3;Gary Pettis;0,9789
Lastings Milledge;4;Marcus Thames;0,9694
Lastings Milledge;5;Dave Martinez;0,967
Laynce Nix;1;Todd Pratt;0,9389
Laynce Nix;2;Max Scherzer;0,9322
Laynce Nix;3;Chad Kreuter;0,9054
Laynce Nix;4;Chris Capuano;0,9002
Laynce Nix;5;Denny Hocking;0,8994
Lee Mazzilli;1;Ronny Cedeno;0,9848
Lee Mazzilli;2;Lee Tinsley;0,9819
Lee Mazzilli;3;Darrell Evans;0,9764
Lee Mazzilli;4;Terry Pendleton;0,9661
Lee Mazzilli;5;Mickey Hatcher;0,9649
Lee Smith;1;Salomon Torres;0,9892
Lee Smith;2;Matt Belisle;0,9853
Lee Smith;3;Gavin Floyd;0,9816
Lee Smith;4;Steve Avery;0,9545
Lee Smith;5;Charlie Morton;0,9455
Lee Stevens;1;Paul Molitor;0,9909
Lee Stevens;2;Pedro Feliz;0,976
Lee Stevens;3;George Kottaras;0,9741
Lee Stevens;4;Vinny Castilla;0,9699
Lee Stevens;5;Francisco Cervelli;0,9664
Lee Tinsley;1;Ronny Cedeno;0,9825
Lee Tinsley;2;Lee Mazzilli;0,9819
Lee Tinsley;3;Darrell Evans;0,9795
Lee Tinsley;4;Jack Clark;0,9786
Lee Tinsley;5;Mickey Hatcher;0,9757
Lenny Dykstra;1;Rob Deer;0,9955
Lenny Dykstra;2;Ivan Calderon;0,9939
Lenny Dykstra;3;Chuck Knoblauch;0,9938
Lenny Dykstra;4;Dave Berg;0,9937
Lenny Dykstra;5;Don Mattingly;0,9928
Lenny Harris;1;Geronimo Pena;0,9885
Lenny Harris;2;Aaron Ledesma;0,9791
Lenny Harris;3;Chris Speier;0,9769
Lenny Harris;4;Sal Fasano;0,9765
Lenny Harris;5;Mark Teahen;0,9693
Lenny Webster;1;Kevin Stocker;0,989
Lenny Webster;2;Steve Lyons;0,9809
Lenny Webster;3;Ken Dayley;0,9803
Lenny Webster;4;Jose Lind;0,9776
Lenny Webster;5;Brian McRae;0,9718
Leo Gomez;1;Chris Iannetta;0,9803
Leo Gomez;2;Chris Snyder;0,9749
Leo Gomez;3;Luke Scott;0,9591
Leo Gomez;4;Ryan Ludwick;0,9533
Leo Gomez;5;Bill Hall;0,9526
Leon Durham;1;Kosuke Fukudome;0,9992
Leon Durham;2;Mookie Wilson;0,9978
Leon Durham;3;Ozzie Virgil;0,9978
Leon Durham;4;Terry Francona;0,9971
Leon Durham;5;Rich Gossage;0,9967
Les Lancaster;1;Brett Tomko;0,994
Les Lancaster;2;Daniel Cabrera;0,9938
Les Lancaster;3;John Grabow;0,9914
Les Lancaster;4;Tim Lincecum;0,9903
Les Lancaster;5;Chad Billingsley;0,9897
Livan Hernandez;1;Scott Sanders;0,9382
Livan Hernandez;2;John Riedling;0,9378
Livan Hernandez;3;Juan Agosto;0,9318
Livan Hernandez;4;James Baldwin;0,9308
Livan Hernandez;5;Jeremy Hellickson;0,9304
Lloyd McClendon;1;Gary Sheffield;0,9774
Lloyd McClendon;2;Ruben Tejada;0,9748
Lloyd McClendon;3;Mark Bellhorn;0,9716
Lloyd McClendon;4;Damon Buford;0,9706
Lloyd McClendon;5;Miguel Olivo;0,9663
Lloyd Moseby;1;Cameron Maybin;0,9883
Lloyd Moseby;2;Wilson Alvarez;0,9839
Lloyd Moseby;3;Randy Winn;0,9762
Lloyd Moseby;4;Dale Murphy;0,9713
Lloyd Moseby;5;Barry Larkin;0,9659
Logan Forsythe;1;Darryl Strawberry;0,9959
Logan Forsythe;2;Mark Salas;0,9938
Logan Forsythe;3;Mike Young;0,9938
Logan Forsythe;4;Kent Hrbek;0,9934
Logan Forsythe;5;Mike Krukow;0,9915
Logan Morrison;1;D'Angelo Jimenez;0,9988
Logan Morrison;2;Tim Raines;0,9971
Logan Morrison;3;Alexei Ramirez;0,996
Logan Morrison;4;Josh Willingham;0,9953
Logan Morrison;5;Corey Koskie;0,9939
Lonnie Smith;1;Daisuke Matsuzaka;0,966
Lonnie Smith;2;Josias Manzanillo;0,9372
Lonnie Smith;3;Anthony Young;0,9318
Lonnie Smith;4;Mike Blowers;0,9255
Lonnie Smith;5;Chris Woodward;0,9093
Lorenzo Cain;1;Franklin Gutierrez;0,9984
Lorenzo Cain;2;Daniel Descalso;0,9949
Lorenzo Cain;3;J. J. Hardy;0,9925
Lorenzo Cain;4;Gordon Beckham;0,9915
Lorenzo Cain;5;Elvis Andrus;0,9898
Lou Frazier;1;Geoff Blum;0,9712
Lou Frazier;2;Tom Brookens;0,9696
Lou Frazier;3;Jacque Jones;0,954
Lou Frazier;4;Yoenis Cespedes;0,9421
Lou Frazier;5;Todd Van Poppel;0,9249
Lou Merloni;1;Bob Smith;0,9664
Lou Merloni;2;Rich Gedman;0,9582
Lou Merloni;3;Danny Sheaffer;0,9539
Lou Merloni;4;Andres Thomas;0,9529
Lou Merloni;5;Everth Cabrera;0,9299
Lou Whitaker;1;So Taguchi;0,9911
Lou Whitaker;2;Marvell Wynne;0,9844
Lou Whitaker;3;Nate Schierholtz;0,9727
Lou Whitaker;4;Ronny Paulino;0,9634
Lou Whitaker;5;Wallace Johnson;0,9625
Lucas Duda;1;Mo Vaughn;0,9963
Lucas Duda;2;Barry Larkin;0,9946
Lucas Duda;3;Tim Raines;0,993
Lucas Duda;4;Jorge Cantu;0,9925
Lucas Duda;5;Jody Gerut;0,9897
Luis Aguayo;1;Mike Krukow;0,9986
Luis Aguayo;2;Rusty Greer;0,991
Luis Aguayo;3;John Shelby;0,9909
Luis Aguayo;4;Kent Hrbek;0,99
Luis Aguayo;5;Matt Lawton;0,9889
Luis Alicea;1;Jesse Orosco;0,9943
Luis Alicea;2;Ken Dayley;0,9921
Luis Alicea;3;Jerald Clark;0,9914
Luis Alicea;4;Terrence Long;0,9896
Luis Alicea;5;Mark Hendrickson;0,9872
Luis Castillo;1;Bob Boone;0,9827
Luis Castillo;2;Kevin Young;0,9365
Luis Castillo;3;Dickie Thon;0,9042
Luis Castillo;4;Todd Hundley;0,903
Luis Castillo;5;Ron Kittle;0,8985
Luis Gonzalez;1;Juan Encarnacion;0,9974
Luis Gonzalez;2;Edgar Martinez;0,9959
Luis Gonzalez;3;Denard Span;0,9948
Luis Gonzalez;4;Albert Pujols;0,9948
Luis Gonzalez;5;Greg Gagne;0,9946
Luis Lopez;1;Joel Skinner;0,9736
Luis Lopez;2;Jonathon Niese;0,9671
Luis Lopez;3;Tom Goodwin;0,9509
Luis Lopez;4;Chip Hale;0,9424
Luis Lopez;5;Javier Lopez;0,9382
Luis Matos;1;Mike Felder;0,9962
Luis Matos;2;Jeff Brantley;0,9954
Luis Matos;3;Gary Thurman;0,9906
Luis Matos;4;Eli Marrero;0,986
Luis Matos;5;Adam Rosales;0,9849
Luis Polonia;1;Cory Snyder;0,9895
Luis Polonia;2;Khalil Greene;0,9887
Luis Polonia;3;Eric Bruntlett;0,9858
Luis Polonia;4;Jody Gerut;0,9851
Luis Polonia;5;Enrique Wilson;0,9823
Luis Quinones;1;Antonio Osuna;0,9935
Luis Quinones;2;Robert Perez;0,9926
Luis Quinones;3;Dave Hansen;0,9901
Luis Quinones;4;Stan Belinda;0,9878
Luis Quinones;5;Scott Sanderson;0,9871
Luis Rivas;1;Eric Chavez;0,9996
Luis Rivas;2;Randy Milligan;0,9989
Luis Rivas;3;Aaron Hill;0,9987
Luis Rivas;4;Andres Galarraga;0,9981
Luis Rivas;5;Mike Lowell;0,9971
Luis Rivera;1;Brady Clark;0,9772
Luis Rivera;2;Phil Plantier;0,9742
Luis Rivera;3;Juan Cruz;0,9671
Luis Rivera;4;Franklin Morales;0,9513
Luis Rivera;5;Chris Peters;0,9404
Luis Salazar;1;Augie Ojeda;0,9557
Luis Salazar;2;Marc Newfield;0,9556
Luis Salazar;3;Dillon Gee;0,946
Luis Salazar;4;Brian Anderson;0,9011
Luis Salazar;5;Willie Greene;0,8899
Luis Sojo;1;Ted Power;0,9779
Luis Sojo;2;Danny Heep;0,9561
Luis Sojo;3;Cecil Espy;0,9541
Luis Sojo;4;Chris Coghlan;0,9366
Luis Sojo;5;Aaron Fultz;0,9297
Luis Valbuena;1;Randy Knorr;0,9873
Luis Valbuena;2;Jack Wilson;0,9813
Luis Valbuena;3;Skip Schumaker;0,9684
Luis Valbuena;4;Matt LeCroy;0,9683
Luis Valbuena;5;Alfredo Amezaga;0,9629
Luke Scott;1;Chris Snyder;0,9845
Luke Scott;2;Kurt Stillwell;0,9838
Luke Scott;3;Dave Roberts;0,9836
Luke Scott;4;Jarrod Dyson;0,9701
Luke Scott;5;Matt LeCroy;0,9683
Lyle Mouton;1;Carmelo Castillo;0,9985
Lyle Mouton;2;Chili Davis;0,998
Lyle Mouton;3;Gary Carter;0,9947
Lyle Mouton;4;Jose Valentin;0,9914
Lyle Mouton;5;Keith Hernandez;0,991
Lyle Overbay;1;Shea Hillenbrand;0,9992
Lyle Overbay;2;Ben Broussard;0,999
Lyle Overbay;3;Colby Rasmus;0,9965
Lyle Overbay;4;Garrett Atkins;0,9927
Lyle Overbay;5;Ron Coomer;0,9919
Mackey Sasser;1;Armando Rios;0,9991
Mackey Sasser;2;Khalil Greene;0,9967
Mackey Sasser;3;Mike Moustakas;0,9953
Mackey Sasser;4;Greg Walker;0,9908
Mackey Sasser;5;John Mayberry;0,9891
Madison Bumgarner;1;Clayton Richard;0,9852
Madison Bumgarner;2;Jimmy Haynes;0,9848
Madison Bumgarner;3;Johnny Cueto;0,977
Madison Bumgarner;4;Paul Maholm;0,9735
Madison Bumgarner;5;Scott Sullivan;0,9717
Magglio Ordonez;1;Thad Bosley;0,9956
Magglio Ordonez;2;Ryan Klesko;0,9941
Magglio Ordonez;3;Greg Briley;0,9929
Magglio Ordonez;4;Dante Bichette;0,9921
Magglio Ordonez;5;Mark Salas;0,9916
Maicer Izturis;1;Bobby Bonilla;0,9896
Maicer Izturis;2;Lance Berkman;0,9839
Maicer Izturis;3;Paul Sorrento;0,9835
Maicer Izturis;4;Glenn Braggs;0,9823
Maicer Izturis;5;Chase Utley;0,9811
Manny Alexander;1;Jolbert Cabrera;0,9866
Manny Alexander;2;John Danks;0,94
Manny Alexander;3;Carlos Silva;0,9307
Manny Alexander;4;Cliff Floyd;0,9258
Manny Alexander;5;Kyle Blanks;0,9256
Manny Parra;1;Octavio Dotel;0,9569
Manny Parra;2;Wally Whitehurst;0,9407
Manny Parra;3;Neal Heaton;0,9334
Manny Parra;4;Mike Scott;0,9058
Manny Parra;5;Rafael Santana;0,8931
Manny Ramirez;1;Franklin Morales;0,9838
Manny Ramirez;2;Brady Clark;0,9823
Manny Ramirez;3;Matt LeCroy;0,976
Manny Ramirez;4;Jarrod Dyson;0,9751
Manny Ramirez;5;Jim Leyritz;0,9728
Manuel Lee;1;Kenny Lofton;0,9953
Manuel Lee;2;Scott Cooper;0,9899
Manuel Lee;3;Casey Kotchman;0,9892
Manuel Lee;4;Herbert Perry;0,988
Manuel Lee;5;Randy Velarde;0,9788
Marc Newfield;1;Steve Clevenger;0,9666
Marc Newfield;2;Augie Ojeda;0,9656
Marc Newfield;3;Luis Salazar;0,9556
Marc Newfield;4;Bruce Hurst;0,944
Marc Newfield;5;Dillon Gee;0,9405
Marco Estrada;1;Dennis Rasmussen;0,9971
Marco Estrada;2;Roger McDowell;0,996
Marco Estrada;3;Colby Lewis;0,9958
Marco Estrada;4;Kevin Sefcik;0,995
Marco Estrada;5;Mike Williams;0,9945
Marco Scutaro;1;Mike Jacobs;0,9834
Marco Scutaro;2;Lorenzo Cain;0,9827
Marco Scutaro;3;Kevin Kouzmanoff;0,9813
Marco Scutaro;4;Brett Lawrie;0,9787
Marco Scutaro;5;Kyle Seager;0,9703
Marcus Giles;1;Kurt Suzuki;0,9987
Marcus Giles;2;Daniel Murphy;0,9976
Marcus Giles;3;Giancarlo Stanton;0,9964
Marcus Giles;4;Kevin Mench;0,996
Marcus Giles;5;Orlando Hudson;0,9939
Marcus Thames;1;Mark Carreon;0,9897
Marcus Thames;2;Jerald Clark;0,9869
Marcus Thames;3;Evan Longoria;0,9855
Marcus Thames;4;Dave Berg;0,9852
Marcus Thames;5;Alex Diaz;0,9825
Mariano Duncan;1;Russ Morman;0,9628
Mariano Duncan;2;Todd Worrell;0,9401
Mariano Duncan;3;Mario Diaz;0,9176
Mariano Duncan;4;Mitch Williams;0,9023
Mariano Duncan;5;Jimmy Anderson;0,8922
Mario Diaz;1;Mark McLemore;0,9905
Mario Diaz;2;Xavier Hernandez;0,985
Mario Diaz;3;Trevor Cahill;0,9743
Mario Diaz;4;Todd Worrell;0,9683
Mario Diaz;5;Mike Benjamin;0,9551
Mark Bellhorn;1;Miguel Olivo;0,9963
Mark Bellhorn;2;Gary Sheffield;0,9938
Mark Bellhorn;3;Freddy Galvis;0,9893
Mark Bellhorn;4;Jamey Carroll;0,9845
Mark Bellhorn;5;Hubie Brooks;0,9802
Mark Buehrle;1;Terry Adams;0,9973
Mark Buehrle;2;Rob Dibble;0,995
Mark Buehrle;3;Andy Ashby;0,9921
Mark Buehrle;4;Scott Sauerbeck;0,9914
Mark Buehrle;5;Paul Quantrill;0,9885
Mark Carreon;1;Dave Berg;0,9941
Mark Carreon;2;Marcus Thames;0,9897
Mark Carreon;3;Alex Diaz;0,9884
Mark Carreon;4;Lenny Dykstra;0,9863
Mark Carreon;5;Terry Steinbach;0,9833
Mark Clark;1;Ramon Ortiz;0,9985
Mark Clark;2;Doug Davis;0,9984
Mark Clark;3;Brandon Webb;0,9984
Mark Clark;4;Ismael Valdez;0,9983
Mark Clark;5;Terry Mulholland;0,998
Mark Davis;1;Tom Lawless;0,8835
Mark Davis;2;Pablo Ozuna;0,8759
Mark Davis;3;Jeff Huson;0,8615
Mark Davis;4;Chris Getz;0,827
Mark Davis;5;Craig Reynolds;0,8232
Mark DeRosa;1;Alex Cole;0,9903
Mark DeRosa;2;Ken Dayley;0,9717
Mark DeRosa;3;Franklin Stubbs;0,9632
Mark DeRosa;4;Scott Leius;0,9631
Mark DeRosa;5;Marvin Benard;0,9588
Mark Ellis;1;Eric Hosmer;0,9992
Mark Ellis;2;Buster Posey;0,9991
Mark Ellis;3;Casey Blake;0,9958
Mark Ellis;4;Jason Kipnis;0,9944
Mark Ellis;5;Alex Rios;0,9934
Mark Gardner;1;Marco Estrada;0,9497
Mark Gardner;2;Mike Williams;0,9485
Mark Gardner;3;Roberto Petagine;0,9477
Mark Gardner;4;Greg Mathews;0,9433
Mark Gardner;5;Mark Smith;0,9384
Mark Grace;1;Ryan Howard;0,9989
Mark Grace;2;Cecil Fielder;0,9988
Mark Grace;3;Troy O'Leary;0,9981
Mark Grace;4;David Justice;0,9975
Mark Grace;5;Adam Lind;0,9967
Mark Grudzielanek;1;Aaron Ledesma;0,9939
Mark Grudzielanek;2;Wily Mo Peña;0,9934
Mark Grudzielanek;3;Jeff Branson;0,9858
Mark Grudzielanek;4;Jeromy Burnitz;0,9783
Mark Grudzielanek;5;Carlos Quentin;0,9758
Mark Guthrie;1;Scott Kazmir;0,9953
Mark Guthrie;2;Nelson Cruz;0,9925
Mark Guthrie;3;Kyle McClellan;0,9856
Mark Guthrie;4;Trevor Hoffman;0,9852
Mark Guthrie;5;John Riedling;0,9787
Mark Hendrickson;1;Alex Cole;0,9913
Mark Hendrickson;2;Ken Dayley;0,9896
Mark Hendrickson;3;Luis Alicea;0,9872
Mark Hendrickson;4;Jesse Orosco;0,982
Mark Hendrickson;5;Dave Parker;0,9783
Mark Kotsay;1;Khalil Greene;0,9939
Mark Kotsay;2;Jody Gerut;0,9916
Mark Kotsay;3;Keith Moreland;0,9912
Mark Kotsay;4;Richie Sexson;0,9904
Mark Kotsay;5;Troy Tulowitzki;0,9889
Mark Leiter;1;Chris Hoiles;0,9679
Mark Leiter;2;Miguel Tejada;0,9674
Mark Leiter;3;Brady Anderson;0,9627
Mark Leiter;4;Dmitri Young;0,9546
Mark Leiter;5;Luis Valbuena;0,9417
Mark Lemke;1;Kevin Millar;0,9989
Mark Lemke;2;Pedro Munoz;0,9977
Mark Lemke;3;John Olerud;0,9975
Mark Lemke;4;Greg Gagne;0,9965
Mark Lemke;5;Denard Span;0,996
Mark Lewis;1;Desi Relaford;0,8592
Mark Lewis;2;Mike Blowers;0,8502
Mark Lewis;3;Mike Matheny;0,8249
Mark Lewis;4;Dickie Thon;0,8213
Mark Lewis;5;Tim Redding;0,8195
Mark Loretta;1;David Freese;0,9778
Mark Loretta;2;Matt Stairs;0,962
Mark Loretta;3;Cameron Maybin;0,9607
Mark Loretta;4;Wilson Alvarez;0,9555
Mark Loretta;5;Miguel Cabrera;0,9555
Mark McGwire;1;Paul Lo Duca;0,9982
Mark McGwire;2;Jose Uribe;0,99
Mark McGwire;3;John Jaso;0,9899
Mark McGwire;4;Rajai Davis;0,9872
Mark McGwire;5;Alejandro De Aza;0,9792
Mark McLemore;1;Mario Diaz;0,9905
Mark McLemore;2;Xavier Hernandez;0,9882
Mark McLemore;3;Todd Worrell;0,9791
Mark McLemore;4;Trevor Cahill;0,976
Mark McLemore;5;Ugueth Urbina;0,9648
Mark Mulder;1;Mike Remlinger;0,996
Mark Mulder;2;Tomo Ohka;0,99
Mark Mulder;3;Brandon Morrow;0,9893
Mark Mulder;4;John Smiley;0,9885
Mark Mulder;5;Tim Burke;0,9872
Mark Parent;1;Ed Romero;0,9722
Mark Parent;2;Kevin Tapani;0,8707
Mark Parent;3;Ron Oester;0,8564
Mark Parent;4;Wally Whitehurst;0,8186
Mark Parent;5;Randall Delgado;0,8164
Mark Petkovsek;1;Greg McMichael;0,9978
Mark Petkovsek;2;Jim Bullinger;0,9933
Mark Petkovsek;3;Paul Quantrill;0,9908
Mark Petkovsek;4;Gabe White;0,9883
Mark Petkovsek;5;Brad Penny;0,9867
Mark Portugal;1;Gary Thurman;0,9804
Mark Portugal;2;Luis Matos;0,9802
Mark Portugal;3;Jeff Brantley;0,9797
Mark Portugal;4;Mike LaCoss;0,9581
Mark Portugal;5;Cliff Lee;0,9364
Mark Redman;1;Kevin Ritz;0,9948
Mark Redman;2;Alfredo Simon;0,9943
Mark Redman;3;Phil Hughes;0,994
Mark Redman;4;Todd Ritchie;0,9919
Mark Redman;5;Jose Lima;0,9907
Mark Reynolds;1;Ernie Young;0,9947
Mark Reynolds;2;Robin Ventura;0,9926
Mark Reynolds;3;Roberto Kelly;0,9888
Mark Reynolds;4;Garret Anderson;0,9865
Mark Reynolds;5;Paul Goldschmidt;0,9859
Mark Salas;1;Rich Amaral;0,9982
Mark Salas;2;Johnny Damon;0,9979
Mark Salas;3;Carlos Febles;0,9978
Mark Salas;4;Darryl Strawberry;0,9953
Mark Salas;5;Mike Young;0,9944
Mark Smith;1;Greg Mathews;0,9941
Mark Smith;2;Jeff Robinson;0,9857
Mark Smith;3;Roberto Petagine;0,9781
Mark Smith;4;Omar Vizquel;0,9735
Mark Smith;5;Roger McDowell;0,972
Mark Sweeney;1;Chris Donnels;0,9868
Mark Sweeney;2;Randall Delgado;0,9626
Mark Sweeney;3;Mike Harkey;0,9475
Mark Sweeney;4;Daric Barton;0,9273
Mark Sweeney;5;Ernie Whitt;0,9233
Mark Teahen;1;Bobby Abreu;0,9973
Mark Teahen;2;Cody Ross;0,9943
Mark Teahen;3;Bengie Molina;0,9942
Mark Teahen;4;Mike Morse;0,9932
Mark Teahen;5;Lance Berkman;0,9931
Mark Teixeira;1;Quilvio Veras;0,9984
Mark Teixeira;2;Gene Larkin;0,9973
Mark Teixeira;3;Nori Aoki;0,9969
Mark Teixeira;4;Jimmy Rollins;0,9963
Mark Teixeira;5;Will Venable;0,9955
Mark Thompson;1;Rod Barajas;0,985
Mark Thompson;2;Jason Bere;0,982
Mark Thompson;3;Billy Ashley;0,9781
Mark Thompson;4;Jay Powell;0,9761
Mark Thompson;5;David West;0,9751
Mark Trumbo;1;Martin Prado;0,9976
Mark Trumbo;2;Giancarlo Stanton;0,9968
Mark Trumbo;3;Desmond Jennings;0,9957
Mark Trumbo;4;Daniel Murphy;0,9953
Mark Trumbo;5;Ryan Sweeney;0,9947
Mark Whiten;1;Johnny Estrada;0,9989
Mark Whiten;2;Greg Briley;0,9965
Mark Whiten;3;Frank White;0,9961
Mark Whiten;4;Jim Rice;0,9916
Mark Whiten;5;Pedro Munoz;0,9889
Marlon Anderson;1;Geronimo Pena;0,9926
Marlon Anderson;2;Sal Fasano;0,9734
Marlon Anderson;3;Aaron Ledesma;0,9705
Marlon Anderson;4;Chris Speier;0,9644
Marlon Anderson;5;Deion Sanders;0,9535
Marlon Byrd;1;Brent Gates;0,9976
Marlon Byrd;2;Phil Bradley;0,9957
Marlon Byrd;3;Jesse Levis;0,9945
Marlon Byrd;4;Dave Silvestri;0,9941
Marlon Byrd;5;Terrence Long;0,9929
Marquis Grissom;1;Fred McGriff;0,9977
Marquis Grissom;2;Victor Martinez;0,9974
Marquis Grissom;3;Danny Tartabull;0,995
Marquis Grissom;4;Pete O'Brien;0,9948
Marquis Grissom;5;Jason Kendall;0,9943
Martin Prado;1;Mark Trumbo;0,9976
Martin Prado;2;Shin-Soo Choo;0,9964
Martin Prado;3;A. J. Pierzynski;0,9961
Martin Prado;4;Kevin Youkilis;0,9955
Martin Prado;5;Hanley Ramirez;0,9948
Marty Barrett;1;Mike Sharperson;0,9939
Marty Barrett;2;Gaby Sanchez;0,9899
Marty Barrett;3;Chris Denorfia;0,9897
Marty Barrett;4;Sean Rodriguez;0,9864
Marty Barrett;5;Bernie Williams;0,9845
Marty Cordova;1;Phil Bradley;0,9978
Marty Cordova;2;Terrence Long;0,9975
Marty Cordova;3;Jesse Orosco;0,9913
Marty Cordova;4;Frank White;0,99
Marty Cordova;5;Pedro Munoz;0,9877
Marvell Wynne;1;Jay Payton;0,9986
Marvell Wynne;2;Dioner Navarro;0,9979
Marvell Wynne;3;Robert Fick;0,9943
Marvell Wynne;4;John Jaha;0,9931
Marvell Wynne;5;Nate Schierholtz;0,9914
Marvin Benard;1;Jacob Cruz;0,9969
Marvin Benard;2;Steve Balboni;0,9936
Marvin Benard;3;Rich Becker;0,9854
Marvin Benard;4;Ryan Thompson;0,9831
Marvin Benard;5;Kevin Stocker;0,9829
Marvin Freeman;1;Donovan Osborne;0,9941
Marvin Freeman;2;Danny Cox;0,9926
Marvin Freeman;3;Brett Anderson;0,9904
Marvin Freeman;4;Andrew Cashner;0,9885
Marvin Freeman;5;Billy Wagner;0,9883
Marwin Gonzalez;1;Shane Mack;0,9931
Marwin Gonzalez;2;Emil Brown;0,9914
Marwin Gonzalez;3;Jack Clark;0,9891
Marwin Gonzalez;4;Robert Andino;0,9882
Marwin Gonzalez;5;Paul Molitor;0,9846
Mat Latos;1;J. A. Happ;0,9999
Mat Latos;2;Dave Bush;0,996
Mat Latos;3;Clayton Kershaw;0,9957
Mat Latos;4;Matt Garza;0,9939
Mat Latos;5;John Smiley;0,9929
Matt Belisle;1;Lee Smith;0,9853
Matt Belisle;2;Salomon Torres;0,9811
Matt Belisle;3;Jeff Fassero;0,9222
Matt Belisle;4;Charlie Morton;0,916
Matt Belisle;5;Brandon Duckworth;0,904
Matt Cain;1;Bruce Ruffin;0,997
Matt Cain;2;Albie Lopez;0,995
Matt Cain;3;Ted Lilly;0,9941
Matt Cain;4;Victor Zambrano;0,992
Matt Cain;5;Terry Mulholland;0,9914
Matt Carpenter;1;Gregor Blanco;0,9989
Matt Carpenter;2;Ben Revere;0,9975
Matt Carpenter;3;Geno Petralli;0,997
Matt Carpenter;4;Craig Gentry;0,9961
Matt Carpenter;5;Curtis Granderson;0,9959
Matt Clement;1;Sterling Hitchcock;0,9962
Matt Clement;2;Jay Witasick;0,996
Matt Clement;3;John Burkett;0,9956
Matt Clement;4;Brian Meadows;0,9948
Matt Clement;5;Darryl Kile;0,9947
Matt Diaz;1;Sammy Sosa;0,9912
Matt Diaz;2;Tim Flannery;0,9858
Matt Diaz;3;Paul Bako;0,9849
Matt Diaz;4;Kelly Johnson;0,9828
Matt Diaz;5;Nick Johnson;0,9766
Matt Franco;1;Jay Bell;0,9896
Matt Franco;2;Stephen Drew;0,9766
Matt Franco;3;Ty Wigginton;0,9668
Matt Franco;4;Jeff Cirillo;0,9661
Matt Franco;5;Vernon Wells;0,9645
Matt Garza;1;Dave Bush;0,9947
Matt Garza;2;Mat Latos;0,9939
Matt Garza;3;J. A. Happ;0,991
Matt Garza;4;Clayton Kershaw;0,991
Matt Garza;5;Roberto Hernandez;0,9892
Matt Herges;1;Adam Eaton;0,9889
Matt Herges;2;Wendell Magee;0,9887
Matt Herges;3;Scott Kazmir;0,9872
Matt Herges;4;James Baldwin;0,9854
Matt Herges;5;Jason Marquis;0,9825
Matt Holliday;1;Milt Cuyler;0,9989
Matt Holliday;2;Bobby Crosby;0,998
Matt Holliday;3;A. J. Ellis;0,9975
Matt Holliday;4;Vladimir Guerrero;0,9966
Matt Holliday;5;Jay Bruce;0,9959
Matt Joyce;1;Kosuke Fukudome;0,9685
Matt Joyce;2;Leon Durham;0,9682
Matt Joyce;3;Mookie Wilson;0,9681
Matt Joyce;4;Rich Gossage;0,9599
Matt Joyce;5;Terry Francona;0,9544
Matt Kemp;1;Kevin Kouzmanoff;0,9967
Matt Kemp;2;Adam LaRoche;0,9961
Matt Kemp;3;Seth Smith;0,9956
Matt Kemp;4;Corey Koskie;0,9956
Matt Kemp;5;Mike Jacobs;0,9951
Matt Lawton;1;Craig Reynolds;0,9917
Matt Lawton;2;Luis Aguayo;0,9889
Matt Lawton;3;Mike Krukow;0,9887
Matt Lawton;4;Erubiel Durazo;0,9882
Matt Lawton;5;Rusty Greer;0,9868
Matt LeCroy;1;Jarrod Dyson;0,9944
Matt LeCroy;2;Jack Wilson;0,9918
Matt LeCroy;3;Moises Alou;0,9907
Matt LeCroy;4;Mike Aviles;0,9811
Matt LeCroy;5;Michael Saunders;0,9785
Matt Mieske;1;Pat Sheridan;0,9604
Matt Mieske;2;Rich Gossage;0,946
Matt Mieske;3;Leon Durham;0,9457
Matt Mieske;4;Matt Franco;0,9443
Matt Mieske;5;Kosuke Fukudome;0,9427
Matt Morris;1;Shawn Abner;0,993
Matt Morris;2;Shaun Marcum;0,9773
Matt Morris;3;Jaime Garcia;0,9716
Matt Morris;4;Roberto Hernandez;0,9568
Matt Morris;5;Ed Whitson;0,9557
Matt Nokes;1;Phil Bradley;0,9979
Matt Nokes;2;Craig Biggio;0,9976
Matt Nokes;3;Greg Gagne;0,9964
Matt Nokes;4;Eric Davis;0,9961
Matt Nokes;5;Carlos Gonzalez;0,9961
Matt Stairs;1;Bill Pecota;0,9655
Matt Stairs;2;Archi Cianfrocco;0,9647
Matt Stairs;3;Mark Loretta;0,962
Matt Stairs;4;Derrek Lee;0,9586
Matt Stairs;5;Tom Lawless;0,9585
Matt Treanor;1;Dustin Ackley;0,9782
Matt Treanor;2;Pat Sheridan;0,9234
Matt Treanor;3;Jason Smith;0,9222
Matt Treanor;4;Bret Saberhagen;0,9212
Matt Treanor;5;Brian Downing;0,9107
Matt Walbeck;1;Javier Lopez;0,9581
Matt Walbeck;2;Rafael Santana;0,9322
Matt Walbeck;3;Andy Stankiewicz;0,9289
Matt Walbeck;4;Joel Skinner;0,9153
Matt Walbeck;5;Luis Lopez;0,9113
Matt Wieters;1;Brandon Belt;0,993
Matt Wieters;2;Joey Votto;0,9896
Matt Wieters;3;Ryan Doumit;0,9893
Matt Wieters;4;Ben Davis;0,9888
Matt Wieters;5;Placido Polanco;0,9872
Matt Williams;1;Harold Reynolds;0,9846
Matt Williams;2;Eddie Williams;0,9814
Matt Williams;3;Raul Chavez;0,9746
Matt Williams;4;Arthur Rhodes;0,9738
Matt Williams;5;Alejandro De Aza;0,9712
Max Scherzer;1;Chad Kreuter;0,9679
Max Scherzer;2;Laynce Nix;0,9322
Max Scherzer;3;Ted Power;0,9079
Max Scherzer;4;Tommy Milone;0,8876
Max Scherzer;5;Mike Pelfrey;0,8826
Mel Hall;1;Josh Reddick;0,9997
Mel Hall;2;Todd Benzinger;0,9977
Mel Hall;3;Ryan Church;0,9961
Mel Hall;4;Salvador Perez;0,996
Mel Hall;5;Tony Eusebio;0,9946
Mel Rojas;1;Chad Durbin;0,9964
Mel Rojas;2;Barry Zito;0,9961
Mel Rojas;3;Denny Neagle;0,995
Mel Rojas;4;Bronson Arroyo;0,995
Mel Rojas;5;Albie Lopez;0,9946
Melky Cabrera;1;Wilton Guerrero;0,975
Melky Cabrera;2;Don Slaught;0,967
Melky Cabrera;3;Mike Kingery;0,9503
Melky Cabrera;4;Carlos Peña;0,9404
Melky Cabrera;5;Vance Wilson;0,9299
Melvin Mora;1;Kevin Kouzmanoff;0,9929
Melvin Mora;2;Mike Jacobs;0,9901
Melvin Mora;3;Lorenzo Cain;0,9884
Melvin Mora;4;Dexter Fowler;0,9866
Melvin Mora;5;Howie Kendrick;0,9861
Melvin Nieves;1;Billy Ashley;0,9827
Melvin Nieves;2;Stan Javier;0,9736
Melvin Nieves;3;Omar Infante;0,9608
Melvin Nieves;4;Reggie Jefferson;0,959
Melvin Nieves;5;Jose Hernandez;0,9583
Michael Barrett;1;Casey Candaele;0,9773
Michael Barrett;2;Carlos Garcia;0,9771
Michael Barrett;3;Danny Sheaffer;0,9765
Michael Barrett;4;Ozzie Guillen;0,9759
Michael Barrett;5;Craig Wilson;0,9697
Michael Bourn;1;Edgardo Alfonzo;0,9896
Michael Bourn;2;Felipe Lopez;0,9832
Michael Bourn;3;Carlos Ruiz;0,9812
Michael Bourn;4;Chris Davis;0,9805
Michael Bourn;5;Clint Barmes;0,9731
Michael Brantley;1;Eduardo Escobar;0,9695
Michael Brantley;2;Chris Peters;0,9602
Michael Brantley;3;Elliot Johnson;0,9544
Michael Brantley;4;Tom Foley;0,9201
Michael Brantley;5;Antonio Osuna;0,9153
Michael Cuddyer;1;Michael Tucker;0,9957
Michael Cuddyer;2;Ryan Freel;0,9941
Michael Cuddyer;3;Todd Zeile;0,9926
Michael Cuddyer;4;Eduardo Nunez;0,9918
Michael Cuddyer;5;Dan Gladden;0,9913
Michael Jackson;1;Tim Naehring;0,9928
Michael Jackson;2;Kevin Ritz;0,9927
Michael Jackson;3;Andujar Cedeno;0,9922
Michael Jackson;4;Joe Saunders;0,9921
Michael Jackson;5;Darrin Fletcher;0,9915
Michael Saunders;1;Carlos Guillen;0,9908
Michael Saunders;2;Orlando Merced;0,9837
Michael Saunders;3;Alfredo Amezaga;0,9814
Michael Saunders;4;Matt LeCroy;0,9785
Michael Saunders;5;Manny Ramirez;0,9724
Michael Tucker;1;Michael Cuddyer;0,9957
Michael Tucker;2;Ryan Freel;0,9906
Michael Tucker;3;Todd Zeile;0,9902
Michael Tucker;4;Jay Buhner;0,989
Michael Tucker;5;Jason Giambi;0,9879
Michael Young;1;Freddie Freeman;0,9979
Michael Young;2;Howie Kendrick;0,9971
Michael Young;3;Dexter Fowler;0,9965
Michael Young;4;Willy Taveras;0,996
Michael Young;5;J. J. Hardy;0,9957
Mickey Hatcher;1;Terry Pendleton;0,9951
Mickey Hatcher;2;Dave Collins;0,9948
Mickey Hatcher;3;Lee Tinsley;0,9757
Mickey Hatcher;4;Emil Brown;0,9736
Mickey Hatcher;5;Kim Batiste;0,9649
Mickey Morandini;1;John Mayberry;0,9934
Mickey Morandini;2;Andy Van Slyke;0,9928
Mickey Morandini;3;Eric Bruntlett;0,9904
Mickey Morandini;4;Adam Melhuse;0,9903
Mickey Morandini;5;Magglio Ordonez;0,9855
Mickey Tettleton;1;Andres Thomas;0,9958
Mickey Tettleton;2;Carlos Beltran;0,9878
Mickey Tettleton;3;Peter Bourjos;0,9853
Mickey Tettleton;4;Clint Barmes;0,9848
Mickey Tettleton;5;J. T. Snow;0,9822
Midre Cummings;1;Jay Witasick;0,9986
Midre Cummings;2;Brian Meadows;0,9967
Midre Cummings;3;Bob Kipper;0,9926
Midre Cummings;4;Francisco Cordova;0,989
Midre Cummings;5;Rob Dibble;0,9885
Miguel Batista;1;Jeremy Hellickson;0,9983
Miguel Batista;2;James Baldwin;0,9951
Miguel Batista;3;John Riedling;0,9942
Miguel Batista;4;Kelly Downs;0,994
Miguel Batista;5;Matt Herges;0,981
Miguel Cabrera;1;Bill Buckner;0,9822
Miguel Cabrera;2;Mookie Wilson;0,9813
Miguel Cabrera;3;Barry Lyons;0,9803
Miguel Cabrera;4;Ozzie Virgil;0,9783
Miguel Cabrera;5;David Freese;0,9751
Miguel Cairo;1;Ryan Church;0,9872
Miguel Cairo;2;Zack Cozart;0,9861
Miguel Cairo;3;Andres Torres;0,9852
Miguel Cairo;4;Donnie Sadler;0,9816
Miguel Cairo;5;Josh Reddick;0,9793
Miguel Montero;1;Josh Harrison;0,9978
Miguel Montero;2;Milton Bradley;0,9861
Miguel Montero;3;Jose Reyes;0,9801
Miguel Montero;4;Steve Scarsone;0,9748
Miguel Montero;5;Torii Hunter;0,9745
Miguel Olivo;1;Mark Bellhorn;0,9963
Miguel Olivo;2;Freddy Galvis;0,9758
Miguel Olivo;3;Lloyd McClendon;0,9663
Miguel Olivo;4;Shane Andrews;0,9629
Miguel Olivo;5;Kevin McReynolds;0,9594
Miguel Tejada;1;Brady Anderson;0,9708
Miguel Tejada;2;Mark Leiter;0,9674
Miguel Tejada;3;Chris Hoiles;0,9609
Miguel Tejada;4;Skip Schumaker;0,9522
Miguel Tejada;5;Fernando Vina;0,9501
Mike Aldrete;1;Garrett Jones;0,996
Mike Aldrete;2;Jason Castro;0,9918
Mike Aldrete;3;Neil Walker;0,9916
Mike Aldrete;4;A. J. Ellis;0,9913
Mike Aldrete;5;Matt Carpenter;0,9898
Mike Aviles;1;Kevin Jordan;0,9943
Mike Aviles;2;Joe Randa;0,9846
Mike Aviles;3;Kenny Lofton;0,9842
Mike Aviles;4;Matt LeCroy;0,9811
Mike Aviles;5;Jarrod Dyson;0,9782
Mike Benjamin;1;Nick Blackburn;0,9839
Mike Benjamin;2;Xavier Hernandez;0,9705
Mike Benjamin;3;John Franco;0,9551
Mike Benjamin;4;Mario Diaz;0,9551
Mike Benjamin;5;Jeff Samardzija;0,9524
Mike Bielecki;1;Bob Knepper;0,9778
Mike Bielecki;2;Dave Dravecky;0,9347
Mike Bielecki;3;Andy McGaffigan;0,8929
Mike Bielecki;4;Neal Heaton;0,8859
Mike Bielecki;5;Lee Smith;0,8806
Mike Blowers;1;Daisuke Matsuzaka;0,9744
Mike Blowers;2;Dickie Thon;0,9593
Mike Blowers;3;Josias Manzanillo;0,9524
Mike Blowers;4;Bob Boone;0,9516
Mike Blowers;5;Lonnie Smith;0,9255
Mike Bordick;1;Adam Wainwright;0,9981
Mike Bordick;2;Jesse Levis;0,9964
Mike Bordick;3;Chris James;0,9956
Mike Bordick;4;Guillermo Mota;0,9954
Mike Bordick;5;Phil Bradley;0,9949
Mike Cameron;1;Joel Skinner;0,9843
Mike Cameron;2;Chip Hale;0,9777
Mike Cameron;3;Jaime Garcia;0,9644
Mike Cameron;4;Shawn Abner;0,9548
Mike Cameron;5;Jonathon Niese;0,9307
Mike Davis;1;Juan Encarnacion;0,9908
Mike Davis;2;Tyler Flowers;0,9895
Mike Davis;3;Brook Jacoby;0,9893
Mike Davis;4;Greg Brock;0,9891
Mike Davis;5;Edgar Martinez;0,9883
Mike DeJean;1;Shane Reynolds;0,9939
Mike DeJean;2;Vicente Padilla;0,9899
Mike DeJean;3;Robert Person;0,9875
Mike DeJean;4;Sidney Ponson;0,9829
Mike DeJean;5;Charlie O'Brien;0,9821
Mike Devereaux;1;Khalil Greene;0,9989
Mike Devereaux;2;Armando Rios;0,9972
Mike Devereaux;3;John Mayberry;0,9936
Mike Devereaux;4;Eric Bruntlett;0,9933
Mike Devereaux;5;Doug Glanville;0,9925
Mike Difelice;1;Wallace Johnson;0,9912
Mike Difelice;2;Jordan Schafer;0,9828
Mike Difelice;3;Robert Andino;0,9663
Mike Difelice;4;Jeremy Giambi;0,9627
Mike Difelice;5;Devin Mesoraco;0,9594
Mike Felder;1;Luis Matos;0,9962
Mike Felder;2;Dave Veres;0,9833
Mike Felder;3;Jeff Brantley;0,9635
Mike Felder;4;Danny Valencia;0,9574
Mike Felder;5;Eli Marrero;0,9502
Mike Fitzgerald;1;Craig Worthington;0,9825
Mike Fitzgerald;2;Shawon Dunston;0,9802
Mike Fitzgerald;3;Clay Buchholz;0,9786
Mike Fitzgerald;4;Craig Wilson;0,9765
Mike Fitzgerald;5;Keith Miller;0,9741
Mike Gallego;1;Josh Bard;0,9676
Mike Gallego;2;Lloyd McClendon;0,9562
Mike Gallego;3;Freddy Galvis;0,9476
Mike Gallego;4;Jeff DaVanon;0,9474
Mike Gallego;5;Ruben Tejada;0,9116
Mike Grace;1;Dustin Hermanson;0,9948
Mike Grace;2;Pete Harnisch;0,9944
Mike Grace;3;Juan Bell;0,9931
Mike Grace;4;Alfredo Simon;0,9917
Mike Grace;5;Tyson Ross;0,9908
Mike Greenwell;1;Ryan Zimmerman;0,9991
Mike Greenwell;2;Salvador Perez;0,9987
Mike Greenwell;3;Geoff Jenkins;0,9975
Mike Greenwell;4;Josh Reddick;0,9971
Mike Greenwell;5;Todd Benzinger;0,9971
Mike Hampton;1;Brett Anderson;0,9992
Mike Hampton;2;Roy Oswalt;0,9987
Mike Hampton;3;Tim Belcher;0,9977
Mike Hampton;4;David Cone;0,997
Mike Hampton;5;Jose Lima;0,997
Mike Harkey;1;Von Hayes;0,9929
Mike Harkey;2;Ryan Raburn;0,9884
Mike Harkey;3;Billy Hatcher;0,9855
Mike Harkey;4;Ernie Young;0,9818
Mike Harkey;5;Mike Napoli;0,9766
Mike Heath;1;Luis Matos;0,9724
Mike Heath;2;Nick Blackburn;0,9417
Mike Heath;3;Todd Wellemeyer;0,921
Mike Heath;4;Shawn Chacon;0,8847
Mike Heath;5;Danny Valencia;0,8801
Mike Huff;1;Ricky Gutierrez;0,9964
Mike Huff;2;Jeremy Affeldt;0,9873
Mike Huff;3;Chuck Carr;0,9755
Mike Huff;4;Shane Halter;0,9753
Mike Huff;5;Dave McCarty;0,9725
Mike Jacobs;1;Matt Kemp;0,9951
Mike Jacobs;2;Adam LaRoche;0,9913
Mike Jacobs;3;Daryl Boston;0,9908
Mike Jacobs;4;Dan Uggla;0,9906
Mike Jacobs;5;Melvin Mora;0,9901
Mike Kelly;1;Dave McCarty;0,9946
Mike Kelly;2;Vance Law;0,9553
Mike Kelly;3;Mike Huff;0,9532
Mike Kelly;4;Ricky Gutierrez;0,9476
Mike Kelly;5;Pablo Ozuna;0,9406
Mike Kingery;1;Junior Ortiz;0,9605
Mike Kingery;2;Melky Cabrera;0,9503
Mike Kingery;3;Ronnie Belliard;0,9241
Mike Kingery;4;Wilton Guerrero;0,9233
Mike Kingery;5;Dave Martinez;0,9184
Mike Krukow;1;Luis Aguayo;0,9986
Mike Krukow;2;Rusty Greer;0,9931
Mike Krukow;3;Logan Forsythe;0,9915
Mike Krukow;4;Matt Lawton;0,9887
Mike Krukow;5;Mark Salas;0,9886
Mike LaCoss;1;Alex Arias;0,9851
Mike LaCoss;2;Luis Matos;0,966
Mike LaCoss;3;Mark Portugal;0,9581
Mike LaCoss;4;Jeff Brantley;0,9574
Mike LaCoss;5;Tom Goodwin;0,9523
Mike LaValliere;1;Darren Bragg;0,9928
Mike LaValliere;2;Pat Burrell;0,9888
Mike LaValliere;3;Damian Miller;0,9871
Mike LaValliere;4;Jonathan Lucroy;0,9846
Mike LaValliere;5;Ryan Hanigan;0,9809
Mike Lamb;1;Casey Kotchman;0,9939
Mike Lamb;2;Mike Leake;0,9851
Mike Lamb;3;Freddy Garcia;0,9841
Mike Lamb;4;Kenny Lofton;0,9803
Mike Lamb;5;Randy Velarde;0,9798
Mike Lansing;1;Logan Forsythe;0,9914
Mike Lansing;2;Mike Young;0,9847
Mike Lansing;3;Johnny Damon;0,9843
Mike Lansing;4;Henry Cotto;0,9798
Mike Lansing;5;Mike Marshall;0,9794
Mike Leake;1;Freddy Garcia;0,9965
Mike Leake;2;Doug Henry;0,9911
Mike Leake;3;Mike Lamb;0,9851
Mike Leake;4;Casey Kotchman;0,9835
Mike Leake;5;Todd Greene;0,9753
Mike Lieberthal;1;Jose Vidro;0,9837
Mike Lieberthal;2;Jorge Fabregas;0,9735
Mike Lieberthal;3;Lee Stevens;0,9657
Mike Lieberthal;4;Jeff Baker;0,9593
Mike Lieberthal;5;Chris Brock;0,9586
Mike Lincoln;1;Nate Robertson;0,999
Mike Lincoln;2;Robb Nen;0,9975
Mike Lincoln;3;Yusmeiro Petit;0,9965
Mike Lincoln;4;Larry Andersen;0,9949
Mike Lincoln;5;Barry Zito;0,9946
Mike Lowell;1;Eric Chavez;0,998
Mike Lowell;2;Luis Rivas;0,9971
Mike Lowell;3;Randy Milligan;0,997
Mike Lowell;4;Corey Hart;0,9966
Mike Lowell;5;Todd Zeile;0,9956
Mike Macfarlane;1;Craig Wilson;0,9915
Mike Macfarlane;2;Ozzie Guillen;0,9738
Mike Macfarlane;3;Ron Karkovice;0,9734
Mike Macfarlane;4;Bernard Gilkey;0,9701
Mike Macfarlane;5;Ruben Rivera;0,9672
Mike Maddux;1;Jon Lieber;0,9462
Mike Maddux;2;David Price;0,9459
Mike Maddux;3;Mike Remlinger;0,9409
Mike Maddux;4;Steve Trachsel;0,9279
Mike Maddux;5;Mark Mulder;0,9276
Mike Marshall;1;Dave Silvestri;0,9936
Mike Marshall;2;Craig Worthington;0,9935
Mike Marshall;3;Mike Young;0,9922
Mike Marshall;4;Darryl Strawberry;0,9909
Mike Marshall;5;Shawon Dunston;0,9902
Mike Matheny;1;Chris Coghlan;0,9275
Mike Matheny;2;Tomas Perez;0,8907
Mike Matheny;3;Tom Pagnozzi;0,8834
Mike Matheny;4;Bruce Benedict;0,8724
Mike Matheny;5;Johnny Ray;0,8688
Mike Mordecai;1;Ryan Howard;0,992
Mike Mordecai;2;Jesse Orosco;0,9903
Mike Mordecai;3;Adam Lind;0,9901
Mike Mordecai;4;Terrence Long;0,99
Mike Mordecai;5;Mark Grace;0,9895
Mike Morgan;1;Scott Sullivan;0,9968
Mike Morgan;2;Jim Deshaies;0,9829
Mike Morgan;3;Mark Petkovsek;0,9721
Mike Morgan;4;Brian Meadows;0,9713
Mike Morgan;5;Jim Bullinger;0,9699
Mike Morse;1;Jonathan Lucroy;0,9947
Mike Morse;2;Mark Teahen;0,9932
Mike Morse;3;Bengie Molina;0,9918
Mike Morse;4;Bobby Abreu;0,9899
Mike Morse;5;Bobby Bonilla;0,9888
Mike Moustakas;1;Mackey Sasser;0,9953
Mike Moustakas;2;Greg Walker;0,9923
Mike Moustakas;3;Armando Rios;0,992
Mike Moustakas;4;B. J. Upton;0,9916
Mike Moustakas;5;Ian Kinsler;0,991
Mike Mussina;1;Tyler Colvin;0,9459
Mike Mussina;2;Charles Gipson;0,8524
Mike Mussina;3;Allen Watson;0,8305
Mike Mussina;4;Ronny Paulino;0,7972
Mike Mussina;5;Andres Thomas;0,7865
Mike Napoli;1;Robin Ventura;0,9955
Mike Napoli;2;Eric Hosmer;0,995
Mike Napoli;3;Endy Chavez;0,9946
Mike Napoli;4;Adrian Beltre;0,9945
Mike Napoli;5;Jason Castro;0,9941
Mike Pagliarulo;1;Donnie Sadler;0,9931
Mike Pagliarulo;2;Andres Torres;0,9922
Mike Pagliarulo;3;Salvador Perez;0,9907
Mike Pagliarulo;4;Craig Monroe;0,9891
Mike Pagliarulo;5;Ryan Church;0,9879
Mike Pelfrey;1;Tommy Milone;0,9593
Mike Pelfrey;2;Ted Power;0,9419
Mike Pelfrey;3;Chad Kreuter;0,8849
Mike Pelfrey;4;Jeff Juden;0,8838
Mike Pelfrey;5;Max Scherzer;0,8826
Mike Piazza;1;Eric Karros;0,9986
Mike Piazza;2;Pedro Munoz;0,9985
Mike Piazza;3;Phil Bradley;0,9973
Mike Piazza;4;Frank Thomas;0,9969
Mike Piazza;5;Denard Span;0,9966
Mike Redmond;1;Eddie Perez;0,9823
Mike Redmond;2;Glenn Wilson;0,9811
Mike Redmond;3;Steve Balboni;0,9686
Mike Redmond;4;Ryan Thompson;0,9678
Mike Redmond;5;Scott Livingstone;0,9644
Mike Remlinger;1;Mark Mulder;0,996
Mike Remlinger;2;Daniel Cabrera;0,9944
Mike Remlinger;3;John Grabow;0,9943
Mike Remlinger;4;Tim Burke;0,9929
Mike Remlinger;5;Brandon Morrow;0,9925
Mike Scioscia;1;Dion James;0,9959
Mike Scioscia;2;Dave Silvestri;0,9924
Mike Scioscia;3;Pedro Munoz;0,9915
Mike Scioscia;4;Clay Buchholz;0,9903
Mike Scioscia;5;Craig Worthington;0,99
Mike Scott;1;Neal Heaton;0,9719
Mike Scott;2;Wally Whitehurst;0,9335
Mike Scott;3;Bob Knepper;0,918
Mike Scott;4;Manny Parra;0,9058
Mike Scott;5;Octavio Dotel;0,8991
Mike Sharperson;1;Gaby Sanchez;0,9965
Mike Sharperson;2;Marty Barrett;0,9939
Mike Sharperson;3;Ben Revere;0,9937
Mike Sharperson;4;Craig Gentry;0,9924
Mike Sharperson;5;Matt Carpenter;0,9902
Mike Simms;1;Denny Hocking;0,9759
Mike Simms;2;John Baker;0,971
Mike Simms;3;Cecil Espy;0,964
Mike Simms;4;Glenn Wilson;0,9229
Mike Simms;5;Ryan Langerhans;0,9065
Mike Stanley;1;Dave Bush;0,9814
Mike Stanley;2;Carlos Perez;0,9518
Mike Stanley;3;Brandon Morrow;0,9352
Mike Stanley;4;T. J. Mathews;0,9279
Mike Stanley;5;Robin Yount;0,9013
Mike Stanton;1;Scott Podsednik;0,9938
Mike Stanton;2;Terrence Long;0,9925
Mike Stanton;3;R. J. Reynolds;0,992
Mike Stanton;4;Troy O'Leary;0,991
Mike Stanton;5;Ryan Howard;0,9907
Mike Sweeney;1;Ricky Bottalico;0,9942
Mike Sweeney;2;Jay Powell;0,986
Mike Sweeney;3;David West;0,9856
Mike Sweeney;4;Brian Bohanon;0,9807
Mike Sweeney;5;Jason Bere;0,9804
Mike Williams;1;Paul Wilson;0,9979
Mike Williams;2;Dennis Rasmussen;0,9952
Mike Williams;3;Marco Estrada;0,9945
Mike Williams;4;Colby Lewis;0,9923
Mike Williams;5;Alfredo Simon;0,9889
Mike Young;1;Darryl Strawberry;0,9996
Mike Young;2;Willie McGee;0,9966
Mike Young;3;Johnny Damon;0,9958
Mike Young;4;Shawon Dunston;0,9951
Mike Young;5;Mark Salas;0,9944
Milt Cuyler;1;Matt Holliday;0,9989
Milt Cuyler;2;Bobby Crosby;0,9985
Milt Cuyler;3;A. J. Ellis;0,9968
Milt Cuyler;4;Vladimir Guerrero;0,9956
Milt Cuyler;5;Zack Cozart;0,9946
Milt Thompson;1;Ryan Hanigan;0,9988
Milt Thompson;2;Asdrubal Cabrera;0,9929
Milt Thompson;3;Shea Hillenbrand;0,9906
Milt Thompson;4;Jonathan Lucroy;0,9905
Milt Thompson;5;Orlando Hudson;0,9899
Milton Bradley;1;Miguel Montero;0,9861
Milton Bradley;2;Josh Harrison;0,9809
Milton Bradley;3;Troy Glaus;0,9783
Milton Bradley;4;Pokey Reese;0,9765
Milton Bradley;5;Ryan Ludwick;0,9738
Mitch Moreland;1;Joey Votto;0,9984
Mitch Moreland;2;Desmond Jennings;0,9939
Mitch Moreland;3;Placido Polanco;0,9938
Mitch Moreland;4;Ryan Sweeney;0,9933
Mitch Moreland;5;Nick Swisher;0,9923
Mitch Webster;1;Ike Davis;0,9967
Mitch Webster;2;Homer Bush;0,9965
Mitch Webster;3;Salvador Perez;0,9932
Mitch Webster;4;Oddibe McDowell;0,9931
Mitch Webster;5;R. J. Reynolds;0,9927
Mitch Williams;1;Sidney Ponson;0,981
Mitch Williams;2;Edwin Jackson;0,9779
Mitch Williams;3;Jimmy Anderson;0,9778
Mitch Williams;4;Vicente Padilla;0,9777
Mitch Williams;5;Dan Haren;0,9756
Mo Vaughn;1;Lucas Duda;0,9963
Mo Vaughn;2;Barry Larkin;0,9928
Mo Vaughn;3;Logan Morrison;0,9887
Mo Vaughn;4;David Ortiz;0,9883
Mo Vaughn;5;Jorge Cantu;0,9874
Moises Alou;1;Jarrod Dyson;0,9915
Moises Alou;2;Matt LeCroy;0,9907
Moises Alou;3;Raul Chavez;0,9821
Moises Alou;4;Mike Aviles;0,9769
Moises Alou;5;Kevin Jordan;0,9742
Mookie Wilson;1;Kosuke Fukudome;0,999
Mookie Wilson;2;Ozzie Virgil;0,9986
Mookie Wilson;3;Leon Durham;0,9978
Mookie Wilson;4;Bill Buckner;0,9967
Mookie Wilson;5;Terry Francona;0,9935
Morgan Ensberg;1;Todd Van Poppel;0,9949
Morgan Ensberg;2;Joe Price;0,9836
Morgan Ensberg;3;Richard Hidalgo;0,9721
Morgan Ensberg;4;Jose Valentin;0,9628
Morgan Ensberg;5;Chris Denorfia;0,9609
Nate McLouth;1;Brandon Belt;0,9939
Nate McLouth;2;Ryan Doumit;0,9869
Nate McLouth;3;Kelly Shoppach;0,986
Nate McLouth;4;Ryan Ludwick;0,986
Nate McLouth;5;Bill Hall;0,984
Nate Robertson;1;Mike Lincoln;0,999
Nate Robertson;2;Robb Nen;0,9988
Nate Robertson;3;Yusmeiro Petit;0,9971
Nate Robertson;4;Larry Andersen;0,9967
Nate Robertson;5;Barry Zito;0,9956
Nate Schierholtz;1;Marvell Wynne;0,9914
Nate Schierholtz;2;Robert Fick;0,9765
Nate Schierholtz;3;Lorenzo Cain;0,9744
Nate Schierholtz;4;Jeremy Giambi;0,9739
Nate Schierholtz;5;Lou Whitaker;0,9727
Neal Heaton;1;Wally Whitehurst;0,9815
Neal Heaton;2;Mike Scott;0,9719
Neal Heaton;3;Dave Anderson;0,9658
Neal Heaton;4;Jamie Quirk;0,9395
Neal Heaton;5;Manny Parra;0,9334
Neifi Perez;1;Travis Wood;0,9954
Neifi Perez;2;Rick White;0,9907
Neifi Perez;3;John Wehner;0,9831
Neifi Perez;4;Brian Bohanon;0,9797
Neifi Perez;5;Russ Davis;0,978
Neil Walker;1;Hunter Pence;0,9992
Neil Walker;2;Jay Bruce;0,9992
Neil Walker;3;Rick Wilkins;0,9976
Neil Walker;4;Andre Ethier;0,9975
Neil Walker;5;A. J. Ellis;0,9956
Nelson Cruz;1;Kyle McClellan;0,9951
Nelson Cruz;2;Mark Guthrie;0,9925
Nelson Cruz;3;Wendell Magee;0,9897
Nelson Cruz;4;Scott Kazmir;0,9854
Nelson Cruz;5;Trevor Hoffman;0,9807
Nelson Liriano;1;Andrew McCutchen;0,9961
Nelson Liriano;2;Kyle Seager;0,9946
Nelson Liriano;3;Jason LaRue;0,9907
Nelson Liriano;4;Brett Lawrie;0,9861
Nelson Liriano;5;David Murphy;0,986
Nick Blackburn;1;Andy Benes;0,9981
Nick Blackburn;2;Cliff Lee;0,987
Nick Blackburn;3;Mike Benjamin;0,9839
Nick Blackburn;4;John Franco;0,9787
Nick Blackburn;5;Xavier Hernandez;0,9726
Nick Esasky;1;Ichiro Suzuki;0,9888
Nick Esasky;2;Fred Lynn;0,9738
Nick Esasky;3;Tommy Gregg;0,9718
Nick Esasky;4;Joe Price;0,9686
Nick Esasky;5;Hiroki Kuroda;0,9611
Nick Hundley;1;Willy Taveras;0,9863
Nick Hundley;2;Freddie Freeman;0,9845
Nick Hundley;3;Aaron Rowand;0,9807
Nick Hundley;4;Steve Scarsone;0,9755
Nick Hundley;5;Ryan Doumit;0,9708
Nick Johnson;1;Zack Cozart;0,9978
Nick Johnson;2;Starlin Castro;0,9925
Nick Johnson;3;Milt Cuyler;0,9901
Nick Johnson;4;Kal Daniels;0,9876
Nick Johnson;5;Jay Bruce;0,9873
Nick Markakis;1;Brett Lawrie;0,9982
Nick Markakis;2;Wilson Ramos;0,9974
Nick Markakis;3;Andrew McCutchen;0,9962
Nick Markakis;4;Hanley Ramirez;0,9953
Nick Markakis;5;Howie Kendrick;0,9952
Nick Punto;1;Brett Anderson;0,9901
Nick Punto;2;Tyson Ross;0,99
Nick Punto;3;Michael Jackson;0,9898
Nick Punto;4;Ron Robinson;0,9877
Nick Punto;5;Andujar Cedeno;0,9875
Nick Swisher;1;Ryan Sweeney;0,9989
Nick Swisher;2;Desmond Jennings;0,9971
Nick Swisher;3;Daniel Murphy;0,9948
Nick Swisher;4;Joey Votto;0,9945
Nick Swisher;5;Placido Polanco;0,9937
Nomar Garciaparra;1;Andre Ethier;0,9966
Nomar Garciaparra;2;Jason Castro;0,9951
Nomar Garciaparra;3;Jason Kipnis;0,9949
Nomar Garciaparra;4;Brad Hawpe;0,9945
Nomar Garciaparra;5;Scott Rolen;0,9939
Norberto Martin;1;Jermaine Dye;0,9541
Norberto Martin;2;Glenn Wilson;0,9535
Norberto Martin;3;Eddie Perez;0,951
Norberto Martin;4;Scott Livingstone;0,9482
Norberto Martin;5;Geoff Blum;0,9289
Nori Aoki;1;Gene Larkin;0,9996
Nori Aoki;2;Jimmy Rollins;0,9994
Nori Aoki;3;Jose Cruz;0,9972
Nori Aoki;4;Will Venable;0,997
Nori Aoki;5;Brian McCann;0,9969
Norm Charlton;1;Rob Murphy;0,9962
Norm Charlton;2;Don Carman;0,9936
Norm Charlton;3;Vicente Palacios;0,9903
Norm Charlton;4;Darrell May;0,9688
Norm Charlton;5;Midre Cummings;0,9674
Nyjer Morgan;1;Scott Brosius;0,9844
Nyjer Morgan;2;Steve Jeltz;0,9567
Nyjer Morgan;3;Joe Price;0,9501
Nyjer Morgan;4;Tommy Gregg;0,9431
Nyjer Morgan;5;Morgan Ensberg;0,9268
Octavio Dotel;1;Manny Parra;0,9569
Octavio Dotel;2;Randy Wolf;0,9558
Octavio Dotel;3;Rafael Santana;0,9387
Octavio Dotel;4;Gavin Floyd;0,9094
Octavio Dotel;5;Mike Scott;0,8991
Odalis Perez;1;Todd Ritchie;0,9993
Odalis Perez;2;Joey Hamilton;0,9989
Odalis Perez;3;Bob Kipper;0,9988
Odalis Perez;4;Jose Lima;0,9985
Odalis Perez;5;Jay Witasick;0,9971
Oddibe McDowell;1;Chad Moeller;0,9993
Oddibe McDowell;2;Rico Brogna;0,9991
Oddibe McDowell;3;Glenn Davis;0,9989
Oddibe McDowell;4;Travis Fryman;0,9988
Oddibe McDowell;5;Al Martin;0,9967
Oliver Perez;1;Jair Jurrjens;0,9824
Oliver Perez;2;Bill Landrum;0,9653
Oliver Perez;3;Jimmy Haynes;0,9626
Oliver Perez;4;Scott Sullivan;0,96
Oliver Perez;5;Madison Bumgarner;0,958
Olmedo Saenz;1;Lance Parrish;0,9987
Olmedo Saenz;2;A. J. Ellis;0,997
Olmedo Saenz;3;Neil Walker;0,9944
Olmedo Saenz;4;Zack Cozart;0,9933
Olmedo Saenz;5;Starlin Castro;0,9876
Omar Daal;1;Jose Rijo;0,9997
Omar Daal;2;Paul Wilson;0,9983
Omar Daal;3;Kevin Brown;0,9973
Omar Daal;4;Rick Reed;0,9971
Omar Daal;5;Roy Halladay;0,9961
Omar Infante;1;Reggie Jefferson;0,9807
Omar Infante;2;Melvin Nieves;0,9608
Omar Infante;3;CC Sabathia;0,9551
Omar Infante;4;Hideki Irabu;0,9455
Omar Infante;5;Stan Javier;0,943
Omar Olivares;1;Bob Knepper;0,9037
Omar Olivares;2;Manny Parra;0,8907
Omar Olivares;3;Garry Templeton;0,8467
Omar Olivares;4;Kyle Farnsworth;0,8282
Omar Olivares;5;Pete Orr;0,8113
Omar Vizquel;1;Greg Mathews;0,9819
Omar Vizquel;2;Russ Davis;0,9782
Omar Vizquel;3;Roberto Petagine;0,9765
Omar Vizquel;4;Mark Smith;0,9735
Omar Vizquel;5;John Wehner;0,965
Orel Hershiser;1;Rick Mahler;0,9815
Orel Hershiser;2;Ron Tingley;0,9802
Orel Hershiser;3;Greg Harris;0,9558
Orel Hershiser;4;Brian Bohanon;0,9527
Orel Hershiser;5;Travis Wood;0,9506
Orlando Cabrera;1;Ryan Thompson;0,9883
Orlando Cabrera;2;Wayne Tolleson;0,9791
Orlando Cabrera;3;Mike Lansing;0,978
Orlando Cabrera;4;Jermaine Dye;0,9773
Orlando Cabrera;5;Josh Thole;0,9652
Orlando Hernandez;1;Chris Young;0,9874
Orlando Hernandez;2;Jordan Zimmermann;0,9843
Orlando Hernandez;3;Gil Meche;0,9771
Orlando Hernandez;4;Danny Jackson;0,9764
Orlando Hernandez;5;Ubaldo Jimenez;0,9747
Orlando Hudson;1;Ben Broussard;0,9995
Orlando Hudson;2;Shea Hillenbrand;0,9976
Orlando Hudson;3;Garrett Atkins;0,9949
Orlando Hudson;4;Marcus Giles;0,9939
Orlando Hudson;5;Jeff King;0,9932
Orlando Merced;1;Jarrod Dyson;0,9837
Orlando Merced;2;Michael Saunders;0,9837
Orlando Merced;3;Franklin Morales;0,9813
Orlando Merced;4;Matt LeCroy;0,9784
Orlando Merced;5;Tony Tarasco;0,9767
Orlando Palmeiro;1;Danny Espinosa;0,9619
Orlando Palmeiro;2;Ron Hassey;0,9518
Orlando Palmeiro;3;Pat Listach;0,9455
Orlando Palmeiro;4;Aaron Fultz;0,9454
Orlando Palmeiro;5;Sammy Sosa;0,9407
Otis Nixon;1;Rich Aurilia;0,9926
Otis Nixon;2;Ruben Rivera;0,9912
Otis Nixon;3;Ozzie Guillen;0,9908
Otis Nixon;4;Tyler Houston;0,9898
Otis Nixon;5;Craig Worthington;0,9886
Ozzie Guillen;1;Otis Nixon;0,9908
Ozzie Guillen;2;Craig Wilson;0,9907
Ozzie Guillen;3;Ruben Rivera;0,9891
Ozzie Guillen;4;Carlos Zambrano;0,9861
Ozzie Guillen;5;Rich Aurilia;0,9817
Ozzie Smith;1;Jon Nunnally;0,9966
Ozzie Smith;2;Jose Tabata;0,9792
Ozzie Smith;3;Andres Thomas;0,9763
Ozzie Smith;4;Marvell Wynne;0,9748
Ozzie Smith;5;Jarrod Saltalamacchia;0,9743
Ozzie Virgil;1;Mookie Wilson;0,9986
Ozzie Virgil;2;Bill Buckner;0,9979
Ozzie Virgil;3;Leon Durham;0,9978
Ozzie Virgil;4;Kosuke Fukudome;0,9973
Ozzie Virgil;5;Terry Francona;0,9956
Pablo Ozuna;1;Jeff Huson;0,9909
Pablo Ozuna;2;Ron Karkovice;0,9711
Pablo Ozuna;3;Danny Valencia;0,9693
Pablo Ozuna;4;Mike Huff;0,9663
Pablo Ozuna;5;Tom Lawless;0,9612
Pablo Sandoval;1;Jose Tabata;0,9974
Pablo Sandoval;2;Jason Heyward;0,9971
Pablo Sandoval;3;Ramon Hernandez;0,9953
Pablo Sandoval;4;Adam Dunn;0,9935
Pablo Sandoval;5;Brad Ausmus;0,9922
Pat Borders;1;Ricky Jordan;0,9929
Pat Borders;2;Enrique Wilson;0,9898
Pat Borders;3;Chris Sabo;0,9857
Pat Borders;4;Everth Cabrera;0,9851
Pat Borders;5;Luis Polonia;0,9795
Pat Burrell;1;Ryan Hanigan;0,9947
Pat Burrell;2;Dan Gladden;0,9932
Pat Burrell;3;Asdrubal Cabrera;0,993
Pat Burrell;4;Ben Broussard;0,9923
Pat Burrell;5;Shea Hillenbrand;0,991
Pat Hentgen;1;Bob Dernier;0,9736
Pat Hentgen;2;Jason Smith;0,9597
Pat Hentgen;3;Tom Candiotti;0,9512
Pat Hentgen;4;Dustin Ackley;0,9451
Pat Hentgen;5;Ricky Horton;0,9385
Pat Kelly;1;Gaby Sanchez;0,9922
Pat Kelly;2;Henry Blanco;0,9847
Pat Kelly;3;Ben Revere;0,9767
Pat Kelly;4;Craig Gentry;0,9766
Pat Kelly;5;Curt Ford;0,9697
Pat Listach;1;Ron Hassey;0,9934
Pat Listach;2;Tim Flannery;0,9921
Pat Listach;3;Josh Paul;0,992
Pat Listach;4;Rick Sutcliffe;0,9904
Pat Listach;5;Jonny Gomes;0,9887
Pat Meares;1;Alberto Callaspo;0,967
Pat Meares;2;Antonio Osuna;0,9645
Pat Meares;3;Alex Rodriguez;0,964
Pat Meares;4;Chris Peters;0,9639
Pat Meares;5;Cristian Guzman;0,9471
Pat Rapp;1;Anibal Sanchez;0,9709
Pat Rapp;2;Salomon Torres;0,9593
Pat Rapp;3;Gavin Floyd;0,957
Pat Rapp;4;Charlie Morton;0,9475
Pat Rapp;5;Lee Smith;0,9448
Pat Sheridan;1;Tom Candiotti;0,9893
Pat Sheridan;2;Ricky Horton;0,9733
Pat Sheridan;3;Matt Mieske;0,9604
Pat Sheridan;4;Tom Foley;0,9577
Pat Sheridan;5;Brady Anderson;0,9577
Pat Tabler;1;Eduardo Nunez;0,9779
Pat Tabler;2;Ryan Freel;0,9717
Pat Tabler;3;Paul Goldschmidt;0,9703
Pat Tabler;4;Jack Hannahan;0,9703
Pat Tabler;5;Jeremy Hermida;0,9701
Paul Assenmacher;1;Kim Batiste;0,9855
Paul Assenmacher;2;Kyle McClellan;0,9677
Paul Assenmacher;3;Turk Wendell;0,964
Paul Assenmacher;4;Trevor Hoffman;0,9613
Paul Assenmacher;5;Dave Smith;0,9543
Paul Bako;1;Matt Diaz;0,9849
Paul Bako;2;Jose Macias;0,9839
Paul Bako;3;Ike Davis;0,9771
Paul Bako;4;Starlin Castro;0,974
Paul Bako;5;Homer Bush;0,9701
Paul Byrd;1;Darren Dreifort;0,9982
Paul Byrd;2;Jeff Weaver;0,9916
Paul Byrd;3;Zack Greinke;0,9861
Paul Byrd;4;Rafael Bournigal;0,9851
Paul Byrd;5;Rod Beck;0,9835
Paul Goldschmidt;1;Ray Durham;0,9997
Paul Goldschmidt;2;Yunel Escobar;0,9987
Paul Goldschmidt;3;Wil Cordero;0,998
Paul Goldschmidt;4;Justin Upton;0,9979
Paul Goldschmidt;5;Sean Casey;0,9967
Paul Konerko;1;Sal Fasano;0,9975
Paul Konerko;2;Chris Speier;0,9953
Paul Konerko;3;Carlos Quentin;0,995
Paul Konerko;4;Alex Avila;0,9942
Paul Konerko;5;Lance Berkman;0,991
Paul Lo Duca;1;Mark McGwire;0,9982
Paul Lo Duca;2;Jose Uribe;0,9926
Paul Lo Duca;3;Rajai Davis;0,9909
Paul Lo Duca;4;John Jaso;0,9873
Paul Lo Duca;5;Bip Roberts;0,978
Paul Maholm;1;Scott Sullivan;0,9913
Paul Maholm;2;Jimmy Haynes;0,9897
Paul Maholm;3;Bob Walk;0,9803
Paul Maholm;4;Madison Bumgarner;0,9735
Paul Maholm;5;Jim Deshaies;0,9731
Paul Molitor;1;Lee Stevens;0,9909
Paul Molitor;2;Marwin Gonzalez;0,9846
Paul Molitor;3;Pedro Feliz;0,9793
Paul Molitor;4;Shane Mack;0,9721
Paul Molitor;5;Wiki Gonzalez;0,972
Paul O'Neill;1;Will Venable;0,9983
Paul O'Neill;2;Jeff Kent;0,9968
Paul O'Neill;3;Ryan Braun;0,9968
Paul O'Neill;4;Juan Rivera;0,9962
Paul O'Neill;5;Preston Wilson;0,9961
Paul Quantrill;1;Greg McMichael;0,9967
Paul Quantrill;2;Shawn Estes;0,9927
Paul Quantrill;3;Gabe White;0,9922
Paul Quantrill;4;Rob Dibble;0,9919
Paul Quantrill;5;Mark Petkovsek;0,9908
Paul Sorrento;1;Hank Blalock;0,9979
Paul Sorrento;2;Bobby Bonilla;0,9962
Paul Sorrento;3;Cody Ross;0,9944
Paul Sorrento;4;Alfonso Soriano;0,9931
Paul Sorrento;5;Jonathan Herrera;0,993
Paul Wagner;1;Dave Collins;0,98
Paul Wagner;2;Darrell Evans;0,9624
Paul Wagner;3;Lee Mazzilli;0,9548
Paul Wagner;4;Frank DiPino;0,9455
Paul Wagner;5;Robert Andino;0,9342
Paul Wilson;1;Bob Tewksbury;0,9986
Paul Wilson;2;Omar Daal;0,9983
Paul Wilson;3;Darryl Kile;0,9982
Paul Wilson;4;Mike Williams;0,9979
Paul Wilson;5;Jose Rijo;0,9978
Pedro Alvarez;1;Cesar Izturis;0,9919
Pedro Alvarez;2;Felix Hernandez;0,9752
Pedro Alvarez;3;Jim Gantner;0,9748
Pedro Alvarez;4;Andre Dawson;0,9716
Pedro Alvarez;5;Cristian Guzman;0,9669
Pedro Astacio;1;Albie Lopez;0,9931
Pedro Astacio;2;Mike Lincoln;0,9928
Pedro Astacio;3;Yusmeiro Petit;0,9893
Pedro Astacio;4;John Grabow;0,9885
Pedro Astacio;5;Matt Cain;0,9879
Pedro Feliz;1;Jordan Schafer;0,9887
Pedro Feliz;2;Wiki Gonzalez;0,9886
Pedro Feliz;3;George Kottaras;0,9883
Pedro Feliz;4;Wallace Johnson;0,9802
Pedro Feliz;5;Shane Mack;0,9796
Pedro Guerrero;1;Bob Smith;0,9902
Pedro Guerrero;2;Everth Cabrera;0,9767
Pedro Guerrero;3;Chris Jones;0,9654
Pedro Guerrero;4;Kent Hrbek;0,9638
Pedro Guerrero;5;Tyler Flowers;0,9637
Pedro Martinez;1;Don Carman;0,9954
Pedro Martinez;2;Sterling Hitchcock;0,9934
Pedro Martinez;3;Tom Glavine;0,99
Pedro Martinez;4;Matt Clement;0,9893
Pedro Martinez;5;Rob Murphy;0,9888
Pedro Munoz;1;Darnell Coles;0,9998
Pedro Munoz;2;Derek Jeter;0,9986
Pedro Munoz;3;Damian Jackson;0,9986
Pedro Munoz;4;Darrin Jackson;0,9985
Pedro Munoz;5;Mike Piazza;0,9985
Pete Harnisch;1;Alfredo Simon;0,9997
Pete Harnisch;2;Juan Bell;0,9995
Pete Harnisch;3;Phil Hughes;0,9963
Pete Harnisch;4;Tyson Ross;0,9954
Pete Harnisch;5;Mike Grace;0,9944
Pete Incaviglia;1;Trevor Plouffe;0,9948
Pete Incaviglia;2;Kal Daniels;0,9942
Pete Incaviglia;3;Brandon Moss;0,9936
Pete Incaviglia;4;Zack Cozart;0,9923
Pete Incaviglia;5;Craig Gentry;0,9919
Pete O'Brien;1;Jason Kendall;0,999
Pete O'Brien;2;Carlos Baerga;0,9978
Pete O'Brien;3;Robby Thompson;0,9971
Pete O'Brien;4;Tino Martinez;0,997
Pete O'Brien;5;Jeff Kent;0,9962
Pete Orr;1;Steve Parris;0,9107
Pete Orr;2;Danny Heep;0,8888
Pete Orr;3;Todd Jones;0,8758
Pete Orr;4;Ron Oester;0,8756
Pete Orr;5;Max Scherzer;0,8649
Pete Schourek;1;Roberto Hernandez;0,9835
Pete Schourek;2;Matt Garza;0,9829
Pete Schourek;3;Jaime Garcia;0,9786
Pete Schourek;4;Dennis Martinez;0,9626
Pete Schourek;5;J. A. Happ;0,9591
Pete Smith;1;Marco Estrada;0,9864
Pete Smith;2;Doug Drabek;0,9779
Pete Smith;3;Greg Maddux;0,9763
Pete Smith;4;Dennis Rasmussen;0,9711
Pete Smith;5;Jordan Zimmermann;0,9699
Peter Bourjos;1;Carlos Beltran;0,9923
Peter Bourjos;2;Pablo Sandoval;0,9902
Peter Bourjos;3;Ramon Hernandez;0,9891
Peter Bourjos;4;Jose Tabata;0,9881
Peter Bourjos;5;Jerry Browne;0,9881
Phil Bradley;1;Eric Hinske;0,9998
Phil Bradley;2;Benito Santiago;0,9986
Phil Bradley;3;Frank Thomas;0,9986
Phil Bradley;4;B. J. Surhoff;0,9985
Phil Bradley;5;Matt Nokes;0,9979
Phil Hughes;1;Roy Halladay;0,9989
Phil Hughes;2;Kevin Ritz;0,9988
Phil Hughes;3;Kevin Brown;0,9983
Phil Hughes;4;Cory Lidle;0,9978
Phil Hughes;5;Gary Bennett;0,9976
Phil Nevin;1;Harry Spilman;0,9913
Phil Nevin;2;Arthur Rhodes;0,9729
Phil Nevin;3;Herbert Perry;0,9715
Phil Nevin;4;Mike Lamb;0,9697
Phil Nevin;5;Casey Kotchman;0,9633
Phil Plantier;1;Kelly Gruber;0,9887
Phil Plantier;2;Brady Clark;0,988
Phil Plantier;3;Alberto Callaspo;0,9865
Phil Plantier;4;Ben Zobrist;0,9839
Phil Plantier;5;Cristian Guzman;0,9829
Placido Polanco;1;Adam Jones;0,9989
Placido Polanco;2;Ben Davis;0,9968
Placido Polanco;3;Joey Votto;0,9955
Placido Polanco;4;Travis Hafner;0,9939
Placido Polanco;5;Mitch Moreland;0,9938
Pokey Reese;1;Erick Aybar;0,9886
Pokey Reese;2;Troy Glaus;0,9823
Pokey Reese;3;Jim Leyritz;0,977
Pokey Reese;4;Milton Bradley;0,9765
Pokey Reese;5;Kelly Gruber;0,9583
Preston Wilson;1;Wally Joyner;0,9988
Preston Wilson;2;Juan Rivera;0,9976
Preston Wilson;3;Tracy Jones;0,9974
Preston Wilson;4;Paul O'Neill;0,9961
Preston Wilson;5;Jeff Kent;0,996
Prince Fielder;1;Ray Durham;0,9982
Prince Fielder;2;Paul Goldschmidt;0,9966
Prince Fielder;3;Curtis Granderson;0,9963
Prince Fielder;4;Justin Upton;0,9948
Prince Fielder;5;Corey Hart;0,9946
Quilvio Veras;1;Mark Teixeira;0,9984
Quilvio Veras;2;Brian McCann;0,9984
Quilvio Veras;3;Jody Reed;0,9982
Quilvio Veras;4;Gene Larkin;0,997
Quilvio Veras;5;Jhonny Peralta;0,9966
Quinton McCracken;1;Greg Harris;0,9912
Quinton McCracken;2;Amaury Telemaco;0,989
Quinton McCracken;3;Travis Wood;0,9869
Quinton McCracken;4;Rick White;0,9845
Quinton McCracken;5;Kevin Sefcik;0,9845
R. A. Dickey;1;Alex Rodriguez;0,988
R. A. Dickey;2;Yovani Gallardo;0,9845
R. A. Dickey;3;David Howard;0,9754
R. A. Dickey;4;Felix Hernandez;0,9748
R. A. Dickey;5;Jim Gantner;0,9655
R. J. Reynolds;1;Chad Curtis;0,9994
R. J. Reynolds;2;Terry Steinbach;0,9991
R. J. Reynolds;3;Rico Brogna;0,9983
R. J. Reynolds;4;Cecil Fielder;0,9982
R. J. Reynolds;5;Roberto Alomar;0,9979
Rafael Belliard;1;Rick Honeycutt;0,9287
Rafael Belliard;2;Rick Aguilera;0,9072
Rafael Belliard;3;Dave Anderson;0,8609
Rafael Belliard;4;Neal Heaton;0,8417
Rafael Belliard;5;Brian Boehringer;0,8319
Rafael Bournigal;1;Zack Greinke;0,989
Rafael Bournigal;2;Sandy Alomar;0,9865
Rafael Bournigal;3;Paul Byrd;0,9851
Rafael Bournigal;4;Darren Dreifort;0,9846
Rafael Bournigal;5;Jacob Cruz;0,984
Rafael Furcal;1;Khalil Greene;0,9981
Rafael Furcal;2;Jody Gerut;0,9946
Rafael Furcal;3;Jose Canseco;0,9928
Rafael Furcal;4;Keith Moreland;0,9927
Rafael Furcal;5;Richie Sexson;0,9914
Rafael Palmeiro;1;Glenn Davis;0,9976
Rafael Palmeiro;2;Oddibe McDowell;0,9961
Rafael Palmeiro;3;John Kruk;0,9938
Rafael Palmeiro;4;Travis Fryman;0,9937
Rafael Palmeiro;5;Ike Davis;0,9932
Rafael Ramirez;1;Bruce Hurst;0,9641
Rafael Ramirez;2;Anthony Young;0,9297
Rafael Ramirez;3;Daisuke Matsuzaka;0,9016
Rafael Ramirez;4;Josias Manzanillo;0,9006
Rafael Ramirez;5;Steve Clevenger;0,8889
Rafael Santana;1;Rene Gonzales;0,9445
Rafael Santana;2;Octavio Dotel;0,9387
Rafael Santana;3;Doug Brocail;0,9332
Rafael Santana;4;Matt Walbeck;0,9322
Rafael Santana;5;Shawn Chacon;0,9282
Rajai Davis;1;Jose Uribe;0,9942
Rajai Davis;2;Deion Sanders;0,9928
Rajai Davis;3;Paul Lo Duca;0,9909
Rajai Davis;4;Mark McGwire;0,9872
Rajai Davis;5;John Jaso;0,9853
Ramon Castro;1;Augie Ojeda;0,9796
Ramon Castro;2;Dillon Gee;0,9672
Ramon Castro;3;Lance Blankenship;0,9629
Ramon Castro;4;Bruce Hurst;0,937
Ramon Castro;5;Brian Anderson;0,9231
Ramon Hernandez;1;Jose Tabata;0,9988
Ramon Hernandez;2;Jason Heyward;0,9967
Ramon Hernandez;3;Chris Johnson;0,996
Ramon Hernandez;4;Pablo Sandoval;0,9953
Ramon Hernandez;5;Elvis Andrus;0,9951
Ramon Martinez;1;Victor Zambrano;0,9934
Ramon Martinez;2;Tim Lincecum;0,9917
Ramon Martinez;3;Denny Neagle;0,9895
Ramon Martinez;4;Ted Lilly;0,9894
Ramon Martinez;5;Albie Lopez;0,9893
Ramon Ortiz;1;Mark Clark;0,9985
Ramon Ortiz;2;Francisco Cordova;0,9981
Ramon Ortiz;3;Brandon Webb;0,9978
Ramon Ortiz;4;Domingo Cedeno;0,9937
Ramon Ortiz;5;Brett Anderson;0,9936
Ramon Santiago;1;Brandon Backe;0,9775
Ramon Santiago;2;Brian Harper;0,9703
Ramon Santiago;3;Allen Watson;0,9473
Ramon Santiago;4;Lance Johnson;0,9452
Ramon Santiago;5;Kyle McClellan;0,9399
Ramon Vazquez;1;Will Venable;0,998
Ramon Vazquez;2;Nori Aoki;0,9932
Ramon Vazquez;3;Armando Rios;0,9881
Ramon Vazquez;4;Greg Walker;0,9824
Ramon Vazquez;5;Keith Moreland;0,9814
Rance Mulliniks;1;Lyle Mouton;0,9762
Rance Mulliniks;2;Barry Lyons;0,9686
Rance Mulliniks;3;Bill Buckner;0,9583
Rance Mulliniks;4;Kosuke Fukudome;0,9571
Rance Mulliniks;5;Ozzie Virgil;0,9563
Randall Delgado;1;Chris Donnels;0,9841
Randall Delgado;2;Mark Sweeney;0,9626
Randall Delgado;3;Rey Sanchez;0,957
Randall Delgado;4;Scott Hairston;0,9545
Randall Delgado;5;Frank Menechino;0,9539
Randy Bush;1;Jim Rice;0,9942
Randy Bush;2;Henry Cotto;0,9941
Randy Bush;3;Wayne Tolleson;0,993
Randy Bush;4;Thad Bosley;0,9915
Randy Bush;5;Frank White;0,991
Randy Johnson;1;Rick Reed;0,9997
Randy Johnson;2;Joe Saunders;0,9984
Randy Johnson;3;Cory Lidle;0,9972
Randy Johnson;4;Scott Feldman;0,9971
Randy Johnson;5;Kevin Ritz;0,9971
Randy Knorr;1;Luis Valbuena;0,9873
Randy Knorr;2;Matt LeCroy;0,9775
Randy Knorr;3;Alfredo Amezaga;0,9735
Randy Knorr;4;Brady Clark;0,9715
Randy Knorr;5;Jarrod Dyson;0,9569
Randy Milligan;1;Luis Rivas;0,9989
Randy Milligan;2;Eric Chavez;0,9985
Randy Milligan;3;Mike Lowell;0,997
Randy Milligan;4;Corey Hart;0,9948
Randy Milligan;5;Joe Carter;0,9935
Randy Myers;1;Aaron Fultz;0,9337
Randy Myers;2;Joe Mays;0,9202
Randy Myers;3;Ruben Tejada;0,8839
Randy Myers;4;Chuck McElroy;0,8758
Randy Myers;5;Lloyd McClendon;0,8612
Randy Ready;1;Phil Bradley;0,9961
Randy Ready;2;Pedro Munoz;0,9918
Randy Ready;3;Terrence Long;0,9901
Randy Ready;4;Jim Presley;0,9875
Randy Ready;5;Johnny Estrada;0,985
Randy Velarde;1;Scott Cooper;0,993
Randy Velarde;2;Casey Kotchman;0,9849
Randy Velarde;3;Doug Henry;0,9808
Randy Velarde;4;Todd Greene;0,9808
Randy Velarde;5;Mike Lamb;0,9798
Randy Winn;1;Barry Larkin;0,9931
Randy Winn;2;Chris Johnson;0,9923
Randy Winn;3;Ramon Hernandez;0,9896
Randy Winn;4;Lucas Duda;0,9871
Randy Winn;5;Jerry Browne;0,9856
Randy Wolf;1;Octavio Dotel;0,9558
Randy Wolf;2;Pat Rapp;0,9439
Randy Wolf;3;Gavin Floyd;0,94
Randy Wolf;4;Anibal Sanchez;0,9362
Randy Wolf;5;Todd Worrell;0,9301
Raul Chavez;1;Jed Lowrie;0,9939
Raul Chavez;2;Adam Everett;0,9858
Raul Chavez;3;Harold Reynolds;0,9849
Raul Chavez;4;Gerald Perry;0,9843
Raul Chavez;5;Jeff Branson;0,9831
Raul Ibanez;1;Tony Tarasco;0,9933
Raul Ibanez;2;Erik Bedard;0,9922
Raul Ibanez;3;Jayson Nix;0,9678
Raul Ibanez;4;Joe Randa;0,9563
Raul Ibanez;5;Juan Cruz;0,9488
Raul Mondesi;1;Kal Daniels;0,9974
Raul Mondesi;2;Zack Cozart;0,9973
Raul Mondesi;3;Gregg Jefferies;0,9967
Raul Mondesi;4;Trevor Plouffe;0,9964
Raul Mondesi;5;David Wright;0,9964
Ray Durham;1;Paul Goldschmidt;0,9997
Ray Durham;2;Prince Fielder;0,9982
Ray Durham;3;Justin Upton;0,9981
Ray Durham;4;Yunel Escobar;0,998
Ray Durham;5;Curtis Granderson;0,9976
Ray Lankford;1;Richie Sexson;0,9971
Ray Lankford;2;Eric Bruntlett;0,9969
Ray Lankford;3;Jose Canseco;0,9925
Ray Lankford;4;John Mayberry;0,9923
Ray Lankford;5;Dante Bichette;0,9916
Reed Johnson;1;Joel Youngblood;0,9956
Reed Johnson;2;Chris Donnels;0,9773
Reed Johnson;3;Garrett Jones;0,9769
Reed Johnson;4;Felix Jose;0,9733
Reed Johnson;5;F. P. Santangelo;0,9727
Reggie Jefferson;1;Omar Infante;0,9807
Reggie Jefferson;2;Jose Hernandez;0,9662
Reggie Jefferson;3;Melvin Nieves;0,959
Reggie Jefferson;4;Mike Lamb;0,953
Reggie Jefferson;5;CC Sabathia;0,9487
Reggie Sanders;1;Terrence Long;0,9996
Reggie Sanders;2;Carlos Gonzalez;0,9992
Reggie Sanders;3;Ryan Howard;0,9967
Reggie Sanders;4;Troy O'Leary;0,9965
Reggie Sanders;5;Adam Lind;0,996
Rene Gonzales;1;Rafael Santana;0,9445
Rene Gonzales;2;Doug Brocail;0,9345
Rene Gonzales;3;Shawn Abner;0,8841
Rene Gonzales;4;Dave Dravecky;0,8766
Rene Gonzales;5;Lee Smith;0,8594
Rex Hudler;1;Joe McEwing;0,9904
Rex Hudler;2;Brad Hawpe;0,9526
Rex Hudler;3;Jason Castro;0,9522
Rex Hudler;4;A. J. Ellis;0,9521
Rex Hudler;5;Jason Kipnis;0,9491
Rey Ordonez;1;Roberto Hernandez;0,9675
Rey Ordonez;2;Chip Hale;0,9652
Rey Ordonez;3;Jaime Garcia;0,9602
Rey Ordonez;4;Dennis Martinez;0,9529
Rey Ordonez;5;Pete Schourek;0,9484
Rey Sanchez;1;Joel Youngblood;0,9898
Rey Sanchez;2;Chris Donnels;0,9883
Rey Sanchez;3;Randall Delgado;0,957
Rey Sanchez;4;Felix Jose;0,9554
Rey Sanchez;5;Jose Castillo;0,9449
Rheal Cormier;1;Andrew Cashner;0,9972
Rheal Cormier;2;Andujar Cedeno;0,9916
Rheal Cormier;3;Ron Robinson;0,9915
Rheal Cormier;4;Danny Cox;0,9889
Rheal Cormier;5;Kevin Ritz;0,9874
Rich Amaral;1;Carlos Febles;0,9991
Rich Amaral;2;Mark Salas;0,9982
Rich Amaral;3;Carmelo Martinez;0,9903
Rich Amaral;4;Mike Young;0,9886
Rich Amaral;5;Mike Krukow;0,9874
Rich Aurilia;1;Otis Nixon;0,9926
Rich Aurilia;2;Felix Fermin;0,9918
Rich Aurilia;3;Clay Buchholz;0,9914
Rich Aurilia;4;Shane Spencer;0,9905
Rich Aurilia;5;Craig Worthington;0,9901
Rich Becker;1;Jacob Cruz;0,9936
Rich Becker;2;Damion Easley;0,9878
Rich Becker;3;Marvin Benard;0,9854
Rich Becker;4;Steve Balboni;0,9831
Rich Becker;5;Kevin Stocker;0,9787
Rich Gedman;1;Will Venable;0,9886
Rich Gedman;2;R. J. Reynolds;0,9877
Rich Gedman;3;Mike Davis;0,9858
Rich Gedman;4;Nori Aoki;0,9822
Rich Gedman;5;Salvador Perez;0,9812
Rich Gossage;1;Terry Francona;0,9978
Rich Gossage;2;Leon Durham;0,9967
Rich Gossage;3;Bret Saberhagen;0,9956
Rich Gossage;4;Ozzie Virgil;0,9936
Rich Gossage;5;Kosuke Fukudome;0,9932
Rich Rodriguez;1;Andy McGaffigan;0,9828
Rich Rodriguez;2;Rob Murphy;0,9782
Rich Rodriguez;3;Scott Sauerbeck;0,972
Rich Rodriguez;4;Chuck Finley;0,9683
Rich Rodriguez;5;Steve Kline;0,9624
Richard Hidalgo;1;Jose Valentin;0,9928
Richard Hidalgo;2;Brian Jordan;0,9835
Richard Hidalgo;3;Chris Denorfia;0,979
Richard Hidalgo;4;Todd Van Poppel;0,9767
Richard Hidalgo;5;Morgan Ensberg;0,9721
Richie Sexson;1;Eric Bruntlett;0,9981
Richie Sexson;2;Ray Lankford;0,9971
Richie Sexson;3;Jimmy Rollins;0,9964
Richie Sexson;4;Greg Vaughn;0,9962
Richie Sexson;5;Nori Aoki;0,9962
Rick Aguilera;1;Ruben Amaro;0,9127
Rick Aguilera;2;Rafael Belliard;0,9072
Rick Aguilera;3;Esmil Rogers;0,8566
Rick Aguilera;4;Bobby Witt;0,8486
Rick Aguilera;5;Kevin Tapani;0,8369
Rick Ankiel;1;Jeremy Guthrie;0,9955
Rick Ankiel;2;Dave Burba;0,973
Rick Ankiel;3;Brett Myers;0,9668
Rick Ankiel;4;John Danks;0,9589
Rick Ankiel;5;David West;0,9458
Rick Cerone;1;Tom Candiotti;0,9643
Rick Cerone;2;Claudio Vargas;0,9475
Rick Cerone;3;Anthony Young;0,9364
Rick Cerone;4;Kevin Foster;0,9363
Rick Cerone;5;Jeff Robinson;0,9119
Rick Dempsey;1;Johnny Ray;0,8884
Rick Dempsey;2;Daisuke Matsuzaka;0,8796
Rick Dempsey;3;Dave Winfield;0,8241
Rick Dempsey;4;Bob Boone;0,824
Rick Dempsey;5;Josias Manzanillo;0,7561
Rick Helling;1;Todd Ritchie;0,9989
Rick Helling;2;Jose Lima;0,9986
Rick Helling;3;Tyson Ross;0,9983
Rick Helling;4;Bob Kipper;0,9969
Rick Helling;5;Alfredo Simon;0,9966
Rick Honeycutt;1;Kevin Tapani;0,9889
Rick Honeycutt;2;Dave Anderson;0,9669
Rick Honeycutt;3;Jamie Quirk;0,9576
Rick Honeycutt;4;Wally Whitehurst;0,9451
Rick Honeycutt;5;Rafael Belliard;0,9287
Rick Mahler;1;Orel Hershiser;0,9815
Rick Mahler;2;Rick Reuschel;0,9518
Rick Mahler;3;Raul Ibanez;0,9421
Rick Mahler;4;Ron Tingley;0,9278
Rick Mahler;5;Erik Bedard;0,924
Rick Porcello;1;Russ Morman;0,9745
Rick Porcello;2;Jeff Samardzija;0,9698
Rick Porcello;3;Mitch Williams;0,9564
Rick Porcello;4;Jimmy Anderson;0,9404
Rick Porcello;5;John Franco;0,9359
Rick Reed;1;Randy Johnson;0,9997
Rick Reed;2;Kevin Brown;0,9992
Rick Reed;3;Roy Halladay;0,9985
Rick Reed;4;Joe Saunders;0,9974
Rick Reed;5;Omar Daal;0,9971
Rick Reuschel;1;Vicente Palacios;0,9675
Rick Reuschel;2;Rick Mahler;0,9518
Rick Reuschel;3;Orel Hershiser;0,9371
Rick Reuschel;4;Donne Wall;0,931
Rick Reuschel;5;Don Carman;0,9163
Rick Sutcliffe;1;Tim Flannery;0,9924
Rick Sutcliffe;2;Pat Listach;0,9904
Rick Sutcliffe;3;Sam Fuld;0,9708
Rick Sutcliffe;4;Ernie Whitt;0,9425
Rick Sutcliffe;5;Ryan Langerhans;0,9392
Rick White;1;Travis Wood;0,9952
Rick White;2;Greg Harris;0,9917
Rick White;3;Neifi Perez;0,9907
Rick White;4;Brian Bohanon;0,9897
Rick White;5;Quinton McCracken;0,9845
Rick Wilkins;1;A. J. Ellis;0,9995
Rick Wilkins;2;Neil Walker;0,9976
Rick Wilkins;3;Milt Cuyler;0,9937
Rick Wilkins;4;Ben Revere;0,9917
Rick Wilkins;5;Bobby Crosby;0,9899
Rickey Henderson;1;Everth Cabrera;0,9759
Rickey Henderson;2;Jody Gerut;0,9744
Rickey Henderson;3;Jose Tabata;0,9704
Rickey Henderson;4;Carlos Febles;0,9662
Rickey Henderson;5;John Mayberry;0,9622
Rickie Weeks;1;Bo Diaz;0,9974
Rickie Weeks;2;Yonder Alonso;0,9888
Rickie Weeks;3;Jody Davis;0,9738
Rickie Weeks;4;Ken Phelps;0,9685
Rickie Weeks;5;Bob Brenly;0,9678
Ricky Bottalico;1;Jay Powell;0,9981
Ricky Bottalico;2;David West;0,9968
Ricky Bottalico;3;Jaret Wright;0,9959
Ricky Bottalico;4;C. J. Wilson;0,995
Ricky Bottalico;5;Mike Sweeney;0,9942
Ricky Gutierrez;1;Mike Huff;0,9964
Ricky Gutierrez;2;Chuck Carr;0,9752
Ricky Gutierrez;3;Shane Halter;0,9552
Ricky Gutierrez;4;Ron Karkovice;0,9518
Ricky Gutierrez;5;Mike Kelly;0,9476
Ricky Horton;1;Pat Sheridan;0,9733
Ricky Horton;2;Tom Candiotti;0,9628
Ricky Horton;3;Tom Foley;0,9535
Ricky Horton;4;Brady Anderson;0,9533
Ricky Horton;5;Pat Hentgen;0,9385
Ricky Jordan;1;Everth Cabrera;0,9944
Ricky Jordan;2;Pat Borders;0,9929
Ricky Jordan;3;Walt Weiss;0,9875
Ricky Jordan;4;Chris Sabo;0,9872
Ricky Jordan;5;Javy Lopez;0,9854
Ricky Ledee;1;Jesse Levis;0,998
Ricky Ledee;2;Brent Gates;0,9959
Ricky Ledee;3;Carlos Gonzalez;0,9909
Ricky Ledee;4;Phil Bradley;0,9908
Ricky Ledee;5;Terrence Long;0,9906
Ricky Nolasco;1;Jason Schmidt;0,9893
Ricky Nolasco;2;Justin Masterson;0,973
Ricky Nolasco;3;Esteban Loaiza;0,9633
Ricky Nolasco;4;Todd Wellemeyer;0,962
Ricky Nolasco;5;Jered Weaver;0,9541
Rico Brogna;1;Oddibe McDowell;0,9991
Rico Brogna;2;R. J. Reynolds;0,9983
Rico Brogna;3;Travis Fryman;0,9978
Rico Brogna;4;Wally Joyner;0,9971
Rico Brogna;5;Terry Steinbach;0,9965
Rob Deer;1;Ivan Calderon;0,9988
Rob Deer;2;Jhonny Peralta;0,9986
Rob Deer;3;David Justice;0,9965
Rob Deer;4;Troy O'Leary;0,9965
Rob Deer;5;Roberto Alomar;0,9964
Rob Dibble;1;Shawn Estes;0,9988
Rob Dibble;2;Mark Buehrle;0,995
Rob Dibble;3;Terry Mulholland;0,9948
Rob Dibble;4;Tom Browning;0,9945
Rob Dibble;5;Zane Smith;0,9936
Rob Ducey;1;Clay Hensley;0,976
Rob Ducey;2;Joe Nathan;0,9024
Rob Ducey;3;Andy Pettitte;0,8039
Rob Ducey;4;Alejandro Peña;0,8027
Rob Ducey;5;Steve Cooke;0,7863
Rob Mackowiak;1;Ian Kinsler;0,9947
Rob Mackowiak;2;Eric Young;0,9946
Rob Mackowiak;3;Carlos Lee;0,9939
Rob Mackowiak;4;Ivan Rodriguez;0,9929
Rob Mackowiak;5;D'Angelo Jimenez;0,9924
Rob Murphy;1;Norm Charlton;0,9962
Rob Murphy;2;Don Carman;0,996
Rob Murphy;3;Tom Glavine;0,9924
Rob Murphy;4;Willie Blair;0,9899
Rob Murphy;5;Pedro Martinez;0,9888
Robb Nen;1;Nate Robertson;0,9988
Robb Nen;2;Mike Lincoln;0,9975
Robb Nen;3;T. J. Mathews;0,9956
Robb Nen;4;Mel Rojas;0,9941
Robb Nen;5;Yusmeiro Petit;0,9939
Robb Quinlan;1;Alex Rios;0,9926
Robb Quinlan;2;Buster Posey;0,9921
Robb Quinlan;3;Eric Hosmer;0,9917
Robb Quinlan;4;John Jaso;0,9891
Robb Quinlan;5;Don Robinson;0,9874
Robby Thompson;1;Ryan Braun;0,9981
Robby Thompson;2;Pete O'Brien;0,9971
Robby Thompson;3;Jason Kendall;0,9963
Robby Thompson;4;Greg Vaughn;0,9952
Robby Thompson;5;Tino Martinez;0,9947
Robert Andino;1;Aramis Ramirez;0,9885
Robert Andino;2;Marwin Gonzalez;0,9882
Robert Andino;3;Emil Brown;0,9873
Robert Andino;4;Shane Mack;0,9863
Robert Andino;5;Wiki Gonzalez;0,9835
Robert Fick;1;Jay Payton;0,998
Robert Fick;2;Marvell Wynne;0,9943
Robert Fick;3;Austin Jackson;0,9827
Robert Fick;4;Jon Nunnally;0,9775
Robert Fick;5;Nate Schierholtz;0,9765
Robert Perez;1;Scott Sanderson;0,998
Robert Perez;2;Gil Heredia;0,9968
Robert Perez;3;Jake Westbrook;0,9959
Robert Perez;4;Luis Quinones;0,9926
Robert Perez;5;Stan Belinda;0,9904
Robert Person;1;Mike DeJean;0,9875
Robert Person;2;Russ Ortiz;0,9777
Robert Person;3;Charlie O'Brien;0,9768
Robert Person;4;Jimmy Anderson;0,976
Robert Person;5;Darren Dreifort;0,9741
Roberto Alomar;1;Ivan Calderon;0,9994
Roberto Alomar;2;Troy O'Leary;0,9985
Roberto Alomar;3;R. J. Reynolds;0,9979
Roberto Alomar;4;Jhonny Peralta;0,9974
Roberto Alomar;5;David Justice;0,9974
Roberto Hernandez;1;Matt Garza;0,9892
Roberto Hernandez;2;Pete Schourek;0,9835
Roberto Hernandez;3;J. A. Happ;0,976
Roberto Hernandez;4;Mat Latos;0,9757
Roberto Hernandez;5;Jaime Garcia;0,9711
Roberto Kelly;1;Mark Reynolds;0,9888
Roberto Kelly;2;Robin Ventura;0,9872
Roberto Kelly;3;Ernie Young;0,9863
Roberto Kelly;4;Alex Rios;0,9862
Roberto Kelly;5;Eric Hosmer;0,9843
Roberto Petagine;1;Kevin Sefcik;0,9973
Roberto Petagine;2;Colby Lewis;0,9968
Roberto Petagine;3;Dennis Rasmussen;0,9938
Roberto Petagine;4;Amaury Telemaco;0,9925
Roberto Petagine;5;Marco Estrada;0,9909
Robin Ventura;1;Mike Napoli;0,9955
Robin Ventura;2;Alex Rios;0,9946
Robin Ventura;3;Garret Anderson;0,994
Robin Ventura;4;Adrian Beltre;0,9927
Robin Ventura;5;Mark Reynolds;0,9926
Robin Yount;1;Darren Holmes;0,96
Robin Yount;2;Sean Bergman;0,9524
Robin Yount;3;Atlee Hammaker;0,9489
Robin Yount;4;Greg Swindell;0,9317
Robin Yount;5;David West;0,9134
Robinson Cano;1;Ike Davis;0,9997
Robinson Cano;2;Russell Martin;0,998
Robinson Cano;3;Edgar Renteria;0,9977
Robinson Cano;4;Chone Figgins;0,9975
Robinson Cano;5;David DeJesus;0,9962
Rocco Baldelli;1;Jason Castro;0,9909
Rocco Baldelli;2;Ben Revere;0,9869
Rocco Baldelli;3;Matt Carpenter;0,9853
Rocco Baldelli;4;Jason Kipnis;0,9848
Rocco Baldelli;5;Joe McEwing;0,9776
Rod Barajas;1;Billy Ashley;0,9888
Rod Barajas;2;Mark Thompson;0,985
Rod Barajas;3;Jason Bere;0,9695
Rod Barajas;4;Russ Davis;0,9588
Rod Barajas;5;Jay Powell;0,9534
Rod Beck;1;Vicente Padilla;0,9967
Rod Beck;2;Edwin Jackson;0,9958
Rod Beck;3;Dan Haren;0,9926
Rod Beck;4;J. R. Phillips;0,9887
Rod Beck;5;Shane Reynolds;0,9879
Rodrigo Lopez;1;Victor Zambrano;0,996
Rodrigo Lopez;2;Ron Villone;0,9944
Rodrigo Lopez;3;Brian Moehler;0,9931
Rodrigo Lopez;4;Brandon Webb;0,9924
Rodrigo Lopez;5;Scott Sanders;0,9906
Roger Cedeno;1;Scott Hemond;0,9663
Roger Cedeno;2;Juan Cruz;0,9574
Roger Cedeno;3;Erik Bedard;0,9552
Roger Cedeno;4;Donne Wall;0,9519
Roger Cedeno;5;Ben Zobrist;0,9415
Roger Clemens;1;Salvador Perez;0,9985
Roger Clemens;2;Ike Davis;0,9967
Roger Clemens;3;Josh Reddick;0,9956
Roger Clemens;4;Craig Monroe;0,994
Roger Clemens;5;Chad Tracy;0,9938
Roger McDowell;1;Dennis Rasmussen;0,9966
Roger McDowell;2;Marco Estrada;0,996
Roger McDowell;3;Colby Lewis;0,9925
Roger McDowell;4;Mike Grace;0,9906
Roger McDowell;5;Roberto Petagine;0,989
Ron Coomer;1;Paul Goldschmidt;0,9966
Ron Coomer;2;Ray Durham;0,9959
Ron Coomer;3;Joe Carter;0,9954
Ron Coomer;4;Prince Fielder;0,994
Ron Coomer;5;Kirby Puckett;0,994
Ron Darling;1;Dave Bush;0,9874
Ron Darling;2;Carlos Perez;0,9833
Ron Darling;3;Kirt Manwaring;0,9794
Ron Darling;4;Brandon Morrow;0,9755
Ron Darling;5;Gio Gonzalez;0,9738
Ron Gant;1;Zack Cozart;0,997
Ron Gant;2;Starlin Castro;0,9965
Ron Gant;3;Bobby Crosby;0,9964
Ron Gant;4;Ryan Church;0,9946
Ron Gant;5;Milt Cuyler;0,9945
Ron Hassey;1;Pat Listach;0,9934
Ron Hassey;2;Sam Fuld;0,9871
Ron Hassey;3;Tim Flannery;0,982
Ron Hassey;4;Sammy Sosa;0,9754
Ron Hassey;5;Josh Paul;0,9731
Ron Karkovice;1;Danny Valencia;0,9841
Ron Karkovice;2;Gerald Williams;0,9803
Ron Karkovice;3;J. R. Phillips;0,9777
Ron Karkovice;4;Mike Macfarlane;0,9734
Ron Karkovice;5;Pablo Ozuna;0,9711
Ron Kittle;1;Hideo Nomo;0,9465
Ron Kittle;2;Kevin Young;0,9457
Ron Kittle;3;Carlton Fisk;0,9269
Ron Kittle;4;Bob Boone;0,9215
Ron Kittle;5;Todd Hundley;0,9091
Ron Oester;1;Melky Cabrera;0,9226
Ron Oester;2;Pete Orr;0,8756
Ron Oester;3;Mike Kingery;0,8611
Ron Oester;4;Wilton Guerrero;0,8594
Ron Oester;5;Mark Parent;0,8564
Ron Robinson;1;Alberto Castillo;0,9995
Ron Robinson;2;Andujar Cedeno;0,9968
Ron Robinson;3;Juan Bell;0,9958
Ron Robinson;4;Cory Lidle;0,9944
Ron Robinson;5;Alfredo Simon;0,9937
Ron Tingley;1;Gary Disarcina;0,9961
Ron Tingley;2;Kerry Wood;0,9902
Ron Tingley;3;Kevin Gross;0,9883
Ron Tingley;4;Jose DeLeon;0,9869
Ron Tingley;5;Rick Reed;0,9863
Ron Villone;1;Brandon Webb;0,9996
Ron Villone;2;Mark Clark;0,9979
Ron Villone;3;Rodrigo Lopez;0,9944
Ron Villone;4;Domingo Cedeno;0,9943
Ron Villone;5;Francisco Cordova;0,9919
Rondell White;1;Ben Davis;0,9999
Rondell White;2;Placido Polanco;0,9847
Rondell White;3;Adam Jones;0,9827
Rondell White;4;Mitch Moreland;0,9825
Rondell White;5;Desmond Jennings;0,982
Ronnie Belliard;1;Bob Smith;0,9725
Ronnie Belliard;2;Vance Wilson;0,9696
Ronnie Belliard;3;Yorvit Torrealba;0,9554
Ronnie Belliard;4;Carlos Peña;0,9548
Ronnie Belliard;5;Tyler Flowers;0,9544
Ronny Cedeno;1;Darrell Evans;0,9879
Ronny Cedeno;2;Lee Mazzilli;0,9848
Ronny Cedeno;3;Lee Tinsley;0,9825
Ronny Cedeno;4;Dan Plesac;0,9513
Ronny Cedeno;5;Devin Mesoraco;0,9382
Ronny Paulino;1;Chris Davis;0,9896
Ronny Paulino;2;Carlos Ruiz;0,9818
Ronny Paulino;3;Edgardo Alfonzo;0,9737
Ronny Paulino;4;Michael Bourn;0,9671
Ronny Paulino;5;Lou Whitaker;0,9634
Ross Detwiler;1;Chad Durbin;0,9969
Ross Detwiler;2;Victor Zambrano;0,9967
Ross Detwiler;3;Albie Lopez;0,9891
Ross Detwiler;4;Brian Moehler;0,988
Ross Detwiler;5;Daniel Cabrera;0,9876
Ross Gload;1;Eric Anthony;0,9891
Ross Gload;2;Danny Sheaffer;0,9654
Ross Gload;3;Gerald Williams;0,9614
Ross Gload;4;Felix Heredia;0,9594
Ross Gload;5;Jim Eisenreich;0,9497
Roy Halladay;1;Kevin Ritz;0,9994
Roy Halladay;2;Phil Hughes;0,9989
Roy Halladay;3;Cory Lidle;0,9985
Roy Halladay;4;Rick Reed;0,9985
Roy Halladay;5;Joe Saunders;0,9975
Roy Oswalt;1;Bob Kipper;0,9993
Roy Oswalt;2;Mike Hampton;0,9987
Roy Oswalt;3;David Cone;0,9986
Roy Oswalt;4;Joey Hamilton;0,9984
Roy Oswalt;5;Todd Ritchie;0,9983
Royce Clayton;1;John Jaso;0,9832
Royce Clayton;2;Rajai Davis;0,9818
Royce Clayton;3;Deion Sanders;0,9809
Royce Clayton;4;Robb Quinlan;0,98
Royce Clayton;5;Chuck McElroy;0,9795
Ruben Amaro;1;Alex Ochoa;0,9135
Ruben Amaro;2;Rick Aguilera;0,9127
Ruben Amaro;3;Bobby Witt;0,8269
Ruben Amaro;4;Mark Sweeney;0,8069
Ruben Amaro;5;Denny Walling;0,7907
Ruben Rivera;1;Javy Lopez;0,996
Ruben Rivera;2;Spike Owen;0,992
Ruben Rivera;3;Otis Nixon;0,9912
Ruben Rivera;4;Craig Worthington;0,9906
Ruben Rivera;5;Shawon Dunston;0,99
Ruben Sierra;1;Greg Gagne;0,9967
Ruben Sierra;2;Pedro Munoz;0,9958
Ruben Sierra;3;Derek Jeter;0,9955
Ruben Sierra;4;Ed Sprague;0,9951
Ruben Sierra;5;Denard Span;0,9947
Ruben Tejada;1;Lloyd McClendon;0,9748
Ruben Tejada;2;Hubie Brooks;0,9734
Ruben Tejada;3;Josh Bard;0,9673
Ruben Tejada;4;Turner Ward;0,9467
Ruben Tejada;5;Brendan Ryan;0,9456
Russ Davis;1;Roberto Petagine;0,9873
Russ Davis;2;Rick White;0,9834
Russ Davis;3;Kevin Sefcik;0,9826
Russ Davis;4;Amaury Telemaco;0,9808
Russ Davis;5;Colby Lewis;0,9795
Russ Morman;1;Jimmy Anderson;0,9797
Russ Morman;2;Rick Porcello;0,9745
Russ Morman;3;Mitch Williams;0,9717
Russ Morman;4;Juan Castro;0,9688
Russ Morman;5;Mariano Duncan;0,9628
Russ Ortiz;1;Darren Dreifort;0,9952
Russ Ortiz;2;Jeff Weaver;0,9861
Russ Ortiz;3;Rod Beck;0,9855
Russ Ortiz;4;Robert Person;0,9777
Russ Ortiz;5;Mike DeJean;0,9769
Russ Springer;1;Mike Lincoln;0,988
Russ Springer;2;Albie Lopez;0,9876
Russ Springer;3;Scott Sauerbeck;0,9871
Russ Springer;4;Yusmeiro Petit;0,9869
Russ Springer;5;Nate Robertson;0,9814
Russell Branyan;1;Jorge Posada;0,9945
Russell Branyan;2;Ellis Burks;0,9937
Russell Branyan;3;Gaby Sanchez;0,9928
Russell Branyan;4;Will Clark;0,9905
Russell Branyan;5;Josh Hamilton;0,99
Russell Martin;1;Robinson Cano;0,998
Russell Martin;2;Andres Torres;0,9973
Russell Martin;3;Ike Davis;0,9965
Russell Martin;4;David DeJesus;0,9962
Russell Martin;5;Donnie Sadler;0,9955
Rusty Greer;1;Carlos Febles;0,9964
Rusty Greer;2;Mark Salas;0,9941
Rusty Greer;3;Johnny Damon;0,9933
Rusty Greer;4;Mike Krukow;0,9931
Rusty Greer;5;Luis Aguayo;0,991
Ryan Braun;1;Robby Thompson;0,9981
Ryan Braun;2;Jason Kendall;0,9977
Ryan Braun;3;Carlos Baerga;0,9972
Ryan Braun;4;Greg Vaughn;0,997
Ryan Braun;5;Paul O'Neill;0,9968
Ryan Church;1;Geoff Jenkins;0,9982
Ryan Church;2;Josh Reddick;0,9978
Ryan Church;3;Brandon Moss;0,9968
Ryan Church;4;Dean Palmer;0,9965
Ryan Church;5;Trevor Plouffe;0,9964
Ryan Dempster;1;Bill Landrum;0,9922
Ryan Dempster;2;Jair Jurrjens;0,9862
Ryan Dempster;3;Jeremy Hernandez;0,9791
Ryan Dempster;4;Brandon Duckworth;0,969
Ryan Dempster;5;Chuck Finley;0,9659
Ryan Doumit;1;Brandon Belt;0,9988
Ryan Doumit;2;Brandon Crawford;0,9936
Ryan Doumit;3;Matt Wieters;0,9893
Ryan Doumit;4;Nate McLouth;0,9869
Ryan Doumit;5;Steve Scarsone;0,9866
Ryan Flaherty;1;Travis Hafner;0,9982
Ryan Flaherty;2;Gerardo Parra;0,9975
Ryan Flaherty;3;Alfonso Soriano;0,9971
Ryan Flaherty;4;Chase Utley;0,9964
Ryan Flaherty;5;Josh Donaldson;0,9953
Ryan Franklin;1;Gary Ward;0,9915
Ryan Franklin;2;Bob Knepper;0,9902
Ryan Franklin;3;Neal Heaton;0,9163
Ryan Franklin;4;Dave Dravecky;0,8666
Ryan Franklin;5;Manny Parra;0,8536
Ryan Freel;1;Michael Cuddyer;0,9941
Ryan Freel;2;Eduardo Nunez;0,9915
Ryan Freel;3;Marcus Giles;0,9914
Ryan Freel;4;Ben Broussard;0,991
Ryan Freel;5;Michael Tucker;0,9906
Ryan Hanigan;1;Milt Thompson;0,9988
Ryan Hanigan;2;Pat Burrell;0,9947
Ryan Hanigan;3;Asdrubal Cabrera;0,9943
Ryan Hanigan;4;Jonathan Lucroy;0,9904
Ryan Hanigan;5;Jason Kubel;0,9885
Ryan Howard;1;Mark Grace;0,9989
Ryan Howard;2;Adam Lind;0,9987
Ryan Howard;3;Terrence Long;0,9982
Ryan Howard;4;Jesse Orosco;0,9976
Ryan Howard;5;Darin Erstad;0,9968
Ryan Klesko;1;Jimmy Rollins;0,9975
Ryan Klesko;2;Richie Sexson;0,996
Ryan Klesko;3;Eric Bruntlett;0,9951
Ryan Klesko;4;Adam Melhuse;0,9946
Ryan Klesko;5;Gene Larkin;0,9942
Ryan Langerhans;1;Joe Girardi;0,9912
Ryan Langerhans;2;Craig Counsell;0,978
Ryan Langerhans;3;Cecil Espy;0,9687
Ryan Langerhans;4;Jeffrey Hammonds;0,9629
Ryan Langerhans;5;Paul Bako;0,9603
Ryan Ludwick;1;Bill Hall;0,9876
Ryan Ludwick;2;Nate McLouth;0,986
Ryan Ludwick;3;Brandon Belt;0,9853
Ryan Ludwick;4;Kelly Shoppach;0,983
Ryan Ludwick;5;Ryan Doumit;0,9755
Ryan Madson;1;Scott Sanders;0,998
Ryan Madson;2;Victor Zambrano;0,9871
Ryan Madson;3;Jamey Wright;0,9846
Ryan Madson;4;Ramon Martinez;0,9842
Ryan Madson;5;Ted Lilly;0,9835
Ryan Raburn;1;Ernie Young;0,9911
Ryan Raburn;2;Mike Harkey;0,9884
Ryan Raburn;3;Eric Hosmer;0,9734
Ryan Raburn;4;Robb Quinlan;0,9731
Ryan Raburn;5;Greg Colbrunn;0,9588
Ryan Sweeney;1;Desmond Jennings;0,9997
Ryan Sweeney;2;Nick Swisher;0,9989
Ryan Sweeney;3;Daniel Murphy;0,9969
Ryan Sweeney;4;Corey Patterson;0,9954
Ryan Sweeney;5;Mark Trumbo;0,9947
Ryan Theriot;1;Ben Davis;0,9915
Ryan Theriot;2;Josh Donaldson;0,9883
Ryan Theriot;3;Ryan Flaherty;0,985
Ryan Theriot;4;Billy Butler;0,9817
Ryan Theriot;5;Adam Jones;0,9737
Ryan Thompson;1;Scott Livingstone;0,9914
Ryan Thompson;2;Orlando Cabrera;0,9883
Ryan Thompson;3;Eddie Perez;0,9876
Ryan Thompson;4;Marvin Benard;0,9831
Ryan Thompson;5;Tony Phillips;0,9807
Ryan Vogelsong;1;Allen Watson;0,9929
Ryan Vogelsong;2;Brandon Backe;0,9739
Ryan Vogelsong;3;Brian Harper;0,9454
Ryan Vogelsong;4;Lee Tinsley;0,9391
Ryan Vogelsong;5;Dave Smith;0,9339
Ryan Zimmerman;1;Mike Greenwell;0,9991
Ryan Zimmerman;2;Salvador Perez;0,9981
Ryan Zimmerman;3;Edgar Renteria;0,9972
Ryan Zimmerman;4;Ike Davis;0,9963
Ryan Zimmerman;5;Hal Morris;0,9963
Ryne Sandberg;1;Clay Buchholz;0,9877
Ryne Sandberg;2;Jesse Levis;0,9744
Ryne Sandberg;3;Dave Silvestri;0,9683
Ryne Sandberg;4;Craig Worthington;0,9679
Ryne Sandberg;5;Jerald Clark;0,9637
Sal Fasano;1;Doug Mientkiewicz;0,9986
Sal Fasano;2;Paul Konerko;0,9975
Sal Fasano;3;Glenn Braggs;0,9955
Sal Fasano;4;Carlos Quentin;0,9921
Sal Fasano;5;Chris Speier;0,9903
Salomon Torres;1;Lee Smith;0,9892
Salomon Torres;2;Matt Belisle;0,9811
Salomon Torres;3;Jeff Fassero;0,9691
Salomon Torres;4;Carl Pavano;0,9616
Salomon Torres;5;Pat Rapp;0,9593
Salvador Perez;1;Mike Greenwell;0,9987
Salvador Perez;2;Roger Clemens;0,9985
Salvador Perez;3;Glenallen Hill;0,9983
Salvador Perez;4;Craig Monroe;0,9982
Salvador Perez;5;Todd Benzinger;0,9982
Sam Fuld;1;Ron Hassey;0,9871
Sam Fuld;2;Tim Flannery;0,9859
Sam Fuld;3;Brian Jordan;0,9833
Sam Fuld;4;Pat Listach;0,9811
Sam Fuld;5;Richard Hidalgo;0,9721
Sammy Sosa;1;Tim Flannery;0,9953
Sammy Sosa;2;Matt Diaz;0,9912
Sammy Sosa;3;Pat Listach;0,9883
Sammy Sosa;4;Ron Hassey;0,9754
Sammy Sosa;5;Brian Jordan;0,9745
Sandy Alomar;1;Clay Buchholz;0,9991
Sandy Alomar;2;Eric Owens;0,9958
Sandy Alomar;3;Guillermo Mota;0,9927
Sandy Alomar;4;Shane Spencer;0,9897
Sandy Alomar;5;Dave Silvestri;0,989
Sandy Martinez;1;Dan Plesac;0,9795
Sandy Martinez;2;So Taguchi;0,9737
Sandy Martinez;3;Dwight Evans;0,9657
Sandy Martinez;4;Darrell Evans;0,9525
Sandy Martinez;5;Lou Whitaker;0,9487
Scott Baker;1;Javier Vazquez;0,9884
Scott Baker;2;Felix Rodriguez;0,9829
Scott Baker;3;David West;0,982
Scott Baker;4;Jay Powell;0,9773
Scott Baker;5;Ricky Bottalico;0,977
Scott Bradley;1;Johnny Estrada;0,9971
Scott Bradley;2;Steve Lake;0,9951
Scott Bradley;3;John Olerud;0,9941
Scott Bradley;4;Greg Briley;0,994
Scott Bradley;5;Mike Young;0,9922
Scott Brosius;1;Steve Jeltz;0,9861
Scott Brosius;2;Nyjer Morgan;0,9844
Scott Brosius;3;Adam Kennedy;0,9399
Scott Brosius;4;Bernie Williams;0,9372
Scott Brosius;5;Jacque Jones;0,937
Scott Cooper;1;Randy Velarde;0,993
Scott Cooper;2;Manuel Lee;0,9899
Scott Cooper;3;Herbert Perry;0,9851
Scott Cooper;4;Kenny Lofton;0,9839
Scott Cooper;5;Alex Gonzalez;0,9825
Scott Elarton;1;Joe Saunders;0,9971
Scott Elarton;2;Bob Patterson;0,9949
Scott Elarton;3;Amaury Telemaco;0,9926
Scott Elarton;4;Ron Robinson;0,9903
Scott Elarton;5;Kevin Ritz;0,9897
Scott Erickson;1;Atlee Hammaker;0,9694
Scott Erickson;2;Steve Jeltz;0,9508
Scott Erickson;3;Scott Brosius;0,9212
Scott Erickson;4;Claudell Washington;0,9185
Scott Erickson;5;Ken Oberkfell;0,9061
Scott Eyre;1;Casey Candaele;0,9791
Scott Eyre;2;Danny Sheaffer;0,9779
Scott Eyre;3;Felix Heredia;0,9675
Scott Eyre;4;Elmer Dessens;0,9649
Scott Eyre;5;Eric Anthony;0,9632
Scott Feldman;1;Joe Saunders;0,9993
Scott Feldman;2;Amaury Telemaco;0,9977
Scott Feldman;3;Randy Johnson;0,9971
Scott Feldman;4;Rick Reed;0,996
Scott Feldman;5;Cory Lidle;0,9957
Scott Fletcher;1;Ernie Young;0,9981
Scott Fletcher;2;Paul Goldschmidt;0,9907
Scott Fletcher;3;Ben Broussard;0,9846
Scott Fletcher;4;Gregor Blanco;0,9787
Scott Fletcher;5;Garrett Jones;0,9735
Scott Garrelts;1;Clay Buchholz;0,9624
Scott Garrelts;2;Chris Hammond;0,9622
Scott Garrelts;3;Eric Owens;0,9605
Scott Garrelts;4;Jimmy Anderson;0,9583
Scott Garrelts;5;Zack Greinke;0,952
Scott Hairston;1;Chris Donnels;0,988
Scott Hairston;2;Darwin Barney;0,9709
Scott Hairston;3;Joel Youngblood;0,9656
Scott Hairston;4;Randall Delgado;0,9545
Scott Hairston;5;Rocco Baldelli;0,9522
Scott Hatteberg;1;Greg Walker;0,9957
Scott Hatteberg;2;Jeff Treadway;0,9949
Scott Hatteberg;3;Kendrys Morales;0,9928
Scott Hatteberg;4;Pete O'Brien;0,9897
Scott Hatteberg;5;Ryan Braun;0,9865
Scott Hemond;1;Benji Gil;0,9925
Scott Hemond;2;Dave Hansen;0,9909
Scott Hemond;3;Al Newman;0,9899
Scott Hemond;4;Jose Offerman;0,9884
Scott Hemond;5;Antonio Osuna;0,9847
Scott Kazmir;1;Mark Guthrie;0,9953
Scott Kazmir;2;Matt Herges;0,9872
Scott Kazmir;3;Kyle McClellan;0,987
Scott Kazmir;4;Nelson Cruz;0,9854
Scott Kazmir;5;Trevor Hoffman;0,9814
Scott Leius;1;Mark DeRosa;0,9631
Scott Leius;2;Mike Redmond;0,9611
Scott Leius;3;John Baker;0,9487
Scott Leius;4;Cecil Espy;0,9461
Scott Leius;5;Glenn Wilson;0,945
Scott Livingstone;1;Ryan Thompson;0,9914
Scott Livingstone;2;Franklin Stubbs;0,9803
Scott Livingstone;3;Glenn Wilson;0,9722
Scott Livingstone;4;Jacob Cruz;0,9693
Scott Livingstone;5;Steve Lyons;0,965
Scott Podsednik;1;Nori Aoki;0,9943
Scott Podsednik;2;Will Venable;0,9938
Scott Podsednik;3;Mike Stanton;0,9938
Scott Podsednik;4;R. J. Reynolds;0,9912
Scott Podsednik;5;Edgar Martinez;0,99
Scott Rolen;1;Garret Anderson;0,9968
Scott Rolen;2;Adrian Beltre;0,9939
Scott Rolen;3;Nomar Garciaparra;0,9939
Scott Rolen;4;Brian Giles;0,9929
Scott Rolen;5;Devon White;0,9924
Scott Sanders;1;Ryan Madson;0,998
Scott Sanders;2;Brian Moehler;0,9957
Scott Sanders;3;Billy Wagner;0,9955
Scott Sanders;4;Dave Mlicki;0,995
Scott Sanders;5;Kelvim Escobar;0,9943
Scott Sanderson;1;Jake Westbrook;0,9986
Scott Sanderson;2;Robert Perez;0,998
Scott Sanderson;3;Gil Heredia;0,9951
Scott Sanderson;4;Dave Hansen;0,9921
Scott Sanderson;5;Luis Quinones;0,9871
Scott Sauerbeck;1;Andy Ashby;0,9967
Scott Sauerbeck;2;Terry Adams;0,9961
Scott Sauerbeck;3;Bobby Jones;0,9955
Scott Sauerbeck;4;Tom Gorzelanny;0,9952
Scott Sauerbeck;5;Kevin Millwood;0,9934
Scott Servais;1;Bruce Benedict;0,9767
Scott Servais;2;Josh Bard;0,9504
Scott Servais;3;Jeff DaVanon;0,9388
Scott Servais;4;Omar Infante;0,9043
Scott Servais;5;Chris Stewart;0,8968
Scott Spiezio;1;Carlos Santana;0,9923
Scott Spiezio;2;Jon Jay;0,9885
Scott Spiezio;3;Brett Gardner;0,9882
Scott Spiezio;4;Dave Nilsson;0,988
Scott Spiezio;5;Kevin Kouzmanoff;0,9855
Scott Sullivan;1;Mike Morgan;0,9968
Scott Sullivan;2;Paul Maholm;0,9913
Scott Sullivan;3;Kent Mercker;0,99
Scott Sullivan;4;Jimmy Haynes;0,9848
Scott Sullivan;5;Wandy Rodriguez;0,9841
Sean Bergman;1;Bill Swift;0,9857
Sean Bergman;2;Carlos Villanueva;0,9766
Sean Bergman;3;Jose Bautista;0,9753
Sean Bergman;4;Brett Myers;0,9645
Sean Bergman;5;Kent Mercker;0,9611
Sean Berry;1;Juan Samuel;0,9932
Sean Berry;2;Jody Gerut;0,9918
Sean Berry;3;Eric Bruntlett;0,9915
Sean Berry;4;John Mayberry;0,9913
Sean Berry;5;Armando Rios;0,9911
Sean Burroughs;1;Desmond Jennings;0,9947
Sean Burroughs;2;Ben Davis;0,9944
Sean Burroughs;3;Kyle Seager;0,9902
Sean Burroughs;4;Adrian Brown;0,9872
Sean Burroughs;5;Eduardo Nunez;0,9863
Sean Casey;1;Paul Goldschmidt;0,9967
Sean Casey;2;Yunel Escobar;0,9958
Sean Casey;3;Justin Upton;0,9948
Sean Casey;4;Corey Hart;0,992
Sean Casey;5;Ron Coomer;0,9914
Sean Rodriguez;1;Marty Barrett;0,9864
Sean Rodriguez;2;Wes Chamberlain;0,9818
Sean Rodriguez;3;Keith Hernandez;0,9808
Sean Rodriguez;4;Brian Jordan;0,9758
Sean Rodriguez;5;Chris Denorfia;0,9748
Seth Smith;1;Corey Koskie;0,9993
Seth Smith;2;Trot Nixon;0,998
Seth Smith;3;Larry Sheets;0,9974
Seth Smith;4;Adam LaRoche;0,9964
Seth Smith;5;Matt Kemp;0,9956
Shane Andrews;1;Hank Conger;0,9959
Shane Andrews;2;Darren Bragg;0,9759
Shane Andrews;3;Gabe Gross;0,9756
Shane Andrews;4;Jamey Carroll;0,9753
Shane Andrews;5;Damian Miller;0,9725
Shane Halter;1;Chris Getz;0,9797
Shane Halter;2;Mike Huff;0,9753
Shane Halter;3;Billy Ripken;0,967
Shane Halter;4;Chuck Carr;0,9668
Shane Halter;5;Steve Balboni;0,956
Shane Mack;1;Marwin Gonzalez;0,9931
Shane Mack;2;Wiki Gonzalez;0,9878
Shane Mack;3;Robert Andino;0,9863
Shane Mack;4;Pedro Feliz;0,9796
Shane Mack;5;Paul Molitor;0,9721
Shane Reynolds;1;Vicente Padilla;0,9948
Shane Reynolds;2;Sidney Ponson;0,9943
Shane Reynolds;3;Mike DeJean;0,9939
Shane Reynolds;4;Edwin Jackson;0,9884
Shane Reynolds;5;Rod Beck;0,9879
Shane Spencer;1;Dave Silvestri;0,9997
Shane Spencer;2;Craig Worthington;0,9964
Shane Spencer;3;Guillermo Mota;0,9958
Shane Spencer;4;Eric Karros;0,9942
Shane Spencer;5;Clay Buchholz;0,994
Shane Victorino;1;John Wehner;0,9723
Shane Victorino;2;Alfredo Amezaga;0,9718
Shane Victorino;3;Omar Vizquel;0,9602
Shane Victorino;4;Wayne Kirby;0,9549
Shane Victorino;5;Greg Mathews;0,9549
Shannon Stewart;1;Chase Headley;0,9981
Shannon Stewart;2;Josh Reddick;0,995
Shannon Stewart;3;Jorge Posada;0,9941
Shannon Stewart;4;Trevor Plouffe;0,9929
Shannon Stewart;5;Pete O'Brien;0,992
Shaun Marcum;1;Mark Guthrie;0,9779
Shaun Marcum;2;Matt Morris;0,9773
Shaun Marcum;3;Ed Whitson;0,9739
Shaun Marcum;4;Joel Pineiro;0,9709
Shaun Marcum;5;John Flaherty;0,9689
Shawn Abner;1;Matt Morris;0,993
Shawn Abner;2;Jaime Garcia;0,9785
Shawn Abner;3;Shaun Marcum;0,9581
Shawn Abner;4;Mike Cameron;0,9548
Shawn Abner;5;Ed Whitson;0,9527
Shawn Chacon;1;Rafael Santana;0,9282
Shawn Chacon;2;Todd Wellemeyer;0,8983
Shawn Chacon;3;Tim Bogar;0,8932
Shawn Chacon;4;Mike Heath;0,8847
Shawn Chacon;5;Andy Stankiewicz;0,8531
Shawn Estes;1;Rob Dibble;0,9988
Shawn Estes;2;Francisco Cordova;0,9964
Shawn Estes;3;Ismael Valdez;0,9934
Shawn Estes;4;Terry Mulholland;0,9928
Shawn Estes;5;Paul Quantrill;0,9927
Shawn Green;1;Scott Sanders;0,9887
Shawn Green;2;Jeremy Hellickson;0,9877
Shawn Green;3;Victor Zambrano;0,9799
Shawn Green;4;Billy Wagner;0,9782
Shawn Green;5;Kelvim Escobar;0,9764
Shawon Dunston;1;Mike Young;0,9951
Shawon Dunston;2;Craig Worthington;0,9942
Shawon Dunston;3;Pedro Munoz;0,9912
Shawon Dunston;4;Dante Bichette;0,9911
Shawon Dunston;5;Mark Lemke;0,9908
Shea Hillenbrand;1;Lyle Overbay;0,9992
Shea Hillenbrand;2;Ben Broussard;0,9992
Shea Hillenbrand;3;Orlando Hudson;0,9976
Shea Hillenbrand;4;Garrett Atkins;0,9955
Shea Hillenbrand;5;Colby Rasmus;0,9948
Shin-Soo Choo;1;A. J. Pierzynski;0,9976
Shin-Soo Choo;2;Conor Jackson;0,9967
Shin-Soo Choo;3;Carlos Santana;0,9966
Shin-Soo Choo;4;Martin Prado;0,9964
Shin-Soo Choo;5;Kevin Youkilis;0,9953
Sid Bream;1;Jim Presley;0,9938
Sid Bream;2;Jerald Clark;0,9917
Sid Bream;3;Phil Bradley;0,9903
Sid Bream;4;Terrence Long;0,9901
Sid Bream;5;Dave Berg;0,989
Sid Fernandez;1;Scott Sanders;0,9891
Sid Fernandez;2;Kelvim Escobar;0,9843
Sid Fernandez;3;Billy Wagner;0,9835
Sid Fernandez;4;Rodrigo Lopez;0,9759
Sid Fernandez;5;Victor Zambrano;0,9758
Sidney Ponson;1;Shane Reynolds;0,9943
Sidney Ponson;2;Vicente Padilla;0,986
Sidney Ponson;3;Edwin Jackson;0,9836
Sidney Ponson;4;Mike DeJean;0,9829
Sidney Ponson;5;Rod Beck;0,9812
Skip Schumaker;1;Luis Valbuena;0,9684
Skip Schumaker;2;Hideki Irabu;0,9548
Skip Schumaker;3;Shane Victorino;0,9546
Skip Schumaker;4;Wayne Kirby;0,9526
Skip Schumaker;5;Miguel Tejada;0,9522
So Taguchi;1;Lou Whitaker;0,9911
So Taguchi;2;Sandy Martinez;0,9737
So Taguchi;3;Devin Mesoraco;0,9706
So Taguchi;4;Darrell Evans;0,969
So Taguchi;5;Lee Tinsley;0,9571
Spike Owen;1;Keith Miller;0,9955
Spike Owen;2;Craig Worthington;0,9934
Spike Owen;3;Clay Buchholz;0,9921
Spike Owen;4;Ruben Rivera;0,992
Spike Owen;5;Dave Silvestri;0,9917
Stan Belinda;1;Robert Perez;0,9904
Stan Belinda;2;Luis Quinones;0,9878
Stan Belinda;3;Scott Sanderson;0,9822
Stan Belinda;4;Antonio Osuna;0,979
Stan Belinda;5;Jason Marquis;0,9705
Stan Javier;1;Billy Ashley;0,9757
Stan Javier;2;Melvin Nieves;0,9736
Stan Javier;3;Hideki Irabu;0,9694
Stan Javier;4;Omar Infante;0,943
Stan Javier;5;John Wehner;0,9368
Starlin Castro;1;Coco Crisp;0,9975
Starlin Castro;2;Ron Gant;0,9965
Starlin Castro;3;Kelly Johnson;0,9962
Starlin Castro;4;Zack Cozart;0,9944
Starlin Castro;5;Julio Lugo;0,9939
Stephen Drew;1;Allen Craig;0,9802
Stephen Drew;2;Glenn Braggs;0,9787
Stephen Drew;3;Matt Franco;0,9766
Stephen Drew;4;Sal Fasano;0,9701
Stephen Drew;5;Wily Mo Peña;0,9643
Stephen Strasburg;1;Harry Spilman;0,9798
Stephen Strasburg;2;Bartolo Colon;0,9777
Stephen Strasburg;3;John Wetteland;0,9695
Stephen Strasburg;4;C. J. Wilson;0,9674
Stephen Strasburg;5;Jaret Wright;0,9639
Sterling Hitchcock;1;Brad Radke;0,9983
Sterling Hitchcock;2;Matt Clement;0,9962
Sterling Hitchcock;3;Darryl Kile;0,9936
Sterling Hitchcock;4;Pedro Martinez;0,9934
Sterling Hitchcock;5;Bob Tewksbury;0,9923
Steve Avery;1;Jeremy Hernandez;0,9887
Steve Avery;2;Brandon Duckworth;0,9885
Steve Avery;3;Jeremy Bonderman;0,9699
Steve Avery;4;Wade Miley;0,9571
Steve Avery;5;Lee Smith;0,9545
Steve Balboni;1;Marvin Benard;0,9936
Steve Balboni;2;Jacob Cruz;0,99
Steve Balboni;3;Rich Becker;0,9831
Steve Balboni;4;Ryan Thompson;0,9767
Steve Balboni;5;Glenn Wilson;0,9752
Steve Bedrosian;1;Harry Spilman;0,9304
Steve Bedrosian;2;Arthur Rhodes;0,8709
Steve Bedrosian;3;John Wetteland;0,8527
Steve Bedrosian;4;Ricky Bottalico;0,8469
Steve Bedrosian;5;David West;0,8355
Steve Buechele;1;Jody Gerut;0,9969
Steve Buechele;2;Joe Mauer;0,9923
Steve Buechele;3;Jason Heyward;0,9915
Steve Buechele;4;Ramon Hernandez;0,9912
Steve Buechele;5;Pablo Sandoval;0,9911
Steve Clevenger;1;Marc Newfield;0,9666
Steve Clevenger;2;Bruce Hurst;0,956
Steve Clevenger;3;Dennys Reyes;0,9525
Steve Clevenger;4;Kevin Appier;0,9494
Steve Clevenger;5;Augie Ojeda;0,9453
Steve Cooke;1;Kirk Rueter;0,963
Steve Cooke;2;Kyle Farnsworth;0,9591
Steve Cooke;3;Eric Show;0,9578
Steve Cooke;4;Brian Williams;0,9568
Steve Cooke;5;Tommy Milone;0,9129
Steve Finley;1;Carlos Santana;0,9954
Steve Finley;2;Joe Crede;0,9941
Steve Finley;3;Jon Jay;0,994
Steve Finley;4;Kevin Youkilis;0,9938
Steve Finley;5;Kevin Kouzmanoff;0,9915
Steve Jeltz;1;Scott Brosius;0,9861
Steve Jeltz;2;Nyjer Morgan;0,9567
Steve Jeltz;3;Scott Erickson;0,9508
Steve Jeltz;4;Johnny Ray;0,9351
Steve Jeltz;5;Tom Brookens;0,9195
Steve Kline;1;Andy McGaffigan;0,9924
Steve Kline;2;Rich Rodriguez;0,9624
Steve Kline;3;Dave Dravecky;0,956
Steve Kline;4;Chuck Finley;0,9522
Steve Kline;5;Bobby Jones;0,9522
Steve Lake;1;Pedro Munoz;0,9956
Steve Lake;2;Scott Bradley;0,9951
Steve Lake;3;Derek Jeter;0,9941
Steve Lake;4;Javy Lopez;0,994
Steve Lake;5;Ruben Sierra;0,9939
Steve Lyons;1;Charlie Hayes;0,9986
Steve Lyons;2;Josh Thole;0,9985
Steve Lyons;3;Brian McRae;0,9952
Steve Lyons;4;Dave Parker;0,9918
Steve Lyons;5;Jose Macias;0,9916
Steve Parris;1;Todd Worrell;0,9312
Steve Parris;2;Ugueth Urbina;0,9257
Steve Parris;3;Pete Orr;0,9107
Steve Parris;4;Jeff Samardzija;0,8763
Steve Parris;5;Russ Morman;0,8638
Steve Reed;1;Victor Zambrano;0,9908
Steve Reed;2;Chien-Ming Wang;0,9907
Steve Reed;3;Scott Sanders;0,986
Steve Reed;4;Mark Clark;0,982
Steve Reed;5;Jerry Dipoto;0,9814
Steve Sax;1;John Jaso;0,9902
Steve Sax;2;Robb Quinlan;0,9795
Steve Sax;3;Gary Gaetti;0,9775
Steve Sax;4;Chris Gomez;0,9766
Steve Sax;5;Kevin McReynolds;0,9742
Steve Scarsone;1;Aaron Rowand;0,9955
Steve Scarsone;2;Kelly Shoppach;0,9916
Steve Scarsone;3;Candy Maldonado;0,9901
Steve Scarsone;4;Juan Uribe;0,9893
Steve Scarsone;5;Jose Reyes;0,9877
Steve Trachsel;1;Doug Brocail;0,9819
Steve Trachsel;2;Mike Maddux;0,9279
Steve Trachsel;3;Shawn Abner;0,9128
Steve Trachsel;4;Matt Morris;0,8929
Steve Trachsel;5;Brian Boehringer;0,8836
T. J. Mathews;1;Robb Nen;0,9956
T. J. Mathews;2;Tomo Ohka;0,9955
T. J. Mathews;3;David Weathers;0,9952
T. J. Mathews;4;Larry Andersen;0,9943
T. J. Mathews;5;Nate Robertson;0,9915
Ted Lilly;1;Victor Zambrano;0,9998
Ted Lilly;2;Kelvim Escobar;0,9961
Ted Lilly;3;Dave Mlicki;0,995
Ted Lilly;4;Denny Neagle;0,995
Ted Lilly;5;Albie Lopez;0,9941
Ted Power;1;Kelly Stinnett;0,9898
Ted Power;2;Luis Sojo;0,9779
Ted Power;3;Ervin Santana;0,9757
Ted Power;4;Mike Pelfrey;0,9419
Ted Power;5;Kyle Lohse;0,936
Terrence Long;1;Reggie Sanders;0,9996
Terrence Long;2;Carlos Gonzalez;0,9995
Terrence Long;3;Ryan Howard;0,9982
Terrence Long;4;Don Mattingly;0,9982
Terrence Long;5;Jim Presley;0,9979
Terry Adams;1;Mark Buehrle;0,9973
Terry Adams;2;Andy Ashby;0,9966
Terry Adams;3;Scott Sauerbeck;0,9961
Terry Adams;4;Kevin Millwood;0,9947
Terry Adams;5;Tom Glavine;0,9919
Terry Francona;1;Rich Gossage;0,9978
Terry Francona;2;Leon Durham;0,9971
Terry Francona;3;Kosuke Fukudome;0,9958
Terry Francona;4;Ozzie Virgil;0,9956
Terry Francona;5;Mookie Wilson;0,9935
Terry Kennedy;1;Mike Harkey;0,9555
Terry Kennedy;2;Jose Castillo;0,9553
Terry Kennedy;3;Ernie Young;0,9374
Terry Kennedy;4;Chris Donnels;0,9285
Terry Kennedy;5;Bobby Witt;0,897
Terry Mulholland;1;Mark Clark;0,998
Terry Mulholland;2;Francisco Cordova;0,997
Terry Mulholland;3;Rob Dibble;0,9948
Terry Mulholland;4;Brandon Webb;0,9944
Terry Mulholland;5;Shawn Estes;0,9928
Terry Pendleton;1;Mickey Hatcher;0,9951
Terry Pendleton;2;Dave Collins;0,979
Terry Pendleton;3;Kim Batiste;0,9777
Terry Pendleton;4;Lee Tinsley;0,9755
Terry Pendleton;5;Lee Mazzilli;0,9661
Terry Puhl;1;Todd Pratt;0,9661
Terry Puhl;2;Glenn Wilson;0,9568
Terry Puhl;3;Trevor Cahill;0,9417
Terry Puhl;4;Denny Hocking;0,9348
Terry Puhl;5;Eric Milton;0,9232
Terry Shumpert;1;Cecil Espy;0,9849
Terry Shumpert;2;Ryan Langerhans;0,9304
Terry Shumpert;3;Todd Jones;0,9184
Terry Shumpert;4;Glenn Wilson;0,8902
Terry Shumpert;5;Tim Flannery;0,883
Terry Steinbach;1;R. J. Reynolds;0,9991
Terry Steinbach;2;Cecil Fielder;0,9975
Terry Steinbach;3;David Justice;0,9968
Terry Steinbach;4;Rico Brogna;0,9965
Terry Steinbach;5;Roberto Alomar;0,9963
Thad Bosley;1;Greg Briley;0,9974
Thad Bosley;2;Kirk Gibson;0,9973
Thad Bosley;3;Dave Magadan;0,9958
Thad Bosley;4;Jim Rice;0,9958
Thad Bosley;5;Magglio Ordonez;0,9956
Thomas Howard;1;Geronimo Pena;0,9936
Thomas Howard;2;Carlos Quentin;0,9878
Thomas Howard;3;Jonathan Lucroy;0,9848
Thomas Howard;4;Alex Avila;0,9825
Thomas Howard;5;Mark Teahen;0,9786
Tim Belcher;1;Bob Kipper;0,9985
Tim Belcher;2;Joey Hamilton;0,9982
Tim Belcher;3;Jose Lima;0,9981
Tim Belcher;4;Roy Oswalt;0,998
Tim Belcher;5;Jake Peavy;0,9978
Tim Bogar;1;Andy Stankiewicz;0,9532
Tim Bogar;2;Dennis Cook;0,908
Tim Bogar;3;Shawn Chacon;0,8932
Tim Bogar;4;Joel Skinner;0,8538
Tim Bogar;5;Scott Eyre;0,8507
Tim Burke;1;John Grabow;0,9985
Tim Burke;2;Barry Zito;0,9973
Tim Burke;3;Nate Robertson;0,9951
Tim Burke;4;Mike Remlinger;0,9929
Tim Burke;5;Bronson Arroyo;0,9924
Tim Flannery;1;Brian Jordan;0,9972
Tim Flannery;2;Sammy Sosa;0,9953
Tim Flannery;3;Jonny Gomes;0,9947
Tim Flannery;4;Rick Sutcliffe;0,9924
Tim Flannery;5;Pat Listach;0,9921
Tim Hudson;1;Nick Blackburn;0,9674
Tim Hudson;2;Joe Blanton;0,9649
Tim Hudson;3;Andy Benes;0,9591
Tim Hudson;4;Ian Kennedy;0,9574
Tim Hudson;5;Jered Weaver;0,9539
Tim Hulett;1;Chris Brock;0,9964
Tim Hulett;2;Brandon Backe;0,9575
Tim Hulett;3;Marwin Gonzalez;0,9461
Tim Hulett;4;Eduardo Perez;0,9413
Tim Hulett;5;Ramon Santiago;0,9338
Tim Lincecum;1;Chan Ho Park;0,9989
Tim Lincecum;2;Jorge De La Rosa;0,9988
Tim Lincecum;3;Denny Neagle;0,9981
Tim Lincecum;4;Chad Durbin;0,9962
Tim Lincecum;5;Daniel Cabrera;0,995
Tim Naehring;1;Alex Cora;0,993
Tim Naehring;2;Michael Jackson;0,9928
Tim Naehring;3;Bob Patterson;0,9926
Tim Naehring;4;Al Newman;0,9823
Tim Naehring;5;Jose Offerman;0,9811
Tim Raines;1;Logan Morrison;0,9971
Tim Raines;2;Lucas Duda;0,993
Tim Raines;3;D'Angelo Jimenez;0,9926
Tim Raines;4;Jorge Cantu;0,9879
Tim Raines;5;Jody Gerut;0,9817
Tim Redding;1;Jake Arrieta;0,9867
Tim Redding;2;Tony Peña;0,9766
Tim Redding;3;Ian Kennedy;0,9738
Tim Redding;4;Jonathan Sanchez;0,971
Tim Redding;5;Jered Weaver;0,9398
Tim Salmon;1;Pedro Munoz;0,9984
Tim Salmon;2;Phil Bradley;0,9974
Tim Salmon;3;Denard Span;0,9967
Tim Salmon;4;Greg Gagne;0,9955
Tim Salmon;5;Damian Jackson;0,9951
Tim Spehr;1;Esmil Rogers;0,9934
Tim Spehr;2;Dan Plesac;0,9141
Tim Spehr;3;Steve Scarsone;0,8516
Tim Spehr;4;Ed Romero;0,8333
Tim Spehr;5;Devin Mesoraco;0,8251
Tim Teufel;1;Jose Tabata;0,9948
Tim Teufel;2;Brad Ausmus;0,9902
Tim Teufel;3;Jon Nunnally;0,9878
Tim Teufel;4;Geovany Soto;0,9857
Tim Teufel;5;Pablo Sandoval;0,9856
Tim Wakefield;1;Kevin Ritz;0,9982
Tim Wakefield;2;Joe Saunders;0,9946
Tim Wakefield;3;Alfredo Simon;0,9935
Tim Wakefield;4;Ron Robinson;0,992
Tim Wakefield;5;Juan Bell;0,9918
Tim Wallach;1;Tyler Colvin;0,9753
Tim Wallach;2;Bill Schroeder;0,966
Tim Wallach;3;Andres Thomas;0,9583
Tim Wallach;4;Jon Nunnally;0,9475
Tim Wallach;5;Marvell Wynne;0,94
Tim Worrell;1;A. J. Burnett;0,9895
Tim Worrell;2;Tommy Greene;0,9838
Tim Worrell;3;Homer Bailey;0,9762
Tim Worrell;4;Scott Baker;0,9668
Tim Worrell;5;Tom Prince;0,9565
Tino Martinez;1;Pete O'Brien;0,997
Tino Martinez;2;Jason Kendall;0,997
Tino Martinez;3;Ryan Braun;0,9965
Tino Martinez;4;Glenn Davis;0,9965
Tino Martinez;5;Jeff Kent;0,9956
Toby Hall;1;Jorge Cantu;0,9928
Toby Hall;2;Jody Gerut;0,9911
Toby Hall;3;Logan Morrison;0,9889
Toby Hall;4;Josh Willingham;0,988
Toby Hall;5;Corey Koskie;0,9872
Todd Benzinger;1;Salvador Perez;0,9982
Todd Benzinger;2;Josh Reddick;0,9977
Todd Benzinger;3;Mel Hall;0,9977
Todd Benzinger;4;Mike Greenwell;0,9971
Todd Benzinger;5;Tony Eusebio;0,9954
Todd Greene;1;Casey Kotchman;0,9839
Todd Greene;2;Randy Velarde;0,9808
Todd Greene;3;Freddy Garcia;0,9807
Todd Greene;4;Doug Henry;0,9794
Todd Greene;5;Mike Leake;0,9753
Todd Helton;1;Ben Revere;0,9975
Todd Helton;2;Dustin Pedroia;0,9966
Todd Helton;3;Brian Giles;0,9957
Todd Helton;4;Jason Varitek;0,9954
Todd Helton;5;Jose Oquendo;0,9954
Todd Hollandsworth;1;Jason Kipnis;0,997
Todd Hollandsworth;2;Casey Blake;0,9953
Todd Hollandsworth;3;Jason Castro;0,9948
Todd Hollandsworth;4;Endy Chavez;0,9925
Todd Hollandsworth;5;Brad Hawpe;0,9918
Todd Hundley;1;Kevin Young;0,9618
Todd Hundley;2;Carlton Fisk;0,9551
Todd Hundley;3;Ron Kittle;0,9091
Todd Hundley;4;Luis Castillo;0,903
Todd Hundley;5;Marc Newfield;0,8909
Todd Jones;1;Cecil Espy;0,9737
Todd Jones;2;Ryan Langerhans;0,9446
Todd Jones;3;Terry Shumpert;0,9184
Todd Jones;4;Mike Simms;0,8976
Todd Jones;5;Alex Cole;0,8838
Todd Pratt;1;Terry Puhl;0,9661
Todd Pratt;2;Eric Milton;0,9423
Todd Pratt;3;Laynce Nix;0,9389
Todd Pratt;4;Mario Diaz;0,9362
Todd Pratt;5;Alex Cole;0,9114
Todd Ritchie;1;Odalis Perez;0,9993
Todd Ritchie;2;Rick Helling;0,9989
Todd Ritchie;3;Bob Kipper;0,9984
Todd Ritchie;4;Roy Oswalt;0,9983
Todd Ritchie;5;Jose Lima;0,9981
Todd Stottlemyre;1;Joe Saunders;0,9953
Todd Stottlemyre;2;Andujar Cedeno;0,9949
Todd Stottlemyre;3;Bob Patterson;0,9944
Todd Stottlemyre;4;Cory Lidle;0,9941
Todd Stottlemyre;5;Kevin Ritz;0,9911
Todd Van Poppel;1;Morgan Ensberg;0,9949
Todd Van Poppel;2;Tommy Gregg;0,9874
Todd Van Poppel;3;Joe Price;0,9781
Todd Van Poppel;4;Richard Hidalgo;0,9767
Todd Van Poppel;5;Curt Ford;0,971
Todd Walker;1;R. A. Dickey;0,9634
Todd Walker;2;Kim Batiste;0,9587
Todd Walker;3;Pedro Alvarez;0,9443
Todd Walker;4;Mickey Hatcher;0,9367
Todd Walker;5;Pat Meares;0,9349
Todd Wellemeyer;1;Jason Schmidt;0,9812
Todd Wellemeyer;2;Ricky Nolasco;0,962
Todd Wellemeyer;3;Francisco Liriano;0,958
Todd Wellemeyer;4;Jonathon Niese;0,9563
Todd Wellemeyer;5;Dwight Gooden;0,9512
Todd Worrell;1;Ugueth Urbina;0,9872
Todd Worrell;2;Joe Blanton;0,9837
Todd Worrell;3;Mark McLemore;0,9791
Todd Worrell;4;Garry Templeton;0,9756
Todd Worrell;5;Mario Diaz;0,9683
Todd Zeile;1;Mike Lowell;0,9956
Todd Zeile;2;Brett Gardner;0,9946
Todd Zeile;3;Joe Carter;0,9934
Todd Zeile;4;Michael Cuddyer;0,9926
Todd Zeile;5;Kevin Youkilis;0,9914
Tom Brookens;1;Lou Frazier;0,9696
Tom Brookens;2;Terry Francona;0,9493
Tom Brookens;3;Rich Gossage;0,9402
Tom Brookens;4;Bret Saberhagen;0,9272
Tom Brookens;5;Ozzie Virgil;0,925
Tom Browning;1;Rob Dibble;0,9945
Tom Browning;2;Albie Lopez;0,9911
Tom Browning;3;Francisco Cordova;0,988
Tom Browning;4;Terry Adams;0,9873
Tom Browning;5;Mark Buehrle;0,9871
Tom Brunansky;1;Carlos Febles;0,9969
Tom Brunansky;2;Mark Salas;0,9929
Tom Brunansky;3;Mike Young;0,9838
Tom Brunansky;4;Everth Cabrera;0,9784
Tom Brunansky;5;Darryl Strawberry;0,9765
Tom Candiotti;1;Pat Sheridan;0,9893
Tom Candiotti;2;Zach Duke;0,9736
Tom Candiotti;3;Rick Cerone;0,9643
Tom Candiotti;4;Ricky Horton;0,9628
Tom Candiotti;5;Pat Hentgen;0,9512
Tom Foley;1;Dustin Ackley;0,968
Tom Foley;2;Pat Sheridan;0,9577
Tom Foley;3;Ricky Horton;0,9535
Tom Foley;4;Jason Smith;0,9451
Tom Foley;5;Jody Davis;0,9392
Tom Glavine;1;Rob Murphy;0,9924
Tom Glavine;2;Terry Adams;0,9919
Tom Glavine;3;Andy Ashby;0,991
Tom Glavine;4;Don Carman;0,99
Tom Glavine;5;Pedro Martinez;0,99
Tom Goodwin;1;Jonathon Niese;0,9822
Tom Goodwin;2;Joel Skinner;0,9704
Tom Goodwin;3;Jeff Brantley;0,9614
Tom Goodwin;4;Mike LaCoss;0,9523
Tom Goodwin;5;Luis Lopez;0,9509
Tom Gorzelanny;1;Scott Sauerbeck;0,9952
Tom Gorzelanny;2;Chuck Finley;0,9895
Tom Gorzelanny;3;Yusmeiro Petit;0,9815
Tom Gorzelanny;4;Mike Lincoln;0,9737
Tom Gorzelanny;5;Russ Springer;0,972
Tom Herr;1;Alex Cole;0,992
Tom Herr;2;Mark Hendrickson;0,9718
Tom Herr;3;Clay Buchholz;0,9638
Tom Herr;4;Rafael Bournigal;0,9637
Tom Herr;5;Jesse Levis;0,9633
Tom Lampkin;1;Allen Watson;0,9419
Tom Lampkin;2;Kent Bottenfield;0,9258
Tom Lampkin;3;Doug Brocail;0,9153
Tom Lampkin;4;Shawn Abner;0,9133
Tom Lampkin;5;Brian Harper;0,8992
Tom Lawless;1;Jeff Huson;0,9851
Tom Lawless;2;Bill Pecota;0,9787
Tom Lawless;3;Danny Valencia;0,9747
Tom Lawless;4;Abraham Nunez;0,9684
Tom Lawless;5;Pablo Ozuna;0,9612
Tom Pagnozzi;1;Cliff Floyd;0,9379
Tom Pagnozzi;2;Bruce Benedict;0,9309
Tom Pagnozzi;3;Aaron Fultz;0,9108
Tom Pagnozzi;4;Joe Mays;0,902
Tom Pagnozzi;5;Ted Power;0,889
Tom Prince;1;Doug Fister;0,983
Tom Prince;2;Tommy Greene;0,9799
Tom Prince;3;Scott Baker;0,9702
Tom Prince;4;Tim Worrell;0,9565
Tom Prince;5;A. J. Burnett;0,9466
Tomas Perez;1;Mike Matheny;0,8907
Tomas Perez;2;Tom Pagnozzi;0,8707
Tomas Perez;3;Cliff Floyd;0,8668
Tomas Perez;4;Alex Trevino;0,8535
Tomas Perez;5;Bruce Benedict;0,8394
Tommy Greene;1;Tim Worrell;0,9838
Tommy Greene;2;Doug Fister;0,9828
Tommy Greene;3;Tom Prince;0,9799
Tommy Greene;4;A. J. Burnett;0,9783
Tommy Greene;5;Scott Baker;0,9601
Tommy Gregg;1;Joe Price;0,9906
Tommy Gregg;2;Todd Van Poppel;0,9874
Tommy Gregg;3;Nick Esasky;0,9718
Tommy Gregg;4;Curt Ford;0,9464
Tommy Gregg;5;Nyjer Morgan;0,9431
Tommy Milone;1;Kyle Farnsworth;0,9905
Tommy Milone;2;Mike Pelfrey;0,9593
Tommy Milone;3;Steve Cooke;0,9129
Tommy Milone;4;Kyle Lohse;0,9069
Tommy Milone;5;Kyle Blanks;0,9014
Tomo Ohka;1;T. J. Mathews;0,9955
Tomo Ohka;2;David Weathers;0,9947
Tomo Ohka;3;Robb Nen;0,99
Tomo Ohka;4;Mark Mulder;0,99
Tomo Ohka;5;Nate Robertson;0,9898
Tony Armas;1;Josias Manzanillo;0,9811
Tony Armas;2;Byung-Hyun Kim;0,9779
Tony Armas;3;Daisuke Matsuzaka;0,9659
Tony Armas;4;Danny Graves;0,9658
Tony Armas;5;Chris Woodward;0,9499
Tony Batista;1;Joe Orsulak;0,9833
Tony Batista;2;Bernard Gilkey;0,9757
Tony Batista;3;Mickey Tettleton;0,9698
Tony Batista;4;Mike Macfarlane;0,9662
Tony Batista;5;Yadier Molina;0,9662
Tony Clark;1;Salvador Perez;0,9977
Tony Clark;2;Kendrys Morales;0,9955
Tony Clark;3;Oddibe McDowell;0,9929
Tony Clark;4;Tracy Jones;0,9923
Tony Clark;5;Josh Reddick;0,9916
Tony Eusebio;1;Trevor Plouffe;0,9982
Tony Eusebio;2;Victor Martinez;0,9977
Tony Eusebio;3;Brandon Moss;0,9969
Tony Eusebio;4;Fred McGriff;0,9962
Tony Eusebio;5;Gregg Jefferies;0,9961
Tony Fernandez;1;Armando Rios;0,9973
Tony Fernandez;2;Eric Bruntlett;0,9945
Tony Fernandez;3;Greg Vaughn;0,9942
Tony Fernandez;4;Ryan Braun;0,9941
Tony Fernandez;5;Adam Melhuse;0,9928
Tony Graffanino;1;Danny Sheaffer;0,9857
Tony Graffanino;2;Warren Newson;0,9748
Tony Graffanino;3;David Segui;0,9711
Tony Graffanino;4;J. T. Snow;0,9613
Tony Graffanino;5;Felix Heredia;0,9412
Tony Gwynn;1;Cameron Maybin;0,9598
Tony Gwynn;2;Lou Whitaker;0,9573
Tony Gwynn;3;Mark Loretta;0,9524
Tony Gwynn;4;Erubiel Durazo;0,9519
Tony Gwynn;5;Kurt Abbott;0,9475
Tony Peña;1;Ian Kennedy;0,9938
Tony Peña;2;Jake Arrieta;0,9882
Tony Peña;3;Tim Redding;0,9766
Tony Peña;4;Jonathan Sanchez;0,9659
Tony Peña;5;Joe Blanton;0,93
Tony Phillips;1;Henry Cotto;0,994
Tony Phillips;2;Frank White;0,9864
Tony Phillips;3;Steve Lyons;0,9862
Tony Phillips;4;Terrence Long;0,9849
Tony Phillips;5;Josh Thole;0,9836
Tony Tarasco;1;Andy Allanson;0,9948
Tony Tarasco;2;Raul Ibanez;0,9933
Tony Tarasco;3;Jayson Nix;0,9908
Tony Tarasco;4;Erik Bedard;0,9891
Tony Tarasco;5;Franklin Morales;0,9776
Tony Womack;1;R. J. Reynolds;0,9972
Tony Womack;2;Homer Bush;0,9962
Tony Womack;3;Oddibe McDowell;0,9958
Tony Womack;4;Ike Davis;0,9923
Tony Womack;5;Salvador Perez;0,9911
Torii Hunter;1;Jose Reyes;0,9972
Torii Hunter;2;Aaron Rowand;0,9915
Torii Hunter;3;Devin Mesoraco;0,9915
Torii Hunter;4;Ian Desmond;0,9887
Torii Hunter;5;Austin Jackson;0,9878
Tracy Jones;1;Bill Mueller;0,9985
Tracy Jones;2;Juan Rivera;0,998
Tracy Jones;3;Preston Wilson;0,9974
Tracy Jones;4;Wally Joyner;0,9968
Tracy Jones;5;Will Venable;0,9964
Travis Buck;1;Harold Baines;0,995
Travis Buck;2;Will Venable;0,9837
Travis Buck;3;Salvador Perez;0,9822
Travis Buck;4;Tracy Jones;0,9819
Travis Buck;5;Juan Rivera;0,9811
Travis Fryman;1;Oddibe McDowell;0,9988
Travis Fryman;2;Jeff Kent;0,9978
Travis Fryman;3;Rico Brogna;0,9978
Travis Fryman;4;Kevin Mitchell;0,9974
Travis Fryman;5;Wally Joyner;0,9966
Travis Hafner;1;Gerardo Parra;0,9992
Travis Hafner;2;Ryan Flaherty;0,9982
Travis Hafner;3;Billy Butler;0,997
Travis Hafner;4;Adam Jones;0,9967
Travis Hafner;5;Josh Donaldson;0,9953
Travis Lee;1;Dave Silvestri;0,993
Travis Lee;2;Frank White;0,9872
Travis Lee;3;Craig Worthington;0,9855
Travis Lee;4;Mike Young;0,9844
Travis Lee;5;Terrence Long;0,9834
Travis Snider;1;Joe McEwing;0,9773
Travis Snider;2;Trent Hubbard;0,9754
Travis Snider;3;Donnie Sadler;0,9681
Travis Snider;4;Andres Torres;0,9672
Travis Snider;5;Zack Cozart;0,9614
Travis Wood;1;Neifi Perez;0,9954
Travis Wood;2;Rick White;0,9952
Travis Wood;3;Aaron Sele;0,9908
Travis Wood;4;Brian Bohanon;0,9908
Travis Wood;5;Jeff Shaw;0,9891
Trent Hubbard;1;Gary Matthews;0,9862
Trent Hubbard;2;Ben Revere;0,9829
Trent Hubbard;3;Jason Kipnis;0,9816
Trent Hubbard;4;Jason Castro;0,9809
Trent Hubbard;5;Brian Giles;0,9797
Trevor Cahill;1;Xavier Hernandez;0,9807
Trevor Cahill;2;Mark McLemore;0,976
Trevor Cahill;3;Mario Diaz;0,9743
Trevor Cahill;4;Eric Milton;0,9705
Trevor Cahill;5;Sidney Ponson;0,9556
Trevor Hoffman;1;Kyle McClellan;0,9907
Trevor Hoffman;2;Mark Guthrie;0,9852
Trevor Hoffman;3;Scott Kazmir;0,9814
Trevor Hoffman;4;Nelson Cruz;0,9807
Trevor Hoffman;5;Turk Wendell;0,9728
Trevor Plouffe;1;Gregg Jefferies;0,9997
Trevor Plouffe;2;Brandon Moss;0,9993
Trevor Plouffe;3;Tony Eusebio;0,9982
Trevor Plouffe;4;Kevin Bass;0,9972
Trevor Plouffe;5;Raul Mondesi;0,9964
Tripp Cromer;1;Wil Nieves;0,998
Tripp Cromer;2;Alberto Castillo;0,9934
Tripp Cromer;3;Jeff Robinson;0,9912
Tripp Cromer;4;Ron Robinson;0,9903
Tripp Cromer;5;Bob Patterson;0,9895
Trot Nixon;1;Larry Sheets;0,9992
Trot Nixon;2;Corey Koskie;0,9987
Trot Nixon;3;Seth Smith;0,998
Trot Nixon;4;Brad Wilkerson;0,9967
Trot Nixon;5;Josh Willingham;0,9957
Troy Glaus;1;Jim Leyritz;0,9862
Troy Glaus;2;Brook Fordyce;0,9852
Troy Glaus;3;Pokey Reese;0,9823
Troy Glaus;4;Erick Aybar;0,981
Troy Glaus;5;Kelly Gruber;0,9784
Troy O'Leary;1;Cecil Fielder;0,9989
Troy O'Leary;2;Eric Davis;0,9989
Troy O'Leary;3;Ivan Calderon;0,9989
Troy O'Leary;4;David Justice;0,9985
Troy O'Leary;5;Roberto Alomar;0,9985
Troy Tulowitzki;1;Pablo Sandoval;0,9904
Troy Tulowitzki;2;Mark Kotsay;0,9889
Troy Tulowitzki;3;Everth Cabrera;0,9857
Troy Tulowitzki;4;Jose Canseco;0,9852
Troy Tulowitzki;5;Ramon Hernandez;0,9839
Turk Wendell;1;Trevor Hoffman;0,9728
Turk Wendell;2;Kim Batiste;0,9727
Turk Wendell;3;Dave Smith;0,9693
Turk Wendell;4;Kyle McClellan;0,9687
Turk Wendell;5;Paul Assenmacher;0,964
Turner Ward;1;Gary Varsho;0,9741
Turner Ward;2;John Jaso;0,9734
Turner Ward;3;Deion Sanders;0,9675
Turner Ward;4;Robb Quinlan;0,9583
Turner Ward;5;Ruben Tejada;0,9467
Ty Wigginton;1;Andruw Jones;0,9805
Ty Wigginton;2;Yonder Alonso;0,9803
Ty Wigginton;3;Jason Giambi;0,9762
Ty Wigginton;4;Rondell White;0,9714
Ty Wigginton;5;Jeff Blauser;0,9686
Tyler Colvin;1;Jose Vizcaino;0,981
Tyler Colvin;2;Tim Wallach;0,9753
Tyler Colvin;3;Dontrelle Willis;0,9753
Tyler Colvin;4;Michael Bourn;0,9535
Tyler Colvin;5;Jim Eisenreich;0,9484
Tyler Flowers;1;Dave Gallagher;0,9954
Tyler Flowers;2;Yorvit Torrealba;0,992
Tyler Flowers;3;Mike Davis;0,9895
Tyler Flowers;4;Brook Jacoby;0,9891
Tyler Flowers;5;Aaron Miles;0,9869
Tyler Houston;1;Ed Sprague;0,9965
Tyler Houston;2;Pedro Munoz;0,9959
Tyler Houston;3;Craig Worthington;0,9955
Tyler Houston;4;Darnell Coles;0,9953
Tyler Houston;5;Darrin Jackson;0,995
Tyson Ross;1;Jose Lima;0,9991
Tyson Ross;2;Rick Helling;0,9983
Tyson Ross;3;Jon Garland;0,9982
Tyson Ross;4;David Cone;0,9967
Tyson Ross;5;Bob Kipper;0,9966
Ubaldo Jimenez;1;Jordan Zimmermann;0,9963
Ubaldo Jimenez;2;Greg Harris;0,9944
Ubaldo Jimenez;3;Marco Estrada;0,9871
Ubaldo Jimenez;4;Colby Lewis;0,987
Ubaldo Jimenez;5;Amaury Telemaco;0,9859
Ugueth Urbina;1;Todd Worrell;0,9872
Ugueth Urbina;2;Joe Blanton;0,9847
Ugueth Urbina;3;Juan Castro;0,9668
Ugueth Urbina;4;Mark McLemore;0,9648
Ugueth Urbina;5;Xavier Hernandez;0,9578
Vance Law;1;Dave McCarty;0,9577
Vance Law;2;Mike Kelly;0,9553
Vance Law;3;Tom Lawless;0,9202
Vance Law;4;Hideo Nomo;0,9192
Vance Law;5;Bill Pecota;0,9093
Vance Wilson;1;Greg Norton;0,9987
Vance Wilson;2;Dave Gallagher;0,9931
Vance Wilson;3;Don Slaught;0,9901
Vance Wilson;4;Tyler Flowers;0,9796
Vance Wilson;5;Carlos Peña;0,9713
Vernon Wells;1;Sal Fasano;0,989
Vernon Wells;2;Jay Bell;0,9869
Vernon Wells;3;Glenn Braggs;0,9867
Vernon Wells;4;Adrian Gonzalez;0,9854
Vernon Wells;5;Wily Mo Peña;0,9817
Vicente Padilla;1;Rod Beck;0,9967
Vicente Padilla;2;Shane Reynolds;0,9948
Vicente Padilla;3;Edwin Jackson;0,9933
Vicente Padilla;4;Mike DeJean;0,9899
Vicente Padilla;5;Dan Haren;0,9874
Vicente Palacios;1;Norm Charlton;0,9903
Vicente Palacios;2;Pedro Martinez;0,9883
Vicente Palacios;3;Joe Magrane;0,9863
Vicente Palacios;4;Don Carman;0,9861
Vicente Palacios;5;Julian Tavarez;0,9803
Victor Martinez;1;Fred McGriff;0,9983
Victor Martinez;2;Tony Eusebio;0,9977
Victor Martinez;3;Marquis Grissom;0,9974
Victor Martinez;4;Gregg Jefferies;0,9972
Victor Martinez;5;Danny Tartabull;0,997
Victor Zambrano;1;Glendon Rusch;0,9998
Victor Zambrano;2;Ted Lilly;0,9998
Victor Zambrano;3;Kelvim Escobar;0,9975
Victor Zambrano;4;Ross Detwiler;0,9967
Victor Zambrano;5;Brian Moehler;0,9963
Vince Coleman;1;Andres Thomas;0,9842
Vince Coleman;2;Everth Cabrera;0,9801
Vince Coleman;3;Warren Newson;0,9789
Vince Coleman;4;Chris Singleton;0,9736
Vince Coleman;5;Tony Batista;0,9617
Vinny Castilla;1;Bob Dernier;0,977
Vinny Castilla;2;Lee Stevens;0,9699
Vinny Castilla;3;Jason Smith;0,9613
Vinny Castilla;4;Dustin Ackley;0,9509
Vinny Castilla;5;Mark Loretta;0,9429
Vladimir Guerrero;1;Dustin Pedroia;0,9973
Vladimir Guerrero;2;Zack Cozart;0,997
Vladimir Guerrero;3;Matt Holliday;0,9966
Vladimir Guerrero;4;Bobby Crosby;0,9966
Vladimir Guerrero;5;David Wright;0,9964
Von Hayes;1;Mike Harkey;0,9929
Von Hayes;2;Eric Hosmer;0,9861
Von Hayes;3;Endy Chavez;0,9859
Von Hayes;4;Jason Castro;0,9815
Von Hayes;5;Ernie Young;0,9796
Wade Boggs;1;Barry Lyons;0,9903
Wade Boggs;2;Craig Reynolds;0,9869
Wade Boggs;3;Kent Hrbek;0,9766
Wade Boggs;4;Keith Hernandez;0,9758
Wade Boggs;5;Yoenis Cespedes;0,9732
Wade Miley;1;Brian Williams;0,9736
Wade Miley;2;Jerome Williams;0,966
Wade Miley;3;Gavin Floyd;0,9577
Wade Miley;4;Steve Avery;0,9571
Wade Miley;5;Kirk Rueter;0,95
Wade Miller;1;Andy McGaffigan;0,9915
Wade Miller;2;Chuck Finley;0,9673
Wade Miller;3;Jeremy Hernandez;0,9592
Wade Miller;4;Josh Beckett;0,9518
Wade Miller;5;Scott Sauerbeck;0,9416
Wallace Johnson;1;Fernando Tatis;0,9916
Wallace Johnson;2;Mike Difelice;0,9912
Wallace Johnson;3;Kurt Abbott;0,9908
Wallace Johnson;4;Jeremy Giambi;0,9868
Wallace Johnson;5;Pedro Feliz;0,9802
Wally Backman;1;Pat Listach;0,9871
Wally Backman;2;Tim Flannery;0,9644
Wally Backman;3;Freddy Galvis;0,9632
Wally Backman;4;Sam Fuld;0,959
Wally Backman;5;Curt Ford;0,9524
Wally Joyner;1;Preston Wilson;0,9988
Wally Joyner;2;Juan Rivera;0,9974
Wally Joyner;3;Rico Brogna;0,9971
Wally Joyner;4;Tracy Jones;0,9968
Wally Joyner;5;Travis Fryman;0,9966
Wally Whitehurst;1;Neal Heaton;0,9815
Wally Whitehurst;2;Jamie Quirk;0,9579
Wally Whitehurst;3;Kevin Tapani;0,9555
Wally Whitehurst;4;Dave Anderson;0,9525
Wally Whitehurst;5;Rick Honeycutt;0,9451
Walt Weiss;1;Derek Jeter;0,9933
Walt Weiss;2;Ed Sprague;0,9932
Walt Weiss;3;Ruben Sierra;0,9911
Walt Weiss;4;Luis Gonzalez;0,9911
Walt Weiss;5;Steve Lake;0,9899
Wandy Rodriguez;1;Ben Sheets;0,9929
Wandy Rodriguez;2;Johnny Cueto;0,9903
Wandy Rodriguez;3;Chuck Finley;0,9885
Wandy Rodriguez;4;Jimmy Haynes;0,9881
Wandy Rodriguez;5;Armando Reynoso;0,9874
Warren Newson;1;David Segui;0,9868
Warren Newson;2;Bob Smith;0,9799
Warren Newson;3;Vince Coleman;0,9789
Warren Newson;4;Brian Daubach;0,9753
Warren Newson;5;Tony Graffanino;0,9748
Wayne Kirby;1;Alfredo Amezaga;0,9746
Wayne Kirby;2;Elliot Johnson;0,9635
Wayne Kirby;3;Luis Valbuena;0,9614
Wayne Kirby;4;Michael Saunders;0,9595
Wayne Kirby;5;Shane Victorino;0,9549
Wayne Tolleson;1;Ken Oberkfell;1,0
Wayne Tolleson;2;Dave Clark;0,9958
Wayne Tolleson;3;Randy Bush;0,993
Wayne Tolleson;4;Josh Thole;0,9872
Wayne Tolleson;5;Wes Chamberlain;0,9871
Wendell Magee;1;Kyle McClellan;0,9903
Wendell Magee;2;Nelson Cruz;0,9897
Wendell Magee;3;Matt Herges;0,9887
Wendell Magee;4;Adam Eaton;0,9851
Wendell Magee;5;Jason Marquis;0,981
Wes Chamberlain;1;Joe Oliver;0,9972
Wes Chamberlain;2;Dave Clark;0,9971
Wes Chamberlain;3;Glenn Davis;0,9931
Wes Chamberlain;4;Jose Macias;0,9922
Wes Chamberlain;5;Rafael Palmeiro;0,9917
Wes Helms;1;Jose Altuve;0,9978
Wes Helms;2;Greg Walker;0,9933
Wes Helms;3;Mike Moustakas;0,9866
Wes Helms;4;Armando Rios;0,984
Wes Helms;5;Will Venable;0,9722
Wiki Gonzalez;1;Kurt Abbott;0,9889
Wiki Gonzalez;2;Pedro Feliz;0,9886
Wiki Gonzalez;3;Aramis Ramirez;0,9879
Wiki Gonzalez;4;Shane Mack;0,9878
Wiki Gonzalez;5;Robert Andino;0,9835
Wil Cordero;1;Paul Goldschmidt;0,998
Wil Cordero;2;Ernie Young;0,9891
Wil Cordero;3;Matt Carpenter;0,9818
Wil Cordero;4;Felix Jose;0,9756
Wil Cordero;5;Kevin Mench;0,9697
Wil Nieves;1;Tripp Cromer;0,998
Wil Nieves;2;Ron Robinson;0,99
Wil Nieves;3;Bob Patterson;0,9886
Wil Nieves;4;Rheal Cormier;0,9857
Wil Nieves;5;Jeff Robinson;0,9821
Will Clark;1;Darryl Hamilton;0,9989
Will Clark;2;David Wright;0,9983
Will Clark;3;Gregg Jefferies;0,9974
Will Clark;4;Jeff Conine;0,9973
Will Clark;5;Jorge Posada;0,9972
Will Venable;1;Paul O'Neill;0,9983
Will Venable;2;Ramon Vazquez;0,998
Will Venable;3;Nori Aoki;0,997
Will Venable;4;Tracy Jones;0,9964
Will Venable;5;Drew Stubbs;0,9964
Willie Blair;1;Rob Murphy;0,9899
Willie Blair;2;Scott Sauerbeck;0,9873
Willie Blair;3;Don Carman;0,9786
Willie Blair;4;Chuck Finley;0,975
Willie Blair;5;Darrell May;0,9722
Willie Bloomquist;1;Felix Jose;0,9932
Willie Bloomquist;2;Jeff Francoeur;0,9897
Willie Bloomquist;3;Craig Gentry;0,9862
Willie Bloomquist;4;Jose Altuve;0,9808
Willie Bloomquist;5;Russell Branyan;0,9786
Willie Greene;1;Lance Johnson;0,9727
Willie Greene;2;Brian Harper;0,9527
Willie Greene;3;Bobby Estalella;0,9471
Willie Greene;4;Lance Blankenship;0,9393
Willie Greene;5;Dan Wilson;0,9379
Willie Harris;1;John Mayberry;0,9951
Willie Harris;2;Eric Bruntlett;0,9892
Willie Harris;3;Jody Gerut;0,9748
Willie Harris;4;Mark Salas;0,9744
Willie Harris;5;Armando Rios;0,9742
Willie McGee;1;Mike Young;0,9966
Willie McGee;2;Pedro Munoz;0,9937
Willie McGee;3;Johnny Estrada;0,9929
Willie McGee;4;Mark Salas;0,9905
Willie McGee;5;Craig Worthington;0,9896
Willie Randolph;1;Andres Thomas;0,9584
Willie Randolph;2;Jeff Manto;0,9437
Willie Randolph;3;Jose Tabata;0,9384
Willie Randolph;4;Bob Smith;0,9375
Willie Randolph;5;Jon Nunnally;0,9362
Willie Wilson;1;Johnny Estrada;0,994
Willie Wilson;2;Nori Aoki;0,9912
Willie Wilson;3;Greg Briley;0,9904
Willie Wilson;4;Pedro Munoz;0,9869
Willie Wilson;5;Eric Bruntlett;0,9863
Willy Taveras;1;Freddie Freeman;0,998
Willy Taveras;2;Michael Young;0,996
Willy Taveras;3;J. J. Hardy;0,9932
Willy Taveras;4;Angel Pagan;0,9914
Willy Taveras;5;Nick Hundley;0,9863
Wilson Alvarez;1;Cameron Maybin;0,9906
Wilson Alvarez;2;Lloyd Moseby;0,9839
Wilson Alvarez;3;Bill Buckner;0,9778
Wilson Alvarez;4;Daryle Ward;0,9626
Wilson Alvarez;5;Ozzie Virgil;0,9623
Wilson Betemit;1;Kevin Mench;0,9814
Wilson Betemit;2;Eduardo Nunez;0,9731
Wilson Betemit;3;Brett Lawrie;0,9721
Wilson Betemit;4;Kevin Kouzmanoff;0,969
Wilson Betemit;5;Justin Turner;0,9687
Wilson Ramos;1;Nick Markakis;0,9974
Wilson Ramos;2;Brett Lawrie;0,9943
Wilson Ramos;3;Howie Kendrick;0,9939
Wilson Ramos;4;Michael Young;0,9936
Wilson Ramos;5;Dexter Fowler;0,9931
Wilton Guerrero;1;Melky Cabrera;0,975
Wilton Guerrero;2;Dave Gallagher;0,973
Wilton Guerrero;3;Vance Wilson;0,9703
Wilton Guerrero;4;Greg Norton;0,9669
Wilton Guerrero;5;Don Slaught;0,9594
Wily Mo Peña;1;Mark Grudzielanek;0,9934
Wily Mo Peña;2;Jeff Branson;0,9889
Wily Mo Peña;3;Aaron Ledesma;0,9884
Wily Mo Peña;4;Dave Hollins;0,9868
Wily Mo Peña;5;Vernon Wells;0,9817
Woody Williams;1;Guillermo Mota;0,9944
Woody Williams;2;Adam Wainwright;0,9944
Woody Williams;3;Mike Bordick;0,994
Woody Williams;4;Aubrey Huff;0,9938
Woody Williams;5;Jesse Levis;0,993
Xavier Hernandez;1;Mark McLemore;0,9882
Xavier Hernandez;2;Mario Diaz;0,985
Xavier Hernandez;3;John Franco;0,9808
Xavier Hernandez;4;Trevor Cahill;0,9807
Xavier Hernandez;5;Andy Benes;0,9742
Xavier Nady;1;Josh Harrison;0,9908
Xavier Nady;2;Bill Hall;0,9735
Xavier Nady;3;Kelly Shoppach;0,9647
Xavier Nady;4;Ryan Ludwick;0,9623
Xavier Nady;5;Brandon Belt;0,9601
Yadier Molina;1;Joe Orsulak;0,9903
Yadier Molina;2;Andres Thomas;0,986
Yadier Molina;3;Jerry Browne;0,9792
Yadier Molina;4;Peter Bourjos;0,9734
Yadier Molina;5;Dontrelle Willis;0,9715
Yoenis Cespedes;1;Aaron Boone;0,9816
Yoenis Cespedes;2;Wade Boggs;0,9732
Yoenis Cespedes;3;Geoff Blum;0,9719
Yoenis Cespedes;4;Gary Carter;0,9719
Yoenis Cespedes;5;Barry Lyons;0,965
Yonder Alonso;1;Jason Bartlett;0,9908
Yonder Alonso;2;Rickie Weeks;0,9888
Yonder Alonso;3;Ernie Riles;0,9884
Yonder Alonso;4;Bo Diaz;0,9848
Yonder Alonso;5;Ty Wigginton;0,9803
Yorkis Perez;1;Brandon McCarthy;0,9837
Yorkis Perez;2;John Lackey;0,98
Yorkis Perez;3;Ben Sheets;0,9785
Yorkis Perez;4;T. J. Mathews;0,9775
Yorkis Perez;5;Aaron Cook;0,9733
Yorvit Torrealba;1;Tyler Flowers;0,992
Yorvit Torrealba;2;Brook Jacoby;0,9905
Yorvit Torrealba;3;Chris Sabo;0,9855
Yorvit Torrealba;4;Mike Davis;0,9831
Yorvit Torrealba;5;Jose Canseco;0,9817
Yovani Gallardo;1;R. A. Dickey;0,9845
Yovani Gallardo;2;Humberto Quintero;0,9795
Yovani Gallardo;3;Jason Marquis;0,9751
Yovani Gallardo;4;Antonio Osuna;0,9745
Yovani Gallardo;5;Brandon Inge;0,9687
Yunel Escobar;1;Paul Goldschmidt;0,9987
Yunel Escobar;2;Ray Durham;0,998
Yunel Escobar;3;Justin Upton;0,9979
Yunel Escobar;4;Curtis Granderson;0,9977
Yunel Escobar;5;Sean Casey;0,9958
Yuniesky Betancourt;1;Craig Gentry;0,9928
Yuniesky Betancourt;2;Trevor Plouffe;0,9924
Yuniesky Betancourt;3;Brandon Moss;0,9917
Yuniesky Betancourt;4;Gaby Sanchez;0,9883
Yuniesky Betancourt;5;Zack Cozart;0,9883
Yusmeiro Petit;1;Nate Robertson;0,9971
Yusmeiro Petit;2;Mike Lincoln;0,9965
Yusmeiro Petit;3;Robb Nen;0,9939
Yusmeiro Petit;4;Tim Burke;0,992
Yusmeiro Petit;5;John Grabow;0,9916
Zach Duke;1;Tom Candiotti;0,9736
Zach Duke;2;Jeff Juden;0,9466
Zach Duke;3;Jolbert Cabrera;0,928
Zach Duke;4;Kyle Blanks;0,9259
Zach Duke;5;Garrett Stephenson;0,9135
Zack Cozart;1;Julio Lugo;0,9993
Zack Cozart;2;James Loney;0,9979
Zack Cozart;3;Nick Johnson;0,9978
Zack Cozart;4;Bobby Crosby;0,9974
Zack Cozart;5;Raul Mondesi;0,9973
Zack Greinke;1;Darren Dreifort;0,9904
Zack Greinke;2;Jeff Weaver;0,9896
Zack Greinke;3;Rafael Bournigal;0,989
Zack Greinke;4;Paul Byrd;0,9861
Zack Greinke;5;Clay Buchholz;0,9861
Zane Smith;1;Francisco Cordova;0,9997
Zane Smith;2;Bob Kipper;0,9949
Zane Smith;3;Jay Witasick;0,9947
Zane Smith;4;Rob Dibble;0,9936
Zane Smith;5;Joey Hamilton;0,9929
