Jugador_Base;Ranking;Jugador_Comparable;Correlacion_Pearson
A. J. Burnett;1;Matt Chapman;0,8988
A. J. Burnett;2;Sammy Hale;0,8965
A. J. Burnett;3;Everett Scott;0,8889
A. J. Burnett;4;Doc Ayers;0,866
A. J. Burnett;5;Bill Sweeney;0,8479
A. J. Ellis;1;Burke Badenhop;0,8846
A. J. Ellis;2;Horacio Pina;0,8815
A. J. Ellis;3;Mike LaValliere;0,8721
A. J. Ellis;4;Bob Grim;0,8705
A. J. Ellis;5;Jonathon Niese;0,8676
A. J. Minter;1;Dave Tobik;1,0
A. J. Minter;2;Jeff Francis;1,0
A. J. Minter;3;Trevor Hoffman;1,0
A. J. Minter;4;Scott Aldred;1,0
A. J. Minter;5;Brad Havens;1,0
A. J. Pierzynski;1;Marcelino Lopez;0,9915
A. J. Pierzynski;2;Todd Williams;0,9469
A. J. Pierzynski;3;Dustin Garneau;0,9433
A. J. Pierzynski;4;Bill Voss;0,9247
A. J. Pierzynski;5;Paul Blackburn;0,9194
AJ Pollock;1;Ted Uhlaender;0,9354
AJ Pollock;2;Spec Shea;0,9063
AJ Pollock;3;Tony Piet;0,8869
AJ Pollock;4;Richard Dotson;0,8865
AJ Pollock;5;Jerry Turner;0,8645
Aaron Boone;1;Donne Wall;0,9767
Aaron Boone;2;Mike Harkey;0,953
Aaron Boone;3;Charlie Mason;0,9505
Aaron Boone;4;Mark Mulder;0,9466
Aaron Boone;5;Dennis Springer;0,9406
Aaron Bummer;1;Ernie Camacho;0,992
Aaron Bummer;2;Justin Duchscherer;0,992
Aaron Bummer;3;Jonathan Loaisiga;0,992
Aaron Bummer;4;Drew Storen;0,992
Aaron Bummer;5;Aaron Small;0,992
Aaron Cook;1;Josh Bard;0,947
Aaron Cook;2;Cliff Politte;0,9069
Aaron Cook;3;Luis Torrens;0,9023
Aaron Cook;4;Carl Mays;0,8933
Aaron Cook;5;George Winter;0,8753
Aaron Fultz;1;Greg Holland;1,0
Aaron Fultz;2;Sergio Romo;1,0
Aaron Fultz;3;Liam Hendriks;1,0
Aaron Fultz;4;Leniel Hooker;1,0
Aaron Fultz;5;Larry Casian;1,0
Aaron Harang;1;Bill Gleason;0,9875
Aaron Harang;2;Pablo Lopez;0,9313
Aaron Harang;3;Luis Gomez;0,9141
Aaron Harang;4;Joe Panik;0,8884
Aaron Harang;5;Scott Stratton;0,8837
Aaron Heilman;1;Walt Moryn;0,962
Aaron Heilman;2;Putsy Caballero;0,9606
Aaron Heilman;3;Tom Williams;0,9317
Aaron Heilman;4;Jake Daubert;0,9185
Aaron Heilman;5;Michael Saunders;0,904
Aaron Hicks;1;Chico Fernandez;0,9334
Aaron Hicks;2;Lance Cormier;0,9119
Aaron Hicks;3;Tomo Ohka;0,9087
Aaron Hicks;4;Bill Hands;0,9006
Aaron Hicks;5;Duke Cleveland;0,8991
Aaron Hill;1;Buck Crouse;0,9494
Aaron Hill;2;Bill Sudakis;0,9247
Aaron Hill;3;Max Scherzer;0,919
Aaron Hill;4;Sam Mertes;0,9049
Aaron Hill;5;Jack Graney;0,8903
Aaron Judge;1;Danys Baez;0,9502
Aaron Judge;2;Dan Meyer;0,9463
Aaron Judge;3;Harry Simpson;0,938
Aaron Judge;4;Adam Wainwright;0,937
Aaron Judge;5;Bob Seeds;0,9287
Aaron Laffey;1;Scot Thompson;0,9885
Aaron Laffey;2;Jesse Barfield;0,9772
Aaron Laffey;3;George Johnson;0,968
Aaron Laffey;4;Aroldis Chapman;0,9594
Aaron Laffey;5;Travis Snider;0,9483
Aaron Loup;1;T. J. McFarland;0,9463
Aaron Loup;2;Jack Hannahan;0,9041
Aaron Loup;3;Ernie Lombardi;0,8943
Aaron Loup;4;Flint Rhem;0,8846
Aaron Loup;5;Dan Ford;0,8765
Aaron Miles;1;Damian Jackson;0,9517
Aaron Miles;2;Birdie Cree;0,9033
Aaron Miles;3;Dick Tracewski;0,9023
Aaron Miles;4;Doc Scanlan;0,9008
Aaron Miles;5;Tatica Campos;0,8982
Aaron Nola;1;Johnny Moore;0,9362
Aaron Nola;2;Casey Patten;0,9122
Aaron Nola;3;Rawly Eastwick;0,9028
Aaron Nola;4;Erick Fedde;0,8993
Aaron Nola;5;Yorkis Perez;0,8827
Aaron Rowand;1;Fred Scherman;0,9305
Aaron Rowand;2;Cedric Mullins;0,8597
Aaron Rowand;3;Dick Gernert;0,8427
Aaron Rowand;4;Juan Soto;0,837
Aaron Rowand;5;Paul Richards;0,824
Aaron Sanchez;1;Jim Landis;0,9332
Aaron Sanchez;2;Farmer Vaughn;0,931
Aaron Sanchez;3;Julio Gotay;0,9217
Aaron Sanchez;4;Charles Fulmer;0,919
Aaron Sanchez;5;Dick Padden;0,9183
Aaron Sele;1;Sean Burnett;0,9861
Aaron Sele;2;Scott Barlow;0,9787
Aaron Sele;3;Brad Komminsk;0,9541
Aaron Sele;4;Al Lakeman;0,9322
Aaron Sele;5;Eric Stults;0,9266
Aaron Small;1;David Robertson;1,0
Aaron Small;2;Buddy Carlyle;1,0
Aaron Small;3;Ernie Camacho;1,0
Aaron Small;4;Jonathan Loaisiga;1,0
Aaron Small;5;Jorge Sosa;1,0
Aaron Ward;1;Emmet Heidrick;0,9862
Aaron Ward;2;Jake Stahl;0,9709
Aaron Ward;3;Kevin Mitchell;0,9661
Aaron Ward;4;Joe Lis;0,9512
Aaron Ward;5;Brian Tallet;0,9475
Abner Dalrymple;1;Bob Bruce;0,9751
Abner Dalrymple;2;Danny Santana;0,9359
Abner Dalrymple;3;Charlie Williams;0,9264
Abner Dalrymple;4;Ducky Holmes;0,9219
Abner Dalrymple;5;Donnie Sadler;0,9142
Abraham Almonte;1;Denny Lemaster;0,9437
Abraham Almonte;2;Willie Stargell;0,9198
Abraham Almonte;3;Ron Washington;0,9195
Abraham Almonte;4;Ted Alexander;0,9168
Abraham Almonte;5;Frank Owen;0,9151
Abraham Nunez;1;Earl Williams;0,9698
Abraham Nunez;2;Jesse Barber;0,902
Abraham Nunez;3;Vic Harris;0,8905
Abraham Nunez;4;George Grantham;0,8844
Abraham Nunez;5;Miguel Montero;0,8705
Ad Gumbert;1;Jeff Newman;0,9498
Ad Gumbert;2;Dominic Smith;0,9314
Ad Gumbert;3;Bert Adams;0,9225
Ad Gumbert;4;Cub Stricker;0,9219
Ad Gumbert;5;Lyn Lary;0,9063
Adam Comorosky;1;Johnny Murphy;0,9326
Adam Comorosky;2;Bob Moose;0,9112
Adam Comorosky;3;Max Carey;0,8783
Adam Comorosky;4;Ned Cuthbert;0,8737
Adam Comorosky;5;Gary Peters;0,8594
Adam Dunn;1;Dan Ford;0,8825
Adam Dunn;2;Flint Rhem;0,8561
Adam Dunn;3;J. R. Murphy;0,8455
Adam Dunn;4;Mark Thurmond;0,8452
Adam Dunn;5;Ryan Thompson;0,8442
Adam Duvall;1;Moe Drabowsky;0,911
Adam Duvall;2;Antonio Bastardo;0,8697
Adam Duvall;3;Miguel Cairo;0,8599
Adam Duvall;4;Juan Agosto;0,8528
Adam Duvall;5;Don Demeter;0,8525
Adam Eaton;1;Bert Campaneris;0,9276
Adam Eaton;2;George Stone;0,9015
Adam Eaton;3;Fritz Ostermueller;0,8662
Adam Eaton;4;Will Owens;0,8638
Adam Eaton;5;Urban Shocker;0,8602
Adam Everett;1;Will Cunnane;0,9971
Adam Everett;2;Ryan Weber;0,9971
Adam Everett;3;Jeremy Accardo;0,9971
Adam Everett;4;Pat Clements;0,9971
Adam Everett;5;Blake Parker;0,997
Adam Frazier;1;Pete O'Brien;0,9801
Adam Frazier;2;Stuffy McInnis;0,976
Adam Frazier;3;Brad Fullmer;0,9752
Adam Frazier;4;Pie Traynor;0,9732
Adam Frazier;5;Gerald Williams;0,9644
Adam Jones;1;Shoeless Joe Jackson;0,9656
Adam Jones;2;Johnny Rawlings;0,9513
Adam Jones;3;Billy Cox;0,948
Adam Jones;4;Rob Brantly;0,9446
Adam Jones;5;Doc Bushong;0,9431
Adam Kennedy;1;Jason Thompson;0,9554
Adam Kennedy;2;Jorge Velandia;0,9482
Adam Kennedy;3;Harlond Clift;0,9375
Adam Kennedy;4;Rhys Hoskins;0,9347
Adam Kennedy;5;Brock Holt;0,9067
Adam LaRoche;1;Allen Watson;0,9075
Adam LaRoche;2;Hollis Thurston;0,9013
Adam LaRoche;3;Earl Sheely;0,8913
Adam LaRoche;4;Felipe Sierra;0,8692
Adam LaRoche;5;Tanner Roark;0,8611
Adam Lind;1;Pat Patterson;0,9112
Adam Lind;2;Chubby Dean;0,9061
Adam Lind;3;Tom Lawless;0,8964
Adam Lind;4;Kyle Higashioka;0,8916
Adam Lind;5;Raul Chavez;0,8739
Adam Melhuse;1;Tommy Milone;0,9902
Adam Melhuse;2;Al McBean;0,9806
Adam Melhuse;3;Ralph Terry;0,9656
Adam Melhuse;4;Lenny Randle;0,9579
Adam Melhuse;5;Leon Durham;0,9575
Adam Moore;1;Blaine Boyer;0,9569
Adam Moore;2;Arthur Rhodes;0,9527
Adam Moore;3;Glendon Rusch;0,9325
Adam Moore;4;Mark Redman;0,9224
Adam Moore;5;Mike Hegan;0,9095
Adam Ottavino;1;Don Lee;0,9592
Adam Ottavino;2;Joe Moeller;0,9476
Adam Ottavino;3;Craig Gentry;0,9283
Adam Ottavino;4;Ben Grieve;0,9127
Adam Ottavino;5;Erick Fedde;0,9099
Adam Rosales;1;Fred Scherman;0,961
Adam Rosales;2;Ed Young;0,8665
Adam Rosales;3;Robert Stephenson;0,8562
Adam Rosales;4;Jolbert Cabrera;0,8302
Adam Rosales;5;Jim Colborn;0,8264
Adam Wainwright;1;Taylor Teagarden;0,9685
Adam Wainwright;2;Brad Fullmer;0,9681
Adam Wainwright;3;John Wyatt;0,9549
Adam Wainwright;4;Danys Baez;0,95
Adam Wainwright;5;John Irwin;0,9475
Addie Joss;1;Art Shamsky;0,9417
Addie Joss;2;Jose Canseco;0,9315
Addie Joss;3;Bob Shawkey;0,9088
Addie Joss;4;Taylor Ward;0,9022
Addie Joss;5;Johnny Rawlings;0,9012
Adeiny Hechavarria;1;Omar Narvaez;0,9754
Adeiny Hechavarria;2;Charley Hall;0,967
Adeiny Hechavarria;3;Dale Mitchell;0,9559
Adeiny Hechavarria;4;Terry Harmon;0,9553
Adeiny Hechavarria;5;Les Nunamaker;0,9518
Adolfo Phillips;1;Jack Powell;0,961
Adolfo Phillips;2;Mike Felder;0,9578
Adolfo Phillips;3;Jack Fournier;0,944
Adolfo Phillips;4;Joe Christopher;0,9403
Adolfo Phillips;5;Mike LaValliere;0,9158
Adonis Terry;1;Robert Person;0,9629
Adonis Terry;2;Sammy Stewart;0,9551
Adonis Terry;3;Horacio Ramirez;0,9457
Adonis Terry;4;Joel Skinner;0,9236
Adonis Terry;5;Wes Parker;0,9216
Adrian Beltre;1;Chuck Crim;0,9665
Adrian Beltre;2;Chris Bosio;0,9422
Adrian Beltre;3;Ed Killian;0,922
Adrian Beltre;4;Tex Clevenger;0,9206
Adrian Beltre;5;Jiggs Donahue;0,9132
Adrian Brown;1;Ralph Branca;0,889
Adrian Brown;2;Jim Holdsworth;0,8811
Adrian Brown;3;Jonathan Lucroy;0,8784
Adrian Brown;4;John Hines;0,8614
Adrian Brown;5;Tim Murnane;0,8602
Adrian Gonzalez;1;Charlie Williams;0,9844
Adrian Gonzalez;2;Shannon Stewart;0,9832
Adrian Gonzalez;3;Bert Gallia;0,9778
Adrian Gonzalez;4;Paul Gibson;0,9759
Adrian Gonzalez;5;Alan Benes;0,9759
Adrian Houser;1;Carlos Reyes;1,0
Adrian Houser;2;Tim Mayza;1,0
Adrian Houser;3;Brian Bohanon;0,9977
Adrian Houser;4;Noe Ramirez;0,995
Adrian Houser;5;Ken Williams;0,9808
Agustín Parpetti;1;Jose Alvarez;0,9638
Agustín Parpetti;2;Willie Kamm;0,9585
Agustín Parpetti;3;Mark Eichhorn;0,9525
Agustín Parpetti;4;Jim Willis;0,9352
Agustín Parpetti;5;Toussaint Allen;0,9291
Al Benton;1;German Marquez;0,9417
Al Benton;2;Guy Hecker;0,9193
Al Benton;3;Tyler Kinley;0,9108
Al Benton;4;Burke Badenhop;0,9009
Al Benton;5;Mike Perez;0,9007
Al Brazle;1;Carl Crawford;0,9033
Al Brazle;2;Jim Willoughby;0,8779
Al Brazle;3;Chico Salmon;0,8518
Al Brazle;4;Ken Holloway;0,8373
Al Brazle;5;Cecilio Guante;0,8321
Al Bridwell;1;Sammy Sosa;0,9311
Al Bridwell;2;Charlie Dexter;0,896
Al Bridwell;3;Harry Steinfeldt;0,8733
Al Bridwell;4;Newt Allen;0,8614
Al Bridwell;5;Reb Russell;0,8461
Al Bumbry;1;Curt Flood;0,9461
Al Bumbry;2;Bobby Jones;0,9191
Al Bumbry;3;Kent Bottenfield;0,9134
Al Bumbry;4;Babe Dahlgren;0,9127
Al Bumbry;5;Cliff Melton;0,9071
Al Cowens;1;Jason Castro;0,885
Al Cowens;2;Oscar Melillo;0,8625
Al Cowens;3;Andre Ethier;0,8603
Al Cowens;4;Kelly Downs;0,8575
Al Cowens;5;Jarrod Saltalamacchia;0,8469
Al Dark;1;Chris Carter;0,9805
Al Dark;2;Ralph Young;0,9785
Al Dark;3;Dave Campbell;0,9686
Al Dark;4;Mike Harkey;0,9643
Al Dark;5;Billy Klaus;0,9633
Al Demaree;1;Mark Salas;0,9299
Al Demaree;2;Kent Tekulve;0,9219
Al Demaree;3;John Wetteland;0,9147
Al Demaree;4;Bill Gullickson;0,9057
Al Demaree;5;Mike LaCoss;0,9031
Al Downing;1;Kendall Graveman;0,9583
Al Downing;2;Bud Byerly;0,9037
Al Downing;3;Walt Williams;0,9033
Al Downing;4;Pete Mikkelsen;0,9009
Al Downing;5;Dallas Green;0,8895
Al Evans;1;Clyde Manion;0,8698
Al Evans;2;Michael Cuddyer;0,8589
Al Evans;3;Johnny Davis;0,8572
Al Evans;4;Kyle Davies;0,8559
Al Evans;5;Jo-Jo White;0,8397
Al Ferrara;1;Dave Tobik;0,9916
Al Ferrara;2;A. J. Minter;0,9916
Al Ferrara;3;Tyler Clippard;0,9916
Al Ferrara;4;Pete Schourek;0,9916
Al Ferrara;5;Trevor Hoffman;0,9916
Al Fitzmorris;1;Johnny Humphries;0,9136
Al Fitzmorris;2;Jaime Garcia;0,9101
Al Fitzmorris;3;Tony Oliva;0,894
Al Fitzmorris;4;Oral Hildebrand;0,8916
Al Fitzmorris;5;Del Wilber;0,8858
Al Holland;1;Bob Chipman;0,9666
Al Holland;2;Spec Shea;0,9577
Al Holland;3;Roger Freed;0,9561
Al Holland;4;Chet Nichols;0,9534
Al Holland;5;Satchel Paige;0,9527
Al Hollingsworth;1;Justin Masterson;0,9227
Al Hollingsworth;2;Andy Hawkins;0,9216
Al Hollingsworth;3;Ketel Marte;0,9014
Al Hollingsworth;4;Ed Delahanty;0,895
Al Hollingsworth;5;Glenn Myatt;0,8842
Al Hrabosky;1;Nick Strincevich;0,956
Al Hrabosky;2;Barry Larkin;0,9215
Al Hrabosky;3;Atlee Hammaker;0,9058
Al Hrabosky;4;Ted Savage;0,9051
Al Hrabosky;5;Augie Ojeda;0,9038
Al Jackson;1;Julio Teheran;0,9244
Al Jackson;2;Luis Lopez;0,922
Al Jackson;3;Eddie Solomon;0,9154
Al Jackson;4;Denny Neagle;0,8955
Al Jackson;5;Tom Bolton;0,8933
Al Kaline;1;Joey Amalfitano;0,9246
Al Kaline;2;Bruce Campbell;0,9173
Al Kaline;3;Chris Johnson;0,9114
Al Kaline;4;Mike Epstein;0,8929
Al Kaline;5;John Romano;0,8907
Al Lakeman;1;Carl Pavano;0,9905
Al Lakeman;2;Mike Moore;0,9786
Al Lakeman;3;Tim McCarver;0,9774
Al Lakeman;4;Matt Stairs;0,9628
Al Lakeman;5;Scott Barlow;0,9566
Al Leiter;1;Mike Holtz;0,9983
Al Leiter;2;Bill Stafford;0,9305
Al Leiter;3;John Dopson;0,9173
Al Leiter;4;Bobby Castillo;0,9169
Al Leiter;5;Bill Stoneman;0,8929
Al Levine;1;Jimmie Schaffer;0,9846
Al Levine;2;Derek Law;0,9374
Al Levine;3;Xavier Cedeno;0,9155
Al Levine;4;Eric Rasmussen;0,8975
Al Levine;5;Paul Richards;0,8941
Al Lopez;1;Matt Olson;0,9344
Al Lopez;2;Ross Youngs;0,8722
Al Lopez;3;Jack Farrell;0,8593
Al Lopez;4;Toby Hall;0,8586
Al Lopez;5;Daniel Descalso;0,8515
Al Mamaux;1;Hal Wagner;0,9203
Al Mamaux;2;Bill Holland;0,9134
Al Mamaux;3;Travis Ishikawa;0,9025
Al Mamaux;4;Will Smith;0,9004
Al Mamaux;5;Mickey O'Neil;0,8969
Al Martin;1;Bobby Veach;0,9821
Al Martin;2;Rob Brantly;0,9669
Al Martin;3;Dan Driessen;0,9633
Al Martin;4;Frank Scheibeck;0,962
Al Martin;5;Willie Keeler;0,9608
Al Maul;1;Duane Josephson;0,8662
Al Maul;2;Doc Gessler;0,8648
Al Maul;3;Amos Otis;0,8296
Al Maul;4;Pete Burnside;0,8279
Al Maul;5;Kevin Gross;0,8212
Al McBean;1;Adam Melhuse;0,9806
Al McBean;2;Jeff McNeil;0,9785
Al McBean;3;Jim Lindeman;0,9409
Al McBean;4;Lip Pike;0,923
Al McBean;5;Tommy Milone;0,9179
Al Milnar;1;Nate Jones;0,9871
Al Milnar;2;C. J. Nitkowski;0,9823
Al Milnar;3;Gary Nolan;0,9818
Al Milnar;4;Paul Abbott;0,9705
Al Milnar;5;Harry Rice;0,9664
Al Myers;1;Ned Hanlon;0,952
Al Myers;2;Gus Weyhing;0,9381
Al Myers;3;Randy Jackson;0,9376
Al Myers;4;Starlin Castro;0,9332
Al Myers;5;Bill Campbell;0,9302
Al Newman;1;Gary Carter;0,9548
Al Newman;2;Didi Gregorius;0,9414
Al Newman;3;Tim Wakefield;0,9411
Al Newman;4;Lou Piniella;0,9325
Al Newman;5;John Olerud;0,9233
Al Nixon;1;Duane Ward;0,9573
Al Nixon;2;Frankie Pytlak;0,9518
Al Nixon;3;Cliff Johnson;0,9422
Al Nixon;4;Jimmy Binder;0,9049
Al Nixon;5;Tom Kinslow;0,9034
Al Oliver;1;Johnny Evers;0,9407
Al Oliver;2;Ellie Rodriguez;0,8964
Al Oliver;3;Gary Thomasson;0,8702
Al Oliver;4;Bob Dernier;0,8695
Al Oliver;5;Larry Cheney;0,8668
Al Orth;1;Jim Lyttle;0,9543
Al Orth;2;Derek Lilliquist;0,9479
Al Orth;3;John Stephenson;0,925
Al Orth;4;Dwayne Henry;0,9201
Al Orth;5;Paul Dean;0,9122
Al Rosen;1;Rick Helling;0,8787
Al Rosen;2;Fred Kendall;0,8603
Al Rosen;3;Andy Ashby;0,8477
Al Rosen;4;Sal Maglie;0,8477
Al Rosen;5;Lonnie Smith;0,8427
Al Simmons;1;T. J. Mathews;0,9635
Al Simmons;2;Chris Heisey;0,9593
Al Simmons;3;Tex Clevenger;0,9452
Al Simmons;4;George Stovall;0,9329
Al Simmons;5;Greg McMichael;0,9282
Al Smith;1;Art Howe;0,9456
Al Smith;2;George Stovall;0,9188
Al Smith;3;Miles Mikolas;0,9172
Al Smith;4;Josh Bell;0,9119
Al Smith;5;Sid Farrar;0,9109
Al Spalding;1;Jerry Moses;0,9782
Al Spalding;2;Ed Glynn;0,9744
Al Spalding;3;Jesus Colome;0,9726
Al Spalding;4;Paul Sewald;0,9707
Al Spalding;5;Hank Greenberg;0,9701
Al Spangler;1;Bill Lohrman;0,911
Al Spangler;2;Mark Petkovsek;0,9009
Al Spangler;3;Bill Gatewood;0,8868
Al Spangler;4;Brad Radke;0,8788
Al Spangler;5;Willie Powell;0,8716
Al Spohrer;1;Scott McGregor;0,9107
Al Spohrer;2;Johnny Humphries;0,9012
Al Spohrer;3;Eric Owens;0,8961
Al Spohrer;4;Rafael Figarola;0,8866
Al Spohrer;5;Juan Cruz;0,8821
Al Todd;1;Ownie Carroll;0,9984
Al Todd;2;Bullet Joe Bush;0,9932
Al Todd;3;Socks Seibold;0,9922
Al Todd;4;Bones Ely;0,9908
Al Todd;5;Jim Keenan;0,9879
Al Weis;1;Fatty Briody;0,9822
Al Weis;2;Archie Ware;0,9814
Al Weis;3;Roy Mahaffey;0,9786
Al Weis;4;Ryan Weber;0,9783
Al Weis;5;Will Cunnane;0,9783
Al Worthington;1;Bud Barbee;0,943
Al Worthington;2;Greg McMichael;0,9157
Al Worthington;3;Mike Menosky;0,9022
Al Worthington;4;Blake Treinen;0,9007
Al Worthington;5;Donnie Hill;0,9007
Al Zarilla;1;Jesse Crain;0,9228
Al Zarilla;2;Paul Dean;0,9222
Al Zarilla;3;Rich DeLucia;0,8911
Al Zarilla;4;Corey Hart;0,8845
Al Zarilla;5;Brad Hand;0,8586
Alan Ashby;1;Wayne Krenchicki;0,964
Alan Ashby;2;Rudy Kemmler;0,9198
Alan Ashby;3;Eddie Moore;0,8865
Alan Ashby;4;Nate Schierholtz;0,866
Alan Ashby;5;Eric Haase;0,8458
Alan Bannister;1;Butch Hobson;0,944
Alan Bannister;2;Kyle Farmer;0,9093
Alan Bannister;3;Steve Nicosia;0,8955
Alan Bannister;4;Mike Andrews;0,8937
Alan Bannister;5;Jim Shaw;0,877
Alan Benes;1;Todd Worrell;1,0
Alan Benes;2;Fernando Abad;1,0
Alan Benes;3;Salomon Torres;1,0
Alan Benes;4;Paul Gibson;1,0
Alan Benes;5;Dennis Powell;1,0
Alan Embree;1;Ryan Weber;1,0
Alan Embree;2;Jeremy Accardo;1,0
Alan Embree;3;Will Cunnane;1,0
Alan Embree;4;Pat Clements;1,0
Alan Embree;5;Wally Roettger;0,9991
Alan Foster;1;Russ Davis;0,9353
Alan Foster;2;Jeremy Guthrie;0,89
Alan Foster;3;Ray Kremer;0,8597
Alan Foster;4;Tatica Campos;0,8545
Alan Foster;5;Ed Ott;0,8504
Alan Mills;1;Jim Roland;0,9639
Alan Mills;2;Joe Panik;0,8901
Alan Mills;3;Cliff Politte;0,8896
Alan Mills;4;Johnny Estrada;0,8822
Alan Mills;5;Luis Torrens;0,8676
Alan Trammell;1;Sean Burnett;0,9831
Alan Trammell;2;Scott Barlow;0,9748
Alan Trammell;3;Brad Komminsk;0,9722
Alan Trammell;4;Robert Person;0,9369
Alan Trammell;5;Willy Adames;0,9345
Albert Belle;1;Ken Henderson;0,9362
Albert Belle;2;Juan Uribe;0,9121
Albert Belle;3;Bill Voiselle;0,9097
Albert Belle;4;Ed Heusser;0,9066
Albert Belle;5;Jerry Reed;0,895
Albert Pujols;1;Willie Calhoun;0,9896
Albert Pujols;2;Joe Astroth;0,989
Albert Pujols;3;Johnny Burnett;0,9817
Albert Pujols;4;Frank Scheibeck;0,9763
Albert Pujols;5;Ildemaro Vargas;0,9688
Alberto Callaspo;1;Bob Scheffing;0,9439
Alberto Callaspo;2;Jimmy Outlaw;0,9185
Alberto Callaspo;3;Tony Kemp;0,8861
Alberto Callaspo;4;Ivy Olson;0,8746
Alberto Callaspo;5;Johnny Allen;0,8669
Alberto Castillo;1;Bob Fothergill;0,9414
Alberto Castillo;2;Joey Wendle;0,9201
Alberto Castillo;3;Ray Kremer;0,9185
Alberto Castillo;4;Brian Dozier;0,9056
Alberto Castillo;5;Tom Grieve;0,8958
Alberto Reyes;1;Carlos Reyes;1,0
Alberto Reyes;2;Eric Gagne;1,0
Alberto Reyes;3;Danny Coulombe;1,0
Alberto Reyes;4;Rich Garces;1,0
Alberto Reyes;5;Joba Chamberlain;1,0
Albie Lopez;1;Fritz Buelow;0,9596
Albie Lopez;2;Charlie Dexter;0,9576
Albie Lopez;3;Heathcliff Slocumb;0,932
Albie Lopez;4;Tyler O'Neill;0,9244
Albie Lopez;5;Billy McKinney;0,9131
Albie Pearson;1;Chester Williams;0,975
Albie Pearson;2;Ramon Santiago;0,9605
Albie Pearson;3;Ty Wigginton;0,9474
Albie Pearson;4;Gene Garber;0,9393
Albie Pearson;5;Jerome Walton;0,9356
Alcides Escobar;1;Rhys Hoskins;0,954
Alcides Escobar;2;Frank Wills;0,9487
Alcides Escobar;3;Frank Scheibeck;0,9282
Alcides Escobar;4;Buddy Bradford;0,9267
Alcides Escobar;5;Jorge Velandia;0,9251
Aleck Smith;1;Doc Newton;0,9269
Aleck Smith;2;Corky Miller;0,885
Aleck Smith;3;George Winter;0,8836
Aleck Smith;4;Cal McVey;0,866
Aleck Smith;5;Urban Shocker;0,864
Aledmys Diaz;1;Emmett Seery;0,954
Aledmys Diaz;2;Curt Davis;0,9168
Aledmys Diaz;3;Mickey Mantle;0,9118
Aledmys Diaz;4;Jack Hiatt;0,8928
Aledmys Diaz;5;Dansby Swanson;0,8907
Alejandro De Aza;1;Cap Peterson;0,9642
Alejandro De Aza;2;Charlie Williams;0,9521
Alejandro De Aza;3;Luis Rivera;0,9458
Alejandro De Aza;4;Carl Willis;0,9439
Alejandro De Aza;5;Bullet Rogan;0,9412
Alejandro Oms;1;Gary Sanchez;0,9616
Alejandro Oms;2;Bill Duggleby;0,9326
Alejandro Oms;3;Shawn Boskie;0,9255
Alejandro Oms;4;Steve Bedrosian;0,921
Alejandro Oms;5;Scott Bailes;0,9008
Alejandro Peña;1;Dave Tobik;0,9432
Alejandro Peña;2;Brad Havens;0,9432
Alejandro Peña;3;Brandon Duckworth;0,9418
Alejandro Peña;4;Max Manning;0,9417
Alejandro Peña;5;Dallas Green;0,9405
Alex Arias;1;Larry Brown;0,9644
Alex Arias;2;Wayne Gross;0,9626
Alex Arias;3;Bob Patterson;0,9608
Alex Arias;4;Brandon Kintzler;0,9608
Alex Arias;5;Eric O'Flaherty;0,9608
Alex Avila;1;Madison Bumgarner;0,9382
Alex Avila;2;Hal Wagner;0,9137
Alex Avila;3;Art Wilson;0,9088
Alex Avila;4;Hick Carpenter;0,8969
Alex Avila;5;Elrod Hendricks;0,894
Alex Bregman;1;Billy Sullivan;0,9646
Alex Bregman;2;John Wyatt;0,9593
Alex Bregman;3;Mike Rivera;0,9508
Alex Bregman;4;John Candelaria;0,9462
Alex Bregman;5;Zack Taylor;0,9405
Alex Carrasquel;1;Willie Powell;0,9629
Alex Carrasquel;2;Lu Blue;0,9294
Alex Carrasquel;3;Bill Gatewood;0,9253
Alex Carrasquel;4;Clay Kirby;0,908
Alex Carrasquel;5;Lynn McGlothen;0,9063
Alex Cintron;1;Dave Rader;0,9734
Alex Cintron;2;Ben Grieve;0,9469
Alex Cintron;3;Tim Hosley;0,9431
Alex Cintron;4;Joe Saunders;0,9413
Alex Cintron;5;Bud Norris;0,9234
Alex Cobb;1;Frank Baumholtz;0,933
Alex Cobb;2;Wily Peralta;0,8777
Alex Cobb;3;Pete Coscarart;0,8685
Alex Cobb;4;Eric Munson;0,8498
Alex Cobb;5;Jim Delsing;0,8496
Alex Colome;1;Roy Smith;0,9808
Alex Colome;2;Scot Shields;0,9591
Alex Colome;3;Morgan Ensberg;0,9579
Alex Colome;4;Joe Koppe;0,9555
Alex Colome;5;Archie Ware;0,9531
Alex Cora;1;Lonnie Chisenhall;0,9441
Alex Cora;2;Billy McKinney;0,9226
Alex Cora;3;Ed Abbaticchio;0,9149
Alex Cora;4;Frank Wills;0,9105
Alex Cora;5;T. J. Mathews;0,908
Alex Diaz;1;Vince Velasquez;0,9913
Alex Diaz;2;Luis Quinones;0,9787
Alex Diaz;3;Mike Adams;0,9768
Alex Diaz;4;David Huff;0,9713
Alex Diaz;5;Pedro Strop;0,9702
Alex Ferguson;1;Vicente Romo;0,9082
Alex Ferguson;2;Ryan Flaherty;0,9032
Alex Ferguson;3;Jeff Hoffman;0,8842
Alex Ferguson;4;King Kelly;0,8837
Alex Ferguson;5;Bill Phillips;0,8779
Alex Fernandez;1;Danys Baez;0,9477
Alex Fernandez;2;Matt Holliday;0,9294
Alex Fernandez;3;Bill Holbert;0,9256
Alex Fernandez;4;Taylor Teagarden;0,9199
Alex Fernandez;5;Silver King;0,9133
Alex Gonzalez;1;Jiggs Donahue;0,9852
Alex Gonzalez;2;Johnny Burnett;0,9699
Alex Gonzalez;3;Tex Clevenger;0,9487
Alex Gonzalez;4;Willie Calhoun;0,9439
Alex Gonzalez;5;Joe Astroth;0,9355
Alex Gordon;1;Adam Melhuse;0,9422
Alex Gordon;2;John Parrish;0,9285
Alex Gordon;3;John Barry;0,9104
Alex Gordon;4;Mike Myers;0,9069
Alex Gordon;5;Gleyber Torres;0,9041
Alex Grammas;1;George Dixon;0,8561
Alex Grammas;2;Livan Hernandez;0,8276
Alex Grammas;3;Jordy Mercer;0,7964
Alex Grammas;4;Jim Pendleton;0,7913
Alex Grammas;5;Wandy Rodriguez;0,7862
Alex Johnson;1;Doc Sykes;0,9034
Alex Johnson;2;Matt Shoemaker;0,9009
Alex Johnson;3;Perry Hall;0,8879
Alex Johnson;4;Dick Littlefield;0,8806
Alex Johnson;5;Johnny Sain;0,855
Alex Kampouris;1;Rhys Hoskins;0,9256
Alex Kampouris;2;Woody English;0,8903
Alex Kampouris;3;Lonnie Chisenhall;0,8892
Alex Kampouris;4;Al Myers;0,8864
Alex Kampouris;5;Juan Pierre;0,8858
Alex Kellner;1;J. R. Murphy;0,9054
Alex Kellner;2;Herm Winningham;0,8704
Alex Kellner;3;Dan Spillner;0,8397
Alex Kellner;4;Bill Hoskins;0,8129
Alex Kellner;5;Rougned Odor;0,8116
Alex McCarthy;1;Darren Dreifort;0,9859
Alex McCarthy;2;Brian Downing;0,9787
Alex McCarthy;3;Wayne Causey;0,9784
Alex McCarthy;4;Hal Naragon;0,9734
Alex McCarthy;5;Scot Shields;0,9686
Alex Ochoa;1;Steve O'Neill;0,9616
Alex Ochoa;2;Jack Scott;0,9566
Alex Ochoa;3;Jason Marquis;0,9509
Alex Ochoa;4;Jeff Mathis;0,9501
Alex Ochoa;5;Clyde Spearman;0,9457
Alex Presley;1;Bobby Ayala;0,9539
Alex Presley;2;Lip Pike;0,9155
Alex Presley;3;Wes Ferrell;0,8967
Alex Presley;4;Sam Gray;0,8928
Alex Presley;5;Chris Snyder;0,8876
Alex Radcliff;1;Russ Kemmerer;0,8914
Alex Radcliff;2;Ryan Freel;0,8868
Alex Radcliff;3;Egyptian Healy;0,8813
Alex Radcliff;4;Harold Reynolds;0,8697
Alex Radcliff;5;Freddy Leach;0,8595
Alex Rios;1;D. J. Carrasco;0,928
Alex Rios;2;Bill Voss;0,9277
Alex Rios;3;Marcelino Lopez;0,9248
Alex Rios;4;Juan Soto;0,9203
Alex Rios;5;Paul Blackburn;0,92
Alex Rodriguez;1;Ray Morgan;0,9758
Alex Rodriguez;2;Joe Lis;0,9732
Alex Rodriguez;3;George Decker;0,9676
Alex Rodriguez;4;Emmet Heidrick;0,9568
Alex Rodriguez;5;Kyle Tucker;0,9557
Alex Trevino;1;Travis Snider;0,9076
Alex Trevino;2;Dick Tracewski;0,8981
Alex Trevino;3;Dick Dietz;0,876
Alex Trevino;4;Rich Dauer;0,8631
Alex Trevino;5;Birdie Cree;0,8546
Alex Verdugo;1;Ed Young;0,9566
Alex Verdugo;2;Steve O'Neill;0,9221
Alex Verdugo;3;Alex Ochoa;0,9087
Alex Verdugo;4;Harry Howell;0,8991
Alex Verdugo;5;Kerry Ligtenberg;0,8921
Alex Wood;1;Mike Clevinger;0,9454
Alex Wood;2;Pete Kozma;0,938
Alex Wood;3;Vicente Palacios;0,8983
Alex Wood;4;Terry Mathews;0,8981
Alex Wood;5;Casey Fossum;0,8969
Alexei Ramirez;1;David Murphy;0,9002
Alexei Ramirez;2;Jack Glasscock;0,9001
Alexei Ramirez;3;Doug Corbett;0,8962
Alexei Ramirez;4;Jim Brower;0,8887
Alexei Ramirez;5;Sam Trott;0,887
Alexi Casilla;1;Pat Neshek;0,9968
Alexi Casilla;2;Will Harris;0,9968
Alexi Casilla;3;Stan Belinda;0,9968
Alexi Casilla;4;Randy St. Claire;0,9968
Alexi Casilla;5;Eric Gunderson;0,9968
Alfonso Soriano;1;Nippy Jones;0,9959
Alfonso Soriano;2;Tommie Reynolds;0,9941
Alfonso Soriano;3;Tyler Glasnow;0,9891
Alfonso Soriano;4;Yonder Alonso;0,9865
Alfonso Soriano;5;Larry Gardner;0,9843
Alfredo Amezaga;1;Stan Lopata;0,903
Alfredo Amezaga;2;Glenn Abbott;0,8886
Alfredo Amezaga;3;Luis Melendez;0,8881
Alfredo Amezaga;4;George Kell;0,8855
Alfredo Amezaga;5;Pedro Severino;0,8802
Alfredo Griffin;1;Tom Johnson;0,9908
Alfredo Griffin;2;John Grim;0,9878
Alfredo Griffin;3;Jim Keenan;0,9876
Alfredo Griffin;4;Elmer Myers;0,9853
Alfredo Griffin;5;Ed McFarland;0,9851
Alfredo Simon;1;Scott Linebrink;0,9641
Alfredo Simon;2;Chris Zachary;0,9328
Alfredo Simon;3;Edinson Volquez;0,9309
Alfredo Simon;4;Calvin Schiraldi;0,9293
Alfredo Simon;5;Ryan Tepera;0,9231
Allen Russell;1;Ryan Flaherty;0,9314
Allen Russell;2;Larry Rosenthal;0,9281
Allen Russell;3;Alvin Davis;0,8523
Allen Russell;4;Harry Schafer;0,8346
Allen Russell;5;Tom McCreery;0,8344
Allen Sothoron;1;Chris Hoiles;0,9294
Allen Sothoron;2;Scott Garrelts;0,9193
Allen Sothoron;3;Leroy Stanton;0,9091
Allen Sothoron;4;Jack Harper;0,8898
Allen Sothoron;5;Vic Darensbourg;0,8756
Allen Watson;1;Josh Thole;0,9617
Allen Watson;2;Laymon Yokely;0,9444
Allen Watson;3;Juan Lagares;0,9385
Allen Watson;4;Tanner Roark;0,9119
Allen Watson;5;Adam LaRoche;0,9075
Allie Reynolds;1;Roger Moret;0,9183
Allie Reynolds;2;Blake Snell;0,9078
Allie Reynolds;3;Danny Cox;0,9029
Allie Reynolds;4;Stubby Overmire;0,8928
Allie Reynolds;5;Scott Radinsky;0,89
Alonzo Boone;1;Jack Aker;0,9872
Alonzo Boone;2;Mike Munoz;0,9816
Alonzo Boone;3;Jim Presley;0,9654
Alonzo Boone;4;Ben McDonald;0,9468
Alonzo Boone;5;Bill Evans;0,9465
Alvaro Espinoza;1;Fred Manrique;0,8492
Alvaro Espinoza;2;Gary Varsho;0,8215
Alvaro Espinoza;3;Hank Severeid;0,8184
Alvaro Espinoza;4;Tyler O'Neill;0,8102
Alvaro Espinoza;5;Jose Pagan;0,7908
Alvin Davis;1;Tommy Tucker;0,9503
Alvin Davis;2;Larry Rosenthal;0,9284
Alvin Davis;3;Dickie Noles;0,8958
Alvin Davis;4;Jim Bottomley;0,892
Alvin Davis;5;Joe Girardi;0,8789
Amaury Telemaco;1;Joe Bowman;0,916
Amaury Telemaco;2;Herb Pennock;0,907
Amaury Telemaco;3;Darren O'Day;0,9022
Amaury Telemaco;4;Felipe Lopez;0,8766
Amaury Telemaco;5;John Hines;0,8685
Ambrose Reid;1;Art Fletcher;0,9512
Ambrose Reid;2;Taylor Teagarden;0,9403
Ambrose Reid;3;Yandy Diaz;0,9349
Ambrose Reid;4;Chris Archer;0,9349
Ambrose Reid;5;Jimmy Hill;0,9282
Ameal Brooks;1;Drew Pomeranz;0,9325
Ameal Brooks;2;Jonathon Niese;0,8881
Ameal Brooks;3;Dwight Smith;0,8494
Ameal Brooks;4;Hank Wyse;0,8383
Ameal Brooks;5;Cecilio Guante;0,8286
Amed Rosario;1;John Denny;0,9644
Amed Rosario;2;Tommy Bond;0,954
Amed Rosario;3;Dave McCarty;0,9151
Amed Rosario;4;Max Alvis;0,913
Amed Rosario;5;Reed Johnson;0,8946
Amos Otis;1;Steve Dillard;0,9368
Amos Otis;2;Benny Kauff;0,9309
Amos Otis;3;Goose Curry;0,8808
Amos Otis;4;Scott Podsednik;0,876
Amos Otis;5;Moe Drabowsky;0,8751
Amos Rusie;1;Dave Foutz;0,9298
Amos Rusie;2;Stephen Piscotty;0,9047
Amos Rusie;3;Ed Killian;0,9017
Amos Rusie;4;Paul Janish;0,8964
Amos Rusie;5;Aaron Sanchez;0,8958
Amos Strunk;1;Charlie Grant;0,9459
Amos Strunk;2;Al Milnar;0,9322
Amos Strunk;3;Ken Silvestri;0,93
Amos Strunk;4;Rowdy Tellez;0,9236
Amos Strunk;5;Socks Seibold;0,9151
Andre Dawson;1;Reid Nichols;0,9136
Andre Dawson;2;John Kerr;0,9119
Andre Dawson;3;Rich Becker;0,9063
Andre Dawson;4;Reggie Jackson;0,8992
Andre Dawson;5;Jose Cruz;0,8863
Andre Ethier;1;Kevin Mitchell;0,9757
Andre Ethier;2;Chris Capuano;0,9712
Andre Ethier;3;Jarrod Saltalamacchia;0,9687
Andre Ethier;4;Sammy Hale;0,9585
Andre Ethier;5;Ted Sizemore;0,9561
Andre Rodgers;1;Brad Brach;0,9092
Andre Rodgers;2;Chad Tracy;0,903
Andre Rodgers;3;Willy Adames;0,8702
Andre Rodgers;4;Luis Cessa;0,8417
Andre Rodgers;5;Felipe Lopez;0,8226
Andre Thornton;1;George Susce;0,9327
Andre Thornton;2;Vean Gregg;0,93
Andre Thornton;3;Bob Jones;0,918
Andre Thornton;4;Cliff Pennington;0,8999
Andre Thornton;5;Pedro Borbon;0,8959
Andrelton Simmons;1;Don Gullett;0,9304
Andrelton Simmons;2;Danny Patterson;0,9237
Andrelton Simmons;3;Charley Hall;0,9142
Andrelton Simmons;4;Tim Hosley;0,912
Andrelton Simmons;5;Andy Hansen;0,905
Andres Blanco;1;Mike Dorgan;0,9134
Andres Blanco;2;Kyle Seager;0,8955
Andres Blanco;3;Frank Hankinson;0,8637
Andres Blanco;4;Wayne Granger;0,8376
Andres Blanco;5;Craig McMurtry;0,8004
Andres Galarraga;1;Joe Glenn;0,9558
Andres Galarraga;2;Jack Harper;0,909
Andres Galarraga;3;Sam Leslie;0,849
Andres Galarraga;4;Cody Ransom;0,8389
Andres Galarraga;5;Buster Haywood;0,8332
Andres Torres;1;Jeff Russell;0,9478
Andres Torres;2;John Valentin;0,9215
Andres Torres;3;Bill Byrd;0,9208
Andres Torres;4;Henry McHenry;0,9152
Andres Torres;5;David Wright;0,9138
Andrew Benintendi;1;Jered Weaver;0,9325
Andrew Benintendi;2;Art Whitney;0,8637
Andrew Benintendi;3;Mudcat Grant;0,8334
Andrew Benintendi;4;Edgardo Alfonzo;0,8311
Andrew Benintendi;5;George Sisler;0,8225
Andrew Cashner;1;Phil Bradley;0,962
Andrew Cashner;2;Sal Yvars;0,93
Andrew Cashner;3;John Russell;0,9009
Andrew Cashner;4;Jimmy Jones;0,888
Andrew Cashner;5;Jackie Collum;0,8848
Andrew Chafin;1;Ramon Laureano;0,9335
Andrew Chafin;2;Mark Littell;0,9248
Andrew Chafin;3;Clay Holmes;0,8927
Andrew Chafin;4;Andrelton Simmons;0,8925
Andrew Chafin;5;Barry Latman;0,8907
Andrew Heaney;1;Brian Wilson;0,9938
Andrew Heaney;2;Tom Gorman;0,9905
Andrew Heaney;3;Paul Sewald;0,9898
Andrew Heaney;4;Jeffrey Springs;0,9869
Andrew Heaney;5;Bryse Wilson;0,9854
Andrew Kittredge;1;Randy Knorr;0,9552
Andrew Kittredge;2;Shigetoshi Hasegawa;0,9527
Andrew Kittredge;3;Cal Eldred;0,9417
Andrew Kittredge;4;Bill Harbridge;0,9347
Andrew Kittredge;5;Marty Cordova;0,9293
Andrew McCutchen;1;Pedro Severino;0,8969
Andrew McCutchen;2;Dave Boswell;0,8694
Andrew McCutchen;3;Craig McMurtry;0,8673
Andrew McCutchen;4;Pete Kozma;0,8621
Andrew McCutchen;5;Jeremy Hellickson;0,8416
Andrew Miller;1;Steve Swisher;0,8958
Andrew Miller;2;D'Angelo Jimenez;0,8725
Andrew Miller;3;C. J. Cron;0,8534
Andrew Miller;4;Hal Jeffcoat;0,8403
Andrew Miller;5;Junior Noboa;0,8375
Andrew Payne;1;Jolbert Cabrera;0,9496
Andrew Payne;2;Chris Jones;0,898
Andrew Payne;3;Mike Simms;0,872
Andrew Payne;4;Robert Stephenson;0,8702
Andrew Payne;5;Jason Johnson;0,8653
Andrew Romine;1;Robert Person;0,9762
Andrew Romine;2;Jimmy Hill;0,9514
Andrew Romine;3;George Whitted;0,9479
Andrew Romine;4;Joel Skinner;0,946
Andrew Romine;5;Greg Gagne;0,943
Andruw Jones;1;Rhys Hoskins;0,9457
Andruw Jones;2;William Binga;0,9023
Andruw Jones;3;Frank Wills;0,8953
Andruw Jones;4;Billy Cox;0,8928
Andruw Jones;5;Greg Norton;0,8866
Andy Allanson;1;Larry Jansen;0,9516
Andy Allanson;2;Dallas Keuchel;0,948
Andy Allanson;3;Scott Sanderson;0,935
Andy Allanson;4;Randy Choate;0,9129
Andy Allanson;5;George Britt;0,9062
Andy Ashby;1;Tom Glover;0,9045
Andy Ashby;2;Sam Jones;0,8965
Andy Ashby;3;Harold Treadwell;0,8951
Andy Ashby;4;Shaun Marcum;0,89
Andy Ashby;5;Ray Washburn;0,8827
Andy Benes;1;Brian Daubach;0,9387
Andy Benes;2;Tiny Bonham;0,8813
Andy Benes;3;Corey Dickerson;0,8806
Andy Benes;4;Ben McDonald;0,8744
Andy Benes;5;Casey Patten;0,874
Andy Carey;1;Bobby Darwin;0,9692
Andy Carey;2;Max Venable;0,9678
Andy Carey;3;Benny Frey;0,9648
Andy Carey;4;Thurman Tucker;0,9626
Andy Carey;5;Billy Loes;0,9595
Andy Coakley;1;Pete Alexander;0,9785
Andy Coakley;2;Bill Sweeney;0,9496
Andy Coakley;3;Hardy Richardson;0,9394
Andy Coakley;4;Ken Sanders;0,9376
Andy Coakley;5;Billy Cox;0,9325
Andy Cooper;1;Willie Calhoun;0,9522
Andy Cooper;2;Frank Scheibeck;0,9477
Andy Cooper;3;Stu Martin;0,9426
Andy Cooper;4;Jorge Velandia;0,9329
Andy Cooper;5;Chuck Crim;0,9176
Andy Etchebarren;1;Lefty O'Doul;0,9951
Andy Etchebarren;2;Roy Smith;0,9915
Andy Etchebarren;3;Sean Doolittle;0,9912
Andy Etchebarren;4;Blake Parker;0,9912
Andy Etchebarren;5;Joe Thatcher;0,9912
Andy Fox;1;Don Padgett;0,9176
Andy Fox;2;Luis Polonia;0,8793
Andy Fox;3;Frank Viola;0,8709
Andy Fox;4;Jerry DaVanon;0,8437
Andy Fox;5;Mike Tresh;0,8315
Andy Hansen;1;Jeffrey Springs;1,0
Andy Hansen;2;Tom Gorman;0,9976
Andy Hansen;3;Hank Greenberg;0,9922
Andy Hansen;4;David Huff;0,9922
Andy Hansen;5;Danny Patterson;0,9868
Andy Hassler;1;George Altman;0,9716
Andy Hassler;2;John Mabry;0,949
Andy Hassler;3;Dwight Smith;0,9309
Andy Hassler;4;Bobby Adams;0,9126
Andy Hassler;5;Mike Garcia;0,9061
Andy Hawkins;1;Al Hollingsworth;0,9216
Andy Hawkins;2;Ed Delahanty;0,8939
Andy Hawkins;3;Bryan Shaw;0,8688
Andy Hawkins;4;Snuffy Stirnweiss;0,8572
Andy Hawkins;5;Ian Kinsler;0,8454
Andy High;1;Jedd Gyorko;0,9537
Andy High;2;Clay Kirby;0,9237
Andy High;3;Milt Cuyler;0,9037
Andy High;4;Jack O'Brien;0,9025
Andy High;5;Herb Barnhill;0,8839
Andy Kosco;1;Hank Johnson;0,9714
Andy Kosco;2;Noe Ramirez;0,9628
Andy Kosco;3;Joe Niekro;0,9609
Andy Kosco;4;Tim Mayza;0,956
Andy Kosco;5;Carlos Reyes;0,956
Andy Leonard;1;Barry Bonds;0,898
Andy Leonard;2;Dick Culler;0,8752
Andy Leonard;3;Tony Tarasco;0,864
Andy Leonard;4;Matt Lindstrom;0,8625
Andy Leonard;5;Felton Snow;0,8625
Andy McGaffigan;1;Brent Suter;0,9335
Andy McGaffigan;2;Mike Magnante;0,8954
Andy McGaffigan;3;George Frazier;0,8904
Andy McGaffigan;4;Gus Niarhos;0,8892
Andy McGaffigan;5;Bob Rush;0,887
Andy Messersmith;1;Mario Guerrero;0,8653
Andy Messersmith;2;Joe Garagiola;0,839
Andy Messersmith;3;Gregory Polanco;0,8387
Andy Messersmith;4;Frank Killen;0,8302
Andy Messersmith;5;Andrew Miller;0,8299
Andy Pafko;1;Jack Harshman;0,9395
Andy Pafko;2;Reynaldo Lopez;0,9141
Andy Pafko;3;Rick Langford;0,8945
Andy Pafko;4;Joey Eischen;0,891
Andy Pafko;5;Todd Coffey;0,8855
Andy Pettitte;1;Barry Latman;0,933
Andy Pettitte;2;Chien-Ming Wang;0,8968
Andy Pettitte;3;Mark Littell;0,8917
Andy Pettitte;4;Andrew Chafin;0,8813
Andy Pettitte;5;Ramon Laureano;0,8764
Andy Porter;1;Casey Patten;0,9045
Andy Porter;2;Dick Bosman;0,9028
Andy Porter;3;Johnny Moore;0,9025
Andy Porter;4;Brian Daubach;0,8948
Andy Porter;5;Fred Whitfield;0,893
Andy Seminick;1;Jimmy Archer;0,9815
Andy Seminick;2;Elmer Myers;0,9698
Andy Seminick;3;Wes Parker;0,9693
Andy Seminick;4;Tom Johnson;0,9667
Andy Seminick;5;Devin Mesoraco;0,9661
Andy Van Slyke;1;Lee Thomas;0,9651
Andy Van Slyke;2;Jim Beattie;0,9158
Andy Van Slyke;3;Doc Newton;0,8651
Andy Van Slyke;4;Jesse Levis;0,8638
Andy Van Slyke;5;Chris Bando;0,8592
Angel Berroa;1;Danny Hoffman;0,8924
Angel Berroa;2;Scott Bailes;0,8877
Angel Berroa;3;Odell Hale;0,8855
Angel Berroa;4;Matías Ríos;0,8802
Angel Berroa;5;Harold Baines;0,8676
Angel Pagan;1;Garth Iorg;0,9081
Angel Pagan;2;Ryan Thompson;0,9055
Angel Pagan;3;Scott Garrelts;0,9027
Angel Pagan;4;Victor Robles;0,8983
Angel Pagan;5;Mark Thurmond;0,8734
Anibal Sanchez;1;Greg Allen;0,9506
Anibal Sanchez;2;John D'Acquisto;0,9467
Anibal Sanchez;3;Jason Adam;0,9418
Anibal Sanchez;4;Joe Harris;0,9416
Anibal Sanchez;5;Jason Smith;0,9289
Anthony Bass;1;William Webster;0,974
Anthony Bass;2;Josh Phelps;0,9605
Anthony Bass;3;Alex Arias;0,9555
Anthony Bass;4;John Patterson;0,9549
Anthony Bass;5;Gavvy Cravath;0,9472
Anthony Cooper;1;Carl Willey;0,9428
Anthony Cooper;2;Jumbo Elliott;0,9323
Anthony Cooper;3;Curtis Henderson;0,9134
Anthony Cooper;4;Rafael Landestoy;0,8968
Anthony Cooper;5;Craig Gentry;0,8923
Anthony DeSclafani;1;Daisuke Matsuzaka;0,9975
Anthony DeSclafani;2;Ken Ryan;0,9947
Anthony DeSclafani;3;Hyun Jin Ryu;0,9627
Anthony DeSclafani;4;Gregg Olson;0,9449
Anthony DeSclafani;5;Pete Booker;0,935
Anthony Rendon;1;Jose Uribe;0,9251
Anthony Rendon;2;Gary Varsho;0,9206
Anthony Rendon;3;Joe Torre;0,9129
Anthony Rendon;4;Joe Benz;0,9059
Anthony Rendon;5;Preston Wilson;0,8711
Anthony Rizzo;1;Bob Melvin;0,9178
Anthony Rizzo;2;Lee Handley;0,8623
Anthony Rizzo;3;Rich Morales;0,806
Anthony Rizzo;4;Adam Eaton;0,7935
Anthony Rizzo;5;Bob Groom;0,7882
Anthony Santander;1;Kerry Ligtenberg;0,9405
Anthony Santander;2;Troy Percival;0,9382
Anthony Santander;3;Mahlon Duckett;0,9257
Anthony Santander;4;James Paxton;0,9217
Anthony Santander;5;John Briggs;0,921
Anthony Swarzak;1;Aaron Small;1,0
Anthony Swarzak;2;Justin Duchscherer;1,0
Anthony Swarzak;3;Ernie Camacho;1,0
Anthony Swarzak;4;Jonathan Loaisiga;1,0
Anthony Swarzak;5;Jorge Sosa;1,0
Anthony Telford;1;Xavier Cedeno;0,9992
Anthony Telford;2;Joey Eischen;0,9669
Anthony Telford;3;Kyle Hendricks;0,9581
Anthony Telford;4;Orlando Mercado;0,9437
Anthony Telford;5;Dan Otero;0,9362
Antonio Alfonseca;1;Frank Pastore;0,9782
Antonio Alfonseca;2;Bob Oliver;0,8976
Antonio Alfonseca;3;Luis Pujols;0,8925
Antonio Alfonseca;4;Red Faber;0,8849
Antonio Alfonseca;5;Brian Fuentes;0,8846
Antonio Bastardo;1;Dave McNally;0,9539
Antonio Bastardo;2;Hal Morris;0,9421
Antonio Bastardo;3;Bill Singer;0,9143
Antonio Bastardo;4;Ryan McMahon;0,9064
Antonio Bastardo;5;Glen Perkins;0,8869
Antonio Osuna;1;Tom Cheney;0,9728
Antonio Osuna;2;Scott Baker;0,9456
Antonio Osuna;3;Nathan Eovaldi;0,9342
Antonio Osuna;4;Cliff Fannin;0,9179
Antonio Osuna;5;Chick Shorten;0,9178
Antonio Senzatela;1;Greg Colbrunn;0,9491
Antonio Senzatela;2;Roy K. Williams;0,9271
Antonio Senzatela;3;Gus Suhr;0,9066
Antonio Senzatela;4;Chuck Taylor;0,906
Antonio Senzatela;5;Frank Linzy;0,9055
Aramis Ramirez;1;Jim Holdsworth;0,8563
Aramis Ramirez;2;Tim Murnane;0,8494
Aramis Ramirez;3;Lou Merloni;0,8419
Aramis Ramirez;4;Mike Cubbage;0,827
Aramis Ramirez;5;Jim Clinton;0,8269
Archie Bradley;1;Ugueth Urbina;0,9999
Archie Bradley;2;Matt Alexander;0,9988
Archie Bradley;3;Joaquin Benoit;0,9932
Archie Bradley;4;Kevin Ritz;0,9922
Archie Bradley;5;Jason Adam;0,9882
Archie Ware;1;Ray Schalk;0,9994
Archie Ware;2;Mike Ryan;0,9896
Archie Ware;3;Dave Bergman;0,9892
Archie Ware;4;Paul Minner;0,9889
Archie Ware;5;Mickey Livingston;0,9881
Arky Vaughan;1;Joe Lis;0,9245
Arky Vaughan;2;Brian Tallet;0,9214
Arky Vaughan;3;Jim Tabor;0,9119
Arky Vaughan;4;Dennis Springer;0,9021
Arky Vaughan;5;Owen Wilson;0,8988
Arlie Latham;1;Matt Batts;0,9158
Arlie Latham;2;Phil Collins;0,9074
Arlie Latham;3;Willie Jones;0,8849
Arlie Latham;4;Tim Keefe;0,8825
Arlie Latham;5;Ernie Broglio;0,8755
Armando Benitez;1;Greg McMichael;0,9415
Armando Benitez;2;Hiram Bocachica;0,9402
Armando Benitez;3;Einar Diaz;0,9319
Armando Benitez;4;Matt Alexander;0,9247
Armando Benitez;5;Bud Barbee;0,9208
Armando Marsans;1;Jack Warhop;0,9443
Armando Marsans;2;Rajai Davis;0,9376
Armando Marsans;3;Orlando Mercado;0,909
Armando Marsans;4;Ross Ohlendorf;0,904
Armando Marsans;5;Bob Dernier;0,8996
Armando Reynoso;1;Shane Bieber;0,9048
Armando Reynoso;2;Lefty Weinert;0,8706
Armando Reynoso;3;Elmer Valo;0,8634
Armando Reynoso;4;Shawn Green;0,8493
Armando Reynoso;5;Charlie Reilly;0,8456
Arndt Jorgens;1;Jim Holdsworth;0,9019
Arndt Jorgens;2;Jeff Blauser;0,9004
Arndt Jorgens;3;Mike McGeary;0,897
Arndt Jorgens;4;Hank Johnson;0,8927
Arndt Jorgens;5;Leon Durham;0,8884
Arnold Statz;1;Billy Bryan;0,945
Arnold Statz;2;Tom Hutton;0,8993
Arnold Statz;3;Pete Kozma;0,8942
Arnold Statz;4;Ken Forsch;0,878
Arnold Statz;5;Gary Sutherland;0,8666
Aroldis Chapman;1;Scot Thompson;0,9601
Aroldis Chapman;2;Aaron Laffey;0,9594
Aroldis Chapman;3;Travis Snider;0,9428
Aroldis Chapman;4;Pete Ward;0,937
Aroldis Chapman;5;Chris Johnson;0,9224
Art Devlin;1;John O'Donoghue;0,9734
Art Devlin;2;Tim Naehring;0,9693
Art Devlin;3;Babe Pinelli;0,9433
Art Devlin;4;Morgan Ensberg;0,9391
Art Devlin;5;Steve McCatty;0,9371
Art Ditmar;1;George Metkovich;0,9306
Art Ditmar;2;Joe Bowman;0,9278
Art Ditmar;3;Jeff Reed;0,9221
Art Ditmar;4;Bobby Seay;0,9195
Art Ditmar;5;Walt Masterson;0,9044
Art Fletcher;1;Ray Morgan;0,978
Art Fletcher;2;Don Kolloway;0,9743
Art Fletcher;3;Brian Tallet;0,9522
Art Fletcher;4;Ambrose Reid;0,9512
Art Fletcher;5;Yuli Gurriel;0,9452
Art Fowler;1;Shigetoshi Hasegawa;0,9307
Art Fowler;2;Tommy Kahnle;0,8995
Art Fowler;3;Rod Scurry;0,8747
Art Fowler;4;Jacque Jones;0,868
Art Fowler;5;Milo Candini;0,8606
Art Fromme;1;Hal Janvrin;0,956
Art Fromme;2;Noodles Hahn;0,9437
Art Fromme;3;Vic Sorrell;0,9396
Art Fromme;4;Ed Swartwood;0,9318
Art Fromme;5;Ted Alexander;0,9311
Art Herring;1;Roy K. Williams;0,9697
Art Herring;2;Ross Ohlendorf;0,96
Art Herring;3;Chuck Taylor;0,9289
Art Herring;4;Walt Weiss;0,9277
Art Herring;5;Mike Jeffcoat;0,9245
Art Houtteman;1;Dan Kennard;0,9688
Art Houtteman;2;Tom Cheney;0,9593
Art Houtteman;3;Ryan Klesko;0,9258
Art Houtteman;4;Lance Richbourg;0,9188
Art Houtteman;5;Chick Shorten;0,9148
Art Howe;1;Sid Farrar;0,9658
Art Howe;2;Starling Marte;0,9624
Art Howe;3;Al Smith;0,9456
Art Howe;4;Logan Morrison;0,9321
Art Howe;5;Chris Heisey;0,9308
Art Nehf;1;Ben Revere;0,963
Art Nehf;2;Ildemaro Vargas;0,9604
Art Nehf;3;Bob Brenly;0,9365
Art Nehf;4;Joe Astroth;0,9318
Art Nehf;5;Hank Edwards;0,9317
Art Shamsky;1;Max Alvis;0,9728
Art Shamsky;2;Hugh Duffy;0,9672
Art Shamsky;3;Jelly Jackson;0,9555
Art Shamsky;4;Tommy Bond;0,951
Art Shamsky;5;Bob Shawkey;0,9477
Art Whitney;1;Jake Dunn;0,9131
Art Whitney;2;Chris Heisey;0,8912
Art Whitney;3;Cozy Dolan;0,8799
Art Whitney;4;Bobby Murcer;0,8687
Art Whitney;5;George Sisler;0,8684
Art Wilson;1;Hal Wagner;0,9534
Art Wilson;2;Hick Carpenter;0,9427
Art Wilson;3;Elrod Hendricks;0,9426
Art Wilson;4;Frank Wickware;0,9148
Art Wilson;5;Alex Avila;0,9088
Arthur Irwin;1;Madison Bumgarner;0,9476
Arthur Irwin;2;Adam Melhuse;0,9278
Arthur Irwin;3;Wil Ledezma;0,9128
Arthur Irwin;4;Jody Reed;0,9115
Arthur Irwin;5;Tim Murnane;0,9062
Arthur Rhodes;1;Adam Moore;0,9527
Arthur Rhodes;2;Blaine Boyer;0,9277
Arthur Rhodes;3;Glendon Rusch;0,9251
Arthur Rhodes;4;Juan Carlos Oviedo;0,9116
Arthur Rhodes;5;Brad Lidge;0,9036
Asdrubal Cabrera;1;Lou Louden;0,9142
Asdrubal Cabrera;2;Daniel Descalso;0,8972
Asdrubal Cabrera;3;Tom Haller;0,865
Asdrubal Cabrera;4;Ryan McMahon;0,8643
Asdrubal Cabrera;5;Taylor Douthit;0,859
Atlee Hammaker;1;Del Wilber;0,9637
Atlee Hammaker;2;Tony Tarasco;0,9598
Atlee Hammaker;3;Porter Moss;0,9448
Atlee Hammaker;4;Pat Mahomes;0,9448
Atlee Hammaker;5;Atley Donald;0,9358
Atley Donald;1;Dick Culler;0,9832
Atley Donald;2;Mark Eichhorn;0,9702
Atley Donald;3;Tony Tarasco;0,9512
Atley Donald;4;Jose Alvarez;0,9497
Atley Donald;5;Mark Smith;0,9434
Aubrey Huff;1;Johnny Burnett;0,9461
Aubrey Huff;2;Art Shamsky;0,9457
Aubrey Huff;3;Frank Scheibeck;0,9431
Aubrey Huff;4;Rob Brantly;0,9422
Aubrey Huff;5;Joe Astroth;0,9362
Augie Galan;1;Bob Scheffing;0,9054
Augie Galan;2;Jim Beauchamp;0,8756
Augie Galan;3;John McGraw;0,8716
Augie Galan;4;Jack Knott;0,8672
Augie Galan;5;Sadie Houck;0,8488
Augie Ojeda;1;Casey Janssen;0,9342
Augie Ojeda;2;Ted Savage;0,9285
Augie Ojeda;3;Bob Clarke;0,9247
Augie Ojeda;4;Al Hrabosky;0,9038
Augie Ojeda;5;Ben Cantwell;0,8832
Aurelio Lopez;1;Felix Heredia;0,96
Aurelio Lopez;2;Steve McCatty;0,9549
Aurelio Lopez;3;Ben Revere;0,9523
Aurelio Lopez;4;Johnny Niggeling;0,9485
Aurelio Lopez;5;Eddie Pellagrini;0,9438
Aurelio Rodriguez;1;Warren Cromartie;0,9625
Aurelio Rodriguez;2;Lou Dials;0,9429
Aurelio Rodriguez;3;Lamar Johnson;0,9229
Aurelio Rodriguez;4;Terry Francona;0,9117
Aurelio Rodriguez;5;Johnny Blanchard;0,9073
Austin Barnes;1;Jonathon Niese;0,9047
Austin Barnes;2;Ramiro Ramírez;0,8865
Austin Barnes;3;Dwight Smith;0,8549
Austin Barnes;4;Carlos Sanchez;0,8515
Austin Barnes;5;Tim Hendryx;0,8504
Austin Hays;1;Rich Becker;0,9931
Austin Hays;2;Mike Easler;0,9924
Austin Hays;3;Billy Loes;0,9919
Austin Hays;4;Ken Heintzelman;0,9893
Austin Hays;5;Buck Ewing;0,9888
Austin Hedges;1;Joe DeMaestri;0,8975
Austin Hedges;2;Donnie Sadler;0,8843
Austin Hedges;3;Lonnie Chisenhall;0,8593
Austin Hedges;4;Farmer Vaughn;0,8593
Austin Hedges;5;Steve Parris;0,8524
Austin Jackson;1;Jeff Branson;0,9002
Austin Jackson;2;John Wathan;0,8435
Austin Jackson;3;Don Padgett;0,8145
Austin Jackson;4;Greg Harris;0,8127
Austin Jackson;5;Tommy Byrne;0,8102
Austin Kearns;1;Patrick Gillespie;0,8659
Austin Kearns;2;John Coleman;0,852
Austin Kearns;3;Harry Schafer;0,8337
Austin Kearns;4;Bernie Neis;0,8225
Austin Kearns;5;Jerry Dipoto;0,7984
Austin Romine;1;Johnny Niggeling;0,9771
Austin Romine;2;Felix Heredia;0,9713
Austin Romine;3;Nippy Jones;0,9635
Austin Romine;4;Steve McCatty;0,9599
Austin Romine;5;Carlos Baerga;0,959
Austin Slater;1;Billy Hitchcock;0,8297
Austin Slater;2;Ellis Burks;0,8074
Austin Slater;3;Mitch Haniger;0,8055
Austin Slater;4;Ryan Zimmerman;0,7989
Austin Slater;5;Bris Lord;0,789
Avisail Garcia;1;Billy Bryan;0,8951
Avisail Garcia;2;Nick Johnson;0,8905
Avisail Garcia;3;J. R. Murphy;0,8667
Avisail Garcia;4;Gary Pettis;0,8563
Avisail Garcia;5;Phil Coke;0,8445
B. J. Ryan;1;Earl Caldwell;0,957
B. J. Ryan;2;Roger Mason;0,9462
B. J. Ryan;3;Willie Blair;0,9405
B. J. Ryan;4;Eugene Bremer;0,927
B. J. Ryan;5;Tommy Boggs;0,9256
B. J. Surhoff;1;Luis Rivas;0,9392
B. J. Surhoff;2;Erick Fedde;0,9072
B. J. Surhoff;3;Steve Ontiveros;0,9051
B. J. Surhoff;4;Matt Strahm;0,9044
B. J. Surhoff;5;Doug Fister;0,9022
B. J. Upton;1;Frank Scheibeck;0,9845
B. J. Upton;2;Rob Brantly;0,9819
B. J. Upton;3;Joe Astroth;0,9732
B. J. Upton;4;Johnny Burnett;0,9691
B. J. Upton;5;Willie Calhoun;0,9675
Babe Adams;1;George Decker;0,9724
Babe Adams;2;Eddie Pellagrini;0,9637
Babe Adams;3;Joe Lis;0,957
Babe Adams;4;Ray Morgan;0,9548
Babe Adams;5;Bill Rariden;0,9527
Babe Dahlgren;1;Kent Bottenfield;0,9925
Babe Dahlgren;2;Matt Sinatro;0,9819
Babe Dahlgren;3;Felix Evans;0,9792
Babe Dahlgren;4;Eric Gagne;0,9696
Babe Dahlgren;5;Danny Coulombe;0,9696
Babe Herman;1;Leonys Martin;0,8969
Babe Herman;2;Dan Kennard;0,8877
Babe Herman;3;Tom Cheney;0,8587
Babe Herman;4;Art Houtteman;0,8574
Babe Herman;5;Scott Baker;0,8504
Babe Phelps;1;Jim Perry;0,9014
Babe Phelps;2;Steve Jeltz;0,8898
Babe Phelps;3;Chris Herrmann;0,8741
Babe Phelps;4;John Montefusco;0,8688
Babe Phelps;5;Red Donahue;0,8666
Babe Pinelli;1;Ron Cey;0,9888
Babe Pinelli;2;Tommy Leach;0,9829
Babe Pinelli;3;Kevin Mitchell;0,9812
Babe Pinelli;4;Ellis Valentine;0,9746
Babe Pinelli;5;Bill Robinson;0,9741
Babe Ruth;1;Carlos Sanchez;0,9217
Babe Ruth;2;Jerry Johnson;0,9128
Babe Ruth;3;Mike Smithson;0,867
Babe Ruth;4;Vinnie Chulk;0,8639
Babe Ruth;5;Oscar Grimes;0,8607
Baby Doll Jacobson;1;Doug Drabek;0,9196
Baby Doll Jacobson;2;Tim Murnane;0,8928
Baby Doll Jacobson;3;Josh Johnson;0,8907
Baby Doll Jacobson;4;Faye Throneberry;0,8518
Baby Doll Jacobson;5;Brett Anderson;0,8498
Bake McBride;1;Nate Jones;0,9348
Bake McBride;2;Ken Silvestri;0,9221
Bake McBride;3;Harrison Bader;0,9159
Bake McBride;4;Daryle Ward;0,9079
Bake McBride;5;Pinky Whitney;0,9067
Balor Moore;1;Steve Ridzik;0,9776
Balor Moore;2;Leon Ruffin;0,9645
Balor Moore;3;Ken Reitz;0,9524
Balor Moore;4;Chris Davis;0,9433
Balor Moore;5;Carlos Carrasco;0,9428
Barney Brown;1;Todd Frohwirth;0,9676
Barney Brown;2;Bud Podbielan;0,956
Barney Brown;3;Doug Rau;0,941
Barney Brown;4;Josh Phelps;0,9333
Barney Brown;5;Aaron Bummer;0,9324
Barney Gilligan;1;So Taguchi;0,8899
Barney Gilligan;2;Floyd Robinson;0,8875
Barney Gilligan;3;Fred Brickell;0,8705
Barney Gilligan;4;Billy Holland;0,8629
Barney Gilligan;5;Jake Wade;0,862
Barney McCosky;1;Randy Moffitt;0,9404
Barney McCosky;2;Giancarlo Stanton;0,9363
Barney McCosky;3;Glenn Beckert;0,9363
Barney McCosky;4;Ernie Broglio;0,934
Barney McCosky;5;Lee Tannehill;0,9285
Barney Morris;1;Mike Mohler;0,9315
Barney Morris;2;Brandon Duckworth;0,9304
Barney Morris;3;Derek Lilliquist;0,9176
Barney Morris;4;Parnell Woods;0,9088
Barney Morris;5;Jim Holt;0,9078
Barney Pelty;1;Ben Oglivie;0,9585
Barney Pelty;2;Corey Koskie;0,9554
Barney Pelty;3;Don Blasingame;0,9467
Barney Pelty;4;Roy Spencer;0,9439
Barney Pelty;5;Chris Carpenter;0,9439
Barry Bonds;1;Andy Leonard;0,898
Barry Bonds;2;Lance McCullers;0,892
Barry Bonds;3;Jonathan Villar;0,8904
Barry Bonds;4;Jimmy Smith;0,8067
Barry Bonds;5;Jim Lefebvre;0,7935
Barry Bonnell;1;Jim Beattie;0,9032
Barry Bonnell;2;Rich Morales;0,8737
Barry Bonnell;3;Julian Javier;0,8522
Barry Bonnell;4;Pedro Borbon;0,8511
Barry Bonnell;5;Todd Benzinger;0,8483
Barry Foote;1;Bill Mazeroski;0,934
Barry Foote;2;Floyd Baker;0,9003
Barry Foote;3;George McQuinn;0,8999
Barry Foote;4;Sam Trott;0,892
Barry Foote;5;Rube Foster;0,8875
Barry Jones;1;Willie Sudhoff;0,973
Barry Jones;2;Doug Camilli;0,944
Barry Jones;3;Roy Sievers;0,8995
Barry Jones;4;Bill Crowley;0,8953
Barry Jones;5;John Hines;0,8849
Barry Larkin;1;Al Hrabosky;0,9215
Barry Larkin;2;Joey Cora;0,9167
Barry Larkin;3;Bobby Jones;0,9053
Barry Larkin;4;Nick Strincevich;0,887
Barry Larkin;5;Ted Savage;0,8759
Barry Latman;1;Pablo Sandoval;0,9427
Barry Latman;2;Andy Pettitte;0,933
Barry Latman;3;Tommy McCraw;0,93
Barry Latman;4;Norm Miller;0,9203
Barry Latman;5;Curtis Harris;0,9163
Barry McCormick;1;Boog Powell;0,9355
Barry McCormick;2;Dustin Hermanson;0,9227
Barry McCormick;3;Doc Powers;0,9182
Barry McCormick;4;Greg McMichael;0,9142
Barry McCormick;5;Abner Dalrymple;0,909
Barry Zito;1;Mark Salas;0,9073
Barry Zito;2;Taffy Wright;0,8918
Barry Zito;3;Tanner Scott;0,8692
Barry Zito;4;Larry Kopf;0,8561
Barry Zito;5;Lou Collier;0,8514
Bart Johnson;1;Eric Stults;0,9861
Bart Johnson;2;Buck Rodgers;0,9753
Bart Johnson;3;Bob Boone;0,9718
Bart Johnson;4;Matt Diaz;0,9678
Bart Johnson;5;Travis Wood;0,9659
Bartolo Colon;1;Ryan Doumit;0,9581
Bartolo Colon;2;Ralph Garr;0,9461
Bartolo Colon;3;Jason Kipnis;0,9285
Bartolo Colon;4;Noodles Hahn;0,9221
Bartolo Colon;5;Hal Naragon;0,9184
Bartolo Portuondo;1;Monte Cross;0,9085
Bartolo Portuondo;2;Togie Pittinger;0,8997
Bartolo Portuondo;3;Stuffy Stewart;0,8996
Bartolo Portuondo;4;Len Gabrielson;0,8919
Bartolo Portuondo;5;Rap Dixon;0,8908
Beals Becker;1;Walker Buehler;0,9055
Beals Becker;2;Charlie Neal;0,8997
Beals Becker;3;Delino DeShields;0,8901
Beals Becker;4;Lee Stevens;0,8787
Beals Becker;5;Tiny Bonham;0,8778
Ben Cantwell;1;Casey Janssen;0,9735
Ben Cantwell;2;Pete Vuckovich;0,9279
Ben Cantwell;3;Chick Galloway;0,902
Ben Cantwell;4;Augie Ojeda;0,8832
Ben Cantwell;5;Fred Snodgrass;0,8721
Ben Chapman;1;Mitch Garver;0,9557
Ben Chapman;2;Jerry Augustine;0,9491
Ben Chapman;3;Cal Abrams;0,9487
Ben Chapman;4;Brad Komminsk;0,9295
Ben Chapman;5;Nap Rucker;0,9196
Ben Gamel;1;Mike Adams;0,9948
Ben Gamel;2;Jeffrey Springs;0,9936
Ben Gamel;3;Carson Fulmer;0,9931
Ben Gamel;4;Dan Bankhead;0,9931
Ben Gamel;5;Rafael Montero;0,9931
Ben Grieve;1;Craig Gentry;0,9587
Ben Grieve;2;Erick Fedde;0,9547
Ben Grieve;3;Rawly Eastwick;0,9522
Ben Grieve;4;Don Lee;0,9469
Ben Grieve;5;Alex Cintron;0,9469
Ben McDonald;1;Alonzo Boone;0,9468
Ben McDonald;2;Rafael Landestoy;0,9459
Ben McDonald;3;Bill Evans;0,9404
Ben McDonald;4;Ed Stein;0,9374
Ben McDonald;5;Jack Aker;0,9341
Ben Oglivie;1;Barney Pelty;0,9585
Ben Oglivie;2;Lourdes Gurriel;0,9447
Ben Oglivie;3;Don Blasingame;0,9425
Ben Oglivie;4;Ted Alexander;0,9309
Ben Oglivie;5;Alex McCarthy;0,9294
Ben Revere;1;Joe Vosmik;0,9853
Ben Revere;2;Burleigh Grimes;0,9779
Ben Revere;3;Dizzy Dismukes;0,9667
Ben Revere;4;Art Nehf;0,963
Ben Revere;5;Jose Cardenal;0,9625
Ben Sheets;1;Bud Byerly;0,9404
Ben Sheets;2;Dan Wheeler;0,9194
Ben Sheets;3;Jim Holt;0,917
Ben Sheets;4;Brandon Duckworth;0,9147
Ben Sheets;5;Max Manning;0,901
Ben Taylor;1;Lou Merloni;0,9187
Ben Taylor;2;Gary Thurman;0,9044
Ben Taylor;3;Bill Sudakis;0,8995
Ben Taylor;4;George Crowe;0,8766
Ben Taylor;5;Jim Clinton;0,8762
Ben Zobrist;1;Charlie Irwin;0,9529
Ben Zobrist;2;Tom Satriano;0,9395
Ben Zobrist;3;Chris Heisey;0,9324
Ben Zobrist;4;Mike Maddux;0,919
Ben Zobrist;5;Eric Hinske;0,9094
Bengie Molina;1;Ted Blankenship;0,9178
Bengie Molina;2;Casey McGehee;0,8801
Bengie Molina;3;Steve Balboni;0,8627
Bengie Molina;4;Brook Fordyce;0,8552
Bengie Molina;5;Mitchell Murray;0,8442
Benito Santiago;1;Morgan Ensberg;0,9716
Benito Santiago;2;Bud Clancy;0,9703
Benito Santiago;3;Mike Guerra;0,9668
Benito Santiago;4;Ed Swartwood;0,9663
Benito Santiago;5;Nippy Jones;0,964
Benji Gil;1;Jeff Kunkel;0,9493
Benji Gil;2;Ron Tingley;0,9459
Benji Gil;3;Cliff Carter;0,9328
Benji Gil;4;Christian Walker;0,9284
Benji Gil;5;Grover Lowdermilk;0,9271
Bennie Daniels;1;Mark Ellis;0,9523
Bennie Daniels;2;Danny Tartabull;0,9285
Bennie Daniels;3;Bill Pettus;0,9252
Bennie Daniels;4;Ira Thomas;0,9242
Bennie Daniels;5;Freddie Lindstrom;0,924
Bennie Tate;1;Tyler Glasnow;0,9918
Bennie Tate;2;John Grim;0,9885
Bennie Tate;3;Jose Vizcaino;0,988
Bennie Tate;4;Johnny Bassler;0,987
Bennie Tate;5;Tom Johnson;0,9859
Benny Ayala;1;Walt Moryn;0,9884
Benny Ayala;2;Tom Williams;0,9765
Benny Ayala;3;Putsy Caballero;0,9536
Benny Ayala;4;Paul Zuvella;0,9487
Benny Ayala;5;Fritz Buelow;0,9401
Benny Bengough;1;Jim Eisenreich;0,9351
Benny Bengough;2;Mickey Vernon;0,9162
Benny Bengough;3;Paul Erickson;0,9116
Benny Bengough;4;Mark Clear;0,8693
Benny Bengough;5;Jack Pfiester;0,8685
Benny Frey;1;Bobby Darwin;0,9648
Benny Frey;2;Andy Carey;0,9648
Benny Frey;3;Rico Brogna;0,9632
Benny Frey;4;Johnny Oates;0,9491
Benny Frey;5;Bill Virdon;0,9474
Benny Kauff;1;Chipper Jones;0,9608
Benny Kauff;2;Zack Cozart;0,9556
Benny Kauff;3;Hanley Ramirez;0,947
Benny Kauff;4;Walker Cooper;0,946
Benny Kauff;5;Amos Otis;0,9309
Bernard Gilkey;1;Rodney Scott;0,9621
Bernard Gilkey;2;Samuel Byrd;0,9549
Bernard Gilkey;3;Henry Merchant;0,9365
Bernard Gilkey;4;George Zuverink;0,9311
Bernard Gilkey;5;Garrett Atkins;0,9297
Bernardo Baró;1;George Case;0,9235
Bernardo Baró;2;Flash Miller;0,9203
Bernardo Baró;3;Al Myers;0,914
Bernardo Baró;4;Gus Weyhing;0,9049
Bernardo Baró;5;Yandy Diaz;0,8929
Bernie Allen;1;John Jaso;0,8382
Bernie Allen;2;Sidney Ponson;0,8206
Bernie Allen;3;Omar Narvaez;0,8185
Bernie Allen;4;Oral Hildebrand;0,8181
Bernie Allen;5;Cory Snyder;0,8088
Bernie Carbo;1;Ron Hunt;0,917
Bernie Carbo;2;Bill Handy;0,8841
Bernie Carbo;3;Zollie Wright;0,882
Bernie Carbo;4;Pat Burrell;0,8695
Bernie Carbo;5;David Wright;0,8552
Bernie Friberg;1;Lou Louden;0,9027
Bernie Friberg;2;Dave Robertson;0,8911
Bernie Friberg;3;Sam Fuld;0,8436
Bernie Friberg;4;Bill Hutchison;0,8249
Bernie Friberg;5;Mark Littell;0,8234
Bernie Neis;1;Jared Hughes;0,968
Bernie Neis;2;Joe Blanton;0,9256
Bernie Neis;3;Fred Talbot;0,9238
Bernie Neis;4;Torey Lovullo;0,9136
Bernie Neis;5;John D'Acquisto;0,912
Bernie Williams;1;Bill James;0,9596
Bernie Williams;2;Carl Willis;0,9592
Bernie Williams;3;Bill Zuber;0,9585
Bernie Williams;4;Tim Spehr;0,9533
Bernie Williams;5;Wesley Wright;0,9531
Bert Adams;1;Marv Grissom;0,9415
Bert Adams;2;Diego Segui;0,9277
Bert Adams;3;Ellis Kinder;0,924
Bert Adams;4;Ad Gumbert;0,9225
Bert Adams;5;Blake Treinen;0,9146
Bert Blyleven;1;LeRoy Taylor;0,917
Bert Blyleven;2;Andy Allanson;0,8782
Bert Blyleven;3;Craig McMurtry;0,8731
Bert Blyleven;4;Jeff Frye;0,8726
Bert Blyleven;5;Mike Dorgan;0,872
Bert Campaneris;1;George Stone;0,9758
Bert Campaneris;2;Adam Eaton;0,9276
Bert Campaneris;3;Steve Parris;0,9081
Bert Campaneris;4;Brendan Donnelly;0,8891
Bert Campaneris;5;Joe McGinnity;0,8862
Bert Cunningham;1;Ed Rile;0,9309
Bert Cunningham;2;Bob Ferguson;0,8993
Bert Cunningham;3;Stephen Piscotty;0,8935
Bert Cunningham;4;Phil Masi;0,8904
Bert Cunningham;5;Mark Grudzielanek;0,8764
Bert Gallia;1;Alan Benes;0,9977
Bert Gallia;2;Fernando Abad;0,9977
Bert Gallia;3;Salomon Torres;0,9977
Bert Gallia;4;Todd Worrell;0,9977
Bert Gallia;5;Paul Gibson;0,9977
Bert Haas;1;Jeff King;0,9719
Bert Haas;2;Sid Gordon;0,9506
Bert Haas;3;Bill Stoneman;0,9379
Bert Haas;4;Walter Ball;0,9295
Bert Haas;5;Irvin Brooks;0,9198
Bibb Falk;1;Dick Dietz;0,9274
Bibb Falk;2;Alex Ochoa;0,9207
Bibb Falk;3;Derrek Lee;0,8927
Bibb Falk;4;Jim Shaw;0,8848
Bibb Falk;5;Lance Parrish;0,8654
Bid McPhee;1;Flash Miller;0,9733
Bid McPhee;2;George Shoch;0,9548
Bid McPhee;3;Dick Howser;0,9294
Bid McPhee;4;John Knight;0,929
Bid McPhee;5;Roy Henshaw;0,9286
Bienvenido Jiménez;1;Tanner Roark;0,8801
Bienvenido Jiménez;2;Willie Gisentaner;0,8666
Bienvenido Jiménez;3;Glenn Hoffman;0,866
Bienvenido Jiménez;4;Allen Watson;0,8644
Bienvenido Jiménez;5;Rip Collins;0,8626
Biff Pocoroba;1;Yimi Garcia;0,9481
Biff Pocoroba;2;Casey Fossum;0,9116
Biff Pocoroba;3;Emilio Pagan;0,9111
Biff Pocoroba;4;Terry Mathews;0,9105
Biff Pocoroba;5;Jesse Orosco;0,9101
Big Bill Smith;1;Ron Oester;0,959
Big Bill Smith;2;Joe Orsulak;0,9541
Big Bill Smith;3;Mark Belanger;0,9453
Big Bill Smith;4;Mike Greenwell;0,944
Big Bill Smith;5;Lance Richbourg;0,9392
Bill Almon;1;Rene Gonzales;0,9362
Bill Almon;2;Wayne Krenchicki;0,8939
Bill Almon;3;Alex McCarthy;0,8859
Bill Almon;4;Ted Page;0,8766
Bill Almon;5;Eric Haase;0,8733
Bill Bailey;1;Lee Stange;0,854
Bill Bailey;2;Daric Barton;0,8521
Bill Bailey;3;Frank House;0,8343
Bill Bailey;4;Michael Pineda;0,8339
Bill Bailey;5;Jake Peavy;0,8219
Bill Barrett;1;Jake Stephens;0,9777
Bill Barrett;2;Bryan Holaday;0,9741
Bill Barrett;3;Danny Graves;0,9731
Bill Barrett;4;Curtis Pride;0,9646
Bill Barrett;5;Greg McMichael;0,9612
Bill Bayne;1;Gabe Kapler;0,9685
Bill Bayne;2;Philip Gosselin;0,924
Bill Bayne;3;Cesar Izturis;0,9218
Bill Bayne;4;Kenley Jansen;0,9157
Bill Bayne;5;Sam Bennett;0,9086
Bill Bergen;1;Jeff Manto;0,9294
Bill Bergen;2;Jeff Keppinger;0,8735
Bill Bergen;3;Larry Doby;0,8476
Bill Bergen;4;Bryan Rekar;0,8453
Bill Bergen;5;Mark Huismann;0,8407
Bill Bernhard;1;Odell Hale;0,9743
Bill Bernhard;2;Bobby Locke;0,9639
Bill Bernhard;3;Tom Grieve;0,9631
Bill Bernhard;4;Ray Morgan;0,9608
Bill Bernhard;5;Babe Pinelli;0,9599
Bill Bonham;1;Lefty Stewart;0,9612
Bill Bonham;2;Luis Lopez;0,9472
Bill Bonham;3;Manuel Margot;0,945
Bill Bonham;4;Eddie Smith;0,9362
Bill Bonham;5;Eddie Solomon;0,9297
Bill Bradley;1;John Reilly;0,973
Bill Bradley;2;Joe Lis;0,9703
Bill Bradley;3;Norm Siebern;0,9613
Bill Bradley;4;Fred Pfeffer;0,9611
Bill Bradley;5;Sam Dente;0,9476
Bill Brubaker;1;John Flaherty;0,8887
Bill Brubaker;2;Frank Viola;0,8649
Bill Brubaker;3;Jonny Gomes;0,8487
Bill Brubaker;4;Tim Blackwell;0,8317
Bill Brubaker;5;Willie Foster;0,8279
Bill Bruton;1;Dave Thomas;0,9082
Bill Bruton;2;Jim Holdsworth;0,8775
Bill Bruton;3;Tom Cheney;0,8722
Bill Bruton;4;Eddie Williams;0,8699
Bill Bruton;5;Amaury Telemaco;0,867
Bill Buckner;1;Burke Badenhop;0,9305
Bill Buckner;2;Ramiro Ramírez;0,8889
Bill Buckner;3;Sheriff Blake;0,8636
Bill Buckner;4;Harold Treadwell;0,8624
Bill Buckner;5;Deivi Cruz;0,8536
Bill Byrd;1;Luis Gomez;0,9336
Bill Byrd;2;Andres Torres;0,9208
Bill Byrd;3;Ed Glynn;0,9082
Bill Byrd;4;Pete Whisenant;0,8865
Bill Byrd;5;Paul Sewald;0,8773
Bill Campbell;1;Chuck Crim;0,954
Bill Campbell;2;Jorge Velandia;0,9393
Bill Campbell;3;Stu Martin;0,9319
Bill Campbell;4;Al Myers;0,9302
Bill Campbell;5;Woody English;0,9279
Bill Carrigan;1;Clay Dalrymple;0,9457
Bill Carrigan;2;Ray Morgan;0,9426
Bill Carrigan;3;Larry Doyle;0,939
Bill Carrigan;4;Joe Lis;0,9316
Bill Carrigan;5;Aaron Ward;0,928
Bill Casey;1;Rafael Ortega;0,9507
Bill Casey;2;Archie Bradley;0,9494
Bill Casey;3;Matt Alexander;0,9478
Bill Casey;4;Kevin Ritz;0,942
Bill Casey;5;Jason Adam;0,9393
Bill Castro;1;Johnny Schmitz;0,9611
Bill Castro;2;Denny Neagle;0,9517
Bill Castro;3;Mark Petkovsek;0,8933
Bill Castro;4;Al Jackson;0,8752
Bill Castro;5;Randy Ready;0,8734
Bill Caudill;1;Ian Kennedy;0,9934
Bill Caudill;2;Max Manning;0,9646
Bill Caudill;3;Jerry Don Gleaton;0,9588
Bill Caudill;4;Brandon Duckworth;0,9525
Bill Caudill;5;Jakie May;0,9437
Bill Champion;1;Preacher Henry;0,9135
Bill Champion;2;Lynn McGlothen;0,9132
Bill Champion;3;Scott Bankhead;0,9115
Bill Champion;4;Joe Cunningham;0,9113
Bill Champion;5;Don Demeter;0,9111
Bill Cissell;1;Tom Needham;0,9604
Bill Cissell;2;Jimmy Rollins;0,9547
Bill Cissell;3;Ian Happ;0,95
Bill Cissell;4;Stephen Piscotty;0,9435
Bill Cissell;5;Fred Clarke;0,9377
Bill Coughlin;1;Cito Gaston;0,9925
Bill Coughlin;2;Byron Browne;0,9806
Bill Coughlin;3;George LaChance;0,9805
Bill Coughlin;4;Karl Drews;0,9802
Bill Coughlin;5;Jerry Hairston;0,9784
Bill Crowley;1;George Metkovich;0,9576
Bill Crowley;2;Roy Oswalt;0,9524
Bill Crowley;3;Roy Sievers;0,9515
Bill Crowley;4;Kevin Kiermaier;0,9304
Bill Crowley;5;Luis Guillorme;0,9237
Bill Dahlen;1;Dave Hillman;0,9658
Bill Dahlen;2;Ambrose Reid;0,887
Bill Dahlen;3;Horacio Ramirez;0,884
Bill Dahlen;4;Bob Kuzava;0,8825
Bill Dahlen;5;Frank Chance;0,8726
Bill Dickey;1;Tanner Scott;0,9618
Bill Dickey;2;Earl Williams;0,9235
Bill Dickey;3;Ward Miller;0,9149
Bill Dickey;4;Luis Melendez;0,9134
Bill Dickey;5;Mark Clark;0,8961
Bill Dietrich;1;Dave Stieb;0,9431
Bill Dietrich;2;Joe Coleman;0,9349
Bill Dietrich;3;Chuck Klein;0,9256
Bill Dietrich;4;Bill Doak;0,9222
Bill Dietrich;5;Willie Jones;0,9203
Bill Dinneen;1;Lonnie Chisenhall;0,8633
Bill Dinneen;2;Tom Carey;0,8627
Bill Dinneen;3;Fritz Peterson;0,8584
Bill Dinneen;4;Whit Merrifield;0,8558
Bill Dinneen;5;Joey Hamilton;0,8426
Bill Doak;1;Willie Jones;0,995
Bill Doak;2;Chuck Klein;0,9922
Bill Doak;3;Red Schoendienst;0,992
Bill Doak;4;Steve Barber;0,9679
Bill Doak;5;Charlie Dexter;0,9549
Bill Donovan;1;Cedric Mullins;0,8453
Bill Donovan;2;Darrel Chaney;0,8266
Bill Donovan;3;Bob Scheffing;0,8208
Bill Donovan;4;Mark Christman;0,8099
Bill Donovan;5;Terry Humphrey;0,8081
Bill Doran;1;Bobby Valentine;0,8974
Bill Doran;2;Matt Treanor;0,8603
Bill Doran;3;Fritz Peterson;0,848
Bill Doran;4;Jim Lyttle;0,8401
Bill Doran;5;Orator Shafer;0,8323
Bill Drake;1;Frank Demaree;0,9581
Bill Drake;2;Devon White;0,951
Bill Drake;3;Early Wynn;0,9393
Bill Drake;4;Nick Johnson;0,9199
Bill Drake;5;Ed Kranepool;0,9181
Bill Duggleby;1;George Scott;0,972
Bill Duggleby;2;Alejandro Oms;0,9326
Bill Duggleby;3;Gary Sanchez;0,9279
Bill Duggleby;4;Miguel Cabrera;0,9257
Bill Duggleby;5;Kevin Frandsen;0,925
Bill Evans;1;Charley Hall;0,9845
Bill Evans;2;Chuck Hiller;0,9823
Bill Evans;3;Erv Dusak;0,9744
Bill Evans;4;Mariano Rivera;0,9733
Bill Evans;5;Brad Miller;0,9712
Bill Fahey;1;Austin Hays;0,9873
Bill Fahey;2;Bobby Crosby;0,9834
Bill Fahey;3;Neil Walker;0,9776
Bill Fahey;4;Thurman Tucker;0,9767
Bill Fahey;5;Jackie Hernandez;0,9755
Bill Fischer;1;Chris Sabo;0,9457
Bill Fischer;2;Richard Bleier;0,9303
Bill Fischer;3;Ted Uhlaender;0,9127
Bill Fischer;4;Lee Stange;0,9095
Bill Fischer;5;Ping Gardner;0,9087
Bill Force;1;Don Mueller;0,951
Bill Force;2;Hunter Pence;0,9032
Bill Force;3;Oliver Marcell;0,8761
Bill Force;4;Don Larsen;0,8585
Bill Force;5;Luis Alicea;0,8475
Bill Francis;1;Lon Knight;0,9066
Bill Francis;2;Al Myers;0,8908
Bill Francis;3;Flash Miller;0,8905
Bill Francis;4;Gene Baker;0,8673
Bill Francis;5;John Knight;0,8617
Bill Freehan;1;Heinie Mueller;0,8768
Bill Freehan;2;Bob Wickman;0,8568
Bill Freehan;3;Manny Alexander;0,8552
Bill Freehan;4;Fred Hatfield;0,8367
Bill Freehan;5;Whitey Kurowski;0,8275
Bill Gatewood;1;Alex Carrasquel;0,9253
Bill Gatewood;2;Al Spangler;0,8868
Bill Gatewood;3;Willie Powell;0,8846
Bill Gatewood;4;Clay Kirby;0,8722
Bill Gatewood;5;Harry Staley;0,8524
Bill Gleason;1;Aaron Harang;0,9875
Bill Gleason;2;Bob Nieman;0,9175
Bill Gleason;3;Bill Wight;0,9144
Bill Gleason;4;Pablo Lopez;0,9033
Bill Gleason;5;Oscar Judd;0,9025
Bill Gullickson;1;John Wetteland;0,9298
Bill Gullickson;2;Carlos Quentin;0,9272
Bill Gullickson;3;Horacio Pina;0,9204
Bill Gullickson;4;Mark Salas;0,908
Bill Gullickson;5;Al Demaree;0,9057
Bill Hall;1;Dave Dravecky;0,97
Bill Hall;2;Ryan Goins;0,9538
Bill Hall;3;Larry Corcoran;0,9447
Bill Hall;4;Tex Hughson;0,9427
Bill Hall;5;Jose Guzman;0,91
Bill Hallahan;1;Taylor Ward;0,9152
Bill Hallahan;2;Paul Zuvella;0,9142
Bill Hallahan;3;Walt Moryn;0,9102
Bill Hallahan;4;George Hemming;0,9081
Bill Hallahan;5;Tom Williams;0,9061
Bill Hallman;1;Michael Barrett;0,9391
Bill Hallman;2;Bill Schroeder;0,9365
Bill Hallman;3;Buddy Armour;0,9335
Bill Hallman;4;Jerry Augustine;0,9315
Bill Hallman;5;Joey Gallo;0,9311
Bill Hands;1;Saul Rogovin;0,9736
Bill Hands;2;Pat Jarvis;0,9619
Bill Hands;3;Lance Cormier;0,9345
Bill Hands;4;John Lyles;0,9308
Bill Hands;5;Richard Bleier;0,9229
Bill Handy;1;George Susce;0,9194
Bill Handy;2;Vean Gregg;0,9194
Bill Handy;3;Pud Galvin;0,9138
Bill Handy;4;Bernie Carbo;0,8841
Bill Handy;5;Jimmy Brown;0,8541
Bill Harbridge;1;Cal Eldred;0,9784
Bill Harbridge;2;Jakie May;0,9636
Bill Harbridge;3;Edwin Diaz;0,9557
Bill Harbridge;4;Jimmy Stewart;0,9429
Bill Harbridge;5;Andrew Kittredge;0,9347
Bill Hart;1;Don Slaught;0,9739
Bill Hart;2;Wilson Alvarez;0,97
Bill Hart;3;Don Carman;0,9662
Bill Hart;4;Jim Acker;0,9661
Bill Hart;5;Jamie Moyer;0,9649
Bill Harvey;1;Dave Rosello;0,9369
Bill Harvey;2;Luis Aparicio;0,9169
Bill Harvey;3;Devin Mesoraco;0,909
Bill Harvey;4;Charlie Hargreaves;0,9039
Bill Harvey;5;Ed Doheny;0,8926
Bill Haselman;1;Max Surkont;0,938
Bill Haselman;2;Juanelo Mirabal;0,9292
Bill Haselman;3;Wade Miller;0,901
Bill Haselman;4;Dave Mlicki;0,8992
Bill Haselman;5;Kevin Gausman;0,8952
Bill Henry;1;Felix Fermin;0,9669
Bill Henry;2;Craig Stammen;0,9518
Bill Henry;3;Don Carman;0,9328
Bill Henry;4;Frank Pastore;0,9231
Bill Henry;5;Ray Scarborough;0,9224
Bill Hinchman;1;Fritz Dorish;0,9751
Bill Hinchman;2;Heinie Manush;0,9373
Bill Hinchman;3;Don Buford;0,9291
Bill Hinchman;4;Dontrelle Willis;0,9245
Bill Hinchman;5;Ray Dandridge;0,924
Bill Holbert;1;Jorge Velandia;0,9733
Bill Holbert;2;Stu Martin;0,9446
Bill Holbert;3;Joe Adcock;0,9416
Bill Holbert;4;Alex Fernandez;0,9256
Bill Holbert;5;Chuck Crim;0,9254
Bill Holland;1;Tommy Boggs;0,9353
Bill Holland;2;John Kennedy;0,9317
Bill Holland;3;Hal Wagner;0,9275
Bill Holland;4;Ted Sizemore;0,925
Bill Holland;5;Elrod Hendricks;0,924
Bill Hoskins;1;Bob Allison;0,8855
Bill Hoskins;2;Jeff Burroughs;0,8811
Bill Hoskins;3;Porter Moss;0,8793
Bill Hoskins;4;Bobby Abreu;0,8655
Bill Hoskins;5;Charlie Reilly;0,8552
Bill Hutchison;1;Frank Taveras;0,9658
Bill Hutchison;2;Burgess Whitehead;0,9647
Bill Hutchison;3;Red Rolfe;0,9426
Bill Hutchison;4;Paul Lo Duca;0,923
Bill Hutchison;5;Vic Harris;0,913
Bill James;1;Tim Spehr;0,9741
Bill James;2;Bernie Williams;0,9596
Bill James;3;Howard Johnson;0,9585
Bill James;4;Braggo Roth;0,9515
Bill James;5;Bob Welch;0,945
Bill Joyce;1;Dick Higham;0,9713
Bill Joyce;2;Roosevelt Davis;0,9175
Bill Joyce;3;Jerry Terrell;0,9163
Bill Joyce;4;Harry Schafer;0,9129
Bill Joyce;5;John Denny;0,9028
Bill Killefer;1;Willie Calhoun;0,9785
Bill Killefer;2;Johnny Burnett;0,9772
Bill Killefer;3;Joe Astroth;0,9739
Bill Killefer;4;Ildemaro Vargas;0,9627
Bill Killefer;5;Eddie Pellagrini;0,9625
Bill Kindle;1;Jim Tobin;0,8901
Bill Kindle;2;Joe Oeschger;0,8622
Bill Kindle;3;Guy Morton;0,862
Bill Kindle;4;Billy Holland;0,8537
Bill Kindle;5;Chris Denorfia;0,8532
Bill Knickerbocker;1;Lance McCullers;0,9037
Bill Knickerbocker;2;Rick Monday;0,8843
Bill Knickerbocker;3;Thad Bosley;0,8694
Bill Knickerbocker;4;Frank Robinson;0,845
Bill Knickerbocker;5;Lou Boudreau;0,8393
Bill Krueger;1;Ryan Webb;0,97
Bill Krueger;2;Scott Williamson;0,9632
Bill Krueger;3;George Zuverink;0,9571
Bill Krueger;4;Stuffy Stewart;0,93
Bill Krueger;5;Mike Griffin;0,9247
Bill Kuehne;1;Sparky Adams;0,9404
Bill Kuehne;2;Johnny Rigney;0,9284
Bill Kuehne;3;Dick Wallace;0,9078
Bill Kuehne;4;Ginger Beaumont;0,8965
Bill Kuehne;5;Carlos Estevez;0,8778
Bill Lamar;1;Ken Henderson;0,951
Bill Lamar;2;Bobby Higginson;0,9443
Bill Lamar;3;Juan Uribe;0,9325
Bill Lamar;4;John Milner;0,9264
Bill Lamar;5;Del Rice;0,9197
Bill Lee;1;Lloyd McClendon;0,8483
Bill Lee;2;Tim Bogar;0,8445
Bill Lee;3;Mark Trumbo;0,8423
Bill Lee;4;Matt Lawton;0,8247
Bill Lee;5;Billy Southworth;0,8224
Bill Lohrman;1;Glen Perkins;0,9725
Bill Lohrman;2;Frankie Pytlak;0,9479
Bill Lohrman;3;Brad Radke;0,9459
Bill Lohrman;4;Bob Shaw;0,9335
Bill Lohrman;5;Dean Stone;0,9261
Bill Madlock;1;Dave Orr;0,954
Bill Madlock;2;Pedro Florimon;0,9266
Bill Madlock;3;Johnny Rigney;0,9253
Bill Madlock;4;Gene Michael;0,9243
Bill Madlock;5;John Irwin;0,9222
Bill Mazeroski;1;Sam Trott;0,9712
Bill Mazeroski;2;Barry Foote;0,934
Bill Mazeroski;3;Alexei Ramirez;0,8759
Bill Mazeroski;4;Fritz Coumbe;0,8641
Bill Mazeroski;5;Doug Corbett;0,8582
Bill McClellan;1;Kris Benson;0,9429
Bill McClellan;2;Thomas Burns;0,9362
Bill McClellan;3;Jack Doyle;0,9341
Bill McClellan;4;John Parrish;0,9324
Bill McClellan;5;Tommy Davis;0,9292
Bill McKechnie;1;Donn Clendenon;0,9137
Bill McKechnie;2;Dave Robertson;0,8946
Bill McKechnie;3;Enos Cabell;0,8739
Bill McKechnie;4;Bobby Wine;0,8231
Bill McKechnie;5;Ellie Rodriguez;0,8169
Bill Melton;1;Tim Hendryx;0,8859
Bill Melton;2;George Selkirk;0,8815
Bill Melton;3;Billy Hoy;0,8679
Bill Melton;4;Dennys Reyes;0,8569
Bill Melton;5;Richie Hebner;0,8552
Bill Merritt;1;Lee Meadows;0,9324
Bill Merritt;2;Charlie Culberson;0,9285
Bill Merritt;3;Bill Travers;0,9045
Bill Merritt;4;Peter Bourjos;0,8998
Bill Merritt;5;Hugh Nicol;0,8728
Bill Monbouquette;1;Bobby Crosby;0,9689
Bill Monbouquette;2;Dave Campbell;0,9687
Bill Monbouquette;3;Thurman Tucker;0,9621
Bill Monbouquette;4;Jim Starks;0,9588
Bill Monbouquette;5;Chris Carter;0,9553
Bill Monroe;1;Frank Shugart;0,8884
Bill Monroe;2;Bill Force;0,8253
Bill Monroe;3;Zack Littell;0,8212
Bill Monroe;4;Recurvon Terán;0,815
Bill Monroe;5;Mike Laga;0,8144
Bill Mueller;1;John Dopson;0,9729
Bill Mueller;2;Matt Franco;0,9726
Bill Mueller;3;Cap Peterson;0,956
Bill Mueller;4;Bert Gallia;0,9556
Bill Mueller;5;Alan Benes;0,9486
Bill Nahorodny;1;Tommy John;0,9663
Bill Nahorodny;2;Luke Jackson;0,956
Bill Nahorodny;3;Blake Snell;0,955
Bill Nahorodny;4;Tommy Gregg;0,9342
Bill Nahorodny;5;Stubby Overmire;0,9332
Bill Nicholson;1;Earl Williams;0,9556
Bill Nicholson;2;Josh Paul;0,921
Bill Nicholson;3;Brook Fordyce;0,8976
Bill Nicholson;4;Adam Melhuse;0,8946
Bill Nicholson;5;Chris Johnson;0,8904
Bill North;1;Ed Spiezio;0,9758
Bill North;2;Ernie Krueger;0,9611
Bill North;3;Lou Dials;0,9247
Bill North;4;Johnny Blanchard;0,9187
Bill North;5;Doc Gessler;0,8973
Bill Pecota;1;Gabby Street;0,8929
Bill Pecota;2;Sherry Smith;0,8926
Bill Pecota;3;Stephen Drew;0,8887
Bill Pecota;4;Adam LaRoche;0,8523
Bill Pecota;5;Felipe Sierra;0,8518
Bill Perkins;1;Bill Sweeney;0,929
Bill Perkins;2;Andy Coakley;0,9281
Bill Perkins;3;Charles Gipson;0,8526
Bill Perkins;4;Bob Harmon;0,8445
Bill Perkins;5;Charlie Dexter;0,83
Bill Pettus;1;Dick Johnston;0,9804
Bill Pettus;2;Dave McKay;0,9385
Bill Pettus;3;Bennie Daniels;0,9252
Bill Pettus;4;Sid Farrar;0,9199
Bill Pettus;5;Bob Harmon;0,8885
Bill Phillips;1;Larry Rosenthal;0,9237
Bill Phillips;2;Ernie Riles;0,8992
Bill Phillips;3;Joe Girardi;0,8953
Bill Phillips;4;Jack Barry;0,8903
Bill Phillips;5;Alex Ferguson;0,8779
Bill Pierce;1;Rick Camp;0,9195
Bill Pierce;2;Bill Schroeder;0,913
Bill Pierce;3;Art Shamsky;0,8846
Bill Pierce;4;Amed Rosario;0,8792
Bill Pierce;5;Carson Bigbee;0,8548
Bill Plummer;1;Rick Ankiel;0,9916
Bill Plummer;2;Cap Peterson;0,9894
Bill Plummer;3;Nick Punto;0,9881
Bill Plummer;4;Matt Williams;0,986
Bill Plummer;5;Dusty Baker;0,9851
Bill Rariden;1;George Whitted;0,9654
Bill Rariden;2;Sammy Stewart;0,9651
Bill Rariden;3;Ed McFarland;0,9635
Bill Rariden;4;Jimmy Ryan;0,9622
Bill Rariden;5;Robert Person;0,9601
Bill Riggins;1;Tanner Roark;0,9063
Bill Riggins;2;Glenn Hoffman;0,9036
Bill Riggins;3;Carrenza Howard;0,889
Bill Riggins;4;Jelly Taylor;0,8841
Bill Riggins;5;Henry Williams;0,8835
Bill Rigney;1;Don Lock;0,9676
Bill Rigney;2;Jimmie Hall;0,9157
Bill Rigney;3;Terry Whitfield;0,8959
Bill Rigney;4;Rich Gossage;0,8921
Bill Rigney;5;Grover Hartley;0,8905
Bill Robinson;1;Buck O'Neil;0,994
Bill Robinson;2;Morgan Ensberg;0,9937
Bill Robinson;3;Karl Drews;0,9919
Bill Robinson;4;Johnny Bassler;0,9919
Bill Robinson;5;Wally Roettger;0,991
Bill Russell;1;Jimmy Ford;0,9295
Bill Russell;2;Ryan McMahon;0,9244
Bill Russell;3;Lou Louden;0,8603
Bill Russell;4;Bobby Avila;0,8365
Bill Russell;5;Tyler Houston;0,8264
Bill Schroeder;1;Carson Bigbee;0,9608
Bill Schroeder;2;Bob Shawkey;0,9602
Bill Schroeder;3;Billy Herman;0,9552
Bill Schroeder;4;Roger Peckinpaugh;0,9492
Bill Schroeder;5;Gerald Williams;0,9466
Bill Sherdel;1;Blix Donnelly;0,9229
Bill Sherdel;2;Carl Weilman;0,8683
Bill Sherdel;3;Johnny Washington;0,864
Bill Sherdel;4;Jack Heidemann;0,8552
Bill Sherdel;5;Ed Lynch;0,8501
Bill Singer;1;Paul Householder;0,9224
Bill Singer;2;Cliff Fannin;0,9219
Bill Singer;3;Antonio Bastardo;0,9143
Bill Singer;4;Jimmy Ford;0,9031
Bill Singer;5;Earl Johnson;0,8978
Bill Skowron;1;Roy Welmaker;0,9525
Bill Skowron;2;Donne Wall;0,9488
Bill Skowron;3;Charlie Mason;0,9485
Bill Skowron;4;Klondike Douglass;0,9435
Bill Skowron;5;Denny McLain;0,9409
Bill Spiers;1;Chris Turner;0,9563
Bill Spiers;2;Aaron Fultz;0,9501
Bill Spiers;3;Jerry Walker;0,9501
Bill Spiers;4;Brian Dorsett;0,9501
Bill Spiers;5;Gerald Young;0,9378
Bill Stafford;1;Eddie Guardado;0,9973
Bill Stafford;2;Dennis Cook;0,9692
Bill Stafford;3;Neal Cotts;0,9608
Bill Stafford;4;Wade LeBlanc;0,9535
Bill Stafford;5;Mike Holtz;0,9504
Bill Stein;1;Jose Molina;0,9344
Bill Stein;2;Lefty Weinert;0,929
Bill Stein;3;Fred Talbot;0,9086
Bill Stein;4;Brian Duensing;0,9082
Bill Stein;5;Torey Lovullo;0,9046
Bill Stoneman;1;Don Carman;0,965
Bill Stoneman;2;Bill Hart;0,9511
Bill Stoneman;3;J. P. Crawford;0,9511
Bill Stoneman;4;Jason Hammel;0,9402
Bill Stoneman;5;Nick Punto;0,9387
Bill Sudakis;1;Joe Gerhardt;0,9586
Bill Sudakis;2;Dan Brouthers;0,9572
Bill Sudakis;3;Chris Heisey;0,9512
Bill Sudakis;4;Dots Miller;0,9474
Bill Sudakis;5;Glenn Hubbard;0,9437
Bill Sweeney;1;Sammy Hale;0,9659
Bill Sweeney;2;Andy Coakley;0,9496
Bill Sweeney;3;Scott Rolen;0,9399
Bill Sweeney;4;Bill Doak;0,9308
Bill Sweeney;5;Bill Perkins;0,929
Bill Swift;1;Bobby Del Greco;0,9239
Bill Swift;2;Brayan Peña;0,9058
Bill Swift;3;Rob Wilfong;0,9007
Bill Swift;4;Mike Phillips;0,8955
Bill Swift;5;Gus Suhr;0,8921
Bill Terry;1;Rich Dauer;0,9651
Bill Terry;2;Shawn Chacon;0,9191
Bill Terry;3;Russell Branyan;0,9044
Bill Terry;4;Ed Young;0,8852
Bill Terry;5;Bob Johnson;0,8728
Bill Travers;1;Jake Westbrook;0,9578
Bill Travers;2;Raimel Tapia;0,9265
Bill Travers;3;Charlie Culberson;0,908
Bill Travers;4;Bill Merritt;0,9045
Bill Travers;5;Alex Ochoa;0,9033
Bill Tuttle;1;Shawn Boskie;0,9439
Bill Tuttle;2;Mario Mendoza;0,9222
Bill Tuttle;3;Curtis Harris;0,9139
Bill Tuttle;4;Joe Saunders;0,9111
Bill Tuttle;5;Warren Brusstar;0,8982
Bill Virdon;1;Benny Frey;0,9474
Bill Virdon;2;Tony Eusebio;0,9384
Bill Virdon;3;Tyler Wade;0,9246
Bill Virdon;4;Reid Nichols;0,9184
Bill Virdon;5;Harry Coveleski;0,9083
Bill Voiselle;1;Rondell White;0,9266
Bill Voiselle;2;Juan Uribe;0,9208
Bill Voiselle;3;Don Slaught;0,9142
Bill Voiselle;4;Albert Belle;0,9097
Bill Voiselle;5;Jack Russell;0,9075
Bill Voss;1;Randy Gumpert;0,9739
Bill Voss;2;Dewayne Wise;0,9444
Bill Voss;3;Zack Littell;0,9435
Bill Voss;4;Greg Myers;0,9406
Bill Voss;5;Sam Leslie;0,9345
Bill Walker;1;Hector Torres;0,9512
Bill Walker;2;Bruce Ruffin;0,8981
Bill Walker;3;Gio Urshela;0,8867
Bill Walker;4;Jimmy Callahan;0,8697
Bill Walker;5;Phil Coke;0,8625
Bill Wambsganss;1;Henry Larkin;0,9618
Bill Wambsganss;2;Jiggs Donahue;0,9612
Bill Wambsganss;3;Tex Clevenger;0,9456
Bill Wambsganss;4;Robert Person;0,9371
Bill Wambsganss;5;Logan Morrison;0,9336
Bill Wegman;1;Dan Otero;0,972
Bill Wegman;2;Hoby Milner;0,972
Bill Wegman;3;Cesar Ramos;0,972
Bill Wegman;4;John Brebbia;0,972
Bill Wegman;5;Chris Hatcher;0,972
Bill White;1;Wil Cordero;0,9624
Bill White;2;Mark Reynolds;0,9483
Bill White;3;Jeff Newman;0,9464
Bill White;4;Jack Doyle;0,9424
Bill White;5;Ezra Sutton;0,9348
Bill Wight;1;Joe Panik;0,9834
Bill Wight;2;Pablo Lopez;0,9272
Bill Wight;3;Ed Glynn;0,9258
Bill Wight;4;Bill Gleason;0,9144
Bill Wight;5;Jesus Colome;0,9133
Bill Yancey;1;Fred Hofmann;0,9557
Bill Yancey;2;Ubaldo Jimenez;0,9282
Bill Yancey;3;Hector Cruz;0,9146
Bill Yancey;4;John Buzhardt;0,9077
Bill Yancey;5;Josh Wilson;0,9072
Bill Zuber;1;Cap Peterson;0,9657
Bill Zuber;2;Jack McDowell;0,9652
Bill Zuber;3;Bernie Williams;0,9585
Bill Zuber;4;Juan Berenguer;0,9545
Bill Zuber;5;Jose Hernandez;0,9457
Billy Bryan;1;Nick Johnson;0,9487
Billy Bryan;2;Tom Hutton;0,9468
Billy Bryan;3;Arnold Statz;0,945
Billy Bryan;4;Gary Sutherland;0,9023
Billy Bryan;5;Avisail Garcia;0,8951
Billy Butler;1;Dave Rosello;0,9522
Billy Butler;2;Paul Quantrill;0,9283
Billy Butler;3;Yandy Diaz;0,9237
Billy Butler;4;Zach Eflin;0,9141
Billy Butler;5;Bill Coughlin;0,914
Billy Clingman;1;Johnny Hodapp;0,9886
Billy Clingman;2;Tom Henke;0,9722
Billy Clingman;3;Jack Rothrock;0,9713
Billy Clingman;4;Val Picinich;0,9686
Billy Clingman;5;Paul Gibson;0,9643
Billy Consolo;1;Mickey Klutts;0,9082
Billy Consolo;2;Jeff Kunkel;0,9029
Billy Consolo;3;Benji Gil;0,9009
Billy Consolo;4;Pedro Feliciano;0,8945
Billy Consolo;5;Freddy Peralta;0,8895
Billy Cox;1;Pepper Daniels;0,968
Billy Cox;2;Frank Wills;0,9665
Billy Cox;3;Hardy Richardson;0,9647
Billy Cox;4;Shoeless Joe Jackson;0,9593
Billy Cox;5;Billy McKinney;0,9581
Billy Gardner;1;Lon Warneke;0,9645
Billy Gardner;2;Ryan Roberts;0,951
Billy Gardner;3;Ernie Krueger;0,9175
Billy Gardner;4;Frank Duffy;0,9053
Billy Gardner;5;Johnny Antonelli;0,8993
Billy Gilbert;1;Dan Plesac;0,9203
Billy Gilbert;2;Tippy Martinez;0,9068
Billy Gilbert;3;Will Jackson;0,9035
Billy Gilbert;4;Jack Rothrock;0,8991
Billy Gilbert;5;Billy Clingman;0,89
Billy Goodman;1;Jon Berti;0,9007
Billy Goodman;2;Joe Glenn;0,89
Billy Goodman;3;Hal Lanier;0,8749
Billy Goodman;4;Ross Grimsley;0,8642
Billy Goodman;5;Stan Bahnsen;0,8476
Billy Hamilton;1;Fred Hofmann;0,9074
Billy Hamilton;2;Chris Johnson;0,9012
Billy Hamilton;3;Olmedo Saenz;0,8997
Billy Hamilton;4;Warren Cromartie;0,8921
Billy Hamilton;5;Larry Milbourne;0,8805
Billy Hatcher;1;Don Wilson;0,9638
Billy Hatcher;2;John Halama;0,9233
Billy Hatcher;3;Doc Scanlan;0,9147
Billy Hatcher;4;Stubby Overmire;0,8997
Billy Hatcher;5;Birdie Cree;0,8977
Billy Herman;1;Bill Schroeder;0,9552
Billy Herman;2;Nap Rucker;0,9405
Billy Herman;3;Jerry Augustine;0,9124
Billy Herman;4;Sandy Alcantara;0,8979
Billy Herman;5;Tim Donahue;0,8805
Billy Hitchcock;1;Kevin Stocker;0,913
Billy Hitchcock;2;Frank Killen;0,8785
Billy Hitchcock;3;Austin Slater;0,8297
Billy Hitchcock;4;Mickey Owen;0,8203
Billy Hitchcock;5;Don Wert;0,8179
Billy Hoeft;1;Lloyd McClendon;0,9481
Billy Hoeft;2;Sergio Romo;0,9211
Billy Hoeft;3;Ted Sizemore;0,9189
Billy Hoeft;4;Kenta Maeda;0,913
Billy Hoeft;5;John Kennedy;0,9086
Billy Holland;1;David Riske;0,9708
Billy Holland;2;Lucas Sims;0,9495
Billy Holland;3;Jesus Alou;0,9423
Billy Holland;4;Jay Bruce;0,9354
Billy Holland;5;Socks Seybold;0,9287
Billy Horne;1;Manuel Villa;0,9136
Billy Horne;2;Patsy Gharrity;0,8957
Billy Horne;3;Wayne Gross;0,888
Billy Horne;4;Robert Hudspeth;0,8778
Billy Horne;5;Steve Brodie;0,8755
Billy Hoy;1;Rick Wilkins;0,9046
Billy Hoy;2;Bill Melton;0,8679
Billy Hoy;3;Harry McCurdy;0,8571
Billy Hoy;4;Randy Velarde;0,837
Billy Hoy;5;Josh Hamilton;0,8351
Billy Johnson;1;Steve Braun;0,9342
Billy Johnson;2;Manny Machado;0,9011
Billy Johnson;3;Dick Dietz;0,8836
Billy Johnson;4;Jimmy Brown;0,8556
Billy Johnson;5;Hector Torres;0,8401
Billy Jurges;1;Bernie Carbo;0,8223
Billy Jurges;2;Clayton Kershaw;0,8177
Billy Jurges;3;Porter Moss;0,8082
Billy Jurges;4;Roger Nelson;0,8006
Billy Jurges;5;Victor Robles;0,7995
Billy Klaus;1;Tom Jones;0,9917
Billy Klaus;2;Wes Stock;0,9911
Billy Klaus;3;Kevin Millar;0,9903
Billy Klaus;4;Dan McGann;0,9886
Billy Klaus;5;Tony Scott;0,9875
Billy Loes;1;Austin Hays;0,9919
Billy Loes;2;Thurman Tucker;0,99
Billy Loes;3;Rich Becker;0,9864
Billy Loes;4;Bobby Crosby;0,9826
Billy Loes;5;Bobby Darwin;0,9798
Billy Martin;1;Will Cunnane;0,9953
Billy Martin;2;Ryan Weber;0,9953
Billy Martin;3;Jeremy Accardo;0,9953
Billy Martin;4;Pat Clements;0,9953
Billy Martin;5;Wally Roettger;0,9948
Billy McKinney;1;Mike Scott;0,9903
Billy McKinney;2;Damaso Garcia;0,989
Billy McKinney;3;Frank Wills;0,9876
Billy McKinney;4;Taylor Ward;0,9659
Billy McKinney;5;Ron Hansen;0,9619
Billy Nash;1;Bill Schroeder;0,934
Billy Nash;2;Buck Freeman;0,914
Billy Nash;3;Jack Hiatt;0,9065
Billy Nash;4;Jerry Augustine;0,8983
Billy Nash;5;Nap Rucker;0,898
Billy O'Dell;1;Earl Grace;0,9018
Billy O'Dell;2;Frank Sullivan;0,8824
Billy O'Dell;3;Bob Klinger;0,878
Billy O'Dell;4;John Maine;0,8542
Billy O'Dell;5;Daryl Spencer;0,8514
Billy Pierce;1;Earl Caldwell;0,9142
Billy Pierce;2;Torey Lovullo;0,8908
Billy Pierce;3;Roger Mason;0,8712
Billy Pierce;4;Fred Talbot;0,871
Billy Pierce;5;Curtis Henderson;0,8525
Billy Rhines;1;Bob Grim;0,9465
Billy Rhines;2;George Bell;0,898
Billy Rhines;3;Bill Gullickson;0,882
Billy Rhines;4;Orlando Hudson;0,8663
Billy Rhines;5;John Wetteland;0,8628
Billy Ripken;1;Hal Wagner;0,9063
Billy Ripken;2;Chris Capuano;0,9053
Billy Ripken;3;Elrod Hendricks;0,9014
Billy Ripken;4;Chuck Hiller;0,8929
Billy Ripken;5;Frank Wickware;0,8878
Billy Rogell;1;Lee May;0,9121
Billy Rogell;2;Leo Durocher;0,8995
Billy Rogell;3;Tony Lazzeri;0,8862
Billy Rogell;4;Ron Swoboda;0,8816
Billy Rogell;5;Jimmie Lyons;0,8786
Billy Sample;1;Mike Fischlin;0,9482
Billy Sample;2;Javy Lopez;0,9425
Billy Sample;3;Jason Marquis;0,9364
Billy Sample;4;Ferdie Schupp;0,9335
Billy Sample;5;Germany Schaefer;0,9324
Billy Shindle;1;Kevin Plawecki;0,9509
Billy Shindle;2;Raimel Tapia;0,9491
Billy Shindle;3;Nick Martinez;0,9416
Billy Shindle;4;Larry Doby;0,9244
Billy Shindle;5;Bubbles Hargrave;0,9108
Billy Southworth;1;Louis Miller;0,8882
Billy Southworth;2;Ron Brand;0,8562
Billy Southworth;3;Bill Lee;0,8224
Billy Southworth;4;Lloyd McClendon;0,8101
Billy Southworth;5;Jackie Jensen;0,7928
Billy Sullivan;1;Mike Rivera;0,967
Billy Sullivan;2;Alex Bregman;0,9646
Billy Sullivan;3;John Wyatt;0,9428
Billy Sullivan;4;Cito Gaston;0,9412
Billy Sullivan;5;Andy Seminick;0,9374
Billy Sunday;1;Harry Harper;0,9796
Billy Sunday;2;Rick Miller;0,9706
Billy Sunday;3;Justin Upton;0,966
Billy Sunday;4;Jim Wynn;0,9646
Billy Sunday;5;Jerry Denny;0,9595
Billy Wagner;1;Jim Brower;0,921
Billy Wagner;2;Chuck Taylor;0,9046
Billy Wagner;3;Tim Murnane;0,8991
Billy Wagner;4;Dickie Noles;0,8797
Billy Wagner;5;Leron Lee;0,877
Billy Werber;1;Hector Cruz;0,934
Billy Werber;2;Dominic Smith;0,9037
Billy Werber;3;Ruppert Jones;0,889
Billy Werber;4;Bobby Ayala;0,8666
Billy Werber;5;Kirby Puckett;0,866
Billy Williams;1;Orlando Arcia;0,9145
Billy Williams;2;Brook Fordyce;0,8855
Billy Williams;3;Steve Balboni;0,8818
Billy Williams;4;Benny Kauff;0,8753
Billy Williams;5;Jack Hannahan;0,8648
Bing Miller;1;Emil Brown;0,9435
Bing Miller;2;Sherman Barton;0,9175
Bing Miller;3;Jim Pendleton;0,891
Bing Miller;4;Dave Rosello;0,8902
Bing Miller;5;Ed McKean;0,8881
Bingo DeMoss;1;Cal Abrams;0,9673
Bingo DeMoss;2;Ernie Orsatti;0,9613
Bingo DeMoss;3;John Kerr;0,9603
Bingo DeMoss;4;Clint Courtney;0,9473
Bingo DeMoss;5;Charlie Hargreaves;0,9433
Bip Roberts;1;Alan Benes;0,9924
Bip Roberts;2;Paul Gibson;0,9924
Bip Roberts;3;Dennis Powell;0,9924
Bip Roberts;4;Brian Matusz;0,9924
Bip Roberts;5;Bert Gallia;0,9889
Birdie Cree;1;Luke Maile;0,9167
Birdie Cree;2;Bob Evans;0,9098
Birdie Cree;3;Aaron Miles;0,9033
Birdie Cree;4;Moises Alou;0,9008
Birdie Cree;5;Mike Garcia;0,8983
Birdie Tebbetts;1;Kevin Plawecki;0,967
Birdie Tebbetts;2;Raimel Tapia;0,9553
Birdie Tebbetts;3;Jose Gonzalez;0,9353
Birdie Tebbetts;4;Donn Pall;0,927
Birdie Tebbetts;5;Ferdie Schupp;0,9268
Biz Mackey;1;Ross Stripling;0,9073
Biz Mackey;2;Joe Jimenez;0,8753
Biz Mackey;3;Daric Barton;0,8624
Biz Mackey;4;Birdie Cree;0,8609
Biz Mackey;5;Johnny Gooch;0,8535
Blaine Boyer;1;Todd Frohwirth;0,9774
Blaine Boyer;2;Gary Lucas;0,9583
Blaine Boyer;3;Adam Moore;0,9569
Blaine Boyer;4;Henry Rodriguez;0,9543
Blaine Boyer;5;Mark Redman;0,9502
Blainey Hall;1;Honus Wagner;0,9731
Blainey Hall;2;Tito Landrum;0,9466
Blainey Hall;3;Max Butcher;0,9442
Blainey Hall;4;Oscar Levis;0,9323
Blainey Hall;5;Ricky Nolasco;0,9227
Blake Parker;1;Joe Thatcher;1,0
Blake Parker;2;Ryan Weber;1,0
Blake Parker;3;Jon Rauch;1,0
Blake Parker;4;Jeremy Accardo;1,0
Blake Parker;5;Will Cunnane;1,0
Blake Snell;1;Bill Nahorodny;0,955
Blake Snell;2;Tommy John;0,9272
Blake Snell;3;Allie Reynolds;0,9078
Blake Snell;4;Ike Delock;0,8652
Blake Snell;5;Stubby Overmire;0,8573
Blake Treinen;1;Joe Green;0,9336
Blake Treinen;2;Bert Adams;0,9146
Blake Treinen;3;Danny Hoffman;0,909
Blake Treinen;4;Greg McMichael;0,9028
Blake Treinen;5;T. J. Mathews;0,9025
Blix Donnelly;1;Webster McDonald;0,9677
Blix Donnelly;2;Huck Betts;0,9429
Blix Donnelly;3;Oliver Perez;0,9416
Blix Donnelly;4;Bill Sherdel;0,9229
Blix Donnelly;5;Lenn Sakata;0,922
Blondie Purcell;1;Sandy Martinez;0,9155
Blondie Purcell;2;Bryan Clark;0,9077
Blondie Purcell;3;Dave Barnhill;0,8986
Blondie Purcell;4;Pedro Feliciano;0,8922
Blondie Purcell;5;Patrick Gillespie;0,8914
Blue Moon Odom;1;Rats Henderson;0,8884
Blue Moon Odom;2;Bobby Darwin;0,8841
Blue Moon Odom;3;Rick Manning;0,8751
Blue Moon Odom;4;Jim Beauchamp;0,8695
Blue Moon Odom;5;Luis Torrens;0,864
Bo Diaz;1;Tanner Scott;0,937
Bo Diaz;2;Rafael Ortega;0,9355
Bo Diaz;3;Luis Melendez;0,9289
Bo Diaz;4;Earl Williams;0,9085
Bo Diaz;5;Joe Harris;0,9081
Bob Allison;1;Frank Taveras;0,892
Bob Allison;2;Bill Hoskins;0,8855
Bob Allison;3;Don Wilson;0,8727
Bob Allison;4;Ron Kline;0,8661
Bob Allison;5;Don Money;0,8558
Bob Aspromonte;1;Ken Silvestri;0,9788
Bob Aspromonte;2;Nate Jones;0,9562
Bob Aspromonte;3;Jack Marshall;0,9477
Bob Aspromonte;4;Ted Alexander;0,944
Bob Aspromonte;5;Rowdy Tellez;0,9378
Bob Bailey;1;Bud Stewart;0,9449
Bob Bailey;2;John Knight;0,9253
Bob Bailey;3;Ian Happ;0,9037
Bob Bailey;4;Dick Higham;0,8991
Bob Bailey;5;Roy Henshaw;0,8918
Bob Bailor;1;Bobby Abreu;0,9307
Bob Bailor;2;Erv Palica;0,9286
Bob Bailor;3;Tino Martinez;0,9023
Bob Bailor;4;Brandon Moss;0,873
Bob Bailor;5;Ed Charles;0,8468
Bob Barton;1;Lee Grissom;0,9481
Bob Barton;2;Carlos Sanchez;0,8831
Bob Barton;3;Chuck Cary;0,8619
Bob Barton;4;Gary Woods;0,8549
Bob Barton;5;Roy Halladay;0,8447
Bob Bescher;1;Tim Foli;0,9126
Bob Bescher;2;Mike Epstein;0,9049
Bob Bescher;3;Walt Dropo;0,897
Bob Bescher;4;Rick Reichardt;0,8797
Bob Bescher;5;Carl Morton;0,865
Bob Boone;1;Luke Hamlin;0,9895
Bob Boone;2;Archie Ware;0,9832
Bob Boone;3;Tom Johnson;0,9778
Bob Boone;4;Cal Abrams;0,9762
Bob Boone;5;Von Hayes;0,9741
Bob Boyd;1;Dee Brown;0,9216
Bob Boyd;2;Matt Capps;0,9214
Bob Boyd;3;Pete Browning;0,916
Bob Boyd;4;Jacob Cruz;0,914
Bob Boyd;5;Brandon Woodruff;0,8985
Bob Brenly;1;Ildemaro Vargas;0,9838
Bob Brenly;2;Mike Boddicker;0,981
Bob Brenly;3;Tom Veryzer;0,9795
Bob Brenly;4;Jack Clements;0,9773
Bob Brenly;5;Joe Kelley;0,9728
Bob Bruce;1;Carl Sawatski;0,9983
Bob Bruce;2;Abner Dalrymple;0,9751
Bob Bruce;3;Hal Carlson;0,9704
Bob Bruce;4;Donnie Sadler;0,9671
Bob Bruce;5;Ducky Holmes;0,9661
Bob Buhl;1;Pete Kozma;0,9387
Bob Buhl;2;Rip Repulski;0,9059
Bob Buhl;3;Ross Ohlendorf;0,8959
Bob Buhl;4;Rusty Meacham;0,8847
Bob Buhl;5;Mike Clevinger;0,8833
Bob Caruthers;1;Larry Benton;0,8863
Bob Caruthers;2;Bill Schroeder;0,8759
Bob Caruthers;3;José Méndez;0,8672
Bob Caruthers;4;Joe Lahoud;0,8611
Bob Caruthers;5;Oscar Gamble;0,8347
Bob Cerv;1;Sean Burnett;0,9704
Bob Cerv;2;Brad Komminsk;0,9636
Bob Cerv;3;Red Smith;0,935
Bob Cerv;4;Scott Barlow;0,9316
Bob Cerv;5;Eric Stults;0,9293
Bob Chipman;1;Al Holland;0,9666
Bob Chipman;2;Satchel Paige;0,9308
Bob Chipman;3;Vean Gregg;0,9298
Bob Chipman;4;Spec Shea;0,929
Bob Chipman;5;Neil Robinson;0,9191
Bob Clarke;1;Augie Ojeda;0,9247
Bob Clarke;2;Mickey O'Neil;0,8844
Bob Clarke;3;Clyde Kluttz;0,8558
Bob Clarke;4;Casey Janssen;0,8442
Bob Clarke;5;Travis Ishikawa;0,8345
Bob Davis;1;Patsy Flaherty;0,9761
Bob Davis;2;Garrett Atkins;0,9723
Bob Davis;3;Mel Ott;0,9649
Bob Davis;4;Mike Sullivan;0,9623
Bob Davis;5;Johnny Pugh;0,9611
Bob Dernier;1;Neal Heaton;0,9753
Bob Dernier;2;Hawk Taylor;0,9286
Bob Dernier;3;Skip Schumaker;0,9113
Bob Dernier;4;Carlos Zambrano;0,9107
Bob Dernier;5;Lonnie Smith;0,9097
Bob Elliott;1;Mark Petkovsek;0,9144
Bob Elliott;2;Bill Lohrman;0,902
Bob Elliott;3;Sal Maglie;0,9019
Bob Elliott;4;Casey Blake;0,8447
Bob Elliott;5;Tom House;0,8378
Bob Evans;1;Birdie Cree;0,9098
Bob Evans;2;Luke Maile;0,8854
Bob Evans;3;Eddie Milner;0,8819
Bob Evans;4;Doc Scanlan;0,8793
Bob Evans;5;Daric Barton;0,8766
Bob Ewing;1;Paul Sewald;0,9715
Bob Ewing;2;Brian Wilson;0,9492
Bob Ewing;3;Bobby Tiefenauer;0,9468
Bob Ewing;4;Bryse Wilson;0,9446
Bob Ewing;5;Pete Whisenant;0,9444
Bob Feller;1;Hal Gregg;0,959
Bob Feller;2;Chris Johnson;0,9202
Bob Feller;3;Damian Miller;0,9002
Bob Feller;4;Jody Reed;0,8987
Bob Feller;5;Joe Harris;0,893
Bob Ferguson;1;Khris Davis;0,9351
Bob Ferguson;2;Patsy Gharrity;0,9299
Bob Ferguson;3;Mark Grudzielanek;0,9267
Bob Ferguson;4;Nick Etten;0,9233
Bob Ferguson;5;Bob Horner;0,9043
Bob Forsch;1;Framber Valdez;0,928
Bob Forsch;2;Shane Robinson;0,8967
Bob Forsch;3;Freddy Peralta;0,8899
Bob Forsch;4;Gene Clines;0,8854
Bob Forsch;5;Rick Auerbach;0,8767
Bob Fothergill;1;Tom Grieve;0,9608
Bob Fothergill;2;Lucas Sims;0,9418
Bob Fothergill;3;Alberto Castillo;0,9414
Bob Fothergill;4;Brian Dozier;0,9347
Bob Fothergill;5;Chris Coghlan;0,9335
Bob Friend;1;Rafael Ortega;0,9494
Bob Friend;2;Tim Murnane;0,9486
Bob Friend;3;Leron Lee;0,9425
Bob Friend;4;Greg Allen;0,9285
Bob Friend;5;Jason Adam;0,9234
Bob Gibson;1;Mike Squires;0,9672
Bob Gibson;2;Chick Stahl;0,9214
Bob Gibson;3;John Kerr;0,9189
Bob Gibson;4;Mike Fitzgerald;0,9188
Bob Gibson;5;Ed Taubensee;0,8964
Bob Griffith;1;Pat Mahomes;0,977
Bob Griffith;2;Roger Nelson;0,9649
Bob Griffith;3;Porter Moss;0,9393
Bob Griffith;4;Matt Lindstrom;0,9389
Bob Griffith;5;John Tsitouris;0,9352
Bob Grim;1;Billy Rhines;0,9465
Bob Grim;2;Chris Donnels;0,9211
Bob Grim;3;Orlando Hudson;0,8925
Bob Grim;4;John Vander Wal;0,8915
Bob Grim;5;Will Smith;0,8823
Bob Groom;1;Frank Gibson;0,9453
Bob Groom;2;R. J. Reynolds;0,9179
Bob Groom;3;Todd Benzinger;0,9012
Bob Groom;4;Yuli Gurriel;0,8904
Bob Groom;5;Ambrose Reid;0,8839
Bob Harmon;1;Taylor Ward;0,9732
Bob Harmon;2;Denny Lyons;0,9645
Bob Harmon;3;Paul Zuvella;0,9574
Bob Harmon;4;Tom Williams;0,9415
Bob Harmon;5;Del Crandall;0,9344
Bob Heise;1;Bryan Rekar;0,9818
Bob Heise;2;Kelly Downs;0,8801
Bob Heise;3;Jose Gonzalez;0,8747
Bob Heise;4;Max Flack;0,8687
Bob Heise;5;Jason Schmidt;0,8379
Bob Horner;1;Mickey Lolich;0,9485
Bob Horner;2;Dave Thomas;0,9394
Bob Horner;3;Ray Fisher;0,9246
Bob Horner;4;Patsy Gharrity;0,9232
Bob Horner;5;Gus Bell;0,9181
Bob Howry;1;John Henry Johnson;0,9743
Bob Howry;2;Ted Page;0,9528
Bob Howry;3;Nip Winters;0,9228
Bob Howry;4;Laymon Yokely;0,9101
Bob Howry;5;So Taguchi;0,8945
Bob Humphreys;1;George Boehler;0,9778
Bob Humphreys;2;Matt Shoemaker;0,9648
Bob Humphreys;3;Dave Morehead;0,9561
Bob Humphreys;4;Mark Thurmond;0,9525
Bob Humphreys;5;Yu Darvish;0,9416
Bob Johnson;1;Herman Bell;0,9228
Bob Johnson;2;Scot Thompson;0,918
Bob Johnson;3;Mick Kelleher;0,9146
Bob Johnson;4;Aaron Laffey;0,9101
Bob Johnson;5;Ramon Santiago;0,8894
Bob Jones;1;Andre Thornton;0,918
Bob Jones;2;Ray Durham;0,9173
Bob Jones;3;Egyptian Healy;0,8886
Bob Jones;4;Ron Hunt;0,8862
Bob Jones;5;Harry McIntire;0,8848
Bob Kennedy;1;Bud Clancy;0,9925
Bob Kennedy;2;Joe Collins;0,9814
Bob Kennedy;3;Brian Tallet;0,9805
Bob Kennedy;4;Jimmy Hill;0,9798
Bob Kennedy;5;Tom Johnson;0,9782
Bob Kipper;1;John Henry Johnson;0,9569
Bob Kipper;2;Brad Hand;0,9435
Bob Kipper;3;Morrie Martin;0,9388
Bob Kipper;4;Glenn Hoffman;0,9285
Bob Kipper;5;Allen Watson;0,9047
Bob Klinger;1;Mackey Sasser;0,9691
Bob Klinger;2;Rip Collins;0,9656
Bob Klinger;3;Wayne Garland;0,964
Bob Klinger;4;Leroy Morney;0,9565
Bob Klinger;5;Carlos Rodon;0,9478
Bob Knepper;1;Sergio Mitre;0,9186
Bob Knepper;2;Bill Voss;0,9065
Bob Knepper;3;Tyler Houston;0,8912
Bob Knepper;4;Terry Adams;0,8689
Bob Knepper;5;Marcelino Lopez;0,8642
Bob Kuzava;1;Dave Hillman;0,984
Bob Kuzava;2;Wally Moses;0,9831
Bob Kuzava;3;Joel Skinner;0,9669
Bob Kuzava;4;Bob Davis;0,9466
Bob Kuzava;5;Sammy Stewart;0,9411
Bob Lemon;1;Alan Benes;0,9968
Bob Lemon;2;Paul Gibson;0,9968
Bob Lemon;3;Dennis Powell;0,9968
Bob Lemon;4;Brian Matusz;0,9968
Bob Lemon;5;Earl Battey;0,9953
Bob Lillis;1;Jim Ray;0,9174
Bob Lillis;2;Cedric Mullins;0,899
Bob Lillis;3;Kevin Plawecki;0,8754
Bob Lillis;4;Brett Myers;0,8707
Bob Lillis;5;William Binga;0,8633
Bob Locker;1;Schoolboy Rowe;0,8992
Bob Locker;2;Orval Grove;0,8893
Bob Locker;3;Red Ryan;0,8786
Bob Locker;4;Preacher Henry;0,8744
Bob Locker;5;Jack Clark;0,8604
Bob McClure;1;Chris Taylor;0,8975
Bob McClure;2;Ferris Fain;0,8485
Bob McClure;3;Victor Robles;0,8469
Bob McClure;4;Porter Moss;0,8379
Bob McClure;5;Kurt Abbott;0,8371
Bob McGraw;1;Edwin Jackson;0,9755
Bob McGraw;2;Roy Halladay;0,97
Bob McGraw;3;Darren Lewis;0,959
Bob McGraw;4;Tom Egan;0,9552
Bob McGraw;5;Miguel Dilone;0,9548
Bob Melvin;1;Anthony Rizzo;0,9178
Bob Melvin;2;Will Owens;0,9057
Bob Melvin;3;Urban Shocker;0,8388
Bob Melvin;4;Lave Cross;0,8308
Bob Melvin;5;Michael Saunders;0,8208
Bob Meusel;1;Denny Lyons;0,9444
Bob Meusel;2;Topsy Hartsel;0,9198
Bob Meusel;3;Frank Welch;0,8941
Bob Meusel;4;Justin Upton;0,8911
Bob Meusel;5;Luke Appling;0,8897
Bob Milacki;1;Brad Wellman;0,957
Bob Milacki;2;Ryan Langerhans;0,9325
Bob Milacki;3;Bill Dietrich;0,9131
Bob Milacki;4;Ramiro Mendoza;0,8975
Bob Milacki;5;Dave LaRoche;0,8901
Bob Miller;1;Scott Radinsky;0,9354
Bob Miller;2;Warren Brusstar;0,9291
Bob Miller;3;Herman Bell;0,9233
Bob Miller;4;Gary Lucas;0,9174
Bob Miller;5;Ken Ryan;0,9096
Bob Montgomery;1;Charlie Gehringer;0,8727
Bob Montgomery;2;John Smiley;0,8689
Bob Montgomery;3;Tug McGraw;0,8518
Bob Montgomery;4;Balor Moore;0,8512
Bob Montgomery;5;Jerry DaVanon;0,8495
Bob Moose;1;Earl Clark;0,9314
Bob Moose;2;Adam Comorosky;0,9112
Bob Moose;3;Ron Schueler;0,8982
Bob Moose;4;Vince Coleman;0,8957
Bob Moose;5;Bill Duggleby;0,8764
Bob Muncrief;1;Manny Pina;0,9609
Bob Muncrief;2;Lee Tannehill;0,9501
Bob Muncrief;3;Tanyon Sturtze;0,946
Bob Muncrief;4;Ramon Ramirez;0,9276
Bob Muncrief;5;Dan Pasqua;0,9247
Bob Nieman;1;Oscar Judd;0,9442
Bob Nieman;2;Jesse Levis;0,9438
Bob Nieman;3;Bill Gleason;0,9175
Bob Nieman;4;Benny Frey;0,9173
Bob Nieman;5;Bunny Downs;0,9058
Bob O'Farrell;1;Lefty O'Doul;0,9953
Bob O'Farrell;2;Tony Scott;0,9952
Bob O'Farrell;3;Tom Jones;0,9951
Bob O'Farrell;4;Mike Tauchman;0,9941
Bob O'Farrell;5;Jeremy Accardo;0,9933
Bob Ojeda;1;Leron Lee;0,9216
Bob Ojeda;2;Pedro Severino;0,9147
Bob Ojeda;3;John Jaha;0,9138
Bob Ojeda;4;Charlie Reilly;0,9058
Bob Ojeda;5;Luis Melendez;0,8947
Bob Oliver;1;Ronny Paulino;0,9419
Bob Oliver;2;Ray Scarborough;0,9273
Bob Oliver;3;Frank Pastore;0,9196
Bob Oliver;4;Brian Fuentes;0,9043
Bob Oliver;5;Antonio Alfonseca;0,8976
Bob Owchinko;1;Jimmie Schaffer;0,987
Bob Owchinko;2;Xavier Cedeno;0,9763
Bob Owchinko;3;Derek Law;0,9489
Bob Owchinko;4;Erasmo Ramirez;0,9485
Bob Owchinko;5;Jamie Walker;0,9471
Bob Patterson;1;Eric O'Flaherty;1,0
Bob Patterson;2;Brandon Kintzler;1,0
Bob Patterson;3;Mike Phillips;0,9984
Bob Patterson;4;Wayne Gross;0,998
Bob Patterson;5;Manuel Lee;0,987
Bob Porterfield;1;Jack Phillips;0,9613
Bob Porterfield;2;Alan Benes;0,9512
Bob Porterfield;3;Dennis Powell;0,9512
Bob Porterfield;4;Paul Gibson;0,9512
Bob Porterfield;5;Brian Matusz;0,9512
Bob Priddy;1;Ken Raffensberger;0,9933
Bob Priddy;2;Mark Langston;0,9485
Bob Priddy;3;Steve Rogers;0,9479
Bob Priddy;4;Rex Hudler;0,947
Bob Priddy;5;Vernon Wells;0,944
Bob Purkey;1;Ed Young;0,9464
Bob Purkey;2;Fred Scherman;0,9273
Bob Purkey;3;Robert Stephenson;0,8994
Bob Purkey;4;Alex Verdugo;0,8913
Bob Purkey;5;Freddy Galvis;0,8817
Bob Rhoads;1;Tommy Clarke;0,9358
Bob Rhoads;2;Mort Cooper;0,9349
Bob Rhoads;3;Logan Forsythe;0,9268
Bob Rhoads;4;Pete Hill;0,9249
Bob Rhoads;5;Slim Harriss;0,9225
Bob Robertson;1;Valentín Dreke;0,9074
Bob Robertson;2;Nate Schierholtz;0,906
Bob Robertson;3;Deacon Phillippe;0,8961
Bob Robertson;4;Carlos Quentin;0,8915
Bob Robertson;5;Dave Rozema;0,8832
Bob Rush;1;Brent Suter;0,9342
Bob Rush;2;Andy McGaffigan;0,887
Bob Rush;3;Dick Padden;0,8711
Bob Rush;4;Francisco Lindor;0,854
Bob Rush;5;Davy Jones;0,8534
Bob Scanlan;1;Paul Assenmacher;0,99
Bob Scanlan;2;Ryan Madson;0,9879
Bob Scanlan;3;Dan Straily;0,9613
Bob Scanlan;4;Jorge Lopez;0,9607
Bob Scanlan;5;David Huff;0,9542
Bob Scheffing;1;Alberto Callaspo;0,9439
Bob Scheffing;2;Eddie Miksis;0,9421
Bob Scheffing;3;Jim Palmer;0,9295
Bob Scheffing;4;Augie Galan;0,9054
Bob Scheffing;5;Tito Francona;0,904
Bob Seeds;1;George Case;0,9541
Bob Seeds;2;Adam Wainwright;0,9339
Bob Seeds;3;José María Fernández;0,9323
Bob Seeds;4;Aaron Judge;0,9287
Bob Seeds;5;Danys Baez;0,9255
Bob Shaw;1;Bill Lohrman;0,9335
Bob Shaw;2;Butch Hobson;0,8835
Bob Shaw;3;Dean Stone;0,8541
Bob Shaw;4;Mike Andrews;0,8424
Bob Shaw;5;Brian Johnson;0,8418
Bob Shawkey;1;Bill Schroeder;0,9602
Bob Shawkey;2;Art Shamsky;0,9477
Bob Shawkey;3;Addie Joss;0,9088
Bob Shawkey;4;George Earnshaw;0,891
Bob Shawkey;5;Matt Carlisle;0,8889
Bob Shirley;1;Roman Mejias;0,9151
Bob Shirley;2;Sandy Leon;0,904
Bob Shirley;3;Matías Ríos;0,8981
Bob Shirley;4;Chien-Ming Wang;0,8812
Bob Shirley;5;Luke Scott;0,8784
Bob Skinner;1;Luis Alvarado;0,946
Bob Skinner;2;Russ Davis;0,9164
Bob Skinner;3;Heavy Johnson;0,9023
Bob Skinner;4;Luis Lopez;0,8917
Bob Skinner;5;Jim Willis;0,89
Bob Smith;1;Mike Kekich;0,9138
Bob Smith;2;Esteban Yan;0,9
Bob Smith;3;Antonio Senzatela;0,8977
Bob Smith;4;Roy K. Williams;0,8829
Bob Smith;5;Jim Pendleton;0,8461
Bob Stanley;1;Carlos Sanchez;0,9301
Bob Stanley;2;Don Lee;0,929
Bob Stanley;3;Jack Kralick;0,9281
Bob Stanley;4;Matt Strahm;0,9217
Bob Stanley;5;Jerry Walker;0,9074
Bob Stinson;1;Rodney Scott;0,9303
Bob Stinson;2;Dave Hillman;0,9034
Bob Stinson;3;Jarrod Dyson;0,8853
Bob Stinson;4;Larry Stahl;0,8775
Bob Stinson;5;George Zuverink;0,8769
Bob Swift;1;Pedro Feliciano;0,9052
Bob Swift;2;Nick Etten;0,8951
Bob Swift;3;Kris Benson;0,8828
Bob Swift;4;Bob Horner;0,8769
Bob Swift;5;Buddy Lewis;0,8698
Bob Tewksbury;1;Jacob Cruz;0,9379
Bob Tewksbury;2;Carl Willis;0,9259
Bob Tewksbury;3;Tim Spehr;0,9139
Bob Tewksbury;4;Charlie Williams;0,9116
Bob Tewksbury;5;Bob Bruce;0,8954
Bob Tillman;1;Elmer Singleton;0,967
Bob Tillman;2;Dallas Keuchel;0,9552
Bob Tillman;3;Sherman Barton;0,9298
Bob Tillman;4;Larry Haney;0,9077
Bob Tillman;5;Ed Roebuck;0,9026
Bob Turley;1;Frank DiPino;0,9378
Bob Turley;2;Jerome Williams;0,9196
Bob Turley;3;Marcelino Lopez;0,9094
Bob Turley;4;Pete Broberg;0,9024
Bob Turley;5;Wayne Kirby;0,8956
Bob Veale;1;Roy Johnson;0,9795
Bob Veale;2;Jouett Meekin;0,9771
Bob Veale;3;Tony Bernazard;0,9748
Bob Veale;4;Carlos Garcia;0,9748
Bob Veale;5;Manuel Margot;0,9723
Bob Walk;1;Robb Quinlan;0,9207
Bob Walk;2;Joe Beggs;0,9175
Bob Walk;3;Lefty Weinert;0,9102
Bob Walk;4;Tommy Boggs;0,8999
Bob Walk;5;Tim Mayza;0,8883
Bob Watson;1;Charlie Williams;0,9711
Bob Watson;2;Adrian Gonzalez;0,9573
Bob Watson;3;Shannon Stewart;0,9547
Bob Watson;4;Fred Toney;0,9518
Bob Watson;5;Damaso Garcia;0,9475
Bob Weiland;1;David Huff;0,9625
Bob Weiland;2;Bill Evans;0,962
Bob Weiland;3;Phil Marchildon;0,9578
Bob Weiland;4;Dick Littlefield;0,9544
Bob Weiland;5;Dave Otto;0,9516
Bob Welch;1;Cap Peterson;0,974
Bob Welch;2;Charlie Williams;0,964
Bob Welch;3;Bert Gallia;0,9587
Bob Welch;4;Carl Willis;0,9529
Bob Welch;5;Alan Benes;0,9481
Bob Wells;1;Dennis Cook;0,9732
Bob Wells;2;Jack Flaherty;0,9717
Bob Wells;3;Ed Lynch;0,9713
Bob Wells;4;Pete Kozma;0,9571
Bob Wells;5;Tim Hill;0,953
Bob Wickman;1;Corey Dickerson;0,9336
Bob Wickman;2;Brian Daubach;0,9197
Bob Wickman;3;Justin Ruggiano;0,9178
Bob Wickman;4;Paul Sorrento;0,9118
Bob Wickman;5;Charlie Spikes;0,9111
Bobby Abreu;1;Bob Bailor;0,9307
Bobby Abreu;2;Erv Palica;0,8815
Bobby Abreu;3;Bill Hoskins;0,8655
Bobby Abreu;4;Home Run Baker;0,8536
Bobby Abreu;5;Benny Kauff;0,8499
Bobby Adams;1;Mike Garcia;0,9918
Bobby Adams;2;Willie Horton;0,9909
Bobby Adams;3;Firpo Marberry;0,9556
Bobby Adams;4;Joaquin Benoit;0,9452
Bobby Adams;5;Jimmie Lyons;0,9256
Bobby Avila;1;Butch Hobson;0,8976
Bobby Avila;2;Paul Blair;0,895
Bobby Avila;3;Daniel Descalso;0,8837
Bobby Avila;4;Shawn Chacon;0,8823
Bobby Avila;5;Matt Olson;0,8775
Bobby Ayala;1;Alex Presley;0,9539
Bobby Ayala;2;Gregory Polanco;0,9262
Bobby Ayala;3;Jose Urena;0,9249
Bobby Ayala;4;Michael Conforto;0,9029
Bobby Ayala;5;Chris Stratton;0,8914
Bobby Bolin;1;Devin Mesoraco;0,9467
Bobby Bolin;2;Roman Mejias;0,9425
Bobby Bolin;3;Jameson Taillon;0,9272
Bobby Bolin;4;John Kerr;0,9248
Bobby Bolin;5;Carlos Hernandez;0,9182
Bobby Bonds;1;Vicente Romo;0,9297
Bobby Bonds;2;Orlando Hudson;0,8634
Bobby Bonds;3;Bob Grim;0,835
Bobby Bonds;4;Ryan Flaherty;0,8163
Bobby Bonds;5;Ron Herbel;0,794
Bobby Bonilla;1;Dick Dietz;0,9583
Bobby Bonilla;2;Lyle Overbay;0,8874
Bobby Bonilla;3;Jesse Barfield;0,8651
Bobby Bonilla;4;Roxy Walters;0,856
Bobby Bonilla;5;Dan Spillner;0,8295
Bobby Brown;1;Dude Esterbrook;0,9501
Bobby Brown;2;Ozzie Guillen;0,9357
Bobby Brown;3;Travis Shaw;0,9304
Bobby Brown;4;Cherokee Fisher;0,9117
Bobby Brown;5;Lew McCarty;0,9058
Bobby Burke;1;Justin Grimm;0,9679
Bobby Burke;2;Carl Edwards;0,9214
Bobby Burke;3;Roy Partlow;0,9124
Bobby Burke;4;Lee Lacy;0,9098
Bobby Burke;5;Scott Kamieniecki;0,9012
Bobby Byrne;1;Tom Williams;0,8792
Bobby Byrne;2;Todd Benzinger;0,875
Bobby Byrne;3;Walt Moryn;0,8569
Bobby Byrne;4;Bob Harmon;0,8504
Bobby Byrne;5;Charles Gipson;0,8481
Bobby Castillo;1;Steve Brye;0,9694
Bobby Castillo;2;Craig Stammen;0,9335
Bobby Castillo;3;Mike Holtz;0,929
Bobby Castillo;4;Jason Kubel;0,9236
Bobby Castillo;5;Al Leiter;0,9169
Bobby Crosby;1;Marty Barrett;0,9913
Bobby Crosby;2;Hack Wilson;0,9909
Bobby Crosby;3;Mike Easler;0,9893
Bobby Crosby;4;Ken Heintzelman;0,9885
Bobby Crosby;5;Austin Hays;0,985
Bobby Darwin;1;Billy Loes;0,9798
Bobby Darwin;2;Rich Becker;0,9766
Bobby Darwin;3;Max Venable;0,9764
Bobby Darwin;4;Joe Greene;0,9747
Bobby Darwin;5;Rico Brogna;0,9725
Bobby Del Greco;1;Bill Swift;0,9239
Bobby Del Greco;2;Rick Reuschel;0,9191
Bobby Del Greco;3;Jeff Fassero;0,919
Bobby Del Greco;4;Charlie Morton;0,8512
Bobby Del Greco;5;Curt Casali;0,8405
Bobby Doerr;1;Jack Stivetts;0,864
Bobby Doerr;2;Hideki Matsui;0,8553
Bobby Doerr;3;Howard Johnson;0,849
Bobby Doerr;4;Duffy Lewis;0,8377
Bobby Doerr;5;Joe McGinnity;0,8278
Bobby Estalella;1;Travis Jankowski;0,9663
Bobby Estalella;2;Don Buford;0,9602
Bobby Estalella;3;Nate Jones;0,9567
Bobby Estalella;4;Al Milnar;0,9518
Bobby Estalella;5;John Anderson;0,9517
Bobby Grich;1;Red Smith;0,916
Bobby Grich;2;Cal Abrams;0,9092
Bobby Grich;3;Eggie Dallard;0,9018
Bobby Grich;4;John Kerr;0,893
Bobby Grich;5;Eric Haase;0,8892
Bobby Higginson;1;Bill Lamar;0,9443
Bobby Higginson;2;Hector Cruz;0,9347
Bobby Higginson;3;Hiram Bocachica;0,9183
Bobby Higginson;4;Tony Muser;0,916
Bobby Higginson;5;Matt Franco;0,8824
Bobby Jones;1;Jose Lind;0,9667
Bobby Jones;2;Kent Bottenfield;0,9561
Bobby Jones;3;Babe Dahlgren;0,9554
Bobby Jones;4;Mike Jorgensen;0,9464
Bobby Jones;5;Greg Allen;0,9458
Bobby Knoop;1;Danny O'Connell;0,9229
Bobby Knoop;2;Gene Richards;0,9205
Bobby Knoop;3;Joe Magrane;0,8919
Bobby Knoop;4;Nick Strincevich;0,8816
Bobby Knoop;5;Sidney Ponson;0,8692
Bobby Locke;1;Frank Scheibeck;0,9993
Bobby Locke;2;Paul Zuvella;0,9722
Bobby Locke;3;Willie Calhoun;0,9652
Bobby Locke;4;Bill Bernhard;0,9639
Bobby Locke;5;Odell Hale;0,9623
Bobby Lowe;1;Hal Smith;0,8943
Bobby Lowe;2;Joe Harris;0,8828
Bobby Lowe;3;John Wasdin;0,8732
Bobby Lowe;4;Jeff Newman;0,8699
Bobby Lowe;5;Tommy Helms;0,866
Bobby Mathews;1;Casey McGehee;0,9753
Bobby Mathews;2;Josh Paul;0,9385
Bobby Mathews;3;Doc Powers;0,936
Bobby Mathews;4;Ramiro Mendoza;0,9297
Bobby Mathews;5;Ted Blankenship;0,9225
Bobby Murcer;1;Chris Heisey;0,9805
Bobby Murcer;2;Bill Sudakis;0,9408
Bobby Murcer;3;Tex Clevenger;0,9386
Bobby Murcer;4;Cozy Dolan;0,9183
Bobby Murcer;5;Mike Blowers;0,9079
Bobby Parnell;1;Paul Shuey;0,9984
Bobby Parnell;2;Tex Hughson;0,9839
Bobby Parnell;3;Yusmeiro Petit;0,9837
Bobby Parnell;4;Francisco Rodriguez;0,9836
Bobby Parnell;5;Rosy Ryan;0,9749
Bobby Richardson;1;Bob O'Farrell;0,9822
Bobby Richardson;2;Dave Hansen;0,9798
Bobby Richardson;3;Bones Ely;0,9775
Bobby Richardson;4;Darren Oliver;0,9767
Bobby Richardson;5;Ownie Carroll;0,974
Bobby Robinson;1;Chris Coghlan;0,9721
Bobby Robinson;2;Chien-Ming Wang;0,9299
Bobby Robinson;3;Steve Busby;0,9151
Bobby Robinson;4;Otis Starks;0,9098
Bobby Robinson;5;Jack Hamilton;0,9083
Bobby Seay;1;Ryan Pressly;0,9962
Bobby Seay;2;Gordon Jones;0,9958
Bobby Seay;3;Gary Nolan;0,9734
Bobby Seay;4;Wei-Yin Chen;0,9714
Bobby Seay;5;Cliff Heathcote;0,9658
Bobby Shantz;1;Dan Otero;0,9618
Bobby Shantz;2;Cesar Ramos;0,9618
Bobby Shantz;3;John Brebbia;0,9618
Bobby Shantz;4;Chris Hatcher;0,9618
Bobby Shantz;5;Hoby Milner;0,9618
Bobby Thigpen;1;Jeremy Jeffress;0,9901
Bobby Thigpen;2;Jeff Reardon;0,9579
Bobby Thigpen;3;Ed Lynch;0,9552
Bobby Thigpen;4;Dave Shean;0,9296
Bobby Thigpen;5;Marty Keough;0,9272
Bobby Thomson;1;Dee Fondy;0,9246
Bobby Thomson;2;John O'Donoghue;0,918
Bobby Thomson;3;Devin Mesoraco;0,915
Bobby Thomson;4;Ed Doheny;0,9122
Bobby Thomson;5;Jakob Junis;0,911
Bobby Tiefenauer;1;Tom Gorman;0,9917
Bobby Tiefenauer;2;Jeffrey Springs;0,9887
Bobby Tiefenauer;3;Dan Bankhead;0,9885
Bobby Tiefenauer;4;Carson Fulmer;0,9885
Bobby Tiefenauer;5;Rafael Montero;0,9885
Bobby Tolan;1;Mark Christman;0,9235
Bobby Tolan;2;Johnny Lipon;0,8895
Bobby Tolan;3;Kurt Stillwell;0,8893
Bobby Tolan;4;Bill James;0,8861
Bobby Tolan;5;Putsy Caballero;0,8812
Bobby Valentine;1;Brady Anderson;0,932
Bobby Valentine;2;Malachi Kittridge;0,9257
Bobby Valentine;3;Thad Bosley;0,9237
Bobby Valentine;4;Cy Seymour;0,9065
Bobby Valentine;5;Bill Doran;0,8974
Bobby Veach;1;Al Martin;0,9821
Bobby Veach;2;Rob Brantly;0,9577
Bobby Veach;3;Frank Scheibeck;0,9571
Bobby Veach;4;Dick Buckley;0,9409
Bobby Veach;5;George Hemming;0,925
Bobby Wallace;1;Toby Hall;0,9274
Bobby Wallace;2;Benny Kauff;0,9079
Bobby Wallace;3;Steve Dillard;0,902
Bobby Wallace;4;Burgess Whitehead;0,8815
Bobby Wallace;5;Woody Woodward;0,8719
Bobby Williams;1;Carl Weilman;0,8323
Bobby Williams;2;Ramon Laureano;0,8052
Bobby Williams;3;Tyson Ross;0,8044
Bobby Williams;4;Duane Josephson;0,803
Bobby Williams;5;Pat Corrales;0,8006
Bobby Wilson;1;Russ Davis;0,9125
Bobby Wilson;2;Johnny Ray;0,8871
Bobby Wilson;3;Mike Ryba;0,8831
Bobby Wilson;4;Todd Frazier;0,8789
Bobby Wilson;5;Kevin Jepsen;0,8602
Bobby Wine;1;Lou Louden;0,9549
Bobby Wine;2;Don Wilson;0,8949
Bobby Wine;3;Dave Robertson;0,8674
Bobby Wine;4;Steve Jeltz;0,8563
Bobby Wine;5;Jim Delsing;0,8483
Bobby Winston;1;Luis Quinones;0,9779
Bobby Winston;2;Richard Bleier;0,9754
Bobby Winston;3;Mariano Rivera;0,9541
Bobby Winston;4;Chuck Hiller;0,9493
Bobby Winston;5;Jeffrey Springs;0,946
Bobby Witt;1;Tony Castillo;0,8961
Bobby Witt;2;George Weidman;0,8959
Bobby Witt;3;Jackie Collum;0,8867
Bobby Witt;4;Vicente Palacios;0,8794
Bobby Witt;5;Terry Mathews;0,879
Bobo Newsom;1;Joe Glenn;0,9074
Bobo Newsom;2;Walton Cruise;0,8696
Bobo Newsom;3;Ross Grimsley;0,8665
Bobo Newsom;4;Jack Harper;0,8441
Bobo Newsom;5;Neal Heaton;0,8432
Bones Ely;1;Willy Miranda;0,993
Bones Ely;2;Otto Knabe;0,9921
Bones Ely;3;Bob O'Farrell;0,9918
Bones Ely;4;Al Todd;0,9908
Bones Ely;5;Ownie Carroll;0,9905
Boog Powell;1;Curtis Pride;0,9684
Boog Powell;2;Pete Ward;0,9555
Boog Powell;3;Einar Diaz;0,9549
Boog Powell;4;Bill Barrett;0,9505
Boog Powell;5;Sherry Robertson;0,9411
Boom-Boom Beck;1;Hanser Alberto;0,8927
Boom-Boom Beck;2;Bob Locker;0,8551
Boom-Boom Beck;3;Cecil Espy;0,8459
Boom-Boom Beck;4;Ryan McMahon;0,8351
Boom-Boom Beck;5;Mark Thurmond;0,835
Boone Logan;1;Donnie Hill;0,9613
Boone Logan;2;Frank Scheibeck;0,9484
Boone Logan;3;Martin Prado;0,9435
Boone Logan;4;Mike Menosky;0,9294
Boone Logan;5;Billy McKinney;0,9212
Brad Ausmus;1;Kyle Tucker;0,9576
Brad Ausmus;2;Tom Johnson;0,9474
Brad Ausmus;3;Ken Silvestri;0,9415
Brad Ausmus;4;Hank Edwards;0,9408
Brad Ausmus;5;Geoff Blum;0,9406
Brad Boxberger;1;Xavier Hernandez;0,9936
Brad Boxberger;2;Mike Guerra;0,9898
Brad Boxberger;3;Willy Miranda;0,9858
Brad Boxberger;4;Ownie Carroll;0,982
Brad Boxberger;5;Ken Silvestri;0,9802
Brad Brach;1;Willy Adames;0,9464
Brad Brach;2;Luis Cessa;0,9452
Brad Brach;3;Chad Tracy;0,9344
Brad Brach;4;Mickey Klutts;0,9114
Brad Brach;5;Andre Rodgers;0,9092
Brad Fullmer;1;Taylor Teagarden;0,9968
Brad Fullmer;2;Dick McAuliffe;0,9924
Brad Fullmer;3;Pete O'Brien;0,9812
Brad Fullmer;4;Brent Mayne;0,9805
Brad Fullmer;5;Tom Veryzer;0,9787
Brad Hand;1;John Henry Johnson;0,9931
Brad Hand;2;Bob Kipper;0,9435
Brad Hand;3;Ted Page;0,8871
Brad Hand;4;Warren Newson;0,8751
Brad Hand;5;Jesse Crain;0,8641
Brad Havens;1;Brian Boehringer;1,0
Brad Havens;2;Pete Schourek;1,0
Brad Havens;3;Jake McGee;1,0
Brad Havens;4;Joe Borowski;1,0
Brad Havens;5;Dan Wheeler;1,0
Brad Hawpe;1;Jeff Robinson;0,962
Brad Hawpe;2;Phil Bradley;0,9435
Brad Hawpe;3;Peanuts Lowrey;0,9271
Brad Hawpe;4;Vladimir Nunez;0,9047
Brad Hawpe;5;Hal Brown;0,8951
Brad Keller;1;Jack Flaherty;0,9906
Brad Keller;2;Tim Hill;0,9792
Brad Keller;3;Neal Cotts;0,97
Brad Keller;4;Rusty Meacham;0,9612
Brad Keller;5;John Beckwith;0,9608
Brad Komminsk;1;Doug Brocail;0,9936
Brad Komminsk;2;Sean Burnett;0,9866
Brad Komminsk;3;Robert Person;0,9756
Brad Komminsk;4;Heinie Groh;0,9735
Brad Komminsk;5;Alan Trammell;0,9722
Brad Lidge;1;Myles Straw;0,9988
Brad Lidge;2;Don Landrum;0,9527
Brad Lidge;3;Juan Carlos Oviedo;0,9477
Brad Lidge;4;John Donaldson;0,918
Brad Lidge;5;Tatica Campos;0,9088
Brad Miller;1;Chuck Hiller;0,9932
Brad Miller;2;Ben Gamel;0,9883
Brad Miller;3;Jeffrey Springs;0,9859
Brad Miller;4;Mike Adams;0,9818
Brad Miller;5;Luis Quinones;0,9798
Brad Peacock;1;Chris Stratton;0,9548
Brad Peacock;2;Jimmie Coker;0,9492
Brad Peacock;3;Joe Moeller;0,9282
Brad Peacock;4;Junior Noboa;0,9195
Brad Peacock;5;Jim McGlothlin;0,9189
Brad Penny;1;Alex McCarthy;0,9405
Brad Penny;2;Tom Brewer;0,9187
Brad Penny;3;Ray Dandridge;0,9096
Brad Penny;4;Jay Bruce;0,8986
Brad Penny;5;Tommie Sisk;0,8913
Brad Radke;1;Bill Lohrman;0,9459
Brad Radke;2;Dean Stone;0,9246
Brad Radke;3;Zack Littell;0,9182
Brad Radke;4;D. J. Carrasco;0,896
Brad Radke;5;Mace Brown;0,8959
Brad Wellman;1;Ryan Langerhans;0,959
Brad Wellman;2;Bob Milacki;0,957
Brad Wellman;3;Wally Backman;0,9474
Brad Wellman;4;Mark Lewis;0,9077
Brad Wellman;5;Bill Dietrich;0,9065
Brad Wilkerson;1;Chad Wallach;0,9947
Brad Wilkerson;2;Darin Erstad;0,9903
Brad Wilkerson;3;Jose Vidro;0,9881
Brad Wilkerson;4;Joe Kelley;0,9875
Brad Wilkerson;5;Dennis Springer;0,9827
Brad Ziegler;1;Joe Glenn;0,9267
Brad Ziegler;2;Ryan McMahon;0,9009
Brad Ziegler;3;Tony Piet;0,8758
Brad Ziegler;4;Candy Maldonado;0,87
Brad Ziegler;5;Jack Harper;0,8579
Braden Looper;1;Steve Frey;0,9935
Braden Looper;2;Orlando Hernandez;0,9922
Braden Looper;3;Trevor Richards;0,9676
Braden Looper;4;Trevor Rosenthal;0,9401
Braden Looper;5;Henry Williams;0,9307
Brady Anderson;1;Bobby Valentine;0,932
Brady Anderson;2;Mark Williamson;0,853
Brady Anderson;3;Dann Bilardello;0,85
Brady Anderson;4;Eric Munson;0,8303
Brady Anderson;5;Chick Gandil;0,8275
Brady Clark;1;Chris Herrmann;0,9858
Brady Clark;2;Ralph Terry;0,9219
Brady Clark;3;Mickey Tettleton;0,9202
Brady Clark;4;Andy Kosco;0,9145
Brady Clark;5;Anibal Sanchez;0,9105
Braggo Roth;1;Bill James;0,9515
Braggo Roth;2;Jack Rothrock;0,9502
Braggo Roth;3;Eddie Bressoud;0,9475
Braggo Roth;4;Wilbur Good;0,9311
Braggo Roth;5;Miguel Tejada;0,9276
Branch Russell;1;Steve Finley;0,8047
Branch Russell;2;Junior Noboa;0,7853
Branch Russell;3;Ken Holloway;0,7809
Branch Russell;4;Mike Scioscia;0,7722
Branch Russell;5;Leon Day;0,7657
Brandon Belt;1;Hank Edwards;0,9556
Brandon Belt;2;Mike Rivera;0,9427
Brandon Belt;3;John Wyatt;0,9391
Brandon Belt;4;Alex Bregman;0,9356
Brandon Belt;5;Paul Casanova;0,9355
Brandon Crawford;1;Lonnie Chisenhall;0,8795
Brandon Crawford;2;Dalton Jones;0,8701
Brandon Crawford;3;Aaron Sanchez;0,8594
Brandon Crawford;4;Will Owens;0,8532
Brandon Crawford;5;Dave Anderson;0,853
Brandon Drury;1;Jerry Narron;0,9391
Brandon Drury;2;Gerald Perry;0,9259
Brandon Drury;3;Joe Schultz;0,921
Brandon Drury;4;Steve Lyons;0,9168
Brandon Drury;5;Shelby Miller;0,9118
Brandon Duckworth;1;Dave Tobik;0,9853
Brandon Duckworth;2;Brad Havens;0,9853
Brandon Duckworth;3;A. J. Minter;0,9853
Brandon Duckworth;4;Tyler Clippard;0,9853
Brandon Duckworth;5;Pete Schourek;0,9853
Brandon Inge;1;Tom Bolton;0,923
Brandon Inge;2;Juan Nicasio;0,9152
Brandon Inge;3;Tom House;0,911
Brandon Inge;4;Doug McWeeny;0,863
Brandon Inge;5;Horace Lisenbee;0,8351
Brandon Kintzler;1;Eric O'Flaherty;1,0
Brandon Kintzler;2;Bob Patterson;1,0
Brandon Kintzler;3;Mike Phillips;0,9984
Brandon Kintzler;4;Wayne Gross;0,998
Brandon Kintzler;5;Manuel Lee;0,987
Brandon League;1;Nick Green;0,9309
Brandon League;2;Kyle Gibson;0,8906
Brandon League;3;Trevor Rosenthal;0,8879
Brandon League;4;Justin Speier;0,8758
Brandon League;5;Octavio Dotel;0,8747
Brandon Lowe;1;Barney McCosky;0,9102
Brandon Lowe;2;Steve Carlton;0,8817
Brandon Lowe;3;Mark Koenig;0,8815
Brandon Lowe;4;Andrew Cashner;0,8715
Brandon Lowe;5;Larry Christenson;0,871
Brandon Lyon;1;Jim Brower;0,9577
Brandon Lyon;2;Josh Johnson;0,9494
Brandon Lyon;3;Mike Kekich;0,8952
Brandon Lyon;4;Chuck Taylor;0,8693
Brandon Lyon;5;Tim Murnane;0,8659
Brandon McCarthy;1;Mike Jeffcoat;0,9989
Brandon McCarthy;2;Ross Ohlendorf;0,9547
Brandon McCarthy;3;Craig McMurtry;0,9536
Brandon McCarthy;4;Carlos Villanueva;0,9144
Brandon McCarthy;5;Chuck Taylor;0,9054
Brandon Morrow;1;Steve Crawford;0,9981
Brandon Morrow;2;Emilio Pagan;0,987
Brandon Morrow;3;Jimmy Jones;0,9798
Brandon Morrow;4;Terry Crowley;0,9689
Brandon Morrow;5;Harold Treadwell;0,9669
Brandon Moss;1;Flint Rhem;0,8783
Brandon Moss;2;Bob Bailor;0,873
Brandon Moss;3;Erv Palica;0,867
Brandon Moss;4;Ed Charles;0,8437
Brandon Moss;5;Jim Willoughby;0,8352
Brandon Nimmo;1;Pedro Florimon;0,9624
Brandon Nimmo;2;Al Dark;0,9623
Brandon Nimmo;3;Chris Carter;0,9562
Brandon Nimmo;4;Mike Harkey;0,9544
Brandon Nimmo;5;Ralph Young;0,9529
Brandon Phillips;1;Wei-Yin Chen;0,9598
Brandon Phillips;2;Felipe Alou;0,9521
Brandon Phillips;3;Herb Score;0,952
Brandon Phillips;4;Gordon Jones;0,9361
Brandon Phillips;5;Jerry Narron;0,933
Brandon Woodruff;1;Ricardo Rincon;1,0
Brandon Woodruff;2;Matt Capps;0,9932
Brandon Woodruff;3;Wesley Wright;0,9838
Brandon Woodruff;4;Lucas Giolito;0,9824
Brandon Woodruff;5;Gary Ross;0,9798
Brayan Peña;1;Damaso Marte;0,9829
Brayan Peña;2;Lee Grissom;0,9757
Brayan Peña;3;Eric O'Flaherty;0,9735
Brayan Peña;4;Brandon Kintzler;0,9735
Brayan Peña;5;Bob Patterson;0,9735
Brendan Donnelly;1;Donn Pall;0,9435
Brendan Donnelly;2;Jose Gonzalez;0,9432
Brendan Donnelly;3;Ray Benge;0,9299
Brendan Donnelly;4;Miguel Sano;0,929
Brendan Donnelly;5;Raimel Tapia;0,9222
Brendan Harris;1;Dick Whitworth;0,9269
Brendan Harris;2;Pinky Hargrave;0,9225
Brendan Harris;3;Cookie Rojas;0,9205
Brendan Harris;4;Sandy Leon;0,919
Brendan Harris;5;Dick Green;0,9187
Brendan Ryan;1;Alex McCarthy;0,9253
Brendan Ryan;2;Ron LeFlore;0,9054
Brendan Ryan;3;Lourdes Gurriel;0,8787
Brendan Ryan;4;Thurman Tucker;0,8733
Brendan Ryan;5;Ping Bodie;0,872
Brent Mayne;1;George Decker;0,985
Brent Mayne;2;Brad Fullmer;0,9805
Brent Mayne;3;Ray Morgan;0,9762
Brent Mayne;4;Taylor Teagarden;0,9758
Brent Mayne;5;Kyle Tucker;0,971
Brent Suter;1;Bob Rush;0,9342
Brent Suter;2;Andy McGaffigan;0,9335
Brent Suter;3;Balor Moore;0,9034
Brent Suter;4;Johnny Callison;0,8712
Brent Suter;5;Mark Williamson;0,8427
Bret Boone;1;Bart Johnson;0,9558
Bret Boone;2;Christian Vazquez;0,9323
Bret Boone;3;Gordon Rhodes;0,8969
Bret Boone;4;Sean Burnett;0,8959
Bret Boone;5;Edgar Wesley;0,8925
Bret Saberhagen;1;Tom Burns;0,966
Bret Saberhagen;2;Jose Rijo;0,93
Bret Saberhagen;3;Julian Javier;0,918
Bret Saberhagen;4;Lou Bierbauer;0,9013
Bret Saberhagen;5;Hal McRae;0,8974
Brett Anderson;1;Greg Allen;0,9994
Brett Anderson;2;Jason Adam;0,9856
Brett Anderson;3;Tim Mayza;0,9492
Brett Anderson;4;Carlos Reyes;0,9492
Brett Anderson;5;Archie Bradley;0,9481
Brett Butler;1;Eddie Moore;0,8153
Brett Butler;2;Sandy Koufax;0,8035
Brett Butler;3;Egyptian Healy;0,7813
Brett Butler;4;Javier Baez;0,7804
Brett Butler;5;Ryan Freel;0,7747
Brett Cecil;1;Doc Ayers;0,886
Brett Cecil;2;Brian Bruney;0,878
Brett Cecil;3;Ryan O'Hearn;0,8564
Brett Cecil;4;Marvin Barker;0,8476
Brett Cecil;5;Nick Ahmed;0,8418
Brett Gardner;1;Jolbert Cabrera;0,927
Brett Gardner;2;Dennis Martinez;0,9178
Brett Gardner;3;Chris Tillman;0,9068
Brett Gardner;4;Jason Johnson;0,9058
Brett Gardner;5;Gregg Olson;0,8875
Brett Myers;1;Jim Ray;0,9744
Brett Myers;2;Kerry Ligtenberg;0,9593
Brett Myers;3;Jose Gonzalez;0,9339
Brett Myers;4;Toby Borland;0,9287
Brett Myers;5;Ken Kravec;0,9122
Brett Tomko;1;Bart Johnson;0,9489
Brett Tomko;2;Neftali Feliz;0,9445
Brett Tomko;3;Alex Bregman;0,9274
Brett Tomko;4;Charley Bassett;0,9233
Brett Tomko;5;Travis Wood;0,9211
Brian Anderson;1;Framber Valdez;0,9156
Brian Anderson;2;Tom Cheney;0,9095
Brian Anderson;3;Shane Robinson;0,8911
Brian Anderson;4;Gene Clines;0,8837
Brian Anderson;5;Gleyber Torres;0,8805
Brian Boehringer;1;Joel Peralta;1,0
Brian Boehringer;2;Trevor Hoffman;1,0
Brian Boehringer;3;Dave Tobik;1,0
Brian Boehringer;4;Scott Aldred;1,0
Brian Boehringer;5;Brad Havens;1,0
Brian Bohanon;1;Carlos Reyes;1,0
Brian Bohanon;2;Tim Mayza;1,0
Brian Bohanon;3;Adrian Houser;0,9977
Brian Bohanon;4;Noe Ramirez;0,995
Brian Bohanon;5;Joe Beggs;0,9608
Brian Bruney;1;Curt Leskanic;0,9611
Brian Bruney;2;Ed Goodson;0,951
Brian Bruney;3;Jim Wilson;0,9411
Brian Bruney;4;Guillermo Quiroz;0,9387
Brian Bruney;5;Jimmy Austin;0,9354
Brian Daubach;1;Ed Brandt;0,9809
Brian Daubach;2;Corey Dickerson;0,9704
Brian Daubach;3;Paul Sorrento;0,9477
Brian Daubach;4;Andy Benes;0,9387
Brian Daubach;5;Josh Donaldson;0,9306
Brian Dorsett;1;Damaso Marte;1,0
Brian Dorsett;2;Sergio Romo;1,0
Brian Dorsett;3;Larry Casian;1,0
Brian Dorsett;4;Leniel Hooker;1,0
Brian Dorsett;5;Liam Hendriks;1,0
Brian Downing;1;Joe Koppe;0,9815
Brian Downing;2;Alex McCarthy;0,9787
Brian Downing;3;Subby Byas;0,9755
Brian Downing;4;Wes Stock;0,9716
Brian Downing;5;Hal Naragon;0,9672
Brian Dozier;1;Mike Timlin;0,9786
Brian Dozier;2;Sandy Alcantara;0,973
Brian Dozier;3;Lucas Sims;0,9718
Brian Dozier;4;Gino Cimoli;0,9539
Brian Dozier;5;Tom Grieve;0,94
Brian Duensing;1;Jose Leclerc;0,9997
Brian Duensing;2;Roger Mason;0,9807
Brian Duensing;3;Joe Beggs;0,9717
Brian Duensing;4;Jared Hughes;0,9346
Brian Duensing;5;B. J. Ryan;0,9212
Brian Fuentes;1;Monte Pearson;0,9483
Brian Fuentes;2;Ted Blankenship;0,9179
Brian Fuentes;3;Bob Oliver;0,9043
Brian Fuentes;4;Robert Stephenson;0,8901
Brian Fuentes;5;Frank Pastore;0,8888
Brian Giles;1;Dioner Navarro;0,8682
Brian Giles;2;Cecil Espy;0,8507
Brian Giles;3;Jay Gibbons;0,8464
Brian Giles;4;Danny Taylor;0,8282
Brian Giles;5;Joe Glenn;0,814
Brian Harper;1;Lou Brock;0,9906
Brian Harper;2;Melido Perez;0,9821
Brian Harper;3;Mike Easler;0,9817
Brian Harper;4;Mike Tauchman;0,9795
Brian Harper;5;Lefty O'Doul;0,9792
Brian Hunter;1;Preston Wilson;0,9403
Brian Hunter;2;Keith Miller;0,929
Brian Hunter;3;Jakob Junis;0,9173
Brian Hunter;4;Bill Schroeder;0,913
Brian Hunter;5;Colby Rasmus;0,9054
Brian Johnson;1;Ned Cuthbert;0,9403
Brian Johnson;2;Johnny Murphy;0,9224
Brian Johnson;3;Ismael Valdez;0,9197
Brian Johnson;4;Lefty Leifield;0,901
Brian Johnson;5;Cool Turner;0,8931
Brian Jordan;1;Steve Frey;0,9395
Brian Jordan;2;Orlando Hernandez;0,9341
Brian Jordan;3;John Maine;0,9197
Brian Jordan;4;Braden Looper;0,9129
Brian Jordan;5;Ed Heusser;0,9028
Brian Matusz;1;Dennis Powell;1,0
Brian Matusz;2;Paul Gibson;1,0
Brian Matusz;3;Todd Worrell;1,0
Brian Matusz;4;Fernando Abad;1,0
Brian Matusz;5;Salomon Torres;1,0
Brian McCann;1;Jeff Frye;0,9416
Brian McCann;2;Rip Repulski;0,8974
Brian McCann;3;Jimmy Slagle;0,8924
Brian McCann;4;Ron Pruitt;0,8454
Brian McCann;5;Tommy Tucker;0,8366
Brian McRae;1;Gene Benson;0,923
Brian McRae;2;Cliff Floyd;0,8838
Brian McRae;3;Dexter Fowler;0,8779
Brian McRae;4;Taylor Douthit;0,8727
Brian McRae;5;Gene Tenace;0,8707
Brian Meadows;1;Harold Treadwell;0,8845
Brian Meadows;2;Mike Clevinger;0,881
Brian Meadows;3;Casey Fossum;0,8784
Brian Meadows;4;Terry Mathews;0,8779
Brian Meadows;5;Vicente Palacios;0,8775
Brian Moehler;1;Johnny Bassler;0,9983
Brian Moehler;2;Paul Minner;0,9982
Brian Moehler;3;Ryan Weber;0,9982
Brian Moehler;4;Jeremy Accardo;0,9982
Brian Moehler;5;Will Cunnane;0,9982
Brian Roberts;1;Tyler Glasnow;0,9907
Brian Roberts;2;Kyle Tucker;0,9882
Brian Roberts;3;Ray Morgan;0,9838
Brian Roberts;4;Tommie Reynolds;0,983
Brian Roberts;5;Nippy Jones;0,9823
Brian Schneider;1;Luke Hamlin;0,9595
Brian Schneider;2;Mike Easler;0,9581
Brian Schneider;3;Eddie Waitkus;0,9578
Brian Schneider;4;John Kerr;0,9549
Brian Schneider;5;Archie Ware;0,9531
Brian Shouse;1;Todd Coffey;0,9966
Brian Shouse;2;Todd Wellemeyer;0,9877
Brian Shouse;3;Preacher Henry;0,9848
Brian Shouse;4;Hank Wyse;0,9679
Brian Shouse;5;Schoolboy Rowe;0,9527
Brian Tallet;1;Jim Tabor;0,9907
Brian Tallet;2;Del Gainer;0,983
Brian Tallet;3;Emmet Heidrick;0,9813
Brian Tallet;4;Bob Kennedy;0,9805
Brian Tallet;5;Johnny Kling;0,9803
Brian Williams;1;Jay Witasick;0,9967
Brian Williams;2;Fred Scherman;0,9523
Brian Williams;3;Jhoulys Chacin;0,945
Brian Williams;4;Dave Martinez;0,9252
Brian Williams;5;Jerome Walton;0,9236
Brian Wilson;1;Bryse Wilson;0,9982
Brian Wilson;2;Elmer Riddle;0,9955
Brian Wilson;3;Andrew Heaney;0,9938
Brian Wilson;4;Bobby Tiefenauer;0,9876
Brian Wilson;5;Paul Sewald;0,9845
Brickyard Kennedy;1;Larry Milbourne;0,9467
Brickyard Kennedy;2;Elon Hogsett;0,8968
Brickyard Kennedy;3;Ed Phelps;0,8954
Brickyard Kennedy;4;Vean Gregg;0,8934
Brickyard Kennedy;5;Mike Kahoe;0,8874
Bris Lord;1;Stu Miller;0,9625
Bris Lord;2;Joey Votto;0,9462
Bris Lord;3;Ellis Burks;0,9437
Bris Lord;4;Mitch Haniger;0,9079
Bris Lord;5;Jimmie Coker;0,8937
Brock Holt;1;Joe Adcock;0,956
Brock Holt;2;Jorge Velandia;0,9559
Brock Holt;3;Chuck Crim;0,9548
Brock Holt;4;Ray Morgan;0,9284
Brock Holt;5;Stu Martin;0,928
Bronson Arroyo;1;Jack Lapp;0,9424
Bronson Arroyo;2;Bob Brenly;0,9097
Bronson Arroyo;3;Ildemaro Vargas;0,9059
Bronson Arroyo;4;Frank Scheibeck;0,9023
Bronson Arroyo;5;Rob Brantly;0,8915
Brook Fordyce;1;Rocky Colavito;0,9608
Brook Fordyce;2;Jerry Martin;0,9083
Brook Fordyce;3;Rey Sanchez;0,9032
Brook Fordyce;4;Todd Helton;0,9008
Brook Fordyce;5;Bill Nicholson;0,8976
Brook Jacoby;1;Big Bill Smith;0,9331
Brook Jacoby;2;George Burns;0,9216
Brook Jacoby;3;Steve Jeltz;0,8835
Brook Jacoby;4;Scott Garrelts;0,8688
Brook Jacoby;5;Lew Burdette;0,8601
Brooks Robinson;1;Bud Clancy;0,9868
Brooks Robinson;2;Mike Guerra;0,9868
Brooks Robinson;3;Emmet Heidrick;0,9821
Brooks Robinson;4;Nippy Jones;0,9804
Brooks Robinson;5;Morgan Ensberg;0,9781
Bruce Benedict;1;Dalton Jones;0,9245
Bruce Benedict;2;Willson Contreras;0,9024
Bruce Benedict;3;Scot Thompson;0,8943
Bruce Benedict;4;Aaron Laffey;0,8772
Bruce Benedict;5;Cub Stricker;0,8567
Bruce Bochte;1;Doug Glanville;0,9346
Bruce Bochte;2;Don Buford;0,924
Bruce Bochte;3;Tommy Corcoran;0,9153
Bruce Bochte;4;John Reilly;0,9019
Bruce Bochte;5;Dontrelle Willis;0,901
Bruce Bochy;1;Neil Allen;0,9311
Bruce Bochy;2;Luis Guillorme;0,865
Bruce Bochy;3;Carlos Gomez;0,8614
Bruce Bochy;4;Terry Harper;0,8586
Bruce Bochy;5;Toby Borland;0,8567
Bruce Campbell;1;Gene Packard;0,9371
Bruce Campbell;2;Joey Amalfitano;0,9277
Bruce Campbell;3;Taffy Wright;0,923
Bruce Campbell;4;Al Kaline;0,9173
Bruce Campbell;5;Chris Johnson;0,8992
Bruce Chen;1;Jack Phillips;0,9881
Bruce Chen;2;Scott Bradley;0,9803
Bruce Chen;3;Johnny Hodapp;0,9783
Bruce Chen;4;Brian Matusz;0,9691
Bruce Chen;5;Alan Benes;0,9691
Bruce Dal Canton;1;Joe Simpson;0,9569
Bruce Dal Canton;2;Burke Badenhop;0,8617
Bruce Dal Canton;3;Leon Day;0,8593
Bruce Dal Canton;4;Austin Barnes;0,8477
Bruce Dal Canton;5;Matt Walbeck;0,8417
Bruce Edwards;1;Pat Neshek;0,9983
Bruce Edwards;2;Stan Belinda;0,9983
Bruce Edwards;3;Eric Gunderson;0,9983
Bruce Edwards;4;Will Harris;0,9983
Bruce Edwards;5;Fernando Salas;0,9983
Bruce Hurst;1;Jay Gibbons;0,9389
Bruce Hurst;2;Collin McHugh;0,9312
Bruce Hurst;3;Chico Salmon;0,8762
Bruce Hurst;4;George Altman;0,8507
Bruce Hurst;5;Cecil Espy;0,8485
Bruce Kison;1;Randy Moffitt;0,9677
Bruce Kison;2;Craig Stammen;0,9576
Bruce Kison;3;John Kruk;0,9505
Bruce Kison;4;Roy Johnson;0,9416
Bruce Kison;5;Tanyon Sturtze;0,9348
Bruce Petway;1;Jack Marshall;0,9725
Bruce Petway;2;Subby Byas;0,9683
Bruce Petway;3;Bud Clancy;0,9647
Bruce Petway;4;Trevor Bauer;0,9645
Bruce Petway;5;Wes Parker;0,9639
Bruce Ruffin;1;Bill Walker;0,8981
Bruce Ruffin;2;Gary Sheffield;0,8951
Bruce Ruffin;3;Gio Urshela;0,8901
Bruce Ruffin;4;Jim Kern;0,8881
Bruce Ruffin;5;Recurvon Terán;0,8854
Bruce Sutter;1;Cliff Politte;0,9293
Bruce Sutter;2;Koyie Hill;0,9
Bruce Sutter;3;Tom Lawless;0,8914
Bruce Sutter;4;Wade Miley;0,8724
Bruce Sutter;5;Mark Clear;0,8712
Bryan Clark;1;Carl Pavano;0,9702
Bryan Clark;2;Dave Barnhill;0,9637
Bryan Clark;3;Tom Hall;0,9618
Bryan Clark;4;Jimmy Smith;0,937
Bryan Clark;5;Al Lakeman;0,9298
Bryan Holaday;1;Bill Barrett;0,9741
Bryan Holaday;2;Derek Dietrich;0,9595
Bryan Holaday;3;Kevin Ritz;0,955
Bryan Holaday;4;Hiram Bocachica;0,9336
Bryan Holaday;5;Matt Alexander;0,9322
Bryan Rekar;1;Randy Moffitt;0,9869
Bryan Rekar;2;Bob Heise;0,9818
Bryan Rekar;3;Ozzie Albies;0,9601
Bryan Rekar;4;Miguel Castro;0,9168
Bryan Rekar;5;Cliff Lee;0,9127
Bryan Shaw;1;Ron Coomer;0,8881
Bryan Shaw;2;Brad Peacock;0,8806
Bryan Shaw;3;Andy Hawkins;0,8688
Bryan Shaw;4;Johnny Humphries;0,8672
Bryan Shaw;5;Jim McGlothlin;0,8561
Bryce Florie;1;Dave Smith;0,9765
Bryce Florie;2;Jhoulys Chacin;0,9489
Bryce Florie;3;Wayne Kirby;0,9455
Bryce Florie;4;Darren Bragg;0,918
Bryce Florie;5;Chris Sale;0,9058
Bryce Harper;1;Eddie Stanky;0,9376
Bryce Harper;2;Dalton Jones;0,92
Bryce Harper;3;Pop Schriver;0,9131
Bryce Harper;4;Stephen Piscotty;0,9075
Bryce Harper;5;Farmer Vaughn;0,8939
Bryn Smith;1;Willy Miranda;0,993
Bryn Smith;2;Tom Jones;0,986
Bryn Smith;3;Will Cunnane;0,986
Bryn Smith;4;Ryan Weber;0,986
Bryn Smith;5;Jeremy Accardo;0,986
Bryse Wilson;1;Elmer Riddle;0,9994
Bryse Wilson;2;Brian Wilson;0,9982
Bryse Wilson;3;Andrew Heaney;0,9854
Bryse Wilson;4;Phil Regan;0,9852
Bryse Wilson;5;Chuck Dobson;0,9783
Bubba Phillips;1;Tyler Flowers;0,8961
Bubba Phillips;2;Graig Nettles;0,8693
Bubba Phillips;3;Adolfo Phillips;0,8595
Bubba Phillips;4;Pete Castiglione;0,8364
Bubba Phillips;5;Mike LaValliere;0,835
Bubbles Hargrave;1;Carlos Delgado;0,9828
Bubbles Hargrave;2;George Davis;0,9624
Bubbles Hargrave;3;Omar Daal;0,9495
Bubbles Hargrave;4;Steve Parris;0,9416
Bubbles Hargrave;5;Scott Bradley;0,9389
Buck Crouse;1;Aaron Hill;0,9494
Buck Crouse;2;Bill Sudakis;0,9348
Buck Crouse;3;Sam Mertes;0,9131
Buck Crouse;4;Dan Brouthers;0,9088
Buck Crouse;5;Glenn Hubbard;0,9067
Buck Ewing;1;Mike Easler;0,9961
Buck Ewing;2;Blake Parker;0,9909
Buck Ewing;3;Sean Doolittle;0,9909
Buck Ewing;4;Joe Thatcher;0,9909
Buck Ewing;5;Luis Ayala;0,9909
Buck Farmer;1;Ken O'Dea;0,9237
Buck Farmer;2;Jim Holt;0,9147
Buck Farmer;3;Tommy Kahnle;0,8976
Buck Farmer;4;Dwayne Henry;0,8856
Buck Farmer;5;Ron Northey;0,8828
Buck Freeman;1;Jack Hiatt;0,9658
Buck Freeman;2;Silver King;0,9608
Buck Freeman;3;Steve McCatty;0,9604
Buck Freeman;4;Brad Fullmer;0,9454
Buck Freeman;5;Jason Michaels;0,9428
Buck Herzog;1;Tex Clevenger;0,9567
Buck Herzog;2;Chris Heisey;0,954
Buck Herzog;3;Henry Larkin;0,9509
Buck Herzog;4;Frank LaPorte;0,9261
Buck Herzog;5;Stephen Piscotty;0,9203
Buck Jordan;1;Gary Sutherland;0,9238
Buck Jordan;2;Doc Gessler;0,9064
Buck Jordan;3;Joe Azcue;0,9044
Buck Jordan;4;Marty Keough;0,9041
Buck Jordan;5;Gary Carter;0,897
Buck Leonard;1;Eddie Pellagrini;0,9862
Buck Leonard;2;Phil Douglas;0,9757
Buck Leonard;3;George Decker;0,9693
Buck Leonard;4;Corey Koskie;0,9684
Buck Leonard;5;Joe Lis;0,9672
Buck Martinez;1;Wayne Nordhagen;0,899
Buck Martinez;2;Lonnie Chisenhall;0,879
Buck Martinez;3;George Johnson;0,8632
Buck Martinez;4;Johan Santana;0,8587
Buck Martinez;5;Aaron Sanchez;0,851
Buck O'Neil;1;Karl Drews;0,9985
Buck O'Neil;2;Byron Browne;0,9983
Buck O'Neil;3;Johnny Bassler;0,9971
Buck O'Neil;4;Will Cunnane;0,9968
Buck O'Neil;5;Ryan Weber;0,9968
Buck Rodgers;1;Bart Johnson;0,9753
Buck Rodgers;2;Travis Wood;0,9734
Buck Rodgers;3;Whitey Lockman;0,9463
Buck Rodgers;4;Joe Start;0,938
Buck Rodgers;5;Snuffy Stirnweiss;0,9314
Buck Ross;1;Tom Burns;0,8989
Buck Ross;2;Oliver Perez;0,8968
Buck Ross;3;Spike Owen;0,8949
Buck Ross;4;Ramon Ramirez;0,8789
Buck Ross;5;Jeff Frye;0,8784
Buck Weaver;1;Sam Dente;0,955
Buck Weaver;2;Jody Davis;0,9438
Buck Weaver;3;Art Shamsky;0,9359
Buck Weaver;4;Ed Killian;0,9271
Buck Weaver;5;Bill Schroeder;0,9173
Bucky Dent;1;Joe Lis;0,9379
Bucky Dent;2;Emmet Heidrick;0,9286
Bucky Dent;3;Chad Wallach;0,9164
Bucky Dent;4;Mike Lansing;0,9093
Bucky Dent;5;Brad Wilkerson;0,9067
Bucky Harris;1;Dennis Springer;0,9731
Bucky Harris;2;Kyle Tucker;0,971
Bucky Harris;3;Brad Wilkerson;0,9708
Bucky Harris;4;Fatty Briody;0,9693
Bucky Harris;5;Kameron Loe;0,9693
Bucky Walters;1;T. J. Mathews;0,9216
Bucky Walters;2;Greg McMichael;0,9179
Bucky Walters;3;Aaron Laffey;0,8867
Bucky Walters;4;Scot Thompson;0,8815
Bucky Walters;5;Lonnie Chisenhall;0,8723
Bud Barbee;1;Candy Jim Taylor;0,9857
Bud Barbee;2;Jules Thomas;0,9764
Bud Barbee;3;Val Picinich;0,9721
Bud Barbee;4;Mike Maddux;0,9716
Bud Barbee;5;Sherry Robertson;0,9715
Bud Byerly;1;Dan Wheeler;0,941
Bud Byerly;2;Ben Sheets;0,9404
Bud Byerly;3;Walt Williams;0,9271
Bud Byerly;4;Brad Havens;0,9247
Bud Byerly;5;Dave Tobik;0,9247
Bud Clancy;1;Justin Morneau;0,9968
Bud Clancy;2;Joe Collins;0,9965
Bud Clancy;3;Pete Rose;0,9945
Bud Clancy;4;Ron Cey;0,9939
Bud Clancy;5;Bob Kennedy;0,9925
Bud Daley;1;Eric Stults;0,9772
Bud Daley;2;Bart Johnson;0,965
Bud Daley;3;Mark Grace;0,9482
Bud Daley;4;Eric Haase;0,9438
Bud Daley;5;Gorman Thomas;0,9374
Bud Harrelson;1;Ryan Freel;0,8996
Bud Harrelson;2;Freddy Leach;0,8694
Bud Harrelson;3;Gil Hatfield;0,8692
Bud Harrelson;4;Russ Kemmerer;0,8613
Bud Harrelson;5;Egyptian Healy;0,852
Bud Norris;1;Mike Minor;0,942
Bud Norris;2;Alex Cintron;0,9234
Bud Norris;3;Ed Walsh;0,9198
Bud Norris;4;Zack Cozart;0,915
Bud Norris;5;Pat Neshek;0,9077
Bud Podbielan;1;Peter Moylan;0,9961
Bud Podbielan;2;Jamie Easterly;0,9943
Bud Podbielan;3;Todd Frohwirth;0,9701
Bud Podbielan;4;J. P. Howell;0,9701
Bud Podbielan;5;Ernie Camacho;0,9701
Bud Stewart;1;Ian Happ;0,9464
Bud Stewart;2;Bob Bailey;0,9449
Bud Stewart;3;Tim Donahue;0,9404
Bud Stewart;4;Sam Dente;0,9397
Bud Stewart;5;Sammy Strang;0,9372
Buddy Armour;1;Brad Wilkerson;0,9634
Buddy Armour;2;Chad Wallach;0,9527
Buddy Armour;3;Joey Gallo;0,9463
Buddy Armour;4;Joe Kelley;0,9422
Buddy Armour;5;Oscar Gamble;0,9421
Buddy Bell;1;Lou Louden;0,9222
Buddy Bell;2;Alex Ochoa;0,9092
Buddy Bell;3;Joe Birmingham;0,8963
Buddy Bell;4;Butch Hobson;0,8912
Buddy Bell;5;Tim Laudner;0,884
Buddy Black;1;Chris Codiroli;0,9709
Buddy Black;2;Mark Hendrickson;0,9326
Buddy Black;3;Mark Huismann;0,9295
Buddy Black;4;Jeff Keppinger;0,8914
Buddy Black;5;Dallas Green;0,8907
Buddy Bradford;1;Ray Morgan;0,9787
Buddy Bradford;2;George Decker;0,9695
Buddy Bradford;3;Willie Calhoun;0,9693
Buddy Bradford;4;Jorge Velandia;0,9658
Buddy Bradford;5;Bob Brenly;0,9644
Buddy Burbage;1;Orville Singer;0,9085
Buddy Burbage;2;Ken Kravec;0,9051
Buddy Burbage;3;Gene Packard;0,8625
Buddy Burbage;4;Kelly Downs;0,8591
Buddy Burbage;5;Charlie Bastian;0,8556
Buddy Carlyle;1;David Robertson;1,0
Buddy Carlyle;2;Ernie Camacho;1,0
Buddy Carlyle;3;Justin Duchscherer;1,0
Buddy Carlyle;4;Jorge Sosa;1,0
Buddy Carlyle;5;J. P. Howell;1,0
Buddy Groom;1;Vean Gregg;0,8975
Buddy Groom;2;Sam Mele;0,8177
Buddy Groom;3;Jerry Turner;0,815
Buddy Groom;4;Josh Wilson;0,8008
Buddy Groom;5;Roxy Walters;0,7982
Buddy Kerr;1;Jose Pagan;0,8997
Buddy Kerr;2;Zoilo Versalles;0,8968
Buddy Kerr;3;Robby Thompson;0,8789
Buddy Kerr;4;Dave McKay;0,8589
Buddy Kerr;5;Jason Heyward;0,8488
Buddy Lewis;1;Jerry Terrell;0,9124
Buddy Lewis;2;Johnny Cueto;0,8882
Buddy Lewis;3;Jack Doyle;0,8776
Buddy Lewis;4;Bob Swift;0,8698
Buddy Lewis;5;Patsy Gharrity;0,866
Buddy Myer;1;Jorge Polanco;0,9546
Buddy Myer;2;Wil Ledezma;0,9335
Buddy Myer;3;Luis Melendez;0,9248
Buddy Myer;4;Tully Sparks;0,9161
Buddy Myer;5;Kiki Cuyler;0,9134
Buddy Rosar;1;Dom Dallessandro;0,9604
Buddy Rosar;2;Hugh Mulcahy;0,9122
Buddy Rosar;3;Roy Welmaker;0,8859
Buddy Rosar;4;Jim Weaver;0,8837
Buddy Rosar;5;Jeff Kent;0,8696
Bug Holliday;1;Wade Johnston;0,9369
Bug Holliday;2;Timo Perez;0,8747
Bug Holliday;3;Bob Tillman;0,8716
Bug Holliday;4;Elmer Singleton;0,8579
Bug Holliday;5;Roman Mejias;0,8492
Bullet Joe Bush;1;Al Todd;0,9932
Bullet Joe Bush;2;Ownie Carroll;0,9918
Bullet Joe Bush;3;Elmer Myers;0,9913
Bullet Joe Bush;4;Melido Perez;0,9859
Bullet Joe Bush;5;Socks Seibold;0,9841
Bullet Rogan;1;Alejandro De Aza;0,9412
Bullet Rogan;2;Don Carman;0,9241
Bullet Rogan;3;Pete Burnside;0,9009
Bullet Rogan;4;Bill Stoneman;0,8987
Bullet Rogan;5;Ernie Krueger;0,8971
Bump Hadley;1;Doug Davis;0,8635
Bump Hadley;2;Recurvon Terán;0,8528
Bump Hadley;3;Larry Milbourne;0,8506
Bump Hadley;4;J. R. Murphy;0,8356
Bump Hadley;5;Gus Suhr;0,8244
Bunny Downs;1;Ricky Nolasco;0,9397
Bunny Downs;2;Pete Washington;0,9276
Bunny Downs;3;Benny Frey;0,9251
Bunny Downs;4;Bob Nieman;0,9058
Bunny Downs;5;Tito Landrum;0,8907
Burgess Whitehead;1;Red Rolfe;0,986
Burgess Whitehead;2;Bill Hutchison;0,9647
Burgess Whitehead;3;Frank Taveras;0,9231
Burgess Whitehead;4;Daryl Spencer;0,9163
Burgess Whitehead;5;Billy Sample;0,9159
Burke Badenhop;1;Deivi Cruz;0,9453
Burke Badenhop;2;Cody Bellinger;0,9338
Burke Badenhop;3;George Van Haltren;0,9309
Burke Badenhop;4;Bill Buckner;0,9305
Burke Badenhop;5;Craig Counsell;0,9155
Burleigh Grimes;1;Ben Revere;0,9779
Burleigh Grimes;2;Felix Heredia;0,9446
Burleigh Grimes;3;Thurman Tucker;0,9432
Burleigh Grimes;4;Johnny Niggeling;0,9379
Burleigh Grimes;5;Jake Stahl;0,9343
Burt Hooton;1;Tom Johnson;0,9807
Burt Hooton;2;Tom Jones;0,9714
Burt Hooton;3;Von Hayes;0,9711
Burt Hooton;4;Jimmy Hill;0,9698
Burt Hooton;5;Joe Collins;0,9693
Burt Shotton;1;Danny Frisella;0,9381
Burt Shotton;2;Harry Coveleski;0,9339
Burt Shotton;3;Jameson Taillon;0,9127
Burt Shotton;4;Matt Mieske;0,9047
Burt Shotton;5;Reid Nichols;0,8784
Buster Brown;1;Irvin Brooks;0,911
Buster Brown;2;Tyler Anderson;0,9047
Buster Brown;3;Mike Grady;0,9012
Buster Brown;4;Lil Stoner;0,8815
Buster Brown;5;Jim Weaver;0,8736
Buster Haywood;1;Virgil Barnes;0,9657
Buster Haywood;2;Shawn Estes;0,9415
Buster Haywood;3;Milt Gaston;0,9332
Buster Haywood;4;Joe Kelly;0,9295
Buster Haywood;5;Felix Hernandez;0,9282
Buster Posey;1;Alex Ochoa;0,9328
Buster Posey;2;Dick Tracewski;0,9015
Buster Posey;3;Steve O'Neill;0,8991
Buster Posey;4;Lennie Pearson;0,8792
Buster Posey;5;Herm Wehmeier;0,8751
Butch Henline;1;Brayan Peña;0,9394
Butch Henline;2;Chuck Cary;0,9355
Butch Henline;3;Irv Noren;0,9337
Butch Henline;4;Darryl Strawberry;0,9297
Butch Henline;5;Ramiro Ramírez;0,9258
Butch Hobson;1;Miguel Olivo;0,9617
Butch Hobson;2;Sammy White;0,9489
Butch Hobson;3;Paul Blair;0,9468
Butch Hobson;4;Alan Bannister;0,944
Butch Hobson;5;Kyle Farmer;0,9333
Butch Wynegar;1;Benny Frey;0,9377
Butch Wynegar;2;Neftali Feliz;0,9275
Butch Wynegar;3;Snuffy Stirnweiss;0,9231
Butch Wynegar;4;Carlos Estevez;0,9131
Butch Wynegar;5;Blainey Hall;0,9019
Byron Browne;1;Karl Drews;0,999
Byron Browne;2;Buck O'Neil;0,9983
Byron Browne;3;George LaChance;0,9974
Byron Browne;4;George Thomas;0,9972
Byron Browne;5;Dustin Pedroia;0,9972
Byron Buxton;1;Larry Kopf;0,9415
Byron Buxton;2;Derek Dietrich;0,9229
Byron Buxton;3;Tanner Scott;0,9204
Byron Buxton;4;Huston Street;0,9203
Byron Buxton;5;Doug Rader;0,911
Byung-Hyun Kim;1;Gus Zernial;0,9061
Byung-Hyun Kim;2;Jim Colborn;0,9042
Byung-Hyun Kim;3;Jack Heidemann;0,9014
Byung-Hyun Kim;4;Walter Ball;0,8988
Byung-Hyun Kim;5;Bill Stafford;0,888
C. J. Cron;1;D'Angelo Jimenez;0,932
C. J. Cron;2;Orlando Hernandez;0,9151
C. J. Cron;3;Steve Frey;0,9114
C. J. Cron;4;Gregory Polanco;0,9091
C. J. Cron;5;Steve Finley;0,9023
C. J. Nitkowski;1;Al Milnar;0,9823
C. J. Nitkowski;2;Nate Jones;0,9743
C. J. Nitkowski;3;Bobby Seay;0,9531
C. J. Nitkowski;4;Frank Gibson;0,9367
C. J. Nitkowski;5;Rowdy Tellez;0,9211
C. J. Wilson;1;Miguel Batista;0,9334
C. J. Wilson;2;Pete LaCock;0,9291
C. J. Wilson;3;Big Bill Smith;0,9131
C. J. Wilson;4;Percy Jones;0,9056
C. J. Wilson;5;Phil Collins;0,9007
CC Sabathia;1;Mike Lincoln;0,909
CC Sabathia;2;Mike Clevinger;0,8998
CC Sabathia;3;Craig McMurtry;0,8978
CC Sabathia;4;Bill Bayne;0,8835
CC Sabathia;5;Randy Jones;0,8632
Cal Abrams;1;Mike Hampton;0,9767
Cal Abrams;2;Bob Boone;0,9762
Cal Abrams;3;Eddie Lake;0,9762
Cal Abrams;4;Carlos Ruiz;0,9758
Cal Abrams;5;Garry Templeton;0,9752
Cal Eldred;1;Bill Harbridge;0,9784
Cal Eldred;2;Andrew Kittredge;0,9417
Cal Eldred;3;Jimmy Stewart;0,9291
Cal Eldred;4;Edwin Diaz;0,9173
Cal Eldred;5;Joe Jimenez;0,9074
Cal Koonce;1;Mike Harkey;0,9958
Cal Koonce;2;Chris Carter;0,9921
Cal Koonce;3;Donne Wall;0,9373
Cal Koonce;4;Rich DeLucia;0,9307
Cal Koonce;5;Tom Brewer;0,9304
Cal McLish;1;Todd Frohwirth;0,9619
Cal McLish;2;Doug Rau;0,9485
Cal McLish;3;Bud Podbielan;0,9472
Cal McLish;4;Aaron Bummer;0,9337
Cal McLish;5;Jesse Chavez;0,9302
Cal McVey;1;Tom Lawless;0,9004
Cal McVey;2;Earl McNeely;0,8895
Cal McVey;3;Aleck Smith;0,866
Cal McVey;4;Chris James;0,8343
Cal McVey;5;Nick Vincent;0,83
Cal Ripken;1;Dave Campbell;0,9875
Cal Ripken;2;Steven Souza;0,9675
Cal Ripken;3;Tom Jones;0,9618
Cal Ripken;4;Fatty Briody;0,9582
Cal Ripken;5;Bud Clancy;0,957
Caleb Thielbar;1;Ramon Laureano;0,9479
Caleb Thielbar;2;Wil Myers;0,908
Caleb Thielbar;3;Matt Shoemaker;0,9034
Caleb Thielbar;4;Clay Holmes;0,8911
Caleb Thielbar;5;Dan Pasqua;0,8631
Calvin Schiraldi;1;Edinson Volquez;0,957
Calvin Schiraldi;2;Mark Gardner;0,9532
Calvin Schiraldi;3;Chad Qualls;0,931
Calvin Schiraldi;4;Ryan Tepera;0,9293
Calvin Schiraldi;5;Alfredo Simon;0,9293
Cam Carreon;1;Ramon Ramirez;0,9608
Cam Carreon;2;Jackie Collum;0,9588
Cam Carreon;3;Hugh Casey;0,9507
Cam Carreon;4;Willie McCovey;0,93
Cam Carreon;5;Tony Cloninger;0,9249
Cameron Maybin;1;Ross Gload;0,8755
Cameron Maybin;2;Brandon Lowe;0,8691
Cameron Maybin;3;C. J. Wilson;0,8569
Cameron Maybin;4;Doc Scanlan;0,8431
Cameron Maybin;5;Myles Straw;0,8363
Camilo Pascual;1;Lou Collier;0,9324
Camilo Pascual;2;Joe Jimenez;0,9156
Camilo Pascual;3;Ron Guidry;0,91
Camilo Pascual;4;Chris Codiroli;0,9082
Camilo Pascual;5;Johnny Evers;0,863
Candy Jim Taylor;1;Bud Barbee;0,9857
Candy Jim Taylor;2;Brian Matusz;0,9785
Candy Jim Taylor;3;Alan Benes;0,9785
Candy Jim Taylor;4;Dennis Powell;0,9785
Candy Jim Taylor;5;Paul Gibson;0,9785
Candy Maldonado;1;Sam Leslie;0,9183
Candy Maldonado;2;Kyle Higashioka;0,9158
Candy Maldonado;3;Bill Voss;0,8923
Candy Maldonado;4;Gary Lucas;0,8859
Candy Maldonado;5;Brad Ziegler;0,87
Candy Nelson;1;Frank Chance;0,9072
Candy Nelson;2;Ambrose Reid;0,8957
Candy Nelson;3;Andrew Romine;0,892
Candy Nelson;4;Ed Killian;0,8845
Candy Nelson;5;Flash Miller;0,8743
Cap Anson;1;Frank Scheibeck;0,956
Cap Anson;2;Paul Zuvella;0,9479
Cap Anson;3;Putsy Caballero;0,9465
Cap Anson;4;George Hemming;0,9317
Cap Anson;5;Walt Moryn;0,929
Cap Peterson;1;Bill Plummer;0,9894
Cap Peterson;2;John Peters;0,9863
Cap Peterson;3;Rick Ankiel;0,9783
Cap Peterson;4;Greg Minton;0,974
Cap Peterson;5;Bob Welch;0,974
Carl Crawford;1;Al Brazle;0,9033
Carl Crawford;2;John Grabow;0,8967
Carl Crawford;3;Ken Holloway;0,873
Carl Crawford;4;Dean Chance;0,8488
Carl Crawford;5;Chico Salmon;0,8466
Carl Edwards;1;Scott Kamieniecki;0,9978
Carl Edwards;2;Francisco Rodriguez;0,9862
Carl Edwards;3;Yusmeiro Petit;0,9862
Carl Edwards;4;Guillermo Quiroz;0,9789
Carl Edwards;5;Justin Grimm;0,9632
Carl Erskine;1;Tommy Clarke;0,9177
Carl Erskine;2;Bob Seeds;0,9162
Carl Erskine;3;Jesse Winker;0,9064
Carl Erskine;4;Ambrose Reid;0,8768
Carl Erskine;5;Billy Sullivan;0,8591
Carl Everett;1;Ken Silvestri;0,9825
Carl Everett;2;Xavier Hernandez;0,9685
Carl Everett;3;Kevin Young;0,9581
Carl Everett;4;Alex McCarthy;0,9554
Carl Everett;5;Willy Miranda;0,9495
Carl Furillo;1;Matt Andriese;0,9713
Carl Furillo;2;Ron Robinson;0,9408
Carl Furillo;3;Bill Duggleby;0,9219
Carl Furillo;4;Steve Bedrosian;0,9198
Carl Furillo;5;Ken Hill;0,9137
Carl Hubbell;1;George Zuverink;0,9658
Carl Hubbell;2;Rodney Scott;0,9528
Carl Hubbell;3;Dave Hillman;0,9439
Carl Hubbell;4;Stuffy Stewart;0,9356
Carl Hubbell;5;Horacio Ramirez;0,9299
Carl Mays;1;Aaron Cook;0,8933
Carl Mays;2;Anthony Bass;0,8381
Carl Mays;3;Doc Newton;0,8317
Carl Mays;4;Pedro Borbon;0,8243
Carl Mays;5;Elon Hogsett;0,823
Carl Morton;1;Eric Chavez;0,9372
Carl Morton;2;Kevin Gross;0,9362
Carl Morton;3;Gus Mancuso;0,9292
Carl Morton;4;Cookie Lavagetto;0,928
Carl Morton;5;Mike Bordick;0,9238
Carl Pavano;1;Al Lakeman;0,9905
Carl Pavano;2;Bryan Clark;0,9702
Carl Pavano;3;Jimmy Smith;0,9617
Carl Pavano;4;Dave Barnhill;0,9179
Carl Pavano;5;Scott Barlow;0,9133
Carl Reynolds;1;Wayne Gross;0,9656
Carl Reynolds;2;Jim Ray Hart;0,963
Carl Reynolds;3;Eric O'Flaherty;0,9622
Carl Reynolds;4;Brandon Kintzler;0,9622
Carl Reynolds;5;Bob Patterson;0,9622
Carl Sawatski;1;Bob Bruce;0,9983
Carl Sawatski;2;Charlie Williams;0,9692
Carl Sawatski;3;Donnie Sadler;0,9668
Carl Sawatski;4;Ducky Holmes;0,9651
Carl Sawatski;5;Carl Willis;0,9616
Carl Scheib;1;Derek Law;0,9722
Carl Scheib;2;Jimmie Schaffer;0,9567
Carl Scheib;3;Jimmy Ford;0,917
Carl Scheib;4;Xavier Cedeno;0,9165
Carl Scheib;5;Sergio Mitre;0,9085
Carl Weilman;1;David West;0,9434
Carl Weilman;2;J. T. Snow;0,9151
Carl Weilman;3;Drew Stubbs;0,8983
Carl Weilman;4;Al Newman;0,8733
Carl Weilman;5;Bill Sherdel;0,8683
Carl Willey;1;Jerry White;0,9604
Carl Willey;2;Rawly Eastwick;0,9572
Carl Willey;3;Kerry Wood;0,9569
Carl Willey;4;Erick Fedde;0,9539
Carl Willey;5;Casey Patten;0,9508
Carl Willis;1;Dusty Baker;0,9914
Carl Willis;2;Doug Clemens;0,9902
Carl Willis;3;Jose Hernandez;0,989
Carl Willis;4;Rick Ankiel;0,985
Carl Willis;5;Earl Battey;0,985
Carl Yastrzemski;1;Sammy Hale;0,9507
Carl Yastrzemski;2;Bill Sweeney;0,9063
Carl Yastrzemski;3;Art Shamsky;0,9042
Carl Yastrzemski;4;Jim Lemon;0,8961
Carl Yastrzemski;5;Tim Donahue;0,8922
Carlos Baerga;1;Nippy Jones;0,9751
Carlos Baerga;2;Ildemaro Vargas;0,9657
Carlos Baerga;3;Bob Brenly;0,9621
Carlos Baerga;4;Ed Swartwood;0,9617
Carlos Baerga;5;Garrett Hampson;0,959
Carlos Beltran;1;Bill Sudakis;0,9164
Carlos Beltran;2;Gary Thurman;0,9045
Carlos Beltran;3;Ender Inciarte;0,903
Carlos Beltran;4;Chris Heisey;0,8835
Carlos Beltran;5;Carlos Silva;0,8752
Carlos Carrasco;1;Balor Moore;0,9428
Carlos Carrasco;2;Eric Munson;0,9277
Carlos Carrasco;3;Gordon Jones;0,9175
Carlos Carrasco;4;Bobby Seay;0,9118
Carlos Carrasco;5;Wei-Yin Chen;0,9043
Carlos Correa;1;Corey Koskie;0,8914
Carlos Correa;2;Rick Ferrell;0,8888
Carlos Correa;3;Tommy Griffith;0,8773
Carlos Correa;4;Reb Russell;0,8753
Carlos Correa;5;Eddie Pellagrini;0,8726
Carlos Delgado;1;Bubbles Hargrave;0,9828
Carlos Delgado;2;Kevin Plawecki;0,9495
Carlos Delgado;3;Roy Parmelee;0,9412
Carlos Delgado;4;Billy Sample;0,9321
Carlos Delgado;5;Ferdie Schupp;0,9301
Carlos Estevez;1;Hideo Nomo;0,9708
Carlos Estevez;2;Neftali Feliz;0,9688
Carlos Estevez;3;Joe Greene;0,9505
Carlos Estevez;4;Frank Kitson;0,9503
Carlos Estevez;5;Butch Wynegar;0,9131
Carlos Garcia;1;Jouett Meekin;0,9875
Carlos Garcia;2;Heath Bell;0,983
Carlos Garcia;3;Grant Balfour;0,983
Carlos Garcia;4;Robbie Ray;0,9825
Carlos Garcia;5;Tanyon Sturtze;0,9813
Carlos Gomez;1;Rowdy Tellez;0,9139
Carlos Gomez;2;Bill Crowley;0,8717
Carlos Gomez;3;Terry Harper;0,8671
Carlos Gomez;4;Bruce Bochy;0,8614
Carlos Gomez;5;Nate Jones;0,8289
Carlos Gonzalez;1;Ryne Duren;0,9341
Carlos Gonzalez;2;Dick Littlefield;0,9256
Carlos Gonzalez;3;Dave Otto;0,9131
Carlos Gonzalez;4;Lance Cormier;0,9072
Carlos Gonzalez;5;Carlos Martinez;0,8931
Carlos Guillen;1;Charlie Reilly;0,9866
Carlos Guillen;2;Leron Lee;0,9101
Carlos Guillen;3;Jack Bentley;0,8989
Carlos Guillen;4;Shane Bieber;0,8898
Carlos Guillen;5;Ray Knight;0,8729
Carlos Hernandez;1;Dave Rosello;0,9701
Carlos Hernandez;2;Cito Gaston;0,9691
Carlos Hernandez;3;Brian Harper;0,9629
Carlos Hernandez;4;Craig Kimbrel;0,9625
Carlos Hernandez;5;Bill Coughlin;0,9619
Carlos Lee;1;Bobby Del Greco;0,8103
Carlos Lee;2;Matt Lindstrom;0,8001
Carlos Lee;3;Max Butcher;0,7944
Carlos Lee;4;Julio Cruz;0,7943
Carlos Lee;5;Tony Tarasco;0,7568
Carlos Marmol;1;Jack Pfiester;0,9624
Carlos Marmol;2;Paul Abbott;0,9488
Carlos Marmol;3;Samuel Byrd;0,9436
Carlos Marmol;4;John Kruk;0,9384
Carlos Marmol;5;Paul Erickson;0,9298
Carlos Martinez;1;Dave Otto;0,9792
Carlos Martinez;2;Dick Littlefield;0,9782
Carlos Martinez;3;Joaquin Arias;0,9627
Carlos Martinez;4;Bob Weiland;0,9408
Carlos Martinez;5;Chris Flexen;0,9371
Carlos May;1;Dave Campbell;0,9775
Carlos May;2;Jake Stahl;0,9751
Carlos May;3;Emmet Heidrick;0,9711
Carlos May;4;Joe Lis;0,9668
Carlos May;5;Chad Wallach;0,9659
Carlos Peña;1;Doug Griffin;0,9177
Carlos Peña;2;Matt Keough;0,8562
Carlos Peña;3;Charlie Hargreaves;0,8501
Carlos Peña;4;Tom McCreery;0,8417
Carlos Peña;5;Eggie Dallard;0,8371
Carlos Quentin;1;Horacio Pina;0,9425
Carlos Quentin;2;Bill Gullickson;0,9272
Carlos Quentin;3;Ryan Franklin;0,9098
Carlos Quentin;4;Joe Gibbon;0,9011
Carlos Quentin;5;Bob Robertson;0,8915
Carlos Reyes;1;Jason Motte;1,0
Carlos Reyes;2;Danny Coulombe;1,0
Carlos Reyes;3;Alberto Reyes;1,0
Carlos Reyes;4;Kelvin Herrera;1,0
Carlos Reyes;5;Rich Garces;1,0
Carlos Rodon;1;Paul Shuey;0,9577
Carlos Rodon;2;Bobby Parnell;0,9568
Carlos Rodon;3;Trevor Richards;0,9516
Carlos Rodon;4;Terry Whitfield;0,9509
Carlos Rodon;5;Mackey Sasser;0,948
Carlos Ruiz;1;Cal Abrams;0,9758
Carlos Ruiz;2;Wes Stock;0,9639
Carlos Ruiz;3;Sandy Alcantara;0,962
Carlos Ruiz;4;Garrett Atkins;0,9581
Carlos Ruiz;5;Subby Byas;0,9574
Carlos Sanchez;1;Jerry Johnson;0,9514
Carlos Sanchez;2;Tommy Pham;0,9512
Carlos Sanchez;3;Ben Grieve;0,9377
Carlos Sanchez;4;Don Lee;0,9349
Carlos Sanchez;5;Turk Wendell;0,934
Carlos Santana;1;Felipe Sierra;0,8669
Carlos Santana;2;Joe Lahoud;0,8451
Carlos Santana;3;Bill Schroeder;0,8316
Carlos Santana;4;Bob Caruthers;0,8289
Carlos Santana;5;Larry Benton;0,8146
Carlos Silva;1;Robby Thompson;0,9325
Carlos Silva;2;Corbin Burnes;0,93
Carlos Silva;3;Moe Berg;0,9195
Carlos Silva;4;Tom Glavine;0,9183
Carlos Silva;5;Reese McGuire;0,8933
Carlos Torres;1;Terry Francona;0,9681
Carlos Torres;2;Hiram Bocachica;0,9581
Carlos Torres;3;Craig Reynolds;0,9573
Carlos Torres;4;Dan Haren;0,9559
Carlos Torres;5;Harry Chiti;0,9496
Carlos Villanueva;1;Seth Lugo;0,9815
Carlos Villanueva;2;Jeff Brantley;0,9721
Carlos Villanueva;3;Roy K. Williams;0,9703
Carlos Villanueva;4;Ross Ohlendorf;0,9594
Carlos Villanueva;5;Chuck Taylor;0,9313
Carlos Zambrano;1;Bob Dernier;0,9107
Carlos Zambrano;2;Walton Cruise;0,8721
Carlos Zambrano;3;Hawk Taylor;0,862
Carlos Zambrano;4;Jimmy Ford;0,8596
Carlos Zambrano;5;Mark Thurmond;0,8512
Carlton Fisk;1;Burgess Whitehead;0,9055
Carlton Fisk;2;Frank Taveras;0,8889
Carlton Fisk;3;Al Newman;0,8881
Carlton Fisk;4;Domingo Ramos;0,8773
Carlton Fisk;5;Buck Jordan;0,8768
Carmelo Castillo;1;Glen Hobbie;0,9181
Carmelo Castillo;2;Joe Spencer;0,8928
Carmelo Castillo;3;Bill Dietrich;0,8771
Carmelo Castillo;4;Oil Can Boyd;0,8692
Carmelo Castillo;5;Taffy Wright;0,8613
Carmelo Martinez;1;George Strickland;0,9495
Carmelo Martinez;2;Kevin Appier;0,9469
Carmelo Martinez;3;Luis Melendez;0,9432
Carmelo Martinez;4;Tony Kaufmann;0,94
Carmelo Martinez;5;Chris Johnson;0,9361
Carmen Hill;1;Scott Service;0,9816
Carmen Hill;2;Jonathan Sanchez;0,9813
Carmen Hill;3;Kevin Correia;0,9663
Carmen Hill;4;Rod Barajas;0,9454
Carmen Hill;5;Virgil Barnes;0,9424
Carney Lansford;1;Henry Merchant;0,9013
Carney Lansford;2;Rudy Kemmler;0,9007
Carney Lansford;3;Samuel Byrd;0,8839
Carney Lansford;4;Ron Swoboda;0,877
Carney Lansford;5;Harry Rice;0,864
Carrenza Howard;1;Pat Meares;0,9655
Carrenza Howard;2;Chris Turner;0,9528
Carrenza Howard;3;Ruben Tejada;0,9489
Carrenza Howard;4;Carlos Rodon;0,9376
Carrenza Howard;5;Terry Whitfield;0,9325
Carson Bigbee;1;Tim Donahue;0,9669
Carson Bigbee;2;Bill Schroeder;0,9608
Carson Bigbee;3;Sam Dente;0,9303
Carson Bigbee;4;Art Shamsky;0,9215
Carson Bigbee;5;Reed Johnson;0,9079
Carson Fulmer;1;Jeffrey Springs;1,0
Carson Fulmer;2;Dan Bankhead;1,0
Carson Fulmer;3;Rafael Montero;1,0
Carson Fulmer;4;Tom Gorman;0,9976
Carson Fulmer;5;Mike Adams;0,9952
Carson Kelly;1;Paul Richards;0,9599
Carson Kelly;2;Alex Verdugo;0,8728
Carson Kelly;3;Herm Wehmeier;0,8671
Carson Kelly;4;Ron Robinson;0,861
Carson Kelly;5;Ryan Hanigan;0,8538
Casey Blake;1;Joe Christopher;0,9467
Casey Blake;2;Wayne Kirby;0,9426
Casey Blake;3;Bill Lohrman;0,9053
Casey Blake;4;Frank Howard;0,8958
Casey Blake;5;Marcelino Lopez;0,8889
Casey Candaele;1;John Huber;0,9656
Casey Candaele;2;Jason Isringhausen;0,9634
Casey Candaele;3;Clay Kirby;0,8992
Casey Candaele;4;Lil Stoner;0,8927
Casey Candaele;5;Eddie Kasko;0,8829
Casey Cox;1;Otis Starks;0,9638
Casey Cox;2;Tony Castillo;0,9483
Casey Cox;3;Jack Hamilton;0,9457
Casey Cox;4;Luis Avilan;0,9379
Casey Cox;5;Don Sutton;0,937
Casey Fossum;1;Terry Mathews;0,9994
Casey Fossum;2;Vicente Palacios;0,9989
Casey Fossum;3;Jesse Orosco;0,9961
Casey Fossum;4;Emilio Pagan;0,9945
Casey Fossum;5;Shaun Marcum;0,9799
Casey Janssen;1;Ben Cantwell;0,9735
Casey Janssen;2;Augie Ojeda;0,9342
Casey Janssen;3;Pete Vuckovich;0,921
Casey Janssen;4;Phil Gagliano;0,9072
Casey Janssen;5;Derek Dietrich;0,8886
Casey Kotchman;1;Tom Jones;0,9747
Casey Kotchman;2;Dave Campbell;0,9696
Casey Kotchman;3;Bobby Crosby;0,9676
Casey Kotchman;4;Will Cunnane;0,9669
Casey Kotchman;5;Ryan Weber;0,9669
Casey McGehee;1;Bobby Mathews;0,9753
Casey McGehee;2;Ted Blankenship;0,9506
Casey McGehee;3;Eddie Rommel;0,9426
Casey McGehee;4;Hank DeBerry;0,9404
Casey McGehee;5;Doc Powers;0,9304
Casey Patten;1;Kerry Wood;0,9574
Casey Patten;2;Carl Willey;0,9508
Casey Patten;3;J. A. Happ;0,9373
Casey Patten;4;Ben McDonald;0,9307
Casey Patten;5;Scott Eyre;0,9294
Casey Stengel;1;Kyle Tucker;0,9856
Casey Stengel;2;Tom Johnson;0,9789
Casey Stengel;3;Jackie Hernandez;0,9752
Casey Stengel;4;Dave Campbell;0,9752
Casey Stengel;5;Tom Jones;0,975
Cass Michaels;1;Earl Williams;0,9332
Cass Michaels;2;Chris Johnson;0,932
Cass Michaels;3;Ed Bailey;0,9177
Cass Michaels;4;Wil Ledezma;0,9097
Cass Michaels;5;Kiki Cuyler;0,9074
Catfish Hunter;1;Willson Contreras;0,9265
Catfish Hunter;2;Rhys Hoskins;0,9252
Catfish Hunter;3;Lonnie Chisenhall;0,9028
Catfish Hunter;4;Frank Wills;0,8819
Catfish Hunter;5;Julio Gotay;0,8764
Cecil Cooper;1;Egyptian Healy;0,8666
Cecil Cooper;2;Terry Kennedy;0,809
Cecil Cooper;3;Eddie Williams;0,8083
Cecil Cooper;4;Derrick May;0,7983
Cecil Cooper;5;Scott Williamson;0,7982
Cecil Espy;1;Rod Barajas;0,9735
Cecil Espy;2;Marc Rzepczynski;0,9564
Cecil Espy;3;Wes Covington;0,9306
Cecil Espy;4;Reggie Jefferson;0,927
Cecil Espy;5;Felix Hernandez;0,9251
Cecil Fielder;1;Paul Zuvella;0,9478
Cecil Fielder;2;Tom Williams;0,9435
Cecil Fielder;3;Taylor Ward;0,9428
Cecil Fielder;4;Rob Brantly;0,9041
Cecil Fielder;5;Sonny Jackson;0,8991
Cecil Travis;1;Ted Uhlaender;0,9619
Cecil Travis;2;Josh Wilson;0,9062
Cecil Travis;3;Wallace Johnson;0,8835
Cecil Travis;4;Mike Marshall;0,8767
Cecil Travis;5;Lee Stange;0,8698
Cecil Upshaw;1;Pete Orr;0,9456
Cecil Upshaw;2;Jim Turner;0,9338
Cecil Upshaw;3;Chris Gomez;0,9144
Cecil Upshaw;4;J. A. Happ;0,9026
Cecil Upshaw;5;Luis Gomez;0,9008
Cecilio Guante;1;Jedd Gyorko;0,9136
Cecilio Guante;2;Tim Hill;0,8807
Cecilio Guante;3;Zack Greinke;0,8783
Cecilio Guante;4;Ollie Brown;0,8729
Cecilio Guante;5;Irvin Brooks;0,8699
Cedric Mullins;1;Red Munger;0,9222
Cedric Mullins;2;Bob Lillis;0,899
Cedric Mullins;3;Denny Doyle;0,8656
Cedric Mullins;4;Aaron Rowand;0,8597
Cedric Mullins;5;William Binga;0,8563
Cesar Cedeno;1;Phil Todt;0,8963
Cesar Cedeno;2;Earl Wilson;0,8846
Cesar Cedeno;3;Greg Walker;0,8811
Cesar Cedeno;4;Devin Mesoraco;0,8608
Cesar Cedeno;5;Babe Pinelli;0,8592
Cesar Geronimo;1;Welington Castillo;0,9848
Cesar Geronimo;2;Scott Bradley;0,9824
Cesar Geronimo;3;Johnny Wyrostek;0,9753
Cesar Geronimo;4;Johnny Hodapp;0,9722
Cesar Geronimo;5;Marty Perez;0,9717
Cesar Hernandez;1;Nippy Jones;0,9863
Cesar Hernandez;2;Jose Vidro;0,9819
Cesar Hernandez;3;Kip Selbach;0,98
Cesar Hernandez;4;Tommie Reynolds;0,9772
Cesar Hernandez;5;Ray Morgan;0,976
Cesar Izturis;1;Philip Gosselin;0,942
Cesar Izturis;2;Bill Bayne;0,9218
Cesar Izturis;3;Dan Ford;0,9191
Cesar Izturis;4;Gabe Kapler;0,8844
Cesar Izturis;5;Jack Warhop;0,8749
Cesar Ramos;1;Josh Hader;1,0
Cesar Ramos;2;Chris Hatcher;1,0
Cesar Ramos;3;Chris Gwynn;1,0
Cesar Ramos;4;Matt Barnes;1,0
Cesar Ramos;5;Chasen Shreve;1,0
Cesar Tovar;1;Jason Bartlett;0,9826
Cesar Tovar;2;Bud Clancy;0,9803
Cesar Tovar;3;Elmer Myers;0,9771
Cesar Tovar;4;Reid Brignac;0,9707
Cesar Tovar;5;Ken Silvestri;0,97
Chad Billingsley;1;Wayne Kirby;0,9622
Chad Billingsley;2;Joe Christopher;0,9446
Chad Billingsley;3;Chick Shorten;0,9397
Chad Billingsley;4;Chris Sale;0,9123
Chad Billingsley;5;Jay Payton;0,9094
Chad Bradford;1;So Taguchi;0,9502
Chad Bradford;2;Jake Wade;0,9457
Chad Bradford;3;Pretzels Getzien;0,9091
Chad Bradford;4;John Henry Johnson;0,9031
Chad Bradford;5;Walt Wilmot;0,898
Chad Curtis;1;Dan Johnson;0,9371
Chad Curtis;2;Connie Day;0,9358
Chad Curtis;3;Josh Phegley;0,9188
Chad Curtis;4;Tony Castillo;0,9077
Chad Curtis;5;Jason LaRue;0,9029
Chad Durbin;1;Roger Moret;0,9789
Chad Durbin;2;Matt Harrison;0,9758
Chad Durbin;3;Heath Hembree;0,9753
Chad Durbin;4;Eddie Williams;0,974
Chad Durbin;5;Randall Delgado;0,9607
Chad Fox;1;George Sherrill;0,9998
Chad Fox;2;Matt Mantei;0,9971
Chad Fox;3;Sal Yvars;0,9781
Chad Fox;4;Chris Zachary;0,972
Chad Fox;5;Hal Brown;0,9642
Chad Gaudin;1;Mickey Stanley;0,8969
Chad Gaudin;2;Garrett Richards;0,8655
Chad Gaudin;3;Clay Holmes;0,8633
Chad Gaudin;4;Steve Stone;0,8409
Chad Gaudin;5;Ramon Laureano;0,8396
Chad Kreuter;1;James Mouton;0,8939
Chad Kreuter;2;Del Wilber;0,8909
Chad Kreuter;3;Tony Tarasco;0,8607
Chad Kreuter;4;Garrett Cooper;0,8555
Chad Kreuter;5;Dave Leiper;0,8523
Chad Kuhl;1;Jeremy Hellickson;0,9749
Chad Kuhl;2;Dick Tidrow;0,9077
Chad Kuhl;3;Steve Karsay;0,9046
Chad Kuhl;4;Jerry Remy;0,9035
Chad Kuhl;5;Todd Zeile;0,9034
Chad Moeller;1;Al Milnar;0,9503
Chad Moeller;2;Ken Silvestri;0,9488
Chad Moeller;3;Nate Jones;0,9451
Chad Moeller;4;C. J. Nitkowski;0,92
Chad Moeller;5;Samuel Byrd;0,9046
Chad Qualls;1;Chuck Cary;0,9863
Chad Qualls;2;Marco Estrada;0,9863
Chad Qualls;3;Ryan Yarbrough;0,9824
Chad Qualls;4;Calvin Schiraldi;0,931
Chad Qualls;5;Wally Bunker;0,9111
Chad Tracy;1;Willy Adames;0,9749
Chad Tracy;2;Luis Cessa;0,9437
Chad Tracy;3;Chris Speier;0,9434
Chad Tracy;4;Brad Brach;0,9344
Chad Tracy;5;Freddy Leach;0,9341
Chad Wallach;1;Brad Wilkerson;0,9947
Chad Wallach;2;Darin Erstad;0,9943
Chad Wallach;3;Dennis Springer;0,9873
Chad Wallach;4;Denny McLain;0,981
Chad Wallach;5;Jose Vidro;0,9792
Champ Summers;1;Jumbo Brown;0,9413
Champ Summers;2;Ed Spiezio;0,9353
Champ Summers;3;Jim O'Toole;0,932
Champ Summers;4;Johnny Blanchard;0,9278
Champ Summers;5;Trevor Wilson;0,9153
Chan Ho Park;1;Del Wilber;0,9113
Chan Ho Park;2;Agustín Parpetti;0,9099
Chan Ho Park;3;Tomo Ohka;0,8956
Chan Ho Park;4;Johnny Humphries;0,8841
Chan Ho Park;5;Jason Jennings;0,868
Chaney White;1;Chick Galloway;0,9046
Chaney White;2;Steve Bilko;0,8569
Chaney White;3;Earl Williams;0,8433
Chaney White;4;Tully Sparks;0,8373
Chaney White;5;Birdie Cree;0,8269
Chappie Johnson;1;Chuck Taylor;0,9507
Chappie Johnson;2;Carlos Villanueva;0,927
Chappie Johnson;3;Roy K. Williams;0,8986
Chappie Johnson;4;Don Mossi;0,8941
Chappie Johnson;5;Mike Jeffcoat;0,8802
Charles Bender;1;Charles Gipson;0,8989
Charles Bender;2;Andy Coakley;0,8742
Charles Bender;3;Ozzie Albies;0,8644
Charles Bender;4;Kelly Downs;0,853
Charles Bender;5;Max Bishop;0,8517
Charles Earle;1;Erskine Mayer;0,9553
Charles Earle;2;Reid Nichols;0,9519
Charles Earle;3;Nate Robertson;0,9486
Charles Earle;4;Tom Jones;0,9476
Charles Earle;5;Bobby Crosby;0,9436
Charles Fulmer;1;Aaron Sanchez;0,919
Charles Fulmer;2;Lonnie Chisenhall;0,9076
Charles Fulmer;3;Lyn Lary;0,8879
Charles Fulmer;4;Rogers Hornsby;0,8874
Charles Fulmer;5;Joe Dugan;0,8758
Charles Gipson;1;Pete Alexander;0,9625
Charles Gipson;2;Charles Nagy;0,9566
Charles Gipson;3;Jim Landis;0,9564
Charles Gipson;4;John Anderson;0,9284
Charles Gipson;5;Tommy Corcoran;0,9263
Charles Johnson;1;Elrod Hendricks;0,9548
Charles Johnson;2;Hal Wagner;0,9354
Charles Johnson;3;Randy Hundley;0,9273
Charles Johnson;4;Fred Kendall;0,9131
Charles Johnson;5;Jose Valverde;0,9101
Charles Nagy;1;Charles Gipson;0,9566
Charles Nagy;2;Klondike Douglass;0,9248
Charles Nagy;3;John Reilly;0,9189
Charles Nagy;4;Joe Lis;0,8977
Charles Nagy;5;Travis Fryman;0,8868
Charles Zimmer;1;George Decker;0,9887
Charles Zimmer;2;Ray Morgan;0,984
Charles Zimmer;3;Eddie Pellagrini;0,9814
Charles Zimmer;4;Joe Lis;0,9789
Charles Zimmer;5;Brad Wilkerson;0,9707
Charley Bassett;1;Hobe Ferris;0,9593
Charley Bassett;2;John Irwin;0,957
Charley Bassett;3;Dave Orr;0,93
Charley Bassett;4;Vicente Rodríguez;0,9292
Charley Bassett;5;Edgar Wesley;0,9288
Charley Hall;1;Danny Patterson;0,9856
Charley Hall;2;Bill Evans;0,9845
Charley Hall;3;Chuck Hiller;0,9829
Charley Hall;4;Hank Greenberg;0,9739
Charley Hall;5;Luis Quinones;0,9718
Charley Jones;1;Carlos Hernandez;0,9448
Charley Jones;2;Devin Mesoraco;0,9447
Charley Jones;3;Tim Naehring;0,9244
Charley Jones;4;John O'Donoghue;0,9231
Charley Jones;5;Jimmy Archer;0,922
Charley O'Leary;1;Harry McCurdy;0,9228
Charley O'Leary;2;Kaiser Wilhelm;0,9196
Charley O'Leary;3;Duffy Lewis;0,8817
Charley O'Leary;4;Red Murray;0,862
Charley O'Leary;5;Mickey Lolich;0,8511
Charley Smith;1;Spottswood Poles;0,9039
Charley Smith;2;Jurickson Profar;0,8084
Charley Smith;3;Rick Reuschel;0,8051
Charley Smith;4;Sandy Alomar;0,7968
Charley Smith;5;Chris Stynes;0,7939
Charlie Bastian;1;Gabby Street;0,9382
Charlie Bastian;2;Ozzie Guillen;0,8786
Charlie Bastian;3;Ed Figueroa;0,8776
Charlie Bastian;4;Sherry Smith;0,8708
Charlie Bastian;5;Buddy Burbage;0,8556
Charlie Bennett;1;Ed Doheny;0,9951
Charlie Bennett;2;John O'Donoghue;0,9705
Charlie Bennett;3;Tim Naehring;0,9663
Charlie Bennett;4;Ed Swartwood;0,9552
Charlie Bennett;5;Garrett Hampson;0,9526
Charlie Berry;1;Tommie Reynolds;0,99
Charlie Berry;2;Nippy Jones;0,9887
Charlie Berry;3;Tyler Glasnow;0,9884
Charlie Berry;4;Byron Browne;0,9843
Charlie Berry;5;Kyle Tucker;0,9826
Charlie Blackmon;1;Danny McClellan;0,9377
Charlie Blackmon;2;Larvell Blanks;0,9367
Charlie Blackmon;3;Freddy Peralta;0,9362
Charlie Blackmon;4;Ivan Murrell;0,925
Charlie Blackmon;5;Kyle Kendrick;0,921
Charlie Blackwell;1;Jamie Quirk;0,8972
Charlie Blackwell;2;Orville Singer;0,8804
Charlie Blackwell;3;Wayne Nordhagen;0,8741
Charlie Blackwell;4;Chico Ruiz;0,8711
Charlie Blackwell;5;Billy Horne;0,867
Charlie Buffinton;1;Billy McKinney;0,9375
Charlie Buffinton;2;Willie Jones;0,9293
Charlie Buffinton;3;Martin Prado;0,927
Charlie Buffinton;4;George Hemming;0,9214
Charlie Buffinton;5;Frank Scheibeck;0,9167
Charlie Comiskey;1;T. J. Mathews;0,8998
Charlie Comiskey;2;Billy McKinney;0,8958
Charlie Comiskey;3;Eddie Stanky;0,8924
Charlie Comiskey;4;Addie Joss;0,8805
Charlie Comiskey;5;Reb Russell;0,8799
Charlie Culberson;1;Bill Merritt;0,9285
Charlie Culberson;2;Bill Travers;0,908
Charlie Culberson;3;Raimel Tapia;0,8758
Charlie Culberson;4;Alex Ochoa;0,8757
Charlie Culberson;5;Ray Scarborough;0,8605
Charlie Deal;1;Hank Thompson;0,94
Charlie Deal;2;Tom Satriano;0,9367
Charlie Deal;3;Dale Murphy;0,931
Charlie Deal;4;Dewey Creacy;0,9282
Charlie Deal;5;Jhonny Peralta;0,9279
Charlie Dexter;1;Albie Lopez;0,9576
Charlie Dexter;2;Bill Doak;0,9549
Charlie Dexter;3;Scott Rolen;0,9446
Charlie Dexter;4;Benny Ayala;0,9272
Charlie Dexter;5;Mickey Mantle;0,9166
Charlie Ganzel;1;Wil Ledezma;0,9439
Charlie Ganzel;2;Chris Johnson;0,9097
Charlie Ganzel;3;Hal Gregg;0,8837
Charlie Ganzel;4;Damian Miller;0,8812
Charlie Ganzel;5;Marv Grissom;0,8672
Charlie Gehringer;1;Bob Montgomery;0,8727
Charlie Gehringer;2;Gil Hatfield;0,8439
Charlie Gehringer;3;Wayne Krenchicki;0,8324
Charlie Gehringer;4;Rudy Kemmler;0,815
Charlie Gehringer;5;Jerry DaVanon;0,805
Charlie Gelbert;1;Eric Hosmer;0,9583
Charlie Gelbert;2;Mickey Owen;0,9096
Charlie Gelbert;3;Danny Hoffman;0,8949
Charlie Gelbert;4;Floyd Baker;0,8908
Charlie Gelbert;5;Bill Bernhard;0,8844
Charlie Grant;1;Rowdy Tellez;0,9731
Charlie Grant;2;Nate Jones;0,9685
Charlie Grant;3;Al Milnar;0,9654
Charlie Grant;4;Frank Gibson;0,958
Charlie Grant;5;Dick Schofield;0,9494
Charlie Grimm;1;Tyler Glasnow;0,9929
Charlie Grimm;2;John Grim;0,9855
Charlie Grimm;3;Alfredo Griffin;0,9836
Charlie Grimm;4;Tom Johnson;0,9818
Charlie Grimm;5;Von Hayes;0,9811
Charlie Hargreaves;1;Luke Scott;0,9825
Charlie Hargreaves;2;Clay Buchholz;0,9767
Charlie Hargreaves;3;John Kerr;0,9647
Charlie Hargreaves;4;Nick Swisher;0,9626
Charlie Hargreaves;5;Devin Mesoraco;0,962
Charlie Hayes;1;J. P. Crawford;0,9086
Charlie Hayes;2;Joe Battin;0,8933
Charlie Hayes;3;Steve Dillard;0,8911
Charlie Hayes;4;Lamar Johnson;0,8858
Charlie Hayes;5;John Romano;0,8774
Charlie Hemphill;1;Joe Mulvey;0,9769
Charlie Hemphill;2;Dennis Springer;0,9739
Charlie Hemphill;3;Chad Wallach;0,9692
Charlie Hemphill;4;Kameron Loe;0,967
Charlie Hemphill;5;Brad Wilkerson;0,9661
Charlie Hickman;1;Dan Jennings;0,9677
Charlie Hickman;2;Matt Harrison;0,933
Charlie Hickman;3;Chris Martin;0,9192
Charlie Hickman;4;Lennie Pearson;0,9173
Charlie Hickman;5;Vance Worley;0,912
Charlie Hough;1;Xavier Cedeno;0,9379
Charlie Hough;2;Joey Eischen;0,9361
Charlie Hough;3;Darin Ruf;0,9353
Charlie Hough;4;Bob Owchinko;0,9297
Charlie Hough;5;Mychal Givens;0,9274
Charlie Irwin;1;Mike Maddux;0,9637
Charlie Irwin;2;Ben Zobrist;0,9529
Charlie Irwin;3;Jim Sundberg;0,9512
Charlie Irwin;4;Tom Satriano;0,9402
Charlie Irwin;5;Tony Womack;0,9382
Charlie Jamieson;1;Will Venable;0,9433
Charlie Jamieson;2;Trevor Williams;0,9255
Charlie Jamieson;3;Chris Codiroli;0,9193
Charlie Jamieson;4;Tim Laudner;0,8983
Charlie Jamieson;5;German Marquez;0,8832
Charlie Keller;1;Manny Mota;0,9234
Charlie Keller;2;Reb Russell;0,9014
Charlie Keller;3;Will Clark;0,8766
Charlie Keller;4;Kevin Stocker;0,8725
Charlie Keller;5;Nick Esasky;0,8426
Charlie Lau;1;Matt Belisle;0,9382
Charlie Lau;2;Tom Gorzelanny;0,9372
Charlie Lau;3;Ervin Santana;0,8697
Charlie Lau;4;Tyler Kinley;0,8645
Charlie Lau;5;Jim Bagby;0,8624
Charlie Leibrandt;1;Pete Mikkelsen;0,8979
Charlie Leibrandt;2;Sam Fuld;0,8632
Charlie Leibrandt;3;Kendall Graveman;0,8584
Charlie Leibrandt;4;Mark Huismann;0,8558
Charlie Leibrandt;5;Ross Stripling;0,8511
Charlie Mason;1;Roy Welmaker;0,9808
Charlie Mason;2;Josh Harrison;0,9734
Charlie Mason;3;Jack O'Connor;0,969
Charlie Mason;4;Denny McLain;0,9554
Charlie Mason;5;Mike Cuellar;0,9536
Charlie Maxwell;1;Eric Milton;0,9695
Charlie Maxwell;2;Lou Dials;0,9623
Charlie Maxwell;3;Don Carrithers;0,9483
Charlie Maxwell;4;Carlos Torres;0,9334
Charlie Maxwell;5;Wesley Wright;0,9306
Charlie Moore;1;Manny Parra;0,9333
Charlie Moore;2;Freddy Peralta;0,917
Charlie Moore;3;Patrick Gillespie;0,9134
Charlie Moore;4;Jose Veras;0,907
Charlie Moore;5;Corey Knebel;0,907
Charlie Morton;1;Bill Caudill;0,8946
Charlie Morton;2;Dave Barnhill;0,8791
Charlie Morton;3;Joe Jimenez;0,8767
Charlie Morton;4;Bryan Clark;0,855
Charlie Morton;5;Bobby Del Greco;0,8512
Charlie Neal;1;Mitch Haniger;0,9018
Charlie Neal;2;Beals Becker;0,8997
Charlie Neal;3;George Dixon;0,8949
Charlie Neal;4;Ed Heusser;0,8937
Charlie Neal;5;Zoilo Versalles;0,8893
Charlie O'Brien;1;Hal Naragon;0,9595
Charlie O'Brien;2;Alex McCarthy;0,9409
Charlie O'Brien;3;Darren Dreifort;0,9377
Charlie O'Brien;4;Mark Carreon;0,9368
Charlie O'Brien;5;Frank Isbell;0,9367
Charlie Puleo;1;Rick Rhoden;0,9742
Charlie Puleo;2;Ron Kittle;0,9388
Charlie Puleo;3;Tom Buskey;0,9382
Charlie Puleo;4;James Loney;0,9309
Charlie Puleo;5;Sparky Lyle;0,9296
Charlie Reilly;1;Carlos Guillen;0,9866
Charlie Reilly;2;Derrel Thomas;0,9532
Charlie Reilly;3;Tom Prince;0,9401
Charlie Reilly;4;Jeff Burroughs;0,9353
Charlie Reilly;5;Mike Ivie;0,9271
Charlie Root;1;Taffy Wright;0,9722
Charlie Root;2;Gene Packard;0,9641
Charlie Root;3;Joey Amalfitano;0,935
Charlie Root;4;Chris Johnson;0,9133
Charlie Root;5;Carmelo Martinez;0,8965
Charlie Silvera;1;Erik Bedard;0,9437
Charlie Silvera;2;Earl Caldwell;0,9236
Charlie Silvera;3;Jose Leclerc;0,92
Charlie Silvera;4;Ron Herbel;0,9159
Charlie Silvera;5;Nick Masset;0,9113
Charlie Smith;1;Sam Jethroe;0,9578
Charlie Smith;2;Jonathan Schoop;0,9515
Charlie Smith;3;Jakob Junis;0,9456
Charlie Smith;4;Drew Butera;0,9016
Charlie Smith;5;Tex Carleton;0,889
Charlie Spikes;1;Kerry Wood;0,9702
Charlie Spikes;2;Curt Wilkerson;0,9598
Charlie Spikes;3;J. A. Happ;0,9593
Charlie Spikes;4;Luis Bustamante;0,9491
Charlie Spikes;5;Erv Dusak;0,9413
Charlie Williams;1;Bert Gallia;0,993
Charlie Williams;2;Brian Matusz;0,9868
Charlie Williams;3;Alan Benes;0,9868
Charlie Williams;4;Salomon Torres;0,9868
Charlie Williams;5;Fernando Abad;0,9868
Chase Anderson;1;Donnie Sadler;0,9608
Chase Anderson;2;Bob Bruce;0,8944
Chase Anderson;3;Mike Vail;0,8919
Chase Anderson;4;Hugh Nicol;0,8771
Chase Anderson;5;Lon Knight;0,8747
Chase Headley;1;Wally Roettger;0,9957
Chase Headley;2;Will Cunnane;0,9935
Chase Headley;3;Ryan Weber;0,9935
Chase Headley;4;Jeremy Accardo;0,9935
Chase Headley;5;Pat Clements;0,9935
Chase Utley;1;Joe Sommer;0,9373
Chase Utley;2;Isidro Fabré;0,9039
Chase Utley;3;Andre Thornton;0,8851
Chase Utley;4;Egyptian Healy;0,8567
Chase Utley;5;Ed Phelps;0,8529
Chasen Shreve;1;John Brebbia;1,0
Chasen Shreve;2;Josh Hader;1,0
Chasen Shreve;3;Jim Mecir;1,0
Chasen Shreve;4;Matt Barnes;1,0
Chasen Shreve;5;Dan Otero;1,0
Cherokee Fisher;1;Travis Shaw;0,9709
Cherokee Fisher;2;Ronny Paulino;0,9617
Cherokee Fisher;3;Rich Gossage;0,9188
Cherokee Fisher;4;Bobby Brown;0,9117
Cherokee Fisher;5;Pascual Perez;0,8929
Chester Williams;1;Albie Pearson;0,975
Chester Williams;2;Nolan Reimold;0,9294
Chester Williams;3;Jerome Walton;0,912
Chester Williams;4;Steve Lyons;0,8864
Chester Williams;5;Gene DeMontreville;0,8757
Chet Brewer;1;Lil Stoner;0,9267
Chet Brewer;2;Randy Jones;0,8872
Chet Brewer;3;Dick Sisler;0,8642
Chet Brewer;4;Ossie Vitt;0,8552
Chet Brewer;5;Alex Ferguson;0,8446
Chet Laabs;1;Fielder Jones;0,8907
Chet Laabs;2;Ed Andrews;0,885
Chet Laabs;3;Edwin Encarnacion;0,8793
Chet Laabs;4;Mickey Lolich;0,874
Chet Laabs;5;Jeff Cirillo;0,8634
Chet Lemon;1;Tom Jones;0,9874
Chet Lemon;2;Mike Tauchman;0,9827
Chet Lemon;3;Ownie Carroll;0,9802
Chet Lemon;4;Wes Stock;0,9779
Chet Lemon;5;Billy Klaus;0,9775
Chet Nichols;1;Roger Freed;0,9932
Chet Nichols;2;Mark Knudson;0,989
Chet Nichols;3;Ben Gamel;0,9785
Chet Nichols;4;Darltie Cooper;0,9687
Chet Nichols;5;Pedro Strop;0,9672
Chick Fewster;1;Joe Page;0,9482
Chick Fewster;2;Hank Johnson;0,9419
Chick Fewster;3;Whit Wyatt;0,9292
Chick Fewster;4;Eddie Burke;0,9279
Chick Fewster;5;John Barry;0,9275
Chick Fraser;1;Ted Alexander;0,9467
Chick Fraser;2;Matt Morris;0,9371
Chick Fraser;3;Ray Morgan;0,9287
Chick Fraser;4;Eddie Pellagrini;0,92
Chick Fraser;5;Dave Koslo;0,9114
Chick Galloway;1;Don Kessinger;0,9154
Chick Galloway;2;Chaney White;0,9046
Chick Galloway;3;Sibby Sisti;0,9043
Chick Galloway;4;Ben Cantwell;0,902
Chick Galloway;5;Jeff Burroughs;0,8749
Chick Gandil;1;Cy Seymour;0,9061
Chick Gandil;2;Yadier Molina;0,9053
Chick Gandil;3;Darnell Coles;0,9017
Chick Gandil;4;Jim Spencer;0,8831
Chick Gandil;5;Jack Warner;0,8739
Chick Hafey;1;Garrett Hampson;0,9734
Chick Hafey;2;Chad Wallach;0,9519
Chick Hafey;3;Brian Tallet;0,946
Chick Hafey;4;Brad Wilkerson;0,9458
Chick Hafey;5;Roy Lee Jackson;0,945
Chick Shorten;1;Merv Rettenmund;0,9427
Chick Shorten;2;Chad Billingsley;0,9397
Chick Shorten;3;Dave Smith;0,9336
Chick Shorten;4;Joe Christopher;0,9327
Chick Shorten;5;Gabby Hartnett;0,9292
Chick Stahl;1;John Kerr;0,978
Chick Stahl;2;Tyler Wade;0,9637
Chick Stahl;3;Jim Morrison;0,9618
Chick Stahl;4;Fred Gladding;0,9509
Chick Stahl;5;Mike Tauchman;0,9436
Chicken Wolf;1;Roy Hartzell;0,9023
Chicken Wolf;2;Carlos Silva;0,8859
Chicken Wolf;3;Dick Hoblitzell;0,8812
Chicken Wolf;4;Keith Miller;0,867
Chicken Wolf;5;Billy Nash;0,849
Chico Carrasquel;1;Mel Rojas;0,8757
Chico Carrasquel;2;John Richmond;0,8642
Chico Carrasquel;3;Oscar Judd;0,8626
Chico Carrasquel;4;Christian Vazquez;0,8622
Chico Carrasquel;5;Javier Baez;0,8544
Chico Fernandez;1;Joaquin Arias;0,9388
Chico Fernandez;2;Aaron Hicks;0,9334
Chico Fernandez;3;Hurley McNair;0,9326
Chico Fernandez;4;Mike Marshall;0,9209
Chico Fernandez;5;Sam Fuld;0,9161
Chico Ruiz;1;Jason Castro;0,9557
Chico Ruiz;2;Dewey Creacy;0,9553
Chico Ruiz;3;Duff Cooley;0,9379
Chico Ruiz;4;Bill Barrett;0,9328
Chico Ruiz;5;Nolan Arenado;0,9326
Chico Salmon;1;Jay Gibbons;0,9555
Chico Salmon;2;Collin McHugh;0,9293
Chico Salmon;3;Rod Barajas;0,9067
Chico Salmon;4;Javier Vazquez;0,8954
Chico Salmon;5;Wes Covington;0,8852
Chico Walker;1;Paul Schaal;0,8709
Chico Walker;2;Louis Miller;0,8161
Chico Walker;3;Frank Schulte;0,8138
Chico Walker;4;Terry Humphrey;0,8119
Chico Walker;5;Roman Mejias;0,8106
Chien-Ming Wang;1;Johnny Markham;0,9692
Chien-Ming Wang;2;Dan Otero;0,9632
Chien-Ming Wang;3;Cesar Ramos;0,9632
Chien-Ming Wang;4;Hoby Milner;0,9632
Chien-Ming Wang;5;John Brebbia;0,9632
Chili Davis;1;Scott Leius;0,9346
Chili Davis;2;Tony Piet;0,913
Chili Davis;3;Eddie Milner;0,9109
Chili Davis;4;Ted Uhlaender;0,9082
Chili Davis;5;Kelly Shoppach;0,908
Chipper Jones;1;Benny Kauff;0,9608
Chipper Jones;2;Steve Dillard;0,9139
Chipper Jones;3;Toby Hall;0,8874
Chipper Jones;4;Woody Woodward;0,8818
Chipper Jones;5;Chris Jones;0,8595
Chippy McGarr;1;Malachi Kittridge;0,8837
Chippy McGarr;2;Rube Curry;0,8722
Chippy McGarr;3;Tony Peña;0,859
Chippy McGarr;4;Bert Adams;0,8573
Chippy McGarr;5;Johnny Hopp;0,8505
Chone Figgins;1;Erskine Mayer;0,8979
Chone Figgins;2;Brendan Harris;0,8879
Chone Figgins;3;Steve Mingori;0,8835
Chone Figgins;4;Kevin Cash;0,8577
Chone Figgins;5;Jack Hamilton;0,8568
Chris Archer;1;Robert Person;0,9855
Chris Archer;2;Brad Komminsk;0,9635
Chris Archer;3;Del Pratt;0,9589
Chris Archer;4;Ray Chapman;0,9545
Chris Archer;5;Dick Howser;0,9419
Chris Bando;1;Johnny Allen;0,9305
Chris Bando;2;Bobby Crosby;0,9219
Chris Bando;3;Jimmy Outlaw;0,9215
Chris Bando;4;Bobby Darwin;0,9189
Chris Bando;5;Andy Carey;0,915
Chris Bassitt;1;Mike Morgan;0,9174
Chris Bassitt;2;Dean Stone;0,9054
Chris Bassitt;3;Fred Scherman;0,8917
Chris Bassitt;4;Robert Stephenson;0,8916
Chris Bassitt;5;Duke Esper;0,8559
Chris Bosio;1;Jorge Velandia;0,9603
Chris Bosio;2;Chuck Crim;0,9526
Chris Bosio;3;Adrian Beltre;0,9422
Chris Bosio;4;Gene Baker;0,9335
Chris Bosio;5;Jimmy Williams;0,9305
Chris Cannizzaro;1;Dutch Henry;0,9331
Chris Cannizzaro;2;Dick Siebert;0,9133
Chris Cannizzaro;3;Tommy Boggs;0,8647
Chris Cannizzaro;4;Danny Taylor;0,8462
Chris Cannizzaro;5;Armando Reynoso;0,845
Chris Capuano;1;Kevin Mitchell;0,9766
Chris Capuano;2;Andre Ethier;0,9712
Chris Capuano;3;Ted Sizemore;0,9657
Chris Capuano;4;Elrod Hendricks;0,9575
Chris Capuano;5;Jarrod Saltalamacchia;0,9417
Chris Carpenter;1;Xavier Hernandez;0,9791
Chris Carpenter;2;Kevin Young;0,9751
Chris Carpenter;3;Jim Gosger;0,975
Chris Carpenter;4;Subby Byas;0,9736
Chris Carpenter;5;Jim Keenan;0,9684
Chris Carter;1;Cal Koonce;0,9921
Chris Carter;2;Mike Harkey;0,9852
Chris Carter;3;Jorge Julio;0,9821
Chris Carter;4;Wally Pipp;0,9813
Chris Carter;5;Al Dark;0,9805
Chris Chambliss;1;John Coleman;0,8603
Chris Chambliss;2;Buddy Lewis;0,8517
Chris Chambliss;3;Tyler Duffey;0,8481
Chris Chambliss;4;Wade Miller;0,8278
Chris Chambliss;5;Don Aase;0,8255
Chris Codiroli;1;Ed Whitson;0,9827
Chris Codiroli;2;Buddy Black;0,9709
Chris Codiroli;3;Rico Carty;0,9608
Chris Codiroli;4;Ellis Kinder;0,9399
Chris Codiroli;5;Mark Huismann;0,938
Chris Coghlan;1;Johnny Podres;0,9724
Chris Coghlan;2;Bobby Robinson;0,9721
Chris Coghlan;3;Todd Hundley;0,9385
Chris Coghlan;4;Pete Schourek;0,9376
Chris Coghlan;5;Casey Cox;0,9344
Chris Davis;1;Bud Podbielan;0,968
Chris Davis;2;Herb Score;0,9625
Chris Davis;3;Fred Carisch;0,9578
Chris Davis;4;Balor Moore;0,9433
Chris Davis;5;Josh Phelps;0,9394
Chris Denorfia;1;Jesus Alou;0,9505
Chris Denorfia;2;Joe Oeschger;0,9429
Chris Denorfia;3;Darren Dreifort;0,9373
Chris Denorfia;4;Daniel Murphy;0,9309
Chris Denorfia;5;Charlie O'Brien;0,9296
Chris Devenski;1;Jose Veras;1,0
Chris Devenski;2;Corey Knebel;1,0
Chris Devenski;3;Harry Eisenstat;0,9999
Chris Devenski;4;Randall Delgado;0,9994
Chris Devenski;5;Heath Hembree;0,9922
Chris Donnels;1;Kent Tekulve;0,9423
Chris Donnels;2;John Vander Wal;0,9303
Chris Donnels;3;Bob Grim;0,9211
Chris Donnels;4;Zack Wheeler;0,9163
Chris Donnels;5;Tim Redding;0,8909
Chris Flexen;1;Bill Evans;0,9682
Chris Flexen;2;Todd Van Poppel;0,9658
Chris Flexen;3;Milo Candini;0,9656
Chris Flexen;4;Chuck Hiller;0,9504
Chris Flexen;5;Duke Cleveland;0,9503
Chris Gimenez;1;Jimmy Key;0,884
Chris Gimenez;2;Jim Barr;0,8503
Chris Gimenez;3;Bruce Kison;0,8496
Chris Gimenez;4;Craig Stammen;0,836
Chris Gimenez;5;Bill Henry;0,8343
Chris Gomez;1;Erv Dusak;0,984
Chris Gomez;2;Pete Orr;0,9518
Chris Gomez;3;Jim Turner;0,95
Chris Gomez;4;Rafael Landestoy;0,9301
Chris Gomez;5;Bill Evans;0,9262
Chris Gwynn;1;Chasen Shreve;1,0
Chris Gwynn;2;Cesar Ramos;1,0
Chris Gwynn;3;Dan Otero;1,0
Chris Gwynn;4;Tanyon Sturtze;1,0
Chris Gwynn;5;Rafael Betancourt;1,0
Chris Hammond;1;Dave Campbell;0,9833
Chris Hammond;2;Wally Roettger;0,9767
Chris Hammond;3;Tom Jones;0,9746
Chris Hammond;4;Fatty Briody;0,9732
Chris Hammond;5;Ryan Weber;0,9729
Chris Haney;1;Socks Seybold;0,9238
Chris Haney;2;Chris Turner;0,9204
Chris Haney;3;Curt Leskanic;0,9141
Chris Haney;4;Carrenza Howard;0,8878
Chris Haney;5;Billy Holland;0,8852
Chris Hatcher;1;Cesar Ramos;1,0
Chris Hatcher;2;Josh Hader;1,0
Chris Hatcher;3;Matt Barnes;1,0
Chris Hatcher;4;Jim Mecir;1,0
Chris Hatcher;5;John Brebbia;1,0
Chris Heisey;1;Bobby Murcer;0,9805
Chris Heisey;2;Logan Morrison;0,9756
Chris Heisey;3;Tex Clevenger;0,9726
Chris Heisey;4;Dots Miller;0,9678
Chris Heisey;5;Dan Brouthers;0,9675
Chris Herrmann;1;Brady Clark;0,9858
Chris Herrmann;2;Cy Morgan;0,9765
Chris Herrmann;3;Luke Sewell;0,9643
Chris Herrmann;4;Kyle Kendrick;0,9601
Chris Herrmann;5;Andy Kosco;0,9479
Chris Hoiles;1;Leroy Stanton;0,9354
Chris Hoiles;2;Allen Sothoron;0,9294
Chris Hoiles;3;Marc Hill;0,9118
Chris Hoiles;4;Scott Garrelts;0,9008
Chris Hoiles;5;Danny Bautista;0,8909
Chris Iannetta;1;Monte Weaver;0,9347
Chris Iannetta;2;Chad Fox;0,9012
Chris Iannetta;3;George Sherrill;0,9001
Chris Iannetta;4;Matt Mantei;0,8982
Chris Iannetta;5;Pete Mikkelsen;0,8974
Chris James;1;Scott Livingstone;0,9389
Chris James;2;Lew Richie;0,8977
Chris James;3;Tony Piet;0,8713
Chris James;4;Reggie Jefferson;0,8628
Chris James;5;Dioner Navarro;0,8422
Chris Johnson;1;Damian Miller;0,9843
Chris Johnson;2;Roger Bresnahan;0,9657
Chris Johnson;3;Kevin Appier;0,9608
Chris Johnson;4;Pete Ward;0,9593
Chris Johnson;5;Tony Kaufmann;0,9576
Chris Jones;1;Jolbert Cabrera;0,9553
Chris Jones;2;Rip Sewell;0,9417
Chris Jones;3;Howie Pollet;0,9348
Chris Jones;4;Jeff DaVanon;0,9121
Chris Jones;5;Ferdie Schupp;0,8988
Chris Martin;1;Cory Lidle;0,9481
Chris Martin;2;Dan Jennings;0,9321
Chris Martin;3;Charlie Hickman;0,9192
Chris Martin;4;Matt Harrison;0,9158
Chris Martin;5;Gavin Floyd;0,9059
Chris Owings;1;Don Nottebart;0,8956
Chris Owings;2;Lance Cormier;0,867
Chris Owings;3;Joe McGinnity;0,8648
Chris Owings;4;Sonny Gray;0,8648
Chris Owings;5;Daric Barton;0,8492
Chris Sabo;1;Richard Bleier;0,9636
Chris Sabo;2;Pat Jarvis;0,9628
Chris Sabo;3;Bill Fischer;0,9457
Chris Sabo;4;Gene Richards;0,9447
Chris Sabo;5;Ping Gardner;0,9274
Chris Sale;1;Paul Householder;0,9721
Chris Sale;2;Cliff Fannin;0,9713
Chris Sale;3;Earl Johnson;0,9392
Chris Sale;4;Wayne Kirby;0,9272
Chris Sale;5;Chad Billingsley;0,9123
Chris Short;1;Willie Horton;0,9201
Chris Short;2;Mike Garcia;0,919
Chris Short;3;Bobby Adams;0,9094
Chris Short;4;Joaquin Benoit;0,8914
Chris Short;5;Lee May;0,882
Chris Snyder;1;Tom Buskey;0,9258
Chris Snyder;2;Eduardo Rodriguez;0,9129
Chris Snyder;3;Charlie Silvera;0,9097
Chris Snyder;4;Mark Clark;0,8887
Chris Snyder;5;Alex Presley;0,8876
Chris Speier;1;Chad Tracy;0,9434
Chris Speier;2;Willy Adames;0,9404
Chris Speier;3;Luis Cessa;0,8936
Chris Speier;4;Brad Brach;0,8863
Chris Speier;5;Scott Barlow;0,8685
Chris Stewart;1;Gary Ross;0,9237
Chris Stewart;2;Johnny Blanchard;0,916
Chris Stewart;3;Ed Spiezio;0,9099
Chris Stewart;4;Virgil Trucks;0,8968
Chris Stewart;5;Jim O'Toole;0,8875
Chris Stratton;1;Joe Moeller;0,986
Chris Stratton;2;Brad Peacock;0,9548
Chris Stratton;3;Danny Espinosa;0,9487
Chris Stratton;4;Jimmie Coker;0,9411
Chris Stratton;5;Dick Hall;0,9115
Chris Stynes;1;Ed Crane;0,9483
Chris Stynes;2;Johnny Blanchard;0,9336
Chris Stynes;3;Dennis Rasmussen;0,9201
Chris Stynes;4;Ed Spiezio;0,9117
Chris Stynes;5;Bill Zuber;0,906
Chris Taylor;1;Bob McClure;0,8975
Chris Taylor;2;Eddie Burke;0,8942
Chris Taylor;3;Red Murray;0,8877
Chris Taylor;4;James Stafford;0,8799
Chris Taylor;5;Joe Page;0,878
Chris Tillman;1;Brett Gardner;0,9068
Chris Tillman;2;Ted Uhlaender;0,8974
Chris Tillman;3;Shawn Chacon;0,857
Chris Tillman;4;Juan Acevedo;0,8545
Chris Tillman;5;Jason Johnson;0,8409
Chris Turner;1;Pat Meares;0,9904
Chris Turner;2;Octavio Dotel;0,9792
Chris Turner;3;Brian Dorsett;0,9764
Chris Turner;4;Aaron Fultz;0,9764
Chris Turner;5;Leniel Hooker;0,9764
Chris Widger;1;Welington Castillo;0,9813
Chris Widger;2;Matt Williams;0,979
Chris Widger;3;Jules Thomas;0,9775
Chris Widger;4;Ken Berry;0,9772
Chris Widger;5;Brian Matusz;0,9755
Chris Woodward;1;Dave Engle;0,9332
Chris Woodward;2;Jimmy Smith;0,9138
Chris Woodward;3;Al Lakeman;0,9107
Chris Woodward;4;Scott Barlow;0,8988
Chris Woodward;5;Sean Newcomb;0,8976
Chris Young;1;Steven Souza;0,9674
Chris Young;2;Chris Carter;0,9659
Chris Young;3;Mike Harkey;0,9525
Chris Young;4;Tom Brewer;0,9474
Chris Young;5;Ray Dandridge;0,9339
Chris Zachary;1;Matt Mantei;0,9777
Chris Zachary;2;George Sherrill;0,9741
Chris Zachary;3;Chad Fox;0,972
Chris Zachary;4;Sal Yvars;0,9693
Chris Zachary;5;Tim Byrdak;0,9565
Christian Vazquez;1;Bart Johnson;0,934
Christian Vazquez;2;Bret Boone;0,9323
Christian Vazquez;3;Mel Rojas;0,9194
Christian Vazquez;4;Edgar Wesley;0,9095
Christian Vazquez;5;Travis Wood;0,8876
Christian Walker;1;Ron Tingley;0,9856
Christian Walker;2;Jose Ramirez;0,9709
Christian Walker;3;Carlos Reyes;0,9707
Christian Walker;4;Tim Mayza;0,9707
Christian Walker;5;Danny Coulombe;0,9692
Christian Yelich;1;Mickey Haefner;0,9022
Christian Yelich;2;Ryan Langerhans;0,8768
Christian Yelich;3;Justin Grimm;0,8677
Christian Yelich;4;Paul Blackburn;0,8654
Christian Yelich;5;Bill Lohrman;0,8548
Christy Mathewson;1;Porter Moss;0,9263
Christy Mathewson;2;Tony Tarasco;0,9157
Christy Mathewson;3;Doug Mirabelli;0,911
Christy Mathewson;4;Bob Griffith;0,8715
Christy Mathewson;5;Atley Donald;0,8696
Chubby Dean;1;Jeff Weaver;0,9427
Chubby Dean;2;Raul Chavez;0,9325
Chubby Dean;3;Todd Greene;0,932
Chubby Dean;4;Dave Tomlin;0,9244
Chubby Dean;5;Joe Saunders;0,9157
Chuck Cary;1;Chad Qualls;0,9863
Chuck Cary;2;Marco Estrada;0,9671
Chuck Cary;3;Ryan Yarbrough;0,9659
Chuck Cary;4;Ramiro Ramírez;0,9603
Chuck Cary;5;Russ Springer;0,9547
Chuck Cottier;1;Tommy Thevenow;0,8962
Chuck Cottier;2;Kaiser Wilhelm;0,8939
Chuck Cottier;3;Tom Brookens;0,8921
Chuck Cottier;4;Les Mann;0,8844
Chuck Cottier;5;Mark Wagner;0,8722
Chuck Crim;1;Jim Thome;0,9726
Chuck Crim;2;Adrian Beltre;0,9665
Chuck Crim;3;Gene Baker;0,9656
Chuck Crim;4;Homer Bailey;0,9636
Chuck Crim;5;Stu Martin;0,9633
Chuck Diering;1;Jaime Garcia;0,9209
Chuck Diering;2;Scott Livingstone;0,8994
Chuck Diering;3;Anthony Cooper;0,8911
Chuck Diering;4;Tony Piet;0,8857
Chuck Diering;5;Lew Richie;0,8783
Chuck Dobson;1;Elmer Riddle;0,979
Chuck Dobson;2;Bryse Wilson;0,9783
Chuck Dobson;3;Brian Wilson;0,9735
Chuck Dobson;4;Todd Van Poppel;0,9642
Chuck Dobson;5;Harry Brecheen;0,9501
Chuck Dressen;1;Troy Tulowitzki;0,9628
Chuck Dressen;2;Rosy Ryan;0,9435
Chuck Dressen;3;Pedro Alvarez;0,9398
Chuck Dressen;4;Dave Stieb;0,9294
Chuck Dressen;5;Paul Shuey;0,9279
Chuck Finley;1;Ed Ott;0,8991
Chuck Finley;2;Lee Grissom;0,8617
Chuck Finley;3;Omar Quintanilla;0,8489
Chuck Finley;4;Chico Fernandez;0,8437
Chuck Finley;5;Milt Gaston;0,8312
Chuck Hiller;1;Brad Miller;0,9932
Chuck Hiller;2;Ben Gamel;0,9873
Chuck Hiller;3;Carson Fulmer;0,9839
Chuck Hiller;4;Andy Hansen;0,9839
Chuck Hiller;5;Pedro Strop;0,9839
Chuck Hinton;1;Gino Cimoli;0,9711
Chuck Hinton;2;Luke Scott;0,9571
Chuck Hinton;3;Brian Dozier;0,9388
Chuck Hinton;4;Lucas Sims;0,9176
Chuck Hinton;5;Fred Brickell;0,9121
Chuck Klein;1;Willie Jones;0,9973
Chuck Klein;2;Bill Doak;0,9922
Chuck Klein;3;Red Schoendienst;0,9911
Chuck Klein;4;Steve Barber;0,9831
Chuck Klein;5;Dave Stieb;0,9685
Chuck Knoblauch;1;Tom Grieve;0,9401
Chuck Knoblauch;2;Brian Dozier;0,9248
Chuck Knoblauch;3;Lucas Sims;0,9184
Chuck Knoblauch;4;Reid Nichols;0,9082
Chuck Knoblauch;5;Benny Frey;0,907
Chuck McElroy;1;Jack Phillips;0,9903
Chuck McElroy;2;Scott Bradley;0,9867
Chuck McElroy;3;Brian Matusz;0,9811
Chuck McElroy;4;Alan Benes;0,9811
Chuck McElroy;5;Paul Gibson;0,9811
Chuck Stobbs;1;Bob Priddy;0,9114
Chuck Stobbs;2;Tom Ferrick;0,8943
Chuck Stobbs;3;John Franco;0,8843
Chuck Stobbs;4;Porter Moss;0,8825
Chuck Stobbs;5;Dick Williams;0,8787
Chuck Taylor;1;Frank Linzy;0,9999
Chuck Taylor;2;Willie Hernandez;0,9969
Chuck Taylor;3;George Brunet;0,9958
Chuck Taylor;4;Matt Thornton;0,9845
Chuck Taylor;5;Jeurys Familia;0,9744
Cito Gaston;1;Bill Coughlin;0,9925
Cito Gaston;2;Byron Browne;0,9874
Cito Gaston;3;Karl Drews;0,9844
Cito Gaston;4;George Thomas;0,9824
Cito Gaston;5;Tom Johnson;0,9806
Clarence Mitchell;1;Ernie Camacho;0,9575
Clarence Mitchell;2;Aaron Small;0,9575
Clarence Mitchell;3;Justin Duchscherer;0,9575
Clarence Mitchell;4;Jonathan Loaisiga;0,9575
Clarence Mitchell;5;Drew Storen;0,9575
Clarence Palm;1;Cesar Ramos;0,9486
Clarence Palm;2;Chris Hatcher;0,9486
Clarence Palm;3;Dan Otero;0,9486
Clarence Palm;4;John Brebbia;0,9486
Clarence Palm;5;Hoby Milner;0,9486
Clarence Smith;1;Corbin Burnes;0,9651
Clarence Smith;2;Tom Glavine;0,9029
Clarence Smith;3;Ray Jablonski;0,8693
Clarence Smith;4;Yasmani Grandal;0,866
Clarence Smith;5;Ketel Marte;0,8625
Clarence Williams;1;Midre Cummings;0,8959
Clarence Williams;2;Mike Holtz;0,884
Clarence Williams;3;Ernie Banks;0,8602
Clarence Williams;4;Bill Stafford;0,859
Clarence Williams;5;Dave Shean;0,8556
Clark Griffith;1;Gil Hatfield;0,911
Clark Griffith;2;Harold Reynolds;0,9032
Clark Griffith;3;Egyptian Healy;0,8685
Clark Griffith;4;Ryan Freel;0,8517
Clark Griffith;5;Harry Bemis;0,849
Claude Hendrix;1;Dillon Gee;0,9106
Claude Hendrix;2;Ryan Brasier;0,8995
Claude Hendrix;3;Lance Lynn;0,894
Claude Hendrix;4;Whitey Ford;0,8893
Claude Hendrix;5;Nick Masset;0,8632
Claude Johnson;1;Marcell Ozuna;0,9501
Claude Johnson;2;Whitey Wietelmann;0,9167
Claude Johnson;3;Phenomenal Smith;0,9023
Claude Johnson;4;Joe Kelly;0,8963
Claude Johnson;5;Justin Ruggiano;0,892
Claude Osteen;1;Travis Ishikawa;0,8887
Claude Osteen;2;Dennis Rasmussen;0,8872
Claude Osteen;3;Daric Barton;0,8776
Claude Osteen;4;Ed Crane;0,8771
Claude Osteen;5;Henry Spearman;0,8749
Claude Passeau;1;Derek Law;0,914
Claude Passeau;2;Jamie Walker;0,9119
Claude Passeau;3;Midre Cummings;0,9033
Claude Passeau;4;Josh Tomlin;0,9028
Claude Passeau;5;Ted Wilks;0,8885
Claude Raymond;1;Tom Glover;0,989
Claude Raymond;2;Todd Coffey;0,9562
Claude Raymond;3;Todd Wellemeyer;0,9463
Claude Raymond;4;Hank Wyse;0,9379
Claude Raymond;5;Preacher Henry;0,9364
Claude Ritchey;1;Brad Wilkerson;0,9792
Claude Ritchey;2;Dennis Springer;0,9769
Claude Ritchey;3;George Whitted;0,9672
Claude Ritchey;4;Ozzie Virgil;0,9666
Claude Ritchey;5;Chad Wallach;0,9657
Claudell Washington;1;Mark Salas;0,8742
Claudell Washington;2;Horacio Pina;0,868
Claudell Washington;3;Bob Grim;0,8576
Claudell Washington;4;John Russell;0,8395
Claudell Washington;5;Howie Fox;0,8314
Claudio Vargas;1;Mike Magnante;0,9734
Claudio Vargas;2;Les Moss;0,9648
Claudio Vargas;3;Juan Nicasio;0,9037
Claudio Vargas;4;Calvin Schiraldi;0,893
Claudio Vargas;5;Tom Morgan;0,8889
Clay Buchholz;1;Charlie Hargreaves;0,9767
Clay Buchholz;2;John Kerr;0,9754
Clay Buchholz;3;Devin Mesoraco;0,9671
Clay Buchholz;4;Scot Shields;0,9551
Clay Buchholz;5;Mike Tauchman;0,9491
Clay Carroll;1;Luke Walker;0,9398
Clay Carroll;2;Don Carman;0,9348
Clay Carroll;3;Ed Heusser;0,9309
Clay Carroll;4;Duane Pillette;0,9271
Clay Carroll;5;Bill Hart;0,9234
Clay Dalrymple;1;George Decker;0,9604
Clay Dalrymple;2;Joe Lis;0,955
Clay Dalrymple;3;Eddie Pellagrini;0,9509
Clay Dalrymple;4;Ray Morgan;0,9459
Clay Dalrymple;5;Bill Carrigan;0,9457
Clay Holmes;1;Bill Stafford;0,9407
Clay Holmes;2;Travis d'Arnaud;0,9356
Clay Holmes;3;Eddie Guardado;0,9345
Clay Holmes;4;Neal Cotts;0,9173
Clay Holmes;5;Dennis Cook;0,8993
Clay Kirby;1;Andy High;0,9237
Clay Kirby;2;Milt Cuyler;0,9153
Clay Kirby;3;Willie Powell;0,9127
Clay Kirby;4;Alex Carrasquel;0,908
Clay Kirby;5;Jason Isringhausen;0,9024
Clayton Kershaw;1;Floyd Robinson;0,9261
Clayton Kershaw;2;Louis Miller;0,9213
Clayton Kershaw;3;Dee Fondy;0,9146
Clayton Kershaw;4;Jake Wade;0,8579
Clayton Kershaw;5;Geovany Soto;0,8544
Clayton Richard;1;Chris Bando;0,8888
Clayton Richard;2;Lou Boudreau;0,8834
Clayton Richard;3;Bobby Darwin;0,8787
Clayton Richard;4;Harry McIntire;0,8785
Clayton Richard;5;Mike Rivera;0,8774
Clem Labine;1;Jimmy Key;0,8597
Clem Labine;2;Jim Beattie;0,8545
Clem Labine;3;Red Munger;0,8291
Clem Labine;4;Cliff Politte;0,8251
Clem Labine;5;Juan Acevedo;0,8235
Cleon Jones;1;Jake Gibbs;0,9394
Cleon Jones;2;Ross Gload;0,9186
Cleon Jones;3;Sean Rodriguez;0,9113
Cleon Jones;4;George Suggs;0,8987
Cleon Jones;5;C. J. Wilson;0,8839
Clete Boyer;1;Jim Tobin;0,8889
Clete Boyer;2;David Newhan;0,8853
Clete Boyer;3;Thurman Munson;0,8258
Clete Boyer;4;Sandy Consuegra;0,8184
Clete Boyer;5;Juan Guzman;0,8162
Cliff Bell;1;Dave Chalk;0,8671
Cliff Bell;2;Steve Cishek;0,8611
Cliff Bell;3;Duane Josephson;0,8513
Cliff Bell;4;Chris Stynes;0,8449
Cliff Bell;5;Pete Burnside;0,8427
Cliff Carroll;1;Dave Dravecky;0,9491
Cliff Carroll;2;Rosy Ryan;0,937
Cliff Carroll;3;Tex Hughson;0,9354
Cliff Carroll;4;Mike Smithson;0,9319
Cliff Carroll;5;Gene Mauch;0,927
Cliff Carter;1;Grover Lowdermilk;0,971
Cliff Carter;2;Noe Ramirez;0,9586
Cliff Carter;3;Rex Hudler;0,9546
Cliff Carter;4;Tim Mayza;0,9515
Cliff Carter;5;Carlos Reyes;0,9515
Cliff Fannin;1;Paul Householder;0,9996
Cliff Fannin;2;Earl Johnson;0,9912
Cliff Fannin;3;Francisco Cervelli;0,9823
Cliff Fannin;4;Chris Sale;0,9713
Cliff Fannin;5;Ryan Dempster;0,9437
Cliff Floyd;1;Joe Glenn;0,9577
Cliff Floyd;2;Shawn Estes;0,9042
Cliff Floyd;3;Jack Harper;0,9009
Cliff Floyd;4;Buster Haywood;0,8886
Cliff Floyd;5;Brian McRae;0,8838
Cliff Heathcote;1;Bobby Seay;0,9658
Cliff Heathcote;2;Gordon Jones;0,9406
Cliff Heathcote;3;Nate Jones;0,9338
Cliff Heathcote;4;Brandon Phillips;0,9327
Cliff Heathcote;5;Wei-Yin Chen;0,9261
Cliff Johnson;1;Al Nixon;0,9422
Cliff Johnson;2;Dave Collins;0,9338
Cliff Johnson;3;Howie Fox;0,9193
Cliff Johnson;4;Matt Harvey;0,906
Cliff Johnson;5;Brian Johnson;0,8821
Cliff Lee;1;Kerry Ligtenberg;0,945
Cliff Lee;2;Mario Mendoza;0,9183
Cliff Lee;3;Shawn Boskie;0,9177
Cliff Lee;4;Bryan Rekar;0,9127
Cliff Lee;5;Jose Gonzalez;0,9118
Cliff Melton;1;Jeremy Bonderman;0,9358
Cliff Melton;2;Johnny Vander Meer;0,9288
Cliff Melton;3;Al Bumbry;0,9071
Cliff Melton;4;Ken Boswell;0,9054
Cliff Melton;5;Al Fitzmorris;0,8723
Cliff Pennington;1;Ed Phelps;0,9405
Cliff Pennington;2;Rob Wilfong;0,9313
Cliff Pennington;3;Pedro Borbon;0,9301
Cliff Pennington;4;Ehire Adrianza;0,928
Cliff Pennington;5;George Susce;0,9207
Cliff Politte;1;Bruce Sutter;0,9293
Cliff Politte;2;Lave Cross;0,92
Cliff Politte;3;Wally Moon;0,9106
Cliff Politte;4;Aaron Cook;0,9069
Cliff Politte;5;Hector Neris;0,9003
Clint Barmes;1;Mike Mohler;0,9639
Clint Barmes;2;Parnell Woods;0,9232
Clint Barmes;3;Barney Morris;0,8813
Clint Barmes;4;Jo-Jo White;0,8791
Clint Barmes;5;Brandon Duckworth;0,8741
Clint Brown;1;Curtis Henderson;0,9526
Clint Brown;2;Don Lee;0,9282
Clint Brown;3;Robert Machado;0,8872
Clint Brown;4;Craig Gentry;0,8639
Clint Brown;5;Joe Moeller;0,8614
Clint Courtney;1;Mike Tauchman;0,9973
Clint Courtney;2;Blake Parker;0,9956
Clint Courtney;3;Sean Doolittle;0,9956
Clint Courtney;4;Joe Thatcher;0,9956
Clint Courtney;5;Luis Ayala;0,9956
Clint Hurdle;1;Tex Hughson;0,9798
Clint Hurdle;2;Dave Dravecky;0,9775
Clint Hurdle;3;Lou Klimchock;0,9773
Clint Hurdle;4;Greasy Neale;0,9676
Clint Hurdle;5;Brian Dorsett;0,9609
Clint Thomas;1;Gary Woods;0,871
Clint Thomas;2;John Lannan;0,8684
Clint Thomas;3;Joe Sambito;0,8666
Clint Thomas;4;Mat Latos;0,8652
Clint Thomas;5;Glen Hobbie;0,8586
Clyde Barnhart;1;Lefty Grove;0,9431
Clyde Barnhart;2;Joe Page;0,9315
Clyde Barnhart;3;Rafael Ortega;0,9152
Clyde Barnhart;4;Tim Murnane;0,911
Clyde Barnhart;5;Gerald Laird;0,9077
Clyde Engle;1;Glenn Davis;0,9693
Clyde Engle;2;Zollie Wright;0,9582
Clyde Engle;3;Joe Magrane;0,9553
Clyde Engle;4;Gene Richards;0,9515
Clyde Engle;5;Richard Bleier;0,9513
Clyde Kluttz;1;Ed Stein;0,8936
Clyde Kluttz;2;Kurt Bevacqua;0,8849
Clyde Kluttz;3;Chris Sabo;0,8691
Clyde Kluttz;4;Tony Taylor;0,8574
Clyde Kluttz;5;Bob Clarke;0,8558
Clyde Manion;1;Matt Mantei;0,9491
Clyde Manion;2;George Sherrill;0,9474
Clyde Manion;3;Chad Fox;0,9457
Clyde Manion;4;Michael Cuddyer;0,9315
Clyde Manion;5;Tim Byrdak;0,927
Clyde McCullough;1;Woody Woodward;0,9266
Clyde McCullough;2;Rusty Torres;0,915
Clyde McCullough;3;Matt Olson;0,8939
Clyde McCullough;4;Benny Kauff;0,8739
Clyde McCullough;5;Steve Nicosia;0,8619
Clyde Milan;1;Jake Miller;0,9079
Clyde Milan;2;Bob Scheffing;0,8768
Clyde Milan;3;Jim Tobin;0,8719
Clyde Milan;4;Sandy Consuegra;0,8497
Clyde Milan;5;Bing Miller;0,8453
Clyde Shoun;1;Jose Rijo;0,9308
Clyde Shoun;2;Rod Beck;0,9263
Clyde Shoun;3;Kirby Higbe;0,9175
Clyde Shoun;4;Torey Lovullo;0,8922
Clyde Shoun;5;Grover Hartley;0,8921
Clyde Spearman;1;Tom Brown;0,9591
Clyde Spearman;2;Alex Ochoa;0,9457
Clyde Spearman;3;Jeff Mathis;0,9445
Clyde Spearman;4;Steve O'Neill;0,9357
Clyde Spearman;5;Donn Pall;0,9339
Clyde Sukeforth;1;Scott Bailes;0,93
Clyde Sukeforth;2;Ruben Sierra;0,8954
Clyde Sukeforth;3;Kaiser Wilhelm;0,8857
Clyde Sukeforth;4;Max Alvis;0,8851
Clyde Sukeforth;5;Jerry Terrell;0,8753
Clyde Vollmer;1;Jack Warhop;0,9565
Clyde Vollmer;2;Ron Davis;0,9094
Clyde Vollmer;3;Joey Eischen;0,8983
Clyde Vollmer;4;Ross Ohlendorf;0,8871
Clyde Vollmer;5;Ty Cline;0,886
Clyde Wright;1;Mike Sadek;0,8694
Clyde Wright;2;Geno Petralli;0,8572
Clyde Wright;3;John Henry Johnson;0,8481
Clyde Wright;4;Juan Guzman;0,8277
Clyde Wright;5;Lee Grissom;0,8252
Coco Crisp;1;Jaime Navarro;0,9187
Coco Crisp;2;Jim Roland;0,8687
Coco Crisp;3;Toussaint Allen;0,85
Coco Crisp;4;Al Spalding;0,8449
Coco Crisp;5;Bryse Wilson;0,8437
Cody Bellinger;1;Mike Perez;0,9515
Cody Bellinger;2;Jimmy Jones;0,9388
Cody Bellinger;3;Crush Holloway;0,9383
Cody Bellinger;4;Shawn Armstrong;0,9366
Cody Bellinger;5;Burke Badenhop;0,9338
Cody Ransom;1;Jose Trevino;0,9329
Cody Ransom;2;Tom Kinslow;0,9268
Cody Ransom;3;Al Nixon;0,876
Cody Ransom;4;Dave Bush;0,865
Cody Ransom;5;Jose Guzman;0,8577
Cody Ross;1;Willie Calhoun;0,9783
Cody Ross;2;Johnny Burnett;0,976
Cody Ross;3;Joe Astroth;0,9747
Cody Ross;4;Eddie Pellagrini;0,9745
Cody Ross;5;Ray Morgan;0,9745
Colby Lewis;1;Fred Kendall;0,8822
Colby Lewis;2;Harold Treadwell;0,8761
Colby Lewis;3;Biff Pocoroba;0,8725
Colby Lewis;4;Burke Badenhop;0,8572
Colby Lewis;5;Yimi Garcia;0,8572
Colby Rasmus;1;John Coleman;0,9679
Colby Rasmus;2;George Toporcer;0,9561
Colby Rasmus;3;Juan Lagares;0,9436
Colby Rasmus;4;Pinch Thomas;0,9279
Colby Rasmus;5;Felipe Sierra;0,9137
Cole Hamels;1;Nick Masset;0,9281
Cole Hamels;2;Doug Sisk;0,9178
Cole Hamels;3;Dillon Gee;0,8981
Cole Hamels;4;Trevor Rosenthal;0,8955
Cole Hamels;5;Earl Caldwell;0,888
Collin McHugh;1;Bruce Hurst;0,9312
Collin McHugh;2;Chico Salmon;0,9293
Collin McHugh;3;Jay Gibbons;0,9146
Collin McHugh;4;Woodie Fryman;0,8938
Collin McHugh;5;Dutch Henry;0,8938
Con Daily;1;Pete Coscarart;0,9046
Con Daily;2;Mickey Lolich;0,8997
Con Daily;3;Fielder Jones;0,8935
Con Daily;4;Bob Ferguson;0,8856
Con Daily;5;Fernando Tatis;0,8825
Connie Day;1;Chad Curtis;0,9358
Connie Day;2;Chris Coghlan;0,9041
Connie Day;3;T. J. Brown;0,8977
Connie Day;4;Corey Kluber;0,8939
Connie Day;5;Tony Castillo;0,8911
Connie Johnson;1;Ross Ohlendorf;0,961
Connie Johnson;2;Jack Warhop;0,9406
Connie Johnson;3;Mike Kekich;0,9136
Connie Johnson;4;Earl Johnson;0,892
Connie Johnson;5;Jeff Brantley;0,8915
Connie Mack;1;Travis Snider;0,9449
Connie Mack;2;Alex Ochoa;0,9349
Connie Mack;3;Frank Demaree;0,9196
Connie Mack;4;Craig Monroe;0,9165
Connie Mack;5;Hal Gregg;0,8925
Connie Rector;1;Heinie Peitz;0,9614
Connie Rector;2;Max Manning;0,9428
Connie Rector;3;Brad Havens;0,9425
Connie Rector;4;Dave Tobik;0,9425
Connie Rector;5;Dallas Green;0,9368
Connie Ryan;1;Babe Pinelli;0,9667
Connie Ryan;2;Horace Clarke;0,9599
Connie Ryan;3;Ray Morgan;0,9554
Connie Ryan;4;Morgan Ensberg;0,9522
Connie Ryan;5;Ed Swartwood;0,9503
Conor Gillaspie;1;Nathan Eovaldi;0,9636
Conor Gillaspie;2;Jacob deGrom;0,9322
Conor Gillaspie;3;Willie Hernandez;0,9298
Conor Gillaspie;4;George Brunet;0,9294
Conor Gillaspie;5;Frank Linzy;0,9291
Cookie Lavagetto;1;Carl Morton;0,928
Cookie Lavagetto;2;Jesse Jefferson;0,9153
Cookie Lavagetto;3;Oscar Grimes;0,8969
Cookie Lavagetto;4;Ray Katt;0,8617
Cookie Lavagetto;5;Jeremy Bonderman;0,8462
Cookie Rojas;1;Matt Diaz;0,948
Cookie Rojas;2;Eddie Lake;0,9429
Cookie Rojas;3;Cal Abrams;0,9421
Cookie Rojas;4;Pat Collins;0,9397
Cookie Rojas;5;Erskine Mayer;0,9346
Cool Papa Bell;1;Lloyd McClendon;0,7767
Cool Papa Bell;2;Ken Holloway;0,7635
Cool Papa Bell;3;Ward Miller;0,7541
Cool Papa Bell;4;Erv Palica;0,7511
Cool Papa Bell;5;Ed Charles;0,7472
Cool Turner;1;Glen Hobbie;0,9471
Cool Turner;2;Luis Urias;0,9391
Cool Turner;3;Mackey Sasser;0,91
Cool Turner;4;Travis Shaw;0,9087
Cool Turner;5;Brian Johnson;0,8931
Corbin Burnes;1;Clarence Smith;0,9651
Corbin Burnes;2;Tom Glavine;0,9498
Corbin Burnes;3;Carlos Silva;0,93
Corbin Burnes;4;Ray Jablonski;0,9287
Corbin Burnes;5;Deion Sanders;0,9169
Corey Dickerson;1;Brian Daubach;0,9704
Corey Dickerson;2;Bob Wickman;0,9336
Corey Dickerson;3;Ed Brandt;0,9292
Corey Dickerson;4;Ted Uhlaender;0,9053
Corey Dickerson;5;Richard Hidalgo;0,9031
Corey Hart;1;Donne Wall;0,9573
Corey Hart;2;John Vukovich;0,9468
Corey Hart;3;Mike Harkey;0,9367
Corey Hart;4;Emmet Heidrick;0,9112
Corey Hart;5;Pedro Florimon;0,9072
Corey Kluber;1;Ed Lynch;0,9927
Corey Kluber;2;Bob Wells;0,9427
Corey Kluber;3;Curtis Harris;0,9395
Corey Kluber;4;Pete Kozma;0,9316
Corey Kluber;5;Ripper Collins;0,9252
Corey Knebel;1;Chris Devenski;1,0
Corey Knebel;2;Jose Veras;1,0
Corey Knebel;3;Harry Eisenstat;0,9999
Corey Knebel;4;Randall Delgado;0,9994
Corey Knebel;5;Justin Wilson;0,9945
Corey Koskie;1;Eddie Pellagrini;0,9819
Corey Koskie;2;Buck Leonard;0,9684
Corey Koskie;3;Kid Elberfeld;0,9661
Corey Koskie;4;Frankie Hayes;0,9643
Corey Koskie;5;Sam Wise;0,9623
Corey Patterson;1;Bill Carrigan;0,915
Corey Patterson;2;Vern Law;0,9127
Corey Patterson;3;Yuli Gurriel;0,9003
Corey Patterson;4;Rhys Hoskins;0,877
Corey Patterson;5;Al Myers;0,8691
Corey Seager;1;Jason Kendall;0,9387
Corey Seager;2;Ed McKean;0,9204
Corey Seager;3;Joe Morgan;0,9027
Corey Seager;4;Andy Allanson;0,9025
Corey Seager;5;Larry Jansen;0,8969
Corky Miller;1;Doc Newton;0,9487
Corky Miller;2;Jim Roland;0,9124
Corky Miller;3;Paul Sewald;0,8903
Corky Miller;4;Aleck Smith;0,885
Corky Miller;5;George Winter;0,8785
Cory Lidle;1;Chris Martin;0,9481
Cory Lidle;2;Ross Gload;0,9171
Cory Lidle;3;Troy O'Leary;0,911
Cory Lidle;4;George Suggs;0,9013
Cory Lidle;5;Dan Jennings;0,8997
Cory Snyder;1;Rollie Fingers;0,9227
Cory Snyder;2;Emery Adams;0,8979
Cory Snyder;3;Nish Williams;0,893
Cory Snyder;4;Dave Silvestri;0,8919
Cory Snyder;5;Lee Stevens;0,8763
Country Brown;1;Mike Cubbage;0,9714
Country Brown;2;Kurt Abbott;0,9379
Country Brown;3;George Case;0,9174
Country Brown;4;Willard Marshall;0,9066
Country Brown;5;Mudcat Grant;0,903
Cowan Hyde;1;Eddie Mayo;0,9478
Cowan Hyde;2;Jason Adam;0,9227
Cowan Hyde;3;Jeff McNeil;0,9215
Cowan Hyde;4;Archie Bradley;0,9136
Cowan Hyde;5;Greg Allen;0,9127
Cozy Dolan;1;Steve Garvey;0,9724
Cozy Dolan;2;Henry Larkin;0,9666
Cozy Dolan;3;Jose Oquendo;0,954
Cozy Dolan;4;Dots Miller;0,9535
Cozy Dolan;5;Hank Aaron;0,9429
Craig Biggio;1;Mike Jeffcoat;0,9206
Craig Biggio;2;Joe Simpson;0,8976
Craig Biggio;3;Jimmy Wasdell;0,893
Craig Biggio;4;Franklin Stubbs;0,892
Craig Biggio;5;Ross Ohlendorf;0,8865
Craig Breslow;1;Wes Stock;0,9887
Craig Breslow;2;Mike Tauchman;0,9859
Craig Breslow;3;Bob O'Farrell;0,9838
Craig Breslow;4;Tom Jones;0,9832
Craig Breslow;5;Melido Perez;0,9829
Craig Counsell;1;Burke Badenhop;0,9155
Craig Counsell;2;Tyler Kinley;0,8961
Craig Counsell;3;Mike Perez;0,8879
Craig Counsell;4;Max Manning;0,8861
Craig Counsell;5;Brad Havens;0,8837
Craig Gentry;1;Don Lee;0,969
Craig Gentry;2;Ben Grieve;0,9587
Craig Gentry;3;Carl Willey;0,9473
Craig Gentry;4;Erick Fedde;0,9374
Craig Gentry;5;Rawly Eastwick;0,935
Craig Grebeck;1;Doug Corbett;0,9322
Craig Grebeck;2;Mike Holtz;0,9263
Craig Grebeck;3;Bill Stafford;0,9182
Craig Grebeck;4;Wayne Carr;0,9165
Craig Grebeck;5;Tony Bernazard;0,8997
Craig Kimbrel;1;George LaChance;0,9975
Craig Kimbrel;2;Mike Tauchman;0,9974
Craig Kimbrel;3;Karl Drews;0,9946
Craig Kimbrel;4;Elmer Myers;0,9944
Craig Kimbrel;5;Melido Perez;0,994
Craig Lefferts;1;Michael Fulmer;0,9913
Craig Lefferts;2;Joe Ross;0,9437
Craig Lefferts;3;Josh Phegley;0,9387
Craig Lefferts;4;Nick Pivetta;0,9231
Craig Lefferts;5;Damion Easley;0,9061
Craig McMurtry;1;Phil Maton;0,9675
Craig McMurtry;2;Brandon McCarthy;0,9536
Craig McMurtry;3;Mike Jeffcoat;0,9508
Craig McMurtry;4;Dave Hamilton;0,9416
Craig McMurtry;5;Ross Ohlendorf;0,9233
Craig Monroe;1;Pete Ward;0,9511
Craig Monroe;2;Eddie Rommel;0,949
Craig Monroe;3;Tom Brown;0,9458
Craig Monroe;4;Chris Johnson;0,9449
Craig Monroe;5;Win Mercer;0,9332
Craig Paquette;1;Tim Federowicz;0,9426
Craig Paquette;2;Jacque Jones;0,9166
Craig Paquette;3;Pete Mackanin;0,8488
Craig Paquette;4;Jo-Jo White;0,8154
Craig Paquette;5;Jeff Fassero;0,7892
Craig Reynolds;1;Jack Phillips;0,989
Craig Reynolds;2;Johnny Hodapp;0,9886
Craig Reynolds;3;Welington Castillo;0,9847
Craig Reynolds;4;Scott Bradley;0,9826
Craig Reynolds;5;Sherry Robertson;0,9768
Craig Shipley;1;Hank Severeid;0,8979
Craig Shipley;2;Ted Alexander;0,8659
Craig Shipley;3;Frank Duncan;0,8655
Craig Shipley;4;Andruw Jones;0,8622
Craig Shipley;5;Bill Sweeney;0,8584
Craig Stammen;1;Bruce Kison;0,9576
Craig Stammen;2;Tony Bernazard;0,9554
Craig Stammen;3;Joc Pederson;0,9532
Craig Stammen;4;Bill Henry;0,9518
Craig Stammen;5;Randy Moffitt;0,9506
Craig Swan;1;Bobby Crosby;0,9758
Craig Swan;2;Marty Barrett;0,973
Craig Swan;3;Ralph Young;0,9638
Craig Swan;4;Jake Stahl;0,9629
Craig Swan;5;Tommie Reynolds;0,9582
Cristian Guzman;1;Dick Wallace;0,8957
Cristian Guzman;2;Justin Masterson;0,8937
Cristian Guzman;3;Kevin Newman;0,8721
Cristian Guzman;4;Tom Martin;0,8711
Cristian Guzman;5;Manny Mota;0,8636
Cristóbal Torriente;1;Ambrose Reid;0,9236
Cristóbal Torriente;2;Teoscar Hernandez;0,919
Cristóbal Torriente;3;Chris Archer;0,8874
Cristóbal Torriente;4;Jimmy Smith;0,868
Cristóbal Torriente;5;Jack Barry;0,8586
Crush Holloway;1;Brad Havens;0,9987
Crush Holloway;2;Dave Tobik;0,9987
Crush Holloway;3;A. J. Minter;0,9969
Crush Holloway;4;Brian Boehringer;0,9969
Crush Holloway;5;Scott Aldred;0,9969
Cub Stricker;1;Pink Hawley;0,9365
Cub Stricker;2;Dominic Smith;0,9336
Cub Stricker;3;Michael Pineda;0,9221
Cub Stricker;4;Ad Gumbert;0,9219
Cub Stricker;5;Ned Garver;0,9039
Cupid Childs;1;Cal Abrams;0,9749
Cupid Childs;2;Charlie Hargreaves;0,951
Cupid Childs;3;Alfredo Griffin;0,9505
Cupid Childs;4;Gene Robertson;0,95
Cupid Childs;5;Devin Mesoraco;0,9498
Curt Blefary;1;Jabbo Andrews;0,9336
Curt Blefary;2;Enrique Hernandez;0,9115
Curt Blefary;3;Joe Garagiola;0,9033
Curt Blefary;4;Doug Fister;0,8883
Curt Blefary;5;Willie Mitchell;0,8857
Curt Casali;1;Tony Sipp;0,904
Curt Casali;2;Marvin Freeman;0,8693
Curt Casali;3;Cody Bellinger;0,858
Curt Casali;4;Joe Jimenez;0,8448
Curt Casali;5;Bobby Del Greco;0,8405
Curt Davis;1;Jose Tartabull;0,9447
Curt Davis;2;Mark Grace;0,9433
Curt Davis;3;Phil Todt;0,9414
Curt Davis;4;Jack Hiatt;0,9404
Curt Davis;5;Emmett Seery;0,9362
Curt Flood;1;Al Bumbry;0,9461
Curt Flood;2;Mike Ivie;0,9451
Curt Flood;3;Earl Williams;0,9299
Curt Flood;4;Joaquin Benoit;0,924
Curt Flood;5;Rafael Ortega;0,916
Curt Leskanic;1;Ed Goodson;0,965
Curt Leskanic;2;Brian Bruney;0,9611
Curt Leskanic;3;Chris Haney;0,9141
Curt Leskanic;4;Ping Bodie;0,9021
Curt Leskanic;5;Warren Newson;0,8763
Curt Schilling;1;Ken Heintzelman;0,9936
Curt Schilling;2;Blake Parker;0,9926
Curt Schilling;3;Joe Thatcher;0,9926
Curt Schilling;4;Sean Doolittle;0,9926
Curt Schilling;5;Luis Ayala;0,9926
Curt Simmons;1;Buster Brown;0,8577
Curt Simmons;2;Dave Chalk;0,8416
Curt Simmons;3;Herb Barnhill;0,8402
Curt Simmons;4;Jim Hannan;0,8356
Curt Simmons;5;Jose Quintana;0,807
Curt Walker;1;Hick Carpenter;0,9576
Curt Walker;2;Jack Farrell;0,9153
Curt Walker;3;Russell Branyan;0,8984
Curt Walker;4;Rusty Torres;0,8492
Curt Walker;5;Lew Richie;0,8461
Curt Welch;1;Gaylord Perry;0,939
Curt Welch;2;Noodles Hahn;0,907
Curt Welch;3;Charlie Hargreaves;0,9068
Curt Welch;4;Ken Silvestri;0,9026
Curt Welch;5;Babe Pinelli;0,9015
Curt Wilkerson;1;Charlie Spikes;0,9598
Curt Wilkerson;2;Rafael Landestoy;0,9517
Curt Wilkerson;3;Erv Dusak;0,9255
Curt Wilkerson;4;Luis Bustamante;0,9236
Curt Wilkerson;5;Spec Shea;0,9047
Curt Young;1;Joe Beggs;0,9673
Curt Young;2;Shawn Kelley;0,9586
Curt Young;3;Jose Leclerc;0,9444
Curt Young;4;Freddy Peralta;0,9411
Curt Young;5;Noe Ramirez;0,9332
Curtis Granderson;1;Ruben Rivera;0,9784
Curtis Granderson;2;Jim Russell;0,9059
Curtis Granderson;3;Jack Harper;0,8818
Curtis Granderson;4;Ed Ott;0,8719
Curtis Granderson;5;Frank Wickware;0,8554
Curtis Harris;1;Alexi Casilla;0,9844
Curtis Harris;2;Doc Crandall;0,9812
Curtis Harris;3;Nick Martinez;0,98
Curtis Harris;4;Norm Miller;0,9793
Curtis Harris;5;Ripper Collins;0,979
Curtis Henderson;1;Clint Brown;0,9526
Curtis Henderson;2;Tim Hosley;0,9352
Curtis Henderson;3;Leon Day;0,9218
Curtis Henderson;4;Craig Gentry;0,9197
Curtis Henderson;5;Anthony Cooper;0,9134
Curtis Pride;1;Greg McMichael;0,9807
Curtis Pride;2;Sherry Robertson;0,9795
Curtis Pride;3;Jim Gantner;0,9694
Curtis Pride;4;Boog Powell;0,9684
Curtis Pride;5;Bill Barrett;0,9646
Cy Blanton;1;Gary Sheffield;0,9102
Cy Blanton;2;Martin Perez;0,9037
Cy Blanton;3;Drew Stubbs;0,8968
Cy Blanton;4;Danny Green;0,892
Cy Blanton;5;Sergio Mitre;0,8838
Cy Falkenberg;1;Matty McIntyre;0,8979
Cy Falkenberg;2;Edgar Wesley;0,8779
Cy Falkenberg;3;Levi Meyerle;0,8768
Cy Falkenberg;4;Rabbit Warstler;0,8646
Cy Falkenberg;5;Nick Esasky;0,8593
Cy Morgan;1;Chris Herrmann;0,9765
Cy Morgan;2;Noe Ramirez;0,9535
Cy Morgan;3;Kyle Kendrick;0,952
Cy Morgan;4;Freddy Peralta;0,9514
Cy Morgan;5;Adrian Houser;0,9436
Cy Perkins;1;Willy Miranda;0,9801
Cy Perkins;2;Bobby Crosby;0,9706
Cy Perkins;3;Jackie Hernandez;0,9621
Cy Perkins;4;Bryn Smith;0,9601
Cy Perkins;5;Brian Harper;0,9595
Cy Seymour;1;Gregg Jefferies;0,9172
Cy Seymour;2;Mark Williamson;0,9151
Cy Seymour;3;Bobby Valentine;0,9065
Cy Seymour;4;Chick Gandil;0,9061
Cy Seymour;5;Dann Bilardello;0,9002
Cy Williams;1;Mike Fornieles;0,8734
Cy Williams;2;Gene Clines;0,8548
Cy Williams;3;Dixie Davis;0,8462
Cy Williams;4;Brook Fordyce;0,8409
Cy Williams;5;Al Lopez;0,8303
Cy Young;1;Ben Revere;0,9482
Cy Young;2;Johnny Niggeling;0,9125
Cy Young;3;Felix Heredia;0,9122
Cy Young;4;Raymond Taylor;0,902
Cy Young;5;Gary Varsho;0,9002
D'Angelo Jimenez;1;Jose Urena;0,9383
D'Angelo Jimenez;2;C. J. Cron;0,932
D'Angelo Jimenez;3;Dock Ellis;0,9302
D'Angelo Jimenez;4;Jose Altuve;0,9177
D'Angelo Jimenez;5;Danny MacFayden;0,9113
D. J. Carrasco;1;Mace Brown;0,9567
D. J. Carrasco;2;Stan Williams;0,9483
D. J. Carrasco;3;Alex Rios;0,928
D. J. Carrasco;4;Mark Petkovsek;0,9176
D. J. Carrasco;5;Nels Potter;0,9128
DJ LeMahieu;1;Wally Roettger;0,995
DJ LeMahieu;2;Mike Tauchman;0,9936
DJ LeMahieu;3;Ryan Weber;0,9932
DJ LeMahieu;4;Will Cunnane;0,9932
DJ LeMahieu;5;Jeremy Accardo;0,9932
Daisuke Matsuzaka;1;Ken Ryan;0,9995
Daisuke Matsuzaka;2;Gregg Olson;0,998
Daisuke Matsuzaka;3;Anthony DeSclafani;0,9975
Daisuke Matsuzaka;4;Hyun Jin Ryu;0,9807
Daisuke Matsuzaka;5;Gerald Perry;0,975
Dal Maxvill;1;Keith Osik;0,8266
Dal Maxvill;2;Dave Silvestri;0,8243
Dal Maxvill;3;Pretzels Getzien;0,8059
Dal Maxvill;4;Tyler Wade;0,8009
Dal Maxvill;5;George McAllister;0,8001
Dale Berra;1;Matt Alexander;0,9537
Dale Berra;2;Archie Bradley;0,9434
Dale Berra;3;Eric Owens;0,9298
Dale Berra;4;Earl Williams;0,9282
Dale Berra;5;Sam Mele;0,9229
Dale Long;1;Merv Shea;0,9838
Dale Long;2;Robbie Ray;0,9827
Dale Long;3;Dan Pasqua;0,9804
Dale Long;4;Tanyon Sturtze;0,9802
Dale Long;5;Heath Bell;0,9789
Dale Mitchell;1;Charley Hall;0,9591
Dale Mitchell;2;Adeiny Hechavarria;0,9559
Dale Mitchell;3;Jeanmar Gomez;0,9344
Dale Mitchell;4;Mark Littell;0,9336
Dale Mitchell;5;Joe Borowski;0,9335
Dale Murphy;1;Billy McKinney;0,9575
Dale Murphy;2;Damaso Garcia;0,9566
Dale Murphy;3;Charlie Williams;0,9414
Dale Murphy;4;Adrian Gonzalez;0,937
Dale Murphy;5;Turner Barber;0,933
Dale Murray;1;Bobby Burke;0,8598
Dale Murray;2;Andy McGaffigan;0,8567
Dale Murray;3;Brian Bruney;0,8386
Dale Murray;4;Mark Clear;0,8338
Dale Murray;5;Guillermo Quiroz;0,8306
Dale Sveum;1;Bobby Darwin;0,9088
Dale Sveum;2;Harry McIntire;0,9033
Dale Sveum;3;Oscar Judd;0,8967
Dale Sveum;4;Ray Berres;0,8756
Dale Sveum;5;Benny Frey;0,857
Dallas Green;1;Dave Tobik;0,9918
Dallas Green;2;Brian Boehringer;0,9918
Dallas Green;3;Tyler Clippard;0,9918
Dallas Green;4;Brad Havens;0,9918
Dallas Green;5;Pete Schourek;0,9918
Dallas Keuchel;1;Sherman Barton;0,9668
Dallas Keuchel;2;Bob Tillman;0,9552
Dallas Keuchel;3;Andy Allanson;0,948
Dallas Keuchel;4;Larry Jansen;0,9439
Dallas Keuchel;5;Elmer Singleton;0,9385
Dalton Jones;1;Willson Contreras;0,9553
Dalton Jones;2;Bruce Benedict;0,9245
Dalton Jones;3;Bryce Harper;0,92
Dalton Jones;4;Danny Cater;0,8908
Dalton Jones;5;Jarrod Saltalamacchia;0,8718
Damaso Garcia;1;Billy McKinney;0,989
Damaso Garcia;2;Taylor Ward;0,9694
Damaso Garcia;3;Dan Driessen;0,9674
Damaso Garcia;4;Mike Scott;0,9672
Damaso Garcia;5;Frank Wills;0,9575
Damaso Marte;1;Brian Dorsett;1,0
Damaso Marte;2;Leniel Hooker;1,0
Damaso Marte;3;Jerry Walker;1,0
Damaso Marte;4;Larry Casian;1,0
Damaso Marte;5;Aaron Fultz;1,0
Damian Jackson;1;Taylor Douthit;0,952
Damian Jackson;2;Aaron Miles;0,9517
Damian Jackson;3;Scott Erickson;0,9213
Damian Jackson;4;Don Landrum;0,8997
Damian Jackson;5;Scott Brosius;0,8981
Damian Miller;1;Chris Johnson;0,9843
Damian Miller;2;Lefty Tyler;0,9457
Damian Miller;3;Travis Snider;0,9411
Damian Miller;4;Ossee Schrecongost;0,9409
Damian Miller;5;Gene Packard;0,9325
Damion Easley;1;Mike Mohler;0,9346
Damion Easley;2;Derek Lilliquist;0,9307
Damion Easley;3;David Phelps;0,9147
Damion Easley;4;Paul Dean;0,9131
Damion Easley;5;Craig Lefferts;0,9061
Damon Berryhill;1;Steven Souza;0,9823
Damon Berryhill;2;Dean Palmer;0,9799
Damon Berryhill;3;Brooks Robinson;0,9761
Damon Berryhill;4;Mike Lieberthal;0,9713
Damon Berryhill;5;Jimmy Sheckard;0,9703
Damon Buford;1;Jake Diekman;0,9183
Damon Buford;2;Kirk Rueter;0,8816
Damon Buford;3;Ed Figueroa;0,8788
Damon Buford;4;Tony Gonzalez;0,8729
Damon Buford;5;Ken Sanders;0,8607
Dan Bankhead;1;Jeffrey Springs;1,0
Dan Bankhead;2;Carson Fulmer;1,0
Dan Bankhead;3;Rafael Montero;1,0
Dan Bankhead;4;Tom Gorman;0,9976
Dan Bankhead;5;Mike Adams;0,9952
Dan Brouthers;1;Chris Heisey;0,9675
Dan Brouthers;2;Bill Sudakis;0,9572
Dan Brouthers;3;Josh Bell;0,9484
Dan Brouthers;4;Darryl Kile;0,9397
Dan Brouthers;5;Tex Clevenger;0,9352
Dan Driessen;1;Tom Satriano;0,9847
Dan Driessen;2;Doug Strange;0,9701
Dan Driessen;3;Damaso Garcia;0,9674
Dan Driessen;4;Al Martin;0,9633
Dan Driessen;5;Willie Davis;0,9617
Dan Ford;1;Jack Hannahan;0,9562
Dan Ford;2;Cesar Izturis;0,9191
Dan Ford;3;Adam Dunn;0,8825
Dan Ford;4;Preacher Henry;0,8825
Dan Ford;5;Jack Warhop;0,8818
Dan Gladden;1;Duffy Dyer;0,9243
Dan Gladden;2;Danny Espinosa;0,9081
Dan Gladden;3;Don Lee;0,903
Dan Gladden;4;Joe Moeller;0,8721
Dan Gladden;5;Mike Smithson;0,8655
Dan Haren;1;Carlos Torres;0,9559
Dan Haren;2;Sam Zoldak;0,9526
Dan Haren;3;Hiram Bocachica;0,9326
Dan Haren;4;Bill Barrett;0,9197
Dan Haren;5;Fred Hofmann;0,9154
Dan Jennings;1;Dave Danforth;0,9808
Dan Jennings;2;Charlie Hickman;0,9677
Dan Jennings;3;Vance Worley;0,9608
Dan Jennings;4;Matt Harrison;0,9358
Dan Jennings;5;Chris Martin;0,9321
Dan Johnson;1;Vladimir Nunez;0,9542
Dan Johnson;2;Al Ferrara;0,9438
Dan Johnson;3;Jason LaRue;0,9422
Dan Johnson;4;Dan Wheeler;0,9386
Dan Johnson;5;Chad Curtis;0,9371
Dan Kennard;1;Art Houtteman;0,9688
Dan Kennard;2;Ryan Klesko;0,9624
Dan Kennard;3;Steve Jeltz;0,9514
Dan Kennard;4;Rafael Belliard;0,9426
Dan Kennard;5;Lance Richbourg;0,9418
Dan McGann;1;Wally Roettger;0,9964
Dan McGann;2;Byron Browne;0,9964
Dan McGann;3;Karl Drews;0,9954
Dan McGann;4;Vern Stephens;0,9954
Dan McGann;5;Mike Tauchman;0,9952
Dan Meyer;1;Joe Gerhardt;0,9712
Dan Meyer;2;Harry Simpson;0,9706
Dan Meyer;3;Jiggs Donahue;0,9518
Dan Meyer;4;Aaron Judge;0,9463
Dan Meyer;5;Jack Burdock;0,9437
Dan Miceli;1;John Tsitouris;0,9773
Dan Miceli;2;Don Mossi;0,9543
Dan Miceli;3;Roger Nelson;0,9498
Dan Miceli;4;Porter Moss;0,9491
Dan Miceli;5;Pat Mahomes;0,9278
Dan Otero;1;Cesar Ramos;1,0
Dan Otero;2;Chris Hatcher;1,0
Dan Otero;3;Chasen Shreve;1,0
Dan Otero;4;Tanyon Sturtze;1,0
Dan Otero;5;Rafael Betancourt;1,0
Dan Pasqua;1;Tanyon Sturtze;0,992
Dan Pasqua;2;Jouett Meekin;0,9858
Dan Pasqua;3;Robbie Ray;0,9837
Dan Pasqua;4;Heath Bell;0,983
Dan Pasqua;5;Grant Balfour;0,983
Dan Petry;1;Willie Calhoun;0,9596
Dan Petry;2;Stu Martin;0,9476
Dan Petry;3;Brad Wilkerson;0,9454
Dan Petry;4;Roy Lee Jackson;0,9403
Dan Petry;5;Dave Orr;0,9397
Dan Plesac;1;Ramon Hernandez;0,9557
Dan Plesac;2;Ryan Roberts;0,9427
Dan Plesac;3;Tom Henke;0,9387
Dan Plesac;4;Will Jackson;0,9301
Dan Plesac;5;Billy Gilbert;0,9203
Dan Quisenberry;1;Charlie Mason;0,8943
Dan Quisenberry;2;Valentín Dreke;0,8769
Dan Quisenberry;3;Glenn Borgmann;0,8698
Dan Quisenberry;4;Jesus Alou;0,8666
Dan Quisenberry;5;Josh Thole;0,8626
Dan Schatzeder;1;Dave Leiper;0,9158
Dan Schatzeder;2;Atley Donald;0,9111
Dan Schatzeder;3;Mark Smith;0,8976
Dan Schatzeder;4;Jake Marisnick;0,8898
Dan Schatzeder;5;Tony Tarasco;0,8877
Dan Spillner;1;John Burkett;0,9359
Dan Spillner;2;Adam Melhuse;0,9273
Dan Spillner;3;Scot Thompson;0,898
Dan Spillner;4;Jeff McNeil;0,8843
Dan Spillner;5;Lyle Overbay;0,8821
Dan Straily;1;Jorge Lopez;1,0
Dan Straily;2;Kevin Correia;0,9662
Dan Straily;3;Dmitri Young;0,9653
Dan Straily;4;Bob Scanlan;0,9613
Dan Straily;5;Joe Kelly;0,9408
Dan Uggla;1;Stan Belinda;0,972
Dan Uggla;2;John Habyan;0,972
Dan Uggla;3;Giovanni Carrara;0,972
Dan Uggla;4;Gabe White;0,972
Dan Uggla;5;Randy St. Claire;0,9717
Dan Wheeler;1;Dave Tobik;1,0
Dan Wheeler;2;Brad Havens;1,0
Dan Wheeler;3;Max Manning;0,994
Dan Wheeler;4;Dallas Green;0,9918
Dan Wheeler;5;Al Ferrara;0,9916
Dan Wilson;1;Mickey Klutts;0,9494
Dan Wilson;2;Patrick Gillespie;0,9381
Dan Wilson;3;Pedro Feliciano;0,9071
Dan Wilson;4;Dave Barnhill;0,9054
Dan Wilson;5;Sandy Martinez;0,9024
Dana Eveland;1;Dave Tobik;1,0
Dana Eveland;2;Jeff Francis;1,0
Dana Eveland;3;Brad Havens;1,0
Dana Eveland;4;Brian Boehringer;1,0
Dana Eveland;5;A. J. Minter;1,0
Dana Fillingim;1;Jim Shellenback;0,9869
Dana Fillingim;2;Luke Gregerson;0,9677
Dana Fillingim;3;Greg Cadaret;0,964
Dana Fillingim;4;John Wasdin;0,9311
Dana Fillingim;5;Lerrin LaGrow;0,9284
Dane Iorg;1;Earl Smith;0,9424
Dane Iorg;2;George Hendrick;0,9347
Dane Iorg;3;Nip Winters;0,9262
Dane Iorg;4;Fred Brickell;0,9256
Dane Iorg;5;Nate Schierholtz;0,9187
Daniel Bard;1;Tyler Naquin;0,9442
Daniel Bard;2;Ed Williamson;0,9366
Daniel Bard;3;Wilson Betemit;0,8995
Daniel Bard;4;Scott Sanderson;0,8954
Daniel Bard;5;Jackie Hayes;0,8831
Daniel Descalso;1;Eric Karros;0,9467
Daniel Descalso;2;Lou Louden;0,9077
Daniel Descalso;3;Asdrubal Cabrera;0,8972
Daniel Descalso;4;Ivan de Jesus;0,8966
Daniel Descalso;5;Ken Keltner;0,8948
Daniel Hudson;1;Charlie Hargreaves;0,9141
Daniel Hudson;2;Ed McKean;0,9083
Daniel Hudson;3;Eggie Dallard;0,8988
Daniel Hudson;4;Bing Miller;0,8813
Daniel Hudson;5;Sherman Barton;0,8791
Daniel Murphy;1;Mike Squires;0,9605
Daniel Murphy;2;John Thomson;0,9356
Daniel Murphy;3;Chris Denorfia;0,9309
Daniel Murphy;4;Ray Dandridge;0,9201
Daniel Murphy;5;Mike Remlinger;0,9078
Daniel Norris;1;Hanser Alberto;0,9353
Daniel Norris;2;Mark Knudson;0,9096
Daniel Norris;3;Pat Zachry;0,9094
Daniel Norris;4;Darltie Cooper;0,8909
Daniel Norris;5;Roger Freed;0,8888
Dann Bilardello;1;Gregg Jefferies;0,9888
Dann Bilardello;2;Miguel Cabrera;0,9683
Dann Bilardello;3;Kevin Frandsen;0,9563
Dann Bilardello;4;Parnell Woods;0,9488
Dann Bilardello;5;Earl Clark;0,9218
Danny Bautista;1;Chris Hoiles;0,8909
Danny Bautista;2;Joey Eischen;0,8837
Danny Bautista;3;Jack Harshman;0,8803
Danny Bautista;4;Charlie Hough;0,879
Danny Bautista;5;Dwight Smith;0,8576
Danny Cater;1;Willson Contreras;0,9044
Danny Cater;2;Charlie Dexter;0,9032
Danny Cater;3;Sanford Jackson;0,8976
Danny Cater;4;Dalton Jones;0,8908
Danny Cater;5;Pete Suder;0,8498
Danny Coulombe;1;Alberto Reyes;1,0
Danny Coulombe;2;Carlos Reyes;1,0
Danny Coulombe;3;Tim Mayza;1,0
Danny Coulombe;4;Joba Chamberlain;1,0
Danny Coulombe;5;Rich Garces;1,0
Danny Cox;1;Wilson Delgado;0,9185
Danny Cox;2;Preston Ward;0,9176
Danny Cox;3;Allie Reynolds;0,9029
Danny Cox;4;Rusty Greer;0,8904
Danny Cox;5;Gary Lucas;0,8754
Danny Darwin;1;Danny Taylor;0,8896
Danny Darwin;2;Tim Hendryx;0,8708
Danny Darwin;3;Joe Simpson;0,8694
Danny Darwin;4;Garrett Cooper;0,837
Danny Darwin;5;Armando Reynoso;0,8357
Danny Duffy;1;Frank DiPino;0,9577
Danny Duffy;2;Pete Broberg;0,9454
Danny Duffy;3;Marcelino Lopez;0,943
Danny Duffy;4;Jerome Williams;0,9235
Danny Duffy;5;Paul Richards;0,8996
Danny Espinosa;1;Joe Moeller;0,9594
Danny Espinosa;2;Dave Magadan;0,949
Danny Espinosa;3;Chris Stratton;0,9487
Danny Espinosa;4;Ken Johnson;0,9472
Danny Espinosa;5;Ed Walsh;0,9382
Danny Frisella;1;Phil Hughes;0,9476
Danny Frisella;2;Burt Shotton;0,9381
Danny Frisella;3;Harry Coveleski;0,9184
Danny Frisella;4;Wade Johnston;0,9017
Danny Frisella;5;Jorge Soler;0,9006
Danny Graves;1;Bill Barrett;0,9731
Danny Graves;2;Derek Dietrich;0,9495
Danny Graves;3;Jerry Reed;0,9318
Danny Graves;4;Sam Zoldak;0,9267
Danny Graves;5;Bud Barbee;0,9239
Danny Green;1;Herm Winningham;0,9328
Danny Green;2;Don Money;0,9157
Danny Green;3;Scott Leius;0,9145
Danny Green;4;George Bradley;0,9053
Danny Green;5;Jesse Barnes;0,9002
Danny Heep;1;Preacher Henry;0,9095
Danny Heep;2;Todd Wellemeyer;0,9022
Danny Heep;3;Todd Coffey;0,8984
Danny Heep;4;Jack Hannahan;0,8918
Danny Heep;5;Hank Wyse;0,8844
Danny Hoffman;1;Jim Lindeman;0,9369
Danny Hoffman;2;Lonnie Chisenhall;0,9285
Danny Hoffman;3;Scott Bailes;0,9133
Danny Hoffman;4;Blake Treinen;0,909
Danny Hoffman;5;Charlie Gelbert;0,8949
Danny Jackson;1;Mike Aldrete;0,9083
Danny Jackson;2;John Halama;0,9068
Danny Jackson;3;Randy Moore;0,8948
Danny Jackson;4;Dick Dietz;0,8935
Danny Jackson;5;Rich Rollins;0,8864
Danny Jansen;1;Scott Servais;0,9364
Danny Jansen;2;Joe Williams;0,886
Danny Jansen;3;Ralph Kiner;0,8545
Danny Jansen;4;Deivi Cruz;0,8511
Danny Jansen;5;Robert Fick;0,8458
Danny Litwhiler;1;Fred Bankhead;0,9093
Danny Litwhiler;2;Joe Torre;0,8557
Danny Litwhiler;3;John Peters;0,85
Danny Litwhiler;4;Jimmy Ring;0,8442
Danny Litwhiler;5;Alejandro De Aza;0,8412
Danny MacFayden;1;Danny Espinosa;0,9242
Danny MacFayden;2;D'Angelo Jimenez;0,9113
Danny MacFayden;3;Joe Moeller;0,9015
Danny MacFayden;4;Gates Brown;0,8953
Danny MacFayden;5;Mike Smithson;0,8866
Danny McClellan;1;Gary Peters;0,9391
Danny McClellan;2;Charlie Blackmon;0,9377
Danny McClellan;3;Shane Robinson;0,9354
Danny McClellan;4;Mike Devereaux;0,9309
Danny McClellan;5;Matt Harrison;0,9287
Danny Murphy;1;Charlie Mason;0,9219
Danny Murphy;2;Mark Mulder;0,9097
Danny Murphy;3;Roy Welmaker;0,8966
Danny Murphy;4;Donne Wall;0,8888
Danny Murphy;5;John Moses;0,8848
Danny Murtaugh;1;Terry Moore;0,8964
Danny Murtaugh;2;Jim Ray;0,8728
Danny Murtaugh;3;Jolbert Cabrera;0,8573
Danny Murtaugh;4;Bob Porterfield;0,8568
Danny Murtaugh;5;Vern Ruhle;0,8526
Danny O'Connell;1;Zollie Wright;0,9479
Danny O'Connell;2;Joe Magrane;0,9465
Danny O'Connell;3;Gene Richards;0,9433
Danny O'Connell;4;Pete Whisenant;0,9354
Danny O'Connell;5;Richard Bleier;0,929
Danny Patterson;1;Jeffrey Springs;1,0
Danny Patterson;2;Tom Gorman;0,9976
Danny Patterson;3;Hank Greenberg;0,9976
Danny Patterson;4;David Huff;0,9922
Danny Patterson;5;Andy Hansen;0,9868
Danny Richardson;1;Noodles Hahn;0,9697
Danny Richardson;2;Hal Naragon;0,9116
Danny Richardson;3;Alex McCarthy;0,9055
Danny Richardson;4;Wild Bill Wright;0,8982
Danny Richardson;5;Luis Sojo;0,8965
Danny Santana;1;Nolan Arenado;0,9714
Danny Santana;2;Roberto Alomar;0,9679
Danny Santana;3;Abner Dalrymple;0,9359
Danny Santana;4;Oscar Melillo;0,928
Danny Santana;5;Duff Cooley;0,9172
Danny Tartabull;1;Bennie Daniels;0,9285
Danny Tartabull;2;Art Howe;0,9277
Danny Tartabull;3;Starling Marte;0,9183
Danny Tartabull;4;Buddy Armour;0,9175
Danny Tartabull;5;Joey Gallo;0,9131
Danny Taylor;1;Greg Luzinski;0,949
Danny Taylor;2;Jorge Posada;0,9348
Danny Taylor;3;Ray Fosse;0,9331
Danny Taylor;4;Torii Hunter;0,916
Danny Taylor;5;Keith Moreland;0,8921
Danny Valencia;1;Ken Henderson;0,8797
Danny Valencia;2;Dick Hoblitzell;0,868
Danny Valencia;3;Granny Hamner;0,8558
Danny Valencia;4;Ray Jablonski;0,8489
Danny Valencia;5;Charlie Puleo;0,8482
Dansby Swanson;1;Frank White;0,9575
Dansby Swanson;2;Jim Lemon;0,9514
Dansby Swanson;3;Kid Gleason;0,9438
Dansby Swanson;4;Cody Ross;0,9429
Dansby Swanson;5;Bill Killefer;0,9414
Dante Bichette;1;Eddie Burke;0,8891
Dante Bichette;2;Tom Cheney;0,8747
Dante Bichette;3;Antonio Senzatela;0,8618
Dante Bichette;4;Shane Victorino;0,8408
Dante Bichette;5;Jeff Kunkel;0,8353
Danys Baez;1;Taylor Teagarden;0,9588
Danys Baez;2;Aaron Judge;0,9502
Danys Baez;3;Pete Smith;0,9501
Danys Baez;4;Adam Wainwright;0,95
Danys Baez;5;Alex Fernandez;0,9477
Daric Barton;1;Lee Stange;0,9409
Daric Barton;2;Dale Mitchell;0,9215
Daric Barton;3;Eric Sogard;0,8935
Daric Barton;4;Sam Fuld;0,8826
Daric Barton;5;Aaron Hicks;0,8822
Darin Erstad;1;Chad Wallach;0,9943
Darin Erstad;2;Brad Wilkerson;0,9903
Darin Erstad;3;Dennis Springer;0,9894
Darin Erstad;4;Brian Tallet;0,9643
Darin Erstad;5;Emmet Heidrick;0,9623
Darin Ruf;1;Mychal Givens;0,9599
Darin Ruf;2;Rusty Meacham;0,9549
Darin Ruf;3;Xavier Cedeno;0,9522
Darin Ruf;4;Orlando Mercado;0,9505
Darin Ruf;5;Charlie Hough;0,9353
Darltie Cooper;1;Chet Nichols;0,9687
Darltie Cooper;2;Roger Freed;0,9637
Darltie Cooper;3;Mark Knudson;0,9523
Darltie Cooper;4;Alex Diaz;0,9407
Darltie Cooper;5;Jason Jennings;0,9394
Darnell Coles;1;Chick Gandil;0,9017
Darnell Coles;2;Michael Pineda;0,8945
Darnell Coles;3;Trevor Plouffe;0,8592
Darnell Coles;4;Lyn Lary;0,837
Darnell Coles;5;Jack Barry;0,8312
Darold Knowles;1;Casey McGehee;0,9169
Darold Knowles;2;Al McBean;0,9136
Darold Knowles;3;Bill Dietrich;0,8937
Darold Knowles;4;Dale Berra;0,893
Darold Knowles;5;Adam Melhuse;0,8841
Darrel Chaney;1;Mark Christman;0,8843
Darrel Chaney;2;Lee Thomas;0,8672
Darrel Chaney;3;Robert Andino;0,8543
Darrel Chaney;4;Putsy Caballero;0,8529
Darrel Chaney;5;Bill Donovan;0,8266
Darrell Evans;1;Bud Stewart;0,9336
Darrell Evans;2;Harry Schafer;0,9326
Darrell Evans;3;Sam Dente;0,9094
Darrell Evans;4;Dick Higham;0,909
Darrell Evans;5;Tim Donahue;0,9041
Darrell Porter;1;Lon Knight;0,9208
Darrell Porter;2;Ed Andrews;0,9101
Darrell Porter;3;Roy Henshaw;0,8817
Darrell Porter;4;Jeff Frye;0,8573
Darrell Porter;5;Dick Sisler;0,8526
Darren Bragg;1;Bryce Florie;0,918
Darren Bragg;2;Jack Heidemann;0,8968
Darren Bragg;3;Eric Rasmussen;0,8837
Darren Bragg;4;Byung-Hyun Kim;0,8733
Darren Bragg;5;Paul Householder;0,8541
Darren Daulton;1;Larry Cheney;0,9379
Darren Daulton;2;Ernie Johnson;0,9164
Darren Daulton;3;Phil Collins;0,8918
Darren Daulton;4;Jake Gibbs;0,8873
Darren Daulton;5;Matt Batts;0,8841
Darren Dreifort;1;Alex McCarthy;0,9859
Darren Dreifort;2;Derek Bell;0,966
Darren Dreifort;3;Hal Naragon;0,9516
Darren Dreifort;4;Gordy Coleman;0,9468
Darren Dreifort;5;Ralph Garr;0,9466
Darren Holmes;1;Vinnie Chulk;0,9465
Darren Holmes;2;Dave Bush;0,9285
Darren Holmes;3;Ryan Tepera;0,9093
Darren Holmes;4;Chuck Cary;0,8953
Darren Holmes;5;Red Lucas;0,8915
Darren Lewis;1;Bob McGraw;0,959
Darren Lewis;2;James Shields;0,9103
Darren Lewis;3;Doug Mientkiewicz;0,9036
Darren Lewis;4;Lee Grissom;0,8878
Darren Lewis;5;James McCann;0,8717
Darren O'Day;1;Amaury Telemaco;0,9022
Darren O'Day;2;Sol White;0,8962
Darren O'Day;3;Hector Santiago;0,8818
Darren O'Day;4;Nolan Reimold;0,8727
Darren O'Day;5;Albie Pearson;0,8605
Darren Oliver;1;Wes Stock;0,9954
Darren Oliver;2;Wally Roettger;0,9923
Darren Oliver;3;Mike Tauchman;0,992
Darren Oliver;4;Kevin Millar;0,9916
Darren Oliver;5;Jeremy Accardo;0,9902
Darrin Fletcher;1;Jake Gibbs;0,9431
Darrin Fletcher;2;Russ Davis;0,8941
Darrin Fletcher;3;George Suggs;0,8831
Darrin Fletcher;4;Tim Hendryx;0,868
Darrin Fletcher;5;Phil Collins;0,8658
Darrin Jackson;1;Roger Repoz;0,9205
Darrin Jackson;2;Bud Podbielan;0,9056
Darrin Jackson;3;Chris Martin;0,9051
Darrin Jackson;4;Dan Jennings;0,8954
Darrin Jackson;5;Pete Broberg;0,894
Darryl Hamilton;1;Lee Guetterman;0,922
Darryl Hamilton;2;John Lannan;0,9203
Darryl Hamilton;3;Oil Can Boyd;0,9188
Darryl Hamilton;4;Jeanmar Gomez;0,9053
Darryl Hamilton;5;Erik Bedard;0,8947
Darryl Kile;1;Ducky Holmes;0,9699
Darryl Kile;2;Doug Strange;0,9687
Darryl Kile;3;Bud Barbee;0,9497
Darryl Kile;4;Mike Hargrove;0,9459
Darryl Kile;5;Candy Jim Taylor;0,9423
Darryl Strawberry;1;Brayan Peña;0,9664
Darryl Strawberry;2;Damaso Marte;0,9605
Darryl Strawberry;3;Alex Arias;0,9541
Darryl Strawberry;4;Wayne Gross;0,9523
Darryl Strawberry;5;Mike Phillips;0,9488
Darwin Barney;1;John Wathan;0,9104
Darwin Barney;2;Wally Berger;0,8766
Darwin Barney;3;Phil Nevin;0,8677
Darwin Barney;4;Ivy Olson;0,8676
Darwin Barney;5;Walt Wilmot;0,8206
Daryl Boston;1;Kevin Cash;0,9629
Daryl Boston;2;Kameron Loe;0,9542
Daryl Boston;3;Rich DeLucia;0,951
Daryl Boston;4;Eddie Lake;0,9441
Daryl Boston;5;Chris Carter;0,9436
Daryl Spencer;1;Jim Gentile;0,9698
Daryl Spencer;2;Burgess Whitehead;0,9163
Daryl Spencer;3;Earl Grace;0,9146
Daryl Spencer;4;Wayne Tolleson;0,89
Daryl Spencer;5;Willie Horton;0,8862
Daryle Ward;1;Rodney Scott;0,9463
Daryle Ward;2;Ken Silvestri;0,9451
Daryle Ward;3;George Zuverink;0,9406
Daryle Ward;4;R. J. Reynolds;0,9394
Daryle Ward;5;Nate Jones;0,9376
Dave Anderson;1;Aaron Laffey;0,897
Dave Anderson;2;Mike Aldrete;0,8837
Dave Anderson;3;Matt Harrison;0,8836
Dave Anderson;4;Roger Moret;0,8723
Dave Anderson;5;Scot Thompson;0,8661
Dave Bancroft;1;George Susce;0,8946
Dave Bancroft;2;Lonnie Chisenhall;0,8925
Dave Bancroft;3;Stephen Piscotty;0,8753
Dave Bancroft;4;Ryan Webb;0,8487
Dave Bancroft;5;Dalton Jones;0,8376
Dave Barnhill;1;Bryan Clark;0,9637
Dave Barnhill;2;Sandy Martinez;0,9548
Dave Barnhill;3;Rick Aguilera;0,9466
Dave Barnhill;4;Jose Alvarado;0,9465
Dave Barnhill;5;Michael Wuertz;0,9339
Dave Bergman;1;Lefty O'Doul;0,9909
Dave Bergman;2;Mike Tauchman;0,9907
Dave Bergman;3;Archie Ware;0,9892
Dave Bergman;4;Roy Smith;0,9867
Dave Bergman;5;Will Cunnane;0,9854
Dave Boswell;1;Jerry Remy;0,9759
Dave Boswell;2;Joaquin Andujar;0,9078
Dave Boswell;3;Russell Martin;0,9011
Dave Boswell;4;Dick Tidrow;0,8987
Dave Boswell;5;Alex Wood;0,8945
Dave Burba;1;Roy Smith;0,9746
Dave Burba;2;Sammy Esposito;0,9652
Dave Burba;3;Roy Mahaffey;0,9566
Dave Burba;4;Frank McCormick;0,9564
Dave Burba;5;Austin Hays;0,9562
Dave Bush;1;Mark Gardner;0,9842
Dave Bush;2;Ryan Tepera;0,9448
Dave Bush;3;Kelvim Escobar;0,9295
Dave Bush;4;Darren Holmes;0,9285
Dave Bush;5;Wade Miller;0,9284
Dave Campbell;1;Ralph Young;0,9877
Dave Campbell;2;Cal Ripken;0,9875
Dave Campbell;3;Mike Lieberthal;0,9848
Dave Campbell;4;Chris Hammond;0,9833
Dave Campbell;5;Elliott Maddox;0,9816
Dave Cash;1;Irvin Brooks;0,9196
Dave Cash;2;Bert Haas;0,914
Dave Cash;3;Lee Walls;0,8739
Dave Cash;4;Mike Clevinger;0,8599
Dave Cash;5;Chris Donnels;0,853
Dave Chalk;1;John Barnes;0,8975
Dave Chalk;2;Ed Crane;0,8885
Dave Chalk;3;Jacob Cruz;0,8785
Dave Chalk;4;Matt Capps;0,8771
Dave Chalk;5;Jose Quintana;0,8711
Dave Clark;1;Hick Carpenter;0,9182
Dave Clark;2;Johnny Smith;0,8909
Dave Clark;3;Fred Talbot;0,8667
Dave Clark;4;Todd Jones;0,8644
Dave Clark;5;Dixie Davis;0,8633
Dave Collins;1;Max Surkont;0,9388
Dave Collins;2;Cliff Johnson;0,9338
Dave Collins;3;Doug Rau;0,9194
Dave Collins;4;Juanelo Mirabal;0,9134
Dave Collins;5;Martin Perez;0,8724
Dave Concepcion;1;Bob Davis;0,94
Dave Concepcion;2;Sandy Alcantara;0,9083
Dave Concepcion;3;Tom Brewer;0,9071
Dave Concepcion;4;Ken Harrelson;0,9054
Dave Concepcion;5;Joe Lahoud;0,9047
Dave Danforth;1;Matt Harrison;0,9843
Dave Danforth;2;Dan Jennings;0,9808
Dave Danforth;3;Randall Delgado;0,9276
Dave Danforth;4;Harry Eisenstat;0,9272
Dave Danforth;5;Corey Knebel;0,9267
Dave Dravecky;1;Tex Hughson;0,9849
Dave Dravecky;2;Ray King;0,9818
Dave Dravecky;3;Clint Hurdle;0,9775
Dave Dravecky;4;Paul Shuey;0,9704
Dave Dravecky;5;Bill Hall;0,97
Dave Duncan;1;Ed Sweeney;0,9142
Dave Duncan;2;Whit Merrifield;0,8856
Dave Duncan;3;Owen Wilson;0,8598
Dave Duncan;4;Matt Clement;0,8411
Dave Duncan;5;Scott Bailes;0,8285
Dave Eggler;1;Jose Leclerc;0,9614
Dave Eggler;2;Torey Lovullo;0,9515
Dave Eggler;3;Earl Caldwell;0,9479
Dave Eggler;4;Nick Masset;0,9139
Dave Eggler;5;Fred Talbot;0,9106
Dave Eiland;1;Matt Barnes;1,0
Dave Eiland;2;Cesar Ramos;1,0
Dave Eiland;3;Rafael Betancourt;1,0
Dave Eiland;4;Jim Mecir;1,0
Dave Eiland;5;John Brebbia;1,0
Dave Engle;1;Chris Woodward;0,9332
Dave Engle;2;Steve Brodie;0,9071
Dave Engle;3;Khris Davis;0,9033
Dave Engle;4;Dave Foutz;0,8962
Dave Engle;5;Bill McClellan;0,8835
Dave Foutz;1;Stephen Piscotty;0,9605
Dave Foutz;2;Amos Rusie;0,9298
Dave Foutz;3;Lonnie Chisenhall;0,9249
Dave Foutz;4;Ed Killian;0,9106
Dave Foutz;5;Harry Wolverton;0,9068
Dave Gallagher;1;Joe Bowman;0,9647
Dave Gallagher;2;Johnny Klippstein;0,9081
Dave Gallagher;3;Miguel Rojas;0,9076
Dave Gallagher;4;Art Ditmar;0,8922
Dave Gallagher;5;Sam West;0,8888
Dave Giusti;1;Kelly Downs;0,8919
Dave Giusti;2;Donnie Hill;0,8856
Dave Giusti;3;Mike Menosky;0,8832
Dave Giusti;4;Gabby Street;0,8632
Dave Giusti;5;Jim Weaver;0,8609
Dave Goltz;1;Xavier Cedeno;0,9697
Dave Goltz;2;Eric Rasmussen;0,9447
Dave Goltz;3;Orlando Mercado;0,9327
Dave Goltz;4;Jimmie Schaffer;0,9157
Dave Goltz;5;Rip Repulski;0,9051
Dave Hamilton;1;Craig McMurtry;0,9416
Dave Hamilton;2;Frank O'Rourke;0,9334
Dave Hamilton;3;Pete Richert;0,9021
Dave Hamilton;4;Brandon McCarthy;0,8817
Dave Hamilton;5;Dennis Eckersley;0,868
Dave Hansen;1;Tom Jones;0,9858
Dave Hansen;2;Ted Power;0,983
Dave Hansen;3;Billy Klaus;0,9815
Dave Hansen;4;Bobby Richardson;0,9798
Dave Hansen;5;Craig Breslow;0,9792
Dave Henderson;1;Ray Mack;0,9143
Dave Henderson;2;Jerry Johnson;0,9075
Dave Henderson;3;Sergio Romo;0,8861
Dave Henderson;4;Bill Hall;0,8706
Dave Henderson;5;John Grabow;0,8669
Dave Hillman;1;Bob Kuzava;0,984
Dave Hillman;2;Bill Dahlen;0,9658
Dave Hillman;3;Wally Moses;0,9583
Dave Hillman;4;Don Zimmer;0,9568
Dave Hillman;5;Terry Mulholland;0,946
Dave Hollins;1;Malachi Kittridge;0,87
Dave Hollins;2;Mark Williamson;0,8679
Dave Hollins;3;George Sherrill;0,8527
Dave Hollins;4;Chad Fox;0,8522
Dave Hollins;5;Whitey Herzog;0,8406
Dave Kingman;1;Mike Aldrete;0,9857
Dave Kingman;2;Tim Murnane;0,9474
Dave Kingman;3;Adam Melhuse;0,9221
Dave Kingman;4;Josh Johnson;0,9194
Dave Kingman;5;Greg Allen;0,9167
Dave Koslo;1;Eddie Pellagrini;0,9849
Dave Koslo;2;Morgan Ensberg;0,981
Dave Koslo;3;Nippy Jones;0,9795
Dave Koslo;4;Jeimer Candelario;0,9654
Dave Koslo;5;Joe Koppe;0,9644
Dave LaPoint;1;Eric O'Flaherty;0,9697
Dave LaPoint;2;Brandon Kintzler;0,9697
Dave LaPoint;3;Bob Patterson;0,9697
Dave LaPoint;4;Wayne Gross;0,9679
Dave LaPoint;5;Mike Phillips;0,9633
Dave LaRoche;1;Mackey Sasser;0,9556
Dave LaRoche;2;Bob Klinger;0,9367
Dave LaRoche;3;Justin Grimm;0,9351
Dave LaRoche;4;Terry Whitfield;0,9305
Dave LaRoche;5;Carlos Rodon;0,9184
Dave Leiper;1;Mark Smith;0,9697
Dave Leiper;2;Gerry Arrigo;0,9483
Dave Leiper;3;Tony Tarasco;0,9421
Dave Leiper;4;Scott Sullivan;0,9421
Dave Leiper;5;Jason Jennings;0,9366
Dave Magadan;1;Danny Espinosa;0,949
Dave Magadan;2;Luis Rivas;0,9485
Dave Magadan;3;Trevor Rosenthal;0,9362
Dave Magadan;4;Joe Moeller;0,9355
Dave Magadan;5;Gene Mauch;0,9168
Dave Malarcher;1;Emil Brown;0,9523
Dave Malarcher;2;Jameson Taillon;0,9274
Dave Malarcher;3;Reid Nichols;0,9146
Dave Malarcher;4;Phil Hughes;0,9011
Dave Malarcher;5;Danny Frisella;0,8983
Dave Martinez;1;Jerome Walton;0,9645
Dave Martinez;2;Brian Williams;0,9252
Dave Martinez;3;Ty Wigginton;0,9114
Dave Martinez;4;Albie Pearson;0,9012
Dave Martinez;5;Steve Lyons;0,884
Dave May;1;Mickey Klutts;0,9268
Dave May;2;Luis Cessa;0,9181
Dave May;3;John Morris;0,9125
Dave May;4;Adrian Houser;0,9114
Dave May;5;Al Lakeman;0,9086
Dave McCarty;1;John Denny;0,9152
Dave McCarty;2;Amed Rosario;0,9151
Dave McCarty;3;Rick Camp;0,8987
Dave McCarty;4;Max Alvis;0,874
Dave McCarty;5;Rick Waits;0,8424
Dave McKay;1;Kevin Bass;0,979
Dave McKay;2;John Henry Russell;0,9739
Dave McKay;3;Dick Johnston;0,9697
Dave McKay;4;Juan Beniquez;0,9626
Dave McKay;5;George Hemming;0,9619
Dave McNally;1;Antonio Bastardo;0,9539
Dave McNally;2;Karim Garcia;0,9382
Dave McNally;3;Ivan de Jesus;0,9334
Dave McNally;4;Phil Garner;0,9173
Dave McNally;5;Ryan McMahon;0,9106
Dave Mlicki;1;Doug Rau;0,9709
Dave Mlicki;2;Max Surkont;0,9592
Dave Mlicki;3;Juanelo Mirabal;0,9421
Dave Mlicki;4;Josh Phelps;0,9339
Dave Mlicki;5;Fred Carisch;0,9314
Dave Morehead;1;Bob Humphreys;0,9561
Dave Morehead;2;George Boehler;0,9488
Dave Morehead;3;Mark Thurmond;0,9347
Dave Morehead;4;Perry Hall;0,9168
Dave Morehead;5;Matt Shoemaker;0,9113
Dave Nelson;1;David Price;0,9361
Dave Nelson;2;Adam Moore;0,8971
Dave Nelson;3;Zach Davies;0,8793
Dave Nelson;4;Matt Andriese;0,8695
Dave Nelson;5;Myles Straw;0,8677
Dave Nilsson;1;Denny Mack;0,9185
Dave Nilsson;2;Felix Mantilla;0,9141
Dave Nilsson;3;Tom Gorzelanny;0,9112
Dave Nilsson;4;Scott Schoeneweis;0,8921
Dave Nilsson;5;Jeanmar Gomez;0,8871
Dave Orr;1;Justin Upton;0,9783
Dave Orr;2;Oscar Gamble;0,9702
Dave Orr;3;John Irwin;0,9611
Dave Orr;4;Jerry Denny;0,9605
Dave Orr;5;Lenny Green;0,9584
Dave Otto;1;Dick Littlefield;0,9913
Dave Otto;2;Carlos Martinez;0,9792
Dave Otto;3;Skip Lockwood;0,9635
Dave Otto;4;Johnny Morrison;0,9632
Dave Otto;5;Ryne Duren;0,9629
Dave Parker;1;David Newhan;0,907
Dave Parker;2;Marcus Thames;0,9015
Dave Parker;3;Randy Gumpert;0,8807
Dave Parker;4;Joe Saunders;0,8775
Dave Parker;5;D. J. Carrasco;0,8645
Dave Philley;1;Isiah Kiner-Falefa;0,8519
Dave Philley;2;Willard Marshall;0,8324
Dave Philley;3;Steve Sundra;0,8264
Dave Philley;4;John Montefusco;0,8183
Dave Philley;5;Jimmy Wasdell;0,8008
Dave Rader;1;Alex Cintron;0,9734
Dave Rader;2;Pablo Sandoval;0,9544
Dave Rader;3;Joe Saunders;0,9536
Dave Rader;4;Charley Hall;0,9525
Dave Rader;5;Curtis Harris;0,9476
Dave Righetti;1;Joe McEwing;0,8914
Dave Righetti;2;Sean Bergman;0,8835
Dave Righetti;3;Tony Sipp;0,8815
Dave Righetti;4;Will Venable;0,8788
Dave Righetti;5;Mike Kahoe;0,8732
Dave Roberts;1;Larry Milbourne;0,9419
Dave Roberts;2;Ed Phelps;0,9372
Dave Roberts;3;Gus Suhr;0,9292
Dave Roberts;4;Mike Phillips;0,9265
Dave Roberts;5;Wayne Gross;0,9257
Dave Robertson;1;Larry Herndon;0,9124
Dave Robertson;2;Donn Clendenon;0,9118
Dave Robertson;3;Bill McKechnie;0,8946
Dave Robertson;4;Bernie Friberg;0,8911
Dave Robertson;5;Paul Lo Duca;0,8908
Dave Rosello;1;Carlos Hernandez;0,9701
Dave Rosello;2;Shane Reynolds;0,9636
Dave Rosello;3;Larry Jansen;0,9567
Dave Rosello;4;Billy Butler;0,9522
Dave Rosello;5;Luis Aparicio;0,952
Dave Rozema;1;Bob Robertson;0,8832
Dave Rozema;2;Earl Sheely;0,8809
Dave Rozema;3;Laymon Yokely;0,869
Dave Rozema;4;Carlos Quentin;0,8579
Dave Rozema;5;Josh Gibson;0,8455
Dave Schmidt;1;Bob Wells;0,9439
Dave Schmidt;2;Tim Hill;0,9215
Dave Schmidt;3;Rusty Meacham;0,9204
Dave Schmidt;4;Jedd Gyorko;0,9161
Dave Schmidt;5;Ed Lynch;0,9092
Dave Shean;1;Jeff King;0,9384
Dave Shean;2;Bobby Thigpen;0,9296
Dave Shean;3;Tony Watson;0,9282
Dave Shean;4;Marty Keough;0,9232
Dave Shean;5;Sid Gordon;0,9229
Dave Silvestri;1;José Méndez;0,9486
Dave Silvestri;2;Tomas Perez;0,9375
Dave Silvestri;3;Richie Ashburn;0,925
Dave Silvestri;4;Jim Lonborg;0,8929
Dave Silvestri;5;Cory Snyder;0,8919
Dave Smith;1;Bryce Florie;0,9765
Dave Smith;2;Wayne Kirby;0,9369
Dave Smith;3;Chick Shorten;0,9336
Dave Smith;4;Paul Householder;0,9233
Dave Smith;5;Cliff Fannin;0,9226
Dave Stewart;1;Ross Stripling;0,9196
Dave Stewart;2;Tatica Campos;0,899
Dave Stewart;3;Wayne Twitchell;0,8985
Dave Stewart;4;Sam Fuld;0,8936
Dave Stewart;5;Kendall Graveman;0,893
Dave Stieb;1;Joe Coleman;0,9826
Dave Stieb;2;Willie Jones;0,9689
Dave Stieb;3;Steve Barber;0,9686
Dave Stieb;4;Chuck Klein;0,9685
Dave Stieb;5;Harry Perkowski;0,9624
Dave Thomas;1;Bob Horner;0,9394
Dave Thomas;2;Nick Etten;0,9323
Dave Thomas;3;Matt Harrison;0,9164
Dave Thomas;4;Bill Bruton;0,9082
Dave Thomas;5;Roger Moret;0,9057
Dave Tobik;1;A. J. Minter;1,0
Dave Tobik;2;Pete Schourek;1,0
Dave Tobik;3;Brad Havens;1,0
Dave Tobik;4;Dana Eveland;1,0
Dave Tobik;5;Dan Wheeler;1,0
Dave Tomlin;1;Yorkis Perez;0,9722
Dave Tomlin;2;Chubby Dean;0,9244
Dave Tomlin;3;Alonzo Boone;0,9223
Dave Tomlin;4;Mike Pelfrey;0,9025
Dave Tomlin;5;Jim Presley;0,9004
Dave Valle;1;Chris Johnson;0,9309
Dave Valle;2;Wil Ledezma;0,9296
Dave Valle;3;Kiki Cuyler;0,9267
Dave Valle;4;Derek Dietrich;0,9245
Dave Valle;5;Earl Williams;0,9157
Dave Veres;1;Jay Howell;0,9495
Dave Veres;2;Scott Livingstone;0,9399
Dave Veres;3;Joe Moeller;0,9036
Dave Veres;4;Chuck Diering;0,8756
Dave Veres;5;Don Lee;0,8752
Dave Wickersham;1;Cap Peterson;0,9555
Dave Wickersham;2;Bruce Chen;0,9487
Dave Wickersham;3;Frank House;0,9417
Dave Wickersham;4;Scott Bradley;0,94
Dave Wickersham;5;Santiago Casilla;0,9377
Dave Winfield;1;Billy Sunday;0,958
Dave Winfield;2;Chuck Crim;0,9555
Dave Winfield;3;Stu Martin;0,9545
Dave Winfield;4;Harry Harper;0,9323
Dave Winfield;5;Tex Clevenger;0,9272
Davey Johnson;1;Eddie Pellagrini;0,9931
Davey Johnson;2;Joe Lis;0,9811
Davey Johnson;3;Ray Morgan;0,9759
Davey Johnson;4;Nippy Jones;0,9722
Davey Johnson;5;Jose Morales;0,9711
Davey Lopes;1;Johnny Bench;0,9398
Davey Lopes;2;Nate Schierholtz;0,9217
Davey Lopes;3;Connie Rector;0,919
Davey Lopes;4;Bryan Clark;0,9178
Davey Lopes;5;Mike Sullivan;0,9029
David Bell;1;Harry Stovey;0,9018
David Bell;2;Ron Herbel;0,8901
David Bell;3;Ray Jablonski;0,8823
David Bell;4;Faye Throneberry;0,8749
David Bell;5;Poindexter Williams;0,855
David Cone;1;Marcelino Guerra;0,8974
David Cone;2;Tom Glover;0,864
David Cone;3;Vicente Palacios;0,8557
David Cone;4;Terry Mathews;0,8553
David Cone;5;Casey Fossum;0,853
David DeJesus;1;Chris Johnson;0,9568
David DeJesus;2;Wil Ledezma;0,9385
David DeJesus;3;George Strickland;0,8888
David DeJesus;4;Luis Melendez;0,8686
David DeJesus;5;Carmelo Martinez;0,8622
David Dellucci;1;Mike Shannon;0,9134
David Dellucci;2;Ryan Lavarnway;0,9106
David Dellucci;3;Tom Glover;0,9085
David Dellucci;4;Tim Hill;0,8926
David Dellucci;5;Doug Henry;0,8815
David Eckstein;1;Harry Steinfeldt;0,9166
David Eckstein;2;Tim Burke;0,8985
David Eckstein;3;Billy Hoeft;0,8975
David Eckstein;4;Josh Gibson;0,894
David Eckstein;5;Jeff Treadway;0,8925
David Freese;1;Jim Maloney;0,9069
David Freese;2;Tim Foli;0,8963
David Freese;3;Mike Epstein;0,8935
David Freese;4;George Browne;0,8622
David Freese;5;Bob Bescher;0,857
David Hernandez;1;Hector Santiago;0,9756
David Hernandez;2;Dustin Garneau;0,964
David Hernandez;3;Todd Williams;0,9587
David Hernandez;4;Frank Castillo;0,9536
David Hernandez;5;Marcelino Lopez;0,9486
David Howard;1;Reese McGuire;0,9534
David Howard;2;Luis Cessa;0,9355
David Howard;3;Eduardo Perez;0,9343
David Howard;4;Ron Gant;0,9292
David Howard;5;Joe Beggs;0,9239
David Huff;1;Jack Coombs;0,998
David Huff;2;Edgar Gonzalez;0,993
David Huff;3;Pedro Strop;0,9922
David Huff;4;Jeffrey Springs;0,9922
David Huff;5;Dan Bankhead;0,9922
David Justice;1;Jack Heidemann;0,894
David Justice;2;Eric Rasmussen;0,8919
David Justice;3;Earl Johnson;0,8906
David Justice;4;Ted Wilks;0,889
David Justice;5;Cliff Fannin;0,8724
David Murphy;1;Alexei Ramirez;0,9002
David Murphy;2;Clay Holmes;0,8925
David Murphy;3;Buck Jordan;0,8637
David Murphy;4;Bill Stafford;0,8612
David Murphy;5;Flint Rhem;0,8565
David Newhan;1;Mace Brown;0,9426
David Newhan;2;Dave Parker;0,907
David Newhan;3;Jim Tobin;0,9035
David Newhan;4;Clete Boyer;0,8853
David Newhan;5;Ed Goodson;0,8739
David Ortiz;1;Don Wert;0,987
David Ortiz;2;Andres Torres;0,8516
David Ortiz;3;Omar Narvaez;0,8503
David Ortiz;4;Danny Patterson;0,8333
David Ortiz;5;Andy Hansen;0,8246
David Palmer;1;Jimmy Hill;0,9768
David Palmer;2;Tom Johnson;0,9698
David Palmer;3;Travis Jankowski;0,9674
David Palmer;4;Kyle Tucker;0,9631
David Palmer;5;Bud Clancy;0,9622
David Peralta;1;Bill Hinchman;0,9073
David Peralta;2;Brandon Nimmo;0,9025
David Peralta;3;Frank Gibson;0,8833
David Peralta;4;Fritz Dorish;0,88
David Peralta;5;Chris Carter;0,8548
David Phelps;1;John Stephenson;0,9542
David Phelps;2;Roger Connor;0,9491
David Phelps;3;Donne Wall;0,9478
David Phelps;4;Jorge Julio;0,9463
David Phelps;5;Willie Smith;0,9462
David Price;1;Dave Nelson;0,9361
David Price;2;Adam Moore;0,8819
David Price;3;Zach Davies;0,858
David Price;4;Matt Andriese;0,8509
David Price;5;Josh Phelps;0,8491
David Riske;1;Billy Holland;0,9708
David Riske;2;Jake Wade;0,9238
David Riske;3;Noodles Hahn;0,9236
David Riske;4;Keith Miller;0,9182
David Riske;5;Jose Lopez;0,9128
David Robertson;1;Ernie Camacho;1,0
David Robertson;2;Aaron Small;1,0
David Robertson;3;Buddy Carlyle;1,0
David Robertson;4;Jorge Sosa;1,0
David Robertson;5;Justin Duchscherer;1,0
David Ross;1;Chris Codiroli;0,8701
David Ross;2;Bill Travers;0,8684
David Ross;3;Jack Crooks;0,8669
David Ross;4;Maikel Franco;0,8652
David Ross;5;Mark Huismann;0,8557
David Segui;1;Tommy Dowd;0,942
David Segui;2;Bob Harmon;0,9251
David Segui;3;Paul Zuvella;0,9106
David Segui;4;Jack Lapp;0,9054
David Segui;5;Taylor Ward;0,9036
David Weathers;1;Paul Foytack;0,9753
David Weathers;2;Roger Moret;0,9429
David Weathers;3;Buddy Carlyle;0,9384
David Weathers;4;Jorge Sosa;0,9384
David Weathers;5;Ernie Camacho;0,938
David Wells;1;Phil Maton;0,885
David Wells;2;Chad Kuhl;0,8718
David Wells;3;Skip Schumaker;0,8667
David Wells;4;Jeremy Hellickson;0,8511
David Wells;5;Vicente Romo;0,8307
David West;1;Carl Weilman;0,9434
David West;2;Drew Stubbs;0,8885
David West;3;Frank LaCorte;0,8687
David West;4;Arnold Statz;0,8499
David West;5;Doc Sykes;0,835
David Wright;1;Joe Magrane;0,955
David Wright;2;Pete Whisenant;0,9317
David Wright;3;Andres Torres;0,9138
David Wright;4;Ed Glynn;0,9138
David Wright;5;Clyde Engle;0,9121
Davy Force;1;Khris Davis;0,9459
Davy Force;2;Ryan Webb;0,901
Davy Force;3;Bob Horner;0,8986
Davy Force;4;Jim Holdsworth;0,8659
Davy Force;5;Ray Fisher;0,8656
Davy Jones;1;Ted Alexander;0,9602
Davy Jones;2;Nate Jones;0,9388
Davy Jones;3;Ken Silvestri;0,9235
Davy Jones;4;Andre Ethier;0,9103
Davy Jones;5;Al Milnar;0,905
Dazzy Vance;1;Hal Naragon;0,9888
Dazzy Vance;2;Roy Smith;0,9779
Dazzy Vance;3;Subby Byas;0,9748
Dazzy Vance;4;Joe Koppe;0,9732
Dazzy Vance;5;Archie Ware;0,9649
Deacon McGuire;1;Kevin Frandsen;0,9078
Deacon McGuire;2;Wilmer Flores;0,8437
Deacon McGuire;3;Ron Schueler;0,8252
Deacon McGuire;4;Dann Bilardello;0,8157
Deacon McGuire;5;Bill Duggleby;0,8014
Deacon Phillippe;1;Freddie Lindstrom;0,9231
Deacon Phillippe;2;Roy Hartzell;0,9172
Deacon Phillippe;3;Bob Robertson;0,8961
Deacon Phillippe;4;Lourdes Gurriel;0,8806
Deacon Phillippe;5;Gordon Rhodes;0,8612
Deacon White;1;Al Myers;0,8886
Deacon White;2;Jim Holdsworth;0,8805
Deacon White;3;Barry Jones;0,8598
Deacon White;4;Mike Cubbage;0,835
Deacon White;5;Flash Miller;0,8028
Dean Chance;1;Mickey McDermott;0,8859
Dean Chance;2;Jay Gibbons;0,8853
Dean Chance;3;Prince Fielder;0,8843
Dean Chance;4;Dutch Henry;0,884
Dean Chance;5;Jim Ray Hart;0,8719
Dean Palmer;1;Tom Jones;0,9856
Dean Palmer;2;Steven Souza;0,9837
Dean Palmer;3;Bud Clancy;0,9803
Dean Palmer;4;Damon Berryhill;0,9799
Dean Palmer;5;Billy Klaus;0,9785
Dean Stone;1;Dewayne Wise;0,9691
Dean Stone;2;J. J. Putz;0,9527
Dean Stone;3;Vida Blue;0,9508
Dean Stone;4;Mike Laga;0,9344
Dean Stone;5;Bill Lohrman;0,9261
Debs Garms;1;Ernie Camacho;0,9868
Debs Garms;2;Aaron Small;0,9868
Debs Garms;3;Drew Storen;0,9868
Debs Garms;4;Jonathan Loaisiga;0,9868
Debs Garms;5;Justin Duchscherer;0,9868
Dee Brown;1;Roberto Clemente;0,9487
Dee Brown;2;Matt Capps;0,9314
Dee Brown;3;Ramon Castro;0,9265
Dee Brown;4;Bob Boyd;0,9216
Dee Brown;5;Jim O'Toole;0,9152
Dee Fondy;1;Jason Kipnis;0,9513
Dee Fondy;2;Ryan Doumit;0,9395
Dee Fondy;3;Bobby Thomson;0,9246
Dee Fondy;4;Heinie Wagner;0,9219
Dee Fondy;5;Tim Salmon;0,9193
Dee Strange-Gordon;1;Dots Miller;0,9294
Dee Strange-Gordon;2;Chris Heisey;0,9154
Dee Strange-Gordon;3;Cozy Dolan;0,9026
Dee Strange-Gordon;4;Justin Masterson;0,901
Dee Strange-Gordon;5;Corbin Burnes;0,8963
Deion Sanders;1;Ed Delahanty;0,9685
Deion Sanders;2;Sean Newcomb;0,9558
Deion Sanders;3;Rip Radcliff;0,9372
Deion Sanders;4;Rick Burleson;0,9342
Deion Sanders;5;Eddie Collins;0,9229
Deivi Cruz;1;Burke Badenhop;0,9453
Deivi Cruz;2;Jimmy Jones;0,9202
Deivi Cruz;3;Mike Perez;0,9079
Deivi Cruz;4;Harold Treadwell;0,9032
Deivi Cruz;5;Graeme Lloyd;0,8921
Del Crandall;1;Bob Harmon;0,9344
Del Crandall;2;Josh Bell;0,9169
Del Crandall;3;Pink Hawley;0,9089
Del Crandall;4;Tom Satriano;0,9087
Del Crandall;5;Gene Hermanski;0,906
Del Ennis;1;Ivy Andrews;0,8928
Del Ennis;2;Conor Gillaspie;0,891
Del Ennis;3;Lance Richbourg;0,8846
Del Ennis;4;Lefty Weinert;0,8686
Del Ennis;5;Tom Cheney;0,8608
Del Gainer;1;Emmet Heidrick;0,9869
Del Gainer;2;Brian Tallet;0,983
Del Gainer;3;Dennis Springer;0,9771
Del Gainer;4;Kyle Tucker;0,9763
Del Gainer;5;Jake Stahl;0,9749
Del Pratt;1;Dick Howser;0,9615
Del Pratt;2;Chris Archer;0,9589
Del Pratt;3;Robert Person;0,9588
Del Pratt;4;Brad Komminsk;0,9531
Del Pratt;5;Ed Konetchy;0,9494
Del Rice;1;Johnny Wright;0,9469
Del Rice;2;Bill Lamar;0,9197
Del Rice;3;Rocky Nelson;0,8912
Del Rice;4;J. P. Crawford;0,8831
Del Rice;5;Wes Westrum;0,8797
Del Unser;1;Ramiro Mendoza;0,9624
Del Unser;2;Ken Kravec;0,9521
Del Unser;3;Pete Ward;0,9248
Del Unser;4;Gene Hermanski;0,9201
Del Unser;5;Hank Thompson;0,9061
Del Wilber;1;Atlee Hammaker;0,9637
Del Wilber;2;Tony Tarasco;0,9419
Del Wilber;3;Milt May;0,9153
Del Wilber;4;Porter Moss;0,9138
Del Wilber;5;Pat Mahomes;0,9114
Delino DeShields;1;Beals Becker;0,8901
Delino DeShields;2;Will Jackson;0,8563
Delino DeShields;3;Charlie Dexter;0,8168
Delino DeShields;4;Clyde Kluttz;0,7985
Delino DeShields;5;Walker Buehler;0,7983
Delmon Young;1;Ben Grieve;0,9102
Delmon Young;2;Erick Fedde;0,9039
Delmon Young;3;Jay Gibbons;0,9015
Delmon Young;4;Rawly Eastwick;0,9014
Delmon Young;5;George Altman;0,8936
Denard Span;1;Buddy Armour;0,925
Denard Span;2;Hugh Mulcahy;0,9056
Denard Span;3;Joey Gallo;0,8826
Denard Span;4;Bill Schroeder;0,8658
Denard Span;5;Harry Harper;0,8636
Denis Menke;1;Jim Davenport;0,8788
Denis Menke;2;Kid Carsey;0,8666
Denis Menke;3;Vic Saier;0,8313
Denis Menke;4;Jimmy Brown;0,8146
Denis Menke;5;Miller Huggins;0,794
Dennis Cook;1;Jack Flaherty;0,9742
Dennis Cook;2;Bob Wells;0,9732
Dennis Cook;3;Bill Stafford;0,9692
Dennis Cook;4;Neal Cotts;0,9522
Dennis Cook;5;Tim Hill;0,9513
Dennis Eckersley;1;Trevor Story;0,9093
Dennis Eckersley;2;Chad Kuhl;0,8772
Dennis Eckersley;3;Craig McMurtry;0,869
Dennis Eckersley;4;Dave Hamilton;0,868
Dennis Eckersley;5;Mike Lincoln;0,8145
Dennis Lamp;1;Timo Perez;0,9272
Dennis Lamp;2;Danny Frisella;0,8986
Dennis Lamp;3;Brendan Harris;0,8703
Dennis Lamp;4;Harry Coveleski;0,859
Dennis Lamp;5;Jesse Winker;0,8543
Dennis Leonard;1;Framber Valdez;0,9733
Dennis Leonard;2;Freddy Peralta;0,9558
Dennis Leonard;3;Chris Herrmann;0,9297
Dennis Leonard;4;Adam Melhuse;0,9227
Dennis Leonard;5;Manny Parra;0,9212
Dennis Martinez;1;Brett Gardner;0,9178
Dennis Martinez;2;Gregg Olson;0,9066
Dennis Martinez;3;George Blaeholder;0,9001
Dennis Martinez;4;Fred Scherman;0,8982
Dennis Martinez;5;Robert Stephenson;0,875
Dennis Powell;1;Todd Worrell;1,0
Dennis Powell;2;Fernando Abad;1,0
Dennis Powell;3;Paul Gibson;1,0
Dennis Powell;4;Brian Matusz;1,0
Dennis Powell;5;Salomon Torres;1,0
Dennis Rasmussen;1;Travis Ishikawa;0,9472
Dennis Rasmussen;2;Chris Stynes;0,9201
Dennis Rasmussen;3;Johnny Blanchard;0,9036
Dennis Rasmussen;4;Steve Cishek;0,8937
Dennis Rasmussen;5;Ed Crane;0,8931
Dennis Springer;1;Darin Erstad;0,9894
Dennis Springer;2;Chad Wallach;0,9873
Dennis Springer;3;Brad Wilkerson;0,9827
Dennis Springer;4;Ray Boone;0,9786
Dennis Springer;5;Del Gainer;0,9771
Denny Doyle;1;Craig Stammen;0,9282
Denny Doyle;2;Bobby Castillo;0,9135
Denny Doyle;3;Jim Colborn;0,9001
Denny Doyle;4;Pedro Martinez;0,8975
Denny Doyle;5;Harry Lord;0,8967
Denny Galehouse;1;Elmer Myers;0,9971
Denny Galehouse;2;Mike Tauchman;0,9967
Denny Galehouse;3;Lefty O'Doul;0,9964
Denny Galehouse;4;Ryan Weber;0,9964
Denny Galehouse;5;Will Cunnane;0,9964
Denny Hocking;1;Ryan Freel;0,9478
Denny Hocking;2;Benji Gil;0,8717
Denny Hocking;3;Gil Hatfield;0,8387
Denny Hocking;4;Jeff Kunkel;0,8329
Denny Hocking;5;Egyptian Healy;0,8221
Denny Lemaster;1;Ted Alexander;0,9852
Denny Lemaster;2;Noodles Hahn;0,9637
Denny Lemaster;3;Abraham Almonte;0,9437
Denny Lemaster;4;Dave Burba;0,9377
Denny Lemaster;5;Corey Koskie;0,9313
Denny Lyons;1;Bob Harmon;0,9645
Denny Lyons;2;Bob Meusel;0,9444
Denny Lyons;3;Paul Zuvella;0,9159
Denny Lyons;4;Taylor Ward;0,9128
Denny Lyons;5;Dick Johnston;0,9096
Denny Mack;1;Luke Hochevar;0,937
Denny Mack;2;Dave Nilsson;0,9185
Denny Mack;3;John Tudor;0,9043
Denny Mack;4;Lenny Harris;0,8856
Denny Mack;5;Calvin Schiraldi;0,8838
Denny McLain;1;Chad Wallach;0,981
Denny McLain;2;Dennis Springer;0,9732
Denny McLain;3;Donne Wall;0,9639
Denny McLain;4;Brad Wilkerson;0,9585
Denny McLain;5;Charlie Mason;0,9554
Denny Neagle;1;Mark Petkovsek;0,9896
Denny Neagle;2;Bill Castro;0,9517
Denny Neagle;3;Ned Cuthbert;0,9105
Denny Neagle;4;Al Jackson;0,8955
Denny Neagle;5;Bill Lohrman;0,8952
Denny Walling;1;Steve Parris;0,9844
Denny Walling;2;Brian Matusz;0,9821
Denny Walling;3;Dennis Powell;0,9821
Denny Walling;4;Alan Benes;0,9821
Denny Walling;5;Paul Gibson;0,9821
Dennys Reyes;1;Wally Westlake;0,9131
Dennys Reyes;2;George Selkirk;0,8711
Dennys Reyes;3;Bill Melton;0,8569
Dennys Reyes;4;Ray Powell;0,8384
Dennys Reyes;5;Carl Morton;0,8345
Derek Bell;1;Garrett Atkins;0,9774
Derek Bell;2;Eric Haase;0,9726
Derek Bell;3;Darren Dreifort;0,966
Derek Bell;4;Chet Lemon;0,9657
Derek Bell;5;Mike Hampton;0,9583
Derek Dietrich;1;Phil Gagliano;0,9608
Derek Dietrich;2;Bryan Holaday;0,9595
Derek Dietrich;3;Danny Graves;0,9495
Derek Dietrich;4;George Strickland;0,9462
Derek Dietrich;5;Hubie Brooks;0,9447
Derek Holland;1;Emil Brown;0,9612
Derek Holland;2;Elmer Singleton;0,9
Derek Holland;3;Sherman Barton;0,8996
Derek Holland;4;Jim Pendleton;0,8912
Derek Holland;5;Phil Hughes;0,8593
Derek Jeter;1;Jim Pendleton;0,9062
Derek Jeter;2;Alex Fernandez;0,8692
Derek Jeter;3;Elmer Jacobs;0,8465
Derek Jeter;4;Jesse Bragg;0,843
Derek Jeter;5;Daniel Bard;0,8365
Derek Law;1;Jamie Walker;0,9995
Derek Law;2;Erasmo Ramirez;0,977
Derek Law;3;J. J. Putz;0,9736
Derek Law;4;Carl Scheib;0,9722
Derek Law;5;Jimmie Schaffer;0,952
Derek Lilliquist;1;Rick Mahler;0,9779
Derek Lilliquist;2;Dwayne Henry;0,9644
Derek Lilliquist;3;John Stephenson;0,9586
Derek Lilliquist;4;Jim Holt;0,9479
Derek Lilliquist;5;Al Orth;0,9479
Derek Lowe;1;Ryan Roberts;0,9493
Derek Lowe;2;Johnny Blanchard;0,9463
Derek Lowe;3;Travis Ishikawa;0,9305
Derek Lowe;4;Ed Crane;0,9233
Derek Lowe;5;Dave Wickersham;0,9175
Deron Johnson;1;Gary Lavelle;0,9749
Deron Johnson;2;Michael Barrett;0,9745
Deron Johnson;3;Brad Komminsk;0,9673
Deron Johnson;4;Sammy Stewart;0,9628
Deron Johnson;5;Robert Person;0,9568
Derrek Lee;1;Kolten Wong;0,921
Derrek Lee;2;Ray Scarborough;0,9066
Derrek Lee;3;Bibb Falk;0,8927
Derrek Lee;4;Alex Ochoa;0,8894
Derrek Lee;5;Gary Pettis;0,8887
Derrel Thomas;1;Charlie Reilly;0,9532
Derrel Thomas;2;Earl Williams;0,9174
Derrel Thomas;3;Jerry Grote;0,8886
Derrel Thomas;4;Brook Fordyce;0,8873
Derrel Thomas;5;Dizzy Dean;0,8848
Derrick May;1;Preacher Roe;0,8549
Derrick May;2;Garth Iorg;0,8118
Derrick May;3;Cecil Cooper;0,7983
Derrick May;4;Willie Mitchell;0,7981
Derrick May;5;Josh Reddick;0,7967
Desi Relaford;1;Kevin Frandsen;0,8499
Desi Relaford;2;Jo-Jo White;0,8415
Desi Relaford;3;Don Kelly;0,8376
Desi Relaford;4;Matt Mantei;0,8363
Desi Relaford;5;Sal Yvars;0,836
Devin Mesoraco;1;Terry Steinbach;0,9768
Devin Mesoraco;2;Rob Deer;0,9703
Devin Mesoraco;3;Clay Buchholz;0,9671
Devin Mesoraco;4;Andy Seminick;0,9661
Devin Mesoraco;5;Charlie Hargreaves;0,962
Devon White;1;Bill Drake;0,951
Devon White;2;Marco Gonzales;0,9038
Devon White;3;Robinson Chirinos;0,9022
Devon White;4;Jeremy Hermida;0,8823
Devon White;5;Joe Battin;0,8773
Dewayne Wise;1;Dean Stone;0,9691
Dewayne Wise;2;Marcelino Lopez;0,9674
Dewayne Wise;3;Todd Williams;0,9598
Dewayne Wise;4;Paul Blackburn;0,9555
Dewayne Wise;5;Dustin Garneau;0,9546
Dewey Creacy;1;Bud Barbee;0,9624
Dewey Creacy;2;Bob Bruce;0,9599
Dewey Creacy;3;Chico Ruiz;0,9553
Dewey Creacy;4;Alan Benes;0,9543
Dewey Creacy;5;Brian Matusz;0,9543
Dexter Fowler;1;Jack Crooks;0,9293
Dexter Fowler;2;Brian McRae;0,8779
Dexter Fowler;3;Earl Grace;0,873
Dexter Fowler;4;Fred Carroll;0,8614
Dexter Fowler;5;Taylor Douthit;0,8496
Dick Allen;1;Dennis Springer;0,9708
Dick Allen;2;Brian Tallet;0,969
Dick Allen;3;Emmet Heidrick;0,9484
Dick Allen;4;Claude Ritchey;0,9473
Dick Allen;5;Frank Warfield;0,9469
Dick Bartell;1;Ryan Theriot;0,8779
Dick Bartell;2;Brian McRae;0,8582
Dick Bartell;3;Lou Louden;0,8556
Dick Bartell;4;Jack Crooks;0,8552
Dick Bartell;5;Butch Hobson;0,8368
Dick Bosman;1;Andy Porter;0,9028
Dick Bosman;2;Sheldon Jones;0,8949
Dick Bosman;3;Frank Duffy;0,8887
Dick Bosman;4;Ryan Roberts;0,8817
Dick Bosman;5;Will Jackson;0,8799
Dick Brown;1;Horace Ford;0,8848
Dick Brown;2;Sandy Thompson;0,8519
Dick Brown;3;Lee Thomas;0,8396
Dick Brown;4;Pat Mullin;0,8212
Dick Brown;5;Julio Lugo;0,7827
Dick Buckley;1;Martin Prado;0,9729
Dick Buckley;2;Bobby Veach;0,9409
Dick Buckley;3;Bob Rhoads;0,92
Dick Buckley;4;Jason Heyward;0,92
Dick Buckley;5;Logan Forsythe;0,9154
Dick Coffman;1;Andy Hansen;0,9356
Dick Coffman;2;Casey Patten;0,9289
Dick Coffman;3;Danny Patterson;0,9272
Dick Coffman;4;Ed Stein;0,9145
Dick Coffman;5;Charley Hall;0,9122
Dick Culler;1;Atley Donald;0,9832
Dick Culler;2;Mark Eichhorn;0,9688
Dick Culler;3;Jose Alvarez;0,9504
Dick Culler;4;Jim Willis;0,9466
Dick Culler;5;Pat Mahomes;0,9343
Dick Dietz;1;Bobby Bonilla;0,9583
Dick Dietz;2;Jack Baldschun;0,9287
Dick Dietz;3;Bibb Falk;0,9274
Dick Dietz;4;Jim Northrup;0,9071
Dick Dietz;5;Wilbur Cooper;0,9
Dick Donovan;1;Robb Quinlan;0,9674
Dick Donovan;2;Carlos Reyes;0,9606
Dick Donovan;3;Tim Mayza;0,9606
Dick Donovan;4;Adrian Houser;0,9504
Dick Donovan;5;Noe Ramirez;0,9492
Dick Drago;1;Jason Jennings;0,9119
Dick Drago;2;Bryse Wilson;0,8951
Dick Drago;3;Vic Correll;0,8947
Dick Drago;4;Brian Wilson;0,8923
Dick Drago;5;Eddie Milner;0,8893
Dick Egan;1;Jesse Chavez;0,9327
Dick Egan;2;Lance Painter;0,9327
Dick Egan;3;Frankie Montas;0,9233
Dick Egan;4;Paul Blackburn;0,9231
Dick Egan;5;Roxie Lawson;0,921
Dick Ellsworth;1;Carl Morton;0,9
Dick Ellsworth;2;Kevin Gross;0,8771
Dick Ellsworth;3;Ken Hill;0,875
Dick Ellsworth;4;Yuniesky Betancourt;0,8499
Dick Ellsworth;5;Phil Collins;0,8369
Dick Fowler;1;Billy Sample;0,9271
Dick Fowler;2;Fran Healy;0,9188
Dick Fowler;3;Julian Tavarez;0,9143
Dick Fowler;4;Mike Fischlin;0,8938
Dick Fowler;5;Josh Wilson;0,8554
Dick Gernert;1;Juan Soto;0,9555
Dick Gernert;2;Luis Guillorme;0,9451
Dick Gernert;3;Pete Booker;0,8887
Dick Gernert;4;Walter Barbare;0,8763
Dick Gernert;5;Dick Egan;0,8601
Dick Green;1;Gordy Coleman;0,9664
Dick Green;2;John Kerr;0,9614
Dick Green;3;Ownie Carroll;0,9516
Dick Green;4;Erskine Mayer;0,9493
Dick Green;5;Tom Jones;0,9451
Dick Groat;1;Justin Masterson;0,873
Dick Groat;2;Firpo Marberry;0,8587
Dick Groat;3;Edgar Wesley;0,847
Dick Groat;4;Matty McIntyre;0,8404
Dick Groat;5;John Richmond;0,8391
Dick Hall;1;Joe Moeller;0,9274
Dick Hall;2;Danny Espinosa;0,9161
Dick Hall;3;Chris Stratton;0,9115
Dick Hall;4;Doug Sisk;0,896
Dick Hall;5;Trevor Rosenthal;0,8748
Dick Higham;1;Bill Joyce;0,9713
Dick Higham;2;Harry Schafer;0,9434
Dick Higham;3;Jerry Terrell;0,9109
Dick Higham;4;Darrell Evans;0,909
Dick Higham;5;John Denny;0,9044
Dick Hoblitzell;1;Gary Thurman;0,909
Dick Hoblitzell;2;Jorge Cantu;0,8952
Dick Hoblitzell;3;George Crowe;0,8903
Dick Hoblitzell;4;Chicken Wolf;0,8812
Dick Hoblitzell;5;Steve Blass;0,8723
Dick Howser;1;Del Pratt;0,9615
Dick Howser;2;George Kelly;0,9541
Dick Howser;3;Rick Waits;0,946
Dick Howser;4;Harry Simpson;0,9428
Dick Howser;5;Chris Archer;0,9419
Dick Jackson;1;Gordon Rhodes;0,9217
Dick Jackson;2;Manuel Lee;0,8719
Dick Jackson;3;Rene Gonzales;0,8688
Dick Jackson;4;Ross Barnes;0,8511
Dick Jackson;5;Fred Stanley;0,8483
Dick Johnston;1;Bill Pettus;0,9804
Dick Johnston;2;Kevin Bass;0,9711
Dick Johnston;3;Dave McKay;0,9697
Dick Johnston;4;John Henry Russell;0,9525
Dick Johnston;5;Sid Farrar;0,9469
Dick Littlefield;1;Dave Otto;0,9913
Dick Littlefield;2;Carlos Martinez;0,9782
Dick Littlefield;3;Jose Lima;0,9708
Dick Littlefield;4;Joe Dobson;0,9565
Dick Littlefield;5;Bob Weiland;0,9544
Dick Lundy;1;Michael Fulmer;0,989
Dick Lundy;2;Al Ferrara;0,9377
Dick Lundy;3;Josh Phegley;0,9084
Dick Lundy;4;Dallas Green;0,9045
Dick Lundy;5;Brandon Duckworth;0,9037
Dick McAuliffe;1;Brad Fullmer;0,9924
Dick McAuliffe;2;Taylor Teagarden;0,9839
Dick McAuliffe;3;Brad Wilkerson;0,9744
Dick McAuliffe;4;Willie Calhoun;0,9685
Dick McAuliffe;5;Ray Morgan;0,966
Dick Padden;1;Roy McMillan;0,9337
Dick Padden;2;Aaron Sanchez;0,9183
Dick Padden;3;Lloyd Davenport;0,9101
Dick Padden;4;Ruben Amaro;0,9013
Dick Padden;5;John Corkhill;0,8836
Dick Redding;1;Mark Williamson;0,8561
Dick Redding;2;Charles Bender;0,8335
Dick Redding;3;Charles Gipson;0,8313
Dick Redding;4;Matt Andriese;0,8234
Dick Redding;5;Matt Clement;0,8224
Dick Rudolph;1;Drew Stubbs;0,9197
Dick Rudolph;2;Pat Sheridan;0,9035
Dick Rudolph;3;Sean Casey;0,8997
Dick Rudolph;4;Orlando Mercado;0,8859
Dick Rudolph;5;Scott Garrelts;0,8765
Dick Ruthven;1;Joe Randa;0,8958
Dick Ruthven;2;Jim Clinton;0,8816
Dick Ruthven;3;Teoscar Hernandez;0,8766
Dick Ruthven;4;Mike Matheny;0,8582
Dick Ruthven;5;Frank LaPorte;0,8388
Dick Schofield;1;Charlie Grant;0,9494
Dick Schofield;2;Al Milnar;0,9015
Dick Schofield;3;Frank Gibson;0,9015
Dick Schofield;4;Ken Silvestri;0,8871
Dick Schofield;5;Rodney Scott;0,8786
Dick Seay;1;Billy McKinney;0,9561
Dick Seay;2;Frank Wills;0,9443
Dick Seay;3;Frank Scheibeck;0,9332
Dick Seay;4;Johnny Rawlings;0,9328
Dick Seay;5;Billy Cox;0,931
Dick Selma;1;Ron Roenicke;0,9678
Dick Selma;2;Mickey Morandini;0,9262
Dick Selma;3;Larry Corcoran;0,9237
Dick Selma;4;Gary Woods;0,9202
Dick Selma;5;Harry Perkowski;0,9183
Dick Siebert;1;Chris Cannizzaro;0,9133
Dick Siebert;2;Joe Simpson;0,8732
Dick Siebert;3;Danny Taylor;0,869
Dick Siebert;4;Dick Williams;0,8385
Dick Siebert;5;Armando Reynoso;0,838
Dick Sisler;1;Jay Johnstone;0,912
Dick Sisler;2;Jack O'Brien;0,9091
Dick Sisler;3;Robin Ventura;0,8973
Dick Sisler;4;Larry Woodall;0,8908
Dick Sisler;5;Ossie Vitt;0,8824
Dick Stuart;1;Milt Thompson;0,9278
Dick Stuart;2;Pat Borders;0,9249
Dick Stuart;3;Tim Naehring;0,9172
Dick Stuart;4;John O'Donoghue;0,9158
Dick Stuart;5;Ivan Rodriguez;0,9021
Dick Tidrow;1;Chad Kuhl;0,9077
Dick Tidrow;2;Dave Boswell;0,8987
Dick Tidrow;3;Craig McMurtry;0,8974
Dick Tidrow;4;Tommy La Stella;0,8528
Dick Tidrow;5;Pedro Severino;0,8469
Dick Tracewski;1;Max Carey;0,9634
Dick Tracewski;2;Lennie Pearson;0,9502
Dick Tracewski;3;Phil Cavarretta;0,9482
Dick Tracewski;4;Matt Carpenter;0,9324
Dick Tracewski;5;Endy Chavez;0,9278
Dick Wallace;1;Oscar Judd;0,9404
Dick Wallace;2;Carlos Estevez;0,9089
Dick Wallace;3;Bill Kuehne;0,9078
Dick Wallace;4;Nick Esasky;0,9038
Dick Wallace;5;Cristian Guzman;0,8957
Dick Whitworth;1;Vic Saier;0,9374
Dick Whitworth;2;Brendan Harris;0,9269
Dick Whitworth;3;Johnny Jones;0,9004
Dick Whitworth;4;Ferris Fain;0,8923
Dick Whitworth;5;Kris Bryant;0,8855
Dick Williams;1;Jeff Suppan;0,956
Dick Williams;2;Robb Quinlan;0,93
Dick Williams;3;Tom Ferrick;0,927
Dick Williams;4;Lefty Weinert;0,9248
Dick Williams;5;Freddy Sanchez;0,9237
Dickie Noles;1;Mark Canha;0,9232
Dickie Noles;2;Gentry Jessup;0,9204
Dickie Noles;3;Leury Garcia;0,9191
Dickie Noles;4;Lefty Weinert;0,9163
Dickie Noles;5;Tim Murnane;0,9064
Dickie Thon;1;Brad Wilkerson;0,9081
Dickie Thon;2;Eddie Pellagrini;0,9077
Dickie Thon;3;Bill Schroeder;0,9066
Dickie Thon;4;Harry Wolverton;0,9033
Dickie Thon;5;Chad Wallach;0,8917
Dicta Johnson;1;Trevor Wilson;0,9281
Dicta Johnson;2;Roy Parmelee;0,9107
Dicta Johnson;3;Raimel Tapia;0,9038
Dicta Johnson;4;Hugh McQuillan;0,8937
Dicta Johnson;5;Earl Grace;0,8876
Didi Gregorius;1;Al Newman;0,9414
Didi Gregorius;2;Jon Lester;0,9063
Didi Gregorius;3;Burgess Whitehead;0,8916
Didi Gregorius;4;Paul Splittorff;0,8775
Didi Gregorius;5;Eddie Robinson;0,8692
Diego Segui;1;Wesley Wright;0,9433
Diego Segui;2;Brandon Woodruff;0,929
Diego Segui;3;Ted Kubiak;0,9278
Diego Segui;4;Bert Adams;0,9277
Diego Segui;5;Ji-Man Choi;0,9274
Dillon Gee;1;Whitey Ford;0,9708
Dillon Gee;2;Nick Masset;0,9386
Dillon Gee;3;Mike Fetters;0,9342
Dillon Gee;4;Tyler Mahle;0,9266
Dillon Gee;5;Clint Hurdle;0,9206
Dink Mothell;1;Bart Johnson;0,9192
Dink Mothell;2;Gordon Rhodes;0,9191
Dink Mothell;3;Freddy Leach;0,9141
Dink Mothell;4;Sean Burnett;0,9036
Dink Mothell;5;Eric Stults;0,8905
Dion James;1;Ewell Blackwell;0,951
Dion James;2;George Culver;0,9421
Dion James;3;Matt Moore;0,9264
Dion James;4;Jeanmar Gomez;0,9076
Dion James;5;Curtis Harris;0,8999
Dioner Navarro;1;Lew Richie;0,89
Dioner Navarro;2;Elias Diaz;0,8803
Dioner Navarro;3;Tony Piet;0,872
Dioner Navarro;4;Brian Giles;0,8682
Dioner Navarro;5;Leonys Martin;0,859
Dixie Davis;1;Larvell Blanks;0,9528
Dixie Davis;2;Lenny Webster;0,9409
Dixie Davis;3;Gene Moore;0,9245
Dixie Davis;4;Greg Gross;0,9231
Dixie Davis;5;Jose Leclerc;0,916
Dixie Walker;1;Jerry Narron;0,9646
Dixie Walker;2;Nolan Reimold;0,9615
Dixie Walker;3;Walter Barbare;0,9601
Dixie Walker;4;Wei-Yin Chen;0,9535
Dixie Walker;5;Buddy Carlyle;0,9496
Dizzy Dean;1;Framber Valdez;0,9537
Dizzy Dean;2;Eddie Mayo;0,929
Dizzy Dean;3;Tom Pagnozzi;0,9182
Dizzy Dean;4;Greg Allen;0,9055
Dizzy Dean;5;Turk Farrell;0,9021
Dizzy Dismukes;1;Felix Heredia;0,9752
Dizzy Dismukes;2;Tommie Reynolds;0,973
Dizzy Dismukes;3;Marty Barrett;0,9693
Dizzy Dismukes;4;Jim Gosger;0,9668
Dizzy Dismukes;5;Ben Revere;0,9667
Dizzy Trout;1;Lourdes Gurriel;0,9373
Dizzy Trout;2;Noodles Hahn;0,9342
Dizzy Trout;3;Harrison Bader;0,9223
Dizzy Trout;4;Ted Alexander;0,908
Dizzy Trout;5;Billy Holland;0,9043
Dmitri Young;1;Dan Straily;0,9653
Dmitri Young;2;Roger Cedeno;0,9359
Dmitri Young;3;David Huff;0,9231
Dmitri Young;4;Mark Knudson;0,9148
Dmitri Young;5;Josh Gibson;0,9134
Doc Ayers;1;Doug Davis;0,9095
Doc Ayers;2;Brett Cecil;0,886
Doc Ayers;3;A. J. Burnett;0,866
Doc Ayers;4;Phil Masi;0,8414
Doc Ayers;5;Terry Harper;0,8365
Doc Bushong;1;Frank Scheibeck;0,9604
Doc Bushong;2;Paul Zuvella;0,9582
Doc Bushong;3;Taylor Ward;0,957
Doc Bushong;4;Rob Brantly;0,9565
Doc Bushong;5;Pepper Daniels;0,9476
Doc Cramer;1;Richie Zisk;0,9526
Doc Cramer;2;Roy Cullenbine;0,9443
Doc Cramer;3;Warren Cromartie;0,9407
Doc Cramer;4;Jack Taylor;0,9244
Doc Cramer;5;Lamar Johnson;0,9177
Doc Crandall;1;Will Harris;0,9971
Doc Crandall;2;Eric Gunderson;0,9971
Doc Crandall;3;Fernando Salas;0,9971
Doc Crandall;4;Randy St. Claire;0,9971
Doc Crandall;5;Gabe White;0,9964
Doc Farrell;1;Elrod Hendricks;0,8988
Doc Farrell;2;Vic Saier;0,8696
Doc Farrell;3;Angel Berroa;0,8618
Doc Farrell;4;Ted Lepcio;0,8548
Doc Farrell;5;Vance Law;0,8524
Doc Gessler;1;Duane Josephson;0,9767
Doc Gessler;2;Jimmy Ring;0,95
Doc Gessler;3;Ernie Krueger;0,9386
Doc Gessler;4;Willie Horton;0,9297
Doc Gessler;5;Pete Burnside;0,9274
Doc Johnston;1;Toby Hall;0,869
Doc Johnston;2;Matt Olson;0,8684
Doc Johnston;3;Tony Piet;0,8621
Doc Johnston;4;Daniel Descalso;0,8601
Doc Johnston;5;Ivan de Jesus;0,8487
Doc Lavan;1;Jim Gott;0,9119
Doc Lavan;2;Adam Wainwright;0,8909
Doc Lavan;3;Frankie Gustine;0,8734
Doc Lavan;4;Buck Crouse;0,8678
Doc Lavan;5;Randy Jones;0,8642
Doc Medich;1;Thurman Tucker;0,9439
Doc Medich;2;Sonny Siebert;0,9408
Doc Medich;3;Benny Frey;0,9376
Doc Medich;4;Keith Osik;0,9301
Doc Medich;5;Cal Ripken;0,9289
Doc Newton;1;Corky Miller;0,9487
Doc Newton;2;Urban Shocker;0,9382
Doc Newton;3;Aleck Smith;0,9269
Doc Newton;4;Rusty Greer;0,9206
Doc Newton;5;George Winter;0,9084
Doc Powers;1;Bobby Mathews;0,936
Doc Powers;2;Casey McGehee;0,9304
Doc Powers;3;Barry McCormick;0,9182
Doc Powers;4;Ted Blankenship;0,9142
Doc Powers;5;Ramiro Mendoza;0,9013
Doc Scanlan;1;Larry Christenson;0,9457
Doc Scanlan;2;Vern Kennedy;0,9367
Doc Scanlan;3;Don Pavletich;0,9172
Doc Scanlan;4;Billy Hatcher;0,9147
Doc Scanlan;5;Elias Sosa;0,9119
Doc Sykes;1;Heavy Johnson;0,9432
Doc Sykes;2;Alex Johnson;0,9034
Doc Sykes;3;Tom Tresh;0,9003
Doc Sykes;4;Joe Horlen;0,8988
Doc Sykes;5;Robert Gaston;0,8892
Doc White;1;Donnie Sadler;0,9008
Doc White;2;Wayne Carr;0,8872
Doc White;3;Bob Bruce;0,8689
Doc White;4;Pat Corrales;0,8681
Doc White;5;Mike Holtz;0,8677
Doc Wiley;1;Snuffy Stirnweiss;0,9467
Doc Wiley;2;Sandy Alcantara;0,9177
Doc Wiley;3;Jerry Augustine;0,9113
Doc Wiley;4;Eddie Lake;0,8984
Doc Wiley;5;Jeff Torborg;0,8962
Dock Ellis;1;D'Angelo Jimenez;0,9302
Dock Ellis;2;Joe Moeller;0,9176
Dock Ellis;3;Scott Livingstone;0,8802
Dock Ellis;4;Jimmie Coker;0,8626
Dock Ellis;5;Danny Espinosa;0,8605
Dode Paskert;1;Ted Uhlaender;0,9125
Dode Paskert;2;Bill Fischer;0,8686
Dode Paskert;3;Bob Ewing;0,8473
Dode Paskert;4;Aleck Smith;0,8429
Dode Paskert;5;Wallace Johnson;0,8378
Dolf Luque;1;Burke Badenhop;0,8986
Dolf Luque;2;Orval Grove;0,8859
Dolf Luque;3;Harold Treadwell;0,8662
Dolf Luque;4;Hank Borowy;0,8491
Dolf Luque;5;Hawk Taylor;0,8287
Dolph Camilli;1;Ron Kittle;0,9366
Dolph Camilli;2;Harry Buckner;0,9117
Dolph Camilli;3;Casey McGehee;0,8857
Dolph Camilli;4;Scot Thompson;0,8847
Dolph Camilli;5;Jason Varitek;0,8683
Dom Dallessandro;1;Buddy Rosar;0,9604
Dom Dallessandro;2;Mark Wagner;0,9063
Dom Dallessandro;3;Jermaine Dye;0,901
Dom Dallessandro;4;Hugh Mulcahy;0,8995
Dom Dallessandro;5;Les Mann;0,8915
Dom DiMaggio;1;Pokey Reese;0,9501
Dom DiMaggio;2;Bill James;0,8895
Dom DiMaggio;3;Ji-Man Choi;0,8868
Dom DiMaggio;4;Charlie Williams;0,8864
Dom DiMaggio;5;Taylor Ward;0,8721
Domingo Ramos;1;Pearl Webster;0,94
Domingo Ramos;2;Chris Johnson;0,9218
Domingo Ramos;3;Jake Powell;0,9102
Domingo Ramos;4;Alex Ochoa;0,8916
Domingo Ramos;5;George Browne;0,8913
Dominic Leone;1;Michael Wuertz;0,9879
Dominic Leone;2;John Morris;0,9819
Dominic Leone;3;Jose Alvarado;0,9564
Dominic Leone;4;Carlos Reyes;0,9449
Dominic Leone;5;Tim Mayza;0,9449
Dominic Smith;1;Eduardo Nunez;0,9392
Dominic Smith;2;Ned Garver;0,9366
Dominic Smith;3;Cub Stricker;0,9336
Dominic Smith;4;Ad Gumbert;0,9314
Dominic Smith;5;Billy Werber;0,9037
Don Aase;1;Tyler Duffey;0,8987
Don Aase;2;Joe Sambito;0,8909
Don Aase;3;Larry Corcoran;0,8696
Don Aase;4;Chuck Dressen;0,8601
Don Aase;5;Terry Whitfield;0,8496
Don Baylor;1;Steve Jeltz;0,9257
Don Baylor;2;Dave McNally;0,9024
Don Baylor;3;Willie Horton;0,9002
Don Baylor;4;Bobby Adams;0,8907
Don Baylor;5;Mike Garcia;0,8838
Don Blasingame;1;Ken Silvestri;0,9658
Don Blasingame;2;Raymond Taylor;0,9571
Don Blasingame;3;Ted Alexander;0,9557
Don Blasingame;4;Jerry Zimmerman;0,9521
Don Blasingame;5;Barney Pelty;0,9467
Don Buford;1;Tommy Corcoran;0,975
Don Buford;2;Bobby Estalella;0,9602
Don Buford;3;Fritz Dorish;0,9569
Don Buford;4;John Anderson;0,9432
Don Buford;5;Doug Glanville;0,9412
Don Cardwell;1;Toussaint Allen;0,931
Don Cardwell;2;Pat Mahomes;0,8695
Don Cardwell;3;Verdell Mathis;0,8557
Don Cardwell;4;Javy Guerra;0,8487
Don Cardwell;5;Mark Eichhorn;0,8439
Don Carman;1;Bill Hart;0,9662
Don Carman;2;Bill Stoneman;0,965
Don Carman;3;Jim Acker;0,9403
Don Carman;4;Don Newcombe;0,9357
Don Carman;5;Clay Carroll;0,9348
Don Carrithers;1;Lucas Giolito;0,9773
Don Carrithers;2;Eric Milton;0,9767
Don Carrithers;3;Tullie McAdoo;0,9697
Don Carrithers;4;Scott Alexander;0,9605
Don Carrithers;5;Joe Green;0,959
Don Demeter;1;Preacher Henry;0,9517
Don Demeter;2;Miguel Cairo;0,9411
Don Demeter;3;Kenley Jansen;0,9337
Don Demeter;4;Rick Langford;0,927
Don Demeter;5;Hank Wyse;0,9261
Don Drysdale;1;Vic Aldridge;0,8968
Don Drysdale;2;Mark Grant;0,8937
Don Drysdale;3;Roger Mason;0,8534
Don Drysdale;4;Nick Masset;0,853
Don Drysdale;5;Javy Guerra;0,8477
Don Elston;1;Steve Bedrosian;0,9789
Don Elston;2;Matt Andriese;0,9668
Don Elston;3;Mark Huismann;0,9387
Don Elston;4;Gary Sanchez;0,938
Don Elston;5;George Sherrill;0,9345
Don Gullett;1;Omar Narvaez;0,968
Don Gullett;2;Jaret Wright;0,9591
Don Gullett;3;Rick Schu;0,95
Don Gullett;4;Adeiny Hechavarria;0,9477
Don Gullett;5;Lee Smith;0,9467
Don Gutteridge;1;Frank Francisco;0,9478
Don Gutteridge;2;Jim Shellenback;0,9297
Don Gutteridge;3;Bill Caudill;0,9225
Don Gutteridge;4;Pete LaCock;0,9203
Don Gutteridge;5;Phil Collins;0,9159
Don Heffner;1;Johnny Markham;0,9374
Don Heffner;2;Jack Warhop;0,9329
Don Heffner;3;John Danks;0,9268
Don Heffner;4;Ross Ohlendorf;0,9187
Don Heffner;5;Anthony Telford;0,8996
Don Hoak;1;Ian Kinsler;0,9015
Don Hoak;2;John Richmond;0,8708
Don Hoak;3;Tim Bogar;0,8663
Don Hoak;4;Mark Trumbo;0,8553
Don Hoak;5;Lloyd McClendon;0,8211
Don Hood;1;Steven Souza;0,9758
Don Hood;2;Jimmy Hill;0,9615
Don Hood;3;Dennis Springer;0,9614
Don Hood;4;Brian Tallet;0,9579
Don Hood;5;Burt Hooton;0,9547
Don Kelly;1;Percy Jones;0,9643
Don Kelly;2;Edgar Renteria;0,9408
Don Kelly;3;Pete LaCock;0,9052
Don Kelly;4;Mike Greenwell;0,8976
Don Kelly;5;C. J. Wilson;0,8876
Don Kessinger;1;Chick Galloway;0,9154
Don Kessinger;2;Earl Williams;0,8947
Don Kessinger;3;Mike Epstein;0,8917
Don Kessinger;4;Carl Morton;0,8865
Don Kessinger;5;Derek Dietrich;0,8479
Don Kolloway;1;Art Fletcher;0,9743
Don Kolloway;2;Hans Lobert;0,9669
Don Kolloway;3;Garrett Hampson;0,9624
Don Kolloway;4;Ira Thomas;0,9606
Don Kolloway;5;Nippy Jones;0,9559
Don Landrum;1;Ty Cobb;0,9672
Don Landrum;2;Myles Straw;0,9562
Don Landrum;3;Brad Lidge;0,9527
Don Landrum;4;Juan Carlos Oviedo;0,9314
Don Landrum;5;Ed Ott;0,9307
Don Larsen;1;Bill Force;0,8585
Don Larsen;2;Garth Iorg;0,8569
Don Larsen;3;Matt Adams;0,8537
Don Larsen;4;Leroy Stanton;0,8306
Don Larsen;5;Tyler Houston;0,8218
Don Lee;1;Craig Gentry;0,969
Don Lee;2;Adam Ottavino;0,9592
Don Lee;3;Jay Howell;0,9572
Don Lee;4;Ben Grieve;0,9469
Don Lee;5;Carlos Sanchez;0,9349
Don Lock;1;Bill Rigney;0,9676
Don Lock;2;Grover Hartley;0,9087
Don Lock;3;Willie Powell;0,8956
Don Lock;4;Woody Jensen;0,875
Don Lock;5;Terry Whitfield;0,8633
Don Mason;1;Rawly Eastwick;0,9633
Don Mason;2;Erick Fedde;0,9628
Don Mason;3;Roger Cedeno;0,9398
Don Mason;4;Scott Service;0,9257
Don Mason;5;Yorkis Perez;0,9138
Don Mattingly;1;Tom Herr;0,8781
Don Mattingly;2;Mike Epstein;0,875
Don Mattingly;3;Joe Spencer;0,8511
Don Mattingly;4;D'Angelo Jimenez;0,8493
Don Mattingly;5;Maikel Franco;0,8485
Don McMahon;1;Nap Rucker;0,9065
Don McMahon;2;Frank Chance;0,8908
Don McMahon;3;Wally Moses;0,8822
Don McMahon;4;John Wockenfuss;0,8781
Don McMahon;5;Frank Welch;0,8733
Don Mincher;1;T. J. Mathews;0,9722
Don Mincher;2;Tex Clevenger;0,9489
Don Mincher;3;Stephen Piscotty;0,9451
Don Mincher;4;Jimmy Williams;0,9413
Don Mincher;5;Mel Harder;0,9351
Don Money;1;Danny Green;0,9157
Don Money;2;Herm Winningham;0,8847
Don Money;3;Don Wilson;0,8605
Don Money;4;Jerry Turner;0,8574
Don Money;5;Manny Alexander;0,8562
Don Mossi;1;Jeff Suppan;0,9654
Don Mossi;2;John Tsitouris;0,9627
Don Mossi;3;Elmer Dessens;0,9596
Don Mossi;4;Dan Miceli;0,9543
Don Mossi;5;Robb Quinlan;0,9514
Don Mueller;1;Bill Force;0,951
Don Mueller;2;Roman Mejias;0,8521
Don Mueller;3;Garth Iorg;0,8271
Don Mueller;4;Mike Squires;0,8003
Don Mueller;5;Kendrys Morales;0,7987
Don Newcombe;1;Don Carman;0,9357
Don Newcombe;2;Pokey Reese;0,8933
Don Newcombe;3;Jim Acker;0,8898
Don Newcombe;4;Bill Stoneman;0,8848
Don Newcombe;5;Ed Figueroa;0,8755
Don Nottebart;1;Joaquin Arias;0,964
Don Nottebart;2;Ryne Duren;0,9522
Don Nottebart;3;Duke Cleveland;0,9481
Don Nottebart;4;Chris Flexen;0,9312
Don Nottebart;5;Vince Velasquez;0,9305
Don Padgett;1;Andy Fox;0,9176
Don Padgett;2;Rollie Zeider;0,8954
Don Padgett;3;Todd Hundley;0,888
Don Padgett;4;Mack Eggleston;0,8537
Don Padgett;5;Tito Francona;0,8313
Don Pavletich;1;Doc Scanlan;0,9172
Don Pavletich;2;Harry Danning;0,8886
Don Pavletich;3;Danny Green;0,8799
Don Pavletich;4;Tom Sturdivant;0,8424
Don Pavletich;5;Miguel Batista;0,8417
Don Robinson;1;Eric Milton;0,9461
Don Robinson;2;Marv Grissom;0,9347
Don Robinson;3;Don Carrithers;0,9334
Don Robinson;4;Les Bell;0,9212
Don Robinson;5;Matt Capps;0,9089
Don Slaught;1;Bill Hart;0,9739
Don Slaught;2;J. P. Crawford;0,931
Don Slaught;3;Bill Stoneman;0,9279
Don Slaught;4;Lamar Johnson;0,9149
Don Slaught;5;Bill Voiselle;0,9142
Don Stanhouse;1;Tommy Boggs;0,8835
Don Stanhouse;2;Ron Herbel;0,8679
Don Stanhouse;3;David Howard;0,8624
Don Stanhouse;4;Hoot Evers;0,8611
Don Stanhouse;5;Joakim Soria;0,8557
Don Sutton;1;Casey Cox;0,937
Don Sutton;2;Johnny Jones;0,9315
Don Sutton;3;Derek Lilliquist;0,9113
Don Sutton;4;Trevor Story;0,9109
Don Sutton;5;Luis Avilan;0,8714
Don Wert;1;David Ortiz;0,987
Don Wert;2;Andres Torres;0,9137
Don Wert;3;Sidney Ponson;0,9038
Don Wert;4;Hank Greenberg;0,8966
Don Wert;5;Andy Porter;0,8881
Don Wilson;1;Billy Hatcher;0,9638
Don Wilson;2;John Halama;0,9325
Don Wilson;3;Moises Alou;0,9216
Don Wilson;4;Bobby Wine;0,8949
Don Wilson;5;Vic Harris;0,8927
Don Zimmer;1;Horacio Ramirez;0,9652
Don Zimmer;2;Dave Hillman;0,9568
Don Zimmer;3;George Zuverink;0,9556
Don Zimmer;4;Rodney Scott;0,9374
Don Zimmer;5;Taylor Rogers;0,9265
Donie Bush;1;Joe McGinnity;0,9053
Donie Bush;2;Roy Weatherly;0,9014
Donie Bush;3;Jose Gonzalez;0,8929
Donie Bush;4;Heinie Peitz;0,8914
Donie Bush;5;Connie Rector;0,8851
Donn Clendenon;1;Bill McKechnie;0,9137
Donn Clendenon;2;Dave Robertson;0,9118
Donn Clendenon;3;Ellie Rodriguez;0,9108
Donn Clendenon;4;Mike Andrews;0,8634
Donn Clendenon;5;Wayne Tolleson;0,8513
Donn Pall;1;Raimel Tapia;0,9601
Donn Pall;2;Ray Benge;0,9459
Donn Pall;3;Larry Doby;0,9454
Donn Pall;4;Brendan Donnelly;0,9435
Donn Pall;5;Jeff Reardon;0,9429
Donne Wall;1;Klondike Douglass;0,9871
Donne Wall;2;Mike Cuellar;0,9847
Donne Wall;3;Aaron Boone;0,9767
Donne Wall;4;Josh Harrison;0,9684
Donne Wall;5;Mike Harkey;0,964
Donnie Hill;1;Boone Logan;0,9613
Donnie Hill;2;Billy McKinney;0,9531
Donnie Hill;3;Taylor Ward;0,9472
Donnie Hill;4;Paul Zuvella;0,9218
Donnie Hill;5;Frank Scheibeck;0,9212
Donnie Moore;1;Dallas Green;0,9475
Donnie Moore;2;Chris Codiroli;0,9338
Donnie Moore;3;Pete Mikkelsen;0,932
Donnie Moore;4;Al Ferrara;0,9275
Donnie Moore;5;Max Manning;0,9271
Donnie Murphy;1;Kirby Puckett;0,9422
Donnie Murphy;2;Ubaldo Jimenez;0,8953
Donnie Murphy;3;Rube Marquard;0,8936
Donnie Murphy;4;Phil Coke;0,8902
Donnie Murphy;5;Bill Yancey;0,8685
Donnie Sadler;1;Kevin Elster;0,9866
Donnie Sadler;2;Bob Bruce;0,9671
Donnie Sadler;3;Carl Sawatski;0,9668
Donnie Sadler;4;Chase Anderson;0,9608
Donnie Sadler;5;Joe Haynes;0,9356
Donovan Osborne;1;Tyler Naquin;0,9746
Donovan Osborne;2;Scott Bankhead;0,9574
Donovan Osborne;3;Larry Bowa;0,9545
Donovan Osborne;4;Jackie Hayes;0,9486
Donovan Osborne;5;Eddie Kasko;0,9126
Donovan Solano;1;Fred Carroll;0,9556
Donovan Solano;2;Luke Hochevar;0,9011
Donovan Solano;3;Calvin Schiraldi;0,8923
Donovan Solano;4;Kevin McReynolds;0,889
Donovan Solano;5;Elden Auker;0,8854
Dontrelle Willis;1;Zach McAllister;0,9474
Dontrelle Willis;2;Steven Souza;0,9432
Dontrelle Willis;3;Tommy Corcoran;0,9401
Dontrelle Willis;4;Willie Smith;0,9378
Dontrelle Willis;5;Dave Hillman;0,9306
Dots Miller;1;Chris Heisey;0,9678
Dots Miller;2;Cozy Dolan;0,9535
Dots Miller;3;Bill Sudakis;0,9474
Dots Miller;4;Jacob Barnes;0,9343
Dots Miller;5;Dee Strange-Gordon;0,9294
Doug Allison;1;Ryan Webb;0,9638
Doug Allison;2;William Parks;0,9603
Doug Allison;3;George Zuverink;0,949
Doug Allison;4;Paul Janish;0,9281
Doug Allison;5;Horacio Ramirez;0,9249
Doug Bair;1;Hal Wagner;0,928
Doug Bair;2;John Kennedy;0,9153
Doug Bair;3;Elrod Hendricks;0,9042
Doug Bair;4;Jarrod Saltalamacchia;0,9012
Doug Bair;5;Lloyd Moseby;0,8955
Doug Bird;1;Mike Trombley;0,9995
Doug Bird;2;Freddy Peralta;0,9934
Doug Bird;3;Johnny Groth;0,9736
Doug Bird;4;Eppa Rixey;0,9667
Doug Bird;5;Ivan Murrell;0,9613
Doug Brocail;1;Brad Komminsk;0,9936
Doug Brocail;2;Robert Person;0,9879
Doug Brocail;3;Sean Burnett;0,9806
Doug Brocail;4;Michael Barrett;0,951
Doug Brocail;5;Scott Barlow;0,9309
Doug Camilli;1;Barry Jones;0,944
Doug Camilli;2;John Hines;0,9167
Doug Camilli;3;George Caster;0,9162
Doug Camilli;4;Jimmy Rollins;0,8929
Doug Camilli;5;Ray Fisher;0,8917
Doug Clemens;1;Carl Willis;0,9902
Doug Clemens;2;Bob Lemon;0,9844
Doug Clemens;3;Dusty Baker;0,9837
Doug Clemens;4;Shanty Hogan;0,9829
Doug Clemens;5;Earl Battey;0,9828
Doug Corbett;1;Tubby Spencer;0,9761
Doug Corbett;2;Jim Brower;0,9405
Doug Corbett;3;Miller Huggins;0,9369
Doug Corbett;4;Craig Grebeck;0,9322
Doug Corbett;5;Bill Stafford;0,9165
Doug Davis;1;Doc Ayers;0,9095
Doug Davis;2;Albie Pearson;0,9038
Doug Davis;3;Ryan O'Hearn;0,8774
Doug Davis;4;Scott Williamson;0,869
Doug Davis;5;Bump Hadley;0,8635
Doug DeCinces;1;Rats Henderson;0,9006
Doug DeCinces;2;Eddie Moore;0,8999
Doug DeCinces;3;Wayne Krenchicki;0,8932
Doug DeCinces;4;Reid Nichols;0,893
Doug DeCinces;5;Alex McCarthy;0,8818
Doug Drabek;1;Baby Doll Jacobson;0,9196
Doug Drabek;2;Lefty Weinert;0,8959
Doug Drabek;3;Brook Fordyce;0,8912
Doug Drabek;4;Framber Valdez;0,8887
Doug Drabek;5;Chuck Taylor;0,881
Doug Fister;1;B. J. Surhoff;0,9022
Doug Fister;2;Will White;0,8935
Doug Fister;3;Curt Blefary;0,8883
Doug Fister;4;Ed Nunez;0,8814
Doug Fister;5;Erik Kratz;0,8616
Doug Flynn;1;Chris Herrmann;0,9311
Doug Flynn;2;Vernon Wells;0,9236
Doug Flynn;3;Bob Priddy;0,9234
Doug Flynn;4;Jim Perry;0,8934
Doug Flynn;5;Grover Lowdermilk;0,8911
Doug Glanville;1;John Anderson;0,9619
Doug Glanville;2;Solly Hofman;0,9612
Doug Glanville;3;Jesse Burkett;0,9417
Doug Glanville;4;Lonny Frey;0,9416
Doug Glanville;5;Don Buford;0,9412
Doug Griffin;1;Hank Blalock;0,9264
Doug Griffin;2;Carlos Peña;0,9177
Doug Griffin;3;Jeff Frye;0,91
Doug Griffin;4;Jim Abbott;0,8768
Doug Griffin;5;Matt Keough;0,8733
Doug Henry;1;Tom Glover;0,9904
Doug Henry;2;Joey Eischen;0,9051
Doug Henry;3;Todd Coffey;0,8985
Doug Henry;4;Ryan Lavarnway;0,8875
Doug Henry;5;Todd Wellemeyer;0,8857
Doug Jones;1;Cliff Fannin;0,8508
Doug Jones;2;Paul Householder;0,8415
Doug Jones;3;Victor Robles;0,8337
Doug Jones;4;Ryan Thompson;0,8319
Doug Jones;5;Chuck Taylor;0,8302
Doug McWeeny;1;Juan Nicasio;0,9353
Doug McWeeny;2;Mike Flanagan;0,9254
Doug McWeeny;3;Tom House;0,912
Doug McWeeny;4;Michael Young;0,9089
Doug McWeeny;5;Scott Linebrink;0,9069
Doug Mientkiewicz;1;Brayan Peña;0,9569
Doug Mientkiewicz;2;Elon Hogsett;0,9447
Doug Mientkiewicz;3;Dave LaPoint;0,9423
Doug Mientkiewicz;4;Jim Ray Hart;0,9348
Doug Mientkiewicz;5;Damaso Marte;0,9293
Doug Mirabelli;1;Sean Bergman;0,9405
Doug Mirabelli;2;Tom Ferrick;0,9301
Doug Mirabelli;3;Tony Tarasco;0,9257
Doug Mirabelli;4;Porter Moss;0,9237
Doug Mirabelli;5;Christy Mathewson;0,911
Doug Rader;1;Gus Mancuso;0,9457
Doug Rader;2;Byron Buxton;0,911
Doug Rader;3;Mat Latos;0,9068
Doug Rader;4;Pearl Webster;0,906
Doug Rader;5;Ward Miller;0,9056
Doug Rau;1;Jesse Chavez;0,973
Doug Rau;2;Lance Painter;0,9713
Doug Rau;3;Dave Mlicki;0,9709
Doug Rau;4;Pete Falcone;0,9638
Doug Rau;5;Cal McLish;0,9485
Doug Sisk;1;Trevor Rosenthal;0,9704
Doug Sisk;2;Mark Johnson;0,9202
Doug Sisk;3;Justin Speier;0,9199
Doug Sisk;4;Cole Hamels;0,9178
Doug Sisk;5;Henry Williams;0,9158
Doug Strange;1;Willie Davis;0,9756
Doug Strange;2;Tom Satriano;0,9739
Doug Strange;3;Keith Foulke;0,972
Doug Strange;4;Mike Maddux;0,9706
Doug Strange;5;Dan Driessen;0,9701
Doyle Alexander;1;Marv Owen;0,873
Doyle Alexander;2;Jeff Treadway;0,8473
Doyle Alexander;3;Cecil Upshaw;0,8173
Doyle Alexander;4;Bobby Byrne;0,7801
Doyle Alexander;5;Dave Silvestri;0,7573
Drew Butera;1;Phil Nevin;0,9411
Drew Butera;2;Charlie Smith;0,9016
Drew Butera;3;Sam Jethroe;0,8667
Drew Butera;4;Tyler Naquin;0,8506
Drew Butera;5;Harry Staley;0,8502
Drew Pomeranz;1;Ameal Brooks;0,9325
Drew Pomeranz;2;John Huber;0,9009
Drew Pomeranz;3;Wally Bunker;0,8976
Drew Pomeranz;4;Tyler Mahle;0,8891
Drew Pomeranz;5;Ron Roenicke;0,8738
Drew Smyly;1;Ken Silvestri;0,9531
Drew Smyly;2;Rodney Scott;0,9491
Drew Smyly;3;Steven Souza;0,9267
Drew Smyly;4;Harry Rice;0,9249
Drew Smyly;5;John Bateman;0,9245
Drew Storen;1;Ernie Camacho;1,0
Drew Storen;2;Rudy Seanez;1,0
Drew Storen;3;Jorge Sosa;1,0
Drew Storen;4;Justin Duchscherer;1,0
Drew Storen;5;Jonathan Loaisiga;1,0
Drew Stubbs;1;Dick Rudolph;0,9197
Drew Stubbs;2;Vic Darensbourg;0,9036
Drew Stubbs;3;Carl Weilman;0,8983
Drew Stubbs;4;Cy Blanton;0,8968
Drew Stubbs;5;David West;0,8885
Duane Josephson;1;Doc Gessler;0,9767
Duane Josephson;2;Jimmy Ring;0,9509
Duane Josephson;3;Fran Healy;0,9477
Duane Josephson;4;Dave LaPoint;0,9162
Duane Josephson;5;Pete Burnside;0,9127
Duane Kuiper;1;Al Newman;0,9196
Duane Kuiper;2;Wade Boggs;0,9191
Duane Kuiper;3;Lou Dials;0,8949
Duane Kuiper;4;Johnny Blanchard;0,8865
Duane Kuiper;5;Lou Piniella;0,8849
Duane Pillette;1;John Maine;0,9826
Duane Pillette;2;Josias Manzanillo;0,9573
Duane Pillette;3;Gerry Staley;0,9572
Duane Pillette;4;Jose Abreu;0,9524
Duane Pillette;5;Warren Hacker;0,9415
Duane Ward;1;Pat Neshek;0,9972
Duane Ward;2;Eric Gunderson;0,9972
Duane Ward;3;Will Harris;0,9972
Duane Ward;4;Fernando Salas;0,9972
Duane Ward;5;Stan Belinda;0,9972
Ducky Holmes;1;Darryl Kile;0,9699
Ducky Holmes;2;Bob Bruce;0,9661
Ducky Holmes;3;Carl Sawatski;0,9651
Ducky Holmes;4;Bud Barbee;0,9597
Ducky Holmes;5;Charlie Williams;0,9558
Dude Esterbrook;1;Bobby Brown;0,9501
Dude Esterbrook;2;Travis Shaw;0,9046
Dude Esterbrook;3;Brian Johnson;0,862
Dude Esterbrook;4;Cherokee Fisher;0,8491
Dude Esterbrook;5;Jimmie Hall;0,8341
Duff Cooley;1;Sherry Robertson;0,9667
Duff Cooley;2;Bob Bruce;0,959
Duff Cooley;3;Howie Reed;0,9531
Duff Cooley;4;Greg McMichael;0,9522
Duff Cooley;5;Carl Sawatski;0,9481
Duffy Dyer;1;Ryan Theriot;0,9442
Duffy Dyer;2;Dan Gladden;0,9243
Duffy Dyer;3;Mike Smithson;0,9218
Duffy Dyer;4;Danny Espinosa;0,8843
Duffy Dyer;5;Ben Grieve;0,8754
Duffy Lewis;1;Lon Knight;0,973
Duffy Lewis;2;Chuck Crim;0,9194
Duffy Lewis;3;Stu Martin;0,8952
Duffy Lewis;4;Red Murray;0,8893
Duffy Lewis;5;Charley O'Leary;0,8817
Duke Cleveland;1;Tomo Ohka;0,973
Duke Cleveland;2;Jake Marisnick;0,9657
Duke Cleveland;3;Lance Cormier;0,9637
Duke Cleveland;4;Ryne Duren;0,9581
Duke Cleveland;5;Chris Flexen;0,9503
Duke Esper;1;Derek Law;0,8876
Duke Esper;2;Mike Laga;0,8788
Duke Esper;3;Fritz Coumbe;0,8761
Duke Esper;4;Jamie Walker;0,8676
Duke Esper;5;J. J. Putz;0,8625
Duke Farrell;1;David Phelps;0,9442
Duke Farrell;2;Donne Wall;0,9317
Duke Farrell;3;Derek Lilliquist;0,9158
Duke Farrell;4;Klondike Douglass;0,9117
Duke Farrell;5;John Stephenson;0,9053
Duke Sims;1;Ray Caldwell;0,9071
Duke Sims;2;Carl Morton;0,8983
Duke Sims;3;Tanner Scott;0,8915
Duke Sims;4;Mark Salas;0,8773
Duke Sims;5;Mike Epstein;0,8734
Duke Snider;1;Hector Neris;0,906
Duke Snider;2;Butch Wynegar;0,8704
Duke Snider;3;Frank Kitson;0,87
Duke Snider;4;Billy Rogell;0,8534
Duke Snider;5;Bob Jones;0,8432
Dustin Garneau;1;Todd Williams;0,9921
Dustin Garneau;2;Frankie Montas;0,9807
Dustin Garneau;3;Nolan Reimold;0,978
Dustin Garneau;4;Frank Castillo;0,9764
Dustin Garneau;5;Paul Blackburn;0,9704
Dustin Hermanson;1;Marco Gonzales;0,9707
Dustin Hermanson;2;Monte Pearson;0,9335
Dustin Hermanson;3;Barry McCormick;0,9227
Dustin Hermanson;4;Jack Taylor;0,9154
Dustin Hermanson;5;Sherry Robertson;0,9117
Dustin McGowan;1;Enrique Wilson;0,9318
Dustin McGowan;2;Moose Solters;0,9183
Dustin McGowan;3;Jonathan Lucroy;0,8497
Dustin McGowan;4;Steve Kline;0,8491
Dustin McGowan;5;J. J. Hardy;0,8348
Dustin Pedroia;1;Byron Browne;0,9972
Dustin Pedroia;2;Karl Drews;0,9963
Dustin Pedroia;3;Elmer Myers;0,9963
Dustin Pedroia;4;Wally Roettger;0,9938
Dustin Pedroia;5;Will Cunnane;0,9932
Dusty Baker;1;Earl Battey;0,9954
Dusty Baker;2;Brian Matusz;0,9945
Dusty Baker;3;Alan Benes;0,9945
Dusty Baker;4;Dennis Powell;0,9945
Dusty Baker;5;Paul Gibson;0,9945
Dutch Henry;1;Mark Melancon;0,9494
Dutch Henry;2;Ron Taylor;0,9368
Dutch Henry;3;Chris Cannizzaro;0,9331
Dutch Henry;4;Ryan Brasier;0,9232
Dutch Henry;5;Justin Turner;0,9221
Dutch Leonard;1;John Kerr;0,97
Dutch Leonard;2;Reid Nichols;0,9555
Dutch Leonard;3;Jason Kipnis;0,954
Dutch Leonard;4;Hal Naragon;0,9447
Dutch Leonard;5;Gordy Coleman;0,9432
Dutch Ruether;1;Rene Gonzales;0,8272
Dutch Ruether;2;Whitey Herzog;0,8186
Dutch Ruether;3;Ross Barnes;0,8109
Dutch Ruether;4;Juanelo Mirabal;0,7878
Dutch Ruether;5;Tim Federowicz;0,7841
Dwayne Henry;1;Rick Mahler;0,9729
Dwayne Henry;2;Jim Holt;0,971
Dwayne Henry;3;Derek Lilliquist;0,9644
Dwayne Henry;4;Tommy Kahnle;0,9638
Dwayne Henry;5;Mitch Moreland;0,958
Dwayne Murphy;1;Pat Sheridan;0,8934
Dwayne Murphy;2;Butch Hobson;0,8823
Dwayne Murphy;3;Mike Andrews;0,8676
Dwayne Murphy;4;Lou Louden;0,8555
Dwayne Murphy;5;Darin Ruf;0,8266
Dwight Evans;1;Ryan Sweeney;0,9028
Dwight Evans;2;Jon Berti;0,9014
Dwight Evans;3;Ryan Theriot;0,8692
Dwight Evans;4;Jose Trevino;0,8613
Dwight Evans;5;Rusty Torres;0,8486
Dwight Gooden;1;Joey Eischen;0,8966
Dwight Gooden;2;Anthony Telford;0,8869
Dwight Gooden;3;Tom Glover;0,8773
Dwight Gooden;4;Clay Kirby;0,8759
Dwight Gooden;5;Milt Cuyler;0,8728
Dwight Smith;1;Orval Grove;0,9743
Dwight Smith;2;Lonnie Smith;0,9526
Dwight Smith;3;Andy Hassler;0,9309
Dwight Smith;4;Tony Perez;0,9217
Dwight Smith;5;George Altman;0,9213
Dylan Floro;1;Koji Uehara;0,9982
Dylan Floro;2;Nick Vincent;0,9582
Dylan Floro;3;Junichi Tazawa;0,94
Dylan Floro;4;Tommy Gregg;0,9305
Dylan Floro;5;Gary Lucas;0,9256
Earl Averill;1;Johnny Hodapp;0,9754
Earl Averill;2;Jack Phillips;0,9721
Earl Averill;3;Welington Castillo;0,9656
Earl Averill;4;Sherry Robertson;0,9596
Earl Averill;5;Tony Muser;0,9594
Earl Battey;1;Brian Matusz;0,9972
Earl Battey;2;Dennis Powell;0,9972
Earl Battey;3;Alan Benes;0,9972
Earl Battey;4;Paul Gibson;0,9972
Earl Battey;5;Bert Gallia;0,9956
Earl Caldwell;1;Tony Armas;0,9801
Earl Caldwell;2;Roy Roberts;0,979
Earl Caldwell;3;Roger Mason;0,973
Earl Caldwell;4;Randy Myers;0,9725
Earl Caldwell;5;B. J. Ryan;0,957
Earl Clark;1;Ed Whitson;0,9605
Earl Clark;2;Mike McGeary;0,9579
Earl Clark;3;Ron Guidry;0,9495
Earl Clark;4;Endy Chavez;0,9456
Earl Clark;5;Lennie Pearson;0,9424
Earl Grace;1;Felix Mantilla;0,9548
Earl Grace;2;Shin-Soo Choo;0,9339
Earl Grace;3;Randy Ready;0,9199
Earl Grace;4;Nick Martinez;0,9182
Earl Grace;5;Daryl Spencer;0,9146
Earl Hamilton;1;Tommy Sampson;0,8637
Earl Hamilton;2;Billy Gilbert;0,8307
Earl Hamilton;3;Billy Bryan;0,8195
Earl Hamilton;4;Fred Hofmann;0,7972
Earl Hamilton;5;Nick Strincevich;0,7932
Earl Johnson;1;Paul Householder;0,9928
Earl Johnson;2;Cliff Fannin;0,9912
Earl Johnson;3;Francisco Cervelli;0,9729
Earl Johnson;4;Ryan Dempster;0,9538
Earl Johnson;5;Chris Sale;0,9392
Earl McNeely;1;Pepe Frias;0,8952
Earl McNeely;2;Cal McVey;0,8895
Earl McNeely;3;Andre Thornton;0,8763
Earl McNeely;4;Tim Laker;0,8749
Earl McNeely;5;Edgardo Alfonzo;0,8666
Earl Moore;1;Len Gabrielson;0,965
Earl Moore;2;Ricky Jordan;0,8827
Earl Moore;3;Ed Andrews;0,8594
Earl Moore;4;Monty Kennedy;0,8377
Earl Moore;5;Enrique Wilson;0,8329
Earl Sheely;1;Marvell Wynne;0,9368
Earl Sheely;2;Warren Newson;0,9116
Earl Sheely;3;Bob Kipper;0,9045
Earl Sheely;4;Adam LaRoche;0,8913
Earl Sheely;5;Glenn Hoffman;0,8855
Earl Smith;1;Mike Fitzgerald;0,9599
Earl Smith;2;Dane Iorg;0,9424
Earl Smith;3;Nip Winters;0,9093
Earl Smith;4;Mike Squires;0,8896
Earl Smith;5;Jake Wade;0,8881
Earl Torgeson;1;Rudy Kemmler;0,9188
Earl Torgeson;2;Wayne Krenchicki;0,8961
Earl Torgeson;3;Bartolo Portuondo;0,8888
Earl Torgeson;4;Samuel Byrd;0,8852
Earl Torgeson;5;Roy Hartzell;0,8826
Earl Whitehill;1;Willie Smith;0,9737
Earl Whitehill;2;Mike Harkey;0,9563
Earl Whitehill;3;Rich DeLucia;0,9533
Earl Whitehill;4;Dennis Springer;0,9496
Earl Whitehill;5;Jorge Julio;0,9458
Earl Williams;1;Jimmie Foxx;0,9707
Earl Williams;2;Abraham Nunez;0,9698
Earl Williams;3;Script Lee;0,9608
Earl Williams;4;Ed Bailey;0,9581
Earl Williams;5;Bill Nicholson;0,9556
Earl Wilson;1;Tim Donahue;0,9652
Earl Wilson;2;Sam Dente;0,9456
Earl Wilson;3;Babe Pinelli;0,927
Earl Wilson;4;Ken Harrelson;0,9242
Earl Wilson;5;Joe Koppe;0,9067
Earle Combs;1;Steve Nicosia;0,9418
Earle Combs;2;Eric Karros;0,9225
Earle Combs;3;Gary Thomasson;0,898
Earle Combs;4;Benny Kauff;0,89
Earle Combs;5;Jack Clark;0,882
Early Wynn;1;Bill Drake;0,9393
Early Wynn;2;Olmedo Saenz;0,9274
Early Wynn;3;Josh Wilson;0,9196
Early Wynn;4;Billy Sample;0,8917
Early Wynn;5;John Romano;0,8874
Ed Abbaticchio;1;Jack Remsen;0,9446
Ed Abbaticchio;2;Ron Hansen;0,9344
Ed Abbaticchio;3;Billy McKinney;0,9269
Ed Abbaticchio;4;Wilbur Good;0,9209
Ed Abbaticchio;5;Lonnie Chisenhall;0,918
Ed Andrews;1;Spike Owen;0,9774
Ed Andrews;2;Red Kleinow;0,9155
Ed Andrews;3;Darrell Porter;0,9101
Ed Andrews;4;Manuel Villa;0,9064
Ed Andrews;5;Monty Kennedy;0,8949
Ed Bailey;1;Earl Williams;0,9581
Ed Bailey;2;Archie Bradley;0,929
Ed Bailey;3;Jason Adam;0,9259
Ed Bailey;4;Matt Alexander;0,9252
Ed Bailey;5;Adam Melhuse;0,918
Ed Brandt;1;Brian Daubach;0,9809
Ed Brandt;2;Corey Dickerson;0,9292
Ed Brandt;3;Jeff DaVanon;0,8993
Ed Brandt;4;Ted Uhlaender;0,8948
Ed Brandt;5;Bob Wickman;0,8824
Ed Brinkman;1;George Whitted;0,9792
Ed Brinkman;2;John Grim;0,9778
Ed Brinkman;3;Kyle Tucker;0,9767
Ed Brinkman;4;Joe Mulvey;0,9762
Ed Brinkman;5;John Wyatt;0,9759
Ed Charles;1;Mitch Haniger;0,8882
Ed Charles;2;Erv Palica;0,881
Ed Charles;3;Ed Herrmann;0,873
Ed Charles;4;Steve Kemp;0,869
Ed Charles;5;Mike Shannon;0,8685
Ed Crane;1;Chris Stynes;0,9483
Ed Crane;2;John Barnes;0,9422
Ed Crane;3;Derek Lowe;0,9233
Ed Crane;4;Ron Perranoski;0,896
Ed Crane;5;Dennis Rasmussen;0,8931
Ed Delahanty;1;Deion Sanders;0,9685
Ed Delahanty;2;Rip Radcliff;0,9579
Ed Delahanty;3;Jim Lefebvre;0,91
Ed Delahanty;4;Willy Adames;0,9078
Ed Delahanty;5;Luis Cessa;0,9069
Ed Doheny;1;Charlie Bennett;0,9951
Ed Doheny;2;Garrett Hampson;0,9664
Ed Doheny;3;Steve Gromek;0,9646
Ed Doheny;4;Hans Lobert;0,9612
Ed Doheny;5;Ed Swartwood;0,9604
Ed Farmer;1;Tim Corcoran;0,9778
Ed Farmer;2;Herman Bell;0,9702
Ed Farmer;3;Mark Redman;0,9614
Ed Farmer;4;Ken Ryan;0,9448
Ed Farmer;5;Daisuke Matsuzaka;0,9437
Ed Figueroa;1;Frank Pastore;0,9231
Ed Figueroa;2;Bill Henry;0,9198
Ed Figueroa;3;Antonio Alfonseca;0,8789
Ed Figueroa;4;Damon Buford;0,8788
Ed Figueroa;5;Charlie Bastian;0,8776
Ed FitzGerald;1;Eric Soderholm;0,9068
Ed FitzGerald;2;Brad Brach;0,8873
Ed FitzGerald;3;Bill McClellan;0,8853
Ed FitzGerald;4;John Parrish;0,8832
Ed FitzGerald;5;Gleyber Torres;0,8812
Ed Glynn;1;Mark Lowe;0,9762
Ed Glynn;2;Jesus Colome;0,9757
Ed Glynn;3;Al Spalding;0,9744
Ed Glynn;4;Johnny Mostil;0,9665
Ed Glynn;5;Jerry Moses;0,9619
Ed Goodson;1;Guillermo Quiroz;0,973
Ed Goodson;2;Jim Wilson;0,9703
Ed Goodson;3;Curt Leskanic;0,965
Ed Goodson;4;Brian Bruney;0,951
Ed Goodson;5;Scott Kamieniecki;0,9264
Ed Herrmann;1;Tom Tresh;0,9423
Ed Herrmann;2;Wayne Tolleson;0,8772
Ed Herrmann;3;Ed Charles;0,873
Ed Herrmann;4;John Lyles;0,8489
Ed Herrmann;5;Sheldon Jones;0,8478
Ed Heusser;1;Jim Acker;0,9406
Ed Heusser;2;Steve Renko;0,9342
Ed Heusser;3;Larry Andersen;0,9335
Ed Heusser;4;Clay Carroll;0,9309
Ed Heusser;5;Wilson Alvarez;0,9264
Ed Killian;1;Tom Needham;0,9547
Ed Killian;2;Ossie Bluege;0,9525
Ed Killian;3;Marty Marion;0,9503
Ed Killian;4;Fred Clarke;0,9409
Ed Killian;5;Jimmy Barrett;0,9407
Ed Kirkpatrick;1;Mickey Haefner;0,9191
Ed Kirkpatrick;2;Jimmy Binder;0,8842
Ed Kirkpatrick;3;Bob Milacki;0,8776
Ed Kirkpatrick;4;Jose Guzman;0,877
Ed Kirkpatrick;5;Fred Talbot;0,8739
Ed Konetchy;1;Jimmy Hill;0,9495
Ed Konetchy;2;Del Pratt;0,9494
Ed Konetchy;3;George Decker;0,9492
Ed Konetchy;4;Gene Michael;0,9449
Ed Konetchy;5;Jiggs Donahue;0,9429
Ed Kranepool;1;Win Mercer;0,9287
Ed Kranepool;2;Olmedo Saenz;0,9272
Ed Kranepool;3;Bill Drake;0,9181
Ed Kranepool;4;Script Lee;0,9098
Ed Kranepool;5;Al Newman;0,9002
Ed Lynch;1;Corey Kluber;0,9927
Ed Lynch;2;Bob Wells;0,9713
Ed Lynch;3;Jeremy Jeffress;0,9599
Ed Lynch;4;Bobby Thigpen;0,9552
Ed Lynch;5;Pete Kozma;0,9485
Ed McFarland;1;Sammy Stewart;0,9861
Ed McFarland;2;Alfredo Griffin;0,9851
Ed McFarland;3;Jimmy Hill;0,9848
Ed McFarland;4;Wes Parker;0,9824
Ed McFarland;5;Tom Johnson;0,9807
Ed McKean;1;Dave Rosello;0,9423
Ed McKean;2;Larry Jansen;0,9386
Ed McKean;3;Corey Seager;0,9204
Ed McKean;4;Daniel Hudson;0,9083
Ed McKean;5;Sam Jethroe;0,9069
Ed Nunez;1;Floyd Robinson;0,9389
Ed Nunez;2;Max Fried;0,9171
Ed Nunez;3;Pete Washington;0,8836
Ed Nunez;4;Doug Fister;0,8814
Ed Nunez;5;Jim Merritt;0,8768
Ed Ott;1;Ted Gray;0,9364
Ed Ott;2;Don Landrum;0,9307
Ed Ott;3;Ramon Martinez;0,9192
Ed Ott;4;Chuck Finley;0,8991
Ed Ott;5;Ruben Rivera;0,8916
Ed Phelps;1;Tommy Gregg;0,9644
Ed Phelps;2;Mike Phillips;0,944
Ed Phelps;3;Brandon Kintzler;0,9408
Ed Phelps;4;Bob Patterson;0,9408
Ed Phelps;5;Eric O'Flaherty;0,9408
Ed Reulbach;1;Shane Robinson;0,9315
Ed Reulbach;2;Danny McClellan;0,8817
Ed Reulbach;3;Tom Kinslow;0,8686
Ed Reulbach;4;Chad Billingsley;0,8685
Ed Reulbach;5;Jose Veras;0,8544
Ed Rile;1;Phil Masi;0,9613
Ed Rile;2;Bert Cunningham;0,9309
Ed Rile;3;Wally Gerber;0,9102
Ed Rile;4;Yuli Gurriel;0,9095
Ed Rile;5;Rich Amaral;0,9023
Ed Roebuck;1;Earl Johnson;0,9236
Ed Roebuck;2;Cesar Ramos;0,9198
Ed Roebuck;3;Hoby Milner;0,9198
Ed Roebuck;4;Chris Hatcher;0,9198
Ed Roebuck;5;John Brebbia;0,9198
Ed Romero;1;Lou Dials;0,9601
Ed Romero;2;Cap Peterson;0,9377
Ed Romero;3;George Stone;0,9056
Ed Romero;4;Matt Franco;0,9004
Ed Romero;5;Tim Spehr;0,8979
Ed Spiezio;1;Greg Swindell;0,9922
Ed Spiezio;2;Bill North;0,9758
Ed Spiezio;3;Ernie Krueger;0,9521
Ed Spiezio;4;Eddie Joost;0,9434
Ed Spiezio;5;Champ Summers;0,9353
Ed Sprague;1;Carlos Reyes;0,9877
Ed Sprague;2;Tim Mayza;0,9877
Ed Sprague;3;Eric Gagne;0,9874
Ed Sprague;4;Rich Garces;0,9874
Ed Sprague;5;Jason Motte;0,9874
Ed Stein;1;Charley Hall;0,9594
Ed Stein;2;Ron Hassey;0,9533
Ed Stein;3;Bill Evans;0,9497
Ed Stein;4;Chuck Hiller;0,9481
Ed Stein;5;Brad Miller;0,9425
Ed Stone;1;Les Bell;0,9241
Ed Stone;2;Lou Collier;0,8689
Ed Stone;3;Paul Dean;0,8614
Ed Stone;4;Ken Singleton;0,8467
Ed Stone;5;Tip O'Neill;0,8389
Ed Swartwood;1;Morgan Ensberg;0,9935
Ed Swartwood;2;Nippy Jones;0,9861
Ed Swartwood;3;Frankie Hayes;0,9832
Ed Swartwood;4;Jamey Carroll;0,9783
Ed Swartwood;5;Jesse Tannehill;0,9772
Ed Sweeney;1;Owen Wilson;0,9451
Ed Sweeney;2;Dave Duncan;0,9142
Ed Sweeney;3;Charles Gipson;0,8877
Ed Sweeney;4;Donnie Hill;0,8848
Ed Sweeney;5;Chuck Crim;0,878
Ed Taubensee;1;Jack Hamilton;0,9292
Ed Taubensee;2;Luis Avilan;0,9252
Ed Taubensee;3;Otis Starks;0,9239
Ed Taubensee;4;Bob Gibson;0,8964
Ed Taubensee;5;Stephen Strasburg;0,88
Ed Vosberg;1;Paul Erickson;0,962
Ed Vosberg;2;Paul Abbott;0,9594
Ed Vosberg;3;Larry Brown;0,9463
Ed Vosberg;4;Jeff Reed;0,9411
Ed Vosberg;5;Gary Nolan;0,9354
Ed Walsh;1;Jumbo Elliott;0,9503
Ed Walsh;2;Danny Espinosa;0,9382
Ed Walsh;3;Bud Norris;0,9198
Ed Walsh;4;Joe Moeller;0,9166
Ed Walsh;5;Junior Noboa;0,8833
Ed Wells;1;Vic Darensbourg;0,9186
Ed Wells;2;Ruben Rivera;0,873
Ed Wells;3;Matt Duffy;0,8623
Ed Wells;4;Drew Stubbs;0,8552
Ed Wells;5;Pat Sheridan;0,8542
Ed Whitson;1;Chris Codiroli;0,9827
Ed Whitson;2;Earl Clark;0,9605
Ed Whitson;3;Bill Duggleby;0,9014
Ed Whitson;4;Dann Bilardello;0,8855
Ed Whitson;5;Don Elston;0,8728
Ed Willett;1;Ismael Valdez;0,9262
Ed Willett;2;Manuel Margot;0,919
Ed Willett;3;Tony Oliva;0,9166
Ed Willett;4;Roy Johnson;0,9164
Ed Willett;5;Nomar Garciaparra;0,9153
Ed Williamson;1;Daniel Bard;0,9366
Ed Williamson;2;Tyler Naquin;0,9022
Ed Williamson;3;Herb Barnhill;0,9018
Ed Williamson;4;Brian Shouse;0,8765
Ed Williamson;5;Rick Langford;0,871
Ed Young;1;Alex Verdugo;0,9566
Ed Young;2;Bob Purkey;0,9464
Ed Young;3;Hal Trosky;0,9421
Ed Young;4;Alex Ochoa;0,9181
Ed Young;5;Kerry Ligtenberg;0,9133
Edd Roush;1;Lou Louden;0,8899
Edd Roush;2;Ron Pruitt;0,8644
Edd Roush;3;Larry Cheney;0,8578
Edd Roush;4;Cam Carreon;0,8567
Edd Roush;5;Jim Russell;0,8416
Eddie Ainsmith;1;Felipe Sierra;0,9026
Eddie Ainsmith;2;George Earnshaw;0,8756
Eddie Ainsmith;3;Reb Russell;0,8428
Eddie Ainsmith;4;Jeff Newman;0,827
Eddie Ainsmith;5;Mordecai Brown;0,8264
Eddie Bressoud;1;Doug Strange;0,9591
Eddie Bressoud;2;Braggo Roth;0,9475
Eddie Bressoud;3;Damaso Garcia;0,9475
Eddie Bressoud;4;Ducky Holmes;0,9392
Eddie Bressoud;5;Bill James;0,9387
Eddie Burke;1;Ray Fisher;0,9369
Eddie Burke;2;Chick Fewster;0,9279
Eddie Burke;3;John Barry;0,9132
Eddie Burke;4;Gus Suhr;0,9023
Eddie Burke;5;Joe Page;0,9015
Eddie Cicotte;1;Jose Lind;0,9117
Eddie Cicotte;2;Rafael Ortega;0,9105
Eddie Cicotte;3;Charlie Reilly;0,9015
Eddie Cicotte;4;Hal Smith;0,9005
Eddie Cicotte;5;Bo Diaz;0,8909
Eddie Collins;1;Sean Newcomb;0,9878
Eddie Collins;2;Steve Garvey;0,9531
Eddie Collins;3;Pop Smith;0,9372
Eddie Collins;4;Joe Page;0,9372
Eddie Collins;5;Jim Clinton;0,93
Eddie Dwight;1;Felix Rodriguez;0,9275
Eddie Dwight;2;Graeme Lloyd;0,9214
Eddie Dwight;3;Jud Wilson;0,9019
Eddie Dwight;4;Jimmy Jones;0,8838
Eddie Dwight;5;Harold Treadwell;0,8836
Eddie Fisher;1;Mike Davis;0,93
Eddie Fisher;2;Atley Donald;0,928
Eddie Fisher;3;Julio Cruz;0,8888
Eddie Fisher;4;Tony Tarasco;0,8828
Eddie Fisher;5;Dick Culler;0,8762
Eddie Foster;1;Jim Lefebvre;0,9759
Eddie Foster;2;Rip Radcliff;0,9545
Eddie Foster;3;Frank LaPorte;0,939
Eddie Foster;4;Cozy Dolan;0,933
Eddie Foster;5;Henry Larkin;0,9154
Eddie Grant;1;Tyler Glasnow;0,9712
Eddie Grant;2;Fatty Briody;0,9695
Eddie Grant;3;Kyle Tucker;0,9692
Eddie Grant;4;Tommie Reynolds;0,9673
Eddie Grant;5;Cesar Hernandez;0,9673
Eddie Guardado;1;Bill Stafford;0,9973
Eddie Guardado;2;Mike Holtz;0,9707
Eddie Guardado;3;Clay Holmes;0,9345
Eddie Guardado;4;Doug Corbett;0,9111
Eddie Guardado;5;Joc Pederson;0,9069
Eddie Joost;1;Ernie Krueger;0,9925
Eddie Joost;2;Ryan Roberts;0,9708
Eddie Joost;3;Ed Spiezio;0,9434
Eddie Joost;4;Harry Walker;0,9284
Eddie Joost;5;Matt Franco;0,9268
Eddie Kasko;1;Jackie Hayes;0,9694
Eddie Kasko;2;Herb Barnhill;0,924
Eddie Kasko;3;Lil Stoner;0,9145
Eddie Kasko;4;Donovan Osborne;0,9126
Eddie Kasko;5;Clay Kirby;0,8963
Eddie Lake;1;Cal Abrams;0,9762
Eddie Lake;2;Joe Start;0,9641
Eddie Lake;3;Gary Roenicke;0,9583
Eddie Lake;4;Bart Johnson;0,9448
Eddie Lake;5;Daryl Boston;0,9441
Eddie Lopat;1;Sam Fuld;0,9221
Eddie Lopat;2;Chico Fernandez;0,9144
Eddie Lopat;3;Fran Healy;0,8625
Eddie Lopat;4;Duane Josephson;0,8376
Eddie Lopat;5;Mike Marshall;0,8252
Eddie Mathews;1;Jerry Kindall;0,9033
Eddie Mathews;2;Mike Fiers;0,9014
Eddie Mathews;3;Matt Capps;0,8954
Eddie Mathews;4;Ji-Man Choi;0,8935
Eddie Mathews;5;Brandon Woodruff;0,8914
Eddie Mayo;1;Cowan Hyde;0,9478
Eddie Mayo;2;Ron Gant;0,9393
Eddie Mayo;3;Joaquin Benoit;0,9329
Eddie Mayo;4;Rod Beck;0,9325
Eddie Mayo;5;Ugueth Urbina;0,9294
Eddie Miksis;1;Bob Scheffing;0,9421
Eddie Miksis;2;Pedro Feliz;0,926
Eddie Miksis;3;Tim Naehring;0,9191
Eddie Miksis;4;Jim Beauchamp;0,9148
Eddie Miksis;5;Joe Quest;0,8958
Eddie Miller;1;Elmer Knetzer;0,9061
Eddie Miller;2;Sid Farrar;0,8628
Eddie Miller;3;Braggo Roth;0,8621
Eddie Miller;4;Miles Mikolas;0,8494
Eddie Miller;5;Ed Abbaticchio;0,8468
Eddie Milner;1;Jorge Alfaro;0,9554
Eddie Milner;2;Joaquin Arias;0,9371
Eddie Milner;3;Mack Jones;0,9298
Eddie Milner;4;Vince Velasquez;0,9255
Eddie Milner;5;Don Nottebart;0,9253
Eddie Moore;1;Fred Stanley;0,9314
Eddie Moore;2;Jack Pfiester;0,9276
Eddie Moore;3;Kelly Gruber;0,9147
Eddie Moore;4;Rudy Kemmler;0,9035
Eddie Moore;5;Doug DeCinces;0,8999
Eddie Murphy;1;Pepe Frias;0,9291
Eddie Murphy;2;Lip Pike;0,8876
Eddie Murphy;3;George Winter;0,8846
Eddie Murphy;4;Terry Harmon;0,8728
Eddie Murphy;5;Mike Aviles;0,8704
Eddie Murray;1;Pepe Frias;0,9396
Eddie Murray;2;Mickey Owen;0,9267
Eddie Murray;3;Kyle Freeland;0,9021
Eddie Murray;4;Earl McNeely;0,8594
Eddie Murray;5;Terry Harmon;0,8527
Eddie Pellagrini;1;Davey Johnson;0,9931
Eddie Pellagrini;2;Buck Leonard;0,9862
Eddie Pellagrini;3;Phil Douglas;0,9855
Eddie Pellagrini;4;Kid Elberfeld;0,9849
Eddie Pellagrini;5;Dave Koslo;0,9849
Eddie Perez;1;Orlando Mercado;0,8862
Eddie Perez;2;George Boehler;0,8776
Eddie Perez;3;Thad Christopher;0,8761
Eddie Perez;4;Mark Thurmond;0,8732
Eddie Perez;5;J. R. Murphy;0,8687
Eddie Plank;1;Harry Harper;0,9671
Eddie Plank;2;Billy Sunday;0,9297
Eddie Plank;3;Dave Orr;0,9279
Eddie Plank;4;Donne Wall;0,9246
Eddie Plank;5;Todd Walker;0,9212
Eddie Robinson;1;Matt Walbeck;0,8949
Eddie Robinson;2;Ray Washburn;0,8705
Eddie Robinson;3;Didi Gregorius;0,8692
Eddie Robinson;4;Myril Hoag;0,8658
Eddie Robinson;5;Marcelino Guerra;0,8376
Eddie Rommel;1;Craig Monroe;0,949
Eddie Rommel;2;Orville Singer;0,947
Eddie Rommel;3;Casey McGehee;0,9426
Eddie Rommel;4;Pete Ward;0,9309
Eddie Rommel;5;Gene Packard;0,9253
Eddie Rosario;1;Jim Roland;0,9429
Eddie Rosario;2;Johnny Estrada;0,9118
Eddie Rosario;3;Jim Lindsey;0,9097
Eddie Rosario;4;Elmer Riddle;0,9096
Eddie Rosario;5;Bryse Wilson;0,9057
Eddie Smith;1;Warren Brusstar;0,9522
Eddie Smith;2;Mario Mendoza;0,9397
Eddie Smith;3;Bill Bonham;0,9362
Eddie Smith;4;Shawn Boskie;0,9359
Eddie Smith;5;Pete Schourek;0,9318
Eddie Solomon;1;Luis Lopez;0,971
Eddie Solomon;2;Dan Pasqua;0,9536
Eddie Solomon;3;Steve Henderson;0,952
Eddie Solomon;4;Manuel Margot;0,9489
Eddie Solomon;5;Jouett Meekin;0,9427
Eddie Stanky;1;Chris Heisey;0,9552
Eddie Stanky;2;Bryce Harper;0,9376
Eddie Stanky;3;T. J. Mathews;0,9249
Eddie Stanky;4;Marcus Semien;0,9143
Eddie Stanky;5;Tex Clevenger;0,9071
Eddie Waitkus;1;Will Cunnane;0,9954
Eddie Waitkus;2;Ryan Weber;0,9954
Eddie Waitkus;3;Jeremy Accardo;0,9954
Eddie Waitkus;4;Pat Clements;0,9954
Eddie Waitkus;5;Wally Roettger;0,9923
Eddie Watt;1;Johnny Humphries;0,9061
Eddie Watt;2;Willie Kamm;0,888
Eddie Watt;3;Justin Masterson;0,8837
Eddie Watt;4;Terry Harmon;0,8768
Eddie Watt;5;Nick Esasky;0,8693
Eddie Williams;1;Randall Delgado;0,9882
Eddie Williams;2;Harry Eisenstat;0,9871
Eddie Williams;3;Heath Hembree;0,9865
Eddie Williams;4;Corey Knebel;0,986
Eddie Williams;5;Jose Veras;0,986
Eddie Yost;1;John Kerr;0,987
Eddie Yost;2;Charlie Hargreaves;0,9429
Eddie Yost;3;Eggie Dallard;0,9328
Eddie Yost;4;Reid Nichols;0,9302
Eddie Yost;5;Bobby Richardson;0,922
Edgar Gonzalez;1;David Huff;0,993
Edgar Gonzalez;2;Jeffrey Springs;0,9735
Edgar Gonzalez;3;Ken Dayley;0,973
Edgar Gonzalez;4;Tom Gorman;0,9721
Edgar Gonzalez;5;Luis Quinones;0,9709
Edgar Martinez;1;Luis Urias;0,8984
Edgar Martinez;2;Ryan Theriot;0,8943
Edgar Martinez;3;Woody Woodward;0,8895
Edgar Martinez;4;Mackey Sasser;0,8838
Edgar Martinez;5;Ronny Paulino;0,8775
Edgar Renteria;1;Don Kelly;0,9408
Edgar Renteria;2;Adolfo Phillips;0,9022
Edgar Renteria;3;Joe Christopher;0,8932
Edgar Renteria;4;Percy Jones;0,8894
Edgar Renteria;5;Big Bill Smith;0,8779
Edgar Wesley;1;Greg Maddux;0,9565
Edgar Wesley;2;Hobe Ferris;0,9523
Edgar Wesley;3;Matty McIntyre;0,9506
Edgar Wesley;4;John Irwin;0,9347
Edgar Wesley;5;Ernest Gatewood;0,929
Edgardo Alfonzo;1;Justin Masterson;0,9238
Edgardo Alfonzo;2;George Susce;0,9171
Edgardo Alfonzo;3;Vean Gregg;0,9104
Edgardo Alfonzo;4;Earl McNeely;0,8666
Edgardo Alfonzo;5;Andrew Benintendi;0,8311
Edinson Volquez;1;Ryan Yarbrough;0,9877
Edinson Volquez;2;Calvin Schiraldi;0,957
Edinson Volquez;3;Chuck Cary;0,9526
Edinson Volquez;4;Alfredo Simon;0,9309
Edinson Volquez;5;Ryan Tepera;0,9306
Edsall Walker;1;Wayne Carr;0,8687
Edsall Walker;2;Joe Morgan;0,859
Edsall Walker;3;Sean Marshall;0,8586
Edsall Walker;4;Fritz Coumbe;0,8519
Edsall Walker;5;Larry Jackson;0,8516
Eduardo Escobar;1;Andy Kosco;0,9129
Eduardo Escobar;2;Lefty Weinert;0,9098
Eduardo Escobar;3;Jimmy Wasdell;0,9007
Eduardo Escobar;4;Gentry Jessup;0,8999
Eduardo Escobar;5;Charlie Reilly;0,8788
Eduardo Nunez;1;Joe Harris;0,9476
Eduardo Nunez;2;Dominic Smith;0,9392
Eduardo Nunez;3;Derek Dietrich;0,915
Eduardo Nunez;4;Pete Vuckovich;0,9032
Eduardo Nunez;5;Hubie Brooks;0,8879
Eduardo Perez;1;Ron Tingley;0,9583
Eduardo Perez;2;Luis Cessa;0,9485
Eduardo Perez;3;Joe Beggs;0,9434
Eduardo Perez;4;Jeff Kunkel;0,9369
Eduardo Perez;5;David Howard;0,9343
Eduardo Rodriguez;1;Chris Snyder;0,9129
Eduardo Rodriguez;2;Johnny Smith;0,9038
Eduardo Rodriguez;3;Pepe Frias;0,8833
Eduardo Rodriguez;4;Lip Pike;0,8558
Eduardo Rodriguez;5;Shawn Kelley;0,8505
Edward Mujica;1;Josh Fogg;0,9312
Edward Mujica;2;Joe Horlen;0,9259
Edward Mujica;3;Dick Littlefield;0,9226
Edward Mujica;4;Pat Hentgen;0,9202
Edward Mujica;5;Dave Otto;0,9149
Edwin Diaz;1;Scott Atchison;0,9785
Edwin Diaz;2;Brad Havens;0,9733
Edwin Diaz;3;Dave Tobik;0,9733
Edwin Diaz;4;A. J. Minter;0,9718
Edwin Diaz;5;Brian Boehringer;0,9718
Edwin Encarnacion;1;Peter Bourjos;0,9479
Edwin Encarnacion;2;Jack Ryan;0,8916
Edwin Encarnacion;3;Chet Laabs;0,8793
Edwin Encarnacion;4;Jim Thome;0,864
Edwin Encarnacion;5;Bill Merritt;0,8564
Edwin Jackson;1;Bob McGraw;0,9755
Edwin Jackson;2;Virgil Barnes;0,9405
Edwin Jackson;3;Jonathan Sanchez;0,9315
Edwin Jackson;4;Carl Willey;0,9187
Edwin Jackson;5;Jack Aker;0,9156
Eggie Dallard;1;Charlie Hargreaves;0,9503
Eggie Dallard;2;Patsy Flaherty;0,9428
Eggie Dallard;3;Eddie Yost;0,9328
Eggie Dallard;4;Fred Merkle;0,9299
Eggie Dallard;5;John Kerr;0,9289
Eggie Hensley;1;Jake Stahl;0,9752
Eggie Hensley;2;Fatty Briody;0,967
Eggie Hensley;3;Kyle Tucker;0,9626
Eggie Hensley;4;Tommie Reynolds;0,9626
Eggie Hensley;5;Chad Wallach;0,9612
Egyptian Healy;1;Willie Wells;0,8985
Egyptian Healy;2;Tony Mullane;0,8936
Egyptian Healy;3;Bob Jones;0,8886
Egyptian Healy;4;Alex Radcliff;0,8813
Egyptian Healy;5;Ryan Freel;0,8701
Ehire Adrianza;1;Fred Schulte;0,9756
Ehire Adrianza;2;Guy Morton;0,9669
Ehire Adrianza;3;Josh Gibson;0,9648
Ehire Adrianza;4;Mike Phillips;0,9607
Ehire Adrianza;5;Rob Wilfong;0,9559
Einar Diaz;1;Richie Sexson;0,9628
Einar Diaz;2;Tony Womack;0,9598
Einar Diaz;3;Tony Muser;0,9573
Einar Diaz;4;Boog Powell;0,9549
Einar Diaz;5;Curtis Pride;0,9542
Elam Vangilder;1;Pete Burnside;0,9372
Elam Vangilder;2;Jose Mesa;0,9
Elam Vangilder;3;Ramon Laureano;0,8976
Elam Vangilder;4;Sheldon Jones;0,8819
Elam Vangilder;5;Jim Willoughby;0,8749
Elbie Fletcher;1;Jeremy Accardo;0,9986
Elbie Fletcher;2;Ryan Weber;0,9986
Elbie Fletcher;3;Will Cunnane;0,9986
Elbie Fletcher;4;Pat Clements;0,9986
Elbie Fletcher;5;Blake Parker;0,9981
Elden Auker;1;Mike Pelfrey;0,8961
Elden Auker;2;Jon Berti;0,8933
Elden Auker;3;Donovan Solano;0,8854
Elden Auker;4;Yorkis Perez;0,8834
Elden Auker;5;Kevin McReynolds;0,8651
Eli Marrero;1;Kevin Cash;0,9339
Eli Marrero;2;Grant Johnson;0,8985
Eli Marrero;3;Garrett Hampson;0,8782
Eli Marrero;4;Erskine Mayer;0,8626
Eli Marrero;5;John Kerr;0,862
Elias Diaz;1;Prince Fielder;0,8961
Elias Diaz;2;Alex Presley;0,8834
Elias Diaz;3;Rusty Torres;0,8819
Elias Diaz;4;Dioner Navarro;0,8803
Elias Diaz;5;Clyde McCullough;0,839
Elias Sosa;1;Doc Scanlan;0,9119
Elias Sosa;2;Cory Lidle;0,8723
Elias Sosa;3;George Suggs;0,8723
Elias Sosa;4;Marvin Freeman;0,8451
Elias Sosa;5;Dana Fillingim;0,845
Ellie Rodriguez;1;Rich Aurilia;0,9269
Ellie Rodriguez;2;Donn Clendenon;0,9108
Ellie Rodriguez;3;Al Oliver;0,8964
Ellie Rodriguez;4;Larry Cheney;0,8956
Ellie Rodriguez;5;Larry Herndon;0,8947
Elliott Maddox;1;Dave Campbell;0,9816
Elliott Maddox;2;Steven Souza;0,9746
Elliott Maddox;3;Jose Morales;0,973
Elliott Maddox;4;Kyle Tucker;0,9679
Elliott Maddox;5;Bud Clancy;0,9655
Ellis Burks;1;Bris Lord;0,9437
Ellis Burks;2;Pat Jarvis;0,9095
Ellis Burks;3;Johnny Humphries;0,9046
Ellis Burks;4;Mitch Haniger;0,9011
Ellis Burks;5;Jimmie Coker;0,8971
Ellis Kinder;1;Lucas Giolito;0,953
Ellis Kinder;2;Ricardo Rincon;0,9474
Ellis Kinder;3;Joe Green;0,9401
Ellis Kinder;4;Chris Codiroli;0,9399
Ellis Kinder;5;Gary Ross;0,9302
Ellis Valentine;1;Elmer Myers;0,9929
Ellis Valentine;2;Karl Drews;0,9901
Ellis Valentine;3;Morgan Ensberg;0,9898
Ellis Valentine;4;Wally Roettger;0,9897
Ellis Valentine;5;Jeremy Accardo;0,9886
Elmer Dessens;1;John Tsitouris;0,9988
Elmer Dessens;2;Roger Nelson;0,9665
Elmer Dessens;3;Don Mossi;0,9596
Elmer Dessens;4;Pat Mahomes;0,9542
Elmer Dessens;5;Porter Moss;0,9534
Elmer Flick;1;Jim Rivera;0,8906
Elmer Flick;2;Johnny Rigney;0,8826
Elmer Flick;3;Red Murray;0,8795
Elmer Flick;4;Jimmy Smith;0,8732
Elmer Flick;5;Slim Harriss;0,8662
Elmer Jacobs;1;Jay Johnstone;0,8623
Elmer Jacobs;2;Russ Wrightstone;0,8623
Elmer Jacobs;3;Derek Jeter;0,8465
Elmer Jacobs;4;Jesse Bragg;0,8362
Elmer Jacobs;5;John Hummel;0,8293
Elmer Knetzer;1;Joey Hamilton;0,9572
Elmer Knetzer;2;Freddy Garcia;0,9389
Elmer Knetzer;3;Eddie Miller;0,9061
Elmer Knetzer;4;Braggo Roth;0,9017
Elmer Knetzer;5;Derek Lowe;0,8927
Elmer Myers;1;Denny Galehouse;0,9971
Elmer Myers;2;Dustin Pedroia;0,9963
Elmer Myers;3;Buck O'Neil;0,9954
Elmer Myers;4;Vern Stephens;0,9951
Elmer Myers;5;Tom Brunansky;0,9947
Elmer Riddle;1;Bryse Wilson;0,9994
Elmer Riddle;2;Brian Wilson;0,9955
Elmer Riddle;3;Chuck Dobson;0,979
Elmer Riddle;4;Bobby Tiefenauer;0,9707
Elmer Riddle;5;Paul Sewald;0,9704
Elmer Singleton;1;John Danks;0,9757
Elmer Singleton;2;Bob Tillman;0,967
Elmer Singleton;3;Johnny Markham;0,9485
Elmer Singleton;4;Dallas Keuchel;0,9385
Elmer Singleton;5;Chien-Ming Wang;0,9146
Elmer Smith;1;George Decker;0,9391
Elmer Smith;2;Todd Benzinger;0,9315
Elmer Smith;3;Joe Lis;0,9247
Elmer Smith;4;Lonny Frey;0,9245
Elmer Smith;5;Hank Edwards;0,9226
Elmer Valo;1;Lance Richbourg;0,9248
Elmer Valo;2;Big Bill Smith;0,9092
Elmer Valo;3;Larry Cheney;0,8966
Elmer Valo;4;Trot Nixon;0,8947
Elmer Valo;5;Skip Schumaker;0,8939
Elon Hogsett;1;Jim Ray Hart;0,9731
Elon Hogsett;2;Eric O'Flaherty;0,9689
Elon Hogsett;3;Brandon Kintzler;0,9689
Elon Hogsett;4;Bob Patterson;0,9689
Elon Hogsett;5;Mike Phillips;0,9661
Elrod Hendricks;1;Kevin Mitchell;0,9856
Elrod Hendricks;2;Hal Wagner;0,9804
Elrod Hendricks;3;Chris Capuano;0,9575
Elrod Hendricks;4;Ted Sizemore;0,9558
Elrod Hendricks;5;Charles Johnson;0,9548
Elston Howard;1;Larry Dierker;0,9928
Elston Howard;2;Jackie Hernandez;0,9897
Elston Howard;3;Morgan Ensberg;0,9897
Elston Howard;4;Byron Browne;0,988
Elston Howard;5;Karl Drews;0,988
Elvis Andrus;1;Luis Cessa;0,9303
Elvis Andrus;2;James Stafford;0,9242
Elvis Andrus;3;Scott Barlow;0,9064
Elvis Andrus;4;David Howard;0,8951
Elvis Andrus;5;Ron Tingley;0,8904
Emery Adams;1;T. J. Brown;0,926
Emery Adams;2;Cory Snyder;0,8979
Emery Adams;3;Fred Whitfield;0,8879
Emery Adams;4;Don Wert;0,8729
Emery Adams;5;Dale Mitchell;0,8585
Emil Brown;1;Derek Holland;0,9612
Emil Brown;2;Dave Malarcher;0,9523
Emil Brown;3;Bing Miller;0,9435
Emil Brown;4;Phil Hughes;0,9164
Emil Brown;5;Danny Frisella;0,898
Emilio Bonifacio;1;Sean Newcomb;0,9566
Emilio Bonifacio;2;Joe Page;0,9047
Emilio Bonifacio;3;Bill Sudakis;0,8926
Emilio Bonifacio;4;Mike Matheny;0,8829
Emilio Bonifacio;5;Jacob Barnes;0,8723
Emilio Pagan;1;Steve Crawford;0,9951
Emilio Pagan;2;Casey Fossum;0,9945
Emilio Pagan;3;Terry Mathews;0,9903
Emilio Pagan;4;Vicente Palacios;0,9887
Emilio Pagan;5;Brandon Morrow;0,987
Emmet Heidrick;1;Del Gainer;0,9869
Emmet Heidrick;2;Aaron Ward;0,9862
Emmet Heidrick;3;Brooks Robinson;0,9821
Emmet Heidrick;4;Brian Tallet;0,9813
Emmet Heidrick;5;Jake Stahl;0,9799
Emmett Seery;1;Aledmys Diaz;0,954
Emmett Seery;2;Curt Davis;0,9362
Emmett Seery;3;Yuli Gurriel;0,9245
Emmett Seery;4;Jose Tartabull;0,9144
Emmett Seery;5;Mickey Mantle;0,9106
Ender Inciarte;1;Jamey Wright;0,9468
Ender Inciarte;2;Hugh Mulcahy;0,9168
Ender Inciarte;3;Art Shamsky;0,9122
Ender Inciarte;4;Jose Bautista;0,9062
Ender Inciarte;5;Carlos Beltran;0,903
Endy Chavez;1;Earl Clark;0,9456
Endy Chavez;2;Chris Codiroli;0,9279
Endy Chavez;3;Dick Tracewski;0,9278
Endy Chavez;4;Zach Duke;0,9145
Endy Chavez;5;Matt Andriese;0,8652
Enos Cabell;1;Trent Hubbard;0,9105
Enos Cabell;2;Rick Leach;0,908
Enos Cabell;3;Orval Grove;0,9064
Enos Cabell;4;Jackie Collum;0,8984
Enos Cabell;5;Tom Glover;0,8884
Enos Slaughter;1;Sal Butera;0,9252
Enos Slaughter;2;Ed Farmer;0,9089
Enos Slaughter;3;Tim Corcoran;0,9032
Enos Slaughter;4;Dick Egan;0,8814
Enos Slaughter;5;Julio Gotay;0,8754
Enrique Hernandez;1;Carl Edwards;0,9217
Enrique Hernandez;2;Curt Blefary;0,9115
Enrique Hernandez;3;Ed Goodson;0,8967
Enrique Hernandez;4;Brian Bruney;0,8808
Enrique Hernandez;5;Justin Grimm;0,8755
Enrique Wilson;1;Moose Solters;0,9352
Enrique Wilson;2;Dustin McGowan;0,9318
Enrique Wilson;3;Rudy Kemmler;0,8859
Enrique Wilson;4;Joe Bowman;0,8851
Enrique Wilson;5;Mark Lemke;0,8836
Eppa Rixey;1;Doug Bird;0,9667
Eppa Rixey;2;Mike Trombley;0,9654
Eppa Rixey;3;Freddy Peralta;0,9598
Eppa Rixey;4;Johnny Groth;0,9421
Eppa Rixey;5;Chris Herrmann;0,932
Erasmo Ramirez;1;Derek Law;0,977
Erasmo Ramirez;2;Jamie Walker;0,9714
Erasmo Ramirez;3;Xavier Cedeno;0,9488
Erasmo Ramirez;4;Bob Owchinko;0,9485
Erasmo Ramirez;5;Dave Eiland;0,9394
Eric Anthony;1;Brian Daubach;0,9243
Eric Anthony;2;Jeff DaVanon;0,9006
Eric Anthony;3;Jimmy Johnston;0,8943
Eric Anthony;4;Elon Hogsett;0,8894
Eric Anthony;5;Ted Uhlaender;0,8868
Eric Byrnes;1;Matt Franco;0,991
Eric Byrnes;2;John Dopson;0,9745
Eric Byrnes;3;Cap Peterson;0,9617
Eric Byrnes;4;Johnny Wyrostek;0,9588
Eric Byrnes;5;Cesar Geronimo;0,9523
Eric Chavez;1;Carl Morton;0,9372
Eric Chavez;2;Joe McEwing;0,8938
Eric Chavez;3;Ray Katt;0,8685
Eric Chavez;4;Mike Epstein;0,863
Eric Chavez;5;Whitey Kurowski;0,8605
Eric Davis;1;Steve Karsay;0,9443
Eric Davis;2;Don Gullett;0,9322
Eric Davis;3;Rodrigo Lopez;0,9293
Eric Davis;4;Rowland Office;0,9234
Eric Davis;5;Sean Bergman;0,9206
Eric Gagne;1;Joba Chamberlain;1,0
Eric Gagne;2;Jonathan Broxton;1,0
Eric Gagne;3;Jason Motte;1,0
Eric Gagne;4;Rich Garces;1,0
Eric Gagne;5;Alberto Reyes;1,0
Eric Gunderson;1;Fernando Salas;1,0
Eric Gunderson;2;Will Harris;1,0
Eric Gunderson;3;Randy St. Claire;1,0
Eric Gunderson;4;Stan Belinda;1,0
Eric Gunderson;5;Pat Neshek;1,0
Eric Haase;1;Mike Sullivan;0,9853
Eric Haase;2;Derek Bell;0,9726
Eric Haase;3;Tim Hulett;0,9702
Eric Haase;4;Howard Ehmke;0,9624
Eric Haase;5;Garrett Atkins;0,9607
Eric Hinske;1;Rob Brantly;0,9611
Eric Hinske;2;Dan Driessen;0,9561
Eric Hinske;3;Tom Satriano;0,9551
Eric Hinske;4;Frank Scheibeck;0,9528
Eric Hinske;5;Homer Bailey;0,9436
Eric Hosmer;1;Charlie Gelbert;0,9583
Eric Hosmer;2;Danny Hoffman;0,8947
Eric Hosmer;3;Stephen Piscotty;0,8831
Eric Hosmer;4;Barry Jones;0,8828
Eric Hosmer;5;Aaron Sanchez;0,8663
Eric Karros;1;Daniel Descalso;0,9467
Eric Karros;2;Earle Combs;0,9225
Eric Karros;3;Ross Youngs;0,9083
Eric Karros;4;Benny Kauff;0,8875
Eric Karros;5;Bill Hutchison;0,8841
Eric McNair;1;Earl Williams;0,9469
Eric McNair;2;Pat Ragan;0,9449
Eric McNair;3;John Romano;0,92
Eric McNair;4;Mike Epstein;0,9183
Eric McNair;5;Joe Battin;0,8905
Eric Milton;1;Don Carrithers;0,9767
Eric Milton;2;Scott Alexander;0,9712
Eric Milton;3;Charlie Maxwell;0,9695
Eric Milton;4;Marv Grissom;0,9462
Eric Milton;5;Don Robinson;0,9461
Eric Munson;1;Ken Reitz;0,9531
Eric Munson;2;Pinky Whitney;0,9423
Eric Munson;3;Carlos Carrasco;0,9277
Eric Munson;4;Balor Moore;0,9173
Eric Munson;5;Seth Smith;0,9037
Eric O'Flaherty;1;Brandon Kintzler;1,0
Eric O'Flaherty;2;Bob Patterson;1,0
Eric O'Flaherty;3;Mike Phillips;0,9984
Eric O'Flaherty;4;Wayne Gross;0,998
Eric O'Flaherty;5;Manuel Lee;0,987
Eric Owens;1;James Loney;0,9536
Eric Owens;2;Dale Berra;0,9298
Eric Owens;3;Pat Tabler;0,9214
Eric Owens;4;Joey Cora;0,9124
Eric Owens;5;Kevin Ritz;0,9073
Eric Plunk;1;Garth Iorg;0,9523
Eric Plunk;2;Preacher Roe;0,8924
Eric Plunk;3;Matt Adams;0,8795
Eric Plunk;4;Earl Torgeson;0,8594
Eric Plunk;5;Ron Hunt;0,8468
Eric Rasmussen;1;Van Mungo;0,9817
Eric Rasmussen;2;Stephen Vogt;0,9638
Eric Rasmussen;3;Dave Goltz;0,9447
Eric Rasmussen;4;Jimmie Schaffer;0,9439
Eric Rasmussen;5;Rip Repulski;0,934
Eric Show;1;Cal Abrams;0,956
Eric Show;2;Bucky Harris;0,9452
Eric Show;3;Dennis Springer;0,9452
Eric Show;4;Sandy Alcantara;0,941
Eric Show;5;Bob Davis;0,9403
Eric Soderholm;1;Jacob Barnes;0,9349
Eric Soderholm;2;Sean Newcomb;0,9336
Eric Soderholm;3;Pop Smith;0,925
Eric Soderholm;4;Cozy Dolan;0,9188
Eric Soderholm;5;Jose Oquendo;0,9114
Eric Sogard;1;Mack Jones;0,9544
Eric Sogard;2;Rich Rollins;0,8939
Eric Sogard;3;Daric Barton;0,8935
Eric Sogard;4;Josh Wilson;0,8908
Eric Sogard;5;Birdie Cree;0,8798
Eric Stults;1;Bart Johnson;0,9861
Eric Stults;2;Bud Daley;0,9772
Eric Stults;3;Mark Grace;0,9592
Eric Stults;4;Red Smith;0,9542
Eric Stults;5;Rick Ferrell;0,95
Eric Young;1;Jelly Gardner;0,9537
Eric Young;2;Bill Barrett;0,9433
Eric Young;3;Greg McMichael;0,9305
Eric Young;4;Chico Ruiz;0,9302
Eric Young;5;Tip O'Neill;0,9295
Erick Aybar;1;Dennis Springer;0,9666
Erick Aybar;2;Fatty Briody;0,9653
Erick Aybar;3;Sam Wise;0,9634
Erick Aybar;4;Kameron Loe;0,9624
Erick Aybar;5;Cal Abrams;0,9611
Erick Fedde;1;Rawly Eastwick;0,9998
Erick Fedde;2;Don Mason;0,9628
Erick Fedde;3;Scott Service;0,9593
Erick Fedde;4;Hal Jeffcoat;0,9575
Erick Fedde;5;Ben Grieve;0,9547
Erik Bedard;1;Josias Manzanillo;0,9819
Erik Bedard;2;Trevor Rosenthal;0,9682
Erik Bedard;3;Doc Crandall;0,9474
Erik Bedard;4;Jeanmar Gomez;0,9462
Erik Bedard;5;Rick Schu;0,9446
Erik Hanson;1;Shane Victorino;0,923
Erik Hanson;2;Eric Davis;0,8931
Erik Hanson;3;Rowland Office;0,8796
Erik Hanson;4;Willie Hernandez;0,8694
Erik Hanson;5;John Curtis;0,8634
Erik Kratz;1;Tex Hughson;0,9735
Erik Kratz;2;Dave Dravecky;0,966
Erik Kratz;3;Bobby Parnell;0,959
Erik Kratz;4;Randy Myers;0,9584
Erik Kratz;5;Mark Johnson;0,9559
Ernest Gatewood;1;Thurman Tucker;0,9601
Ernest Gatewood;2;Rich Becker;0,9491
Ernest Gatewood;3;Jim Corsi;0,9404
Ernest Gatewood;4;Fatty Briody;0,9379
Ernest Gatewood;5;Benny Frey;0,9369
Ernie Banks;1;Wayne Nordhagen;0,8699
Ernie Banks;2;Fred Scherman;0,8651
Ernie Banks;3;Tommy Sampson;0,8626
Ernie Banks;4;Jason Kubel;0,8615
Ernie Banks;5;Clarence Williams;0,8602
Ernie Broglio;1;Barney McCosky;0,934
Ernie Broglio;2;Will Venable;0,9293
Ernie Broglio;3;Theodore Breitenstein;0,9114
Ernie Broglio;4;Hal Brown;0,9076
Ernie Broglio;5;Tom Haller;0,8902
Ernie Camacho;1;Buddy Carlyle;1,0
Ernie Camacho;2;Aaron Small;1,0
Ernie Camacho;3;Drew Storen;1,0
Ernie Camacho;4;David Robertson;1,0
Ernie Camacho;5;Anthony Swarzak;1,0
Ernie Johnson;1;Jimmy Haynes;0,9259
Ernie Johnson;2;Marvin Freeman;0,9164
Ernie Johnson;3;Darren Daulton;0,9164
Ernie Johnson;4;Tony Sipp;0,9098
Ernie Johnson;5;Joe Jimenez;0,8814
Ernie Krueger;1;Eddie Joost;0,9925
Ernie Krueger;2;George Mitterwald;0,9808
Ernie Krueger;3;Ryan Roberts;0,9625
Ernie Krueger;4;Bill North;0,9611
Ernie Krueger;5;Frank Duffy;0,9552
Ernie Lombardi;1;Aaron Loup;0,8943
Ernie Lombardi;2;Bert Haas;0,8872
Ernie Lombardi;3;Larry Woodall;0,8865
Ernie Lombardi;4;Irvin Brooks;0,8841
Ernie Lombardi;5;Jim Brower;0,8572
Ernie Orsatti;1;Melido Perez;0,9891
Ernie Orsatti;2;Mike Tauchman;0,9883
Ernie Orsatti;3;Nick Swisher;0,9868
Ernie Orsatti;4;Dave Bergman;0,9827
Ernie Orsatti;5;Elmer Myers;0,9824
Ernie Riles;1;Jack Barry;0,9072
Ernie Riles;2;Bill Phillips;0,8992
Ernie Riles;3;Blondie Purcell;0,8876
Ernie Riles;4;Reese McGuire;0,8856
Ernie Riles;5;Deion Sanders;0,8794
Ernie Whitt;1;Carl Scheib;0,8861
Ernie Whitt;2;Tyler Houston;0,8821
Ernie Whitt;3;Sam Leslie;0,874
Ernie Whitt;4;Jimmy Ford;0,8588
Ernie Whitt;5;Dean Stone;0,8447
Erskine Mayer;1;Roberto Kelly;0,9626
Erskine Mayer;2;Kevin Cash;0,9579
Erskine Mayer;3;Charles Earle;0,9553
Erskine Mayer;4;Yoan Moncada;0,9542
Erskine Mayer;5;Dick Green;0,9493
Erv Dusak;1;Mike Williams;0,9976
Erv Dusak;2;Sarge Connally;0,9892
Erv Dusak;3;Chris Gomez;0,984
Erv Dusak;4;Mariano Rivera;0,9816
Erv Dusak;5;Bill Evans;0,9744
Erv Palica;1;Rocky Nelson;0,957
Erv Palica;2;Bob Bailor;0,9286
Erv Palica;3;Esteban Loaiza;0,9146
Erv Palica;4;Wes Westrum;0,888
Erv Palica;5;Bobby Abreu;0,8815
Ervin Santana;1;John Lannan;0,9786
Ervin Santana;2;Gary Woods;0,9263
Ervin Santana;3;John Maine;0,9029
Ervin Santana;4;Jim Bagby;0,9
Ervin Santana;5;Steve Frey;0,8895
Esteban German;1;Chuck Dobson;0,9455
Esteban German;2;Mel Queen;0,9454
Esteban German;3;Bryse Wilson;0,9294
Esteban German;4;Elmer Riddle;0,9164
Esteban German;5;Brian Wilson;0,9162
Esteban Loaiza;1;Rocky Nelson;0,9533
Esteban Loaiza;2;Erv Palica;0,9146
Esteban Loaiza;3;Jack Hannahan;0,8517
Esteban Loaiza;4;Tyler Mahle;0,8302
Esteban Loaiza;5;Dillon Gee;0,8209
Esteban Yan;1;Joe Oliver;0,956
Esteban Yan;2;Roy K. Williams;0,9357
Esteban Yan;3;Joe Pepitone;0,9264
Esteban Yan;4;Ron Taylor;0,9259
Esteban Yan;5;Michael Tucker;0,9237
Ethan Allen;1;Jonathon Niese;0,9138
Ethan Allen;2;Ray Mack;0,9042
Ethan Allen;3;James McCann;0,9038
Ethan Allen;4;Jerry Johnson;0,8982
Ethan Allen;5;Dwight Smith;0,865
Eugene Bremer;1;B. J. Ryan;0,927
Eugene Bremer;2;Willie Blair;0,9125
Eugene Bremer;3;Bill Stein;0,9005
Eugene Bremer;4;Torey Lovullo;0,8922
Eugene Bremer;5;Ivy Andrews;0,8875
Eugenio Suarez;1;Ivan Calderon;0,8369
Eugenio Suarez;2;Charlie Reilly;0,8237
Eugenio Suarez;3;Pedro Severino;0,816
Eugenio Suarez;4;Joe Simpson;0,8125
Eugenio Suarez;5;Bill Melton;0,8039
Eustaquio Pedroso;1;Harry Salmon;0,9716
Eustaquio Pedroso;2;Matt Clement;0,9286
Eustaquio Pedroso;3;Jack Meyers;0,8883
Eustaquio Pedroso;4;Blix Donnelly;0,8815
Eustaquio Pedroso;5;Jacob Cruz;0,8596
Evan Longoria;1;Johnny Davis;0,9595
Evan Longoria;2;Brandon Duckworth;0,9435
Evan Longoria;3;Dallas Green;0,935
Evan Longoria;4;Al Ferrara;0,9339
Evan Longoria;5;Max Manning;0,9323
Everett Scott;1;Ryan Webb;0,8951
Everett Scott;2;A. J. Burnett;0,8889
Everett Scott;3;Nate Jones;0,8805
Everett Scott;4;George Zuverink;0,876
Everett Scott;5;Sammy Hale;0,868
Ewell Blackwell;1;George Culver;0,9774
Ewell Blackwell;2;Felix Jose;0,9608
Ewell Blackwell;3;Dion James;0,951
Ewell Blackwell;4;Lee Guetterman;0,9489
Ewell Blackwell;5;Luis Garcia;0,941
Ezra Sutton;1;Mark Reynolds;0,9682
Ezra Sutton;2;Bill White;0,9348
Ezra Sutton;3;Jeff Newman;0,934
Ezra Sutton;4;Don Mincher;0,9276
Ezra Sutton;5;Wil Cordero;0,9202
Farmer Vaughn;1;Aaron Sanchez;0,931
Farmer Vaughn;2;Mark Grudzielanek;0,8992
Farmer Vaughn;3;Lonnie Chisenhall;0,8949
Farmer Vaughn;4;Johnny Cueto;0,8945
Farmer Vaughn;5;Bryce Harper;0,8939
Fats Jenkins;1;John Kerr;0,9605
Fats Jenkins;2;Charlie Hargreaves;0,9402
Fats Jenkins;3;Chick Stahl;0,9324
Fats Jenkins;4;Mike Fitzgerald;0,9189
Fats Jenkins;5;Devin Mesoraco;0,9161
Fatty Briody;1;Rocky Bridges;0,9943
Fatty Briody;2;Tony Cuccinello;0,9943
Fatty Briody;3;Billy Martin;0,9933
Fatty Briody;4;Jose Valentin;0,9927
Fatty Briody;5;Adam Everett;0,9903
Faye Throneberry;1;Ron Herbel;0,9555
Faye Throneberry;2;Rob Refsnyder;0,9423
Faye Throneberry;3;Dickie Noles;0,9057
Faye Throneberry;4;David Howard;0,8776
Faye Throneberry;5;David Bell;0,8749
Felipe Alou;1;Brandon Phillips;0,9521
Felipe Alou;2;Goose Curry;0,9377
Felipe Alou;3;Lance Parrish;0,9363
Felipe Alou;4;Rafael Ortega;0,9241
Felipe Alou;5;Moe Drabowsky;0,9209
Felipe Lopez;1;Mickey Klutts;0,8985
Felipe Lopez;2;Eddie Burke;0,8975
Felipe Lopez;3;Nick Etten;0,877
Felipe Lopez;4;Amaury Telemaco;0,8766
Felipe Lopez;5;Jeff Kunkel;0,8595
Felipe Sierra;1;Mickey Doolin;0,9346
Felipe Sierra;2;George Toporcer;0,9298
Felipe Sierra;3;George Earnshaw;0,9228
Felipe Sierra;4;Colby Rasmus;0,9137
Felipe Sierra;5;Eddie Ainsmith;0,9026
Felix Evans;1;Kent Bottenfield;0,9814
Felix Evans;2;Babe Dahlgren;0,9792
Felix Evans;3;Matt Sinatro;0,9762
Felix Evans;4;Tim Mayza;0,9626
Felix Evans;5;Carlos Reyes;0,9626
Felix Fermin;1;Bill Henry;0,9669
Felix Fermin;2;Bill Hart;0,9384
Felix Fermin;3;Fernando Abad;0,932
Felix Fermin;4;Craig Stammen;0,9304
Felix Fermin;5;Randy Hundley;0,9295
Felix Heredia;1;Johnny Niggeling;0,9924
Felix Heredia;2;Steve McCatty;0,988
Felix Heredia;3;Jamey Carroll;0,9818
Felix Heredia;4;Jeimer Candelario;0,9806
Felix Heredia;5;Tommie Reynolds;0,9806
Felix Hernandez;1;Buster Haywood;0,9282
Felix Hernandez;2;Cecil Espy;0,9251
Felix Hernandez;3;Alex Cintron;0,923
Felix Hernandez;4;Joe Glenn;0,911
Felix Hernandez;5;Pat Putnam;0,9027
Felix Jose;1;Ewell Blackwell;0,9608
Felix Jose;2;George Culver;0,9538
Felix Jose;3;Lee Guetterman;0,9343
Felix Jose;4;Curtis Harris;0,9251
Felix Jose;5;Norm Miller;0,923
Felix Mantilla;1;Earl Grace;0,9548
Felix Mantilla;2;Jack Crooks;0,9352
Felix Mantilla;3;Dave Nilsson;0,9141
Felix Mantilla;4;Nick Martinez;0,9054
Felix Mantilla;5;Jeff Manto;0,8639
Felix Millan;1;Chuck Crim;0,9542
Felix Millan;2;Lon Knight;0,9217
Felix Millan;3;Ed Killian;0,9042
Felix Millan;4;Stu Martin;0,8873
Felix Millan;5;Owen Wilson;0,8673
Felix Rodriguez;1;Harold Treadwell;0,9557
Felix Rodriguez;2;Casey Fossum;0,9526
Felix Rodriguez;3;Terry Mathews;0,952
Felix Rodriguez;4;Vicente Palacios;0,9516
Felix Rodriguez;5;Shaun Marcum;0,9334
Felton Snow;1;Travis Lee;0,9642
Felton Snow;2;Andy Leonard;0,8625
Felton Snow;3;Luke Maile;0,8321
Felton Snow;4;Jim Rivera;0,82
Felton Snow;5;Ron Hunt;0,8164
Ferdie Schupp;1;Ron Karkovice;0,9653
Ferdie Schupp;2;Kevin Plawecki;0,9547
Ferdie Schupp;3;Ron Hodges;0,9424
Ferdie Schupp;4;Billy Sample;0,9335
Ferdie Schupp;5;Carlos Delgado;0,9301
Fergie Jenkins;1;Vinny Castilla;0,9228
Fergie Jenkins;2;Bert Haas;0,8817
Fergie Jenkins;3;Marcelino Guerra;0,8736
Fergie Jenkins;4;Duane Pillette;0,8479
Fergie Jenkins;5;Mike Young;0,8271
Fernando Abad;1;Brian Matusz;1,0
Fernando Abad;2;Alan Benes;1,0
Fernando Abad;3;Dennis Powell;1,0
Fernando Abad;4;Paul Gibson;1,0
Fernando Abad;5;Bert Gallia;0,9977
Fernando Rodney;1;Sandy Martinez;0,9345
Fernando Rodney;2;Dana Fillingim;0,9001
Fernando Rodney;3;Michael Wuertz;0,8991
Fernando Rodney;4;Patrick Gillespie;0,8891
Fernando Rodney;5;Freddy Peralta;0,8823
Fernando Salas;1;Will Harris;1,0
Fernando Salas;2;Eric Gunderson;1,0
Fernando Salas;3;Randy St. Claire;1,0
Fernando Salas;4;Stan Belinda;1,0
Fernando Salas;5;Pat Neshek;1,0
Fernando Tatis;1;Kaiser Wilhelm;0,939
Fernando Tatis;2;Con Daily;0,8825
Fernando Tatis;3;Paul Dean;0,8468
Fernando Tatis;4;Bill Joyce;0,8392
Fernando Tatis;5;Jimmy Dykes;0,8381
Fernando Valenzuela;1;Lee Stange;0,9453
Fernando Valenzuela;2;Travis Ishikawa;0,9202
Fernando Valenzuela;3;Fred Hofmann;0,91
Fernando Valenzuela;4;Richard Hidalgo;0,8978
Fernando Valenzuela;5;Daric Barton;0,8763
Fernando Vina;1;Chris Johnson;0,9227
Fernando Vina;2;Marty Perez;0,9158
Fernando Vina;3;Alex Ochoa;0,9077
Fernando Vina;4;Sam Zoldak;0,9015
Fernando Vina;5;Joe Battin;0,8985
Ferris Fain;1;Dick Whitworth;0,8923
Ferris Fain;2;Mike Cubbage;0,8743
Ferris Fain;3;Vic Saier;0,8732
Ferris Fain;4;Kris Bryant;0,8641
Ferris Fain;5;Jesse Winker;0,8554
Fielder Jones;1;Flash Miller;0,9457
Fielder Jones;2;John Knight;0,945
Fielder Jones;3;Ray Fisher;0,9277
Fielder Jones;4;Roy Henshaw;0,9011
Fielder Jones;5;Ed Killian;0,8978
Firpo Marberry;1;Willie Horton;0,9573
Firpo Marberry;2;Mike Garcia;0,956
Firpo Marberry;3;Bobby Adams;0,9556
Firpo Marberry;4;Jimmie Lyons;0,9244
Firpo Marberry;5;Rowdy Tellez;0,9236
Flash Miller;1;Bid McPhee;0,9733
Flash Miller;2;Jake Early;0,9703
Flash Miller;3;Fielder Jones;0,9457
Flash Miller;4;George Case;0,9357
Flash Miller;5;Roy Smalley;0,9293
Flint Rhem;1;Aaron Loup;0,8846
Flint Rhem;2;Brandon Moss;0,8783
Flint Rhem;3;Jack Hannahan;0,8761
Flint Rhem;4;John Beckwith;0,8735
Flint Rhem;5;Alexei Ramirez;0,865
Floyd Baker;1;William Binga;0,924
Floyd Baker;2;Barry Foote;0,9003
Floyd Baker;3;Charlie Gelbert;0,8908
Floyd Baker;4;Danny Santana;0,865
Floyd Baker;5;Roy Henshaw;0,8584
Floyd Bannister;1;Hal Lanier;0,9056
Floyd Bannister;2;Jon Berti;0,8965
Floyd Bannister;3;Danny Heep;0,8472
Floyd Bannister;4;Steve Swisher;0,8328
Floyd Bannister;5;Joe Nathan;0,8248
Floyd Robinson;1;Kyle Lohse;0,9445
Floyd Robinson;2;Ed Nunez;0,9389
Floyd Robinson;3;Clayton Kershaw;0,9261
Floyd Robinson;4;Socks Seybold;0,9236
Floyd Robinson;5;Max Fried;0,8956
Framber Valdez;1;Dennis Leonard;0,9733
Framber Valdez;2;Mike Aldrete;0,9556
Framber Valdez;3;Dizzy Dean;0,9537
Framber Valdez;4;Ray Knight;0,9465
Framber Valdez;5;Bob Forsch;0,928
Fran Healy;1;Duane Josephson;0,9477
Fran Healy;2;Jimmy Ring;0,9231
Fran Healy;3;Paul Splittorff;0,923
Fran Healy;4;Dick Fowler;0,9188
Fran Healy;5;Henry Spearman;0,9108
Francisco Cervelli;1;Cliff Fannin;0,9823
Francisco Cervelli;2;Paul Householder;0,9817
Francisco Cervelli;3;Earl Johnson;0,9729
Francisco Cervelli;4;Antonio Osuna;0,8741
Francisco Cervelli;5;Karim Garcia;0,8727
Francisco Cordero;1;Jim Ray;0,9998
Francisco Cordero;2;Steve Parris;0,9487
Francisco Cordero;3;Ken Kravec;0,9189
Francisco Cordero;4;Jose Gonzalez;0,9116
Francisco Cordero;5;Joe Green;0,9044
Francisco Lindor;1;Whitey Herzog;0,8912
Francisco Lindor;2;Bob Rush;0,854
Francisco Lindor;3;Lourdes Gurriel;0,852
Francisco Lindor;4;Harrison Bader;0,84
Francisco Lindor;5;Rafael Furcal;0,8275
Francisco Liriano;1;Joe Green;0,963
Francisco Liriano;2;Wesley Wright;0,9595
Francisco Liriano;3;Gary Ross;0,956
Francisco Liriano;4;Joey Hamilton;0,9519
Francisco Liriano;5;Bill James;0,9419
Francisco Rodriguez;1;Carl Edwards;0,9862
Francisco Rodriguez;2;Bobby Parnell;0,9836
Francisco Rodriguez;3;Paul Shuey;0,9728
Francisco Rodriguez;4;Guillermo Quiroz;0,9627
Francisco Rodriguez;5;Dave Dravecky;0,9414
Frank Baumann;1;Luis Aquino;0,9838
Frank Baumann;2;Wesley Wright;0,9823
Frank Baumann;3;Doug Clemens;0,9813
Frank Baumann;4;Carl Willis;0,9785
Frank Baumann;5;Juan Berenguer;0,9771
Frank Baumholtz;1;Alex Cobb;0,933
Frank Baumholtz;2;Pete Coscarart;0,9197
Frank Baumholtz;3;Elrod Hendricks;0,8685
Frank Baumholtz;4;Steve Sundra;0,8672
Frank Baumholtz;5;Jerry May;0,859
Frank Bolling;1;Roy Henshaw;0,9368
Frank Bolling;2;Flash Miller;0,9226
Frank Bolling;3;Stu Martin;0,9186
Frank Bolling;4;Jake Early;0,9178
Frank Bolling;5;Jorge Velandia;0,9148
Frank Bowerman;1;Benny Kauff;0,9155
Frank Bowerman;2;Jack Hannahan;0,9076
Frank Bowerman;3;Dan Ford;0,8696
Frank Bowerman;4;Mike Andrews;0,8572
Frank Bowerman;5;Lee Walls;0,8548
Frank Castillo;1;Todd Williams;0,98
Frank Castillo;2;Frankie Montas;0,9778
Frank Castillo;3;Buddy Carlyle;0,9767
Frank Castillo;4;Jorge Sosa;0,9767
Frank Castillo;5;Aaron Small;0,9767
Frank Catalanotto;1;Glendon Rusch;0,9035
Frank Catalanotto;2;Shawn Chacon;0,901
Frank Catalanotto;3;Tony Piet;0,8774
Frank Catalanotto;4;Mark Redman;0,8497
Frank Catalanotto;5;Tom Browning;0,8461
Frank Chance;1;Pete Runnels;0,9608
Frank Chance;2;Andrew Romine;0,9422
Frank Chance;3;Robert Person;0,9298
Frank Chance;4;Ed Killian;0,9282
Frank Chance;5;Henry Larkin;0,9257
Frank Demaree;1;Bill Drake;0,9581
Frank Demaree;2;Alex Ochoa;0,9312
Frank Demaree;3;Win Mercer;0,9219
Frank Demaree;4;Connie Mack;0,9196
Frank Demaree;5;Olmedo Saenz;0,9187
Frank DiPino;1;Marcelino Lopez;0,9851
Frank DiPino;2;Jerome Williams;0,9778
Frank DiPino;3;Danny Duffy;0,9577
Frank DiPino;4;Bob Turley;0,9378
Frank DiPino;5;Pete Broberg;0,9348
Frank Duffy;1;Ernie Krueger;0,9552
Frank Duffy;2;Ronny Cedeno;0,9266
Frank Duffy;3;Wayne Tolleson;0,9219
Frank Duffy;4;Billy Gardner;0,9053
Frank Duffy;5;Moises Alou;0,8995
Frank Duncan;1;Pete Incaviglia;0,9192
Frank Duncan;2;Dansby Swanson;0,9122
Frank Duncan;3;Raymond Taylor;0,9064
Frank Duncan;4;Ted Strong;0,883
Frank Duncan;5;Jerry Zimmerman;0,8692
Frank Dwyer;1;Robert Person;0,9263
Frank Dwyer;2;Buck Weaver;0,9057
Frank Dwyer;3;Bill Schroeder;0,8797
Frank Dwyer;4;Henry Larkin;0,8735
Frank Dwyer;5;Phil Douglas;0,8719
Frank Foreman;1;Thad Christopher;0,9331
Frank Foreman;2;Sam Trott;0,8951
Frank Foreman;3;Tubby Spencer;0,8811
Frank Foreman;4;Doug Corbett;0,8668
Frank Foreman;5;Fritz Coumbe;0,8616
Frank Francisco;1;Ron Schueler;0,9765
Frank Francisco;2;Don Gutteridge;0,9478
Frank Francisco;3;Ken Hill;0,9444
Frank Francisco;4;Mike LaCoss;0,9322
Frank Francisco;5;Percy Jones;0,9218
Frank Gibson;1;Charlie Grant;0,958
Frank Gibson;2;Al Milnar;0,9555
Frank Gibson;3;Bob Groom;0,9453
Frank Gibson;4;Rowdy Tellez;0,9388
Frank Gibson;5;Tony Clark;0,9378
Frank Hankinson;1;Andres Blanco;0,8637
Frank Hankinson;2;James Mouton;0,8623
Frank Hankinson;3;Wayne Granger;0,8443
Frank Hankinson;4;Mike Kingery;0,8387
Frank Hankinson;5;Bobby Witt;0,8023
Frank House;1;Jack Phillips;0,9482
Frank House;2;Scott Bradley;0,9473
Frank House;3;Dave Wickersham;0,9417
Frank House;4;Kole Calhoun;0,9361
Frank House;5;Carlos Torres;0,9356
Frank Howard;1;Marcelino Lopez;0,8986
Frank Howard;2;Bill Voss;0,8976
Frank Howard;3;Casey Blake;0,8958
Frank Howard;4;Wayne Kirby;0,8866
Frank Howard;5;Mark Petkovsek;0,8787
Frank Isbell;1;Roy Smith;0,9835
Frank Isbell;2;Mark Carreon;0,9802
Frank Isbell;3;Kitty Bransfield;0,9799
Frank Isbell;4;Austin Hays;0,9791
Frank Isbell;5;John Ward;0,9752
Frank Killen;1;Billy Hitchcock;0,8785
Frank Killen;2;Rick Camp;0,835
Frank Killen;3;Andy Messersmith;0,8302
Frank Killen;4;Doc Ayers;0,8218
Frank Killen;5;Joe Garagiola;0,8168
Frank Kitson;1;Carlos Estevez;0,9503
Frank Kitson;2;Neftali Feliz;0,9137
Frank Kitson;3;Sandy Koufax;0,8888
Frank Kitson;4;Tom Martin;0,8874
Frank Kitson;5;Bud Daley;0,8791
Frank LaCorte;1;Bill Harbridge;0,9078
Frank LaCorte;2;Andrew Kittredge;0,9038
Frank LaCorte;3;Marty Cordova;0,8855
Frank LaCorte;4;Steve Hamilton;0,8778
Frank LaCorte;5;David West;0,8687
Frank LaPorte;1;Marcus Semien;0,9465
Frank LaPorte;2;Tommy Helms;0,9392
Frank LaPorte;3;Eddie Foster;0,939
Frank LaPorte;4;Steve Garvey;0,9288
Frank LaPorte;5;Buck Herzog;0,9261
Frank Lary;1;Dave Otto;0,9481
Frank Lary;2;Ryne Duren;0,9438
Frank Lary;3;Phenomenal Smith;0,938
Frank Lary;4;David Huff;0,9273
Frank Lary;5;Alex Diaz;0,9195
Frank Linzy;1;Chuck Taylor;0,9999
Frank Linzy;2;Conor Gillaspie;0,9291
Frank Linzy;3;Matt Thornton;0,9204
Frank Linzy;4;Robb Quinlan;0,9203
Frank Linzy;5;Josh Johnson;0,9192
Frank Malzone;1;Ken McMullen;0,925
Frank Malzone;2;Win Mercer;0,8666
Frank Malzone;3;Miguel Olivo;0,8608
Frank Malzone;4;Joe Battin;0,8603
Frank Malzone;5;Mike Epstein;0,8599
Frank McCormick;1;Will Cunnane;0,9993
Frank McCormick;2;Ryan Weber;0,9993
Frank McCormick;3;Jeremy Accardo;0,9993
Frank McCormick;4;Pat Clements;0,9993
Frank McCormick;5;Wally Roettger;0,9993
Frank O'Rourke;1;Dave Hamilton;0,9334
Frank O'Rourke;2;General Crowder;0,9011
Frank O'Rourke;3;Jake Flowers;0,8992
Frank O'Rourke;4;Benji Gil;0,8923
Frank O'Rourke;5;Antonio Senzatela;0,8739
Frank Owen;1;Tanner Roark;0,9898
Frank Owen;2;Willie Kirkland;0,9486
Frank Owen;3;Glenn Hoffman;0,9471
Frank Owen;4;Morrie Martin;0,9382
Frank Owen;5;Harry Steinfeldt;0,9312
Frank Pastore;1;Antonio Alfonseca;0,9782
Frank Pastore;2;Jose Valverde;0,9243
Frank Pastore;3;Ed Figueroa;0,9231
Frank Pastore;4;Bill Henry;0,9231
Frank Pastore;5;Bob Oliver;0,9196
Frank Robinson;1;Stan Coveleski;0,9345
Frank Robinson;2;Levi Meyerle;0,9001
Frank Robinson;3;Charley Bassett;0,8873
Frank Robinson;4;Travis Wood;0,8835
Frank Robinson;5;George Pinkney;0,8794
Frank Scheibeck;1;Bobby Locke;0,9993
Frank Scheibeck;2;Rob Brantly;0,9985
Frank Scheibeck;3;Willie Jones;0,9874
Frank Scheibeck;4;B. J. Upton;0,9845
Frank Scheibeck;5;Joe Astroth;0,9836
Frank Schulte;1;Roman Mejias;0,9117
Frank Schulte;2;Nate Colbert;0,8873
Frank Schulte;3;George Smith;0,8771
Frank Schulte;4;Jim Beauchamp;0,8741
Frank Schulte;5;Devin Mesoraco;0,8699
Frank Shugart;1;Willie Mitchell;0,9683
Frank Shugart;2;Rick Porcello;0,8948
Frank Shugart;3;Bill Monroe;0,8884
Frank Shugart;4;Phil Cockrell;0,8809
Frank Shugart;5;Kevin Pillar;0,8705
Frank Smith;1;Kyle Freeland;0,8706
Frank Smith;2;John Cason;0,8406
Frank Smith;3;Levi Meyerle;0,8361
Frank Smith;4;Bob Shirley;0,8328
Frank Smith;5;Luke Scott;0,8192
Frank Snyder;1;Nippy Jones;0,9725
Frank Snyder;2;Ed Swartwood;0,9667
Frank Snyder;3;Jason Michaels;0,9657
Frank Snyder;4;Horace Clarke;0,965
Frank Snyder;5;Jeimer Candelario;0,9604
Frank Sullivan;1;Wilmer Difo;0,9679
Frank Sullivan;2;Oil Can Boyd;0,953
Frank Sullivan;3;Bob Klinger;0,9418
Frank Sullivan;4;Glen Hobbie;0,9371
Frank Sullivan;5;Mackey Sasser;0,9259
Frank Tanana;1;Mike Smithson;0,9092
Frank Tanana;2;Trevor Rosenthal;0,9003
Frank Tanana;3;Glen Hobbie;0,8925
Frank Tanana;4;Earl Caldwell;0,8862
Frank Tanana;5;Mark Johnson;0,8856
Frank Taveras;1;Bill Hutchison;0,9658
Frank Taveras;2;Vic Harris;0,9536
Frank Taveras;3;Burgess Whitehead;0,9231
Frank Taveras;4;Paul Lo Duca;0,9024
Frank Taveras;5;Tino Martinez;0,8959
Frank Thomas;1;Dan Straily;0,9255
Frank Thomas;2;Hanser Alberto;0,925
Frank Thomas;3;Pat Putnam;0,922
Frank Thomas;4;Cecil Espy;0,9106
Frank Thomas;5;Garrett Cooper;0,8924
Frank Viola;1;Mike Donlin;0,877
Frank Viola;2;Andy Fox;0,8709
Frank Viola;3;Bill Brubaker;0,8649
Frank Viola;4;Rollie Zeider;0,8554
Frank Viola;5;Rich Morales;0,8417
Frank Warfield;1;Brad Fullmer;0,9562
Frank Warfield;2;Brad Wilkerson;0,9529
Frank Warfield;3;Stu Martin;0,9526
Frank Warfield;4;Claude Ritchey;0,9522
Frank Warfield;5;George Whitted;0,9501
Frank Welch;1;Tom Needham;0,9533
Frank Welch;2;Charles Zimmer;0,9491
Frank Welch;3;Whitey Witt;0,9431
Frank Welch;4;George Decker;0,9304
Frank Welch;5;Eddie Pellagrini;0,9268
Frank White;1;Ray Morgan;0,9642
Frank White;2;Dansby Swanson;0,9575
Frank White;3;Jim Lemon;0,9508
Frank White;4;Jack Hiatt;0,949
Frank White;5;George Decker;0,9452
Frank Wickware;1;Art Wilson;0,9148
Frank Wickware;2;Hal Wagner;0,9127
Frank Wickware;3;Jerry DaVanon;0,9088
Frank Wickware;4;Elrod Hendricks;0,8953
Frank Wickware;5;Billy Ripken;0,8878
Frank Wills;1;Billy McKinney;0,9876
Frank Wills;2;Mike Scott;0,9823
Frank Wills;3;Billy Cox;0,9665
Frank Wills;4;Damaso Garcia;0,9575
Frank Wills;5;Scott Rolen;0,9563
Frankie Crosetti;1;Bill Sudakis;0,8652
Frankie Crosetti;2;Stu Martin;0,8488
Frankie Crosetti;3;Buck Crouse;0,8367
Frankie Crosetti;4;Ender Inciarte;0,8337
Frankie Crosetti;5;Jorge Cantu;0,8334
Frankie Frisch;1;Nick Masset;0,952
Frankie Frisch;2;Earl Caldwell;0,9369
Frankie Frisch;3;Marvin Benard;0,925
Frankie Frisch;4;Doug Sisk;0,9107
Frankie Frisch;5;Torey Lovullo;0,9055
Frankie Gustine;1;Garrett Hampson;0,9738
Frankie Gustine;2;Mitch Garver;0,9632
Frankie Gustine;3;Babe Pinelli;0,9501
Frankie Gustine;4;Ralph Garr;0,9493
Frankie Gustine;5;Gene Robertson;0,9449
Frankie Hayes;1;Nippy Jones;0,9961
Frankie Hayes;2;Morgan Ensberg;0,9886
Frankie Hayes;3;Tyler Glasnow;0,9869
Frankie Hayes;4;Ed Swartwood;0,9832
Frankie Hayes;5;Jeimer Candelario;0,9828
Frankie Montas;1;Todd Williams;0,9906
Frankie Montas;2;Lance Painter;0,9883
Frankie Montas;3;Drew Storen;0,9875
Frankie Montas;4;Jonathan Loaisiga;0,9875
Frankie Montas;5;Aaron Small;0,9875
Frankie Pytlak;1;Al Nixon;0,9518
Frankie Pytlak;2;Bill Lohrman;0,9479
Frankie Pytlak;3;Glen Perkins;0,8882
Frankie Pytlak;4;Mike Felder;0,8812
Frankie Pytlak;5;Joe Christopher;0,8747
Franklin Gutierrez;1;Lindy McDaniel;0,9407
Franklin Gutierrez;2;Jacob Stallings;0,9405
Franklin Gutierrez;3;Steve Parris;0,9288
Franklin Gutierrez;4;Wesley Wright;0,9201
Franklin Gutierrez;5;Marty Perez;0,9132
Franklin Morales;1;Edgar Gonzalez;0,9463
Franklin Morales;2;Ryan Madson;0,9425
Franklin Morales;3;Bob Scanlan;0,9414
Franklin Morales;4;Ken Phelps;0,9401
Franklin Morales;5;Paul Assenmacher;0,9394
Franklin Stubbs;1;Ross Ohlendorf;0,9398
Franklin Stubbs;2;Mike Jeffcoat;0,9339
Franklin Stubbs;3;Craig McMurtry;0,9192
Franklin Stubbs;4;Walt Weiss;0,9149
Franklin Stubbs;5;Armando Marsans;0,8923
Fred Bankhead;1;Joe Torre;0,9261
Fred Bankhead;2;Danny Litwhiler;0,9093
Fred Bankhead;3;Gavvy Cravath;0,9039
Fred Bankhead;4;Johnny Lipon;0,8971
Fred Bankhead;5;Dave LaPoint;0,8877
Fred Brickell;1;So Taguchi;0,9551
Fred Brickell;2;Jake Wade;0,9549
Fred Brickell;3;Tim Salmon;0,943
Fred Brickell;4;Nip Winters;0,9342
Fred Brickell;5;Dane Iorg;0,9256
Fred Carisch;1;Chris Davis;0,9578
Fred Carisch;2;Steve Lyons;0,9331
Fred Carisch;3;Dave Mlicki;0,9314
Fred Carisch;4;Pete Falcone;0,9211
Fred Carisch;5;Stan Williams;0,9156
Fred Carroll;1;Donovan Solano;0,9556
Fred Carroll;2;Kurt Suzuki;0,9338
Fred Carroll;3;Hobie Landrith;0,9286
Fred Carroll;4;Joe Saunders;0,9046
Fred Carroll;5;Calvin Schiraldi;0,8972
Fred Clarke;1;Tex Clevenger;0,9795
Fred Clarke;2;Ed Killian;0,9409
Fred Clarke;3;Bill Cissell;0,9377
Fred Clarke;4;Art Shamsky;0,9374
Fred Clarke;5;Chris Heisey;0,9366
Fred Dunlap;1;Kris Benson;0,9323
Fred Dunlap;2;John Parrish;0,9165
Fred Dunlap;3;Bill McClellan;0,9118
Fred Dunlap;4;Joe Price;0,9082
Fred Dunlap;5;George Toporcer;0,8899
Fred Frankhouse;1;Kevin Cash;0,9791
Fred Frankhouse;2;Mark Mulder;0,9503
Fred Frankhouse;3;Erskine Mayer;0,9447
Fred Frankhouse;4;Melido Perez;0,9424
Fred Frankhouse;5;Hunter Renfroe;0,9382
Fred Gladding;1;John Kerr;0,9575
Fred Gladding;2;Ed Doheny;0,9523
Fred Gladding;3;Chick Stahl;0,9509
Fred Gladding;4;Charlie Hargreaves;0,9478
Fred Gladding;5;Carlos Hernandez;0,9335
Fred Hatfield;1;Whitey Kurowski;0,9656
Fred Hatfield;2;Mickey McDermott;0,9285
Fred Hatfield;3;Jesse Haines;0,9272
Fred Hatfield;4;Hal Woodeshick;0,9231
Fred Hatfield;5;Ruppert Jones;0,9123
Fred Heimach;1;Wade Miller;0,9811
Fred Heimach;2;Fred Talbot;0,9472
Fred Heimach;3;Torey Lovullo;0,912
Fred Heimach;4;Marvin Benard;0,8959
Fred Heimach;5;Dave Bush;0,8915
Fred Hofmann;1;Bill Yancey;0,9557
Fred Hofmann;2;Johnny Evers;0,9404
Fred Hofmann;3;Larry Milbourne;0,9328
Fred Hofmann;4;Terry Francona;0,9308
Fred Hofmann;5;Dan Haren;0,9154
Fred Hutchinson;1;Steve Frey;0,9303
Fred Hutchinson;2;Trevor Rosenthal;0,914
Fred Hutchinson;3;Luis Rivas;0,9113
Fred Hutchinson;4;Trevor Richards;0,9076
Fred Hutchinson;5;Kenta Maeda;0,9054
Fred Jacklitsch;1;Lerrin LaGrow;0,9125
Fred Jacklitsch;2;Dana Fillingim;0,9077
Fred Jacklitsch;3;Jose Alvarado;0,8955
Fred Jacklitsch;4;Mark Salas;0,8923
Fred Jacklitsch;5;Ron Schueler;0,8667
Fred Kendall;1;Jonathon Niese;0,9208
Fred Kendall;2;Randy Hundley;0,917
Fred Kendall;3;Charles Johnson;0,9131
Fred Kendall;4;Jake Odorizzi;0,9096
Fred Kendall;5;Dwight Smith;0,904
Fred Luderus;1;Bill Coughlin;0,977
Fred Luderus;2;Cito Gaston;0,9743
Fred Luderus;3;Jerry Hairston;0,9646
Fred Luderus;4;Carlos Hernandez;0,9572
Fred Luderus;5;Hunter Renfroe;0,9571
Fred Lynn;1;Fred Snodgrass;0,8753
Fred Lynn;2;Doc Sykes;0,8684
Fred Lynn;3;Tom Parker;0,8441
Fred Lynn;4;Hal Woodeshick;0,8376
Fred Lynn;5;Duke Cleveland;0,8107
Fred Manrique;1;Milt Thompson;0,9306
Fred Manrique;2;Jose Pagan;0,9215
Fred Manrique;3;Jose Uribe;0,9068
Fred Manrique;4;Gary Varsho;0,9029
Fred Manrique;5;Syl Johnson;0,9009
Fred McGriff;1;Steve Dillard;0,9264
Fred McGriff;2;Billy Sample;0,9169
Fred McGriff;3;Jolbert Cabrera;0,9152
Fred McGriff;4;Wallace Johnson;0,9077
Fred McGriff;5;Chris Jones;0,8771
Fred Merkle;1;Garrett Atkins;0,9555
Fred Merkle;2;Charlie Hargreaves;0,9523
Fred Merkle;3;Eric Haase;0,9507
Fred Merkle;4;John Kerr;0,939
Fred Merkle;5;Ownie Carroll;0,938
Fred Norman;1;Freddy Peralta;0,9102
Fred Norman;2;Stan Spence;0,9053
Fred Norman;3;Lance Richbourg;0,9044
Fred Norman;4;Dan Kennard;0,9023
Fred Norman;5;Lefty Weinert;0,8816
Fred Pfeffer;1;Bill Bradley;0,9611
Fred Pfeffer;2;John Reilly;0,9534
Fred Pfeffer;3;Chuck Crim;0,9452
Fred Pfeffer;4;Norm Siebern;0,9368
Fred Pfeffer;5;Ed Killian;0,9241
Fred Scherman;1;Adam Rosales;0,961
Fred Scherman;2;Brian Williams;0,9523
Fred Scherman;3;Jay Witasick;0,9496
Fred Scherman;4;Aaron Rowand;0,9305
Fred Scherman;5;Bob Purkey;0,9273
Fred Schulte;1;Mike Guerra;0,9892
Fred Schulte;2;Willy Miranda;0,9757
Fred Schulte;3;Ehire Adrianza;0,9756
Fred Schulte;4;Willie Upshaw;0,971
Fred Schulte;5;Damon Berryhill;0,9701
Fred Snodgrass;1;Steve Cishek;0,9469
Fred Snodgrass;2;Tim Wakefield;0,9228
Fred Snodgrass;3;Ernie Krueger;0,9132
Fred Snodgrass;4;Josh Wilson;0,9022
Fred Snodgrass;5;Eddie Joost;0,9009
Fred Stanley;1;Eddie Moore;0,9314
Fred Stanley;2;Eric Haase;0,9191
Fred Stanley;3;Gordon Rhodes;0,9084
Fred Stanley;4;Jack Pfiester;0,8854
Fred Stanley;5;Barney Gilligan;0,8489
Fred Talbot;1;Torey Lovullo;0,9804
Fred Talbot;2;Fred Heimach;0,9472
Fred Talbot;3;Bernie Neis;0,9238
Fred Talbot;4;Curt Young;0,9191
Fred Talbot;5;Dave Eggler;0,9106
Fred Tenney;1;Pete O'Brien;0,9912
Fred Tenney;2;Charlie Grimm;0,9806
Fred Tenney;3;Tyler Glasnow;0,977
Fred Tenney;4;John Grim;0,9756
Fred Tenney;5;Brad Fullmer;0,9717
Fred Toney;1;Charlie Williams;0,9528
Fred Toney;2;Bob Watson;0,9518
Fred Toney;3;Bert Gallia;0,9134
Fred Toney;4;Carl Willis;0,904
Fred Toney;5;Damaso Garcia;0,9031
Fred Whitfield;1;Tim Burke;0,9803
Fred Whitfield;2;Scott Eyre;0,9291
Fred Whitfield;3;Rich Harden;0,9197
Fred Whitfield;4;Andy Porter;0,893
Fred Whitfield;5;Emery Adams;0,8879
Freddie Fitzsimmons;1;Tim Hendryx;0,91
Freddie Fitzsimmons;2;Ramiro Ramírez;0,8652
Freddie Fitzsimmons;3;Horacio Pina;0,8504
Freddie Fitzsimmons;4;Austin Barnes;0,8502
Freddie Fitzsimmons;5;Jesse Jefferson;0,8501
Freddie Freeman;1;Gene Clines;0,9509
Freddie Freeman;2;Chris Herrmann;0,8863
Freddie Freeman;3;Art Houtteman;0,8744
Freddie Freeman;4;Roxy Walters;0,8737
Freddie Freeman;5;Steve Jeltz;0,8679
Freddie Lindstrom;1;Johnny Niggeling;0,9501
Freddie Lindstrom;2;Felix Heredia;0,9282
Freddie Lindstrom;3;Jimmy Bloodworth;0,925
Freddie Lindstrom;4;Bennie Daniels;0,924
Freddie Lindstrom;5;Ira Thomas;0,9233
Freddie Patek;1;Ernie Krueger;0,922
Freddie Patek;2;Sheldon Jones;0,9108
Freddie Patek;3;Doc Gessler;0,899
Freddie Patek;4;Ryan Roberts;0,8836
Freddie Patek;5;Steve Dillard;0,8735
Freddy Galvis;1;Steve Sparks;0,9293
Freddy Galvis;2;Shawn Chacon;0,9287
Freddy Galvis;3;Ron Darling;0,9175
Freddy Galvis;4;Turk Lown;0,9041
Freddy Galvis;5;Omar Olivares;0,8975
Freddy Garcia;1;Elmer Knetzer;0,9389
Freddy Garcia;2;Ricky Ledee;0,9236
Freddy Garcia;3;Will Jackson;0,9188
Freddy Garcia;4;Fritz Buelow;0,9177
Freddy Garcia;5;Michael Pineda;0,8944
Freddy Leach;1;Gorman Thomas;0,9487
Freddy Leach;2;Chad Tracy;0,9341
Freddy Leach;3;Dink Mothell;0,9141
Freddy Leach;4;Tim McCarver;0,9134
Freddy Leach;5;Sandy Koufax;0,9028
Freddy Parent;1;Garrett Hampson;0,967
Freddy Parent;2;Ray Morgan;0,9595
Freddy Parent;3;Horace Clarke;0,9589
Freddy Parent;4;Gene Robertson;0,9526
Freddy Parent;5;Byron Browne;0,9516
Freddy Peralta;1;Ross Detwiler;0,9939
Freddy Peralta;2;Doug Bird;0,9934
Freddy Peralta;3;Mike Trombley;0,9908
Freddy Peralta;4;Rick Auerbach;0,9884
Freddy Peralta;5;Johnny Groth;0,9837
Freddy Sanchez;1;Willie Crawford;0,9778
Freddy Sanchez;2;Rex Hudler;0,9727
Freddy Sanchez;3;Noe Ramirez;0,9716
Freddy Sanchez;4;Johnny Groth;0,9704
Freddy Sanchez;5;Rich Garces;0,9703
Frenchy Bordagaray;1;Valentín Dreke;0,9501
Frenchy Bordagaray;2;Scott Kazmir;0,9205
Frenchy Bordagaray;3;Mike Mohler;0,8825
Frenchy Bordagaray;4;Kevin Frandsen;0,8786
Frenchy Bordagaray;5;Jerry Terrell;0,8481
Fritz Buelow;1;Albie Lopez;0,9596
Fritz Buelow;2;Billy McKinney;0,9419
Fritz Buelow;3;Benny Ayala;0,9401
Fritz Buelow;4;Ricky Ledee;0,9382
Fritz Buelow;5;Damaso Garcia;0,9321
Fritz Coumbe;1;Wayne Carr;0,9482
Fritz Coumbe;2;Jeff Huson;0,9329
Fritz Coumbe;3;Nick Hundley;0,9139
Fritz Coumbe;4;William Binga;0,8936
Fritz Coumbe;5;Barry Foote;0,8861
Fritz Dorish;1;Bill Hinchman;0,9751
Fritz Dorish;2;Don Buford;0,9569
Fritz Dorish;3;Steven Souza;0,9353
Fritz Dorish;4;Ray Dandridge;0,9315
Fritz Dorish;5;Bobby Estalella;0,9302
Fritz Ostermueller;1;George Stone;0,9143
Fritz Ostermueller;2;Jose Gonzalez;0,8893
Fritz Ostermueller;3;Billy Sample;0,8841
Fritz Ostermueller;4;Mahlon Duckett;0,8713
Fritz Ostermueller;5;Fran Healy;0,8679
Fritz Peterson;1;Pedro Florimon;0,9209
Fritz Peterson;2;John Vukovich;0,9129
Fritz Peterson;3;Orator Shafer;0,9069
Fritz Peterson;4;Tony Clark;0,9019
Fritz Peterson;5;Lance McCullers;0,8902
Gabby Hartnett;1;Chick Shorten;0,9292
Gabby Hartnett;2;Steve Sundra;0,9224
Gabby Hartnett;3;Patsy Gharrity;0,9025
Gabby Hartnett;4;Tom Cheney;0,8689
Gabby Hartnett;5;Jim Scott;0,858
Gabby Street;1;Charlie Bastian;0,9382
Gabby Street;2;Sherry Smith;0,9059
Gabby Street;3;Jimmy Collins;0,8979
Gabby Street;4;Bill Pecota;0,8929
Gabby Street;5;Stephen Drew;0,8866
Gabe Kapler;1;Bill Bayne;0,9685
Gabe Kapler;2;Jack Warhop;0,9231
Gabe Kapler;3;Ross Ohlendorf;0,8951
Gabe Kapler;4;Kenley Jansen;0,89
Gabe Kapler;5;Seth Lugo;0,8893
Gabe White;1;Will Harris;1,0
Gabe White;2;Randy St. Claire;1,0
Gabe White;3;Fernando Salas;1,0
Gabe White;4;Eric Gunderson;1,0
Gabe White;5;John Habyan;1,0
Garland Braxton;1;Paul DeJong;0,9246
Garland Braxton;2;Phenomenal Smith;0,9191
Garland Braxton;3;Scott Stratton;0,9032
Garland Braxton;4;Kurt Stillwell;0,8868
Garland Braxton;5;Pat Malone;0,8396
Garret Anderson;1;Luis Melendez;0,9355
Garret Anderson;2;Tanner Scott;0,9217
Garret Anderson;3;Derek Dietrich;0,9088
Garret Anderson;4;Earl Williams;0,8921
Garret Anderson;5;Lou Collier;0,8847
Garrett Atkins;1;Keith Hernandez;0,9866
Garrett Atkins;2;Derek Bell;0,9774
Garrett Atkins;3;Wayne Causey;0,9756
Garrett Atkins;4;Mel Ott;0,9736
Garrett Atkins;5;Bob Davis;0,9723
Garrett Cooper;1;Jerry Koosman;0,9689
Garrett Cooper;2;Phil Marchildon;0,9375
Garrett Cooper;3;Javier Vazquez;0,9264
Garrett Cooper;4;Mike Benjamin;0,9181
Garrett Cooper;5;Tim Belcher;0,918
Garrett Hampson;1;Hans Lobert;0,988
Garrett Hampson;2;Steve Gromek;0,984
Garrett Hampson;3;Sherry Magee;0,9748
Garrett Hampson;4;Gene Robertson;0,9746
Garrett Hampson;5;Frankie Gustine;0,9738
Garrett Jones;1;Nate Schierholtz;0,9644
Garrett Jones;2;Mike Leake;0,9025
Garrett Jones;3;Kyle Davies;0,8961
Garrett Jones;4;George Hendrick;0,8951
Garrett Jones;5;Rap Dixon;0,8864
Garrett Richards;1;Travis d'Arnaud;0,9045
Garrett Richards;2;Midre Cummings;0,8953
Garrett Richards;3;Clay Holmes;0,8934
Garrett Richards;4;Clarence Palm;0,8706
Garrett Richards;5;Chad Gaudin;0,8655
Garry Maddox;1;Ed Figueroa;0,8742
Garry Maddox;2;Damon Buford;0,8477
Garry Maddox;3;Harry Kincannon;0,8338
Garry Maddox;4;Bobby Castillo;0,8305
Garry Maddox;5;Bob Bruce;0,8303
Garry Templeton;1;Tom Johnson;0,991
Garry Templeton;2;Joe Collins;0,9862
Garry Templeton;3;Will Cunnane;0,9814
Garry Templeton;4;Ryan Weber;0,9814
Garry Templeton;5;Jeremy Accardo;0,9814
Garth Iorg;1;Eric Plunk;0,9523
Garth Iorg;2;Angel Pagan;0,9081
Garth Iorg;3;Preacher Roe;0,8833
Garth Iorg;4;Don Larsen;0,8569
Garth Iorg;5;Don Mueller;0,8271
Gary Bell;1;Lew McCarty;0,9797
Gary Bell;2;Pearl Webster;0,9118
Gary Bell;3;Bobby Brown;0,8848
Gary Bell;4;John Jaha;0,877
Gary Bell;5;Zack Wheeler;0,874
Gary Bennett;1;Robb Quinlan;0,9441
Gary Bennett;2;Adrian Houser;0,9386
Gary Bennett;3;Shane Bieber;0,9357
Gary Bennett;4;Tim Mayza;0,9344
Gary Bennett;5;Carlos Reyes;0,9344
Gary Carter;1;Al Newman;0,9548
Gary Carter;2;Billy Sample;0,9249
Gary Carter;3;Raimel Tapia;0,9206
Gary Carter;4;Nick Martinez;0,9194
Gary Carter;5;Roy Cullenbine;0,9131
Gary Disarcina;1;Johnny Burnett;0,9295
Gary Disarcina;2;Dave McKay;0,9286
Gary Disarcina;3;Reb Russell;0,9283
Gary Disarcina;4;Art Shamsky;0,9203
Gary Disarcina;5;Jiggs Donahue;0,911
Gary Gaetti;1;Mike Andrews;0,927
Gary Gaetti;2;Butch Hobson;0,9
Gary Gaetti;3;Alex Ochoa;0,8954
Gary Gaetti;4;Kyle Farmer;0,8686
Gary Gaetti;5;Lou Louden;0,8564
Gary Geiger;1;Jimmy Outlaw;0,9227
Gary Geiger;2;Paul DeJong;0,8744
Gary Geiger;3;Matt Mieske;0,8405
Gary Geiger;4;Rich Morales;0,8266
Gary Geiger;5;Andres Torres;0,8248
Gary Lavelle;1;Deron Johnson;0,9749
Gary Lavelle;2;Brad Komminsk;0,9614
Gary Lavelle;3;Sammy Stewart;0,956
Gary Lavelle;4;Michael Barrett;0,9547
Gary Lavelle;5;Cal Abrams;0,9477
Gary Lucas;1;Scott Radinsky;0,9992
Gary Lucas;2;Gil Heredia;0,9963
Gary Lucas;3;Nick Vincent;0,9589
Gary Lucas;4;Blaine Boyer;0,9583
Gary Lucas;5;Mike Aviles;0,9574
Gary Matthews;1;Rusty Torres;0,8829
Gary Matthews;2;Shane Robinson;0,8752
Gary Matthews;3;Leonys Martin;0,8655
Gary Matthews;4;Gary Peters;0,8584
Gary Matthews;5;Tom Niedenfuer;0,8582
Gary Nolan;1;Nate Jones;0,9964
Gary Nolan;2;Al Milnar;0,9818
Gary Nolan;3;John Kruk;0,9816
Gary Nolan;4;Bobby Seay;0,9734
Gary Nolan;5;Travis Jankowski;0,97
Gary Peters;1;Danny McClellan;0,9391
Gary Peters;2;Ned Cuthbert;0,9169
Gary Peters;3;George Foster;0,9021
Gary Peters;4;Shane Robinson;0,8915
Gary Peters;5;Juanelo Mirabal;0,882
Gary Pettis;1;Kolten Wong;0,905
Gary Pettis;2;Derrek Lee;0,8887
Gary Pettis;3;Pat Ragan;0,8749
Gary Pettis;4;Eric McNair;0,8641
Gary Pettis;5;Avisail Garcia;0,8563
Gary Redus;1;Bill Sudakis;0,932
Gary Redus;2;Lou Merloni;0,894
Gary Redus;3;Dick Howser;0,8898
Gary Redus;4;Buck Crouse;0,8756
Gary Redus;5;Jim Clinton;0,8741
Gary Roenicke;1;Cal Abrams;0,9675
Gary Roenicke;2;Eddie Lake;0,9583
Gary Roenicke;3;Sandy Alcantara;0,9571
Gary Roenicke;4;Eric Haase;0,9418
Gary Roenicke;5;Bob Davis;0,9266
Gary Ross;1;Ricardo Rincon;0,9926
Gary Ross;2;Brandon Woodruff;0,9798
Gary Ross;3;Matt Capps;0,9722
Gary Ross;4;Wesley Wright;0,9654
Gary Ross;5;Joe Green;0,962
Gary Sanchez;1;Matt Andriese;0,9626
Gary Sanchez;2;Alejandro Oms;0,9616
Gary Sanchez;3;Scott Bailes;0,9411
Gary Sanchez;4;Don Elston;0,938
Gary Sanchez;5;Jason Schmidt;0,9299
Gary Sheffield;1;Paul Householder;0,9296
Gary Sheffield;2;Earl Johnson;0,9291
Gary Sheffield;3;Jim Kern;0,9262
Gary Sheffield;4;Cliff Fannin;0,9251
Gary Sheffield;5;Cy Blanton;0,9102
Gary Sutherland;1;Buck Jordan;0,9238
Gary Sutherland;2;Tommy Sampson;0,9063
Gary Sutherland;3;Billy Bryan;0,9023
Gary Sutherland;4;Tyson Ross;0,8995
Gary Sutherland;5;Arnold Statz;0,8666
Gary Thomasson;1;Phil Garner;0,968
Gary Thomasson;2;Ryan Howard;0,9241
Gary Thomasson;3;Ray Mack;0,9217
Gary Thomasson;4;Nomar Garciaparra;0,9111
Gary Thomasson;5;Earle Combs;0,898
Gary Thurman;1;Dick Hoblitzell;0,909
Gary Thurman;2;Carlos Beltran;0,9045
Gary Thurman;3;Ben Taylor;0,9044
Gary Thurman;4;Mat Latos;0,8893
Gary Thurman;5;Carlos Silva;0,8739
Gary Varsho;1;Syl Johnson;0,9469
Gary Varsho;2;Jose Uribe;0,9388
Gary Varsho;3;Jose Pagan;0,931
Gary Varsho;4;Anthony Rendon;0,9206
Gary Varsho;5;Fred Manrique;0,9029
Gary Ward;1;Matt Harvey;0,953
Gary Ward;2;Taijuan Walker;0,8902
Gary Ward;3;Eugene Bremer;0,8843
Gary Ward;4;Vinnie Chulk;0,8833
Gary Ward;5;B. J. Ryan;0,8748
Gary Woods;1;Harry Perkowski;0,9663
Gary Woods;2;John Lannan;0,9663
Gary Woods;3;Wally Bunker;0,9626
Gary Woods;4;Mickey Morandini;0,9352
Gary Woods;5;Ervin Santana;0,9263
Gates Brown;1;Joe Moeller;0,9541
Gates Brown;2;Mark Guthrie;0,953
Gates Brown;3;Luis Rivas;0,9353
Gates Brown;4;Don Lee;0,9271
Gates Brown;5;Erick Fedde;0,9241
Gavin Floyd;1;Leonys Martin;0,9238
Gavin Floyd;2;Dan Kennard;0,906
Gavin Floyd;3;Chris Martin;0,9059
Gavin Floyd;4;Steve Jeltz;0,8883
Gavin Floyd;5;Lance Richbourg;0,8781
Gavvy Cravath;1;Rob Wilfong;0,9801
Gavvy Cravath;2;Brandon Kintzler;0,9777
Gavvy Cravath;3;Eric O'Flaherty;0,9777
Gavvy Cravath;4;Bob Patterson;0,9777
Gavvy Cravath;5;Manuel Lee;0,9746
Gaylord Perry;1;John Kerr;0,9633
Gaylord Perry;2;Mike Tauchman;0,9627
Gaylord Perry;3;Charlie Hargreaves;0,9592
Gaylord Perry;4;Jason Bartlett;0,9561
Gaylord Perry;5;Elmer Myers;0,9543
Gee Walker;1;Bob Horner;0,9107
Gee Walker;2;Ray Fisher;0,9013
Gee Walker;3;Tim Murnane;0,8921
Gee Walker;4;Con Daily;0,8817
Gee Walker;5;Eddie Burke;0,8784
Gene Alley;1;Chad Wallach;0,955
Gene Alley;2;Brad Wilkerson;0,9434
Gene Alley;3;Dennis Springer;0,9403
Gene Alley;4;Bill Schroeder;0,9074
Gene Alley;5;Garrett Hampson;0,9033
Gene Baker;1;Chuck Crim;0,9656
Gene Baker;2;Homer Bailey;0,9468
Gene Baker;3;Jim Thome;0,9396
Gene Baker;4;Chris Bosio;0,9335
Gene Baker;5;Pepper Daniels;0,9303
Gene Benson;1;Brian McRae;0,923
Gene Benson;2;Kyle Higashioka;0,8869
Gene Benson;3;Yorkis Perez;0,8865
Gene Benson;4;Jon Berti;0,8721
Gene Benson;5;Chubby Dean;0,8718
Gene Clines;1;Freddie Freeman;0,9509
Gene Clines;2;Morten Clark;0,9389
Gene Clines;3;Kent Hrbek;0,9116
Gene Clines;4;Dennis Leonard;0,9085
Gene Clines;5;Chris Herrmann;0,907
Gene Conley;1;Jeff Weaver;0,9512
Gene Conley;2;Erv Dusak;0,9459
Gene Conley;3;Bryse Wilson;0,9212
Gene Conley;4;Bill Evans;0,9194
Gene Conley;5;Brian Wilson;0,9193
Gene DeMontreville;1;Ryan Webb;0,9414
Gene DeMontreville;2;Horacio Ramirez;0,9156
Gene DeMontreville;3;Nick Etten;0,9098
Gene DeMontreville;4;Khris Davis;0,9022
Gene DeMontreville;5;George Zuverink;0,8925
Gene Desautels;1;Paul Foytack;0,9419
Gene Desautels;2;Wayne Kirby;0,9189
Gene Desautels;3;George Foster;0,9188
Gene Desautels;4;Chick Shorten;0,9123
Gene Desautels;5;Eddie Williams;0,8558
Gene Freese;1;Howie Fox;0,9095
Gene Freese;2;Pete Castiglione;0,902
Gene Freese;3;Joe Orsulak;0,886
Gene Freese;4;Kyle Davies;0,8785
Gene Freese;5;Kevin Frandsen;0,8242
Gene Garber;1;Albie Pearson;0,9393
Gene Garber;2;David Hernandez;0,9379
Gene Garber;3;Todd Williams;0,9328
Gene Garber;4;Hector Santiago;0,9293
Gene Garber;5;Paul Blackburn;0,926
Gene Hermanski;1;Pokey Reese;0,9338
Gene Hermanski;2;Dale Murphy;0,9262
Gene Hermanski;3;Del Unser;0,9201
Gene Hermanski;4;Jack Phillips;0,9191
Gene Hermanski;5;Jhonny Peralta;0,9184
Gene Mauch;1;Martín Dihigo;0,9907
Gene Mauch;2;Greg Holland;0,9903
Gene Mauch;3;Sergio Romo;0,9903
Gene Mauch;4;Liam Hendriks;0,9903
Gene Mauch;5;Leniel Hooker;0,9903
Gene Michael;1;Heinie Groh;0,9647
Gene Michael;2;Michael Barrett;0,9558
Gene Michael;3;Robert Person;0,9499
Gene Michael;4;Fred Tenney;0,9481
Gene Michael;5;Burt Hooton;0,9454
Gene Moore;1;Joe Beggs;0,9481
Gene Moore;2;Larvell Blanks;0,9468
Gene Moore;3;Lefty Weinert;0,9458
Gene Moore;4;Lucas Duda;0,9415
Gene Moore;5;Jose Leclerc;0,9386
Gene Nelson;1;Jerry Dipoto;0,8993
Gene Nelson;2;Reese McGuire;0,8977
Gene Nelson;3;Vic Aldridge;0,8942
Gene Nelson;4;Willy Adames;0,8871
Gene Nelson;5;Bill Schroeder;0,8721
Gene Oliver;1;Herman Long;0,9233
Gene Oliver;2;Jimmy Bloodworth;0,9076
Gene Oliver;3;Aaron Ward;0,8779
Gene Oliver;4;Kendrys Morales;0,8773
Gene Oliver;5;Erskine Mayer;0,8718
Gene Packard;1;Lefty Tyler;0,9647
Gene Packard;2;Charlie Root;0,9641
Gene Packard;3;Ray Hayworth;0,9466
Gene Packard;4;Ken Kravec;0,9459
Gene Packard;5;Taffy Wright;0,9412
Gene Richards;1;Richard Bleier;0,9777
Gene Richards;2;Mike Gonzalez;0,9629
Gene Richards;3;Clyde Engle;0,9515
Gene Richards;4;Luis Quinones;0,9485
Gene Richards;5;Mike Adams;0,9452
Gene Robertson;1;Karl Drews;0,9907
Gene Robertson;2;Dan McGann;0,9902
Gene Robertson;3;Mike Tauchman;0,9876
Gene Robertson;4;Byron Browne;0,9872
Gene Robertson;5;George LaChance;0,9864
Gene Stephens;1;Sean Newcomb;0,9618
Gene Stephens;2;Hank Johnson;0,9525
Gene Stephens;3;Joe Page;0,9512
Gene Stephens;4;Matt Whiteside;0,9329
Gene Stephens;5;James Stafford;0,9173
Gene Tenace;1;Rich Dauer;0,9319
Gene Tenace;2;George Blaeholder;0,9316
Gene Tenace;3;Shawn Chacon;0,8917
Gene Tenace;4;Brian McRae;0,8707
Gene Tenace;5;Steve Sparks;0,8681
Gene Woodling;1;Freddy Peralta;0,9681
Gene Woodling;2;Manny Parra;0,9407
Gene Woodling;3;Tom Cheney;0,9407
Gene Woodling;4;Kyle Kendrick;0,9295
Gene Woodling;5;Danny McClellan;0,9112
General Crowder;1;Mickey Klutts;0,9398
General Crowder;2;Jeff Kunkel;0,9249
General Crowder;3;Frank O'Rourke;0,9011
General Crowder;4;Rusty Peters;0,8865
General Crowder;5;Benji Gil;0,8814
Geno Petralli;1;Ronald Acuña;0,9107
Geno Petralli;2;Clyde Wright;0,8572
Geno Petralli;3;Ted Page;0,8255
Geno Petralli;4;Jeff Conine;0,8189
Geno Petralli;5;Danny Jansen;0,8175
Gentry Jessup;1;Lefty Weinert;0,9828
Gentry Jessup;2;Jason Grilli;0,9544
Gentry Jessup;3;Rick Auerbach;0,9511
Gentry Jessup;4;Robb Quinlan;0,9398
Gentry Jessup;5;Ed Sprague;0,9369
Geoff Blum;1;Elmer Myers;0,9794
Geoff Blum;2;Byron Browne;0,978
Geoff Blum;3;Al Todd;0,9753
Geoff Blum;4;Karl Drews;0,9739
Geoff Blum;5;Kyle Tucker;0,9738
Geoff Jenkins;1;Tex Clevenger;0,8955
Geoff Jenkins;2;Justin Masterson;0,8897
Geoff Jenkins;3;Wid Conroy;0,8745
Geoff Jenkins;4;Chris Heisey;0,8724
Geoff Jenkins;5;Stephen Piscotty;0,867
Geoff Zahn;1;Rich Amaral;0,9517
Geoff Zahn;2;Bobby Seay;0,9374
Geoff Zahn;3;Ruben Amaro;0,9349
Geoff Zahn;4;Gordon Jones;0,934
Geoff Zahn;5;Julio Gotay;0,9209
George Altman;1;Andy Hassler;0,9716
George Altman;2;Dwight Smith;0,9213
George Altman;3;Tony Graffanino;0,9098
George Altman;4;Jay Gibbons;0,903
George Altman;5;Delmon Young;0,8936
George Bell;1;Billy Rhines;0,898
George Bell;2;Jay Clarke;0,8824
George Bell;3;Nip Winters;0,8609
George Bell;4;Carlos Quentin;0,8355
George Bell;5;Teddy Higuera;0,8292
George Blaeholder;1;Gene Tenace;0,9316
George Blaeholder;2;Shawn Chacon;0,9148
George Blaeholder;3;Dennis Martinez;0,9001
George Blaeholder;4;Phil Niekro;0,8905
George Blaeholder;5;Cliff Lee;0,8838
George Boehler;1;Mark Thurmond;0,9909
George Boehler;2;Bob Humphreys;0,9778
George Boehler;3;Shawn Camp;0,955
George Boehler;4;Perry Hall;0,9496
George Boehler;5;Dave Morehead;0,9488
George Bradley;1;Pat Putnam;0,9547
George Bradley;2;Dave Roberts;0,9252
George Bradley;3;Jim Ray Hart;0,9241
George Bradley;4;Doug Mientkiewicz;0,9183
George Bradley;5;Rich Reese;0,9104
George Brett;1;Carl Morton;0,8988
George Brett;2;Ryan Theriot;0,8983
George Brett;3;Joe Spencer;0,8782
George Brett;4;Daryl Spencer;0,8741
George Brett;5;Mike Epstein;0,8453
George Britt;1;Jeff Baker;0,9277
George Britt;2;Firpo Marberry;0,9204
George Britt;3;Andy Allanson;0,9062
George Britt;4;Bobby Adams;0,9047
George Britt;5;Larry Jansen;0,8999
George Browne;1;Pat Ragan;0,9091
George Browne;2;Theodore Breitenstein;0,9036
George Browne;3;Domingo Ramos;0,8913
George Browne;4;Mike Epstein;0,8897
George Browne;5;Maikel Franco;0,8855
George Brunet;1;Chuck Taylor;0,9958
George Brunet;2;Robb Quinlan;0,9462
George Brunet;3;Conor Gillaspie;0,9294
George Brunet;4;Shane Bieber;0,9278
George Brunet;5;Lefty Weinert;0,9087
George Burns;1;Brook Jacoby;0,9216
George Burns;2;Big Bill Smith;0,885
George Burns;3;Stan Spence;0,8589
George Burns;4;Sheriff Blake;0,8477
George Burns;5;Adolfo Phillips;0,8454
George Carr;1;Rafael Ortega;0,9457
George Carr;2;Jason Adam;0,9335
George Carr;3;Tucker Barnhart;0,9242
George Carr;4;Greg Allen;0,924
George Carr;5;Archie Bradley;0,9237
George Case;1;Bob Seeds;0,9541
George Case;2;Flash Miller;0,9357
George Case;3;Bernardo Baró;0,9235
George Case;4;Country Brown;0,9174
George Case;5;Mike Cubbage;0,9174
George Caster;1;Steve Braun;0,9366
George Caster;2;Doug Camilli;0,9162
George Caster;3;Ray Fisher;0,8914
George Caster;4;Ryan Webb;0,8887
George Caster;5;Bob Horner;0,8886
George Crowe;1;Mike Hargrove;0,9138
George Crowe;2;Steve Blass;0,9099
George Crowe;3;Ken Henderson;0,8973
George Crowe;4;Dick Hoblitzell;0,8903
George Crowe;5;Bud Barbee;0,8825
George Culver;1;Luis Garcia;0,9785
George Culver;2;Ewell Blackwell;0,9774
George Culver;3;Ripper Collins;0,9772
George Culver;4;Mark Wohlers;0,9739
George Culver;5;Duane Ward;0,9619
George Cuppy;1;Ken Holloway;0,8625
George Cuppy;2;Johnny Moore;0,8565
George Cuppy;3;Pete Burnside;0,8394
George Cuppy;4;Charlie Neal;0,8163
George Cuppy;5;Elam Vangilder;0,8155
George Cutshaw;1;Dick Higham;0,8807
George Cutshaw;2;Mark Wagner;0,8646
George Cutshaw;3;Bill Joyce;0,852
George Cutshaw;4;Lon Knight;0,8506
George Cutshaw;5;Hank Sauer;0,8368
George Davis;1;Carl Willis;0,9747
George Davis;2;Rick Ankiel;0,9744
George Davis;3;Scott Bradley;0,9708
George Davis;4;Bill Plummer;0,9707
George Davis;5;Earl Battey;0,9693
George Decker;1;Charles Zimmer;0,9887
George Decker;2;Brent Mayne;0,985
George Decker;3;Phil Douglas;0,981
George Decker;4;Stuffy McInnis;0,9732
George Decker;5;Whitey Witt;0,9728
George Dixon;1;Mitch Haniger;0,9539
George Dixon;2;Charlie Neal;0,8949
George Dixon;3;Jordy Mercer;0,8903
George Dixon;4;Sheldon Jones;0,8855
George Dixon;5;Alex Grammas;0,8561
George Earnshaw;1;Jelly Jackson;0,9478
George Earnshaw;2;Hugh Duffy;0,9454
George Earnshaw;3;Art Shamsky;0,9386
George Earnshaw;4;Felipe Sierra;0,9228
George Earnshaw;5;Jose Canseco;0,9152
George Foster;1;Paul Foytack;0,9379
George Foster;2;Leonys Martin;0,9335
George Foster;3;Gene Desautels;0,9188
George Foster;4;Gary Peters;0,9021
George Foster;5;Antonio Bastardo;0,8833
George Frazier;1;Andy McGaffigan;0,8904
George Frazier;2;Gus Niarhos;0,886
George Frazier;3;Ozzie Albies;0,88
George Frazier;4;Miguel de la Hoz;0,8762
George Frazier;5;Otto Velez;0,8466
George Gibson;1;Tom Needham;0,9368
George Gibson;2;Bud Stewart;0,9353
George Gibson;3;Sam Dente;0,9297
George Gibson;4;Ed Killian;0,923
George Gibson;5;Stephen Piscotty;0,9187
George Giles;1;Whitey Herzog;0,8479
George Giles;2;Russ Nixon;0,8195
George Giles;3;John Cangelosi;0,7458
George Giles;4;Malachi Kittridge;0,7449
George Giles;5;Jake Beckley;0,7447
George Gore;1;Lou Louden;0,9143
George Gore;2;C. J. Wilson;0,8539
George Gore;3;Denny Neagle;0,8401
George Gore;4;Greg Myers;0,8349
George Gore;5;Miguel Batista;0,8245
George Grantham;1;Earl Williams;0,9151
George Grantham;2;Abraham Nunez;0,8844
George Grantham;3;Bill Lamar;0,8777
George Grantham;4;Matt Alexander;0,8572
George Grantham;5;Archie Bradley;0,8517
George Harper;1;Bob Jones;0,8679
George Harper;2;Sam Mongin;0,8597
George Harper;3;Carlos Estevez;0,855
George Harper;4;Tex Burnett;0,84
George Harper;5;Tim Federowicz;0,8341
George Hemming;1;Jim Fregosi;0,9758
George Hemming;2;Dave McKay;0,9619
George Hemming;3;Leon Wagner;0,9613
George Hemming;4;Ian Desmond;0,959
George Hemming;5;Jason Heyward;0,9565
George Hendrick;1;Dane Iorg;0,9347
George Hendrick;2;Nate Schierholtz;0,9042
George Hendrick;3;Garrett Jones;0,8951
George Hendrick;4;Wayne Krenchicki;0,865
George Hendrick;5;Robert Fick;0,8634
George Johnson;1;Aaron Laffey;0,968
George Johnson;2;Wayne Nordhagen;0,9352
George Johnson;3;Scot Thompson;0,9241
George Johnson;4;Travis Snider;0,9128
George Johnson;5;Casey McGehee;0,8793
George Kell;1;Alfredo Amezaga;0,8855
George Kell;2;Ellie Rodriguez;0,8677
George Kell;3;John Jaha;0,863
George Kell;4;Tanner Scott;0,8619
George Kell;5;Domingo Ramos;0,857
George Kelly;1;Dick Howser;0,9541
George Kelly;2;Brad Komminsk;0,9487
George Kelly;3;Robert Person;0,9468
George Kelly;4;Sean Burnett;0,9114
George Kelly;5;Cozy Dolan;0,9057
George LaChance;1;Craig Kimbrel;0,9975
George LaChance;2;Mike Tauchman;0,9974
George LaChance;3;Karl Drews;0,9974
George LaChance;4;Byron Browne;0,9974
George LaChance;5;Ryan Weber;0,996
George McAllister;1;Matt Mieske;0,941
George McAllister;2;Oscar Levis;0,8895
George McAllister;3;Randy Velarde;0,8824
George McAllister;4;Benny Frey;0,8755
George McAllister;5;Bill Gleason;0,8616
George McBride;1;Larry Twitchell;0,9348
George McBride;2;Oscar Stanage;0,8989
George McBride;3;Carl Morton;0,8747
George McBride;4;Xander Bogaerts;0,8642
George McBride;5;Toby Hall;0,8605
George McQuillan;1;Walt Williams;0,9406
George McQuillan;2;Bud Byerly;0,8862
George McQuillan;3;Daric Barton;0,8777
George McQuillan;4;Hal White;0,8474
George McQuillan;5;Dale Mitchell;0,8418
George McQuinn;1;Rickey Henderson;0,912
George McQuinn;2;Barry Foote;0,8999
George McQuinn;3;Bruce Kison;0,8656
George McQuinn;4;Craig Stammen;0,8647
George McQuinn;5;Joc Pederson;0,8309
George Metkovich;1;Bill Crowley;0,9576
George Metkovich;2;Art Ditmar;0,9306
George Metkovich;3;Luis Guillorme;0,9301
George Metkovich;4;Roy Sievers;0,9238
George Metkovich;5;Jesse Burkett;0,9155
George Miller;1;Don Mason;0,8946
George Miller;2;Ron Brand;0,8746
George Miller;3;Jim Brosnan;0,8571
George Miller;4;Mark Trumbo;0,8557
George Miller;5;Scott Service;0,8513
George Mitchell;1;Brad Fullmer;0,944
George Mitchell;2;Stu Martin;0,9423
George Mitchell;3;Willie Calhoun;0,9382
George Mitchell;4;Tex Clevenger;0,9357
George Mitchell;5;William Bell;0,933
George Mitterwald;1;Ernie Krueger;0,9808
George Mitterwald;2;Ryan Roberts;0,9591
George Mitterwald;3;Lou Dials;0,9251
George Mitterwald;4;Johnny Antonelli;0,9201
George Mitterwald;5;Ed Spiezio;0,9139
George Mogridge;1;Josh Paul;0,9349
George Mogridge;2;Ron Kittle;0,9155
George Mogridge;3;Hector Cruz;0,908
George Mogridge;4;Pete Ward;0,8944
George Mogridge;5;Bill Barrett;0,8883
George Moriarty;1;Hector Cruz;0,9547
George Moriarty;2;Earl Averill;0,9511
George Moriarty;3;Scott Bradley;0,9477
George Moriarty;4;Harry Chiti;0,9409
George Moriarty;5;Welington Castillo;0,9394
George Mullin;1;Stu Martin;0,9419
George Mullin;2;Tex Clevenger;0,9363
George Mullin;3;Ed Killian;0,9353
George Mullin;4;Chris Heisey;0,9207
George Mullin;5;Bill Sudakis;0,9163
George Pinkney;1;Robert Person;0,8892
George Pinkney;2;Andrew Romine;0,8821
George Pinkney;3;Frank Robinson;0,8794
George Pinkney;4;Brad Komminsk;0,8787
George Pinkney;5;Jose Oquendo;0,8752
George Pipgras;1;Buster Haywood;0,9096
George Pipgras;2;Joe Glenn;0,8995
George Pipgras;3;Dan Straily;0,879
George Pipgras;4;Pat Putnam;0,8774
George Pipgras;5;Virgil Barnes;0,859
George Scales;1;Pepper Daniels;0,9622
George Scales;2;Jorge Velandia;0,9589
George Scales;3;Stu Martin;0,9545
George Scales;4;Frank Scheibeck;0,9474
George Scales;5;Rob Brantly;0,9344
George Scott;1;Bill Duggleby;0,972
George Scott;2;Matt Andriese;0,9352
George Scott;3;Tim Byrdak;0,9333
George Scott;4;William Webster;0,9298
George Scott;5;Kevin Frandsen;0,9298
George Selkirk;1;Wayne Terwilliger;0,9218
George Selkirk;2;Danny Espinosa;0,9058
George Selkirk;3;Jim McGlothlin;0,8947
George Selkirk;4;Jerry White;0,883
George Selkirk;5;Bill Melton;0,8815
George Sherrill;1;Chad Fox;0,9998
George Sherrill;2;Matt Mantei;0,9986
George Sherrill;3;Sal Yvars;0,9793
George Sherrill;4;Chris Zachary;0,9741
George Sherrill;5;Hal Brown;0,9606
George Shively;1;Jeff DaVanon;0,9401
George Shively;2;Richard Hidalgo;0,8755
George Shively;3;Luke Walker;0,8741
George Shively;4;Chris Jones;0,8738
George Shively;5;Brian Daubach;0,8716
George Shoch;1;Bid McPhee;0,9548
George Shoch;2;Roy Henshaw;0,9364
George Shoch;3;Gene Baker;0,9251
George Shoch;4;Alex Fernandez;0,9087
George Shoch;5;Stu Martin;0,8936
George Sisler;1;Chris Heisey;0,8905
George Sisler;2;Rob Picciolo;0,8876
George Sisler;3;Justin Masterson;0,8774
George Sisler;4;Art Whitney;0,8684
George Sisler;5;Jim Lefebvre;0,8655
George Smith;1;Frank Schulte;0,8771
George Smith;2;Rabbit Maranville;0,8728
George Smith;3;Ted Sizemore;0,8713
George Smith;4;Marvin Barker;0,8628
George Smith;5;Max Fried;0,8621
George Springer;1;Mike Rivera;0,9447
George Springer;2;Jose Lobaton;0,9445
George Springer;3;Dizzy Dismukes;0,939
George Springer;4;Bobby Darwin;0,9337
George Springer;5;John Irwin;0,9231
George Stone;1;Bert Campaneris;0,9758
George Stone;2;Rube Benton;0,9292
George Stone;3;Dave Wickersham;0,9172
George Stone;4;Fritz Ostermueller;0,9143
George Stone;5;Ed Romero;0,9056
George Stovall;1;Chris Heisey;0,9517
George Stovall;2;Mel Harder;0,9479
George Stovall;3;T. J. Mathews;0,9387
George Stovall;4;Don Mincher;0,9349
George Stovall;5;Al Simmons;0,9329
George Strickland;1;Carmelo Martinez;0,9495
George Strickland;2;Derek Dietrich;0,9462
George Strickland;3;Tony Kaufmann;0,9421
George Strickland;4;Luis Melendez;0,9379
George Strickland;5;Scott Alexander;0,9187
George Suggs;1;Ross Gload;0,9367
George Suggs;2;Steve Jeltz;0,9199
George Suggs;3;Lerrin LaGrow;0,9185
George Suggs;4;Red Donahue;0,9143
George Suggs;5;Cory Lidle;0,9013
George Susce;1;Andre Thornton;0,9327
George Susce;2;Cliff Pennington;0,9207
George Susce;3;Bill Handy;0,9194
George Susce;4;Edgardo Alfonzo;0,9171
George Susce;5;Mike Schmidt;0,904
George Thomas;1;Ryan Weber;0,9978
George Thomas;2;Will Cunnane;0,9978
George Thomas;3;Jeremy Accardo;0,9978
George Thomas;4;Pat Clements;0,9978
George Thomas;5;Byron Browne;0,9972
George Toporcer;1;Colby Rasmus;0,9561
George Toporcer;2;John Coleman;0,9526
George Toporcer;3;Mickey Doolin;0,9517
George Toporcer;4;Jelly Jackson;0,9491
George Toporcer;5;Felipe Sierra;0,9298
George Uhle;1;Jack Pfiester;0,9044
George Uhle;2;Lee Wade;0,9008
George Uhle;3;Carlos Marmol;0,8318
George Uhle;4;Harrison Bader;0,8303
George Uhle;5;Ross Barnes;0,8252
George Van Haltren;1;Burke Badenhop;0,9309
George Van Haltren;2;Biff Pocoroba;0,9093
George Van Haltren;3;Mike Pagliarulo;0,8976
George Van Haltren;4;Deivi Cruz;0,8751
George Van Haltren;5;Mike Lincoln;0,8534
George Weidman;1;Bobby Witt;0,8959
George Weidman;2;Jackie Collum;0,887
George Weidman;3;Jordan Lyles;0,882
George Weidman;4;Joey Wendle;0,8742
George Weidman;5;Steve Carlton;0,8673
George Whitted;1;Pete O'Brien;0,9868
George Whitted;2;Tyler Glasnow;0,982
George Whitted;3;Jose Vizcaino;0,98
George Whitted;4;Ed Brinkman;0,9792
George Whitted;5;Jimmy Ryan;0,9784
George Winter;1;Doc Newton;0,9084
George Winter;2;Eddie Murphy;0,8846
George Winter;3;Aleck Smith;0,8836
George Winter;4;Corky Miller;0,8785
George Winter;5;Aaron Cook;0,8753
George Wood;1;Hector Torres;0,9179
George Wood;2;Fred Hofmann;0,8889
George Wood;3;Will Jackson;0,8686
George Wood;4;Ed Romero;0,8658
George Wood;5;Bill Walker;0,8581
George Wright;1;Dave Goltz;0,8941
George Wright;2;Ed Andrews;0,8657
George Wright;3;Corey Seager;0,8551
George Wright;4;Jack O'Brien;0,8517
George Wright;5;Matt Clement;0,8509
George Zuverink;1;Carl Hubbell;0,9658
George Zuverink;2;Mike Norris;0,9656
George Zuverink;3;Horacio Ramirez;0,9581
George Zuverink;4;Bill Krueger;0,9571
George Zuverink;5;Otis Nixon;0,9561
Geovany Soto;1;Clayton Kershaw;0,8544
Geovany Soto;2;Sandy Consuegra;0,8532
Geovany Soto;3;Rudy Kemmler;0,843
Geovany Soto;4;Curt Welch;0,8416
Geovany Soto;5;Tyler Naquin;0,8394
Gerald Laird;1;John Morris;0,9414
Gerald Laird;2;Noe Ramirez;0,9311
Gerald Laird;3;Carlos Reyes;0,9298
Gerald Laird;4;Tim Mayza;0,9298
Gerald Laird;5;Cliff Carter;0,9267
Gerald Perry;1;Drew Storen;0,9884
Gerald Perry;2;Aaron Small;0,9884
Gerald Perry;3;Justin Duchscherer;0,9884
Gerald Perry;4;Jonathan Loaisiga;0,9884
Gerald Perry;5;Ernie Camacho;0,9884
Gerald Williams;1;Adam Frazier;0,9644
Gerald Williams;2;Joey Gallo;0,9548
Gerald Williams;3;Jerry Augustine;0,9474
Gerald Williams;4;Bill Schroeder;0,9466
Gerald Williams;5;Brad Wilkerson;0,9393
Gerald Young;1;John Farrell;0,9851
Gerald Young;2;Henry Miller;0,9831
Gerald Young;3;Greasy Neale;0,9773
Gerald Young;4;Woody Jensen;0,9691
Gerald Young;5;Clint Hurdle;0,9566
Gerardo Parra;1;Henry McHenry;0,8826
Gerardo Parra;2;Jarrod Saltalamacchia;0,861
Gerardo Parra;3;Hideki Matsui;0,8579
Gerardo Parra;4;Lloyd Moseby;0,8401
Gerardo Parra;5;Andre Ethier;0,8294
German Marquez;1;Guy Hecker;0,9798
German Marquez;2;Al Benton;0,9417
German Marquez;3;Tyler Kinley;0,9409
German Marquez;4;Jerry Don Gleaton;0,9327
German Marquez;5;Rich Rodriguez;0,9304
Germany Schaefer;1;Robinson Chirinos;0,9496
Germany Schaefer;2;Billy Sample;0,9324
Germany Schaefer;3;Dave Shean;0,922
Germany Schaefer;4;Scott Bradley;0,9081
Germany Schaefer;5;Matt Franco;0,9075
Germany Smith;1;Dann Bilardello;0,9067
Germany Smith;2;Blondie Purcell;0,8792
Germany Smith;3;Dana Fillingim;0,8743
Germany Smith;4;John Wasdin;0,8742
Germany Smith;5;Chick Gandil;0,8689
Geronimo Berroa;1;Henry Rodriguez;0,9798
Geronimo Berroa;2;Drew Storen;0,9744
Geronimo Berroa;3;Aaron Small;0,9744
Geronimo Berroa;4;Jonathan Loaisiga;0,9744
Geronimo Berroa;5;Justin Duchscherer;0,9744
Gerrit Cole;1;Jack Meyers;0,8743
Gerrit Cole;2;Matt Clement;0,8733
Gerrit Cole;3;Pete Alexander;0,8477
Gerrit Cole;4;William Binga;0,8375
Gerrit Cole;5;Roy Weatherly;0,8355
Gerry Arrigo;1;Mike Ryba;0,9711
Gerry Arrigo;2;Dave Leiper;0,9483
Gerry Arrigo;3;Tony Sipp;0,9251
Gerry Arrigo;4;Matt Herges;0,92
Gerry Arrigo;5;Milo Candini;0,9152
Gerry Staley;1;Duane Pillette;0,9572
Gerry Staley;2;Bill Hart;0,9194
Gerry Staley;3;John Maine;0,9177
Gerry Staley;4;Jose Abreu;0,9014
Gerry Staley;5;Steve Frey;0,9003
Giancarlo Stanton;1;Barney McCosky;0,9363
Giancarlo Stanton;2;Randy Moffitt;0,9328
Giancarlo Stanton;3;Robbie Ray;0,928
Giancarlo Stanton;4;Pol Perritt;0,9237
Giancarlo Stanton;5;Ismael Valdez;0,9229
Gil Coan;1;Pete Castiglione;0,9279
Gil Coan;2;Steve Sundra;0,8537
Gil Coan;3;Garrett Jones;0,8472
Gil Coan;4;Carlos Peña;0,8317
Gil Coan;5;Len Gabrielson;0,8295
Gil Hatfield;1;Harold Reynolds;0,9315
Gil Hatfield;2;Jerry May;0,9216
Gil Hatfield;3;Clark Griffith;0,911
Gil Hatfield;4;Jake Stenzel;0,9074
Gil Hatfield;5;Harry Bemis;0,9057
Gil Heredia;1;Gary Lucas;0,9963
Gil Heredia;2;Todd Frohwirth;0,9503
Gil Heredia;3;Wally Moon;0,9327
Gil Heredia;4;Herman Bell;0,9164
Gil Heredia;5;Odell Jones;0,91
Gil Hodges;1;Johnny Bassler;0,9986
Gil Hodges;2;Omar Moreno;0,9974
Gil Hodges;3;Marty McManus;0,9972
Gil Hodges;4;Paul Minner;0,9968
Gil Hodges;5;Byron Browne;0,9968
Gil McDougald;1;Joe Page;0,9411
Gil McDougald;2;James Stafford;0,9102
Gil McDougald;3;Sean Newcomb;0,9088
Gil McDougald;4;Chick Fewster;0,8871
Gil McDougald;5;David Howard;0,8711
Gil Meche;1;Joe Glenn;0,9347
Gil Meche;2;Tony Piet;0,9074
Gil Meche;3;Buster Haywood;0,9033
Gil Meche;4;Chubby Dean;0,8996
Gil Meche;5;Yorkis Perez;0,8787
Ginger Beaumont;1;Johnny Rigney;0,9712
Ginger Beaumont;2;Dave Orr;0,9468
Ginger Beaumont;3;Bill Kuehne;0,8965
Ginger Beaumont;4;Hank Gowdy;0,8956
Ginger Beaumont;5;John Irwin;0,8907
Gino Cimoli;1;Chuck Hinton;0,9711
Gino Cimoli;2;Lucas Sims;0,954
Gino Cimoli;3;Brian Dozier;0,9539
Gino Cimoli;4;Tom Grieve;0,9422
Gino Cimoli;5;Tom Brewer;0,9341
Gio Gonzalez;1;Tim Redding;0,965
Gio Gonzalez;2;Pearl Webster;0,9202
Gio Gonzalez;3;Sid Gordon;0,8887
Gio Gonzalez;4;Bill Merritt;0,8677
Gio Gonzalez;5;Dee Brown;0,8671
Gio Urshela;1;Sam Trott;0,9297
Gio Urshela;2;Bruce Ruffin;0,8901
Gio Urshela;3;Bill Walker;0,8867
Gio Urshela;4;Hector Torres;0,8648
Gio Urshela;5;Barry Jones;0,8523
Giovanni Carrara;1;Randy St. Claire;1,0
Giovanni Carrara;2;Stan Belinda;1,0
Giovanni Carrara;3;John Habyan;1,0
Giovanni Carrara;4;Will Harris;1,0
Giovanni Carrara;5;Fernando Salas;1,0
Glen Hobbie;1;Jon Gray;0,9476
Glen Hobbie;2;Cool Turner;0,9471
Glen Hobbie;3;Joe Sambito;0,9432
Glen Hobbie;4;Wilmer Difo;0,9427
Glen Hobbie;5;Watson Clark;0,9413
Glen Perkins;1;Bill Lohrman;0,9725
Glen Perkins;2;Dean Stone;0,9058
Glen Perkins;3;Moe Drabowsky;0,8998
Glen Perkins;4;Frankie Pytlak;0,8882
Glen Perkins;5;Jed Lowrie;0,8876
Glenallen Hill;1;Omar Quintanilla;0,8814
Glenallen Hill;2;Matt Young;0,8647
Glenallen Hill;3;Tim Federowicz;0,8071
Glenallen Hill;4;Don Landrum;0,8057
Glenallen Hill;5;Alan Foster;0,8042
Glendon Rusch;1;Mark Redman;0,9334
Glendon Rusch;2;Adam Moore;0,9325
Glendon Rusch;3;Roy Partlow;0,9279
Glendon Rusch;4;Arthur Rhodes;0,9251
Glendon Rusch;5;Blaine Boyer;0,9038
Glenn Abbott;1;John Dopson;0,9212
Glenn Abbott;2;Matt Franco;0,9095
Glenn Abbott;3;Alfredo Amezaga;0,8886
Glenn Abbott;4;Mike Vail;0,8799
Glenn Abbott;5;Danny Graves;0,878
Glenn Beckert;1;Barney McCosky;0,9363
Glenn Beckert;2;Jeff Blauser;0,9324
Glenn Beckert;3;Bob Muncrief;0,9122
Glenn Beckert;4;Dale Long;0,9011
Glenn Beckert;5;Lee Tannehill;0,8985
Glenn Borgmann;1;Willie Smith;0,9429
Glenn Borgmann;2;Chris Carter;0,9362
Glenn Borgmann;3;Jorge Julio;0,9354
Glenn Borgmann;4;Valentín Dreke;0,9338
Glenn Borgmann;5;Chris Denorfia;0,9227
Glenn Davis;1;Joe Magrane;0,9863
Glenn Davis;2;Zollie Wright;0,9723
Glenn Davis;3;Clyde Engle;0,9693
Glenn Davis;4;Pete Whisenant;0,9559
Glenn Davis;5;Gene Richards;0,9442
Glenn Hoffman;1;Morrie Martin;0,9689
Glenn Hoffman;2;Frank Owen;0,9471
Glenn Hoffman;3;Bob Kipper;0,9285
Glenn Hoffman;4;Tanner Roark;0,9267
Glenn Hoffman;5;Lefty Calhoun;0,9258
Glenn Hubbard;1;Bill Sudakis;0,9437
Glenn Hubbard;2;Mike Menosky;0,9179
Glenn Hubbard;3;Buck Crouse;0,9067
Glenn Hubbard;4;Bud Barbee;0,899
Glenn Hubbard;5;Chris Heisey;0,8988
Glenn Myatt;1;Starling Marte;0,9464
Glenn Myatt;2;Logan Morrison;0,9335
Glenn Myatt;3;Bill Wambsganss;0,9229
Glenn Myatt;4;Bill Hallman;0,9229
Glenn Myatt;5;Art Howe;0,9176
Glenn Wilson;1;Robbie Ray;0,98
Glenn Wilson;2;Tony Oliva;0,9749
Glenn Wilson;3;Manny Pina;0,9725
Glenn Wilson;4;Tom Hughes;0,9675
Glenn Wilson;5;Tanyon Sturtze;0,9598
Glenn Wright;1;Rafael Betancourt;0,993
Glenn Wright;2;Matt Barnes;0,993
Glenn Wright;3;Josh Hader;0,9929
Glenn Wright;4;Chasen Shreve;0,9929
Glenn Wright;5;Dave Eiland;0,9929
Gleyber Torres;1;Jim Bottomley;0,9765
Gleyber Torres;2;Hank Johnson;0,9216
Gleyber Torres;3;Jeff Cirillo;0,9183
Gleyber Torres;4;John Parrish;0,9146
Gleyber Torres;5;Jim Lindeman;0,9103
Goose Curry;1;Felipe Alou;0,9377
Goose Curry;2;Ward Miller;0,9192
Goose Curry;3;Amos Otis;0,8808
Goose Curry;4;Moe Drabowsky;0,8796
Goose Curry;5;Brandon Phillips;0,8779
Goose Goslin;1;Joe Battin;0,8868
Goose Goslin;2;Steve Dillard;0,8856
Goose Goslin;3;Mike Epstein;0,882
Goose Goslin;4;Joey Amalfitano;0,8773
Goose Goslin;5;Red Rolfe;0,8688
Gordon Beckham;1;Tyler Wade;0,9606
Gordon Beckham;2;Garrett Hampson;0,9362
Gordon Beckham;3;Keith Osik;0,9301
Gordon Beckham;4;Kameron Loe;0,9295
Gordon Beckham;5;Hans Lobert;0,9294
Gordon Jones;1;Bobby Seay;0,9958
Gordon Jones;2;Wei-Yin Chen;0,9891
Gordon Jones;3;Walter Barbare;0,9541
Gordon Jones;4;Gary Nolan;0,9502
Gordon Jones;5;Cliff Heathcote;0,9406
Gordon Rhodes;1;José Junco;0,9371
Gordon Rhodes;2;Bud Daley;0,9369
Gordon Rhodes;3;Brian Dozier;0,9351
Gordon Rhodes;4;Matt Joyce;0,9252
Gordon Rhodes;5;Dick Jackson;0,9217
Gordy Coleman;1;Tom Jones;0,978
Gordy Coleman;2;John McDonald;0,9732
Gordy Coleman;3;Bobby Crosby;0,9728
Gordy Coleman;4;Wally Pipp;0,9718
Gordy Coleman;5;Ralph Garr;0,9709
Gorman Thomas;1;Freddy Leach;0,9487
Gorman Thomas;2;Bud Daley;0,9374
Gorman Thomas;3;Russ Kemmerer;0,9299
Gorman Thomas;4;Ryan Freel;0,9075
Gorman Thomas;5;Eric Stults;0,8953
Grady Hatton;1;Jimmy Barrett;0,9255
Grady Hatton;2;Ed Killian;0,9154
Grady Hatton;3;Cozy Dolan;0,9042
Grady Hatton;4;Bill Sudakis;0,8904
Grady Hatton;5;Tex Clevenger;0,8826
Grady Sizemore;1;Tim Burke;0,903
Grady Sizemore;2;Cecil Upshaw;0,9003
Grady Sizemore;3;Casey Patten;0,8776
Grady Sizemore;4;J. A. Happ;0,8742
Grady Sizemore;5;Rick Sutcliffe;0,87
Graeme Lloyd;1;Brandon Morrow;0,9428
Graeme Lloyd;2;Jimmy Jones;0,9396
Graeme Lloyd;3;Steve Crawford;0,9367
Graeme Lloyd;4;Vladimir Nunez;0,9319
Graeme Lloyd;5;Eddie Dwight;0,9214
Graig Nettles;1;Lynn Jones;0,8824
Graig Nettles;2;Bubba Phillips;0,8693
Graig Nettles;3;Harry Bemis;0,8112
Graig Nettles;4;Dwight Smith;0,7859
Graig Nettles;5;Harold Treadwell;0,7845
Granny Hamner;1;Kevin Ritz;0,9202
Granny Hamner;2;Matt Alexander;0,9132
Granny Hamner;3;Archie Bradley;0,9056
Granny Hamner;4;Ugueth Urbina;0,9055
Granny Hamner;5;Corbin Burnes;0,8947
Grant Balfour;1;Heath Bell;1,0
Grant Balfour;2;Jouett Meekin;0,9961
Grant Balfour;3;Tanyon Sturtze;0,9938
Grant Balfour;4;Robbie Ray;0,9924
Grant Balfour;5;Merv Shea;0,9923
Grant Jackson;1;Eric Haase;0,9485
Grant Jackson;2;Dave Hillman;0,9309
Grant Jackson;3;Bob Davis;0,9287
Grant Jackson;4;Joel Skinner;0,9274
Grant Jackson;5;Shorty Fuller;0,9094
Grant Johnson;1;Ernie Orsatti;0,9619
Grant Johnson;2;Kevin Cash;0,9546
Grant Johnson;3;Garrett Hampson;0,9435
Grant Johnson;4;Mike Tauchman;0,9433
Grant Johnson;5;Pedro Feliz;0,9431
Greasy Neale;1;John Farrell;0,9793
Greasy Neale;2;Gerald Young;0,9773
Greasy Neale;3;Woody Jensen;0,9708
Greasy Neale;4;Clint Hurdle;0,9676
Greasy Neale;5;Henry Miller;0,9591
Greg Allen;1;Brett Anderson;0,9994
Greg Allen;2;Jeff Shaw;0,994
Greg Allen;3;Jason Adam;0,991
Greg Allen;4;Roy White;0,9889
Greg Allen;5;Joaquin Benoit;0,9853
Greg Brock;1;Steve Dillard;0,9587
Greg Brock;2;Benny Kauff;0,9304
Greg Brock;3;Burgess Whitehead;0,8761
Greg Brock;4;Rick Reichardt;0,8665
Greg Brock;5;Rey Sanchez;0,8636
Greg Cadaret;1;Dana Fillingim;0,964
Greg Cadaret;2;Sandy Martinez;0,95
Greg Cadaret;3;John Wasdin;0,9289
Greg Cadaret;4;Rick Aguilera;0,9225
Greg Cadaret;5;Jim Shellenback;0,9203
Greg Colbrunn;1;Jim Merritt;0,9752
Greg Colbrunn;2;Glenn Wilson;0,951
Greg Colbrunn;3;Antonio Senzatela;0,9491
Greg Colbrunn;4;Tanyon Sturtze;0,9432
Greg Colbrunn;5;Dale Long;0,9319
Greg Dobbs;1;Juan Guzman;0,917
Greg Dobbs;2;Billy Holland;0,8985
Greg Dobbs;3;Jake Miller;0,826
Greg Dobbs;4;Jeff Branson;0,8207
Greg Dobbs;5;Don Mason;0,8184
Greg Gagne;1;Jimmy Hill;0,9886
Greg Gagne;2;George Whitted;0,97
Greg Gagne;3;Bud Clancy;0,9691
Greg Gagne;4;Joe Collins;0,9663
Greg Gagne;5;Bennie Tate;0,9641
Greg Gross;1;Dixie Davis;0,9231
Greg Gross;2;Stan Spence;0,8857
Greg Gross;3;Willie Montanez;0,8756
Greg Gross;4;Sam Gray;0,8615
Greg Gross;5;Roy Campanella;0,8433
Greg Harris;1;Lee Grissom;0,8243
Greg Harris;2;Juan Nicasio;0,824
Greg Harris;3;Austin Jackson;0,8127
Greg Harris;4;Omar Quintanilla;0,8124
Greg Harris;5;Marlon Anderson;0,8066
Greg Holland;1;Brian Dorsett;1,0
Greg Holland;2;Aaron Fultz;1,0
Greg Holland;3;Leniel Hooker;1,0
Greg Holland;4;Jerry Walker;1,0
Greg Holland;5;Larry Casian;1,0
Greg Luzinski;1;Danny Taylor;0,949
Greg Luzinski;2;Javier Vazquez;0,9112
Greg Luzinski;3;Dutch Henry;0,876
Greg Luzinski;4;Leon Day;0,8632
Greg Luzinski;5;Keith Moreland;0,8414
Greg Maddux;1;Matty McIntyre;0,9731
Greg Maddux;2;Edgar Wesley;0,9565
Greg Maddux;3;Luther Taylor;0,923
Greg Maddux;4;Steve McCatty;0,9205
Greg Maddux;5;Felix Heredia;0,9118
Greg McMichael;1;Curtis Pride;0,9807
Greg McMichael;2;T. J. Mathews;0,9773
Greg McMichael;3;Sherry Robertson;0,9677
Greg McMichael;4;Bill Barrett;0,9612
Greg McMichael;5;Duff Cooley;0,9522
Greg Minton;1;Ryan Roberts;0,9749
Greg Minton;2;Cap Peterson;0,974
Greg Minton;3;Bill Plummer;0,9606
Greg Minton;4;Rick Ankiel;0,9373
Greg Minton;5;Johnny Wyrostek;0,9348
Greg Myers;1;Bill Voss;0,9406
Greg Myers;2;Sam Leslie;0,9322
Greg Myers;3;Tyler Houston;0,8968
Greg Myers;4;Zack Littell;0,8849
Greg Myers;5;Sergio Mitre;0,8734
Greg Norton;1;Tom Williams;0,9574
Greg Norton;2;Paul Zuvella;0,9508
Greg Norton;3;Walt Moryn;0,9353
Greg Norton;4;Putsy Caballero;0,9308
Greg Norton;5;Taylor Ward;0,9295
Greg Pryor;1;Carl Morton;0,8994
Greg Pryor;2;Theodore Breitenstein;0,898
Greg Pryor;3;Phil Collins;0,8937
Greg Pryor;4;Lou Piniella;0,8744
Greg Pryor;5;Matt Batts;0,8737
Greg Swindell;1;Ed Spiezio;0,9922
Greg Swindell;2;Ernie Krueger;0,9492
Greg Swindell;3;John Milner;0,9284
Greg Swindell;4;Ryan Roberts;0,9168
Greg Swindell;5;Bill Lamar;0,9144
Greg Vaughn;1;John O'Donoghue;0,9609
Greg Vaughn;2;Ildemaro Vargas;0,9587
Greg Vaughn;3;Ed Swartwood;0,9539
Greg Vaughn;4;Horace Clarke;0,9531
Greg Vaughn;5;Nippy Jones;0,946
Greg Walker;1;Neifi Perez;0,9497
Greg Walker;2;Keith Miller;0,9337
Greg Walker;3;So Taguchi;0,931
Greg Walker;4;Ken Harrelson;0,929
Greg Walker;5;Jonathan Schoop;0,9172
Gregg Jefferies;1;Dann Bilardello;0,9888
Gregg Jefferies;2;Kevin Frandsen;0,9504
Gregg Jefferies;3;Mark Williamson;0,9176
Gregg Jefferies;4;Cy Seymour;0,9172
Gregg Jefferies;5;Bill Duggleby;0,9115
Gregg Olson;1;Daisuke Matsuzaka;0,998
Gregg Olson;2;Ken Ryan;0,9954
Gregg Olson;3;Toby Borland;0,9811
Gregg Olson;4;Anthony DeSclafani;0,9449
Gregg Olson;5;Odell Jones;0,9356
Gregg Zaun;1;Earl Caldwell;0,9496
Gregg Zaun;2;Nick Masset;0,9037
Gregg Zaun;3;Vinnie Chulk;0,882
Gregg Zaun;4;Kirby Higbe;0,8813
Gregg Zaun;5;Torey Lovullo;0,8627
Gregor Blanco;1;Brian Matusz;0,9379
Gregor Blanco;2;Dennis Powell;0,9379
Gregor Blanco;3;Alan Benes;0,9379
Gregor Blanco;4;Paul Gibson;0,9379
Gregor Blanco;5;Bob Porterfield;0,9318
Gregory Polanco;1;Bobby Ayala;0,9262
Gregory Polanco;2;Sparky Lyle;0,9232
Gregory Polanco;3;C. J. Cron;0,9091
Gregory Polanco;4;D'Angelo Jimenez;0,903
Gregory Polanco;5;Jose Urena;0,8985
Grover Hartley;1;Woody Jensen;0,9547
Grover Hartley;2;Henry Williams;0,9466
Grover Hartley;3;Jelly Taylor;0,9354
Grover Hartley;4;Larry Corcoran;0,9336
Grover Hartley;5;Greasy Neale;0,9269
Grover Lowdermilk;1;Cliff Carter;0,971
Grover Lowdermilk;2;John Boccabella;0,9454
Grover Lowdermilk;3;Noe Ramirez;0,9449
Grover Lowdermilk;4;Jeff Nelson;0,9427
Grover Lowdermilk;5;Carlos Reyes;0,9379
Guillermo Mota;1;Jose Alvarado;0,9618
Guillermo Mota;2;Sean Bergman;0,9247
Guillermo Mota;3;Dave Barnhill;0,9165
Guillermo Mota;4;Michael Wuertz;0,9139
Guillermo Mota;5;Sandy Martinez;0,9075
Guillermo Quiroz;1;Carl Edwards;0,9789
Guillermo Quiroz;2;Ed Goodson;0,973
Guillermo Quiroz;3;Francisco Rodriguez;0,9627
Guillermo Quiroz;4;Tyler Duffey;0,9501
Guillermo Quiroz;5;Brian Bruney;0,9387
Gus Bell;1;Pedro Feliciano;0,956
Gus Bell;2;Rip Radcliff;0,9289
Gus Bell;3;Khris Davis;0,9246
Gus Bell;4;Bob Horner;0,9181
Gus Bell;5;Nick Etten;0,9152
Gus Mancuso;1;Doug Rader;0,9457
Gus Mancuso;2;Carl Morton;0,9292
Gus Mancuso;3;Mike Epstein;0,8633
Gus Mancuso;4;Win Mercer;0,8602
Gus Mancuso;5;Ward Miller;0,8472
Gus Niarhos;1;Ruben Jones;0,9519
Gus Niarhos;2;John Reese;0,9402
Gus Niarhos;3;Ozzie Albies;0,9085
Gus Niarhos;4;Tom O'Malley;0,903
Gus Niarhos;5;John Ellis;0,9026
Gus Suhr;1;Wayne Gross;0,9761
Gus Suhr;2;Mike Phillips;0,9746
Gus Suhr;3;Eric O'Flaherty;0,9708
Gus Suhr;4;Bob Patterson;0,9708
Gus Suhr;5;Brandon Kintzler;0,9708
Gus Triandos;1;Elmer Singleton;0,8637
Gus Triandos;2;Andy Allanson;0,8606
Gus Triandos;3;Kyle Seager;0,8578
Gus Triandos;4;Jim Pendleton;0,8448
Gus Triandos;5;Jesse Bragg;0,8447
Gus Weyhing;1;Al Myers;0,9381
Gus Weyhing;2;Bernardo Baró;0,9049
Gus Weyhing;3;Shane Greene;0,9033
Gus Weyhing;4;Larry Jansen;0,8862
Gus Weyhing;5;Dave Rosello;0,8832
Gus Zernial;1;Mike Andrews;0,9574
Gus Zernial;2;Jack Hannahan;0,9372
Gus Zernial;3;Byung-Hyun Kim;0,9061
Gus Zernial;4;Dave Robertson;0,8882
Gus Zernial;5;Ryan Lavarnway;0,8656
Guy Bush;1;John Irwin;0,9412
Guy Bush;2;Nick Esasky;0,9371
Guy Bush;3;Dave Orr;0,935
Guy Bush;4;Tom Murphy;0,919
Guy Bush;5;Jose Lobaton;0,9185
Guy Hecker;1;German Marquez;0,9798
Guy Hecker;2;John Vander Wal;0,9223
Guy Hecker;3;Al Benton;0,9193
Guy Hecker;4;Rich Rodriguez;0,9107
Guy Hecker;5;Mike LaCoss;0,9026
Guy Morton;1;Josh Gibson;0,9839
Guy Morton;2;Damaso Marte;0,9712
Guy Morton;3;Roger Cedeno;0,9684
Guy Morton;4;Ehire Adrianza;0,9669
Guy Morton;5;Larry Brown;0,96
Hack Wilson;1;Bobby Crosby;0,9909
Hack Wilson;2;Austin Hays;0,9851
Hack Wilson;3;Rich Becker;0,9837
Hack Wilson;4;Billy Martin;0,9826
Hack Wilson;5;Will Cunnane;0,9799
Hal Brown;1;Chad Fox;0,9642
Hal Brown;2;George Sherrill;0,9606
Hal Brown;3;Sal Yvars;0,9558
Hal Brown;4;Phil Bradley;0,948
Hal Brown;5;Matt Mantei;0,942
Hal Carlson;1;Howie Reed;0,9862
Hal Carlson;2;Steve Parris;0,9725
Hal Carlson;3;Welington Castillo;0,9721
Hal Carlson;4;Bob Bruce;0,9704
Hal Carlson;5;Scott Bradley;0,9695
Hal Chase;1;Ross Barnes;0,9532
Hal Chase;2;Johnny Smith;0,9194
Hal Chase;3;Rabbit Maranville;0,8479
Hal Chase;4;Dick Jackson;0,8479
Hal Chase;5;Dan Wilson;0,8308
Hal Gregg;1;Bob Feller;0,959
Hal Gregg;2;Ron Guidry;0,9377
Hal Gregg;3;Johan Santana;0,9329
Hal Gregg;4;Damian Miller;0,9278
Hal Gregg;5;Lefty Tyler;0,9095
Hal Janvrin;1;Art Fromme;0,956
Hal Janvrin;2;Ted Alexander;0,9
Hal Janvrin;3;Vic Sorrell;0,8979
Hal Janvrin;4;Greg Walker;0,8768
Hal Janvrin;5;Travis Jankowski;0,8749
Hal Jeffcoat;1;Rawly Eastwick;0,9591
Hal Jeffcoat;2;Erick Fedde;0,9575
Hal Jeffcoat;3;Carl Willey;0,9394
Hal Jeffcoat;4;Joe Moeller;0,9287
Hal Jeffcoat;5;Scott Service;0,9197
Hal Lanier;1;Floyd Bannister;0,9056
Hal Lanier;2;Steve Reed;0,8893
Hal Lanier;3;Billy Goodman;0,8749
Hal Lanier;4;Ross Grimsley;0,8625
Hal Lanier;5;Jon Berti;0,8483
Hal McRae;1;Walter Barbare;0,9612
Hal McRae;2;Wei-Yin Chen;0,9598
Hal McRae;3;Jerry Narron;0,9397
Hal McRae;4;Aaron Bummer;0,937
Hal McRae;5;Jose Rijo;0,9332
Hal Morris;1;Antonio Bastardo;0,9421
Hal Morris;2;Ryan McMahon;0,8998
Hal Morris;3;Tom Niedenfuer;0,8962
Hal Morris;4;Leonys Martin;0,8767
Hal Morris;5;Frank Shugart;0,8079
Hal Naragon;1;Dazzy Vance;0,9888
Hal Naragon;2;Roy Smith;0,9829
Hal Naragon;3;Mark Carreon;0,9785
Hal Naragon;4;Subby Byas;0,9781
Hal Naragon;5;Ralph Garr;0,9775
Hal Newhouser;1;Mark Littell;0,9387
Hal Newhouser;2;Lance Cormier;0,9215
Hal Newhouser;3;Saul Rogovin;0,9093
Hal Newhouser;4;Eddie Milner;0,9005
Hal Newhouser;5;Joaquin Arias;0,8988
Hal Schumacher;1;Tim Naehring;0,9216
Hal Schumacher;2;John O'Donoghue;0,9
Hal Schumacher;3;Steve McCatty;0,8919
Hal Schumacher;4;Jorge Velandia;0,8762
Hal Schumacher;5;Mike Trout;0,8726
Hal Smith;1;Pete Vuckovich;0,9257
Hal Smith;2;Rafael Ortega;0,9173
Hal Smith;3;Derek Dietrich;0,912
Hal Smith;4;Lou Collier;0,9065
Hal Smith;5;Eddie Cicotte;0,9005
Hal Trosky;1;Ed Young;0,9421
Hal Trosky;2;Kerry Ligtenberg;0,9363
Hal Trosky;3;Toby Borland;0,9107
Hal Trosky;4;Jolbert Cabrera;0,9021
Hal Trosky;5;Jim Ray;0,8775
Hal Wagner;1;Elrod Hendricks;0,9804
Hal Wagner;2;Kevin Mitchell;0,9647
Hal Wagner;3;Art Wilson;0,9534
Hal Wagner;4;Andre Ethier;0,9423
Hal Wagner;5;Jarrod Saltalamacchia;0,9418
Hal White;1;Norm Charlton;0,9567
Hal White;2;Matt Capps;0,9309
Hal White;3;Johnny Blanchard;0,9108
Hal White;4;Mark Hendrickson;0,9087
Hal White;5;Brandon Woodruff;0,9005
Hal Woodeshick;1;Fred Hatfield;0,9231
Hal Woodeshick;2;Whitey Kurowski;0,9219
Hal Woodeshick;3;Ruppert Jones;0,8843
Hal Woodeshick;4;Toby Hall;0,88
Hal Woodeshick;5;Fred Snodgrass;0,8769
Hank Aaron;1;Chris Heisey;0,943
Hank Aaron;2;Cozy Dolan;0,9429
Hank Aaron;3;Sean Newcomb;0,9278
Hank Aaron;4;Jacob Barnes;0,9228
Hank Aaron;5;Bill Sudakis;0,9066
Hank Aguirre;1;Rocky Nelson;0,9433
Hank Aguirre;2;Gregory Polanco;0,8832
Hank Aguirre;3;Jose Reyes;0,8752
Hank Aguirre;4;Erv Palica;0,8695
Hank Aguirre;5;Tom Buskey;0,8651
Hank Bauer;1;Ben Revere;0,9585
Hank Bauer;2;Jake Stahl;0,9565
Hank Bauer;3;John Irwin;0,9465
Hank Bauer;4;Dave Orr;0,9283
Hank Bauer;5;Sid Farrar;0,9194
Hank Blalock;1;Doug Griffin;0,9264
Hank Blalock;2;Jeff Frye;0,9024
Hank Blalock;3;Flash Miller;0,9023
Hank Blalock;4;Andy Allanson;0,8967
Hank Blalock;5;Jay Johnstone;0,8895
Hank Borowy;1;Burke Badenhop;0,902
Hank Borowy;2;Casey Fossum;0,8802
Hank Borowy;3;Terry Mathews;0,8742
Hank Borowy;4;Vicente Palacios;0,8722
Hank Borowy;5;Vladimir Nunez;0,8655
Hank DeBerry;1;Casey McGehee;0,9404
Hank DeBerry;2;Hank Leiber;0,9046
Hank DeBerry;3;Heinie Peitz;0,8994
Hank DeBerry;4;Bill Nicholson;0,8783
Hank DeBerry;5;Rick Reichardt;0,8747
Hank Edwards;1;Brandon Belt;0,9556
Hank Edwards;2;Jim Gosger;0,9464
Hank Edwards;3;Dizzy Dismukes;0,9457
Hank Edwards;4;Jackie Hernandez;0,9445
Hank Edwards;5;Neil Walker;0,9439
Hank Foiles;1;Bud Clancy;0,9803
Hank Foiles;2;Morgan Ensberg;0,9783
Hank Foiles;3;Joe Koppe;0,9757
Hank Foiles;4;Wally Roettger;0,9746
Hank Foiles;5;Tom Zachary;0,9742
Hank Gowdy;1;Ginger Beaumont;0,8956
Hank Gowdy;2;Johnny Rigney;0,8949
Hank Gowdy;3;Kevin Newman;0,8829
Hank Gowdy;4;Mike Blowers;0,8561
Hank Gowdy;5;Bill Kuehne;0,8543
Hank Greenberg;1;Danny Patterson;0,9976
Hank Greenberg;2;Tom Gorman;0,9953
Hank Greenberg;3;Jeffrey Springs;0,9939
Hank Greenberg;4;Andy Hansen;0,9922
Hank Greenberg;5;David Huff;0,9855
Hank Johnson;1;Andy Kosco;0,9714
Hank Johnson;2;Gene Stephens;0,9525
Hank Johnson;3;Chick Fewster;0,9419
Hank Johnson;4;Glenn Wilson;0,9366
Hank Johnson;5;Luke Gregerson;0,9353
Hank Leiber;1;Ross Youngs;0,9121
Hank Leiber;2;Julio Franco;0,9107
Hank Leiber;3;Hank DeBerry;0,9046
Hank Leiber;4;Gene Clines;0,8986
Hank Leiber;5;Kent Hrbek;0,8914
Hank Majeski;1;Doug Strange;0,9533
Hank Majeski;2;Steve Blass;0,9048
Hank Majeski;3;George Hemming;0,8974
Hank Majeski;4;Charlie Williams;0,896
Hank Majeski;5;Dave McKay;0,8871
Hank Sauer;1;Patsy Flaherty;0,9369
Hank Sauer;2;Reid Brignac;0,9323
Hank Sauer;3;Kevin Cash;0,9259
Hank Sauer;4;Erskine Mayer;0,9251
Hank Sauer;5;Charlie Hargreaves;0,9174
Hank Severeid;1;Joe Stripp;0,9549
Hank Severeid;2;Tim Naehring;0,913
Hank Severeid;3;John O'Donoghue;0,9074
Hank Severeid;4;Charlie Bennett;0,9057
Hank Severeid;5;Noodles Hahn;0,9018
Hank Thompson;1;Charlie Deal;0,94
Hank Thompson;2;Ramiro Mendoza;0,9383
Hank Thompson;3;Del Unser;0,9061
Hank Thompson;4;Jerry Reed;0,9011
Hank Thompson;5;Jimmy Collins;0,8977
Hank Wyse;1;Todd Wellemeyer;0,9792
Hank Wyse;2;Todd Coffey;0,9768
Hank Wyse;3;Ricky Bottalico;0,9748
Hank Wyse;4;Preacher Henry;0,9707
Hank Wyse;5;Brian Shouse;0,9679
Hanley Ramirez;1;Benny Kauff;0,947
Hanley Ramirez;2;Ray Katt;0,8871
Hanley Ramirez;3;Wes Ferrell;0,8691
Hanley Ramirez;4;Willie Bloomquist;0,8574
Hanley Ramirez;5;Rusty Torres;0,8447
Hans Lobert;1;Garrett Hampson;0,988
Hans Lobert;2;Karl Drews;0,9722
Hans Lobert;3;Morgan Ensberg;0,9717
Hans Lobert;4;Byron Browne;0,9714
Hans Lobert;5;Bud Clancy;0,9696
Hanser Alberto;1;Daniel Norris;0,9353
Hanser Alberto;2;Frank Thomas;0,925
Hanser Alberto;3;Steve Barber;0,9165
Hanser Alberto;4;Howie Shanks;0,9158
Hanser Alberto;5;Tommy McCraw;0,9087
Hardy Richardson;1;Pepper Daniels;0,9866
Hardy Richardson;2;Billy Cox;0,9647
Hardy Richardson;3;Frank Scheibeck;0,9613
Hardy Richardson;4;Ken Sanders;0,9549
Hardy Richardson;5;Andy Coakley;0,9394
Harlond Clift;1;Jorge Velandia;0,964
Harlond Clift;2;Fred Schulte;0,9637
Harlond Clift;3;Mike Phillips;0,9603
Harlond Clift;4;Wayne Gross;0,9593
Harlond Clift;5;Gavvy Cravath;0,9565
Harmon Killebrew;1;Jeremy Hermida;0,8995
Harmon Killebrew;2;Ross Youngs;0,8623
Harmon Killebrew;3;Jim Shaw;0,8563
Harmon Killebrew;4;Hank DeBerry;0,8526
Harmon Killebrew;5;Brook Fordyce;0,847
Harold Baines;1;Odell Hale;0,9647
Harold Baines;2;Stan Belinda;0,9541
Harold Baines;3;Will Harris;0,9518
Harold Baines;4;Fernando Salas;0,9518
Harold Baines;5;Eric Gunderson;0,9518
Harold Reynolds;1;Gil Hatfield;0,9315
Harold Reynolds;2;Jake Stenzel;0,9051
Harold Reynolds;3;Clark Griffith;0,9032
Harold Reynolds;4;Alex Radcliff;0,8697
Harold Reynolds;5;Harry Bemis;0,8453
Harold Treadwell;1;Emilio Pagan;0,9735
Harold Treadwell;2;Steve Crawford;0,9725
Harold Treadwell;3;Brandon Morrow;0,9669
Harold Treadwell;4;Casey Fossum;0,9641
Harold Treadwell;5;Terry Mathews;0,9585
Harrison Bader;1;Ben Oglivie;0,9285
Harrison Bader;2;Lourdes Gurriel;0,9244
Harrison Bader;3;Dizzy Trout;0,9223
Harrison Bader;4;Bake McBride;0,9159
Harrison Bader;5;Samuel Byrd;0,9103
Harry Bemis;1;Gil Hatfield;0,9057
Harry Bemis;2;Clark Griffith;0,849
Harry Bemis;3;Harold Reynolds;0,8453
Harry Bemis;4;Josh Reddick;0,8283
Harry Bemis;5;Hunter Pence;0,8224
Harry Brecheen;1;Chuck Dobson;0,9501
Harry Brecheen;2;Elmer Riddle;0,9497
Harry Brecheen;3;Bryse Wilson;0,9487
Harry Brecheen;4;Brian Wilson;0,9431
Harry Brecheen;5;Ranger Suarez;0,9311
Harry Buckner;1;Adam Melhuse;0,951
Harry Buckner;2;Jeff McNeil;0,9357
Harry Buckner;3;Dolph Camilli;0,9117
Harry Buckner;4;Scot Thompson;0,9077
Harry Buckner;5;Casey McGehee;0,9025
Harry Chiti;1;Scott Bradley;0,992
Harry Chiti;2;Jack Phillips;0,9782
Harry Chiti;3;Johnny Wyrostek;0,9769
Harry Chiti;4;Brian Matusz;0,9762
Harry Chiti;5;Dennis Powell;0,9762
Harry Coveleski;1;Phil Hughes;0,9371
Harry Coveleski;2;Burt Shotton;0,9339
Harry Coveleski;3;Tony Kemp;0,919
Harry Coveleski;4;Danny Frisella;0,9184
Harry Coveleski;5;Reid Nichols;0,911
Harry Danning;1;Don Pavletich;0,8886
Harry Danning;2;Mike Lowell;0,8715
Harry Danning;3;Christy Mathewson;0,8682
Harry Danning;4;Mickey McDermott;0,8427
Harry Danning;5;Steve Jeltz;0,8357
Harry Davis;1;Harry Kenyon;0,8846
Harry Davis;2;Boog Powell;0,8517
Harry Davis;3;Justin Masterson;0,8484
Harry Davis;4;Jimmy Callahan;0,8474
Harry Davis;5;Chick Fewster;0,829
Harry Eisenstat;1;Chris Devenski;0,9999
Harry Eisenstat;2;Corey Knebel;0,9999
Harry Eisenstat;3;Jose Veras;0,9999
Harry Eisenstat;4;Randall Delgado;0,9998
Harry Eisenstat;5;Heath Hembree;0,9937
Harry Gumbert;1;Wes Stock;0,9823
Harry Gumbert;2;Roy Smith;0,9812
Harry Gumbert;3;Joe Koppe;0,9807
Harry Gumbert;4;Sammy Esposito;0,9784
Harry Gumbert;5;Subby Byas;0,9773
Harry Harper;1;Jerry Denny;0,9827
Harry Harper;2;Billy Sunday;0,9796
Harry Harper;3;Justin Upton;0,9674
Harry Harper;4;Eddie Plank;0,9671
Harry Harper;5;Jim Wynn;0,9586
Harry Heilmann;1;Bill Gleason;0,847
Harry Heilmann;2;Tim Burke;0,8419
Harry Heilmann;3;Oscar Judd;0,8355
Harry Heilmann;4;Max Muncy;0,8312
Harry Heilmann;5;Gary Varsho;0,8263
Harry Hooper;1;Josh Bell;0,9607
Harry Hooper;2;T. J. Mathews;0,9577
Harry Hooper;3;Pink Hawley;0,9418
Harry Hooper;4;Tex Clevenger;0,9417
Harry Hooper;5;Chris Heisey;0,9366
Harry Howell;1;Ryan Hanigan;0,9309
Harry Howell;2;Lou Louden;0,9253
Harry Howell;3;Dick Tracewski;0,9121
Harry Howell;4;Alex Verdugo;0,8991
Harry Howell;5;Alex Ochoa;0,8912
Harry Jeffries;1;Eddie Williams;0,8656
Harry Jeffries;2;Isiah Kiner-Falefa;0,8442
Harry Jeffries;3;Matt Harrison;0,8439
Harry Jeffries;4;Chick Shorten;0,843
Harry Jeffries;5;Darrin Jackson;0,8246
Harry Kenyon;1;Rick White;0,9223
Harry Kenyon;2;Chick Fewster;0,9143
Harry Kenyon;3;Jim Holdsworth;0,8998
Harry Kenyon;4;Harry Davis;0,8846
Harry Kenyon;5;Joe Rudi;0,8845
Harry Kincannon;1;T. J. McFarland;0,9651
Harry Kincannon;2;Harry Smith;0,9582
Harry Kincannon;3;Walter Ball;0,9459
Harry Kincannon;4;Jim Hannan;0,9376
Harry Kincannon;5;Harry Lord;0,9325
Harry Lord;1;Pedro Martinez;0,9485
Harry Lord;2;Harry Kincannon;0,9325
Harry Lord;3;Paul Hines;0,9192
Harry Lord;4;Wayne Carr;0,9054
Harry Lord;5;Kirk Rueter;0,9038
Harry McCurdy;1;Charley O'Leary;0,9228
Harry McCurdy;2;Mike Tresh;0,9145
Harry McCurdy;3;Richie Hebner;0,9127
Harry McCurdy;4;Barney McCosky;0,8582
Harry McCurdy;5;Billy Hoy;0,8571
Harry McIntire;1;Ron Hunt;0,9425
Harry McIntire;2;Pedro Borbon;0,9099
Harry McIntire;3;Ray Durham;0,9085
Harry McIntire;4;Dale Sveum;0,9033
Harry McIntire;5;Bob Jones;0,8848
Harry Moore;1;Derek Law;0,8848
Harry Moore;2;Mike Laga;0,8832
Harry Moore;3;Dean Stone;0,8613
Harry Moore;4;Doug Camilli;0,8402
Harry Moore;5;Jimmie Schaffer;0,838
Harry Perkowski;1;Gary Woods;0,9663
Harry Perkowski;2;Dave Stieb;0,9624
Harry Perkowski;3;Rosy Ryan;0,9597
Harry Perkowski;4;Tommy Pham;0,9535
Harry Perkowski;5;Wally Bunker;0,95
Harry Rice;1;Ken Silvestri;0,9854
Harry Rice;2;Al Milnar;0,9664
Harry Rice;3;Nate Jones;0,965
Harry Rice;4;Ehire Adrianza;0,9521
Harry Rice;5;George Zuverink;0,9437
Harry Salmon;1;Eustaquio Pedroso;0,9716
Harry Salmon;2;Webster McDonald;0,9303
Harry Salmon;3;Matt Clement;0,9053
Harry Salmon;4;Randy Lerch;0,8913
Harry Salmon;5;Jack Meyers;0,8844
Harry Schafer;1;Roosevelt Davis;0,963
Harry Schafer;2;Dick Higham;0,9434
Harry Schafer;3;Darrell Evans;0,9326
Harry Schafer;4;Bill Joyce;0,9129
Harry Schafer;5;John Denny;0,8956
Harry Simpson;1;Dan Meyer;0,9706
Harry Simpson;2;Dick Howser;0,9428
Harry Simpson;3;Aaron Judge;0,938
Harry Simpson;4;Brad Komminsk;0,9348
Harry Simpson;5;Robert Person;0,9335
Harry Smith;1;Harry Kincannon;0,9582
Harry Smith;2;Bill Stafford;0,945
Harry Smith;3;Neal Cotts;0,9343
Harry Smith;4;Herb Barnhill;0,9282
Harry Smith;5;T. J. McFarland;0,9251
Harry Spilman;1;Nelson Figueroa;0,9139
Harry Spilman;2;Roy Face;0,9132
Harry Spilman;3;J. R. Murphy;0,91
Harry Spilman;4;Pat Neshek;0,8711
Harry Spilman;5;Shawn Camp;0,8684
Harry Staley;1;Mike Mitchell;0,9645
Harry Staley;2;John Huber;0,9393
Harry Staley;3;Sandy Consuegra;0,9319
Harry Staley;4;Luke Weaver;0,9238
Harry Staley;5;Tyler Naquin;0,9082
Harry Steinfeldt;1;Frank Owen;0,9312
Harry Steinfeldt;2;Tanner Roark;0,9282
Harry Steinfeldt;3;David Eckstein;0,9166
Harry Steinfeldt;4;Bob Kipper;0,9035
Harry Steinfeldt;5;Glenn Hoffman;0,8992
Harry Stovey;1;Reese McGuire;0,9328
Harry Stovey;2;Pete Washington;0,9302
Harry Stovey;3;Pinch Thomas;0,9026
Harry Stovey;4;David Bell;0,9018
Harry Stovey;5;David Howard;0,8969
Harry Walker;1;Jack Taylor;0,9728
Harry Walker;2;Scott Bradley;0,9717
Harry Walker;3;Matt Franco;0,958
Harry Walker;4;Jack Phillips;0,9512
Harry Walker;5;Jim Piersall;0,9486
Harry Williams;1;Perry Hall;0,9331
Harry Williams;2;Matt Shoemaker;0,9079
Harry Williams;3;Bob Humphreys;0,8981
Harry Williams;4;Franklin Morales;0,8897
Harry Williams;5;Ranger Suarez;0,8865
Harry Wolverton;1;Tex Clevenger;0,9837
Harry Wolverton;2;Chris Heisey;0,9518
Harry Wolverton;3;Tommy Bond;0,9426
Harry Wolverton;4;Max Alvis;0,939
Harry Wolverton;5;Art Shamsky;0,9245
Harvey Haddix;1;Socks Seibold;0,9572
Harvey Haddix;2;Babe Pinelli;0,9562
Harvey Haddix;3;Ownie Carroll;0,9339
Harvey Haddix;4;Trevor Bauer;0,9329
Harvey Haddix;5;Charlie Hargreaves;0,9304
Harvey Hendrick;1;Ronald Acuña;0,8919
Harvey Hendrick;2;Jack Dunn;0,8793
Harvey Hendrick;3;Derek Lilliquist;0,8721
Harvey Hendrick;4;Dwayne Henry;0,843
Harvey Hendrick;5;Danny Jansen;0,8357
Harvey Kuenn;1;Ed Andrews;0,8865
Harvey Kuenn;2;Len Gabrielson;0,8563
Harvey Kuenn;3;Steve Sundra;0,8477
Harvey Kuenn;4;Jeff Frye;0,8333
Harvey Kuenn;5;Barry Jones;0,812
Hawk Taylor;1;Neal Heaton;0,9432
Hawk Taylor;2;Lary Sorensen;0,9372
Hawk Taylor;3;Bob Dernier;0,9286
Hawk Taylor;4;Shawn Camp;0,9048
Hawk Taylor;5;Phil Maton;0,9019
Heath Bell;1;Grant Balfour;1,0
Heath Bell;2;Jouett Meekin;0,9961
Heath Bell;3;Tanyon Sturtze;0,9938
Heath Bell;4;Robbie Ray;0,9924
Heath Bell;5;Merv Shea;0,9923
Heath Hembree;1;Roger Moret;0,9994
Heath Hembree;2;Randall Delgado;0,9957
Heath Hembree;3;Harry Eisenstat;0,9937
Heath Hembree;4;Chris Devenski;0,9922
Heath Hembree;5;Corey Knebel;0,9919
Heathcliff Slocumb;1;Albie Lopez;0,932
Heathcliff Slocumb;2;Jim Ray;0,9294
Heathcliff Slocumb;3;Troy Percival;0,9192
Heathcliff Slocumb;4;Mike Simms;0,9024
Heathcliff Slocumb;5;Fritz Buelow;0,902
Heavy Johnson;1;Steve Henderson;0,9522
Heavy Johnson;2;Manuel Margot;0,9509
Heavy Johnson;3;Carlos Garcia;0,948
Heavy Johnson;4;Jim Willis;0,9465
Heavy Johnson;5;Dan Pasqua;0,9458
Hector Carrasco;1;J. R. Murphy;0,8477
Hector Carrasco;2;Phil Coke;0,8388
Hector Carrasco;3;David Wright;0,8382
Hector Carrasco;4;Bernie Carbo;0,8225
Hector Carrasco;5;Mitch Williams;0,8063
Hector Cruz;1;George Moriarty;0,9547
Hector Cruz;2;Ned Garver;0,9451
Hector Cruz;3;Boog Powell;0,9403
Hector Cruz;4;Bobby Higginson;0,9347
Hector Cruz;5;Billy Werber;0,934
Hector Lopez;1;Les Bell;0,9121
Hector Lopez;2;Paul Dean;0,9047
Hector Lopez;3;Kaiser Wilhelm;0,8742
Hector Lopez;4;Lou Collier;0,8462
Hector Lopez;5;Jimmy Barrett;0,8371
Hector Neris;1;Duke Snider;0,906
Hector Neris;2;Cliff Politte;0,9003
Hector Neris;3;Charlie Grant;0,8811
Hector Neris;4;Carlos Marmol;0,8777
Hector Neris;5;Frank Gibson;0,8733
Hector Santiago;1;David Hernandez;0,9756
Hector Santiago;2;Wayne Kirby;0,9509
Hector Santiago;3;Gene Garber;0,9293
Hector Santiago;4;Ryan Ludwick;0,9118
Hector Santiago;5;Ramon Santiago;0,8987
Hector Torres;1;Bill Walker;0,9512
Hector Torres;2;George Wood;0,9179
Hector Torres;3;Jimmy Callahan;0,9035
Hector Torres;4;Jorge Fabregas;0,8774
Hector Torres;5;Gio Urshela;0,8648
Heinie Groh;1;Brad Komminsk;0,9735
Heinie Groh;2;Cal Abrams;0,9683
Heinie Groh;3;Gene Michael;0,9647
Heinie Groh;4;Robert Person;0,958
Heinie Groh;5;Jimmy Hill;0,9548
Heinie Manush;1;Bill Hinchman;0,9373
Heinie Manush;2;Steven Souza;0,9197
Heinie Manush;3;Fritz Dorish;0,9192
Heinie Manush;4;Tommy Henrich;0,9121
Heinie Manush;5;John Reilly;0,9107
Heinie Mueller;1;Jay Gibbons;0,9132
Heinie Mueller;2;Kiko Garcia;0,8938
Heinie Mueller;3;Stan Spence;0,8938
Heinie Mueller;4;Bill Freehan;0,8768
Heinie Mueller;5;Phil Garner;0,821
Heinie Peitz;1;Connie Rector;0,9614
Heinie Peitz;2;Johnny Bench;0,9515
Heinie Peitz;3;Mike Epstein;0,919
Heinie Peitz;4;Hank DeBerry;0,8994
Heinie Peitz;5;Davey Lopes;0,898
Heinie Wagner;1;Mark Carreon;0,9735
Heinie Wagner;2;Hal Naragon;0,9593
Heinie Wagner;3;Frank Isbell;0,9539
Heinie Wagner;4;Roy Smith;0,9493
Heinie Wagner;5;Rich Becker;0,9412
Heinie Zimmerman;1;Jim Gosger;0,9516
Heinie Zimmerman;2;Travis Wood;0,9506
Heinie Zimmerman;3;Snuffy Stirnweiss;0,9435
Heinie Zimmerman;4;Raymond Taylor;0,9421
Heinie Zimmerman;5;Austin Hays;0,9397
Henry Blanco;1;Glen Hobbie;0,9197
Henry Blanco;2;Yuniesky Betancourt;0,9167
Henry Blanco;3;Marvin Benard;0,9035
Henry Blanco;4;Travis Shaw;0,8957
Henry Blanco;5;Mike Epstein;0,8797
Henry Cotto;1;Jim Busby;0,9754
Henry Cotto;2;Jerry McNertney;0,9199
Henry Cotto;3;Putsy Caballero;0,9123
Henry Cotto;4;Rafael Ramirez;0,8795
Henry Cotto;5;Benny Ayala;0,8605
Henry Kimbro;1;Ted Alexander;0,9546
Henry Kimbro;2;Ken Silvestri;0,8784
Henry Kimbro;3;Nate Jones;0,8741
Henry Kimbro;4;Eddie Pellagrini;0,8649
Henry Kimbro;5;Bob Aspromonte;0,8629
Henry Larkin;1;Cozy Dolan;0,9666
Henry Larkin;2;Bill Wambsganss;0,9618
Henry Larkin;3;Jack Burdock;0,9521
Henry Larkin;4;Buck Herzog;0,9509
Henry Larkin;5;Tex Clevenger;0,9473
Henry McHenry;1;Paul Bako;0,9236
Henry McHenry;2;Andres Torres;0,9152
Henry McHenry;3;Gerardo Parra;0,8826
Henry McHenry;4;Pete Whisenant;0,8631
Henry McHenry;5;Lloyd Moseby;0,8602
Henry Merchant;1;Rodney Scott;0,9635
Henry Merchant;2;Larry Stahl;0,954
Henry Merchant;3;Jarrod Dyson;0,9517
Henry Merchant;4;Otis Nixon;0,9455
Henry Merchant;5;George Zuverink;0,9393
Henry Miller;1;Martín Dihigo;0,9847
Henry Miller;2;Gerald Young;0,9831
Henry Miller;3;Leniel Hooker;0,983
Henry Miller;4;Larry Casian;0,983
Henry Miller;5;Brian Dorsett;0,9829
Henry Rodriguez;1;Joe Strong;0,9904
Henry Rodriguez;2;Todd Frohwirth;0,9886
Henry Rodriguez;3;Jonathan Loaisiga;0,9852
Henry Rodriguez;4;Drew Storen;0,9852
Henry Rodriguez;5;Justin Duchscherer;0,9852
Henry Spearman;1;Johnny Blanchard;0,9452
Henry Spearman;2;Al Newman;0,9123
Henry Spearman;3;Fran Healy;0,9108
Henry Spearman;4;Rick Cerone;0,9068
Henry Spearman;5;Roy Cullenbine;0,902
Henry Williams;1;Mark Johnson;0,9853
Henry Williams;2;Jelly Taylor;0,9716
Henry Williams;3;Trevor Rosenthal;0,9688
Henry Williams;4;Trevor Richards;0,9639
Henry Williams;5;Pedro Alvarez;0,9615
Herb Barnhill;1;Jim Hannan;0,9751
Herb Barnhill;2;Tim Hill;0,9339
Herb Barnhill;3;Harry Smith;0,9282
Herb Barnhill;4;Eddie Kasko;0,924
Herb Barnhill;5;Manny Sanguillen;0,9205
Herb Pennock;1;Amaury Telemaco;0,907
Herb Pennock;2;Sol White;0,8761
Herb Pennock;3;Hector Santiago;0,873
Herb Pennock;4;Albie Pearson;0,8509
Herb Pennock;5;David Hernandez;0,8423
Herb Score;1;Chris Davis;0,9625
Herb Score;2;Brandon Phillips;0,952
Herb Score;3;Peter Moylan;0,9429
Herb Score;4;Jamie Easterly;0,9425
Herb Score;5;Bud Podbielan;0,9403
Herb Souell;1;Rene Gonzales;0,8362
Herb Souell;2;Scott Fletcher;0,8288
Herb Souell;3;Tom York;0,8001
Herb Souell;4;Bob Stanley;0,7957
Herb Souell;5;Homer Summa;0,7925
Herbert Perry;1;Alex Carrasquel;0,8881
Herbert Perry;2;Clay Kirby;0,8856
Herbert Perry;3;Sandy Consuegra;0,8855
Herbert Perry;4;Jim Tobin;0,8622
Herbert Perry;5;Joe Cunningham;0,8457
Herm Wehmeier;1;Wilson Ramos;0,8821
Herm Wehmeier;2;Buster Posey;0,8751
Herm Wehmeier;3;Lou Louden;0,871
Herm Wehmeier;4;Carson Kelly;0,8671
Herm Wehmeier;5;Dick Dietz;0,8631
Herm Winningham;1;Danny Green;0,9328
Herm Winningham;2;Richard Dotson;0,8977
Herm Winningham;3;Scott Leius;0,8964
Herm Winningham;4;Ichiro Suzuki;0,8941
Herm Winningham;5;Don Money;0,8847
Herman Bell;1;Ed Farmer;0,9702
Herman Bell;2;Shelby Miller;0,9456
Herman Bell;3;Gerald Perry;0,9428
Herman Bell;4;Ken Ryan;0,9421
Herman Bell;5;Daisuke Matsuzaka;0,9402
Herman Long;1;Jimmy Bloodworth;0,932
Herman Long;2;Ray Dandridge;0,9261
Herman Long;3;Gene Oliver;0,9233
Herman Long;4;Luis Avilan;0,9217
Herman Long;5;Mike Squires;0,9121
Hernan Perez;1;Mark Koenig;0,8829
Hernan Perez;2;Larry Cox;0,8654
Hernan Perez;3;Steve Trout;0,859
Hernan Perez;4;Mark McLemore;0,8316
Hernan Perez;5;Tim Laudner;0,8239
Hi Myers;1;Johnny Wyrostek;0,9663
Hi Myers;2;Welington Castillo;0,9657
Hi Myers;3;Chris Widger;0,9655
Hi Myers;4;Marty Perez;0,964
Hi Myers;5;Scott Bradley;0,9623
Hick Carpenter;1;Curt Walker;0,9576
Hick Carpenter;2;Art Wilson;0,9427
Hick Carpenter;3;Jack Farrell;0,933
Hick Carpenter;4;Dave Clark;0,9182
Hick Carpenter;5;Hal Wagner;0,9138
Hideki Matsui;1;Johnny Lipon;0,9408
Hideki Matsui;2;Jeff Huson;0,8727
Hideki Matsui;3;Gerardo Parra;0,8579
Hideki Matsui;4;Bobby Doerr;0,8553
Hideki Matsui;5;Pat Corrales;0,8548
Hideo Nomo;1;Carlos Estevez;0,9708
Hideo Nomo;2;Neftali Feliz;0,9393
Hideo Nomo;3;Mel Rojas;0,9137
Hideo Nomo;4;Oscar Judd;0,9117
Hideo Nomo;5;John Richmond;0,9098
Hilton Smith;1;Brian Daubach;0,9131
Hilton Smith;2;Scott Eyre;0,8915
Hilton Smith;3;Scott Livingstone;0,8815
Hilton Smith;4;Dick Bosman;0,8798
Hilton Smith;5;Andy Hansen;0,8745
Hipolito Pichardo;1;Rafael Soriano;0,9916
Hipolito Pichardo;2;Jack Tobin;0,9713
Hipolito Pichardo;3;Christian Walker;0,9467
Hipolito Pichardo;4;Felix Evans;0,9457
Hipolito Pichardo;5;Matt Sinatro;0,9439
Hippo Vaughn;1;Mike Andrews;0,9254
Hippo Vaughn;2;Lee Walls;0,909
Hippo Vaughn;3;Mike Clevinger;0,8582
Hippo Vaughn;4;Zack Wheeler;0,8556
Hippo Vaughn;5;Philip Gosselin;0,851
Hiram Bocachica;1;Tony Womack;0,9876
Hiram Bocachica;2;Johnny Antonelli;0,9628
Hiram Bocachica;3;Carlos Torres;0,9581
Hiram Bocachica;4;Tony Muser;0,9568
Hiram Bocachica;5;Johnny Hodapp;0,9556
Hobe Ferris;1;John Irwin;0,9709
Hobe Ferris;2;Charley Bassett;0,9593
Hobe Ferris;3;Edgar Wesley;0,9523
Hobe Ferris;4;Victor Caratini;0,9423
Hobe Ferris;5;Vicente Rodríguez;0,9351
Hobie Landrith;1;Fred Carroll;0,9286
Hobie Landrith;2;Yorkis Perez;0,9065
Hobie Landrith;3;Carlos Sanchez;0,8908
Hobie Landrith;4;Omar Quintanilla;0,8512
Hobie Landrith;5;Calvin Schiraldi;0,8418
Hoby Milner;1;Jim Mecir;1,0
Hoby Milner;2;Dave Eiland;1,0
Hoby Milner;3;Rafael Betancourt;1,0
Hoby Milner;4;Chris Hatcher;1,0
Hoby Milner;5;Tanyon Sturtze;1,0
Hollis Thurston;1;Jose Contreras;0,9487
Hollis Thurston;2;Adam LaRoche;0,9013
Hollis Thurston;3;Raisel Iglesias;0,8894
Hollis Thurston;4;Allen Watson;0,8607
Hollis Thurston;5;Juan Lagares;0,8535
Home Run Baker;1;Walker Cooper;0,8629
Home Run Baker;2;Billy Bryan;0,8594
Home Run Baker;3;Bobby Abreu;0,8536
Home Run Baker;4;Rey Sanchez;0,848
Home Run Baker;5;Daniel Descalso;0,8433
Homer Bailey;1;Chuck Crim;0,9636
Homer Bailey;2;Stu Martin;0,9629
Homer Bailey;3;Pepper Daniels;0,9584
Homer Bailey;4;Jorge Velandia;0,9513
Homer Bailey;5;Gene Baker;0,9468
Homer Summa;1;Gil Hatfield;0,8594
Homer Summa;2;Desi Relaford;0,8179
Homer Summa;3;Joe Gibbon;0,8129
Homer Summa;4;Willie Wells;0,8053
Homer Summa;5;Bernard Gilkey;0,8036
Honus Wagner;1;Blainey Hall;0,9731
Honus Wagner;2;Max Butcher;0,9316
Honus Wagner;3;Gordon Rhodes;0,8718
Honus Wagner;4;Tito Landrum;0,8589
Honus Wagner;5;Jacque Jones;0,8346
Hooks Dauss;1;Pearl Webster;0,9485
Hooks Dauss;2;Roy Cullenbine;0,9373
Hooks Dauss;3;Joey Amalfitano;0,926
Hooks Dauss;4;Don Carrithers;0,9228
Hooks Dauss;5;Trevor Wilson;0,9118
Hooks Wiltse;1;Pat Meares;0,9299
Hooks Wiltse;2;Luis Rivas;0,9269
Hooks Wiltse;3;Chris Turner;0,9247
Hooks Wiltse;4;Ron Brand;0,916
Hooks Wiltse;5;Jim McDonald;0,9141
Hoot Evers;1;Tex Carleton;0,9056
Hoot Evers;2;Zack Wheat;0,903
Hoot Evers;3;Jakob Junis;0,8765
Hoot Evers;4;Don Stanhouse;0,8611
Hoot Evers;5;Paul Hines;0,8594
Horace Clarke;1;Nippy Jones;0,9744
Horace Clarke;2;Joe Hornung;0,9723
Horace Clarke;3;Cesar Hernandez;0,9701
Horace Clarke;4;Alfonso Soriano;0,969
Horace Clarke;5;Sherry Magee;0,968
Horace Ford;1;Lee Thomas;0,9129
Horace Ford;2;Dick Brown;0,8848
Horace Ford;3;Mike Schmidt;0,8588
Horace Ford;4;Bill Sweeney;0,8573
Horace Ford;5;Jim Landis;0,8565
Horace Lisenbee;1;Tommy Thevenow;0,9233
Horace Lisenbee;2;Juan Nicasio;0,9131
Horace Lisenbee;3;Ruben Jones;0,9013
Horace Lisenbee;4;Doug McWeeny;0,894
Horace Lisenbee;5;Darryl Strawberry;0,8939
Horacio Pina;1;Ryan Franklin;0,9871
Horacio Pina;2;Red Lucas;0,9767
Horacio Pina;3;Rich Monteleone;0,9463
Horacio Pina;4;Carlos Quentin;0,9425
Horacio Pina;5;Bill Gullickson;0,9204
Horacio Ramirez;1;Whitey Lockman;0,9833
Horacio Ramirez;2;Otis Nixon;0,9777
Horacio Ramirez;3;Don Zimmer;0,9652
Horacio Ramirez;4;George Zuverink;0,9581
Horacio Ramirez;5;Monte Cross;0,9483
Hoss Walker;1;Terry Humphrey;0,8874
Hoss Walker;2;Lloyd Moseby;0,8568
Hoss Walker;3;Juan Padrón;0,8275
Hoss Walker;4;Henry McHenry;0,8118
Hoss Walker;5;Ramon Laureano;0,8009
Howard Ehmke;1;Eric Haase;0,9624
Howard Ehmke;2;Garrett Atkins;0,9608
Howard Ehmke;3;Cal Abrams;0,9526
Howard Ehmke;4;Nate Robertson;0,9453
Howard Ehmke;5;Patsy Flaherty;0,9418
Howard Johnson;1;Bill James;0,9585
Howard Johnson;2;Wesley Wright;0,9382
Howard Johnson;3;Tim Spehr;0,9217
Howard Johnson;4;Turner Barber;0,9178
Howard Johnson;5;Braggo Roth;0,9176
Howie Camnitz;1;Todd Greene;0,9195
Howie Camnitz;2;Chubby Dean;0,884
Howie Camnitz;3;Joe Glenn;0,8837
Howie Camnitz;4;Jon Berti;0,8812
Howie Camnitz;5;Kyle Higashioka;0,8705
Howie Fox;1;Kyle Davies;0,949
Howie Fox;2;Mike LaValliere;0,9329
Howie Fox;3;Cliff Johnson;0,9193
Howie Fox;4;Gene Freese;0,9095
Howie Fox;5;Pete Castiglione;0,9091
Howie Kendrick;1;Walker Buehler;0,9719
Howie Kendrick;2;Tiny Bonham;0,9512
Howie Kendrick;3;D'Angelo Jimenez;0,9034
Howie Kendrick;4;Brian Daubach;0,8526
Howie Kendrick;5;Joe Spencer;0,8273
Howie Pollet;1;Chris Jones;0,9348
Howie Pollet;2;Wallace Johnson;0,9282
Howie Pollet;3;Jolbert Cabrera;0,9243
Howie Pollet;4;Jeff DaVanon;0,8892
Howie Pollet;5;Steve Dillard;0,8598
Howie Reed;1;Ray Moore;0,9881
Howie Reed;2;Hal Carlson;0,9862
Howie Reed;3;Bip Roberts;0,9804
Howie Reed;4;Sherry Robertson;0,9791
Howie Reed;5;Chuck McElroy;0,9786
Howie Shanks;1;Hanser Alberto;0,9158
Howie Shanks;2;Pat Putnam;0,903
Howie Shanks;3;Rich Reese;0,8755
Howie Shanks;4;Leroy Stanton;0,874
Howie Shanks;5;Ranger Suarez;0,8646
Hoyt Wilhelm;1;Bill Sweeney;0,9286
Hoyt Wilhelm;2;Travis Jankowski;0,89
Hoyt Wilhelm;3;Taylor Rogers;0,8895
Hoyt Wilhelm;4;Rhys Hoskins;0,8847
Hoyt Wilhelm;5;Joe Lis;0,8805
Hubie Brooks;1;Derek Dietrich;0,9447
Hubie Brooks;2;Lou Collier;0,9273
Hubie Brooks;3;Pete Vuckovich;0,9212
Hubie Brooks;4;Marv Grissom;0,8985
Hubie Brooks;5;Miguel Sano;0,8906
Huck Betts;1;Blix Donnelly;0,9429
Huck Betts;2;Jeff Robinson;0,8946
Huck Betts;3;Matt Clement;0,866
Huck Betts;4;Johnny Washington;0,8607
Huck Betts;5;Brad Hawpe;0,8543
Hugh Casey;1;Phil Bradley;0,9532
Hugh Casey;2;Cam Carreon;0,9507
Hugh Casey;3;Brandon Morrow;0,9447
Hugh Casey;4;Steve Crawford;0,9419
Hugh Casey;5;Emilio Pagan;0,93
Hugh Duffy;1;Art Shamsky;0,9672
Hugh Duffy;2;George Earnshaw;0,9454
Hugh Duffy;3;Aubrey Huff;0,9362
Hugh Duffy;4;Jelly Jackson;0,9309
Hugh Duffy;5;Bob Harmon;0,9142
Hugh McQuillan;1;Miguel Sano;0,9016
Hugh McQuillan;2;Gene Packard;0,8993
Hugh McQuillan;3;Jeff Manto;0,8945
Hugh McQuillan;4;Dicta Johnson;0,8937
Hugh McQuillan;5;Pearl Webster;0,8883
Hugh Mulcahy;1;Jorge Cantu;0,9584
Hugh Mulcahy;2;Jose Bautista;0,9391
Hugh Mulcahy;3;Ender Inciarte;0,9168
Hugh Mulcahy;4;Buddy Rosar;0,9122
Hugh Mulcahy;5;Roy Welmaker;0,9118
Hugh Nicol;1;Johnny Damon;0,8997
Hugh Nicol;2;Red Kress;0,8972
Hugh Nicol;3;Chase Anderson;0,8771
Hugh Nicol;4;Bill Merritt;0,8728
Hugh Nicol;5;Craig Monroe;0,8719
Hughie Critz;1;Tom Brewer;0,9146
Hughie Critz;2;Joe Gordon;0,9042
Hughie Critz;3;Bill Carrigan;0,8966
Hughie Critz;4;Babe Pinelli;0,8883
Hughie Critz;5;Mike Guerra;0,8873
Hughie Jennings;1;Joaquin Benoit;0,9485
Hughie Jennings;2;Mike Garcia;0,9333
Hughie Jennings;3;Jimmie Lyons;0,9327
Hughie Jennings;4;Sean Newcomb;0,9296
Hughie Jennings;5;Bobby Adams;0,9236
Humberto Quintero;1;Blainey Hall;0,908
Humberto Quintero;2;Larry Benton;0,8533
Humberto Quintero;3;Mike Sadek;0,8504
Humberto Quintero;4;Fred Brickell;0,8282
Humberto Quintero;5;Max Butcher;0,8225
Hunter Pence;1;Bill Force;0,9032
Hunter Pence;2;Rudy Kemmler;0,8263
Hunter Pence;3;Harry Bemis;0,8224
Hunter Pence;4;Bubba Phillips;0,8187
Hunter Pence;5;George Weidman;0,8012
Hunter Renfroe;1;Kameron Loe;0,9708
Hunter Renfroe;2;Garrett Hampson;0,9673
Hunter Renfroe;3;Steve Gromek;0,9613
Hunter Renfroe;4;Leon Roberts;0,9605
Hunter Renfroe;5;Bucky Harris;0,9597
Hurley McNair;1;Ted Martinez;0,9653
Hurley McNair;2;Chico Fernandez;0,9326
Hurley McNair;3;Sam Fuld;0,9233
Hurley McNair;4;Joaquin Arias;0,8976
Hurley McNair;5;Eddie Milner;0,8805
Huston Street;1;Charlie Puleo;0,9284
Huston Street;2;Jerry Reed;0,9278
Huston Street;3;Byron Buxton;0,9203
Huston Street;4;Joey Amalfitano;0,9187
Huston Street;5;Ken Henderson;0,9027
Hyun Jin Ryu;1;Daisuke Matsuzaka;0,9807
Hyun Jin Ryu;2;Ken Ryan;0,9738
Hyun Jin Ryu;3;John Briggs;0,9697
Hyun Jin Ryu;4;Anthony DeSclafani;0,9627
Hyun Jin Ryu;5;Kerry Ligtenberg;0,9617
Ian Desmond;1;George Hemming;0,959
Ian Desmond;2;Dave McKay;0,9402
Ian Desmond;3;Cap Anson;0,917
Ian Desmond;4;Frank Scheibeck;0,9161
Ian Desmond;5;Art Devlin;0,9142
Ian Happ;1;Bill Cissell;0,95
Ian Happ;2;Bud Stewart;0,9464
Ian Happ;3;Marwin Gonzalez;0,9396
Ian Happ;4;Mo Vaughn;0,9247
Ian Happ;5;Jason Giambi;0,9092
Ian Kennedy;1;Bill Caudill;0,9934
Ian Kennedy;2;Max Manning;0,9875
Ian Kennedy;3;Brandon Duckworth;0,9763
Ian Kennedy;4;Scott Aldred;0,9735
Ian Kennedy;5;Brian Boehringer;0,9735
Ian Kinsler;1;Don Hoak;0,9015
Ian Kinsler;2;Kevin Stocker;0,8876
Ian Kinsler;3;Moe Berg;0,8514
Ian Kinsler;4;Carlos Silva;0,8469
Ian Kinsler;5;Andy Hawkins;0,8454
Ice Box Chamberlain;1;Ed Swartwood;0,9723
Ice Box Chamberlain;2;Willie Stargell;0,9718
Ice Box Chamberlain;3;Von Joshua;0,9718
Ice Box Chamberlain;4;Jackie Hernandez;0,9697
Ice Box Chamberlain;5;Byron Browne;0,9694
Ichiro Suzuki;1;Jerry Turner;0,9544
Ichiro Suzuki;2;Herm Winningham;0,8941
Ichiro Suzuki;3;Danny Green;0,8888
Ichiro Suzuki;4;Josh Wilson;0,8822
Ichiro Suzuki;5;Ted Uhlaender;0,8756
Ike Delock;1;Tony Piet;0,9137
Ike Delock;2;Mike Aviles;0,8739
Ike Delock;3;Chuck Diering;0,8708
Ike Delock;4;Felix Hernandez;0,8673
Ike Delock;5;Blake Snell;0,8652
Ildemaro Vargas;1;Bob Brenly;0,9838
Ildemaro Vargas;2;Mark Teixeira;0,983
Ildemaro Vargas;3;Sonny Jackson;0,9789
Ildemaro Vargas;4;Mike Boddicker;0,9788
Ildemaro Vargas;5;Pete Incaviglia;0,9782
Ira Flagstead;1;Rusty Peters;0,9624
Ira Flagstead;2;Mickey Klutts;0,9384
Ira Flagstead;3;Pop Smith;0,9289
Ira Flagstead;4;Sean Newcomb;0,9233
Ira Flagstead;5;Benji Gil;0,918
Ira Thomas;1;Don Kolloway;0,9606
Ira Thomas;2;Chad Wallach;0,9456
Ira Thomas;3;Brad Wilkerson;0,9374
Ira Thomas;4;Joe Evans;0,9312
Ira Thomas;5;Garrett Hampson;0,9301
Irish Meusel;1;Larry Hisle;0,9327
Irish Meusel;2;Tim Teufel;0,9309
Irish Meusel;3;Jack Crooks;0,9103
Irish Meusel;4;Fred Carroll;0,8813
Irish Meusel;5;Luis Urias;0,841
Irv Noren;1;Chris Turner;0,9756
Irv Noren;2;Woody Jensen;0,9613
Irv Noren;3;Brian Dorsett;0,9562
Irv Noren;4;Aaron Fultz;0,9562
Irv Noren;5;Jerry Walker;0,9562
Irvin Brooks;1;Bert Haas;0,9198
Irvin Brooks;2;Dave Cash;0,9196
Irvin Brooks;3;Buster Brown;0,911
Irvin Brooks;4;Ollie Brown;0,9026
Irvin Brooks;5;Jeff King;0,8904
Isiah Kiner-Falefa;1;Elrod Hendricks;0,9243
Isiah Kiner-Falefa;2;Vance Law;0,8662
Isiah Kiner-Falefa;3;Big Bill Smith;0,8524
Isiah Kiner-Falefa;4;Dave Philley;0,8519
Isiah Kiner-Falefa;5;Troy O'Leary;0,8459
Isidro Fabré;1;Chase Utley;0,9039
Isidro Fabré;2;Ed Phelps;0,8996
Isidro Fabré;3;George Bradley;0,8664
Isidro Fabré;4;Michael Bourn;0,8594
Isidro Fabré;5;Leroy Stanton;0,8521
Ismael Valdez;1;Ned Cuthbert;0,9443
Ismael Valdez;2;Ed Willett;0,9262
Ismael Valdez;3;Giancarlo Stanton;0,9229
Ismael Valdez;4;Randy Moffitt;0,921
Ismael Valdez;5;Brian Johnson;0,9197
Ival Goodman;1;Omar Infante;0,9014
Ival Goodman;2;Tex Carleton;0,8691
Ival Goodman;3;Pat Borders;0,8541
Ival Goodman;4;Wally Joyner;0,846
Ival Goodman;5;Mitch Garver;0,8437
Ivan Calderon;1;Joe McEwing;0,9335
Ivan Calderon;2;Michael Wuertz;0,9283
Ivan Calderon;3;Jose Alvarado;0,9256
Ivan Calderon;4;Trot Nixon;0,9162
Ivan Calderon;5;Rick Honeycutt;0,9115
Ivan Murrell;1;Johnny Groth;0,9733
Ivan Murrell;2;Freddy Peralta;0,9702
Ivan Murrell;3;Doug Bird;0,9613
Ivan Murrell;4;Mike Trombley;0,9602
Ivan Murrell;5;Ross Detwiler;0,957
Ivan Nova;1;Tyler Naquin;0,9263
Ivan Nova;2;Luke Weaver;0,9156
Ivan Nova;3;Johnny Markham;0,9081
Ivan Nova;4;Chien-Ming Wang;0,883
Ivan Nova;5;Joe Smith;0,8767
Ivan Rodriguez;1;Pepper Daniels;0,9592
Ivan Rodriguez;2;Frank Scheibeck;0,9519
Ivan Rodriguez;3;Rob Brantly;0,945
Ivan Rodriguez;4;Stu Martin;0,9441
Ivan Rodriguez;5;Chuck Crim;0,9386
Ivan de Jesus;1;Paul Blair;0,9447
Ivan de Jesus;2;Phil Garner;0,9381
Ivan de Jesus;3;Dave McNally;0,9334
Ivan de Jesus;4;Daniel Descalso;0,8966
Ivan de Jesus;5;Tony Lazzeri;0,8734
Ivey Wingo;1;Jimmy Hill;0,9838
Ivey Wingo;2;Sammy Stewart;0,9574
Ivey Wingo;3;Yandy Diaz;0,9484
Ivey Wingo;4;Wes Parker;0,9473
Ivey Wingo;5;Taylor Teagarden;0,9438
Ivy Andrews;1;Willis Hudlin;0,9169
Ivy Andrews;2;Framber Valdez;0,894
Ivy Andrews;3;Jim Maloney;0,8933
Ivy Andrews;4;Del Ennis;0,8928
Ivy Andrews;5;Eugene Bremer;0,8875
Ivy Olson;1;Alberto Callaspo;0,8746
Ivy Olson;2;Darwin Barney;0,8676
Ivy Olson;3;Andres Torres;0,8281
Ivy Olson;4;Ollie Pickering;0,8233
Ivy Olson;5;Phil Hughes;0,8114
J. A. Happ;1;Jonathan Sanchez;0,9638
J. A. Happ;2;Charlie Spikes;0,9593
J. A. Happ;3;Carl Willey;0,9445
J. A. Happ;4;Casey Patten;0,9373
J. A. Happ;5;Rawly Eastwick;0,9322
J. C. Martin;1;Tony Scott;0,9981
J. C. Martin;2;Sean Doolittle;0,9975
J. C. Martin;3;Joe Thatcher;0,9975
J. C. Martin;4;Blake Parker;0,9975
J. C. Martin;5;Luis Ayala;0,9975
J. C. Romero;1;Sandy Alcantara;0,9945
J. C. Romero;2;Mel Hall;0,9569
J. C. Romero;3;Mark Carreon;0,9303
J. C. Romero;4;Hal Naragon;0,9277
J. C. Romero;5;Joe Koppe;0,924
J. D. Davis;1;Pol Perritt;0,9297
J. D. Davis;2;Roger Repoz;0,8801
J. D. Davis;3;Ken Hill;0,8795
J. D. Davis;4;Dan Jennings;0,8731
J. D. Davis;5;Bob Moose;0,8703
J. D. Drew;1;Adam Melhuse;0,9307
J. D. Drew;2;Scot Thompson;0,9
J. D. Drew;3;Travis Snider;0,8961
J. D. Drew;4;Ralph Terry;0,8791
J. D. Drew;5;Jesse Barber;0,8751
J. D. Martinez;1;Monty Kennedy;0,8924
J. D. Martinez;2;Felix Jose;0,8588
J. D. Martinez;3;Ewell Blackwell;0,8555
J. D. Martinez;4;Ryan Lavarnway;0,8371
J. D. Martinez;5;Barry Foote;0,8306
J. J. Hardy;1;Tom McCreery;0,903
J. J. Hardy;2;Steve Sundra;0,8642
J. J. Hardy;3;Enrique Wilson;0,8628
J. J. Hardy;4;Flash Miller;0,8583
J. J. Hardy;5;Ed Andrews;0,835
J. J. Putz;1;Mike Laga;0,9843
J. J. Putz;2;Jamie Walker;0,9813
J. J. Putz;3;Derek Law;0,9736
J. J. Putz;4;Dean Stone;0,9527
J. J. Putz;5;Jimmie Schaffer;0,9259
J. P. Crawford;1;Juan Uribe;0,9789
J. P. Crawford;2;Rudy York;0,9644
J. P. Crawford;3;Bill Stoneman;0,9511
J. P. Crawford;4;Lamar Johnson;0,9425
J. P. Crawford;5;Hi Myers;0,9398
J. P. Howell;1;Drew Storen;1,0
J. P. Howell;2;Anthony Swarzak;1,0
J. P. Howell;3;Aaron Small;1,0
J. P. Howell;4;Buddy Carlyle;1,0
J. P. Howell;5;Ernie Camacho;1,0
J. R. Murphy;1;Jim Kern;0,9351
J. R. Murphy;2;Harry Spilman;0,91
J. R. Murphy;3;Phil Coke;0,9084
J. R. Murphy;4;Alex Kellner;0,9054
J. R. Murphy;5;Tim Stoddard;0,8853
J. R. Richard;1;Ted Lilly;0,9786
J. R. Richard;2;Ross Ohlendorf;0,9553
J. R. Richard;3;Mike Jeffcoat;0,9357
J. R. Richard;4;Juan Agosto;0,9309
J. R. Richard;5;Phil Maton;0,8775
J. T. Realmuto;1;Greg Gagne;0,9631
J. T. Realmuto;2;Babe Pinelli;0,9569
J. T. Realmuto;3;Garrett Hampson;0,9522
J. T. Realmuto;4;Mitch Garver;0,9494
J. T. Realmuto;5;Cal Abrams;0,9472
J. T. Snow;1;Carl Weilman;0,9151
J. T. Snow;2;Duane Kuiper;0,8744
J. T. Snow;3;Al Newman;0,8724
J. T. Snow;4;Ellie Rodriguez;0,8716
J. T. Snow;5;Wayne Twitchell;0,8563
Jabbo Andrews;1;Curt Blefary;0,9336
Jabbo Andrews;2;Carrenza Howard;0,8894
Jabbo Andrews;3;Pat Meares;0,8784
Jabbo Andrews;4;Ed Goodson;0,8633
Jabbo Andrews;5;Luis Rivas;0,8428
Jace Peterson;1;Lefty Calhoun;0,918
Jace Peterson;2;Pat Deasley;0,9053
Jace Peterson;3;Vic Aldridge;0,8781
Jace Peterson;4;David Riske;0,8709
Jace Peterson;5;Keith Miller;0,8675
Jack Aker;1;Alonzo Boone;0,9872
Jack Aker;2;Jim Presley;0,9661
Jack Aker;3;Ben McDonald;0,9341
Jack Aker;4;Bill Evans;0,9195
Jack Aker;5;Phil Marchildon;0,9179
Jack Baldschun;1;Dick Dietz;0,9287
Jack Baldschun;2;Jacob deGrom;0,8906
Jack Baldschun;3;Jim McCormick;0,887
Jack Baldschun;4;Chick Shorten;0,8815
Jack Baldschun;5;Steve Jeltz;0,8759
Jack Barry;1;Ernie Riles;0,9072
Jack Barry;2;Bill Phillips;0,8903
Jack Barry;3;Cristóbal Torriente;0,8586
Jack Barry;4;Lou Collier;0,8541
Jack Barry;5;Jeff Newman;0,8402
Jack Bentley;1;Jeff Shaw;0,9824
Jack Bentley;2;Leury Garcia;0,9656
Jack Bentley;3;Greg Allen;0,9636
Jack Bentley;4;Ken Williams;0,9617
Jack Bentley;5;Joe Beggs;0,959
Jack Billingham;1;John Corkhill;0,9212
Jack Billingham;2;Aaron Sanchez;0,8956
Jack Billingham;3;Wayne Nordhagen;0,8626
Jack Billingham;4;Shane Mack;0,8556
Jack Billingham;5;Julio Gotay;0,8541
Jack Boyle;1;Ira Thomas;0,9089
Jack Boyle;2;Don Kolloway;0,908
Jack Boyle;3;Mike Redmond;0,9034
Jack Boyle;4;Mark Mulder;0,8993
Jack Boyle;5;Donne Wall;0,8844
Jack Brohamer;1;Herb Barnhill;0,8652
Jack Brohamer;2;Bill Wegman;0,8628
Jack Brohamer;3;Harry Smith;0,8613
Jack Brohamer;4;Hoby Milner;0,8572
Jack Brohamer;5;Chris Hatcher;0,8572
Jack Burdock;1;Jiggs Donahue;0,9761
Jack Burdock;2;Henry Larkin;0,9521
Jack Burdock;3;George Decker;0,948
Jack Burdock;4;Brad Fullmer;0,945
Jack Burdock;5;Dan Meyer;0,9437
Jack Chesbro;1;George Hemming;0,9116
Jack Chesbro;2;Tom Satriano;0,9096
Jack Chesbro;3;Charlie Irwin;0,8921
Jack Chesbro;4;Charlie Deal;0,8787
Jack Chesbro;5;Jim Sundberg;0,8716
Jack Clark;1;Earle Combs;0,882
Jack Clark;2;Eric Karros;0,8627
Jack Clark;3;Bob Locker;0,8604
Jack Clark;4;Gary Thomasson;0,8593
Jack Clark;5;Dave Robertson;0,8458
Jack Clements;1;Bob Brenly;0,9773
Jack Clements;2;Sonny Jackson;0,9577
Jack Clements;3;Willie Calhoun;0,95
Jack Clements;4;Ildemaro Vargas;0,945
Jack Clements;5;Brad Fullmer;0,9415
Jack Coombs;1;David Huff;0,998
Jack Coombs;2;Tom Gorman;0,9887
Jack Coombs;3;Jeffrey Springs;0,9884
Jack Coombs;4;Dan Bankhead;0,9869
Jack Coombs;5;Carson Fulmer;0,9869
Jack Crooks;1;Felix Mantilla;0,9352
Jack Crooks;2;Dexter Fowler;0,9293
Jack Crooks;3;Steve Trout;0,9241
Jack Crooks;4;Irish Meusel;0,9103
Jack Crooks;5;Tim Teufel;0,8972
Jack Doyle;1;Mark Grudzielanek;0,9622
Jack Doyle;2;Bill White;0,9424
Jack Doyle;3;Bill McClellan;0,9341
Jack Doyle;4;Pete Runnels;0,9171
Jack Doyle;5;Jeff Newman;0,914
Jack Dunn;1;Lee Magee;0,8994
Jack Dunn;2;Ray Mueller;0,8896
Jack Dunn;3;Mack Eggleston;0,8877
Jack Dunn;4;Tito Landrum;0,8841
Jack Dunn;5;Tommy Byrne;0,8802
Jack Farrell;1;Hick Carpenter;0,933
Jack Farrell;2;Curt Walker;0,9153
Jack Farrell;3;Russell Branyan;0,8908
Jack Farrell;4;Roy Campanella;0,867
Jack Farrell;5;Al Lopez;0,8593
Jack Fisher;1;Bob Cerv;0,8574
Jack Fisher;2;Bob Seeds;0,8566
Jack Fisher;3;Jim Pendleton;0,8469
Jack Fisher;4;Red Smith;0,8465
Jack Fisher;5;Brett Tomko;0,8428
Jack Flaherty;1;Brad Keller;0,9906
Jack Flaherty;2;Tim Hill;0,9851
Jack Flaherty;3;Dennis Cook;0,9742
Jack Flaherty;4;Bob Wells;0,9717
Jack Flaherty;5;Rusty Meacham;0,9635
Jack Fournier;1;Adolfo Phillips;0,944
Jack Fournier;2;Ron Pruitt;0,9341
Jack Fournier;3;Big Bill Smith;0,9019
Jack Fournier;4;Jim McCormick;0,8791
Jack Fournier;5;Joe Christopher;0,8736
Jack Glasscock;1;Sam Trott;0,9146
Jack Glasscock;2;Alexei Ramirez;0,9001
Jack Glasscock;3;Jeremy Hermida;0,8534
Jack Glasscock;4;Phil Coke;0,8401
Jack Glasscock;5;Juan Rivera;0,8084
Jack Graney;1;Aaron Hill;0,8903
Jack Graney;2;Matt Capps;0,8876
Jack Graney;3;Joe Ross;0,8869
Jack Graney;4;Brandon Woodruff;0,8844
Jack Graney;5;Don Carrithers;0,8728
Jack Hamilton;1;Otis Starks;0,9981
Jack Hamilton;2;Casey Cox;0,9457
Jack Hamilton;3;Marco Scutaro;0,9431
Jack Hamilton;4;Stephen Strasburg;0,9305
Jack Hamilton;5;Ed Taubensee;0,9292
Jack Hannahan;1;Dan Ford;0,9562
Jack Hannahan;2;Gus Zernial;0,9372
Jack Hannahan;3;Matt Garza;0,9286
Jack Hannahan;4;Jack Sanford;0,9262
Jack Hannahan;5;Frank Bowerman;0,9076
Jack Harper;1;Joe Glenn;0,967
Jack Harper;2;Milt Gaston;0,9544
Jack Harper;3;Luis Lopez;0,9184
Jack Harper;4;Pat Putnam;0,9168
Jack Harper;5;Jorge Posada;0,9098
Jack Harshman;1;Joey Eischen;0,9628
Jack Harshman;2;Rick Langford;0,957
Jack Harshman;3;Reynaldo Lopez;0,9544
Jack Harshman;4;Andy Pafko;0,9395
Jack Harshman;5;Charlie Hough;0,9245
Jack Heidemann;1;Van Mungo;0,9021
Jack Heidemann;2;Byung-Hyun Kim;0,9014
Jack Heidemann;3;Eric Rasmussen;0,9001
Jack Heidemann;4;Midre Cummings;0,8986
Jack Heidemann;5;Darren Bragg;0,8968
Jack Hiatt;1;Eddie Pellagrini;0,9821
Jack Hiatt;2;Tommy Griffith;0,9775
Jack Hiatt;3;Roy Spencer;0,9722
Jack Hiatt;4;Kid Elberfeld;0,9712
Jack Hiatt;5;Jason Michaels;0,9684
Jack Howell;1;Joe Panik;0,9017
Jack Howell;2;Jim Roland;0,8934
Jack Howell;3;Pat Malone;0,8912
Jack Howell;4;Ron Hunt;0,8849
Jack Howell;5;Ed Glynn;0,8846
Jack Knott;1;Terry Puhl;0,9548
Jack Knott;2;Mitch Williams;0,953
Jack Knott;3;Lee Maye;0,8864
Jack Knott;4;Jim Johnson;0,8835
Jack Knott;5;Dmitri Young;0,8779
Jack Kralick;1;Quincy Trouppe;0,9564
Jack Kralick;2;Steve Ontiveros;0,956
Jack Kralick;3;Brian Dorsett;0,9543
Jack Kralick;4;Aaron Fultz;0,9543
Jack Kralick;5;Jerry Walker;0,9543
Jack Kramer;1;Kent Bottenfield;0,9564
Jack Kramer;2;Greg Allen;0,9394
Jack Kramer;3;Rick Aguilera;0,9383
Jack Kramer;4;Jim Clinton;0,9345
Jack Kramer;5;Jason Smith;0,93
Jack Lapp;1;Bronson Arroyo;0,9424
Jack Lapp;2;Tommy Dowd;0,9279
Jack Lapp;3;Shoeless Joe Jackson;0,9152
Jack Lapp;4;Cap Anson;0,9141
Jack Lapp;5;Paul Zuvella;0,9054
Jack Manning;1;Bob Oliver;0,882
Jack Manning;2;Bobby Brown;0,8799
Jack Manning;3;Larry Woodall;0,858
Jack Manning;4;Cherokee Fisher;0,8579
Jack Manning;5;Lew McCarty;0,8571
Jack Marshall;1;Bruce Petway;0,9725
Jack Marshall;2;Roy Smith;0,9714
Jack Marshall;3;Hal Naragon;0,9707
Jack Marshall;4;Subby Byas;0,968
Jack Marshall;5;Socks Seibold;0,9673
Jack McCarthy;1;Garrett Hampson;0,9398
Jack McCarthy;2;Cal Abrams;0,938
Jack McCarthy;3;Nap Rucker;0,9327
Jack McCarthy;4;Ray Chapman;0,9319
Jack McCarthy;5;Jason Michaels;0,9316
Jack McDowell;1;Carl Willis;0,9728
Jack McDowell;2;Jose Hernandez;0,9681
Jack McDowell;3;Doug Clemens;0,9664
Jack McDowell;4;Cap Peterson;0,966
Jack McDowell;5;Bill Zuber;0,9652
Jack Meyers;1;Riggs Stephenson;0,9507
Jack Meyers;2;Matt Clement;0,9378
Jack Meyers;3;Ned Hanlon;0,9202
Jack Meyers;4;Randy Wolf;0,9079
Jack Meyers;5;Webster McDonald;0,8945
Jack Morris;1;Hiram Bocachica;0,9084
Jack Morris;2;Ron Kittle;0,8897
Jack Morris;3;Johnny Antonelli;0,8766
Jack Morris;4;Tony Muser;0,8736
Jack Morris;5;Dale Berra;0,8732
Jack O'Brien;1;Randy Lerch;0,9177
Jack O'Brien;2;Dick Sisler;0,9091
Jack O'Brien;3;Mike Pagliarulo;0,9065
Jack O'Brien;4;Andy High;0,9025
Jack O'Brien;5;Jedd Gyorko;0,9008
Jack O'Connor;1;Charlie Mason;0,969
Jack O'Connor;2;Donne Wall;0,9579
Jack O'Connor;3;Keith Osik;0,9344
Jack O'Connor;4;John Moses;0,9277
Jack O'Connor;5;Mark Mulder;0,9148
Jack Pfiester;1;Carlos Marmol;0,9624
Jack Pfiester;2;Samuel Byrd;0,9516
Jack Pfiester;3;Stan Hack;0,9458
Jack Pfiester;4;Eddie Moore;0,9276
Jack Pfiester;5;Bernard Gilkey;0,9272
Jack Phillips;1;Chuck McElroy;0,9903
Jack Phillips;2;Craig Reynolds;0,989
Jack Phillips;3;Johnny Hodapp;0,9884
Jack Phillips;4;Bruce Chen;0,9881
Jack Phillips;5;Scott Bradley;0,9851
Jack Powell;1;Adolfo Phillips;0,961
Jack Powell;2;Cam Carreon;0,9154
Jack Powell;3;Joe Christopher;0,8768
Jack Powell;4;Stephen Vogt;0,8746
Jack Powell;5;Ramon Ramirez;0,8696
Jack Quinn;1;Barry Foote;0,8781
Jack Quinn;2;Dick Sisler;0,8634
Jack Quinn;3;Daniel Bard;0,8602
Jack Quinn;4;Monty Kennedy;0,8497
Jack Quinn;5;Ed Roebuck;0,8274
Jack Remsen;1;Tex Clevenger;0,9471
Jack Remsen;2;Ed Abbaticchio;0,9446
Jack Remsen;3;Joe Tinker;0,9392
Jack Remsen;4;Chuck Crim;0,9313
Jack Remsen;5;Willie Jones;0,9287
Jack Rothrock;1;Billy Clingman;0,9713
Jack Rothrock;2;Willie Davis;0,9671
Jack Rothrock;3;Johnny Hodapp;0,955
Jack Rothrock;4;Bert Gallia;0,9537
Jack Rothrock;5;Tom Henke;0,9531
Jack Rowe;1;Wally Westlake;0,8451
Jack Rowe;2;Dave Silvestri;0,781
Jack Rowe;3;Ray Mueller;0,7441
Jack Rowe;4;Jake Beckley;0,7364
Jack Rowe;5;Jorge Cantu;0,7281
Jack Russell;1;Ward Miller;0,9209
Jack Russell;2;Kirby Yates;0,9181
Jack Russell;3;Bill Voiselle;0,9075
Jack Russell;4;Mat Latos;0,9065
Jack Russell;5;Wilmer Difo;0,889
Jack Ryan;1;Ricky Jordan;0,8925
Jack Ryan;2;Edwin Encarnacion;0,8916
Jack Ryan;3;Ed Andrews;0,8864
Jack Ryan;4;Jack O'Brien;0,8712
Jack Ryan;5;Bill Merritt;0,8596
Jack Sanford;1;Jack Hannahan;0,9262
Jack Sanford;2;Orval Grove;0,9204
Jack Sanford;3;Neal Heaton;0,9087
Jack Sanford;4;Dutch Henry;0,9008
Jack Sanford;5;Preacher Henry;0,8759
Jack Scott;1;Alex Ochoa;0,9566
Jack Scott;2;Jake Powell;0,9498
Jack Scott;3;Craig Monroe;0,9237
Jack Scott;4;Mule Haas;0,886
Jack Scott;5;Win Mercer;0,8789
Jack Smith;1;Bill Dietrich;0,9135
Jack Smith;2;Toby Hall;0,9051
Jack Smith;3;Billy Sample;0,9013
Jack Smith;4;Joe Coleman;0,898
Jack Smith;5;Steve Barber;0,8964
Jack Stivetts;1;Rick Monday;0,8838
Jack Stivetts;2;Walter Johnson;0,8815
Jack Stivetts;3;Todd Benzinger;0,868
Jack Stivetts;4;Rick White;0,8662
Jack Stivetts;5;Bobby Doerr;0,864
Jack Taylor;1;Scott Bradley;0,9752
Jack Taylor;2;Harry Walker;0,9728
Jack Taylor;3;Ray Herbert;0,962
Jack Taylor;4;George Davis;0,9572
Jack Taylor;5;Jim Piersall;0,9572
Jack Tobin;1;Matt Sinatro;0,9837
Jack Tobin;2;Tim Mayza;0,9756
Jack Tobin;3;Carlos Reyes;0,9756
Jack Tobin;4;Joba Chamberlain;0,9715
Jack Tobin;5;Hipolito Pichardo;0,9713
Jack Warhop;1;Ron Davis;0,9661
Jack Warhop;2;Jeff Brantley;0,9567
Jack Warhop;3;Clyde Vollmer;0,9565
Jack Warhop;4;Paul Mirabella;0,9558
Jack Warhop;5;Glenn Wright;0,9496
Jack Warner;1;Will Venable;0,9439
Jack Warner;2;Chris Codiroli;0,9118
Jack Warner;3;Trevor Williams;0,9091
Jack Warner;4;Chick Gandil;0,8739
Jack Warner;5;Charlie Jamieson;0,8626
Jack Wilson;1;Lou Dials;0,8931
Jack Wilson;2;Lucas Giolito;0,8822
Jack Wilson;3;Maury Wills;0,8784
Jack Wilson;4;Al Newman;0,8712
Jack Wilson;5;Joe Green;0,8634
Jackie Bradley;1;Mike Remlinger;0,8644
Jackie Bradley;2;Mike Fitzgerald;0,8626
Jackie Bradley;3;Stephen Strasburg;0,8496
Jackie Bradley;4;Mike Squires;0,8471
Jackie Bradley;5;Daniel Murphy;0,8414
Jackie Brandt;1;Lance Richbourg;0,9336
Jackie Brandt;2;Shane Bieber;0,893
Jackie Brandt;3;Conor Gillaspie;0,8799
Jackie Brandt;4;Gary Bennett;0,8781
Jackie Brandt;5;Jayson Werth;0,8779
Jackie Collum;1;Casey Fossum;0,9723
Jackie Collum;2;Terry Mathews;0,9717
Jackie Collum;3;Vicente Palacios;0,9713
Jackie Collum;4;Cam Carreon;0,9588
Jackie Collum;5;Kyle Hendricks;0,9571
Jackie Hayes;1;Eddie Kasko;0,9694
Jackie Hayes;2;Donovan Osborne;0,9486
Jackie Hayes;3;Milt Cuyler;0,9202
Jackie Hayes;4;Tyler Naquin;0,9095
Jackie Hayes;5;Scott Bankhead;0,8924
Jackie Hernandez;1;Lee May;0,9953
Jackie Hernandez;2;Jim Gosger;0,9932
Jackie Hernandez;3;Adam Everett;0,991
Jackie Hernandez;4;Larry Dierker;0,9907
Jackie Hernandez;5;Marty McManus;0,9905
Jackie Jensen;1;Jose Lopez;0,9245
Jackie Jensen;2;Silver Flint;0,896
Jackie Jensen;3;Zane Smith;0,8928
Jackie Jensen;4;Heinie Zimmerman;0,88
Jackie Jensen;5;Ted Strong;0,8716
Jackie Robinson;1;Roy Smith;0,9789
Jackie Robinson;2;Roy Mahaffey;0,9699
Jackie Robinson;3;Alex McCarthy;0,9642
Jackie Robinson;4;Hank Foiles;0,9641
Jackie Robinson;5;Joe Koppe;0,9602
Jacob Barnes;1;Sean Newcomb;0,9563
Jacob Barnes;2;Maicer Izturis;0,952
Jacob Barnes;3;Eric Soderholm;0,9349
Jacob Barnes;4;Dots Miller;0,9343
Jacob Barnes;5;Jose Oquendo;0,9332
Jacob Cruz;1;Bernie Williams;0,9464
Jacob Cruz;2;Bob Tewksbury;0,9379
Jacob Cruz;3;Joe Decker;0,9326
Jacob Cruz;4;Jeff Reardon;0,9208
Jacob Cruz;5;Joe Haynes;0,9144
Jacob Stallings;1;Steve Parris;0,9671
Jacob Stallings;2;Denny Walling;0,9662
Jacob Stallings;3;Jimmy Ring;0,9478
Jacob Stallings;4;Carl Willis;0,9478
Jacob Stallings;5;Jack Phillips;0,9464
Jacob deGrom;1;Jim Scott;0,9585
Jacob deGrom;2;Ryan Klesko;0,9549
Jacob deGrom;3;Tom Cheney;0,9469
Jacob deGrom;4;Ivan Murrell;0,9392
Jacob deGrom;5;Wally Schang;0,9338
Jacoby Ellsbury;1;Preacher Henry;0,9518
Jacoby Ellsbury;2;Jack Warhop;0,9291
Jacoby Ellsbury;3;Todd Coffey;0,9191
Jacoby Ellsbury;4;Scott Bankhead;0,8991
Jacoby Ellsbury;5;Todd Wellemeyer;0,8982
Jacque Jones;1;Tim Federowicz;0,9244
Jacque Jones;2;Craig Paquette;0,9166
Jacque Jones;3;Art Fowler;0,868
Jacque Jones;4;Honus Wagner;0,8346
Jacque Jones;5;Pete Mackanin;0,8319
Jaime Garcia;1;Chuck Diering;0,9209
Jaime Garcia;2;Tony Oliva;0,9196
Jaime Garcia;3;Tom Candiotti;0,9144
Jaime Garcia;4;Al Fitzmorris;0,9101
Jaime Garcia;5;Keith Moreland;0,9052
Jaime Navarro;1;Coco Crisp;0,9187
Jaime Navarro;2;George Winter;0,8598
Jaime Navarro;3;Jim Roland;0,859
Jaime Navarro;4;Luis Torrens;0,8137
Jaime Navarro;5;Jerry Moses;0,8136
Jake Arrieta;1;Bill Sudakis;0,9328
Jake Arrieta;2;Chris Heisey;0,9214
Jake Arrieta;3;Corbin Burnes;0,9156
Jake Arrieta;4;Sean Newcomb;0,9101
Jake Arrieta;5;Al Mamaux;0,8963
Jake Beckley;1;Mark Loretta;0,8164
Jake Beckley;2;Mike Sadek;0,76
Jake Beckley;3;Craig Paquette;0,7549
Jake Beckley;4;George Giles;0,7447
Jake Beckley;5;Jack Rowe;0,7364
Jake Daubert;1;Michael Saunders;0,9483
Jake Daubert;2;Putsy Caballero;0,9396
Jake Daubert;3;Walt Moryn;0,9244
Jake Daubert;4;Aaron Heilman;0,9185
Jake Daubert;5;Charlie Dexter;0,9143
Jake Diekman;1;Ken Sanders;0,9201
Jake Diekman;2;Silver King;0,9184
Jake Diekman;3;Damon Buford;0,9183
Jake Diekman;4;Tim Naehring;0,9096
Jake Diekman;5;John O'Donoghue;0,8912
Jake Dunn;1;Art Whitney;0,9131
Jake Dunn;2;Pete Hill;0,8807
Jake Dunn;3;Kevin Newman;0,8743
Jake Dunn;4;Bob Rhoads;0,8426
Jake Dunn;5;Johnny Humphries;0,8284
Jake Early;1;Flash Miller;0,9703
Jake Early;2;Jake Flowers;0,9194
Jake Early;3;Frank Bolling;0,9178
Jake Early;4;Roy Smalley;0,9118
Jake Early;5;Roy Henshaw;0,8941
Jake Flowers;1;Jake Early;0,9194
Jake Flowers;2;Jeff Frye;0,9101
Jake Flowers;3;Tony Lazzeri;0,9057
Jake Flowers;4;Frank O'Rourke;0,8992
Jake Flowers;5;Flash Miller;0,897
Jake Gibbs;1;Darrin Fletcher;0,9431
Jake Gibbs;2;Jo-Jo Moore;0,9417
Jake Gibbs;3;Cleon Jones;0,9394
Jake Gibbs;4;Raul Ibanez;0,9066
Jake Gibbs;5;Miguel Batista;0,9011
Jake Lamb;1;Miguel Andujar;0,9055
Jake Lamb;2;Chris Herrmann;0,9054
Jake Lamb;3;Manny Parra;0,9039
Jake Lamb;4;Corey Knebel;0,8797
Jake Lamb;5;Jose Veras;0,8797
Jake Marisnick;1;Duke Cleveland;0,9657
Jake Marisnick;2;Vic Correll;0,9565
Jake Marisnick;3;Saul Rogovin;0,9404
Jake Marisnick;4;Alex Diaz;0,9401
Jake Marisnick;5;Chris Flexen;0,9241
Jake McGee;1;Brad Havens;1,0
Jake McGee;2;Dave Tobik;1,0
Jake McGee;3;Max Manning;0,994
Jake McGee;4;Dallas Green;0,9918
Jake McGee;5;Al Ferrara;0,9916
Jake Miller;1;Noodles Hahn;0,9379
Jake Miller;2;Clyde Milan;0,9079
Jake Miller;3;Joe Stripp;0,8966
Jake Miller;4;Billy Holland;0,8701
Jake Miller;5;Jim Beauchamp;0,87
Jake Odorizzi;1;Fred Kendall;0,9096
Jake Odorizzi;2;Claude Raymond;0,8982
Jake Odorizzi;3;Dwight Smith;0,8832
Jake Odorizzi;4;Jonathon Niese;0,8823
Jake Odorizzi;5;Russ Springer;0,8667
Jake Peavy;1;Frank House;0,8773
Jake Peavy;2;Walker Buehler;0,8745
Jake Peavy;3;Travis Ishikawa;0,8708
Jake Peavy;4;Ray Powell;0,8668
Jake Peavy;5;Joe Spencer;0,8542
Jake Powell;1;Jack Scott;0,9498
Jake Powell;2;Alex Ochoa;0,9156
Jake Powell;3;Domingo Ramos;0,9102
Jake Powell;4;Chris Johnson;0,9087
Jake Powell;5;Ray Hayworth;0,8838
Jake Stahl;1;Von Joshua;0,9898
Jake Stahl;2;Ralph Young;0,9842
Jake Stahl;3;Emmet Heidrick;0,9799
Jake Stahl;4;Eggie Hensley;0,9752
Jake Stahl;5;Carlos May;0,9751
Jake Stenzel;1;Lance Richbourg;0,9166
Jake Stenzel;2;Gil Hatfield;0,9074
Jake Stenzel;3;Harold Reynolds;0,9051
Jake Stenzel;4;Trot Nixon;0,8773
Jake Stenzel;5;Willis Hudlin;0,8759
Jake Stephens;1;Bill Barrett;0,9777
Jake Stephens;2;Kevin Ritz;0,9648
Jake Stephens;3;Matt Alexander;0,9453
Jake Stephens;4;Johnnie LeMaster;0,9449
Jake Stephens;5;Derek Dietrich;0,944
Jake Wade;1;So Taguchi;0,9844
Jake Wade;2;Fred Brickell;0,9549
Jake Wade;3;Chad Bradford;0,9457
Jake Wade;4;Tim Salmon;0,9446
Jake Wade;5;Neifi Perez;0,931
Jake Westbrook;1;Raimel Tapia;0,977
Jake Westbrook;2;Bill Travers;0,9578
Jake Westbrook;3;Nick Martinez;0,9035
Jake Westbrook;4;Gary Ross;0,8894
Jake Westbrook;5;Ricardo Rincon;0,8883
Jakie May;1;Max Manning;0,9776
Jakie May;2;Al Ferrara;0,9768
Jakie May;3;Dallas Green;0,9765
Jakie May;4;Brad Havens;0,9755
Jakie May;5;Dave Tobik;0,9755
Jakob Junis;1;Charlie Smith;0,9456
Jakob Junis;2;Zack Wheat;0,9312
Jakob Junis;3;Brian Hunter;0,9173
Jakob Junis;4;Bobby Thomson;0,911
Jakob Junis;5;Tex Carleton;0,9098
James Baldwin;1;Nate Jones;0,9457
James Baldwin;2;Al Milnar;0,942
James Baldwin;3;Mike Norris;0,9305
James Baldwin;4;Ken Silvestri;0,9249
James Baldwin;5;Larry Doyle;0,8998
James Casey;1;Miguel de la Hoz;0,9478
James Casey;2;Robert Andino;0,8672
James Casey;3;Joe Yeager;0,8418
James Casey;4;Hughie Critz;0,8206
James Casey;5;Lester Lockett;0,8026
James Loney;1;Ron Kittle;0,9683
James Loney;2;Eric Owens;0,9536
James Loney;3;Charlie Puleo;0,9309
James Loney;4;Hiram Bocachica;0,9187
James Loney;5;Tony Muser;0,9054
James McCann;1;Jonathon Niese;0,9236
James McCann;2;Jerry Johnson;0,9178
James McCann;3;Ethan Allen;0,9038
James McCann;4;Mike Mordecai;0,8951
James McCann;5;Dwight Smith;0,8897
James Mouton;1;Chad Kreuter;0,8939
James Mouton;2;Frank Hankinson;0,8623
James Mouton;3;Pat Hentgen;0,8535
James Mouton;4;Orlando Merced;0,8529
James Mouton;5;Scott Downs;0,8485
James Paxton;1;Jim Ray;0,9886
James Paxton;2;Mahlon Duckett;0,9434
James Paxton;3;Kerry Ligtenberg;0,9393
James Paxton;4;Jose Gonzalez;0,9329
James Paxton;5;Anthony Santander;0,9217
James Shields;1;Lee Grissom;0,9563
James Shields;2;Darren Lewis;0,9103
James Shields;3;Carlos Sanchez;0,9069
James Shields;4;Bob McGraw;0,8972
James Shields;5;Ramiro Ramírez;0,8799
James Stafford;1;Ron Tingley;0,9602
James Stafford;2;Scott Barlow;0,9487
James Stafford;3;Whit Wyatt;0,9335
James Stafford;4;Benji Gil;0,9247
James Stafford;5;Elvis Andrus;0,9242
Jameson Taillon;1;Mike Rivera;0,96
Jameson Taillon;2;Tony Kemp;0,9591
Jameson Taillon;3;John Candelaria;0,9545
Jameson Taillon;4;Phil Hughes;0,9532
Jameson Taillon;5;Robin Roberts;0,9532
Jamey Carroll;1;Steve McCatty;0,9861
Jamey Carroll;2;Morgan Ensberg;0,9861
Jamey Carroll;3;Jeimer Candelario;0,9836
Jamey Carroll;4;Johnny Niggeling;0,9826
Jamey Carroll;5;Felix Heredia;0,9818
Jamey Wright;1;Ender Inciarte;0,9468
Jamey Wright;2;Pepper Daniels;0,9206
Jamey Wright;3;Art Shamsky;0,9072
Jamey Wright;4;Andy Coakley;0,8858
Jamey Wright;5;Chuck Crim;0,8701
Jamie Easterly;1;Bud Podbielan;0,9943
Jamie Easterly;2;Todd Frohwirth;0,9491
Jamie Easterly;3;Frank Castillo;0,9475
Jamie Easterly;4;Herb Score;0,9425
Jamie Easterly;5;J. P. Howell;0,94
Jamie Moyer;1;Jerry Reed;0,9773
Jamie Moyer;2;Bill Hart;0,9649
Jamie Moyer;3;Bud Barbee;0,9368
Jamie Moyer;4;Luis Rivera;0,9308
Jamie Moyer;5;Felix Fermin;0,9267
Jamie Quirk;1;Ed Killian;0,9354
Jamie Quirk;2;John Knight;0,9258
Jamie Quirk;3;Charlie Blackwell;0,8972
Jamie Quirk;4;Buck Weaver;0,893
Jamie Quirk;5;Roy Henshaw;0,8889
Jamie Walker;1;Derek Law;0,9995
Jamie Walker;2;J. J. Putz;0,9813
Jamie Walker;3;Erasmo Ramirez;0,9714
Jamie Walker;4;Mike Laga;0,9586
Jamie Walker;5;Jimmie Schaffer;0,9514
Jared Hughes;1;Bernie Neis;0,968
Jared Hughes;2;John D'Acquisto;0,9562
Jared Hughes;3;Lucas Duda;0,9528
Jared Hughes;4;Joe Beggs;0,9487
Jared Hughes;5;Brian Duensing;0,9346
Jaret Wright;1;Don Gullett;0,9591
Jaret Wright;2;Matt Lindstrom;0,9371
Jaret Wright;3;Lee Smith;0,9336
Jaret Wright;4;Porter Moss;0,9061
Jaret Wright;5;Jim Lindeman;0,9031
Jarrod Dyson;1;Rodney Scott;0,974
Jarrod Dyson;2;Larry Stahl;0,9575
Jarrod Dyson;3;Henry Merchant;0,9517
Jarrod Dyson;4;Dave Hillman;0,9204
Jarrod Dyson;5;Horacio Ramirez;0,9079
Jarrod Saltalamacchia;1;Andre Ethier;0,9687
Jarrod Saltalamacchia;2;Kevin Mitchell;0,9524
Jarrod Saltalamacchia;3;Willson Contreras;0,9498
Jarrod Saltalamacchia;4;Hal Wagner;0,9418
Jarrod Saltalamacchia;5;Chris Capuano;0,9417
Jarrod Washburn;1;Joaquin Arias;0,9454
Jarrod Washburn;2;Pat Putnam;0,9383
Jarrod Washburn;3;Carlos Martinez;0,93
Jarrod Washburn;4;Brian Wilson;0,9236
Jarrod Washburn;5;Bryse Wilson;0,9226
Jason Adam;1;Joaquin Benoit;0,9993
Jason Adam;2;Roy White;0,992
Jason Adam;3;Greg Allen;0,991
Jason Adam;4;Archie Bradley;0,9882
Jason Adam;5;Brett Anderson;0,9856
Jason Bartlett;1;Tom Brunansky;0,9841
Jason Bartlett;2;Cesar Tovar;0,9826
Jason Bartlett;3;Elmer Myers;0,9794
Jason Bartlett;4;Tom Jones;0,979
Jason Bartlett;5;Tom Zachary;0,976
Jason Bay;1;Casey Cox;0,8718
Jason Bay;2;Pete Hotaling;0,8591
Jason Bay;3;Derek Lilliquist;0,8587
Jason Bay;4;Jeff Robinson;0,8584
Jason Bay;5;Trevor Story;0,8535
Jason Bere;1;Chris Zachary;0,9398
Jason Bere;2;Matt Mantei;0,9108
Jason Bere;3;Sal Yvars;0,9086
Jason Bere;4;George Scott;0,9042
Jason Bere;5;George Sherrill;0,9025
Jason Castro;1;Chico Ruiz;0,9557
Jason Castro;2;Mo Vaughn;0,9163
Jason Castro;3;Greg McMichael;0,897
Jason Castro;4;Orville Singer;0,896
Jason Castro;5;Hank Thompson;0,8922
Jason Christiansen;1;Horacio Ramirez;0,939
Jason Christiansen;2;Ryan Webb;0,9344
Jason Christiansen;3;George Zuverink;0,902
Jason Christiansen;4;Pedro Feliciano;0,9016
Jason Christiansen;5;Khris Davis;0,8954
Jason Frasor;1;Tom Buskey;0,9957
Jason Frasor;2;Charlie Puleo;0,9248
Jason Frasor;3;Gregory Polanco;0,8778
Jason Frasor;4;Bud Norris;0,8678
Jason Frasor;5;Wilmer Difo;0,8622
Jason Giambi;1;Tex Clevenger;0,9396
Jason Giambi;2;Jelly Jackson;0,9336
Jason Giambi;3;Stephen Piscotty;0,931
Jason Giambi;4;Art Shamsky;0,9274
Jason Giambi;5;Bill Cissell;0,9236
Jason Grilli;1;Gentry Jessup;0,9544
Jason Grilli;2;Lefty Weinert;0,939
Jason Grilli;3;Don Mossi;0,9366
Jason Grilli;4;Tommy Boggs;0,932
Jason Grilli;5;Robb Quinlan;0,9158
Jason Grimsley;1;Laynce Nix;0,9502
Jason Grimsley;2;Archie Ware;0,9464
Jason Grimsley;3;Eddie Pellagrini;0,9302
Jason Grimsley;4;Joe Koppe;0,9263
Jason Grimsley;5;Tim Donahue;0,9261
Jason Hammel;1;Bill Stoneman;0,9402
Jason Hammel;2;Jim O'Toole;0,9341
Jason Hammel;3;Don Carman;0,9303
Jason Hammel;4;Trevor Wilson;0,9216
Jason Hammel;5;Duane Pillette;0,9085
Jason Heyward;1;George Hemming;0,9565
Jason Heyward;2;Dave McKay;0,9393
Jason Heyward;3;Dick Buckley;0,92
Jason Heyward;4;Sid Farrar;0,9161
Jason Heyward;5;Chris Heisey;0,9097
Jason Isringhausen;1;Casey Candaele;0,9634
Jason Isringhausen;2;Clay Kirby;0,9024
Jason Isringhausen;3;John Huber;0,9021
Jason Isringhausen;4;Eddie Kasko;0,8811
Jason Isringhausen;5;Harry Staley;0,8703
Jason Jennings;1;Vic Correll;0,9667
Jason Jennings;2;Mark Smith;0,9595
Jason Jennings;3;Johnny Morrison;0,9468
Jason Jennings;4;Darltie Cooper;0,9394
Jason Jennings;5;Tomo Ohka;0,9387
Jason Johnson;1;Jolbert Cabrera;0,9085
Jason Johnson;2;Michael Jackson;0,9072
Jason Johnson;3;Brett Gardner;0,9058
Jason Johnson;4;Robert Stephenson;0,8743
Jason Johnson;5;Andrew Payne;0,8653
Jason Kendall;1;Corey Seager;0,9387
Jason Kendall;2;Dave Rosello;0,9365
Jason Kendall;3;Larry Jansen;0,9311
Jason Kendall;4;Sherman Barton;0,9171
Jason Kendall;5;Ed McKean;0,8786
Jason Kipnis;1;Dutch Leonard;0,954
Jason Kipnis;2;Dee Fondy;0,9513
Jason Kipnis;3;Ryan Doumit;0,9424
Jason Kipnis;4;Dazzy Vance;0,9331
Jason Kipnis;5;Bartolo Colon;0,9285
Jason Kubel;1;Bobby Castillo;0,9236
Jason Kubel;2;Steve Brye;0,921
Jason Kubel;3;Jolbert Cabrera;0,8733
Jason Kubel;4;Ernie Banks;0,8615
Jason Kubel;5;Denny Doyle;0,8593
Jason LaRue;1;Dan Johnson;0,9422
Jason LaRue;2;Chad Curtis;0,9029
Jason LaRue;3;Dave Boswell;0,8542
Jason LaRue;4;Jeremy Hellickson;0,8527
Jason LaRue;5;Vladimir Nunez;0,8521
Jason Marquis;1;Alex Ochoa;0,9509
Jason Marquis;2;Billy Sample;0,9364
Jason Marquis;3;Anthony Santander;0,9091
Jason Marquis;4;Mike Kahoe;0,9083
Jason Marquis;5;Dave LaPoint;0,9025
Jason Michaels;1;Frankie Hayes;0,9776
Jason Michaels;2;Morgan Ensberg;0,977
Jason Michaels;3;Ed Swartwood;0,9737
Jason Michaels;4;Joe Koppe;0,9736
Jason Michaels;5;Nippy Jones;0,9726
Jason Motte;1;Joba Chamberlain;1,0
Jason Motte;2;Carlos Reyes;1,0
Jason Motte;3;Tim Mayza;1,0
Jason Motte;4;Rich Garces;1,0
Jason Motte;5;Kelvin Herrera;1,0
Jason Schmidt;1;Matt Andriese;0,9486
Jason Schmidt;2;Mark Huismann;0,9377
Jason Schmidt;3;Gary Sanchez;0,9299
Jason Schmidt;4;Don Elston;0,9234
Jason Schmidt;5;Ron Robinson;0,9122
Jason Smith;1;Kent Bottenfield;0,9872
Jason Smith;2;Carlos Reyes;0,9834
Jason Smith;3;Tim Mayza;0,9834
Jason Smith;4;Jason Motte;0,9825
Jason Smith;5;Danny Coulombe;0,9825
Jason Thompson;1;Adam Kennedy;0,9554
Jason Thompson;2;Harlond Clift;0,95
Jason Thompson;3;U. L. Washington;0,949
Jason Thompson;4;Luther Taylor;0,9455
Jason Thompson;5;Fred Schulte;0,9426
Jason Vargas;1;Jose Lima;0,9843
Jason Vargas;2;Bob McGraw;0,8997
Jason Vargas;3;Dick Littlefield;0,8921
Jason Vargas;4;Virgil Barnes;0,881
Jason Vargas;5;Phil Marchildon;0,8621
Jason Varitek;1;Casey McGehee;0,8846
Jason Varitek;2;Glen Hobbie;0,8729
Jason Varitek;3;Josh Paul;0,8715
Jason Varitek;4;Cherokee Fisher;0,8704
Jason Varitek;5;Dolph Camilli;0,8683
Javier Baez;1;Oscar Judd;0,9639
Javier Baez;2;Ed Glynn;0,897
Javier Baez;3;Bill Gleason;0,884
Javier Baez;4;Terry Harmon;0,8654
Javier Baez;5;Kyle Freeland;0,8573
Javier Lopez;1;Todd Wellemeyer;0,9463
Javier Lopez;2;Todd Coffey;0,9352
Javier Lopez;3;Preacher Henry;0,9084
Javier Lopez;4;Hank Wyse;0,8985
Javier Lopez;5;Scott Bankhead;0,8985
Javier Valentin;1;Pat Jarvis;0,9375
Javier Valentin;2;Ping Gardner;0,9373
Javier Valentin;3;John Lyles;0,9231
Javier Valentin;4;Marty Pattin;0,9187
Javier Valentin;5;Sheldon Jones;0,9023
Javier Vazquez;1;Garrett Cooper;0,9264
Javier Vazquez;2;Cecil Espy;0,9165
Javier Vazquez;3;Greg Luzinski;0,9112
Javier Vazquez;4;Chico Salmon;0,8954
Javier Vazquez;5;Leon Day;0,893
Javy Guerra;1;Johnny Smith;0,8989
Javy Guerra;2;Ron Mahay;0,8727
Javy Guerra;3;Lee Wade;0,8671
Javy Guerra;4;Jim Brosnan;0,8569
Javy Guerra;5;Josh Gibson;0,8508
Javy Lopez;1;Scott Bradley;0,9471
Javy Lopez;2;Billy Sample;0,9425
Javy Lopez;3;Jacob Stallings;0,9322
Javy Lopez;4;Marty Perez;0,9316
Javy Lopez;5;Howie Reed;0,927
Jay Bell;1;Johnny Bassler;0,9968
Jay Bell;2;Byron Browne;0,9936
Jay Bell;3;Joe Collins;0,9926
Jay Bell;4;Morgan Ensberg;0,9915
Jay Bell;5;Bud Clancy;0,9912
Jay Bruce;1;Tommie Sisk;0,9697
Jay Bruce;2;Alex McCarthy;0,9446
Jay Bruce;3;Billy Holland;0,9354
Jay Bruce;4;Mel Hall;0,9287
Jay Bruce;5;Scot Shields;0,9224
Jay Buhner;1;Chris Martin;0,8915
Jay Buhner;2;Trevor May;0,8723
Jay Buhner;3;J. D. Davis;0,8674
Jay Buhner;4;Jim Maloney;0,8636
Jay Buhner;5;Brady Clark;0,8625
Jay Clarke;1;Vinnie Chulk;0,9384
Jay Clarke;2;Harry Perkowski;0,9301
Jay Clarke;3;Marvell Wynne;0,921
Jay Clarke;4;Nick Green;0,9038
Jay Clarke;5;Chuck Dressen;0,8856
Jay Gibbons;1;Chico Salmon;0,9555
Jay Gibbons;2;Bruce Hurst;0,9389
Jay Gibbons;3;Wes Covington;0,9369
Jay Gibbons;4;Rod Barajas;0,9166
Jay Gibbons;5;Collin McHugh;0,9146
Jay Howell;1;Don Lee;0,9572
Jay Howell;2;Dave Veres;0,9495
Jay Howell;3;Ryan Sweeney;0,9326
Jay Howell;4;Joe Moeller;0,8966
Jay Howell;5;Ben Grieve;0,8955
Jay Johnstone;1;Russ Wrightstone;0,9464
Jay Johnstone;2;Dick Sisler;0,912
Jay Johnstone;3;Jack O'Brien;0,8934
Jay Johnstone;4;Hank Blalock;0,8895
Jay Johnstone;5;Lon Knight;0,8886
Jay Payton;1;Shane Robinson;0,9393
Jay Payton;2;Mike Devereaux;0,9253
Jay Payton;3;Chad Billingsley;0,9094
Jay Payton;4;Joe Christopher;0,8783
Jay Payton;5;Tom Cheney;0,8707
Jay Powell;1;Matt Guerrier;0,9756
Jay Powell;2;Rich Monteleone;0,9675
Jay Powell;3;Tommy La Stella;0,922
Jay Powell;4;Mark Salas;0,9211
Jay Powell;5;Rick Aguilera;0,9206
Jay Witasick;1;Brian Williams;0,9967
Jay Witasick;2;Fred Scherman;0,9496
Jay Witasick;3;Nolan Reimold;0,924
Jay Witasick;4;Daisuke Matsuzaka;0,9197
Jay Witasick;5;Dustin Garneau;0,9194
Jayson Werth;1;Larvell Blanks;0,9119
Jayson Werth;2;George Suggs;0,8869
Jayson Werth;3;Steve Jeltz;0,8797
Jayson Werth;4;Jackie Brandt;0,8779
Jayson Werth;5;Bob Priddy;0,8778
Jean Dubuc;1;Kelly Downs;0,9843
Jean Dubuc;2;Ji-Man Choi;0,9703
Jean Dubuc;3;Turner Barber;0,9523
Jean Dubuc;4;Adrian Gonzalez;0,9393
Jean Dubuc;5;Robin Yount;0,9353
Jean Segura;1;Roman Mejias;0,9453
Jean Segura;2;Jim Beauchamp;0,9216
Jean Segura;3;Jameson Taillon;0,9135
Jean Segura;4;Mike Rivera;0,9128
Jean Segura;5;Tony Kemp;0,8936
Jeanmar Gomez;1;Josias Manzanillo;0,975
Jeanmar Gomez;2;Curtis Harris;0,9736
Jeanmar Gomez;3;Pete Schourek;0,9684
Jeanmar Gomez;4;Alexi Casilla;0,968
Jeanmar Gomez;5;Doc Crandall;0,9675
Jed Lowrie;1;Marcelino Lopez;0,9251
Jed Lowrie;2;Bill Voss;0,9234
Jed Lowrie;3;Dean Stone;0,9225
Jed Lowrie;4;Bill Lohrman;0,9195
Jed Lowrie;5;Wayne Kirby;0,9114
Jedd Gyorko;1;Pat Rapp;0,9596
Jedd Gyorko;2;Andy High;0,9537
Jedd Gyorko;3;Joey Eischen;0,9527
Jedd Gyorko;4;Tim Hill;0,9457
Jedd Gyorko;5;Rusty Meacham;0,9264
Jeff Bagwell;1;Monty Kennedy;0,8837
Jeff Bagwell;2;Milt Cuyler;0,8765
Jeff Bagwell;3;Bob Tillman;0,8496
Jeff Bagwell;4;Mike Laga;0,8338
Jeff Bagwell;5;Donovan Osborne;0,832
Jeff Baker;1;George Britt;0,9277
Jeff Baker;2;Brendan Harris;0,91
Jeff Baker;3;Larry Jansen;0,8998
Jeff Baker;4;Bobby Bolin;0,8989
Jeff Baker;5;Roman Mejias;0,8856
Jeff Blauser;1;Andy Kosco;0,9381
Jeff Blauser;2;Glenn Beckert;0,9324
Jeff Blauser;3;Luke Gregerson;0,9308
Jeff Blauser;4;Mike McGeary;0,922
Jeff Blauser;5;Hank Johnson;0,9156
Jeff Branson;1;Mel Parnell;0,9253
Jeff Branson;2;Austin Jackson;0,9002
Jeff Branson;3;Tommy Byrne;0,8736
Jeff Branson;4;Brendan Ryan;0,8717
Jeff Branson;5;Jack Dunn;0,8624
Jeff Brantley;1;Seth Lugo;0,9989
Jeff Brantley;2;Carlos Villanueva;0,9721
Jeff Brantley;3;Jack Warhop;0,9567
Jeff Brantley;4;Ross Ohlendorf;0,9535
Jeff Brantley;5;Roy K. Williams;0,9208
Jeff Burroughs;1;Charlie Reilly;0,9353
Jeff Burroughs;2;Leron Lee;0,8832
Jeff Burroughs;3;Bill Hoskins;0,8811
Jeff Burroughs;4;Chick Galloway;0,8749
Jeff Burroughs;5;Carlos Guillen;0,8596
Jeff Cirillo;1;Gleyber Torres;0,9183
Jeff Cirillo;2;Alvin Davis;0,8676
Jeff Cirillo;3;Ray Fisher;0,8665
Jeff Cirillo;4;Faye Throneberry;0,8663
Jeff Cirillo;5;John Parrish;0,8647
Jeff Conine;1;Ray Dandridge;0,9432
Jeff Conine;2;Luis Avilan;0,9247
Jeff Conine;3;Wayne Krenchicki;0,916
Jeff Conine;4;Turner Ward;0,8709
Jeff Conine;5;Tom Brewer;0,8536
Jeff DaVanon;1;George Shively;0,9401
Jeff DaVanon;2;Sam McDowell;0,9401
Jeff DaVanon;3;Paul Sorrento;0,9368
Jeff DaVanon;4;Chris Jones;0,9121
Jeff DaVanon;5;Rip Sewell;0,9101
Jeff Fassero;1;Bryan Clark;0,9262
Jeff Fassero;2;Bobby Del Greco;0,919
Jeff Fassero;3;Dave Barnhill;0,9152
Jeff Fassero;4;Carl Pavano;0,8768
Jeff Fassero;5;Al Lakeman;0,8295
Jeff Francis;1;Dana Eveland;1,0
Jeff Francis;2;Scott Aldred;1,0
Jeff Francis;3;Joel Peralta;1,0
Jeff Francis;4;Brad Havens;1,0
Jeff Francis;5;A. J. Minter;1,0
Jeff Francoeur;1;Matt Whiteside;0,9628
Jeff Francoeur;2;George Hemming;0,9271
Jeff Francoeur;3;John Kruk;0,9235
Jeff Francoeur;4;Casey Kotchman;0,9179
Jeff Francoeur;5;David Palmer;0,9149
Jeff Frye;1;Brian McCann;0,9416
Jeff Frye;2;Jake Flowers;0,9101
Jeff Frye;3;Doug Griffin;0,91
Jeff Frye;4;Hank Blalock;0,9024
Jeff Frye;5;Rip Repulski;0,8909
Jeff Heath;1;Jimmy Ford;0,9126
Jeff Heath;2;Walton Cruise;0,8678
Jeff Heath;3;Ryan McMahon;0,8379
Jeff Heath;4;Bill Russell;0,8207
Jeff Heath;5;Greg Myers;0,8161
Jeff Hoffman;1;Joe Oliver;0,9375
Jeff Hoffman;2;Ryan Brasier;0,9128
Jeff Hoffman;3;Alex Ferguson;0,8842
Jeff Hoffman;4;Esteban Yan;0,8689
Jeff Hoffman;5;Vic Aldridge;0,868
Jeff Huson;1;Wayne Carr;0,9421
Jeff Huson;2;Fritz Coumbe;0,9329
Jeff Huson;3;Sean Marshall;0,9176
Jeff Huson;4;Gene Baker;0,888
Jeff Huson;5;Pedro Martinez;0,8814
Jeff Kent;1;Josh Phegley;0,9471
Jeff Kent;2;Hugh Mulcahy;0,9106
Jeff Kent;3;Joe Ross;0,9074
Jeff Kent;4;Rick Dempsey;0,9013
Jeff Kent;5;Paul Dean;0,8872
Jeff Keppinger;1;Mark Huismann;0,9653
Jeff Keppinger;2;Tony Peña;0,9568
Jeff Keppinger;3;Chris Codiroli;0,9228
Jeff Keppinger;4;Steve Pearce;0,9176
Jeff Keppinger;5;Mike Mussina;0,914
Jeff King;1;Bert Haas;0,9719
Jeff King;2;Junior Ortiz;0,9394
Jeff King;3;Dave Shean;0,9384
Jeff King;4;Sid Gordon;0,9145
Jeff King;5;Pearl Webster;0,8954
Jeff Kunkel;1;Christian Walker;0,9657
Jeff Kunkel;2;Mickey Klutts;0,9584
Jeff Kunkel;3;Ed Sprague;0,9553
Jeff Kunkel;4;Ron Tingley;0,9537
Jeff Kunkel;5;Robb Quinlan;0,953
Jeff Manto;1;Mark Huismann;0,9297
Jeff Manto;2;Bill Bergen;0,9294
Jeff Manto;3;Brendan Donnelly;0,9156
Jeff Manto;4;Jeff Keppinger;0,9068
Jeff Manto;5;Randy Moffitt;0,9023
Jeff Mathis;1;Alex Ochoa;0,9501
Jeff Mathis;2;Clyde Spearman;0,9445
Jeff Mathis;3;Marco Gonzales;0,9317
Jeff Mathis;4;Donn Pall;0,9317
Jeff Mathis;5;Craig Monroe;0,9278
Jeff McNeil;1;Al McBean;0,9785
Jeff McNeil;2;Ralph Terry;0,9755
Jeff McNeil;3;Lenny Randle;0,9654
Jeff McNeil;4;Mickey Tettleton;0,9615
Jeff McNeil;5;Adam Melhuse;0,9377
Jeff Montgomery;1;Juan Cruz;0,9262
Jeff Montgomery;2;Nick Strincevich;0,9227
Jeff Montgomery;3;Agustín Parpetti;0,9023
Jeff Montgomery;4;Al Holland;0,8908
Jeff Montgomery;5;Roger Freed;0,8906
Jeff Nelson;1;Grover Lowdermilk;0,9427
Jeff Nelson;2;Ryan Freel;0,9154
Jeff Nelson;3;Benji Gil;0,8885
Jeff Nelson;4;Hipolito Pichardo;0,8835
Jeff Nelson;5;Jim Lefebvre;0,8702
Jeff Newman;1;Ad Gumbert;0,9498
Jeff Newman;2;Bill White;0,9464
Jeff Newman;3;Lyn Lary;0,9359
Jeff Newman;4;Ezra Sutton;0,934
Jeff Newman;5;Jack Doyle;0,914
Jeff Parrett;1;Marcelino Guerra;0,8705
Jeff Parrett;2;Ed Spiezio;0,8456
Jeff Parrett;3;Champ Summers;0,8366
Jeff Parrett;4;Roberto Clemente;0,834
Jeff Parrett;5;Hal White;0,8284
Jeff Pfeffer;1;Josh Fogg;0,9183
Jeff Pfeffer;2;Vic Darensbourg;0,8672
Jeff Pfeffer;3;Jim Owens;0,8617
Jeff Pfeffer;4;Danny Green;0,8546
Jeff Pfeffer;5;Pat Putnam;0,8295
Jeff Reardon;1;Bobby Thigpen;0,9579
Jeff Reardon;2;Jeremy Jeffress;0,9516
Jeff Reardon;3;Donn Pall;0,9429
Jeff Reardon;4;Brandon Woodruff;0,9363
Jeff Reardon;5;Matt Capps;0,9288
Jeff Reboulet;1;John Patterson;0,9758
Jeff Reboulet;2;Roy Smalley;0,9385
Jeff Reboulet;3;Manuel Lee;0,9355
Jeff Reboulet;4;Damaso Marte;0,9334
Jeff Reboulet;5;Jim Ray Hart;0,9332
Jeff Reed;1;Ed Vosberg;0,9411
Jeff Reed;2;Art Ditmar;0,9221
Jeff Reed;3;Paul Erickson;0,9197
Jeff Reed;4;Bobby Seay;0,9044
Jeff Reed;5;Wei-Yin Chen;0,889
Jeff Robinson;1;Brad Hawpe;0,962
Jeff Robinson;2;Peanuts Lowrey;0,8998
Jeff Robinson;3;Huck Betts;0,8946
Jeff Robinson;4;Vladimir Nunez;0,8868
Jeff Robinson;5;Phil Bradley;0,8852
Jeff Russell;1;Andres Torres;0,9478
Jeff Russell;2;Pete Whisenant;0,8913
Jeff Russell;3;Jack Howell;0,8813
Jeff Russell;4;Ray Berres;0,873
Jeff Russell;5;Ryan Madson;0,8456
Jeff Samardzija;1;Kevin Plawecki;0,943
Jeff Samardzija;2;Nick Martinez;0,9409
Jeff Samardzija;3;Raimel Tapia;0,8932
Jeff Samardzija;4;Mike Fischlin;0,8783
Jeff Samardzija;5;Mike Fiers;0,8718
Jeff Shaw;1;Greg Allen;0,994
Jeff Shaw;2;Jason Adam;0,983
Jeff Shaw;3;Jack Bentley;0,9824
Jeff Shaw;4;Roy White;0,966
Jeff Shaw;5;Archie Bradley;0,9488
Jeff Suppan;1;Don Mossi;0,9654
Jeff Suppan;2;Robb Quinlan;0,9635
Jeff Suppan;3;Dick Williams;0,956
Jeff Suppan;4;Matt Sinatro;0,9497
Jeff Suppan;5;Jose Ramirez;0,9397
Jeff Torborg;1;Snuffy Stirnweiss;0,9339
Jeff Torborg;2;Lourdes Gurriel;0,9042
Jeff Torborg;3;Mark Grace;0,9013
Jeff Torborg;4;Gordon Rhodes;0,9009
Jeff Torborg;5;Doc Wiley;0,8962
Jeff Treadway;1;Jim Brosnan;0,911
Jeff Treadway;2;David Eckstein;0,8925
Jeff Treadway;3;Mike Sadek;0,8801
Jeff Treadway;4;Jose DeLeon;0,8667
Jeff Treadway;5;Johnny Logan;0,8617
Jeff Weaver;1;Gene Conley;0,9512
Jeff Weaver;2;Chubby Dean;0,9427
Jeff Weaver;3;Don Landrum;0,8755
Jeff Weaver;4;Scott Brosius;0,8655
Jeff Weaver;5;Damian Jackson;0,8585
Jeffrey Hammonds;1;Chuck Crim;0,9438
Jeffrey Hammonds;2;Jack Remsen;0,9221
Jeffrey Hammonds;3;Brock Holt;0,9185
Jeffrey Hammonds;4;Fred Pfeffer;0,9077
Jeffrey Hammonds;5;Joe DeMaestri;0,9051
Jeffrey Leonard;1;Dutch Henry;0,8858
Jeffrey Leonard;2;Mark Thurmond;0,8624
Jeffrey Leonard;3;Armando Marsans;0,8593
Jeffrey Leonard;4;Karim Garcia;0,8531
Jeffrey Leonard;5;George Boehler;0,8415
Jeffrey Springs;1;Carson Fulmer;1,0
Jeffrey Springs;2;Dan Bankhead;1,0
Jeffrey Springs;3;Danny Patterson;1,0
Jeffrey Springs;4;Pedro Strop;1,0
Jeffrey Springs;5;Andy Hansen;1,0
Jeimer Candelario;1;Nippy Jones;0,9899
Jeimer Candelario;2;Morgan Ensberg;0,9897
Jeimer Candelario;3;Willie Randolph;0,9894
Jeimer Candelario;4;Johnny Bassler;0,9883
Jeimer Candelario;5;Jay Bell;0,9864
Jelly Gardner;1;Eric Young;0,9537
Jelly Gardner;2;Lou Merloni;0,9521
Jelly Gardner;3;Kevin Ritz;0,9268
Jelly Gardner;4;Matt Alexander;0,9249
Jelly Gardner;5;Archie Bradley;0,9188
Jelly Jackson;1;Art Shamsky;0,9555
Jelly Jackson;2;George Toporcer;0,9491
Jelly Jackson;3;George Earnshaw;0,9478
Jelly Jackson;4;Jason Giambi;0,9336
Jelly Jackson;5;Hugh Duffy;0,9309
Jelly Taylor;1;Pedro Alvarez;0,9912
Jelly Taylor;2;Mark Johnson;0,9886
Jelly Taylor;3;Octavio Dotel;0,9868
Jelly Taylor;4;Ted Trent;0,9786
Jelly Taylor;5;Chris Turner;0,9749
Jered Weaver;1;Andrew Benintendi;0,9325
Jered Weaver;2;Tommie Dukes;0,862
Jered Weaver;3;Levi Meyerle;0,8498
Jered Weaver;4;Bob Rhoads;0,8307
Jered Weaver;5;Nick Esasky;0,8261
Jeremy Accardo;1;Ryan Weber;1,0
Jeremy Accardo;2;Blake Parker;1,0
Jeremy Accardo;3;Alan Embree;1,0
Jeremy Accardo;4;Will Cunnane;1,0
Jeremy Accardo;5;Jon Rauch;1,0
Jeremy Affeldt;1;Khris Davis;0,8859
Jeremy Affeldt;2;Paul Janish;0,8711
Jeremy Affeldt;3;Scott Williamson;0,8709
Jeremy Affeldt;4;Pedro Feliciano;0,867
Jeremy Affeldt;5;Dave Engle;0,8637
Jeremy Bonderman;1;Cliff Melton;0,9358
Jeremy Bonderman;2;Johnny Vander Meer;0,9242
Jeremy Bonderman;3;John Franco;0,9123
Jeremy Bonderman;4;Milt May;0,8884
Jeremy Bonderman;5;Al Bumbry;0,8872
Jeremy Guthrie;1;Lee Grissom;0,9637
Jeremy Guthrie;2;Bob McGraw;0,914
Jeremy Guthrie;3;Alex Cintron;0,9008
Jeremy Guthrie;4;Carlos Sanchez;0,8966
Jeremy Guthrie;5;Alan Foster;0,89
Jeremy Hellickson;1;Chad Kuhl;0,9749
Jeremy Hellickson;2;Cam Carreon;0,8873
Jeremy Hellickson;3;Harold Treadwell;0,8864
Jeremy Hellickson;4;Craig McMurtry;0,8634
Jeremy Hellickson;5;Jimmy Jones;0,8594
Jeremy Hermida;1;Norm Miller;0,9455
Jeremy Hermida;2;Wayne Gross;0,9292
Jeremy Hermida;3;Nolan Arenado;0,9289
Jeremy Hermida;4;Wil Ledezma;0,9241
Jeremy Hermida;5;Joe Azcue;0,9096
Jeremy Jeffress;1;Bobby Thigpen;0,9901
Jeremy Jeffress;2;Ed Lynch;0,9599
Jeremy Jeffress;3;Jeff Reardon;0,9516
Jeremy Jeffress;4;Jacob Cruz;0,8954
Jeremy Jeffress;5;Dave Shean;0,8818
Jermaine Dye;1;Tim Donahue;0,9122
Jermaine Dye;2;Ed Doheny;0,902
Jermaine Dye;3;Dom Dallessandro;0,901
Jermaine Dye;4;Garrett Hampson;0,8946
Jermaine Dye;5;Pepper Daniels;0,8882
Jerome Walton;1;Dave Martinez;0,9645
Jerome Walton;2;Nolan Reimold;0,9452
Jerome Walton;3;Albie Pearson;0,9356
Jerome Walton;4;Brian Williams;0,9236
Jerome Walton;5;Ramon Santiago;0,9185
Jerome Williams;1;Frank DiPino;0,9778
Jerome Williams;2;Marcelino Lopez;0,959
Jerome Williams;3;Danny Duffy;0,9235
Jerome Williams;4;Bob Turley;0,9196
Jerome Williams;5;Juan Soto;0,9155
Jeromy Burnitz;1;Mark Christman;0,8313
Jeromy Burnitz;2;Sal Fasano;0,8114
Jeromy Burnitz;3;Vince DiMaggio;0,8011
Jeromy Burnitz;4;Pat Corrales;0,761
Jeromy Burnitz;5;Ed Crane;0,7552
Jerry Adair;1;Taylor Ward;0,9635
Jerry Adair;2;Tom Williams;0,9456
Jerry Adair;3;Paul Zuvella;0,9441
Jerry Adair;4;Billy McKinney;0,9393
Jerry Adair;5;Mike Scott;0,9271
Jerry Augustine;1;Mark Grace;0,9538
Jerry Augustine;2;Rick Ferrell;0,9514
Jerry Augustine;3;Jason Michaels;0,9504
Jerry Augustine;4;Sandy Alcantara;0,9498
Jerry Augustine;5;Ben Chapman;0,9491
Jerry Benjamin;1;Hunter Renfroe;0,9218
Jerry Benjamin;2;Charlie Hemphill;0,8966
Jerry Benjamin;3;Bennie Daniels;0,8965
Jerry Benjamin;4;Leon Roberts;0,8944
Jerry Benjamin;5;Eddie Lake;0,8892
Jerry Blevins;1;Jim Pendleton;0,9062
Jerry Blevins;2;Charlie Hargreaves;0,9043
Jerry Blevins;3;Devin Mesoraco;0,8996
Jerry Blevins;4;Josh Willingham;0,8958
Jerry Blevins;5;Jerry Browne;0,8926
Jerry Browne;1;Ray Blades;0,916
Jerry Browne;2;Devin Mesoraco;0,9112
Jerry Browne;3;Jim Pendleton;0,9035
Jerry Browne;4;Roman Mejias;0,9007
Jerry Browne;5;Jerry Blevins;0,8926
Jerry Coleman;1;Phil Collins;0,9564
Jerry Coleman;2;Tyler Clippard;0,9144
Jerry Coleman;3;Max Manning;0,914
Jerry Coleman;4;Todd Zeile;0,9122
Jerry Coleman;5;Dan Wheeler;0,9076
Jerry DaVanon;1;Dan Uggla;0,9256
Jerry DaVanon;2;John Stone;0,9211
Jerry DaVanon;3;Frank Wickware;0,9088
Jerry DaVanon;4;Bob Montgomery;0,8495
Jerry DaVanon;5;Ty Cobb;0,8456
Jerry Denny;1;Harry Harper;0,9827
Jerry Denny;2;Dave Orr;0,9605
Jerry Denny;3;Billy Sunday;0,9595
Jerry Denny;4;Dennis Springer;0,9523
Jerry Denny;5;Brad Wilkerson;0,9422
Jerry Dipoto;1;Tim McCarver;0,9514
Jerry Dipoto;2;Max Lanier;0,9421
Jerry Dipoto;3;Kyle Schwarber;0,9348
Jerry Dipoto;4;Matt Stairs;0,9285
Jerry Dipoto;5;Al Lakeman;0,9221
Jerry Don Gleaton;1;Max Manning;0,9816
Jerry Don Gleaton;2;Brad Havens;0,9704
Jerry Don Gleaton;3;Dave Tobik;0,9704
Jerry Don Gleaton;4;Brian Boehringer;0,9699
Jerry Don Gleaton;5;Scott Aldred;0,9699
Jerry Grote;1;Earl Williams;0,9514
Jerry Grote;2;Derrel Thomas;0,8886
Jerry Grote;3;Script Lee;0,8667
Jerry Grote;4;Chris Herrmann;0,8617
Jerry Grote;5;Brady Clark;0,8559
Jerry Hairston;1;Tom Johnson;0,9837
Jerry Hairston;2;Kyle Tucker;0,9805
Jerry Hairston;3;Bill Coughlin;0,9784
Jerry Hairston;4;Elmer Myers;0,9755
Jerry Hairston;5;John Grim;0,9753
Jerry Johnson;1;Carlos Sanchez;0,9514
Jerry Johnson;2;James McCann;0,9178
Jerry Johnson;3;Babe Ruth;0,9128
Jerry Johnson;4;Dave Henderson;0,9075
Jerry Johnson;5;Ethan Allen;0,8982
Jerry Kindall;1;Lew Krausse;0,9129
Jerry Kindall;2;Eddie Mathews;0,9033
Jerry Kindall;3;Ji-Man Choi;0,9019
Jerry Kindall;4;Bob Boyd;0,8792
Jerry Kindall;5;Jerry Adair;0,8688
Jerry Koosman;1;Garrett Cooper;0,9689
Jerry Koosman;2;Phil Marchildon;0,9606
Jerry Koosman;3;Virgil Barnes;0,9195
Jerry Koosman;4;Buster Haywood;0,9099
Jerry Koosman;5;Bob McGraw;0,8943
Jerry Lumpe;1;Jiggs Donahue;0,9735
Jerry Lumpe;2;George Whitted;0,959
Jerry Lumpe;3;Robert Person;0,957
Jerry Lumpe;4;Brad Fullmer;0,9538
Jerry Lumpe;5;Adam Frazier;0,9506
Jerry Lynch;1;Tim Burke;0,9038
Jerry Lynch;2;John Grabow;0,889
Jerry Lynch;3;Jim McDonald;0,8498
Jerry Lynch;4;Kenta Maeda;0,8315
Jerry Lynch;5;Luis Rivas;0,8181
Jerry Martin;1;Nomar Garciaparra;0,9479
Jerry Martin;2;Lew McCarty;0,936
Jerry Martin;3;Ray Scarborough;0,9211
Jerry Martin;4;Brook Fordyce;0,9083
Jerry Martin;5;Ron Reed;0,8919
Jerry May;1;Jim Merritt;0,9408
Jerry May;2;Greg Colbrunn;0,9245
Jerry May;3;Gil Hatfield;0,9216
Jerry May;4;Eddie Smith;0,9149
Jerry May;5;Bryan Clark;0,9064
Jerry McNertney;1;Ron Hodges;0,9379
Jerry McNertney;2;Henry Cotto;0,9199
Jerry McNertney;3;Cap Peterson;0,8731
Jerry McNertney;4;Jordy Mercer;0,8681
Jerry McNertney;5;Rafael Ramirez;0,8656
Jerry Morales;1;Bill Plummer;0,9604
Jerry Morales;2;Johnny Wyrostek;0,9546
Jerry Morales;3;Luke Walker;0,9451
Jerry Morales;4;Cap Peterson;0,9411
Jerry Morales;5;Rick Ankiel;0,9406
Jerry Moses;1;Al Spalding;0,9782
Jerry Moses;2;Johnny Mostil;0,9643
Jerry Moses;3;Ed Glynn;0,9619
Jerry Moses;4;Scott Stratton;0,9583
Jerry Moses;5;Paul Sewald;0,9569
Jerry Mumphrey;1;Dutch Henry;0,8942
Jerry Mumphrey;2;Ryan Brasier;0,8831
Jerry Mumphrey;3;Ethan Allen;0,8635
Jerry Mumphrey;4;B. J. Ryan;0,8519
Jerry Mumphrey;5;Tommy Boggs;0,8364
Jerry Narron;1;Aaron Bummer;0,9802
Jerry Narron;2;Gerald Perry;0,9769
Jerry Narron;3;Walter Barbare;0,9712
Jerry Narron;4;Drew Storen;0,9702
Jerry Narron;5;Aaron Small;0,9702
Jerry Priddy;1;Ted Blankenship;0,905
Jerry Priddy;2;Doc Powers;0,8676
Jerry Priddy;3;Bobby Mathews;0,8537
Jerry Priddy;4;Chester Williams;0,8514
Jerry Priddy;5;Casey McGehee;0,8479
Jerry Reed;1;Jamie Moyer;0,9773
Jerry Reed;2;Tony Womack;0,9615
Jerry Reed;3;Bud Barbee;0,96
Jerry Reed;4;Earl Averill;0,9582
Jerry Reed;5;Einar Diaz;0,9513
Jerry Remy;1;Dave Boswell;0,9759
Jerry Remy;2;Chad Kuhl;0,9035
Jerry Remy;3;Will Venable;0,8814
Jerry Remy;4;Joaquin Andujar;0,8803
Jerry Remy;5;Trevor Story;0,8754
Jerry Reuss;1;Lou Louden;0,8956
Jerry Reuss;2;Wayne Kirby;0,8845
Jerry Reuss;3;Bryce Florie;0,8843
Jerry Reuss;4;Dick Dietz;0,8775
Jerry Reuss;5;Pete Broberg;0,8657
Jerry Royster;1;Eric Haase;0,9475
Jerry Royster;2;Nate Robertson;0,9425
Jerry Royster;3;Cal Abrams;0,9412
Jerry Royster;4;Garrett Atkins;0,9374
Jerry Royster;5;Derek Bell;0,9328
Jerry Terrell;1;Rob Mackowiak;0,9357
Jerry Terrell;2;Pete Coscarart;0,929
Jerry Terrell;3;Bill Joyce;0,9163
Jerry Terrell;4;Buddy Lewis;0,9124
Jerry Terrell;5;Dick Higham;0,9109
Jerry Turner;1;Ichiro Suzuki;0,9544
Jerry Turner;2;Josh Wilson;0,9377
Jerry Turner;3;Mack Jones;0,9359
Jerry Turner;4;Hal Newhouser;0,896
Jerry Turner;5;Ted Uhlaender;0,8908
Jerry Walker;1;Brian Dorsett;1,0
Jerry Walker;2;Sergio Romo;1,0
Jerry Walker;3;Liam Hendriks;1,0
Jerry Walker;4;Larry Casian;1,0
Jerry Walker;5;Leniel Hooker;1,0
Jerry White;1;Junior Noboa;0,9826
Jerry White;2;Carl Willey;0,9604
Jerry White;3;Kerry Wood;0,9294
Jerry White;4;Casey Patten;0,9234
Jerry White;5;Robb Nen;0,9155
Jerry Zimmerman;1;Raymond Taylor;0,9817
Jerry Zimmerman;2;Justin Verlander;0,9749
Jerry Zimmerman;3;Neil Walker;0,9646
Jerry Zimmerman;4;Felix Heredia;0,964
Jerry Zimmerman;5;Johnny Niggeling;0,9636
Jesse Barber;1;Adam Melhuse;0,9195
Jesse Barber;2;Jeff McNeil;0,9174
Jesse Barber;3;Abraham Nunez;0,902
Jesse Barber;4;Scot Thompson;0,8923
Jesse Barber;5;Ron Kittle;0,8887
Jesse Barfield;1;Scot Thompson;0,9819
Jesse Barfield;2;Aaron Laffey;0,9772
Jesse Barfield;3;Travis Snider;0,9728
Jesse Barfield;4;John Burkett;0,8803
Jesse Barfield;5;George Johnson;0,874
Jesse Barnes;1;Danny Green;0,9002
Jesse Barnes;2;Eddie Milner;0,8617
Jesse Barnes;3;Joaquin Arias;0,8577
Jesse Barnes;4;Ted Martinez;0,8499
Jesse Barnes;5;Herm Winningham;0,8387
Jesse Bragg;1;Kyle Seager;0,8658
Jesse Bragg;2;Gus Triandos;0,8447
Jesse Bragg;3;Derek Jeter;0,843
Jesse Bragg;4;Elmer Jacobs;0,8362
Jesse Bragg;5;Steve Yeager;0,8086
Jesse Burkett;1;Doug Glanville;0,9417
Jesse Burkett;2;Wally Gerber;0,9377
Jesse Burkett;3;George Metkovich;0,9155
Jesse Burkett;4;Shane Greene;0,908
Jesse Burkett;5;Al Myers;0,9069
Jesse Chavez;1;Lance Painter;0,9998
Jesse Chavez;2;Frankie Montas;0,9854
Jesse Chavez;3;Doug Rau;0,973
Jesse Chavez;4;Paul Blackburn;0,9689
Jesse Chavez;5;J. P. Howell;0,9633
Jesse Crain;1;Derek Lilliquist;0,9447
Jesse Crain;2;Tommy Byrne;0,9231
Jesse Crain;3;Al Zarilla;0,9228
Jesse Crain;4;Blainey Hall;0,908
Jesse Crain;5;Jim Lyttle;0,8762
Jesse Haines;1;Fred Hatfield;0,9272
Jesse Haines;2;Whitey Kurowski;0,9189
Jesse Haines;3;Toby Hall;0,885
Jesse Haines;4;Frank Demaree;0,8804
Jesse Haines;5;Benny Kauff;0,8732
Jesse Hubbard;1;Lee Grissom;0,9488
Jesse Hubbard;2;Chuck Cary;0,9251
Jesse Hubbard;3;Tom Bolton;0,9029
Jesse Hubbard;4;Ryan Yarbrough;0,8979
Jesse Hubbard;5;Burke Badenhop;0,8815
Jesse Jefferson;1;Cookie Lavagetto;0,9153
Jesse Jefferson;2;Ward Miller;0,8804
Jesse Jefferson;3;Mark Salas;0,852
Jesse Jefferson;4;Freddie Fitzsimmons;0,8501
Jesse Jefferson;5;Bob Grim;0,8415
Jesse Levis;1;Pedro Astacio;0,9613
Jesse Levis;2;Bob Nieman;0,9438
Jesse Levis;3;Roberto Perez;0,9173
Jesse Levis;4;Jim Lonborg;0,9042
Jesse Levis;5;Scott Stratton;0,9015
Jesse Orosco;1;Vicente Palacios;0,9991
Jesse Orosco;2;Terry Mathews;0,9986
Jesse Orosco;3;Casey Fossum;0,9961
Jesse Orosco;4;Shaun Marcum;0,9937
Jesse Orosco;5;Emilio Pagan;0,9821
Jesse Tannehill;1;Byron Browne;0,9952
Jesse Tannehill;2;Karl Drews;0,9947
Jesse Tannehill;3;Mike Tauchman;0,9897
Jesse Tannehill;4;Wally Roettger;0,9885
Jesse Tannehill;5;Elmer Myers;0,9878
Jesse Winker;1;Carl Erskine;0,9064
Jesse Winker;2;Bob Seeds;0,8997
Jesse Winker;3;Jorge Soler;0,8986
Jesse Winker;4;Steve Busby;0,8879
Jesse Winker;5;Tony Lazzeri;0,8672
Jesus Aguilar;1;Noodles Hahn;0,9323
Jesus Aguilar;2;Jim Beauchamp;0,9133
Jesus Aguilar;3;Joe Nolan;0,9119
Jesus Aguilar;4;Jack Marshall;0,9045
Jesus Aguilar;5;Jim Palmer;0,9029
Jesus Alou;1;Chris Denorfia;0,9505
Jesus Alou;2;Billy Holland;0,9423
Jesus Alou;3;Hal Naragon;0,933
Jesus Alou;4;Lourdes Gurriel;0,9307
Jesus Alou;5;Alex McCarthy;0,9283
Jesus Colome;1;Ed Glynn;0,9757
Jesus Colome;2;Al Spalding;0,9726
Jesus Colome;3;Mark Lowe;0,9568
Jesus Colome;4;Jerry Moses;0,9568
Jesus Colome;5;Johnny Lanning;0,9546
Jeurys Familia;1;Chuck Taylor;0,9744
Jeurys Familia;2;Roy K. Williams;0,973
Jeurys Familia;3;Tim Flannery;0,9453
Jeurys Familia;4;Seth Lugo;0,9447
Jeurys Familia;5;Mike Jeffcoat;0,9354
Jhonny Peralta;1;Brian Matusz;0,9709
Jhonny Peralta;2;Dennis Powell;0,9709
Jhonny Peralta;3;Alan Benes;0,9709
Jhonny Peralta;4;Paul Gibson;0,9709
Jhonny Peralta;5;Jim Acker;0,9577
Jhoulys Chacin;1;Bryce Florie;0,9489
Jhoulys Chacin;2;Brian Williams;0,945
Jhoulys Chacin;3;Wayne Kirby;0,9348
Jhoulys Chacin;4;Jay Witasick;0,9119
Jhoulys Chacin;5;Jim Shaw;0,903
Ji-Man Choi;1;Turner Barber;0,9796
Ji-Man Choi;2;Jean Dubuc;0,9703
Ji-Man Choi;3;Scott Feldman;0,9666
Ji-Man Choi;4;Steve Parris;0,9548
Ji-Man Choi;5;Kelly Downs;0,9494
Jiggs Donahue;1;Alex Gonzalez;0,9852
Jiggs Donahue;2;Jack Burdock;0,9761
Jiggs Donahue;3;Jerry Lumpe;0,9735
Jiggs Donahue;4;Stuffy McInnis;0,9682
Jiggs Donahue;5;Johnny Burnett;0,965
Jim Abbott;1;Bob Seeds;0,9181
Jim Abbott;2;José María Fernández;0,8953
Jim Abbott;3;Paul Quantrill;0,8838
Jim Abbott;4;Doug Griffin;0,8768
Jim Abbott;5;Max Scherzer;0,8762
Jim Acker;1;Bill Hart;0,9661
Jim Acker;2;Luke Walker;0,9583
Jim Acker;3;Jhonny Peralta;0,9577
Jim Acker;4;Mitch Webster;0,9549
Jim Acker;5;Steve Renko;0,9441
Jim Bagby;1;John Maine;0,9572
Jim Bagby;2;John Lannan;0,9535
Jim Bagby;3;Wayne Garland;0,9375
Jim Bagby;4;Terry Leach;0,9116
Jim Bagby;5;Duane Pillette;0,9049
Jim Barr;1;Zack Britton;0,8911
Jim Barr;2;Jose Uribe;0,8651
Jim Barr;3;Otto Velez;0,8614
Jim Barr;4;Josh Hamilton;0,8581
Jim Barr;5;Chris Gimenez;0,8503
Jim Beattie;1;Andy Van Slyke;0,9158
Jim Beattie;2;Barry Bonnell;0,9032
Jim Beattie;3;Jimmy Outlaw;0,8992
Jim Beattie;4;Paul DeJong;0,8891
Jim Beattie;5;Eddie Rosario;0,8822
Jim Beauchamp;1;Jerry Zimmerman;0,9601
Jim Beauchamp;2;Raymond Taylor;0,9578
Jim Beauchamp;3;Willie McGee;0,9506
Jim Beauchamp;4;Ted Strong;0,9467
Jim Beauchamp;5;Tommy Harper;0,9327
Jim Bibby;1;Mike Andrews;0,9082
Jim Bibby;2;Jack Hannahan;0,8878
Jim Bibby;3;Jack Heidemann;0,886
Jim Bibby;4;Jedd Gyorko;0,8688
Jim Bibby;5;Hank Wyse;0,8374
Jim Bottomley;1;Gleyber Torres;0,9765
Jim Bottomley;2;Kris Benson;0,9302
Jim Bottomley;3;Alvin Davis;0,892
Jim Bottomley;4;John Parrish;0,8889
Jim Bottomley;5;Deion Sanders;0,8716
Jim Bouton;1;Joe Jimenez;0,9586
Jim Bouton;2;Mike MacDougal;0,9544
Jim Bouton;3;Don Gullett;0,9388
Jim Bouton;4;Lou Collier;0,9101
Jim Bouton;5;Sean Bergman;0,8922
Jim Brewer;1;Bobby Seay;0,9206
Jim Brewer;2;Julio Gotay;0,916
Jim Brewer;3;Wei-Yin Chen;0,8976
Jim Brewer;4;Gordon Jones;0,8835
Jim Brewer;5;Sal Butera;0,8729
Jim Brosnan;1;Josh Gibson;0,9128
Jim Brosnan;2;Jeff Treadway;0,911
Jim Brosnan;3;Pete Washington;0,9051
Jim Brosnan;4;José Junco;0,8999
Jim Brosnan;5;George Miller;0,8571
Jim Brower;1;Larry McWilliams;0,986
Jim Brower;2;Brandon Lyon;0,9577
Jim Brower;3;Doug Corbett;0,9405
Jim Brower;4;Mike Kekich;0,9242
Jim Brower;5;Billy Wagner;0,921
Jim Brown;1;Ray Morgan;0,9949
Jim Brown;2;Kyle Tucker;0,9788
Jim Brown;3;Brian Tallet;0,9705
Jim Brown;4;Tyler Glasnow;0,9681
Jim Brown;5;Tommie Reynolds;0,9681
Jim Bunning;1;John Henry Johnson;0,9098
Jim Bunning;2;Ted Page;0,9038
Jim Bunning;3;Derek Lilliquist;0,8846
Jim Bunning;4;Valentín Dreke;0,8735
Jim Bunning;5;John Stephenson;0,8477
Jim Busby;1;Henry Cotto;0,9754
Jim Busby;2;Putsy Caballero;0,9121
Jim Busby;3;Lee Thomas;0,8718
Jim Busby;4;Benny Ayala;0,8419
Jim Busby;5;Jack Lapp;0,8414
Jim Clancy;1;Tim Naehring;0,9451
Jim Clancy;2;Steve McCatty;0,9373
Jim Clancy;3;Tommie Reynolds;0,9354
Jim Clancy;4;Karl Drews;0,9314
Jim Clancy;5;Byron Browne;0,9289
Jim Clinton;1;Joe Page;0,9769
Jim Clinton;2;Jack Kramer;0,9345
Jim Clinton;3;Eddie Collins;0,93
Jim Clinton;4;Sean Newcomb;0,9277
Jim Clinton;5;Greg Allen;0,9185
Jim Coates;1;Joe Sambito;0,9485
Jim Coates;2;Marvin Benard;0,9469
Jim Coates;3;Dick Selma;0,9147
Jim Coates;4;Lou Kretlow;0,9032
Jim Coates;5;Glen Hobbie;0,9002
Jim Colborn;1;Byung-Hyun Kim;0,9042
Jim Colborn;2;Denny Doyle;0,9001
Jim Colborn;3;Steve Dillard;0,8579
Jim Colborn;4;Jim Willoughby;0,8463
Jim Colborn;5;Steve Reed;0,8374
Jim Corsi;1;Travis Wood;0,9909
Jim Corsi;2;Rich Becker;0,9753
Jim Corsi;3;Austin Hays;0,9738
Jim Corsi;4;Luke Hamlin;0,9708
Jim Corsi;5;Nate Robertson;0,9698
Jim Davenport;1;Denis Menke;0,8788
Jim Davenport;2;Joe Panik;0,839
Jim Davenport;3;John Stone;0,834
Jim Davenport;4;Milo Candini;0,8309
Jim Davenport;5;Rats Henderson;0,8223
Jim Delahanty;1;Teoscar Hernandez;0,9548
Jim Delahanty;2;Jimmy Smith;0,9094
Jim Delahanty;3;Paul Dean;0,8786
Jim Delahanty;4;Dave Orr;0,8657
Jim Delahanty;5;Jerry Benjamin;0,8574
Jim Delsing;1;Sal Yvars;0,9474
Jim Delsing;2;Mike Flanagan;0,93
Jim Delsing;3;George Sherrill;0,9163
Jim Delsing;4;Chad Fox;0,9135
Jim Delsing;5;Joe Borowski;0,9053
Jim Deshaies;1;Mike Young;0,9205
Jim Deshaies;2;Luis Pujols;0,9176
Jim Deshaies;3;Travis Shaw;0,9008
Jim Deshaies;4;Marlon Byrd;0,8964
Jim Deshaies;5;Mackey Sasser;0,895
Jim Donnelly;1;Sherman Barton;0,9617
Jim Donnelly;2;Jim Pendleton;0,9439
Jim Donnelly;3;Larry Jansen;0,8931
Jim Donnelly;4;Tyler Naquin;0,8836
Jim Donnelly;5;Jason Thompson;0,8768
Jim Dwyer;1;Leonys Martin;0,8839
Jim Dwyer;2;Jack Farrell;0,8465
Jim Dwyer;3;Dixie Davis;0,8401
Jim Dwyer;4;Elias Diaz;0,8289
Jim Dwyer;5;Sam Gray;0,81
Jim Edmonds;1;Mark Mulder;0,895
Jim Edmonds;2;Kevin Cash;0,8711
Jim Edmonds;3;Eli Marrero;0,8619
Jim Edmonds;4;Jimmy Outlaw;0,809
Jim Edmonds;5;Chris Carter;0,8087
Jim Eisenreich;1;Paul Erickson;0,9649
Jim Eisenreich;2;Benny Bengough;0,9351
Jim Eisenreich;3;Ed Vosberg;0,9201
Jim Eisenreich;4;Pete Falcone;0,9016
Jim Eisenreich;5;Brian Bruney;0,8894
Jim Essian;1;Waite Hoyt;0,9856
Jim Essian;2;Gil Hatfield;0,8839
Jim Essian;3;Russ Kemmerer;0,875
Jim Essian;4;Ryan Freel;0,8664
Jim Essian;5;Egyptian Healy;0,8523
Jim Fregosi;1;George Hemming;0,9758
Jim Fregosi;2;Frank Scheibeck;0,9625
Jim Fregosi;3;Rob Brantly;0,938
Jim Fregosi;4;Jorge Velandia;0,9332
Jim Fregosi;5;Silver King;0,9265
Jim Gantner;1;Sam Zoldak;0,9874
Jim Gantner;2;Sherry Robertson;0,9774
Jim Gantner;3;Welington Castillo;0,9721
Jim Gantner;4;Curtis Pride;0,9694
Jim Gantner;5;Doug Clemens;0,9687
Jim Gentile;1;Daryl Spencer;0,9698
Jim Gentile;2;Jon Lester;0,9649
Jim Gentile;3;Bob Veale;0,935
Jim Gentile;4;Joe Carter;0,9061
Jim Gentile;5;Moises Alou;0,881
Jim Gilliam;1;Stu Martin;0,9588
Jim Gilliam;2;John Knight;0,9283
Jim Gilliam;3;Ed Killian;0,9242
Jim Gilliam;4;Dick Howser;0,9239
Jim Gilliam;5;Taylor Teagarden;0,9228
Jim Gosger;1;Jackie Hernandez;0,9932
Jim Gosger;2;Larry Dierker;0,9918
Jim Gosger;3;Kitty Bransfield;0,9914
Jim Gosger;4;Adam Everett;0,9911
Jim Gosger;5;Marty McManus;0,9907
Jim Gott;1;Mike Kekich;0,9561
Jim Gott;2;John Kennedy;0,9149
Jim Gott;3;Bill Holland;0,9124
Jim Gott;4;Doc Lavan;0,9119
Jim Gott;5;Jack Kramer;0,9046
Jim Hannan;1;Herb Barnhill;0,9751
Jim Hannan;2;Harry Kincannon;0,9376
Jim Hannan;3;Bill Stafford;0,9227
Jim Hannan;4;Sean Marshall;0,9043
Jim Hannan;5;Harry Smith;0,8988
Jim Hearn;1;Johnny Smith;0,8744
Jim Hearn;2;Johnny Bates;0,8679
Jim Hearn;3;Ross Barnes;0,8663
Jim Hearn;4;Jaime Garcia;0,8645
Jim Hearn;5;Bob Priddy;0,8203
Jim Hegan;1;Frank Scheibeck;0,9801
Jim Hegan;2;Willie Calhoun;0,9778
Jim Hegan;3;Rob Brantly;0,9564
Jim Hegan;4;Jorge Velandia;0,9506
Jim Hegan;5;Johnny Burnett;0,9471
Jim Hickman;1;Bill McClellan;0,9227
Jim Hickman;2;Thomas Burns;0,8998
Jim Hickman;3;Jack Doyle;0,8764
Jim Hickman;4;Khris Davis;0,8668
Jim Hickman;5;Brandon Drury;0,8661
Jim Holdsworth;1;John Barry;0,946
Jim Holdsworth;2;Arndt Jorgens;0,9019
Jim Holdsworth;3;Harry Kenyon;0,8998
Jim Holdsworth;4;Joe Price;0,8998
Jim Holdsworth;5;John Clapp;0,8982
Jim Holt;1;Dwayne Henry;0,971
Jim Holt;2;Rick Mahler;0,9578
Jim Holt;3;Derek Lilliquist;0,9479
Jim Holt;4;Mitch Moreland;0,9444
Jim Holt;5;Brandon Duckworth;0,9251
Jim Jeffries;1;Ray Morgan;0,969
Jim Jeffries;2;Sammy Strang;0,9572
Jim Jeffries;3;Willie Calhoun;0,944
Jim Jeffries;4;Jack Hiatt;0,9409
Jim Jeffries;5;Jorge Velandia;0,9403
Jim Johnson;1;Lee Maye;0,9011
Jim Johnson;2;Jack Knott;0,8835
Jim Johnson;3;Jim Willoughby;0,8802
Jim Johnson;4;Ricky Bones;0,851
Jim Johnson;5;Yorvit Torrealba;0,8479
Jim Kaat;1;Dwight Smith;0,9205
Jim Kaat;2;Roger Cedeno;0,9012
Jim Kaat;3;Brayan Peña;0,9011
Jim Kaat;4;Damaso Marte;0,8965
Jim Kaat;5;Butch Henline;0,8914
Jim Keenan;1;Rafael Palmeiro;0,9979
Jim Keenan;2;Vern Stephens;0,9946
Jim Keenan;3;Elmer Myers;0,9941
Jim Keenan;4;Mike Ryan;0,9941
Jim Keenan;5;Tony Scott;0,9928
Jim Kern;1;Phil Coke;0,9385
Jim Kern;2;J. R. Murphy;0,9351
Jim Kern;3;Gary Sheffield;0,9262
Jim Kern;4;Bruce Ruffin;0,8881
Jim Kern;5;Cy Blanton;0,8765
Jim King;1;Dick Littlefield;0,8746
Jim King;2;Ryne Duren;0,8531
Jim King;3;Dave Otto;0,8352
Jim King;4;Doc Sykes;0,8128
Jim King;5;Carlos Martinez;0,8053
Jim Konstanty;1;Scott Kamieniecki;0,9162
Jim Konstanty;2;Calvin Schiraldi;0,9099
Jim Konstanty;3;Ryan Goins;0,8982
Jim Konstanty;4;Jose Guzman;0,8906
Jim Konstanty;5;Rosy Ryan;0,887
Jim Landis;1;Charles Gipson;0,9564
Jim Landis;2;Aaron Sanchez;0,9332
Jim Landis;3;Whit Merrifield;0,8941
Jim Landis;4;Bill Sweeney;0,8906
Jim Landis;5;Horace Ford;0,8565
Jim Lefebvre;1;Eddie Foster;0,9759
Jim Lefebvre;2;Joe Rudi;0,9676
Jim Lefebvre;3;Jonathan Villar;0,9548
Jim Lefebvre;4;Rip Radcliff;0,9406
Jim Lefebvre;5;Raul Casanova;0,9342
Jim Lemon;1;Johnny Burnett;0,9621
Jim Lemon;2;George Decker;0,9592
Jim Lemon;3;Willie Calhoun;0,9564
Jim Lemon;4;Buddy Bradford;0,9514
Jim Lemon;5;Dansby Swanson;0,9514
Jim Leyritz;1;Rob Brantly;0,9744
Jim Leyritz;2;Frank Scheibeck;0,9741
Jim Leyritz;3;Juan Beniquez;0,9693
Jim Leyritz;4;Willie Calhoun;0,9692
Jim Leyritz;5;B. J. Upton;0,9653
Jim Lindeman;1;Lee Smith;0,9502
Jim Lindeman;2;Al McBean;0,9409
Jim Lindeman;3;Adam Melhuse;0,9395
Jim Lindeman;4;Danny Hoffman;0,9369
Jim Lindeman;5;John Parrish;0,9306
Jim Lindsey;1;Odalis Perez;0,9159
Jim Lindsey;2;Willie Foster;0,9158
Jim Lindsey;3;Eddie Rosario;0,9097
Jim Lindsey;4;Luis Polonia;0,9015
Jim Lindsey;5;Harry Brecheen;0,8944
Jim Lonborg;1;Benny Frey;0,934
Jim Lonborg;2;Jesse Levis;0,9042
Jim Lonborg;3;Joel Youngblood;0,901
Jim Lonborg;4;Dave Silvestri;0,8929
Jim Lonborg;5;Thurman Tucker;0,8825
Jim Lyttle;1;Nick Pivetta;0,9754
Jim Lyttle;2;Al Orth;0,9543
Jim Lyttle;3;Lee Magee;0,9386
Jim Lyttle;4;Ray Mueller;0,9338
Jim Lyttle;5;Willie Cornelius;0,9327
Jim Maloney;1;David Freese;0,9069
Jim Maloney;2;Chris Herrmann;0,9036
Jim Maloney;3;Ivy Andrews;0,8933
Jim Maloney;4;Framber Valdez;0,8916
Jim Maloney;5;Gene Clines;0,8721
Jim Mason;1;Nick Strincevich;0,9578
Jim Mason;2;Gene Richards;0,897
Jim Mason;3;Al Hrabosky;0,8946
Jim Mason;4;Tony Taylor;0,8929
Jim Mason;5;Satchel Paige;0,8794
Jim McCormick;1;Chick Shorten;0,9288
Jim McCormick;2;Ron Pruitt;0,9162
Jim McCormick;3;Kevin Seitzer;0,9121
Jim McCormick;4;Jacob deGrom;0,9116
Jim McCormick;5;Conor Gillaspie;0,8986
Jim McDonald;1;Tim Burke;0,962
Jim McDonald;2;Roger Cedeno;0,9232
Jim McDonald;3;Johnny Moore;0,9213
Jim McDonald;4;Paul Hardy;0,9191
Jim McDonald;5;Zack Britton;0,9169
Jim McGlothlin;1;Brad Peacock;0,9189
Jim McGlothlin;2;Mark Sweeney;0,908
Jim McGlothlin;3;Chris Stratton;0,9049
Jim McGlothlin;4;George Selkirk;0,8947
Jim McGlothlin;5;Ruppert Jones;0,8938
Jim Mecir;1;Hoby Milner;1,0
Jim Mecir;2;Dave Eiland;1,0
Jim Mecir;3;Chris Hatcher;1,0
Jim Mecir;4;Chasen Shreve;1,0
Jim Mecir;5;Cesar Ramos;1,0
Jim Merritt;1;Greg Colbrunn;0,9752
Jim Merritt;2;Lee Tannehill;0,9637
Jim Merritt;3;Jouett Meekin;0,9633
Jim Merritt;4;Grant Balfour;0,9621
Jim Merritt;5;Heath Bell;0,9621
Jim Morrison;1;John Kerr;0,9653
Jim Morrison;2;Chick Stahl;0,9618
Jim Morrison;3;Mike Tauchman;0,9519
Jim Morrison;4;Carlos Hernandez;0,9489
Jim Morrison;5;Ed Doheny;0,948
Jim Northrup;1;Dick Tracewski;0,9269
Jim Northrup;2;Dick Dietz;0,9071
Jim Northrup;3;Alex Ochoa;0,8621
Jim Northrup;4;Birdie Cree;0,8524
Jim Northrup;5;Aaron Miles;0,8388
Jim O'Rourke;1;Al Milnar;0,9341
Jim O'Rourke;2;Ed Vosberg;0,9245
Jim O'Rourke;3;Rowdy Tellez;0,9045
Jim O'Rourke;4;Nate Jones;0,897
Jim O'Rourke;5;Charlie Grant;0,8829
Jim O'Toole;1;Bob Veale;0,9522
Jim O'Toole;2;Jumbo Brown;0,9447
Jim O'Toole;3;Jason Hammel;0,9341
Jim O'Toole;4;Champ Summers;0,932
Jim O'Toole;5;Dee Brown;0,9152
Jim Owens;1;Pete Harnisch;0,9579
Jim Owens;2;Vic Darensbourg;0,9414
Jim Owens;3;John Marzano;0,8842
Jim Owens;4;Perry Hall;0,8685
Jim Owens;5;Felix Rodriguez;0,8652
Jim Pagliaroni;1;Michael Pineda;0,9573
Jim Pagliaroni;2;Jim Mason;0,8778
Jim Pagliaroni;3;Vean Gregg;0,8769
Jim Pagliaroni;4;Pud Galvin;0,8649
Jim Pagliaroni;5;Satchel Paige;0,8579
Jim Palmer;1;Bob Scheffing;0,9295
Jim Palmer;2;Jesus Aguilar;0,9029
Jim Palmer;3;Mike Squires;0,895
Jim Palmer;4;Noodles Hahn;0,8948
Jim Palmer;5;Jim Morrison;0,8936
Jim Pendleton;1;Orlando Cabrera;0,9615
Jim Pendleton;2;Ray Blades;0,9513
Jim Pendleton;3;Jim Donnelly;0,9439
Jim Pendleton;4;Steve Mingori;0,9434
Jim Pendleton;5;Livan Hernandez;0,9352
Jim Perry;1;Bob Priddy;0,9198
Jim Perry;2;Babe Phelps;0,9014
Jim Perry;3;Doug Flynn;0,8934
Jim Perry;4;Michael Wuertz;0,8884
Jim Perry;5;George Carr;0,8803
Jim Piersall;1;Jack Phillips;0,9792
Jim Piersall;2;Tony Muser;0,9764
Jim Piersall;3;Brian Matusz;0,961
Jim Piersall;4;Dennis Powell;0,961
Jim Piersall;5;Alan Benes;0,961
Jim Poole;1;Luis Bustamante;0,9612
Jim Poole;2;Ted Uhlaender;0,9235
Jim Poole;3;Ranger Suarez;0,9209
Jim Poole;4;Bobby Tiefenauer;0,8873
Jim Poole;5;Brian Wilson;0,887
Jim Presley;1;Jack Aker;0,9661
Jim Presley;2;Alonzo Boone;0,9654
Jim Presley;3;Mike Munoz;0,963
Jim Presley;4;Ted Gray;0,9467
Jim Presley;5;Virgil Barnes;0,9156
Jim Ray;1;Francisco Cordero;0,9998
Jim Ray;2;James Paxton;0,9886
Jim Ray;3;Brett Myers;0,9744
Jim Ray;4;Troy Percival;0,9718
Jim Ray;5;Rube Oldring;0,9621
Jim Ray Hart;1;Elon Hogsett;0,9731
Jim Ray Hart;2;John Patterson;0,9662
Jim Ray Hart;3;Wayne Gross;0,9656
Jim Ray Hart;4;Carl Reynolds;0,963
Jim Ray Hart;5;Brandon Kintzler;0,9624
Jim Rice;1;Walter Holke;0,9895
Jim Rice;2;Ownie Carroll;0,9863
Jim Rice;3;Xavier Hernandez;0,9833
Jim Rice;4;Lefty O'Doul;0,9828
Jim Rice;5;Tom Jones;0,9801
Jim Rivera;1;Trevor Plouffe;0,8997
Jim Rivera;2;Red Murray;0,8976
Jim Rivera;3;Elmer Flick;0,8906
Jim Rivera;4;Raul Casanova;0,8861
Jim Rivera;5;Chris Taylor;0,8722
Jim Roland;1;Alan Mills;0,9639
Jim Roland;2;Al Spalding;0,9599
Jim Roland;3;Jerry Moses;0,9472
Jim Roland;4;Eddie Rosario;0,9429
Jim Roland;5;Ed Glynn;0,9414
Jim Rooker;1;Jolbert Cabrera;0,9035
Jim Rooker;2;John Buzhardt;0,8924
Jim Rooker;3;Anthony Santander;0,8744
Jim Rooker;4;Ed Young;0,8599
Jim Rooker;5;Tim Corcoran;0,8435
Jim Russell;1;Curtis Granderson;0,9059
Jim Russell;2;Doc Scanlan;0,8766
Jim Russell;3;Brandon Lowe;0,8657
Jim Russell;4;Brook Jacoby;0,8569
Jim Russell;5;Mark Koenig;0,8566
Jim Scott;1;Leroy Grant;0,9744
Jim Scott;2;Jacob deGrom;0,9585
Jim Scott;3;Ivan Murrell;0,9379
Jim Scott;4;Joe Niekro;0,9088
Jim Scott;5;Greg Cadaret;0,9043
Jim Shaw;1;Kyle Farmer;0,9254
Jim Shaw;2;Jhoulys Chacin;0,903
Jim Shaw;3;Bryce Florie;0,9002
Jim Shaw;4;Julio Franco;0,8901
Jim Shaw;5;Hank Leiber;0,8871
Jim Shellenback;1;Dana Fillingim;0,9869
Jim Shellenback;2;Earl Clark;0,9383
Jim Shellenback;3;Vance Worley;0,9301
Jim Shellenback;4;Don Gutteridge;0,9297
Jim Shellenback;5;Luke Gregerson;0,9286
Jim Slaton;1;Russ Kemmerer;0,8954
Jim Slaton;2;General Crowder;0,8557
Jim Slaton;3;Jerry Dipoto;0,8528
Jim Slaton;4;Sean Berry;0,8497
Jim Slaton;5;Gil Hatfield;0,8476
Jim Spencer;1;Chick Gandil;0,8831
Jim Spencer;2;Bert Adams;0,8796
Jim Spencer;3;Walter Schmidt;0,8489
Jim Spencer;4;John Barnes;0,8471
Jim Spencer;5;Les Bell;0,8358
Jim Starks;1;Bobby Crosby;0,9777
Jim Starks;2;Tom Jones;0,9736
Jim Starks;3;Jason Bartlett;0,9713
Jim Starks;4;Nate Robertson;0,9684
Jim Starks;5;Luke Hamlin;0,9662
Jim Sundberg;1;Charlie Irwin;0,9512
Jim Sundberg;2;Bud Barbee;0,9362
Jim Sundberg;3;Tom Satriano;0,9293
Jim Sundberg;4;Greg McMichael;0,9156
Jim Sundberg;5;T. J. Mathews;0,914
Jim Tabor;1;Brian Tallet;0,9907
Jim Tabor;2;Tommy Bridges;0,9822
Jim Tabor;3;Bud Clancy;0,9751
Jim Tabor;4;Jimmy Hill;0,9738
Jim Tabor;5;Steven Souza;0,9686
Jim Thome;1;Chuck Crim;0,9726
Jim Thome;2;Jimmy Williams;0,9526
Jim Thome;3;Billy Cox;0,9444
Jim Thome;4;Pepper Daniels;0,9434
Jim Thome;5;Gene Baker;0,9396
Jim Tobin;1;David Newhan;0,9035
Jim Tobin;2;Walt Wilmot;0,9019
Jim Tobin;3;Bill Kindle;0,8901
Jim Tobin;4;Sandy Consuegra;0,89
Jim Tobin;5;Clete Boyer;0,8889
Jim Turner;1;Pete Orr;0,9705
Jim Turner;2;Erv Dusak;0,9527
Jim Turner;3;Chris Gomez;0,95
Jim Turner;4;Cecil Upshaw;0,9338
Jim Turner;5;Sarge Connally;0,922
Jim Weaver;1;Buddy Rosar;0,8837
Jim Weaver;2;Dom Dallessandro;0,8766
Jim Weaver;3;Jose Quintana;0,8765
Jim Weaver;4;Buster Brown;0,8736
Jim Weaver;5;Milt Thompson;0,8682
Jim West;1;John Knight;0,9408
Jim West;2;Phil Todt;0,9276
Jim West;3;Joel Skinner;0,9241
Jim West;4;Brad Komminsk;0,924
Jim West;5;Robert Person;0,9168
Jim Whitney;1;John Richmond;0,9057
Jim Whitney;2;Slim Harriss;0,9007
Jim Whitney;3;Oscar Levis;0,8893
Jim Whitney;4;Ray Chapman;0,8893
Jim Whitney;5;Bennie Daniels;0,8884
Jim Williams;1;Pete Hotaling;0,9307
Jim Williams;2;Luis Avilan;0,8827
Jim Williams;3;Buck Ross;0,8614
Jim Williams;4;Casey Cox;0,8381
Jim Williams;5;Jason Bay;0,8362
Jim Willis;1;Dale Long;0,9763
Jim Willis;2;Merv Shea;0,9659
Jim Willis;3;Robbie Ray;0,9569
Jim Willis;4;Grant Balfour;0,9546
Jim Willis;5;Heath Bell;0,9546
Jim Willoughby;1;Mike Shannon;0,9649
Jim Willoughby;2;Matt Garza;0,9306
Jim Willoughby;3;Wil Myers;0,9304
Jim Willoughby;4;T. J. McFarland;0,9003
Jim Willoughby;5;Melvin Mora;0,8864
Jim Wilson;1;Ed Goodson;0,9703
Jim Wilson;2;Brian Bruney;0,9411
Jim Wilson;3;Guillermo Quiroz;0,9282
Jim Wilson;4;Lefty Calhoun;0,8911
Jim Wilson;5;Carrenza Howard;0,8906
Jim Wohlford;1;Charlie Grant;0,9125
Jim Wohlford;2;Rodney Scott;0,9035
Jim Wohlford;3;Daryle Ward;0,8867
Jim Wohlford;4;Larry Stahl;0,867
Jim Wohlford;5;Frank Gibson;0,8615
Jim Wynn;1;Billy Sunday;0,9646
Jim Wynn;2;Harry Harper;0,9586
Jim Wynn;3;Aubrey Huff;0,9336
Jim Wynn;4;Norm Siebern;0,933
Jim Wynn;5;Bill Bradley;0,9311
Jimmie Coker;1;Brad Peacock;0,9492
Jimmie Coker;2;Chris Stratton;0,9411
Jimmie Coker;3;Jumbo Elliott;0,9165
Jimmie Coker;4;Joey Votto;0,9124
Jimmie Coker;5;Junior Noboa;0,9083
Jimmie Crutchfield;1;Joe Jimenez;0,8853
Jimmie Crutchfield;2;Lou Collier;0,8737
Jimmie Crutchfield;3;Casey Janssen;0,8671
Jimmie Crutchfield;4;Augie Ojeda;0,8524
Jimmie Crutchfield;5;Al Demaree;0,8388
Jimmie Foxx;1;Earl Williams;0,9707
Jimmie Foxx;2;Rafael Ortega;0,9308
Jimmie Foxx;3;Kevin Ritz;0,9128
Jimmie Foxx;4;Matt Alexander;0,9117
Jimmie Foxx;5;Archie Bradley;0,9104
Jimmie Hall;1;Rich Gossage;0,9509
Jimmie Hall;2;Bill Rigney;0,9157
Jimmie Hall;3;Luis Salazar;0,8955
Jimmie Hall;4;Jimmy Binder;0,8865
Jimmie Hall;5;John Patterson;0,8562
Jimmie Lyons;1;Brad Fullmer;0,9635
Jimmie Lyons;2;Pete O'Brien;0,9614
Jimmie Lyons;3;Taylor Teagarden;0,9599
Jimmie Lyons;4;Lee May;0,9577
Jimmie Lyons;5;Michael Barrett;0,9505
Jimmie Schaffer;1;Bob Owchinko;0,987
Jimmie Schaffer;2;Al Levine;0,9846
Jimmie Schaffer;3;Kyle Hendricks;0,9664
Jimmie Schaffer;4;Carl Scheib;0,9567
Jimmie Schaffer;5;Derek Law;0,952
Jimmie Wilson;1;Rich Amaral;0,9556
Jimmie Wilson;2;Willard Nixon;0,9326
Jimmie Wilson;3;Bobby Estalella;0,9286
Jimmie Wilson;4;Rafael Devers;0,9259
Jimmie Wilson;5;Sammy Hale;0,9177
Jimmy Archer;1;Archie Ware;0,9841
Jimmy Archer;2;Andy Seminick;0,9815
Jimmy Archer;3;Ray Schalk;0,9776
Jimmy Archer;4;Bennie Tate;0,9767
Jimmy Archer;5;John Grim;0,9759
Jimmy Austin;1;Brian Bruney;0,9354
Jimmy Austin;2;Ryan O'Hearn;0,9163
Jimmy Austin;3;Ed Goodson;0,8857
Jimmy Austin;4;Paul Erickson;0,8821
Jimmy Austin;5;George Smith;0,8559
Jimmy Barrett;1;Ed Killian;0,9407
Jimmy Barrett;2;Grady Hatton;0,9255
Jimmy Barrett;3;Chuck Crim;0,9099
Jimmy Barrett;4;Lon Knight;0,9054
Jimmy Barrett;5;Joe DeMaestri;0,8996
Jimmy Binder;1;Jose Guzman;0,9513
Jimmy Binder;2;Kevin Gausman;0,9383
Jimmy Binder;3;Mickey Haefner;0,9374
Jimmy Binder;4;Al Nixon;0,9049
Jimmy Binder;5;Ryan Goins;0,9038
Jimmy Bloodworth;1;Morgan Ensberg;0,9627
Jimmy Bloodworth;2;Ed Swartwood;0,9588
Jimmy Bloodworth;3;Bud Clancy;0,9532
Jimmy Bloodworth;4;Karl Drews;0,9524
Jimmy Bloodworth;5;Byron Browne;0,9514
Jimmy Brown;1;Steve Buechele;0,8878
Jimmy Brown;2;Cliff Pennington;0,8847
Jimmy Brown;3;Dave Roberts;0,8793
Jimmy Brown;4;Billy Johnson;0,8556
Jimmy Brown;5;Pud Galvin;0,8551
Jimmy Callahan;1;Hector Torres;0,9035
Jimmy Callahan;2;Bill Walker;0,8697
Jimmy Callahan;3;Harry Davis;0,8474
Jimmy Callahan;4;Donnie Murphy;0,8441
Jimmy Callahan;5;Gio Urshela;0,8433
Jimmy Collins;1;Charlie Deal;0,9141
Jimmy Collins;2;Ian Happ;0,9072
Jimmy Collins;3;Gabby Street;0,8979
Jimmy Collins;4;Hank Thompson;0,8977
Jimmy Collins;5;Robby Thompson;0,8822
Jimmy Dykes;1;Paul Dean;0,8966
Jimmy Dykes;2;Harry Harper;0,8946
Jimmy Dykes;3;Tim Raines;0,8793
Jimmy Dykes;4;Billy Sunday;0,8785
Jimmy Dykes;5;Les Bell;0,8742
Jimmy Ford;1;Bill Russell;0,9295
Jimmy Ford;2;Carl Scheib;0,917
Jimmy Ford;3;Jeff Heath;0,9126
Jimmy Ford;4;Bill Singer;0,9031
Jimmy Ford;5;Karim Garcia;0,9017
Jimmy Haynes;1;Joe Jimenez;0,9538
Jimmy Haynes;2;Trevor Williams;0,9499
Jimmy Haynes;3;Ernie Johnson;0,9259
Jimmy Haynes;4;Bill Caudill;0,9229
Jimmy Haynes;5;Will Venable;0,9132
Jimmy Hill;1;Greg Gagne;0,9886
Jimmy Hill;2;Sammy Stewart;0,9884
Jimmy Hill;3;Jose Vizcaino;0,9848
Jimmy Hill;4;Ed McFarland;0,9848
Jimmy Hill;5;Ivey Wingo;0,9838
Jimmy Johnston;1;Richard Hidalgo;0,9151
Jimmy Johnston;2;Red Rolfe;0,9029
Jimmy Johnston;3;Eric Anthony;0,8943
Jimmy Johnston;4;D'Angelo Jimenez;0,8935
Jimmy Johnston;5;Jeff DaVanon;0,8863
Jimmy Jones;1;Mike Perez;0,9932
Jimmy Jones;2;Shawn Armstrong;0,9908
Jimmy Jones;3;Terry Crowley;0,9828
Jimmy Jones;4;Brandon Morrow;0,9798
Jimmy Jones;5;Vladimir Nunez;0,9782
Jimmy Key;1;Red Munger;0,8939
Jimmy Key;2;Chris Gimenez;0,884
Jimmy Key;3;Clem Labine;0,8597
Jimmy Key;4;Cedric Mullins;0,8546
Jimmy Key;5;Terry Harper;0,8481
Jimmy McAleer;1;Mark Salas;0,9818
Jimmy McAleer;2;Al Demaree;0,8772
Jimmy McAleer;3;Rich Monteleone;0,8748
Jimmy McAleer;4;Bernie Neis;0,8738
Jimmy McAleer;5;Horacio Pina;0,8586
Jimmy Outlaw;1;Julio Rojo;0,9528
Jimmy Outlaw;2;Johnny Allen;0,9419
Jimmy Outlaw;3;Ray Berres;0,9312
Jimmy Outlaw;4;Gary Geiger;0,9227
Jimmy Outlaw;5;Chris Bando;0,9215
Jimmy Ring;1;Duane Josephson;0,9509
Jimmy Ring;2;Doc Gessler;0,95
Jimmy Ring;3;Jacob Stallings;0,9478
Jimmy Ring;4;John Peters;0,9366
Jimmy Ring;5;Fran Healy;0,9231
Jimmy Rollins;1;Bill Cissell;0,9547
Jimmy Rollins;2;Yuli Gurriel;0,9282
Jimmy Rollins;3;John Hines;0,9067
Jimmy Rollins;4;Jorge Fabregas;0,9012
Jimmy Rollins;5;Doug Camilli;0,8929
Jimmy Ryan;1;George Whitted;0,9784
Jimmy Ryan;2;Sammy Stewart;0,9783
Jimmy Ryan;3;Tyler Glasnow;0,9782
Jimmy Ryan;4;Bud Clancy;0,9775
Jimmy Ryan;5;Brad Wilkerson;0,9734
Jimmy Sheckard;1;Ozzie Virgil;0,9875
Jimmy Sheckard;2;Bud Clancy;0,9853
Jimmy Sheckard;3;Steven Souza;0,9795
Jimmy Sheckard;4;Dave Campbell;0,9795
Jimmy Sheckard;5;Mike Guerra;0,9785
Jimmy Slagle;1;Russell Martin;0,9303
Jimmy Slagle;2;Pete Kozma;0,8977
Jimmy Slagle;3;Pedro Severino;0,8929
Jimmy Slagle;4;Brian McCann;0,8924
Jimmy Slagle;5;Mike Vail;0,8653
Jimmy Smith;1;Carl Pavano;0,9617
Jimmy Smith;2;Mike Moore;0,9568
Jimmy Smith;3;Al Lakeman;0,954
Jimmy Smith;4;Moose Haas;0,9416
Jimmy Smith;5;Bryan Clark;0,937
Jimmy Stewart;1;Edwin Diaz;0,9503
Jimmy Stewart;2;Bill Harbridge;0,9429
Jimmy Stewart;3;Brad Havens;0,9362
Jimmy Stewart;4;Dave Tobik;0,9362
Jimmy Stewart;5;Max Manning;0,9357
Jimmy Wasdell;1;Matt Thornton;0,949
Jimmy Wasdell;2;Manny Pina;0,9416
Jimmy Wasdell;3;Glenn Wilson;0,9348
Jimmy Wasdell;4;Eduardo Escobar;0,9007
Jimmy Wasdell;5;Bob Muncrief;0,9004
Jimmy Williams;1;Jim Thome;0,9526
Jimmy Williams;2;Frank Wills;0,9483
Jimmy Williams;3;Don Mincher;0,9413
Jimmy Williams;4;Billy Cox;0,9385
Jimmy Williams;5;Billy McKinney;0,9357
Jo-Jo Moore;1;Jake Gibbs;0,9417
Jo-Jo Moore;2;Tom Paciorek;0,8948
Jo-Jo Moore;3;Larry Christenson;0,8697
Jo-Jo Moore;4;Pete LaCock;0,8402
Jo-Jo Moore;5;Jim Russell;0,8394
Jo-Jo White;1;Sean Rodriguez;0,9289
Jo-Jo White;2;Don Gutteridge;0,9096
Jo-Jo White;3;Bill Caudill;0,9043
Jo-Jo White;4;Brandon Duckworth;0,9037
Jo-Jo White;5;Jim Holt;0,8926
Joakim Soria;1;Moe Berg;0,9349
Joakim Soria;2;Reese McGuire;0,9215
Joakim Soria;3;Mark Grant;0,9093
Joakim Soria;4;Roger Mason;0,8996
Joakim Soria;5;Vic Aldridge;0,8988
Joaquin Andujar;1;Dave Boswell;0,9078
Joaquin Andujar;2;Jerry Remy;0,8803
Joaquin Andujar;3;Jacob Cruz;0,8754
Joaquin Andujar;4;Matt Capps;0,8701
Joaquin Andujar;5;Bobby Thigpen;0,8669
Joaquin Arias;1;Don Nottebart;0,964
Joaquin Arias;2;Carlos Martinez;0,9627
Joaquin Arias;3;Jarrod Washburn;0,9454
Joaquin Arias;4;Chico Fernandez;0,9388
Joaquin Arias;5;Eddie Milner;0,9371
Joaquin Benoit;1;Jason Adam;0,9993
Joaquin Benoit;2;Archie Bradley;0,9932
Joaquin Benoit;3;Ugueth Urbina;0,9917
Joaquin Benoit;4;Matt Alexander;0,9861
Joaquin Benoit;5;Greg Allen;0,9853
Joba Chamberlain;1;Danny Coulombe;1,0
Joba Chamberlain;2;Carlos Reyes;1,0
Joba Chamberlain;3;Alberto Reyes;1,0
Joba Chamberlain;4;Jason Motte;1,0
Joba Chamberlain;5;Eric Gagne;1,0
Joc Pederson;1;Dan Pasqua;0,9633
Joc Pederson;2;Manny Pina;0,9581
Joc Pederson;3;Tanyon Sturtze;0,9548
Joc Pederson;4;Tony Bernazard;0,9534
Joc Pederson;5;Craig Stammen;0,9532
Jody Davis;1;Sam Dente;0,9765
Jody Davis;2;Buck Weaver;0,9438
Jody Davis;3;Clay Dalrymple;0,9382
Jody Davis;4;Travis Jackson;0,9373
Jody Davis;5;Larry Doyle;0,9352
Jody Reed;1;Roger Bresnahan;0,9422
Jody Reed;2;Wil Ledezma;0,9349
Jody Reed;3;Arthur Irwin;0,9115
Jody Reed;4;Orel Hershiser;0,9105
Jody Reed;5;Bob Feller;0,8987
Joe Adcock;1;Jorge Velandia;0,9965
Joe Adcock;2;Brock Holt;0,956
Joe Adcock;3;Stu Martin;0,9483
Joe Adcock;4;Bill Holbert;0,9416
Joe Adcock;5;Willie Calhoun;0,9379
Joe Astroth;1;Willie Calhoun;0,9948
Joe Astroth;2;Albert Pujols;0,989
Joe Astroth;3;Johnny Burnett;0,9858
Joe Astroth;4;Frank Scheibeck;0,9836
Joe Astroth;5;Rob Brantly;0,9781
Joe Azcue;1;Jeremy Hermida;0,9096
Joe Azcue;2;Buck Jordan;0,9044
Joe Azcue;3;Wil Ledezma;0,8864
Joe Azcue;4;Tully Sparks;0,8802
Joe Azcue;5;Alex Ochoa;0,873
Joe Battin;1;Lou Finney;0,9557
Joe Battin;2;John Romano;0,9524
Joe Battin;3;Yogi Berra;0,9397
Joe Battin;4;J. P. Crawford;0,9363
Joe Battin;5;Pat Ragan;0,9319
Joe Beggs;1;Shawn Kelley;0,9996
Joe Beggs;2;Ed Sprague;0,979
Joe Beggs;3;Brian Duensing;0,9717
Joe Beggs;4;Curt Young;0,9673
Joe Beggs;5;Jose Leclerc;0,9655
Joe Beimel;1;Kurt Stillwell;0,9056
Joe Beimel;2;Ramon Hernandez;0,8936
Joe Beimel;3;Chris Sabo;0,8908
Joe Beimel;4;Gene Richards;0,8903
Joe Beimel;5;Joe Magrane;0,8855
Joe Benz;1;Raymond Taylor;0,9207
Joe Benz;2;Noodles Hahn;0,9198
Joe Benz;3;Art Devlin;0,9116
Joe Benz;4;John O'Donoghue;0,9099
Joe Benz;5;Anthony Rendon;0,9059
Joe Birmingham;1;Win Mercer;0,9515
Joe Birmingham;2;Frank Demaree;0,9077
Joe Birmingham;3;Buddy Bell;0,8963
Joe Birmingham;4;Kolten Wong;0,8942
Joe Birmingham;5;Butch Hobson;0,8753
Joe Black;1;Joe Christopher;0,91
Joe Black;2;Cliff Fannin;0,902
Joe Black;3;Paul Householder;0,8979
Joe Black;4;Adolfo Phillips;0,8956
Joe Black;5;Mike Felder;0,8868
Joe Blanton;1;Jose Leclerc;0,9593
Joe Blanton;2;Joe Beggs;0,9559
Joe Blanton;3;Bernie Neis;0,9256
Joe Blanton;4;Jack Bentley;0,9005
Joe Blanton;5;Adrian Houser;0,8846
Joe Boever;1;Lee Grissom;0,9409
Joe Boever;2;Ryan Yarbrough;0,9384
Joe Boever;3;Scott Atchison;0,9302
Joe Boever;4;Ramiro Ramírez;0,9005
Joe Boever;5;Connie Rector;0,8763
Joe Borowski;1;Brad Havens;1,0
Joe Borowski;2;Dave Tobik;1,0
Joe Borowski;3;Max Manning;0,994
Joe Borowski;4;Dallas Green;0,9918
Joe Borowski;5;Al Ferrara;0,9916
Joe Bowman;1;Dave Gallagher;0,9647
Joe Bowman;2;Art Ditmar;0,9278
Joe Bowman;3;Amaury Telemaco;0,916
Joe Bowman;4;Henry Merchant;0,9005
Joe Bowman;5;Kevin Kiermaier;0,8871
Joe Carter;1;Ernie Krueger;0,918
Joe Carter;2;Jim Gentile;0,9061
Joe Carter;3;Ed Spiezio;0,8997
Joe Carter;4;Burgess Whitehead;0,8816
Joe Carter;5;Johnny Blanchard;0,8707
Joe Christopher;1;Casey Blake;0,9467
Joe Christopher;2;Chad Billingsley;0,9446
Joe Christopher;3;Mike Felder;0,9432
Joe Christopher;4;Adolfo Phillips;0,9403
Joe Christopher;5;Chick Shorten;0,9327
Joe Coleman;1;Dave Stieb;0,9826
Joe Coleman;2;Chuck Klein;0,9657
Joe Coleman;3;Juanelo Mirabal;0,9622
Joe Coleman;4;Willie Jones;0,9616
Joe Coleman;5;Red Schoendienst;0,9563
Joe Collins;1;Bud Clancy;0,9965
Joe Collins;2;Terry Turner;0,9953
Joe Collins;3;Jay Bell;0,9926
Joe Collins;4;Vern Stephens;0,9921
Joe Collins;5;Johnny Bassler;0,992
Joe Crede;1;Ryan Freel;0,9155
Joe Crede;2;Eric Haase;0,8737
Joe Crede;3;Dave Hillman;0,8549
Joe Crede;4;Al Lakeman;0,8543
Joe Crede;5;Sean Burnett;0,8519
Joe Cronin;1;Howie Reed;0,9737
Joe Cronin;2;Chris Widger;0,9597
Joe Cronin;3;Steve Parris;0,9592
Joe Cronin;4;Jim Ray;0,9581
Joe Cronin;5;Scott Bradley;0,9577
Joe Cunningham;1;Bill Champion;0,9113
Joe Cunningham;2;Rick Langford;0,9026
Joe Cunningham;3;Dwight Smith;0,8877
Joe Cunningham;4;Scott Bankhead;0,8692
Joe Cunningham;5;Todd Coffey;0,8666
Joe DeMaestri;1;Chuck Crim;0,9378
Joe DeMaestri;2;Donnie Sadler;0,9349
Joe DeMaestri;3;Jeffrey Hammonds;0,9051
Joe DeMaestri;4;Jimmy Barrett;0,8996
Joe DeMaestri;5;Austin Hedges;0,8975
Joe Decker;1;Wesley Wright;0,9857
Joe Decker;2;Brandon Woodruff;0,9685
Joe Decker;3;Carl Willis;0,9582
Joe Decker;4;Jumbo Brown;0,944
Joe Decker;5;Matt Capps;0,9406
Joe DiMaggio;1;Matt Alexander;0,9447
Joe DiMaggio;2;Archie Bradley;0,9353
Joe DiMaggio;3;Rafael Ortega;0,9321
Joe DiMaggio;4;Lou Merloni;0,8992
Joe DiMaggio;5;Jason Adam;0,8917
Joe Dobson;1;Dick Littlefield;0,9565
Joe Dobson;2;Dave Otto;0,9537
Joe Dobson;3;Ryne Duren;0,9439
Joe Dobson;4;Carlos Martinez;0,9218
Joe Dobson;5;Milo Candini;0,9199
Joe Dugan;1;Henry Larkin;0,921
Joe Dugan;2;Ed Killian;0,9166
Joe Dugan;3;Chris Archer;0,9162
Joe Dugan;4;Yandy Diaz;0,9009
Joe Dugan;5;Andrew Romine;0,8917
Joe Evans;1;Ira Thomas;0,9312
Joe Evans;2;Sam Dente;0,9264
Joe Evans;3;Nat Rogers;0,9218
Joe Evans;4;Mike Redmond;0,9211
Joe Evans;5;Tim Donahue;0,9205
Joe Ferguson;1;John Grabow;0,9472
Joe Ferguson;2;Jim Bagby;0,8813
Joe Ferguson;3;Walker Buehler;0,8756
Joe Ferguson;4;John Lannan;0,8669
Joe Ferguson;5;Mike Macfarlane;0,8347
Joe Garagiola;1;Curt Blefary;0,9033
Joe Garagiola;2;Andy Messersmith;0,839
Joe Garagiola;3;John Lackey;0,827
Joe Garagiola;4;Larry Sherry;0,8179
Joe Garagiola;5;Frank Killen;0,8168
Joe Genewich;1;Juan Carlos Oviedo;0,921
Joe Genewich;2;Gary Lucas;0,911
Joe Genewich;3;Koji Uehara;0,902
Joe Genewich;4;Dylan Floro;0,896
Joe Genewich;5;Glendon Rusch;0,8886
Joe Gerhardt;1;Dan Meyer;0,9712
Joe Gerhardt;2;Chris Heisey;0,966
Joe Gerhardt;3;Bill Sudakis;0,9586
Joe Gerhardt;4;Logan Morrison;0,957
Joe Gerhardt;5;Starling Marte;0,9552
Joe Gibbon;1;Kyle Davies;0,9201
Joe Gibbon;2;Frank Francisco;0,9138
Joe Gibbon;3;Carlos Quentin;0,9011
Joe Gibbon;4;Howie Fox;0,8917
Joe Gibbon;5;Percy Jones;0,8818
Joe Ginsberg;1;Dave Campbell;0,9578
Joe Ginsberg;2;Pedro Florimon;0,9577
Joe Ginsberg;3;Steven Souza;0,9526
Joe Ginsberg;4;Dennis Springer;0,9477
Joe Ginsberg;5;Willie Smith;0,9475
Joe Girardi;1;Sean Newcomb;0,9316
Joe Girardi;2;Deion Sanders;0,9136
Joe Girardi;3;David Howard;0,905
Joe Girardi;4;Rip Radcliff;0,8957
Joe Girardi;5;Bill Phillips;0,8953
Joe Glenn;1;Jack Harper;0,967
Joe Glenn;2;Cliff Floyd;0,9577
Joe Glenn;3;Andres Galarraga;0,9558
Joe Glenn;4;Jorge Posada;0,9359
Joe Glenn;5;Gil Meche;0,9347
Joe Gordon;1;Bill Carrigan;0,9204
Joe Gordon;2;Doug Glanville;0,9089
Joe Gordon;3;Rob Mackowiak;0,905
Joe Gordon;4;Hughie Critz;0,9042
Joe Gordon;5;Don Buford;0,891
Joe Green;1;Wesley Wright;0,9849
Joe Green;2;Ricardo Rincon;0,9709
Joe Green;3;Francisco Liriano;0,963
Joe Green;4;Lucas Giolito;0,962
Joe Green;5;Gary Ross;0,962
Joe Greene;1;Neftali Feliz;0,9783
Joe Greene;2;Bobby Darwin;0,9747
Joe Greene;3;Travis Wood;0,9579
Joe Greene;4;Carlos Estevez;0,9505
Joe Greene;5;Mike Rivera;0,9499
Joe Harris;1;Eduardo Nunez;0,9476
Joe Harris;2;Anibal Sanchez;0,9416
Joe Harris;3;Roger Bresnahan;0,9165
Joe Harris;4;Patsy Donovan;0,9108
Joe Harris;5;Joe Quinn;0,9104
Joe Haynes;1;Tim Spehr;0,9496
Joe Haynes;2;Carl Willis;0,9478
Joe Haynes;3;Bob Bruce;0,9466
Joe Haynes;4;Donnie Sadler;0,9356
Joe Haynes;5;Charlie Williams;0,9325
Joe Hesketh;1;Albie Pearson;0,9343
Joe Hesketh;2;Paul Blackburn;0,9152
Joe Hesketh;3;Nolan Reimold;0,8964
Joe Hesketh;4;Todd Williams;0,8888
Joe Hesketh;5;Lance Painter;0,8853
Joe Heving;1;Don Mason;0,8851
Joe Heving;2;Gil Meche;0,8736
Joe Heving;3;Matt LeCroy;0,8732
Joe Heving;4;Reggie Jefferson;0,8619
Joe Heving;5;Yorkis Perez;0,8576
Joe Hewitt;1;Freddy Peralta;0,9639
Joe Hewitt;2;Mike Trombley;0,9496
Joe Hewitt;3;Miguel Andujar;0,9462
Joe Hewitt;4;Doug Bird;0,9439
Joe Hewitt;5;Scott Baker;0,9422
Joe Hoerner;1;Danny Espinosa;0,928
Joe Hoerner;2;Walker Buehler;0,885
Joe Hoerner;3;Joe Spencer;0,8833
Joe Hoerner;4;D'Angelo Jimenez;0,8696
Joe Hoerner;5;Tiny Bonham;0,8658
Joe Horlen;1;Edward Mujica;0,9259
Joe Horlen;2;Doc Sykes;0,8988
Joe Horlen;3;Josh Fogg;0,876
Joe Horlen;4;Pat Hentgen;0,8588
Joe Horlen;5;Aaron Hicks;0,8526
Joe Hornung;1;John O'Donoghue;0,973
Joe Hornung;2;Horace Clarke;0,9723
Joe Hornung;3;Ed Swartwood;0,9709
Joe Hornung;4;Tim Naehring;0,9604
Joe Hornung;5;Ed Doheny;0,9588
Joe Jimenez;1;Jim Bouton;0,9586
Joe Jimenez;2;Jimmy Haynes;0,9538
Joe Jimenez;3;John Jaso;0,9453
Joe Jimenez;4;Trevor Williams;0,9403
Joe Jimenez;5;Camilo Pascual;0,9156
Joe Judge;1;Bill White;0,93
Joe Judge;2;Mark Grudzielanek;0,9013
Joe Judge;3;Johan Santana;0,8905
Joe Judge;4;Hal Gregg;0,8898
Joe Judge;5;Wayne Nordhagen;0,8811
Joe Kelley;1;Brad Wilkerson;0,9875
Joe Kelley;2;Joe Lis;0,9741
Joe Kelley;3;Willie Calhoun;0,9736
Joe Kelley;4;Bob Brenly;0,9728
Joe Kelley;5;Ray Morgan;0,9727
Joe Kelly;1;Virgil Barnes;0,9761
Joe Kelly;2;Dan Straily;0,9408
Joe Kelly;3;Buster Haywood;0,9295
Joe Kelly;4;Jorge Lopez;0,9111
Joe Kelly;5;Marcell Ozuna;0,9054
Joe Koppe;1;Subby Byas;0,9858
Joe Koppe;2;Brian Downing;0,9815
Joe Koppe;3;Harry Gumbert;0,9807
Joe Koppe;4;Ron Cey;0,9783
Joe Koppe;5;Morgan Ensberg;0,9769
Joe Kuhel;1;Karl Drews;0,9681
Joe Kuhel;2;Byron Browne;0,967
Joe Kuhel;3;Tommie Reynolds;0,963
Joe Kuhel;4;Garrett Hampson;0,9591
Joe Kuhel;5;Steve McCatty;0,9508
Joe Lahoud;1;Sandy Alcantara;0,9409
Joe Lahoud;2;Laynce Nix;0,9217
Joe Lahoud;3;Cal Abrams;0,9142
Joe Lahoud;4;Bill Schroeder;0,9128
Joe Lahoud;5;Brad Wilkerson;0,9124
Joe Lewis;1;Mark Lemke;0,8991
Joe Lewis;2;Rudy Kemmler;0,8976
Joe Lewis;3;Eddie Moore;0,881
Joe Lewis;4;Curt Welch;0,8724
Joe Lewis;5;Al Milnar;0,8476
Joe Lis;1;Whitey Witt;0,982
Joe Lis;2;Norm Siebern;0,9819
Joe Lis;3;Davey Johnson;0,9811
Joe Lis;4;Charles Zimmer;0,9789
Joe Lis;5;Emmet Heidrick;0,9761
Joe Magrane;1;Glenn Davis;0,9863
Joe Magrane;2;Zollie Wright;0,9655
Joe Magrane;3;Sean Manaea;0,9594
Joe Magrane;4;Wandy Rodriguez;0,9568
Joe Magrane;5;Clyde Engle;0,9553
Joe Mauer;1;Oscar Judd;0,9122
Joe Mauer;2;Nick Esasky;0,9068
Joe Mauer;3;Joe Magrane;0,8785
Joe Mauer;4;Andres Torres;0,8781
Joe Mauer;5;Jesse Levis;0,865
Joe McEwing;1;Ivan Calderon;0,9335
Joe McEwing;2;Eric Chavez;0,8938
Joe McEwing;3;Dave Righetti;0,8914
Joe McEwing;4;Jose Alvarado;0,887
Joe McEwing;5;Rick Honeycutt;0,8826
Joe McGinnity;1;Donie Bush;0,9053
Joe McGinnity;2;George Stone;0,8901
Joe McGinnity;3;Bert Campaneris;0,8862
Joe McGinnity;4;Chris Owings;0,8648
Joe McGinnity;5;Adam Eaton;0,8492
Joe Medwick;1;Mariano Duncan;0,8925
Joe Medwick;2;Tommy McCarthy;0,8481
Joe Medwick;3;Thomas Burns;0,8454
Joe Medwick;4;Jim Hickman;0,834
Joe Medwick;5;Pedro Feliciano;0,8308
Joe Moeller;1;Chris Stratton;0,986
Joe Moeller;2;Danny Espinosa;0,9594
Joe Moeller;3;Gates Brown;0,9541
Joe Moeller;4;Adam Ottavino;0,9476
Joe Moeller;5;Dave Magadan;0,9355
Joe Morgan;1;Sean Marshall;0,9473
Joe Morgan;2;Larry Jansen;0,9175
Joe Morgan;3;Sherman Barton;0,915
Joe Morgan;4;Corey Seager;0,9027
Joe Morgan;5;Andy Allanson;0,8982
Joe Mulvey;1;John Irwin;0,9843
Joe Mulvey;2;Charlie Hemphill;0,9769
Joe Mulvey;3;Ed Brinkman;0,9762
Joe Mulvey;4;Kyle Tucker;0,9695
Joe Mulvey;5;Tyler Glasnow;0,9693
Joe Musgrove;1;Tony Piet;0,934
Joe Musgrove;2;Bryse Wilson;0,9096
Joe Musgrove;3;Ted Uhlaender;0,8982
Joe Musgrove;4;Junichi Tazawa;0,8974
Joe Musgrove;5;Brian Wilson;0,8934
Joe Nathan;1;Jonathan Sanchez;0,9713
Joe Nathan;2;Carmen Hill;0,9242
Joe Nathan;3;Virgil Barnes;0,9171
Joe Nathan;4;Rawly Eastwick;0,8996
Joe Nathan;5;Erick Fedde;0,8965
Joe Niekro;1;Luke Gregerson;0,9666
Joe Niekro;2;Andy Kosco;0,9609
Joe Niekro;3;Michael Wuertz;0,9605
Joe Niekro;4;Sandy Martinez;0,9532
Joe Niekro;5;John Morris;0,9408
Joe Nolan;1;Bobby Crosby;0,9538
Joe Nolan;2;Pinky Hargrave;0,9516
Joe Nolan;3;Jason Bartlett;0,943
Joe Nolan;4;Rico Brogna;0,9329
Joe Nolan;5;Willy Miranda;0,9256
Joe Nuxhall;1;Harry Kincannon;0,9059
Joe Nuxhall;2;Bert Haas;0,894
Joe Nuxhall;3;Bill Stafford;0,8749
Joe Nuxhall;4;Mike Holtz;0,8725
Joe Nuxhall;5;Denny Doyle;0,8575
Joe Oeschger;1;Chris Denorfia;0,9429
Joe Oeschger;2;Rollie Zeider;0,9374
Joe Oeschger;3;Ronald Acuña;0,8806
Joe Oeschger;4;Ted Page;0,8725
Joe Oeschger;5;Bill Kindle;0,8622
Joe Oliver;1;Esteban Yan;0,956
Joe Oliver;2;Jeff Hoffman;0,9375
Joe Oliver;3;Roy K. Williams;0,8917
Joe Oliver;4;Ryan Brasier;0,8794
Joe Oliver;5;Tommy Boggs;0,8759
Joe Orsulak;1;Lance Richbourg;0,9574
Joe Orsulak;2;Big Bill Smith;0,9541
Joe Orsulak;3;Adolfo Phillips;0,9052
Joe Orsulak;4;Joe Christopher;0,8872
Joe Orsulak;5;Gene Freese;0,886
Joe Page;1;Jim Clinton;0,9769
Joe Page;2;Gene Stephens;0,9512
Joe Page;3;Chick Fewster;0,9482
Joe Page;4;Tim Murnane;0,9447
Joe Page;5;Sean Newcomb;0,9415
Joe Panik;1;José Magriñat;0,9868
Joe Panik;2;Bill Wight;0,9834
Joe Panik;3;Jim Roland;0,9408
Joe Panik;4;Ed Glynn;0,9327
Joe Panik;5;Jesus Colome;0,918
Joe Pepitone;1;Esteban Yan;0,9264
Joe Pepitone;2;Sherman Barton;0,8949
Joe Pepitone;3;Daniel Bard;0,8701
Joe Pepitone;4;Lil Stoner;0,8672
Joe Pepitone;5;Tyler Naquin;0,8612
Joe Price;1;John Parrish;0,9656
Joe Price;2;Fred Dunlap;0,9082
Joe Price;3;Bill McClellan;0,9061
Joe Price;4;Stephen Piscotty;0,9059
Joe Price;5;Khris Davis;0,9024
Joe Quest;1;Karl Drews;0,9943
Joe Quest;2;Byron Browne;0,993
Joe Quest;3;Jackie Hernandez;0,9888
Joe Quest;4;Johnny Bassler;0,9871
Joe Quest;5;Ryan Weber;0,9855
Joe Quinn;1;John Wasdin;0,9439
Joe Quinn;2;Joe Harris;0,9104
Joe Quinn;3;Lou Collier;0,9077
Joe Quinn;4;Hal Gregg;0,8959
Joe Quinn;5;Bill White;0,886
Joe Randa;1;Dick Ruthven;0,8958
Joe Randa;2;Teoscar Hernandez;0,8774
Joe Randa;3;Billy Rhines;0,8483
Joe Randa;4;Randy Jones;0,8446
Joe Randa;5;Dave Hamilton;0,8274
Joe Ross;1;Josh Phegley;0,9507
Joe Ross;2;Craig Lefferts;0,9437
Joe Ross;3;Nat Rogers;0,9257
Joe Ross;4;Jeff Kent;0,9074
Joe Ross;5;Mike Cuellar;0,9024
Joe Rudi;1;Jim Lefebvre;0,9676
Joe Rudi;2;Chick Fewster;0,9236
Joe Rudi;3;Sean Newcomb;0,9093
Joe Rudi;4;Raul Casanova;0,895
Joe Rudi;5;Harry Kenyon;0,8845
Joe Sambito;1;Jim Coates;0,9485
Joe Sambito;2;Glen Hobbie;0,9432
Joe Sambito;3;Lenny Harris;0,9393
Joe Sambito;4;Larry Corcoran;0,925
Joe Sambito;5;Mike Smithson;0,9204
Joe Saunders;1;Dave Rader;0,9536
Joe Saunders;2;Doc Crandall;0,9468
Joe Saunders;3;Alex Cintron;0,9413
Joe Saunders;4;Dan Uggla;0,9398
Joe Saunders;5;Todd Hundley;0,9395
Joe Schultz;1;Wei-Yin Chen;0,9562
Joe Schultz;2;Steve Lyons;0,951
Joe Schultz;3;Jerry Narron;0,9406
Joe Schultz;4;Herb Score;0,9338
Joe Schultz;5;Scott Williamson;0,9321
Joe Sewell;1;Eddie Pellagrini;0,9448
Joe Sewell;2;Barney Pelty;0,9426
Joe Sewell;3;Ken Silvestri;0,9414
Joe Sewell;4;Corey Koskie;0,9412
Joe Sewell;5;Todd Hollandsworth;0,9322
Joe Shaute;1;Steve Frey;0,8812
Joe Shaute;2;Orlando Hernandez;0,8647
Joe Shaute;3;Ed Figueroa;0,8586
Joe Shaute;4;Preston Wilson;0,8321
Joe Shaute;5;Carrenza Howard;0,832
Joe Simpson;1;Bruce Dal Canton;0,9569
Joe Simpson;2;Trot Nixon;0,9365
Joe Simpson;3;Milt Wilcox;0,9349
Joe Simpson;4;Willie Blair;0,8997
Joe Simpson;5;Craig Biggio;0,8976
Joe Smith;1;Trent Hubbard;0,9387
Joe Smith;2;Sandy Consuegra;0,9115
Joe Smith;3;Ivan Nova;0,8767
Joe Smith;4;John Huber;0,8729
Joe Smith;5;Rick Leach;0,871
Joe Sommer;1;Chase Utley;0,9373
Joe Sommer;2;Leonys Martin;0,8538
Joe Sommer;3;Roger Moret;0,844
Joe Sommer;4;Randall Delgado;0,8437
Joe Sommer;5;Harry Eisenstat;0,8424
Joe Spencer;1;Michael Conforto;0,9832
Joe Spencer;2;Willie Harris;0,9354
Joe Spencer;3;Ray Powell;0,9302
Joe Spencer;4;Stan Musial;0,926
Joe Spencer;5;Glen Hobbie;0,9121
Joe Start;1;Eddie Lake;0,9641
Joe Start;2;Charlie Hemphill;0,9503
Joe Start;3;Rich DeLucia;0,9403
Joe Start;4;Buck Rodgers;0,938
Joe Start;5;Cal Abrams;0,937
Joe Stripp;1;Noodles Hahn;0,9575
Joe Stripp;2;Hank Severeid;0,9549
Joe Stripp;3;Jerry Zimmerman;0,944
Joe Stripp;4;Denny Lemaster;0,9248
Joe Stripp;5;Tim Naehring;0,9174
Joe Strong;1;Jorge Sosa;0,992
Joe Strong;2;Buddy Carlyle;0,992
Joe Strong;3;Anthony Swarzak;0,9919
Joe Strong;4;Aaron Small;0,9919
Joe Strong;5;Drew Storen;0,9919
Joe Sugden;1;Luis Melendez;0,9331
Joe Sugden;2;Charlie Puleo;0,9282
Joe Sugden;3;Chico Ruiz;0,9257
Joe Sugden;4;Bill Barrett;0,9152
Joe Sugden;5;Script Lee;0,9064
Joe Thatcher;1;Jon Rauch;1,0
Joe Thatcher;2;Will Cunnane;1,0
Joe Thatcher;3;Blake Parker;1,0
Joe Thatcher;4;Sean Doolittle;1,0
Joe Thatcher;5;Ryan Weber;1,0
Joe Tinker;1;Tex Clevenger;0,9401
Joe Tinker;2;Jack Remsen;0,9392
Joe Tinker;3;Jiggs Donahue;0,9306
Joe Tinker;4;Chris Bosio;0,9293
Joe Tinker;5;Chris Heisey;0,9219
Joe Torre;1;John O'Donoghue;0,9314
Joe Torre;2;Justin Smoak;0,9277
Joe Torre;3;Fred Bankhead;0,9261
Joe Torre;4;Gavvy Cravath;0,9259
Joe Torre;5;Tim Naehring;0,9146
Joe Vosmik;1;Ben Revere;0,9853
Joe Vosmik;2;Felix Heredia;0,9765
Joe Vosmik;3;Jake Stahl;0,9734
Joe Vosmik;4;Johnny Niggeling;0,963
Joe Vosmik;5;Thurman Tucker;0,9603
Joe Williams;1;Dwayne Henry;0,9512
Joe Williams;2;Tommy Kahnle;0,9186
Joe Williams;3;Mitch Moreland;0,9117
Joe Williams;4;Derek Lilliquist;0,9075
Joe Williams;5;Graeme Lloyd;0,8942
Joe Yeager;1;James Casey;0,8418
Joe Yeager;2;Miguel de la Hoz;0,836
Joe Yeager;3;Robert Andino;0,8208
Joe Yeager;4;Clyde Milan;0,7868
Joe Yeager;5;Bob Scheffing;0,7798
Joel Peralta;1;Brian Boehringer;1,0
Joel Peralta;2;Jeff Francis;1,0
Joel Peralta;3;Brad Havens;1,0
Joel Peralta;4;A. J. Minter;1,0
Joel Peralta;5;Scott Aldred;1,0
Joel Pineiro;1;Scott Sullivan;0,9283
Joel Pineiro;2;Vic Correll;0,9184
Joel Pineiro;3;Dave Leiper;0,918
Joel Pineiro;4;Mark Smith;0,9118
Joel Pineiro;5;Rich Reese;0,8837
Joel Skinner;1;Wally Moses;0,9822
Joel Skinner;2;Bob Kuzava;0,9669
Joel Skinner;3;Deron Johnson;0,9547
Joel Skinner;4;Heinie Groh;0,9539
Joel Skinner;5;Sammy Stewart;0,9477
Joel Youngblood;1;Rich Becker;0,9758
Joel Youngblood;2;Austin Hays;0,9592
Joel Youngblood;3;Bobby Darwin;0,9531
Joel Youngblood;4;Felix Heredia;0,9522
Joel Youngblood;5;Nate Colbert;0,9505
Joey Amalfitano;1;Richie Sexson;0,9719
Joey Amalfitano;2;John Romano;0,9568
Joey Amalfitano;3;Rudy York;0,9519
Joey Amalfitano;4;Einar Diaz;0,944
Joey Amalfitano;5;Hi Myers;0,9393
Joey Cora;1;Archie Bradley;0,9502
Joey Cora;2;Matt Alexander;0,9483
Joey Cora;3;Bobby Jones;0,9457
Joey Cora;4;Ugueth Urbina;0,9451
Joey Cora;5;Jason Adam;0,9411
Joey Eischen;1;Anthony Telford;0,9669
Joey Eischen;2;Mychal Givens;0,9664
Joey Eischen;3;Jack Harshman;0,9628
Joey Eischen;4;Xavier Cedeno;0,9627
Joey Eischen;5;Reynaldo Lopez;0,96
Joey Gallo;1;Chad Wallach;0,9782
Joey Gallo;2;Brad Wilkerson;0,9762
Joey Gallo;3;Jose Vidro;0,9751
Joey Gallo;4;Joe Kelley;0,9635
Joey Gallo;5;Kid Elberfeld;0,9623
Joey Hamilton;1;Elmer Knetzer;0,9572
Joey Hamilton;2;Francisco Liriano;0,9519
Joey Hamilton;3;Braggo Roth;0,9194
Joey Hamilton;4;Joe Green;0,9041
Joey Hamilton;5;Gary Ross;0,9031
Joey Jay;1;Tom House;0,9251
Joey Jay;2;Marcus Thames;0,8932
Joey Jay;3;Tom Bolton;0,8459
Joey Jay;4;Matt Young;0,8459
Joey Jay;5;Jim Delsing;0,8389
Joey Votto;1;Bris Lord;0,9462
Joey Votto;2;Jimmie Coker;0,9124
Joey Votto;3;Brad Peacock;0,8769
Joey Votto;4;Mitch Haniger;0,8764
Joey Votto;5;Johnny Humphries;0,8545
Joey Wendle;1;Todd Hundley;0,9315
Joey Wendle;2;Orlando Merced;0,9301
Joey Wendle;3;Tim Hosley;0,9279
Joey Wendle;4;Alberto Castillo;0,9201
Joey Wendle;5;Dan Uggla;0,9198
Johan Santana;1;Chris Johnson;0,9354
Johan Santana;2;Hal Gregg;0,9329
Johan Santana;3;Mahlon Duckett;0,925
Johan Santana;4;Craig Monroe;0,9239
Johan Santana;5;Damian Miller;0,9193
John Anderson;1;Doug Glanville;0,9619
John Anderson;2;Bobby Estalella;0,9517
John Anderson;3;Don Buford;0,9432
John Anderson;4;Charles Gipson;0,9284
John Anderson;5;John Reilly;0,9213
John Axford;1;Manny Parra;0,9553
John Axford;2;Chris Devenski;0,9393
John Axford;3;Jose Veras;0,9372
John Axford;4;Corey Knebel;0,9372
John Axford;5;Miguel Andujar;0,9349
John Barnes;1;Ed Crane;0,9422
John Barnes;2;Pete Browning;0,9298
John Barnes;3;Matt Capps;0,9228
John Barnes;4;Chris Stynes;0,9038
John Barnes;5;Brandon Woodruff;0,8997
John Barry;1;Tim Murnane;0,9625
John Barry;2;Jim Holdsworth;0,946
John Barry;3;Chick Fewster;0,9275
John Barry;4;Eddie Burke;0,9132
John Barry;5;Alex Gordon;0,9104
John Bateman;1;Reggie Cleveland;0,9499
John Bateman;2;Ken Silvestri;0,9481
John Bateman;3;Travis Wood;0,9385
John Bateman;4;Socks Seibold;0,9383
John Bateman;5;Wes Parker;0,9358
John Beckwith;1;Brad Keller;0,9608
John Beckwith;2;Tim Hill;0,9584
John Beckwith;3;Neal Cotts;0,9538
John Beckwith;4;Chris Hatcher;0,9358
John Beckwith;5;Cesar Ramos;0,9358
John Boccabella;1;Carlos Reyes;0,9927
John Boccabella;2;Tim Mayza;0,9927
John Boccabella;3;Noe Ramirez;0,9899
John Boccabella;4;Eric Gagne;0,9853
John Boccabella;5;Rich Garces;0,9853
John Brebbia;1;Dave Eiland;1,0
John Brebbia;2;Chasen Shreve;1,0
John Brebbia;3;Chris Hatcher;1,0
John Brebbia;4;Josh Hader;1,0
John Brebbia;5;Matt Barnes;1,0
John Briggs;1;Daisuke Matsuzaka;0,9715
John Briggs;2;Hyun Jin Ryu;0,9697
John Briggs;3;Ken Ryan;0,9651
John Briggs;4;Roxie Lawson;0,9555
John Briggs;5;Kerry Ligtenberg;0,9382
John Buck;1;Xavier Cedeno;0,9674
John Buck;2;Joey Eischen;0,939
John Buck;3;Milt Cuyler;0,9357
John Buck;4;Mychal Givens;0,9354
John Buck;5;Bob Owchinko;0,9268
John Burkett;1;Dan Spillner;0,9359
John Burkett;2;Scot Thompson;0,9029
John Burkett;3;Jesse Barfield;0,8803
John Burkett;4;Aaron Laffey;0,8561
John Burkett;5;Steven Matz;0,8464
John Buzhardt;1;Jolbert Cabrera;0,948
John Buzhardt;2;Bill Yancey;0,9077
John Buzhardt;3;Billy Sample;0,8967
John Buzhardt;4;Jim Rooker;0,8924
John Buzhardt;5;George Moriarty;0,8911
John Candelaria;1;Mike Easler;0,9733
John Candelaria;2;Bill Coughlin;0,9707
John Candelaria;3;Mike Tauchman;0,9668
John Candelaria;4;Tom Johnson;0,9654
John Candelaria;5;Rich Becker;0,9635
John Cangelosi;1;Glen Hobbie;0,92
John Cangelosi;2;Travis Shaw;0,8332
John Cangelosi;3;Bob Milacki;0,8289
John Cangelosi;4;Rich Gossage;0,8219
John Cangelosi;5;Alejandro Oms;0,8149
John Cason;1;Scott Barlow;0,9186
John Cason;2;Luis Cessa;0,9158
John Cason;3;James Stafford;0,9134
John Cason;4;Sean Burnett;0,8922
John Cason;5;Brad Komminsk;0,8591
John Cassidy;1;Atley Donald;0,9258
John Cassidy;2;Dick Culler;0,892
John Cassidy;3;Phil Ortega;0,8856
John Cassidy;4;Toussaint Allen;0,8854
John Cassidy;5;Roger Nelson;0,8806
John Clapp;1;Jim Holdsworth;0,8982
John Clapp;2;Cozy Dolan;0,8821
John Clapp;3;Candy Nelson;0,8699
John Clapp;4;Joe Dugan;0,858
John Clapp;5;Grady Hatton;0,855
John Clarkson;1;Billy Clingman;0,8928
John Clarkson;2;Will Jackson;0,8916
John Clarkson;3;John Buzhardt;0,8854
John Clarkson;4;Jack Rothrock;0,8802
John Clarkson;5;Johnny Hodapp;0,8739
John Coleman;1;Colby Rasmus;0,9679
John Coleman;2;George Toporcer;0,9526
John Coleman;3;Mickey Doolin;0,9421
John Coleman;4;Kris Benson;0,9021
John Coleman;5;Felipe Sierra;0,9003
John Corkhill;1;Keith Lockhart;0,9473
John Corkhill;2;Jack Billingham;0,9212
John Corkhill;3;Geoff Zahn;0,8989
John Corkhill;4;Mickey Cochrane;0,8854
John Corkhill;5;Dick Padden;0,8836
John Curtis;1;Tom Cheney;0,9931
John Curtis;2;Manny Parra;0,939
John Curtis;3;Nelson Figueroa;0,9388
John Curtis;4;Freddy Peralta;0,9327
John Curtis;5;Jose Veras;0,9147
John D'Acquisto;1;Jared Hughes;0,9562
John D'Acquisto;2;Michael Wuertz;0,9518
John D'Acquisto;3;Anibal Sanchez;0,9467
John D'Acquisto;4;Rusty Peters;0,9385
John D'Acquisto;5;Ken Raffensberger;0,9292
John Danks;1;Elmer Singleton;0,9757
John Danks;2;Don Heffner;0,9268
John Danks;3;John Brebbia;0,9204
John Danks;4;Cesar Ramos;0,9204
John Danks;5;Chris Hatcher;0,9204
John Denny;1;Amed Rosario;0,9644
John Denny;2;Max Alvis;0,9554
John Denny;3;Sam Dente;0,9489
John Denny;4;Tim Donahue;0,9403
John Denny;5;Art Shamsky;0,9216
John Donaldson;1;Myles Straw;0,9234
John Donaldson;2;Vern Kennedy;0,9225
John Donaldson;3;Ray Lankford;0,9196
John Donaldson;4;Brad Lidge;0,918
John Donaldson;5;Juan Carlos Oviedo;0,9096
John Dopson;1;Eric Byrnes;0,9745
John Dopson;2;Bill Mueller;0,9729
John Dopson;3;Matt Franco;0,9717
John Dopson;4;Ray Herbert;0,9525
John Dopson;5;Max Kepler;0,9523
John Ellis;1;Gus Niarhos;0,9026
John Ellis;2;Tyler Duffey;0,8934
John Ellis;3;Colby Rasmus;0,8719
John Ellis;4;Hal Janvrin;0,8692
John Ellis;5;Ruben Jones;0,8601
John Farrell;1;Gerald Young;0,9851
John Farrell;2;Henry Miller;0,9815
John Farrell;3;Greasy Neale;0,9793
John Farrell;4;Woody Jensen;0,9725
John Farrell;5;Brian Dorsett;0,9691
John Flaherty;1;Bill Brubaker;0,8887
John Flaherty;2;Rudy Kemmler;0,8314
John Flaherty;3;Ray Dandridge;0,8101
John Flaherty;4;Muddy Ruel;0,8078
John Flaherty;5;Jim O'Rourke;0,8048
John Franco;1;Jeremy Bonderman;0,9123
John Franco;2;Del Wilber;0,8846
John Franco;3;Chuck Stobbs;0,8843
John Franco;4;Porter Moss;0,8795
John Franco;5;Ivan Calderon;0,874
John Grabow;1;Pepper Bassett;0,9546
John Grabow;2;Joe Ferguson;0,9472
John Grabow;3;Kenta Maeda;0,9437
John Grabow;4;Larry Gura;0,9106
John Grabow;5;Lou Klimchock;0,9076
John Grim;1;Tyler Glasnow;0,9946
John Grim;2;Tom Johnson;0,9907
John Grim;3;Jay Bell;0,9888
John Grim;4;Bennie Tate;0,9885
John Grim;5;Alfredo Griffin;0,9878
John Habyan;1;Giovanni Carrara;1,0
John Habyan;2;Randy St. Claire;1,0
John Habyan;3;Will Harris;1,0
John Habyan;4;Fernando Salas;1,0
John Habyan;5;Eric Gunderson;1,0
John Halama;1;John Montefusco;0,9428
John Halama;2;Ron Kline;0,9398
John Halama;3;Don Wilson;0,9325
John Halama;4;Billy Hatcher;0,9233
John Halama;5;Danny Jackson;0,9068
John Henry;1;Mike Myers;0,9637
John Henry;2;Miguel Andujar;0,9508
John Henry;3;Adam Melhuse;0,9401
John Henry;4;Joe Hewitt;0,9369
John Henry;5;Manny Parra;0,9327
John Henry Johnson;1;Brad Hand;0,9931
John Henry Johnson;2;Bob Howry;0,9743
John Henry Johnson;3;Nip Winters;0,958
John Henry Johnson;4;Bob Kipper;0,9569
John Henry Johnson;5;Tom Morgan;0,9456
John Henry Lloyd;1;Phil Nevin;0,8793
John Henry Lloyd;2;Harry Lord;0,8418
John Henry Lloyd;3;Bid McPhee;0,8404
John Henry Lloyd;4;Mitch Williams;0,8258
John Henry Lloyd;5;Wilson Betemit;0,7989
John Henry Russell;1;Dave McKay;0,9739
John Henry Russell;2;Paul Zuvella;0,9548
John Henry Russell;3;Dick Johnston;0,9525
John Henry Russell;4;Taylor Ward;0,943
John Henry Russell;5;Ryan Vogelsong;0,9398
John Hiller;1;Floyd Robinson;0,8709
John Hiller;2;Mark Grant;0,8545
John Hiller;3;Tex Carleton;0,8461
John Hiller;4;Poindexter Williams;0,8385
John Hiller;5;Luis Cessa;0,8318
John Hines;1;Ray Fisher;0,9511
John Hines;2;Ozzie Smith;0,9312
John Hines;3;Doug Camilli;0,9167
John Hines;4;Jimmy Rollins;0,9067
John Hines;5;John Knight;0,889
John Huber;1;Casey Candaele;0,9656
John Huber;2;Harry Staley;0,9393
John Huber;3;Ricky Bottalico;0,9236
John Huber;4;Mike Mitchell;0,9133
John Huber;5;Scott Bankhead;0,9104
John Hummel;1;Russ Wrightstone;0,9545
John Hummel;2;Lon Knight;0,9533
John Hummel;3;Owen Wilson;0,9343
John Hummel;4;Matt Clement;0,9217
John Hummel;5;Ed Sweeney;0,8619
John Irwin;1;Joe Mulvey;0,9843
John Irwin;2;Ed Brinkman;0,9738
John Irwin;3;Hobe Ferris;0,9709
John Irwin;4;Brent Mayne;0,9708
John Irwin;5;Bucky Harris;0,9637
John Jaha;1;Madison Bumgarner;0,9438
John Jaha;2;Pedro Severino;0,9424
John Jaha;3;Tom Prince;0,9351
John Jaha;4;Zack Wheeler;0,9262
John Jaha;5;Lew McCarty;0,9183
John Jaso;1;Joe Jimenez;0,9453
John Jaso;2;John Halama;0,8825
John Jaso;3;Hal White;0,8619
John Jaso;4;Lou Collier;0,8595
John Jaso;5;Smoky Burgess;0,8505
John Kennedy;1;Kevin Mitchell;0,9452
John Kennedy;2;Ted Sizemore;0,9372
John Kennedy;3;Jose Valverde;0,9356
John Kennedy;4;Bill Holland;0,9317
John Kennedy;5;Andre Ethier;0,9296
John Kerr;1;Eddie Yost;0,987
John Kerr;2;Chick Stahl;0,978
John Kerr;3;Clay Buchholz;0,9754
John Kerr;4;John McDonald;0,9724
John Kerr;5;Dutch Leonard;0,97
John Knight;1;Fielder Jones;0,945
John Knight;2;Dick Howser;0,9414
John Knight;3;Jim West;0,9408
John Knight;4;Roy Smalley;0,9394
John Knight;5;Bud Stewart;0,9352
John Kruk;1;Gary Nolan;0,9816
John Kruk;2;Nate Jones;0,9786
John Kruk;3;Grant Balfour;0,9764
John Kruk;4;Heath Bell;0,9764
John Kruk;5;Merv Shea;0,9722
John Lackey;1;Bobby Parnell;0,9146
John Lackey;2;Luis Rivas;0,9119
John Lackey;3;Carlos Rodon;0,8946
John Lackey;4;Steve Swisher;0,8928
John Lackey;5;Mackey Sasser;0,8919
John Lannan;1;Ervin Santana;0,9786
John Lannan;2;Mickey Morandini;0,9747
John Lannan;3;Gary Woods;0,9663
John Lannan;4;Jim Bagby;0,9535
John Lannan;5;Warren Hacker;0,9289
John Lowenstein;1;Matt Kilroy;0,9055
John Lowenstein;2;Bill Bernhard;0,8839
John Lowenstein;3;Ping Bodie;0,8787
John Lowenstein;4;Curt Leskanic;0,8641
John Lowenstein;5;Don Lock;0,8584
John Lyles;1;Saul Rogovin;0,9513
John Lyles;2;Terry Forster;0,9454
John Lyles;3;Bob Scanlan;0,9435
John Lyles;4;Tommy McCraw;0,9375
John Lyles;5;Tomo Ohka;0,9366
John Mabry;1;Andy Hassler;0,949
John Mabry;2;Bob McGraw;0,9388
John Mabry;3;Bobby Adams;0,8933
John Mabry;4;Mike Garcia;0,8733
John Mabry;5;Willie Horton;0,8703
John Maine;1;Duane Pillette;0,9826
John Maine;2;Warren Hacker;0,9701
John Maine;3;Josias Manzanillo;0,9682
John Maine;4;Jim Bagby;0,9572
John Maine;5;Terry Leach;0,9556
John Marzano;1;Jim Owens;0,8842
John Marzano;2;Lynn Jones;0,8735
John Marzano;3;Elmer Singleton;0,8471
John Marzano;4;Perry Hall;0,8451
John Marzano;5;Wayne Granger;0,8424
John Mayberry;1;Lance Richbourg;0,9333
John Mayberry;2;Big Bill Smith;0,9107
John Mayberry;3;Mike Felder;0,9097
John Mayberry;4;Larry Cheney;0,8969
John Mayberry;5;Steve Jeltz;0,8915
John McDonald;1;Clint Courtney;0,9832
John McDonald;2;Tom Jones;0,9813
John McDonald;3;Mike Tauchman;0,9806
John McDonald;4;Lefty O'Doul;0,9794
John McDonald;5;Rich Gedman;0,9778
John McGraw;1;Mike Squires;0,9629
John McGraw;2;John Kerr;0,9485
John McGraw;3;Charlie Hargreaves;0,9378
John McGraw;4;Chick Stahl;0,933
John McGraw;5;Mike Fitzgerald;0,9254
John Menefee;1;William Webster;0,9417
John Menefee;2;Josh Phelps;0,9416
John Menefee;3;Tim Byrdak;0,932
John Menefee;4;Pete Broberg;0,9299
John Menefee;5;Roger Repoz;0,9208
John Milligan;1;Sandy Consuegra;0,9064
John Milligan;2;Mike Stanton;0,9038
John Milligan;3;Pat Deasley;0,8862
John Milligan;4;Juan Guzman;0,8851
John Milligan;5;Chad Bradford;0,8845
John Milner;1;Matt Franco;0,9469
John Milner;2;Lou Dials;0,9354
John Milner;3;Greg Swindell;0,9284
John Milner;4;Bill Lamar;0,9264
John Milner;5;Ernie Krueger;0,9207
John Montefusco;1;John Halama;0,9428
John Montefusco;2;Tucker Barnhart;0,8992
John Montefusco;3;Mike Aldrete;0,8896
John Montefusco;4;George Carr;0,8707
John Montefusco;5;Babe Phelps;0,8688
John Morrill;1;Ildemaro Vargas;0,9748
John Morrill;2;Johnny Burnett;0,9708
John Morrill;3;Joe Lis;0,9702
John Morrill;4;Joe Astroth;0,9639
John Morrill;5;Willie Calhoun;0,962
John Morris;1;Dominic Leone;0,9819
John Morris;2;Michael Wuertz;0,9662
John Morris;3;Shane Bieber;0,9659
John Morris;4;Sterling Hitchcock;0,9535
John Morris;5;Lefty Grove;0,9485
John Moses;1;Mark Mulder;0,9522
John Moses;2;Bob Brenly;0,9481
John Moses;3;Jake Stahl;0,9473
John Moses;4;Emmet Heidrick;0,9414
John Moses;5;Jack Clements;0,937
John O'Donoghue;1;Tim Naehring;0,9854
John O'Donoghue;2;Art Devlin;0,9734
John O'Donoghue;3;Joe Hornung;0,973
John O'Donoghue;4;Charlie Bennett;0,9705
John O'Donoghue;5;Greg Vaughn;0,9609
John Olerud;1;Raimel Tapia;0,9353
John Olerud;2;Ray Benge;0,9265
John Olerud;3;Al Newman;0,9233
John Olerud;4;Donn Pall;0,9126
John Olerud;5;Dave Shean;0,9023
John Parrish;1;Joe Price;0,9656
John Parrish;2;Leon Durham;0,9397
John Parrish;3;Rick Burleson;0,9364
John Parrish;4;Bill McClellan;0,9324
John Parrish;5;Kris Benson;0,9321
John Patterson;1;Jeff Reboulet;0,9758
John Patterson;2;Jim Ray Hart;0,9662
John Patterson;3;Manuel Lee;0,9594
John Patterson;4;Wayne Gross;0,9592
John Patterson;5;Anthony Bass;0,9549
John Peters;1;Cap Peterson;0,9863
John Peters;2;Carl Willis;0,9554
John Peters;3;Bill Plummer;0,9408
John Peters;4;Tim Spehr;0,9387
John Peters;5;Jimmy Ring;0,9366
John Reese;1;Gus Niarhos;0,9402
John Reese;2;Ruben Jones;0,9389
John Reese;3;Fred Carisch;0,9109
John Reese;4;Jonathan Papelbon;0,9066
John Reese;5;Tom O'Malley;0,8641
John Reilly;1;Bill Bradley;0,973
John Reilly;2;Fred Pfeffer;0,9534
John Reilly;3;Tommy Corcoran;0,9466
John Reilly;4;Norm Siebern;0,9446
John Reilly;5;Joe Lis;0,9368
John Richmond;1;Hideo Nomo;0,9098
John Richmond;2;Jim Whitney;0,9057
John Richmond;3;Ollie Pickering;0,8982
John Richmond;4;Pete Hill;0,8889
John Richmond;5;Red Smith;0,8815
John Romano;1;Joey Amalfitano;0,9568
John Romano;2;Joe Battin;0,9524
John Romano;3;Pat Ragan;0,9388
John Romano;4;Lou Finney;0,9289
John Romano;5;Eric McNair;0,92
John Roseboro;1;Mark Mulder;0,9631
John Roseboro;2;Kevin Cash;0,938
John Roseboro;3;Hunter Renfroe;0,9181
John Roseboro;4;Garrett Hampson;0,9045
John Roseboro;5;Ed Doheny;0,8763
John Russell;1;Dan Wheeler;0,9243
John Russell;2;Johnny Davis;0,9224
John Russell;3;Scott Schoeneweis;0,9162
John Russell;4;Dallas Green;0,9055
John Russell;5;Phil Collins;0,9046
John Shelby;1;Leon Day;0,9274
John Shelby;2;Dwight Smith;0,8955
John Shelby;3;Danny Taylor;0,8681
John Shelby;4;Lonnie Smith;0,8561
John Shelby;5;Joe Simpson;0,847
John Smiley;1;Bud Podbielan;0,9542
John Smiley;2;Pete Broberg;0,9475
John Smiley;3;Ron Robinson;0,9337
John Smiley;4;William Webster;0,9261
John Smiley;5;Josh Phelps;0,926
John Smoltz;1;Hiram Bocachica;0,9307
John Smoltz;2;Carlos Torres;0,9181
John Smoltz;3;Hector Cruz;0,9181
John Smoltz;4;Terry Francona;0,9167
John Smoltz;5;Tony Muser;0,916
John Stearns;1;Nap Lajoie;0,9107
John Stearns;2;Lou Louden;0,9035
John Stearns;3;Jack Harper;0,8712
John Stearns;4;Tyler Flowers;0,8653
John Stearns;5;Asdrubal Cabrera;0,8525
John Stephenson;1;Jorge Julio;0,97
John Stephenson;2;Roger Connor;0,9639
John Stephenson;3;Rick Dempsey;0,96
John Stephenson;4;Derek Lilliquist;0,9586
John Stephenson;5;David Phelps;0,9542
John Stone;1;Jerry DaVanon;0,9211
John Stone;2;Jim Davenport;0,834
John Stone;3;Jim Wohlford;0,8316
John Stone;4;Egyptian Healy;0,8281
John Stone;5;Tim Federowicz;0,8227
John Thomson;1;Daniel Murphy;0,9356
John Thomson;2;Russ Ortiz;0,9175
John Thomson;3;Mike Squires;0,9074
John Thomson;4;Reggie Smith;0,9037
John Thomson;5;Ehire Adrianza;0,9012
John Titus;1;Josh Phegley;0,9603
John Titus;2;Michael Fulmer;0,946
John Titus;3;Trevor Story;0,904
John Titus;4;Paul Dean;0,892
John Titus;5;Al Ferrara;0,8787
John Tsitouris;1;Elmer Dessens;0,9988
John Tsitouris;2;Dan Miceli;0,9773
John Tsitouris;3;Don Mossi;0,9627
John Tsitouris;4;Roger Nelson;0,9626
John Tsitouris;5;Pat Mahomes;0,9624
John Tudor;1;Denny Mack;0,9043
John Tudor;2;Fred Carroll;0,8686
John Tudor;3;Felix Mantilla;0,8353
John Tudor;4;Jack Crooks;0,832
John Tudor;5;Glendon Rusch;0,8186
John Valentin;1;Andres Torres;0,9215
John Valentin;2;Luis Gomez;0,8878
John Valentin;3;Josh Hamilton;0,8758
John Valentin;4;Claude Johnson;0,8712
John Valentin;5;Pablo Lopez;0,8571
John Vander Wal;1;Chris Donnels;0,9303
John Vander Wal;2;Guy Hecker;0,9223
John Vander Wal;3;Bob Grim;0,8915
John Vander Wal;4;German Marquez;0,8888
John Vander Wal;5;Tim Redding;0,8828
John Vukovich;1;Pedro Florimon;0,9851
John Vukovich;2;Corey Hart;0,9468
John Vukovich;3;Dave Campbell;0,9454
John Vukovich;4;Steven Souza;0,9445
John Vukovich;5;Carlos May;0,939
John Ward;1;Otto Knabe;0,9898
John Ward;2;Mike Tauchman;0,9888
John Ward;3;Wally Roettger;0,9858
John Ward;4;Buck O'Neil;0,985
John Ward;5;Willy Miranda;0,9849
John Wasdin;1;Joe Quinn;0,9439
John Wasdin;2;Trevor Williams;0,9345
John Wasdin;3;Dana Fillingim;0,9311
John Wasdin;4;Greg Cadaret;0,9289
John Wasdin;5;Earl Clark;0,9262
John Wathan;1;Darwin Barney;0,9104
John Wathan;2;Wally Berger;0,8717
John Wathan;3;Austin Jackson;0,8435
John Wathan;4;Ed Williamson;0,808
John Wathan;5;Doug Henry;0,7938
John Wehner;1;Tommie Reynolds;0,9543
John Wehner;2;Taylor Teagarden;0,954
John Wehner;3;Ray Morgan;0,9524
John Wehner;4;Mike Lansing;0,9488
John Wehner;5;Brad Fullmer;0,9459
John Wetteland;1;Bill Gullickson;0,9298
John Wetteland;2;Al Demaree;0,9147
John Wetteland;3;Kaiser Wilhelm;0,9063
John Wetteland;4;Chris Donnels;0,8699
John Wetteland;5;Mark Salas;0,8674
John Wockenfuss;1;Sean Burnett;0,9861
John Wockenfuss;2;Brad Komminsk;0,9698
John Wockenfuss;3;Robert Person;0,955
John Wockenfuss;4;Scott Barlow;0,9503
John Wockenfuss;5;Al Lakeman;0,9479
John Wyatt;1;Ed Brinkman;0,9759
John Wyatt;2;Fred Tenney;0,9693
John Wyatt;3;Taylor Teagarden;0,9669
John Wyatt;4;Zack Taylor;0,9666
John Wyatt;5;Zach Eflin;0,9654
Johnnie LeMaster;1;Rafael Ortega;0,9674
Johnnie LeMaster;2;Kevin Ritz;0,9625
Johnnie LeMaster;3;Matt Alexander;0,9557
Johnnie LeMaster;4;Archie Bradley;0,9489
Johnnie LeMaster;5;Luis Melendez;0,9461
Johnny Allen;1;Bobby Darwin;0,9486
Johnny Allen;2;Benny Frey;0,9464
Johnny Allen;3;Jimmy Outlaw;0,9419
Johnny Allen;4;Tony Kemp;0,9325
Johnny Allen;5;Chris Bando;0,9305
Johnny Antonelli;1;Hiram Bocachica;0,9628
Johnny Antonelli;2;Matt Franco;0,9606
Johnny Antonelli;3;Ryan Roberts;0,9481
Johnny Antonelli;4;Lamar Johnson;0,9347
Johnny Antonelli;5;Lou Dials;0,9335
Johnny Bassler;1;Gil Hodges;0,9986
Johnny Bassler;2;Mark McGwire;0,9983
Johnny Bassler;3;Brian Moehler;0,9983
Johnny Bassler;4;Marty McManus;0,9982
Johnny Bassler;5;Vern Stephens;0,9979
Johnny Bates;1;Jim Hearn;0,8679
Johnny Bates;2;Tony Mullane;0,8501
Johnny Bates;3;Alan Foster;0,8358
Johnny Bates;4;Chuck Diering;0,8005
Johnny Bates;5;Ray Kremer;0,7999
Johnny Bench;1;Heinie Peitz;0,9515
Johnny Bench;2;Davey Lopes;0,9398
Johnny Bench;3;Lou Louden;0,9201
Johnny Bench;4;Connie Rector;0,9147
Johnny Bench;5;Pete Broberg;0,9106
Johnny Berardino;1;Red Munger;0,8532
Johnny Berardino;2;Michael Pineda;0,8463
Johnny Berardino;3;Elmer Knetzer;0,8427
Johnny Berardino;4;George Susce;0,8382
Johnny Berardino;5;Jimmy Brown;0,8286
Johnny Blanchard;1;Rick Cerone;0,9659
Johnny Blanchard;2;Gary Ross;0,9608
Johnny Blanchard;3;Tom Lampkin;0,9482
Johnny Blanchard;4;Derek Lowe;0,9463
Johnny Blanchard;5;Henry Spearman;0,9452
Johnny Burnett;1;Willie Calhoun;0,9892
Johnny Burnett;2;Stuffy McInnis;0,9868
Johnny Burnett;3;Joe Astroth;0,9858
Johnny Burnett;4;Albert Pujols;0,9817
Johnny Burnett;5;Luke Appling;0,9785
Johnny Callison;1;Balor Moore;0,8852
Johnny Callison;2;Ken Reitz;0,8726
Johnny Callison;3;Dick Padden;0,8722
Johnny Callison;4;Brent Suter;0,8712
Johnny Callison;5;Gordon Jones;0,8517
Johnny Cooney;1;Chris Zachary;0,954
Johnny Cooney;2;Tim Byrdak;0,9416
Johnny Cooney;3;William Webster;0,9401
Johnny Cooney;4;Sal Yvars;0,94
Johnny Cooney;5;Matt Mantei;0,9284
Johnny Cueto;1;Farmer Vaughn;0,8945
Johnny Cueto;2;Rob Mackowiak;0,8943
Johnny Cueto;3;Jerry Terrell;0,8891
Johnny Cueto;4;Buddy Lewis;0,8882
Johnny Cueto;5;Shane Mack;0,8563
Johnny Damon;1;Hugh Nicol;0,8997
Johnny Damon;2;Larry Woodall;0,8758
Johnny Damon;3;Bill Merritt;0,8332
Johnny Damon;4;Donnie Sadler;0,8281
Johnny Damon;5;Stan Bahnsen;0,8219
Johnny Davis;1;Evan Longoria;0,9595
Johnny Davis;2;Dallas Green;0,9502
Johnny Davis;3;Rich Rodriguez;0,9481
Johnny Davis;4;Brad Havens;0,9469
Johnny Davis;5;Brian Boehringer;0,9469
Johnny Edwards;1;Ildemaro Vargas;0,9617
Johnny Edwards;2;Don Kolloway;0,9396
Johnny Edwards;3;Ben Revere;0,9336
Johnny Edwards;4;Ed Swartwood;0,9264
Johnny Edwards;5;Nippy Jones;0,9224
Johnny Estrada;1;Elmer Riddle;0,933
Johnny Estrada;2;Bryse Wilson;0,932
Johnny Estrada;3;Brian Wilson;0,9276
Johnny Estrada;4;Phil Regan;0,926
Johnny Estrada;5;Jim Roland;0,9255
Johnny Evers;1;Al Oliver;0,9407
Johnny Evers;2;Fred Hofmann;0,9404
Johnny Evers;3;Warren Cromartie;0,9259
Johnny Evers;4;Terry Francona;0,8886
Johnny Evers;5;Ossee Schrecongost;0,8689
Johnny Gooch;1;Tom Tresh;0,8956
Johnny Gooch;2;Oral Hildebrand;0,8582
Johnny Gooch;3;Biz Mackey;0,8535
Johnny Gooch;4;Terry Forster;0,8526
Johnny Gooch;5;Heavy Johnson;0,8437
Johnny Groth;1;Freddy Peralta;0,9837
Johnny Groth;2;Doug Bird;0,9736
Johnny Groth;3;Ivan Murrell;0,9733
Johnny Groth;4;Mike Trombley;0,9714
Johnny Groth;5;Freddy Sanchez;0,9704
Johnny Grubb;1;Kelvim Escobar;0,8991
Johnny Grubb;2;Erik Bedard;0,8632
Johnny Grubb;3;Charlie Silvera;0,8577
Johnny Grubb;4;Tim Hosley;0,855
Johnny Grubb;5;Alex Cintron;0,8503
Johnny Hayes;1;Ruben Jones;0,9446
Johnny Hayes;2;Sal Maglie;0,8877
Johnny Hayes;3;Turk Lown;0,8775
Johnny Hayes;4;Fred Carroll;0,8409
Johnny Hayes;5;D. J. Carrasco;0,8334
Johnny Hodapp;1;Billy Clingman;0,9886
Johnny Hodapp;2;Craig Reynolds;0,9886
Johnny Hodapp;3;Jack Phillips;0,9884
Johnny Hodapp;4;Jules Thomas;0,9853
Johnny Hodapp;5;Val Picinich;0,9849
Johnny Hopp;1;Maikel Franco;0,8893
Johnny Hopp;2;Mark Hendrickson;0,8537
Johnny Hopp;3;Chris Codiroli;0,8536
Johnny Hopp;4;Mark Huismann;0,8516
Johnny Hopp;5;Chippy McGarr;0,8505
Johnny Humphries;1;Ted Savage;0,9244
Johnny Humphries;2;Al Fitzmorris;0,9136
Johnny Humphries;3;Eddie Watt;0,9061
Johnny Humphries;4;Ellis Burks;0,9046
Johnny Humphries;5;Al Spohrer;0,9012
Johnny Jones;1;Don Sutton;0,9315
Johnny Jones;2;Dick Whitworth;0,9004
Johnny Jones;3;Jorge Soler;0,8986
Johnny Jones;4;Luis Avilan;0,8941
Johnny Jones;5;Matt Adams;0,8916
Johnny Kling;1;Ray Morgan;0,9905
Johnny Kling;2;Brian Tallet;0,9803
Johnny Kling;3;Bob Brenly;0,9634
Johnny Kling;4;Tyler Glasnow;0,9619
Johnny Kling;5;Nippy Jones;0,9619
Johnny Klippstein;1;Dave Gallagher;0,9081
Johnny Klippstein;2;Dave Rosello;0,9016
Johnny Klippstein;3;Vic Sorrell;0,8961
Johnny Klippstein;4;Travis Jankowski;0,8842
Johnny Klippstein;5;Gary Nolan;0,8796
Johnny Lanning;1;Jesus Colome;0,9546
Johnny Lanning;2;Al Spalding;0,9543
Johnny Lanning;3;Chuck Hiller;0,9415
Johnny Lanning;4;Chet Nichols;0,9407
Johnny Lanning;5;Tom Gorman;0,9383
Johnny Lindell;1;Kyle Tucker;0,9824
Johnny Lindell;2;Emmet Heidrick;0,9771
Johnny Lindell;3;Tommie Reynolds;0,9757
Johnny Lindell;4;Ray Morgan;0,9716
Johnny Lindell;5;Brian Tallet;0,971
Johnny Lipon;1;Pat Corrales;0,9531
Johnny Lipon;2;Hideki Matsui;0,9408
Johnny Lipon;3;Fred Bankhead;0,8971
Johnny Lipon;4;Juan Pierre;0,8962
Johnny Lipon;5;Martin Prado;0,8933
Johnny Logan;1;Julian Javier;0,9043
Johnny Logan;2;Rollie Zeider;0,8988
Johnny Logan;3;Sid Fernandez;0,8791
Johnny Logan;4;Tom Burns;0,8622
Johnny Logan;5;Jeff Treadway;0,8617
Johnny Markham;1;Hoby Milner;0,9711
Johnny Markham;2;Chris Hatcher;0,9711
Johnny Markham;3;Cesar Ramos;0,9711
Johnny Markham;4;John Brebbia;0,9711
Johnny Markham;5;Dan Otero;0,9711
Johnny McCarthy;1;George Decker;0,9516
Johnny McCarthy;2;John Irwin;0,9446
Johnny McCarthy;3;George Whitted;0,9246
Johnny McCarthy;4;John Wyatt;0,9209
Johnny McCarthy;5;Sammy Stewart;0,9048
Johnny Mize;1;Michael Pineda;0,9021
Johnny Mize;2;Olmedo Saenz;0,8982
Johnny Mize;3;Birdie Cree;0,8497
Johnny Mize;4;Jim Pagliaroni;0,8381
Johnny Mize;5;Travis Snider;0,837
Johnny Moore;1;Aaron Nola;0,9362
Johnny Moore;2;Scott Eyre;0,924
Johnny Moore;3;Kerry Wood;0,9239
Johnny Moore;4;Tim Burke;0,9222
Johnny Moore;5;Jim McDonald;0,9213
Johnny Morrison;1;Vic Correll;0,9718
Johnny Morrison;2;Skip Lockwood;0,9705
Johnny Morrison;3;Dave Otto;0,9632
Johnny Morrison;4;Josh Fogg;0,9487
Johnny Morrison;5;Jason Jennings;0,9468
Johnny Mostil;1;Mark Lowe;0,9704
Johnny Mostil;2;Ed Glynn;0,9665
Johnny Mostil;3;Jerry Moses;0,9643
Johnny Mostil;4;Al Spalding;0,9528
Johnny Mostil;5;Mike Gonzalez;0,9394
Johnny Murphy;1;Ned Cuthbert;0,9483
Johnny Murphy;2;Adam Comorosky;0,9326
Johnny Murphy;3;Brian Johnson;0,9224
Johnny Murphy;4;Pol Perritt;0,8884
Johnny Murphy;5;Roger Repoz;0,8776
Johnny Niggeling;1;Felix Heredia;0,9924
Johnny Niggeling;2;Steve McCatty;0,983
Johnny Niggeling;3;Jamey Carroll;0,9826
Johnny Niggeling;4;Jose Cardenal;0,9793
Johnny Niggeling;5;Austin Romine;0,9771
Johnny Oates;1;Bobby Darwin;0,9663
Johnny Oates;2;Benny Frey;0,9491
Johnny Oates;3;Oscar Judd;0,9249
Johnny Oates;4;Reid Nichols;0,92
Johnny Oates;5;Rich Becker;0,9195
Johnny Peacock;1;Rob Refsnyder;0,953
Johnny Peacock;2;Reese McGuire;0,9453
Johnny Peacock;3;Ron Herbel;0,924
Johnny Peacock;4;Ray Jablonski;0,9211
Johnny Peacock;5;Rick Camp;0,8955
Johnny Pesky;1;Luis Torrens;0,8963
Johnny Pesky;2;Sammy Sosa;0,8561
Johnny Pesky;3;Tom Lawless;0,8537
Johnny Pesky;4;Bruce Sutter;0,8453
Johnny Pesky;5;Red Ames;0,8376
Johnny Podres;1;Chris Coghlan;0,9724
Johnny Podres;2;Ripper Collins;0,9706
Johnny Podres;3;Alexi Casilla;0,9619
Johnny Podres;4;Bruce Edwards;0,9616
Johnny Podres;5;Eric Gunderson;0,9598
Johnny Pugh;1;Mel Ott;0,9763
Johnny Pugh;2;Steven Souza;0,9737
Johnny Pugh;3;Garrett Atkins;0,9668
Johnny Pugh;4;Wayne Causey;0,9612
Johnny Pugh;5;Bob Davis;0,9611
Johnny Rawlings;1;Adam Jones;0,9513
Johnny Rawlings;2;Frank Scheibeck;0,9417
Johnny Rawlings;3;Dick Seay;0,9328
Johnny Rawlings;4;Taylor Ward;0,9248
Johnny Rawlings;5;Rob Brantly;0,9206
Johnny Ray;1;Matt Duffy;0,9119
Johnny Ray;2;Scott Atchison;0,8898
Johnny Ray;3;Sadie McMahon;0,8889
Johnny Ray;4;Bobby Wilson;0,8871
Johnny Ray;5;Wally Westlake;0,8802
Johnny Rigney;1;Ginger Beaumont;0,9712
Johnny Rigney;2;Sixto Lezcano;0,9299
Johnny Rigney;3;Bill Kuehne;0,9284
Johnny Rigney;4;Bill Madlock;0,9253
Johnny Rigney;5;Starling Marte;0,9121
Johnny Sain;1;Pat Putnam;0,8898
Johnny Sain;2;Pete Harnisch;0,8874
Johnny Sain;3;Dick Littlefield;0,8617
Johnny Sain;4;Dave Otto;0,8596
Johnny Sain;5;Alex Johnson;0,855
Johnny Schmitz;1;Bill Castro;0,9611
Johnny Schmitz;2;Al Jackson;0,8842
Johnny Schmitz;3;Ricky Bottalico;0,882
Johnny Schmitz;4;Cecilio Guante;0,866
Johnny Schmitz;5;Ray Scarborough;0,8563
Johnny Smith;1;Ross Barnes;0,9346
Johnny Smith;2;Hal Chase;0,9194
Johnny Smith;3;Eduardo Rodriguez;0,9038
Johnny Smith;4;Javy Guerra;0,8989
Johnny Smith;5;Dave Clark;0,8909
Johnny Temple;1;Lamar Johnson;0,8894
Johnny Temple;2;Tony Muser;0,8775
Johnny Temple;3;Jolbert Cabrera;0,872
Johnny Temple;4;Steve Dillard;0,8704
Johnny Temple;5;Billy Sample;0,8646
Johnny Vander Meer;1;Cliff Melton;0,9288
Johnny Vander Meer;2;Jeremy Bonderman;0,9242
Johnny Vander Meer;3;Del Wilber;0,8865
Johnny Vander Meer;4;Tom Ferrick;0,8758
Johnny Vander Meer;5;Chick Galloway;0,8584
Johnny Washington;1;Steve Hamilton;0,957
Johnny Washington;2;Terry Crowley;0,9498
Johnny Washington;3;Vladimir Nunez;0,9308
Johnny Washington;4;Pete Browning;0,9192
Johnny Washington;5;Jimmy Jones;0,8776
Johnny Wright;1;Del Rice;0,9469
Johnny Wright;2;Charlie Puleo;0,8701
Johnny Wright;3;Josh Paul;0,8606
Johnny Wright;4;Bill Lamar;0,8599
Johnny Wright;5;Larry Woodall;0,8539
Johnny Wyrostek;1;Scott Bradley;0,986
Johnny Wyrostek;2;Bill Plummer;0,9783
Johnny Wyrostek;3;Matt Williams;0,9778
Johnny Wyrostek;4;Harry Chiti;0,9769
Johnny Wyrostek;5;Shanty Hogan;0,9756
Jolbert Cabrera;1;Chris Jones;0,9553
Jolbert Cabrera;2;Andrew Payne;0,9496
Jolbert Cabrera;3;John Buzhardt;0,948
Jolbert Cabrera;4;Brett Gardner;0,927
Jolbert Cabrera;5;Howie Pollet;0,9243
Jon Berti;1;Ross Grimsley;0,9481
Jon Berti;2;Steve Swisher;0,9242
Jon Berti;3;Mike Macfarlane;0,908
Jon Berti;4;Otto Briggs;0,9071
Jon Berti;5;Dwight Evans;0,9014
Jon Garland;1;Johnny Niggeling;0,9534
Jon Garland;2;Austin Romine;0,9526
Jon Garland;3;Ed Swartwood;0,9453
Jon Garland;4;Roy Smith;0,9345
Jon Garland;5;Felix Heredia;0,9326
Jon Gray;1;Glen Hobbie;0,9476
Jon Gray;2;Wilmer Difo;0,9017
Jon Gray;3;Frank Sullivan;0,895
Jon Gray;4;Trevor Rosenthal;0,8872
Jon Gray;5;Doug Sisk;0,8779
Jon Jay;1;Juan Lagares;0,9405
Jon Jay;2;Jose Quintana;0,9234
Jon Jay;3;Hugh Mulcahy;0,8907
Jon Jay;4;Pokey Reese;0,8835
Jon Jay;5;Andy Coakley;0,8749
Jon Lester;1;Jim Gentile;0,9649
Jon Lester;2;Burgess Whitehead;0,9105
Jon Lester;3;Didi Gregorius;0,9063
Jon Lester;4;Tomas Nido;0,8699
Jon Lester;5;Maikel Franco;0,8679
Jon Lieber;1;Tim Naehring;0,9581
Jon Lieber;2;John O'Donoghue;0,932
Jon Lieber;3;Dave Rosello;0,9247
Jon Lieber;4;Ed Doheny;0,8914
Jon Lieber;5;Billy Butler;0,8866
Jon Matlack;1;Rod Scurry;0,9304
Jon Matlack;2;Edward Mujica;0,908
Jon Matlack;3;Milo Candini;0,8947
Jon Matlack;4;Oscar Grimes;0,8573
Jon Matlack;5;Johnny Morrison;0,8338
Jon Rauch;1;Sean Doolittle;1,0
Jon Rauch;2;Will Cunnane;1,0
Jon Rauch;3;Joe Thatcher;1,0
Jon Rauch;4;Ryan Weber;1,0
Jon Rauch;5;Blake Parker;1,0
Jonas Gaines;1;Hiram Bocachica;0,9012
Jonas Gaines;2;Rich Hill;0,8747
Jonas Gaines;3;Danny Hoffman;0,8697
Jonas Gaines;4;Joe Green;0,8681
Jonas Gaines;5;Derek Dietrich;0,8674
Jonathan Broxton;1;Carlos Reyes;1,0
Jonathan Broxton;2;Eric Gagne;1,0
Jonathan Broxton;3;Jason Motte;1,0
Jonathan Broxton;4;Danny Coulombe;1,0
Jonathan Broxton;5;Tim Mayza;1,0
Jonathan Loaisiga;1;Buddy Carlyle;1,0
Jonathan Loaisiga;2;Drew Storen;1,0
Jonathan Loaisiga;3;Warren Brusstar;1,0
Jonathan Loaisiga;4;Odell Jones;1,0
Jonathan Loaisiga;5;Jorge Sosa;1,0
Jonathan Lucroy;1;Paul Householder;0,8969
Jonathan Lucroy;2;Cliff Fannin;0,8967
Jonathan Lucroy;3;Barry Jones;0,883
Jonathan Lucroy;4;Adrian Brown;0,8784
Jonathan Lucroy;5;John Hines;0,8758
Jonathan Papelbon;1;Ruben Jones;0,9155
Jonathan Papelbon;2;John Reese;0,9066
Jonathan Papelbon;3;Tom O'Malley;0,8931
Jonathan Papelbon;4;Gus Niarhos;0,8755
Jonathan Papelbon;5;Jack Crooks;0,8482
Jonathan Sanchez;1;Scott Service;0,9918
Jonathan Sanchez;2;Carmen Hill;0,9813
Jonathan Sanchez;3;Joe Nathan;0,9713
Jonathan Sanchez;4;J. A. Happ;0,9638
Jonathan Sanchez;5;Virgil Barnes;0,9633
Jonathan Schoop;1;Charlie Smith;0,9515
Jonathan Schoop;2;Ed Doheny;0,9376
Jonathan Schoop;3;Jake Wade;0,9275
Jonathan Schoop;4;Greg Walker;0,9172
Jonathan Schoop;5;Jakob Junis;0,9056
Jonathan Villar;1;Jim Lefebvre;0,9548
Jonathan Villar;2;Justin Masterson;0,9056
Jonathan Villar;3;Barry Bonds;0,8904
Jonathan Villar;4;Raul Casanova;0,8692
Jonathan Villar;5;Jeff Nelson;0,867
Jonathon Niese;1;Mike Mordecai;0,9827
Jonathon Niese;2;James McCann;0,9236
Jonathon Niese;3;Fred Kendall;0,9208
Jonathon Niese;4;Red Ruffing;0,9149
Jonathon Niese;5;Ethan Allen;0,9138
Jonny Gomes;1;Rollie Zeider;0,8843
Jonny Gomes;2;Jesus Aguilar;0,8791
Jonny Gomes;3;José Magriñat;0,8574
Jonny Gomes;4;Joe Nolan;0,8514
Jonny Gomes;5;Bill Brubaker;0,8487
Jordan Lyles;1;Orlando Peña;0,9273
Jordan Lyles;2;Jackie Collum;0,9029
Jordan Lyles;3;Edward Mujica;0,9006
Jordan Lyles;4;George Weidman;0,882
Jordan Lyles;5;Shawn Camp;0,8801
Jordan Zimmermann;1;Jack Phillips;0,9794
Jordan Zimmermann;2;Brian Matusz;0,9792
Jordan Zimmermann;3;Dennis Powell;0,9792
Jordan Zimmermann;4;Alan Benes;0,9792
Jordan Zimmermann;5;Paul Gibson;0,9792
Jordy Mercer;1;Ryan Roberts;0,934
Jordy Mercer;2;Felix Fermin;0,9281
Jordy Mercer;3;Ernie Krueger;0,9213
Jordy Mercer;4;Ed Heusser;0,9091
Jordy Mercer;5;Fernando Abad;0,9075
Jorge Alfaro;1;Vic Correll;0,9898
Jorge Alfaro;2;Vince Velasquez;0,9797
Jorge Alfaro;3;Alex Diaz;0,9586
Jorge Alfaro;4;Eddie Milner;0,9554
Jorge Alfaro;5;Todd Van Poppel;0,9425
Jorge Cantu;1;Hugh Mulcahy;0,9584
Jorge Cantu;2;Dick Hoblitzell;0,8952
Jorge Cantu;3;Dick Johnston;0,8741
Jorge Cantu;4;Nemo Leibold;0,8702
Jorge Cantu;5;Bill Pettus;0,8676
Jorge De La Rosa;1;Danys Baez;0,9349
Jorge De La Rosa;2;Flash Miller;0,9221
Jorge De La Rosa;3;Jorge Velandia;0,9166
Jorge De La Rosa;4;Roy Henshaw;0,9032
Jorge De La Rosa;5;Gene Baker;0,8962
Jorge Fabregas;1;Lonnie Chisenhall;0,949
Jorge Fabregas;2;Rhys Hoskins;0,9462
Jorge Fabregas;3;Ron Santo;0,9327
Jorge Fabregas;4;Jimmy Williams;0,9172
Jorge Fabregas;5;Bill Cissell;0,9062
Jorge Julio;1;Mike Harkey;0,9926
Jorge Julio;2;Chris Carter;0,9821
Jorge Julio;3;Willie Smith;0,974
Jorge Julio;4;John Stephenson;0,97
Jorge Julio;5;Ricky Nolasco;0,9557
Jorge Lopez;1;Dan Straily;1,0
Jorge Lopez;2;Kevin Correia;0,9663
Jorge Lopez;3;Bob Scanlan;0,9607
Jorge Lopez;4;Carmen Hill;0,9338
Jorge Lopez;5;Paul Assenmacher;0,9325
Jorge Orta;1;Donne Wall;0,936
Jorge Orta;2;Mark Mulder;0,9276
Jorge Orta;3;Kevin Cash;0,9271
Jorge Orta;4;Mike Harkey;0,9264
Jorge Orta;5;David Phelps;0,9194
Jorge Polanco;1;Buddy Myer;0,9546
Jorge Polanco;2;Matt Franco;0,9342
Jorge Polanco;3;Lou Dials;0,9318
Jorge Polanco;4;Rudy York;0,9313
Jorge Polanco;5;Sam Zoldak;0,9241
Jorge Posada;1;Joe Glenn;0,9359
Jorge Posada;2;Danny Taylor;0,9348
Jorge Posada;3;Jack Harper;0,9098
Jorge Posada;4;Buster Haywood;0,9068
Jorge Posada;5;Rich Reese;0,8615
Jorge Soler;1;Steve Busby;0,9169
Jorge Soler;2;Erskine Mayer;0,9166
Jorge Soler;3;Kevin Cash;0,9023
Jorge Soler;4;Danny Frisella;0,9006
Jorge Soler;5;Johnny Jones;0,8986
Jorge Sosa;1;Buddy Carlyle;1,0
Jorge Sosa;2;Drew Storen;1,0
Jorge Sosa;3;Anthony Swarzak;1,0
Jorge Sosa;4;Aaron Small;1,0
Jorge Sosa;5;Jonathan Loaisiga;1,0
Jorge Velandia;1;Joe Adcock;0,9965
Jorge Velandia;2;Bill Holbert;0,9733
Jorge Velandia;3;Buddy Bradford;0,9658
Jorge Velandia;4;Sammy Strang;0,9651
Jorge Velandia;5;Harlond Clift;0,964
Jose Abreu;1;Mike Young;0,9716
Jose Abreu;2;Duane Pillette;0,9524
Jose Abreu;3;Wilmer Difo;0,9381
Jose Abreu;4;Oil Can Boyd;0,9372
Jose Abreu;5;John Maine;0,9223
Jose Altuve;1;D'Angelo Jimenez;0,9177
Jose Altuve;2;Zack Cozart;0,9151
Jose Altuve;3;Jumbo Elliott;0,9046
Jose Altuve;4;Bud Norris;0,8927
Jose Altuve;5;Alex Cintron;0,8904
Jose Alvarado;1;Rick Aguilera;1,0
Jose Alvarado;2;Michael Wuertz;0,9901
Jose Alvarado;3;Sandy Martinez;0,9646
Jose Alvarado;4;Guillermo Mota;0,9618
Jose Alvarado;5;Tommy La Stella;0,9616
Jose Alvarez;1;Mark Eichhorn;0,9848
Jose Alvarez;2;Chet Nichols;0,9652
Jose Alvarez;3;Agustín Parpetti;0,9638
Jose Alvarez;4;Roger Freed;0,9509
Jose Alvarez;5;Dick Culler;0,9504
Jose Bautista;1;Hugh Mulcahy;0,9391
Jose Bautista;2;Ender Inciarte;0,9062
Jose Bautista;3;Bob Harmon;0,8668
Jose Bautista;4;Dom Dallessandro;0,8662
Jose Bautista;5;Pokey Reese;0,8657
Jose Berrios;1;Wilson Betemit;0,9015
Jose Berrios;2;Jim Pendleton;0,8797
Jose Berrios;3;Daniel Bard;0,8627
Jose Berrios;4;Elmer Singleton;0,8567
Jose Berrios;5;Derek Jeter;0,829
Jose Canseco;1;Dave Stieb;0,9565
Jose Canseco;2;Addie Joss;0,9315
Jose Canseco;3;Art Shamsky;0,9307
Jose Canseco;4;Joe Coleman;0,9222
Jose Canseco;5;Bill Schroeder;0,921
Jose Cardenal;1;Felix Heredia;0,9805
Jose Cardenal;2;Johnny Niggeling;0,9793
Jose Cardenal;3;Von Joshua;0,9724
Jose Cardenal;4;Ben Revere;0,9625
Jose Cardenal;5;Nippy Jones;0,9617
Jose Contreras;1;Hollis Thurston;0,9487
Jose Contreras;2;Raisel Iglesias;0,9422
Jose Contreras;3;Allen Watson;0,8968
Jose Contreras;4;Laymon Yokely;0,8919
Jose Contreras;5;Chuck Cottier;0,8603
Jose Cruz;1;Pat Jarvis;0,968
Jose Cruz;2;Richard Bleier;0,9605
Jose Cruz;3;Luis Quinones;0,9452
Jose Cruz;4;Saul Rogovin;0,9435
Jose Cruz;5;Chuck Hiller;0,9408
Jose DeLeon;1;Kenta Maeda;0,8798
Jose DeLeon;2;John Lannan;0,8789
Jose DeLeon;3;David Eckstein;0,8698
Jose DeLeon;4;Jeff Treadway;0,8667
Jose DeLeon;5;Gary Woods;0,8666
Jose Gonzalez;1;Mahlon Duckett;0,9812
Jose Gonzalez;2;Roy Parmelee;0,9626
Jose Gonzalez;3;Kerry Ligtenberg;0,9474
Jose Gonzalez;4;Brendan Donnelly;0,9432
Jose Gonzalez;5;Birdie Tebbetts;0,9353
Jose Guillen;1;Felipe Sierra;0,8743
Jose Guillen;2;Skeeter Newsome;0,8205
Jose Guillen;3;Reese McGuire;0,8178
Jose Guillen;4;Nick Green;0,8172
Jose Guillen;5;Dave Rozema;0,8101
Jose Guzman;1;Kevin Gausman;0,998
Jose Guzman;2;Ryan Goins;0,9546
Jose Guzman;3;Jimmy Binder;0,9513
Jose Guzman;4;Dave Dravecky;0,9315
Jose Guzman;5;Scott Kamieniecki;0,9312
Jose Hernandez;1;Carl Willis;0,989
Jose Hernandez;2;Doug Clemens;0,969
Jose Hernandez;3;Jack McDowell;0,9681
Jose Hernandez;4;Cap Peterson;0,9651
Jose Hernandez;5;Brian Matusz;0,9634
Jose Iglesias;1;Randy Moore;0,9355
Jose Iglesias;2;Ed Willett;0,9092
Jose Iglesias;3;Toby Hall;0,9072
Jose Iglesias;4;Rich Rollins;0,9031
Jose Iglesias;5;Rusty Torres;0,8682
Jose Leclerc;1;Brian Duensing;0,9997
Jose Leclerc;2;Roger Mason;0,9848
Jose Leclerc;3;Joe Beggs;0,9655
Jose Leclerc;4;Dave Eggler;0,9614
Jose Leclerc;5;Joe Blanton;0,9593
Jose Lima;1;Jason Vargas;0,9843
Jose Lima;2;Dick Littlefield;0,9708
Jose Lima;3;Dave Otto;0,9342
Jose Lima;4;Sid Fernandez;0,9169
Jose Lima;5;Phil Marchildon;0,9143
Jose Lind;1;Bobby Jones;0,9667
Jose Lind;2;Sibby Sisti;0,9455
Jose Lind;3;Mike Ivie;0,9338
Jose Lind;4;Andy Kosco;0,9261
Jose Lind;5;Chris Herrmann;0,923
Jose Lobaton;1;Nick Esasky;0,9668
Jose Lobaton;2;George Springer;0,9445
Jose Lobaton;3;Tom Murphy;0,925
Jose Lobaton;4;Guy Bush;0,9185
Jose Lobaton;5;Matty McIntyre;0,9053
Jose Lopez;1;Jackie Jensen;0,9245
Jose Lopez;2;Silver Flint;0,9214
Jose Lopez;3;David Riske;0,9128
Jose Lopez;4;Dee Fondy;0,9113
Jose Lopez;5;Billy Holland;0,8997
Jose Mesa;1;Ramon Laureano;0,9068
Jose Mesa;2;Elam Vangilder;0,9
Jose Mesa;3;Duane Josephson;0,8934
Jose Mesa;4;Pete Burnside;0,8771
Jose Mesa;5;Doc Gessler;0,8742
Jose Molina;1;Bill Stein;0,9344
Jose Molina;2;Robert Machado;0,9164
Jose Molina;3;B. J. Ryan;0,9024
Jose Molina;4;Willie Blair;0,8989
Jose Molina;5;Roger Mason;0,8778
Jose Morales;1;Bud Clancy;0,9846
Jose Morales;2;Tom Johnson;0,9806
Jose Morales;3;Kyle Tucker;0,9805
Jose Morales;4;Morgan Ensberg;0,9759
Jose Morales;5;Ray Morgan;0,9746
Jose Offerman;1;Flash Miller;0,9247
Jose Offerman;2;Mike Cubbage;0,8946
Jose Offerman;3;Jim Holdsworth;0,8636
Jose Offerman;4;Jake Early;0,8629
Jose Offerman;5;Roy Henshaw;0,8546
Jose Oquendo;1;Cozy Dolan;0,954
Jose Oquendo;2;Sean Newcomb;0,9507
Jose Oquendo;3;Jacob Barnes;0,9332
Jose Oquendo;4;Jimmy Smith;0,9326
Jose Oquendo;5;Jim Lefebvre;0,9298
Jose Pagan;1;Gary Varsho;0,931
Jose Pagan;2;Fred Manrique;0,9215
Jose Pagan;3;Buddy Kerr;0,8997
Jose Pagan;4;Kevin Stocker;0,8964
Jose Pagan;5;Dave McKay;0,8773
Jose Quintana;1;Jon Jay;0,9234
Jose Quintana;2;Jacob Cruz;0,9135
Jose Quintana;3;Jim Weaver;0,8765
Jose Quintana;4;Buster Brown;0,8731
Jose Quintana;5;Dave Chalk;0,8711
Jose Ramirez;1;Carlos Reyes;0,9965
Jose Ramirez;2;Tim Mayza;0,9965
Jose Ramirez;3;Joba Chamberlain;0,9962
Jose Ramirez;4;Eric Gagne;0,9962
Jose Ramirez;5;Jason Motte;0,9962
Jose Reyes;1;Rusty Torres;0,8963
Jose Reyes;2;Hank Aguirre;0,8752
Jose Reyes;3;Benny Kauff;0,8701
Jose Reyes;4;Jon Berti;0,8652
Jose Reyes;5;Ryan Theriot;0,8316
Jose Rijo;1;Hal McRae;0,9332
Jose Rijo;2;Clyde Shoun;0,9308
Jose Rijo;3;Bret Saberhagen;0,93
Jose Rijo;4;Julian Javier;0,9266
Jose Rijo;5;Lou Bierbauer;0,9258
Jose Tartabull;1;Willy Adames;0,9465
Jose Tartabull;2;Curt Davis;0,9447
Jose Tartabull;3;Ron Swoboda;0,9382
Jose Tartabull;4;Phil Todt;0,9264
Jose Tartabull;5;Ted Sizemore;0,9259
Jose Trevino;1;Paul Blair;0,9462
Jose Trevino;2;Cody Ransom;0,9329
Jose Trevino;3;Manny Ramirez;0,9293
Jose Trevino;4;Ray Mack;0,9197
Jose Trevino;5;Tris Speaker;0,9132
Jose Urena;1;Erik Bedard;0,9407
Jose Urena;2;D'Angelo Jimenez;0,9383
Jose Urena;3;Josias Manzanillo;0,9383
Jose Urena;4;Stan Belinda;0,9347
Jose Urena;5;Harold Baines;0,9253
Jose Uribe;1;Gary Varsho;0,9388
Jose Uribe;2;Ted Strong;0,9264
Jose Uribe;3;Anthony Rendon;0,9251
Jose Uribe;4;Ben Revere;0,9173
Jose Uribe;5;Syl Johnson;0,9159
Jose Valentin;1;Fatty Briody;0,9927
Jose Valentin;2;Tommie Reynolds;0,9896
Jose Valentin;3;Jackie Hernandez;0,9892
Jose Valentin;4;Johnny Bassler;0,9887
Jose Valentin;5;Byron Browne;0,9884
Jose Valverde;1;Steve Frey;0,9647
Jose Valverde;2;Sergio Romo;0,9398
Jose Valverde;3;John Kennedy;0,9356
Jose Valverde;4;Liam Hendriks;0,9265
Jose Valverde;5;Duane Pillette;0,9256
Jose Veras;1;Chris Devenski;1,0
Jose Veras;2;Corey Knebel;1,0
Jose Veras;3;Harry Eisenstat;0,9999
Jose Veras;4;Randall Delgado;0,9994
Jose Veras;5;Justin Wilson;0,9945
Jose Vidro;1;Brad Wilkerson;0,9881
Jose Vidro;2;Cesar Hernandez;0,9819
Jose Vidro;3;Chad Wallach;0,9792
Jose Vidro;4;Tyler Glasnow;0,9785
Jose Vidro;5;Nippy Jones;0,9781
Jose Vizcaino;1;Bennie Tate;0,988
Jose Vizcaino;2;Joe Collins;0,9874
Jose Vizcaino;3;Bud Clancy;0,9873
Jose Vizcaino;4;Jimmy Hill;0,9848
Jose Vizcaino;5;Tom Johnson;0,9847
Josh Bard;1;Aaron Cook;0,947
Josh Bard;2;Doc Newton;0,862
Josh Bard;3;Matt Chapman;0,8594
Josh Bard;4;Lee Thomas;0,8348
Josh Bard;5;Enos Slaughter;0,8159
Josh Beckett;1;Rusty Torres;0,8759
Josh Beckett;2;Mark Lewis;0,8431
Josh Beckett;3;Rich Dauer;0,8421
Josh Beckett;4;Brad Wellman;0,832
Josh Beckett;5;Eric Anthony;0,8213
Josh Bell;1;Rick Miller;0,9683
Josh Bell;2;Tex Clevenger;0,9615
Josh Bell;3;Harry Hooper;0,9607
Josh Bell;4;Tip O'Neill;0,9561
Josh Bell;5;Dan Brouthers;0,9484
Josh Billings;1;Tom Satriano;0,9399
Josh Billings;2;Doug Strange;0,9395
Josh Billings;3;Josh Bell;0,9356
Josh Billings;4;Dave McKay;0,9333
Josh Billings;5;Taylor Ward;0,93
Josh Donaldson;1;Brian Daubach;0,9306
Josh Donaldson;2;Jeff DaVanon;0,9089
Josh Donaldson;3;Aleck Smith;0,8565
Josh Donaldson;4;Chris Jones;0,8555
Josh Donaldson;5;Red Ehret;0,8445
Josh Fogg;1;Johnny Morrison;0,9487
Josh Fogg;2;Edward Mujica;0,9312
Josh Fogg;3;Dave Otto;0,923
Josh Fogg;4;Jason Jennings;0,9223
Josh Fogg;5;Jeff Pfeffer;0,9183
Josh Gibson;1;Roger Cedeno;0,9859
Josh Gibson;2;Guy Morton;0,9839
Josh Gibson;3;Damaso Marte;0,9814
Josh Gibson;4;Mike Phillips;0,9676
Josh Gibson;5;Ehire Adrianza;0,9648
Josh Hader;1;Jim Mecir;1,0
Josh Hader;2;Rafael Betancourt;1,0
Josh Hader;3;Dave Eiland;1,0
Josh Hader;4;Hoby Milner;1,0
Josh Hader;5;Chasen Shreve;1,0
Josh Hamilton;1;Rick Wilkins;0,9812
Josh Hamilton;2;John Valentin;0,8758
Josh Hamilton;3;Jim Barr;0,8581
Josh Hamilton;4;Joe Kelly;0,8521
Josh Hamilton;5;Bob McGraw;0,8442
Josh Harrison;1;Charlie Mason;0,9734
Josh Harrison;2;Donne Wall;0,9684
Josh Harrison;3;Mike Harkey;0,9172
Josh Harrison;4;Harry Harper;0,9037
Josh Harrison;5;Oscar Levis;0,9037
Josh Johnson;1;Brandon Lyon;0,9494
Josh Johnson;2;Willie Hernandez;0,9389
Josh Johnson;3;Chuck Taylor;0,9356
Josh Johnson;4;Mike Fornieles;0,9246
Josh Johnson;5;Tim Murnane;0,9219
Josh Paul;1;Bobby Mathews;0,9385
Josh Paul;2;George Mogridge;0,9349
Josh Paul;3;Richie Sexson;0,9306
Josh Paul;4;Mitchell Murray;0,9274
Josh Paul;5;Charlie Puleo;0,9265
Josh Phegley;1;John Titus;0,9603
Josh Phegley;2;Joe Ross;0,9507
Josh Phegley;3;Jeff Kent;0,9471
Josh Phegley;4;Craig Lefferts;0,9387
Josh Phegley;5;Chad Curtis;0,9188
Josh Phelps;1;Anthony Bass;0,9605
Josh Phelps;2;Leon Ruffin;0,9544
Josh Phelps;3;John Menefee;0,9416
Josh Phelps;4;Jamie Easterly;0,9397
Josh Phelps;5;Chris Davis;0,9394
Josh Reddick;1;Ryan Freel;0,8682
Josh Reddick;2;Egyptian Healy;0,8564
Josh Reddick;3;Pat Collins;0,8381
Josh Reddick;4;Harry Bemis;0,8283
Josh Reddick;5;Gil Hatfield;0,8002
Josh Thole;1;Laymon Yokely;0,9639
Josh Thole;2;Allen Watson;0,9617
Josh Thole;3;Willie Kirkland;0,9081
Josh Thole;4;Frank Owen;0,8979
Josh Thole;5;Juan Lagares;0,8877
Josh Tomlin;1;Robert Stephenson;0,9271
Josh Tomlin;2;Claude Passeau;0,9028
Josh Tomlin;3;Fred Scherman;0,8989
Josh Tomlin;4;Dean Stone;0,8984
Josh Tomlin;5;Mike Morgan;0,8732
Josh Willingham;1;Jerry Blevins;0,8958
Josh Willingham;2;Jerry Browne;0,89
Josh Willingham;3;Roman Mejias;0,8864
Josh Willingham;4;Michael Wacha;0,8647
Josh Willingham;5;Pat Collins;0,8611
Josh Wilson;1;Jerry Turner;0,9377
Josh Wilson;2;Larry Milbourne;0,9241
Josh Wilson;3;Early Wynn;0,9196
Josh Wilson;4;Bill Yancey;0,9072
Josh Wilson;5;Cecil Travis;0,9062
Josias Manzanillo;1;Steve Frey;0,9852
Josias Manzanillo;2;Erik Bedard;0,9819
Josias Manzanillo;3;Doc Crandall;0,9785
Josias Manzanillo;4;Jeanmar Gomez;0,975
Josias Manzanillo;5;Alexi Casilla;0,9739
José Junco;1;Gordon Rhodes;0,9371
José Junco;2;Lee Wade;0,9278
José Junco;3;Jim Brosnan;0,8999
José Junco;4;Russ Kemmerer;0,8846
José Junco;5;Tim Bogar;0,8591
José Magriñat;1;Joe Panik;0,9868
José Magriñat;2;Jim Roland;0,9345
José Magriñat;3;Ed Glynn;0,9006
José Magriñat;4;Al Spalding;0,8834
José Magriñat;5;Jesus Colome;0,8684
José María Fernández;1;Bob Seeds;0,9323
José María Fernández;2;Bill Coughlin;0,9121
José María Fernández;3;Erskine Mayer;0,9113
José María Fernández;4;Billy Butler;0,9054
José María Fernández;5;Jim Abbott;0,8953
José Méndez;1;Dave Silvestri;0,9486
José Méndez;2;Bill Virdon;0,884
José Méndez;3;Bob Caruthers;0,8672
José Méndez;4;Benny Frey;0,8647
José Méndez;5;Joe Vosmik;0,8487
Jouett Meekin;1;Grant Balfour;0,9961
Jouett Meekin;2;Heath Bell;0,9961
Jouett Meekin;3;Tanyon Sturtze;0,9901
Jouett Meekin;4;Carlos Garcia;0,9875
Jouett Meekin;5;Merv Shea;0,9868
Juan Acevedo;1;Spoon Carter;0,9079
Juan Acevedo;2;Tom Griffin;0,8947
Juan Acevedo;3;Trevor Cahill;0,858
Juan Acevedo;4;Chris Tillman;0,8545
Juan Acevedo;5;Rusty Greer;0,8516
Juan Agosto;1;J. R. Richard;0,9309
Juan Agosto;2;Ross Ohlendorf;0,9189
Juan Agosto;3;Jack Warhop;0,9017
Juan Agosto;4;Mike Jeffcoat;0,889
Juan Agosto;5;Scott Hatteberg;0,8825
Juan Beniquez;1;Frank Scheibeck;0,9831
Juan Beniquez;2;Jim Leyritz;0,9693
Juan Beniquez;3;Willie Calhoun;0,9675
Juan Beniquez;4;Dave McKay;0,9626
Juan Beniquez;5;Paul Zuvella;0,961
Juan Berenguer;1;Frank Baumann;0,9771
Juan Berenguer;2;Carl Willis;0,9695
Juan Berenguer;3;Cap Peterson;0,9645
Juan Berenguer;4;Rick Ankiel;0,9612
Juan Berenguer;5;Jordan Zimmermann;0,9608
Juan Carlos Oviedo;1;Ty Cobb;0,9819
Juan Carlos Oviedo;2;Myles Straw;0,962
Juan Carlos Oviedo;3;Brad Lidge;0,9477
Juan Carlos Oviedo;4;Sid Fernandez;0,9458
Juan Carlos Oviedo;5;Mel Queen;0,934
Juan Castro;1;Scott Livingstone;0,8718
Juan Castro;2;Rusty Torres;0,8643
Juan Castro;3;Rip Sewell;0,8528
Juan Castro;4;Kyle Higashioka;0,8439
Juan Castro;5;Jeff DaVanon;0,8418
Juan Cruz;1;Jeff Montgomery;0,9262
Juan Cruz;2;Nick Strincevich;0,923
Juan Cruz;3;Al Hrabosky;0,8987
Juan Cruz;4;Al Spohrer;0,8821
Juan Cruz;5;Zollie Wright;0,8715
Juan Encarnacion;1;Michael Bourn;0,8999
Juan Encarnacion;2;Dave Roberts;0,8912
Juan Encarnacion;3;Carl Reynolds;0,8779
Juan Encarnacion;4;Jim Ray Hart;0,8772
Juan Encarnacion;5;George Bradley;0,8762
Juan Gonzalez;1;Rodney Scott;0,9676
Juan Gonzalez;2;Dave Hillman;0,9146
Juan Gonzalez;3;Henry Merchant;0,9097
Juan Gonzalez;4;George Zuverink;0,9085
Juan Gonzalez;5;Horacio Ramirez;0,891
Juan Guzman;1;Greg Dobbs;0,917
Juan Guzman;2;Pat Deasley;0,9146
Juan Guzman;3;Mike Stanton;0,8984
Juan Guzman;4;Lefty Calhoun;0,8873
Juan Guzman;5;John Milligan;0,8851
Juan Lagares;1;Colby Rasmus;0,9436
Juan Lagares;2;Jon Jay;0,9405
Juan Lagares;3;Allen Watson;0,9385
Juan Lagares;4;Willie Kirkland;0,9317
Juan Lagares;5;Josh Thole;0,8877
Juan Marichal;1;Ray Katt;0,9269
Juan Marichal;2;Bill Lamar;0,88
Juan Marichal;3;Wayne Tolleson;0,8768
Juan Marichal;4;Earl Williams;0,8759
Juan Marichal;5;Greg Brock;0,8454
Juan Nicasio;1;Doug McWeeny;0,9353
Juan Nicasio;2;Brandon Inge;0,9152
Juan Nicasio;3;Horace Lisenbee;0,9131
Juan Nicasio;4;Claudio Vargas;0,9037
Juan Nicasio;5;Michael Young;0,8943
Juan Padrón;1;Elmer Singleton;0,86
Juan Padrón;2;Fritz Coumbe;0,8504
Juan Padrón;3;Bob Tillman;0,8459
Juan Padrón;4;Dave Morehead;0,8388
Juan Padrón;5;Hoss Walker;0,8275
Juan Pierre;1;Putsy Caballero;0,9108
Juan Pierre;2;Dick Buckley;0,91
Juan Pierre;3;Rhys Hoskins;0,9011
Juan Pierre;4;Johnny Lipon;0,8962
Juan Pierre;5;Alex Kampouris;0,8858
Juan Pizarro;1;Balor Moore;0,9023
Juan Pizarro;2;Eric Munson;0,8974
Juan Pizarro;3;William Webster;0,8613
Juan Pizarro;4;Robbie Grossman;0,8546
Juan Pizarro;5;Steve Ridzik;0,8543
Juan Rincon;1;Roxie Lawson;0,9585
Juan Rincon;2;Hyun Jin Ryu;0,9514
Juan Rincon;3;Mike Simms;0,9464
Juan Rincon;4;Daisuke Matsuzaka;0,9431
Juan Rincon;5;Ken Ryan;0,9381
Juan Rivera;1;Phil Coke;0,9439
Juan Rivera;2;Billy Bryan;0,8718
Juan Rivera;3;Josh Wilson;0,8674
Juan Rivera;4;Steel Arm Davis;0,8583
Juan Rivera;5;Devon White;0,8445
Juan Samuel;1;Kyle Tucker;0,9738
Juan Samuel;2;Tommie Reynolds;0,9685
Juan Samuel;3;Jackie Hernandez;0,9665
Juan Samuel;4;Jake Stahl;0,9544
Juan Samuel;5;Emmet Heidrick;0,9541
Juan Soto;1;Dick Gernert;0,9555
Juan Soto;2;Tim Blackwell;0,9353
Juan Soto;3;Ronnie Belliard;0,9261
Juan Soto;4;Alex Rios;0,9203
Juan Soto;5;Mike Donlin;0,9163
Juan Uribe;1;J. P. Crawford;0,9789
Juan Uribe;2;Joey Amalfitano;0,9354
Juan Uribe;3;Bill Lamar;0,9325
Juan Uribe;4;Bill Voiselle;0,9208
Juan Uribe;5;Bill Stoneman;0,9125
Juanelo Mirabal;1;Max Surkont;0,9811
Juanelo Mirabal;2;Rheal Cormier;0,966
Juanelo Mirabal;3;Joe Coleman;0,9622
Juanelo Mirabal;4;Wade Miller;0,9496
Juanelo Mirabal;5;Dave Mlicki;0,9421
Jud Wilson;1;Vic Darensbourg;0,905
Jud Wilson;2;Eddie Dwight;0,9019
Jud Wilson;3;Felix Rodriguez;0,8912
Jud Wilson;4;Casey Fossum;0,8888
Jud Wilson;5;Jimmy Jones;0,886
Judy Gans;1;Kip Wells;0,9267
Judy Gans;2;Ted Kubiak;0,9051
Judy Gans;3;Taylor Ward;0,9029
Judy Gans;4;Jim Sundberg;0,9026
Judy Gans;5;Doug Strange;0,8952
Judy Johnson;1;Ken Silvestri;0,949
Judy Johnson;2;Larry Stahl;0,9476
Judy Johnson;3;George Zuverink;0,9459
Judy Johnson;4;Al Milnar;0,9372
Judy Johnson;5;Socks Seibold;0,9306
Jules Thomas;1;Brian Matusz;0,9863
Jules Thomas;2;Dennis Powell;0,9863
Jules Thomas;3;Alan Benes;0,9863
Jules Thomas;4;Paul Gibson;0,9863
Jules Thomas;5;Johnny Hodapp;0,9853
Julian Javier;1;Tom Burns;0,9459
Julian Javier;2;Jose Rijo;0,9266
Julian Javier;3;Sid Fernandez;0,9184
Julian Javier;4;Bret Saberhagen;0,918
Julian Javier;5;Lou Bierbauer;0,9156
Julian Tavarez;1;Dick Fowler;0,9143
Julian Tavarez;2;Mike Fischlin;0,9065
Julian Tavarez;3;Billy Sample;0,8902
Julian Tavarez;4;Fran Healy;0,8723
Julian Tavarez;5;Ed Young;0,8449
Julio Cruz;1;Dave Leiper;0,9033
Julio Cruz;2;Mark Smith;0,8914
Julio Cruz;3;Eddie Fisher;0,8888
Julio Cruz;4;Toussaint Allen;0,8712
Julio Cruz;5;Atley Donald;0,8684
Julio Franco;1;Hank Leiber;0,9107
Julio Franco;2;Dick Dietz;0,8927
Julio Franco;3;Jim Shaw;0,8901
Julio Franco;4;Alex Ochoa;0,8701
Julio Franco;5;Mike Kahoe;0,8673
Julio Gotay;1;Willard Nixon;0,9225
Julio Gotay;2;Aaron Sanchez;0,9217
Julio Gotay;3;Geoff Zahn;0,9209
Julio Gotay;4;Jim Brewer;0,916
Julio Gotay;5;Rafael Devers;0,913
Julio Lugo;1;Jeanmar Gomez;0,905
Julio Lugo;2;Tom Grieve;0,8992
Julio Lugo;3;Bobby Locke;0,8697
Julio Lugo;4;Chris Coghlan;0,8661
Julio Lugo;5;Matías Ríos;0,863
Julio Rojo;1;Jimmy Outlaw;0,9528
Julio Rojo;2;Bobby Crosby;0,8838
Julio Rojo;3;Ben Revere;0,8713
Julio Rojo;4;Jake Stahl;0,8691
Julio Rojo;5;Bobby Darwin;0,8618
Julio Teheran;1;Wally Bunker;0,9365
Julio Teheran;2;Erik Kratz;0,9274
Julio Teheran;3;Al Jackson;0,9244
Julio Teheran;4;Woody Jensen;0,9192
Julio Teheran;5;Eddie Solomon;0,9177
Jumbo Brown;1;Jim O'Toole;0,9447
Jumbo Brown;2;Joe Decker;0,944
Jumbo Brown;3;Trevor Wilson;0,9415
Jumbo Brown;4;Champ Summers;0,9413
Jumbo Brown;5;Wesley Wright;0,9134
Jumbo Elliott;1;Ed Walsh;0,9503
Jumbo Elliott;2;Joe Moeller;0,9355
Jumbo Elliott;3;Anthony Cooper;0,9323
Jumbo Elliott;4;Jimmie Coker;0,9165
Jumbo Elliott;5;Junior Noboa;0,9089
Junichi Tazawa;1;Trevor Cahill;0,9655
Junichi Tazawa;2;Dylan Floro;0,94
Junichi Tazawa;3;Koji Uehara;0,938
Junichi Tazawa;4;Ranger Suarez;0,9125
Junichi Tazawa;5;Phil Regan;0,9019
Junior Noboa;1;Jerry White;0,9826
Junior Noboa;2;Jouett Meekin;0,9796
Junior Noboa;3;Pat Dobson;0,9409
Junior Noboa;4;Carl Willey;0,924
Junior Noboa;5;Brad Peacock;0,9195
Junior Ortiz;1;Win Mercer;0,9487
Junior Ortiz;2;Jeff King;0,9394
Junior Ortiz;3;Monte Pearson;0,9356
Junior Ortiz;4;Script Lee;0,9287
Junior Ortiz;5;Pearl Webster;0,9178
Jurickson Profar;1;Dave Boswell;0,8691
Jurickson Profar;2;Smoky Burgess;0,867
Jurickson Profar;3;Matt Batts;0,8226
Jurickson Profar;4;Ed Spiezio;0,8187
Jurickson Profar;5;David West;0,8168
Justin Duchscherer;1;Buddy Carlyle;1,0
Justin Duchscherer;2;Drew Storen;1,0
Justin Duchscherer;3;Odell Jones;1,0
Justin Duchscherer;4;Rudy Seanez;1,0
Justin Duchscherer;5;Jonathan Loaisiga;1,0
Justin Grimm;1;Bobby Burke;0,9679
Justin Grimm;2;Larry Sherry;0,967
Justin Grimm;3;Lee Lacy;0,9637
Justin Grimm;4;Carl Edwards;0,9632
Justin Grimm;5;Scott Kamieniecki;0,948
Justin Masterson;1;Rabbit Warstler;0,9337
Justin Masterson;2;Mike Phillips;0,9248
Justin Masterson;3;Edgardo Alfonzo;0,9238
Justin Masterson;4;Al Hollingsworth;0,9227
Justin Masterson;5;Manny Mota;0,9196
Justin Morneau;1;Bud Clancy;0,9968
Justin Morneau;2;Joe Collins;0,9897
Justin Morneau;3;Subby Byas;0,9896
Justin Morneau;4;Tom Johnson;0,9885
Justin Morneau;5;Johnny Bassler;0,9871
Justin Ruggiano;1;Marcell Ozuna;0,9434
Justin Ruggiano;2;Joaquin Arias;0,937
Justin Ruggiano;3;Ed Stein;0,9217
Justin Ruggiano;4;Bob Wickman;0,9178
Justin Ruggiano;5;Bill Evans;0,9171
Justin Smoak;1;Joe Torre;0,9277
Justin Smoak;2;Pepper Daniels;0,9163
Justin Smoak;3;Gene Baker;0,8966
Justin Smoak;4;William Binga;0,8907
Justin Smoak;5;Harry Lord;0,8865
Justin Speier;1;Nick Masset;0,981
Justin Speier;2;Matt Strahm;0,9439
Justin Speier;3;Earl Caldwell;0,9375
Justin Speier;4;Mark Johnson;0,93
Justin Speier;5;Steve Ontiveros;0,9268
Justin Turner;1;Dutch Henry;0,9221
Justin Turner;2;Dwight Smith;0,8829
Justin Turner;3;Bob Dernier;0,8642
Justin Turner;4;Danny Taylor;0,8497
Justin Turner;5;Orval Grove;0,8407
Justin Upton;1;Dave Orr;0,9783
Justin Upton;2;Harry Harper;0,9674
Justin Upton;3;Billy Sunday;0,966
Justin Upton;4;Sid Farrar;0,9311
Justin Upton;5;Joey Gallo;0,9231
Justin Verlander;1;Jerry Zimmerman;0,9749
Justin Verlander;2;Johnny Niggeling;0,9442
Justin Verlander;3;Ted Strong;0,9423
Justin Verlander;4;Ben Revere;0,9334
Justin Verlander;5;Felix Heredia;0,9256
Justin Wilson;1;Manny Parra;0,9991
Justin Wilson;2;Jose Veras;0,9945
Justin Wilson;3;Corey Knebel;0,9945
Justin Wilson;4;Harry Eisenstat;0,9928
Justin Wilson;5;Randall Delgado;0,9903
Kaiser Wilhelm;1;Vince Coleman;0,9436
Kaiser Wilhelm;2;Fernando Tatis;0,939
Kaiser Wilhelm;3;Roger Maris;0,9199
Kaiser Wilhelm;4;Charley O'Leary;0,9196
Kaiser Wilhelm;5;John Wetteland;0,9063
Kameron Loe;1;Leon Roberts;0,9788
Kameron Loe;2;Ray Boone;0,9751
Kameron Loe;3;Dennis Springer;0,9708
Kameron Loe;4;Hunter Renfroe;0,9708
Kameron Loe;5;Fatty Briody;0,9707
Karim Garcia;1;Dave McNally;0,9382
Karim Garcia;2;Rajai Davis;0,9283
Karim Garcia;3;Jimmy Ford;0,9017
Karim Garcia;4;George Boehler;0,8798
Karim Garcia;5;Recurvon Terán;0,8768
Karl Drews;1;Byron Browne;0,999
Karl Drews;2;Buck O'Neil;0,9985
Karl Drews;3;George LaChance;0,9974
Karl Drews;4;Dustin Pedroia;0,9963
Karl Drews;5;Johnny Bassler;0,9957
Keith Foulke;1;Doug Strange;0,972
Keith Foulke;2;Rob Brantly;0,93
Keith Foulke;3;Chris Heisey;0,9288
Keith Foulke;4;Billy McKinney;0,9267
Keith Foulke;5;Dave McKay;0,9198
Keith Hernandez;1;Garrett Atkins;0,9866
Keith Hernandez;2;Jimmy Hill;0,98
Keith Hernandez;3;Bud Clancy;0,9749
Keith Hernandez;4;Cal Abrams;0,9744
Keith Hernandez;5;Ownie Carroll;0,9728
Keith Lockhart;1;John Corkhill;0,9473
Keith Lockhart;2;Bill McClellan;0,8709
Keith Lockhart;3;John Coleman;0,8662
Keith Lockhart;4;George Toporcer;0,8482
Keith Lockhart;5;George Gibson;0,8313
Keith Miller;1;Preston Wilson;0,9477
Keith Miller;2;Morrie Martin;0,9352
Keith Miller;3;Greg Walker;0,9337
Keith Miller;4;Brian Hunter;0,929
Keith Miller;5;David Riske;0,9182
Keith Moreland;1;Tom Candiotti;0,9136
Keith Moreland;2;Rich Reese;0,9081
Keith Moreland;3;Jaime Garcia;0,9052
Keith Moreland;4;Danny Taylor;0,8921
Keith Moreland;5;Stan Spence;0,8865
Keith Osik;1;Jake Stahl;0,9682
Keith Osik;2;Charlie Hemphill;0,9624
Keith Osik;3;Ben Revere;0,9423
Keith Osik;4;Chad Wallach;0,9396
Keith Osik;5;Jack O'Connor;0,9344
Kelly Downs;1;Jean Dubuc;0,9843
Kelly Downs;2;Ji-Man Choi;0,9494
Kelly Downs;3;Robin Yount;0,9322
Kelly Downs;4;Turner Barber;0,9281
Kelly Downs;5;Ray Benge;0,9041
Kelly Gruber;1;Howard Ehmke;0,9362
Kelly Gruber;2;Eric Haase;0,924
Kelly Gruber;3;Stan Hack;0,9213
Kelly Gruber;4;John Kerr;0,9154
Kelly Gruber;5;Eddie Moore;0,9147
Kelly Johnson;1;Bill Hutchison;0,8836
Kelly Johnson;2;Eric Anthony;0,8595
Kelly Johnson;3;Burgess Whitehead;0,8563
Kelly Johnson;4;Freddy Galvis;0,8557
Kelly Johnson;5;Vic Harris;0,8519
Kelly Shoppach;1;Lew Richie;0,9508
Kelly Shoppach;2;Patrick Corbin;0,9097
Kelly Shoppach;3;Chili Davis;0,908
Kelly Shoppach;4;Eddie Milner;0,9074
Kelly Shoppach;5;Scott Leius;0,9068
Kelly Stinnett;1;Matt Lindstrom;0,989
Kelly Stinnett;2;Pat Mahomes;0,9256
Kelly Stinnett;3;Dick Culler;0,9222
Kelly Stinnett;4;Raul Casanova;0,9069
Kelly Stinnett;5;Tom Martin;0,9028
Kelvim Escobar;1;Ryan Tepera;0,9384
Kelvim Escobar;2;Dave Bush;0,9295
Kelvim Escobar;3;Ron Schueler;0,9072
Kelvim Escobar;4;Horacio Pina;0,9049
Kelvim Escobar;5;Johnny Grubb;0,8991
Kelvin Herrera;1;Eric Gagne;1,0
Kelvin Herrera;2;Jason Motte;1,0
Kelvin Herrera;3;Tim Mayza;1,0
Kelvin Herrera;4;Rich Garces;1,0
Kelvin Herrera;5;Carlos Reyes;1,0
Ken Berry;1;Brian Matusz;0,9857
Ken Berry;2;Dennis Powell;0,9857
Ken Berry;3;Alan Benes;0,9857
Ken Berry;4;Paul Gibson;0,9857
Ken Berry;5;Earl Battey;0,9813
Ken Boswell;1;Cliff Melton;0,9054
Ken Boswell;2;Al Fitzmorris;0,8608
Ken Boswell;3;Oral Hildebrand;0,8596
Ken Boswell;4;Ward Miller;0,8558
Ken Boswell;5;Ray Jablonski;0,8401
Ken Boyer;1;Jeanmar Gomez;0,9308
Ken Boyer;2;Chris Coghlan;0,9206
Ken Boyer;3;Ripper Collins;0,9175
Ken Boyer;4;Joey Wendle;0,9157
Ken Boyer;5;Tom Grieve;0,9102
Ken Brett;1;Tim Corcoran;0,9685
Ken Brett;2;Shawn Chacon;0,9122
Ken Brett;3;Herman Bell;0,9032
Ken Brett;4;Dick Egan;0,8765
Ken Brett;5;Ed Farmer;0,8732
Ken Caminiti;1;John Coleman;0,8584
Ken Caminiti;2;Felipe Sierra;0,8484
Ken Caminiti;3;Buddy Burbage;0,8424
Ken Caminiti;4;George Toporcer;0,8404
Ken Caminiti;5;Allen Watson;0,8226
Ken Dayley;1;Jeffrey Springs;1,0
Ken Dayley;2;Tom Gorman;0,9976
Ken Dayley;3;David Huff;0,9922
Ken Dayley;4;Chuck Hiller;0,9839
Ken Dayley;5;Luis Quinones;0,9813
Ken Forsch;1;Pedro Severino;0,9017
Ken Forsch;2;Arnold Statz;0,878
Ken Forsch;3;Billy Bryan;0,8632
Ken Forsch;4;Charlie Reilly;0,8533
Ken Forsch;5;Dave Boswell;0,8496
Ken Griffey;1;Roy K. Williams;0,9224
Ken Griffey;2;Carlos Villanueva;0,8805
Ken Griffey;3;Seth Lugo;0,8774
Ken Griffey;4;Antonio Senzatela;0,8663
Ken Griffey;5;Esteban Yan;0,8598
Ken Harrelson;1;Greg Walker;0,929
Ken Harrelson;2;Earl Wilson;0,9242
Ken Harrelson;3;Joe Koppe;0,9077
Ken Harrelson;4;Dave Concepcion;0,9054
Ken Harrelson;5;Tom Brewer;0,8972
Ken Heintzelman;1;Mike Easler;0,9955
Ken Heintzelman;2;Ryan Weber;0,994
Ken Heintzelman;3;Will Cunnane;0,994
Ken Heintzelman;4;Jeremy Accardo;0,994
Ken Heintzelman;5;Pat Clements;0,994
Ken Henderson;1;Bill Lamar;0,951
Ken Henderson;2;Albert Belle;0,9362
Ken Henderson;3;Huston Street;0,9027
Ken Henderson;4;Jerry Reed;0,9026
Ken Henderson;5;George Crowe;0,8973
Ken Hill;1;Ron Schueler;0,9631
Ken Hill;2;Frank Francisco;0,9444
Ken Hill;3;Carl Furillo;0,9137
Ken Hill;4;Joaquin Benoit;0,9038
Ken Hill;5;Mike Garcia;0,9013
Ken Holloway;1;Robb Nen;0,9195
Ken Holloway;2;Bobby Adams;0,8849
Ken Holloway;3;Terry Shumpert;0,876
Ken Holloway;4;Matt Albers;0,8745
Ken Holloway;5;Carl Crawford;0,873
Ken Holtzman;1;Mike Young;0,9394
Ken Holtzman;2;Duane Pillette;0,9235
Ken Holtzman;3;John Maine;0,919
Ken Holtzman;4;Nick Martinez;0,9176
Ken Holtzman;5;Jim O'Toole;0,9151
Ken Johnson;1;Danny Espinosa;0,9472
Ken Johnson;2;Ward Miller;0,8968
Ken Johnson;3;Mat Latos;0,8777
Ken Johnson;4;Doug Sisk;0,8751
Ken Johnson;5;Jeremy Bonderman;0,8745
Ken Keltner;1;Butch Hobson;0,919
Ken Keltner;2;Daniel Descalso;0,8948
Ken Keltner;3;Kyle Farmer;0,883
Ken Keltner;4;Steve Dillard;0,8632
Ken Keltner;5;Bill Hutchison;0,8518
Ken Kravec;1;Vern Ruhle;0,9624
Ken Kravec;2;Ray Hayworth;0,9532
Ken Kravec;3;Del Unser;0,9521
Ken Kravec;4;Gene Packard;0,9459
Ken Kravec;5;Pete Ward;0,9285
Ken Landreaux;1;R. J. Reynolds;0,9528
Ken Landreaux;2;Levi Meyerle;0,9184
Ken Landreaux;3;Taylor Rogers;0,8821
Ken Landreaux;4;William Parks;0,8792
Ken Landreaux;5;George Zuverink;0,8706
Ken McMullen;1;Frank Malzone;0,925
Ken McMullen;2;Billy Sample;0,921
Ken McMullen;3;Nick Martinez;0,9164
Ken McMullen;4;Mike Fischlin;0,9084
Ken McMullen;5;Raimel Tapia;0,904
Ken O'Dea;1;Lee Handley;0,9393
Ken O'Dea;2;Buck Farmer;0,9237
Ken O'Dea;3;Mark Williamson;0,9052
Ken O'Dea;4;Cy Seymour;0,8974
Ken O'Dea;5;Willie Cornelius;0,896
Ken Oberkfell;1;Lee Grissom;0,9207
Ken Oberkfell;2;Ramiro Ramírez;0,8878
Ken Oberkfell;3;Bob McGraw;0,8743
Ken Oberkfell;4;Jerry Johnson;0,8472
Ken Oberkfell;5;Tim Hendryx;0,8462
Ken Phelps;1;Ranger Suarez;0,9829
Ken Phelps;2;Edgar Gonzalez;0,9484
Ken Phelps;3;David Huff;0,9441
Ken Phelps;4;Franklin Morales;0,9401
Ken Phelps;5;Brian Wilson;0,9359
Ken Raffensberger;1;Bob Priddy;0,9933
Ken Raffensberger;2;Freddy Sanchez;0,9537
Ken Raffensberger;3;Michael Wuertz;0,9465
Ken Raffensberger;4;Cliff Carter;0,9351
Ken Raffensberger;5;Tom Ferrick;0,9323
Ken Reitz;1;Eric Munson;0,9531
Ken Reitz;2;Balor Moore;0,9524
Ken Reitz;3;Herb Score;0,8884
Ken Reitz;4;Lloyd Davenport;0,8794
Ken Reitz;5;Johnny Callison;0,8726
Ken Rudolph;1;Johnny Estrada;0,9079
Ken Rudolph;2;Pete Orr;0,9008
Ken Rudolph;3;Jim Presley;0,8928
Ken Rudolph;4;Mel Queen;0,8848
Ken Rudolph;5;Cecil Upshaw;0,8705
Ken Ryan;1;Daisuke Matsuzaka;0,9995
Ken Ryan;2;Gregg Olson;0,9954
Ken Ryan;3;Anthony DeSclafani;0,9947
Ken Ryan;4;Gerald Perry;0,9809
Ken Ryan;5;Hyun Jin Ryu;0,9738
Ken Sanders;1;Hardy Richardson;0,9549
Ken Sanders;2;Andy Coakley;0,9376
Ken Sanders;3;Pepper Daniels;0,9345
Ken Sanders;4;Doc Bushong;0,9308
Ken Sanders;5;Adam Jones;0,9297
Ken Silvestri;1;Taylor Rogers;0,9999
Ken Silvestri;2;Kevin Young;0,9914
Ken Silvestri;3;Harry Rice;0,9854
Ken Silvestri;4;Xavier Hernandez;0,9827
Ken Silvestri;5;Carl Everett;0,9825
Ken Singleton;1;Paul Dean;0,963
Ken Singleton;2;Parnell Woods;0,912
Ken Singleton;3;Barney Morris;0,9063
Ken Singleton;4;Michael Fulmer;0,8725
Ken Singleton;5;Mike Mohler;0,8626
Ken Williams;1;Carlos Reyes;0,9902
Ken Williams;2;Tim Mayza;0,9902
Ken Williams;3;Noe Ramirez;0,9818
Ken Williams;4;Adrian Houser;0,9808
Ken Williams;5;Jack Bentley;0,9617
Kendall Graveman;1;Luis Severino;0,9714
Kendall Graveman;2;Al Downing;0,9583
Kendall Graveman;3;Dallas Green;0,9483
Kendall Graveman;4;Pete Mikkelsen;0,9282
Kendall Graveman;5;Brad Havens;0,9273
Kendrys Morales;1;Mike Squires;0,9261
Kendrys Morales;2;Rollie Zeider;0,9055
Kendrys Morales;3;Chris Bando;0,9034
Kendrys Morales;4;Chris Denorfia;0,9004
Kendrys Morales;5;Gordy Coleman;0,8949
Kenley Jansen;1;Don Demeter;0,9337
Kenley Jansen;2;Preacher Henry;0,921
Kenley Jansen;3;Bill Bayne;0,9157
Kenley Jansen;4;Jack Warhop;0,9059
Kenley Jansen;5;Ron Taylor;0,9045
Kenny Lofton;1;Richie Hebner;0,7988
Kenny Lofton;2;Omar Vizquel;0,7973
Kenny Lofton;3;Bobby Del Greco;0,7966
Kenny Lofton;4;Graeme Lloyd;0,7952
Kenny Lofton;5;Willie Greene;0,795
Kenny Rogers;1;Kent Hrbek;0,9221
Kenny Rogers;2;Leron Lee;0,9075
Kenny Rogers;3;Jim McCormick;0,889
Kenny Rogers;4;Framber Valdez;0,8769
Kenny Rogers;5;Gene Clines;0,8764
Kent Bottenfield;1;Babe Dahlgren;0,9925
Kent Bottenfield;2;Jason Smith;0,9872
Kent Bottenfield;3;Felix Evans;0,9814
Kent Bottenfield;4;Carlos Reyes;0,9793
Kent Bottenfield;5;Tim Mayza;0,9793
Kent Hrbek;1;Kenny Rogers;0,9221
Kent Hrbek;2;Gene Clines;0,9116
Kent Hrbek;3;Hank Leiber;0,8914
Kent Hrbek;4;Jim Shaw;0,8642
Kent Hrbek;5;Jody Reed;0,8566
Kent Mercker;1;Ted Alexander;0,9683
Kent Mercker;2;Nate Jones;0,911
Kent Mercker;3;Rowdy Tellez;0,9062
Kent Mercker;4;Ken Silvestri;0,9048
Kent Mercker;5;Paul Abbott;0,8923
Kent Tekulve;1;Chris Donnels;0,9423
Kent Tekulve;2;Tim Redding;0,9231
Kent Tekulve;3;Al Demaree;0,9219
Kent Tekulve;4;Tyler Kinley;0,8935
Kent Tekulve;5;Guy Hecker;0,889
Kenta Maeda;1;Trevor Richards;0,9519
Kenta Maeda;2;John Grabow;0,9437
Kenta Maeda;3;Chris Turner;0,9168
Kenta Maeda;4;Luis Rivas;0,9136
Kenta Maeda;5;Billy Hoeft;0,913
Kerry Ligtenberg;1;Toby Borland;0,9711
Kerry Ligtenberg;2;Troy Percival;0,9618
Kerry Ligtenberg;3;Hyun Jin Ryu;0,9617
Kerry Ligtenberg;4;Mahlon Duckett;0,961
Kerry Ligtenberg;5;Brett Myers;0,9593
Kerry Wood;1;Charlie Spikes;0,9702
Kerry Wood;2;Jonathan Sanchez;0,9606
Kerry Wood;3;Casey Patten;0,9574
Kerry Wood;4;Carl Willey;0,9569
Kerry Wood;5;Scott Service;0,9544
Ketel Marte;1;Tom Glavine;0,9446
Ketel Marte;2;Logan Morrison;0,9375
Ketel Marte;3;Mel Harder;0,9339
Ketel Marte;4;Chris Heisey;0,9242
Ketel Marte;5;George Stovall;0,9179
Kevin Appier;1;Chris Johnson;0,9608
Kevin Appier;2;Carmelo Martinez;0,9469
Kevin Appier;3;Sam Zoldak;0,9371
Kevin Appier;4;Warren Cromartie;0,935
Kevin Appier;5;Damian Miller;0,921
Kevin Bass;1;Dave McKay;0,979
Kevin Bass;2;Dick Johnston;0,9711
Kevin Bass;3;Sid Farrar;0,9437
Kevin Bass;4;Juan Beniquez;0,9429
Kevin Bass;5;George Hemming;0,9323
Kevin Brown;1;Ping Gardner;0,9023
Kevin Brown;2;Fran Healy;0,8941
Kevin Brown;3;Chico Fernandez;0,8717
Kevin Brown;4;Lance Cormier;0,8709
Kevin Brown;5;Saul Rogovin;0,8672
Kevin Cash;1;Fred Frankhouse;0,9791
Kevin Cash;2;Daryl Boston;0,9629
Kevin Cash;3;Erskine Mayer;0,9579
Kevin Cash;4;Hunter Renfroe;0,9549
Kevin Cash;5;Grant Johnson;0,9546
Kevin Correia;1;Jorge Lopez;0,9663
Kevin Correia;2;Carmen Hill;0,9663
Kevin Correia;3;Dan Straily;0,9662
Kevin Correia;4;Virgil Barnes;0,9102
Kevin Correia;5;Jonathan Sanchez;0,9078
Kevin Elster;1;Donnie Sadler;0,9866
Kevin Elster;2;Carl Sawatski;0,9442
Kevin Elster;3;Bob Bruce;0,9406
Kevin Elster;4;Ducky Holmes;0,9222
Kevin Elster;5;Jacob Cruz;0,9124
Kevin Frandsen;1;Dann Bilardello;0,9563
Kevin Frandsen;2;Gregg Jefferies;0,9504
Kevin Frandsen;3;George Scott;0,9298
Kevin Frandsen;4;Bill Duggleby;0,925
Kevin Frandsen;5;Deacon McGuire;0,9078
Kevin Gausman;1;Jose Guzman;0,998
Kevin Gausman;2;Ryan Goins;0,967
Kevin Gausman;3;Dave Dravecky;0,9412
Kevin Gausman;4;Jimmy Binder;0,9383
Kevin Gausman;5;Carl Edwards;0,9278
Kevin Gregg;1;Sergio Mitre;0,9777
Kevin Gregg;2;Tyler Houston;0,9147
Kevin Gregg;3;Lloyd Brown;0,9103
Kevin Gregg;4;Bill Voss;0,9081
Kevin Gregg;5;Junichi Tazawa;0,9009
Kevin Gross;1;Carl Morton;0,9362
Kevin Gross;2;Tim Keefe;0,9004
Kevin Gross;3;Dick Ellsworth;0,8771
Kevin Gross;4;Larry Twitchell;0,8623
Kevin Gross;5;Maikel Franco;0,8513
Kevin Jarvis;1;Mark Lowe;0,9585
Kevin Jarvis;2;Oscar Judd;0,9473
Kevin Jarvis;3;Johnny Mostil;0,9217
Kevin Jarvis;4;Joe Magrane;0,9086
Kevin Jarvis;5;Tom Martin;0,9002
Kevin Jepsen;1;Mickey Harris;0,9512
Kevin Jepsen;2;Andrew Kittredge;0,9274
Kevin Jepsen;3;Rod Scurry;0,924
Kevin Jepsen;4;Scott Atchison;0,9177
Kevin Jepsen;5;Mike Ryba;0,9129
Kevin Kiermaier;1;Bill Crowley;0,9304
Kevin Kiermaier;2;Al Myers;0,8907
Kevin Kiermaier;3;Art Ditmar;0,8888
Kevin Kiermaier;4;Joe Bowman;0,8871
Kevin Kiermaier;5;R. J. Reynolds;0,865
Kevin McReynolds;1;Carl Edwards;0,9493
Kevin McReynolds;2;Scott Elarton;0,9181
Kevin McReynolds;3;Bobby Parnell;0,917
Kevin McReynolds;4;Guillermo Quiroz;0,9087
Kevin McReynolds;5;Ed Goodson;0,8911
Kevin Millar;1;Tony Scott;0,997
Kevin Millar;2;Wally Roettger;0,996
Kevin Millar;3;Ryan Weber;0,9957
Kevin Millar;4;Will Cunnane;0,9957
Kevin Millar;5;Jeremy Accardo;0,9957
Kevin Millwood;1;Tim Flannery;0,9059
Kevin Millwood;2;Rocky Nelson;0,8862
Kevin Millwood;3;Ryan Brasier;0,8763
Kevin Millwood;4;Mike Kahoe;0,8751
Kevin Millwood;5;Gus Suhr;0,8735
Kevin Mitchell;1;Elrod Hendricks;0,9856
Kevin Mitchell;2;Babe Pinelli;0,9812
Kevin Mitchell;3;Chris Capuano;0,9766
Kevin Mitchell;4;Andre Ethier;0,9757
Kevin Mitchell;5;Ted Sizemore;0,9724
Kevin Newman;1;Pete Hill;0,9204
Kevin Newman;2;Sixto Lezcano;0,9083
Kevin Newman;3;Matt Lawton;0,9073
Kevin Newman;4;Kelly Stinnett;0,8952
Kevin Newman;5;Tommy Clarke;0,8943
Kevin Pillar;1;Zack Littell;0,9721
Kevin Pillar;2;Tyler Houston;0,9098
Kevin Pillar;3;Bill Voss;0,899
Kevin Pillar;4;Bill Lohrman;0,8776
Kevin Pillar;5;Antonio Bastardo;0,8742
Kevin Plawecki;1;Birdie Tebbetts;0,967
Kevin Plawecki;2;Ferdie Schupp;0,9547
Kevin Plawecki;3;Mike Fischlin;0,9528
Kevin Plawecki;4;Billy Shindle;0,9509
Kevin Plawecki;5;Carlos Delgado;0,9495
Kevin Ritz;1;Matt Alexander;0,9972
Kevin Ritz;2;Ugueth Urbina;0,9944
Kevin Ritz;3;Archie Bradley;0,9922
Kevin Ritz;4;Joaquin Benoit;0,9719
Kevin Ritz;5;Jake Stephens;0,9648
Kevin Seitzer;1;Jim McCormick;0,9121
Kevin Seitzer;2;Ron Pruitt;0,8903
Kevin Seitzer;3;Conor Gillaspie;0,8676
Kevin Seitzer;4;Kenny Rogers;0,8642
Kevin Seitzer;5;Jack Fournier;0,8598
Kevin Stocker;1;Billy Hitchcock;0,913
Kevin Stocker;2;Jose Pagan;0,8964
Kevin Stocker;3;Zack Britton;0,8962
Kevin Stocker;4;Ian Kinsler;0,8876
Kevin Stocker;5;Gary Varsho;0,8856
Kevin Tapani;1;Jolbert Cabrera;0,8784
Kevin Tapani;2;Chris Jones;0,875
Kevin Tapani;3;Jason Johnson;0,8605
Kevin Tapani;4;Shawn Chacon;0,8598
Kevin Tapani;5;Michael Jackson;0,831
Kevin Youkilis;1;Oscar Judd;0,9373
Kevin Youkilis;2;Bobby Darwin;0,9361
Kevin Youkilis;3;Benny Frey;0,9338
Kevin Youkilis;4;Reid Nichols;0,8944
Kevin Youkilis;5;Tommy Harper;0,884
Kevin Young;1;Xavier Hernandez;0,9953
Kevin Young;2;Ken Silvestri;0,9914
Kevin Young;3;Bones Ely;0,9777
Kevin Young;4;Chris Carpenter;0,9751
Kevin Young;5;Jim Rice;0,9746
Khris Davis;1;Ryan Webb;0,9472
Khris Davis;2;Davy Force;0,9459
Khris Davis;3;Bob Ferguson;0,9351
Khris Davis;4;Gus Bell;0,9246
Khris Davis;5;Scott Williamson;0,9246
Kid Carsey;1;Old Hoss Radbourn;0,8771
Kid Carsey;2;Denis Menke;0,8666
Kid Carsey;3;Lance Cormier;0,8611
Kid Carsey;4;Ronny Cedeno;0,8217
Kid Carsey;5;Duke Cleveland;0,8074
Kid Elberfeld;1;Nippy Jones;0,9878
Kid Elberfeld;2;Eddie Pellagrini;0,9849
Kid Elberfeld;3;Tyler Glasnow;0,9821
Kid Elberfeld;4;Brad Wilkerson;0,9776
Kid Elberfeld;5;Jack Hiatt;0,9712
Kid Gleason;1;Dansby Swanson;0,9438
Kid Gleason;2;Rhys Hoskins;0,924
Kid Gleason;3;Sonny Jackson;0,922
Kid Gleason;4;Hank Edwards;0,9063
Kid Gleason;5;Yuli Gurriel;0,8996
Kid Nichols;1;Steven Souza;0,95
Kid Nichols;2;Brian Tallet;0,9432
Kid Nichols;3;Travis Fryman;0,9368
Kid Nichols;4;Emmet Heidrick;0,935
Kid Nichols;5;Joe Lis;0,928
Kiki Cuyler;1;Chris Johnson;0,9412
Kiki Cuyler;2;Dave Valle;0,9267
Kiki Cuyler;3;Earl Williams;0,9242
Kiki Cuyler;4;Derek Dietrich;0,9143
Kiki Cuyler;5;Buddy Myer;0,9134
Kiko Garcia;1;Steve Nicosia;0,9341
Kiko Garcia;2;Rey Sanchez;0,8964
Kiko Garcia;3;Heinie Mueller;0,8938
Kiko Garcia;4;Brook Fordyce;0,8771
Kiko Garcia;5;Jack Hannahan;0,8678
King Kelly;1;Alex Ferguson;0,8837
King Kelly;2;Vicente Romo;0,8803
King Kelly;3;Ryan Flaherty;0,8661
King Kelly;4;Harry McCurdy;0,8364
King Kelly;5;Bill Phillips;0,8321
Kip Selbach;1;Willie Calhoun;0,9859
Kip Selbach;2;Cesar Hernandez;0,98
Kip Selbach;3;Yonder Alonso;0,975
Kip Selbach;4;Joe Astroth;0,9694
Kip Selbach;5;Roy Lee Jackson;0,9656
Kip Wells;1;Judy Gans;0,9267
Kip Wells;2;Chuck Crim;0,9246
Kip Wells;3;Bobby Veach;0,9159
Kip Wells;4;Al Martin;0,9095
Kip Wells;5;Xavier Nady;0,9066
Kirby Higbe;1;Clyde Shoun;0,9175
Kirby Higbe;2;Taijuan Walker;0,8951
Kirby Higbe;3;Gregg Zaun;0,8813
Kirby Higbe;4;Curtis Henderson;0,8573
Kirby Higbe;5;Vinnie Chulk;0,8506
Kirby Puckett;1;Donnie Murphy;0,9422
Kirby Puckett;2;Bill Yancey;0,8904
Kirby Puckett;3;Hector Cruz;0,8755
Kirby Puckett;4;Ruppert Jones;0,8697
Kirby Puckett;5;Billy Werber;0,866
Kirby Yates;1;Wilmer Difo;0,9581
Kirby Yates;2;John Maine;0,9295
Kirby Yates;3;Mat Latos;0,9268
Kirby Yates;4;Duane Pillette;0,9249
Kirby Yates;5;Jack Russell;0,9181
Kirk Gibson;1;Dwight Smith;0,9013
Kirk Gibson;2;Preacher Henry;0,874
Kirk Gibson;3;Jake Odorizzi;0,8611
Kirk Gibson;4;Jonathon Niese;0,8493
Kirk Gibson;5;Hank Wyse;0,8455
Kirk McCaskill;1;Pinky Whitney;0,8839
Kirk McCaskill;2;Enrique Wilson;0,8644
Kirk McCaskill;3;Mike Norris;0,8618
Kirk McCaskill;4;Doug Allison;0,8542
Kirk McCaskill;5;Bobby Seay;0,8401
Kirk Rueter;1;Harry Lord;0,9038
Kirk Rueter;2;Harry Kincannon;0,8961
Kirk Rueter;3;Sean Marshall;0,8903
Kirk Rueter;4;Damon Buford;0,8816
Kirk Rueter;5;Jake Diekman;0,8741
Kirt Manwaring;1;Tyler Glasnow;0,9892
Kirt Manwaring;2;John Grim;0,9861
Kirt Manwaring;3;Joe Collins;0,9844
Kirt Manwaring;4;Tom Johnson;0,982
Kirt Manwaring;5;Kyle Tucker;0,9813
Kitty Bransfield;1;Jeremy Accardo;0,9939
Kitty Bransfield;2;Ryan Weber;0,9939
Kitty Bransfield;3;Will Cunnane;0,9939
Kitty Bransfield;4;Pat Clements;0,9939
Kitty Bransfield;5;Wally Roettger;0,993
Klondike Douglass;1;Donne Wall;0,9871
Klondike Douglass;2;Dick Allen;0,9466
Klondike Douglass;3;Denny McLain;0,9451
Klondike Douglass;4;David Phelps;0,9442
Klondike Douglass;5;Bill Skowron;0,9435
Knucks James;1;Travis Wood;0,951
Knucks James;2;Nate Robertson;0,9327
Knucks James;3;Luke Hamlin;0,9272
Knucks James;4;Jason Bartlett;0,9251
Knucks James;5;Johnny Pugh;0,9244
Koji Uehara;1;Dylan Floro;0,9982
Koji Uehara;2;Nick Vincent;0,9676
Koji Uehara;3;Gary Lucas;0,9468
Koji Uehara;4;Tommy Gregg;0,9393
Koji Uehara;5;Junichi Tazawa;0,938
Kole Calhoun;1;Luke Walker;0,9497
Kole Calhoun;2;Ernie Krueger;0,9361
Kole Calhoun;3;Frank House;0,9361
Kole Calhoun;4;Ryan Roberts;0,9358
Kole Calhoun;5;Dave Wickersham;0,9311
Kolten Wong;1;Win Mercer;0,9495
Kolten Wong;2;Derrek Lee;0,921
Kolten Wong;3;Gary Pettis;0,905
Kolten Wong;4;Pat Ragan;0,8962
Kolten Wong;5;Joe Birmingham;0,8942
Koyie Hill;1;Bruce Sutter;0,9
Koyie Hill;2;Mark Clear;0,8959
Koyie Hill;3;Brian Bruney;0,876
Koyie Hill;4;Jeff Reed;0,8753
Koyie Hill;5;Mickey Vernon;0,8685
Kris Benson;1;Bill McClellan;0,9429
Kris Benson;2;Fred Dunlap;0,9323
Kris Benson;3;John Parrish;0,9321
Kris Benson;4;Jim Bottomley;0,9302
Kris Benson;5;Thomas Burns;0,9135
Kris Bryant;1;Steve Braun;0,9157
Kris Bryant;2;Vic Saier;0,8983
Kris Bryant;3;Dick Whitworth;0,8855
Kris Bryant;4;Dave Goltz;0,8651
Kris Bryant;5;Ferris Fain;0,8641
Kurt Abbott;1;Thad Christopher;0,9664
Kurt Abbott;2;Country Brown;0,9379
Kurt Abbott;3;Willard Marshall;0,9324
Kurt Abbott;4;Mike Cubbage;0,9093
Kurt Abbott;5;Steve Braun;0,8987
Kurt Bevacqua;1;Clyde Kluttz;0,8849
Kurt Bevacqua;2;Gene Richards;0,8618
Kurt Bevacqua;3;Nick Strincevich;0,8612
Kurt Bevacqua;4;Vean Gregg;0,8534
Kurt Bevacqua;5;Al Holland;0,8509
Kurt Stillwell;1;Joe Beimel;0,9056
Kurt Stillwell;2;Bobby Tolan;0,8893
Kurt Stillwell;3;Garland Braxton;0,8868
Kurt Stillwell;4;Old Hoss Radbourn;0,8554
Kurt Stillwell;5;Paul DeJong;0,8492
Kurt Suzuki;1;Fred Carroll;0,9338
Kurt Suzuki;2;Luis Urias;0,9148
Kurt Suzuki;3;Bobby Burke;0,8956
Kurt Suzuki;4;Justin Grimm;0,8955
Kurt Suzuki;5;Ruben Jones;0,8941
Kyle Davies;1;Howie Fox;0,949
Kyle Davies;2;Joe Gibbon;0,9201
Kyle Davies;3;Garrett Jones;0,8961
Kyle Davies;4;Wilson Redus;0,8786
Kyle Davies;5;Gene Freese;0,8785
Kyle Farmer;1;Miguel Olivo;0,9407
Kyle Farmer;2;Butch Hobson;0,9333
Kyle Farmer;3;Jim Shaw;0,9254
Kyle Farmer;4;Sammy White;0,9193
Kyle Farmer;5;Alan Bannister;0,9093
Kyle Farnsworth;1;George Hemming;0,888
Kyle Farnsworth;2;Dave McKay;0,888
Kyle Farnsworth;3;Frank Scheibeck;0,8876
Kyle Farnsworth;4;Mike Menosky;0,8761
Kyle Farnsworth;5;Paul Zuvella;0,8751
Kyle Freeland;1;Terry Harmon;0,9432
Kyle Freeland;2;Newt Joseph;0,9047
Kyle Freeland;3;Eddie Murray;0,9021
Kyle Freeland;4;Pepe Frias;0,8894
Kyle Freeland;5;Ted Lepcio;0,885
Kyle Gibson;1;Mark Johnson;0,9707
Kyle Gibson;2;Brian Dorsett;0,9565
Kyle Gibson;3;Jerry Walker;0,9565
Kyle Gibson;4;Aaron Fultz;0,9565
Kyle Gibson;5;Trevor Rosenthal;0,9516
Kyle Hendricks;1;Xavier Cedeno;0,9803
Kyle Hendricks;2;Jimmie Schaffer;0,9664
Kyle Hendricks;3;Anthony Telford;0,9581
Kyle Hendricks;4;Jackie Collum;0,9571
Kyle Hendricks;5;Eric Rasmussen;0,9289
Kyle Higashioka;1;Candy Maldonado;0,9158
Kyle Higashioka;2;Pat Patterson;0,9004
Kyle Higashioka;3;Adam Lind;0,8916
Kyle Higashioka;4;Gene Benson;0,8869
Kyle Higashioka;5;Chubby Dean;0,8802
Kyle Kendrick;1;Noe Ramirez;0,9703
Kyle Kendrick;2;Freddy Peralta;0,97
Kyle Kendrick;3;Chris Herrmann;0,9601
Kyle Kendrick;4;Johnny Groth;0,9557
Kyle Kendrick;5;Rex Hudler;0,9555
Kyle Lohse;1;Floyd Robinson;0,9445
Kyle Lohse;2;Sandy Alcantara;0,9381
Kyle Lohse;3;Willy Adames;0,9163
Kyle Lohse;4;Socks Seybold;0,8948
Kyle Lohse;5;Max Fried;0,8934
Kyle Schwarber;1;Jerry Dipoto;0,9348
Kyle Schwarber;2;Bryan Clark;0,8979
Kyle Schwarber;3;Tom Hall;0,8746
Kyle Schwarber;4;Al Lakeman;0,8564
Kyle Schwarber;5;Bill Swift;0,8509
Kyle Seager;1;Andres Blanco;0,8955
Kyle Seager;2;Mike Dorgan;0,8687
Kyle Seager;3;Jesse Bragg;0,8658
Kyle Seager;4;Gus Triandos;0,8578
Kyle Seager;5;Wayne Granger;0,8445
Kyle Tucker;1;Paul Lindblad;0,9898
Kyle Tucker;2;Lee May;0,9895
Kyle Tucker;3;Tom Johnson;0,9894
Kyle Tucker;4;Willie Wilson;0,9888
Kyle Tucker;5;Tommie Reynolds;0,9887
LaTroy Hawkins;1;Ross Ohlendorf;0,9722
LaTroy Hawkins;2;Jack Warhop;0,9384
LaTroy Hawkins;3;Mike Lincoln;0,9377
LaTroy Hawkins;4;Orlando Mercado;0,9272
LaTroy Hawkins;5;Seth Lugo;0,9241
Lamar Johnson;1;Matt Franco;0,9816
Lamar Johnson;2;Rudy York;0,9647
Lamar Johnson;3;Nick Altrock;0,9609
Lamar Johnson;4;Tony Muser;0,9608
Lamar Johnson;5;Luis Rivera;0,9601
Lance Berkman;1;George Decker;0,9642
Lance Berkman;2;Johnny Burnett;0,9556
Lance Berkman;3;Jiggs Donahue;0,9472
Lance Berkman;4;Joe Lis;0,944
Lance Berkman;5;Norm Siebern;0,9435
Lance Cormier;1;Duke Cleveland;0,9637
Lance Cormier;2;Ping Gardner;0,9611
Lance Cormier;3;Ryne Duren;0,9605
Lance Cormier;4;Saul Rogovin;0,9555
Lance Cormier;5;Tomo Ohka;0,9469
Lance Johnson;1;Tim Donahue;0,9632
Lance Johnson;2;Eddie Pellagrini;0,959
Lance Johnson;3;Babe Pinelli;0,9586
Lance Johnson;4;Ray Morgan;0,9532
Lance Johnson;5;Jack Hiatt;0,9427
Lance Lynn;1;Wally Bunker;0,9325
Lance Lynn;2;Ron Roenicke;0,9316
Lance Lynn;3;Woody Jensen;0,917
Lance Lynn;4;Harry Perkowski;0,9035
Lance Lynn;5;Gary Woods;0,895
Lance McCullers;1;Tex Burnett;0,9239
Lance McCullers;2;Paul Radford;0,9179
Lance McCullers;3;Pete Mackanin;0,9177
Lance McCullers;4;Sonny Siebert;0,91
Lance McCullers;5;Bill Knickerbocker;0,9037
Lance Painter;1;Jesse Chavez;0,9998
Lance Painter;2;Frankie Montas;0,9883
Lance Painter;3;Doug Rau;0,9713
Lance Painter;4;Anthony Swarzak;0,9689
Lance Painter;5;Rudy Seanez;0,9689
Lance Parrish;1;Felipe Alou;0,9363
Lance Parrish;2;Bill Drake;0,885
Lance Parrish;3;Brandon Phillips;0,8743
Lance Parrish;4;Goose Curry;0,8725
Lance Parrish;5;Toby Hall;0,8698
Lance Richbourg;1;Willis Hudlin;0,9663
Lance Richbourg;2;Joe Orsulak;0,9574
Lance Richbourg;3;Dan Kennard;0,9418
Lance Richbourg;4;Big Bill Smith;0,9392
Lance Richbourg;5;Steve Jeltz;0,9369
Larry Andersen;1;Ed Heusser;0,9335
Larry Andersen;2;Walker Buehler;0,916
Larry Andersen;3;Steve Frey;0,9045
Larry Andersen;4;John Maine;0,9015
Larry Andersen;5;D'Angelo Jimenez;0,8984
Larry Benton;1;Sandy Alcantara;0,9055
Larry Benton;2;Jerry Dipoto;0,8939
Larry Benton;3;Bob Caruthers;0,8863
Larry Benton;4;Rich DeLucia;0,8787
Larry Benton;5;Joe Lahoud;0,8745
Larry Biittner;1;Mike Harkey;0,9565
Larry Biittner;2;Chris Carter;0,9559
Larry Biittner;3;Fatty Briody;0,9489
Larry Biittner;4;Kevin Cash;0,9473
Larry Biittner;5;Von Joshua;0,9464
Larry Bowa;1;Donovan Osborne;0,9545
Larry Bowa;2;Jack Harshman;0,9226
Larry Bowa;3;Reynaldo Lopez;0,9185
Larry Bowa;4;Joey Eischen;0,9057
Larry Bowa;5;Scott Bankhead;0,9018
Larry Brown;1;Fred Schulte;0,9686
Larry Brown;2;Alex Arias;0,9644
Larry Brown;3;Manuel Lee;0,9628
Larry Brown;4;Mike Phillips;0,961
Larry Brown;5;Guy Morton;0,96
Larry Casian;1;Brian Dorsett;1,0
Larry Casian;2;Liam Hendriks;1,0
Larry Casian;3;Leniel Hooker;1,0
Larry Casian;4;Sergio Romo;1,0
Larry Casian;5;Jerry Walker;1,0
Larry Cheney;1;Darren Daulton;0,9379
Larry Cheney;2;John Mayberry;0,8969
Larry Cheney;3;Elmer Valo;0,8966
Larry Cheney;4;Ellie Rodriguez;0,8956
Larry Cheney;5;Mike Cameron;0,8864
Larry Christenson;1;Doc Scanlan;0,9457
Larry Christenson;2;Myles Straw;0,8758
Larry Christenson;3;Brandon Lowe;0,871
Larry Christenson;4;John Donaldson;0,8705
Larry Christenson;5;Jo-Jo Moore;0,8697
Larry Corcoran;1;Lenny Harris;0,9517
Larry Corcoran;2;Ryan Goins;0,9496
Larry Corcoran;3;Bill Hall;0,9447
Larry Corcoran;4;Pedro Alvarez;0,9438
Larry Corcoran;5;Dave Dravecky;0,9413
Larry Cox;1;Sal Yvars;0,9236
Larry Cox;2;John Menefee;0,8976
Larry Cox;3;Mark Koenig;0,8869
Larry Cox;4;Tom House;0,8815
Larry Cox;5;Jason Bere;0,8751
Larry Dierker;1;Johnny Bassler;0,9953
Larry Dierker;2;Wally Roettger;0,9944
Larry Dierker;3;Byron Browne;0,9942
Larry Dierker;4;Vern Stephens;0,9941
Larry Dierker;5;Ryan Weber;0,9939
Larry Doby;1;Donn Pall;0,9454
Larry Doby;2;Raimel Tapia;0,9379
Larry Doby;3;Billy Shindle;0,9244
Larry Doby;4;Brendan Donnelly;0,8988
Larry Doby;5;Jeff Manto;0,8638
Larry Doyle;1;Bill Carrigan;0,939
Larry Doyle;2;Jody Davis;0,9352
Larry Doyle;3;Doug Glanville;0,9222
Larry Doyle;4;John Reilly;0,9198
Larry Doyle;5;Sam Dente;0,9175
Larry French;1;Henry Rodriguez;0,9506
Larry French;2;Drew Storen;0,9377
Larry French;3;Aaron Small;0,9377
Larry French;4;Justin Duchscherer;0,9377
Larry French;5;Jonathan Loaisiga;0,9377
Larry Gardner;1;Nippy Jones;0,9926
Larry Gardner;2;Tommie Reynolds;0,9915
Larry Gardner;3;Tyler Glasnow;0,9864
Larry Gardner;4;Yonder Alonso;0,9854
Larry Gardner;5;Alfonso Soriano;0,9843
Larry Gura;1;Jerry Walker;0,9748
Larry Gura;2;Brian Dorsett;0,9748
Larry Gura;3;Aaron Fultz;0,9748
Larry Gura;4;Luis Rivas;0,9718
Larry Gura;5;Tex Hughson;0,9413
Larry Haney;1;Cesar Ramos;0,9943
Larry Haney;2;John Brebbia;0,9943
Larry Haney;3;Chris Hatcher;0,9943
Larry Haney;4;Hoby Milner;0,9943
Larry Haney;5;Dan Otero;0,9943
Larry Herndon;1;Dave Robertson;0,9124
Larry Herndon;2;Ellie Rodriguez;0,8947
Larry Herndon;3;John Jaha;0,8921
Larry Herndon;4;Mike Andrews;0,8661
Larry Herndon;5;Pedro Severino;0,8653
Larry Hisle;1;Irish Meusel;0,9327
Larry Hisle;2;Butch Hobson;0,9097
Larry Hisle;3;Rich Dauer;0,9062
Larry Hisle;4;Lou Louden;0,8732
Larry Hisle;5;Kyle Farmer;0,8664
Larry Jackson;1;Robert Andino;0,9028
Larry Jackson;2;Bill Carrigan;0,8999
Larry Jackson;3;Rhys Hoskins;0,8909
Larry Jackson;4;Al Myers;0,8656
Larry Jackson;5;Hank Edwards;0,8638
Larry Jansen;1;Dave Rosello;0,9567
Larry Jansen;2;Andy Allanson;0,9516
Larry Jansen;3;Dallas Keuchel;0,9439
Larry Jansen;4;Ed McKean;0,9386
Larry Jansen;5;Paul Quantrill;0,9354
Larry Kopf;1;Byron Buxton;0,9415
Larry Kopf;2;Don Carrithers;0,9414
Larry Kopf;3;Tullie McAdoo;0,929
Larry Kopf;4;Derek Dietrich;0,9211
Larry Kopf;5;Joey Amalfitano;0,9099
Larry McLean;1;Ossee Schrecongost;0,9611
Larry McLean;2;Lamar Johnson;0,9486
Larry McLean;3;Joe Cronin;0,9482
Larry McLean;4;Chris Widger;0,9444
Larry McLean;5;Marco Gonzales;0,9365
Larry McWilliams;1;Jim Brower;0,986
Larry McWilliams;2;Mike Kekich;0,9412
Larry McWilliams;3;Doug Corbett;0,8867
Larry McWilliams;4;Seth Lugo;0,8776
Larry McWilliams;5;Orlando Arcia;0,8748
Larry Milbourne;1;Brickyard Kennedy;0,9467
Larry Milbourne;2;Dave Roberts;0,9419
Larry Milbourne;3;Elon Hogsett;0,9342
Larry Milbourne;4;Mike Phillips;0,9338
Larry Milbourne;5;Fred Hofmann;0,9328
Larry Parrish;1;Toby Hall;0,9377
Larry Parrish;2;Billy Sample;0,9157
Larry Parrish;3;Josh Wilson;0,8855
Larry Parrish;4;Bill Yancey;0,8761
Larry Parrish;5;Fred Snodgrass;0,8752
Larry Rosenthal;1;Toby Harrah;0,9438
Larry Rosenthal;2;Tommy Tucker;0,9392
Larry Rosenthal;3;Alvin Davis;0,9284
Larry Rosenthal;4;Allen Russell;0,9281
Larry Rosenthal;5;Bill Phillips;0,9237
Larry Sherry;1;Justin Grimm;0,967
Larry Sherry;2;Carl Edwards;0,9541
Larry Sherry;3;Terry Whitfield;0,9218
Larry Sherry;4;Mackey Sasser;0,9092
Larry Sherry;5;John Lackey;0,8823
Larry Stahl;1;Rodney Scott;0,9801
Larry Stahl;2;Jarrod Dyson;0,9575
Larry Stahl;3;Henry Merchant;0,954
Larry Stahl;4;Judy Johnson;0,9476
Larry Stahl;5;George Zuverink;0,9456
Larry Twitchell;1;Ray Katt;0,9424
Larry Twitchell;2;George McBride;0,9348
Larry Twitchell;3;Matt Walbeck;0,9315
Larry Twitchell;4;Pinky Higgins;0,9222
Larry Twitchell;5;Carl Morton;0,9043
Larry Walker;1;Mike Clevinger;0,9263
Larry Walker;2;Mike Andrews;0,8516
Larry Walker;3;Cecilio Guante;0,8456
Larry Walker;4;Pete Kozma;0,8429
Larry Walker;5;Tim Redding;0,8323
Larry Woodall;1;Junior Ortiz;0,8943
Larry Woodall;2;Bert Haas;0,8912
Larry Woodall;3;Dick Sisler;0,8908
Larry Woodall;4;Ernie Lombardi;0,8865
Larry Woodall;5;Jeff King;0,8818
Larvell Blanks;1;Lefty Weinert;0,9561
Larvell Blanks;2;Dixie Davis;0,9528
Larvell Blanks;3;Gene Moore;0,9468
Larvell Blanks;4;Charlie Blackmon;0,9367
Larvell Blanks;5;Lenny Webster;0,9144
Lary Sorensen;1;Hawk Taylor;0,9372
Lary Sorensen;2;Phil Maton;0,9351
Lary Sorensen;3;Mike Jeffcoat;0,9311
Lary Sorensen;4;Ross Ohlendorf;0,9289
Lary Sorensen;5;Craig McMurtry;0,9004
Lave Cross;1;Wei-Yin Chen;0,9329
Lave Cross;2;Cliff Politte;0,92
Lave Cross;3;Gordon Jones;0,9195
Lave Cross;4;Cliff Heathcote;0,9137
Lave Cross;5;Bobby Seay;0,8983
Laymon Yokely;1;Josh Thole;0,9639
Laymon Yokely;2;Allen Watson;0,9444
Laymon Yokely;3;Willie Kirkland;0,924
Laymon Yokely;4;Bob Howry;0,9101
Laymon Yokely;5;John Henry Johnson;0,9046
Laynce Nix;1;Sandy Alcantara;0,9634
Laynce Nix;2;Jason Grimsley;0,9502
Laynce Nix;3;Archie Ware;0,9468
Laynce Nix;4;Joe Koppe;0,9389
Laynce Nix;5;Mitch Garver;0,9326
LeRoy Taylor;1;Glenn Wright;0,9225
LeRoy Taylor;2;Bert Blyleven;0,917
LeRoy Taylor;3;Thad Christopher;0,9062
LeRoy Taylor;4;Elmer Singleton;0,9041
LeRoy Taylor;5;Orlando Mercado;0,9034
Lee Grissom;1;Brayan Peña;0,9757
Lee Grissom;2;Jeremy Guthrie;0,9637
Lee Grissom;3;James Shields;0,9563
Lee Grissom;4;Jesse Hubbard;0,9488
Lee Grissom;5;Bob Barton;0,9481
Lee Guetterman;1;Ewell Blackwell;0,9489
Lee Guetterman;2;Jeanmar Gomez;0,9391
Lee Guetterman;3;Felix Jose;0,9343
Lee Guetterman;4;George Culver;0,9341
Lee Guetterman;5;Darryl Hamilton;0,922
Lee Handley;1;Ken O'Dea;0,9393
Lee Handley;2;Michael Cuddyer;0,8933
Lee Handley;3;Buck Farmer;0,8789
Lee Handley;4;Anthony Rizzo;0,8623
Lee Handley;5;Jorge Orta;0,8489
Lee Lacy;1;Justin Grimm;0,9637
Lee Lacy;2;Bobby Burke;0,9098
Lee Lacy;3;Carl Edwards;0,8984
Lee Lacy;4;Ryan Langerhans;0,8818
Lee Lacy;5;Brad Wellman;0,8525
Lee Magee;1;Jim Lyttle;0,9386
Lee Magee;2;Jack Dunn;0,8994
Lee Magee;3;Rollie Fingers;0,8669
Lee Magee;4;Richie Ashburn;0,8547
Lee Magee;5;Jesse Crain;0,8485
Lee May;1;Jackie Hernandez;0,9953
Lee May;2;Kyle Tucker;0,9895
Lee May;3;Byron Browne;0,9863
Lee May;4;Mike Guerra;0,9855
Lee May;5;Tommie Reynolds;0,985
Lee Maye;1;Carmen Hill;0,9254
Lee Maye;2;Scott Service;0,9035
Lee Maye;3;Jim Johnson;0,9011
Lee Maye;4;Jack Knott;0,8864
Lee Maye;5;Charlie Spikes;0,8806
Lee Mazzilli;1;Ramon Vazquez;0,9027
Lee Mazzilli;2;Bob Humphreys;0,8866
Lee Mazzilli;3;Lynn Jones;0,8692
Lee Mazzilli;4;George Boehler;0,8647
Lee Mazzilli;5;Elmer Singleton;0,8453
Lee Meadows;1;Bill Merritt;0,9324
Lee Meadows;2;Red Kleinow;0,8332
Lee Meadows;3;Jack O'Brien;0,7944
Lee Meadows;4;Ed Andrews;0,7942
Lee Meadows;5;Horace Lisenbee;0,788
Lee Smith;1;Tim Mayza;1,0
Lee Smith;2;Carlos Reyes;1,0
Lee Smith;3;Noe Ramirez;0,995
Lee Smith;4;Joe Beggs;0,9608
Lee Smith;5;Robb Quinlan;0,9585
Lee Stange;1;Fernando Valenzuela;0,9453
Lee Stange;2;Daric Barton;0,9409
Lee Stange;3;Bill Fischer;0,9095
Lee Stange;4;Terry Forster;0,8951
Lee Stange;5;Justin Ruggiano;0,8913
Lee Stevens;1;Dick Coffman;0,9072
Lee Stevens;2;Nish Williams;0,9006
Lee Stevens;3;Adeiny Hechavarria;0,9002
Lee Stevens;4;Will Jackson;0,8946
Lee Stevens;5;Mark Littell;0,8825
Lee Tannehill;1;Grant Balfour;0,9766
Lee Tannehill;2;Heath Bell;0,9766
Lee Tannehill;3;Merv Shea;0,9761
Lee Tannehill;4;Tanyon Sturtze;0,9728
Lee Tannehill;5;John Kruk;0,9691
Lee Thomas;1;Andy Van Slyke;0,9651
Lee Thomas;2;Horace Ford;0,9129
Lee Thomas;3;Lloyd Waner;0,8995
Lee Thomas;4;Robert Andino;0,8867
Lee Thomas;5;Jim Busby;0,8718
Lee Wade;1;José Junco;0,9278
Lee Wade;2;Matt Joyce;0,924
Lee Wade;3;Russ Kemmerer;0,9195
Lee Wade;4;Gordon Rhodes;0,9149
Lee Wade;5;George Uhle;0,9008
Lee Walls;1;Hippo Vaughn;0,909
Lee Walls;2;Mike Clevinger;0,8899
Lee Walls;3;Dave Cash;0,8739
Lee Walls;4;Zack Greinke;0,8657
Lee Walls;5;Ed Lynch;0,86
Lefty Calhoun;1;Morrie Martin;0,9439
Lefty Calhoun;2;Mike Stanton;0,9388
Lefty Calhoun;3;Chris Turner;0,9354
Lefty Calhoun;4;Glenn Hoffman;0,9258
Lefty Calhoun;5;Jace Peterson;0,918
Lefty Gomez;1;Tommy Gregg;0,944
Lefty Gomez;2;Gary Lucas;0,9052
Lefty Gomez;3;Shawn Chacon;0,8986
Lefty Gomez;4;Luke Jackson;0,889
Lefty Gomez;5;Bill Nahorodny;0,8749
Lefty Grove;1;John Morris;0,9485
Lefty Grove;2;Clyde Barnhart;0,9431
Lefty Grove;3;Greg Allen;0,9348
Lefty Grove;4;Kent Bottenfield;0,9274
Lefty Grove;5;Jason Smith;0,919
Lefty Leifield;1;Yuniesky Betancourt;0,9546
Lefty Leifield;2;Wade Miller;0,9125
Lefty Leifield;3;Juanelo Mirabal;0,9031
Lefty Leifield;4;Brian Johnson;0,901
Lefty Leifield;5;Max Surkont;0,8885
Lefty O'Doul;1;Ryan Braun;0,9976
Lefty O'Doul;2;Elbie Fletcher;0,9966
Lefty O'Doul;3;Mike Tauchman;0,9965
Lefty O'Doul;4;Denny Galehouse;0,9964
Lefty O'Doul;5;J. C. Martin;0,9962
Lefty Stewart;1;Bill Bonham;0,9612
Lefty Stewart;2;Luis Lopez;0,9449
Lefty Stewart;3;Manny Pina;0,9443
Lefty Stewart;4;Tom Hughes;0,9397
Lefty Stewart;5;Roy Johnson;0,938
Lefty Tyler;1;Gene Packard;0,9647
Lefty Tyler;2;Damian Miller;0,9457
Lefty Tyler;3;Chris Johnson;0,9276
Lefty Tyler;4;Ossee Schrecongost;0,9185
Lefty Tyler;5;Miguel Sano;0,9156
Lefty Weinert;1;Gentry Jessup;0,9828
Lefty Weinert;2;Larvell Blanks;0,9561
Lefty Weinert;3;Ed Sprague;0,95
Lefty Weinert;4;Gene Moore;0,9458
Lefty Weinert;5;Shawn Kelley;0,9443
Len Barker;1;Antonio Bastardo;0,8755
Len Barker;2;Ryan McMahon;0,847
Len Barker;3;Leonys Martin;0,8394
Len Barker;4;Dioner Navarro;0,8262
Len Barker;5;Steven Matz;0,8226
Len Gabrielson;1;Earl Moore;0,965
Len Gabrielson;2;Bartolo Portuondo;0,8919
Len Gabrielson;3;Ricky Jordan;0,8606
Len Gabrielson;4;Harvey Kuenn;0,8563
Len Gabrielson;5;Togie Pittinger;0,8554
Leniel Hooker;1;Brian Dorsett;1,0
Leniel Hooker;2;Larry Casian;1,0
Leniel Hooker;3;Liam Hendriks;1,0
Leniel Hooker;4;Sergio Romo;1,0
Leniel Hooker;5;Damaso Marte;1,0
Lenn Sakata;1;Blix Donnelly;0,922
Lenn Sakata;2;Ed Lynch;0,868
Lenn Sakata;3;Bob Wells;0,8627
Lenn Sakata;4;Corey Kluber;0,853
Lenn Sakata;5;Connie Day;0,8497
Lennie Pearson;1;Dick Tracewski;0,9502
Lennie Pearson;2;Earl Clark;0,9424
Lennie Pearson;3;Charlie Hickman;0,9173
Lennie Pearson;4;Vance Worley;0,9115
Lennie Pearson;5;Dan Jennings;0,8959
Lenny Dykstra;1;John Grabow;0,8873
Lenny Dykstra;2;Ron Roenicke;0,8752
Lenny Dykstra;3;Tyler Mahle;0,8635
Lenny Dykstra;4;Craig Gentry;0,8585
Lenny Dykstra;5;Jerry Johnson;0,8326
Lenny Green;1;Dave Orr;0,9584
Lenny Green;2;Brad Wilkerson;0,954
Lenny Green;3;Oscar Gamble;0,9538
Lenny Green;4;Chad Wallach;0,9482
Lenny Green;5;Willie Calhoun;0,946
Lenny Harris;1;Luke Hochevar;0,9801
Lenny Harris;2;Larry Corcoran;0,9517
Lenny Harris;3;Joe Sambito;0,9393
Lenny Harris;4;Bob Klinger;0,9361
Lenny Harris;5;Rip Collins;0,9255
Lenny Randle;1;Jeff McNeil;0,9654
Lenny Randle;2;Adam Melhuse;0,9579
Lenny Randle;3;Archie Bradley;0,9244
Lenny Randle;4;Matt Alexander;0,9231
Lenny Randle;5;Jason Adam;0,9141
Lenny Webster;1;Dixie Davis;0,9409
Lenny Webster;2;Torey Lovullo;0,9313
Lenny Webster;3;Jose Leclerc;0,9263
Lenny Webster;4;Larvell Blanks;0,9144
Lenny Webster;5;Fred Talbot;0,9076
Leo Cardenas;1;John Vukovich;0,9294
Leo Cardenas;2;Pedro Florimon;0,9285
Leo Cardenas;3;Rich DeLucia;0,8967
Leo Cardenas;4;Mike Harkey;0,8963
Leo Cardenas;5;Derek Lilliquist;0,8895
Leo Durocher;1;Garrett Hampson;0,9487
Leo Durocher;2;Ryan Doumit;0,9384
Leo Durocher;3;Ed Doheny;0,9363
Leo Durocher;4;Roy Smith;0,9361
Leo Durocher;5;Leon Roberts;0,9342
Leon Cadore;1;Rich DeLucia;0,9733
Leon Cadore;2;Mike Harkey;0,9262
Leon Cadore;3;Chris Carter;0,9259
Leon Cadore;4;Kevin Cash;0,9258
Leon Cadore;5;Blainey Hall;0,9174
Leon Day;1;Tim Hendryx;0,9326
Leon Day;2;John Shelby;0,9274
Leon Day;3;Curtis Henderson;0,9218
Leon Day;4;Turk Wendell;0,9085
Leon Day;5;Javier Vazquez;0,893
Leon Durham;1;Adam Melhuse;0,9575
Leon Durham;2;John Parrish;0,9397
Leon Durham;3;Aroldis Chapman;0,9199
Leon Durham;4;Scot Thompson;0,8986
Leon Durham;5;John Henry;0,8983
Leon Roberts;1;Kameron Loe;0,9788
Leon Roberts;2;Garrett Hampson;0,9685
Leon Roberts;3;Hunter Renfroe;0,9605
Leon Roberts;4;Fatty Briody;0,9584
Leon Roberts;5;Gene Robertson;0,9567
Leon Ruffin;1;Balor Moore;0,9645
Leon Ruffin;2;Josh Phelps;0,9544
Leon Ruffin;3;William Webster;0,9543
Leon Ruffin;4;Bud Podbielan;0,946
Leon Ruffin;5;Jamie Easterly;0,9332
Leon Wagner;1;George Hemming;0,9613
Leon Wagner;2;Dave McKay;0,9211
Leon Wagner;3;John Henry Russell;0,907
Leon Wagner;4;Bucky Harris;0,8904
Leon Wagner;5;Cliff Pennington;0,8857
Leonys Martin;1;George Foster;0,9335
Leonys Martin;2;Gavin Floyd;0,9238
Leonys Martin;3;Roy Campanella;0,9187
Leonys Martin;4;Mike Devereaux;0,9072
Leonys Martin;5;Babe Herman;0,8969
Leron Lee;1;Ray Knight;0,976
Leron Lee;2;Wally Schang;0,9586
Leron Lee;3;Bob Friend;0,9425
Leron Lee;4;Bob Ojeda;0,9216
Leron Lee;5;Andy Kosco;0,9188
Leroy Grant;1;Jim Scott;0,9744
Leroy Grant;2;Ivan Murrell;0,9085
Leroy Grant;3;Greg Cadaret;0,907
Leroy Grant;4;Patrick Gillespie;0,9053
Leroy Grant;5;Jacob deGrom;0,8777
Leroy Matlock;1;Johnny Smith;0,8759
Leroy Matlock;2;Russ Kemmerer;0,8638
Leroy Matlock;3;Lee Wade;0,8568
Leroy Matlock;4;Patrick Gillespie;0,852
Leroy Matlock;5;Pedro Feliciano;0,8437
Leroy Morney;1;Mackey Sasser;0,9613
Leroy Morney;2;Bob Klinger;0,9565
Leroy Morney;3;Luis Pujols;0,951
Leroy Morney;4;Terry Whitfield;0,9267
Leroy Morney;5;Wayne Garland;0,9133
Leroy Stanton;1;Chris Hoiles;0,9354
Leroy Stanton;2;Pat Putnam;0,9303
Leroy Stanton;3;Odalis Perez;0,911
Leroy Stanton;4;Allen Sothoron;0,9091
Leroy Stanton;5;Jack Harper;0,9049
Lerrin LaGrow;1;Dana Fillingim;0,9284
Lerrin LaGrow;2;George Suggs;0,9185
Lerrin LaGrow;3;Fred Jacklitsch;0,9125
Lerrin LaGrow;4;Ron Schueler;0,9074
Lerrin LaGrow;5;Guillermo Mota;0,9072
Les Bell;1;Ed Stone;0,9241
Les Bell;2;Don Robinson;0,9212
Les Bell;3;Josh Phegley;0,9182
Les Bell;4;Hector Lopez;0,9121
Les Bell;5;Paul Dean;0,9066
Les Mann;1;Tyler Anderson;0,9609
Les Mann;2;Mark Wagner;0,9317
Les Mann;3;Dom Dallessandro;0,8915
Les Mann;4;Chuck Cottier;0,8844
Les Mann;5;Buster Brown;0,8646
Les Moss;1;Claudio Vargas;0,9648
Les Moss;2;Calvin Schiraldi;0,8687
Les Moss;3;Warren Newson;0,8682
Les Moss;4;John Henry Johnson;0,8546
Les Moss;5;Andy McGaffigan;0,8418
Les Nunamaker;1;Adeiny Hechavarria;0,9518
Les Nunamaker;2;Eric Gunderson;0,9512
Les Nunamaker;3;Fernando Salas;0,9512
Les Nunamaker;4;Will Harris;0,9512
Les Nunamaker;5;Randy St. Claire;0,9512
Lester Lockett;1;Chick Fraser;0,8637
Lester Lockett;2;Tom Brewer;0,8585
Lester Lockett;3;Rowdy Tellez;0,8557
Lester Lockett;4;Mike Lansing;0,855
Lester Lockett;5;Al Milnar;0,8531
Leury Garcia;1;Mark Canha;0,9863
Leury Garcia;2;Jason Smith;0,9686
Leury Garcia;3;Jack Bentley;0,9656
Leury Garcia;4;Greg Allen;0,9618
Leury Garcia;5;Ron Gant;0,9584
Levi Meyerle;1;R. J. Reynolds;0,9766
Levi Meyerle;2;Yandy Diaz;0,967
Levi Meyerle;3;Zack Taylor;0,936
Levi Meyerle;4;John Wyatt;0,9292
Levi Meyerle;5;Reggie Jackson;0,9272
Lew Burdette;1;Ken Hill;0,8764
Lew Burdette;2;Ernie Johnson;0,8749
Lew Burdette;3;Don Baylor;0,8697
Lew Burdette;4;Russ Davis;0,8659
Lew Burdette;5;Brook Jacoby;0,8601
Lew Fonseca;1;Lon Knight;0,9114
Lew Fonseca;2;Buck Crouse;0,9052
Lew Fonseca;3;Jake Early;0,8733
Lew Fonseca;4;Bill Sudakis;0,8619
Lew Fonseca;5;Jake Flowers;0,8512
Lew Krausse;1;Pokey Reese;0,9665
Lew Krausse;2;Taylor Ward;0,9622
Lew Krausse;3;Tom Williams;0,9195
Lew Krausse;4;Paul Zuvella;0,9167
Lew Krausse;5;Jerry Kindall;0,9129
Lew McCarty;1;Gary Bell;0,9797
Lew McCarty;2;Jerry Martin;0,936
Lew McCarty;3;John Jaha;0,9183
Lew McCarty;4;Felix Jose;0,9149
Lew McCarty;5;Orel Hershiser;0,9125
Lew Richie;1;Kelly Shoppach;0,9508
Lew Richie;2;Tony Piet;0,9359
Lew Richie;3;Neil Robinson;0,9309
Lew Richie;4;Spec Shea;0,9202
Lew Richie;5;Tom Browning;0,9104
Lew Riggs;1;Red Ames;0,9172
Lew Riggs;2;Guy Morton;0,8612
Lew Riggs;3;Ted Sizemore;0,8534
Lew Riggs;4;Billy Rogell;0,852
Lew Riggs;5;George Smith;0,8517
Liam Hendriks;1;Leniel Hooker;1,0
Liam Hendriks;2;Larry Casian;1,0
Liam Hendriks;3;Brian Dorsett;1,0
Liam Hendriks;4;Jerry Walker;1,0
Liam Hendriks;5;Aaron Fultz;1,0
Lil Stoner;1;Chet Brewer;0,9267
Lil Stoner;2;Eddie Kasko;0,9145
Lil Stoner;3;Ossie Vitt;0,9143
Lil Stoner;4;Casey Candaele;0,8927
Lil Stoner;5;Jackie Hayes;0,8816
Lindy McDaniel;1;Franklin Gutierrez;0,9407
Lindy McDaniel;2;Matt Capps;0,9178
Lindy McDaniel;3;Brandon Woodruff;0,9075
Lindy McDaniel;4;Johnny Blanchard;0,906
Lindy McDaniel;5;Bert Adams;0,9034
Lip Pike;1;Al McBean;0,923
Lip Pike;2;Alex Presley;0,9155
Lip Pike;3;Jim Lindeman;0,9142
Lip Pike;4;Jeff McNeil;0,9127
Lip Pike;5;Pepe Frias;0,8972
Livan Hernandez;1;Jim Pendleton;0,9352
Livan Hernandez;2;Steve Mingori;0,9219
Livan Hernandez;3;Louis Miller;0,9009
Livan Hernandez;4;Roman Mejias;0,8953
Livan Hernandez;5;Greg Colbrunn;0,8546
Lloyd Brown;1;Tyler Houston;0,9432
Lloyd Brown;2;Zack Littell;0,9138
Lloyd Brown;3;Kevin Gregg;0,9103
Lloyd Brown;4;Ryan McMahon;0,8684
Lloyd Brown;5;Lloyd Moseby;0,8622
Lloyd Davenport;1;Bobby Estalella;0,9212
Lloyd Davenport;2;Rafael Furcal;0,9118
Lloyd Davenport;3;Togie Pittinger;0,9115
Lloyd Davenport;4;Dick Padden;0,9101
Lloyd Davenport;5;Jimmie Wilson;0,9097
Lloyd McClendon;1;Billy Hoeft;0,9481
Lloyd McClendon;2;Bill Lee;0,8483
Lloyd McClendon;3;Jose Lopez;0,8375
Lloyd McClendon;4;Bill Spiers;0,8344
Lloyd McClendon;5;Tommy Butts;0,8222
Lloyd Moseby;1;Kevin Mitchell;0,9219
Lloyd Moseby;2;Hal Wagner;0,9215
Lloyd Moseby;3;Elrod Hendricks;0,9212
Lloyd Moseby;4;John Kennedy;0,9044
Lloyd Moseby;5;Aaron Ward;0,8986
Lloyd Waner;1;Otto Velez;0,9112
Lloyd Waner;2;Lee Thomas;0,8995
Lloyd Waner;3;Dave Silvestri;0,8689
Lloyd Waner;4;Jack Dunn;0,856
Lloyd Waner;5;Jesse Levis;0,8525
Logan Forsythe;1;Sid Farrar;0,9303
Logan Forsythe;2;Bob Rhoads;0,9268
Logan Forsythe;3;Dick Buckley;0,9154
Logan Forsythe;4;Miles Mikolas;0,899
Logan Forsythe;5;George Hemming;0,8959
Logan Morrison;1;Chris Heisey;0,9756
Logan Morrison;2;Joe Gerhardt;0,957
Logan Morrison;3;Jiggs Donahue;0,9477
Logan Morrison;4;Tex Clevenger;0,9469
Logan Morrison;5;Mel Harder;0,9457
Lon Knight;1;Duffy Lewis;0,973
Lon Knight;2;John Hummel;0,9533
Lon Knight;3;Lou Bierbauer;0,9282
Lon Knight;4;Felix Millan;0,9217
Lon Knight;5;Darrell Porter;0,9208
Lon Warneke;1;Ryan Roberts;0,965
Lon Warneke;2;Billy Gardner;0,9645
Lon Warneke;3;Tim Leary;0,94
Lon Warneke;4;Cap Peterson;0,9393
Lon Warneke;5;Matt Franco;0,9353
Lonnie Chisenhall;1;Pop Snyder;0,9673
Lonnie Chisenhall;2;Matt Boyd;0,9556
Lonnie Chisenhall;3;Jorge Fabregas;0,949
Lonnie Chisenhall;4;Alex Cora;0,9441
Lonnie Chisenhall;5;Danny Hoffman;0,9285
Lonnie Smith;1;Dwight Smith;0,9526
Lonnie Smith;2;Bob Dernier;0,9097
Lonnie Smith;3;John Shelby;0,8561
Lonnie Smith;4;Ricky Bottalico;0,853
Lonnie Smith;5;Ryan McMahon;0,8529
Lonny Frey;1;Doug Glanville;0,9416
Lonny Frey;2;Elmer Smith;0,9245
Lonny Frey;3;John Reilly;0,9229
Lonny Frey;4;George Zuverink;0,9033
Lonny Frey;5;Dontrelle Willis;0,9014
Lorenzo Cain;1;Antonio Senzatela;0,8635
Lorenzo Cain;2;Josh Willingham;0,8209
Lorenzo Cain;3;Ryan Freel;0,7858
Lorenzo Cain;4;Andres Blanco;0,7812
Lorenzo Cain;5;Preacher Roe;0,7799
Lou Bierbauer;1;Stu Martin;0,9377
Lou Bierbauer;2;Tom Burns;0,9297
Lou Bierbauer;3;Ed Killian;0,9283
Lou Bierbauer;4;Lon Knight;0,9282
Lou Bierbauer;5;Jose Rijo;0,9258
Lou Boudreau;1;Todd Benzinger;0,9281
Lou Boudreau;2;Frank Welch;0,8866
Lou Boudreau;3;George Decker;0,885
Lou Boudreau;4;Zach McAllister;0,8844
Lou Boudreau;5;Buck Rodgers;0,884
Lou Brock;1;Mike Tauchman;0,9926
Lou Brock;2;Melido Perez;0,9911
Lou Brock;3;Buck O'Neil;0,9908
Lou Brock;4;Brian Harper;0,9906
Lou Brock;5;Lefty O'Doul;0,9898
Lou Collier;1;Camilo Pascual;0,9324
Lou Collier;2;Hubie Brooks;0,9273
Lou Collier;3;Felipe Alou;0,9118
Lou Collier;4;Jim Bouton;0,9101
Lou Collier;5;Joe Quinn;0,9077
Lou Criger;1;Craig Monroe;0,9164
Lou Criger;2;Gene Packard;0,9151
Lou Criger;3;Pete Ward;0,9146
Lou Criger;4;Win Mercer;0,9135
Lou Criger;5;Lefty Tyler;0,9129
Lou Dials;1;Charlie Maxwell;0,9623
Lou Dials;2;Ed Romero;0,9601
Lou Dials;3;Jack McDowell;0,9521
Lou Dials;4;Carlos Torres;0,946
Lou Dials;5;Aurelio Rodriguez;0,9429
Lou Finney;1;Joe Battin;0,9557
Lou Finney;2;Chris Johnson;0,9342
Lou Finney;3;John Romano;0,9289
Lou Finney;4;Pete Ward;0,9284
Lou Finney;5;Bill Barrett;0,9104
Lou Gehrig;1;Clint Courtney;0,9916
Lou Gehrig;2;Walter Holke;0,9911
Lou Gehrig;3;Tom Jones;0,988
Lou Gehrig;4;Lefty O'Doul;0,9867
Lou Gehrig;5;Mike Tauchman;0,9844
Lou Klimchock;1;Henry Miller;0,9828
Lou Klimchock;2;Gene Mauch;0,9797
Lou Klimchock;3;Clint Hurdle;0,9773
Lou Klimchock;4;Brian Dorsett;0,9768
Lou Klimchock;5;Jerry Walker;0,9768
Lou Kretlow;1;Vinnie Chulk;1,0
Lou Kretlow;2;Nick Green;0,9432
Lou Kretlow;3;Red Lucas;0,9315
Lou Kretlow;4;Harry Perkowski;0,9092
Lou Kretlow;5;Jim Coates;0,9032
Lou Louden;1;Bobby Wine;0,9549
Lou Louden;2;Harry Howell;0,9253
Lou Louden;3;Buddy Bell;0,9222
Lou Louden;4;Johnny Bench;0,9201
Lou Louden;5;George Gore;0,9143
Lou Merloni;1;Jelly Gardner;0,9521
Lou Merloni;2;Tim Murnane;0,9206
Lou Merloni;3;Ben Taylor;0,9187
Lou Merloni;4;Joe Page;0,917
Lou Merloni;5;Eric Young;0,917
Lou Piniella;1;Al Newman;0,9325
Lou Piniella;2;Duane Kuiper;0,8849
Lou Piniella;3;Greg Pryor;0,8744
Lou Piniella;4;Ellie Rodriguez;0,8581
Lou Piniella;5;Johnny Blanchard;0,8519
Lou Whitaker;1;Red Rolfe;0,9337
Lou Whitaker;2;Toby Hall;0,9144
Lou Whitaker;3;Tomas Nido;0,9045
Lou Whitaker;4;Richard Hidalgo;0,8997
Lou Whitaker;5;Burgess Whitehead;0,8943
Louis Miller;1;Ryan Zimmerman;0,9294
Louis Miller;2;Clayton Kershaw;0,9213
Louis Miller;3;Livan Hernandez;0,9009
Louis Miller;4;Oliver Marcell;0,8893
Louis Miller;5;Billy Southworth;0,8882
Louis Santop;1;Billy Sample;0,8459
Louis Santop;2;Fran Healy;0,845
Louis Santop;3;Hal Woodeshick;0,8413
Louis Santop;4;Sam Fuld;0,8389
Louis Santop;5;Shawn Chacon;0,8362
Lourdes Gurriel;1;Ben Oglivie;0,9447
Lourdes Gurriel;2;Ron LeFlore;0,9422
Lourdes Gurriel;3;Barney Pelty;0,9403
Lourdes Gurriel;4;Dizzy Trout;0,9373
Lourdes Gurriel;5;Wade Miley;0,9315
Lu Blue;1;Alex Carrasquel;0,9294
Lu Blue;2;Willie Powell;0,8682
Lu Blue;3;Clay Kirby;0,8651
Lu Blue;4;Hank Wyse;0,8586
Lu Blue;5;Todd Wellemeyer;0,8349
Lucas Duda;1;Luke Sewell;0,9663
Lucas Duda;2;Mark Langston;0,9582
Lucas Duda;3;Joe Beggs;0,9573
Lucas Duda;4;Jason Smith;0,9532
Lucas Duda;5;Jared Hughes;0,9528
Lucas Giolito;1;Matt Capps;0,9843
Lucas Giolito;2;Brandon Woodruff;0,9824
Lucas Giolito;3;Don Carrithers;0,9773
Lucas Giolito;4;Joe Green;0,962
Lucas Giolito;5;Wesley Wright;0,9534
Lucas Sims;1;Brian Dozier;0,9718
Lucas Sims;2;Tom Grieve;0,967
Lucas Sims;3;Gino Cimoli;0,954
Lucas Sims;4;Billy Holland;0,9495
Lucas Sims;5;Noodles Hahn;0,9489
Luis Aguayo;1;Pete Donohue;0,8351
Luis Aguayo;2;Ray Jablonski;0,8211
Luis Aguayo;3;Tanner Scott;0,7893
Luis Aguayo;4;Stan Lopata;0,7806
Luis Aguayo;5;Spottswood Poles;0,7781
Luis Alicea;1;Pat Deasley;0,9129
Luis Alicea;2;Barney Gilligan;0,8583
Luis Alicea;3;Bill Force;0,8475
Luis Alicea;4;Floyd Robinson;0,8441
Luis Alicea;5;Juan Guzman;0,8275
Luis Alvarado;1;Bob Skinner;0,946
Luis Alvarado;2;Matt LeCroy;0,863
Luis Alvarado;3;Pat Putnam;0,8378
Luis Alvarado;4;Garrett Cooper;0,8378
Luis Alvarado;5;Jack Harper;0,8361
Luis Aparicio;1;Dave Rosello;0,952
Luis Aparicio;2;Bill Harvey;0,9169
Luis Aparicio;3;Charley Jones;0,9149
Luis Aparicio;4;Larry Jansen;0,9086
Luis Aparicio;5;Devin Mesoraco;0,8826
Luis Aquino;1;Wesley Wright;0,9916
Luis Aquino;2;Max Stassi;0,9843
Luis Aquino;3;Frank Baumann;0,9838
Luis Aquino;4;Ron Perranoski;0,9665
Luis Aquino;5;Brandon Woodruff;0,9662
Luis Avilan;1;Casey Cox;0,9379
Luis Avilan;2;Otis Starks;0,9335
Luis Avilan;3;Jack Hamilton;0,9266
Luis Avilan;4;Ed Taubensee;0,9252
Luis Avilan;5;Jeff Conine;0,9247
Luis Ayala;1;Will Cunnane;1,0
Luis Ayala;2;Ryan Weber;1,0
Luis Ayala;3;Sean Doolittle;1,0
Luis Ayala;4;Pat Clements;1,0
Luis Ayala;5;Jeremy Accardo;1,0
Luis Bustamante;1;Jim Poole;0,9612
Luis Bustamante;2;Charlie Spikes;0,9491
Luis Bustamante;3;Curt Wilkerson;0,9236
Luis Bustamante;4;Dan Straily;0,9208
Luis Bustamante;5;Marcell Ozuna;0,9192
Luis Castillo;1;Austin Hays;0,9878
Luis Castillo;2;Ken Heintzelman;0,9858
Luis Castillo;3;Rich Becker;0,9845
Luis Castillo;4;Bobby Crosby;0,9833
Luis Castillo;5;Marty Barrett;0,9828
Luis Cessa;1;Eduardo Perez;0,9485
Luis Cessa;2;Willy Adames;0,946
Luis Cessa;3;Brad Brach;0,9452
Luis Cessa;4;Chad Tracy;0,9437
Luis Cessa;5;David Howard;0,9355
Luis Garcia;1;George Culver;0,9785
Luis Garcia;2;Duane Ward;0,9628
Luis Garcia;3;Alexi Casilla;0,9625
Luis Garcia;4;Ripper Collins;0,962
Luis Garcia;5;Chien-Ming Wang;0,9611
Luis Gomez;1;Jerry Moses;0,9559
Luis Gomez;2;Ed Glynn;0,9539
Luis Gomez;3;Pablo Lopez;0,9464
Luis Gomez;4;Scott Stratton;0,9404
Luis Gomez;5;Bill Byrd;0,9336
Luis Gonzalez;1;Ryan Weber;0,9954
Luis Gonzalez;2;Will Cunnane;0,9954
Luis Gonzalez;3;Jeremy Accardo;0,9954
Luis Gonzalez;4;Pat Clements;0,9954
Luis Gonzalez;5;Luis Ayala;0,9953
Luis Guillorme;1;Roy Oswalt;0,967
Luis Guillorme;2;Dick Gernert;0,9451
Luis Guillorme;3;Tim Blackwell;0,943
Luis Guillorme;4;Willard Nixon;0,9345
Luis Guillorme;5;George Metkovich;0,9301
Luis Lopez;1;Eddie Solomon;0,971
Luis Lopez;2;Bill Bonham;0,9472
Luis Lopez;3;Lefty Stewart;0,9449
Luis Lopez;4;Manuel Margot;0,9349
Luis Lopez;5;Manny Pina;0,9287
Luis Melendez;1;Orel Hershiser;0,9511
Luis Melendez;2;Tanner Scott;0,947
Luis Melendez;3;Johnnie LeMaster;0,9461
Luis Melendez;4;Carmelo Martinez;0,9432
Luis Melendez;5;Script Lee;0,9417
Luis Polonia;1;Jim Lindsey;0,9015
Luis Polonia;2;Joe Panik;0,8827
Luis Polonia;3;Andy Fox;0,8793
Luis Polonia;4;Lew Riggs;0,8483
Luis Polonia;5;Jerry DaVanon;0,828
Luis Pujols;1;Ronny Paulino;0,9572
Luis Pujols;2;Leroy Morney;0,951
Luis Pujols;3;Mackey Sasser;0,9449
Luis Pujols;4;Steve Frey;0,925
Luis Pujols;5;Wayne Garland;0,9181
Luis Quinones;1;Mike Adams;0,9938
Luis Quinones;2;Richard Bleier;0,9871
Luis Quinones;3;Ben Gamel;0,9865
Luis Quinones;4;Mike Gonzalez;0,9852
Luis Quinones;5;Pedro Strop;0,9813
Luis Rivas;1;Larry Gura;0,9718
Luis Rivas;2;Gene Mauch;0,9622
Luis Rivas;3;Trevor Richards;0,9535
Luis Rivas;4;Steve Ontiveros;0,9497
Luis Rivas;5;Dave Magadan;0,9485
Luis Rivera;1;Lamar Johnson;0,9601
Luis Rivera;2;Fernando Abad;0,9539
Luis Rivera;3;Alejandro De Aza;0,9458
Luis Rivera;4;Matt Franco;0,9452
Luis Rivera;5;Scott Bradley;0,9431
Luis Salazar;1;Jimmie Hall;0,8955
Luis Salazar;2;Gleyber Torres;0,8559
Luis Salazar;3;Jim Bottomley;0,8402
Luis Salazar;4;Harry Schafer;0,8393
Luis Salazar;5;Chris Speier;0,8274
Luis Severino;1;Kendall Graveman;0,9714
Luis Severino;2;Dallas Green;0,9509
Luis Severino;3;Brad Havens;0,9339
Luis Severino;4;Dave Tobik;0,9339
Luis Severino;5;Max Manning;0,9332
Luis Sojo;1;Willy Miranda;0,9767
Luis Sojo;2;Mike Guerra;0,9753
Luis Sojo;3;Otto Knabe;0,9742
Luis Sojo;4;Al Todd;0,9719
Luis Sojo;5;Xavier Hernandez;0,971
Luis Tiant;1;Ryan Webb;0,8885
Luis Tiant;2;Henry Merchant;0,8862
Luis Tiant;3;Scott Williamson;0,8849
Luis Tiant;4;Fred Dunlap;0,8736
Luis Tiant;5;Rip Radcliff;0,8638
Luis Torrens;1;Aaron Cook;0,9023
Luis Torrens;2;Johnny Pesky;0,8963
Luis Torrens;3;Mark Clear;0,8925
Luis Torrens;4;Scott Hairston;0,8854
Luis Torrens;5;Alan Mills;0,8676
Luis Urias;1;Mackey Sasser;0,9474
Luis Urias;2;Cool Turner;0,9391
Luis Urias;3;Bob Klinger;0,9163
Luis Urias;4;Kurt Suzuki;0,9148
Luis Urias;5;Joe Sambito;0,9066
Luis Valbuena;1;Philip Gosselin;0,8741
Luis Valbuena;2;Matt Batts;0,8539
Luis Valbuena;3;Zack Wheeler;0,8471
Luis Valbuena;4;Chris Donnels;0,8335
Luis Valbuena;5;Marcelino Guerra;0,8298
Luke Appling;1;Johnny Burnett;0,9785
Luke Appling;2;Willie Calhoun;0,9764
Luke Appling;3;Joe Astroth;0,9761
Luke Appling;4;B. J. Upton;0,9602
Luke Appling;5;Jiggs Donahue;0,9563
Luke Gregerson;1;Dana Fillingim;0,9677
Luke Gregerson;2;Joe Niekro;0,9666
Luke Gregerson;3;Andy Kosco;0,9558
Luke Gregerson;4;Sandy Martinez;0,9407
Luke Gregerson;5;Hank Johnson;0,9353
Luke Hamlin;1;Bob Boone;0,9895
Luke Hamlin;2;Royce Clayton;0,9833
Luke Hamlin;3;Nate Robertson;0,9827
Luke Hamlin;4;Tom Johnson;0,9822
Luke Hamlin;5;Walter Holke;0,9814
Luke Hochevar;1;Lenny Harris;0,9801
Luke Hochevar;2;Bob Klinger;0,9473
Luke Hochevar;3;Denny Mack;0,937
Luke Hochevar;4;Rip Collins;0,9324
Luke Hochevar;5;Joe Sambito;0,9125
Luke Jackson;1;Bill Nahorodny;0,956
Luke Jackson;2;Tommy Gregg;0,9545
Luke Jackson;3;Steven Matz;0,9379
Luke Jackson;4;Ed Phelps;0,932
Luke Jackson;5;Tommy John;0,9179
Luke Maile;1;Nick Castellanos;0,9246
Luke Maile;2;Birdie Cree;0,9167
Luke Maile;3;Bob Evans;0,8854
Luke Maile;4;Dick Tracewski;0,8833
Luke Maile;5;Wayne Twitchell;0,8712
Luke Scott;1;Charlie Hargreaves;0,9825
Luke Scott;2;Chuck Hinton;0,9571
Luke Scott;3;Sandy Leon;0,9543
Luke Scott;4;Cal Abrams;0,9332
Luke Scott;5;Garrett Atkins;0,9331
Luke Sewell;1;Noe Ramirez;0,972
Luke Sewell;2;Jason Smith;0,9706
Luke Sewell;3;Lucas Duda;0,9663
Luke Sewell;4;Tim Mayza;0,966
Luke Sewell;5;Carlos Reyes;0,966
Luke Walker;1;Mitch Webster;0,9673
Luke Walker;2;Jim Acker;0,9583
Luke Walker;3;Kole Calhoun;0,9497
Luke Walker;4;Ted Simmons;0,9465
Luke Walker;5;Jerry Morales;0,9451
Luke Weaver;1;Mike Mitchell;0,9374
Luke Weaver;2;Harry Staley;0,9238
Luke Weaver;3;Ivan Nova;0,9156
Luke Weaver;4;John Huber;0,9097
Luke Weaver;5;Tyler Naquin;0,8907
Luther Farrell;1;Johnny Peacock;0,8773
Luther Farrell;2;Corbin Burnes;0,8716
Luther Farrell;3;Reese McGuire;0,8615
Luther Farrell;4;Ray Jablonski;0,8563
Luther Farrell;5;Tony Phillips;0,8452
Luther Taylor;1;Archie Ware;0,9598
Luther Taylor;2;Paul Casanova;0,9556
Luther Taylor;3;Jason Thompson;0,9455
Luther Taylor;4;Luke Hamlin;0,942
Luther Taylor;5;Steve McCatty;0,9403
Lyle Overbay;1;Adam Melhuse;0,924
Lyle Overbay;2;Bobby Bonilla;0,8874
Lyle Overbay;3;Chris Johnson;0,8828
Lyle Overbay;4;Dan Spillner;0,8821
Lyle Overbay;5;Dale Berra;0,8755
Lyn Lary;1;Jeff Newman;0,9359
Lyn Lary;2;Ad Gumbert;0,9063
Lyn Lary;3;Hal Gregg;0,8985
Lyn Lary;4;Charles Fulmer;0,8879
Lyn Lary;5;Aaron Sanchez;0,8821
Lynn Jones;1;Ramon Vazquez;0,8827
Lynn Jones;2;Graig Nettles;0,8824
Lynn Jones;3;Joey Wendle;0,8755
Lynn Jones;4;John Marzano;0,8735
Lynn Jones;5;Lee Mazzilli;0,8692
Lynn McGlothen;1;Hank Wyse;0,9643
Lynn McGlothen;2;Todd Wellemeyer;0,9365
Lynn McGlothen;3;Todd Coffey;0,9329
Lynn McGlothen;4;Brian Shouse;0,9284
Lynn McGlothen;5;Preacher Henry;0,9279
Mace Brown;1;D. J. Carrasco;0,9567
Mace Brown;2;David Newhan;0,9426
Mace Brown;3;Nels Potter;0,9144
Mace Brown;4;Brad Radke;0,8959
Mace Brown;5;Michael Young;0,8922
Mack Eggleston;1;Rollie Zeider;0,8946
Mack Eggleston;2;Otto Velez;0,8941
Mack Eggleston;3;Ronald Acuña;0,8897
Mack Eggleston;4;Jack Dunn;0,8877
Mack Eggleston;5;Jimmy Outlaw;0,8671
Mack Jones;1;Eric Sogard;0,9544
Mack Jones;2;Jerry Turner;0,9359
Mack Jones;3;Eddie Milner;0,9298
Mack Jones;4;Rich Rollins;0,9151
Mack Jones;5;Rube Waddell;0,8894
Mackey Sasser;1;Bob Klinger;0,9691
Mackey Sasser;2;Leroy Morney;0,9613
Mackey Sasser;3;Dave LaRoche;0,9556
Mackey Sasser;4;Carlos Rodon;0,948
Mackey Sasser;5;Luis Urias;0,9474
Madison Bumgarner;1;Arthur Irwin;0,9476
Madison Bumgarner;2;John Jaha;0,9438
Madison Bumgarner;3;Alex Avila;0,9382
Madison Bumgarner;4;Will Smith;0,9266
Madison Bumgarner;5;Luis Melendez;0,9171
Magglio Ordonez;1;Tom Sturdivant;0,9139
Magglio Ordonez;2;Tim Laudner;0,8992
Magglio Ordonez;3;Lou Louden;0,8943
Magglio Ordonez;4;Alex Ochoa;0,8923
Magglio Ordonez;5;Al Newman;0,8856
Mahlon Duckett;1;Jose Gonzalez;0,9812
Mahlon Duckett;2;Kerry Ligtenberg;0,961
Mahlon Duckett;3;Troy Percival;0,9448
Mahlon Duckett;4;James Paxton;0,9434
Mahlon Duckett;5;Rube Benton;0,9429
Maicer Izturis;1;Chris Heisey;0,9533
Maicer Izturis;2;Jacob Barnes;0,952
Maicer Izturis;3;Tex Clevenger;0,9093
Maicer Izturis;4;Sean Newcomb;0,9092
Maicer Izturis;5;William Bell;0,9049
Maikel Franco;1;Tom Herr;0,9094
Maikel Franco;2;Jack Crooks;0,8956
Maikel Franco;3;Carl Morton;0,8922
Maikel Franco;4;Johnny Hopp;0,8893
Maikel Franco;5;George Browne;0,8855
Malachi Kittridge;1;Bobby Valentine;0,9257
Malachi Kittridge;2;Chippy McGarr;0,8837
Malachi Kittridge;3;Dave Hollins;0,87
Malachi Kittridge;4;Dann Bilardello;0,8598
Malachi Kittridge;5;Ken Singleton;0,8412
Malvin Powell;1;Sandy Consuegra;0,8586
Malvin Powell;2;Sherry Smith;0,8582
Malvin Powell;3;Marlon Anderson;0,8517
Malvin Powell;4;Joe Smith;0,8473
Malvin Powell;5;Jim Weaver;0,8356
Manny Alexander;1;Ray Fosse;0,9108
Manny Alexander;2;Lew Richie;0,8878
Manny Alexander;3;Sam Leever;0,8845
Manny Alexander;4;Kelly Shoppach;0,8671
Manny Alexander;5;Mike Anderson;0,859
Manny Machado;1;Billy Johnson;0,9011
Manny Machado;2;Billy Consolo;0,8199
Manny Machado;3;Bill Walker;0,7956
Manny Machado;4;Bob Jones;0,776
Manny Machado;5;Doug Camilli;0,7735
Manny Mota;1;Charlie Keller;0,9234
Manny Mota;2;Justin Masterson;0,9196
Manny Mota;3;Johnny Humphries;0,8902
Manny Mota;4;Al Spohrer;0,8724
Manny Mota;5;Cristian Guzman;0,8636
Manny Parra;1;Justin Wilson;0,9991
Manny Parra;2;Miguel Andujar;0,9898
Manny Parra;3;Chris Devenski;0,9893
Manny Parra;4;Jose Veras;0,9893
Manny Parra;5;Corey Knebel;0,9893
Manny Pina;1;Robbie Ray;0,9836
Manny Pina;2;Tanyon Sturtze;0,9827
Manny Pina;3;Dan Pasqua;0,98
Manny Pina;4;Glenn Wilson;0,9725
Manny Pina;5;Dale Long;0,9696
Manny Ramirez;1;Jose Trevino;0,9293
Manny Ramirez;2;Al Jackson;0,891
Manny Ramirez;3;Steve Nicosia;0,8806
Manny Ramirez;4;Don Kelly;0,8617
Manny Ramirez;5;Pat Sheridan;0,8515
Manny Sanguillen;1;Herb Barnhill;0,9205
Manny Sanguillen;2;Harry Kincannon;0,9038
Manny Sanguillen;3;Bill Stafford;0,8739
Manny Sanguillen;4;Tim Hill;0,8594
Manny Sanguillen;5;Mike Shannon;0,8508
Manny Trillo;1;Stu Martin;0,9648
Manny Trillo;2;Billy Sunday;0,9524
Manny Trillo;3;Chuck Crim;0,949
Manny Trillo;4;Johnny Burnett;0,9467
Manny Trillo;5;Harry Harper;0,9407
Manuel Lee;1;Eric O'Flaherty;0,987
Manuel Lee;2;Brandon Kintzler;0,987
Manuel Lee;3;Bob Patterson;0,987
Manuel Lee;4;Wayne Gross;0,9843
Manuel Lee;5;Mike Phillips;0,9832
Manuel Margot;1;Jouett Meekin;0,9808
Manuel Margot;2;Steve Henderson;0,9796
Manuel Margot;3;Carlos Garcia;0,9761
Manuel Margot;4;Roy Johnson;0,9756
Manuel Margot;5;Dan Pasqua;0,9746
Manuel Villa;1;Billy Horne;0,9136
Manuel Villa;2;Ed Andrews;0,9064
Manuel Villa;3;Lon Knight;0,891
Manuel Villa;4;Shane Mack;0,8833
Manuel Villa;5;Charlie Blackwell;0,8445
Marc Hill;1;Chris Hoiles;0,9118
Marc Hill;2;Pat Putnam;0,8989
Marc Hill;3;Scott Garrelts;0,8948
Marc Hill;4;Jack Harper;0,8928
Marc Hill;5;Buster Haywood;0,8842
Marc Rzepczynski;1;Cecil Espy;0,9564
Marc Rzepczynski;2;Jonathan Sanchez;0,9477
Marc Rzepczynski;3;Carl Willey;0,9401
Marc Rzepczynski;4;Rawly Eastwick;0,9054
Marc Rzepczynski;5;Erick Fedde;0,9011
Marcelino Guerra;1;David Cone;0,8974
Marcelino Guerra;2;Chris Donnels;0,8828
Marcelino Guerra;3;Fergie Jenkins;0,8736
Marcelino Guerra;4;Ray Washburn;0,8721
Marcelino Guerra;5;Jeff Parrett;0,8705
Marcelino Lopez;1;A. J. Pierzynski;0,9915
Marcelino Lopez;2;Frank DiPino;0,9851
Marcelino Lopez;3;Dewayne Wise;0,9674
Marcelino Lopez;4;Jerome Williams;0,959
Marcelino Lopez;5;Frank Castillo;0,9508
Marcell Ozuna;1;Claude Johnson;0,9501
Marcell Ozuna;2;Erv Dusak;0,9459
Marcell Ozuna;3;Justin Ruggiano;0,9434
Marcell Ozuna;4;Bill Evans;0,9373
Marcell Ozuna;5;Alonzo Boone;0,9222
Marco Estrada;1;Ryan Yarbrough;1,0
Marco Estrada;2;Chad Qualls;0,9863
Marco Estrada;3;Chuck Cary;0,9671
Marco Estrada;4;Calvin Schiraldi;0,9092
Marco Estrada;5;Lee Grissom;0,8998
Marco Gonzales;1;Dustin Hermanson;0,9707
Marco Gonzales;2;Tony Watson;0,965
Marco Gonzales;3;Robinson Chirinos;0,959
Marco Gonzales;4;Steve Lake;0,9469
Marco Gonzales;5;Hal Carlson;0,941
Marco Scutaro;1;Jack Hamilton;0,9431
Marco Scutaro;2;Otis Starks;0,9328
Marco Scutaro;3;Andy Allanson;0,8934
Marco Scutaro;4;Luis Avilan;0,8437
Marco Scutaro;5;Casey Cox;0,843
Marcus Semien;1;Frank LaPorte;0,9465
Marcus Semien;2;Chris Heisey;0,934
Marcus Semien;3;Hughie Jennings;0,9202
Marcus Semien;4;Eddie Stanky;0,9143
Marcus Semien;5;Fred Clarke;0,9088
Marcus Stroman;1;Gentry Jessup;0,9221
Marcus Stroman;2;Tommy Boggs;0,9195
Marcus Stroman;3;Mark Melancon;0,9179
Marcus Stroman;4;Roy K. Williams;0,9162
Marcus Stroman;5;Chuck Taylor;0,9161
Marcus Thames;1;George Culver;0,9401
Marcus Thames;2;Ripper Collins;0,937
Marcus Thames;3;Joe Saunders;0,9367
Marcus Thames;4;Ewell Blackwell;0,9128
Marcus Thames;5;Curtis Harris;0,9073
Mariano Duncan;1;Joe Medwick;0,8925
Mariano Duncan;2;John Parrish;0,8892
Mariano Duncan;3;Alex Gordon;0,8848
Mariano Duncan;4;Jeff McNeil;0,878
Mariano Duncan;5;Jim Lefebvre;0,874
Mariano Rivera;1;Jeffrey Springs;0,986
Mariano Rivera;2;Erv Dusak;0,9816
Mariano Rivera;3;Ken Dayley;0,9808
Mariano Rivera;4;Chuck Hiller;0,9786
Mariano Rivera;5;Tom Gorman;0,9774
Mario Diaz;1;Sam Thompson;0,9066
Mario Diaz;2;Gene Woodling;0,9032
Mario Diaz;3;Manny Parra;0,8967
Mario Diaz;4;Charlie Moore;0,8964
Mario Diaz;5;Dave Danforth;0,8947
Mario Guerrero;1;Andy Messersmith;0,8653
Mario Guerrero;2;Gary Matthews;0,84
Mario Guerrero;3;Elias Diaz;0,8242
Mario Guerrero;4;Joe Garagiola;0,8119
Mario Guerrero;5;Antonio Bastardo;0,808
Mario Mendoza;1;Shawn Boskie;0,9803
Mario Mendoza;2;Peter Moylan;0,972
Mario Mendoza;3;Warren Brusstar;0,9573
Mario Mendoza;4;Eddie Smith;0,9397
Mario Mendoza;5;Les Nunamaker;0,9377
Mario Soto;1;Joe Glenn;0,9054
Mario Soto;2;Jack Harper;0,8849
Mario Soto;3;Ruben Rivera;0,8468
Mario Soto;4;Vic Raschi;0,8424
Mario Soto;5;Buster Haywood;0,8417
Mark Belanger;1;Steve Jeltz;0,9508
Mark Belanger;2;Big Bill Smith;0,9453
Mark Belanger;3;Lance Richbourg;0,9263
Mark Belanger;4;Tyler Flowers;0,9011
Mark Belanger;5;George Suggs;0,8968
Mark Bellhorn;1;D. J. Carrasco;0,8924
Mark Bellhorn;2;Jeff Reed;0,8825
Mark Bellhorn;3;Juan Soto;0,8737
Mark Bellhorn;4;Hal McRae;0,872
Mark Bellhorn;5;Walter Barbare;0,8671
Mark Buehrle;1;Hunter Renfroe;0,938
Mark Buehrle;2;Dennis Springer;0,9291
Mark Buehrle;3;Leon Roberts;0,9205
Mark Buehrle;4;Mark Mulder;0,9182
Mark Buehrle;5;Kameron Loe;0,9171
Mark Canha;1;Leury Garcia;0,9863
Mark Canha;2;Greg Allen;0,9471
Mark Canha;3;Jason Adam;0,941
Mark Canha;4;Jason Smith;0,9337
Mark Canha;5;Joe Page;0,9335
Mark Carreon;1;Roy Smith;0,9864
Mark Carreon;2;Wes Stock;0,9826
Mark Carreon;3;Frank Isbell;0,9802
Mark Carreon;4;Kevin Millar;0,9797
Mark Carreon;5;Darren Oliver;0,979
Mark Christman;1;Bobby Tolan;0,9235
Mark Christman;2;Darrel Chaney;0,8843
Mark Christman;3;Jeromy Burnitz;0,8313
Mark Christman;4;Putsy Caballero;0,8116
Mark Christman;5;Bill Donovan;0,8099
Mark Clark;1;Brett Anderson;0,9459
Mark Clark;2;Jason Adam;0,9422
Mark Clark;3;Greg Allen;0,9372
Mark Clark;4;Shawn Kelley;0,928
Mark Clark;5;Archie Bradley;0,9269
Mark Clear;1;Koyie Hill;0,8959
Mark Clear;2;Luis Torrens;0,8925
Mark Clear;3;Bruce Sutter;0,8712
Mark Clear;4;Benny Bengough;0,8693
Mark Clear;5;Terry Pendleton;0,853
Mark Davis;1;Tony Eusebio;0,9164
Mark Davis;2;Matt Mieske;0,8878
Mark Davis;3;Benny Frey;0,8867
Mark Davis;4;Blainey Hall;0,8846
Mark Davis;5;Reid Nichols;0,858
Mark DeRosa;1;Jon Berti;0,8899
Mark DeRosa;2;Spud Chandler;0,8743
Mark DeRosa;3;Scott Elarton;0,853
Mark DeRosa;4;Elden Auker;0,8526
Mark DeRosa;5;Carl Edwards;0,8403
Mark Eichhorn;1;Jose Alvarez;0,9848
Mark Eichhorn;2;Roger Nelson;0,9802
Mark Eichhorn;3;Atley Donald;0,9702
Mark Eichhorn;4;Dick Culler;0,9688
Mark Eichhorn;5;Pat Mahomes;0,9617
Mark Ellis;1;Willie Calhoun;0,9547
Mark Ellis;2;Johnny Burnett;0,9525
Mark Ellis;3;Bennie Daniels;0,9523
Mark Ellis;4;Joey Gallo;0,9438
Mark Ellis;5;Joe Astroth;0,9417
Mark Gardner;1;Dave Bush;0,9842
Mark Gardner;2;Calvin Schiraldi;0,9532
Mark Gardner;3;Ryan Tepera;0,9382
Mark Gardner;4;Vinnie Chulk;0,9071
Mark Gardner;5;Ryan Goins;0,9063
Mark Grace;1;Eric Stults;0,9592
Mark Grace;2;Jerry Augustine;0,9538
Mark Grace;3;Bud Daley;0,9482
Mark Grace;4;Curt Davis;0,9433
Mark Grace;5;Bart Johnson;0,9433
Mark Grant;1;Nick Masset;0,9149
Mark Grant;2;Vic Aldridge;0,9137
Mark Grant;3;Todd Jones;0,9095
Mark Grant;4;Joakim Soria;0,9093
Mark Grant;5;Justin Speier;0,9089
Mark Grudzielanek;1;Jack Doyle;0,9622
Mark Grudzielanek;2;Bob Ferguson;0,9267
Mark Grudzielanek;3;Pete Runnels;0,9035
Mark Grudzielanek;4;Joe Judge;0,9013
Mark Grudzielanek;5;Farmer Vaughn;0,8992
Mark Gubicza;1;Jorge Lopez;0,8304
Mark Gubicza;2;Dan Straily;0,8301
Mark Gubicza;3;Carmen Hill;0,8222
Mark Gubicza;4;Bill Force;0,7863
Mark Gubicza;5;Don Mueller;0,7824
Mark Guthrie;1;Gates Brown;0,953
Mark Guthrie;2;Luis Rivas;0,948
Mark Guthrie;3;Bobby Parnell;0,9439
Mark Guthrie;4;Wade Blasingame;0,9399
Mark Guthrie;5;Gene Mauch;0,9347
Mark Hendrickson;1;Mark Huismann;0,9619
Mark Hendrickson;2;Buddy Black;0,9326
Mark Hendrickson;3;Norm Charlton;0,9308
Mark Hendrickson;4;Chris Codiroli;0,9162
Mark Hendrickson;5;Michael Fulmer;0,9114
Mark Huismann;1;Mike Mussina;0,9685
Mark Huismann;2;Jeff Keppinger;0,9653
Mark Huismann;3;Mark Hendrickson;0,9619
Mark Huismann;4;Zach Davies;0,9455
Mark Huismann;5;Rico Carty;0,9401
Mark Johnson;1;Jelly Taylor;0,9886
Mark Johnson;2;Octavio Dotel;0,9866
Mark Johnson;3;Henry Williams;0,9853
Mark Johnson;4;Pedro Alvarez;0,9827
Mark Johnson;5;Ruben Tejada;0,98
Mark Knudson;1;Roger Freed;0,9903
Mark Knudson;2;Chet Nichols;0,989
Mark Knudson;3;Jack Coombs;0,9801
Mark Knudson;4;David Huff;0,9795
Mark Knudson;5;Ben Gamel;0,9769
Mark Koenig;1;Larry Cox;0,8869
Mark Koenig;2;Hernan Perez;0,8829
Mark Koenig;3;Brandon Lowe;0,8815
Mark Koenig;4;Hugh Casey;0,8672
Mark Koenig;5;Ernie Broglio;0,8646
Mark Kotsay;1;Jack Smith;0,8891
Mark Kotsay;2;Red Rolfe;0,8843
Mark Kotsay;3;Sam Leever;0,8786
Mark Kotsay;4;Toby Hall;0,8606
Mark Kotsay;5;Larry Twitchell;0,858
Mark Langston;1;Tim Mayza;0,9665
Mark Langston;2;Carlos Reyes;0,9665
Mark Langston;3;Eric Gagne;0,9641
Mark Langston;4;Rich Garces;0,9641
Mark Langston;5;Jason Motte;0,9641
Mark Leiter;1;Darin Ruf;0,9263
Mark Leiter;2;Rob Murphy;0,9017
Mark Leiter;3;Shaun Marcum;0,896
Mark Leiter;4;Mychal Givens;0,895
Mark Leiter;5;Joey Eischen;0,8887
Mark Lemke;1;Rudy Kemmler;0,9263
Mark Lemke;2;Rodney Scott;0,9185
Mark Lemke;3;Joe Lewis;0,8991
Mark Lemke;4;Henry Merchant;0,896
Mark Lemke;5;Enrique Wilson;0,8836
Mark Lewis;1;Brad Wellman;0,9077
Mark Lewis;2;Justin Grimm;0,8748
Mark Lewis;3;Ken Ryan;0,8703
Mark Lewis;4;Daisuke Matsuzaka;0,8695
Mark Lewis;5;Toby Borland;0,8633
Mark Littell;1;Hank Greenberg;0,9453
Mark Littell;2;Danny Patterson;0,9452
Mark Littell;3;Tommy McCraw;0,9411
Mark Littell;4;Andy Hansen;0,9398
Mark Littell;5;Hal Newhouser;0,9387
Mark Loretta;1;Javy Guerra;0,8491
Mark Loretta;2;Don Cardwell;0,8313
Mark Loretta;3;Tim Bogar;0,8183
Mark Loretta;4;Bryan Shaw;0,8174
Mark Loretta;5;Jake Beckley;0,8164
Mark Lowe;1;Ed Glynn;0,9762
Mark Lowe;2;Johnny Mostil;0,9704
Mark Lowe;3;Oscar Judd;0,9648
Mark Lowe;4;Kevin Jarvis;0,9585
Mark Lowe;5;Jesus Colome;0,9568
Mark McGwire;1;Wally Roettger;0,999
Mark McGwire;2;Will Cunnane;0,9987
Mark McGwire;3;Ryan Weber;0,9987
Mark McGwire;4;Jeremy Accardo;0,9987
Mark McGwire;5;Pat Clements;0,9987
Mark McLemore;1;Tim Laudner;0,942
Mark McLemore;2;Ernie Broglio;0,8851
Mark McLemore;3;Jack Crooks;0,8816
Mark McLemore;4;Pete Mikkelsen;0,8736
Mark McLemore;5;Phil Collins;0,8683
Mark Melancon;1;Ron Taylor;0,9685
Mark Melancon;2;Dutch Henry;0,9494
Mark Melancon;3;Ryan Brasier;0,9439
Mark Melancon;4;Tommy Boggs;0,9334
Mark Melancon;5;Esteban Yan;0,9236
Mark Mulder;1;John Roseboro;0,9631
Mark Mulder;2;John Moses;0,9522
Mark Mulder;3;Fred Frankhouse;0,9503
Mark Mulder;4;Aaron Boone;0,9466
Mark Mulder;5;Chick Hafey;0,945
Mark Parent;1;Roy Mahaffey;0,9927
Mark Parent;2;Fatty Briody;0,9889
Mark Parent;3;Ryan Weber;0,9879
Mark Parent;4;Will Cunnane;0,9879
Mark Parent;5;Jeremy Accardo;0,9879
Mark Petkovsek;1;Denny Neagle;0,9896
Mark Petkovsek;2;Spud Chandler;0,9249
Mark Petkovsek;3;D. J. Carrasco;0,9176
Mark Petkovsek;4;Bob Elliott;0,9144
Mark Petkovsek;5;Bill Lohrman;0,9088
Mark Portugal;1;Roy Partlow;0,9326
Mark Portugal;2;Todd Frohwirth;0,9301
Mark Portugal;3;Blaine Boyer;0,924
Mark Portugal;4;Henry Rodriguez;0,9192
Mark Portugal;5;Chris Davis;0,9183
Mark Redman;1;Ed Farmer;0,9614
Mark Redman;2;Shawn Chacon;0,9572
Mark Redman;3;Gary Lucas;0,9541
Mark Redman;4;Blaine Boyer;0,9502
Mark Redman;5;Tim Corcoran;0,9426
Mark Reynolds;1;Ezra Sutton;0,9682
Mark Reynolds;2;Bill White;0,9483
Mark Reynolds;3;Pink Hawley;0,9286
Mark Reynolds;4;Wil Cordero;0,9148
Mark Reynolds;5;Jim Thome;0,9116
Mark Salas;1;Jimmy McAleer;0,9818
Mark Salas;2;Rich Monteleone;0,9413
Mark Salas;3;Al Demaree;0,9299
Mark Salas;4;Turk Farrell;0,9258
Mark Salas;5;Jay Powell;0,9211
Mark Smith;1;Dave Leiper;0,9697
Mark Smith;2;Jason Jennings;0,9595
Mark Smith;3;Jose Alvarez;0,9496
Mark Smith;4;Atley Donald;0,9434
Mark Smith;5;Scott Sullivan;0,9418
Mark Sweeney;1;Brad Peacock;0,9144
Mark Sweeney;2;Ron Coomer;0,91
Mark Sweeney;3;Jim McGlothlin;0,908
Mark Sweeney;4;Chris Stratton;0,9043
Mark Sweeney;5;Jimmie Coker;0,8974
Mark Teixeira;1;Ildemaro Vargas;0,983
Mark Teixeira;2;Bob Brenly;0,9691
Mark Teixeira;3;Horace Clarke;0,9656
Mark Teixeira;4;Cesar Hernandez;0,9625
Mark Teixeira;5;Willie Calhoun;0,9593
Mark Thurmond;1;George Boehler;0,9909
Mark Thurmond;2;Tim Stoddard;0,9742
Mark Thurmond;3;Shawn Camp;0,9691
Mark Thurmond;4;Bob Humphreys;0,9525
Mark Thurmond;5;Ryan Thompson;0,9424
Mark Trumbo;1;Ron Brand;0,8728
Mark Trumbo;2;Tim Bogar;0,8663
Mark Trumbo;3;Dmitri Young;0,8561
Mark Trumbo;4;George Miller;0,8557
Mark Trumbo;5;Don Hoak;0,8553
Mark Wagner;1;Tom Brookens;0,9353
Mark Wagner;2;Robin Yount;0,935
Mark Wagner;3;Les Mann;0,9317
Mark Wagner;4;Dom Dallessandro;0,9063
Mark Wagner;5;Chuck Cottier;0,8722
Mark Whiten;1;Ryan Theriot;0,9094
Mark Whiten;2;Tommy Thomas;0,8971
Mark Whiten;3;Ramon Martinez;0,8637
Mark Whiten;4;Ben Grieve;0,8629
Mark Whiten;5;Torii Hunter;0,8346
Mark Williamson;1;Peanuts Lowrey;0,9458
Mark Williamson;2;Yadier Molina;0,9449
Mark Williamson;3;Tim Worrell;0,9289
Mark Williamson;4;Miguel Cabrera;0,92
Mark Williamson;5;Gregg Jefferies;0,9176
Mark Wohlers;1;George Culver;0,9739
Mark Wohlers;2;Ripper Collins;0,965
Mark Wohlers;3;Duane Ward;0,9622
Mark Wohlers;4;Chien-Ming Wang;0,961
Mark Wohlers;5;Bruce Edwards;0,9576
Marlin Carter;1;Glen Hobbie;0,9005
Marlin Carter;2;Jerry Martin;0,8886
Marlin Carter;3;Mike Aldrete;0,8839
Marlin Carter;4;Mark Salas;0,8756
Marlin Carter;5;Eddie Smith;0,8688
Marlon Anderson;1;Wally Bunker;0,927
Marlon Anderson;2;Woody Jensen;0,8851
Marlon Anderson;3;Trent Hubbard;0,8821
Marlon Anderson;4;Ewell Blackwell;0,8632
Marlon Anderson;5;Joe Smith;0,8587
Marlon Byrd;1;Luis Urias;0,9059
Marlon Byrd;2;Jim Deshaies;0,8964
Marlon Byrd;3;Ryan Theriot;0,8868
Marlon Byrd;4;Earl Grace;0,8784
Marlon Byrd;5;Woody Woodward;0,8738
Marquis Grissom;1;Al Todd;0,9852
Marquis Grissom;2;Bud Clancy;0,9851
Marquis Grissom;3;Jimmy Hill;0,981
Marquis Grissom;4;Ownie Carroll;0,9806
Marquis Grissom;5;Jim Keenan;0,9748
Martin Maldonado;1;Pete Broberg;0,9686
Martin Maldonado;2;Roger Repoz;0,9098
Martin Maldonado;3;Bryce Florie;0,899
Martin Maldonado;4;John Menefee;0,8871
Martin Maldonado;5;Frank DiPino;0,881
Martin Perez;1;Willie Horton;0,9249
Martin Perez;2;Firpo Marberry;0,9218
Martin Perez;3;Mike Garcia;0,9203
Martin Perez;4;Sergio Mitre;0,9174
Martin Perez;5;Bobby Adams;0,9171
Martin Prado;1;Dick Buckley;0,9729
Martin Prado;2;Boone Logan;0,9435
Martin Prado;3;Charlie Buffinton;0,927
Martin Prado;4;George Hemming;0,9135
Martin Prado;5;Frank Scheibeck;0,9123
Marty Barrett;1;Bobby Crosby;0,9913
Marty Barrett;2;Fatty Briody;0,9886
Marty Barrett;3;Kitty Bransfield;0,9871
Marty Barrett;4;Tom Jones;0,9849
Marty Barrett;5;Austin Hays;0,9847
Marty Cordova;1;Randy Knorr;0,973
Marty Cordova;2;Sadie McMahon;0,9537
Marty Cordova;3;Brad Havens;0,9426
Marty Cordova;4;Dave Tobik;0,9426
Marty Cordova;5;Matt Duffy;0,9405
Marty Keough;1;Bobby Thigpen;0,9272
Marty Keough;2;Dave Shean;0,9232
Marty Keough;3;Carl Willis;0,913
Marty Keough;4;Ed Spiezio;0,9112
Marty Keough;5;Cap Peterson;0,9073
Marty Marion;1;Stu Martin;0,9852
Marty Marion;2;Ed Killian;0,9503
Marty Marion;3;Jiggs Donahue;0,9456
Marty Marion;4;Chuck Crim;0,9412
Marty Marion;5;Jorge Velandia;0,9329
Marty McManus;1;Johnny Bassler;0,9982
Marty McManus;2;Wally Roettger;0,998
Marty McManus;3;Will Cunnane;0,998
Marty McManus;4;Ryan Weber;0,998
Marty McManus;5;Jeremy Accardo;0,998
Marty Pattin;1;Sheldon Jones;0,9387
Marty Pattin;2;Javier Valentin;0,9187
Marty Pattin;3;Pete Burnside;0,904
Marty Pattin;4;Brian Daubach;0,8845
Marty Pattin;5;Ernie Krueger;0,8601
Marty Perez;1;Sam Zoldak;0,9731
Marty Perez;2;Paul O'Neill;0,9717
Marty Perez;3;Cesar Geronimo;0,9717
Marty Perez;4;Scott Bradley;0,9695
Marty Perez;5;Howie Reed;0,9694
Martín Dihigo;1;Brian Dorsett;0,9966
Martín Dihigo;2;Jerry Walker;0,9966
Martín Dihigo;3;Aaron Fultz;0,9966
Martín Dihigo;4;Larry Casian;0,9965
Martín Dihigo;5;Leniel Hooker;0,9965
Marv Grissom;1;Miguel Sano;0,9698
Marv Grissom;2;Eric Milton;0,9462
Marv Grissom;3;Bert Adams;0,9415
Marv Grissom;4;Don Carrithers;0,9373
Marv Grissom;5;Don Robinson;0,9347
Marv Owen;1;Red Ehret;0,9603
Marv Owen;2;Wayne Terwilliger;0,8898
Marv Owen;3;Doyle Alexander;0,873
Marv Owen;4;Jake Peavy;0,8491
Marv Owen;5;Billy Werber;0,8412
Marvell Wynne;1;Dave Stieb;0,9526
Marvell Wynne;2;Ted Trent;0,9372
Marvell Wynne;3;Earl Sheely;0,9368
Marvell Wynne;4;Harry Perkowski;0,9348
Marvell Wynne;5;Jay Clarke;0,921
Marvin Barker;1;George Smith;0,8628
Marvin Barker;2;Jimmie Hall;0,8519
Marvin Barker;3;Brett Cecil;0,8476
Marvin Barker;4;Samuel Byrd;0,8128
Marvin Barker;5;Jason Christiansen;0,8004
Marvin Benard;1;Jim Coates;0,9469
Marvin Benard;2;Torey Lovullo;0,9451
Marvin Benard;3;Frankie Frisch;0,925
Marvin Benard;4;Fred Talbot;0,9061
Marvin Benard;5;Tony Armas;0,9036
Marvin Freeman;1;Tony Sipp;0,9451
Marvin Freeman;2;Ernie Johnson;0,9164
Marvin Freeman;3;Sean Bergman;0,8997
Marvin Freeman;4;Dave Leiper;0,897
Marvin Freeman;5;Joe Jimenez;0,8879
Marwin Gonzalez;1;Ian Happ;0,9396
Marwin Gonzalez;2;Keith Foulke;0,8978
Marwin Gonzalez;3;T. J. Mathews;0,8813
Marwin Gonzalez;4;Sanford Jackson;0,8781
Marwin Gonzalez;5;Bill Cissell;0,8706
Mat Latos;1;Wilmer Difo;0,9413
Mat Latos;2;Will Smith;0,931
Mat Latos;3;Kirby Yates;0,9268
Mat Latos;4;Ward Miller;0,9176
Mat Latos;5;Doug Rader;0,9068
Matt Adams;1;Mike Tiernan;0,8938
Matt Adams;2;Johnny Jones;0,8916
Matt Adams;3;Mike Squires;0,8888
Matt Adams;4;Dick Whitworth;0,8819
Matt Adams;5;Rudy Kemmler;0,8796
Matt Albers;1;Ray Washburn;0,9291
Matt Albers;2;Ken Holloway;0,8745
Matt Albers;3;Mike Shannon;0,8604
Matt Albers;4;Jim Willoughby;0,8582
Matt Albers;5;Tom Egan;0,8556
Matt Alexander;1;Ugueth Urbina;0,9995
Matt Alexander;2;Archie Bradley;0,9988
Matt Alexander;3;Kevin Ritz;0,9972
Matt Alexander;4;Joaquin Benoit;0,9861
Matt Alexander;5;Jason Adam;0,9793
Matt Andriese;1;Zach Duke;0,9988
Matt Andriese;2;Steve Bedrosian;0,997
Matt Andriese;3;Carl Furillo;0,9713
Matt Andriese;4;Don Elston;0,9668
Matt Andriese;5;Gary Sanchez;0,9626
Matt Barnes;1;Rafael Betancourt;1,0
Matt Barnes;2;Dave Eiland;1,0
Matt Barnes;3;Chasen Shreve;1,0
Matt Barnes;4;Chris Hatcher;1,0
Matt Barnes;5;John Brebbia;1,0
Matt Batts;1;Arlie Latham;0,9158
Matt Batts;2;Phil Collins;0,9008
Matt Batts;3;Jimmy Haynes;0,8934
Matt Batts;4;Kent Tekulve;0,8875
Matt Batts;5;Bill Caudill;0,8861
Matt Belisle;1;Charlie Lau;0,9382
Matt Belisle;2;John Lannan;0,909
Matt Belisle;3;Dave Nilsson;0,8689
Matt Belisle;4;Dee Brown;0,8684
Matt Belisle;5;Kirby Yates;0,8679
Matt Boyd;1;Stephen Piscotty;0,9642
Matt Boyd;2;Lonnie Chisenhall;0,9556
Matt Boyd;3;Mike Tyson;0,917
Matt Boyd;4;T. J. Mathews;0,9041
Matt Boyd;5;Tex Clevenger;0,8907
Matt Cain;1;Steve McCatty;0,9826
Matt Cain;2;Johnny Niggeling;0,9733
Matt Cain;3;Felix Heredia;0,9675
Matt Cain;4;John O'Donoghue;0,9547
Matt Cain;5;Austin Romine;0,9478
Matt Capps;1;Brandon Woodruff;0,9932
Matt Capps;2;Ricardo Rincon;0,9923
Matt Capps;3;Lucas Giolito;0,9843
Matt Capps;4;Gary Ross;0,9722
Matt Capps;5;Steve Pearce;0,9674
Matt Carlisle;1;Phil Douglas;0,8947
Matt Carlisle;2;Matt Treanor;0,8926
Matt Carlisle;3;Pedro Florimon;0,8911
Matt Carlisle;4;Bob Shawkey;0,8889
Matt Carlisle;5;Dave Orr;0,8889
Matt Carpenter;1;Dick Tracewski;0,9324
Matt Carpenter;2;Lou Louden;0,909
Matt Carpenter;3;Ron Robinson;0,8972
Matt Carpenter;4;Wilson Ramos;0,8682
Matt Carpenter;5;Aaron Miles;0,8659
Matt Chapman;1;A. J. Burnett;0,8988
Matt Chapman;2;Terry Moore;0,8756
Matt Chapman;3;George Winter;0,8715
Matt Chapman;4;Josh Bard;0,8594
Matt Chapman;5;Charlie Dexter;0,8506
Matt Clement;1;Riggs Stephenson;0,9692
Matt Clement;2;Russ Wrightstone;0,9593
Matt Clement;3;Jack Meyers;0,9378
Matt Clement;4;Eustaquio Pedroso;0,9286
Matt Clement;5;Webster McDonald;0,9273
Matt Diaz;1;Wes Parker;0,9806
Matt Diaz;2;Luke Hamlin;0,976
Matt Diaz;3;Garry Templeton;0,9721
Matt Diaz;4;Ed McFarland;0,9715
Matt Diaz;5;Cal Abrams;0,971
Matt Duffy;1;Marty Cordova;0,9405
Matt Duffy;2;Sadie McMahon;0,9323
Matt Duffy;3;Randy Knorr;0,9221
Matt Duffy;4;Johnny Ray;0,9119
Matt Duffy;5;Tatica Campos;0,9101
Matt Franco;1;Eric Byrnes;0,991
Matt Franco;2;Lamar Johnson;0,9816
Matt Franco;3;Rudy York;0,9792
Matt Franco;4;Bill Mueller;0,9726
Matt Franco;5;John Dopson;0,9717
Matt Garza;1;Jim Willoughby;0,9306
Matt Garza;2;Jack Hannahan;0,9286
Matt Garza;3;Phil Garner;0,8655
Matt Garza;4;Kevin Millwood;0,8585
Matt Garza;5;Yorvit Torrealba;0,8524
Matt Guerrier;1;Jay Powell;0,9756
Matt Guerrier;2;Rick Aguilera;0,9543
Matt Guerrier;3;Jose Alvarado;0,9473
Matt Guerrier;4;Tommy La Stella;0,9417
Matt Guerrier;5;Trevor Williams;0,9219
Matt Harrison;1;Dave Danforth;0,9843
Matt Harrison;2;Randall Delgado;0,9786
Matt Harrison;3;Harry Eisenstat;0,978
Matt Harrison;4;Chris Devenski;0,9772
Matt Harrison;5;Jose Veras;0,9772
Matt Harvey;1;Gary Ward;0,953
Matt Harvey;2;Cliff Johnson;0,906
Matt Harvey;3;Dave Bush;0,9004
Matt Harvey;4;Torey Lovullo;0,8872
Matt Harvey;5;Clyde Shoun;0,8859
Matt Herges;1;Gerry Arrigo;0,92
Matt Herges;2;Duke Cleveland;0,8995
Matt Herges;3;Dave Leiper;0,8994
Matt Herges;4;Rod Scurry;0,8802
Matt Herges;5;Milo Candini;0,8772
Matt Holliday;1;Brad Fullmer;0,9701
Matt Holliday;2;Taylor Teagarden;0,9596
Matt Holliday;3;Willie Calhoun;0,9522
Matt Holliday;4;Bill Doak;0,9484
Matt Holliday;5;Jiggs Donahue;0,9435
Matt Joyce;1;Russ Kemmerer;0,9534
Matt Joyce;2;Bud Daley;0,9352
Matt Joyce;3;Ron Swoboda;0,9265
Matt Joyce;4;Gordon Rhodes;0,9252
Matt Joyce;5;Lee Wade;0,924
Matt Kemp;1;Bobby Darwin;0,9352
Matt Kemp;2;John Irwin;0,9328
Matt Kemp;3;Tommie Reynolds;0,929
Matt Kemp;4;Bobby Crosby;0,9281
Matt Kemp;5;Jake Stahl;0,9278
Matt Keough;1;Charlie Hargreaves;0,8746
Matt Keough;2;Doug Griffin;0,8733
Matt Keough;3;Hank Sauer;0,8677
Matt Keough;4;Tom Brewer;0,8565
Matt Keough;5;Carlos Peña;0,8562
Matt Kilroy;1;Tom Brewer;0,9205
Matt Kilroy;2;John Lowenstein;0,9055
Matt Kilroy;3;Lucas Sims;0,9048
Matt Kilroy;4;Bill Bernhard;0,9
Matt Kilroy;5;Gino Cimoli;0,8999
Matt Lawton;1;Tommy Clarke;0,9181
Matt Lawton;2;Kevin Newman;0,9073
Matt Lawton;3;Tim Bogar;0,8943
Matt Lawton;4;Jim Whitney;0,87
Matt Lawton;5;Carlos Estevez;0,8614
Matt LeCroy;1;Buster Haywood;0,912
Matt LeCroy;2;Jonathan Sanchez;0,9107
Matt LeCroy;3;J. A. Happ;0,8986
Matt LeCroy;4;Marc Rzepczynski;0,8976
Matt LeCroy;5;Scott Service;0,8971
Matt Lindstrom;1;Kelly Stinnett;0,989
Matt Lindstrom;2;Bob Griffith;0,9389
Matt Lindstrom;3;Jaret Wright;0,9371
Matt Lindstrom;4;Pat Mahomes;0,9355
Matt Lindstrom;5;Atlee Hammaker;0,9355
Matt Mantei;1;George Sherrill;0,9986
Matt Mantei;2;Chad Fox;0,9971
Matt Mantei;3;Sal Yvars;0,98
Matt Mantei;4;Chris Zachary;0,9777
Matt Mantei;5;Tim Byrdak;0,9696
Matt Mieske;1;Omar Vizquel;0,9646
Matt Mieske;2;George McAllister;0,941
Matt Mieske;3;Pedro Astacio;0,9399
Matt Mieske;4;Roberto Perez;0,9358
Matt Mieske;5;Rob Wilfong;0,9187
Matt Moore;1;Dave Rader;0,9371
Matt Moore;2;Dion James;0,9264
Matt Moore;3;Jeanmar Gomez;0,9223
Matt Moore;4;T. J. Brown;0,9199
Matt Moore;5;George Culver;0,9162
Matt Morris;1;Jerry Zimmerman;0,9622
Matt Morris;2;Neil Walker;0,9562
Matt Morris;3;Jose Morales;0,9379
Matt Morris;4;Chick Fraser;0,9371
Matt Morris;5;Eddie Pellagrini;0,9352
Matt Nokes;1;Glenn Borgmann;0,9204
Matt Nokes;2;Ray Dandridge;0,9161
Matt Nokes;3;Valentín Dreke;0,9148
Matt Nokes;4;Wayne Krenchicki;0,9012
Matt Nokes;5;Derek Lilliquist;0,9006
Matt Olson;1;Al Lopez;0,9344
Matt Olson;2;Woody Woodward;0,9169
Matt Olson;3;Rusty Torres;0,9124
Matt Olson;4;Clyde McCullough;0,8939
Matt Olson;5;Bobby Avila;0,8775
Matt Shoemaker;1;Dan Pasqua;0,9804
Matt Shoemaker;2;Bob Humphreys;0,9648
Matt Shoemaker;3;George Boehler;0,9364
Matt Shoemaker;4;Mark Thurmond;0,9273
Matt Shoemaker;5;Dave Morehead;0,9113
Matt Sinatro;1;Jack Tobin;0,9837
Matt Sinatro;2;Babe Dahlgren;0,9819
Matt Sinatro;3;Jose Ramirez;0,9803
Matt Sinatro;4;Felix Evans;0,9762
Matt Sinatro;5;Alberto Reyes;0,9726
Matt Stairs;1;Al Lakeman;0,9628
Matt Stairs;2;Scott Barlow;0,9561
Matt Stairs;3;Jerry Dipoto;0,9285
Matt Stairs;4;Sean Burnett;0,9251
Matt Stairs;5;Aaron Sele;0,9197
Matt Strahm;1;Steve Ontiveros;0,9648
Matt Strahm;2;Jack Kralick;0,9502
Matt Strahm;3;Gene Mauch;0,947
Matt Strahm;4;Justin Speier;0,9439
Matt Strahm;5;Lou Klimchock;0,9423
Matt Thornton;1;Chuck Taylor;0,9845
Matt Thornton;2;Roy K. Williams;0,9693
Matt Thornton;3;Jimmy Wasdell;0,949
Matt Thornton;4;Mike Jeffcoat;0,9342
Matt Thornton;5;Ross Ohlendorf;0,9224
Matt Treanor;1;Pedro Florimon;0,9454
Matt Treanor;2;Orator Shafer;0,9293
Matt Treanor;3;Klondike Douglass;0,9284
Matt Treanor;4;Donne Wall;0,9258
Matt Treanor;5;Lenny Green;0,9244
Matt Walbeck;1;Nomar Garciaparra;0,9462
Matt Walbeck;2;Larry Twitchell;0,9315
Matt Walbeck;3;Ed Willett;0,8989
Matt Walbeck;4;Eddie Robinson;0,8949
Matt Walbeck;5;Mike Hershberger;0,8949
Matt Whiteside;1;Jeff Francoeur;0,9628
Matt Whiteside;2;Stu Martin;0,9534
Matt Whiteside;3;Chris Heisey;0,9513
Matt Whiteside;4;Jorge Velandia;0,9456
Matt Whiteside;5;Tex Clevenger;0,936
Matt Wieters;1;Curt Blefary;0,8766
Matt Wieters;2;Sadie Houck;0,851
Matt Wieters;3;Tom Lawless;0,8373
Matt Wieters;4;Pat Patterson;0,8213
Matt Wieters;5;Johnny Moore;0,787
Matt Williams;1;Earl Battey;0,9925
Matt Williams;2;Ray Herbert;0,9912
Matt Williams;3;Nick Punto;0,9901
Matt Williams;4;Brian Matusz;0,9882
Matt Williams;5;Alan Benes;0,9882
Matt Young;1;George Sherrill;0,902
Matt Young;2;Scott Schoeneweis;0,9005
Matt Young;3;Chad Fox;0,9005
Matt Young;4;Mike Flanagan;0,9001
Matt Young;5;Sal Yvars;0,8859
Matty Alou;1;Roger Repoz;0,9058
Matty Alou;2;Dave Mlicki;0,8819
Matty Alou;3;Juanelo Mirabal;0,8774
Matty Alou;4;Max Surkont;0,8672
Matty Alou;5;Alan Bannister;0,8662
Matty McIntyre;1;Greg Maddux;0,9731
Matty McIntyre;2;Edgar Wesley;0,9506
Matty McIntyre;3;Jose Lobaton;0,9053
Matty McIntyre;4;Nick Esasky;0,9027
Matty McIntyre;5;Cy Falkenberg;0,8979
Matías Ríos;1;Newt Joseph;0,9706
Matías Ríos;2;Odell Hale;0,9597
Matías Ríos;3;Todd Hundley;0,9541
Matías Ríos;4;Dan Uggla;0,9398
Matías Ríos;5;Bill Bernhard;0,9364
Maury Wills;1;Chris Johnson;0,9092
Maury Wills;2;Steve Parris;0,8859
Maury Wills;3;Joe Green;0,8837
Maury Wills;4;Donnie Sadler;0,8835
Maury Wills;5;Wil Ledezma;0,8796
Max Alvis;1;Tommy Bond;0,9834
Max Alvis;2;Art Shamsky;0,9728
Max Alvis;3;John Denny;0,9554
Max Alvis;4;Bobby Locke;0,942
Max Alvis;5;Harry Wolverton;0,939
Max Bishop;1;William Binga;0,9193
Max Bishop;2;Ozzie Albies;0,8708
Max Bishop;3;Pedro Martinez;0,8674
Max Bishop;4;Billy Cox;0,8645
Max Bishop;5;Andy Coakley;0,8576
Max Butcher;1;Blainey Hall;0,9442
Max Butcher;2;Honus Wagner;0,9316
Max Butcher;3;Larry Benton;0,8743
Max Butcher;4;Rich DeLucia;0,8441
Max Butcher;5;Johnny Rigney;0,8438
Max Carey;1;Dick Tracewski;0,9634
Max Carey;2;Adam Comorosky;0,8783
Max Carey;3;Aaron Miles;0,8702
Max Carey;4;Lou Louden;0,861
Max Carey;5;Dave Anderson;0,8469
Max Flack;1;Bryan Rekar;0,9078
Max Flack;2;Bob Heise;0,8687
Max Flack;3;Jerry Narron;0,8529
Max Flack;4;Ruben Jones;0,8333
Max Flack;5;Nels Potter;0,8314
Max Fried;1;Ed Nunez;0,9171
Max Fried;2;Greg Walker;0,9134
Max Fried;3;Floyd Robinson;0,8956
Max Fried;4;Kyle Lohse;0,8934
Max Fried;5;So Taguchi;0,89
Max Kepler;1;Matt Franco;0,9608
Max Kepler;2;John Dopson;0,9523
Max Kepler;3;Cap Peterson;0,9444
Max Kepler;4;Ray Herbert;0,9193
Max Kepler;5;Harry Walker;0,911
Max Lanier;1;Sandy Alcantara;0,9621
Max Lanier;2;Jerry Dipoto;0,9421
Max Lanier;3;Eric Haase;0,9402
Max Lanier;4;Eddie Lake;0,9356
Max Lanier;5;Bud Daley;0,9214
Max Manning;1;Pete Schourek;0,994
Max Manning;2;Brian Boehringer;0,994
Max Manning;3;Jeff Francis;0,994
Max Manning;4;Brad Havens;0,994
Max Manning;5;Joe Borowski;0,994
Max Muncy;1;Bill Gleason;0,8969
Max Muncy;2;Pedro Ramos;0,8868
Max Muncy;3;Cecil Upshaw;0,8867
Max Muncy;4;Oscar Judd;0,8758
Max Muncy;5;Pete Orr;0,8506
Max Scherzer;1;Aaron Hill;0,919
Max Scherzer;2;Lou Bierbauer;0,8991
Max Scherzer;3;Jim Brown;0,8825
Max Scherzer;4;Jim Abbott;0,8762
Max Scherzer;5;Doug Griffin;0,8707
Max Stassi;1;Luis Aquino;0,9843
Max Stassi;2;Wesley Wright;0,9832
Max Stassi;3;Frank Baumann;0,965
Max Stassi;4;Doug Clemens;0,9618
Max Stassi;5;Carl Willis;0,9601
Max Surkont;1;Juanelo Mirabal;0,9811
Max Surkont;2;Dave Mlicki;0,9592
Max Surkont;3;Rheal Cormier;0,9409
Max Surkont;4;Dave Collins;0,9388
Max Surkont;5;Bill Haselman;0,938
Max Venable;1;Bobby Crosby;0,9808
Max Venable;2;Austin Hays;0,9803
Max Venable;3;Bobby Darwin;0,9764
Max Venable;4;Thurman Tucker;0,9704
Max Venable;5;Rich Becker;0,9692
Mel Hall;1;J. C. Romero;0,9569
Mel Hall;2;Sandy Alcantara;0,9522
Mel Hall;3;Jay Bruce;0,9287
Mel Hall;4;Fred Brickell;0,9183
Mel Hall;5;Jake Wade;0,9175
Mel Harder;1;George Stovall;0,9479
Mel Harder;2;Chris Heisey;0,9472
Mel Harder;3;Logan Morrison;0,9457
Mel Harder;4;Tom Satriano;0,9352
Mel Harder;5;Don Mincher;0,9351
Mel Ott;1;Steven Souza;0,9857
Mel Ott;2;Tom Jones;0,9828
Mel Ott;3;Bud Clancy;0,9825
Mel Ott;4;Joe Collins;0,9793
Mel Ott;5;Billy Klaus;0,9783
Mel Parnell;1;Thurman Tucker;0,9335
Mel Parnell;2;Jeff Branson;0,9253
Mel Parnell;3;Chris Carter;0,9016
Mel Parnell;4;Victor Martinez;0,8956
Mel Parnell;5;Benny Frey;0,8948
Mel Queen;1;Esteban German;0,9454
Mel Queen;2;Juan Carlos Oviedo;0,934
Mel Queen;3;Johnny Estrada;0,9203
Mel Queen;4;Dylan Floro;0,9172
Mel Queen;5;Chuck Dobson;0,915
Mel Rojas;1;Christian Vazquez;0,9194
Mel Rojas;2;Johnny Oates;0,9193
Mel Rojas;3;Hideo Nomo;0,9137
Mel Rojas;4;Carlos Estevez;0,9001
Mel Rojas;5;Bart Johnson;0,8939
Mel Stottlemyre;1;Recurvon Terán;0,8096
Mel Stottlemyre;2;Garth Iorg;0,7992
Mel Stottlemyre;3;Clem Labine;0,7709
Mel Stottlemyre;4;Luis Polonia;0,7663
Mel Stottlemyre;5;Dave Gallagher;0,766
Melido Perez;1;Craig Kimbrel;0,994
Melido Perez;2;Mike Tauchman;0,9939
Melido Perez;3;George LaChance;0,9914
Melido Perez;4;Lou Brock;0,9911
Melido Perez;5;Clint Courtney;0,9904
Melky Cabrera;1;Leroy Stanton;0,9012
Melky Cabrera;2;Danny Green;0,8967
Melky Cabrera;3;Daniel Descalso;0,871
Melky Cabrera;4;Cy Blanton;0,86
Melky Cabrera;5;Pat Putnam;0,8596
Melvin Mora;1;Benny Kauff;0,9013
Melvin Mora;2;Jim Willoughby;0,8864
Melvin Mora;3;Steve Dillard;0,8749
Melvin Mora;4;Sheldon Jones;0,8734
Melvin Mora;5;Erv Palica;0,8442
Merv Rettenmund;1;Chick Shorten;0,9427
Merv Rettenmund;2;Tom Cheney;0,9119
Merv Rettenmund;3;Bryce Florie;0,8878
Merv Rettenmund;4;Chad Billingsley;0,8673
Merv Rettenmund;5;Shane Victorino;0,8637
Merv Shea;1;Grant Balfour;0,9923
Merv Shea;2;Heath Bell;0,9923
Merv Shea;3;Jouett Meekin;0,9868
Merv Shea;4;Dale Long;0,9838
Merv Shea;5;Tanyon Sturtze;0,9815
Michael Barrett;1;Robert Person;0,9812
Michael Barrett;2;Deron Johnson;0,9745
Michael Barrett;3;Fred Tenney;0,9695
Michael Barrett;4;Pete O'Brien;0,968
Michael Barrett;5;Brad Komminsk;0,9652
Michael Bourn;1;Mike Davis;0,9297
Michael Bourn;2;Shane Victorino;0,9249
Michael Bourn;3;Steve Jeltz;0,9249
Michael Bourn;4;Carl Reynolds;0,9054
Michael Bourn;5;Juan Encarnacion;0,8999
Michael Brantley;1;Bill Schroeder;0,937
Michael Brantley;2;Buck Weaver;0,8963
Michael Brantley;3;Art Shamsky;0,8828
Michael Brantley;4;Tim Donahue;0,872
Michael Brantley;5;Adam Frazier;0,8711
Michael Conforto;1;Joe Spencer;0,9832
Michael Conforto;2;Ray Powell;0,9266
Michael Conforto;3;Danny Espinosa;0,9062
Michael Conforto;4;Bobby Ayala;0,9029
Michael Conforto;5;Wilmer Difo;0,8882
Michael Cuddyer;1;Clyde Manion;0,9315
Michael Cuddyer;2;Matt Mantei;0,9188
Michael Cuddyer;3;George Sherrill;0,9175
Michael Cuddyer;4;Chad Fox;0,9162
Michael Cuddyer;5;Sal Yvars;0,8969
Michael Fulmer;1;Craig Lefferts;0,9913
Michael Fulmer;2;Dick Lundy;0,989
Michael Fulmer;3;Tony Peña;0,9555
Michael Fulmer;4;John Titus;0,946
Michael Fulmer;5;Pete Browning;0,9411
Michael Jackson;1;Jason Johnson;0,9072
Michael Jackson;2;Zack Littell;0,9037
Michael Jackson;3;Bill Voss;0,8861
Michael Jackson;4;Tyler Houston;0,8632
Michael Jackson;5;Josh Tomlin;0,8618
Michael Lorenzen;1;Tom Carey;0,909
Michael Lorenzen;2;Josh Wilson;0,8998
Michael Lorenzen;3;Will Owens;0,8607
Michael Lorenzen;4;Nish Williams;0,8477
Michael Lorenzen;5;Brett Myers;0,8445
Michael Pineda;1;Jim Pagliaroni;0,9573
Michael Pineda;2;Cub Stricker;0,9221
Michael Pineda;3;Pud Galvin;0,9055
Michael Pineda;4;Johnny Mize;0,9021
Michael Pineda;5;Darnell Coles;0,8945
Michael Saunders;1;Jake Daubert;0,9483
Michael Saunders;2;Will Owens;0,9227
Michael Saunders;3;Aaron Heilman;0,904
Michael Saunders;4;Bill Doak;0,903
Michael Saunders;5;Walt Moryn;0,8773
Michael Taylor;1;Shane Reynolds;0,9397
Michael Taylor;2;Dave Rosello;0,9226
Michael Taylor;3;Carlos Hernandez;0,92
Michael Taylor;4;Devin Mesoraco;0,9064
Michael Taylor;5;Tim Naehring;0,8988
Michael Tucker;1;Esteban Yan;0,9237
Michael Tucker;2;Dutch Henry;0,9054
Michael Tucker;3;Preacher Henry;0,8769
Michael Tucker;4;Ryan Brasier;0,8613
Michael Tucker;5;Jacoby Ellsbury;0,8441
Michael Wacha;1;Jim Pendleton;0,884
Michael Wacha;2;Daniel Hudson;0,8789
Michael Wacha;3;Josh Willingham;0,8647
Michael Wacha;4;Charlie Hargreaves;0,8538
Michael Wacha;5;Devin Mesoraco;0,8499
Michael Wuertz;1;Jose Alvarado;0,9901
Michael Wuertz;2;Rick Aguilera;0,9887
Michael Wuertz;3;Dominic Leone;0,9879
Michael Wuertz;4;John Morris;0,9662
Michael Wuertz;5;Sandy Martinez;0,9654
Michael Young;1;Eddie Smith;0,9215
Michael Young;2;Doug McWeeny;0,9089
Michael Young;3;Bill Bonham;0,9077
Michael Young;4;Fred Carroll;0,8968
Michael Young;5;Juan Nicasio;0,8943
Mick Kelleher;1;Bob Johnson;0,9146
Mick Kelleher;2;Aaron Laffey;0,9054
Mick Kelleher;3;Shelby Miller;0,8975
Mick Kelleher;4;Herman Bell;0,8875
Mick Kelleher;5;Scot Thompson;0,8853
Mickey Cochrane;1;Juan Rincon;0,9292
Mickey Cochrane;2;Kerry Ligtenberg;0,9156
Mickey Cochrane;3;Hyun Jin Ryu;0,9069
Mickey Cochrane;4;Aaron Sanchez;0,9039
Mickey Cochrane;5;Julio Gotay;0,8899
Mickey Doolin;1;George Toporcer;0,9517
Mickey Doolin;2;John Coleman;0,9421
Mickey Doolin;3;Felipe Sierra;0,9346
Mickey Doolin;4;Jelly Jackson;0,9056
Mickey Doolin;5;Orville Singer;0,8844
Mickey Haefner;1;Jimmy Binder;0,9374
Mickey Haefner;2;Ed Kirkpatrick;0,9191
Mickey Haefner;3;Mike Bielecki;0,9061
Mickey Haefner;4;Christian Yelich;0,9022
Mickey Haefner;5;Ryan Langerhans;0,8903
Mickey Harris;1;Kevin Jepsen;0,9512
Mickey Harris;2;Mike Ryba;0,9354
Mickey Harris;3;Mike Munoz;0,9069
Mickey Harris;4;Heavy Johnson;0,9053
Mickey Harris;5;Rod Scurry;0,9045
Mickey Hatcher;1;Frank Scheibeck;0,968
Mickey Hatcher;2;Willie Calhoun;0,9641
Mickey Hatcher;3;Roy Lee Jackson;0,9446
Mickey Hatcher;4;Joe Astroth;0,9397
Mickey Hatcher;5;Horace Clarke;0,9395
Mickey Klutts;1;Jeff Kunkel;0,9584
Mickey Klutts;2;Dan Wilson;0,9494
Mickey Klutts;3;General Crowder;0,9398
Mickey Klutts;4;Ira Flagstead;0,9384
Mickey Klutts;5;Ron Tingley;0,9377
Mickey Livingston;1;Wally Roettger;0,9981
Mickey Livingston;2;Luis Ayala;0,9977
Mickey Livingston;3;Sean Doolittle;0,9977
Mickey Livingston;4;Blake Parker;0,9977
Mickey Livingston;5;Joe Thatcher;0,9977
Mickey Lolich;1;Bob Horner;0,9485
Mickey Lolich;2;Ray Fisher;0,9243
Mickey Lolich;3;Patsy Gharrity;0,9023
Mickey Lolich;4;Con Daily;0,8997
Mickey Lolich;5;Doug Camilli;0,8818
Mickey Mantle;1;Charlie Dexter;0,9166
Mickey Mantle;2;Aledmys Diaz;0,9118
Mickey Mantle;3;Emmett Seery;0,9106
Mickey Mantle;4;Dansby Swanson;0,9066
Mickey Mantle;5;Reb Russell;0,8933
Mickey McDermott;1;Whitey Kurowski;0,9388
Mickey McDermott;2;Fred Hatfield;0,9285
Mickey McDermott;3;Mike Kahoe;0,9193
Mickey McDermott;4;Prince Fielder;0,9181
Mickey McDermott;5;Carl Morton;0,9138
Mickey Morandini;1;John Lannan;0,9747
Mickey Morandini;2;Wally Bunker;0,9587
Mickey Morandini;3;Gary Woods;0,9352
Mickey Morandini;4;Ron Roenicke;0,9296
Mickey Morandini;5;Dick Selma;0,9262
Mickey O'Neil;1;Al Mamaux;0,8969
Mickey O'Neil;2;John Smoltz;0,8895
Mickey O'Neil;3;Bob Clarke;0,8844
Mickey O'Neil;4;Travis Ishikawa;0,8749
Mickey O'Neil;5;Fernando Valenzuela;0,8659
Mickey Owen;1;Eddie Murray;0,9267
Mickey Owen;2;Charlie Gelbert;0,9096
Mickey Owen;3;Sadie Houck;0,8806
Mickey Owen;4;Kyle Freeland;0,8733
Mickey Owen;5;Bill Bernhard;0,846
Mickey Rivers;1;Aaron Small;0,9574
Mickey Rivers;2;Drew Storen;0,9574
Mickey Rivers;3;Justin Duchscherer;0,9574
Mickey Rivers;4;Jonathan Loaisiga;0,9574
Mickey Rivers;5;Tim Stauffer;0,9574
Mickey Stanley;1;Chad Gaudin;0,8969
Mickey Stanley;2;Carl Weilman;0,837
Mickey Stanley;3;Garrett Richards;0,8295
Mickey Stanley;4;Drew Stubbs;0,8272
Mickey Stanley;5;Ramon Laureano;0,8223
Mickey Tettleton;1;Jeff McNeil;0,9615
Mickey Tettleton;2;Brady Clark;0,9202
Mickey Tettleton;3;Trevor Plouffe;0,8931
Mickey Tettleton;4;Chris Herrmann;0,8853
Mickey Tettleton;5;Adam Melhuse;0,8794
Mickey Vernon;1;Benny Bengough;0,9162
Mickey Vernon;2;Koyie Hill;0,8685
Mickey Vernon;3;Rudy Kemmler;0,8399
Mickey Vernon;4;David Newhan;0,8252
Mickey Vernon;5;Jim Wohlford;0,8218
Mickey Welch;1;Preston Ward;0,8482
Mickey Welch;2;Mike Norris;0,8048
Mickey Welch;3;Jimmy Brown;0,7986
Mickey Welch;4;Lave Cross;0,7946
Mickey Welch;5;Scott Williamson;0,7681
Midre Cummings;1;Bill Stafford;0,9414
Midre Cummings;2;Neal Cotts;0,926
Midre Cummings;3;Dennis Cook;0,9246
Midre Cummings;4;Claude Passeau;0,9033
Midre Cummings;5;Jack Heidemann;0,8986
Miguel Andujar;1;Manny Parra;0,9898
Miguel Andujar;2;Mike Myers;0,9805
Miguel Andujar;3;Chris Devenski;0,98
Miguel Andujar;4;Jose Veras;0,9793
Miguel Andujar;5;Corey Knebel;0,9793
Miguel Batista;1;C. J. Wilson;0,9334
Miguel Batista;2;Jake Gibbs;0,9011
Miguel Batista;3;Monte Weaver;0,8837
Miguel Batista;4;Randy Knorr;0,8819
Miguel Batista;5;Matt Duffy;0,8782
Miguel Cabrera;1;Dann Bilardello;0,9683
Miguel Cabrera;2;Bill Duggleby;0,9257
Miguel Cabrera;3;Chris Codiroli;0,9256
Miguel Cabrera;4;Mark Williamson;0,92
Miguel Cabrera;5;Kevin Frandsen;0,9023
Miguel Cairo;1;Don Demeter;0,9411
Miguel Cairo;2;Jack Warhop;0,9178
Miguel Cairo;3;Reynaldo Lopez;0,9155
Miguel Cairo;4;Rick Langford;0,9149
Miguel Cairo;5;Jack Harshman;0,9006
Miguel Castro;1;Kerry Ligtenberg;0,9473
Miguel Castro;2;Jose Gonzalez;0,9349
Miguel Castro;3;Toby Borland;0,9246
Miguel Castro;4;Bryan Rekar;0,9168
Miguel Castro;5;Pete Booker;0,9035
Miguel Dilone;1;Bob McGraw;0,9548
Miguel Dilone;2;Bobby Adams;0,8695
Miguel Dilone;3;Otto Briggs;0,8689
Miguel Dilone;4;Virgil Barnes;0,8524
Miguel Dilone;5;Ken Oberkfell;0,8367
Miguel Montero;1;Steve Dillard;0,8942
Miguel Montero;2;Mitchell Murray;0,8938
Miguel Montero;3;Abraham Nunez;0,8705
Miguel Montero;4;Casey McGehee;0,8692
Miguel Montero;5;Steve Brye;0,8649
Miguel Olivo;1;Butch Hobson;0,9617
Miguel Olivo;2;Woody Woodward;0,9453
Miguel Olivo;3;Kyle Farmer;0,9407
Miguel Olivo;4;Matt Olson;0,8693
Miguel Olivo;5;Frank Malzone;0,8608
Miguel Rojas;1;Dave Gallagher;0,9076
Miguel Rojas;2;Rowdy Tellez;0,8979
Miguel Rojas;3;Art Ditmar;0,883
Miguel Rojas;4;Jim Beauchamp;0,8755
Miguel Rojas;5;Amos Strunk;0,8717
Miguel Sano;1;Marv Grissom;0,9698
Miguel Sano;2;Brendan Donnelly;0,929
Miguel Sano;3;Chris Codiroli;0,92
Miguel Sano;4;Lefty Tyler;0,9156
Miguel Sano;5;Rico Carty;0,9099
Miguel Tejada;1;Brian Matusz;0,9687
Miguel Tejada;2;Dennis Powell;0,9687
Miguel Tejada;3;Paul Gibson;0,9687
Miguel Tejada;4;Alan Benes;0,9687
Miguel Tejada;5;Bert Gallia;0,9672
Miguel de la Hoz;1;James Casey;0,9478
Miguel de la Hoz;2;George Frazier;0,8762
Miguel de la Hoz;3;Horace Lisenbee;0,8671
Miguel de la Hoz;4;Ronald Acuña;0,8387
Miguel de la Hoz;5;John Lowenstein;0,8367
Mike Adams;1;Jeffrey Springs;0,9952
Mike Adams;2;Rafael Montero;0,9952
Mike Adams;3;Dan Bankhead;0,9952
Mike Adams;4;Carson Fulmer;0,9952
Mike Adams;5;Ben Gamel;0,9948
Mike Aldrete;1;Dave Kingman;0,9857
Mike Aldrete;2;Framber Valdez;0,9556
Mike Aldrete;3;Chris Herrmann;0,9443
Mike Aldrete;4;Adam Melhuse;0,944
Mike Aldrete;5;Dennis Leonard;0,913
Mike Anderson;1;Pat Putnam;0,9641
Mike Anderson;2;Vic Correll;0,9417
Mike Anderson;3;Milt Gaston;0,9382
Mike Anderson;4;Pep Young;0,9307
Mike Anderson;5;Johnny Morrison;0,9138
Mike Andrews;1;Gus Zernial;0,9574
Mike Andrews;2;Ray Scarborough;0,9352
Mike Andrews;3;Gary Gaetti;0,927
Mike Andrews;4;Hippo Vaughn;0,9254
Mike Andrews;5;Jim Bibby;0,9082
Mike Aviles;1;Gary Lucas;0,9574
Mike Aviles;2;Shawn Chacon;0,9074
Mike Aviles;3;Warren Brusstar;0,9018
Mike Aviles;4;Newt Joseph;0,8988
Mike Aviles;5;Junichi Tazawa;0,8983
Mike Benjamin;1;Phil Marchildon;0,956
Mike Benjamin;2;Tomo Ohka;0,9207
Mike Benjamin;3;Dick Littlefield;0,9182
Mike Benjamin;4;Garrett Cooper;0,9181
Mike Benjamin;5;Mike Anderson;0,9097
Mike Bielecki;1;Mickey Haefner;0,9061
Mike Bielecki;2;Max Surkont;0,9014
Mike Bielecki;3;Sol White;0,9013
Mike Bielecki;4;Paul Blackburn;0,8956
Mike Bielecki;5;Ryan Langerhans;0,8902
Mike Blowers;1;Starling Marte;0,9296
Mike Blowers;2;Joe Gerhardt;0,9225
Mike Blowers;3;Bennie Daniels;0,9175
Mike Blowers;4;Glenn Myatt;0,9127
Mike Blowers;5;Del Pratt;0,9109
Mike Boddicker;1;Willie Calhoun;0,9879
Mike Boddicker;2;Yonder Alonso;0,9852
Mike Boddicker;3;Bob Brenly;0,981
Mike Boddicker;4;Ildemaro Vargas;0,9788
Mike Boddicker;5;Johnny Burnett;0,9758
Mike Bordick;1;Carl Morton;0,9238
Mike Bordick;2;Maikel Franco;0,8712
Mike Bordick;3;Al Newman;0,8479
Mike Bordick;4;Mike Epstein;0,843
Mike Bordick;5;Bill North;0,8401
Mike Caldwell;1;Pedro Severino;0,9342
Mike Caldwell;2;Rafael Ortega;0,9018
Mike Caldwell;3;Luis Melendez;0,9009
Mike Caldwell;4;Charlie Reilly;0,8919
Mike Caldwell;5;Leron Lee;0,8853
Mike Cameron;1;Big Bill Smith;0,9063
Mike Cameron;2;Larry Cheney;0,8864
Mike Cameron;3;Percy Jones;0,8644
Mike Cameron;4;Jake Gibbs;0,8559
Mike Cameron;5;George Suggs;0,8521
Mike Clevinger;1;Ollie Brown;0,969
Mike Clevinger;2;Alex Wood;0,9454
Mike Clevinger;3;Mike Pagliarulo;0,9451
Mike Clevinger;4;Larry Walker;0,9263
Mike Clevinger;5;Sam Bennett;0,9236
Mike Cubbage;1;Country Brown;0,9714
Mike Cubbage;2;George Case;0,9174
Mike Cubbage;3;Kurt Abbott;0,9093
Mike Cubbage;4;Jose Offerman;0,8946
Mike Cubbage;5;Mudcat Grant;0,8913
Mike Cuellar;1;Donne Wall;0,9847
Mike Cuellar;2;Charlie Mason;0,9536
Mike Cuellar;3;Mike Harkey;0,9263
Mike Cuellar;4;Dennis Springer;0,9174
Mike Cuellar;5;Klondike Douglass;0,9125
Mike Davis;1;Eddie Fisher;0,93
Mike Davis;2;Michael Bourn;0,9297
Mike Davis;3;Tony Tarasco;0,9218
Mike Davis;4;Atley Donald;0,8927
Mike Davis;5;Ray Fosse;0,8702
Mike DeJean;1;Ryan Weber;1,0
Mike DeJean;2;Will Cunnane;1,0
Mike DeJean;3;Jeremy Accardo;1,0
Mike DeJean;4;Pat Clements;1,0
Mike DeJean;5;Wally Roettger;0,9991
Mike Devereaux;1;Danny McClellan;0,9309
Mike Devereaux;2;Jay Payton;0,9253
Mike Devereaux;3;Leonys Martin;0,9072
Mike Devereaux;4;Steve Nicosia;0,9035
Mike Devereaux;5;Mike Felder;0,8965
Mike Difelice;1;Pat Sheridan;0,8789
Mike Difelice;2;Cam Carreon;0,8788
Mike Difelice;3;Mike Lowell;0,8734
Mike Difelice;4;Wayne Garrett;0,871
Mike Difelice;5;Larry Cox;0,871
Mike Donlin;1;Juan Soto;0,9163
Mike Donlin;2;Shane Greene;0,8966
Mike Donlin;3;Frank Viola;0,877
Mike Donlin;4;Luis Guillorme;0,8695
Mike Donlin;5;Ozzie Albies;0,8227
Mike Dorgan;1;Andres Blanco;0,9134
Mike Dorgan;2;Bert Blyleven;0,872
Mike Dorgan;3;Kyle Seager;0,8687
Mike Dorgan;4;Steve Busby;0,8686
Mike Dorgan;5;Doug Griffin;0,8525
Mike Dunn;1;Roger Repoz;0,9349
Mike Dunn;2;Roberto Hernandez;0,9315
Mike Dunn;3;Chad Durbin;0,9087
Mike Dunn;4;Shelby Miller;0,8995
Mike Dunn;5;Dan Jennings;0,8952
Mike Easler;1;Buck Ewing;0,9961
Mike Easler;2;Ken Heintzelman;0,9955
Mike Easler;3;Austin Hays;0,9924
Mike Easler;4;J. C. Martin;0,9907
Mike Easler;5;Curt Schilling;0,9905
Mike Epstein;1;Stan Musial;0,9407
Mike Epstein;2;Mike Kahoe;0,927
Mike Epstein;3;Heinie Peitz;0,919
Mike Epstein;4;Eric McNair;0,9183
Mike Epstein;5;Stan Bahnsen;0,9108
Mike Felder;1;Adolfo Phillips;0,9578
Mike Felder;2;Joe Christopher;0,9432
Mike Felder;3;John Mayberry;0,9097
Mike Felder;4;Mike Devereaux;0,8965
Mike Felder;5;Al Nixon;0,8913
Mike Fetters;1;Dillon Gee;0,9342
Mike Fetters;2;Nick Masset;0,925
Mike Fetters;3;Ron Roenicke;0,8978
Mike Fetters;4;Teddy Higuera;0,8782
Mike Fetters;5;Ryan Brasier;0,8695
Mike Fiers;1;Raimel Tapia;0,9662
Mike Fiers;2;Trevor Wilson;0,958
Mike Fiers;3;Roy Cullenbine;0,941
Mike Fiers;4;Nick Martinez;0,9388
Mike Fiers;5;Dee Brown;0,9149
Mike Fischlin;1;Kevin Plawecki;0,9528
Mike Fischlin;2;Billy Sample;0,9482
Mike Fischlin;3;Nick Martinez;0,9296
Mike Fischlin;4;Birdie Tebbetts;0,9137
Mike Fischlin;5;Carlos Delgado;0,9103
Mike Fitzgerald;1;Earl Smith;0,9599
Mike Fitzgerald;2;John McGraw;0,9254
Mike Fitzgerald;3;Fats Jenkins;0,9189
Mike Fitzgerald;4;Bob Gibson;0,9188
Mike Fitzgerald;5;Stephen Strasburg;0,8947
Mike Flanagan;1;Tom House;0,9533
Mike Flanagan;2;Jim Delsing;0,93
Mike Flanagan;3;Doug McWeeny;0,9254
Mike Flanagan;4;Matt Young;0,9001
Mike Flanagan;5;Mario Mendoza;0,8905
Mike Fornieles;1;Willie Bloomquist;0,948
Mike Fornieles;2;Josh Johnson;0,9246
Mike Fornieles;3;Cy Morgan;0,9226
Mike Fornieles;4;Cy Williams;0,8734
Mike Fornieles;5;Robb Quinlan;0,8701
Mike Gallego;1;Sean Bergman;0,9229
Mike Gallego;2;Red Wilson;0,8966
Mike Gallego;3;George Suggs;0,8923
Mike Gallego;4;Steve Jeltz;0,885
Mike Gallego;5;Lance Richbourg;0,8813
Mike Garcia;1;Bobby Adams;0,9918
Mike Garcia;2;Willie Horton;0,989
Mike Garcia;3;Firpo Marberry;0,956
Mike Garcia;4;Joaquin Benoit;0,9543
Mike Garcia;5;Hughie Jennings;0,9333
Mike Gonzalez;1;Mike Adams;0,9921
Mike Gonzalez;2;Luis Quinones;0,9852
Mike Gonzalez;3;Tom Gorman;0,9826
Mike Gonzalez;4;Jeffrey Springs;0,9819
Mike Gonzalez;5;Ben Gamel;0,9816
Mike Grady;1;Buster Brown;0,9012
Mike Grady;2;Lil Stoner;0,8444
Mike Grady;3;Jorge Cantu;0,8439
Mike Grady;4;Gary Redus;0,8398
Mike Grady;5;Tyler Anderson;0,8275
Mike Greenwell;1;Willis Hudlin;0,9537
Mike Greenwell;2;Big Bill Smith;0,944
Mike Greenwell;3;Percy Jones;0,9222
Mike Greenwell;4;Lance Richbourg;0,9073
Mike Greenwell;5;Adolfo Phillips;0,9005
Mike Griffin;1;Scott Williamson;0,9582
Mike Griffin;2;Ryan Webb;0,9373
Mike Griffin;3;Bill Krueger;0,9247
Mike Griffin;4;George Zuverink;0,92
Mike Griffin;5;Tommy McCarthy;0,9072
Mike Guerra;1;Brad Boxberger;0,9898
Mike Guerra;2;Fred Schulte;0,9892
Mike Guerra;3;Xavier Hernandez;0,989
Mike Guerra;4;Otto Knabe;0,989
Mike Guerra;5;Willy Miranda;0,9886
Mike Hampton;1;Jim Keenan;0,9836
Mike Hampton;2;Mike Tauchman;0,9796
Mike Hampton;3;Cal Abrams;0,9767
Mike Hampton;4;Ray Schalk;0,9762
Mike Hampton;5;Elmer Myers;0,975
Mike Hargrove;1;Darryl Kile;0,9459
Mike Hargrove;2;Tip O'Neill;0,9257
Mike Hargrove;3;Bud Barbee;0,9169
Mike Hargrove;4;George Crowe;0,9138
Mike Hargrove;5;Ducky Holmes;0,9121
Mike Harkey;1;Cal Koonce;0,9958
Mike Harkey;2;Jorge Julio;0,9926
Mike Harkey;3;Chris Carter;0,9852
Mike Harkey;4;Willie Smith;0,9818
Mike Harkey;5;Al Dark;0,9643
Mike Heath;1;Ed Sweeney;0,8744
Mike Heath;2;Duke Farrell;0,8502
Mike Heath;3;Mark Mulder;0,8394
Mike Heath;4;Robert Andino;0,8275
Mike Heath;5;Russ Wrightstone;0,8203
Mike Hegan;1;Tim Corcoran;0,9344
Mike Hegan;2;Ed Farmer;0,9327
Mike Hegan;3;Herman Bell;0,9164
Mike Hegan;4;Shawn Chacon;0,9134
Mike Hegan;5;Daisuke Matsuzaka;0,9109
Mike Henneman;1;Randy Ready;0,941
Mike Henneman;2;Jack Crooks;0,8892
Mike Henneman;3;Larry Cox;0,8721
Mike Henneman;4;Ruben Jones;0,8671
Mike Henneman;5;Dave Nilsson;0,8669
Mike Hershberger;1;Tony Oliva;0,9437
Mike Hershberger;2;Glenn Wilson;0,9232
Mike Hershberger;3;Carlos Garcia;0,921
Mike Hershberger;4;Dan Pasqua;0,9073
Mike Hershberger;5;Manuel Margot;0,904
Mike Holtz;1;Wade LeBlanc;0,9999
Mike Holtz;2;Al Leiter;0,9983
Mike Holtz;3;Eddie Guardado;0,9707
Mike Holtz;4;Bill Stafford;0,9504
Mike Holtz;5;Bobby Castillo;0,929
Mike Ivie;1;Greg Allen;0,9454
Mike Ivie;2;Curt Flood;0,9451
Mike Ivie;3;Jason Smith;0,9402
Mike Ivie;4;Kent Bottenfield;0,9392
Mike Ivie;5;Mark Langston;0,9364
Mike Jeffcoat;1;Brandon McCarthy;0,9989
Mike Jeffcoat;2;Phil Maton;0,9862
Mike Jeffcoat;3;Walt Weiss;0,9675
Mike Jeffcoat;4;Ross Ohlendorf;0,9662
Mike Jeffcoat;5;Craig McMurtry;0,9508
Mike Jorgensen;1;Greg Allen;0,971
Mike Jorgensen;2;Kent Bottenfield;0,9627
Mike Jorgensen;3;Jason Adam;0,9626
Mike Jorgensen;4;Babe Dahlgren;0,9508
Mike Jorgensen;5;Jeff Shaw;0,9483
Mike Kahoe;1;Carl Reynolds;0,9618
Mike Kahoe;2;Mike Epstein;0,927
Mike Kahoe;3;Wayne Gross;0,925
Mike Kahoe;4;Larry Milbourne;0,9243
Mike Kahoe;5;Carl Morton;0,9229
Mike Kekich;1;Jim Gott;0,9561
Mike Kekich;2;Larry McWilliams;0,9412
Mike Kekich;3;Steve Kline;0,9301
Mike Kekich;4;Jim Brower;0,9242
Mike Kekich;5;Miller Huggins;0,9194
Mike Kingery;1;Matt Mieske;0,8912
Mike Kingery;2;Steve Busby;0,8521
Mike Kingery;3;Frank Hankinson;0,8387
Mike Kingery;4;Tony Eusebio;0,8231
Mike Kingery;5;Mark Davis;0,8167
Mike Kreevich;1;Lance Richbourg;0,9359
Mike Kreevich;2;Big Bill Smith;0,8933
Mike Kreevich;3;Conor Gillaspie;0,8808
Mike Kreevich;4;Mike LaValliere;0,8763
Mike Kreevich;5;Adolfo Phillips;0,8699
Mike Krukow;1;Brian Bruney;0,9313
Mike Krukow;2;Ed Goodson;0,8945
Mike Krukow;3;Guillermo Quiroz;0,8881
Mike Krukow;4;Tyler Duffey;0,8881
Mike Krukow;5;Carl Edwards;0,8839
Mike LaCoss;1;Ron Schueler;0,9622
Mike LaCoss;2;Frank Francisco;0,9322
Mike LaCoss;3;Mark Salas;0,9086
Mike LaCoss;4;Al Demaree;0,9031
Mike LaCoss;5;Guy Hecker;0,9026
Mike LaValliere;1;Howie Fox;0,9329
Mike LaValliere;2;Adolfo Phillips;0,9158
Mike LaValliere;3;Big Bill Smith;0,9022
Mike LaValliere;4;Mike Kreevich;0,8763
Mike LaValliere;5;Cliff Johnson;0,874
Mike Laga;1;J. J. Putz;0,9843
Mike Laga;2;Jamie Walker;0,9586
Mike Laga;3;Derek Law;0,95
Mike Laga;4;Dean Stone;0,9344
Mike Laga;5;Jimmie Schaffer;0,897
Mike Lamb;1;Billy Sunday;0,943
Mike Lamb;2;Placido Polanco;0,9228
Mike Lamb;3;Dick Johnston;0,9195
Mike Lamb;4;Wilbur Good;0,9101
Mike Lamb;5;Justin Upton;0,9071
Mike Lansing;1;Tommie Reynolds;0,9905
Mike Lansing;2;Nippy Jones;0,9862
Mike Lansing;3;Kyle Tucker;0,9818
Mike Lansing;4;Emmet Heidrick;0,9791
Mike Lansing;5;Ray Morgan;0,9744
Mike Leake;1;Nate Schierholtz;0,9311
Mike Leake;2;Fred Brickell;0,9182
Mike Leake;3;Ted Page;0,9084
Mike Leake;4;Garrett Jones;0,9025
Mike Leake;5;John Henry Johnson;0,9011
Mike Lieberthal;1;Steven Souza;0,9857
Mike Lieberthal;2;Dave Campbell;0,9848
Mike Lieberthal;3;Damon Berryhill;0,9713
Mike Lieberthal;4;Ralph Young;0,9605
Mike Lieberthal;5;Bud Clancy;0,9603
Mike Lincoln;1;Yimi Garcia;0,9517
Mike Lincoln;2;Shaun Marcum;0,9481
Mike Lincoln;3;LaTroy Hawkins;0,9377
Mike Lincoln;4;Jesse Orosco;0,9376
Mike Lincoln;5;Vicente Palacios;0,9292
Mike Lowell;1;Mike Difelice;0,8734
Mike Lowell;2;Larry Cheney;0,8732
Mike Lowell;3;Harry Danning;0,8715
Mike Lowell;4;Joe McEwing;0,8711
Mike Lowell;5;Sammy White;0,8599
Mike Lum;1;Ray Morgan;0,9556
Mike Lum;2;Bill Coughlin;0,9541
Mike Lum;3;Byron Browne;0,954
Mike Lum;4;Karl Drews;0,9536
Mike Lum;5;Garrett Hampson;0,953
Mike MacDougal;1;Jim Bouton;0,9544
Mike MacDougal;2;Sean Bergman;0,9519
Mike MacDougal;3;Jose Alvarado;0,9098
Mike MacDougal;4;Tony Tarasco;0,9084
Mike MacDougal;5;Michael Wuertz;0,8989
Mike Macfarlane;1;Jon Berti;0,908
Mike Macfarlane;2;Ryan Theriot;0,8993
Mike Macfarlane;3;Cliff Carroll;0,8679
Mike Macfarlane;4;Pepper Bassett;0,8662
Mike Macfarlane;5;Jose Trevino;0,858
Mike Maddux;1;Bud Barbee;0,9716
Mike Maddux;2;Doug Strange;0,9706
Mike Maddux;3;Charlie Irwin;0,9637
Mike Maddux;4;Tom Satriano;0,9598
Mike Maddux;5;Tony Womack;0,9416
Mike Magnante;1;Claudio Vargas;0,9734
Mike Magnante;2;Warren Newson;0,9172
Mike Magnante;3;Andy McGaffigan;0,8954
Mike Magnante;4;Josh Thole;0,8728
Mike Magnante;5;John Henry Johnson;0,8469
Mike Marshall;1;Chico Fernandez;0,9209
Mike Marshall;2;Justin Ruggiano;0,9148
Mike Marshall;3;Brian Daubach;0,9145
Mike Marshall;4;Ted Uhlaender;0,8877
Mike Marshall;5;Sam McDowell;0,8861
Mike Matheny;1;Les Bell;0,9006
Mike Matheny;2;Emilio Bonifacio;0,8829
Mike Matheny;3;Red Dooin;0,8762
Mike Matheny;4;Frank LaPorte;0,8689
Mike Matheny;5;Lou Collier;0,866
Mike McCormick;1;Mike Simms;0,9377
Mike McCormick;2;Juan Rincon;0,9165
Mike McCormick;3;Tim Corcoran;0,9135
Mike McCormick;4;Roxie Lawson;0,8897
Mike McCormick;5;Brad Wellman;0,8879
Mike McGeary;1;Earl Clark;0,9579
Mike McGeary;2;Jeff Blauser;0,922
Mike McGeary;3;Luke Gregerson;0,9171
Mike McGeary;4;Sid Monge;0,9065
Mike McGeary;5;Arndt Jorgens;0,897
Mike McNally;1;Pedro Florimon;0,9741
Mike McNally;2;Jake Stahl;0,9474
Mike McNally;3;Harry Harper;0,9402
Mike McNally;4;Whitey Witt;0,9344
Mike McNally;5;Emmet Heidrick;0,9295
Mike Menosky;1;Boone Logan;0,9294
Mike Menosky;2;Rob Picciolo;0,9216
Mike Menosky;3;Glenn Hubbard;0,9179
Mike Menosky;4;Chris Heisey;0,91
Mike Menosky;5;Buck Crouse;0,9049
Mike Minor;1;Brian Dorsett;1,0
Mike Minor;2;Jerry Walker;1,0
Mike Minor;3;Aaron Fultz;1,0
Mike Minor;4;Tex Hughson;0,9836
Mike Minor;5;Chris Turner;0,9764
Mike Mitchell;1;Harry Staley;0,9645
Mike Mitchell;2;Luke Weaver;0,9374
Mike Mitchell;3;John Huber;0,9133
Mike Mitchell;4;Jeff Reboulet;0,9104
Mike Mitchell;5;Casey Candaele;0,8826
Mike Mohler;1;Clint Barmes;0,9639
Mike Mohler;2;Damion Easley;0,9346
Mike Mohler;3;Barney Morris;0,9315
Mike Mohler;4;Tom Hall;0,9208
Mike Mohler;5;Roger Connor;0,9128
Mike Moore;1;Al Lakeman;0,9786
Mike Moore;2;Jimmy Smith;0,9568
Mike Moore;3;Sean Burnett;0,9285
Mike Moore;4;Bryan Clark;0,9242
Mike Moore;5;Joel Skinner;0,9134
Mike Mordecai;1;Jonathon Niese;0,9827
Mike Mordecai;2;Ramiro Ramírez;0,9295
Mike Mordecai;3;James McCann;0,8951
Mike Mordecai;4;Red Ruffing;0,8936
Mike Mordecai;5;Chuck Cary;0,8794
Mike Morgan;1;Robert Stephenson;0,9569
Mike Morgan;2;Willie Horton;0,9246
Mike Morgan;3;Chris Bassitt;0,9174
Mike Morgan;4;Mike Garcia;0,9136
Mike Morgan;5;Mule Suttles;0,9103
Mike Morse;1;Roy Smith;0,9924
Mike Morse;2;Austin Hays;0,9882
Mike Morse;3;Sammy Esposito;0,9844
Mike Morse;4;Ryan Weber;0,9832
Mike Morse;5;Will Cunnane;0,9832
Mike Moustakas;1;Scott Williamson;0,9457
Mike Moustakas;2;Stuffy Stewart;0,9275
Mike Moustakas;3;Tom Underwood;0,9081
Mike Moustakas;4;Ryan Webb;0,9012
Mike Moustakas;5;Khris Davis;0,8949
Mike Mowrey;1;Tom Jones;0,998
Mike Mowrey;2;Will Cunnane;0,9903
Mike Mowrey;3;Ryan Weber;0,9903
Mike Mowrey;4;Pat Clements;0,9903
Mike Mowrey;5;Jeremy Accardo;0,9903
Mike Munoz;1;Alonzo Boone;0,9816
Mike Munoz;2;Jim Presley;0,963
Mike Munoz;3;Virgil Barnes;0,909
Mike Munoz;4;Mickey Harris;0,9069
Mike Munoz;5;Phil Marchildon;0,9039
Mike Mussina;1;Mark Huismann;0,9685
Mike Mussina;2;Pete Mikkelsen;0,9488
Mike Mussina;3;Chris Codiroli;0,9263
Mike Mussina;4;Jeff Keppinger;0,914
Mike Mussina;5;Chad Fox;0,9047
Mike Myers;1;Miguel Andujar;0,9805
Mike Myers;2;John Henry;0,9637
Mike Myers;3;Chris Devenski;0,9476
Mike Myers;4;Manny Parra;0,9474
Mike Myers;5;Jose Veras;0,946
Mike Napoli;1;Bill Sweeney;0,8921
Mike Napoli;2;Charles Gipson;0,8902
Mike Napoli;3;Andy Coakley;0,86
Mike Napoli;4;Aaron Sanchez;0,8524
Mike Napoli;5;Pete Alexander;0,8455
Mike Norris;1;George Zuverink;0,9656
Mike Norris;2;Nate Jones;0,9593
Mike Norris;3;Bobby Seay;0,9577
Mike Norris;4;Paul Janish;0,9467
Mike Norris;5;Al Milnar;0,9348
Mike Pagliarulo;1;Mike Clevinger;0,9451
Mike Pagliarulo;2;Jack O'Brien;0,9065
Mike Pagliarulo;3;Rusty Meacham;0,9057
Mike Pagliarulo;4;Dave Goltz;0,905
Mike Pagliarulo;5;Mike Lincoln;0,903
Mike Pelfrey;1;Yorkis Perez;0,9558
Mike Pelfrey;2;Ben Grieve;0,9373
Mike Pelfrey;3;Carlos Sanchez;0,912
Mike Pelfrey;4;Jack Kralick;0,9073
Mike Pelfrey;5;Dave Tomlin;0,9025
Mike Perez;1;Shawn Armstrong;0,9998
Mike Perez;2;Jimmy Jones;0,9932
Mike Perez;3;Terry Crowley;0,9742
Mike Perez;4;Vladimir Nunez;0,9741
Mike Perez;5;Tom Daly;0,9677
Mike Phillips;1;Eric O'Flaherty;0,9984
Mike Phillips;2;Brandon Kintzler;0,9984
Mike Phillips;3;Bob Patterson;0,9984
Mike Phillips;4;Wayne Gross;0,9967
Mike Phillips;5;Manuel Lee;0,9832
Mike Piazza;1;Chuck Taylor;0,8893
Mike Piazza;2;Mike Kekich;0,8409
Mike Piazza;3;Jim Brower;0,8199
Mike Piazza;4;Kurt Abbott;0,8162
Mike Piazza;5;Billy Johnson;0,801
Mike Redmond;1;Peter Bourjos;0,9274
Mike Redmond;2;Joe Evans;0,9211
Mike Redmond;3;Rob Mackowiak;0,9111
Mike Redmond;4;Jack Boyle;0,9034
Mike Redmond;5;Matt Clement;0,8958
Mike Remlinger;1;Ted Page;0,9475
Mike Remlinger;2;Daniel Murphy;0,9078
Mike Remlinger;3;So Taguchi;0,9072
Mike Remlinger;4;Nip Winters;0,8995
Mike Remlinger;5;Bob Howry;0,889
Mike Rivera;1;Billy Sullivan;0,967
Mike Rivera;2;Robin Roberts;0,9639
Mike Rivera;3;John Candelaria;0,96
Mike Rivera;4;Jameson Taillon;0,96
Mike Rivera;5;Alex Bregman;0,9508
Mike Ryan;1;Paul Minner;0,9981
Mike Ryan;2;Rafael Palmeiro;0,9974
Mike Ryan;3;Luis Ayala;0,997
Mike Ryan;4;Sean Doolittle;0,997
Mike Ryan;5;Blake Parker;0,997
Mike Ryba;1;Gerry Arrigo;0,9711
Mike Ryba;2;Mickey Harris;0,9354
Mike Ryba;3;Kevin Jepsen;0,9129
Mike Ryba;4;Tim Hendryx;0,9065
Mike Ryba;5;Bobby Wilson;0,8831
Mike Sadek;1;Ray Kremer;0,9312
Mike Sadek;2;Ralph Kiner;0,912
Mike Sadek;3;Paul Molitor;0,8928
Mike Sadek;4;Jeff Treadway;0,8801
Mike Sadek;5;Clyde Wright;0,8694
Mike Schmidt;1;Levi Meyerle;0,9049
Mike Schmidt;2;George Susce;0,904
Mike Schmidt;3;R. J. Reynolds;0,8956
Mike Schmidt;4;Alex Kampouris;0,8827
Mike Schmidt;5;George Decker;0,8711
Mike Scioscia;1;Bob Grim;0,8253
Mike Scioscia;2;Ward Miller;0,8241
Mike Scioscia;3;Philip Gosselin;0,8189
Mike Scioscia;4;Billy Rhines;0,8073
Mike Scioscia;5;Chris Donnels;0,7934
Mike Scott;1;Billy McKinney;0,9903
Mike Scott;2;Taylor Ward;0,988
Mike Scott;3;Frank Wills;0,9823
Mike Scott;4;Paul Zuvella;0,968
Mike Scott;5;Damaso Garcia;0,9672
Mike Shannon;1;Jim Willoughby;0,9649
Mike Shannon;2;David Dellucci;0,9134
Mike Shannon;3;Ed Charles;0,8685
Mike Shannon;4;Ray Washburn;0,8672
Mike Shannon;5;Elam Vangilder;0,863
Mike Simms;1;Juan Rincon;0,9464
Mike Simms;2;Mike McCormick;0,9377
Mike Simms;3;Hyun Jin Ryu;0,9355
Mike Simms;4;Kerry Ligtenberg;0,93
Mike Simms;5;John Briggs;0,9299
Mike Smithson;1;Cliff Carroll;0,9319
Mike Smithson;2;Gene Mauch;0,9238
Mike Smithson;3;Mark Guthrie;0,9232
Mike Smithson;4;Duffy Dyer;0,9218
Mike Smithson;5;Joe Sambito;0,9204
Mike Squires;1;Bob Gibson;0,9672
Mike Squires;2;John McGraw;0,9629
Mike Squires;3;Daniel Murphy;0,9605
Mike Squires;4;John Kerr;0,9359
Mike Squires;5;Chick Stahl;0,9268
Mike Stanley;1;Babe Pinelli;0,9729
Mike Stanley;2;Benito Santiago;0,9437
Mike Stanley;3;Joe Koppe;0,9399
Mike Stanley;4;Tommy Leach;0,9288
Mike Stanley;5;Luis Sojo;0,9283
Mike Stanton;1;Warren Newson;0,9455
Mike Stanton;2;Lefty Calhoun;0,9388
Mike Stanton;3;Sandy Consuegra;0,9222
Mike Stanton;4;Glenn Hoffman;0,9131
Mike Stanton;5;John Milligan;0,9038
Mike Sullivan;1;Eric Haase;0,9853
Mike Sullivan;2;Garrett Atkins;0,9694
Mike Sullivan;3;Bob Davis;0,9623
Mike Sullivan;4;Alex McCarthy;0,9262
Mike Sullivan;5;Joel Skinner;0,9199
Mike Sweeney;1;Luis Ayala;0,994
Mike Sweeney;2;Joe Thatcher;0,994
Mike Sweeney;3;Sean Doolittle;0,994
Mike Sweeney;4;Blake Parker;0,994
Mike Sweeney;5;Ryan Weber;0,994
Mike Tauchman;1;George LaChance;0,9974
Mike Tauchman;2;Craig Kimbrel;0,9974
Mike Tauchman;3;Ryan Braun;0,9973
Mike Tauchman;4;Clint Courtney;0,9973
Mike Tauchman;5;Reno Bertoia;0,997
Mike Tiernan;1;Rudy Kemmler;0,9315
Mike Tiernan;2;Wayne Krenchicki;0,9293
Mike Tiernan;3;Rap Dixon;0,912
Mike Tiernan;4;Matt Adams;0,8938
Mike Tiernan;5;Brendan Harris;0,89
Mike Timlin;1;Brian Dozier;0,9786
Mike Timlin;2;Willy Adames;0,9594
Mike Timlin;3;Lucas Sims;0,9313
Mike Timlin;4;Odell Hale;0,9216
Mike Timlin;5;Jerry Dipoto;0,9168
Mike Torrez;1;Travis Wood;0,8985
Mike Torrez;2;Ken Silvestri;0,8933
Mike Torrez;3;Bobby Darwin;0,8928
Mike Torrez;4;Austin Hays;0,892
Mike Torrez;5;Jim Beauchamp;0,8798
Mike Tresh;1;Harry McCurdy;0,9145
Mike Tresh;2;Wayne Garrett;0,8889
Mike Tresh;3;Ray Dandridge;0,8859
Mike Tresh;4;Valentín Dreke;0,8852
Mike Tresh;5;Ted Page;0,8742
Mike Trombley;1;Doug Bird;0,9995
Mike Trombley;2;Freddy Peralta;0,9908
Mike Trombley;3;Ross Detwiler;0,9888
Mike Trombley;4;Johnny Groth;0,9714
Mike Trombley;5;Eppa Rixey;0,9654
Mike Trout;1;Ray Morgan;0,9427
Mike Trout;2;Babe Pinelli;0,9327
Mike Trout;3;Ron Washington;0,9276
Mike Trout;4;Taylor Teagarden;0,9255
Mike Trout;5;Jorge Velandia;0,9161
Mike Tyson;1;Tex Clevenger;0,9888
Mike Tyson;2;Chris Heisey;0,9663
Mike Tyson;3;Cozy Dolan;0,9346
Mike Tyson;4;Matt Boyd;0,917
Mike Tyson;5;Jiggs Donahue;0,915
Mike Vail;1;Donnie Sadler;0,9221
Mike Vail;2;Sam Mertes;0,9187
Mike Vail;3;Kevin Elster;0,902
Mike Vail;4;Chase Anderson;0,8919
Mike Vail;5;Darryl Kile;0,8823
Mike Williams;1;Erv Dusak;0,9976
Mike Williams;2;Bill Evans;0,9686
Mike Williams;3;Rafael Landestoy;0,9507
Mike Williams;4;Jeffrey Springs;0,9471
Mike Williams;5;Bobby Tiefenauer;0,9468
Mike Witt;1;Ron Jackson;0,935
Mike Witt;2;Willie Calhoun;0,9182
Mike Witt;3;Paul Zuvella;0,9177
Mike Witt;4;Joe Astroth;0,9162
Mike Witt;5;Eddie Pellagrini;0,91
Mike Young;1;Jose Abreu;0,9716
Mike Young;2;Duane Pillette;0,9414
Mike Young;3;Ken Holtzman;0,9394
Mike Young;4;Pearl Webster;0,9308
Mike Young;5;Jim Deshaies;0,9205
Mike Zunino;1;Paul Waner;0,8266
Mike Zunino;2;Skeeter Newsome;0,8208
Mike Zunino;3;Nick Green;0,8155
Mike Zunino;4;Kyle Schwarber;0,8055
Mike Zunino;5;Orlando Hudson;0,8035
Miles Mikolas;1;Sid Farrar;0,9629
Miles Mikolas;2;Walt Moryn;0,9576
Miles Mikolas;3;Al Martin;0,9456
Miles Mikolas;4;George Hemming;0,9414
Miles Mikolas;5;Josh Billings;0,9275
Miller Huggins;1;Doug Corbett;0,9369
Miller Huggins;2;Mike Kekich;0,9194
Miller Huggins;3;Jake Early;0,8907
Miller Huggins;4;Tubby Spencer;0,8901
Miller Huggins;5;Flash Miller;0,8431
Milo Candini;1;Rod Scurry;0,9862
Milo Candini;2;Chris Flexen;0,9656
Milo Candini;3;Rob Ducey;0,9433
Milo Candini;4;Duke Cleveland;0,9315
Milo Candini;5;Don Nottebart;0,9293
Milt Cuyler;1;Monty Kennedy;0,968
Milt Cuyler;2;John Buck;0,9357
Milt Cuyler;3;Joey Eischen;0,9327
Milt Cuyler;4;Mark Wohlers;0,9234
Milt Cuyler;5;Jackie Hayes;0,9202
Milt Gaston;1;Jack Harper;0,9544
Milt Gaston;2;Pat Putnam;0,9407
Milt Gaston;3;Mike Anderson;0,9382
Milt Gaston;4;Buster Haywood;0,9332
Milt Gaston;5;Russ Davis;0,9145
Milt May;1;Steve Bilko;0,9191
Milt May;2;Del Wilber;0,9153
Milt May;3;Jeremy Bonderman;0,8884
Milt May;4;Cliff Melton;0,8534
Milt May;5;Mickey O'Neil;0,8358
Milt Pappas;1;Earl Williams;0,8829
Milt Pappas;2;John Jaha;0,8801
Milt Pappas;3;Josh Johnson;0,8761
Milt Pappas;4;Jeremy Hermida;0,8721
Milt Pappas;5;Lew McCarty;0,8658
Milt Stock;1;Bobby Crosby;0,9826
Milt Stock;2;Willie Upshaw;0,9753
Milt Stock;3;Jackie Hernandez;0,9728
Milt Stock;4;Ralph Young;0,971
Milt Stock;5;Willy Miranda;0,9701
Milt Thompson;1;Fred Manrique;0,9306
Milt Thompson;2;Dick Stuart;0,9278
Milt Thompson;3;John O'Donoghue;0,926
Milt Thompson;4;Tim Naehring;0,889
Milt Thompson;5;Abraham Almonte;0,8815
Milt Wilcox;1;Joe Simpson;0,9349
Milt Wilcox;2;Lance Richbourg;0,8645
Milt Wilcox;3;Eugene Bremer;0,8562
Milt Wilcox;4;Jake Stenzel;0,8516
Milt Wilcox;5;Shane Bieber;0,8423
Milton Bradley;1;Jeanmar Gomez;0,958
Milton Bradley;2;Adeiny Hechavarria;0,9502
Milton Bradley;3;Fernando Salas;0,9485
Milton Bradley;4;Eric Gunderson;0,9485
Milton Bradley;5;Will Harris;0,9485
Minnie Miñoso;1;Deron Johnson;0,951
Minnie Miñoso;2;Michael Barrett;0,9509
Minnie Miñoso;3;Erick Aybar;0,9463
Minnie Miñoso;4;Gary Lavelle;0,9425
Minnie Miñoso;5;Cal Abrams;0,9375
Mitch Garver;1;Frankie Gustine;0,9632
Mitch Garver;2;Ben Chapman;0,9557
Mitch Garver;3;Garrett Hampson;0,9556
Mitch Garver;4;J. T. Realmuto;0,9494
Mitch Garver;5;Gene Robertson;0,9419
Mitch Haniger;1;George Dixon;0,9539
Mitch Haniger;2;Bris Lord;0,9079
Mitch Haniger;3;Stu Miller;0,9041
Mitch Haniger;4;Storm Davis;0,9026
Mitch Haniger;5;Charlie Neal;0,9018
Mitch Moreland;1;Dwayne Henry;0,958
Mitch Moreland;2;Jim Holt;0,9444
Mitch Moreland;3;Derek Lilliquist;0,939
Mitch Moreland;4;Michael Fulmer;0,928
Mitch Moreland;5;Brandon Duckworth;0,9265
Mitch Webster;1;Luke Walker;0,9673
Mitch Webster;2;Chris Widger;0,9641
Mitch Webster;3;Jim Acker;0,9549
Mitch Webster;4;Bill Plummer;0,9546
Mitch Webster;5;Brian Matusz;0,9544
Mitch Williams;1;Terry Puhl;0,9682
Mitch Williams;2;Jack Knott;0,953
Mitch Williams;3;Jim Johnson;0,8374
Mitch Williams;4;Augie Galan;0,8341
Mitch Williams;5;Spoon Carter;0,8294
Mitchell Murray;1;Josh Paul;0,9274
Mitchell Murray;2;Casey McGehee;0,92
Mitchell Murray;3;Miguel Montero;0,8938
Mitchell Murray;4;Jeremy Hermida;0,8717
Mitchell Murray;5;Abraham Nunez;0,8627
Mo Vaughn;1;Bill Cissell;0,9263
Mo Vaughn;2;Ian Happ;0,9247
Mo Vaughn;3;Jason Castro;0,9163
Mo Vaughn;4;Charlie Deal;0,8868
Mo Vaughn;5;George Hemming;0,8847
Moe Berg;1;Reese McGuire;0,9421
Moe Berg;2;Joakim Soria;0,9349
Moe Berg;3;Carlos Silva;0,9195
Moe Berg;4;Vic Aldridge;0,8886
Moe Berg;5;Willy Adames;0,8719
Moe Drabowsky;1;Felipe Alou;0,9209
Moe Drabowsky;2;Adam Duvall;0,911
Moe Drabowsky;3;Lynn McGlothen;0,905
Moe Drabowsky;4;Glen Perkins;0,8998
Moe Drabowsky;5;Hank Wyse;0,8884
Moises Alou;1;Wayne Tolleson;0,9255
Moises Alou;2;Don Wilson;0,9216
Moises Alou;3;Birdie Cree;0,9008
Moises Alou;4;Frank Duffy;0,8995
Moises Alou;5;Jim Gentile;0,881
Monte Cross;1;Horacio Ramirez;0,9483
Monte Cross;2;Henry Merchant;0,9391
Monte Cross;3;Joel Skinner;0,9156
Monte Cross;4;Bartolo Portuondo;0,9085
Monte Cross;5;George Zuverink;0,9032
Monte Irvin;1;Fred Hofmann;0,9001
Monte Irvin;2;Josh Wilson;0,8605
Monte Irvin;3;Bill Yancey;0,8445
Monte Irvin;4;Vean Gregg;0,8436
Monte Irvin;5;Sam Mele;0,8351
Monte Pearson;1;Brian Fuentes;0,9483
Monte Pearson;2;Junior Ortiz;0,9356
Monte Pearson;3;Dustin Hermanson;0,9335
Monte Pearson;4;Win Mercer;0,9293
Monte Pearson;5;Pearl Webster;0,9262
Monte Weaver;1;Rich Rodriguez;0,9455
Monte Weaver;2;Johnny Davis;0,9405
Monte Weaver;3;Chad Fox;0,9372
Monte Weaver;4;Chris Iannetta;0,9347
Monte Weaver;5;Sadie McMahon;0,933
Monty Kennedy;1;Milt Cuyler;0,968
Monty Kennedy;2;John Buck;0,9113
Monty Kennedy;3;Ed Andrews;0,8949
Monty Kennedy;4;J. D. Martinez;0,8924
Monty Kennedy;5;Jeff Bagwell;0,8837
Mookie Betts;1;Lefty Calhoun;0,9098
Mookie Betts;2;Glenn Hoffman;0,8902
Mookie Betts;3;Carrenza Howard;0,8872
Mookie Betts;4;Jim Wilson;0,878
Mookie Betts;5;Morrie Martin;0,8663
Mookie Wilson;1;Terry Humphrey;0,9112
Mookie Wilson;2;Andres Torres;0,8636
Mookie Wilson;3;Dave Morehead;0,8453
Mookie Wilson;4;Franklin Morales;0,8226
Mookie Wilson;5;Jeff Russell;0,8096
Moose Haas;1;Jimmy Smith;0,9416
Moose Haas;2;Al Lakeman;0,9381
Moose Haas;3;Scott Barlow;0,9134
Moose Haas;4;Sean Burnett;0,9019
Moose Haas;5;Brad Komminsk;0,9001
Moose Solters;1;Enrique Wilson;0,9352
Moose Solters;2;Dustin McGowan;0,9183
Moose Solters;3;Rudy Kemmler;0,874
Moose Solters;4;Roman Mejias;0,8644
Moose Solters;5;Jerry Blevins;0,8477
Mordecai Brown;1;Reb Russell;0,9195
Mordecai Brown;2;Gary Disarcina;0,9101
Mordecai Brown;3;Justin Masterson;0,8759
Mordecai Brown;4;Miles Mikolas;0,8554
Mordecai Brown;5;Will Jackson;0,8412
Morgan Ensberg;1;Bill Robinson;0,9937
Morgan Ensberg;2;Ed Swartwood;0,9935
Morgan Ensberg;3;Larry Dierker;0,9925
Morgan Ensberg;4;Jay Bell;0,9915
Morgan Ensberg;5;Johnny Bassler;0,9915
Morgan Murphy;1;Luis Avilan;0,9004
Morgan Murphy;2;Casey Cox;0,8907
Morgan Murphy;3;Otis Starks;0,8812
Morgan Murphy;4;Ronald Acuña;0,8726
Morgan Murphy;5;Jack Hamilton;0,8712
Morrie Martin;1;Glenn Hoffman;0,9689
Morrie Martin;2;Lefty Calhoun;0,9439
Morrie Martin;3;Bob Kipper;0,9388
Morrie Martin;4;Frank Owen;0,9382
Morrie Martin;5;Keith Miller;0,9352
Mort Cooper;1;Bob Rhoads;0,9349
Mort Cooper;2;Jose Lobaton;0,903
Mort Cooper;3;Nick Esasky;0,8876
Mort Cooper;4;Tom Murphy;0,8876
Mort Cooper;5;Logan Forsythe;0,8752
Morten Clark;1;Gene Clines;0,9389
Morten Clark;2;Tom Cheney;0,9109
Morten Clark;3;Cy Morgan;0,9063
Morten Clark;4;Freddy Peralta;0,8975
Morten Clark;5;Framber Valdez;0,8969
Mudcat Grant;1;Country Brown;0,903
Mudcat Grant;2;Mike Cubbage;0,8913
Mudcat Grant;3;Steve Mingori;0,8881
Mudcat Grant;4;Flash Miller;0,8664
Mudcat Grant;5;Paul Quantrill;0,8647
Muddy Ruel;1;Jesus Aguilar;0,8922
Muddy Ruel;2;Wild Bill Wright;0,8739
Muddy Ruel;3;Bob Scheffing;0,8609
Muddy Ruel;4;Rollie Zeider;0,8511
Muddy Ruel;5;Amos Strunk;0,8306
Mule Haas;1;Casey McGehee;0,9285
Mule Haas;2;Travis Snider;0,9181
Mule Haas;3;Pete Ward;0,9053
Mule Haas;4;Craig Monroe;0,8963
Mule Haas;5;Jack Scott;0,886
Mule Suttles;1;Tom Williams;0,9279
Mule Suttles;2;Paul Zuvella;0,9109
Mule Suttles;3;Mike Morgan;0,9103
Mule Suttles;4;Walt Moryn;0,8953
Mule Suttles;5;Putsy Caballero;0,8891
Murry Dickson;1;Brian Matusz;0,9967
Murry Dickson;2;Alan Benes;0,9967
Murry Dickson;3;Dennis Powell;0,9967
Murry Dickson;4;Paul Gibson;0,9967
Murry Dickson;5;Bert Gallia;0,9962
Mychal Givens;1;Paul Mirabella;0,9874
Mychal Givens;2;Xavier Cedeno;0,9802
Mychal Givens;3;Glenn Wright;0,9726
Mychal Givens;4;Orlando Mercado;0,9702
Mychal Givens;5;Chris Hatcher;0,9668
Myles Straw;1;Brad Lidge;0,9988
Myles Straw;2;Ty Cobb;0,9696
Myles Straw;3;Juan Carlos Oviedo;0,962
Myles Straw;4;Don Landrum;0,9562
Myles Straw;5;Red Barrett;0,9333
Myril Hoag;1;Eddie Robinson;0,8658
Myril Hoag;2;Ellie Rodriguez;0,847
Myril Hoag;3;Ollie Brown;0,8287
Myril Hoag;4;Gary Pettis;0,8154
Myril Hoag;5;Gary Thomasson;0,8072
Namon Washington;1;Chris Codiroli;0,9245
Namon Washington;2;Mark Huismann;0,9083
Namon Washington;3;Jeff Keppinger;0,9032
Namon Washington;4;Kaiser Wilhelm;0,8807
Namon Washington;5;Vince Coleman;0,8563
Nap Lajoie;1;Steve Jeltz;0,9667
Nap Lajoie;2;John Stearns;0,9107
Nap Lajoie;3;Big Bill Smith;0,8904
Nap Lajoie;4;George Suggs;0,8831
Nap Lajoie;5;Larry Cheney;0,8667
Nap Rucker;1;Billy Herman;0,9405
Nap Rucker;2;Joel Skinner;0,9332
Nap Rucker;3;Jack McCarthy;0,9327
Nap Rucker;4;Eric Show;0,9321
Nap Rucker;5;Greg Gagne;0,9285
Nat Rogers;1;Joe Ross;0,9257
Nat Rogers;2;Joe Evans;0,9218
Nat Rogers;3;Donne Wall;0,9172
Nat Rogers;4;Ira Thomas;0,9154
Nat Rogers;5;Harry Harper;0,9135
Nate Colbert;1;Rich Becker;0,9576
Nate Colbert;2;Tommy Harper;0,9529
Nate Colbert;3;Joel Youngblood;0,9505
Nate Colbert;4;Austin Hays;0,9452
Nate Colbert;5;Johnny Niggeling;0,9424
Nate Jones;1;Gary Nolan;0,9964
Nate Jones;2;Paul Abbott;0,9907
Nate Jones;3;Al Milnar;0,9871
Nate Jones;4;John Kruk;0,9786
Nate Jones;5;Todd Hollandsworth;0,9774
Nate McLouth;1;Taylor Teagarden;0,9704
Nate McLouth;2;Brad Fullmer;0,9652
Nate McLouth;3;John Wyatt;0,9494
Nate McLouth;4;Jack Hiatt;0,9462
Nate McLouth;5;Archie Ware;0,9451
Nate Robertson;1;Luke Hamlin;0,9827
Nate Robertson;2;Tom Jones;0,9806
Nate Robertson;3;Travis Wood;0,9731
Nate Robertson;4;Bob Boone;0,9724
Nate Robertson;5;Tim Hulett;0,9709
Nate Schierholtz;1;Garrett Jones;0,9644
Nate Schierholtz;2;Mike Leake;0,9311
Nate Schierholtz;3;Davey Lopes;0,9217
Nate Schierholtz;4;Dane Iorg;0,9187
Nate Schierholtz;5;Wayne Krenchicki;0,9138
Nathan Eovaldi;1;Chuck Taylor;0,9685
Nathan Eovaldi;2;Conor Gillaspie;0,9636
Nathan Eovaldi;3;Antonio Osuna;0,9342
Nathan Eovaldi;4;Scott Baker;0,931
Nathan Eovaldi;5;Gentry Jessup;0,9179
Neal Cotts;1;Brad Keller;0,97
Neal Cotts;2;Jack Flaherty;0,9612
Neal Cotts;3;Bill Stafford;0,9608
Neal Cotts;4;John Beckwith;0,9538
Neal Cotts;5;Dennis Cook;0,9522
Neal Heaton;1;Bob Dernier;0,9753
Neal Heaton;2;Skip Schumaker;0,949
Neal Heaton;3;Hawk Taylor;0,9432
Neal Heaton;4;Jack Sanford;0,9087
Neal Heaton;5;Claude Raymond;0,8826
Neck Stanley;1;Ed Heusser;0,9234
Neck Stanley;2;Hector Cruz;0,9125
Neck Stanley;3;Ryan Roberts;0,9091
Neck Stanley;4;Hiram Bocachica;0,9089
Neck Stanley;5;Tony Muser;0,9024
Ned Cuthbert;1;Johnny Murphy;0,9483
Ned Cuthbert;2;Ismael Valdez;0,9443
Ned Cuthbert;3;Brian Johnson;0,9403
Ned Cuthbert;4;Gary Peters;0,9169
Ned Cuthbert;5;Denny Neagle;0,9105
Ned Garver;1;Hector Cruz;0,9451
Ned Garver;2;Dominic Smith;0,9366
Ned Garver;3;Hiram Bocachica;0,9213
Ned Garver;4;Cub Stricker;0,9039
Ned Garver;5;Bill Yancey;0,8935
Ned Hanlon;1;Al Myers;0,952
Ned Hanlon;2;Doug Glanville;0,9282
Ned Hanlon;3;Jack Meyers;0,9202
Ned Hanlon;4;Ambrose Reid;0,8991
Ned Hanlon;5;Patsy Tebeau;0,8864
Neftali Feliz;1;Joe Greene;0,9783
Neftali Feliz;2;Travis Wood;0,9696
Neftali Feliz;3;Carlos Estevez;0,9688
Neftali Feliz;4;Bart Johnson;0,9655
Neftali Feliz;5;Brett Tomko;0,9445
Neifi Perez;1;Greg Walker;0,9497
Neifi Perez;2;Jake Wade;0,931
Neifi Perez;3;Sandy Alcantara;0,9287
Neifi Perez;4;So Taguchi;0,9264
Neifi Perez;5;Fred Brickell;0,9132
Neil Allen;1;Pete Booker;0,937
Neil Allen;2;Bruce Bochy;0,9311
Neil Allen;3;Toby Borland;0,9288
Neil Allen;4;Gregg Olson;0,9201
Neil Allen;5;Aaron Sanchez;0,9076
Neil Robinson;1;Spec Shea;0,967
Neil Robinson;2;Lew Richie;0,9309
Neil Robinson;3;Al Holland;0,922
Neil Robinson;4;Bob Chipman;0,9191
Neil Robinson;5;Tony Piet;0,9137
Neil Walker;1;Jackie Hernandez;0,9849
Neil Walker;2;Tommie Reynolds;0,9813
Neil Walker;3;Bill Fahey;0,9776
Neil Walker;4;Paul Popovich;0,9765
Neil Walker;5;Kyle Tucker;0,9732
Nellie Fox;1;Richie Zisk;0,9354
Nellie Fox;2;Larry McLean;0,9317
Nellie Fox;3;Ossee Schrecongost;0,9251
Nellie Fox;4;Warren Cromartie;0,9229
Nellie Fox;5;Lamar Johnson;0,9217
Nels Potter;1;Mace Brown;0,9144
Nels Potter;2;D. J. Carrasco;0,9128
Nels Potter;3;Paul Blackburn;0,8697
Nels Potter;4;Turk Lown;0,8657
Nels Potter;5;Bill Voss;0,8627
Nelson Briles;1;Ron Schueler;0,8872
Nelson Briles;2;Jim Perry;0,8746
Nelson Briles;3;Mark Salas;0,8685
Nelson Briles;4;George Suggs;0,8613
Nelson Briles;5;Ken Hill;0,8554
Nelson Cruz;1;Ken Kravec;0,9209
Nelson Cruz;2;Mike Simms;0,9141
Nelson Cruz;3;Jolbert Cabrera;0,8984
Nelson Cruz;4;Brad Wellman;0,8933
Nelson Cruz;5;Hal Trosky;0,8685
Nelson Figueroa;1;Norm Miller;0,9402
Nelson Figueroa;2;John Curtis;0,9388
Nelson Figueroa;3;Bruce Edwards;0,9383
Nelson Figueroa;4;Duane Ward;0,9351
Nelson Figueroa;5;Rowland Office;0,9316
Nelson Liriano;1;Steve Dillard;0,9188
Nelson Liriano;2;Joe Nuxhall;0,8508
Nelson Liriano;3;Jolbert Cabrera;0,8494
Nelson Liriano;4;Denny Doyle;0,8279
Nelson Liriano;5;Alexei Ramirez;0,8155
Nemo Leibold;1;Rube Bressler;0,8776
Nemo Leibold;2;Jorge Cantu;0,8702
Nemo Leibold;3;Tommy Butts;0,8433
Nemo Leibold;4;Tanner Roark;0,836
Nemo Leibold;5;Fred Manrique;0,8159
Newt Allen;1;Sammy Hale;0,9523
Newt Allen;2;Rich Amaral;0,9216
Newt Allen;3;Barney Pelty;0,8959
Newt Allen;4;Bill Sweeney;0,8902
Newt Allen;5;George Earnshaw;0,883
Newt Joseph;1;Matías Ríos;0,9706
Newt Joseph;2;Randy St. Claire;0,9695
Newt Joseph;3;Will Harris;0,9695
Newt Joseph;4;Eric Gunderson;0,9695
Newt Joseph;5;Fernando Salas;0,9695
Nick Ahmed;1;Pat Meares;0,9018
Nick Ahmed;2;Ruben Tejada;0,8953
Nick Ahmed;3;Carrenza Howard;0,881
Nick Ahmed;4;Ed Goodson;0,8705
Nick Ahmed;5;Scott Kamieniecki;0,8572
Nick Altrock;1;Matt Franco;0,9641
Nick Altrock;2;Lamar Johnson;0,9609
Nick Altrock;3;Brian Matusz;0,954
Nick Altrock;4;Dennis Powell;0,954
Nick Altrock;5;Alan Benes;0,954
Nick Castellanos;1;Wayne Twitchell;0,9251
Nick Castellanos;2;Luke Maile;0,9246
Nick Castellanos;3;Birdie Cree;0,8978
Nick Castellanos;4;Miguel Sano;0,8808
Nick Castellanos;5;Olmedo Saenz;0,8611
Nick Esasky;1;Sparky Adams;0,9786
Nick Esasky;2;Jose Lobaton;0,9668
Nick Esasky;3;Guy Bush;0,9371
Nick Esasky;4;Slim Harriss;0,9186
Nick Esasky;5;Wandy Rodriguez;0,9117
Nick Etten;1;Pedro Feliciano;0,9623
Nick Etten;2;Dave Thomas;0,9323
Nick Etten;3;Bob Ferguson;0,9233
Nick Etten;4;Gus Bell;0,9152
Nick Etten;5;Gene DeMontreville;0,9098
Nick Green;1;Vinnie Chulk;0,9439
Nick Green;2;Lou Kretlow;0,9432
Nick Green;3;Brandon League;0,9309
Nick Green;4;Ted Trent;0,9234
Nick Green;5;Harry Perkowski;0,9194
Nick Hundley;1;Fritz Coumbe;0,9139
Nick Hundley;2;William Binga;0,8384
Nick Hundley;3;Wayne Carr;0,8351
Nick Hundley;4;Blix Donnelly;0,8331
Nick Hundley;5;Pat Corrales;0,8303
Nick Johnson;1;Phil Coke;0,9511
Nick Johnson;2;Billy Bryan;0,9487
Nick Johnson;3;Bill Drake;0,9199
Nick Johnson;4;Avisail Garcia;0,8905
Nick Johnson;5;Early Wynn;0,8565
Nick Markakis;1;Brandon Drury;0,9074
Nick Markakis;2;Juanelo Mirabal;0,8993
Nick Markakis;3;Steve Lyons;0,8938
Nick Markakis;4;Fred Carisch;0,8783
Nick Markakis;5;Max Surkont;0,8641
Nick Martinez;1;Shin-Soo Choo;0,9886
Nick Martinez;2;Curtis Harris;0,98
Nick Martinez;3;Billy Shindle;0,9416
Nick Martinez;4;Jeff Samardzija;0,9409
Nick Martinez;5;Kevin Plawecki;0,9394
Nick Masset;1;Randy Myers;0,9874
Nick Masset;2;Todd Jones;0,984
Nick Masset;3;Justin Speier;0,981
Nick Masset;4;Frankie Frisch;0,952
Nick Masset;5;Earl Caldwell;0,9512
Nick Pivetta;1;Jim Lyttle;0,9754
Nick Pivetta;2;Michael Fulmer;0,9282
Nick Pivetta;3;Craig Lefferts;0,9231
Nick Pivetta;4;Willie Cornelius;0,9207
Nick Pivetta;5;Al Orth;0,9065
Nick Punto;1;Earl Battey;0,9951
Nick Punto;2;Rick Ankiel;0,9934
Nick Punto;3;Brian Matusz;0,9921
Nick Punto;4;Dennis Powell;0,9921
Nick Punto;5;Alan Benes;0,9921
Nick Strincevich;1;Jim Mason;0,9578
Nick Strincevich;2;Al Hrabosky;0,956
Nick Strincevich;3;Omar Narvaez;0,9553
Nick Strincevich;4;Juan Cruz;0,923
Nick Strincevich;5;Jeff Montgomery;0,9227
Nick Swisher;1;Mike Tauchman;0,9908
Nick Swisher;2;Ernie Orsatti;0,9868
Nick Swisher;3;Lefty O'Doul;0,9865
Nick Swisher;4;Melido Perez;0,9854
Nick Swisher;5;Elmer Myers;0,9848
Nick Vincent;1;Koji Uehara;0,9676
Nick Vincent;2;Tommy Gregg;0,9599
Nick Vincent;3;Gary Lucas;0,9589
Nick Vincent;4;Dylan Floro;0,9582
Nick Vincent;5;Tom Lawless;0,9266
Nip Winters;1;John Henry Johnson;0,958
Nip Winters;2;So Taguchi;0,951
Nip Winters;3;Ted Page;0,9449
Nip Winters;4;Fred Brickell;0,9342
Nip Winters;5;Dane Iorg;0,9262
Nippy Jones;1;Frankie Hayes;0,9961
Nippy Jones;2;Alfonso Soriano;0,9959
Nippy Jones;3;Larry Gardner;0,9926
Nippy Jones;4;Paul Lindblad;0,9926
Nippy Jones;5;Jeimer Candelario;0,9899
Nish Williams;1;Ruben Sierra;0,9417
Nish Williams;2;Gary Ross;0,94
Nish Williams;3;Lee Stevens;0,9006
Nish Williams;4;Cory Snyder;0,893
Nish Williams;5;Les Nunamaker;0,8923
Noe Ramirez;1;Willie Crawford;0,9959
Noe Ramirez;2;Rich Garces;0,995
Noe Ramirez;3;Lee Smith;0,995
Noe Ramirez;4;Carlos Reyes;0,995
Noe Ramirez;5;Jason Motte;0,995
Nolan Arenado;1;Danny Santana;0,9714
Nolan Arenado;2;Chico Ruiz;0,9326
Nolan Arenado;3;Jeremy Hermida;0,9289
Nolan Arenado;4;Roy Henshaw;0,8926
Nolan Arenado;5;John Dopson;0,8767
Nolan Reimold;1;Dustin Garneau;0,978
Nolan Reimold;2;Todd Williams;0,9629
Nolan Reimold;3;Dixie Walker;0,9615
Nolan Reimold;4;Frankie Montas;0,9492
Nolan Reimold;5;Paul Blackburn;0,9461
Nolan Ryan;1;Wil Ledezma;0,9104
Nolan Ryan;2;Cass Michaels;0,8849
Nolan Ryan;3;Frank Taveras;0,8706
Nolan Ryan;4;Dick Dietz;0,8662
Nolan Ryan;5;Chris Johnson;0,8651
Nomar Garciaparra;1;Jerry Martin;0,9479
Nomar Garciaparra;2;Matt Walbeck;0,9462
Nomar Garciaparra;3;Ed Willett;0,9153
Nomar Garciaparra;4;Carlos Garcia;0,9111
Nomar Garciaparra;5;Gary Thomasson;0,9111
Noodles Hahn;1;Danny Richardson;0,9697
Noodles Hahn;2;Denny Lemaster;0,9637
Noodles Hahn;3;Joe Stripp;0,9575
Noodles Hahn;4;Lucas Sims;0,9489
Noodles Hahn;5;Tommie Sisk;0,9467
Norm Cash;1;Warren Cromartie;0,9474
Norm Cash;2;Lou Dials;0,9094
Norm Cash;3;Lamar Johnson;0,8839
Norm Cash;4;Chris Johnson;0,8818
Norm Cash;5;Al Newman;0,8624
Norm Charlton;1;Hal White;0,9567
Norm Charlton;2;Mark Hendrickson;0,9308
Norm Charlton;3;Matt Capps;0,901
Norm Charlton;4;Rudy May;0,8864
Norm Charlton;5;Mark Huismann;0,8814
Norm Miller;1;Alexi Casilla;0,9899
Norm Miller;2;Bruce Edwards;0,9841
Norm Miller;3;Eric Gunderson;0,981
Norm Miller;4;Fernando Salas;0,981
Norm Miller;5;Randy St. Claire;0,981
Norm Siebern;1;Joe Lis;0,9819
Norm Siebern;2;Eddie Pellagrini;0,9667
Norm Siebern;3;Johnny Burnett;0,9653
Norm Siebern;4;Bill Bradley;0,9613
Norm Siebern;5;Brad Wilkerson;0,9593
Obie Lackey;1;Rafael Devers;0,9672
Obie Lackey;2;Skeeter Webb;0,9195
Obie Lackey;3;Jerry Narron;0,9101
Obie Lackey;4;Wei-Yin Chen;0,9099
Obie Lackey;5;Julio Gotay;0,9071
Octavio Dotel;1;Jelly Taylor;0,9868
Octavio Dotel;2;Mark Johnson;0,9866
Octavio Dotel;3;Pedro Alvarez;0,9854
Octavio Dotel;4;Brian Dorsett;0,9821
Octavio Dotel;5;Jerry Walker;0,9821
Odalis Perez;1;Jim Lindsey;0,9159
Odalis Perez;2;Leroy Stanton;0,911
Odalis Perez;3;Esteban German;0,8792
Odalis Perez;4;Juan Carlos Oviedo;0,8768
Odalis Perez;5;Joaquin Arias;0,8689
Odell Hale;1;Steven Souza;0,9808
Odell Hale;2;Bill Bernhard;0,9743
Odell Hale;3;Bud Clancy;0,9736
Odell Hale;4;Joe Lis;0,9676
Odell Hale;5;Harold Baines;0,9647
Odell Jones;1;Drew Storen;1,0
Odell Jones;2;Justin Duchscherer;1,0
Odell Jones;3;Aaron Small;1,0
Odell Jones;4;Jonathan Loaisiga;1,0
Odell Jones;5;Ernie Camacho;1,0
Oil Can Boyd;1;Wilmer Difo;0,9796
Oil Can Boyd;2;Frank Sullivan;0,953
Oil Can Boyd;3;Glen Hobbie;0,9391
Oil Can Boyd;4;Jose Abreu;0,9372
Oil Can Boyd;5;Darryl Hamilton;0,9188
Old Hoss Radbourn;1;Lance Cormier;0,9433
Old Hoss Radbourn;2;Saul Rogovin;0,8947
Old Hoss Radbourn;3;Kid Carsey;0,8771
Old Hoss Radbourn;4;Chris Sabo;0,8694
Old Hoss Radbourn;5;Kurt Stillwell;0,8554
Oliver Marcell;1;Louis Miller;0,8893
Oliver Marcell;2;Bill Force;0,8761
Oliver Marcell;3;Harry Coveleski;0,8408
Oliver Marcell;4;Jason Kipnis;0,8207
Oliver Marcell;5;Roman Mejias;0,8191
Oliver Perez;1;Blix Donnelly;0,9416
Oliver Perez;2;Randy Lerch;0,9052
Oliver Perez;3;Buck Ross;0,8968
Oliver Perez;4;Jack O'Brien;0,8683
Oliver Perez;5;Harry Salmon;0,8679
Ollie Brown;1;Mike Clevinger;0,969
Ollie Brown;2;Irvin Brooks;0,9026
Ollie Brown;3;Bill Bayne;0,8962
Ollie Brown;4;Pete Kozma;0,8907
Ollie Brown;5;Cecilio Guante;0,8729
Ollie Pickering;1;Zane Smith;0,9479
Ollie Pickering;2;Nate McLouth;0,9305
Ollie Pickering;3;Sam Rice;0,9242
Ollie Pickering;4;Charley Jones;0,9184
Ollie Pickering;5;Matt Cain;0,9136
Olmedo Saenz;1;Wilbur Cooper;0,9668
Olmedo Saenz;2;Early Wynn;0,9274
Olmedo Saenz;3;Ed Kranepool;0,9272
Olmedo Saenz;4;Frank Demaree;0,9187
Olmedo Saenz;5;Bill Drake;0,9067
Omar Daal;1;Juan Berenguer;0,957
Omar Daal;2;George Davis;0,9525
Omar Daal;3;Frank Baumann;0,9518
Omar Daal;4;Bubbles Hargrave;0,9495
Omar Daal;5;Jordan Zimmermann;0,9463
Omar Infante;1;Roger Peckinpaugh;0,9123
Omar Infante;2;Ival Goodman;0,9014
Omar Infante;3;John O'Donoghue;0,8985
Omar Infante;4;Ron Washington;0,8977
Omar Infante;5;Abraham Almonte;0,8929
Omar Moreno;1;Luis Ayala;0,9995
Omar Moreno;2;Sean Doolittle;0,9995
Omar Moreno;3;Blake Parker;0,9995
Omar Moreno;4;Joe Thatcher;0,9995
Omar Moreno;5;Ryan Weber;0,9995
Omar Narvaez;1;Adeiny Hechavarria;0,9754
Omar Narvaez;2;Don Gullett;0,968
Omar Narvaez;3;Nick Strincevich;0,9553
Omar Narvaez;4;Charley Hall;0,9428
Omar Narvaez;5;Pete Schourek;0,9412
Omar Olivares;1;Steve Sparks;0,9604
Omar Olivares;2;Freddy Galvis;0,8975
Omar Olivares;3;Joe Genewich;0,8464
Omar Olivares;4;Shawn Chacon;0,8339
Omar Olivares;5;George Blaeholder;0,8235
Omar Quintanilla;1;Rick Sutcliffe;0,8977
Omar Quintanilla;2;Tommy Pham;0,8878
Omar Quintanilla;3;Jeremy Guthrie;0,884
Omar Quintanilla;4;Yorkis Perez;0,8823
Omar Quintanilla;5;Glenallen Hill;0,8814
Omar Vizquel;1;Matt Mieske;0,9646
Omar Vizquel;2;Jose Lobaton;0,898
Omar Vizquel;3;Oscar Judd;0,8649
Omar Vizquel;4;Roberto Perez;0,8634
Omar Vizquel;5;Benny Frey;0,8612
Oral Hildebrand;1;Manuel Margot;0,9618
Oral Hildebrand;2;Bob Veale;0,9548
Oral Hildebrand;3;Jouett Meekin;0,9516
Oral Hildebrand;4;Carlos Garcia;0,9476
Oral Hildebrand;5;Heavy Johnson;0,9377
Orator Shafer;1;Pedro Florimon;0,9678
Orator Shafer;2;Matt Treanor;0,9293
Orator Shafer;3;Jake Stahl;0,9279
Orator Shafer;4;Brandon Nimmo;0,9225
Orator Shafer;5;Ralph Young;0,9205
Orel Hershiser;1;Luis Melendez;0,9511
Orel Hershiser;2;Lew McCarty;0,9125
Orel Hershiser;3;Jody Reed;0,9105
Orel Hershiser;4;John Jaha;0,9065
Orel Hershiser;5;Tanner Scott;0,8961
Orlando Arcia;1;Billy Williams;0,9145
Orlando Arcia;2;Jim Brower;0,91
Orlando Arcia;3;Tim Flannery;0,8767
Orlando Arcia;4;Larry McWilliams;0,8748
Orlando Arcia;5;Billy Wagner;0,8525
Orlando Cabrera;1;Jim Pendleton;0,9615
Orlando Cabrera;2;Sherman Barton;0,8835
Orlando Cabrera;3;Dave Rosello;0,8679
Orlando Cabrera;4;Larry Jansen;0,8667
Orlando Cabrera;5;Roman Mejias;0,8554
Orlando Cepeda;1;Gabby Street;0,8731
Orlando Cepeda;2;Chico Ruiz;0,8456
Orlando Cepeda;3;Danny Valencia;0,8116
Orlando Cepeda;4;Alvin Davis;0,8041
Orlando Cepeda;5;Larry Woodall;0,802
Orlando Hernandez;1;Steve Frey;0,9999
Orlando Hernandez;2;Braden Looper;0,9922
Orlando Hernandez;3;John Maine;0,9474
Orlando Hernandez;4;Brian Jordan;0,9341
Orlando Hernandez;5;Wayne Garland;0,9323
Orlando Hudson;1;Bob Grim;0,8925
Orlando Hudson;2;Billy Rhines;0,8663
Orlando Hudson;3;Bobby Bonds;0,8634
Orlando Hudson;4;Gary Thurman;0,8443
Orlando Hudson;5;Chris Donnels;0,8347
Orlando Mercado;1;Paul Mirabella;0,9733
Orlando Mercado;2;Mychal Givens;0,9702
Orlando Mercado;3;Ron Davis;0,9629
Orlando Mercado;4;Rusty Meacham;0,9542
Orlando Mercado;5;Glenn Wright;0,9525
Orlando Merced;1;Tim Hosley;0,981
Orlando Merced;2;Rick Schu;0,9515
Orlando Merced;3;Bruce Edwards;0,9504
Orlando Merced;4;Duane Ward;0,9498
Orlando Merced;5;Fernando Salas;0,9433
Orlando Palmeiro;1;Tommy Boggs;0,9236
Orlando Palmeiro;2;Lefty Weinert;0,9138
Orlando Palmeiro;3;Gentry Jessup;0,8973
Orlando Palmeiro;4;Chuck Taylor;0,8915
Orlando Palmeiro;5;Dutch Henry;0,8853
Orlando Peña;1;Jordan Lyles;0,9273
Orlando Peña;2;Harold Treadwell;0,9072
Orlando Peña;3;Edward Mujica;0,9026
Orlando Peña;4;Doc Sykes;0,8531
Orlando Peña;5;Jerry Coleman;0,8525
Orval Grove;1;Dwight Smith;0,9743
Orval Grove;2;Jack Sanford;0,9204
Orval Grove;3;Enos Cabell;0,9064
Orval Grove;4;Trent Hubbard;0,9053
Orval Grove;5;Tommie Agee;0,9044
Orville Singer;1;Eddie Rommel;0,947
Orville Singer;2;Ricky Gutierrez;0,9264
Orville Singer;3;Buddy Burbage;0,9085
Orville Singer;4;Jason Castro;0,896
Orville Singer;5;Bobby Mathews;0,8946
Oscar Charleston;1;Rube Curry;0,884
Oscar Charleston;2;Jeff Manto;0,8238
Oscar Charleston;3;Heathcliff Slocumb;0,8219
Oscar Charleston;4;Jose Gonzalez;0,8046
Oscar Charleston;5;Pokey Reese;0,801
Oscar Gamble;1;Dave Orr;0,9702
Oscar Gamble;2;Brad Wilkerson;0,967
Oscar Gamble;3;Chad Wallach;0,9649
Oscar Gamble;4;Dennis Springer;0,957
Oscar Gamble;5;Lenny Green;0,9538
Oscar Grimes;1;Oral Hildebrand;0,925
Oscar Grimes;2;Cookie Lavagetto;0,8969
Oscar Grimes;3;Babe Ruth;0,8607
Oscar Grimes;4;Jon Matlack;0,8573
Oscar Grimes;5;Rick Sutcliffe;0,8497
Oscar Judd;1;Mark Lowe;0,9648
Oscar Judd;2;Javier Baez;0,9639
Oscar Judd;3;Kevin Jarvis;0,9473
Oscar Judd;4;Bob Nieman;0,9442
Oscar Judd;5;Dick Wallace;0,9404
Oscar Levis;1;Pedro Florimon;0,9484
Oscar Levis;2;Mike Harkey;0,9461
Oscar Levis;3;Chris Carter;0,9345
Oscar Levis;4;Blainey Hall;0,9323
Oscar Levis;5;Tyler Wade;0,9151
Oscar Melillo;1;Xavier Nady;0,9451
Oscar Melillo;2;Carl Sawatski;0,9433
Oscar Melillo;3;Bob Bruce;0,9373
Oscar Melillo;4;Ducky Holmes;0,9341
Oscar Melillo;5;Sam Mertes;0,9297
Oscar Stanage;1;George McBride;0,8989
Oscar Stanage;2;Lou Louden;0,8812
Oscar Stanage;3;Carl Morton;0,861
Oscar Stanage;4;Steve Nicosia;0,8524
Oscar Stanage;5;Daniel Descalso;0,8461
Ossee Schrecongost;1;Larry McLean;0,9611
Ossee Schrecongost;2;Sam Zoldak;0,9594
Ossee Schrecongost;3;Howie Reed;0,9554
Ossee Schrecongost;4;Curtis Pride;0,9488
Ossee Schrecongost;5;Chris Johnson;0,9444
Ossie Bluege;1;Sam Dente;0,9536
Ossie Bluege;2;Ed Killian;0,9525
Ossie Bluege;3;Bill Bradley;0,9313
Ossie Bluege;4;Stu Martin;0,9175
Ossie Bluege;5;Art Shamsky;0,9125
Ossie Vitt;1;Lil Stoner;0,9143
Ossie Vitt;2;Eddie Kasko;0,8904
Ossie Vitt;3;Herb Barnhill;0,8889
Ossie Vitt;4;Dick Sisler;0,8824
Ossie Vitt;5;Harry Lord;0,8778
Otis Nixon;1;Horacio Ramirez;0,9777
Otis Nixon;2;George Zuverink;0,9561
Otis Nixon;3;Henry Merchant;0,9455
Otis Nixon;4;Samuel Byrd;0,9358
Otis Nixon;5;Rodney Scott;0,9342
Otis Starks;1;Jack Hamilton;0,9981
Otis Starks;2;Casey Cox;0,9638
Otis Starks;3;Chris Coghlan;0,9336
Otis Starks;4;Luis Avilan;0,9335
Otis Starks;5;Marco Scutaro;0,9328
Otto Briggs;1;Yorkis Perez;0,94
Otto Briggs;2;Ben Grieve;0,9111
Otto Briggs;3;Jon Berti;0,9071
Otto Briggs;4;Buster Haywood;0,8994
Otto Briggs;5;Jonathan Sanchez;0,8985
Otto Hess;1;David Palmer;0,9208
Otto Hess;2;Corey Koskie;0,9189
Otto Hess;3;Dave Campbell;0,917
Otto Hess;4;Lourdes Gurriel;0,9115
Otto Hess;5;Whitey Lockman;0,9062
Otto Knabe;1;Willy Miranda;0,9942
Otto Knabe;2;Bones Ely;0,9921
Otto Knabe;3;John Ward;0,9898
Otto Knabe;4;Luis Ayala;0,9893
Otto Knabe;5;Joe Thatcher;0,9893
Otto Miller;1;Trevor Wilson;0,9682
Otto Miller;2;Richie Zisk;0,9601
Otto Miller;3;Luis Aquino;0,9533
Otto Miller;4;Marty Perez;0,9523
Otto Miller;5;Max Stassi;0,9496
Otto Velez;1;Lloyd Waner;0,9112
Otto Velez;2;Chris Bando;0,8949
Otto Velez;3;Mack Eggleston;0,8941
Otto Velez;4;Jimmy Outlaw;0,8693
Otto Velez;5;Lee Thomas;0,8687
Owen Wilson;1;Roy Thomas;0,9584
Owen Wilson;2;Ed Sweeney;0,9451
Owen Wilson;3;John Hummel;0,9343
Owen Wilson;4;Lon Knight;0,9168
Owen Wilson;5;Chuck Crim;0,9095
Ownie Carroll;1;Al Todd;0,9984
Ownie Carroll;2;Trevor Bauer;0,9932
Ownie Carroll;3;Bullet Joe Bush;0,9918
Ownie Carroll;4;Walter Holke;0,9908
Ownie Carroll;5;Bones Ely;0,9905
Ozzie Albies;1;Bryan Rekar;0,9601
Ozzie Albies;2;Gus Niarhos;0,9085
Ozzie Albies;3;Skeeter Webb;0,906
Ozzie Albies;4;Randy Moffitt;0,9046
Ozzie Albies;5;Ronnie Belliard;0,8858
Ozzie Guillen;1;Bobby Brown;0,9357
Ozzie Guillen;2;Charlie Bastian;0,8786
Ozzie Guillen;3;Gabby Street;0,8755
Ozzie Guillen;4;Dick Higham;0,8459
Ozzie Guillen;5;Travis Shaw;0,839
Ozzie Smith;1;John Hines;0,9312
Ozzie Smith;2;John Knight;0,9204
Ozzie Smith;3;Flash Miller;0,9102
Ozzie Smith;4;Phil Todt;0,9094
Ozzie Smith;5;Dick Howser;0,8917
Ozzie Virgil;1;Steven Souza;0,9886
Ozzie Virgil;2;Jimmy Sheckard;0,9875
Ozzie Virgil;3;Bud Clancy;0,9786
Ozzie Virgil;4;Pete Rose;0,9706
Ozzie Virgil;5;Brian Tallet;0,969
Pablo Lopez;1;Jesus Colome;0,9524
Pablo Lopez;2;Luis Gomez;0,9464
Pablo Lopez;3;Ed Glynn;0,9316
Pablo Lopez;4;Aaron Harang;0,9313
Pablo Lopez;5;Bill Wight;0,9272
Pablo Sandoval;1;Bruce Edwards;0,9673
Pablo Sandoval;2;Tim Hosley;0,9639
Pablo Sandoval;3;Duane Ward;0,9635
Pablo Sandoval;4;Alexi Casilla;0,9626
Pablo Sandoval;5;Fernando Salas;0,9609
Parnell Woods;1;Dann Bilardello;0,9488
Parnell Woods;2;Clint Barmes;0,9232
Parnell Woods;3;Brandon Duckworth;0,9155
Parnell Woods;4;Donnie Moore;0,9154
Parnell Woods;5;Ken Singleton;0,912
Pascual Perez;1;Ronny Paulino;0,9458
Pascual Perez;2;Ray King;0,9216
Pascual Perez;3;Dave Dravecky;0,9077
Pascual Perez;4;Travis Shaw;0,8936
Pascual Perez;5;Mackey Sasser;0,8935
Pat Borders;1;John O'Donoghue;0,9576
Pat Borders;2;Garrett Hampson;0,9393
Pat Borders;3;Ron Washington;0,9277
Pat Borders;4;Tim Naehring;0,9272
Pat Borders;5;Dick Stuart;0,9249
Pat Burrell;1;Alex Diaz;0,9542
Pat Burrell;2;Saul Rogovin;0,9444
Pat Burrell;3;Scott Leius;0,9436
Pat Burrell;4;Vince Velasquez;0,9434
Pat Burrell;5;Pete Whisenant;0,9364
Pat Clements;1;Ryan Weber;1,0
Pat Clements;2;Will Cunnane;1,0
Pat Clements;3;Luis Ayala;1,0
Pat Clements;4;Sean Doolittle;1,0
Pat Clements;5;Alan Embree;1,0
Pat Collins;1;Cookie Rojas;0,9397
Pat Collins;2;Eric Haase;0,9391
Pat Collins;3;John Kerr;0,9358
Pat Collins;4;Brian Schneider;0,9214
Pat Collins;5;Matt Diaz;0,92
Pat Corrales;1;Johnny Lipon;0,9531
Pat Corrales;2;Tim Spehr;0,9239
Pat Corrales;3;Fred Bankhead;0,8816
Pat Corrales;4;Doc White;0,8681
Pat Corrales;5;Joe Haynes;0,8672
Pat Deasley;1;Gerald Young;0,9479
Pat Deasley;2;John Farrell;0,9439
Pat Deasley;3;Henry Miller;0,9253
Pat Deasley;4;Juan Guzman;0,9146
Pat Deasley;5;Greasy Neale;0,914
Pat Dobson;1;Junior Noboa;0,9409
Pat Dobson;2;Curtis Henderson;0,8712
Pat Dobson;3;Leon Day;0,8621
Pat Dobson;4;Carl Willey;0,8565
Pat Dobson;5;Ben Grieve;0,8464
Pat Hentgen;1;Edward Mujica;0,9202
Pat Hentgen;2;Tim Hendryx;0,91
Pat Hentgen;3;Rod Scurry;0,8655
Pat Hentgen;4;Joe Horlen;0,8588
Pat Hentgen;5;Jerry Coleman;0,8546
Pat Jarvis;1;Jose Cruz;0,968
Pat Jarvis;2;Chris Sabo;0,9628
Pat Jarvis;3;Bill Hands;0,9619
Pat Jarvis;4;Richard Bleier;0,9532
Pat Jarvis;5;Javier Valentin;0,9375
Pat Kelly;1;Bob Fothergill;0,931
Pat Kelly;2;Luke Scott;0,9203
Pat Kelly;3;Brian Dozier;0,8968
Pat Kelly;4;Leon Cadore;0,8964
Pat Kelly;5;Gino Cimoli;0,895
Pat Mahomes;1;Bob Griffith;0,977
Pat Mahomes;2;Roger Nelson;0,9704
Pat Mahomes;3;John Tsitouris;0,9624
Pat Mahomes;4;Mark Eichhorn;0,9617
Pat Mahomes;5;Elmer Dessens;0,9542
Pat Malone;1;Tom Gorman;0,9524
Pat Malone;2;Al Spalding;0,9494
Pat Malone;3;Phenomenal Smith;0,9489
Pat Malone;4;David Huff;0,9399
Pat Malone;5;Jeffrey Springs;0,9349
Pat Meares;1;Chris Turner;0,9904
Pat Meares;2;Ruben Tejada;0,9837
Pat Meares;3;Brian Dorsett;0,9678
Pat Meares;4;Jerry Walker;0,9678
Pat Meares;5;Aaron Fultz;0,9678
Pat Moran;1;Ryan O'Hearn;0,9152
Pat Moran;2;Art Ditmar;0,8945
Pat Moran;3;Wei-Yin Chen;0,8927
Pat Moran;4;Cliff Politte;0,8866
Pat Moran;5;Scott Williamson;0,8822
Pat Mullin;1;Tanner Roark;0,9074
Pat Mullin;2;Frank Owen;0,9059
Pat Mullin;3;Gary Varsho;0,8736
Pat Mullin;4;Paul Derringer;0,8565
Pat Mullin;5;Kevin Stocker;0,854
Pat Neshek;1;Fernando Salas;1,0
Pat Neshek;2;Eric Gunderson;1,0
Pat Neshek;3;Will Harris;1,0
Pat Neshek;4;Randy St. Claire;1,0
Pat Neshek;5;Bruce Edwards;0,9983
Pat Patterson;1;Adam Lind;0,9112
Pat Patterson;2;Kyle Higashioka;0,9004
Pat Patterson;3;Zack Littell;0,8555
Pat Patterson;4;Juan Acevedo;0,8491
Pat Patterson;5;Tom Lawless;0,8476
Pat Putnam;1;Mike Anderson;0,9641
Pat Putnam;2;George Bradley;0,9547
Pat Putnam;3;Rich Reese;0,9544
Pat Putnam;4;Milt Gaston;0,9407
Pat Putnam;5;Jarrod Washburn;0,9383
Pat Ragan;1;Eric McNair;0,9449
Pat Ragan;2;John Romano;0,9388
Pat Ragan;3;Joe Battin;0,9319
Pat Ragan;4;Luis Melendez;0,9107
Pat Ragan;5;George Browne;0,9091
Pat Rapp;1;Jedd Gyorko;0,9596
Pat Rapp;2;Tim Hill;0,939
Pat Rapp;3;Bob Wells;0,937
Pat Rapp;4;Rusty Meacham;0,928
Pat Rapp;5;Jack Flaherty;0,9023
Pat Sheridan;1;Dick Rudolph;0,9035
Pat Sheridan;2;Sean Casey;0,9016
Pat Sheridan;3;Pedro Guerrero;0,8991
Pat Sheridan;4;Dwayne Murphy;0,8934
Pat Sheridan;5;Mike Difelice;0,8789
Pat Tabler;1;Hiram Bocachica;0,9404
Pat Tabler;2;Tony Womack;0,9297
Pat Tabler;3;Eric Owens;0,9214
Pat Tabler;4;Bill Barrett;0,9191
Pat Tabler;5;Kevin Ritz;0,9188
Pat Zachry;1;Daniel Norris;0,9094
Pat Zachry;2;Bobby Adams;0,8939
Pat Zachry;3;Franklin Morales;0,8707
Pat Zachry;4;Mike Benjamin;0,8704
Pat Zachry;5;John Lyles;0,8654
Patrick Corbin;1;Al Holland;0,9513
Patrick Corbin;2;Spec Shea;0,9311
Patrick Corbin;3;Vean Gregg;0,9239
Patrick Corbin;4;Kelly Shoppach;0,9097
Patrick Corbin;5;Chuck Dobson;0,8723
Patrick Gillespie;1;Tom Burgmeier;0,9724
Patrick Gillespie;2;Rusty Peters;0,9491
Patrick Gillespie;3;Dan Wilson;0,9381
Patrick Gillespie;4;Charlie Moore;0,9134
Patrick Gillespie;5;Sherm Lollar;0,9101
Patsy Donovan;1;Jason Adam;0,9612
Patsy Donovan;2;Greg Allen;0,9552
Patsy Donovan;3;Archie Bradley;0,9467
Patsy Donovan;4;Matt Alexander;0,9371
Patsy Donovan;5;Rafael Ortega;0,9309
Patsy Dougherty;1;Ryan O'Hearn;0,9018
Patsy Dougherty;2;R. J. Reynolds;0,8836
Patsy Dougherty;3;William Parks;0,8776
Patsy Dougherty;4;Mike Griffin;0,8697
Patsy Dougherty;5;George Zuverink;0,868
Patsy Flaherty;1;Bob Davis;0,9761
Patsy Flaherty;2;Cal Abrams;0,9642
Patsy Flaherty;3;Charlie Hargreaves;0,9594
Patsy Flaherty;4;Garrett Atkins;0,9562
Patsy Flaherty;5;Tim Hulett;0,9537
Patsy Gharrity;1;Bob Ferguson;0,9299
Patsy Gharrity;2;Bob Horner;0,9232
Patsy Gharrity;3;Giancarlo Stanton;0,9177
Patsy Gharrity;4;Gabby Hartnett;0,9025
Patsy Gharrity;5;Mickey Lolich;0,9023
Patsy Tebeau;1;Ed Killian;0,9335
Patsy Tebeau;2;Lou Bierbauer;0,9039
Patsy Tebeau;3;Jim Brown;0,8983
Patsy Tebeau;4;Ned Hanlon;0,8864
Patsy Tebeau;5;Tom Burns;0,8825
Paul Abbott;1;Nate Jones;0,9907
Paul Abbott;2;Al Milnar;0,9705
Paul Abbott;3;Ed Vosberg;0,9594
Paul Abbott;4;Bobby Seay;0,9555
Paul Abbott;5;Carlos Marmol;0,9488
Paul Assenmacher;1;Ryan Madson;0,9982
Paul Assenmacher;2;Bob Scanlan;0,99
Paul Assenmacher;3;Jack Coombs;0,9635
Paul Assenmacher;4;David Huff;0,9631
Paul Assenmacher;5;Franklin Morales;0,9394
Paul Bako;1;Henry McHenry;0,9236
Paul Bako;2;Andres Torres;0,9052
Paul Bako;3;John Lyles;0,8445
Paul Bako;4;Pete Whisenant;0,8372
Paul Bako;5;Caleb Thielbar;0,8353
Paul Blackburn;1;Todd Williams;0,9895
Paul Blackburn;2;Frankie Montas;0,9789
Paul Blackburn;3;Dustin Garneau;0,9704
Paul Blackburn;4;Jesse Chavez;0,9689
Paul Blackburn;5;Lance Painter;0,9688
Paul Blair;1;Butch Hobson;0,9468
Paul Blair;2;Jose Trevino;0,9462
Paul Blair;3;Phil Garner;0,9451
Paul Blair;4;Ivan de Jesus;0,9447
Paul Blair;5;Steve Nicosia;0,9197
Paul Byrd;1;Wayne Krenchicki;0,9589
Paul Byrd;2;Bob Davis;0,9326
Paul Byrd;3;Ray Dandridge;0,9198
Paul Byrd;4;Rich DeLucia;0,9133
Paul Byrd;5;Patsy Flaherty;0,9052
Paul Casanova;1;Felix Heredia;0,9759
Paul Casanova;2;Rich Becker;0,9741
Paul Casanova;3;Austin Hays;0,9735
Paul Casanova;4;Steve McCatty;0,9663
Paul Casanova;5;Jim Corsi;0,9639
Paul DeJong;1;Garland Braxton;0,9246
Paul DeJong;2;Phenomenal Smith;0,8899
Paul DeJong;3;Jim Beattie;0,8891
Paul DeJong;4;Gary Geiger;0,8744
Paul DeJong;5;Eddie Rosario;0,8709
Paul Dean;1;Ken Singleton;0,963
Paul Dean;2;Rick Dempsey;0,9511
Paul Dean;3;Teoscar Hernandez;0,9258
Paul Dean;4;Al Zarilla;0,9222
Paul Dean;5;Willie Cornelius;0,9221
Paul Derringer;1;Ed Figueroa;0,8683
Paul Derringer;2;Pat Mullin;0,8565
Paul Derringer;3;Steve Frey;0,8503
Paul Derringer;4;Jim Weaver;0,8209
Paul Derringer;5;Damon Buford;0,8206
Paul Erickson;1;Jim Eisenreich;0,9649
Paul Erickson;2;Ed Vosberg;0,962
Paul Erickson;3;Larry Brown;0,9471
Paul Erickson;4;Steve Farr;0,9442
Paul Erickson;5;Paul Abbott;0,94
Paul Foytack;1;David Weathers;0,9753
Paul Foytack;2;Roger Moret;0,9735
Paul Foytack;3;Heath Hembree;0,9691
Paul Foytack;4;Eddie Williams;0,9553
Paul Foytack;5;Randall Delgado;0,9483
Paul Gibson;1;Dennis Powell;1,0
Paul Gibson;2;Todd Worrell;1,0
Paul Gibson;3;Brian Matusz;1,0
Paul Gibson;4;Salomon Torres;1,0
Paul Gibson;5;Alan Benes;1,0
Paul Goldschmidt;1;Rich Dauer;0,9147
Paul Goldschmidt;2;Wilson Ramos;0,9106
Paul Goldschmidt;3;Shawn Chacon;0,9068
Paul Goldschmidt;4;Ed Young;0,8989
Paul Goldschmidt;5;Tomas Nido;0,8986
Paul Hardy;1;Jim McDonald;0,9191
Paul Hardy;2;Willie Gisentaner;0,8727
Paul Hardy;3;Bienvenido Jiménez;0,8617
Paul Hardy;4;Carrenza Howard;0,8346
Paul Hardy;5;Tim Burke;0,8248
Paul Hines;1;Harry Lord;0,9192
Paul Hines;2;Hoot Evers;0,8594
Paul Hines;3;Sam Trott;0,8452
Paul Hines;4;Ossie Vitt;0,8125
Paul Hines;5;Doug Corbett;0,7909
Paul Householder;1;Cliff Fannin;0,9996
Paul Householder;2;Earl Johnson;0,9928
Paul Householder;3;Francisco Cervelli;0,9817
Paul Householder;4;Chris Sale;0,9721
Paul Householder;5;Ryan Dempster;0,9411
Paul Janish;1;Ryan Webb;0,9555
Paul Janish;2;Mike Norris;0,9467
Paul Janish;3;Doug Allison;0,9281
Paul Janish;4;George Zuverink;0,9247
Paul Janish;5;Scott Williamson;0,9116
Paul Konerko;1;Alex Ochoa;0,912
Paul Konerko;2;Lou Louden;0,9006
Paul Konerko;3;Dick Dietz;0,8966
Paul Konerko;4;Kyle Farmer;0,8781
Paul Konerko;5;Ed Young;0,8421
Paul Lindblad;1;Tommie Reynolds;0,9942
Paul Lindblad;2;Johnny Bassler;0,994
Paul Lindblad;3;Byron Browne;0,9936
Paul Lindblad;4;Nippy Jones;0,9926
Paul Lindblad;5;Karl Drews;0,99
Paul Lo Duca;1;Bill Hutchison;0,923
Paul Lo Duca;2;Frank Taveras;0,9024
Paul Lo Duca;3;Dave Robertson;0,8908
Paul Lo Duca;4;Thornton Lee;0,8894
Paul Lo Duca;5;Carl Weilman;0,8645
Paul Maholm;1;Thornton Lee;0,8796
Paul Maholm;2;Danny Green;0,8726
Paul Maholm;3;George Bradley;0,8607
Paul Maholm;4;Doc Johnston;0,8465
Paul Maholm;5;Melky Cabrera;0,8448
Paul Minner;1;Brian Moehler;0,9982
Paul Minner;2;Pat Clements;0,9982
Paul Minner;3;Will Cunnane;0,9982
Paul Minner;4;Ryan Weber;0,9982
Paul Minner;5;Jeremy Accardo;0,9982
Paul Mirabella;1;Mychal Givens;0,9874
Paul Mirabella;2;Glenn Wright;0,9771
Paul Mirabella;3;Chris Hatcher;0,9749
Paul Mirabella;4;Cesar Ramos;0,9749
Paul Mirabella;5;John Brebbia;0,9749
Paul Molitor;1;Lee Grissom;0,9409
Paul Molitor;2;Ramiro Ramírez;0,9116
Paul Molitor;3;Mike Sadek;0,8928
Paul Molitor;4;Chuck Cary;0,891
Paul Molitor;5;Carlos Sanchez;0,8747
Paul O'Neill;1;Howie Reed;0,9719
Paul O'Neill;2;Marty Perez;0,9717
Paul O'Neill;3;Scott Bradley;0,9635
Paul O'Neill;4;Sam Zoldak;0,9553
Paul O'Neill;5;Harry Chiti;0,9451
Paul Popovich;1;Wally Roettger;0,9949
Paul Popovich;2;Pat Clements;0,9939
Paul Popovich;3;Will Cunnane;0,9939
Paul Popovich;4;Ryan Weber;0,9939
Paul Popovich;5;Jeremy Accardo;0,9939
Paul Quantrill;1;Larry Jansen;0,9354
Paul Quantrill;2;Flash Miller;0,929
Paul Quantrill;3;Billy Butler;0,9283
Paul Quantrill;4;Dave Rosello;0,9021
Paul Quantrill;5;Jim Pendleton;0,899
Paul Radford;1;Lance McCullers;0,9179
Paul Radford;2;Bobby Valentine;0,8841
Paul Radford;3;Thad Bosley;0,8599
Paul Radford;4;Dontrelle Willis;0,8597
Paul Radford;5;Dave Hillman;0,8395
Paul Richards;1;Carson Kelly;0,9599
Paul Richards;2;Danny Duffy;0,8996
Paul Richards;3;Ryan Hanigan;0,8973
Paul Richards;4;Al Levine;0,8941
Paul Richards;5;Wade Davis;0,8901
Paul Schaal;1;Elmer Singleton;0,883
Paul Schaal;2;Chico Walker;0,8709
Paul Schaal;3;Steve Mingori;0,8644
Paul Schaal;4;Sherman Barton;0,8499
Paul Schaal;5;Bob Tillman;0,8444
Paul Sewald;1;Andrew Heaney;0,9898
Paul Sewald;2;Ron Hassey;0,9868
Paul Sewald;3;Tom Gorman;0,9846
Paul Sewald;4;Brian Wilson;0,9845
Paul Sewald;5;Bobby Tiefenauer;0,9834
Paul Shuey;1;Bobby Parnell;0,9984
Paul Shuey;2;Tex Hughson;0,9909
Paul Shuey;3;Rosy Ryan;0,9836
Paul Shuey;4;Francisco Rodriguez;0,9728
Paul Shuey;5;Dave Dravecky;0,9704
Paul Sorrento;1;Brian Daubach;0,9477
Paul Sorrento;2;Jeff DaVanon;0,9368
Paul Sorrento;3;Bob Wickman;0,9118
Paul Sorrento;4;Corey Dickerson;0,9022
Paul Sorrento;5;Taylor Douthit;0,8762
Paul Splittorff;1;Fran Healy;0,923
Paul Splittorff;2;Duane Josephson;0,8799
Paul Splittorff;3;Didi Gregorius;0,8775
Paul Splittorff;4;Johnny Blanchard;0,8702
Paul Splittorff;5;Sam Fuld;0,8612
Paul Waner;1;Jimmy Stewart;0,916
Paul Waner;2;Brandon Duckworth;0,8902
Paul Waner;3;Al Ferrara;0,8887
Paul Waner;4;Edwin Diaz;0,888
Paul Waner;5;Tyler Kinley;0,8878
Paul Zuvella;1;Taylor Ward;0,9858
Paul Zuvella;2;Tom Williams;0,9825
Paul Zuvella;3;Ryan Vogelsong;0,9817
Paul Zuvella;4;Rob Brantly;0,9771
Paul Zuvella;5;Bobby Locke;0,9722
Peanuts Lowrey;1;Chad Fox;0,9551
Peanuts Lowrey;2;George Sherrill;0,9522
Peanuts Lowrey;3;Mark Williamson;0,9458
Peanuts Lowrey;4;Don Elston;0,9335
Peanuts Lowrey;5;Dallas Green;0,9283
Pearl Webster;1;Alexi Casilla;0,954
Pearl Webster;2;Hooks Dauss;0,9485
Pearl Webster;3;Domingo Ramos;0,94
Pearl Webster;4;Mike Young;0,9308
Pearl Webster;5;Monte Pearson;0,9262
Pedro Alvarez;1;Jelly Taylor;0,9912
Pedro Alvarez;2;Octavio Dotel;0,9854
Pedro Alvarez;3;Brian Dorsett;0,9831
Pedro Alvarez;4;Jerry Walker;0,9831
Pedro Alvarez;5;Aaron Fultz;0,9831
Pedro Astacio;1;Jesse Levis;0,9613
Pedro Astacio;2;Matt Mieske;0,9399
Pedro Astacio;3;Benny Frey;0,8925
Pedro Astacio;4;Jimmy Outlaw;0,8776
Pedro Astacio;5;George McAllister;0,844
Pedro Borbon;1;Cliff Pennington;0,9301
Pedro Borbon;2;Harry McIntire;0,9099
Pedro Borbon;3;Andre Thornton;0,8959
Pedro Borbon;4;Rob Wilfong;0,8956
Pedro Borbon;5;Tom Young;0,8933
Pedro Feliciano;1;Nick Etten;0,9623
Pedro Feliciano;2;Gus Bell;0,956
Pedro Feliciano;3;Dan Wilson;0,9071
Pedro Feliciano;4;Bob Swift;0,9052
Pedro Feliciano;5;Mickey Klutts;0,9033
Pedro Feliz;1;Ray Wilson;0,9702
Pedro Feliz;2;Bill Coughlin;0,9668
Pedro Feliz;3;Karl Drews;0,9652
Pedro Feliz;4;Melido Perez;0,9619
Pedro Feliz;5;Byron Browne;0,9615
Pedro Florimon;1;John Vukovich;0,9851
Pedro Florimon;2;Mike McNally;0,9741
Pedro Florimon;3;Orator Shafer;0,9678
Pedro Florimon;4;Brandon Nimmo;0,9624
Pedro Florimon;5;Joe Ginsberg;0,9577
Pedro Guerrero;1;Pepper Martin;0,9068
Pedro Guerrero;2;Pat Sheridan;0,8991
Pedro Guerrero;3;Jack Harshman;0,8663
Pedro Guerrero;4;Butch Hobson;0,8441
Pedro Guerrero;5;Kevin Pillar;0,836
Pedro Martinez;1;Wayne Carr;0,9519
Pedro Martinez;2;Harry Lord;0,9485
Pedro Martinez;3;Mike Holtz;0,9121
Pedro Martinez;4;Denny Doyle;0,8975
Pedro Martinez;5;Harry Kincannon;0,8917
Pedro Ramos;1;Scott Hairston;0,8925
Pedro Ramos;2;Max Muncy;0,8868
Pedro Ramos;3;Don Mason;0,8855
Pedro Ramos;4;John Patterson;0,8443
Pedro Ramos;5;Ron Brand;0,8405
Pedro Severino;1;Zack Wheeler;0,9454
Pedro Severino;2;John Jaha;0,9424
Pedro Severino;3;Mike Caldwell;0,9342
Pedro Severino;4;Sam Bennett;0,9306
Pedro Severino;5;Bob Ojeda;0,9147
Pedro Strop;1;Jeffrey Springs;1,0
Pedro Strop;2;Tom Gorman;0,9976
Pedro Strop;3;David Huff;0,9922
Pedro Strop;4;Chuck Hiller;0,9839
Pedro Strop;5;Luis Quinones;0,9813
Pee Wee Reese;1;Donnie Sadler;0,8652
Pee Wee Reese;2;Bob Bruce;0,8561
Pee Wee Reese;3;Danny Santana;0,8477
Pee Wee Reese;4;Donnie Hill;0,8442
Pee Wee Reese;5;Charlie Buffinton;0,842
Pelayo Chacón;1;Dick Buckley;0,8923
Pelayo Chacón;2;Mickey Hatcher;0,8887
Pelayo Chacón;3;Dick Stuart;0,8742
Pelayo Chacón;4;Johnny Lipon;0,8632
Pelayo Chacón;5;Alex Fernandez;0,8512
Pep Young;1;Mike Anderson;0,9307
Pep Young;2;Pat Putnam;0,9251
Pep Young;3;Garrett Cooper;0,9038
Pep Young;4;Vic Correll;0,8997
Pep Young;5;Jason Jennings;0,8977
Pepe Frias;1;Eddie Murray;0,9396
Pepe Frias;2;Eddie Murphy;0,9291
Pepe Frias;3;Lip Pike;0,8972
Pepe Frias;4;Earl McNeely;0,8952
Pepe Frias;5;Kyle Freeland;0,8894
Pepper Bassett;1;John Grabow;0,9546
Pepper Bassett;2;Jerry Walker;0,9333
Pepper Bassett;3;Brian Dorsett;0,9333
Pepper Bassett;4;Aaron Fultz;0,9333
Pepper Bassett;5;Tex Hughson;0,921
Pepper Daniels;1;Hardy Richardson;0,9866
Pepper Daniels;2;Billy Cox;0,968
Pepper Daniels;3;George Scales;0,9622
Pepper Daniels;4;Ivan Rodriguez;0,9592
Pepper Daniels;5;Homer Bailey;0,9584
Pepper Martin;1;Pedro Guerrero;0,9068
Pepper Martin;2;Darin Ruf;0,8873
Pepper Martin;3;Pat Sheridan;0,8678
Pepper Martin;4;Jedd Gyorko;0,8649
Pepper Martin;5;Bob Owchinko;0,8645
Percy Jones;1;Don Kelly;0,9643
Percy Jones;2;Phil Collins;0,9607
Percy Jones;3;Pete LaCock;0,9459
Percy Jones;4;Big Bill Smith;0,9272
Percy Jones;5;Mike Greenwell;0,9222
Percy Miller;1;Paul Blackburn;0,9645
Percy Miller;2;Todd Williams;0,9323
Percy Miller;3;Albie Pearson;0,9276
Percy Miller;4;Nolan Reimold;0,9221
Percy Miller;5;Dustin Garneau;0,9108
Perry Hall;1;George Boehler;0,9496
Perry Hall;2;Dan Pasqua;0,9341
Perry Hall;3;Harry Williams;0,9331
Perry Hall;4;Bob Humphreys;0,9318
Perry Hall;5;Mark Thurmond;0,9249
Pete Alexander;1;Andy Coakley;0,9785
Pete Alexander;2;Charles Gipson;0,9625
Pete Alexander;3;Bill Sweeney;0,9105
Pete Alexander;4;Pepper Daniels;0,8981
Pete Alexander;5;Frank Wills;0,8608
Pete Appleton;1;Roger Moret;0,9545
Pete Appleton;2;Randall Delgado;0,9266
Pete Appleton;3;Harry Eisenstat;0,9209
Pete Appleton;4;Jose Veras;0,9162
Pete Appleton;5;Corey Knebel;0,9162
Pete Booker;1;Neil Allen;0,937
Pete Booker;2;Anthony DeSclafani;0,935
Pete Booker;3;Kerry Ligtenberg;0,9278
Pete Booker;4;Daisuke Matsuzaka;0,9227
Pete Booker;5;Ken Ryan;0,915
Pete Broberg;1;Martin Maldonado;0,9686
Pete Broberg;2;John Smiley;0,9475
Pete Broberg;3;Danny Duffy;0,9454
Pete Broberg;4;Frank DiPino;0,9348
Pete Broberg;5;John Menefee;0,9299
Pete Browning;1;Michael Fulmer;0,9411
Pete Browning;2;John Barnes;0,9298
Pete Browning;3;Johnny Washington;0,9192
Pete Browning;4;Bob Boyd;0,916
Pete Browning;5;Nick Pivetta;0,8773
Pete Burnside;1;Sad Sam Jones;0,9436
Pete Burnside;2;Elam Vangilder;0,9372
Pete Burnside;3;Doc Gessler;0,9274
Pete Burnside;4;Duane Josephson;0,9127
Pete Burnside;5;Scott Podsednik;0,9057
Pete Castiglione;1;Gil Coan;0,9279
Pete Castiglione;2;Howie Fox;0,9091
Pete Castiglione;3;Gene Freese;0,902
Pete Castiglione;4;Kyle Davies;0,8748
Pete Castiglione;5;Adolfo Phillips;0,8674
Pete Coscarart;1;Jerry Terrell;0,929
Pete Coscarart;2;Frank Baumholtz;0,9197
Pete Coscarart;3;Con Daily;0,9046
Pete Coscarart;4;Alex Arias;0,9043
Pete Coscarart;5;Kevin Frandsen;0,896
Pete Donohue;1;Larry Rosenthal;0,8969
Pete Donohue;2;Vicente Romo;0,8646
Pete Donohue;3;John Morris;0,86
Pete Donohue;4;Shane Bieber;0,8594
Pete Donohue;5;Lew Fonseca;0,8384
Pete Falcone;1;Doug Rau;0,9638
Pete Falcone;2;Jerry Narron;0,9385
Pete Falcone;3;Jesse Chavez;0,9257
Pete Falcone;4;Chris Davis;0,925
Pete Falcone;5;Lance Painter;0,9247
Pete Fox;1;Jeff Weaver;0,8584
Pete Fox;2;Chubby Dean;0,8419
Pete Fox;3;Sandy Thompson;0,8373
Pete Fox;4;Gene Conley;0,8284
Pete Fox;5;Dale Murray;0,8232
Pete Harnisch;1;Jim Owens;0,9579
Pete Harnisch;2;Josh Fogg;0,908
Pete Harnisch;3;Johnny Sain;0,8874
Pete Harnisch;4;Vic Darensbourg;0,8869
Pete Harnisch;5;George Weidman;0,8445
Pete Hill;1;Bob Rhoads;0,9249
Pete Hill;2;Kevin Newman;0,9204
Pete Hill;3;John Richmond;0,8889
Pete Hill;4;Jake Dunn;0,8807
Pete Hill;5;Bill Kuehne;0,8735
Pete Hotaling;1;Jim Williams;0,9307
Pete Hotaling;2;Ramon Ramirez;0,8721
Pete Hotaling;3;Buck Ross;0,8608
Pete Hotaling;4;Jason Bay;0,8591
Pete Hotaling;5;Con Daily;0,8403
Pete Incaviglia;1;Ildemaro Vargas;0,9782
Pete Incaviglia;2;Horace Clarke;0,9536
Pete Incaviglia;3;Bob Brenly;0,9416
Pete Incaviglia;4;Ben Revere;0,9403
Pete Incaviglia;5;Willie Upshaw;0,9325
Pete Kozma;1;Bob Wells;0,9571
Pete Kozma;2;Ed Lynch;0,9485
Pete Kozma;3;Bob Buhl;0,9387
Pete Kozma;4;Alex Wood;0,938
Pete Kozma;5;Corey Kluber;0,9316
Pete LaCock;1;Phil Collins;0,9787
Pete LaCock;2;Percy Jones;0,9459
Pete LaCock;3;Rich Rodriguez;0,9409
Pete LaCock;4;C. J. Wilson;0,9291
Pete LaCock;5;Hal Brown;0,9206
Pete Mackanin;1;Tim Federowicz;0,9319
Pete Mackanin;2;Lance McCullers;0,9177
Pete Mackanin;3;Bob Stinson;0,8591
Pete Mackanin;4;Craig Paquette;0,8488
Pete Mackanin;5;Jacque Jones;0,8319
Pete Mikkelsen;1;Mike Mussina;0,9488
Pete Mikkelsen;2;Donnie Moore;0,932
Pete Mikkelsen;3;Kendall Graveman;0,9282
Pete Mikkelsen;4;Chad Fox;0,9254
Pete Mikkelsen;5;George Sherrill;0,9218
Pete O'Brien;1;Fred Tenney;0,9912
Pete O'Brien;2;George Whitted;0,9868
Pete O'Brien;3;Brad Fullmer;0,9812
Pete O'Brien;4;Adam Frazier;0,9801
Pete O'Brien;5;Charlie Grimm;0,98
Pete Orr;1;Jim Turner;0,9705
Pete Orr;2;Chris Gomez;0,9518
Pete Orr;3;Cecil Upshaw;0,9456
Pete Orr;4;Erv Dusak;0,9379
Pete Orr;5;Mike Williams;0,9357
Pete Reiser;1;Devin Mesoraco;0,9463
Pete Reiser;2;Phil Todt;0,9333
Pete Reiser;3;Luther Taylor;0,9262
Pete Reiser;4;Roman Mejias;0,8919
Pete Reiser;5;Wes Parker;0,8874
Pete Richert;1;Dave Hamilton;0,9021
Pete Richert;2;Shane Bieber;0,8861
Pete Richert;3;Ryan Flaherty;0,8802
Pete Richert;4;Jim Scott;0,8662
Pete Richert;5;John Morris;0,8642
Pete Rose;1;Bud Clancy;0,9945
Pete Rose;2;Steven Souza;0,9849
Pete Rose;3;Subby Byas;0,9832
Pete Rose;4;Billy Klaus;0,9797
Pete Rose;5;Joe Collins;0,9779
Pete Runnels;1;Frank Chance;0,9608
Pete Runnels;2;Ryan Webb;0,9341
Pete Runnels;3;Wally Gerber;0,9282
Pete Runnels;4;Rogers Hornsby;0,9211
Pete Runnels;5;Khris Davis;0,9176
Pete Schourek;1;Brad Havens;1,0
Pete Schourek;2;Dave Tobik;1,0
Pete Schourek;3;Max Manning;0,994
Pete Schourek;4;Dallas Green;0,9918
Pete Schourek;5;Al Ferrara;0,9916
Pete Smith;1;Taylor Teagarden;0,9653
Pete Smith;2;Danys Baez;0,9501
Pete Smith;3;Brad Fullmer;0,9444
Pete Smith;4;John Wyatt;0,9229
Pete Smith;5;Bob Seeds;0,9194
Pete Suder;1;Sammy Hale;0,9084
Pete Suder;2;Rich Amaral;0,8887
Pete Suder;3;Newt Allen;0,8808
Pete Suder;4;Rafael Devers;0,868
Pete Suder;5;Frank Welch;0,8652
Pete Vuckovich;1;Ben Cantwell;0,9279
Pete Vuckovich;2;Derek Dietrich;0,9265
Pete Vuckovich;3;Hal Smith;0,9257
Pete Vuckovich;4;Hubie Brooks;0,9212
Pete Vuckovich;5;Casey Janssen;0,921
Pete Ward;1;Chris Johnson;0,9593
Pete Ward;2;Boog Powell;0,9555
Pete Ward;3;Craig Monroe;0,9511
Pete Ward;4;Ray Hayworth;0,9476
Pete Ward;5;Travis Snider;0,9426
Pete Washington;1;Pinch Thomas;0,9398
Pete Washington;2;Harry Stovey;0,9302
Pete Washington;3;Bunny Downs;0,9276
Pete Washington;4;Zack Britton;0,9103
Pete Washington;5;Jim Brosnan;0,9051
Pete Whisenant;1;Zollie Wright;0,9698
Pete Whisenant;2;Edgar Gonzalez;0,9561
Pete Whisenant;3;Glenn Davis;0,9559
Pete Whisenant;4;Jack Coombs;0,9482
Pete Whisenant;5;Mike Gonzalez;0,9468
Peter Bourjos;1;Edwin Encarnacion;0,9479
Peter Bourjos;2;Mike Redmond;0,9274
Peter Bourjos;3;Rico Carty;0,9047
Peter Bourjos;4;Bill Merritt;0,8998
Peter Bourjos;5;Matt Clement;0,8549
Peter Moylan;1;Bud Podbielan;0,9961
Peter Moylan;2;Warren Brusstar;0,9829
Peter Moylan;3;Mario Mendoza;0,972
Peter Moylan;4;Shawn Boskie;0,9577
Peter Moylan;5;Todd Frohwirth;0,9536
Phenomenal Smith;1;Pat Malone;0,9489
Phenomenal Smith;2;Frank Lary;0,938
Phenomenal Smith;3;Carlos Martinez;0,933
Phenomenal Smith;4;Richard Dotson;0,9217
Phenomenal Smith;5;Garland Braxton;0,9191
Phil Bradley;1;Andrew Cashner;0,962
Phil Bradley;2;Jimmy Jones;0,9587
Phil Bradley;3;Mike Perez;0,9546
Phil Bradley;4;Hugh Casey;0,9532
Phil Bradley;5;Shawn Armstrong;0,9527
Phil Cavarretta;1;Dick Tracewski;0,9482
Phil Cavarretta;2;Lou Louden;0,8653
Phil Cavarretta;3;Wilson Ramos;0,8557
Phil Cavarretta;4;Travis Snider;0,8501
Phil Cavarretta;5;Lennie Pearson;0,8422
Phil Cockrell;1;Frank Shugart;0,8809
Phil Cockrell;2;Leonys Martin;0,8771
Phil Cockrell;3;Jose Guzman;0,8681
Phil Cockrell;4;Jose Trevino;0,8581
Phil Cockrell;5;Jon Berti;0,8515
Phil Coke;1;Nick Johnson;0,9511
Phil Coke;2;Juan Rivera;0,9439
Phil Coke;3;Jim Kern;0,9385
Phil Coke;4;J. R. Murphy;0,9084
Phil Coke;5;Donnie Murphy;0,8902
Phil Collins;1;Pete LaCock;0,9787
Phil Collins;2;Percy Jones;0,9607
Phil Collins;3;Jerry Coleman;0,9564
Phil Collins;4;Rich Rodriguez;0,9373
Phil Collins;5;Todd Zeile;0,9372
Phil Douglas;1;Eddie Pellagrini;0,9855
Phil Douglas;2;George Decker;0,981
Phil Douglas;3;Buck Leonard;0,9757
Phil Douglas;4;Davey Johnson;0,9647
Phil Douglas;5;Pie Traynor;0,9644
Phil Gagliano;1;Derek Dietrich;0,9608
Phil Gagliano;2;Lou Dials;0,9329
Phil Gagliano;3;Carlos Torres;0,9252
Phil Gagliano;4;Tullie McAdoo;0,9243
Phil Gagliano;5;Bryan Holaday;0,92
Phil Garner;1;Gary Thomasson;0,968
Phil Garner;2;Paul Blair;0,9451
Phil Garner;3;Ivan de Jesus;0,9381
Phil Garner;4;Dave McNally;0,9173
Phil Garner;5;Mike Andrews;0,8898
Phil Hughes;1;Jameson Taillon;0,9532
Phil Hughes;2;Danny Frisella;0,9476
Phil Hughes;3;Harry Coveleski;0,9371
Phil Hughes;4;Emil Brown;0,9164
Phil Hughes;5;Tony Kemp;0,9093
Phil Marchildon;1;Jerry Koosman;0,9606
Phil Marchildon;2;Bob Weiland;0,9578
Phil Marchildon;3;Mike Benjamin;0,956
Phil Marchildon;4;Garrett Cooper;0,9375
Phil Marchildon;5;Dick Littlefield;0,9359
Phil Masi;1;Ed Rile;0,9613
Phil Masi;2;Yuli Gurriel;0,9353
Phil Masi;3;Rich Amaral;0,8952
Phil Masi;4;Bert Cunningham;0,8904
Phil Masi;5;Sal Butera;0,8735
Phil Maton;1;Mike Jeffcoat;0,9862
Phil Maton;2;Craig McMurtry;0,9675
Phil Maton;3;Ross Ohlendorf;0,9381
Phil Maton;4;Lary Sorensen;0,9351
Phil Maton;5;Hawk Taylor;0,9019
Phil Nevin;1;Drew Butera;0,9411
Phil Nevin;2;John Henry Lloyd;0,8793
Phil Nevin;3;Darwin Barney;0,8677
Phil Nevin;4;Tyler Naquin;0,8421
Phil Nevin;5;Sam Jethroe;0,8391
Phil Niekro;1;Ron Robinson;0,9177
Phil Niekro;2;Freddy Galvis;0,8937
Phil Niekro;3;George Blaeholder;0,8905
Phil Niekro;4;Paul Richards;0,883
Phil Niekro;5;Wilson Ramos;0,8534
Phil Ortega;1;Rich Reese;0,9156
Phil Ortega;2;Hanser Alberto;0,8993
Phil Ortega;3;John Cassidy;0,8856
Phil Ortega;4;Scott Leius;0,8669
Phil Ortega;5;Danny Green;0,8547
Phil Regan;1;Bryse Wilson;0,9852
Phil Regan;2;Brian Wilson;0,9732
Phil Regan;3;Paul Sewald;0,9345
Phil Regan;4;Johnny Estrada;0,926
Phil Regan;5;Junichi Tazawa;0,9019
Phil Rizzuto;1;Bob Seeds;0,8615
Phil Rizzuto;2;Lou Bierbauer;0,8591
Phil Rizzuto;3;Cozy Dolan;0,8539
Phil Rizzuto;4;Aaron Hill;0,8501
Phil Rizzuto;5;Raul Casanova;0,8471
Phil Roof;1;Bob Dernier;0,8763
Phil Roof;2;Joey Eischen;0,8761
Phil Roof;3;Jimmy Ford;0,8696
Phil Roof;4;Dwight Smith;0,8656
Phil Roof;5;Armando Marsans;0,8588
Phil Todt;1;Travis Jackson;0,9557
Phil Todt;2;Sam Streeter;0,9546
Phil Todt;3;Zach Eflin;0,9478
Phil Todt;4;Zack Taylor;0,9417
Phil Todt;5;Curt Davis;0,9414
Philip Gosselin;1;Cesar Izturis;0,942
Philip Gosselin;2;Sam Bennett;0,9375
Philip Gosselin;3;Bill Bayne;0,924
Philip Gosselin;4;Luis Valbuena;0,8741
Philip Gosselin;5;Mike Clevinger;0,8715
Pie Traynor;1;Tyler Glasnow;0,9784
Pie Traynor;2;Eddie Pellagrini;0,9753
Pie Traynor;3;Ray Morgan;0,9752
Pie Traynor;4;Adam Frazier;0,9732
Pie Traynor;5;Brad Fullmer;0,973
Pinch Thomas;1;Randy Myers;0,9512
Pinch Thomas;2;Pete Washington;0,9398
Pinch Thomas;3;Colby Rasmus;0,9279
Pinch Thomas;4;John Kruk;0,9154
Pinch Thomas;5;Lee Tannehill;0,9081
Ping Bodie;1;Lucas Sims;0,9155
Ping Bodie;2;Gino Cimoli;0,9062
Ping Bodie;3;Harold Baines;0,9037
Ping Bodie;4;Curt Leskanic;0,9021
Ping Bodie;5;Steve Farr;0,9018
Ping Gardner;1;Saul Rogovin;0,9696
Ping Gardner;2;Lance Cormier;0,9611
Ping Gardner;3;Javier Valentin;0,9373
Ping Gardner;4;Richard Bleier;0,9288
Ping Gardner;5;Chris Sabo;0,9274
Pink Hawley;1;T. J. Mathews;0,9608
Pink Hawley;2;Greg McMichael;0,9482
Pink Hawley;3;Harry Hooper;0,9418
Pink Hawley;4;Cub Stricker;0,9365
Pink Hawley;5;Mark Reynolds;0,9286
Pinky Hargrave;1;John Kerr;0,9661
Pinky Hargrave;2;Jason Bartlett;0,9551
Pinky Hargrave;3;Joe Nolan;0,9516
Pinky Hargrave;4;Nate Robertson;0,9392
Pinky Hargrave;5;Howard Ehmke;0,9383
Pinky Higgins;1;Larry Twitchell;0,9222
Pinky Higgins;2;Ray Katt;0,9215
Pinky Higgins;3;Ray Mack;0,9055
Pinky Higgins;4;Danny Taylor;0,8508
Pinky Higgins;5;Manny Alexander;0,8416
Pinky Whitney;1;Eric Munson;0,9423
Pinky Whitney;2;Balor Moore;0,9164
Pinky Whitney;3;Bake McBride;0,9067
Pinky Whitney;4;Herb Score;0,8846
Pinky Whitney;5;Kirk McCaskill;0,8839
Placido Polanco;1;Bob Brenly;0,9367
Placido Polanco;2;Billy Sunday;0,9333
Placido Polanco;3;Klondike Douglass;0,9331
Placido Polanco;4;Ildemaro Vargas;0,931
Placido Polanco;5;Roy Lee Jackson;0,9285
Poindexter Williams;1;Reese McGuire;0,8993
Poindexter Williams;2;Gene Stephens;0,8833
Poindexter Williams;3;Sean Newcomb;0,8817
Poindexter Williams;4;David Bell;0,855
Poindexter Williams;5;Luis Cessa;0,8504
Pokey Reese;1;Lew Krausse;0,9665
Pokey Reese;2;Dom DiMaggio;0,9501
Pokey Reese;3;Turner Barber;0,9434
Pokey Reese;4;Bob Watson;0,9358
Pokey Reese;5;Gene Hermanski;0,9338
Pol Perritt;1;J. D. Davis;0,9297
Pol Perritt;2;Giancarlo Stanton;0,9237
Pol Perritt;3;Matt Harrison;0,922
Pol Perritt;4;Paul Foytack;0,9205
Pol Perritt;5;Roger Repoz;0,9137
Pop Schriver;1;George Hemming;0,9206
Pop Schriver;2;Bryce Harper;0,9131
Pop Schriver;3;Eddie Stanky;0,899
Pop Schriver;4;George Stovall;0,893
Pop Schriver;5;Logan Morrison;0,8927
Pop Smith;1;Sean Newcomb;0,9632
Pop Smith;2;Eddie Collins;0,9372
Pop Smith;3;Ira Flagstead;0,9289
Pop Smith;4;Eric Soderholm;0,925
Pop Smith;5;Scott Barlow;0,9121
Pop Snyder;1;Stephen Piscotty;0,9716
Pop Snyder;2;Lonnie Chisenhall;0,9673
Pop Snyder;3;Don Mincher;0,9348
Pop Snyder;4;Jimmy Williams;0,9337
Pop Snyder;5;T. J. Mathews;0,9282
Porter Moss;1;John Tsitouris;0,9559
Porter Moss;2;Elmer Dessens;0,9534
Porter Moss;3;Dan Miceli;0,9491
Porter Moss;4;Willis Flournoy;0,9455
Porter Moss;5;Atlee Hammaker;0,9448
Preacher Henry;1;Todd Coffey;0,9877
Preacher Henry;2;Brian Shouse;0,9848
Preacher Henry;3;Todd Wellemeyer;0,9846
Preacher Henry;4;Ricky Bottalico;0,9736
Preacher Henry;5;Hank Wyse;0,9707
Preacher Roe;1;Eric Plunk;0,8924
Preacher Roe;2;Garth Iorg;0,8833
Preacher Roe;3;Derrick May;0,8549
Preacher Roe;4;Ferris Fain;0,815
Preacher Roe;5;Roman Mejias;0,8132
Preston Ward;1;Danny Cox;0,9176
Preston Ward;2;Gary Lucas;0,9173
Preston Ward;3;Gil Heredia;0,9082
Preston Ward;4;Scott Radinsky;0,9047
Preston Ward;5;Junichi Tazawa;0,8797
Preston Wilson;1;Keith Miller;0,9477
Preston Wilson;2;Brian Hunter;0,9403
Preston Wilson;3;Glenn Hoffman;0,8914
Preston Wilson;4;Pete Washington;0,8877
Preston Wilson;5;Pretzels Getzien;0,8849
Pretzels Getzien;1;Chad Bradford;0,9091
Pretzels Getzien;2;Preston Wilson;0,8849
Pretzels Getzien;3;Jon Garland;0,855
Pretzels Getzien;4;Morrie Martin;0,8532
Pretzels Getzien;5;Walt Wilmot;0,8518
Prince Fielder;1;Mickey McDermott;0,9181
Prince Fielder;2;Jim Ray Hart;0,9065
Prince Fielder;3;Stan Bahnsen;0,897
Prince Fielder;4;Elias Diaz;0,8961
Prince Fielder;5;Dave Roberts;0,8908
Pud Galvin;1;Bill Handy;0,9138
Pud Galvin;2;Michael Pineda;0,9055
Pud Galvin;3;Jim Pagliaroni;0,8649
Pud Galvin;4;Hector Torres;0,8619
Pud Galvin;5;Jimmy Brown;0,8551
Putsy Caballero;1;Aaron Heilman;0,9606
Putsy Caballero;2;Benny Ayala;0,9536
Putsy Caballero;3;Walt Moryn;0,9535
Putsy Caballero;4;Cap Anson;0,9465
Putsy Caballero;5;Jake Daubert;0,9396
Quincy Trouppe;1;Lou Klimchock;0,9642
Quincy Trouppe;2;Steve Ontiveros;0,9602
Quincy Trouppe;3;Jack Kralick;0,9564
Quincy Trouppe;4;Gene Mauch;0,946
Quincy Trouppe;5;Luis Rivas;0,946
Quinton McCracken;1;Phil Douglas;0,9461
Quinton McCracken;2;Felix Heredia;0,9286
Quinton McCracken;3;Edgar Wesley;0,9285
Quinton McCracken;4;Eddie Pellagrini;0,9247
Quinton McCracken;5;Ben Revere;0,9228
R. A. Dickey;1;Chuck Taylor;0,91
R. A. Dickey;2;J. R. Richard;0,8713
R. A. Dickey;3;Josh Johnson;0,864
R. A. Dickey;4;Ross Ohlendorf;0,8591
R. A. Dickey;5;Mike Jeffcoat;0,8533
R. J. Reynolds;1;Levi Meyerle;0,9766
R. J. Reynolds;2;Ken Landreaux;0,9528
R. J. Reynolds;3;Reggie Jackson;0,9433
R. J. Reynolds;4;Daryle Ward;0,9394
R. J. Reynolds;5;Yandy Diaz;0,9362
Rabbit Maranville;1;Ron Swoboda;0,9015
Rabbit Maranville;2;Lee Wade;0,8735
Rabbit Maranville;3;George Smith;0,8728
Rabbit Maranville;4;Roy Hartzell;0,8719
Rabbit Maranville;5;Willie Mitchell;0,869
Rabbit Martínez;1;Harry Steinfeldt;0,8664
Rabbit Martínez;2;Jimmy Dykes;0,8654
Rabbit Martínez;3;Jeff Kent;0,8587
Rabbit Martínez;4;Jim Lyttle;0,8432
Rabbit Martínez;5;Freddie Lindstrom;0,843
Rabbit Warstler;1;Justin Masterson;0,9337
Rabbit Warstler;2;Sam Mele;0,9056
Rabbit Warstler;3;Al Spohrer;0,8694
Rabbit Warstler;4;Cy Falkenberg;0,8646
Rabbit Warstler;5;Eric Owens;0,8578
Rafael Belliard;1;Freddy Peralta;0,9696
Rafael Belliard;2;Ivan Murrell;0,9553
Rafael Belliard;3;Dan Kennard;0,9426
Rafael Belliard;4;Mike Trombley;0,9375
Rafael Belliard;5;Freddy Sanchez;0,9326
Rafael Betancourt;1;Cesar Ramos;1,0
Rafael Betancourt;2;Josh Hader;1,0
Rafael Betancourt;3;Chris Hatcher;1,0
Rafael Betancourt;4;Chasen Shreve;1,0
Rafael Betancourt;5;John Brebbia;1,0
Rafael Devers;1;Obie Lackey;0,9672
Rafael Devers;2;Rich Amaral;0,9306
Rafael Devers;3;Jimmie Wilson;0,9259
Rafael Devers;4;Julio Gotay;0,913
Rafael Devers;5;Wally Gerber;0,9094
Rafael Figarola;1;Ted Savage;0,9418
Rafael Figarola;2;Johnny Humphries;0,8938
Rafael Figarola;3;Al Spohrer;0,8866
Rafael Figarola;4;Bob Rhoads;0,8649
Rafael Figarola;5;Slim Harriss;0,8605
Rafael Furcal;1;Lloyd Davenport;0,9118
Rafael Furcal;2;Whitey Herzog;0,8853
Rafael Furcal;3;Dick Padden;0,8562
Rafael Furcal;4;Seth Smith;0,8403
Rafael Furcal;5;Eric Munson;0,8283
Rafael Landestoy;1;Bill Evans;0,9657
Rafael Landestoy;2;Erv Dusak;0,9651
Rafael Landestoy;3;Sarge Connally;0,9649
Rafael Landestoy;4;Charley Hall;0,9584
Rafael Landestoy;5;Chuck Hiller;0,9529
Rafael Montero;1;Dan Bankhead;1,0
Rafael Montero;2;Jeffrey Springs;1,0
Rafael Montero;3;Carson Fulmer;1,0
Rafael Montero;4;Tom Gorman;0,9976
Rafael Montero;5;Mike Adams;0,9952
Rafael Ortega;1;Johnnie LeMaster;0,9674
Rafael Ortega;2;Roy White;0,9622
Rafael Ortega;3;Bill Casey;0,9507
Rafael Ortega;4;Archie Bradley;0,9503
Rafael Ortega;5;Ugueth Urbina;0,9496
Rafael Palmeiro;1;Jim Keenan;0,9979
Rafael Palmeiro;2;Mike Ryan;0,9974
Rafael Palmeiro;3;Elmer Myers;0,9944
Rafael Palmeiro;4;Vern Stephens;0,9942
Rafael Palmeiro;5;Pat Clements;0,994
Rafael Ramirez;1;Tyler O'Neill;0,8883
Rafael Ramirez;2;Charlie Dexter;0,8831
Rafael Ramirez;3;Henry Cotto;0,8795
Rafael Ramirez;4;Jerry McNertney;0,8656
Rafael Ramirez;5;Will Jackson;0,8388
Rafael Soriano;1;Hipolito Pichardo;0,9916
Rafael Soriano;2;Matt Sinatro;0,9657
Rafael Soriano;3;Jack Tobin;0,9567
Rafael Soriano;4;Tim Mayza;0,9538
Rafael Soriano;5;Carlos Reyes;0,9538
Raimel Tapia;1;Jake Westbrook;0,977
Raimel Tapia;2;Mike Fiers;0,9662
Raimel Tapia;3;Donn Pall;0,9601
Raimel Tapia;4;Birdie Tebbetts;0,9553
Raimel Tapia;5;Billy Shindle;0,9491
Raisel Iglesias;1;Jose Contreras;0,9422
Raisel Iglesias;2;Laymon Yokely;0,901
Raisel Iglesias;3;Hollis Thurston;0,8894
Raisel Iglesias;4;Willie Kirkland;0,8886
Raisel Iglesias;5;Felipe Sierra;0,8813
Rajai Davis;1;Armando Marsans;0,9376
Rajai Davis;2;Karim Garcia;0,9283
Rajai Davis;3;George Boehler;0,9127
Rajai Davis;4;Mark Thurmond;0,8965
Rajai Davis;5;Jimmy Ford;0,8858
Ralph Branca;1;Jeremy Hermida;0,9052
Ralph Branca;2;Leron Lee;0,9024
Ralph Branca;3;Adrian Brown;0,889
Ralph Branca;4;Bob Ojeda;0,8607
Ralph Branca;5;Wil Ledezma;0,8562
Ralph Garr;1;Hal Naragon;0,9775
Ralph Garr;2;Ownie Carroll;0,9748
Ralph Garr;3;Gordy Coleman;0,9709
Ralph Garr;4;John Kerr;0,9687
Ralph Garr;5;Subby Byas;0,9681
Ralph Kiner;1;Mike Sadek;0,912
Ralph Kiner;2;Danny Jansen;0,8545
Ralph Kiner;3;Todd Frazier;0,8285
Ralph Kiner;4;Blainey Hall;0,8142
Ralph Kiner;5;Les Moss;0,8137
Ralph Terry;1;Jeff McNeil;0,9755
Ralph Terry;2;Adam Melhuse;0,9656
Ralph Terry;3;Miguel Andujar;0,9271
Ralph Terry;4;Brady Clark;0,9219
Ralph Terry;5;John Henry;0,9068
Ralph Young;1;Dave Campbell;0,9877
Ralph Young;2;Jake Stahl;0,9842
Ralph Young;3;Marty Barrett;0,9809
Ralph Young;4;Bryn Smith;0,9808
Ralph Young;5;Al Dark;0,9785
Ramiro Mendoza;1;Del Unser;0,9624
Ramiro Mendoza;2;Hank Thompson;0,9383
Ramiro Mendoza;3;Bobby Mathews;0,9297
Ramiro Mendoza;4;Watson Clark;0,9138
Ramiro Mendoza;5;Ken Kravec;0,9129
Ramiro Ramírez;1;Brayan Peña;0,9692
Ramiro Ramírez;2;Chuck Cary;0,9603
Ramiro Ramírez;3;Lee Grissom;0,947
Ramiro Ramírez;4;Mike Mordecai;0,9295
Ramiro Ramírez;5;Ryan Yarbrough;0,9274
Ramon Castro;1;Dee Brown;0,9265
Ramon Castro;2;Jacob Cruz;0,9046
Ramon Castro;3;Matt Capps;0,903
Ramon Castro;4;Brandon Woodruff;0,8896
Ramon Castro;5;Joe Decker;0,8767
Ramon Hernandez;1;Dan Plesac;0,9557
Ramon Hernandez;2;Ping Gardner;0,918
Ramon Hernandez;3;Ryan Roberts;0,9042
Ramon Hernandez;4;Joe Beimel;0,8936
Ramon Hernandez;5;Steve Cishek;0,8884
Ramon Laureano;1;Caleb Thielbar;0,9479
Ramon Laureano;2;Andrew Chafin;0,9335
Ramon Laureano;3;Woody Williams;0,9229
Ramon Laureano;4;Jose Mesa;0,9068
Ramon Laureano;5;Elam Vangilder;0,8976
Ramon Martinez;1;Ed Ott;0,9192
Ramon Martinez;2;Lee Grissom;0,8878
Ramon Martinez;3;Mark Whiten;0,8637
Ramon Martinez;4;Russ Davis;0,8607
Ramon Martinez;5;Carlos Sanchez;0,8591
Ramon Ortiz;1;Jose Trevino;0,8994
Ramon Ortiz;2;Matt Harvey;0,8658
Ramon Ortiz;3;Al Nixon;0,8508
Ramon Ortiz;4;Kirby Higbe;0,8316
Ramon Ortiz;5;George Suggs;0,8287
Ramon Ramirez;1;Cam Carreon;0,9608
Ramon Ramirez;2;Bob Muncrief;0,9276
Ramon Ramirez;3;Hugh Casey;0,9099
Ramon Ramirez;4;Dave Goltz;0,8856
Ramon Ramirez;5;Buck Ross;0,8789
Ramon Santiago;1;Albie Pearson;0,9605
Ramon Santiago;2;Buddy Carlyle;0,9597
Ramon Santiago;3;Jorge Sosa;0,9597
Ramon Santiago;4;Aaron Small;0,9593
Ramon Santiago;5;Drew Storen;0,9593
Ramon Vazquez;1;Lee Mazzilli;0,9027
Ramon Vazquez;2;Lynn Jones;0,8827
Ramon Vazquez;3;Timo Perez;0,8725
Ramon Vazquez;4;Angel Pagan;0,8652
Ramon Vazquez;5;Mark Thurmond;0,8301
Rance Mulliniks;1;Dave Boswell;0,8804
Rance Mulliniks;2;Brian Meadows;0,8428
Rance Mulliniks;3;Vladimir Nunez;0,8411
Rance Mulliniks;4;Steve Crawford;0,8286
Rance Mulliniks;5;Graeme Lloyd;0,8208
Randal Grichuk;1;Ray Morgan;0,9385
Randal Grichuk;2;Eddie Pellagrini;0,9371
Randal Grichuk;3;Ted Alexander;0,9293
Randal Grichuk;4;Tim Donahue;0,9257
Randal Grichuk;5;Ron Jackson;0,9168
Randall Delgado;1;Harry Eisenstat;0,9998
Randall Delgado;2;Jose Veras;0,9994
Randall Delgado;3;Chris Devenski;0,9994
Randall Delgado;4;Corey Knebel;0,9994
Randall Delgado;5;Heath Hembree;0,9957
Randy Bush;1;Ruben Rivera;0,9249
Randy Bush;2;Mark Petkovsek;0,9021
Randy Bush;3;Tom House;0,8663
Randy Bush;4;Edgar Renteria;0,8437
Randy Bush;5;Al Rosen;0,8391
Randy Choate;1;Sherman Barton;0,9464
Randy Choate;2;Jim Pendleton;0,9217
Randy Choate;3;Scott Sanderson;0,9197
Randy Choate;4;Larry Jansen;0,9148
Randy Choate;5;Andy Allanson;0,9129
Randy Gumpert;1;Bill Voss;0,9739
Randy Gumpert;2;Todd Williams;0,9517
Randy Gumpert;3;Warren Brusstar;0,9448
Randy Gumpert;4;Paul Blackburn;0,936
Randy Gumpert;5;Dustin Garneau;0,9341
Randy Hundley;1;Felix Fermin;0,9295
Randy Hundley;2;Charles Johnson;0,9273
Randy Hundley;3;Fred Kendall;0,917
Randy Hundley;4;Ray Scarborough;0,9151
Randy Hundley;5;Luis Pujols;0,9011
Randy Jackson;1;Yoan Moncada;0,9571
Randy Jackson;2;Al Myers;0,9376
Randy Jackson;3;Brian Tallet;0,9015
Randy Jackson;4;Jimmy Hill;0,882
Randy Jackson;5;Erskine Mayer;0,8743
Randy Johnson;1;Steven Souza;0,9642
Randy Johnson;2;Johnny Pugh;0,959
Randy Johnson;3;Ken Silvestri;0,9371
Randy Johnson;4;Don Hood;0,921
Randy Johnson;5;Elliott Maddox;0,921
Randy Jones;1;Chet Brewer;0,8872
Randy Jones;2;Vicente Romo;0,8753
Randy Jones;3;Lil Stoner;0,8646
Randy Jones;4;Doc Lavan;0,8642
Randy Jones;5;CC Sabathia;0,8632
Randy Knorr;1;Marty Cordova;0,973
Randy Knorr;2;Andrew Kittredge;0,9552
Randy Knorr;3;Sadie McMahon;0,9501
Randy Knorr;4;Edwin Diaz;0,9283
Randy Knorr;5;Matt Duffy;0,9221
Randy Lerch;1;Jack O'Brien;0,9177
Randy Lerch;2;Webster McDonald;0,9166
Randy Lerch;3;Rip Repulski;0,9066
Randy Lerch;4;Oliver Perez;0,9052
Randy Lerch;5;Harry Salmon;0,8913
Randy Moffitt;1;Bryan Rekar;0,9869
Randy Moffitt;2;Roy Johnson;0,9847
Randy Moffitt;3;Grant Balfour;0,975
Randy Moffitt;4;Heath Bell;0,975
Randy Moffitt;5;John Kruk;0,9713
Randy Moore;1;Jose Iglesias;0,9355
Randy Moore;2;Scot Thompson;0,9189
Randy Moore;3;Travis Snider;0,9141
Randy Moore;4;Tony Oliva;0,9033
Randy Moore;5;Danny Jackson;0,8948
Randy Myers;1;Nick Masset;0,9874
Randy Myers;2;Earl Caldwell;0,9725
Randy Myers;3;Erik Kratz;0,9584
Randy Myers;4;Pinch Thomas;0,9512
Randy Myers;5;Roger Mason;0,9365
Randy Ready;1;Mike Henneman;0,941
Randy Ready;2;Earl Grace;0,9199
Randy Ready;3;Bill Castro;0,8734
Randy Ready;4;Nick Martinez;0,8601
Randy Ready;5;Luis Urias;0,8574
Randy St. Claire;1;Giovanni Carrara;1,0
Randy St. Claire;2;Will Harris;1,0
Randy St. Claire;3;Gabe White;1,0
Randy St. Claire;4;Fernando Salas;1,0
Randy St. Claire;5;Eric Gunderson;1,0
Randy Velarde;1;Ron Northey;0,9698
Randy Velarde;2;Doc Medich;0,8946
Randy Velarde;3;George McAllister;0,8824
Randy Velarde;4;Tim Federowicz;0,8568
Randy Velarde;5;Cy Seymour;0,8471
Randy Winn;1;Togie Pittinger;0,9421
Randy Winn;2;Stuffy Stewart;0,9345
Randy Winn;3;Ruben Amaro;0,9322
Randy Winn;4;George Zuverink;0,9233
Randy Winn;5;Judy Johnson;0,9181
Randy Wolf;1;Jack Meyers;0,9079
Randy Wolf;2;Luis Avilan;0,8962
Randy Wolf;3;Doug Glanville;0,8573
Randy Wolf;4;Shane Greene;0,8548
Randy Wolf;5;Larry Jansen;0,8519
Ranger Suarez;1;Ken Phelps;0,9829
Ranger Suarez;2;Steve Barber;0,955
Ranger Suarez;3;Harry Brecheen;0,9311
Ranger Suarez;4;Ryan Madson;0,9234
Ranger Suarez;5;Franklin Morales;0,9231
Rap Dixon;1;Wayne Krenchicki;0,9124
Rap Dixon;2;Mike Tiernan;0,912
Rap Dixon;3;Bartolo Portuondo;0,8908
Rap Dixon;4;Garrett Jones;0,8864
Rap Dixon;5;Mike Sullivan;0,8843
Rats Henderson;1;Doug DeCinces;0,9006
Rats Henderson;2;Blue Moon Odom;0,8884
Rats Henderson;3;Kevin Youkilis;0,8622
Rats Henderson;4;Mike Torrez;0,8616
Rats Henderson;5;Tim Federowicz;0,8527
Raul Casanova;1;Jim Lefebvre;0,9342
Raul Casanova;2;Kelly Stinnett;0,9069
Raul Casanova;3;Eddie Foster;0,9058
Raul Casanova;4;Joe Rudi;0,895
Raul Casanova;5;Matt Lindstrom;0,8919
Raul Chavez;1;Tom Lawless;0,9405
Raul Chavez;2;Chubby Dean;0,9325
Raul Chavez;3;Adam Lind;0,8739
Raul Chavez;4;Scott Radinsky;0,8675
Raul Chavez;5;Steve Sparks;0,8668
Raul Ibanez;1;Kendall Graveman;0,9136
Raul Ibanez;2;Pete Mikkelsen;0,9083
Raul Ibanez;3;Jake Gibbs;0,9066
Raul Ibanez;4;Chad Fox;0,9019
Raul Ibanez;5;George Sherrill;0,8983
Raul Mondesi;1;Brandon Belt;0,9249
Raul Mondesi;2;Matt Morris;0,9039
Raul Mondesi;3;Hank Edwards;0,9036
Raul Mondesi;4;Dansby Swanson;0,8658
Raul Mondesi;5;R. J. Reynolds;0,857
Rawly Eastwick;1;Erick Fedde;0,9998
Rawly Eastwick;2;Don Mason;0,9633
Rawly Eastwick;3;Scott Service;0,9625
Rawly Eastwick;4;Hal Jeffcoat;0,9591
Rawly Eastwick;5;Carl Willey;0,9572
Ray Benge;1;Steve Parris;0,9719
Ray Benge;2;Raimel Tapia;0,9465
Ray Benge;3;Donn Pall;0,9459
Ray Benge;4;Ji-Man Choi;0,945
Ray Benge;5;Sam Zoldak;0,9404
Ray Berres;1;Jimmy Outlaw;0,9312
Ray Berres;2;Andres Torres;0,8845
Ray Berres;3;Dale Sveum;0,8756
Ray Berres;4;Jeff Russell;0,873
Ray Berres;5;Emil Brown;0,8641
Ray Blades;1;Jim Pendleton;0,9513
Ray Blades;2;Jerry Browne;0,916
Ray Blades;3;Sandy Leon;0,8959
Ray Blades;4;Luke Scott;0,894
Ray Blades;5;Devin Mesoraco;0,8923
Ray Boone;1;Dennis Springer;0,9786
Ray Boone;2;Kameron Loe;0,9751
Ray Boone;3;Ralph Young;0,9634
Ray Boone;4;Kyle Tucker;0,9628
Ray Boone;5;Tom Jones;0,9622
Ray Brown;1;Ron LeFlore;0,8634
Ray Brown;2;Christian Vazquez;0,853
Ray Brown;3;Benny Frey;0,8529
Ray Brown;4;Johnny Rigney;0,84
Ray Brown;5;Bill Gleason;0,8362
Ray Burris;1;Frank Shugart;0,8342
Ray Burris;2;Rick Porcello;0,818
Ray Burris;3;Dave Parker;0,8132
Ray Burris;4;Eddie Moore;0,8116
Ray Burris;5;Jonathan Lucroy;0,8028
Ray Caldwell;1;Ward Miller;0,9646
Ray Caldwell;2;Duke Sims;0,9071
Ray Caldwell;3;Mat Latos;0,8829
Ray Caldwell;4;Tanner Scott;0,8539
Ray Caldwell;5;Cliff Melton;0,837
Ray Chapman;1;Brad Komminsk;0,959
Ray Chapman;2;Chris Archer;0,9545
Ray Chapman;3;Cal Abrams;0,9502
Ray Chapman;4;Cupid Childs;0,935
Ray Chapman;5;Roy Hartzell;0,9328
Ray Culp;1;Chubby Dean;0,8983
Ray Culp;2;Yorkis Perez;0,8777
Ray Culp;3;Jeff DaVanon;0,8747
Ray Culp;4;Wade Blasingame;0,8382
Ray Culp;5;Jon Berti;0,8265
Ray Dandridge;1;Thomas Howard;0,978
Ray Dandridge;2;Tom Brewer;0,9674
Ray Dandridge;3;Jeff Conine;0,9432
Ray Dandridge;4;Chris Young;0,9339
Ray Dandridge;5;Fritz Dorish;0,9315
Ray Durham;1;Bob Jones;0,9173
Ray Durham;2;Harry McIntire;0,9085
Ray Durham;3;Egyptian Healy;0,8529
Ray Durham;4;Dick Whitworth;0,8507
Ray Durham;5;Luis Polonia;0,8101
Ray Fisher;1;John Hines;0,9511
Ray Fisher;2;Eddie Burke;0,9369
Ray Fisher;3;John Knight;0,9334
Ray Fisher;4;Fielder Jones;0,9277
Ray Fisher;5;Bob Horner;0,9246
Ray Fosse;1;Danny Taylor;0,9331
Ray Fosse;2;Manny Alexander;0,9108
Ray Fosse;3;Pep Young;0,896
Ray Fosse;4;Garrett Cooper;0,8746
Ray Fosse;5;Rich Reese;0,872
Ray Hayworth;1;Ken Kravec;0,9532
Ray Hayworth;2;Pete Ward;0,9476
Ray Hayworth;3;Gene Packard;0,9466
Ray Hayworth;4;Ricky Gutierrez;0,9464
Ray Hayworth;5;Chris Johnson;0,9336
Ray Herbert;1;Brian Matusz;0,9918
Ray Herbert;2;Dennis Powell;0,9918
Ray Herbert;3;Paul Gibson;0,9918
Ray Herbert;4;Alan Benes;0,9918
Ray Herbert;5;Matt Williams;0,9912
Ray Jablonski;1;Corbin Burnes;0,9287
Ray Jablonski;2;Johnny Peacock;0,9211
Ray Jablonski;3;Rob Refsnyder;0,9109
Ray Jablonski;4;Reese McGuire;0,8937
Ray Jablonski;5;Carlos Silva;0,8846
Ray Katt;1;Zack Cozart;0,9561
Ray Katt;2;Larry Twitchell;0,9424
Ray Katt;3;Juan Marichal;0,9269
Ray Katt;4;Pinky Higgins;0,9215
Ray Katt;5;Whitey Kurowski;0,9136
Ray King;1;Dave Dravecky;0,9818
Ray King;2;Tex Hughson;0,98
Ray King;3;John Farrell;0,9567
Ray King;4;Mark Johnson;0,9542
Ray King;5;Bobby Parnell;0,9536
Ray Knight;1;Leron Lee;0,976
Ray Knight;2;Framber Valdez;0,9465
Ray Knight;3;Tim Murnane;0,9221
Ray Knight;4;Jason Smith;0,9178
Ray Knight;5;Charlie Reilly;0,9104
Ray Kolp;1;Joe Beggs;0,9264
Ray Kolp;2;Brian Duensing;0,9168
Ray Kolp;3;Jose Leclerc;0,9139
Ray Kolp;4;Lucas Duda;0,9136
Ray Kolp;5;Jason Smith;0,9034
Ray Kremer;1;Mike Sadek;0,9312
Ray Kremer;2;Alberto Castillo;0,9185
Ray Kremer;3;Joe Saunders;0,9182
Ray Kremer;4;Milton Bradley;0,9096
Ray Kremer;5;Joey Wendle;0,8989
Ray Lankford;1;John Donaldson;0,9196
Ray Lankford;2;Hal Newhouser;0,8902
Ray Lankford;3;Juan Carlos Oviedo;0,888
Ray Lankford;4;Myles Straw;0,8748
Ray Lankford;5;Don Nottebart;0,8575
Ray Mack;1;Gary Thomasson;0,9217
Ray Mack;2;Jose Trevino;0,9197
Ray Mack;3;Dave Henderson;0,9143
Ray Mack;4;Pinky Higgins;0,9055
Ray Mack;5;Ryan Theriot;0,9053
Ray Moore;1;Howie Reed;0,9881
Ray Moore;2;Sherry Robertson;0,986
Ray Moore;3;Welington Castillo;0,9722
Ray Moore;4;Bip Roberts;0,9638
Ray Moore;5;Scott Bradley;0,9593
Ray Morgan;1;Jim Brown;0,9949
Ray Morgan;2;Johnny Kling;0,9905
Ray Morgan;3;Tom Veryzer;0,9904
Ray Morgan;4;Charles Zimmer;0,984
Ray Morgan;5;Brian Roberts;0,9838
Ray Mueller;1;Jim Lyttle;0,9338
Ray Mueller;2;Jack Dunn;0,8896
Ray Mueller;3;Tito Landrum;0,8829
Ray Mueller;4;Nick Pivetta;0,8703
Ray Mueller;5;Tommy Kahnle;0,8442
Ray Powell;1;Willie Harris;0,983
Ray Powell;2;Joe Spencer;0,9302
Ray Powell;3;Michael Conforto;0,9266
Ray Powell;4;Chuck Klein;0,9013
Ray Powell;5;George Selkirk;0,8772
Ray Sadecki;1;Rafael Ortega;0,9094
Ray Sadecki;2;Clyde Barnhart;0,8993
Ray Sadecki;3;Derek Dietrich;0,8919
Ray Sadecki;4;Hal Smith;0,8857
Ray Sadecki;5;Matt Alexander;0,8718
Ray Scarborough;1;Mike Andrews;0,9352
Ray Scarborough;2;Bob Oliver;0,9273
Ray Scarborough;3;Felix Fermin;0,9237
Ray Scarborough;4;Bill Henry;0,9224
Ray Scarborough;5;Jerry Martin;0,9211
Ray Schalk;1;Archie Ware;0,9994
Ray Schalk;2;Paul Minner;0,986
Ray Schalk;3;Mike Ryan;0,9858
Ray Schalk;4;Mickey Livingston;0,9849
Ray Schalk;5;Pat Clements;0,9846
Ray Washburn;1;Matt Albers;0,9291
Ray Washburn;2;Tim Hill;0,8877
Ray Washburn;3;Andy Ashby;0,8827
Ray Washburn;4;Marcelino Guerra;0,8721
Ray Washburn;5;Eddie Robinson;0,8705
Ray Wilson;1;Pedro Feliz;0,9702
Ray Wilson;2;Bill Coughlin;0,9567
Ray Wilson;3;Karl Drews;0,9333
Ray Wilson;4;Garrett Hampson;0,9333
Ray Wilson;5;Melido Perez;0,9329
Raymond Taylor;1;Jerry Zimmerman;0,9817
Raymond Taylor;2;Steve McCatty;0,9633
Raymond Taylor;3;Jim Beauchamp;0,9578
Raymond Taylor;4;Don Blasingame;0,9571
Raymond Taylor;5;Johnny Niggeling;0,956
Reb Russell;1;William Clarke;0,9427
Reb Russell;2;Gary Disarcina;0,9283
Reb Russell;3;Mordecai Brown;0,9195
Reb Russell;4;Denny Lyons;0,9059
Reb Russell;5;Charlie Keller;0,9014
Recurvon Terán;1;Vida Blue;0,9029
Recurvon Terán;2;J. J. Putz;0,8874
Recurvon Terán;3;Bruce Ruffin;0,8854
Recurvon Terán;4;Mike Laga;0,884
Recurvon Terán;5;Karim Garcia;0,8768
Red Ames;1;Lew Riggs;0,9172
Red Ames;2;Art Devlin;0,906
Red Ames;3;Noodles Hahn;0,9051
Red Ames;4;Matt Adams;0,8769
Red Ames;5;Billy Holland;0,8614
Red Barrett;1;Myles Straw;0,9333
Red Barrett;2;Juan Carlos Oviedo;0,9068
Red Barrett;3;John Donaldson;0,9017
Red Barrett;4;Ted Martinez;0,8995
Red Barrett;5;Don Landrum;0,8966
Red Donahue;1;Red Wilson;0,953
Red Donahue;2;Sean Bergman;0,9389
Red Donahue;3;George Suggs;0,9143
Red Donahue;4;Big Bill Smith;0,9017
Red Donahue;5;Larry Cheney;0,876
Red Dooin;1;Bill Sudakis;0,8765
Red Dooin;2;Mike Matheny;0,8762
Red Dooin;3;Les Bell;0,8402
Red Dooin;4;Tip O'Neill;0,8386
Red Dooin;5;Jimmy Barrett;0,8383
Red Ehret;1;Marv Owen;0,9603
Red Ehret;2;Travis Ishikawa;0,898
Red Ehret;3;Wayne Terwilliger;0,8673
Red Ehret;4;Josh Donaldson;0,8445
Red Ehret;5;Rabbit Martínez;0,8385
Red Faber;1;Ronny Paulino;0,9046
Red Faber;2;Antonio Alfonseca;0,8849
Red Faber;3;Bob Oliver;0,8817
Red Faber;4;Woody Woodward;0,8697
Red Faber;5;Jack Hannahan;0,8696
Red Kleinow;1;Ed Andrews;0,9155
Red Kleinow;2;Spike Owen;0,894
Red Kleinow;3;Dick Higham;0,893
Red Kleinow;4;Harry Schafer;0,8639
Red Kleinow;5;Chet Laabs;0,862
Red Kress;1;Wayne Nordhagen;0,8984
Red Kress;2;Hugh Nicol;0,8972
Red Kress;3;Clyde Spearman;0,8812
Red Kress;4;Jack Heidemann;0,8533
Red Kress;5;Alex Ochoa;0,8356
Red Longley;1;Henry Rodriguez;0,9514
Red Longley;2;Aaron Bummer;0,9379
Red Longley;3;Todd Frohwirth;0,9277
Red Longley;4;Drew Storen;0,912
Red Longley;5;Aaron Small;0,912
Red Lucas;1;Horacio Pina;0,9767
Red Lucas;2;Vinnie Chulk;0,9546
Red Lucas;3;Lou Kretlow;0,9315
Red Lucas;4;Ryan Tepera;0,8953
Red Lucas;5;Darren Holmes;0,8915
Red Munger;1;Cedric Mullins;0,9222
Red Munger;2;Rhys Hoskins;0,9219
Red Munger;3;Putsy Caballero;0,9178
Red Munger;4;Jimmy Key;0,8939
Red Munger;5;Jeff Francoeur;0,8875
Red Murray;1;Tim Murnane;0,9252
Red Murray;2;Jim Rivera;0,8976
Red Murray;3;Trevor Plouffe;0,8933
Red Murray;4;Rafael Ortega;0,8918
Red Murray;5;Duffy Lewis;0,8893
Red Rolfe;1;Burgess Whitehead;0,986
Red Rolfe;2;Bill Hutchison;0,9426
Red Rolfe;3;Lou Whitaker;0,9337
Red Rolfe;4;Jimmy Johnston;0,9029
Red Rolfe;5;Frank Taveras;0,8946
Red Ruffing;1;Jonathon Niese;0,9149
Red Ruffing;2;Mike Mordecai;0,8936
Red Ruffing;3;Wally Bunker;0,8715
Red Ruffing;4;Ron Roenicke;0,8553
Red Ruffing;5;Chuck Cary;0,8478
Red Ryan;1;Buster Haywood;0,9115
Red Ryan;2;Felix Hernandez;0,9027
Red Ryan;3;Joe Glenn;0,8981
Red Ryan;4;Cecil Espy;0,8919
Red Ryan;5;Orval Grove;0,8866
Red Schoendienst;1;Willie Jones;0,9981
Red Schoendienst;2;Bill Doak;0,992
Red Schoendienst;3;Chuck Klein;0,9911
Red Schoendienst;4;Steve Barber;0,982
Red Schoendienst;5;Joe Coleman;0,9563
Red Smith;1;Eric Stults;0,9542
Red Smith;2;Bart Johnson;0,9363
Red Smith;3;Bob Cerv;0,935
Red Smith;4;Bud Daley;0,9263
Red Smith;5;Eddie Lake;0,9216
Red Wilson;1;Sean Bergman;0,9692
Red Wilson;2;Red Donahue;0,953
Red Wilson;3;Mike Gallego;0,8966
Red Wilson;4;Doug Mirabelli;0,8897
Red Wilson;5;Chad Kuhl;0,8806
Reed Johnson;1;Tim Donahue;0,961
Reed Johnson;2;Tommy Bond;0,9139
Reed Johnson;3;Carson Bigbee;0,9079
Reed Johnson;4;Phil Todt;0,9044
Reed Johnson;5;Bill Schroeder;0,9015
Reese McGuire;1;David Howard;0,9534
Reese McGuire;2;Johnny Peacock;0,9453
Reese McGuire;3;Moe Berg;0,9421
Reese McGuire;4;Harry Stovey;0,9328
Reese McGuire;5;Joakim Soria;0,9215
Reggie Cleveland;1;Hal Naragon;0,9764
Reggie Cleveland;2;Roy Smith;0,9755
Reggie Cleveland;3;Archie Ware;0,9698
Reggie Cleveland;4;Subby Byas;0,9645
Reggie Cleveland;5;Luis Ayala;0,9637
Reggie Jackson;1;R. J. Reynolds;0,9433
Reggie Jackson;2;Phil Douglas;0,9421
Reggie Jackson;3;George Decker;0,939
Reggie Jackson;4;Eddie Pellagrini;0,9341
Reggie Jackson;5;Ray Morgan;0,9313
Reggie Jefferson;1;Verdell Mathis;0,9433
Reggie Jefferson;2;Cecil Espy;0,927
Reggie Jefferson;3;Ron Coomer;0,9069
Reggie Jefferson;4;Luis Bustamante;0,9004
Reggie Jefferson;5;Neil Robinson;0,9003
Reggie Sanders;1;Rusty Torres;0,8819
Reggie Sanders;2;Ray Powell;0,872
Reggie Sanders;3;Ryan Theriot;0,8693
Reggie Sanders;4;Marlin Carter;0,8662
Reggie Sanders;5;Ed Willett;0,8541
Reggie Smith;1;Al Milnar;0,9492
Reggie Smith;2;Ken Silvestri;0,9084
Reggie Smith;3;Nate Jones;0,9056
Reggie Smith;4;Charlie Grant;0,9039
Reggie Smith;5;John Thomson;0,9037
Reid Brignac;1;Tom Brunansky;0,9883
Reid Brignac;2;Elmer Myers;0,9869
Reid Brignac;3;Bullet Joe Bush;0,984
Reid Brignac;4;Melido Perez;0,9829
Reid Brignac;5;Bud Clancy;0,981
Reid Nichols;1;Gordy Coleman;0,957
Reid Nichols;2;Dutch Leonard;0,9555
Reid Nichols;3;John McDonald;0,9532
Reid Nichols;4;Brian Schneider;0,9522
Reid Nichols;5;Rich Becker;0,9522
Rene Gonzales;1;Bill Almon;0,9362
Rene Gonzales;2;Shorty Fuller;0,8702
Rene Gonzales;3;Dick Jackson;0,8688
Rene Gonzales;4;Jack Pfiester;0,8443
Rene Gonzales;5;Scott Fletcher;0,8401
Rene Rivera;1;Jack Taylor;0,9476
Rene Rivera;2;Welington Castillo;0,9348
Rene Rivera;3;Sherry Robertson;0,9342
Rene Rivera;4;Rudy York;0,928
Rene Rivera;5;Chris Widger;0,9242
Rennie Stennett;1;Bobby Darwin;0,9633
Rennie Stennett;2;Rich Becker;0,9348
Rennie Stennett;3;Paul Casanova;0,9334
Rennie Stennett;4;Thurman Tucker;0,9253
Rennie Stennett;5;Austin Hays;0,9234
Reno Bertoia;1;Pat Clements;0,9973
Reno Bertoia;2;Ryan Weber;0,9973
Reno Bertoia;3;Will Cunnane;0,9973
Reno Bertoia;4;Jeremy Accardo;0,9973
Reno Bertoia;5;Mike Tauchman;0,997
Rex Hudler;1;Freddy Sanchez;0,9727
Rex Hudler;2;Kyle Kendrick;0,9555
Rex Hudler;3;Cliff Carter;0,9546
Rex Hudler;4;Noe Ramirez;0,9508
Rex Hudler;5;Tim Mayza;0,9495
Rey Ordonez;1;Tommy Byrne;0,8685
Rey Ordonez;2;Blainey Hall;0,8533
Rey Ordonez;3;Jesse Crain;0,8519
Rey Ordonez;4;Chuck Knoblauch;0,8505
Rey Ordonez;5;Mike Sadek;0,8215
Rey Sanchez;1;Benny Kauff;0,9153
Rey Sanchez;2;Brook Fordyce;0,9032
Rey Sanchez;3;Rick Reichardt;0,9009
Rey Sanchez;4;Kiko Garcia;0,8964
Rey Sanchez;5;Ross Youngs;0,8681
Reynaldo Lopez;1;Bill Wegman;0,9683
Reynaldo Lopez;2;Joey Eischen;0,96
Reynaldo Lopez;3;Jack Harshman;0,9544
Reynaldo Lopez;4;Rick Langford;0,9506
Reynaldo Lopez;5;Chris Hatcher;0,9445
Rheal Cormier;1;Juanelo Mirabal;0,966
Rheal Cormier;2;Max Surkont;0,9409
Rheal Cormier;3;Doug Rau;0,9018
Rheal Cormier;4;Fred Carisch;0,8841
Rheal Cormier;5;Percy Miller;0,8764
Rhys Hoskins;1;Alcides Escobar;0,954
Rhys Hoskins;2;Jorge Fabregas;0,9462
Rhys Hoskins;3;Andruw Jones;0,9457
Rhys Hoskins;4;Adam Kennedy;0,9347
Rhys Hoskins;5;Vern Law;0,9281
Ricardo Rincon;1;Brandon Woodruff;1,0
Ricardo Rincon;2;Gary Ross;0,9926
Ricardo Rincon;3;Matt Capps;0,9923
Ricardo Rincon;4;Wesley Wright;0,9851
Ricardo Rincon;5;Joe Green;0,9709
Rich Amaral;1;Jimmie Wilson;0,9556
Rich Amaral;2;Geoff Zahn;0,9517
Rich Amaral;3;Rafael Devers;0,9306
Rich Amaral;4;Cliff Heathcote;0,922
Rich Amaral;5;Newt Allen;0,9216
Rich Aurilia;1;Ellie Rodriguez;0,9269
Rich Aurilia;2;Matt Batts;0,8409
Rich Aurilia;3;Greg Pryor;0,8401
Rich Aurilia;4;Larry Cheney;0,8346
Rich Aurilia;5;Phil Collins;0,7994
Rich Becker;1;Austin Hays;0,9931
Rich Becker;2;Billy Loes;0,9864
Rich Becker;3;Mike Easler;0,9848
Rich Becker;4;Luis Castillo;0,9845
Rich Becker;5;Hack Wilson;0,9837
Rich Dauer;1;Bill Terry;0,9651
Rich Dauer;2;Gene Tenace;0,9319
Rich Dauer;3;Shawn Chacon;0,9257
Rich Dauer;4;Paul Goldschmidt;0,9147
Rich Dauer;5;Russell Branyan;0,9091
Rich DeLucia;1;Leon Cadore;0,9733
Rich DeLucia;2;Roger Connor;0,96
Rich DeLucia;3;Earl Whitehill;0,9533
Rich DeLucia;4;Daryl Boston;0,951
Rich DeLucia;5;John Stephenson;0,9406
Rich Garces;1;Eric Gagne;1,0
Rich Garces;2;Kelvin Herrera;1,0
Rich Garces;3;Alberto Reyes;1,0
Rich Garces;4;Jason Motte;1,0
Rich Garces;5;Carlos Reyes;1,0
Rich Gedman;1;Tom Jones;0,998
Rich Gedman;2;Pat Clements;0,9874
Rich Gedman;3;Ryan Weber;0,9874
Rich Gedman;4;Will Cunnane;0,9874
Rich Gedman;5;Jeremy Accardo;0,9874
Rich Gossage;1;Jimmie Hall;0,9509
Rich Gossage;2;Cherokee Fisher;0,9188
Rich Gossage;3;Travis Shaw;0,9057
Rich Gossage;4;Bill Rigney;0,8921
Rich Gossage;5;Bobby Brown;0,8891
Rich Harden;1;Ron Brand;0,9512
Rich Harden;2;Fred Whitfield;0,9197
Rich Harden;3;Adam Ottavino;0,9043
Rich Harden;4;Tim Burke;0,8998
Rich Harden;5;Scott Eyre;0,8857
Rich Hill;1;Don Gullett;0,9416
Rich Hill;2;John Halama;0,8999
Rich Hill;3;Jaret Wright;0,888
Rich Hill;4;Don Wilson;0,8846
Rich Hill;5;Jonas Gaines;0,8747
Rich Monteleone;1;Jay Powell;0,9675
Rich Monteleone;2;Horacio Pina;0,9463
Rich Monteleone;3;Mark Salas;0,9413
Rich Monteleone;4;Matt Guerrier;0,9076
Rich Monteleone;5;Rick Aguilera;0,9061
Rich Morales;1;Yunel Escobar;0,8886
Rich Morales;2;Willie Foster;0,8858
Rich Morales;3;Jim Beattie;0,8806
Rich Morales;4;Wilson Delgado;0,8791
Rich Morales;5;Barry Bonnell;0,8737
Rich Reese;1;Pat Putnam;0,9544
Rich Reese;2;Phil Ortega;0,9156
Rich Reese;3;George Bradley;0,9104
Rich Reese;4;Keith Moreland;0,9081
Rich Reese;5;Jack Harper;0,8923
Rich Rodriguez;1;Johnny Davis;0,9481
Rich Rodriguez;2;Monte Weaver;0,9455
Rich Rodriguez;3;Max Manning;0,9417
Rich Rodriguez;4;Pete LaCock;0,9409
Rich Rodriguez;5;Phil Collins;0,9373
Rich Rollins;1;Jim Ray Hart;0,9236
Rich Rollins;2;Mack Jones;0,9151
Rich Rollins;3;Toby Hall;0,9103
Rich Rollins;4;Jose Iglesias;0,9031
Rich Rollins;5;Mike Hershberger;0,8956
Richard Bleier;1;Luis Quinones;0,9871
Richard Bleier;2;Mike Gonzalez;0,9811
Richard Bleier;3;Gene Richards;0,9777
Richard Bleier;4;Mike Adams;0,9756
Richard Bleier;5;Bobby Winston;0,9754
Richard Dotson;1;Alex Diaz;0,9527
Richard Dotson;2;Joaquin Arias;0,9361
Richard Dotson;3;Brian Wilson;0,9313
Richard Dotson;4;Luis Quinones;0,9292
Richard Dotson;5;Bryse Wilson;0,9283
Richard Hidalgo;1;Tomas Nido;0,946
Richard Hidalgo;2;Elon Hogsett;0,9225
Richard Hidalgo;3;Jimmy Johnston;0,9151
Richard Hidalgo;4;Corey Dickerson;0,9031
Richard Hidalgo;5;Brian Daubach;0,9023
Richie Ashburn;1;Dave Silvestri;0,925
Richie Ashburn;2;Lee Magee;0,8547
Richie Ashburn;3;Aaron Ward;0,8421
Richie Ashburn;4;Al Mamaux;0,8374
Richie Ashburn;5;Craig Lefferts;0,8372
Richie Hebner;1;Harry McCurdy;0,9127
Richie Hebner;2;Bill Melton;0,8552
Richie Hebner;3;Buster Brown;0,805
Richie Hebner;4;Ira Thomas;0,8013
Richie Hebner;5;Kenny Lofton;0,7988
Richie Sexson;1;Joey Amalfitano;0,9719
Richie Sexson;2;Einar Diaz;0,9628
Richie Sexson;3;Josh Paul;0,9306
Richie Sexson;4;Chris Johnson;0,9227
Richie Sexson;5;J. P. Crawford;0,9224
Richie Zisk;1;Otto Miller;0,9601
Richie Zisk;2;Doc Cramer;0,9526
Richie Zisk;3;Jose Hernandez;0,9517
Richie Zisk;4;Denny Walling;0,9515
Richie Zisk;5;Trevor Wilson;0,948
Rick Aguilera;1;Jose Alvarado;1,0
Rick Aguilera;2;Michael Wuertz;0,9887
Rick Aguilera;3;Sandy Martinez;0,9638
Rick Aguilera;4;Matt Guerrier;0,9543
Rick Aguilera;5;Tommy La Stella;0,9509
Rick Ankiel;1;Nick Punto;0,9934
Rick Ankiel;2;Bob Lemon;0,9926
Rick Ankiel;3;Bill Plummer;0,9916
Rick Ankiel;4;Earl Battey;0,9891
Rick Ankiel;5;Dusty Baker;0,9887
Rick Auerbach;1;Freddy Peralta;0,9884
Rick Auerbach;2;Johnny Groth;0,9687
Rick Auerbach;3;Noe Ramirez;0,9672
Rick Auerbach;4;Ivan Murrell;0,9551
Rick Auerbach;5;Mike Trombley;0,9532
Rick Burleson;1;John Parrish;0,9364
Rick Burleson;2;Deion Sanders;0,9342
Rick Burleson;3;Stephen Piscotty;0,9014
Rick Burleson;4;Kris Benson;0,8897
Rick Burleson;5;Bill Cissell;0,8873
Rick Camp;1;Rob Refsnyder;0,946
Rick Camp;2;Bill Pierce;0,9195
Rick Camp;3;Dave McCarty;0,8987
Rick Camp;4;Johnny Peacock;0,8955
Rick Camp;5;Ron Herbel;0,891
Rick Cerone;1;Johnny Blanchard;0,9659
Rick Cerone;2;Roy Cullenbine;0,9595
Rick Cerone;3;Wesley Wright;0,9553
Rick Cerone;4;Luis Aquino;0,9477
Rick Cerone;5;Brandon Woodruff;0,9398
Rick Dempsey;1;Roger Connor;0,963
Rick Dempsey;2;John Stephenson;0,96
Rick Dempsey;3;Paul Dean;0,9511
Rick Dempsey;4;Derek Lilliquist;0,9386
Rick Dempsey;5;David Phelps;0,9386
Rick Ferrell;1;Jerry Augustine;0,9514
Rick Ferrell;2;Eric Stults;0,95
Rick Ferrell;3;Willy Adames;0,9451
Rick Ferrell;4;Robert Person;0,9196
Rick Ferrell;5;Bud Daley;0,9187
Rick Helling;1;Dean Stone;0,8908
Rick Helling;2;Tyler Houston;0,8886
Rick Helling;3;Lefty Stewart;0,8871
Rick Helling;4;Bill Voss;0,886
Rick Helling;5;Al Rosen;0,8787
Rick Honeycutt;1;Mike Ivie;0,9162
Rick Honeycutt;2;Ivan Calderon;0,9115
Rick Honeycutt;3;Jose Lind;0,8887
Rick Honeycutt;4;Joe McEwing;0,8826
Rick Honeycutt;5;Michael Wuertz;0,8707
Rick Langford;1;Todd Coffey;0,9587
Rick Langford;2;Jack Harshman;0,957
Rick Langford;3;Reynaldo Lopez;0,9506
Rick Langford;4;Scott Bankhead;0,944
Rick Langford;5;Preacher Henry;0,9425
Rick Leach;1;Ryan Lavarnway;0,9828
Rick Leach;2;Trent Hubbard;0,958
Rick Leach;3;Ewell Blackwell;0,9356
Rick Leach;4;Tom Glover;0,9314
Rick Leach;5;Enos Cabell;0,908
Rick Mahler;1;Derek Lilliquist;0,9779
Rick Mahler;2;Dwayne Henry;0,9729
Rick Mahler;3;Jim Holt;0,9578
Rick Mahler;4;Brandon Duckworth;0,9127
Rick Mahler;5;John Stephenson;0,9086
Rick Manning;1;Benny Frey;0,9405
Rick Manning;2;Bobby Darwin;0,8883
Rick Manning;3;Matt Mieske;0,8816
Rick Manning;4;Blue Moon Odom;0,8751
Rick Manning;5;Bill Gleason;0,8749
Rick Miller;1;Billy Sunday;0,9706
Rick Miller;2;Josh Bell;0,9683
Rick Miller;3;Tex Clevenger;0,9657
Rick Miller;4;Chris Heisey;0,9253
Rick Miller;5;Tip O'Neill;0,9169
Rick Monday;1;Bill Knickerbocker;0,8843
Rick Monday;2;Jack Stivetts;0,8838
Rick Monday;3;Todd Benzinger;0,8732
Rick Monday;4;Jimmy Brown;0,8433
Rick Monday;5;George Susce;0,8306
Rick Porcello;1;Bill Lohrman;0,9044
Rick Porcello;2;Dean Stone;0,9011
Rick Porcello;3;Zack Littell;0,8949
Rick Porcello;4;Frank Shugart;0,8948
Rick Porcello;5;D. J. Carrasco;0,8555
Rick Reed;1;Ross Detwiler;0,9085
Rick Reed;2;Chris Herrmann;0,9032
Rick Reed;3;Freddy Peralta;0,8969
Rick Reed;4;Mike Trombley;0,8853
Rick Reed;5;Matt Sinatro;0,8782
Rick Reichardt;1;Rey Sanchez;0,9009
Rick Reichardt;2;Ross Youngs;0,8905
Rick Reichardt;3;Bob Bescher;0,8797
Rick Reichardt;4;Hank DeBerry;0,8747
Rick Reichardt;5;Greg Brock;0,8665
Rick Reuschel;1;Bobby Del Greco;0,9191
Rick Reuschel;2;Charley Smith;0,8051
Rick Reuschel;3;Augie Ojeda;0,7837
Rick Reuschel;4;Johnny Rigney;0,7768
Rick Reuschel;5;Jimmy Smith;0,7761
Rick Rhoden;1;Tom Buskey;0,9853
Rick Rhoden;2;Charlie Puleo;0,9742
Rick Rhoden;3;Jerry Reed;0,8956
Rick Rhoden;4;Gregory Polanco;0,8878
Rick Rhoden;5;Wilmer Difo;0,8851
Rick Schu;1;Bruce Edwards;0,9927
Rick Schu;2;Alexi Casilla;0,9906
Rick Schu;3;John Habyan;0,9885
Rick Schu;4;Giovanni Carrara;0,9885
Rick Schu;5;Gabe White;0,9885
Rick Sutcliffe;1;Carlos Sanchez;0,9255
Rick Sutcliffe;2;Bob McGraw;0,9098
Rick Sutcliffe;3;Ben Grieve;0,9058
Rick Sutcliffe;4;Omar Quintanilla;0,8977
Rick Sutcliffe;5;Carl Willey;0,8872
Rick Waits;1;Dick Howser;0,946
Rick Waits;2;Chris Heisey;0,9361
Rick Waits;3;Jim Lindeman;0,9277
Rick Waits;4;Roy Henshaw;0,9037
Rick Waits;5;Harry Wolverton;0,9017
Rick White;1;Harry Kenyon;0,9223
Rick White;2;Levi Meyerle;0,8977
Rick White;3;Yandy Diaz;0,8751
Rick White;4;Jack Stivetts;0,8662
Rick White;5;R. J. Reynolds;0,8631
Rick Wilkins;1;Josh Hamilton;0,9812
Rick Wilkins;2;Billy Hoy;0,9046
Rick Wilkins;3;Tommy Holmes;0,9007
Rick Wilkins;4;Bob McGraw;0,881
Rick Wilkins;5;Joe Kelly;0,8549
Rick Wise;1;Mike Easler;0,9808
Rick Wise;2;Melido Perez;0,9792
Rick Wise;3;Mike Tauchman;0,9788
Rick Wise;4;Bobby Crosby;0,9759
Rick Wise;5;Karl Drews;0,9755
Rickey Henderson;1;George McQuinn;0,912
Rickey Henderson;2;Ed Roebuck;0,8244
Rickey Henderson;3;Enrique Wilson;0,8018
Rickey Henderson;4;Steve Mingori;0,8008
Rickey Henderson;5;John Hines;0,7948
Rickie Weeks;1;Tom Johnson;0,9968
Rickie Weeks;2;Johnny Bassler;0,9964
Rickie Weeks;3;Mike Ryan;0,9963
Rickie Weeks;4;Paul Minner;0,9955
Rickie Weeks;5;Pat Clements;0,9951
Ricky Bones;1;D'Angelo Jimenez;0,8881
Ricky Bones;2;Chris Jones;0,883
Ricky Bones;3;Jeff DaVanon;0,8617
Ricky Bones;4;Leroy Morney;0,8596
Ricky Bones;5;Frank Pastore;0,8567
Ricky Bottalico;1;Todd Wellemeyer;0,996
Ricky Bottalico;2;Todd Coffey;0,9866
Ricky Bottalico;3;Hank Wyse;0,9748
Ricky Bottalico;4;Scott Bankhead;0,9737
Ricky Bottalico;5;Preacher Henry;0,9736
Ricky Gutierrez;1;Ray Hayworth;0,9464
Ricky Gutierrez;2;Orville Singer;0,9264
Ricky Gutierrez;3;Chris Johnson;0,9224
Ricky Gutierrez;4;Greg McMichael;0,9166
Ricky Gutierrez;5;Ken Kravec;0,9085
Ricky Jordan;1;Luis Guillorme;0,9039
Ricky Jordan;2;Jack Ryan;0,8925
Ricky Jordan;3;Shane Mack;0,8901
Ricky Jordan;4;Earl Moore;0,8827
Ricky Jordan;5;Bill Crowley;0,879
Ricky Ledee;1;Will Jackson;0,9678
Ricky Ledee;2;Fritz Buelow;0,9382
Ricky Ledee;3;Freddy Garcia;0,9236
Ricky Ledee;4;Billy Clingman;0,9112
Ricky Ledee;5;Jack Phillips;0,9103
Ricky Nolasco;1;Chris Carter;0,9586
Ricky Nolasco;2;Jorge Julio;0,9557
Ricky Nolasco;3;Tito Landrum;0,9442
Ricky Nolasco;4;Mike Harkey;0,9406
Ricky Nolasco;5;Bunny Downs;0,9397
Rico Brogna;1;Thurman Tucker;0,9805
Rico Brogna;2;Austin Hays;0,9794
Rico Brogna;3;Rich Becker;0,9785
Rico Brogna;4;Bobby Crosby;0,9739
Rico Brogna;5;Bobby Darwin;0,9725
Rico Carty;1;Chris Codiroli;0,9608
Rico Carty;2;Mark Huismann;0,9401
Rico Carty;3;Jeff Keppinger;0,9111
Rico Carty;4;Miguel Sano;0,9099
Rico Carty;5;Bill Duggleby;0,9087
Rico Petrocelli;1;Johnny Bassler;0,9905
Rico Petrocelli;2;Tyler Glasnow;0,9885
Rico Petrocelli;3;Tom Johnson;0,9885
Rico Petrocelli;4;Adam Everett;0,9882
Rico Petrocelli;5;Paul Minner;0,9867
Riggs Stephenson;1;Matt Clement;0,9692
Riggs Stephenson;2;Jack Meyers;0,9507
Riggs Stephenson;3;Mark Mulder;0,8596
Riggs Stephenson;4;Duffy Lewis;0,8526
Riggs Stephenson;5;Harry Salmon;0,8489
Rip Collins;1;Bob Klinger;0,9656
Rip Collins;2;Terry Whitfield;0,9433
Rip Collins;3;Luke Hochevar;0,9324
Rip Collins;4;Lenny Harris;0,9255
Rip Collins;5;Larry Corcoran;0,9191
Rip Radcliff;1;Ed Delahanty;0,9579
Rip Radcliff;2;Eddie Foster;0,9545
Rip Radcliff;3;Scott Barlow;0,9445
Rip Radcliff;4;Jim Lefebvre;0,9406
Rip Radcliff;5;Deion Sanders;0,9372
Rip Repulski;1;Van Mungo;0,9482
Rip Repulski;2;Eric Rasmussen;0,934
Rip Repulski;3;Randy Lerch;0,9066
Rip Repulski;4;Bob Buhl;0,9059
Rip Repulski;5;Dave Goltz;0,9051
Rip Sewell;1;Chris Jones;0,9417
Rip Sewell;2;Jeff DaVanon;0,9101
Rip Sewell;3;Jolbert Cabrera;0,8992
Rip Sewell;4;Tomas Nido;0,8963
Rip Sewell;5;Billy Sample;0,8789
Ripper Collins;1;Duane Ward;0,9873
Ripper Collins;2;Alexi Casilla;0,9856
Ripper Collins;3;Giovanni Carrara;0,9823
Ripper Collins;4;John Habyan;0,9823
Ripper Collins;5;Eric Gunderson;0,9823
Rob Brantly;1;Frank Scheibeck;0,9985
Rob Brantly;2;B. J. Upton;0,9819
Rob Brantly;3;Joe Astroth;0,9781
Rob Brantly;4;Paul Zuvella;0,9771
Rob Brantly;5;Jim Leyritz;0,9744
Rob Deer;1;Archie Ware;0,9811
Rob Deer;2;Elmer Myers;0,9811
Rob Deer;3;Lefty O'Doul;0,9797
Rob Deer;4;Socks Seibold;0,9786
Rob Deer;5;Mike Tauchman;0,9766
Rob Ducey;1;Rod Scurry;0,9578
Rob Ducey;2;Milo Candini;0,9433
Rob Ducey;3;Dick Littlefield;0,9083
Rob Ducey;4;Dave Otto;0,904
Rob Ducey;5;Ryne Duren;0,9018
Rob Mackowiak;1;Jerry Terrell;0,9357
Rob Mackowiak;2;Mike Redmond;0,9111
Rob Mackowiak;3;Joe Gordon;0,905
Rob Mackowiak;4;Johnny Cueto;0,8943
Rob Mackowiak;5;Bill Joyce;0,8831
Rob Murphy;1;Orlando Mercado;0,9144
Rob Murphy;2;Darin Ruf;0,9101
Rob Murphy;3;Mark Leiter;0,9017
Rob Murphy;4;Yu Darvish;0,8933
Rob Murphy;5;Mychal Givens;0,8929
Rob Picciolo;1;Mike Menosky;0,9216
Rob Picciolo;2;Dick Buckley;0,8938
Rob Picciolo;3;Chris Heisey;0,8911
Rob Picciolo;4;Bob Rhoads;0,8898
Rob Picciolo;5;Storm Davis;0,889
Rob Refsnyder;1;Ron Herbel;0,9855
Rob Refsnyder;2;Johnny Peacock;0,953
Rob Refsnyder;3;Rick Camp;0,946
Rob Refsnyder;4;Faye Throneberry;0,9423
Rob Refsnyder;5;Reese McGuire;0,9117
Rob Wilfong;1;Mike Phillips;0,981
Rob Wilfong;2;Gavvy Cravath;0,9801
Rob Wilfong;3;Eric O'Flaherty;0,9781
Rob Wilfong;4;Brandon Kintzler;0,9781
Rob Wilfong;5;Bob Patterson;0,9781
Robb Nen;1;Kerry Wood;0,9416
Robb Nen;2;Ken Holloway;0,9195
Robb Nen;3;Jerry White;0,9155
Robb Nen;4;Charlie Spikes;0,8898
Robb Nen;5;Casey Patten;0,8894
Robb Quinlan;1;Whit Wyatt;0,9873
Robb Quinlan;2;Dick Donovan;0,9674
Robb Quinlan;3;Jose Ramirez;0,9671
Robb Quinlan;4;Jeff Suppan;0,9635
Robb Quinlan;5;Willie Crawford;0,963
Robbie Grossman;1;Leon Ruffin;0,898
Robbie Grossman;2;William Webster;0,8941
Robbie Grossman;3;Tim Byrdak;0,8851
Robbie Grossman;4;Matt Andriese;0,8832
Robbie Grossman;5;Balor Moore;0,8822
Robbie Ray;1;Grant Balfour;0,9924
Robbie Ray;2;Heath Bell;0,9924
Robbie Ray;3;Tanyon Sturtze;0,991
Robbie Ray;4;Jouett Meekin;0,9867
Robbie Ray;5;Dan Pasqua;0,9837
Robby Thompson;1;Carlos Silva;0,9325
Robby Thompson;2;Ian Happ;0,8933
Robby Thompson;3;Jimmy Collins;0,8822
Robby Thompson;4;Steve Blass;0,88
Robby Thompson;5;Buddy Kerr;0,8789
Robert Andino;1;Larry Jackson;0,9028
Robert Andino;2;Aaron Ward;0,8946
Robert Andino;3;Lee Thomas;0,8867
Robert Andino;4;James Casey;0,8672
Robert Andino;5;Darrel Chaney;0,8543
Robert Fick;1;Rick Mahler;0,9082
Robert Fick;2;Ted Page;0,9024
Robert Fick;3;Nate Schierholtz;0,8745
Robert Fick;4;Glenn Borgmann;0,8693
Robert Fick;5;Blainey Hall;0,869
Robert Gaston;1;Doc Sykes;0,8892
Robert Gaston;2;Tom Tresh;0,8834
Robert Gaston;3;Ed Spiezio;0,8724
Robert Gaston;4;Ernie Krueger;0,8441
Robert Gaston;5;Pete Burnside;0,8286
Robert Hudspeth;1;Billy Horne;0,8778
Robert Hudspeth;2;Orville Singer;0,8721
Robert Hudspeth;3;George Toporcer;0,8342
Robert Hudspeth;4;Kelly Downs;0,8255
Robert Hudspeth;5;Shane Mack;0,8194
Robert Machado;1;Sam Gray;0,9374
Robert Machado;2;Jose Molina;0,9164
Robert Machado;3;Dixie Davis;0,9045
Robert Machado;4;Ron Mahay;0,8927
Robert Machado;5;Clint Brown;0,8872
Robert Person;1;Doug Brocail;0,9879
Robert Person;2;Chris Archer;0,9855
Robert Person;3;Michael Barrett;0,9812
Robert Person;4;Andrew Romine;0,9762
Robert Person;5;Brad Komminsk;0,9756
Robert Stephenson;1;Mike Morgan;0,9569
Robert Stephenson;2;Ron Karkovice;0,9537
Robert Stephenson;3;Tony Gwynn;0,9428
Robert Stephenson;4;Josh Tomlin;0,9271
Robert Stephenson;5;Cliff Lee;0,9112
Roberto Alomar;1;Danny Santana;0,9679
Roberto Alomar;2;Roy Henshaw;0,9247
Roberto Alomar;3;Chico Ruiz;0,9047
Roberto Alomar;4;T. J. Mathews;0,8938
Roberto Alomar;5;Rube Walker;0,8713
Roberto Clemente;1;Dee Brown;0,9487
Roberto Clemente;2;Matt Capps;0,9176
Roberto Clemente;3;Brandon Woodruff;0,8898
Roberto Clemente;4;Ramon Castro;0,8758
Roberto Clemente;5;Jim O'Toole;0,8757
Roberto Hernandez;1;Roger Repoz;0,9739
Roberto Hernandez;2;Mike Dunn;0,9315
Roberto Hernandez;3;Pete Broberg;0,9214
Roberto Hernandez;4;Bud Podbielan;0,9117
Roberto Hernandez;5;John Menefee;0,9053
Roberto Kelly;1;Tom Johnson;0,976
Roberto Kelly;2;Kyle Tucker;0,9674
Roberto Kelly;3;Elmer Myers;0,9669
Roberto Kelly;4;Victor Caratini;0,9648
Roberto Kelly;5;Erskine Mayer;0,9626
Roberto Perez;1;Matt Mieske;0,9358
Roberto Perez;2;Jesse Levis;0,9173
Roberto Perez;3;Tex Burnett;0,9047
Roberto Perez;4;Guy Bush;0,8916
Roberto Perez;5;Todd Walker;0,8813
Robin Roberts;1;Mike Rivera;0,9639
Robin Roberts;2;Jameson Taillon;0,9532
Robin Roberts;3;Tom Johnson;0,9321
Robin Roberts;4;Socks Seibold;0,9309
Robin Roberts;5;Luther Taylor;0,9305
Robin Ventura;1;Harry Kincannon;0,9242
Robin Ventura;2;Bill Stafford;0,9158
Robin Ventura;3;Dick Sisler;0,8973
Robin Ventura;4;Harry Smith;0,8815
Robin Ventura;5;Herb Barnhill;0,8794
Robin Yount;1;Jean Dubuc;0,9353
Robin Yount;2;Mark Wagner;0,935
Robin Yount;3;Kelly Downs;0,9322
Robin Yount;4;Ender Inciarte;0,8645
Robin Yount;5;George Toporcer;0,8579
Robinson Cano;1;Buddy Armour;0,9109
Robinson Cano;2;John Reilly;0,9092
Robinson Cano;3;Lloyd Davenport;0,9006
Robinson Cano;4;Dontrelle Willis;0,8982
Robinson Cano;5;Norm Siebern;0,8949
Robinson Chirinos;1;Marco Gonzales;0,959
Robinson Chirinos;2;Germany Schaefer;0,9496
Robinson Chirinos;3;Jeff Mathis;0,9195
Robinson Chirinos;4;Ferdie Schupp;0,9163
Robinson Chirinos;5;Bill Drake;0,9133
Rocky Bridges;1;Fatty Briody;0,9943
Rocky Bridges;2;Wally Roettger;0,9881
Rocky Bridges;3;Pat Clements;0,9837
Rocky Bridges;4;Jeremy Accardo;0,9837
Rocky Bridges;5;Ryan Weber;0,9837
Rocky Colavito;1;Brook Fordyce;0,9608
Rocky Colavito;2;Ted Blankenship;0,8924
Rocky Colavito;3;Earl Williams;0,8883
Rocky Colavito;4;Win Mercer;0,8793
Rocky Colavito;5;Lew McCarty;0,8785
Rocky Nelson;1;Erv Palica;0,957
Rocky Nelson;2;Esteban Loaiza;0,9533
Rocky Nelson;3;Hank Aguirre;0,9433
Rocky Nelson;4;Del Rice;0,8912
Rocky Nelson;5;Kevin Millwood;0,8862
Rod Barajas;1;Cecil Espy;0,9735
Rod Barajas;2;Carmen Hill;0,9454
Rod Barajas;3;Jay Gibbons;0,9166
Rod Barajas;4;Chico Salmon;0,9067
Rod Barajas;5;Dan Straily;0,9017
Rod Beck;1;Tom Buskey;0,9398
Rod Beck;2;Eddie Mayo;0,9325
Rod Beck;3;Clyde Shoun;0,9263
Rod Beck;4;Jose Rijo;0,9223
Rod Beck;5;Grover Hartley;0,9214
Rod Carew;1;Bryce Harper;0,864
Rod Carew;2;Tommy Gregg;0,841
Rod Carew;3;Jimmy Brown;0,8397
Rod Carew;4;Ernie Banks;0,8286
Rod Carew;5;Luke Jackson;0,8275
Rod Scurry;1;Milo Candini;0,9862
Rod Scurry;2;Rob Ducey;0,9578
Rod Scurry;3;Jon Matlack;0,9304
Rod Scurry;4;Andrew Kittredge;0,9256
Rod Scurry;5;Kevin Jepsen;0,924
Rodney Scott;1;Larry Stahl;0,9801
Rodney Scott;2;Jarrod Dyson;0,974
Rodney Scott;3;Juan Gonzalez;0,9676
Rodney Scott;4;Henry Merchant;0,9635
Rodney Scott;5;Bernard Gilkey;0,9621
Rodrigo Lopez;1;Eric Davis;0,9293
Rodrigo Lopez;2;Steve Karsay;0,929
Rodrigo Lopez;3;John Morris;0,8954
Rodrigo Lopez;4;Jose Alvarado;0,8926
Rodrigo Lopez;5;Shane Bieber;0,8925
Roger Bresnahan;1;Chris Johnson;0,9657
Roger Bresnahan;2;Jody Reed;0,9422
Roger Bresnahan;3;Wil Ledezma;0,9253
Roger Bresnahan;4;Joe Harris;0,9165
Roger Bresnahan;5;Hal Gregg;0,9078
Roger Cedeno;1;Josh Gibson;0,9859
Roger Cedeno;2;Damaso Marte;0,9855
Roger Cedeno;3;Mike Phillips;0,9707
Roger Cedeno;4;Brayan Peña;0,9696
Roger Cedeno;5;Eric O'Flaherty;0,9689
Roger Clemens;1;Bob Priddy;0,9419
Roger Clemens;2;Jose Leclerc;0,923
Roger Clemens;3;Joe Beggs;0,9137
Roger Clemens;4;Tom Ferrick;0,8906
Roger Clemens;5;Bernie Neis;0,8807
Roger Connor;1;John Stephenson;0,9639
Roger Connor;2;Rick Dempsey;0,963
Roger Connor;3;Rich DeLucia;0,96
Roger Connor;4;Willie Smith;0,9589
Roger Connor;5;David Phelps;0,9491
Roger Craig;1;Jerry Narron;0,967
Roger Craig;2;Aaron Bummer;0,9621
Roger Craig;3;Todd Frohwirth;0,96
Roger Craig;4;Drew Storen;0,9583
Roger Craig;5;Aaron Small;0,9583
Roger Freed;1;Chet Nichols;0,9932
Roger Freed;2;Mark Knudson;0,9903
Roger Freed;3;Ben Gamel;0,9835
Roger Freed;4;Rafael Montero;0,9681
Roger Freed;5;Carson Fulmer;0,9681
Roger Maris;1;Kaiser Wilhelm;0,9199
Roger Maris;2;Paul Dean;0,9005
Roger Maris;3;Clyde Sukeforth;0,8626
Roger Maris;4;Josh Phegley;0,8446
Roger Maris;5;Chippy McGarr;0,8413
Roger Mason;1;Jose Leclerc;0,9848
Roger Mason;2;Brian Duensing;0,9807
Roger Mason;3;Earl Caldwell;0,973
Roger Mason;4;Roy Roberts;0,9493
Roger Mason;5;B. J. Ryan;0,9462
Roger McDowell;1;Wade Johnston;0,837
Roger McDowell;2;Lynn Jones;0,8299
Roger McDowell;3;John Marzano;0,8298
Roger McDowell;4;Don Padgett;0,826
Roger McDowell;5;Perry Hall;0,8136
Roger Metzger;1;Ryan Weber;0,9954
Roger Metzger;2;Will Cunnane;0,9954
Roger Metzger;3;Pat Clements;0,9954
Roger Metzger;4;Jeremy Accardo;0,9954
Roger Metzger;5;Luis Ayala;0,9943
Roger Moret;1;Heath Hembree;0,9994
Roger Moret;2;Randall Delgado;0,9918
Roger Moret;3;Harry Eisenstat;0,9891
Roger Moret;4;Jose Veras;0,9867
Roger Moret;5;Chris Devenski;0,9867
Roger Nelson;1;Mark Eichhorn;0,9802
Roger Nelson;2;Pat Mahomes;0,9704
Roger Nelson;3;Elmer Dessens;0,9665
Roger Nelson;4;Bob Griffith;0,9649
Roger Nelson;5;John Tsitouris;0,9626
Roger Peckinpaugh;1;Bill Schroeder;0,9492
Roger Peckinpaugh;2;Tim Donahue;0,9131
Roger Peckinpaugh;3;Omar Infante;0,9123
Roger Peckinpaugh;4;Nap Rucker;0,9113
Roger Peckinpaugh;5;Art Shamsky;0,9024
Roger Repoz;1;Roberto Hernandez;0,9739
Roger Repoz;2;Mike Dunn;0,9349
Roger Repoz;3;Shawn Boskie;0,9314
Roger Repoz;4;Clarence Mitchell;0,9288
Roger Repoz;5;Pete Broberg;0,9272
Rogers Hornsby;1;John Reilly;0,9258
Rogers Hornsby;2;Pete Runnels;0,9211
Rogers Hornsby;3;Wil Cordero;0,9162
Rogers Hornsby;4;Ed Killian;0,9076
Rogers Hornsby;5;Frank Welch;0,9056
Rollie Fingers;1;Cory Snyder;0,9227
Rollie Fingers;2;Joe Ross;0,9014
Rollie Fingers;3;Jim Lyttle;0,8964
Rollie Fingers;4;Donne Wall;0,8889
Rollie Fingers;5;Billy Sunday;0,874
Rollie Hemsley;1;Frank Scheibeck;0,8882
Rollie Hemsley;2;Taylor Ward;0,8752
Rollie Hemsley;3;Paul Zuvella;0,8687
Rollie Hemsley;4;Rob Brantly;0,8625
Rollie Hemsley;5;Billy McKinney;0,8611
Rollie Zeider;1;Joe Oeschger;0,9374
Rollie Zeider;2;Kendrys Morales;0,9055
Rollie Zeider;3;Johnny Logan;0,8988
Rollie Zeider;4;Don Padgett;0,8954
Rollie Zeider;5;Mack Eggleston;0,8946
Roman Mejias;1;Jean Segura;0,9453
Roman Mejias;2;Bobby Bolin;0,9425
Roman Mejias;3;Sandy Leon;0,9173
Roman Mejias;4;Bob Shirley;0,9151
Roman Mejias;5;Frank Schulte;0,9117
Ron Brand;1;Rich Harden;0,9512
Ron Brand;2;Hooks Wiltse;0,916
Ron Brand;3;Jim McDonald;0,9155
Ron Brand;4;Hal Jeffcoat;0,9041
Ron Brand;5;Tim Burke;0,8955
Ron Cey;1;Bud Clancy;0,9939
Ron Cey;2;Babe Pinelli;0,9888
Ron Cey;3;Subby Byas;0,9852
Ron Cey;4;Elmer Myers;0,9844
Ron Cey;5;Morgan Ensberg;0,9806
Ron Coomer;1;Verdell Mathis;0,9676
Ron Coomer;2;Spec Shea;0,9527
Ron Coomer;3;Toussaint Allen;0,9479
Ron Coomer;4;Chet Nichols;0,9452
Ron Coomer;5;Roger Freed;0,9426
Ron Darling;1;Freddy Galvis;0,9175
Ron Darling;2;Turk Lown;0,8991
Ron Darling;3;Bill Tuttle;0,8792
Ron Darling;4;Shawn Chacon;0,8652
Ron Darling;5;Steve Sparks;0,8576
Ron Davis;1;Chris Hatcher;0,9808
Ron Davis;2;Hoby Milner;0,9808
Ron Davis;3;John Brebbia;0,9808
Ron Davis;4;Cesar Ramos;0,9808
Ron Davis;5;Dan Otero;0,9808
Ron Fairly;1;Tom Williams;0,9777
Ron Fairly;2;Paul Zuvella;0,9708
Ron Fairly;3;Taylor Ward;0,9601
Ron Fairly;4;Walt Moryn;0,9529
Ron Fairly;5;Putsy Caballero;0,9348
Ron Gant;1;Leury Garcia;0,9584
Ron Gant;2;Jason Smith;0,9557
Ron Gant;3;Greg Allen;0,9453
Ron Gant;4;Eddie Mayo;0,9393
Ron Gant;5;Joe Beggs;0,938
Ron Guidry;1;Earl Clark;0,9495
Ron Guidry;2;Hal Gregg;0,9377
Ron Guidry;3;Chris Codiroli;0,9244
Ron Guidry;4;Camilo Pascual;0,91
Ron Guidry;5;Miguel Cabrera;0,8847
Ron Hansen;1;Billy McKinney;0,9619
Ron Hansen;2;Taylor Ward;0,9415
Ron Hansen;3;Ted Kubiak;0,9412
Ron Hansen;4;Ed Abbaticchio;0,9344
Ron Hansen;5;Jack Phillips;0,9211
Ron Hassey;1;Paul Sewald;0,9868
Ron Hassey;2;Brian Wilson;0,9747
Ron Hassey;3;Tom Gorman;0,9729
Ron Hassey;4;Jeffrey Springs;0,9704
Ron Hassey;5;Chuck Hiller;0,9687
Ron Herbel;1;Rob Refsnyder;0,9855
Ron Herbel;2;Faye Throneberry;0,9555
Ron Herbel;3;Johnny Peacock;0,924
Ron Herbel;4;Charlie Silvera;0,9159
Ron Herbel;5;Rod Beck;0,9006
Ron Hodges;1;Ferdie Schupp;0,9424
Ron Hodges;2;Jerry McNertney;0,9379
Ron Hodges;3;Kevin Plawecki;0,9285
Ron Hodges;4;Wallace Johnson;0,9141
Ron Hodges;5;Tyler O'Neill;0,9008
Ron Hunt;1;Harry McIntire;0,9425
Ron Hunt;2;Bernie Carbo;0,917
Ron Hunt;3;Bob Jones;0,8862
Ron Hunt;4;Jack Howell;0,8849
Ron Hunt;5;Pat Burrell;0,8793
Ron Jackson;1;Eddie Pellagrini;0,9504
Ron Jackson;2;Willie Calhoun;0,9498
Ron Jackson;3;Mike Witt;0,935
Ron Jackson;4;Nippy Jones;0,9332
Ron Jackson;5;Juan Beniquez;0,9264
Ron Karkovice;1;Ferdie Schupp;0,9653
Ron Karkovice;2;Robert Stephenson;0,9537
Ron Karkovice;3;Kevin Plawecki;0,9254
Ron Karkovice;4;Birdie Tebbetts;0,9072
Ron Karkovice;5;Jolbert Cabrera;0,9028
Ron Kittle;1;James Loney;0,9683
Ron Kittle;2;Charlie Puleo;0,9388
Ron Kittle;3;Dolph Camilli;0,9366
Ron Kittle;4;George Mogridge;0,9155
Ron Kittle;5;Eric Owens;0,9062
Ron Kline;1;John Halama;0,9398
Ron Kline;2;Jason Jennings;0,8926
Ron Kline;3;Don Wilson;0,8852
Ron Kline;4;Porter Moss;0,8721
Ron Kline;5;Bob Allison;0,8661
Ron LeFlore;1;Lourdes Gurriel;0,9422
Ron LeFlore;2;Nate Colbert;0,9292
Ron LeFlore;3;Brendan Ryan;0,9054
Ron LeFlore;4;Tommy Harper;0,904
Ron LeFlore;5;Alex Colome;0,8978
Ron Mahay;1;Don Lee;0,9036
Ron Mahay;2;Matt Strahm;0,9007
Ron Mahay;3;Joe Moeller;0,9006
Ron Mahay;4;Robert Machado;0,8927
Ron Mahay;5;Brad Peacock;0,8849
Ron Northey;1;Randy Velarde;0,9698
Ron Northey;2;Doc Medich;0,8912
Ron Northey;3;Buck Farmer;0,8828
Ron Northey;4;Zach McAllister;0,8789
Ron Northey;5;Sonny Siebert;0,8772
Ron Oester;1;Big Bill Smith;0,959
Ron Oester;2;Adolfo Phillips;0,9016
Ron Oester;3;Lance Richbourg;0,8919
Ron Oester;4;Larry Cheney;0,8697
Ron Oester;5;Phil Collins;0,8689
Ron Perranoski;1;Wesley Wright;0,9825
Ron Perranoski;2;Luis Aquino;0,9665
Ron Perranoski;3;Brandon Woodruff;0,9656
Ron Perranoski;4;Max Stassi;0,9537
Ron Perranoski;5;Doug Clemens;0,938
Ron Pruitt;1;Jack Fournier;0,9341
Ron Pruitt;2;Jim McCormick;0,9162
Ron Pruitt;3;Kevin Seitzer;0,8903
Ron Pruitt;4;Ernie Broglio;0,885
Ron Pruitt;5;Rip Repulski;0,8773
Ron Reed;1;Jimmy Wasdell;0,8969
Ron Reed;2;Jerry Martin;0,8919
Ron Reed;3;Ray Scarborough;0,8799
Ron Reed;4;Jim Mecir;0,8764
Ron Reed;5;Joc Pederson;0,8749
Ron Robinson;1;Ryan Hanigan;0,9738
Ron Robinson;2;Matt Andriese;0,9492
Ron Robinson;3;Carl Furillo;0,9408
Ron Robinson;4;John Smiley;0,9337
Ron Robinson;5;Anthony Bass;0,9211
Ron Roenicke;1;Dick Selma;0,9678
Ron Roenicke;2;Lance Lynn;0,9316
Ron Roenicke;3;Mickey Morandini;0,9296
Ron Roenicke;4;John Lannan;0,9178
Ron Roenicke;5;Henry Williams;0,9018
Ron Santo;1;Sanford Jackson;0,9505
Ron Santo;2;Billy McKinney;0,9485
Ron Santo;3;Bill Cissell;0,934
Ron Santo;4;Jorge Fabregas;0,9327
Ron Santo;5;Bob Harmon;0,9075
Ron Schueler;1;Frank Francisco;0,9765
Ron Schueler;2;Ken Hill;0,9631
Ron Schueler;3;Mike LaCoss;0,9622
Ron Schueler;4;Jim Shellenback;0,9124
Ron Schueler;5;Lerrin LaGrow;0,9074
Ron Swoboda;1;Jose Tartabull;0,9382
Ron Swoboda;2;Ted Sizemore;0,9374
Ron Swoboda;3;Curt Davis;0,9308
Ron Swoboda;4;Mark Grace;0,93
Ron Swoboda;5;Matt Joyce;0,9265
Ron Taylor;1;Ryan Brasier;0,9783
Ron Taylor;2;Mark Melancon;0,9685
Ron Taylor;3;Dutch Henry;0,9368
Ron Taylor;4;Preacher Henry;0,9299
Ron Taylor;5;Esteban Yan;0,9259
Ron Tingley;1;Christian Walker;0,9856
Ron Tingley;2;James Stafford;0,9602
Ron Tingley;3;Eduardo Perez;0,9583
Ron Tingley;4;Jeff Kunkel;0,9537
Ron Tingley;5;Benji Gil;0,9459
Ron Villone;1;Dick Buckley;0,8867
Ron Villone;2;Jack Lapp;0,8681
Ron Villone;3;Harry Harper;0,8606
Ron Villone;4;Jim Abbott;0,8476
Ron Villone;5;Billy Sunday;0,846
Ron Washington;1;Babe Pinelli;0,9695
Ron Washington;2;Tim Donahue;0,9657
Ron Washington;3;Morgan Ensberg;0,9552
Ron Washington;4;Joe Koppe;0,9516
Ron Washington;5;John O'Donoghue;0,9428
Ronald Acuña;1;Geno Petralli;0,9107
Ronald Acuña;2;Yovani Gallardo;0,8986
Ronald Acuña;3;Harvey Hendrick;0,8919
Ronald Acuña;4;Mack Eggleston;0,8897
Ronald Acuña;5;Mike Remlinger;0,8871
Rondell White;1;Bill Hart;0,9557
Rondell White;2;Duane Pillette;0,9368
Rondell White;3;Wilmer Difo;0,928
Rondell White;4;Bill Voiselle;0,9266
Rondell White;5;John Maine;0,9162
Ronnie Belliard;1;Juan Soto;0,9261
Ronnie Belliard;2;Gus Niarhos;0,9003
Ronnie Belliard;3;Ozzie Albies;0,8858
Ronnie Belliard;4;Willard Nixon;0,8799
Ronnie Belliard;5;Matt Andriese;0,8602
Ronny Cedeno;1;Ernie Krueger;0,9391
Ronny Cedeno;2;Matt Franco;0,9348
Ronny Cedeno;3;Frank Duffy;0,9266
Ronny Cedeno;4;Cap Peterson;0,9022
Ronny Cedeno;5;Lou Dials;0,8941
Ronny Paulino;1;Cherokee Fisher;0,9617
Ronny Paulino;2;Luis Pujols;0,9572
Ronny Paulino;3;Travis Shaw;0,9481
Ronny Paulino;4;Pascual Perez;0,9458
Ronny Paulino;5;Bob Oliver;0,9419
Roosevelt Davis;1;Harry Schafer;0,963
Roosevelt Davis;2;Bill Joyce;0,9175
Roosevelt Davis;3;John Coleman;0,8957
Roosevelt Davis;4;Dick Higham;0,8931
Roosevelt Davis;5;Greg Walker;0,8653
Ross Barnes;1;Hal Chase;0,9532
Ross Barnes;2;Johnny Smith;0,9346
Ross Barnes;3;Jim Hearn;0,8663
Ross Barnes;4;Dick Jackson;0,8511
Ross Barnes;5;Jose Rijo;0,8475
Ross Detwiler;1;Freddy Peralta;0,9939
Ross Detwiler;2;Mike Trombley;0,9888
Ross Detwiler;3;Noe Ramirez;0,9817
Ross Detwiler;4;Joba Chamberlain;0,9582
Ross Detwiler;5;Jason Motte;0,958
Ross Gload;1;George Suggs;0,9367
Ross Gload;2;Cleon Jones;0,9186
Ross Gload;3;Cory Lidle;0,9171
Ross Gload;4;C. J. Wilson;0,8918
Ross Gload;5;Troy O'Leary;0,8917
Ross Grimsley;1;Jon Berti;0,9481
Ross Grimsley;2;Zack Littell;0,9202
Ross Grimsley;3;Alex Cintron;0,9108
Ross Grimsley;4;Joe Saunders;0,8699
Ross Grimsley;5;Bobo Newsom;0,8665
Ross Ohlendorf;1;LaTroy Hawkins;0,9722
Ross Ohlendorf;2;Mike Jeffcoat;0,9662
Ross Ohlendorf;3;Connie Johnson;0,961
Ross Ohlendorf;4;Art Herring;0,96
Ross Ohlendorf;5;Carlos Villanueva;0,9594
Ross Stripling;1;Dave Stewart;0,9196
Ross Stripling;2;Biz Mackey;0,9073
Ross Stripling;3;Tatica Campos;0,8871
Ross Stripling;4;Norm Charlton;0,8809
Ross Stripling;5;Birdie Cree;0,8804
Ross Youngs;1;Hank Leiber;0,9121
Ross Youngs;2;Eric Karros;0,9083
Ross Youngs;3;Rick Reichardt;0,8905
Ross Youngs;4;Daniel Descalso;0,8763
Ross Youngs;5;Hank DeBerry;0,874
Rosy Ryan;1;Tex Hughson;0,9879
Rosy Ryan;2;Paul Shuey;0,9836
Rosy Ryan;3;Brian Dorsett;0,9818
Rosy Ryan;4;Jerry Walker;0,9818
Rosy Ryan;5;Aaron Fultz;0,9818
Rougned Odor;1;Spec Shea;0,9046
Rougned Odor;2;Pat Jarvis;0,8726
Rougned Odor;3;Roger Freed;0,8683
Rougned Odor;4;Clyde Engle;0,8635
Rougned Odor;5;Jimmie Coker;0,8392
Rowdy Tellez;1;Charlie Grant;0,9731
Rowdy Tellez;2;Nate Jones;0,9609
Rowdy Tellez;3;Gary Nolan;0,9578
Rowdy Tellez;4;Todd Hollandsworth;0,9557
Rowdy Tellez;5;Paul Abbott;0,9482
Rowland Office;1;Lee Smith;0,9558
Rowland Office;2;Chris Herrmann;0,9383
Rowland Office;3;Don Gullett;0,937
Rowland Office;4;Nelson Figueroa;0,9316
Rowland Office;5;Bob Priddy;0,9298
Roxie Lawson;1;Daisuke Matsuzaka;0,9595
Roxie Lawson;2;Ken Ryan;0,9592
Roxie Lawson;3;Juan Rincon;0,9585
Roxie Lawson;4;John Briggs;0,9555
Roxie Lawson;5;Hyun Jin Ryu;0,9369
Roxy Walters;1;Dick Dietz;0,8985
Roxy Walters;2;Wilson Ramos;0,8952
Roxy Walters;3;Paul Goldschmidt;0,8805
Roxy Walters;4;Freddie Freeman;0,8737
Roxy Walters;5;Lefty Gomez;0,8679
Roy Campanella;1;Leonys Martin;0,9187
Roy Campanella;2;Willie Montanez;0,8726
Roy Campanella;3;Jack Farrell;0,867
Roy Campanella;4;Dixie Davis;0,8528
Roy Campanella;5;Greg Gross;0,8433
Roy Cullenbine;1;Rick Cerone;0,9595
Roy Cullenbine;2;Trevor Wilson;0,9535
Roy Cullenbine;3;Doc Cramer;0,9443
Roy Cullenbine;4;Mike Fiers;0,941
Roy Cullenbine;5;Hooks Dauss;0,9373
Roy Face;1;Harry Spilman;0,9132
Roy Face;2;John Lyles;0,8969
Roy Face;3;Zollie Wright;0,8907
Roy Face;4;Mark Littell;0,8895
Roy Face;5;Andy Hansen;0,8882
Roy Halladay;1;Bob McGraw;0,97
Roy Halladay;2;Lee Grissom;0,9341
Roy Halladay;3;Ramiro Ramírez;0,8645
Roy Halladay;4;Mike Munoz;0,8602
Roy Halladay;5;Tom Egan;0,8533
Roy Hartzell;1;Sandy Alcantara;0,9484
Roy Hartzell;2;Ray Chapman;0,9328
Roy Hartzell;3;Jose Tartabull;0,9259
Roy Hartzell;4;Ron Swoboda;0,9226
Roy Hartzell;5;Deacon Phillippe;0,9172
Roy Henshaw;1;Frank Bolling;0,9368
Roy Henshaw;2;George Shoch;0,9364
Roy Henshaw;3;Bid McPhee;0,9286
Roy Henshaw;4;Roberto Alomar;0,9247
Roy Henshaw;5;Marty Marion;0,92
Roy Howell;1;Robert Person;0,9563
Roy Howell;2;Brad Fullmer;0,9254
Roy Howell;3;Brad Komminsk;0,9251
Roy Howell;4;Dick Howser;0,923
Roy Howell;5;George Whitted;0,9228
Roy Hughes;1;Max Muncy;0,8427
Roy Hughes;2;Will White;0,8423
Roy Hughes;3;Charlie Keller;0,8182
Roy Hughes;4;Terry Pendleton;0,8092
Roy Hughes;5;Eddie Murphy;0,804
Roy Johnson;1;Randy Moffitt;0,9847
Roy Johnson;2;Grant Balfour;0,9796
Roy Johnson;3;Heath Bell;0,9796
Roy Johnson;4;Bob Veale;0,9795
Roy Johnson;5;Manuel Margot;0,9756
Roy K. Williams;1;Jeurys Familia;0,973
Roy K. Williams;2;Carlos Villanueva;0,9703
Roy K. Williams;3;Art Herring;0,9697
Roy K. Williams;4;Matt Thornton;0,9693
Roy K. Williams;5;Chuck Taylor;0,9365
Roy Lee Jackson;1;Chad Wallach;0,9717
Roy Lee Jackson;2;Brad Wilkerson;0,9708
Roy Lee Jackson;3;Cesar Hernandez;0,9687
Roy Lee Jackson;4;Emmet Heidrick;0,968
Roy Lee Jackson;5;Willie Calhoun;0,9666
Roy Mahaffey;1;Pat Clements;0,9975
Roy Mahaffey;2;Will Cunnane;0,9975
Roy Mahaffey;3;Ryan Weber;0,9975
Roy Mahaffey;4;Jeremy Accardo;0,9975
Roy Mahaffey;5;Wally Roettger;0,9969
Roy McMillan;1;Dick Padden;0,9337
Roy McMillan;2;Herb Score;0,9088
Roy McMillan;3;Togie Pittinger;0,9075
Roy McMillan;4;Aaron Sanchez;0,8933
Roy McMillan;5;Pete Coscarart;0,8669
Roy Oswalt;1;Luis Guillorme;0,967
Roy Oswalt;2;Bill Crowley;0,9524
Roy Oswalt;3;Walter Barbare;0,9416
Roy Oswalt;4;Tim Blackwell;0,9337
Roy Oswalt;5;Nolan Reimold;0,9165
Roy Parmelee;1;Jose Gonzalez;0,9626
Roy Parmelee;2;Carlos Delgado;0,9412
Roy Parmelee;3;Ken Kravec;0,9132
Roy Parmelee;4;Dicta Johnson;0,9107
Roy Parmelee;5;Mike Fischlin;0,9094
Roy Parnell;1;Wayne Granger;0,9177
Roy Parnell;2;Steve Busby;0,8467
Roy Parnell;3;Craig McMurtry;0,8415
Roy Parnell;4;Orlando Mercado;0,8375
Roy Parnell;5;Arnold Statz;0,8252
Roy Partlow;1;Mark Portugal;0,9326
Roy Partlow;2;Jesse Chavez;0,9281
Roy Partlow;3;Glendon Rusch;0,9279
Roy Partlow;4;Lance Painter;0,9264
Roy Partlow;5;Todd Frohwirth;0,9221
Roy Roberts;1;Earl Caldwell;0,979
Roy Roberts;2;Roger Mason;0,9493
Roy Roberts;3;Jose Leclerc;0,9348
Roy Roberts;4;Torey Lovullo;0,9324
Roy Roberts;5;Nick Masset;0,9275
Roy Sievers;1;Bill Crowley;0,9515
Roy Sievers;2;George Metkovich;0,9238
Roy Sievers;3;William Binga;0,9098
Roy Sievers;4;Barry Jones;0,8995
Roy Sievers;5;Jesse Burkett;0,8734
Roy Smalley;1;Gavvy Cravath;0,9736
Roy Smalley;2;Wayne Gross;0,9651
Roy Smalley;3;Rob Wilfong;0,9606
Roy Smalley;4;Manuel Lee;0,959
Roy Smalley;5;Mike Phillips;0,9543
Roy Smith;1;Sammy Esposito;0,9959
Roy Smith;2;Frank McCormick;0,9948
Roy Smith;3;Mickey Livingston;0,9943
Roy Smith;4;Roy Mahaffey;0,9935
Roy Smith;5;Wally Roettger;0,9932
Roy Spencer;1;Morgan Ensberg;0,9739
Roy Spencer;2;Bud Clancy;0,9724
Roy Spencer;3;Jack Hiatt;0,9722
Roy Spencer;4;Babe Pinelli;0,9719
Roy Spencer;5;Eddie Pellagrini;0,9705
Roy Thomas;1;Owen Wilson;0,9584
Roy Thomas;2;Lon Knight;0,9192
Roy Thomas;3;Chuck Crim;0,9003
Roy Thomas;4;Billy Sunday;0,8802
Roy Thomas;5;Craig Lefferts;0,8737
Roy Weatherly;1;Donie Bush;0,9014
Roy Weatherly;2;Barney McCosky;0,8894
Roy Weatherly;3;Wayne Nordhagen;0,8743
Roy Weatherly;4;Charles Bender;0,8426
Roy Weatherly;5;Tom Burns;0,8403
Roy Welmaker;1;Charlie Mason;0,9808
Roy Welmaker;2;Bill Skowron;0,9525
Roy Welmaker;3;Hugh Mulcahy;0,9118
Roy Welmaker;4;Denny McLain;0,9109
Roy Welmaker;5;Donne Wall;0,9055
Roy White;1;Jason Adam;0,992
Roy White;2;Greg Allen;0,9889
Roy White;3;Archie Bradley;0,9735
Roy White;4;Jeff Shaw;0,966
Roy White;5;Matt Alexander;0,9626
Royce Clayton;1;Reno Bertoia;0,9946
Royce Clayton;2;Pat Clements;0,9945
Royce Clayton;3;Ryan Weber;0,9945
Royce Clayton;4;Will Cunnane;0,9945
Royce Clayton;5;Jeremy Accardo;0,9945
Rube Benton;1;Mahlon Duckett;0,9429
Rube Benton;2;George Stone;0,9292
Rube Benton;3;Anthony Santander;0,9063
Rube Benton;4;Jose Gonzalez;0,9036
Rube Benton;5;Jim Ray;0,9035
Rube Bressler;1;Nemo Leibold;0,8776
Rube Bressler;2;Steve Frey;0,8728
Rube Bressler;3;Ed Heusser;0,8424
Rube Bressler;4;Orlando Hernandez;0,8326
Rube Bressler;5;John Maine;0,832
Rube Curry;1;Addie Joss;0,9011
Rube Curry;2;Oscar Charleston;0,884
Rube Curry;3;Jose Canseco;0,8755
Rube Curry;4;Chippy McGarr;0,8722
Rube Curry;5;Jimmy Dykes;0,8642
Rube Foster;1;Bill Bernhard;0,8903
Rube Foster;2;Barry Foote;0,8875
Rube Foster;3;Amed Rosario;0,8793
Rube Foster;4;Max Alvis;0,8627
Rube Foster;5;Charlie Bastian;0,8485
Rube Marquard;1;Donnie Murphy;0,8936
Rube Marquard;2;Kelly Shoppach;0,834
Rube Marquard;3;Lew Richie;0,827
Rube Marquard;4;Sam Leever;0,824
Rube Marquard;5;Chick Galloway;0,8121
Rube Oldring;1;Steve Parris;0,974
Rube Oldring;2;Jim Ray;0,9621
Rube Oldring;3;Howie Reed;0,9392
Rube Oldring;4;Ji-Man Choi;0,9285
Rube Oldring;5;Jose Gonzalez;0,9248
Rube Waddell;1;Tom Tresh;0,9052
Rube Waddell;2;Mack Jones;0,8894
Rube Waddell;3;Fred Snodgrass;0,8825
Rube Waddell;4;Rich Rollins;0,8777
Rube Waddell;5;Joe Dobson;0,8759
Rube Walberg;1;Rich Morales;0,8363
Rube Walberg;2;Andy Fox;0,8156
Rube Walberg;3;Jerry DaVanon;0,8141
Rube Walberg;4;Jim Lindsey;0,8081
Rube Walberg;5;Buck Farmer;0,7545
Rube Walker;1;Wayne Nordhagen;0,935
Rube Walker;2;Danny Santana;0,9054
Rube Walker;3;Roberto Alomar;0,8713
Rube Walker;4;Alex Cora;0,8689
Rube Walker;5;Marco Gonzales;0,856
Ruben Amaro;1;Stuffy Stewart;0,9453
Ruben Amaro;2;George Zuverink;0,9399
Ruben Amaro;3;Geoff Zahn;0,9349
Ruben Amaro;4;Randy Winn;0,9322
Ruben Amaro;5;Bobby Seay;0,9277
Ruben Gomez;1;Ben McDonald;0,9288
Ruben Gomez;2;Luis Quinones;0,9178
Ruben Gomez;3;Richard Bleier;0,9165
Ruben Gomez;4;Luis Gomez;0,914
Ruben Gomez;5;Chuck Hiller;0,9136
Ruben Jones;1;Gus Niarhos;0,9519
Ruben Jones;2;Johnny Hayes;0,9446
Ruben Jones;3;John Reese;0,9389
Ruben Jones;4;Tom O'Malley;0,9198
Ruben Jones;5;Jonathan Papelbon;0,9155
Ruben Rivera;1;Curtis Granderson;0,9784
Ruben Rivera;2;Randy Bush;0,9249
Ruben Rivera;3;Johnny Cooney;0,9026
Ruben Rivera;4;Ed Ott;0,8916
Ruben Rivera;5;Frank Wickware;0,8869
Ruben Sierra;1;Gary Ross;0,9534
Ruben Sierra;2;Nish Williams;0,9417
Ruben Sierra;3;Scott Bailes;0,9322
Ruben Sierra;4;Joe Green;0,9174
Ruben Sierra;5;Jeanmar Gomez;0,9117
Ruben Tejada;1;Pat Meares;0,9837
Ruben Tejada;2;Mark Johnson;0,98
Ruben Tejada;3;Tex Hughson;0,98
Ruben Tejada;4;Brian Dorsett;0,9742
Ruben Tejada;5;Jerry Walker;0,9742
Rudy Kemmler;1;Mike Tiernan;0,9315
Rudy Kemmler;2;Mark Lemke;0,9263
Rudy Kemmler;3;Alan Ashby;0,9198
Rudy Kemmler;4;Earl Torgeson;0,9188
Rudy Kemmler;5;Mike Squires;0,9058
Rudy May;1;Chris Codiroli;0,9379
Rudy May;2;Mark Huismann;0,907
Rudy May;3;Norm Charlton;0,8864
Rudy May;4;Ross Stripling;0,8719
Rudy May;5;Bert Adams;0,8651
Rudy Seanez;1;Aaron Small;1,0
Rudy Seanez;2;Drew Storen;1,0
Rudy Seanez;3;Justin Duchscherer;1,0
Rudy Seanez;4;Jonathan Loaisiga;1,0
Rudy Seanez;5;Buddy Carlyle;1,0
Rudy York;1;Matt Franco;0,9792
Rudy York;2;Welington Castillo;0,9729
Rudy York;3;Chris Widger;0,9717
Rudy York;4;Cesar Geronimo;0,9714
Rudy York;5;Lamar Johnson;0,9647
Ruppert Jones;1;Whitey Kurowski;0,9745
Ruppert Jones;2;Fred Hatfield;0,9123
Ruppert Jones;3;Jim McGlothlin;0,8938
Ruppert Jones;4;Billy Werber;0,889
Ruppert Jones;5;Hal Woodeshick;0,8843
Russ Davis;1;Alan Foster;0,9353
Russ Davis;2;Bob Skinner;0,9164
Russ Davis;3;Milt Gaston;0,9145
Russ Davis;4;Bobby Wilson;0,9125
Russ Davis;5;Pep Young;0,897
Russ Kemmerer;1;Matt Joyce;0,9534
Russ Kemmerer;2;Gorman Thomas;0,9299
Russ Kemmerer;3;Lee Wade;0,9195
Russ Kemmerer;4;Gordon Rhodes;0,9081
Russ Kemmerer;5;Matt Stairs;0,901
Russ Meyer;1;Cecil Espy;0,9089
Russ Meyer;2;Jonathan Sanchez;0,9056
Russ Meyer;3;Ben Grieve;0,8994
Russ Meyer;4;Rawly Eastwick;0,8981
Russ Meyer;5;Erick Fedde;0,8975
Russ Morman;1;Tyler Mahle;0,9044
Russ Morman;2;Henry Williams;0,8937
Russ Morman;3;Stephen Drew;0,873
Russ Morman;4;Trevor Rosenthal;0,8593
Russ Morman;5;Mark Johnson;0,8591
Russ Nixon;1;Mike Mohler;0,8839
Russ Nixon;2;Jo-Jo White;0,84
Russ Nixon;3;Parnell Woods;0,8387
Russ Nixon;4;Barney Morris;0,8321
Russ Nixon;5;Jim Holt;0,8261
Russ Ortiz;1;John Thomson;0,9175
Russ Ortiz;2;Shane Greene;0,9024
Russ Ortiz;3;Dave Rosello;0,886
Russ Ortiz;4;Luis Avilan;0,8828
Russ Ortiz;5;Mike Squires;0,8808
Russ Snyder;1;Antonio Osuna;0,8928
Russ Snyder;2;Tom Cheney;0,8745
Russ Snyder;3;Mike Cubbage;0,8506
Russ Snyder;4;Scott Baker;0,8484
Russ Snyder;5;Cliff Fannin;0,8343
Russ Springer;1;Chuck Cary;0,9547
Russ Springer;2;Wally Bunker;0,9483
Russ Springer;3;Harry Perkowski;0,8892
Russ Springer;4;Tom Bolton;0,8877
Russ Springer;5;Jonathon Niese;0,8732
Russ Wrightstone;1;Matt Clement;0,9593
Russ Wrightstone;2;John Hummel;0,9545
Russ Wrightstone;3;Jay Johnstone;0,9464
Russ Wrightstone;4;Owen Wilson;0,8939
Russ Wrightstone;5;Lon Knight;0,8791
Russell Branyan;1;Rich Dauer;0,9091
Russell Branyan;2;Bill Terry;0,9044
Russell Branyan;3;Curt Walker;0,8984
Russell Branyan;4;Jack Farrell;0,8908
Russell Branyan;5;Rusty Torres;0,8734
Russell Martin;1;Jimmy Slagle;0,9303
Russell Martin;2;Dave Boswell;0,9011
Russell Martin;3;Pedro Severino;0,8875
Russell Martin;4;John Jaha;0,835
Russell Martin;5;Brian McCann;0,8338
Rusty Greer;1;Doc Newton;0,9206
Rusty Greer;2;Danny Cox;0,8904
Rusty Greer;3;Phil Regan;0,8788
Rusty Greer;4;Bob Miller;0,865
Rusty Greer;5;Mike Aviles;0,8577
Rusty Meacham;1;Jack Flaherty;0,9635
Rusty Meacham;2;Brad Keller;0,9612
Rusty Meacham;3;Tim Hill;0,9557
Rusty Meacham;4;Shaun Marcum;0,9554
Rusty Meacham;5;Darin Ruf;0,9549
Rusty Peters;1;Ira Flagstead;0,9624
Rusty Peters;2;Sandy Martinez;0,9504
Rusty Peters;3;Patrick Gillespie;0,9491
Rusty Peters;4;John Morris;0,9454
Rusty Peters;5;John D'Acquisto;0,9385
Rusty Staub;1;Bernie Neis;0,8954
Rusty Staub;2;Fred Talbot;0,8947
Rusty Staub;3;Kelvim Escobar;0,8806
Rusty Staub;4;Ron Schueler;0,8744
Rusty Staub;5;Ivy Andrews;0,8623
Rusty Torres;1;Clyde McCullough;0,915
Rusty Torres;2;Matt Olson;0,9124
Rusty Torres;3;Jose Reyes;0,8963
Rusty Torres;4;Gary Matthews;0,8829
Rusty Torres;5;Reggie Sanders;0,8819
Ryan Brasier;1;Ron Taylor;0,9783
Ryan Brasier;2;Mark Melancon;0,9439
Ryan Brasier;3;Dutch Henry;0,9232
Ryan Brasier;4;Jeff Hoffman;0,9128
Ryan Brasier;5;Bill Holland;0,9051
Ryan Braun;1;Luis Ayala;0,9994
Ryan Braun;2;Sean Doolittle;0,9994
Ryan Braun;3;Joe Thatcher;0,9994
Ryan Braun;4;Blake Parker;0,9994
Ryan Braun;5;Pat Clements;0,9994
Ryan Dempster;1;Earl Johnson;0,9538
Ryan Dempster;2;Cliff Fannin;0,9437
Ryan Dempster;3;Paul Householder;0,9411
Ryan Dempster;4;Ted Wilks;0,8966
Ryan Dempster;5;Mike Kekich;0,8698
Ryan Doumit;1;Bartolo Colon;0,9581
Ryan Doumit;2;Roy Smith;0,9571
Ryan Doumit;3;Jason Kipnis;0,9424
Ryan Doumit;4;Archie Ware;0,9406
Ryan Doumit;5;Ed Doheny;0,9399
Ryan Flaherty;1;Vicente Romo;0,9496
Ryan Flaherty;2;Jim Merritt;0,9451
Ryan Flaherty;3;Allen Russell;0,9314
Ryan Flaherty;4;Larry Rosenthal;0,908
Ryan Flaherty;5;Alex Ferguson;0,9032
Ryan Franklin;1;Horacio Pina;0,9871
Ryan Franklin;2;Vinnie Chulk;0,9187
Ryan Franklin;3;Ryan Tepera;0,9099
Ryan Franklin;4;Carlos Quentin;0,9098
Ryan Franklin;5;Wandy Peralta;0,8969
Ryan Freel;1;Denny Hocking;0,9478
Ryan Freel;2;Joe Crede;0,9155
Ryan Freel;3;Jeff Nelson;0,9154
Ryan Freel;4;Gorman Thomas;0,9075
Ryan Freel;5;Bud Harrelson;0,8996
Ryan Goins;1;Kevin Gausman;0,967
Ryan Goins;2;Jose Guzman;0,9546
Ryan Goins;3;Bill Hall;0,9538
Ryan Goins;4;Dave Dravecky;0,9526
Ryan Goins;5;Larry Corcoran;0,9496
Ryan Hanigan;1;Ron Robinson;0,9738
Ryan Hanigan;2;Harry Howell;0,9309
Ryan Hanigan;3;Pete Broberg;0,9042
Ryan Hanigan;4;Paul Richards;0,8973
Ryan Hanigan;5;Matt Andriese;0,8939
Ryan Howard;1;Gary Thomasson;0,9241
Ryan Howard;2;Larry Cheney;0,8759
Ryan Howard;3;Ray Mack;0,8669
Ryan Howard;4;Jose Trevino;0,865
Ryan Howard;5;Ellie Rodriguez;0,862
Ryan Klesko;1;Dan Kennard;0,9624
Ryan Klesko;2;Jacob deGrom;0,9549
Ryan Klesko;3;Tom Cheney;0,9546
Ryan Klesko;4;Ivan Murrell;0,9459
Ryan Klesko;5;Manny Parra;0,9411
Ryan Langerhans;1;Brad Wellman;0,959
Ryan Langerhans;2;Bob Milacki;0,9325
Ryan Langerhans;3;Justin Grimm;0,9196
Ryan Langerhans;4;Mickey Haefner;0,8903
Ryan Langerhans;5;Mike Bielecki;0,8902
Ryan Lavarnway;1;Rick Leach;0,9828
Ryan Lavarnway;2;Trent Hubbard;0,9502
Ryan Lavarnway;3;Claude Raymond;0,9334
Ryan Lavarnway;4;Tom Glover;0,9275
Ryan Lavarnway;5;Hank Wyse;0,9191
Ryan Ludwick;1;Roger Moret;0,9741
Ryan Ludwick;2;Heath Hembree;0,9668
Ryan Ludwick;3;Randall Delgado;0,9575
Ryan Ludwick;4;Harry Eisenstat;0,9535
Ryan Ludwick;5;Matt Harrison;0,9509
Ryan Madson;1;Paul Assenmacher;0,9982
Ryan Madson;2;Bob Scanlan;0,9879
Ryan Madson;3;Jack Coombs;0,9498
Ryan Madson;4;David Huff;0,9446
Ryan Madson;5;Franklin Morales;0,9425
Ryan McMahon;1;Bill Russell;0,9244
Ryan McMahon;2;Dave McNally;0,9106
Ryan McMahon;3;Antonio Bastardo;0,9064
Ryan McMahon;4;Brad Ziegler;0,9009
Ryan McMahon;5;Hal Morris;0,8998
Ryan O'Hearn;1;Walt Masterson;0,9512
Ryan O'Hearn;2;Jimmy Austin;0,9163
Ryan O'Hearn;3;Pat Moran;0,9152
Ryan O'Hearn;4;Carlos Marmol;0,9118
Ryan O'Hearn;5;Patsy Dougherty;0,9018
Ryan Pressly;1;Bobby Seay;0,9962
Ryan Pressly;2;Wei-Yin Chen;0,9884
Ryan Pressly;3;Steve Farr;0,9639
Ryan Pressly;4;Walter Barbare;0,953
Ryan Pressly;5;Jerry Narron;0,9205
Ryan Raburn;1;Tom Cheney;0,914
Ryan Raburn;2;Conor Gillaspie;0,9134
Ryan Raburn;3;Antonio Osuna;0,8824
Ryan Raburn;4;Steve Sundra;0,8729
Ryan Raburn;5;Scott Baker;0,8617
Ryan Roberts;1;Greg Minton;0,9749
Ryan Roberts;2;Santiago Casilla;0,9736
Ryan Roberts;3;Eddie Joost;0,9708
Ryan Roberts;4;Lon Warneke;0,965
Ryan Roberts;5;Ernie Krueger;0,9625
Ryan Sweeney;1;Jay Howell;0,9326
Ryan Sweeney;2;Mark Guthrie;0,9172
Ryan Sweeney;3;Stan Javier;0,9153
Ryan Sweeney;4;Wade Blasingame;0,9093
Ryan Sweeney;5;Dwight Evans;0,9028
Ryan Tepera;1;Dave Bush;0,9448
Ryan Tepera;2;Kelvim Escobar;0,9384
Ryan Tepera;3;Mark Gardner;0,9382
Ryan Tepera;4;Edinson Volquez;0,9306
Ryan Tepera;5;Calvin Schiraldi;0,9293
Ryan Theriot;1;Duffy Dyer;0,9442
Ryan Theriot;2;Mark Whiten;0,9094
Ryan Theriot;3;Ray Mack;0,9053
Ryan Theriot;4;Mike Macfarlane;0,8993
Ryan Theriot;5;George Brett;0,8983
Ryan Thompson;1;Tim Stoddard;0,9823
Ryan Thompson;2;Victor Robles;0,9657
Ryan Thompson;3;Mark Thurmond;0,9424
Ryan Thompson;4;Wilbur Wood;0,932
Ryan Thompson;5;Angel Pagan;0,9055
Ryan Vogelsong;1;Frank Scheibeck;0,9831
Ryan Vogelsong;2;Paul Zuvella;0,9817
Ryan Vogelsong;3;Taylor Ward;0,9737
Ryan Vogelsong;4;Billy McKinney;0,96
Ryan Vogelsong;5;Tom Williams;0,9501
Ryan Webb;1;William Parks;0,9805
Ryan Webb;2;Bill Krueger;0,97
Ryan Webb;3;Wally Gerber;0,9651
Ryan Webb;4;Doug Allison;0,9638
Ryan Webb;5;Paul Janish;0,9555
Ryan Weber;1;Pat Clements;1,0
Ryan Weber;2;Joe Thatcher;1,0
Ryan Weber;3;Jeremy Accardo;1,0
Ryan Weber;4;Luis Ayala;1,0
Ryan Weber;5;Alan Embree;1,0
Ryan Yarbrough;1;Marco Estrada;1,0
Ryan Yarbrough;2;Wandy Peralta;0,9964
Ryan Yarbrough;3;Edinson Volquez;0,9877
Ryan Yarbrough;4;Chad Qualls;0,9824
Ryan Yarbrough;5;Chuck Cary;0,9659
Ryan Zimmerman;1;Louis Miller;0,9294
Ryan Zimmerman;2;Julio Lugo;0,8345
Ryan Zimmerman;3;Pat Zachry;0,8324
Ryan Zimmerman;4;Aaron Boone;0,8021
Ryan Zimmerman;5;Austin Slater;0,7989
Ryne Duren;1;Dave Otto;0,9629
Ryne Duren;2;Lance Cormier;0,9605
Ryne Duren;3;Duke Cleveland;0,9581
Ryne Duren;4;Don Nottebart;0,9522
Ryne Duren;5;Dick Littlefield;0,9481
Ryne Sandberg;1;Joey Amalfitano;0,8989
Ryne Sandberg;2;Doug Rader;0,8761
Ryne Sandberg;3;Bill Voiselle;0,8676
Ryne Sandberg;4;Xander Bogaerts;0,8565
Ryne Sandberg;5;Bill Lamar;0,8467
Sad Sam Jones;1;Pete Burnside;0,9436
Sad Sam Jones;2;Doc Gessler;0,8681
Sad Sam Jones;3;Ken Holloway;0,8541
Sad Sam Jones;4;Duane Josephson;0,8503
Sad Sam Jones;5;Jim Willoughby;0,8335
Sadie Houck;1;Will White;0,8857
Sadie Houck;2;Matty McIntyre;0,8839
Sadie Houck;3;Mickey Owen;0,8806
Sadie Houck;4;Newt Joseph;0,875
Sadie Houck;5;Tommy Harper;0,8682
Sadie McMahon;1;Marty Cordova;0,9537
Sadie McMahon;2;Randy Knorr;0,9501
Sadie McMahon;3;Chad Fox;0,9481
Sadie McMahon;4;George Sherrill;0,9444
Sadie McMahon;5;Monte Weaver;0,933
Sal Bando;1;Thurman Tucker;0,9159
Sal Bando;2;Dave Campbell;0,9063
Sal Bando;3;Ben Revere;0,8999
Sal Bando;4;Lourdes Gurriel;0,8993
Sal Bando;5;Carlos May;0,8785
Sal Butera;1;Walt Masterson;0,9534
Sal Butera;2;Enos Slaughter;0,9252
Sal Butera;3;Gordon Jones;0,9242
Sal Butera;4;Terry Harper;0,922
Sal Butera;5;Bobby Seay;0,9187
Sal Fasano;1;Steve Busby;0,873
Sal Fasano;2;Jeromy Burnitz;0,8114
Sal Fasano;3;Jesse Bragg;0,7998
Sal Fasano;4;Johnny Lipon;0,795
Sal Fasano;5;Pat Corrales;0,7804
Sal Maglie;1;Bob Elliott;0,9019
Sal Maglie;2;Johnny Hayes;0,8877
Sal Maglie;3;Ruben Jones;0,872
Sal Maglie;4;Al Spangler;0,8692
Sal Maglie;5;Tom House;0,8628
Sal Yvars;1;Matt Mantei;0,98
Sal Yvars;2;George Sherrill;0,9793
Sal Yvars;3;Chad Fox;0,9781
Sal Yvars;4;Chris Zachary;0,9693
Sal Yvars;5;Wayne Garrett;0,9629
Salomon Torres;1;Brian Matusz;1,0
Salomon Torres;2;Dennis Powell;1,0
Salomon Torres;3;Alan Benes;1,0
Salomon Torres;4;Paul Gibson;1,0
Salomon Torres;5;Bert Gallia;0,9977
Salvador Perez;1;Bud Stewart;0,9329
Salvador Perez;2;Sam Dente;0,8996
Salvador Perez;3;Jose Tartabull;0,8991
Salvador Perez;4;Bob Bailey;0,8901
Salvador Perez;5;Bill Cissell;0,8864
Sam Bankhead;1;Chris Martin;0,8773
Sam Bankhead;2;Cory Lidle;0,8742
Sam Bankhead;3;Curt Walker;0,8433
Sam Bankhead;4;Jack Farrell;0,8184
Sam Bankhead;5;Jake Lamb;0,8029
Sam Bennett;1;Philip Gosselin;0,9375
Sam Bennett;2;Pedro Severino;0,9306
Sam Bennett;3;Mike Clevinger;0,9236
Sam Bennett;4;Bill Bayne;0,9086
Sam Bennett;5;Mike Lincoln;0,8644
Sam Chapman;1;Jorge De La Rosa;0,866
Sam Chapman;2;Levi Meyerle;0,8614
Sam Chapman;3;Phil Todt;0,8591
Sam Chapman;4;John Hines;0,858
Sam Chapman;5;Dick Howser;0,8476
Sam Crawford;1;Doug Strange;0,9541
Sam Crawford;2;Josh Bell;0,9451
Sam Crawford;3;Tip O'Neill;0,926
Sam Crawford;4;Eddie Bressoud;0,9223
Sam Crawford;5;Xavier Nady;0,9118
Sam Dente;1;Jody Davis;0,9765
Sam Dente;2;Buck Weaver;0,955
Sam Dente;3;Ossie Bluege;0,9536
Sam Dente;4;Travis Jackson;0,9529
Sam Dente;5;John Denny;0,9489
Sam Fuld;1;Hurley McNair;0,9233
Sam Fuld;2;Eddie Lopat;0,9221
Sam Fuld;3;Chico Fernandez;0,9161
Sam Fuld;4;Hal Wagner;0,907
Sam Fuld;5;Ted Martinez;0,9001
Sam Gray;1;Robert Machado;0,9374
Sam Gray;2;Alex Presley;0,8928
Sam Gray;3;Dixie Davis;0,8795
Sam Gray;4;Greg Gross;0,8615
Sam Gray;5;Tony Fossas;0,8487
Sam Jethroe;1;Charlie Smith;0,9578
Sam Jethroe;2;Ed McKean;0,9069
Sam Jethroe;3;Ed Doheny;0,9042
Sam Jethroe;4;Dee Fondy;0,9005
Sam Jethroe;5;Tim Naehring;0,8983
Sam Jones;1;Shaun Marcum;0,978
Sam Jones;2;Vicente Palacios;0,9674
Sam Jones;3;Terry Mathews;0,9657
Sam Jones;4;Casey Fossum;0,9597
Sam Jones;5;Harold Treadwell;0,9357
Sam Leever;1;Kelly Shoppach;0,9049
Sam Leever;2;Manny Alexander;0,8845
Sam Leever;3;Danny Green;0,8801
Sam Leever;4;Mark Kotsay;0,8786
Sam Leever;5;Herm Winningham;0,8785
Sam Leslie;1;Tyler Houston;0,9535
Sam Leslie;2;Bill Voss;0,9345
Sam Leslie;3;Greg Myers;0,9322
Sam Leslie;4;Tom Gordon;0,9274
Sam Leslie;5;Candy Maldonado;0,9183
Sam McDowell;1;Jeff DaVanon;0,9401
Sam McDowell;2;Brian Daubach;0,8865
Sam McDowell;3;Mike Marshall;0,8861
Sam McDowell;4;Earl Grace;0,8827
Sam McDowell;5;Walker Buehler;0,8389
Sam Mele;1;Dale Berra;0,9229
Sam Mele;2;Rabbit Warstler;0,9056
Sam Mele;3;Eric Owens;0,8984
Sam Mele;4;Scott McGregor;0,8922
Sam Mele;5;Hiram Bocachica;0,8873
Sam Mertes;1;Ducky Holmes;0,9378
Sam Mertes;2;Darryl Kile;0,9298
Sam Mertes;3;Oscar Melillo;0,9297
Sam Mertes;4;Dan Brouthers;0,9197
Sam Mertes;5;Xavier Nady;0,9193
Sam Mongin;1;Horacio Ramirez;0,9278
Sam Mongin;2;George Zuverink;0,9277
Sam Mongin;3;Rodney Scott;0,9195
Sam Mongin;4;Buck Rodgers;0,9087
Sam Mongin;5;Daryle Ward;0,9078
Sam Rice;1;Bill Coughlin;0,9409
Sam Rice;2;Fatty Briody;0,9278
Sam Rice;3;Ollie Pickering;0,9242
Sam Rice;4;Rich Becker;0,9191
Sam Rice;5;Hunter Renfroe;0,9095
Sam Streeter;1;Archie Ware;0,9605
Sam Streeter;2;Jimmy Hill;0,96
Sam Streeter;3;Phil Todt;0,9546
Sam Streeter;4;Taylor Teagarden;0,9545
Sam Streeter;5;Tom Johnson;0,9529
Sam Thompson;1;Mario Diaz;0,9066
Sam Thompson;2;Pedro Feliciano;0,8777
Sam Thompson;3;Doc Farrell;0,8441
Sam Thompson;4;Jose Rijo;0,8263
Sam Thompson;5;Joe Crede;0,8235
Sam Trott;1;Bill Mazeroski;0,9712
Sam Trott;2;Gio Urshela;0,9297
Sam Trott;3;Jack Glasscock;0,9146
Sam Trott;4;Frank Foreman;0,8951
Sam Trott;5;Barry Foote;0,892
Sam West;1;Travis Wood;0,942
Sam West;2;Mike Rivera;0,9385
Sam West;3;Joe Greene;0,9257
Sam West;4;Walter Holke;0,9218
Sam West;5;Gordy Coleman;0,9187
Sam Wise;1;Charlie Grimm;0,9759
Sam Wise;2;Tyler Glasnow;0,9741
Sam Wise;3;Pete Rose;0,9738
Sam Wise;4;Sammy Stewart;0,9737
Sam Wise;5;Jimmy Ryan;0,9729
Sam Zoldak;1;Jim Gantner;0,9874
Sam Zoldak;2;Marty Perez;0,9731
Sam Zoldak;3;Ossee Schrecongost;0,9594
Sam Zoldak;4;Paul O'Neill;0,9553
Sam Zoldak;5;Curtis Pride;0,9534
Sammy Esposito;1;Roy Smith;0,9959
Sammy Esposito;2;Wally Roettger;0,9938
Sammy Esposito;3;Pat Clements;0,9929
Sammy Esposito;4;Will Cunnane;0,9929
Sammy Esposito;5;Ryan Weber;0,9929
Sammy Hale;1;Bill Sweeney;0,9659
Sammy Hale;2;Andre Ethier;0,9585
Sammy Hale;3;Newt Allen;0,9523
Sammy Hale;4;Carl Yastrzemski;0,9507
Sammy Hale;5;Jimmie Wilson;0,9177
Sammy Hughes;1;Rudy Kemmler;0,8757
Sammy Hughes;2;Len Gabrielson;0,8519
Sammy Hughes;3;Bartolo Portuondo;0,8344
Sammy Hughes;4;Sol White;0,8322
Sammy Hughes;5;Carney Lansford;0,831
Sammy Sosa;1;Al Bridwell;0,9311
Sammy Sosa;2;Charlie Dexter;0,8792
Sammy Sosa;3;Johnny Pesky;0,8561
Sammy Sosa;4;Skeeter Webb;0,8278
Sammy Sosa;5;Greg Norton;0,8273
Sammy Stewart;1;Jimmy Hill;0,9884
Sammy Stewart;2;Ed McFarland;0,9861
Sammy Stewart;3;Jimmy Ryan;0,9783
Sammy Stewart;4;Bob Kennedy;0,9773
Sammy Stewart;5;Pete Rose;0,9752
Sammy Strang;1;Jorge Velandia;0,9651
Sammy Strang;2;Jim Jeffries;0,9572
Sammy Strang;3;Ray Morgan;0,953
Sammy Strang;4;Stu Martin;0,9431
Sammy Strang;5;Pepper Daniels;0,9386
Sammy White;1;Butch Hobson;0,9489
Sammy White;2;Kyle Farmer;0,9193
Sammy White;3;Lou Louden;0,9022
Sammy White;4;Joe Birmingham;0,8726
Sammy White;5;Woody Woodward;0,8692
Samuel Byrd;1;Bernard Gilkey;0,9549
Samuel Byrd;2;Jack Pfiester;0,9516
Samuel Byrd;3;Carlos Marmol;0,9436
Samuel Byrd;4;Otis Nixon;0,9358
Samuel Byrd;5;Shorty Fuller;0,9255
Sandy Alcantara;1;J. C. Romero;0,9945
Sandy Alcantara;2;Brian Dozier;0,973
Sandy Alcantara;3;Laynce Nix;0,9634
Sandy Alcantara;4;Max Lanier;0,9621
Sandy Alcantara;5;Carlos Ruiz;0,962
Sandy Alomar;1;Michael Fulmer;0,9288
Sandy Alomar;2;Josh Phegley;0,8895
Sandy Alomar;3;Nick Pivetta;0,872
Sandy Alomar;4;Vladimir Nunez;0,8586
Sandy Alomar;5;Matt Capps;0,8565
Sandy Consuegra;1;Walt Wilmot;0,9357
Sandy Consuegra;2;Harry Staley;0,9319
Sandy Consuegra;3;Mike Stanton;0,9222
Sandy Consuegra;4;Joe Smith;0,9115
Sandy Consuegra;5;John Milligan;0,9064
Sandy Koufax;1;Gordon Rhodes;0,9155
Sandy Koufax;2;Freddy Leach;0,9028
Sandy Koufax;3;Frank Kitson;0,8888
Sandy Koufax;4;Bret Boone;0,8658
Sandy Koufax;5;Gorman Thomas;0,8583
Sandy Leon;1;Luke Scott;0,9543
Sandy Leon;2;Brendan Harris;0,919
Sandy Leon;3;Roman Mejias;0,9173
Sandy Leon;4;Bob Shirley;0,904
Sandy Leon;5;Tom Grieve;0,8993
Sandy Martinez;1;Steve Sax;0,9835
Sandy Martinez;2;Michael Wuertz;0,9654
Sandy Martinez;3;Jose Alvarado;0,9646
Sandy Martinez;4;Rick Aguilera;0,9638
Sandy Martinez;5;Dave Barnhill;0,9548
Sandy Thompson;1;Dick Brown;0,8519
Sandy Thompson;2;Jose Uribe;0,847
Sandy Thompson;3;Lee Thomas;0,8423
Sandy Thompson;4;Pete Fox;0,8373
Sandy Thompson;5;Aaron Harang;0,8105
Sanford Jackson;1;Ron Santo;0,9505
Sanford Jackson;2;Billy McKinney;0,9262
Sanford Jackson;3;T. J. Mathews;0,9249
Sanford Jackson;4;Fritz Buelow;0,9143
Sanford Jackson;5;Jason Giambi;0,9093
Santiago Casilla;1;Ryan Roberts;0,9736
Santiago Casilla;2;Cap Peterson;0,9625
Santiago Casilla;3;Tom Henke;0,9441
Santiago Casilla;4;Bill Plummer;0,9408
Santiago Casilla;5;Omar Daal;0,9403
Sarge Connally;1;Erv Dusak;0,9892
Sarge Connally;2;Bill Evans;0,9667
Sarge Connally;3;Rafael Landestoy;0,9649
Sarge Connally;4;Chuck Hiller;0,962
Sarge Connally;5;Jeffrey Springs;0,9576
Satchel Paige;1;Vean Gregg;0,9682
Satchel Paige;2;Al Holland;0,9527
Satchel Paige;3;Clyde Engle;0,9432
Satchel Paige;4;Bob Chipman;0,9308
Satchel Paige;5;Joe Magrane;0,8951
Saul Rogovin;1;Bill Hands;0,9736
Saul Rogovin;2;Ping Gardner;0,9696
Saul Rogovin;3;Tomo Ohka;0,9669
Saul Rogovin;4;Alex Diaz;0,9647
Saul Rogovin;5;Terry Forster;0,9612
Schoolboy Rowe;1;Preacher Henry;0,96
Schoolboy Rowe;2;Brian Shouse;0,9527
Schoolboy Rowe;3;Todd Coffey;0,9493
Schoolboy Rowe;4;Hank Wyse;0,9345
Schoolboy Rowe;5;Todd Wellemeyer;0,9284
Scot Shields;1;Roy Smith;0,9846
Scot Shields;2;Wally Roettger;0,9732
Scot Shields;3;Joe Koppe;0,9728
Scot Shields;4;Mike Tauchman;0,972
Scot Shields;5;Mike DeJean;0,9716
Scot Thompson;1;Aaron Laffey;0,9885
Scot Thompson;2;Jesse Barfield;0,9819
Scot Thompson;3;Aroldis Chapman;0,9601
Scot Thompson;4;Travis Snider;0,9453
Scot Thompson;5;Tommy Milone;0,9406
Scott Aldred;1;Brian Boehringer;1,0
Scott Aldred;2;Brad Havens;1,0
Scott Aldred;3;Jeff Francis;1,0
Scott Aldred;4;Trevor Hoffman;1,0
Scott Aldred;5;A. J. Minter;1,0
Scott Alexander;1;Eric Milton;0,9712
Scott Alexander;2;Don Carrithers;0,9605
Scott Alexander;3;Derek Dietrich;0,9295
Scott Alexander;4;Marv Grissom;0,9254
Scott Alexander;5;George Strickland;0,9187
Scott Atchison;1;Edwin Diaz;0,9785
Scott Atchison;2;Jimmy Stewart;0,9343
Scott Atchison;3;Joe Boever;0,9302
Scott Atchison;4;Jerry Don Gleaton;0,9249
Scott Atchison;5;Andrew Kittredge;0,9237
Scott Bailes;1;Gary Sanchez;0,9411
Scott Bailes;2;Ruben Sierra;0,9322
Scott Bailes;3;Clyde Sukeforth;0,93
Scott Bailes;4;Danny Hoffman;0,9133
Scott Bailes;5;Aaron Sanchez;0,9078
Scott Baker;1;Tom Cheney;0,9785
Scott Baker;2;Freddy Peralta;0,9567
Scott Baker;3;Antonio Osuna;0,9456
Scott Baker;4;Ivan Murrell;0,9451
Scott Baker;5;Joe Hewitt;0,9422
Scott Bankhead;1;Todd Coffey;0,9869
Scott Bankhead;2;Todd Wellemeyer;0,9838
Scott Bankhead;3;Ricky Bottalico;0,9737
Scott Bankhead;4;Preacher Henry;0,9698
Scott Bankhead;5;Tyler Naquin;0,9592
Scott Barlow;1;Aaron Sele;0,9787
Scott Barlow;2;Alan Trammell;0,9748
Scott Barlow;3;Sean Burnett;0,9719
Scott Barlow;4;Al Lakeman;0,9566
Scott Barlow;5;Matt Stairs;0,9561
Scott Bradley;1;Shanty Hogan;0,9951
Scott Bradley;2;Harry Chiti;0,992
Scott Bradley;3;Chuck McElroy;0,9867
Scott Bradley;4;Johnny Wyrostek;0,986
Scott Bradley;5;Jack Phillips;0,9851
Scott Brosius;1;Ted Martinez;0,9471
Scott Brosius;2;Don Landrum;0,9189
Scott Brosius;3;Damian Jackson;0,8981
Scott Brosius;4;Myles Straw;0,8939
Scott Brosius;5;Juan Carlos Oviedo;0,8896
Scott Downs;1;Dave Otto;0,9202
Scott Downs;2;Scott Sullivan;0,9152
Scott Downs;3;Vic Correll;0,9123
Scott Downs;4;Mark Smith;0,9068
Scott Downs;5;Garrett Cooper;0,9052
Scott Elarton;1;Kevin McReynolds;0,9181
Scott Elarton;2;Francisco Rodriguez;0,9085
Scott Elarton;3;Greasy Neale;0,9056
Scott Elarton;4;Carl Edwards;0,9037
Scott Elarton;5;Spud Chandler;0,9035
Scott Erickson;1;Tatica Campos;0,9671
Scott Erickson;2;Tony Sipp;0,9328
Scott Erickson;3;Damian Jackson;0,9213
Scott Erickson;4;Taylor Douthit;0,9161
Scott Erickson;5;Don Landrum;0,9146
Scott Eyre;1;Erick Fedde;0,9415
Scott Eyre;2;Rawly Eastwick;0,9412
Scott Eyre;3;Casey Patten;0,9294
Scott Eyre;4;Fred Whitfield;0,9291
Scott Eyre;5;Johnny Moore;0,924
Scott Feldman;1;Steve Parris;0,9692
Scott Feldman;2;Ji-Man Choi;0,9666
Scott Feldman;3;Wesley Wright;0,9632
Scott Feldman;4;Brandon Woodruff;0,9427
Scott Feldman;5;Raimel Tapia;0,9214
Scott Fletcher;1;Gil Hatfield;0,862
Scott Fletcher;2;Monte Cross;0,8445
Scott Fletcher;3;Rene Gonzales;0,8401
Scott Fletcher;4;Herb Souell;0,8288
Scott Fletcher;5;Bartolo Portuondo;0,8193
Scott Garrelts;1;Allen Sothoron;0,9193
Scott Garrelts;2;Angel Pagan;0,9027
Scott Garrelts;3;Chris Hoiles;0,9008
Scott Garrelts;4;Marc Hill;0,8948
Scott Garrelts;5;Leroy Stanton;0,8906
Scott Hairston;1;Johnny Estrada;0,9183
Scott Hairston;2;Pedro Ramos;0,8925
Scott Hairston;3;Pete Orr;0,8863
Scott Hairston;4;Luis Torrens;0,8854
Scott Hairston;5;Cecil Upshaw;0,8725
Scott Hatteberg;1;Conor Gillaspie;0,8964
Scott Hatteberg;2;Mike Jeffcoat;0,8933
Scott Hatteberg;3;Juan Agosto;0,8825
Scott Hatteberg;4;Ross Ohlendorf;0,8764
Scott Hatteberg;5;Chuck Taylor;0,865
Scott Kamieniecki;1;Carl Edwards;0,9978
Scott Kamieniecki;2;Bobby Parnell;0,9608
Scott Kamieniecki;3;Justin Grimm;0,948
Scott Kamieniecki;4;Jose Guzman;0,9312
Scott Kamieniecki;5;Terry Whitfield;0,9309
Scott Kazmir;1;Frenchy Bordagaray;0,9205
Scott Kazmir;2;Charles Gipson;0,9125
Scott Kazmir;3;Jerry Terrell;0,8406
Scott Kazmir;4;Joe Lis;0,8327
Scott Kazmir;5;Valentín Dreke;0,8316
Scott Leius;1;Vince Velasquez;0,9502
Scott Leius;2;Vic Correll;0,9501
Scott Leius;3;Pat Burrell;0,9436
Scott Leius;4;Alex Diaz;0,9423
Scott Leius;5;Chili Davis;0,9346
Scott Linebrink;1;Alfredo Simon;0,9641
Scott Linebrink;2;Chris Zachary;0,9503
Scott Linebrink;3;Josh Phelps;0,9229
Scott Linebrink;4;Doug McWeeny;0,9069
Scott Linebrink;5;Tom House;0,8926
Scott Livingstone;1;Dave Veres;0,9399
Scott Livingstone;2;Chris James;0,9389
Scott Livingstone;3;Chuck Diering;0,8994
Scott Livingstone;4;Hilton Smith;0,8815
Scott Livingstone;5;Dock Ellis;0,8802
Scott McGregor;1;Hiram Bocachica;0,9148
Scott McGregor;2;Al Spohrer;0,9107
Scott McGregor;3;Nick Strincevich;0,907
Scott McGregor;4;Sam Mele;0,8922
Scott McGregor;5;Eric Owens;0,8787
Scott Podsednik;1;Ted Simmons;0,9149
Scott Podsednik;2;Doc Gessler;0,9129
Scott Podsednik;3;Ernie Krueger;0,9121
Scott Podsednik;4;Don Carman;0,9068
Scott Podsednik;5;Luke Walker;0,9063
Scott Radinsky;1;Gary Lucas;0,9992
Scott Radinsky;2;Todd Frohwirth;0,9369
Scott Radinsky;3;Bob Miller;0,9354
Scott Radinsky;4;Herman Bell;0,9059
Scott Radinsky;5;Preston Ward;0,9047
Scott Rolen;1;Billy McKinney;0,9613
Scott Rolen;2;Frank Wills;0,9563
Scott Rolen;3;Charlie Dexter;0,9446
Scott Rolen;4;Bill Sweeney;0,9399
Scott Rolen;5;Bob Harmon;0,9335
Scott Sanderson;1;Sherman Barton;0,942
Scott Sanderson;2;Andy Allanson;0,935
Scott Sanderson;3;Randy Choate;0,9197
Scott Sanderson;4;Daniel Bard;0,8954
Scott Sanderson;5;Jim Pendleton;0,8796
Scott Schoeneweis;1;Dallas Green;0,9475
Scott Schoeneweis;2;Johnny Davis;0,946
Scott Schoeneweis;3;Max Manning;0,9241
Scott Schoeneweis;4;Tyler Kinley;0,9221
Scott Schoeneweis;5;Brad Havens;0,9205
Scott Servais;1;Danny Jansen;0,9364
Scott Servais;2;Casey Cox;0,9088
Scott Servais;3;Deivi Cruz;0,8846
Scott Servais;4;Biff Pocoroba;0,8837
Scott Servais;5;Vladimir Nunez;0,8719
Scott Service;1;Jonathan Sanchez;0,9918
Scott Service;2;Carmen Hill;0,9816
Scott Service;3;Rawly Eastwick;0,9625
Scott Service;4;Erick Fedde;0,9593
Scott Service;5;Kerry Wood;0,9544
Scott Spiezio;1;Tom Jones;0,9916
Scott Spiezio;2;Tom Johnson;0,987
Scott Spiezio;3;Pat Clements;0,9868
Scott Spiezio;4;Will Cunnane;0,9868
Scott Spiezio;5;Jeremy Accardo;0,9868
Scott Stratton;1;Jerry Moses;0,9583
Scott Stratton;2;Ed Glynn;0,9411
Scott Stratton;3;Luis Gomez;0,9404
Scott Stratton;4;Johnny Mostil;0,9318
Scott Stratton;5;Jesus Colome;0,9274
Scott Sullivan;1;Dave Leiper;0,9421
Scott Sullivan;2;Mark Smith;0,9418
Scott Sullivan;3;Vic Correll;0,9401
Scott Sullivan;4;Joel Pineiro;0,9283
Scott Sullivan;5;Scott Downs;0,9152
Scott Williamson;1;Bill Krueger;0,9632
Scott Williamson;2;Mike Griffin;0,9582
Scott Williamson;3;Mike Moustakas;0,9457
Scott Williamson;4;Stuffy Stewart;0,9417
Scott Williamson;5;Ryan Webb;0,9347
Script Lee;1;Earl Williams;0,9608
Script Lee;2;Luis Melendez;0,9417
Script Lee;3;Junior Ortiz;0,9287
Script Lee;4;Wil Ledezma;0,9235
Script Lee;5;Win Mercer;0,9123
Sean Bergman;1;Red Wilson;0,9692
Sean Bergman;2;Mike MacDougal;0,9519
Sean Bergman;3;Doug Mirabelli;0,9405
Sean Bergman;4;Red Donahue;0,9389
Sean Bergman;5;Guillermo Mota;0,9247
Sean Berry;1;Bob Priddy;0,9264
Sean Berry;2;Jose Rijo;0,8574
Sean Berry;3;Joe Beggs;0,8542
Sean Berry;4;Jim Slaton;0,8497
Sean Berry;5;Steve Rogers;0,8435
Sean Burnett;1;Brad Komminsk;0,9866
Sean Burnett;2;John Wockenfuss;0,9861
Sean Burnett;3;Aaron Sele;0,9861
Sean Burnett;4;Alan Trammell;0,9831
Sean Burnett;5;Doug Brocail;0,9806
Sean Casey;1;Fred Hatfield;0,9109
Sean Casey;2;Pat Sheridan;0,9016
Sean Casey;3;Dick Rudolph;0,8997
Sean Casey;4;Frank Demaree;0,8824
Sean Casey;5;Steve Stone;0,839
Sean Doolittle;1;Blake Parker;1,0
Sean Doolittle;2;Pat Clements;1,0
Sean Doolittle;3;Jon Rauch;1,0
Sean Doolittle;4;Joe Thatcher;1,0
Sean Doolittle;5;Will Cunnane;1,0
Sean Manaea;1;Joe Magrane;0,9594
Sean Manaea;2;Zollie Wright;0,9458
Sean Manaea;3;Clyde Engle;0,9361
Sean Manaea;4;Gene Richards;0,9247
Sean Manaea;5;Pete Whisenant;0,9206
Sean Marshall;1;Wayne Carr;0,9553
Sean Marshall;2;Joe Morgan;0,9473
Sean Marshall;3;Jeff Huson;0,9176
Sean Marshall;4;Jim Hannan;0,9043
Sean Marshall;5;Harry Smith;0,8972
Sean Newcomb;1;Eddie Collins;0,9878
Sean Newcomb;2;Pop Smith;0,9632
Sean Newcomb;3;Gene Stephens;0,9618
Sean Newcomb;4;Emilio Bonifacio;0,9566
Sean Newcomb;5;Jacob Barnes;0,9563
Sean Rodriguez;1;Chad Fox;0,9478
Sean Rodriguez;2;George Sherrill;0,9455
Sean Rodriguez;3;Johnny Davis;0,9381
Sean Rodriguez;4;Jo-Jo White;0,9289
Sean Rodriguez;5;Sal Yvars;0,9209
Sergio Mitre;1;Kevin Gregg;0,9777
Sergio Mitre;2;Vida Blue;0,9268
Sergio Mitre;3;Tyler Houston;0,9208
Sergio Mitre;4;Bob Knepper;0,9186
Sergio Mitre;5;Martin Perez;0,9174
Sergio Romo;1;Aaron Fultz;1,0
Sergio Romo;2;Leniel Hooker;1,0
Sergio Romo;3;Brian Dorsett;1,0
Sergio Romo;4;Jerry Walker;1,0
Sergio Romo;5;Larry Casian;1,0
Seth Lugo;1;Jeff Brantley;0,9989
Seth Lugo;2;Carlos Villanueva;0,9815
Seth Lugo;3;Ross Ohlendorf;0,9592
Seth Lugo;4;Jack Warhop;0,946
Seth Lugo;5;Jeurys Familia;0,9447
Seth Smith;1;Dave Hillman;0,926
Seth Smith;2;Eric Munson;0,9037
Seth Smith;3;Pete Runnels;0,8807
Seth Smith;4;Dontrelle Willis;0,8803
Seth Smith;5;Bob Kuzava;0,8665
Shane Bieber;1;Sterling Hitchcock;0,982
Shane Bieber;2;John Morris;0,9659
Shane Bieber;3;Gary Bennett;0,9357
Shane Bieber;4;George Brunet;0,9278
Shane Bieber;5;Freddy Sanchez;0,9265
Shane Greene;1;Todd Pratt;0,9175
Shane Greene;2;Jesse Burkett;0,908
Shane Greene;3;George Metkovich;0,9076
Shane Greene;4;Doug Glanville;0,9068
Shane Greene;5;Gus Weyhing;0,9033
Shane Mack;1;Ricky Jordan;0,8901
Shane Mack;2;Manuel Villa;0,8833
Shane Mack;3;Amos Rusie;0,8746
Shane Mack;4;John Corkhill;0,8691
Shane Mack;5;Jerry Terrell;0,8633
Shane Rawley;1;Trent Hubbard;0,8821
Shane Rawley;2;Mark Grant;0,8803
Shane Rawley;3;Luke Weaver;0,8782
Shane Rawley;4;Tim Hosley;0,87
Shane Rawley;5;Joey Wendle;0,864
Shane Reynolds;1;Dave Rosello;0,9636
Shane Reynolds;2;Michael Taylor;0,9397
Shane Reynolds;3;Carlos Hernandez;0,9274
Shane Reynolds;4;Larry Jansen;0,9127
Shane Reynolds;5;Charlie Hargreaves;0,9068
Shane Robinson;1;Jay Payton;0,9393
Shane Robinson;2;Danny McClellan;0,9354
Shane Robinson;3;Ed Reulbach;0,9315
Shane Robinson;4;Justin Wilson;0,9283
Shane Robinson;5;Randall Delgado;0,9257
Shane Victorino;1;Michael Bourn;0,9249
Shane Victorino;2;Erik Hanson;0,923
Shane Victorino;3;Willie Hernandez;0,9156
Shane Victorino;4;Cy Morgan;0,902
Shane Victorino;5;Ted Lilly;0,8796
Shannon Stewart;1;Brian Matusz;0,984
Shannon Stewart;2;Dennis Powell;0,984
Shannon Stewart;3;Paul Gibson;0,984
Shannon Stewart;4;Alan Benes;0,984
Shannon Stewart;5;Adrian Gonzalez;0,9832
Shano Collins;1;Togie Pittinger;0,9025
Shano Collins;2;Paul Erickson;0,8839
Shano Collins;3;Tito Fuentes;0,8691
Shano Collins;4;Ed Vosberg;0,8473
Shano Collins;5;Rob Mackowiak;0,8408
Shanty Hogan;1;Scott Bradley;0,9951
Shanty Hogan;2;Earl Battey;0,99
Shanty Hogan;3;Welington Castillo;0,9874
Shanty Hogan;4;Murry Dickson;0,9871
Shanty Hogan;5;Brian Matusz;0,9867
Shaun Marcum;1;Jesse Orosco;0,9937
Shaun Marcum;2;Vicente Palacios;0,9881
Shaun Marcum;3;Terry Mathews;0,9863
Shaun Marcum;4;Willie McCovey;0,9846
Shaun Marcum;5;Casey Fossum;0,9799
Shawn Armstrong;1;Mike Perez;0,9998
Shawn Armstrong;2;Jimmy Jones;0,9908
Shawn Armstrong;3;Vladimir Nunez;0,9721
Shawn Armstrong;4;Terry Crowley;0,9707
Shawn Armstrong;5;Joel Peralta;0,9689
Shawn Boskie;1;Mario Mendoza;0,9803
Shawn Boskie;2;Peter Moylan;0,9577
Shawn Boskie;3;Warren Brusstar;0,9532
Shawn Boskie;4;Bill Tuttle;0,9439
Shawn Boskie;5;Eddie Smith;0,9359
Shawn Camp;1;Mark Thurmond;0,9691
Shawn Camp;2;George Boehler;0,955
Shawn Camp;3;Greg Colbrunn;0,913
Shawn Camp;4;Hawk Taylor;0,9048
Shawn Camp;5;Johnny Markham;0,8877
Shawn Chacon;1;Mark Redman;0,9572
Shawn Chacon;2;Freddy Galvis;0,9287
Shawn Chacon;3;Rich Dauer;0,9257
Shawn Chacon;4;Tim Corcoran;0,9194
Shawn Chacon;5;Bill Terry;0,9191
Shawn Estes;1;Buster Haywood;0,9415
Shawn Estes;2;Joe Glenn;0,9251
Shawn Estes;3;Cliff Floyd;0,9042
Shawn Estes;4;Yorkis Perez;0,8962
Shawn Estes;5;Matt LeCroy;0,8956
Shawn Green;1;Armando Reynoso;0,8493
Shawn Green;2;J. R. Richard;0,8479
Shawn Green;3;Porter Moss;0,8441
Shawn Green;4;Mike Davis;0,8261
Shawn Green;5;Erik Hanson;0,8257
Shawn Kelley;1;Joe Beggs;0,9996
Shawn Kelley;2;Carlos Reyes;0,9686
Shawn Kelley;3;Tim Mayza;0,9686
Shawn Kelley;4;Noe Ramirez;0,9596
Shawn Kelley;5;Curt Young;0,9586
Shawon Dunston;1;Art Shamsky;0,9031
Shawon Dunston;2;Dick Higham;0,8996
Shawon Dunston;3;Stu Martin;0,8983
Shawon Dunston;4;Bud Stewart;0,8921
Shawon Dunston;5;Tim Donahue;0,8898
Shelby Miller;1;Ken Ryan;0,9648
Shelby Miller;2;Daisuke Matsuzaka;0,9641
Shelby Miller;3;Herman Bell;0,9456
Shelby Miller;4;Hyun Jin Ryu;0,9419
Shelby Miller;5;Drew Storen;0,9301
Sheldon Jones;1;Marty Pattin;0,9387
Sheldon Jones;2;Freddie Patek;0,9108
Sheldon Jones;3;Ted Lyons;0,9064
Sheldon Jones;4;Javier Valentin;0,9023
Sheldon Jones;5;Dick Bosman;0,8949
Sheriff Blake;1;Mike Lincoln;0,8843
Sheriff Blake;2;Bill Buckner;0,8636
Sheriff Blake;3;Joe Simpson;0,8624
Sheriff Blake;4;Philip Gosselin;0,8615
Sheriff Blake;5;Dwight Smith;0,8563
Sherm Lollar;1;Patrick Gillespie;0,9101
Sherm Lollar;2;Greg Cadaret;0,9084
Sherm Lollar;3;Sandy Martinez;0,8862
Sherm Lollar;4;Gil Hatfield;0,8802
Sherm Lollar;5;Jake Stenzel;0,8737
Sherman Barton;1;Dallas Keuchel;0,9668
Sherman Barton;2;Jim Donnelly;0,9617
Sherman Barton;3;Randy Choate;0,9464
Sherman Barton;4;Scott Sanderson;0,942
Sherman Barton;5;Bob Tillman;0,9298
Sherry Magee;1;Nippy Jones;0,9766
Sherry Magee;2;Garrett Hampson;0,9748
Sherry Magee;3;Morgan Ensberg;0,9688
Sherry Magee;4;Byron Browne;0,9688
Sherry Magee;5;Karl Drews;0,9685
Sherry Robertson;1;Ray Moore;0,986
Sherry Robertson;2;Bip Roberts;0,9848
Sherry Robertson;3;Welington Castillo;0,9822
Sherry Robertson;4;Curtis Pride;0,9795
Sherry Robertson;5;Howie Reed;0,9791
Sherry Smith;1;Gabby Street;0,9059
Sherry Smith;2;Bill Pecota;0,8926
Sherry Smith;3;Rich Gossage;0,875
Sherry Smith;4;Charlie Bastian;0,8708
Sherry Smith;5;Malvin Powell;0,8582
Shigetoshi Hasegawa;1;Tommy Kahnle;0,9691
Shigetoshi Hasegawa;2;Andrew Kittredge;0,9527
Shigetoshi Hasegawa;3;Art Fowler;0,9307
Shigetoshi Hasegawa;4;Rod Scurry;0,9117
Shigetoshi Hasegawa;5;Dwayne Henry;0,8886
Shin-Soo Choo;1;Nick Martinez;0,9886
Shin-Soo Choo;2;Earl Grace;0,9339
Shin-Soo Choo;3;Raimel Tapia;0,9001
Shin-Soo Choo;4;Mike Young;0,8969
Shin-Soo Choo;5;Kevin Plawecki;0,8928
Shoeless Joe Jackson;1;Adam Jones;0,9656
Shoeless Joe Jackson;2;Billy Cox;0,9593
Shoeless Joe Jackson;3;Rob Brantly;0,9436
Shoeless Joe Jackson;4;Frank Scheibeck;0,9423
Shoeless Joe Jackson;5;Al Martin;0,9374
Shorty Fuller;1;Samuel Byrd;0,9255
Shorty Fuller;2;Eric Haase;0,9112
Shorty Fuller;3;Grant Jackson;0,9094
Shorty Fuller;4;Don Zimmer;0,8974
Shorty Fuller;5;Garrett Atkins;0,882
Si Johnson;1;Matt Andriese;0,9532
Si Johnson;2;Kerry Ligtenberg;0,9136
Si Johnson;3;Jose Gonzalez;0,8905
Si Johnson;4;Juan Rincon;0,8799
Si Johnson;5;Ron Robinson;0,8665
Sibby Sisti;1;Jose Lind;0,9455
Sibby Sisti;2;Porter Moss;0,9188
Sibby Sisti;3;Chick Galloway;0,9043
Sibby Sisti;4;Tom Ferrick;0,8774
Sibby Sisti;5;Bobby Jones;0,8543
Sid Bream;1;Ross Gload;0,8794
Sid Bream;2;George Suggs;0,8755
Sid Bream;3;Jake Gibbs;0,8645
Sid Bream;4;Tim Teufel;0,8541
Sid Bream;5;Troy O'Leary;0,848
Sid Farrar;1;Art Howe;0,9658
Sid Farrar;2;Miles Mikolas;0,9629
Sid Farrar;3;Dave McKay;0,9498
Sid Farrar;4;Dick Johnston;0,9469
Sid Farrar;5;Kevin Bass;0,9437
Sid Fernandez;1;Juan Carlos Oviedo;0,9458
Sid Fernandez;2;Don Nottebart;0,9255
Sid Fernandez;3;Julian Javier;0,9184
Sid Fernandez;4;Jose Lima;0,9169
Sid Fernandez;5;Joaquin Arias;0,9164
Sid Gordon;1;Bert Haas;0,9506
Sid Gordon;2;Bill Stoneman;0,9364
Sid Gordon;3;J. P. Crawford;0,9294
Sid Gordon;4;Pearl Webster;0,9246
Sid Gordon;5;Dave Shean;0,9229
Sid Hudson;1;Buck Crouse;0,8809
Sid Hudson;2;Dick Buckley;0,8633
Sid Hudson;3;Aaron Judge;0,85
Sid Hudson;4;Rafael Figarola;0,8436
Sid Hudson;5;Doug Strange;0,8431
Sid Monge;1;Trevor May;0,9291
Sid Monge;2;Brady Clark;0,9081
Sid Monge;3;Mike McGeary;0,9065
Sid Monge;4;Travis Lee;0,8913
Sid Monge;5;Doug Flynn;0,8842
Sidney Ponson;1;Don Wert;0,9038
Sidney Ponson;2;Andres Torres;0,8832
Sidney Ponson;3;Bobby Knoop;0,8692
Sidney Ponson;4;Joe Magrane;0,8654
Sidney Ponson;5;Pedro Strop;0,8647
Silver Flint;1;Johnny Niggeling;0,9502
Silver Flint;2;Felix Heredia;0,9237
Silver Flint;3;Jose Lopez;0,9214
Silver Flint;4;Steve McCatty;0,9147
Silver Flint;5;Jamey Carroll;0,9024
Silver King;1;Buck Freeman;0,9608
Silver King;2;John O'Donoghue;0,9368
Silver King;3;Bill Killefer;0,9272
Silver King;4;Mark Ellis;0,9266
Silver King;5;Jim Fregosi;0,9265
Sixto Lezcano;1;Slim Harriss;0,9331
Sixto Lezcano;2;Johnny Rigney;0,9299
Sixto Lezcano;3;Kevin Newman;0,9083
Sixto Lezcano;4;Tommy Clarke;0,8802
Sixto Lezcano;5;Raul Casanova;0,8347
Skeeter Newsome;1;Nick Green;0,892
Skeeter Newsome;2;Tommy Butts;0,884
Skeeter Newsome;3;Bob Grim;0,8684
Skeeter Newsome;4;Mike Zunino;0,8208
Skeeter Newsome;5;Jose Guillen;0,8205
Skeeter Webb;1;Willard Nixon;0,9414
Skeeter Webb;2;Obie Lackey;0,9195
Skeeter Webb;3;Ozzie Albies;0,906
Skeeter Webb;4;Vic Wertz;0,8848
Skeeter Webb;5;Rafael Devers;0,8816
Skip Lockwood;1;Johnny Morrison;0,9705
Skip Lockwood;2;David Huff;0,9662
Skip Lockwood;3;Mark Knudson;0,966
Skip Lockwood;4;Dave Otto;0,9635
Skip Lockwood;5;Edgar Gonzalez;0,9606
Skip Schumaker;1;Neal Heaton;0,949
Skip Schumaker;2;Bob Dernier;0,9113
Skip Schumaker;3;Hawk Taylor;0,8976
Skip Schumaker;4;Elmer Valo;0,8939
Skip Schumaker;5;Lance Richbourg;0,8807
Slim Harriss;1;Tommy Clarke;0,9468
Slim Harriss;2;Sixto Lezcano;0,9331
Slim Harriss;3;Bob Rhoads;0,9225
Slim Harriss;4;Nick Esasky;0,9186
Slim Harriss;5;Jim Whitney;0,9007
Slim Sallee;1;Sam Fuld;0,8615
Slim Sallee;2;Adam Eaton;0,8352
Slim Sallee;3;Jerry McNertney;0,8213
Slim Sallee;4;Claude Johnson;0,821
Slim Sallee;5;Rick Wilkins;0,8054
Smoky Burgess;1;Dave Boswell;0,874
Smoky Burgess;2;Jurickson Profar;0,867
Smoky Burgess;3;Tully Sparks;0,8653
Smoky Burgess;4;Lou Collier;0,8645
Smoky Burgess;5;Joe Jimenez;0,8632
Smoky Joe Wood;1;Socks Seibold;0,9383
Smoky Joe Wood;2;Doug Glanville;0,9307
Smoky Joe Wood;3;Yandy Diaz;0,9286
Smoky Joe Wood;4;Ken Silvestri;0,9255
Smoky Joe Wood;5;Harry Rice;0,9218
Snuffy Stirnweiss;1;Bart Johnson;0,9511
Snuffy Stirnweiss;2;Doc Wiley;0,9467
Snuffy Stirnweiss;3;Heinie Zimmerman;0,9435
Snuffy Stirnweiss;4;Mark Grace;0,9391
Snuffy Stirnweiss;5;Bud Daley;0,9365
So Taguchi;1;Jake Wade;0,9844
So Taguchi;2;Fred Brickell;0,9551
So Taguchi;3;Nip Winters;0,951
So Taguchi;4;Chad Bradford;0,9502
So Taguchi;5;Greg Walker;0,931
Socks Seibold;1;Al Todd;0,9922
Socks Seibold;2;Trevor Bauer;0,9913
Socks Seibold;3;Ownie Carroll;0,9904
Socks Seibold;4;Elmer Myers;0,9849
Socks Seibold;5;Bullet Joe Bush;0,9841
Socks Seybold;1;Billy Holland;0,9287
Socks Seybold;2;Chris Haney;0,9238
Socks Seybold;3;Floyd Robinson;0,9236
Socks Seybold;4;Alex Colome;0,9087
Socks Seybold;5;Kyle Lohse;0,8948
Sol White;1;Terry Kennedy;0,9046
Sol White;2;Mike Bielecki;0,9013
Sol White;3;Darren O'Day;0,8962
Sol White;4;Herb Pennock;0,8761
Sol White;5;Jed Lowrie;0,8732
Solly Hemus;1;Mike Felder;0,8542
Solly Hemus;2;Adolfo Phillips;0,8337
Solly Hemus;3;Joe Christopher;0,8206
Solly Hemus;4;Big Bill Smith;0,8191
Solly Hemus;5;Bubba Phillips;0,7977
Solly Hofman;1;Doug Glanville;0,9612
Solly Hofman;2;Bobby Estalella;0,9489
Solly Hofman;3;Joe Lis;0,9235
Solly Hofman;4;Emmet Heidrick;0,9156
Solly Hofman;5;Ray Morgan;0,9141
Sonny Gray;1;Chris Owings;0,8648
Sonny Gray;2;Andy Fox;0,8195
Sonny Gray;3;Jim Presley;0,8137
Sonny Gray;4;Marcell Ozuna;0,8097
Sonny Gray;5;Claude Johnson;0,7954
Sonny Jackson;1;Ildemaro Vargas;0,9789
Sonny Jackson;2;Bob Brenly;0,9602
Sonny Jackson;3;Jack Clements;0,9577
Sonny Jackson;4;Willie Calhoun;0,9557
Sonny Jackson;5;Frank Scheibeck;0,9552
Sonny Siebert;1;Zach McAllister;0,9739
Sonny Siebert;2;Dave Campbell;0,9409
Sonny Siebert;3;Doc Medich;0,9408
Sonny Siebert;4;Pedro Florimon;0,9235
Sonny Siebert;5;Lance McCullers;0,91
Sparky Adams;1;Nick Esasky;0,9786
Sparky Adams;2;Bill Kuehne;0,9404
Sparky Adams;3;Bob Rhoads;0,9056
Sparky Adams;4;Sid Farrar;0,8816
Sparky Adams;5;Jesse Levis;0,8531
Sparky Lyle;1;Charlie Puleo;0,9296
Sparky Lyle;2;Gregory Polanco;0,9232
Sparky Lyle;3;Bill Voiselle;0,897
Sparky Lyle;4;Tom Buskey;0,8903
Sparky Lyle;5;Ron Kittle;0,8878
Spec Shea;1;Neil Robinson;0,967
Spec Shea;2;Al Holland;0,9577
Spec Shea;3;Ron Coomer;0,9527
Spec Shea;4;Patrick Corbin;0,9311
Spec Shea;5;Bob Chipman;0,929
Spike Owen;1;Ed Andrews;0,9774
Spike Owen;2;Buck Ross;0,8949
Spike Owen;3;Red Kleinow;0,894
Spike Owen;4;Doug Griffin;0,872
Spike Owen;5;Jeff Frye;0,856
Spoon Carter;1;Juan Acevedo;0,9079
Spoon Carter;2;Terry Harper;0,8725
Spoon Carter;3;Red Schoendienst;0,8719
Spoon Carter;4;Matt Holliday;0,8682
Spoon Carter;5;Bill Doak;0,8665
Spottswood Poles;1;Charley Smith;0,9039
Spottswood Poles;2;Lou Dials;0,8599
Spottswood Poles;3;Don Carrithers;0,8574
Spottswood Poles;4;Derek Dietrich;0,8432
Spottswood Poles;5;Ed Spiezio;0,8417
Spud Chandler;1;Mark Petkovsek;0,9249
Spud Chandler;2;Scott Elarton;0,9035
Spud Chandler;3;Willie Powell;0,8835
Spud Chandler;4;Bill Lohrman;0,8798
Spud Chandler;5;Alex Carrasquel;0,8758
Stan Bahnsen;1;Mike Epstein;0,9108
Stan Bahnsen;2;Mike Kahoe;0,9081
Stan Bahnsen;3;Taylor Douthit;0,9053
Stan Bahnsen;4;Prince Fielder;0,897
Stan Bahnsen;5;Johnny Bench;0,891
Stan Belinda;1;Randy St. Claire;1,0
Stan Belinda;2;Eric Gunderson;1,0
Stan Belinda;3;Fernando Salas;1,0
Stan Belinda;4;Will Harris;1,0
Stan Belinda;5;Giovanni Carrara;1,0
Stan Coveleski;1;Tom Jones;0,9813
Stan Coveleski;2;Ownie Carroll;0,9811
Stan Coveleski;3;Travis Wood;0,9757
Stan Coveleski;4;Al Todd;0,9751
Stan Coveleski;5;Tom Johnson;0,974
Stan Hack;1;Jack Pfiester;0,9458
Stan Hack;2;Eric Haase;0,9416
Stan Hack;3;Garrett Atkins;0,9219
Stan Hack;4;Kelly Gruber;0,9213
Stan Hack;5;Rodney Scott;0,9073
Stan Javier;1;Ryan Sweeney;0,9153
Stan Javier;2;Don Lee;0,8833
Stan Javier;3;Mike Smithson;0,8622
Stan Javier;4;Jose Guzman;0,8499
Stan Javier;5;Johnny Smith;0,8387
Stan Lopata;1;Tanner Scott;0,9565
Stan Lopata;2;Luis Melendez;0,9372
Stan Lopata;3;Earl Williams;0,9202
Stan Lopata;4;Alfredo Amezaga;0,903
Stan Lopata;5;Bill Lamar;0,901
Stan Musial;1;Mike Epstein;0,9407
Stan Musial;2;Joe Spencer;0,926
Stan Musial;3;Glen Hobbie;0,9101
Stan Musial;4;Carl Morton;0,8753
Stan Musial;5;Michael Conforto;0,8576
Stan Spence;1;Fred Norman;0,9053
Stan Spence;2;Steve Jeltz;0,9013
Stan Spence;3;Heinie Mueller;0,8938
Stan Spence;4;Lance Richbourg;0,8871
Stan Spence;5;Keith Moreland;0,8865
Stan Williams;1;D. J. Carrasco;0,9483
Stan Williams;2;Fred Carisch;0,9156
Stan Williams;3;Paul Blackburn;0,8813
Stan Williams;4;Ruben Jones;0,8407
Stan Williams;5;Todd Williams;0,8392
Starlin Castro;1;Al Myers;0,9332
Starlin Castro;2;Ambrose Reid;0,9269
Starlin Castro;3;Yandy Diaz;0,9229
Starlin Castro;4;Gene Baker;0,9225
Starlin Castro;5;Danys Baez;0,9144
Starling Marte;1;Art Howe;0,9624
Starling Marte;2;Joe Gerhardt;0,9552
Starling Marte;3;Glenn Myatt;0,9464
Starling Marte;4;Logan Morrison;0,9382
Starling Marte;5;Dave Orr;0,9373
Steel Arm Davis;1;Saul Rogovin;0,921
Steel Arm Davis;2;Vince Velasquez;0,9197
Steel Arm Davis;3;Scott Leius;0,911
Steel Arm Davis;4;Alex Diaz;0,9001
Steel Arm Davis;5;Al Holland;0,8978
Stephen Drew;1;Bill Pecota;0,8887
Stephen Drew;2;Gabby Street;0,8866
Stephen Drew;3;Russ Morman;0,873
Stephen Drew;4;Tom Buskey;0,8714
Stephen Drew;5;Cherokee Fisher;0,8584
Stephen Piscotty;1;Pop Snyder;0,9716
Stephen Piscotty;2;Matt Boyd;0,9642
Stephen Piscotty;3;Dave Foutz;0,9605
Stephen Piscotty;4;Don Mincher;0,9451
Stephen Piscotty;5;Henry Larkin;0,9446
Stephen Strasburg;1;Jack Hamilton;0,9305
Stephen Strasburg;2;Otis Starks;0,9234
Stephen Strasburg;3;Mike Fitzgerald;0,8947
Stephen Strasburg;4;Ed Taubensee;0,88
Stephen Strasburg;5;Ed McKean;0,8603
Stephen Vogt;1;Eric Rasmussen;0,9638
Stephen Vogt;2;Xavier Cedeno;0,9405
Stephen Vogt;3;Cam Carreon;0,9211
Stephen Vogt;4;Rusty Meacham;0,9155
Stephen Vogt;5;Orlando Mercado;0,9111
Sterling Hitchcock;1;Shane Bieber;0,982
Sterling Hitchcock;2;John Morris;0,9535
Sterling Hitchcock;3;Michael Wuertz;0,9298
Sterling Hitchcock;4;Jose Alvarado;0,9107
Sterling Hitchcock;5;Rick Aguilera;0,9105
Steve Avery;1;Vic Aldridge;0,9014
Steve Avery;2;Fred Brickell;0,8837
Steve Avery;3;Jakob Junis;0,8757
Steve Avery;4;Ryan Flaherty;0,8643
Steve Avery;5;Alex Ferguson;0,8634
Steve Balboni;1;Steve Nicosia;0,925
Steve Balboni;2;Brook Fordyce;0,885
Steve Balboni;3;Billy Williams;0,8818
Steve Balboni;4;Rocky Colavito;0,8641
Steve Balboni;5;Bengie Molina;0,8627
Steve Barber;1;Chuck Klein;0,9831
Steve Barber;2;Red Schoendienst;0,982
Steve Barber;3;Willie Jones;0,9796
Steve Barber;4;Dave Stieb;0,9686
Steve Barber;5;Bill Doak;0,9679
Steve Bedrosian;1;Matt Andriese;0,997
Steve Bedrosian;2;Don Elston;0,9789
Steve Bedrosian;3;William Webster;0,9581
Steve Bedrosian;4;Alejandro Oms;0,921
Steve Bedrosian;5;Carl Furillo;0,9198
Steve Bilko;1;Milt May;0,9191
Steve Bilko;2;Chaney White;0,8569
Steve Bilko;3;Derek Dietrich;0,8458
Steve Bilko;4;Curt Flood;0,8426
Steve Bilko;5;Patsy Donovan;0,8414
Steve Blass;1;John Henry Russell;0,9263
Steve Blass;2;George Crowe;0,9099
Steve Blass;3;Bob Watson;0,9055
Steve Blass;4;Hank Majeski;0,9048
Steve Blass;5;Ed Heusser;0,9016
Steve Braun;1;George Caster;0,9366
Steve Braun;2;Billy Johnson;0,9342
Steve Braun;3;Kris Bryant;0,9157
Steve Braun;4;Kurt Abbott;0,8987
Steve Braun;5;Dave Goltz;0,8744
Steve Brodie;1;Dave Engle;0,9071
Steve Brodie;2;Billy Horne;0,8755
Steve Brodie;3;Patsy Gharrity;0,854
Steve Brodie;4;Jimmy Barrett;0,8489
Steve Brodie;5;Roger Maris;0,841
Steve Brye;1;Bobby Castillo;0,9694
Steve Brye;2;Craig Stammen;0,9237
Steve Brye;3;Jason Kubel;0,921
Steve Brye;4;Bill Stoneman;0,9097
Steve Brye;5;Don Carman;0,9042
Steve Buechele;1;Jimmy Brown;0,8878
Steve Buechele;2;Jim Lindsey;0,8485
Steve Buechele;3;Bernie Carbo;0,8463
Steve Buechele;4;Dave Roberts;0,8162
Steve Buechele;5;Cliff Pennington;0,8153
Steve Busby;1;Jorge Soler;0,9169
Steve Busby;2;Bobby Robinson;0,9151
Steve Busby;3;Jesse Winker;0,8879
Steve Busby;4;Sal Fasano;0,873
Steve Busby;5;Mike Dorgan;0,8686
Steve Carlton;1;Brandon Lowe;0,8817
Steve Carlton;2;Cam Carreon;0,8806
Steve Carlton;3;George Weidman;0,8673
Steve Carlton;4;Big Bill Smith;0,8603
Steve Carlton;5;Vic Darensbourg;0,8454
Steve Cishek;1;Fred Snodgrass;0,9469
Steve Cishek;2;Duane Josephson;0,9064
Steve Cishek;3;Fran Healy;0,9001
Steve Cishek;4;Chris Stynes;0,8946
Steve Cishek;5;Dennis Rasmussen;0,8937
Steve Crawford;1;Brandon Morrow;0,9981
Steve Crawford;2;Emilio Pagan;0,9951
Steve Crawford;3;Casey Fossum;0,979
Steve Crawford;4;Harold Treadwell;0,9725
Steve Crawford;5;Terry Mathews;0,9712
Steve Dillard;1;Ted Lyons;0,9738
Steve Dillard;2;Greg Brock;0,9587
Steve Dillard;3;Amos Otis;0,9368
Steve Dillard;4;Fred McGriff;0,9264
Steve Dillard;5;Nelson Liriano;0,9188
Steve Farr;1;Ryan Pressly;0,9639
Steve Farr;2;Paul Erickson;0,9442
Steve Farr;3;Jerry Narron;0,9382
Steve Farr;4;Warren Brusstar;0,9346
Steve Farr;5;Walter Barbare;0,9226
Steve Finley;1;C. J. Cron;0,9023
Steve Finley;2;Charlie Neal;0,8862
Steve Finley;3;Ed Heusser;0,8417
Steve Finley;4;Mitch Haniger;0,8387
Steve Finley;5;Gregory Polanco;0,8225
Steve Frey;1;Orlando Hernandez;0,9999
Steve Frey;2;Braden Looper;0,9935
Steve Frey;3;Josias Manzanillo;0,9852
Steve Frey;4;Jose Valverde;0,9647
Steve Frey;5;John Maine;0,9448
Steve Garvey;1;Cozy Dolan;0,9724
Steve Garvey;2;Sean Newcomb;0,9546
Steve Garvey;3;Eddie Collins;0,9531
Steve Garvey;4;Henry Larkin;0,9353
Steve Garvey;5;Frank LaPorte;0,9288
Steve Gromek;1;Garrett Hampson;0,984
Steve Gromek;2;Ed Doheny;0,9646
Steve Gromek;3;Hunter Renfroe;0,9613
Steve Gromek;4;Kameron Loe;0,9562
Steve Gromek;5;Babe Pinelli;0,9553
Steve Hamilton;1;Vladimir Nunez;0,9815
Steve Hamilton;2;Jimmy Jones;0,9682
Steve Hamilton;3;Johnny Washington;0,957
Steve Hamilton;4;Mike Perez;0,9523
Steve Hamilton;5;Terry Crowley;0,9456
Steve Hargan;1;Paul Janish;0,8782
Steve Hargan;2;Ted Alexander;0,8665
Steve Hargan;3;Bill Sweeney;0,8648
Steve Hargan;4;Ryan Webb;0,8449
Steve Hargan;5;Sam Dente;0,8434
Steve Henderson;1;Manuel Margot;0,9796
Steve Henderson;2;Dan Pasqua;0,973
Steve Henderson;3;Jouett Meekin;0,9624
Steve Henderson;4;Roy Johnson;0,9584
Steve Henderson;5;Tony Bernazard;0,9573
Steve Howe;1;Carlos Sanchez;0,9294
Steve Howe;2;Don Lee;0,9131
Steve Howe;3;Harry Perkowski;0,8849
Steve Howe;4;Ben Grieve;0,8812
Steve Howe;5;Turk Wendell;0,8775
Steve Jeltz;1;Nap Lajoie;0,9667
Steve Jeltz;2;Dan Kennard;0,9514
Steve Jeltz;3;Mark Belanger;0,9508
Steve Jeltz;4;Lance Richbourg;0,9369
Steve Jeltz;5;Don Baylor;0,9257
Steve Karsay;1;Jose Alvarado;0,9538
Steve Karsay;2;Eric Davis;0,9443
Steve Karsay;3;Rodrigo Lopez;0,929
Steve Karsay;4;Michael Wuertz;0,9269
Steve Karsay;5;Rowland Office;0,922
Steve Kemp;1;Tommy Clarke;0,9146
Steve Kemp;2;Ed Charles;0,869
Steve Kemp;3;Johnny Humphries;0,8533
Steve Kemp;4;Steve Braun;0,85
Steve Kemp;5;Slim Harriss;0,8389
Steve Kline;1;Mike Kekich;0,9301
Steve Kline;2;Ted Wilks;0,8973
Steve Kline;3;LeRoy Taylor;0,8802
Steve Kline;4;John Brebbia;0,8798
Steve Kline;5;Chris Hatcher;0,8798
Steve Lake;1;Marco Gonzales;0,9469
Steve Lake;2;Scott Bradley;0,9364
Steve Lake;3;Jerry Morales;0,9281
Steve Lake;4;Howie Reed;0,9262
Steve Lake;5;Javy Lopez;0,9173
Steve Lyons;1;Joe Schultz;0,951
Steve Lyons;2;Jerry Narron;0,9495
Steve Lyons;3;Herb Score;0,94
Steve Lyons;4;Fred Carisch;0,9331
Steve Lyons;5;Brandon Phillips;0,9326
Steve McCatty;1;Felix Heredia;0,988
Steve McCatty;2;Jamey Carroll;0,9861
Steve McCatty;3;Jeimer Candelario;0,9832
Steve McCatty;4;Johnny Niggeling;0,983
Steve McCatty;5;Matt Cain;0,9826
Steve Mingori;1;Jim Pendleton;0,9434
Steve Mingori;2;Livan Hernandez;0,9219
Steve Mingori;3;Elmer Singleton;0,8961
Steve Mingori;4;Mudcat Grant;0,8881
Steve Mingori;5;Chone Figgins;0,8835
Steve Nicosia;1;Earle Combs;0,9418
Steve Nicosia;2;Kiko Garcia;0,9341
Steve Nicosia;3;Steve Balboni;0,925
Steve Nicosia;4;Paul Blair;0,9197
Steve Nicosia;5;Vada Pinson;0,9087
Steve O'Neill;1;Alex Ochoa;0,9616
Steve O'Neill;2;Clyde Spearman;0,9357
Steve O'Neill;3;Alex Verdugo;0,9221
Steve O'Neill;4;Buster Posey;0,8991
Steve O'Neill;5;Anthony Santander;0,878
Steve Ontiveros;1;Brian Dorsett;0,986
Steve Ontiveros;2;Jerry Walker;0,986
Steve Ontiveros;3;Aaron Fultz;0,986
Steve Ontiveros;4;Tex Hughson;0,9777
Steve Ontiveros;5;Gene Mauch;0,9751
Steve Parris;1;Denny Walling;0,9844
Steve Parris;2;Rube Oldring;0,974
Steve Parris;3;Hal Carlson;0,9725
Steve Parris;4;Howie Reed;0,9724
Steve Parris;5;Ray Benge;0,9719
Steve Pearce;1;Matt Capps;0,9674
Steve Pearce;2;Brandon Woodruff;0,9523
Steve Pearce;3;Mark Huismann;0,9312
Steve Pearce;4;Jeff Keppinger;0,9176
Steve Pearce;5;Brendan Donnelly;0,9149
Steve Reed;1;Hal Lanier;0,8893
Steve Reed;2;Grover Hartley;0,8428
Steve Reed;3;Moe Drabowsky;0,8391
Steve Reed;4;Jeff DaVanon;0,8376
Steve Reed;5;Jim Colborn;0,8374
Steve Renko;1;Jim Acker;0,9441
Steve Renko;2;Bill Hart;0,9391
Steve Renko;3;Ed Heusser;0,9342
Steve Renko;4;Charlie Irwin;0,9315
Steve Renko;5;Jerry Reed;0,91
Steve Ridzik;1;Balor Moore;0,9776
Steve Ridzik;2;Herb Score;0,9137
Steve Ridzik;3;Wilson Delgado;0,9055
Steve Ridzik;4;Bud Podbielan;0,8994
Steve Ridzik;5;Roger Craig;0,8953
Steve Rogers;1;Bob Priddy;0,9479
Steve Rogers;2;Jose Alvarado;0,9145
Steve Rogers;3;Michael Wuertz;0,9106
Steve Rogers;4;Ivan Calderon;0,8876
Steve Rogers;5;Rich Monteleone;0,8873
Steve Sax;1;Sandy Martinez;0,9835
Steve Sax;2;Rusty Peters;0,9185
Steve Sax;3;Michael Wuertz;0,9151
Steve Sax;4;Dave Barnhill;0,9097
Steve Sax;5;Jose Alvarado;0,9079
Steve Sparks;1;Omar Olivares;0,9604
Steve Sparks;2;Freddy Galvis;0,9293
Steve Sparks;3;Turk Lown;0,9026
Steve Sparks;4;George Blaeholder;0,8783
Steve Sparks;5;Gene Tenace;0,8681
Steve Stone;1;Ramon Laureano;0,877
Steve Stone;2;Clay Holmes;0,876
Steve Stone;3;Bill Drake;0,8718
Steve Stone;4;Caleb Thielbar;0,8624
Steve Stone;5;Doc Gessler;0,8591
Steve Sundra;1;Gabby Hartnett;0,9224
Steve Sundra;2;Chick Shorten;0,901
Steve Sundra;3;Ryan Raburn;0,8729
Steve Sundra;4;Frank Baumholtz;0,8672
Steve Sundra;5;Bill Bruton;0,8656
Steve Swisher;1;Jon Berti;0,9242
Steve Swisher;2;Quincy Trouppe;0,9134
Steve Swisher;3;Andrew Miller;0,8958
Steve Swisher;4;John Lackey;0,8928
Steve Swisher;5;Roger Cedeno;0,8746
Steve Trachsel;1;Wil Ledezma;0,8977
Steve Trachsel;2;Luis Melendez;0,8904
Steve Trachsel;3;Dave Boswell;0,8806
Steve Trachsel;4;Stan Lopata;0,8801
Steve Trachsel;5;Ron Pruitt;0,8537
Steve Trout;1;Jack Crooks;0,9241
Steve Trout;2;Tim Laudner;0,9151
Steve Trout;3;German Marquez;0,9025
Steve Trout;4;Monte Weaver;0,8952
Steve Trout;5;Dave Nilsson;0,883
Steve Yeager;1;Herb Barnhill;0,848
Steve Yeager;2;Clay Holmes;0,8251
Steve Yeager;3;Ramon Laureano;0,8208
Steve Yeager;4;Jesse Bragg;0,8086
Steve Yeager;5;Miller Huggins;0,7847
Steven Matz;1;Luke Jackson;0,9379
Steven Matz;2;Tommy Gregg;0,9009
Steven Matz;3;Nick Vincent;0,8955
Steven Matz;4;Joe Musgrove;0,8851
Steven Matz;5;Neil Robinson;0,8712
Steven Souza;1;Ozzie Virgil;0,9886
Steven Souza;2;Mel Ott;0,9857
Steven Souza;3;Mike Lieberthal;0,9857
Steven Souza;4;Pete Rose;0,9849
Steven Souza;5;Dean Palmer;0,9837
Storm Davis;1;Mitch Haniger;0,9026
Storm Davis;2;Rob Picciolo;0,889
Storm Davis;3;Logan Forsythe;0,8763
Storm Davis;4;Bob Rhoads;0,8596
Storm Davis;5;Al Spohrer;0,834
String Bean Williams;1;Chris Johnson;0,8687
String Bean Williams;2;Luke Maile;0,8626
String Bean Williams;3;Warren Cromartie;0,8615
String Bean Williams;4;Travis Snider;0,8536
String Bean Williams;5;Lyle Overbay;0,8445
Stu Martin;1;Marty Marion;0,9852
Stu Martin;2;Manny Trillo;0,9648
Stu Martin;3;Chuck Crim;0,9633
Stu Martin;4;Homer Bailey;0,9629
Stu Martin;5;Jim Gilliam;0,9588
Stu Miller;1;Bris Lord;0,9625
Stu Miller;2;Mitch Haniger;0,9041
Stu Miller;3;Johnny Humphries;0,8898
Stu Miller;4;Pat Jarvis;0,8657
Stu Miller;5;Charlie Neal;0,8559
Stubby Overmire;1;Bill Nahorodny;0,9332
Stubby Overmire;2;Shawn Boskie;0,906
Stubby Overmire;3;Warren Brusstar;0,9007
Stubby Overmire;4;Billy Hatcher;0,8997
Stubby Overmire;5;Allie Reynolds;0,8928
Stuffy McInnis;1;Johnny Burnett;0,9868
Stuffy McInnis;2;Willie Calhoun;0,9847
Stuffy McInnis;3;Adam Frazier;0,976
Stuffy McInnis;4;Mike Boddicker;0,975
Stuffy McInnis;5;George Decker;0,9732
Stuffy Stewart;1;Ruben Amaro;0,9453
Stuffy Stewart;2;Scott Williamson;0,9417
Stuffy Stewart;3;Carl Hubbell;0,9356
Stuffy Stewart;4;Randy Winn;0,9345
Stuffy Stewart;5;Bill Krueger;0,93
Subby Byas;1;Wally Roettger;0,991
Subby Byas;2;Kevin Millar;0,9906
Subby Byas;3;Justin Morneau;0,9896
Subby Byas;4;Jim Keenan;0,9894
Subby Byas;5;Darren Oliver;0,9884
Syl Johnson;1;Johnny Niggeling;0,9495
Syl Johnson;2;Gary Varsho;0,9469
Syl Johnson;3;Felix Heredia;0,9252
Syl Johnson;4;Ben Revere;0,9188
Syl Johnson;5;Jerry Zimmerman;0,9163
T. J. Brown;1;Emery Adams;0,926
T. J. Brown;2;Matt Moore;0,9199
T. J. Brown;3;Connie Day;0,8977
T. J. Brown;4;Ken Boyer;0,8566
T. J. Brown;5;Edward Mujica;0,8501
T. J. Mathews;1;Greg McMichael;0,9773
T. J. Mathews;2;Don Mincher;0,9722
T. J. Mathews;3;Al Simmons;0,9635
T. J. Mathews;4;Pink Hawley;0,9608
T. J. Mathews;5;Harry Hooper;0,9577
T. J. McFarland;1;Harry Kincannon;0,9651
T. J. McFarland;2;Aaron Loup;0,9463
T. J. McFarland;3;Harry Smith;0,9251
T. J. McFarland;4;Bill Stafford;0,9171
T. J. McFarland;5;Jim Willoughby;0,9003
Taffy Wright;1;Charlie Root;0,9722
Taffy Wright;2;Gene Packard;0,9412
Taffy Wright;3;Bruce Campbell;0,923
Taffy Wright;4;Larry Kopf;0,9034
Taffy Wright;5;Kevin Appier;0,9013
Taijuan Walker;1;Dave Bush;0,9157
Taijuan Walker;2;Vinnie Chulk;0,9126
Taijuan Walker;3;Horacio Pina;0,9045
Taijuan Walker;4;Kirby Higbe;0,8951
Taijuan Walker;5;Gary Ward;0,8902
Tanner Roark;1;Frank Owen;0,9898
Tanner Roark;2;Willie Kirkland;0,943
Tanner Roark;3;Morrie Martin;0,9294
Tanner Roark;4;Harry Steinfeldt;0,9282
Tanner Roark;5;Glenn Hoffman;0,9267
Tanner Scott;1;Bill Dickey;0,9618
Tanner Scott;2;Stan Lopata;0,9565
Tanner Scott;3;Luis Melendez;0,947
Tanner Scott;4;Bo Diaz;0,937
Tanner Scott;5;Garret Anderson;0,9217
Tanyon Sturtze;1;Dave Eiland;1,0
Tanyon Sturtze;2;John Brebbia;1,0
Tanyon Sturtze;3;Hoby Milner;1,0
Tanyon Sturtze;4;Cesar Ramos;1,0
Tanyon Sturtze;5;Chasen Shreve;1,0
Tatica Campos;1;Scott Erickson;0,9671
Tatica Campos;2;Matt Duffy;0,9101
Tatica Campos;3;Brad Lidge;0,9088
Tatica Campos;4;Mike Garcia;0,9084
Tatica Campos;5;Don Landrum;0,9039
Taylor Douthit;1;Damian Jackson;0,952
Taylor Douthit;2;Scott Erickson;0,9161
Taylor Douthit;3;Stan Bahnsen;0,9053
Taylor Douthit;4;Jason Marquis;0,8779
Taylor Douthit;5;Tom Haller;0,8775
Taylor Rogers;1;Ken Silvestri;0,9999
Taylor Rogers;2;Nate Jones;0,9651
Taylor Rogers;3;Al Milnar;0,9578
Taylor Rogers;4;Jose Morales;0,9339
Taylor Rogers;5;Don Zimmer;0,9265
Taylor Teagarden;1;Brad Fullmer;0,9968
Taylor Teagarden;2;Dick McAuliffe;0,9839
Taylor Teagarden;3;Brian Roberts;0,9764
Taylor Teagarden;4;Brent Mayne;0,9758
Taylor Teagarden;5;Zach Eflin;0,975
Taylor Ward;1;Mike Scott;0,988
Taylor Ward;2;Paul Zuvella;0,9858
Taylor Ward;3;Tom Williams;0,9785
Taylor Ward;4;Ryan Vogelsong;0,9737
Taylor Ward;5;Bob Harmon;0,9732
Ted Abernathy;1;Gary Ross;0,9041
Ted Abernathy;2;Connie Day;0,8867
Ted Abernathy;3;Johnny Blanchard;0,8759
Ted Abernathy;4;Lucas Giolito;0,8676
Ted Abernathy;5;Matt Capps;0,844
Ted Alexander;1;Denny Lemaster;0,9852
Ted Alexander;2;Kent Mercker;0,9683
Ted Alexander;3;Davy Jones;0,9602
Ted Alexander;4;Don Blasingame;0,9557
Ted Alexander;5;Henry Kimbro;0,9546
Ted Blankenship;1;Casey McGehee;0,9506
Ted Blankenship;2;Bobby Mathews;0,9225
Ted Blankenship;3;Brian Fuentes;0,9179
Ted Blankenship;4;Bengie Molina;0,9178
Ted Blankenship;5;Doc Powers;0,9142
Ted Gray;1;Jim Presley;0,9467
Ted Gray;2;Ed Ott;0,9364
Ted Gray;3;Buster Haywood;0,8947
Ted Gray;4;Jack Harper;0,8945
Ted Gray;5;Chico Fernandez;0,884
Ted Kluszewski;1;Casey McGehee;0,9102
Ted Kluszewski;2;Gene Clines;0,9005
Ted Kluszewski;3;Travis Snider;0,8989
Ted Kluszewski;4;Hank Leiber;0,8904
Ted Kluszewski;5;Scot Thompson;0,8901
Ted Kubiak;1;Shannon Stewart;0,942
Ted Kubiak;2;Ron Hansen;0,9412
Ted Kubiak;3;Wesley Wright;0,9379
Ted Kubiak;4;Jean Dubuc;0,9307
Ted Kubiak;5;Brian Matusz;0,9306
Ted Lepcio;1;Kyle Freeland;0,885
Ted Lepcio;2;Warren Brusstar;0,8792
Ted Lepcio;3;Gary Lucas;0,8764
Ted Lepcio;4;Bill Nahorodny;0,8733
Ted Lepcio;5;Preston Ward;0,8625
Ted Lilly;1;J. R. Richard;0,9786
Ted Lilly;2;Gus Suhr;0,907
Ted Lilly;3;Jeurys Familia;0,9044
Ted Lilly;4;Ross Ohlendorf;0,8992
Ted Lilly;5;Michael Bourn;0,8912
Ted Lyons;1;Steve Dillard;0,9738
Ted Lyons;2;Sheldon Jones;0,9064
Ted Lyons;3;Scott Podsednik;0,8732
Ted Lyons;4;Buck Jordan;0,8612
Ted Lyons;5;Charlie Hayes;0,8595
Ted Martinez;1;Hurley McNair;0,9653
Ted Martinez;2;Scott Brosius;0,9471
Ted Martinez;3;Chico Fernandez;0,9042
Ted Martinez;4;Sam Fuld;0,9001
Ted Martinez;5;Red Barrett;0,8995
Ted Page;1;Bob Howry;0,9528
Ted Page;2;Mike Remlinger;0,9475
Ted Page;3;Nip Winters;0,9449
Ted Page;4;Tom Morgan;0,9429
Ted Page;5;Thomas Howard;0,9287
Ted Power;1;Wes Stock;0,99
Ted Power;2;Darren Oliver;0,9876
Ted Power;3;Dave Hansen;0,983
Ted Power;4;Wally Pipp;0,9792
Ted Power;5;Billy Klaus;0,9783
Ted Radcliffe;1;Elrod Hendricks;0,8823
Ted Radcliffe;2;Billy Ripken;0,8751
Ted Radcliffe;3;Kevin Gregg;0,873
Ted Radcliffe;4;Chris Capuano;0,8604
Ted Radcliffe;5;Roy Thomas;0,8577
Ted Savage;1;Rafael Figarola;0,9418
Ted Savage;2;Augie Ojeda;0,9285
Ted Savage;3;Johnny Humphries;0,9244
Ted Savage;4;Al Hrabosky;0,9051
Ted Savage;5;Pat Tabler;0,8899
Ted Simmons;1;Johnny Wyrostek;0,9544
Ted Simmons;2;Bill Plummer;0,9467
Ted Simmons;3;Ernie Krueger;0,9466
Ted Simmons;4;Luke Walker;0,9465
Ted Simmons;5;Rick Ankiel;0,943
Ted Sizemore;1;Kevin Mitchell;0,9724
Ted Sizemore;2;Chris Capuano;0,9657
Ted Sizemore;3;Andre Ethier;0,9561
Ted Sizemore;4;Elrod Hendricks;0,9558
Ted Sizemore;5;Ron Swoboda;0,9374
Ted Strong;1;Jerry Zimmerman;0,9553
Ted Strong;2;Jim Beauchamp;0,9467
Ted Strong;3;Justin Verlander;0,9423
Ted Strong;4;Raymond Taylor;0,9277
Ted Strong;5;Jose Uribe;0,9264
Ted Trent;1;Jelly Taylor;0,9786
Ted Trent;2;Pedro Alvarez;0,9715
Ted Trent;3;Chris Turner;0,9654
Ted Trent;4;Larry Casian;0,9586
Ted Trent;5;Leniel Hooker;0,9586
Ted Uhlaender;1;Cecil Travis;0,9619
Ted Uhlaender;2;AJ Pollock;0,9354
Ted Uhlaender;3;Jim Poole;0,9235
Ted Uhlaender;4;Bill Fischer;0,9127
Ted Uhlaender;5;Dode Paskert;0,9125
Ted Wilks;1;Bill Wegman;0,9154
Ted Wilks;2;Erasmo Ramirez;0,912
Ted Wilks;3;Joc Pederson;0,9118
Ted Wilks;4;Eric Rasmussen;0,9075
Ted Wilks;5;Derek Law;0,9032
Ted Williams;1;Dave Orr;0,9359
Ted Williams;2;Stu Martin;0,9182
Ted Williams;3;Bill Sudakis;0,9113
Ted Williams;4;Brad Fullmer;0,9076
Ted Williams;5;Taylor Teagarden;0,8983
Teddy Higuera;1;Julio Teheran;0,9089
Teddy Higuera;2;Mark Grant;0,8971
Teddy Higuera;3;Mike Fetters;0,8782
Teddy Higuera;4;Ted Trent;0,8644
Teddy Higuera;5;Lance Lynn;0,8637
Teoscar Hernandez;1;Jim Delahanty;0,9548
Teoscar Hernandez;2;Paul Dean;0,9258
Teoscar Hernandez;3;Cristóbal Torriente;0,919
Teoscar Hernandez;4;Jimmy Smith;0,9086
Teoscar Hernandez;5;Rich DeLucia;0,8965
Terris McDuffie;1;Mark Grant;0,9032
Terris McDuffie;2;Luke Weaver;0,8566
Terris McDuffie;3;John Huber;0,8499
Terris McDuffie;4;Nick Masset;0,8458
Terris McDuffie;5;Dillon Gee;0,8373
Terry Adams;1;Gary Lucas;0,8874
Terry Adams;2;Adam Moore;0,8838
Terry Adams;3;Juan Carlos Oviedo;0,8834
Terry Adams;4;Gil Heredia;0,8827
Terry Adams;5;Junichi Tazawa;0,8692
Terry Crowley;1;Vladimir Nunez;0,9842
Terry Crowley;2;Jimmy Jones;0,9828
Terry Crowley;3;Mike Perez;0,9742
Terry Crowley;4;Shawn Armstrong;0,9707
Terry Crowley;5;Brandon Morrow;0,9689
Terry Forster;1;Saul Rogovin;0,9612
Terry Forster;2;John Lyles;0,9454
Terry Forster;3;Lance Cormier;0,9203
Terry Forster;4;Pat Jarvis;0,9203
Terry Forster;5;Justin Ruggiano;0,9057
Terry Francona;1;Carlos Torres;0,9681
Terry Francona;2;Hiram Bocachica;0,9488
Terry Francona;3;Ryan Roberts;0,9337
Terry Francona;4;Jack Phillips;0,9313
Terry Francona;5;Fred Hofmann;0,9308
Terry Harmon;1;Adeiny Hechavarria;0,9553
Terry Harmon;2;Hank Greenberg;0,945
Terry Harmon;3;Kyle Freeland;0,9432
Terry Harmon;4;Danny Patterson;0,9412
Terry Harmon;5;Charley Hall;0,9291
Terry Harper;1;Sal Butera;0,922
Terry Harper;2;Walt Masterson;0,9128
Terry Harper;3;Ryan O'Hearn;0,885
Terry Harper;4;Spoon Carter;0,8725
Terry Harper;5;Carlos Gomez;0,8671
Terry Humphrey;1;Mookie Wilson;0,9112
Terry Humphrey;2;Hoss Walker;0,8874
Terry Humphrey;3;Lloyd Moseby;0,8693
Terry Humphrey;4;Ray Berres;0,8456
Terry Humphrey;5;Tom Griffin;0,8279
Terry Kennedy;1;Scott Williamson;0,9126
Terry Kennedy;2;Eddie Williams;0,911
Terry Kennedy;3;Albie Pearson;0,9072
Terry Kennedy;4;Sol White;0,9046
Terry Kennedy;5;Roger Moret;0,9037
Terry Leach;1;Walker Buehler;0,9682
Terry Leach;2;John Maine;0,9556
Terry Leach;3;Duane Pillette;0,9183
Terry Leach;4;Jim Bagby;0,9116
Terry Leach;5;Warren Hacker;0,9101
Terry Mathews;1;Vicente Palacios;0,9999
Terry Mathews;2;Casey Fossum;0,9994
Terry Mathews;3;Jesse Orosco;0,9986
Terry Mathews;4;Emilio Pagan;0,9903
Terry Mathews;5;Shaun Marcum;0,9863
Terry Moore;1;Danny Murtaugh;0,8964
Terry Moore;2;Matt Chapman;0,8756
Terry Moore;3;Terry Harper;0,829
Terry Moore;4;Enos Slaughter;0,8285
Terry Moore;5;Cedric Mullins;0,8176
Terry Mulholland;1;Eric Haase;0,9586
Terry Mulholland;2;Garrett Atkins;0,9538
Terry Mulholland;3;Johnny Pugh;0,9502
Terry Mulholland;4;Dave Hillman;0,946
Terry Mulholland;5;Bob Davis;0,9453
Terry Pendleton;1;Harrison Bader;0,9063
Terry Pendleton;2;Mark Clear;0,853
Terry Pendleton;3;Jack Pfiester;0,8379
Terry Pendleton;4;Luis Torrens;0,8321
Terry Pendleton;5;Lourdes Gurriel;0,8319
Terry Puhl;1;Mitch Williams;0,9682
Terry Puhl;2;Jack Knott;0,9548
Terry Puhl;3;Jim Johnson;0,8298
Terry Puhl;4;Juan Acevedo;0,8016
Terry Puhl;5;Paul Sorrento;0,7946
Terry Shumpert;1;Ken Holloway;0,876
Terry Shumpert;2;Leon Day;0,861
Terry Shumpert;3;Bill Melton;0,8364
Terry Shumpert;4;Junior Noboa;0,8325
Terry Shumpert;5;Jerry White;0,8301
Terry Steinbach;1;Devin Mesoraco;0,9768
Terry Steinbach;2;Elmer Myers;0,9741
Terry Steinbach;3;Babe Pinelli;0,9604
Terry Steinbach;4;Karl Drews;0,9598
Terry Steinbach;5;Mike Tauchman;0,9558
Terry Turner;1;Joe Collins;0,9953
Terry Turner;2;Johnny Bassler;0,99
Terry Turner;3;Bud Clancy;0,99
Terry Turner;4;Tyler Glasnow;0,9885
Terry Turner;5;Tom Johnson;0,9874
Terry Whitfield;1;Carlos Rodon;0,9509
Terry Whitfield;2;Rip Collins;0,9433
Terry Whitfield;3;Yusmeiro Petit;0,9371
Terry Whitfield;4;Francisco Rodriguez;0,9371
Terry Whitfield;5;Carrenza Howard;0,9325
Tex Burnett;1;Lance McCullers;0,9239
Tex Burnett;2;Roberto Perez;0,9047
Tex Burnett;3;Johnny Rigney;0,8754
Tex Burnett;4;Guy Bush;0,8654
Tex Burnett;5;Art Fowler;0,8492
Tex Carleton;1;Zack Wheat;0,9556
Tex Carleton;2;Jakob Junis;0,9098
Tex Carleton;3;Jeff Reboulet;0,9072
Tex Carleton;4;Hoot Evers;0,9056
Tex Carleton;5;Charlie Smith;0,889
Tex Clevenger;1;Mike Tyson;0,9888
Tex Clevenger;2;Harry Wolverton;0,9837
Tex Clevenger;3;Fred Clarke;0,9795
Tex Clevenger;4;Tom Needham;0,9794
Tex Clevenger;5;Chris Heisey;0,9726
Tex Hughson;1;Paul Shuey;0,9909
Tex Hughson;2;Rosy Ryan;0,9879
Tex Hughson;3;Dave Dravecky;0,9849
Tex Hughson;4;Martín Dihigo;0,984
Tex Hughson;5;Bobby Parnell;0,9839
Thad Bosley;1;Bobby Valentine;0,9237
Thad Bosley;2;Bill Knickerbocker;0,8694
Thad Bosley;3;Lance McCullers;0,8619
Thad Bosley;4;Paul Radford;0,8599
Thad Bosley;5;Eric Munson;0,8183
Thad Christopher;1;Kurt Abbott;0,9664
Thad Christopher;2;Frank Foreman;0,9331
Thad Christopher;3;Willard Marshall;0,9204
Thad Christopher;4;LeRoy Taylor;0,9062
Thad Christopher;5;Joc Pederson;0,8792
Theodore Breitenstein;1;Ernie Broglio;0,9114
Theodore Breitenstein;2;George Browne;0,9036
Theodore Breitenstein;3;Greg Pryor;0,898
Theodore Breitenstein;4;Dick Tracewski;0,8765
Theodore Breitenstein;5;Ellie Rodriguez;0,8713
Thomas Burns;1;Bill McClellan;0,9362
Thomas Burns;2;Kris Benson;0,9135
Thomas Burns;3;Rip Radcliff;0,9097
Thomas Burns;4;Jim Hickman;0,8998
Thomas Burns;5;Gus Bell;0,8914
Thomas Howard;1;Tom Brewer;0,9793
Thomas Howard;2;Ray Dandridge;0,978
Thomas Howard;3;Ted Page;0,9287
Thomas Howard;4;Willie Smith;0,9219
Thomas Howard;5;Glenn Borgmann;0,9212
Thornton Lee;1;Paul Lo Duca;0,8894
Thornton Lee;2;Paul Maholm;0,8796
Thornton Lee;3;Mike Marshall;0,8599
Thornton Lee;4;Billy Bryan;0,8476
Thornton Lee;5;Doc Sykes;0,8399
Thurman Munson;1;Clete Boyer;0,8258
Thurman Munson;2;Tyler Houston;0,815
Thurman Munson;3;Zack Littell;0,8035
Thurman Munson;4;Mark DeRosa;0,7848
Thurman Munson;5;Jon Berti;0,7822
Thurman Tucker;1;Billy Loes;0,99
Thurman Tucker;2;Austin Hays;0,986
Thurman Tucker;3;Luis Castillo;0,9827
Thurman Tucker;4;Marty Barrett;0,9817
Thurman Tucker;5;Rico Brogna;0,9805
Tillie Walker;1;Doug Strange;0,9534
Tillie Walker;2;Bud Barbee;0,9362
Tillie Walker;3;Darryl Kile;0,9248
Tillie Walker;4;Tip O'Neill;0,9214
Tillie Walker;5;Mike Maddux;0,9194
Tim Anderson;1;Mike Simms;0,8672
Tim Anderson;2;Heathcliff Slocumb;0,8463
Tim Anderson;3;Ken Kravec;0,8423
Tim Anderson;4;Kerry Ligtenberg;0,8307
Tim Anderson;5;Mike McCormick;0,8278
Tim Belcher;1;Tim Hendryx;0,9476
Tim Belcher;2;Garrett Cooper;0,918
Tim Belcher;3;Curtis Henderson;0,9022
Tim Belcher;4;Gerry Arrigo;0,881
Tim Belcher;5;Del Wilber;0,8706
Tim Blackwell;1;Walter Barbare;0,9829
Tim Blackwell;2;Dustin Garneau;0,9542
Tim Blackwell;3;Luis Guillorme;0,943
Tim Blackwell;4;Jerry Narron;0,9394
Tim Blackwell;5;Nolan Reimold;0,9365
Tim Bogar;1;Matt Lawton;0,8943
Tim Bogar;2;Russ Kemmerer;0,8802
Tim Bogar;3;Mark Trumbo;0,8663
Tim Bogar;4;Don Hoak;0,8663
Tim Bogar;5;José Junco;0,8591
Tim Burke;1;Fred Whitfield;0,9803
Tim Burke;2;Zack Britton;0,9662
Tim Burke;3;Jim McDonald;0,962
Tim Burke;4;Johnny Moore;0,9222
Tim Burke;5;Scott Eyre;0,9162
Tim Byrdak;1;William Webster;0,9986
Tim Byrdak;2;Matt Mantei;0,9696
Tim Byrdak;3;Chris Zachary;0,9565
Tim Byrdak;4;George Sherrill;0,9539
Tim Byrdak;5;Zach Duke;0,9477
Tim Corcoran;1;Ed Farmer;0,9778
Tim Corcoran;2;Ken Brett;0,9685
Tim Corcoran;3;Mark Redman;0,9426
Tim Corcoran;4;Herman Bell;0,9353
Tim Corcoran;5;Mike Hegan;0,9344
Tim Donahue;1;Carson Bigbee;0,9669
Tim Donahue;2;Ron Washington;0,9657
Tim Donahue;3;Earl Wilson;0,9652
Tim Donahue;4;Lance Johnson;0,9632
Tim Donahue;5;Jason Michaels;0,9631
Tim Federowicz;1;Craig Paquette;0,9426
Tim Federowicz;2;Pete Mackanin;0,9319
Tim Federowicz;3;Jacque Jones;0,9244
Tim Federowicz;4;Tom York;0,8818
Tim Federowicz;5;Tony Mullane;0,8793
Tim Flannery;1;Jeurys Familia;0,9453
Tim Flannery;2;LaTroy Hawkins;0,9102
Tim Flannery;3;Kevin Millwood;0,9059
Tim Flannery;4;Gus Suhr;0,8964
Tim Flannery;5;Cliff Fannin;0,8829
Tim Foli;1;Bob Bescher;0,9126
Tim Foli;2;David Freese;0,8963
Tim Foli;3;Hank Leiber;0,8773
Tim Foli;4;Harry Howell;0,8739
Tim Foli;5;Rich Dauer;0,871
Tim Hendryx;1;Tim Belcher;0,9476
Tim Hendryx;2;Leon Day;0,9326
Tim Hendryx;3;Todd Frazier;0,9224
Tim Hendryx;4;Pat Hentgen;0,91
Tim Hendryx;5;Freddie Fitzsimmons;0,91
Tim Hill;1;Jack Flaherty;0,9851
Tim Hill;2;Brad Keller;0,9792
Tim Hill;3;John Beckwith;0,9584
Tim Hill;4;Rusty Meacham;0,9557
Tim Hill;5;Bob Wells;0,953
Tim Hosley;1;Orlando Merced;0,981
Tim Hosley;2;Duane Ward;0,9744
Tim Hosley;3;Rick Schu;0,9741
Tim Hosley;4;Bruce Edwards;0,9695
Tim Hosley;5;Giovanni Carrara;0,9651
Tim Hudson;1;Bill Barrett;0,9457
Tim Hudson;2;Chico Ruiz;0,9253
Tim Hudson;3;Bryan Holaday;0,918
Tim Hudson;4;Bud Barbee;0,9081
Tim Hudson;5;Jerry Reed;0,9032
Tim Hulett;1;Nate Robertson;0,9709
Tim Hulett;2;Eric Haase;0,9702
Tim Hulett;3;Cal Abrams;0,9674
Tim Hulett;4;Garrett Atkins;0,958
Tim Hulett;5;Patsy Flaherty;0,9537
Tim Keefe;1;Kevin Gross;0,9004
Tim Keefe;2;Tim Laudner;0,8995
Tim Keefe;3;Arlie Latham;0,8825
Tim Keefe;4;Al Newman;0,8601
Tim Keefe;5;Jack Crooks;0,8475
Tim Laker;1;Earl McNeely;0,8749
Tim Laker;2;Herman Bell;0,8707
Tim Laker;3;Luke Jackson;0,8527
Tim Laker;4;Roger Moret;0,8467
Tim Laker;5;Tommy McCarthy;0,8311
Tim Laudner;1;Mark McLemore;0,942
Tim Laudner;2;Steve Trout;0,9151
Tim Laudner;3;Rico Carty;0,9035
Tim Laudner;4;Tim Keefe;0,8995
Tim Laudner;5;Magglio Ordonez;0,8992
Tim Leary;1;Lon Warneke;0,94
Tim Leary;2;Ryan Roberts;0,9242
Tim Leary;3;Dan Plesac;0,9085
Tim Leary;4;Will Jackson;0,8989
Tim Leary;5;Luke Walker;0,8937
Tim Lincecum;1;Jose Guzman;0,9051
Tim Lincecum;2;Francisco Rodriguez;0,8953
Tim Lincecum;3;Mike Smithson;0,8893
Tim Lincecum;4;Carl Edwards;0,8888
Tim Lincecum;5;Wade Blasingame;0,8873
Tim Mayza;1;Jason Motte;1,0
Tim Mayza;2;Danny Coulombe;1,0
Tim Mayza;3;Brian Bohanon;1,0
Tim Mayza;4;Kelvin Herrera;1,0
Tim Mayza;5;Lee Smith;1,0
Tim McCarver;1;Al Lakeman;0,9774
Tim McCarver;2;Jerry Dipoto;0,9514
Tim McCarver;3;Scott Barlow;0,9375
Tim McCarver;4;Sean Burnett;0,9365
Tim McCarver;5;Freddy Leach;0,9134
Tim Murnane;1;John Barry;0,9625
Tim Murnane;2;Bob Friend;0,9486
Tim Murnane;3;Dave Kingman;0,9474
Tim Murnane;4;Joe Page;0,9447
Tim Murnane;5;Jason Adam;0,9333
Tim Naehring;1;John O'Donoghue;0,9854
Tim Naehring;2;Art Devlin;0,9693
Tim Naehring;3;Charlie Bennett;0,9663
Tim Naehring;4;Joe Hornung;0,9604
Tim Naehring;5;Jon Lieber;0,9581
Tim Raines;1;Joe Spencer;0,8945
Tim Raines;2;Jimmy Dykes;0,8793
Tim Raines;3;Roy Cullenbine;0,8791
Tim Raines;4;Walker Buehler;0,8692
Tim Raines;5;Earl Grace;0,8674
Tim Redding;1;Gio Gonzalez;0,965
Tim Redding;2;Kent Tekulve;0,9231
Tim Redding;3;Chris Donnels;0,8909
Tim Redding;4;Pearl Webster;0,8829
Tim Redding;5;John Vander Wal;0,8828
Tim Salmon;1;Vic Aldridge;0,9497
Tim Salmon;2;Jake Wade;0,9446
Tim Salmon;3;Fred Brickell;0,943
Tim Salmon;4;Dee Fondy;0,9193
Tim Salmon;5;Jakob Junis;0,8883
Tim Spehr;1;Bill James;0,9741
Tim Spehr;2;Bernie Williams;0,9533
Tim Spehr;3;Joe Haynes;0,9496
Tim Spehr;4;John Peters;0,9387
Tim Spehr;5;Alejandro De Aza;0,9382
Tim Stauffer;1;Warren Brusstar;1,0
Tim Stauffer;2;Drew Storen;1,0
Tim Stauffer;3;Aaron Small;1,0
Tim Stauffer;4;Buddy Carlyle;1,0
Tim Stauffer;5;Jorge Sosa;1,0
Tim Stoddard;1;Ryan Thompson;0,9823
Tim Stoddard;2;Mark Thurmond;0,9742
Tim Stoddard;3;Victor Robles;0,9666
Tim Stoddard;4;George Boehler;0,9373
Tim Stoddard;5;J. R. Murphy;0,8853
Tim Teufel;1;Irish Meusel;0,9309
Tim Teufel;2;Jack Crooks;0,8972
Tim Teufel;3;Fred Carroll;0,8662
Tim Teufel;4;Sid Bream;0,8541
Tim Teufel;5;Jake Gibbs;0,8484
Tim Wakefield;1;Al Newman;0,9411
Tim Wakefield;2;Ernie Krueger;0,9411
Tim Wakefield;3;Johnny Blanchard;0,939
Tim Wakefield;4;Doc Gessler;0,9257
Tim Wakefield;5;Fred Snodgrass;0,9228
Tim Wallach;1;Steve Jeltz;0,9062
Tim Wallach;2;Danny Taylor;0,8802
Tim Wallach;3;George Suggs;0,8764
Tim Wallach;4;Stan Spence;0,8441
Tim Wallach;5;Jack Harper;0,8391
Tim Worrell;1;Mark Williamson;0,9289
Tim Worrell;2;George Sherrill;0,9252
Tim Worrell;3;Chad Fox;0,9217
Tim Worrell;4;William Webster;0,9187
Tim Worrell;5;Eric Munson;0,9028
Timo Perez;1;Dennis Lamp;0,9272
Timo Perez;2;Wade Johnston;0,8932
Timo Perez;3;Bug Holliday;0,8747
Timo Perez;4;Bob Shirley;0,8738
Timo Perez;5;Ramon Vazquez;0,8725
Tino Martinez;1;Bob Bailor;0,9023
Tino Martinez;2;Frank Taveras;0,8959
Tino Martinez;3;Bill Hutchison;0,8873
Tino Martinez;4;Erv Palica;0,8766
Tino Martinez;5;Steve Dillard;0,868
Tiny Bonham;1;Walker Buehler;0,963
Tiny Bonham;2;Howie Kendrick;0,9512
Tiny Bonham;3;Casey Patten;0,8874
Tiny Bonham;4;Andy Benes;0,8813
Tiny Bonham;5;Charlie Neal;0,8788
Tip O'Neill;1;Josh Bell;0,9561
Tip O'Neill;2;Darryl Kile;0,9337
Tip O'Neill;3;Dan Brouthers;0,9315
Tip O'Neill;4;Eric Young;0,9295
Tip O'Neill;5;Sam Crawford;0,926
Tippy Martinez;1;Ryan Roberts;0,9107
Tippy Martinez;2;Billy Gilbert;0,9068
Tippy Martinez;3;Javier Valentin;0,8852
Tippy Martinez;4;Ernie Krueger;0,882
Tippy Martinez;5;Ping Gardner;0,8803
Tito Francona;1;Bob Scheffing;0,904
Tito Francona;2;Don Padgett;0,8313
Tito Francona;3;Jim Tobin;0,816
Tito Francona;4;Ronald Acuña;0,8134
Tito Francona;5;Walt Wilmot;0,8101
Tito Fuentes;1;Willard Nixon;0,9624
Tito Fuentes;2;Togie Pittinger;0,9018
Tito Fuentes;3;Luis Guillorme;0,8922
Tito Fuentes;4;Rich Amaral;0,8896
Tito Fuentes;5;Julio Gotay;0,8847
Tito Landrum;1;Blainey Hall;0,9466
Tito Landrum;2;Ricky Nolasco;0,9442
Tito Landrum;3;Glenn Borgmann;0,9019
Tito Landrum;4;Bunny Downs;0,8907
Tito Landrum;5;Tommy Kahnle;0,8893
Toby Borland;1;Gregg Olson;0,9811
Toby Borland;2;Kerry Ligtenberg;0,9711
Toby Borland;3;Daisuke Matsuzaka;0,97
Toby Borland;4;Ken Ryan;0,9615
Toby Borland;5;Neil Allen;0,9288
Toby Hall;1;Larry Parrish;0,9377
Toby Hall;2;Bobby Wallace;0,9274
Toby Hall;3;Lou Whitaker;0,9144
Toby Hall;4;Rich Rollins;0,9103
Toby Hall;5;Jose Iglesias;0,9072
Toby Harrah;1;Larry Rosenthal;0,9438
Toby Harrah;2;John Knight;0,8754
Toby Harrah;3;Eddie Burke;0,8544
Toby Harrah;4;Amed Rosario;0,8494
Toby Harrah;5;Flash Miller;0,8292
Todd Benzinger;1;Elmer Smith;0,9315
Todd Benzinger;2;Lou Boudreau;0,9281
Todd Benzinger;3;Mike McNally;0,9252
Todd Benzinger;4;Whitey Witt;0,9023
Todd Benzinger;5;Bob Groom;0,9012
Todd Coffey;1;Todd Wellemeyer;0,9972
Todd Coffey;2;Brian Shouse;0,9966
Todd Coffey;3;Preacher Henry;0,9877
Todd Coffey;4;Scott Bankhead;0,9869
Todd Coffey;5;Ricky Bottalico;0,9866
Todd Frazier;1;Tim Hendryx;0,9224
Todd Frazier;2;Lee Grissom;0,8891
Todd Frazier;3;Bobby Wilson;0,8789
Todd Frazier;4;Mike Sadek;0,8693
Todd Frazier;5;Ramiro Ramírez;0,8572
Todd Frohwirth;1;Henry Rodriguez;0,9886
Todd Frohwirth;2;Joe Strong;0,9827
Todd Frohwirth;3;Blaine Boyer;0,9774
Todd Frohwirth;4;Tim Stauffer;0,9762
Todd Frohwirth;5;Drew Storen;0,9762
Todd Greene;1;Chubby Dean;0,932
Todd Greene;2;Tom Lawless;0,9315
Todd Greene;3;Howie Camnitz;0,9195
Todd Greene;4;Gil Heredia;0,8725
Todd Greene;5;Kyle Higashioka;0,8672
Todd Helton;1;Brook Fordyce;0,9008
Todd Helton;2;Benny Kauff;0,8668
Todd Helton;3;Ronny Paulino;0,858
Todd Helton;4;Kiko Garcia;0,8315
Todd Helton;5;Mickey Haefner;0,8262
Todd Hollandsworth;1;Nate Jones;0,9774
Todd Hollandsworth;2;Ken Silvestri;0,9746
Todd Hollandsworth;3;Rowdy Tellez;0,9557
Todd Hollandsworth;4;Bobby Estalella;0,95
Todd Hollandsworth;5;Kevin Young;0,9468
Todd Hundley;1;Randy St. Claire;0,9776
Todd Hundley;2;Eric Gunderson;0,9776
Todd Hundley;3;Fernando Salas;0,9776
Todd Hundley;4;Will Harris;0,9776
Todd Hundley;5;Bruce Edwards;0,9768
Todd Jones;1;Nick Masset;0,984
Todd Jones;2;Earl Caldwell;0,9465
Todd Jones;3;Mark Johnson;0,9206
Todd Jones;4;Trevor Rosenthal;0,9101
Todd Jones;5;Mark Grant;0,9095
Todd Pratt;1;Shane Greene;0,9175
Todd Pratt;2;Ed McKean;0,8644
Todd Pratt;3;Al Myers;0,8595
Todd Pratt;4;Dave Rosello;0,8563
Todd Pratt;5;Gene Oliver;0,8509
Todd Stottlemyre;1;Johnny Wyrostek;0,9645
Todd Stottlemyre;2;Jack Phillips;0,9629
Todd Stottlemyre;3;Cap Peterson;0,9628
Todd Stottlemyre;4;Bill Plummer;0,9606
Todd Stottlemyre;5;Scott Bradley;0,9533
Todd Van Poppel;1;Chris Flexen;0,9658
Todd Van Poppel;2;Brian Wilson;0,9648
Todd Van Poppel;3;Chuck Dobson;0,9642
Todd Van Poppel;4;Bill Evans;0,9634
Todd Van Poppel;5;Bobby Tiefenauer;0,9618
Todd Walker;1;Eddie Plank;0,9212
Todd Walker;2;Billy Sunday;0,9057
Todd Walker;3;Mike Lamb;0,9028
Todd Walker;4;Roberto Perez;0,8813
Todd Walker;5;Harry Harper;0,8776
Todd Wellemeyer;1;Todd Coffey;0,9972
Todd Wellemeyer;2;Ricky Bottalico;0,996
Todd Wellemeyer;3;Brian Shouse;0,9877
Todd Wellemeyer;4;Preacher Henry;0,9846
Todd Wellemeyer;5;Scott Bankhead;0,9838
Todd Williams;1;Dustin Garneau;0,9921
Todd Williams;2;Frankie Montas;0,9906
Todd Williams;3;Paul Blackburn;0,9895
Todd Williams;4;Frank Castillo;0,98
Todd Williams;5;Joe Strong;0,9739
Todd Worrell;1;Dennis Powell;1,0
Todd Worrell;2;Alan Benes;1,0
Todd Worrell;3;Brian Matusz;1,0
Todd Worrell;4;Paul Gibson;1,0
Todd Worrell;5;Bert Gallia;0,9977
Todd Zeile;1;Phil Collins;0,9372
Todd Zeile;2;Bill Caudill;0,9185
Todd Zeile;3;Jerry Coleman;0,9122
Todd Zeile;4;Chad Kuhl;0,9034
Todd Zeile;5;Dana Fillingim;0,882
Togie Pittinger;1;Randy Winn;0,9421
Togie Pittinger;2;Larry Brown;0,9272
Togie Pittinger;3;C. J. Nitkowski;0,9193
Togie Pittinger;4;Lloyd Davenport;0,9115
Togie Pittinger;5;Roy McMillan;0,9075
Tom Bolton;1;Tom House;0,9291
Tom Bolton;2;Brandon Inge;0,923
Tom Bolton;3;Chuck Cary;0,9073
Tom Bolton;4;Marcus Thames;0,9057
Tom Bolton;5;Jesse Hubbard;0,9029
Tom Brewer;1;Thomas Howard;0,9793
Tom Brewer;2;Ray Dandridge;0,9674
Tom Brewer;3;Brian Downing;0,955
Tom Brewer;4;Chris Young;0,9474
Tom Brewer;5;Turner Ward;0,9422
Tom Brookens;1;Mark Wagner;0,9353
Tom Brookens;2;Chuck Cottier;0,8921
Tom Brookens;3;Kaiser Wilhelm;0,8609
Tom Brookens;4;George Toporcer;0,8486
Tom Brookens;5;Dom Dallessandro;0,8229
Tom Brown;1;Clyde Spearman;0,9591
Tom Brown;2;Craig Monroe;0,9458
Tom Brown;3;Alex Ochoa;0,934
Tom Brown;4;Wil Ledezma;0,9176
Tom Brown;5;Chris Johnson;0,9155
Tom Browning;1;Lew Richie;0,9104
Tom Browning;2;Tony Piet;0,8612
Tom Browning;3;Frank Catalanotto;0,8461
Tom Browning;4;Kelly Shoppach;0,8458
Tom Browning;5;Russ Davis;0,8452
Tom Brunansky;1;Elmer Myers;0,9947
Tom Brunansky;2;Mike Tauchman;0,9936
Tom Brunansky;3;Pat Clements;0,9918
Tom Brunansky;4;Will Cunnane;0,9918
Tom Brunansky;5;Jeremy Accardo;0,9918
Tom Burgmeier;1;Patrick Gillespie;0,9724
Tom Burgmeier;2;Sandy Martinez;0,9283
Tom Burgmeier;3;Dave Barnhill;0,9048
Tom Burgmeier;4;Rusty Peters;0,8885
Tom Burgmeier;5;Michael Wuertz;0,8881
Tom Burns;1;Bret Saberhagen;0,966
Tom Burns;2;Julian Javier;0,9459
Tom Burns;3;Lou Bierbauer;0,9297
Tom Burns;4;Hal McRae;0,9246
Tom Burns;5;Jose Rijo;0,9175
Tom Buskey;1;Jason Frasor;0,9957
Tom Buskey;2;Rick Rhoden;0,9853
Tom Buskey;3;Rod Beck;0,9398
Tom Buskey;4;Charlie Puleo;0,9382
Tom Buskey;5;Chris Snyder;0,9258
Tom Candiotti;1;Jaime Garcia;0,9144
Tom Candiotti;2;Keith Moreland;0,9136
Tom Candiotti;3;Larvell Blanks;0,8981
Tom Candiotti;4;Fred Talbot;0,8754
Tom Candiotti;5;Andy Kosco;0,8713
Tom Carey;1;Michael Lorenzen;0,909
Tom Carey;2;Bill Dinneen;0,8627
Tom Carey;3;Eddie Murphy;0,8623
Tom Carey;4;Joey Hamilton;0,8569
Tom Carey;5;Jonas Gaines;0,8222
Tom Cheney;1;John Curtis;0,9931
Tom Cheney;2;Scott Baker;0,9785
Tom Cheney;3;Antonio Osuna;0,9728
Tom Cheney;4;Art Houtteman;0,9593
Tom Cheney;5;Ryan Klesko;0,9546
Tom Daly;1;Brad Havens;0,9756
Tom Daly;2;Dave Tobik;0,9756
Tom Daly;3;Al Ferrara;0,9698
Tom Daly;4;Brandon Duckworth;0,9694
Tom Daly;5;Mike Perez;0,9677
Tom Egan;1;Bob McGraw;0,9552
Tom Egan;2;Eddie Solomon;0,9233
Tom Egan;3;Luis Lopez;0,9152
Tom Egan;4;Heavy Johnson;0,8995
Tom Egan;5;Julio Teheran;0,899
Tom Ferrick;1;Mark Langston;0,9639
Tom Ferrick;2;Bob Priddy;0,9359
Tom Ferrick;3;Rafael Soriano;0,9348
Tom Ferrick;4;Ken Raffensberger;0,9323
Tom Ferrick;5;Doug Mirabelli;0,9301
Tom Foley;1;Byron Browne;0,9969
Tom Foley;2;Omar Moreno;0,9962
Tom Foley;3;Will Cunnane;0,9962
Tom Foley;4;Pat Clements;0,9962
Tom Foley;5;Jeremy Accardo;0,9962
Tom Glavine;1;Corbin Burnes;0,9498
Tom Glavine;2;Ketel Marte;0,9446
Tom Glavine;3;Carlos Silva;0,9183
Tom Glavine;4;Clarence Smith;0,9029
Tom Glavine;5;Chris Heisey;0,895
Tom Glover;1;Doug Henry;0,9904
Tom Glover;2;Claude Raymond;0,989
Tom Glover;3;Trent Hubbard;0,9424
Tom Glover;4;Tommie Agee;0,9372
Tom Glover;5;Rick Leach;0,9314
Tom Goodwin;1;Tom Glover;0,8873
Tom Goodwin;2;Sam Jones;0,8747
Tom Goodwin;3;Vic Raschi;0,8736
Tom Goodwin;4;Doug Henry;0,8605
Tom Goodwin;5;Lynn Jones;0,8531
Tom Gordon;1;Sam Leslie;0,9274
Tom Gordon;2;Joe Glenn;0,8747
Tom Gordon;3;Jose Trevino;0,8692
Tom Gordon;4;Howie Camnitz;0,8497
Tom Gordon;5;Phil Roof;0,8488
Tom Gorman;1;Rafael Montero;0,9976
Tom Gorman;2;Dan Bankhead;0,9976
Tom Gorman;3;Andy Hansen;0,9976
Tom Gorman;4;Danny Patterson;0,9976
Tom Gorman;5;Jeffrey Springs;0,9976
Tom Gorzelanny;1;Charlie Lau;0,9372
Tom Gorzelanny;2;Tyler Kinley;0,9356
Tom Gorzelanny;3;Dave Nilsson;0,9112
Tom Gorzelanny;4;Dee Brown;0,8735
Tom Gorzelanny;5;Denny Mack;0,8653
Tom Grieve;1;Lucas Sims;0,967
Tom Grieve;2;Bill Bernhard;0,9631
Tom Grieve;3;Bob Fothergill;0,9608
Tom Grieve;4;Odell Hale;0,9542
Tom Grieve;5;Johnny Niggeling;0,95
Tom Griffin;1;Juan Acevedo;0,8947
Tom Griffin;2;Terry Humphrey;0,8279
Tom Griffin;3;Tyler Houston;0,8159
Tom Griffin;4;Sergio Mitre;0,8125
Tom Griffin;5;Recurvon Terán;0,804
Tom Hall;1;Bryan Clark;0,9618
Tom Hall;2;Mike Mohler;0,9208
Tom Hall;3;Rich DeLucia;0,9131
Tom Hall;4;Jimmy Smith;0,8904
Tom Hall;5;Barney Morris;0,8776
Tom Haller;1;Lou Louden;0,9096
Tom Haller;2;Ernie Broglio;0,8902
Tom Haller;3;Dick Tracewski;0,8834
Tom Haller;4;Mike Kahoe;0,8777
Tom Haller;5;Taylor Douthit;0,8775
Tom Henke;1;Johnny Hodapp;0,9772
Tom Henke;2;Jack Phillips;0,9746
Tom Henke;3;Billy Clingman;0,9722
Tom Henke;4;Jordan Zimmermann;0,968
Tom Henke;5;Val Picinich;0,9626
Tom Herr;1;Maikel Franco;0,9094
Tom Herr;2;Roy Cullenbine;0,8868
Tom Herr;3;Earl Grace;0,8819
Tom Herr;4;Don Mattingly;0,8781
Tom Herr;5;Jim Gentile;0,8671
Tom House;1;Mike Flanagan;0,9533
Tom House;2;Wayne Garrett;0,9344
Tom House;3;Tom Bolton;0,9291
Tom House;4;Joey Jay;0,9251
Tom House;5;Sal Yvars;0,912
Tom Hughes;1;Glenn Wilson;0,9675
Tom Hughes;2;Jouett Meekin;0,9563
Tom Hughes;3;Manny Pina;0,9544
Tom Hughes;4;Carlos Garcia;0,9542
Tom Hughes;5;Tony Oliva;0,9507
Tom Hume;1;Dutch Henry;0,8903
Tom Hume;2;Jack Hannahan;0,874
Tom Hume;3;Preacher Henry;0,8582
Tom Hume;4;Tommy Boggs;0,8272
Tom Hume;5;Brandon Moss;0,8088
Tom Hutton;1;Billy Bryan;0,9468
Tom Hutton;2;Willis Flournoy;0,9146
Tom Hutton;3;Arnold Statz;0,8993
Tom Hutton;4;Home Run Baker;0,8184
Tom Hutton;5;Ken Forsch;0,8116
Tom Johnson;1;Rickie Weeks;0,9968
Tom Johnson;2;George Thomas;0,9947
Tom Johnson;3;Vern Stephens;0,9943
Tom Johnson;4;Roger Metzger;0,9938
Tom Johnson;5;Brian Moehler;0,9932
Tom Jones;1;Rich Gedman;0,998
Tom Jones;2;Mike Mowrey;0,998
Tom Jones;3;Bob O'Farrell;0,9951
Tom Jones;4;Tony Scott;0,9939
Tom Jones;5;Mike Sweeney;0,9931
Tom Kinslow;1;Cody Ransom;0,9268
Tom Kinslow;2;Al Nixon;0,9034
Tom Kinslow;3;Jose Trevino;0,8816
Tom Kinslow;4;Woodie Held;0,875
Tom Kinslow;5;Ed Reulbach;0,8686
Tom Lampkin;1;Johnny Blanchard;0,9482
Tom Lampkin;2;Matt Capps;0,9259
Tom Lampkin;3;Brandon Woodruff;0,9244
Tom Lampkin;4;Wesley Wright;0,8974
Tom Lampkin;5;Ed Crane;0,889
Tom Lawless;1;Raul Chavez;0,9405
Tom Lawless;2;Todd Greene;0,9315
Tom Lawless;3;Nick Vincent;0,9266
Tom Lawless;4;Chubby Dean;0,9068
Tom Lawless;5;Cal McVey;0,9004
Tom Martin;1;Agustín Parpetti;0,9088
Tom Martin;2;Jim Willis;0,9073
Tom Martin;3;Kelly Stinnett;0,9028
Tom Martin;4;Toussaint Allen;0,9022
Tom Martin;5;Kevin Jarvis;0,9002
Tom McCreery;1;Roy Smalley;0,9436
Tom McCreery;2;J. J. Hardy;0,903
Tom McCreery;3;John Knight;0,8942
Tom McCreery;4;Hank Sauer;0,8908
Tom McCreery;5;Lou Bierbauer;0,8777
Tom Morgan;1;John Henry Johnson;0,9456
Tom Morgan;2;Ted Page;0,9429
Tom Morgan;3;Warren Newson;0,9049
Tom Morgan;4;Claudio Vargas;0,8889
Tom Morgan;5;Chad Bradford;0,8788
Tom Murphy;1;Jose Lobaton;0,925
Tom Murphy;2;Guy Bush;0,919
Tom Murphy;3;John Irwin;0,9124
Tom Murphy;4;Nick Esasky;0,8908
Tom Murphy;5;Mort Cooper;0,8876
Tom Needham;1;Tex Clevenger;0,9794
Tom Needham;2;Bill Cissell;0,9604
Tom Needham;3;Ed Killian;0,9547
Tom Needham;4;Frank Welch;0,9533
Tom Needham;5;Stephen Piscotty;0,9435
Tom Niedenfuer;1;Hal Morris;0,8962
Tom Niedenfuer;2;Todd Greene;0,865
Tom Niedenfuer;3;Howie Camnitz;0,8638
Tom Niedenfuer;4;Gil Heredia;0,8595
Tom Niedenfuer;5;Gary Matthews;0,8582
Tom O'Malley;1;Doug Rau;0,9292
Tom O'Malley;2;Ruben Jones;0,9198
Tom O'Malley;3;Pete Falcone;0,9103
Tom O'Malley;4;Juan Rincon;0,9079
Tom O'Malley;5;Gus Niarhos;0,903
Tom Paciorek;1;Harold Treadwell;0,9184
Tom Paciorek;2;Jimmy Jones;0,9103
Tom Paciorek;3;Pete LaCock;0,9079
Tom Paciorek;4;Hugh Casey;0,9073
Tom Paciorek;5;Mike Perez;0,9036
Tom Pagnozzi;1;Dizzy Dean;0,9182
Tom Pagnozzi;2;Bernie Neis;0,8989
Tom Pagnozzi;3;Framber Valdez;0,8949
Tom Pagnozzi;4;Joe Harris;0,8922
Tom Pagnozzi;5;Brady Clark;0,8803
Tom Parker;1;Duke Cleveland;0,8721
Tom Parker;2;Steel Arm Davis;0,8531
Tom Parker;3;Fred Lynn;0,8441
Tom Parker;4;Dave Leiper;0,8421
Tom Parker;5;Casey Janssen;0,8413
Tom Prince;1;Charlie Reilly;0,9401
Tom Prince;2;John Jaha;0,9351
Tom Prince;3;Pedro Severino;0,8947
Tom Prince;4;Tanner Scott;0,8768
Tom Prince;5;Mark Canha;0,8703
Tom Satriano;1;Dan Driessen;0,9847
Tom Satriano;2;Willie Davis;0,9756
Tom Satriano;3;Doug Strange;0,9739
Tom Satriano;4;Candy Jim Taylor;0,9611
Tom Satriano;5;Mike Maddux;0,9598
Tom Seaver;1;Lynn McGlothen;0,9212
Tom Seaver;2;Greasy Neale;0,9197
Tom Seaver;3;Dave Dravecky;0,9024
Tom Seaver;4;Jose Guzman;0,8921
Tom Seaver;5;Willie Powell;0,8844
Tom Sturdivant;1;Magglio Ordonez;0,9139
Tom Sturdivant;2;Dick Tracewski;0,9068
Tom Sturdivant;3;Wayne Twitchell;0,8722
Tom Sturdivant;4;Dick Dietz;0,853
Tom Sturdivant;5;Dave Nelson;0,8468
Tom Tresh;1;Ed Herrmann;0,9423
Tom Tresh;2;Rube Waddell;0,9052
Tom Tresh;3;Doc Sykes;0,9003
Tom Tresh;4;Johnny Gooch;0,8956
Tom Tresh;5;Bill Hands;0,8872
Tom Underwood;1;Stuffy Stewart;0,9162
Tom Underwood;2;Mike Moustakas;0,9081
Tom Underwood;3;Pinky Whitney;0,8752
Tom Underwood;4;Tom York;0,8739
Tom Underwood;5;Wilmer Flores;0,8731
Tom Veryzer;1;Ray Morgan;0,9904
Tom Veryzer;2;Tyler Glasnow;0,9871
Tom Veryzer;3;Nippy Jones;0,9818
Tom Veryzer;4;Bob Brenly;0,9795
Tom Veryzer;5;Brad Fullmer;0,9787
Tom Williams;1;Walt Moryn;0,9888
Tom Williams;2;Paul Zuvella;0,9825
Tom Williams;3;Taylor Ward;0,9785
Tom Williams;4;Ron Fairly;0,9777
Tom Williams;5;Benny Ayala;0,9765
Tom York;1;Tim Federowicz;0,8818
Tom York;2;Lee Wade;0,8768
Tom York;3;Tom Underwood;0,8739
Tom York;4;Mike Sullivan;0,845
Tom York;5;Jack Pfiester;0,8131
Tom Young;1;Manuel Lee;0,9389
Tom Young;2;Rob Wilfong;0,9343
Tom Young;3;Gavvy Cravath;0,9331
Tom Young;4;Ehire Adrianza;0,9327
Tom Young;5;Wayne Gross;0,9326
Tom Zachary;1;Jason Bartlett;0,976
Tom Zachary;2;Ken Silvestri;0,9757
Tom Zachary;3;Hank Foiles;0,9742
Tom Zachary;4;Tom Jones;0,9719
Tom Zachary;5;Pat Clements;0,9688
Tomas Nido;1;Richard Hidalgo;0,946
Tomas Nido;2;Lou Whitaker;0,9045
Tomas Nido;3;Paul Goldschmidt;0,8986
Tomas Nido;4;Rip Sewell;0,8963
Tomas Nido;5;Jack Smith;0,8872
Tomas Perez;1;Dave Silvestri;0,9375
Tomas Perez;2;Sid Farrar;0,8973
Tomas Perez;3;Dick Johnston;0,895
Tomas Perez;4;Logan Forsythe;0,8816
Tomas Perez;5;Mike Lamb;0,8534
Tommie Agee;1;Tom Glover;0,9372
Tommie Agee;2;Orval Grove;0,9044
Tommie Agee;3;Dwight Smith;0,9027
Tommie Agee;4;Claude Raymond;0,8535
Tommie Agee;5;Ryan Lavarnway;0,8517
Tommie Dukes;1;Vic Saier;0,9122
Tommie Dukes;2;Jered Weaver;0,862
Tommie Dukes;3;Red Schoendienst;0,8613
Tommie Dukes;4;Country Brown;0,8608
Tommie Dukes;5;Harry McIntire;0,8581
Tommie Reynolds;1;Paul Lindblad;0,9942
Tommie Reynolds;2;Alfonso Soriano;0,9941
Tommie Reynolds;3;Willie Wilson;0,9923
Tommie Reynolds;4;Larry Gardner;0,9915
Tommie Reynolds;5;Mike Lansing;0,9905
Tommie Sisk;1;Jay Bruce;0,9697
Tommie Sisk;2;Joe Koppe;0,9579
Tommie Sisk;3;Scot Shields;0,9555
Tommie Sisk;4;Roy Smith;0,9547
Tommie Sisk;5;Morgan Ensberg;0,9544
Tommy Boggs;1;Yan Gomes;0,9665
Tommy Boggs;2;Lefty Weinert;0,9411
Tommy Boggs;3;Bill Holland;0,9353
Tommy Boggs;4;Mark Melancon;0,9334
Tommy Boggs;5;Jason Grilli;0,932
Tommy Bond;1;Max Alvis;0,9834
Tommy Bond;2;Amed Rosario;0,954
Tommy Bond;3;Art Shamsky;0,951
Tommy Bond;4;Sam Dente;0,9483
Tommy Bond;5;Harry Wolverton;0,9426
Tommy Bridges;1;Jim Tabor;0,9822
Tommy Bridges;2;Ray Morgan;0,9809
Tommy Bridges;3;Brian Tallet;0,9783
Tommy Bridges;4;Joe Lis;0,9733
Tommy Bridges;5;Bud Clancy;0,9718
Tommy Brown;1;Hank Blalock;0,8868
Tommy Brown;2;Andy Pettitte;0,8621
Tommy Brown;3;Woody English;0,8584
Tommy Brown;4;Country Brown;0,8548
Tommy Brown;5;Angel Berroa;0,8413
Tommy Butts;1;Skeeter Newsome;0,884
Tommy Butts;2;Nick Green;0,8459
Tommy Butts;3;Dick Hoblitzell;0,8445
Tommy Butts;4;Kenta Maeda;0,8437
Tommy Butts;5;Nemo Leibold;0,8433
Tommy Byrne;1;Jesse Crain;0,9231
Tommy Byrne;2;Blainey Hall;0,8873
Tommy Byrne;3;Jack Dunn;0,8802
Tommy Byrne;4;Jeff Branson;0,8736
Tommy Byrne;5;Rey Ordonez;0,8685
Tommy Clarke;1;Slim Harriss;0,9468
Tommy Clarke;2;Bob Rhoads;0,9358
Tommy Clarke;3;Matt Lawton;0,9181
Tommy Clarke;4;Carl Erskine;0,9177
Tommy Clarke;5;Steve Kemp;0,9146
Tommy Corcoran;1;Don Buford;0,975
Tommy Corcoran;2;John Reilly;0,9466
Tommy Corcoran;3;Dontrelle Willis;0,9401
Tommy Corcoran;4;Bobby Estalella;0,9296
Tommy Corcoran;5;Joe Lis;0,9293
Tommy Davis;1;Bill McClellan;0,9292
Tommy Davis;2;John Parrish;0,8998
Tommy Davis;3;Stephen Piscotty;0,8975
Tommy Davis;4;Dalton Jones;0,8503
Tommy Davis;5;Eric Soderholm;0,847
Tommy Dowd;1;David Segui;0,942
Tommy Dowd;2;Paul Zuvella;0,9348
Tommy Dowd;3;Jack Lapp;0,9279
Tommy Dowd;4;Cap Anson;0,9267
Tommy Dowd;5;Taylor Ward;0,9233
Tommy Gregg;1;Ed Phelps;0,9644
Tommy Gregg;2;Nick Vincent;0,9599
Tommy Gregg;3;Luke Jackson;0,9545
Tommy Gregg;4;Lefty Gomez;0,944
Tommy Gregg;5;Koji Uehara;0,9393
Tommy Griffith;1;Jack Hiatt;0,9775
Tommy Griffith;2;Eddie Pellagrini;0,9721
Tommy Griffith;3;Johnny Burnett;0,9643
Tommy Griffith;4;Brad Fullmer;0,9632
Tommy Griffith;5;Tyler Glasnow;0,9622
Tommy Harper;1;Bobby Darwin;0,9682
Tommy Harper;2;Nate Colbert;0,9529
Tommy Harper;3;Austin Hays;0,9377
Tommy Harper;4;Rich Becker;0,9369
Tommy Harper;5;Jim Beauchamp;0,9327
Tommy Helms;1;Frank LaPorte;0,9392
Tommy Helms;2;Red Murray;0,8785
Tommy Helms;3;Jim Rivera;0,872
Tommy Helms;4;Steve Sax;0,8699
Tommy Helms;5;Bobby Lowe;0,866
Tommy Henrich;1;Al Milnar;0,9148
Tommy Henrich;2;Heinie Manush;0,9121
Tommy Henrich;3;Nate Jones;0,9047
Tommy Henrich;4;Frank Gibson;0,9032
Tommy Henrich;5;Bobby Seay;0,9002
Tommy Holmes;1;Rick Wilkins;0,9007
Tommy Holmes;2;Willie Mitchell;0,8652
Tommy Holmes;3;Fred Carroll;0,8203
Tommy Holmes;4;Chubby Dean;0,8193
Tommy Holmes;5;Johnny Pesky;0,8168
Tommy Hunter;1;Roy Smith;0,9837
Tommy Hunter;2;Morgan Ensberg;0,9806
Tommy Hunter;3;Ed Swartwood;0,9727
Tommy Hunter;4;Hal Naragon;0,9712
Tommy Hunter;5;Joe Koppe;0,9706
Tommy John;1;Bill Nahorodny;0,9663
Tommy John;2;Blake Snell;0,9272
Tommy John;3;Luke Jackson;0,9179
Tommy John;4;Atley Donald;0,839
Tommy John;5;Lew Richie;0,8165
Tommy Kahnle;1;Shigetoshi Hasegawa;0,9691
Tommy Kahnle;2;Dwayne Henry;0,9638
Tommy Kahnle;3;Joe Williams;0,9186
Tommy Kahnle;4;Jim Holt;0,9047
Tommy Kahnle;5;Jim Lyttle;0,9026
Tommy La Stella;1;Jose Alvarado;0,9616
Tommy La Stella;2;Rick Aguilera;0,9509
Tommy La Stella;3;Matt Guerrier;0,9417
Tommy La Stella;4;Michael Wuertz;0,9333
Tommy La Stella;5;Jay Powell;0,922
Tommy Leach;1;Babe Pinelli;0,9829
Tommy Leach;2;Jimmy Archer;0,9564
Tommy Leach;3;Tim Donahue;0,9513
Tommy Leach;4;Elmer Myers;0,9476
Tommy Leach;5;Bennie Tate;0,9465
Tommy McCarthy;1;Scott Williamson;0,93
Tommy McCarthy;2;Ty Wigginton;0,909
Tommy McCarthy;3;Mike Griffin;0,9072
Tommy McCarthy;4;Ryan Webb;0,9028
Tommy McCarthy;5;Ed Rile;0,9012
Tommy McCraw;1;Danny Patterson;0,9719
Tommy McCraw;2;Charley Hall;0,9646
Tommy McCraw;3;Andy Hansen;0,949
Tommy McCraw;4;Mark Littell;0,9411
Tommy McCraw;5;Hank Greenberg;0,9389
Tommy Milone;1;Adam Melhuse;0,9902
Tommy Milone;2;Scot Thompson;0,9406
Tommy Milone;3;Al McBean;0,9179
Tommy Milone;4;Aaron Laffey;0,915
Tommy Milone;5;Jeff McNeil;0,911
Tommy Pham;1;Harry Perkowski;0,9535
Tommy Pham;2;Carlos Sanchez;0,9512
Tommy Pham;3;Lee Grissom;0,8981
Tommy Pham;4;Chuck Cary;0,897
Tommy Pham;5;Calvin Schiraldi;0,8914
Tommy Sampson;1;Gary Sutherland;0,9063
Tommy Sampson;2;Earl Hamilton;0,8637
Tommy Sampson;3;Ernie Banks;0,8626
Tommy Sampson;4;Arnold Statz;0,8485
Tommy Sampson;5;Clarence Williams;0,8399
Tommy Thevenow;1;Horace Lisenbee;0,9233
Tommy Thevenow;2;Chuck Cottier;0,8962
Tommy Thevenow;3;Juan Nicasio;0,8612
Tommy Thevenow;4;Dave Nilsson;0,8546
Tommy Thevenow;5;Doug McWeeny;0,8523
Tommy Thomas;1;Mark Whiten;0,8971
Tommy Thomas;2;Jack Crooks;0,8728
Tommy Thomas;3;Sam Fuld;0,8433
Tommy Thomas;4;Brian McRae;0,8421
Tommy Thomas;5;Ryan Theriot;0,8381
Tommy Tucker;1;Alvin Davis;0,9503
Tommy Tucker;2;Larry Rosenthal;0,9392
Tommy Tucker;3;Joe Page;0,9081
Tommy Tucker;4;Tim Murnane;0,9045
Tommy Tucker;5;Leron Lee;0,8946
Tomo Ohka;1;Duke Cleveland;0,973
Tomo Ohka;2;Saul Rogovin;0,9669
Tomo Ohka;3;Lance Cormier;0,9469
Tomo Ohka;4;Alex Diaz;0,9389
Tomo Ohka;5;Jason Jennings;0,9387
Tony Armas;1;Earl Caldwell;0,9801
Tony Armas;2;Torey Lovullo;0,9513
Tony Armas;3;Roger Mason;0,9456
Tony Armas;4;Nick Masset;0,9407
Tony Armas;5;Marvin Benard;0,9036
Tony Batista;1;Bob McGraw;0,8928
Tony Batista;2;Virgil Barnes;0,8779
Tony Batista;3;Phil Marchildon;0,8624
Tony Batista;4;Chico Fernandez;0,8618
Tony Batista;5;Dick Littlefield;0,8606
Tony Bernazard;1;Bob Veale;0,9748
Tony Bernazard;2;Roy Johnson;0,96
Tony Bernazard;3;Tanyon Sturtze;0,9595
Tony Bernazard;4;Jouett Meekin;0,9587
Tony Bernazard;5;Carlos Garcia;0,9586
Tony Castillo;1;Jackie Collum;0,9514
Tony Castillo;2;Casey Cox;0,9483
Tony Castillo;3;Vladimir Nunez;0,946
Tony Castillo;4;Jimmy Jones;0,9391
Tony Castillo;5;Dan Johnson;0,9267
Tony Clark;1;Frank Gibson;0,9378
Tony Clark;2;Bobby Crosby;0,9128
Tony Clark;3;Knucks James;0,9103
Tony Clark;4;Brandon Nimmo;0,9085
Tony Clark;5;Jason Bartlett;0,9039
Tony Cloninger;1;Shaun Marcum;0,9316
Tony Cloninger;2;Orlando Mercado;0,9261
Tony Cloninger;3;Cam Carreon;0,9249
Tony Cloninger;4;Vicente Palacios;0,9242
Tony Cloninger;5;Terry Mathews;0,9228
Tony Cuccinello;1;Fatty Briody;0,9943
Tony Cuccinello;2;Pat Clements;0,9875
Tony Cuccinello;3;Ryan Weber;0,9875
Tony Cuccinello;4;Jeremy Accardo;0,9875
Tony Cuccinello;5;Will Cunnane;0,9875
Tony Eusebio;1;Bill Virdon;0,9384
Tony Eusebio;2;Benny Frey;0,9311
Tony Eusebio;3;Charles Earle;0,9262
Tony Eusebio;4;Larry Biittner;0,9257
Tony Eusebio;5;Mark Davis;0,9164
Tony Fernandez;1;Earl Williams;0,9259
Tony Fernandez;2;Luis Melendez;0,9099
Tony Fernandez;3;Leron Lee;0,9082
Tony Fernandez;4;Rafael Ortega;0,9028
Tony Fernandez;5;Charlie Reilly;0,9015
Tony Fossas;1;Alex Presley;0,8814
Tony Fossas;2;John Franco;0,8647
Tony Fossas;3;Robert Machado;0,8602
Tony Fossas;4;Jose Leclerc;0,8547
Tony Fossas;5;Roger Mason;0,8488
Tony Gonzalez;1;Tim Naehring;0,9111
Tony Gonzalez;2;Bob Scheffing;0,8785
Tony Gonzalez;3;Damon Buford;0,8729
Tony Gonzalez;4;John O'Donoghue;0,8467
Tony Gonzalez;5;Curt Welch;0,8323
Tony Graffanino;1;George Altman;0,9098
Tony Graffanino;2;Bill Champion;0,9071
Tony Graffanino;3;Todd Wellemeyer;0,8982
Tony Graffanino;4;Preacher Henry;0,8871
Tony Graffanino;5;Todd Coffey;0,8818
Tony Gwynn;1;Robert Stephenson;0,9428
Tony Gwynn;2;George Blaeholder;0,8662
Tony Gwynn;3;Fred Scherman;0,864
Tony Gwynn;4;Chris Bassitt;0,8332
Tony Gwynn;5;Jason Johnson;0,8327
Tony Kaufmann;1;Chris Johnson;0,9576
Tony Kaufmann;2;George Strickland;0,9421
Tony Kaufmann;3;Carmelo Martinez;0,94
Tony Kaufmann;4;Greg McMichael;0,9294
Tony Kaufmann;5;Warren Cromartie;0,9231
Tony Kemp;1;Jameson Taillon;0,9591
Tony Kemp;2;Reid Nichols;0,9487
Tony Kemp;3;Rich Becker;0,9445
Tony Kemp;4;Bobby Darwin;0,9422
Tony Kemp;5;Tyler Wade;0,9348
Tony Kubek;1;Mark Mulder;0,9078
Tony Kubek;2;Hank Sauer;0,8901
Tony Kubek;3;Brock Holt;0,8744
Tony Kubek;4;Matt Clement;0,8668
Tony Kubek;5;Lon Knight;0,8647
Tony Lazzeri;1;Lee May;0,9392
Tony Lazzeri;2;Jimmie Lyons;0,9124
Tony Lazzeri;3;Jake Flowers;0,9057
Tony Lazzeri;4;Willie Horton;0,8899
Tony Lazzeri;5;Joaquin Benoit;0,8872
Tony Mullane;1;Egyptian Healy;0,8936
Tony Mullane;2;Tim Federowicz;0,8793
Tony Mullane;3;Johnny Bates;0,8501
Tony Mullane;4;Jeremy Affeldt;0,8403
Tony Mullane;5;Pete Mackanin;0,8288
Tony Muser;1;Jim Piersall;0,9764
Tony Muser;2;Lamar Johnson;0,9608
Tony Muser;3;Earl Averill;0,9594
Tony Muser;4;Einar Diaz;0,9573
Tony Muser;5;Hiram Bocachica;0,9568
Tony Oliva;1;Robbie Ray;0,975
Tony Oliva;2;Glenn Wilson;0,9749
Tony Oliva;3;Carlos Garcia;0,9736
Tony Oliva;4;Jouett Meekin;0,9677
Tony Oliva;5;Grant Balfour;0,9636
Tony Perez;1;Dwight Smith;0,9217
Tony Perez;2;George Altman;0,886
Tony Perez;3;Rick Wilkins;0,8495
Tony Perez;4;Alex Carrasquel;0,8413
Tony Perez;5;Turk Wendell;0,8336
Tony Peña;1;Jeff Keppinger;0,9568
Tony Peña;2;Michael Fulmer;0,9555
Tony Peña;3;Dallas Green;0,9069
Tony Peña;4;Dick Lundy;0,9007
Tony Peña;5;Al Ferrara;0,8993
Tony Phillips;1;Johnny Peacock;0,848
Tony Phillips;2;Luther Farrell;0,8452
Tony Phillips;3;Buddy Kerr;0,8422
Tony Phillips;4;Bill Pecota;0,8374
Tony Phillips;5;Tommy Butts;0,8364
Tony Piet;1;Lew Richie;0,9359
Tony Piet;2;Joe Musgrove;0,934
Tony Piet;3;Neil Robinson;0,9137
Tony Piet;4;Ike Delock;0,9137
Tony Piet;5;Chili Davis;0,913
Tony Scott;1;Luis Ayala;0,9985
Tony Scott;2;Joe Thatcher;0,9985
Tony Scott;3;Blake Parker;0,9985
Tony Scott;4;Sean Doolittle;0,9985
Tony Scott;5;Pat Clements;0,9985
Tony Sipp;1;Marvin Freeman;0,9451
Tony Sipp;2;Scott Erickson;0,9328
Tony Sipp;3;Gerry Arrigo;0,9251
Tony Sipp;4;Andrew Kittredge;0,9126
Tony Sipp;5;Ernie Johnson;0,9098
Tony Tarasco;1;Atlee Hammaker;0,9598
Tony Tarasco;2;Atley Donald;0,9512
Tony Tarasco;3;Porter Moss;0,9425
Tony Tarasco;4;Dave Leiper;0,9421
Tony Tarasco;5;Del Wilber;0,9419
Tony Taylor;1;Jim Mason;0,8929
Tony Taylor;2;Clyde Kluttz;0,8574
Tony Taylor;3;Darnell Coles;0,8211
Tony Taylor;4;Mark Lowe;0,8153
Tony Taylor;5;Jesus Colome;0,8067
Tony Watson;1;Marco Gonzales;0,965
Tony Watson;2;Bob Bruce;0,94
Tony Watson;3;Alejandro De Aza;0,9356
Tony Watson;4;Dave Shean;0,9282
Tony Watson;5;Mike Holtz;0,9201
Tony Womack;1;Hiram Bocachica;0,9876
Tony Womack;2;Bud Barbee;0,9659
Tony Womack;3;Jerry Reed;0,9615
Tony Womack;4;Einar Diaz;0,9598
Tony Womack;5;Bill Barrett;0,9544
Topsy Hartsel;1;Walt Moryn;0,9469
Topsy Hartsel;2;Tom Williams;0,9327
Topsy Hartsel;3;Bob Meusel;0,9198
Topsy Hartsel;4;Sid Farrar;0,8891
Topsy Hartsel;5;Paul Zuvella;0,8872
Torey Lovullo;1;Fred Talbot;0,9804
Torey Lovullo;2;Dave Eggler;0,9515
Torey Lovullo;3;Tony Armas;0,9513
Torey Lovullo;4;Marvin Benard;0,9451
Torey Lovullo;5;Roger Mason;0,9424
Torii Hunter;1;Danny Taylor;0,916
Torii Hunter;2;Joe Glenn;0,8943
Torii Hunter;3;Ray Mack;0,8725
Torii Hunter;4;Wes Covington;0,8628
Torii Hunter;5;Jack Harper;0,8547
Toussaint Allen;1;Jose Alvarez;0,9498
Toussaint Allen;2;Ron Coomer;0,9479
Toussaint Allen;3;Mark Eichhorn;0,9478
Toussaint Allen;4;Don Cardwell;0,931
Toussaint Allen;5;Verdell Mathis;0,9297
Travis Fryman;1;Brian Tallet;0,9545
Travis Fryman;2;Joe Lis;0,9483
Travis Fryman;3;Emmet Heidrick;0,9453
Travis Fryman;4;Kid Nichols;0,9368
Travis Fryman;5;Jim Tabor;0,9335
Travis Ishikawa;1;Dennis Rasmussen;0,9472
Travis Ishikawa;2;Ryan Roberts;0,9394
Travis Ishikawa;3;Derek Lowe;0,9305
Travis Ishikawa;4;Fernando Valenzuela;0,9202
Travis Ishikawa;5;Dan Plesac;0,9178
Travis Jackson;1;Phil Todt;0,9557
Travis Jackson;2;Sam Dente;0,9529
Travis Jackson;3;Tim Donahue;0,939
Travis Jackson;4;Jody Davis;0,9373
Travis Jackson;5;Babe Pinelli;0,9231
Travis Jankowski;1;Ken Silvestri;0,973
Travis Jankowski;2;Gary Nolan;0,97
Travis Jankowski;3;David Palmer;0,9674
Travis Jankowski;4;Bobby Estalella;0,9663
Travis Jankowski;5;Nate Jones;0,9583
Travis Lee;1;Felton Snow;0,9642
Travis Lee;2;Sid Monge;0,8913
Travis Lee;3;Luke Maile;0,8565
Travis Lee;4;Rick Honeycutt;0,8518
Travis Lee;5;Juan Encarnacion;0,8493
Travis Shaw;1;Cherokee Fisher;0,9709
Travis Shaw;2;Ronny Paulino;0,9481
Travis Shaw;3;Bobby Brown;0,9304
Travis Shaw;4;Cool Turner;0,9087
Travis Shaw;5;Rich Gossage;0,9057
Travis Snider;1;Jesse Barfield;0,9728
Travis Snider;2;Aaron Laffey;0,9483
Travis Snider;3;Scot Thompson;0,9453
Travis Snider;4;Connie Mack;0,9449
Travis Snider;5;Aroldis Chapman;0,9428
Travis Wood;1;Jim Corsi;0,9909
Travis Wood;2;Luke Hamlin;0,9794
Travis Wood;3;Stan Coveleski;0,9757
Travis Wood;4;Luis Castillo;0,9745
Travis Wood;5;Buck Rodgers;0,9734
Travis d'Arnaud;1;Clay Holmes;0,9356
Travis d'Arnaud;2;Bobby Shantz;0,921
Travis d'Arnaud;3;Neal Cotts;0,9075
Travis d'Arnaud;4;Matt Shoemaker;0,9072
Travis d'Arnaud;5;Garrett Richards;0,9045
Trea Turner;1;Andre Dawson;0,8418
Trea Turner;2;Lynn Jones;0,831
Trea Turner;3;Bill Force;0,816
Trea Turner;4;Don Padgett;0,7947
Trea Turner;5;Jack Hamilton;0,7886
Trent Hubbard;1;Rick Leach;0,958
Trent Hubbard;2;Ryan Lavarnway;0,9502
Trent Hubbard;3;Tom Glover;0,9424
Trent Hubbard;4;Joe Smith;0,9387
Trent Hubbard;5;Todd Wellemeyer;0,9332
Trever Miller;1;Larry Casian;1,0
Trever Miller;2;Brian Dorsett;1,0
Trever Miller;3;Jerry Walker;1,0
Trever Miller;4;Leniel Hooker;1,0
Trever Miller;5;Aaron Fultz;1,0
Trevor Bauer;1;Elmer Myers;0,9944
Trevor Bauer;2;Ownie Carroll;0,9932
Trevor Bauer;3;Socks Seibold;0,9913
Trevor Bauer;4;Tom Johnson;0,9849
Trevor Bauer;5;Mike Tauchman;0,9833
Trevor Cahill;1;Junichi Tazawa;0,9655
Trevor Cahill;2;Koji Uehara;0,89
Trevor Cahill;3;Sid Fernandez;0,889
Trevor Cahill;4;Dylan Floro;0,8881
Trevor Cahill;5;Ranger Suarez;0,8654
Trevor Hoffman;1;Brad Havens;1,0
Trevor Hoffman;2;Brian Boehringer;1,0
Trevor Hoffman;3;Scott Aldred;1,0
Trevor Hoffman;4;A. J. Minter;1,0
Trevor Hoffman;5;Dave Tobik;1,0
Trevor May;1;Matt Harrison;0,9575
Trevor May;2;Miguel Andujar;0,9473
Trevor May;3;Manny Parra;0,9328
Trevor May;4;Sid Monge;0,9291
Trevor May;5;Mike Myers;0,9267
Trevor Plouffe;1;Chris Herrmann;0,9127
Trevor Plouffe;2;Jim Rivera;0,8997
Trevor Plouffe;3;Red Murray;0,8933
Trevor Plouffe;4;Mickey Tettleton;0,8931
Trevor Plouffe;5;Lenny Randle;0,8845
Trevor Richards;1;Gene Mauch;0,9759
Trevor Richards;2;Martín Dihigo;0,9743
Trevor Richards;3;Trevor Rosenthal;0,9689
Trevor Richards;4;Braden Looper;0,9676
Trevor Richards;5;Brian Dorsett;0,9663
Trevor Rosenthal;1;Mark Johnson;0,9743
Trevor Rosenthal;2;Doug Sisk;0,9704
Trevor Rosenthal;3;Trevor Richards;0,9689
Trevor Rosenthal;4;Henry Williams;0,9688
Trevor Rosenthal;5;Erik Bedard;0,9682
Trevor Story;1;Vladimir Nunez;0,9461
Trevor Story;2;Jimmy Jones;0,9242
Trevor Story;3;Mike Perez;0,9192
Trevor Story;4;Don Sutton;0,9109
Trevor Story;5;Dennis Eckersley;0,9093
Trevor Williams;1;Jimmy Haynes;0,9499
Trevor Williams;2;Joe Jimenez;0,9403
Trevor Williams;3;Will Venable;0,9346
Trevor Williams;4;John Wasdin;0,9345
Trevor Williams;5;Bill Caudill;0,9326
Trevor Wilson;1;Otto Miller;0,9682
Trevor Wilson;2;Luis Aquino;0,9612
Trevor Wilson;3;Mike Fiers;0,958
Trevor Wilson;4;Roy Cullenbine;0,9535
Trevor Wilson;5;Richie Zisk;0,948
Tris Speaker;1;Jose Trevino;0,9132
Tris Speaker;2;Joe Glenn;0,8436
Tris Speaker;3;Dwight Smith;0,8422
Tris Speaker;4;Jack Harper;0,8272
Tris Speaker;5;Al Nixon;0,8103
Trot Nixon;1;Joe Simpson;0,9365
Trot Nixon;2;Ivan Calderon;0,9162
Trot Nixon;3;Elmer Valo;0,8947
Trot Nixon;4;George Suggs;0,8879
Trot Nixon;5;Sean Bergman;0,8779
Troy Glaus;1;Elmer Singleton;0,892
Troy Glaus;2;Roy K. Williams;0,8802
Troy Glaus;3;Mike Kekich;0,8787
Troy Glaus;4;Antonio Senzatela;0,8761
Troy Glaus;5;Ross Ohlendorf;0,8698
Troy O'Leary;1;Dan Jennings;0,9278
Troy O'Leary;2;Cory Lidle;0,911
Troy O'Leary;3;Steve Jeltz;0,9106
Troy O'Leary;4;George Suggs;0,8945
Troy O'Leary;5;Vance Worley;0,8933
Troy Percival;1;Jim Ray;0,9718
Troy Percival;2;Kerry Ligtenberg;0,9618
Troy Percival;3;Mahlon Duckett;0,9448
Troy Percival;4;Anthony Santander;0,9382
Troy Percival;5;Jose Gonzalez;0,9336
Troy Tulowitzki;1;Chuck Dressen;0,9628
Troy Tulowitzki;2;Steve Ontiveros;0,9584
Troy Tulowitzki;3;Pedro Alvarez;0,9581
Troy Tulowitzki;4;Chris Turner;0,9525
Troy Tulowitzki;5;Jelly Taylor;0,95
Tubby Spencer;1;Doug Corbett;0,9761
Tubby Spencer;2;Jim Brower;0,8946
Tubby Spencer;3;Craig Grebeck;0,8943
Tubby Spencer;4;Miller Huggins;0,8901
Tubby Spencer;5;Frank Foreman;0,8811
Tuck Stainback;1;Ramon Laureano;0,8632
Tuck Stainback;2;Jerry McNertney;0,8566
Tuck Stainback;3;Darrel Chaney;0,8075
Tuck Stainback;4;Harry Lord;0,8072
Tuck Stainback;5;Clay Holmes;0,7942
Tucker Barnhart;1;Rafael Ortega;0,9339
Tucker Barnhart;2;George Carr;0,9242
Tucker Barnhart;3;Charlie Reilly;0,9105
Tucker Barnhart;4;Greg Allen;0,9011
Tucker Barnhart;5;John Montefusco;0,8992
Tug McGraw;1;C. J. Nitkowski;0,8984
Tug McGraw;2;Frank Gibson;0,8782
Tug McGraw;3;Ryan Pressly;0,8705
Tug McGraw;4;Al Milnar;0,8596
Tug McGraw;5;Bob Montgomery;0,8518
Tullie McAdoo;1;Don Carrithers;0,9697
Tullie McAdoo;2;Larry Kopf;0,929
Tullie McAdoo;3;Wesley Wright;0,9289
Tullie McAdoo;4;Carlos Torres;0,927
Tullie McAdoo;5;Brandon Woodruff;0,9256
Tully Sparks;1;Wil Ledezma;0,9333
Tully Sparks;2;Buddy Myer;0,9161
Tully Sparks;3;Jorge Polanco;0,901
Tully Sparks;4;Luis Melendez;0,8966
Tully Sparks;5;Joe Azcue;0,8802
Turk Farrell;1;Michael Wuertz;0,9321
Turk Farrell;2;Mark Salas;0,9258
Turk Farrell;3;Jose Alvarado;0,9256
Turk Farrell;4;Dizzy Dean;0,9021
Turk Farrell;5;Tommy La Stella;0,883
Turk Lown;1;Freddy Galvis;0,9041
Turk Lown;2;Steve Sparks;0,9026
Turk Lown;3;Ron Darling;0,8991
Turk Lown;4;Johnny Hayes;0,8775
Turk Lown;5;Sam Leslie;0,8721
Turk Wendell;1;Carlos Sanchez;0,934
Turk Wendell;2;Leon Day;0,9085
Turk Wendell;3;Jack Kralick;0,8877
Turk Wendell;4;Ben Grieve;0,8869
Turk Wendell;5;George Altman;0,8823
Turkey Stearnes;1;Henry Rodriguez;0,9304
Turkey Stearnes;2;Tim Stauffer;0,9017
Turkey Stearnes;3;Aaron Small;0,9017
Turkey Stearnes;4;Drew Storen;0,9017
Turkey Stearnes;5;Jonathan Loaisiga;0,9017
Turner Barber;1;Ji-Man Choi;0,9796
Turner Barber;2;Steve Parris;0,9573
Turner Barber;3;Jean Dubuc;0,9523
Turner Barber;4;Adrian Gonzalez;0,9459
Turner Barber;5;Shannon Stewart;0,9435
Turner Ward;1;Jason Bartlett;0,9511
Turner Ward;2;Chris Carter;0,9453
Turner Ward;3;Patsy Flaherty;0,9431
Turner Ward;4;Tom Brewer;0,9422
Turner Ward;5;Reid Brignac;0,938
Ty Cline;1;Joey Eischen;0,9352
Ty Cline;2;Jack Warhop;0,8999
Ty Cline;3;Ron Davis;0,8952
Ty Cline;4;Milt Cuyler;0,8947
Ty Cline;5;Clyde Vollmer;0,886
Ty Cobb;1;Juan Carlos Oviedo;0,9819
Ty Cobb;2;Myles Straw;0,9696
Ty Cobb;3;Don Landrum;0,9672
Ty Cobb;4;John Donaldson;0,8735
Ty Cobb;5;Jim Lindsey;0,8643
Ty Wigginton;1;Albie Pearson;0,9474
Ty Wigginton;2;Ramon Santiago;0,9465
Ty Wigginton;3;Jerome Walton;0,9174
Ty Wigginton;4;Dave Martinez;0,9114
Ty Wigginton;5;Tommy McCarthy;0,909
Tyler Anderson;1;Les Mann;0,9609
Tyler Anderson;2;Buster Brown;0,9047
Tyler Anderson;3;Chris Donnels;0,868
Tyler Anderson;4;Irvin Brooks;0,8528
Tyler Anderson;5;Buddy Rosar;0,8396
Tyler Chatwood;1;Tim Stauffer;0,984
Tyler Chatwood;2;Drew Storen;0,984
Tyler Chatwood;3;Aaron Small;0,984
Tyler Chatwood;4;Jonathan Loaisiga;0,984
Tyler Chatwood;5;Justin Duchscherer;0,984
Tyler Clippard;1;Brad Havens;1,0
Tyler Clippard;2;Dave Tobik;1,0
Tyler Clippard;3;Max Manning;0,994
Tyler Clippard;4;Dallas Green;0,9918
Tyler Clippard;5;Al Ferrara;0,9916
Tyler Duffey;1;Guillermo Quiroz;0,9501
Tyler Duffey;2;Carl Edwards;0,9312
Tyler Duffey;3;Scott Kamieniecki;0,919
Tyler Duffey;4;Terry Whitfield;0,9117
Tyler Duffey;5;Ed Goodson;0,9062
Tyler Flowers;1;Mark Belanger;0,9011
Tyler Flowers;2;Bubba Phillips;0,8961
Tyler Flowers;3;Big Bill Smith;0,8796
Tyler Flowers;4;Lance Richbourg;0,874
Tyler Flowers;5;Adolfo Phillips;0,8664
Tyler Glasnow;1;John Grim;0,9946
Tyler Glasnow;2;Charlie Grimm;0,9929
Tyler Glasnow;3;Bennie Tate;0,9918
Tyler Glasnow;4;Willie Wilson;0,9915
Tyler Glasnow;5;Brian Roberts;0,9907
Tyler Houston;1;Sam Leslie;0,9535
Tyler Houston;2;Lloyd Brown;0,9432
Tyler Houston;3;Zack Littell;0,9386
Tyler Houston;4;Bill Voss;0,9308
Tyler Houston;5;Sergio Mitre;0,9208
Tyler Kinley;1;German Marquez;0,9409
Tyler Kinley;2;Tom Gorzelanny;0,9356
Tyler Kinley;3;Scott Schoeneweis;0,9221
Tyler Kinley;4;Alejandro Peña;0,9201
Tyler Kinley;5;Al Benton;0,9108
Tyler Mahle;1;Whitey Ford;0,9494
Tyler Mahle;2;Lou Klimchock;0,9401
Tyler Mahle;3;Henry Miller;0,9297
Tyler Mahle;4;Gerald Young;0,9282
Tyler Mahle;5;Clint Hurdle;0,928
Tyler Naquin;1;Donovan Osborne;0,9746
Tyler Naquin;2;Scott Bankhead;0,9592
Tyler Naquin;3;Daniel Bard;0,9442
Tyler Naquin;4;Ivan Nova;0,9263
Tyler Naquin;5;Jackie Hayes;0,9095
Tyler O'Neill;1;Albie Lopez;0,9244
Tyler O'Neill;2;Ron Hodges;0,9008
Tyler O'Neill;3;Rafael Ramirez;0,8883
Tyler O'Neill;4;Vern Ruhle;0,8874
Tyler O'Neill;5;Gregor Blanco;0,8857
Tyler Wade;1;Chick Stahl;0,9637
Tyler Wade;2;Gordon Beckham;0,9606
Tyler Wade;3;Tony Kemp;0,9348
Tyler Wade;4;Bobby Crosby;0,9329
Tyler Wade;5;Bill Virdon;0,9246
Tyson Ross;1;Jimmy Ring;0,9198
Tyson Ross;2;Gary Sutherland;0,8995
Tyson Ross;3;Dave Wickersham;0,8938
Tyson Ross;4;Fran Healy;0,8824
Tyson Ross;5;Duane Josephson;0,8774
U. L. Washington;1;Morgan Ensberg;0,9837
U. L. Washington;2;Archie Ware;0,9803
U. L. Washington;3;Roy Smith;0,9792
U. L. Washington;4;Steve McCatty;0,9788
U. L. Washington;5;Karl Drews;0,9739
Ubaldo Jimenez;1;Bill Yancey;0,9282
Ubaldo Jimenez;2;Hector Cruz;0,9042
Ubaldo Jimenez;3;Donnie Murphy;0,8953
Ubaldo Jimenez;4;Fred Snodgrass;0,8863
Ubaldo Jimenez;5;Bill Lamar;0,8705
Ugueth Urbina;1;Archie Bradley;0,9999
Ugueth Urbina;2;Matt Alexander;0,9995
Ugueth Urbina;3;Kevin Ritz;0,9944
Ugueth Urbina;4;Joaquin Benoit;0,9917
Ugueth Urbina;5;Jason Adam;0,9855
Urban Shocker;1;Doc Newton;0,9382
Urban Shocker;2;Aleck Smith;0,864
Urban Shocker;3;Adam Eaton;0,8602
Urban Shocker;4;Jim Beattie;0,8594
Urban Shocker;5;Andy Van Slyke;0,8421
Vada Pinson;1;Steve Nicosia;0,9087
Vada Pinson;2;Jose Trevino;0,8828
Vada Pinson;3;Mickey Haefner;0,881
Vada Pinson;4;Ronny Paulino;0,8758
Vada Pinson;5;Al Nixon;0,8621
Val Picinich;1;Bert Gallia;0,9927
Val Picinich;2;Brian Matusz;0,9924
Val Picinich;3;Dennis Powell;0,9924
Val Picinich;4;Paul Gibson;0,9924
Val Picinich;5;Alan Benes;0,9924
Valentín Dreke;1;Frenchy Bordagaray;0,9501
Valentín Dreke;2;Glenn Borgmann;0,9338
Valentín Dreke;3;Matt Nokes;0,9148
Valentín Dreke;4;Roger Connor;0,9123
Valentín Dreke;5;Willie Smith;0,9074
Van Mungo;1;Eric Rasmussen;0,9817
Van Mungo;2;Rip Repulski;0,9482
Van Mungo;3;Jack Heidemann;0,9021
Van Mungo;4;Midre Cummings;0,8876
Van Mungo;5;Earl Johnson;0,8764
Vance Law;1;Mario Diaz;0,8802
Vance Law;2;Isiah Kiner-Falefa;0,8662
Vance Law;3;Gil Hatfield;0,859
Vance Law;4;Doc Farrell;0,8524
Vance Law;5;Sandy Martinez;0,8469
Vance Worley;1;Dan Jennings;0,9608
Vance Worley;2;Jim Shellenback;0,9301
Vance Worley;3;Charlie Hickman;0,912
Vance Worley;4;Lennie Pearson;0,9115
Vance Worley;5;William Webster;0,9047
Vean Gregg;1;Satchel Paige;0,9682
Vean Gregg;2;Andre Thornton;0,93
Vean Gregg;3;Bob Chipman;0,9298
Vean Gregg;4;Patrick Corbin;0,9239
Vean Gregg;5;Bill Handy;0,9194
Verdell Mathis;1;Ron Coomer;0,9676
Verdell Mathis;2;Reggie Jefferson;0,9433
Verdell Mathis;3;Toussaint Allen;0,9297
Verdell Mathis;4;Chet Nichols;0,9238
Verdell Mathis;5;Roger Freed;0,9234
Vern Kennedy;1;Doc Scanlan;0,9367
Vern Kennedy;2;John Donaldson;0,9225
Vern Kennedy;3;Stubby Overmire;0,887
Vern Kennedy;4;Eddie Milner;0,8839
Vern Kennedy;5;Billy Hatcher;0,8754
Vern Law;1;Al Myers;0,9287
Vern Law;2;Rhys Hoskins;0,9281
Vern Law;3;Corey Patterson;0,9127
Vern Law;4;William Binga;0,9039
Vern Law;5;George Metkovich;0,8783
Vern Ruhle;1;Ken Kravec;0,9624
Vern Ruhle;2;Jim Ray;0,9117
Vern Ruhle;3;Tyler O'Neill;0,8874
Vern Ruhle;4;Steve Brye;0,858
Vern Ruhle;5;Jose Gonzalez;0,8566
Vern Stephens;1;Will Cunnane;0,9979
Vern Stephens;2;Pat Clements;0,9979
Vern Stephens;3;Ryan Weber;0,9979
Vern Stephens;4;Jeremy Accardo;0,9979
Vern Stephens;5;Johnny Bassler;0,9979
Vernon Wells;1;Bob Priddy;0,944
Vernon Wells;2;Doug Flynn;0,9236
Vernon Wells;3;Grover Lowdermilk;0,9212
Vernon Wells;4;Tom Ferrick;0,9068
Vernon Wells;5;Doug Mirabelli;0,9038
Vic Aldridge;1;Tim Salmon;0,9497
Vic Aldridge;2;Mark Grant;0,9137
Vic Aldridge;3;Fred Brickell;0,9136
Vic Aldridge;4;Steve Avery;0,9014
Vic Aldridge;5;Joakim Soria;0,8988
Vic Correll;1;Jorge Alfaro;0,9898
Vic Correll;2;Vince Velasquez;0,9775
Vic Correll;3;Johnny Morrison;0,9718
Vic Correll;4;Jason Jennings;0,9667
Vic Correll;5;Alex Diaz;0,9635
Vic Darensbourg;1;Jim Owens;0,9414
Vic Darensbourg;2;Ed Wells;0,9186
Vic Darensbourg;3;Jud Wilson;0,905
Vic Darensbourg;4;Drew Stubbs;0,9036
Vic Darensbourg;5;Luis Lopez;0,8968
Vic Davalillo;1;Alex Diaz;0,8678
Vic Davalillo;2;Dick Drago;0,8583
Vic Davalillo;3;Herm Winningham;0,8526
Vic Davalillo;4;Jimmy Brown;0,8495
Vic Davalillo;5;Jerry Turner;0,8347
Vic Harris;1;Frank Taveras;0,9536
Vic Harris;2;Bill Hutchison;0,913
Vic Harris;3;Zack Cozart;0,9012
Vic Harris;4;Don Wilson;0,8927
Vic Harris;5;Abraham Nunez;0,8905
Vic Power;1;Jimmy Smith;0,8758
Vic Power;2;Rich DeLucia;0,8581
Vic Power;3;Johnny Rigney;0,8545
Vic Power;4;Bryan Clark;0,846
Vic Power;5;Bobby Del Greco;0,8299
Vic Raschi;1;Tom Goodwin;0,8736
Vic Raschi;2;Yu Darvish;0,8666
Vic Raschi;3;Dwight Smith;0,8659
Vic Raschi;4;Mario Soto;0,8424
Vic Raschi;5;Phil Roof;0,8413
Vic Saier;1;Dick Whitworth;0,9374
Vic Saier;2;Tommie Dukes;0,9122
Vic Saier;3;Kris Bryant;0,8983
Vic Saier;4;Brendan Harris;0,8809
Vic Saier;5;Ferris Fain;0,8732
Vic Sorrell;1;Hal Naragon;0,9772
Vic Sorrell;2;Joe Koppe;0,9597
Vic Sorrell;3;Alex McCarthy;0,9501
Vic Sorrell;4;Subby Byas;0,9416
Vic Sorrell;5;Art Fromme;0,9396
Vic Wertz;1;Frank Wills;0,8967
Vic Wertz;2;Billy Cox;0,8949
Vic Wertz;3;Charlie Deal;0,8896
Vic Wertz;4;Ken Sanders;0,8859
Vic Wertz;5;Albie Lopez;0,8851
Vic Willis;1;Cesar Hernandez;0,971
Vic Willis;2;Willie Calhoun;0,9629
Vic Willis;3;Horace Clarke;0,9614
Vic Willis;4;Steve McCatty;0,9598
Vic Willis;5;Tommie Reynolds;0,9536
Vicente Padilla;1;Kyle Freeland;0,881
Vicente Padilla;2;Ryan O'Hearn;0,8525
Vicente Padilla;3;Ted Lepcio;0,8419
Vicente Padilla;4;Randy Gumpert;0,8271
Vicente Padilla;5;Rusty Greer;0,8265
Vicente Palacios;1;Terry Mathews;0,9999
Vicente Palacios;2;Jesse Orosco;0,9991
Vicente Palacios;3;Casey Fossum;0,9989
Vicente Palacios;4;Emilio Pagan;0,9887
Vicente Palacios;5;Shaun Marcum;0,9881
Vicente Rodríguez;1;Jimmy Hill;0,9806
Vicente Rodríguez;2;Tom Johnson;0,9579
Vicente Rodríguez;3;Cal Abrams;0,9535
Vicente Rodríguez;4;Victor Caratini;0,9519
Vicente Rodríguez;5;Nate Robertson;0,946
Vicente Romo;1;Ryan Flaherty;0,9496
Vicente Romo;2;Bobby Bonds;0,9297
Vicente Romo;3;Alex Ferguson;0,9082
Vicente Romo;4;Larry Rosenthal;0,9078
Vicente Romo;5;King Kelly;0,8803
Victor Caratini;1;Tom Johnson;0,9831
Victor Caratini;2;Kyle Tucker;0,977
Victor Caratini;3;Jose Morales;0,9654
Victor Caratini;4;Byron Browne;0,965
Victor Caratini;5;Roberto Kelly;0,9648
Victor Martinez;1;Sandy Alcantara;0,9498
Victor Martinez;2;Alex McCarthy;0,9496
Victor Martinez;3;Roy Smith;0,9381
Victor Martinez;4;Roy Mahaffey;0,9332
Victor Martinez;5;Thurman Tucker;0,9281
Victor Robles;1;Tim Stoddard;0,9666
Victor Robles;2;Ryan Thompson;0,9657
Victor Robles;3;Wilbur Wood;0,9132
Victor Robles;4;Elmer Dessens;0,8984
Victor Robles;5;Angel Pagan;0,8983
Vida Blue;1;Dean Stone;0,9508
Vida Blue;2;Derek Law;0,9468
Vida Blue;3;Sergio Mitre;0,9268
Vida Blue;4;Recurvon Terán;0,9029
Vida Blue;5;Tyler Houston;0,897
Vince Coleman;1;Kaiser Wilhelm;0,9436
Vince Coleman;2;Bill Duggleby;0,9213
Vince Coleman;3;Kevin Frandsen;0,8994
Vince Coleman;4;Bob Moose;0,8957
Vince Coleman;5;Earl Clark;0,8724
Vince DiMaggio;1;Miguel de la Hoz;0,8308
Vince DiMaggio;2;Dave Chalk;0,8286
Vince DiMaggio;3;Ozzie Albies;0,8101
Vince DiMaggio;4;Dave LaPoint;0,8021
Vince DiMaggio;5;Jeromy Burnitz;0,8011
Vince Velasquez;1;Alex Diaz;0,9913
Vince Velasquez;2;Jorge Alfaro;0,9797
Vince Velasquez;3;Vic Correll;0,9775
Vince Velasquez;4;Saul Rogovin;0,9593
Vince Velasquez;5;Scott Leius;0,9502
Vinegar Bend Mizell;1;Bob Rhoads;0,8916
Vinegar Bend Mizell;2;Johnny Lipon;0,8654
Vinegar Bend Mizell;3;Joe Beimel;0,8623
Vinegar Bend Mizell;4;Hideki Matsui;0,8519
Vinegar Bend Mizell;5;Henry McHenry;0,8452
Vinnie Chulk;1;Lou Kretlow;1,0
Vinnie Chulk;2;Red Lucas;0,9546
Vinnie Chulk;3;Darren Holmes;0,9465
Vinnie Chulk;4;Nick Green;0,9439
Vinnie Chulk;5;Jay Clarke;0,9384
Vinny Castilla;1;Ed Spiezio;0,9239
Vinny Castilla;2;Fergie Jenkins;0,9228
Vinny Castilla;3;Doc Gessler;0,8898
Vinny Castilla;4;Ernie Krueger;0,874
Vinny Castilla;5;Jim O'Toole;0,8654
Virgil Barnes;1;Joe Kelly;0,9761
Virgil Barnes;2;Buster Haywood;0,9657
Virgil Barnes;3;Jonathan Sanchez;0,9633
Virgil Barnes;4;Carmen Hill;0,9424
Virgil Barnes;5;Edwin Jackson;0,9405
Virgil Davis;1;Rob Brantly;0,9233
Virgil Davis;2;Frank Scheibeck;0,9229
Virgil Davis;3;Doug Strange;0,9209
Virgil Davis;4;Dave McKay;0,8976
Virgil Davis;5;George Hemming;0,8925
Virgil Trucks;1;Chris Stewart;0,8968
Virgil Trucks;2;Johnny Blanchard;0,8671
Virgil Trucks;3;Ed Spiezio;0,8633
Virgil Trucks;4;Ed Lynch;0,8619
Virgil Trucks;5;Duane Josephson;0,8568
Vladimir Guerrero;1;Lonnie Chisenhall;0,8849
Vladimir Guerrero;2;Rhys Hoskins;0,8722
Vladimir Guerrero;3;Walt Moryn;0,8702
Vladimir Guerrero;4;Will Jackson;0,8691
Vladimir Guerrero;5;T. J. Mathews;0,8596
Vladimir Nunez;1;Terry Crowley;0,9842
Vladimir Nunez;2;Steve Hamilton;0,9815
Vladimir Nunez;3;Jimmy Jones;0,9782
Vladimir Nunez;4;Mike Perez;0,9741
Vladimir Nunez;5;Shawn Armstrong;0,9721
Von Hayes;1;Joe Collins;0,9846
Von Hayes;2;Tom Johnson;0,9817
Von Hayes;3;Charlie Grimm;0,9811
Von Hayes;4;Kirt Manwaring;0,9761
Von Hayes;5;Terry Turner;0,9753
Von Joshua;1;Jake Stahl;0,9898
Von Joshua;2;Ralph Young;0,9782
Von Joshua;3;Emmet Heidrick;0,974
Von Joshua;4;Jose Cardenal;0,9724
Von Joshua;5;Ice Box Chamberlain;0,9718
Wade Blasingame;1;Bobby Parnell;0,9515
Wade Blasingame;2;Paul Shuey;0,9439
Wade Blasingame;3;Mark Guthrie;0,9399
Wade Blasingame;4;Francisco Rodriguez;0,9373
Wade Blasingame;5;Luis Rivas;0,9216
Wade Boggs;1;Duane Kuiper;0,9191
Wade Boggs;2;Wayne Tolleson;0,9091
Wade Boggs;3;Al Newman;0,8941
Wade Boggs;4;Don Wilson;0,882
Wade Boggs;5;Johnny Blanchard;0,8622
Wade Davis;1;Erasmo Ramirez;0,9086
Wade Davis;2;Paul Richards;0,8901
Wade Davis;3;Jedd Gyorko;0,8719
Wade Davis;4;Jack Heidemann;0,8644
Wade Davis;5;Jimmie Schaffer;0,8622
Wade Johnston;1;Bug Holliday;0,9369
Wade Johnston;2;Danny Frisella;0,9017
Wade Johnston;3;Timo Perez;0,8932
Wade Johnston;4;Emil Brown;0,8929
Wade Johnston;5;Dave Malarcher;0,8728
Wade LeBlanc;1;Mike Holtz;0,9999
Wade LeBlanc;2;Bill Stafford;0,9535
Wade LeBlanc;3;Dave Shean;0,9105
Wade LeBlanc;4;T. J. McFarland;0,8952
Wade LeBlanc;5;John Dopson;0,8933
Wade Miley;1;Lourdes Gurriel;0,9315
Wade Miley;2;Jerry Zimmerman;0,93
Wade Miley;3;Noodles Hahn;0,9242
Wade Miley;4;Ted Alexander;0,9226
Wade Miley;5;Ralph Garr;0,912
Wade Miller;1;Fred Heimach;0,9811
Wade Miller;2;Juanelo Mirabal;0,9496
Wade Miller;3;Dave Bush;0,9284
Wade Miller;4;Max Surkont;0,9284
Wade Miller;5;Lefty Leifield;0,9125
Waite Hoyt;1;Jim Essian;0,9856
Waite Hoyt;2;Ryan Freel;0,8878
Waite Hoyt;3;Gil Hatfield;0,8628
Waite Hoyt;4;Egyptian Healy;0,857
Waite Hoyt;5;Russ Kemmerer;0,8526
Walker Buehler;1;Howie Kendrick;0,9719
Walker Buehler;2;Terry Leach;0,9682
Walker Buehler;3;Tiny Bonham;0,963
Walker Buehler;4;Larry Andersen;0,916
Walker Buehler;5;Beals Becker;0,9055
Walker Cooper;1;Benny Kauff;0,946
Walker Cooper;2;Jack Hannahan;0,8723
Walker Cooper;3;Home Run Baker;0,8629
Walker Cooper;4;Mike Andrews;0,86
Walker Cooper;5;Woody Woodward;0,8585
Wallace Johnson;1;Billy Sample;0,9285
Wallace Johnson;2;Howie Pollet;0,9282
Wallace Johnson;3;Ferdie Schupp;0,9191
Wallace Johnson;4;Jolbert Cabrera;0,9153
Wallace Johnson;5;Ron Hodges;0,9141
Wally Backman;1;Brad Wellman;0,9474
Wally Backman;2;Travis Snider;0,9319
Wally Backman;3;Scot Thompson;0,9287
Wally Backman;4;Casey McGehee;0,9255
Wally Backman;5;Aaron Laffey;0,9188
Wally Berger;1;Darwin Barney;0,8766
Wally Berger;2;John Wathan;0,8717
Wally Berger;3;Bob Scheffing;0,8493
Wally Berger;4;Bill Gatewood;0,8455
Wally Berger;5;Jake Miller;0,8261
Wally Bunker;1;Gary Woods;0,9626
Wally Bunker;2;Mickey Morandini;0,9587
Wally Bunker;3;Harry Perkowski;0,95
Wally Bunker;4;Russ Springer;0,9483
Wally Bunker;5;Julio Teheran;0,9365
Wally Gerber;1;Ryan Webb;0,9651
Wally Gerber;2;George Zuverink;0,9424
Wally Gerber;3;Jesse Burkett;0,9377
Wally Gerber;4;Pete Runnels;0,9282
Wally Gerber;5;Frank Chance;0,9245
Wally Joyner;1;Johnny Niggeling;0,904
Wally Joyner;2;John O'Donoghue;0,9002
Wally Joyner;3;Ollie Pickering;0,8968
Wally Joyner;4;Steve McCatty;0,8824
Wally Joyner;5;Dee Fondy;0,881
Wally Moon;1;Gary Lucas;0,9344
Wally Moon;2;Gil Heredia;0,9327
Wally Moon;3;Koji Uehara;0,9177
Wally Moon;4;Cliff Politte;0,9106
Wally Moon;5;Dylan Floro;0,908
Wally Moses;1;Bob Kuzava;0,9831
Wally Moses;2;Joel Skinner;0,9822
Wally Moses;3;Bob Davis;0,9589
Wally Moses;4;Dave Hillman;0,9583
Wally Moses;5;Jimmy Hill;0,9458
Wally Pipp;1;Tom Jones;0,9835
Wally Pipp;2;Billy Klaus;0,9819
Wally Pipp;3;Chris Carter;0,9813
Wally Pipp;4;Ted Power;0,9792
Wally Pipp;5;Wes Stock;0,9787
Wally Post;1;Wally Roettger;0,9875
Wally Post;2;Morgan Ensberg;0,9853
Wally Post;3;Paul Popovich;0,9841
Wally Post;4;Pat Clements;0,9838
Wally Post;5;Will Cunnane;0,9838
Wally Roettger;1;Frank McCormick;0,9993
Wally Roettger;2;Luis Ayala;0,9991
Wally Roettger;3;Pat Clements;0,9991
Wally Roettger;4;Sean Doolittle;0,9991
Wally Roettger;5;Will Cunnane;0,9991
Wally Schang;1;Leron Lee;0,9586
Wally Schang;2;Scott Baker;0,9347
Wally Schang;3;Jacob deGrom;0,9338
Wally Schang;4;Freddy Peralta;0,921
Wally Schang;5;Noe Ramirez;0,9171
Wally Westlake;1;Dennys Reyes;0,9131
Wally Westlake;2;Johnny Ray;0,8802
Wally Westlake;3;Mickey Harris;0,8718
Wally Westlake;4;Kevin Jepsen;0,8715
Wally Westlake;5;George Selkirk;0,8592
Walt Dropo;1;Bob Bescher;0,897
Walt Dropo;2;Chris Johnson;0,8648
Walt Dropo;3;Birdie Cree;0,8464
Walt Dropo;4;Don Wilson;0,8402
Walt Dropo;5;Travis Snider;0,8376
Walt Masterson;1;Sal Butera;0,9534
Walt Masterson;2;Ryan O'Hearn;0,9512
Walt Masterson;3;Carlos Marmol;0,9271
Walt Masterson;4;Paul Erickson;0,9257
Walt Masterson;5;Terry Harper;0,9128
Walt Moryn;1;Tom Williams;0,9888
Walt Moryn;2;Benny Ayala;0,9884
Walt Moryn;3;Paul Zuvella;0,9668
Walt Moryn;4;Aaron Heilman;0,962
Walt Moryn;5;Miles Mikolas;0,9576
Walt Terrell;1;Al Nixon;0,8936
Walt Terrell;2;Antonio Bastardo;0,8485
Walt Terrell;3;Mickey Haefner;0,8278
Walt Terrell;4;Kiko Garcia;0,8171
Walt Terrell;5;Steve Nicosia;0,807
Walt Weiss;1;Mike Jeffcoat;0,9675
Walt Weiss;2;Chuck Taylor;0,9508
Walt Weiss;3;Art Herring;0,9277
Walt Weiss;4;Roy K. Williams;0,921
Walt Weiss;5;Ross Ohlendorf;0,92
Walt Williams;1;George McQuillan;0,9406
Walt Williams;2;Bud Byerly;0,9271
Walt Williams;3;Al Downing;0,9033
Walt Williams;4;Tatica Campos;0,8994
Walt Williams;5;Dan Wheeler;0,8578
Walt Wilmot;1;Sandy Consuegra;0,9357
Walt Wilmot;2;Jim Tobin;0,9019
Walt Wilmot;3;Chad Bradford;0,898
Walt Wilmot;4;Tyler Naquin;0,8792
Walt Wilmot;5;Pretzels Getzien;0,8518
Walter Ball;1;Harry Kincannon;0,9459
Walter Ball;2;Bert Haas;0,9295
Walter Ball;3;Bill Stafford;0,9053
Walter Ball;4;Mike Holtz;0,9014
Walter Ball;5;Byung-Hyun Kim;0,8988
Walter Barbare;1;Tim Blackwell;0,9829
Walter Barbare;2;Wei-Yin Chen;0,979
Walter Barbare;3;Jerry Narron;0,9712
Walter Barbare;4;Hal McRae;0,9612
Walter Barbare;5;Dixie Walker;0,9601
Walter Cannady;1;Bill Schroeder;0,9197
Walter Cannady;2;Ray Chapman;0,9052
Walter Cannady;3;Jerry Dipoto;0,8964
Walter Cannady;4;Sandy Alcantara;0,8935
Walter Cannady;5;Bennie Daniels;0,8863
Walter Holke;1;Lou Gehrig;0,9911
Walter Holke;2;Ownie Carroll;0,9908
Walter Holke;3;Tom Jones;0,9899
Walter Holke;4;Jim Rice;0,9895
Walter Holke;5;Clint Courtney;0,9886
Walter Johnson;1;George Decker;0,9231
Walter Johnson;2;Levi Meyerle;0,9062
Walter Johnson;3;Charley Bassett;0,9044
Walter Johnson;4;Robert Person;0,9028
Walter Johnson;5;John Irwin;0,8968
Walter Schmidt;1;Chick Gandil;0,8598
Walter Schmidt;2;Jim Spencer;0,8489
Walter Schmidt;3;Mike McNally;0,8432
Walter Schmidt;4;Glenn Beckert;0,8297
Walter Schmidt;5;Barry Bonnell;0,8267
Walton Cruise;1;Carlos Zambrano;0,8721
Walton Cruise;2;Bobo Newsom;0,8696
Walton Cruise;3;Jeff Heath;0,8678
Walton Cruise;4;Bill Force;0,8348
Walton Cruise;5;Boom-Boom Beck;0,8347
Wandy Peralta;1;Ryan Yarbrough;0,9964
Wandy Peralta;2;Chuck Cary;0,9455
Wandy Peralta;3;Tyler Kinley;0,9031
Wandy Peralta;4;Edinson Volquez;0,8981
Wandy Peralta;5;Ryan Franklin;0,8969
Wandy Rodriguez;1;Joe Magrane;0,9568
Wandy Rodriguez;2;Nick Esasky;0,9117
Wandy Rodriguez;3;Oscar Judd;0,8962
Wandy Rodriguez;4;Bob Rhoads;0,8667
Wandy Rodriguez;5;Andres Torres;0,8643
Ward Miller;1;Ray Caldwell;0,9646
Ward Miller;2;Jack Russell;0,9209
Ward Miller;3;Goose Curry;0,9192
Ward Miller;4;Mat Latos;0,9176
Ward Miller;5;Bill Dickey;0,9149
Warren Brusstar;1;Aaron Small;1,0
Warren Brusstar;2;Jonathan Loaisiga;1,0
Warren Brusstar;3;Drew Storen;1,0
Warren Brusstar;4;Tim Stauffer;1,0
Warren Brusstar;5;Justin Duchscherer;1,0
Warren Cromartie;1;Aurelio Rodriguez;0,9625
Warren Cromartie;2;Norm Cash;0,9474
Warren Cromartie;3;Doc Cramer;0,9407
Warren Cromartie;4;Kevin Appier;0,935
Warren Cromartie;5;Terry Francona;0,926
Warren Hacker;1;John Maine;0,9701
Warren Hacker;2;Duane Pillette;0,9415
Warren Hacker;3;John Lannan;0,9289
Warren Hacker;4;Wayne Garland;0,9272
Warren Hacker;5;Mike Young;0,9156
Warren Newson;1;Mike Stanton;0,9455
Warren Newson;2;Glenn Hoffman;0,919
Warren Newson;3;Mike Magnante;0,9172
Warren Newson;4;Earl Sheely;0,9116
Warren Newson;5;John Henry Johnson;0,905
Warren Spahn;1;Doc Gessler;0,8875
Warren Spahn;2;Pete Burnside;0,8852
Warren Spahn;3;Buck Jordan;0,8821
Warren Spahn;4;Ed Lynch;0,8607
Warren Spahn;5;Bob Wells;0,8498
Watson Clark;1;Glen Hobbie;0,9413
Watson Clark;2;Gene Packard;0,9297
Watson Clark;3;Wilmer Difo;0,9291
Watson Clark;4;Ramiro Mendoza;0,9138
Watson Clark;5;Ken Kravec;0,8988
Wayne Carr;1;Sean Marshall;0,9553
Wayne Carr;2;Pedro Martinez;0,9519
Wayne Carr;3;Fritz Coumbe;0,9482
Wayne Carr;4;Jeff Huson;0,9421
Wayne Carr;5;Craig Grebeck;0,9165
Wayne Causey;1;Alex McCarthy;0,9784
Wayne Causey;2;Mel Ott;0,9773
Wayne Causey;3;Steven Souza;0,9757
Wayne Causey;4;Garrett Atkins;0,9756
Wayne Causey;5;Dean Palmer;0,9703
Wayne Garland;1;Bob Klinger;0,964
Wayne Garland;2;John Maine;0,9524
Wayne Garland;3;Jim Bagby;0,9375
Wayne Garland;4;Orlando Hernandez;0,9323
Wayne Garland;5;Steve Frey;0,9311
Wayne Garrett;1;Sal Yvars;0,9629
Wayne Garrett;2;Tom House;0,9344
Wayne Garrett;3;Phil Bradley;0,9236
Wayne Garrett;4;Johnny Davis;0,9205
Wayne Garrett;5;Chad Fox;0,9149
Wayne Granger;1;Roy Parnell;0,9177
Wayne Granger;2;J. R. Richard;0,8532
Wayne Granger;3;John Danks;0,8527
Wayne Granger;4;Mark Thurmond;0,8486
Wayne Granger;5;Timo Perez;0,847
Wayne Gross;1;Eric O'Flaherty;0,998
Wayne Gross;2;Brandon Kintzler;0,998
Wayne Gross;3;Bob Patterson;0,998
Wayne Gross;4;Mike Phillips;0,9967
Wayne Gross;5;Manuel Lee;0,9843
Wayne Kirby;1;Chad Billingsley;0,9622
Wayne Kirby;2;Hector Santiago;0,9509
Wayne Kirby;3;Bryce Florie;0,9455
Wayne Kirby;4;Casey Blake;0,9426
Wayne Kirby;5;Dave Smith;0,9369
Wayne Krenchicki;1;Alan Ashby;0,964
Wayne Krenchicki;2;Paul Byrd;0,9589
Wayne Krenchicki;3;Mike Tiernan;0,9293
Wayne Krenchicki;4;Eggie Dallard;0,9256
Wayne Krenchicki;5;Ray Dandridge;0,9255
Wayne Nordhagen;1;George Johnson;0,9352
Wayne Nordhagen;2;Rube Walker;0,935
Wayne Nordhagen;3;Buck Martinez;0,899
Wayne Nordhagen;4;Red Kress;0,8984
Wayne Nordhagen;5;Farmer Vaughn;0,8934
Wayne Terwilliger;1;George Selkirk;0,9218
Wayne Terwilliger;2;Danny Espinosa;0,8984
Wayne Terwilliger;3;Marv Owen;0,8898
Wayne Terwilliger;4;Red Ehret;0,8673
Wayne Terwilliger;5;Ward Miller;0,8533
Wayne Tolleson;1;Moises Alou;0,9255
Wayne Tolleson;2;Frank Duffy;0,9219
Wayne Tolleson;3;Wade Boggs;0,9091
Wayne Tolleson;4;Burgess Whitehead;0,905
Wayne Tolleson;5;Daryl Spencer;0,89
Wayne Twitchell;1;Nick Castellanos;0,9251
Wayne Twitchell;2;Dave Stewart;0,8985
Wayne Twitchell;3;Alex Avila;0,8858
Wayne Twitchell;4;Dick Tracewski;0,8758
Wayne Twitchell;5;Tom Sturdivant;0,8722
Webster McDonald;1;Blix Donnelly;0,9677
Webster McDonald;2;Harry Salmon;0,9303
Webster McDonald;3;Matt Clement;0,9273
Webster McDonald;4;Randy Lerch;0,9166
Webster McDonald;5;Jack Meyers;0,8945
Wei-Yin Chen;1;Gordon Jones;0,9891
Wei-Yin Chen;2;Ryan Pressly;0,9884
Wei-Yin Chen;3;Walter Barbare;0,979
Wei-Yin Chen;4;Bobby Seay;0,9714
Wei-Yin Chen;5;Jerry Narron;0,9669
Welington Castillo;1;Earl Battey;0,9907
Welington Castillo;2;Ray Herbert;0,9879
Welington Castillo;3;Shanty Hogan;0,9874
Welington Castillo;4;Bob Lemon;0,9873
Welington Castillo;5;Nick Punto;0,987
Wes Covington;1;Jay Gibbons;0,9369
Wes Covington;2;Cecil Espy;0,9306
Wes Covington;3;Buster Haywood;0,8943
Wes Covington;4;Joe Glenn;0,8878
Wes Covington;5;Danny Taylor;0,8861
Wes Ferrell;1;Alex Presley;0,8967
Wes Ferrell;2;Ray Powell;0,8761
Wes Ferrell;3;Hanley Ramirez;0,8691
Wes Ferrell;4;Joe Spencer;0,8447
Wes Ferrell;5;Russell Branyan;0,834
Wes Helms;1;Horace Clarke;0,9633
Wes Helms;2;Bob Brenly;0,9565
Wes Helms;3;Ildemaro Vargas;0,9555
Wes Helms;4;Albert Pujols;0,9527
Wes Helms;5;Roy Lee Jackson;0,9472
Wes Parker;1;Ed McFarland;0,9824
Wes Parker;2;Matt Diaz;0,9806
Wes Parker;3;Ray Schalk;0,9761
Wes Parker;4;Rob Deer;0,9756
Wes Parker;5;Trevor Bauer;0,9749
Wes Stock;1;Darren Oliver;0,9954
Wes Stock;2;Kevin Millar;0,9945
Wes Stock;3;Mike Sweeney;0,993
Wes Stock;4;Billy Klaus;0,9911
Wes Stock;5;Wally Roettger;0,99
Wes Westrum;1;Erv Palica;0,888
Wes Westrum;2;Charles Johnson;0,8836
Wes Westrum;3;Del Rice;0,8797
Wes Westrum;4;Rocky Nelson;0,8666
Wes Westrum;5;Phil Garner;0,8532
Wesley Wright;1;Luis Aquino;0,9916
Wesley Wright;2;Joe Decker;0,9857
Wesley Wright;3;Ricardo Rincon;0,9851
Wesley Wright;4;Joe Green;0,9849
Wesley Wright;5;Brandon Woodruff;0,9838
Whit Merrifield;1;Jim Landis;0,8941
Whit Merrifield;2;Dave Duncan;0,8856
Whit Merrifield;3;Jason Schmidt;0,8755
Whit Merrifield;4;Charles Gipson;0,8752
Whit Merrifield;5;Gary Sanchez;0,8614
Whit Wyatt;1;Robb Quinlan;0,9873
Whit Wyatt;2;Christian Walker;0,9498
Whit Wyatt;3;Jose Ramirez;0,9485
Whit Wyatt;4;Carlos Reyes;0,9479
Whit Wyatt;5;Tim Mayza;0,9479
Whitey Ford;1;Dillon Gee;0,9708
Whitey Ford;2;Tyler Mahle;0,9494
Whitey Ford;3;Lou Klimchock;0,9298
Whitey Ford;4;Ryan Brasier;0,9043
Whitey Ford;5;Dave Dravecky;0,9003
Whitey Herzog;1;Wilmer Flores;0,9277
Whitey Herzog;2;Francisco Lindor;0,8912
Whitey Herzog;3;Rafael Furcal;0,8853
Whitey Herzog;4;Les Nunamaker;0,8532
Whitey Herzog;5;Pinky Whitney;0,8522
Whitey Kurowski;1;Ruppert Jones;0,9745
Whitey Kurowski;2;Fred Hatfield;0,9656
Whitey Kurowski;3;Mickey McDermott;0,9388
Whitey Kurowski;4;Hal Woodeshick;0,9219
Whitey Kurowski;5;Jesse Haines;0,9189
Whitey Lockman;1;Horacio Ramirez;0,9833
Whitey Lockman;2;Buck Rodgers;0,9463
Whitey Lockman;3;Joel Skinner;0,9424
Whitey Lockman;4;Robert Person;0,9302
Whitey Lockman;5;Jimmy Hill;0,9223
Whitey Wietelmann;1;Claude Johnson;0,9167
Whitey Wietelmann;2;Phenomenal Smith;0,9028
Whitey Wietelmann;3;Jim Lindsey;0,8547
Whitey Wietelmann;4;Hal Newhouser;0,8494
Whitey Wietelmann;5;Doc Newton;0,8335
Whitey Witt;1;Joe Lis;0,982
Whitey Witt;2;George Decker;0,9728
Whitey Witt;3;Brad Wilkerson;0,9714
Whitey Witt;4;Harry Harper;0,957
Whitey Witt;5;Willie Calhoun;0,9547
Wid Conroy;1;Jacob Barnes;0,9219
Wid Conroy;2;Chris Heisey;0,9203
Wid Conroy;3;Cozy Dolan;0,9141
Wid Conroy;4;Jose Oquendo;0,9043
Wid Conroy;5;Eric Soderholm;0,8998
Wil Cordero;1;Bill White;0,9624
Wil Cordero;2;Ezra Sutton;0,9202
Wil Cordero;3;Rogers Hornsby;0,9162
Wil Cordero;4;Mark Reynolds;0,9148
Wil Cordero;5;Jeff Newman;0,9119
Wil Ledezma;1;Charlie Ganzel;0,9439
Wil Ledezma;2;Chris Johnson;0,9426
Wil Ledezma;3;David DeJesus;0,9385
Wil Ledezma;4;Jody Reed;0,9349
Wil Ledezma;5;Carmelo Martinez;0,9336
Wil Myers;1;Jim Willoughby;0,9304
Wil Myers;2;Caleb Thielbar;0,908
Wil Myers;3;Ramon Laureano;0,8853
Wil Myers;4;Pete Burnside;0,8835
Wil Myers;5;Matt Shoemaker;0,8585
Wil Nieves;1;Wild Bill Wright;0,9277
Wil Nieves;2;Noodles Hahn;0,8972
Wil Nieves;3;Danny Richardson;0,8626
Wil Nieves;4;John Thomson;0,8591
Wil Nieves;5;Jake Miller;0,8552
Wilbert Robinson;1;Dave McKay;0,9372
Wilbert Robinson;2;Bob Harmon;0,9137
Wilbert Robinson;3;Paul Zuvella;0,9128
Wilbert Robinson;4;Taylor Ward;0,9075
Wilbert Robinson;5;William Clarke;0,9042
Wilbur Cooper;1;Olmedo Saenz;0,9668
Wilbur Cooper;2;Dick Dietz;0,9
Wilbur Cooper;3;Bill Drake;0,8664
Wilbur Cooper;4;Pete Vuckovich;0,8639
Wilbur Cooper;5;Connie Mack;0,8571
Wilbur Good;1;Tom Williams;0,942
Wilbur Good;2;Walt Moryn;0,94
Wilbur Good;3;Braggo Roth;0,9311
Wilbur Good;4;Paul Zuvella;0,925
Wilbur Good;5;Miles Mikolas;0,9231
Wilbur Wood;1;Ryan Thompson;0,932
Wilbur Wood;2;Seth Lugo;0,9203
Wilbur Wood;3;Victor Robles;0,9132
Wilbur Wood;4;Roy K. Williams;0,9047
Wilbur Wood;5;Chuck Taylor;0,8959
Wild Bill Wright;1;Wil Nieves;0,9277
Wild Bill Wright;2;Curt Welch;0,8983
Wild Bill Wright;3;Danny Richardson;0,8982
Wild Bill Wright;4;Noodles Hahn;0,88
Wild Bill Wright;5;Muddy Ruel;0,8739
Will Clark;1;Dave Silvestri;0,8805
Will Clark;2;Charlie Keller;0,8766
Will Clark;3;Jesse Levis;0,856
Will Clark;4;Nick Esasky;0,8375
Will Clark;5;Clyde Kluttz;0,8329
Will Cunnane;1;Pat Clements;1,0
Will Cunnane;2;Jon Rauch;1,0
Will Cunnane;3;Ryan Weber;1,0
Will Cunnane;4;Luis Ayala;1,0
Will Cunnane;5;Alan Embree;1,0
Will Harris;1;Giovanni Carrara;1,0
Will Harris;2;John Habyan;1,0
Will Harris;3;Gabe White;1,0
Will Harris;4;Fernando Salas;1,0
Will Harris;5;Eric Gunderson;1,0
Will Jackson;1;Ricky Ledee;0,9678
Will Jackson;2;Dan Plesac;0,9301
Will Jackson;3;Freddy Garcia;0,9188
Will Jackson;4;Tom Henke;0,9172
Will Jackson;5;Billy Clingman;0,9114
Will Owens;1;Michael Saunders;0,9227
Will Owens;2;Bob Melvin;0,9057
Will Owens;3;Troy Percival;0,8807
Will Owens;4;Brett Myers;0,8795
Will Owens;5;Neil Allen;0,8766
Will Smith;1;Mat Latos;0,931
Will Smith;2;Madison Bumgarner;0,9266
Will Smith;3;Bill Holland;0,9179
Will Smith;4;Sergio Romo;0,9036
Will Smith;5;Al Mamaux;0,9004
Will Venable;1;Jack Warner;0,9439
Will Venable;2;Charlie Jamieson;0,9433
Will Venable;3;Trevor Williams;0,9346
Will Venable;4;Ernie Broglio;0,9293
Will Venable;5;Jimmy Haynes;0,9132
Will White;1;Doug Fister;0,8935
Will White;2;Sadie Houck;0,8857
Will White;3;Kevin Stocker;0,8688
Will White;4;Syl Johnson;0,8553
Will White;5;Grady Sizemore;0,8452
Willard Brown;1;Al Weis;0,9623
Willard Brown;2;Corey Koskie;0,9545
Willard Brown;3;Johnny Niggeling;0,9494
Willard Brown;4;Sam Wise;0,948
Willard Brown;5;Fatty Briody;0,9479
Willard Marshall;1;Kurt Abbott;0,9324
Willard Marshall;2;Thad Christopher;0,9204
Willard Marshall;3;Country Brown;0,9066
Willard Marshall;4;Steve Busby;0,8591
Willard Marshall;5;Mike Cubbage;0,8546
Willard Nixon;1;Tito Fuentes;0,9624
Willard Nixon;2;Skeeter Webb;0,9414
Willard Nixon;3;Luis Guillorme;0,9345
Willard Nixon;4;Jimmie Wilson;0,9326
Willard Nixon;5;Julio Gotay;0,9225
William Bell;1;Robert Person;0,9596
William Bell;2;Jiggs Donahue;0,9382
William Bell;3;George Mitchell;0,933
William Bell;4;Tex Clevenger;0,9278
William Bell;5;Chris Heisey;0,9246
William Binga;1;Floyd Baker;0,924
William Binga;2;Max Bishop;0,9193
William Binga;3;Roy Sievers;0,9098
William Binga;4;Vern Law;0,9039
William Binga;5;Andruw Jones;0,9023
William Clarke;1;Reb Russell;0,9427
William Clarke;2;Wilbert Robinson;0,9042
William Clarke;3;Hugh Duffy;0,9025
William Clarke;4;Dick Johnston;0,8831
William Clarke;5;Eddie Stanky;0,8814
William Parks;1;Ryan Webb;0,9805
William Parks;2;Doug Allison;0,9603
William Parks;3;Khris Davis;0,9179
William Parks;4;George Zuverink;0,9067
William Parks;5;Horacio Ramirez;0,8963
William Robinson;1;Willie Calhoun;0,9933
William Robinson;2;Frank Scheibeck;0,9594
William Robinson;3;Phil Douglas;0,9557
William Robinson;4;Eddie Pellagrini;0,9472
William Robinson;5;Johnny Burnett;0,9462
William Webster;1;Tim Byrdak;0,9986
William Webster;2;Anthony Bass;0,974
William Webster;3;Steve Bedrosian;0,9581
William Webster;4;Matt Mantei;0,9543
William Webster;5;Leon Ruffin;0,9543
Willie Blair;1;B. J. Ryan;0,9405
Willie Blair;2;Eugene Bremer;0,9125
Willie Blair;3;Joe Simpson;0,8997
Willie Blair;4;Jose Molina;0,8989
Willie Blair;5;Tommy Boggs;0,8588
Willie Bloomquist;1;Mike Fornieles;0,948
Willie Bloomquist;2;Cy Morgan;0,8591
Willie Bloomquist;3;Hanley Ramirez;0,8574
Willie Bloomquist;4;Chris Herrmann;0,8435
Willie Bloomquist;5;Bob Bailor;0,8427
Willie Calhoun;1;Joe Astroth;0,9948
Willie Calhoun;2;William Robinson;0,9933
Willie Calhoun;3;Albert Pujols;0,9896
Willie Calhoun;4;Johnny Burnett;0,9892
Willie Calhoun;5;Mike Boddicker;0,9879
Willie Cornelius;1;Jim Lyttle;0,9327
Willie Cornelius;2;Paul Dean;0,9221
Willie Cornelius;3;Nick Pivetta;0,9207
Willie Cornelius;4;Joe Ross;0,9013
Willie Cornelius;5;Michael Fulmer;0,9007
Willie Crawford;1;Eric Gagne;0,9991
Willie Crawford;2;Kelvin Herrera;0,9991
Willie Crawford;3;Jason Motte;0,9991
Willie Crawford;4;Rich Garces;0,9991
Willie Crawford;5;Danny Coulombe;0,9991
Willie Davis;1;Tom Satriano;0,9756
Willie Davis;2;Doug Strange;0,9756
Willie Davis;3;Jack Rothrock;0,9671
Willie Davis;4;Charlie Williams;0,9667
Willie Davis;5;Xavier Nady;0,9636
Willie Foster;1;Jim Lindsey;0,9158
Willie Foster;2;Dave Roberts;0,8983
Willie Foster;3;Ian Kennedy;0,8859
Willie Foster;4;Rich Morales;0,8858
Willie Foster;5;Wilson Delgado;0,8736
Willie Gisentaner;1;Paul Hardy;0,8727
Willie Gisentaner;2;Bienvenido Jiménez;0,8666
Willie Gisentaner;3;Fred Hutchinson;0,8664
Willie Gisentaner;4;Kenta Maeda;0,8581
Willie Gisentaner;5;Bob Klinger;0,8487
Willie Greene;1;Danny Jansen;0,8383
Willie Greene;2;James Mouton;0,8344
Willie Greene;3;Lynn Jones;0,8189
Willie Greene;4;Bill Lee;0,818
Willie Greene;5;Bill Swift;0,8095
Willie Harris;1;Ray Powell;0,983
Willie Harris;2;Joe Spencer;0,9354
Willie Harris;3;Michael Conforto;0,8836
Willie Harris;4;Danny Espinosa;0,8777
Willie Harris;5;Ryan Theriot;0,8582
Willie Hernandez;1;Chuck Taylor;0,9969
Willie Hernandez;2;Robb Quinlan;0,9423
Willie Hernandez;3;Josh Johnson;0,9389
Willie Hernandez;4;Conor Gillaspie;0,9298
Willie Hernandez;5;Shane Bieber;0,9254
Willie Horton;1;Bobby Adams;0,9909
Willie Horton;2;Mike Garcia;0,989
Willie Horton;3;Firpo Marberry;0,9573
Willie Horton;4;Joaquin Benoit;0,948
Willie Horton;5;Nick Martinez;0,9351
Willie Jones;1;Red Schoendienst;0,9981
Willie Jones;2;Chuck Klein;0,9973
Willie Jones;3;Bill Doak;0,995
Willie Jones;4;Frank Scheibeck;0,9874
Willie Jones;5;Steve Barber;0,9796
Willie Kamm;1;Agustín Parpetti;0,9585
Willie Kamm;2;Jose Rijo;0,925
Willie Kamm;3;Dick Culler;0,8941
Willie Kamm;4;Toussaint Allen;0,8928
Willie Kamm;5;Julian Javier;0,8895
Willie Keeler;1;Al Martin;0,9608
Willie Keeler;2;Tom Satriano;0,9586
Willie Keeler;3;Billy McKinney;0,9511
Willie Keeler;4;Doug Strange;0,9405
Willie Keeler;5;Frank Scheibeck;0,9388
Willie Kirkland;1;Frank Owen;0,9486
Willie Kirkland;2;Tanner Roark;0,943
Willie Kirkland;3;Juan Lagares;0,9317
Willie Kirkland;4;Laymon Yokely;0,924
Willie Kirkland;5;Josh Thole;0,9081
Willie Mays;1;Billy Martin;0,9929
Willie Mays;2;Karl Drews;0,9927
Willie Mays;3;Byron Browne;0,9919
Willie Mays;4;Wally Roettger;0,9894
Willie Mays;5;Mickey Livingston;0,9891
Willie McCovey;1;Shaun Marcum;0,9846
Willie McCovey;2;Vicente Palacios;0,978
Willie McCovey;3;Terry Mathews;0,9767
Willie McCovey;4;Casey Fossum;0,9716
Willie McCovey;5;Emilio Pagan;0,9504
Willie McGee;1;Jim Beauchamp;0,9506
Willie McGee;2;Nate Colbert;0,9362
Willie McGee;3;Noodles Hahn;0,8921
Willie McGee;4;Austin Hays;0,8894
Willie McGee;5;Jerry Zimmerman;0,88
Willie Mitchell;1;Frank Shugart;0,9683
Willie Mitchell;2;Curt Blefary;0,8857
Willie Mitchell;3;Rabbit Maranville;0,869
Willie Mitchell;4;Tommy Holmes;0,8652
Willie Mitchell;5;David Newhan;0,8483
Willie Montanez;1;Dan Kennard;0,9331
Willie Montanez;2;Kyle Kendrick;0,9178
Willie Montanez;3;Rafael Belliard;0,9123
Willie Montanez;4;Freddy Sanchez;0,8933
Willie Montanez;5;Bob Priddy;0,8894
Willie Powell;1;Alex Carrasquel;0,9629
Willie Powell;2;Clay Kirby;0,9127
Willie Powell;3;Scott Elarton;0,8965
Willie Powell;4;Lynn McGlothen;0,8961
Willie Powell;5;Don Lock;0,8956
Willie Randolph;1;Karl Drews;0,9932
Willie Randolph;2;Buck O'Neil;0,9918
Willie Randolph;3;Byron Browne;0,9916
Willie Randolph;4;Johnny Bassler;0,99
Willie Randolph;5;Jeimer Candelario;0,9894
Willie Smith;1;Mike Harkey;0,9818
Willie Smith;2;Jorge Julio;0,974
Willie Smith;3;Earl Whitehill;0,9737
Willie Smith;4;Chris Carter;0,9655
Willie Smith;5;Roger Connor;0,9589
Willie Stargell;1;Ed Swartwood;0,9732
Willie Stargell;2;Ice Box Chamberlain;0,9718
Willie Stargell;3;Von Joshua;0,9685
Willie Stargell;4;Nippy Jones;0,9577
Willie Stargell;5;Emmet Heidrick;0,9561
Willie Sudhoff;1;Barry Jones;0,973
Willie Sudhoff;2;Doug Camilli;0,8869
Willie Sudhoff;3;Brian Williams;0,8784
Willie Sudhoff;4;Ricky Jordan;0,8753
Willie Sudhoff;5;Wayne Nordhagen;0,8751
Willie Upshaw;1;Emmet Heidrick;0,9784
Willie Upshaw;2;Milt Stock;0,9753
Willie Upshaw;3;Lee May;0,9726
Willie Upshaw;4;Bryn Smith;0,9722
Willie Upshaw;5;Fred Schulte;0,971
Willie Wells;1;Egyptian Healy;0,8985
Willie Wells;2;Gil Hatfield;0,879
Willie Wells;3;Rodney Scott;0,8155
Willie Wells;4;Freddy Leach;0,8072
Willie Wells;5;Homer Summa;0,8053
Willie Wilson;1;Tommie Reynolds;0,9923
Willie Wilson;2;Tyler Glasnow;0,9915
Willie Wilson;3;Kyle Tucker;0,9888
Willie Wilson;4;John Grim;0,9869
Willie Wilson;5;Jim Gosger;0,9846
Willis Flournoy;1;Porter Moss;0,9455
Willis Flournoy;2;Tom Hutton;0,9146
Willis Flournoy;3;Elmer Dessens;0,8869
Willis Flournoy;4;Don Mossi;0,8844
Willis Flournoy;5;John Tsitouris;0,8824
Willis Hudlin;1;Lance Richbourg;0,9663
Willis Hudlin;2;Mike Greenwell;0,9537
Willis Hudlin;3;Big Bill Smith;0,9287
Willis Hudlin;4;Ivy Andrews;0,9169
Willis Hudlin;5;Ivan Calderon;0,8908
Willson Contreras;1;Dalton Jones;0,9553
Willson Contreras;2;Jarrod Saltalamacchia;0,9498
Willson Contreras;3;Catfish Hunter;0,9265
Willson Contreras;4;Pop Snyder;0,9077
Willson Contreras;5;Lonnie Chisenhall;0,9068
Willy Adames;1;Chad Tracy;0,9749
Willy Adames;2;Mike Timlin;0,9594
Willy Adames;3;Jose Tartabull;0,9465
Willy Adames;4;Brad Brach;0,9464
Willy Adames;5;Luis Cessa;0,946
Willy Miranda;1;Otto Knabe;0,9942
Willy Miranda;2;Bones Ely;0,993
Willy Miranda;3;Bryn Smith;0,993
Willy Miranda;4;Mike Sweeney;0,9889
Willy Miranda;5;Mike Guerra;0,9886
Wilmer Difo;1;Oil Can Boyd;0,9796
Wilmer Difo;2;Frank Sullivan;0,9679
Wilmer Difo;3;Kirby Yates;0,9581
Wilmer Difo;4;Glen Hobbie;0,9427
Wilmer Difo;5;Mat Latos;0,9413
Wilmer Flores;1;Whitey Herzog;0,9277
Wilmer Flores;2;Tom Underwood;0,8731
Wilmer Flores;3;Jeremy Affeldt;0,857
Wilmer Flores;4;Deacon McGuire;0,8437
Wilmer Flores;5;Mike Moustakas;0,8211
Wilson Alvarez;1;Bill Hart;0,97
Wilson Alvarez;2;Ed Heusser;0,9264
Wilson Alvarez;3;Duane Pillette;0,9164
Wilson Alvarez;4;Wilmer Difo;0,9007
Wilson Alvarez;5;Tom Buskey;0,889
Wilson Betemit;1;Jose Berrios;0,9015
Wilson Betemit;2;Tyler Naquin;0,9009
Wilson Betemit;3;Daniel Bard;0,8995
Wilson Betemit;4;Donovan Osborne;0,8668
Wilson Betemit;5;Scott Bankhead;0,8592
Wilson Delgado;1;Danny Cox;0,9185
Wilson Delgado;2;Steve Ridzik;0,9055
Wilson Delgado;3;Rich Morales;0,8791
Wilson Delgado;4;Willie Foster;0,8736
Wilson Delgado;5;Aaron Cook;0,8661
Wilson Ramos;1;Paul Goldschmidt;0,9106
Wilson Ramos;2;Shawn Chacon;0,905
Wilson Ramos;3;Roxy Walters;0,8952
Wilson Ramos;4;Dick Tracewski;0,8854
Wilson Ramos;5;Herm Wehmeier;0,8821
Wilson Redus;1;Orlando Merced;0,8909
Wilson Redus;2;Joey Wendle;0,8879
Wilson Redus;3;Kyle Davies;0,8786
Wilson Redus;4;Marcus Thames;0,8771
Wilson Redus;5;Ripper Collins;0,8597
Wily Peralta;1;Mark Williamson;0,8974
Wily Peralta;2;Valentín Dreke;0,8962
Wily Peralta;3;Scott Bailes;0,8961
Wily Peralta;4;Alex Cobb;0,8777
Wily Peralta;5;Tim Worrell;0,8748
Win Mercer;1;Joe Birmingham;0,9515
Win Mercer;2;Kolten Wong;0,9495
Win Mercer;3;Junior Ortiz;0,9487
Win Mercer;4;Craig Monroe;0,9332
Win Mercer;5;Monte Pearson;0,9293
Woodie Fryman;1;Dutch Henry;0,9167
Woodie Fryman;2;Collin McHugh;0,8938
Woodie Fryman;3;Steve Barber;0,8762
Woodie Fryman;4;Cecil Espy;0,8668
Woodie Fryman;5;Chuck Klein;0,8635
Woodie Held;1;Jose Trevino;0,9126
Woodie Held;2;Tom Kinslow;0,875
Woodie Held;3;Gary Thomasson;0,8721
Woodie Held;4;Dwight Smith;0,8703
Woodie Held;5;Ray Mack;0,8581
Woody English;1;Jorge Velandia;0,9484
Woody English;2;Stu Martin;0,941
Woody English;3;Chuck Crim;0,9328
Woody English;4;Bill Campbell;0,9279
Woody English;5;Dick Buckley;0,9114
Woody Jensen;1;John Farrell;0,9725
Woody Jensen;2;Greasy Neale;0,9708
Woody Jensen;3;Gerald Young;0,9691
Woody Jensen;4;Irv Noren;0,9613
Woody Jensen;5;Grover Hartley;0,9547
Woody Williams;1;Ramon Laureano;0,9229
Woody Williams;2;John Lyles;0,8642
Woody Williams;3;Mike Shannon;0,858
Woody Williams;4;Doc Sykes;0,846
Woody Williams;5;Pat Zachry;0,8429
Woody Woodward;1;Miguel Olivo;0,9453
Woody Woodward;2;Benny Kauff;0,9289
Woody Woodward;3;Clyde McCullough;0,9266
Woody Woodward;4;Matt Olson;0,9169
Woody Woodward;5;Paul Blair;0,895
Xander Bogaerts;1;Tim Wakefield;0,9084
Xander Bogaerts;2;Roy Cullenbine;0,9018
Xander Bogaerts;3;Henry Spearman;0,9006
Xander Bogaerts;4;Al Newman;0,8978
Xander Bogaerts;5;Fran Healy;0,8856
Xavier Cedeno;1;Anthony Telford;0,9992
Xavier Cedeno;2;Kyle Hendricks;0,9803
Xavier Cedeno;3;Mychal Givens;0,9802
Xavier Cedeno;4;Bob Owchinko;0,9763
Xavier Cedeno;5;Dave Goltz;0,9697
Xavier Hernandez;1;Kevin Young;0,9953
Xavier Hernandez;2;Brad Boxberger;0,9936
Xavier Hernandez;3;Mike Guerra;0,989
Xavier Hernandez;4;Bones Ely;0,9883
Xavier Hernandez;5;Willy Miranda;0,9847
Xavier Nady;1;Adrian Gonzalez;0,9666
Xavier Nady;2;Doug Strange;0,9647
Xavier Nady;3;Willie Davis;0,9636
Xavier Nady;4;Billy McKinney;0,9557
Xavier Nady;5;Shannon Stewart;0,9505
Yadier Molina;1;Mark Williamson;0,9449
Yadier Molina;2;Mark Huismann;0,9336
Yadier Molina;3;Chick Gandil;0,9053
Yadier Molina;4;Chris Codiroli;0,9
Yadier Molina;5;Zach Davies;0,8839
Yan Gomes;1;Tommy Boggs;0,9665
Yan Gomes;2;Lefty Weinert;0,9173
Yan Gomes;3;Ryan Flaherty;0,8697
Yan Gomes;4;Chuck Taylor;0,8565
Yan Gomes;5;Vicente Romo;0,8536
Yandy Diaz;1;Zack Taylor;0,9687
Yandy Diaz;2;Levi Meyerle;0,967
Yandy Diaz;3;Zach Eflin;0,9597
Yandy Diaz;4;Andy Seminick;0,9491
Yandy Diaz;5;Ivey Wingo;0,9484
Yasmani Grandal;1;Sid Farrar;0,8979
Yasmani Grandal;2;Jason Grimsley;0,8895
Yasmani Grandal;3;Dave McKay;0,8891
Yasmani Grandal;4;Dick Johnston;0,8798
Yasmani Grandal;5;Clarence Smith;0,866
Yimi Garcia;1;Shaun Marcum;0,9579
Yimi Garcia;2;Mike Lincoln;0,9517
Yimi Garcia;3;Vicente Palacios;0,9503
Yimi Garcia;4;Terry Mathews;0,9489
Yimi Garcia;5;Biff Pocoroba;0,9481
Yoan Moncada;1;Randy Jackson;0,9571
Yoan Moncada;2;Erskine Mayer;0,9542
Yoan Moncada;3;Kevin Cash;0,9186
Yoan Moncada;4;Brian Tallet;0,8864
Yoan Moncada;5;Luke Scott;0,8803
Yogi Berra;1;Joe Battin;0,9397
Yogi Berra;2;Jorge Polanco;0,9088
Yogi Berra;3;Billy Bryan;0,8831
Yogi Berra;4;Earl Williams;0,8799
Yogi Berra;5;Lou Dials;0,8783
Yonder Alonso;1;Alfonso Soriano;0,9865
Yonder Alonso;2;Larry Gardner;0,9854
Yonder Alonso;3;Mike Boddicker;0,9852
Yonder Alonso;4;Tyler Glasnow;0,9805
Yonder Alonso;5;Tommie Reynolds;0,9803
Yorkis Perez;1;Dave Tomlin;0,9722
Yorkis Perez;2;Mike Pelfrey;0,9558
Yorkis Perez;3;Otto Briggs;0,94
Yorkis Perez;4;Ben Grieve;0,9177
Yorkis Perez;5;Chubby Dean;0,9143
Yorvit Torrealba;1;Jack Hannahan;0,9026
Yorvit Torrealba;2;Jim Willoughby;0,878
Yorvit Torrealba;3;Hank Wyse;0,8619
Yorvit Torrealba;4;Matt Garza;0,8524
Yorvit Torrealba;5;Jim Johnson;0,8479
Yovani Gallardo;1;Ronald Acuña;0,8986
Yovani Gallardo;2;Doug McWeeny;0,8775
Yovani Gallardo;3;Ray Dandridge;0,8735
Yovani Gallardo;4;Juan Nicasio;0,861
Yovani Gallardo;5;Ted Page;0,8537
Yu Darvish;1;Bob Humphreys;0,9416
Yu Darvish;2;George Boehler;0,9078
Yu Darvish;3;Matt Shoemaker;0,9062
Yu Darvish;4;Rob Murphy;0,8933
Yu Darvish;5;Mychal Givens;0,8925
Yuli Gurriel;1;Art Fletcher;0,9452
Yuli Gurriel;2;Charles Zimmer;0,9384
Yuli Gurriel;3;Phil Masi;0,9353
Yuli Gurriel;4;Jimmy Rollins;0,9282
Yuli Gurriel;5;Bill Cissell;0,9274
Yunel Escobar;1;Casey Kotchman;0,8966
Yunel Escobar;2;Rich Morales;0,8886
Yunel Escobar;3;Jesse Levis;0,8868
Yunel Escobar;4;John Kruk;0,8767
Yunel Escobar;5;Jim Willis;0,8752
Yuniesky Betancourt;1;Lefty Leifield;0,9546
Yuniesky Betancourt;2;Henry Blanco;0,9167
Yuniesky Betancourt;3;Ryan Theriot;0,8982
Yuniesky Betancourt;4;Carl Morton;0,8928
Yuniesky Betancourt;5;Joe Birmingham;0,8743
Yusmeiro Petit;1;Carl Edwards;0,9862
Yusmeiro Petit;2;Bobby Parnell;0,9837
Yusmeiro Petit;3;Dave Dravecky;0,9415
Yusmeiro Petit;4;Tex Hughson;0,9404
Yusmeiro Petit;5;Terry Whitfield;0,9371
Zach Davies;1;Mark Huismann;0,9455
Zach Davies;2;Zach Duke;0,9255
Zach Davies;3;Matt Andriese;0,9144
Zach Davies;4;Yadier Molina;0,8839
Zach Davies;5;Dave Nelson;0,8793
Zach Duke;1;Matt Andriese;0,9988
Zach Duke;2;Tim Byrdak;0,9477
Zach Duke;3;William Webster;0,9444
Zach Duke;4;Zach Davies;0,9255
Zach Duke;5;Matt Mantei;0,9149
Zach Eflin;1;Taylor Teagarden;0,975
Zach Eflin;2;Brad Fullmer;0,9661
Zach Eflin;3;John Wyatt;0,9654
Zach Eflin;4;Jimmy Hill;0,9649
Zach Eflin;5;Yandy Diaz;0,9597
Zach McAllister;1;Sonny Siebert;0,9739
Zach McAllister;2;Pedro Florimon;0,9514
Zach McAllister;3;Dontrelle Willis;0,9474
Zach McAllister;4;Joe Ginsberg;0,9463
Zach McAllister;5;Willie Smith;0,943
Zack Britton;1;Tim Burke;0,9662
Zack Britton;2;Jouett Meekin;0,9219
Zack Britton;3;Jim McDonald;0,9169
Zack Britton;4;Pete Washington;0,9103
Zack Britton;5;Grant Balfour;0,9062
Zack Cozart;1;Ray Katt;0,9561
Zack Cozart;2;Benny Kauff;0,9556
Zack Cozart;3;Jose Altuve;0,9151
Zack Cozart;4;Bud Norris;0,915
Zack Cozart;5;Dave Rader;0,9045
Zack Greinke;1;Cecilio Guante;0,8783
Zack Greinke;2;Lee Walls;0,8657
Zack Greinke;3;Irvin Brooks;0,8626
Zack Greinke;4;Tim Redding;0,8606
Zack Greinke;5;Mike Clevinger;0,8601
Zack Littell;1;Kevin Pillar;0,9721
Zack Littell;2;Bill Voss;0,9435
Zack Littell;3;Tyler Houston;0,9386
Zack Littell;4;Ross Grimsley;0,9202
Zack Littell;5;Brad Radke;0,9182
Zack Taylor;1;Jimmy Archer;0,9717
Zack Taylor;2;Wes Parker;0,9693
Zack Taylor;3;Yandy Diaz;0,9687
Zack Taylor;4;John Wyatt;0,9666
Zack Taylor;5;Tom Johnson;0,964
Zack Wheat;1;Tex Carleton;0,9556
Zack Wheat;2;Jakob Junis;0,9312
Zack Wheat;3;Jose Tartabull;0,9065
Zack Wheat;4;Hoot Evers;0,903
Zack Wheat;5;Charlie Smith;0,8684
Zack Wheeler;1;Pedro Severino;0,9454
Zack Wheeler;2;John Jaha;0,9262
Zack Wheeler;3;Chris Donnels;0,9163
Zack Wheeler;4;Gary Bell;0,874
Zack Wheeler;5;Lew McCarty;0,87
Zane Smith;1;Steve McCatty;0,9524
Zane Smith;2;Ollie Pickering;0,9479
Zane Smith;3;John O'Donoghue;0,9448
Zane Smith;4;Johnny Niggeling;0,9428
Zane Smith;5;Felix Heredia;0,9373
Zoilo Versalles;1;Buddy Kerr;0,8968
Zoilo Versalles;2;Charlie Neal;0,8893
Zoilo Versalles;3;Dave McKay;0,8669
Zoilo Versalles;4;Dick Johnston;0,8641
Zoilo Versalles;5;Mitch Haniger;0,8587
Zollie Wright;1;Glenn Davis;0,9723
Zollie Wright;2;Pete Whisenant;0,9698
Zollie Wright;3;Joe Magrane;0,9655
Zollie Wright;4;Clyde Engle;0,9582
Zollie Wright;5;Danny O'Connell;0,9479
