339781;Hank Aaron;23;8,33333333333333;2;5,33333333333333;1,66666666666667;1,17566666666667
339782;Tommie Aaron;1;0;0;0;0;0
339783;Don Aase;0;0;0;0;0;NULL
339785;Fernando Abad;0;0;0;0;0;NULL
339787;Ed Abbaticchio;1;0;0;0;0;0
339794;Glenn Abbott;0;0;0;0;0;NULL
339795;Jeff Abbott;1;0;0;0;0;0
339798;Kurt Abbott;5,33333333333333;1,16666666666667;0;0;0,166666666666667;0,347166666666667
339801;Paul Abbott;0;0;0;0;0;NULL
339821;Bobby Abreu;13,4;3,8;0,2;1,8;2,4;0,8702
339822;Bryan Abreu;0;0;0;0;0;NULL
339825;Jose Abreu;12,75;3,75;0,25;1,75;1;0,6775
339829;Wilyer Abreu;5;0;0;0;0;0
339830;Bill Abstein;26;6;0;2;3;0,618
339833;Alfredo Aceves;0;0;0;0;0;NULL
339838;Jim Acker;0;0;0;0;0;NULL
339851;Luisangel Acuña;1;0;0;0;0;0
339852;Ronald Acuña;15,5714285714286;4;0,428571428571429;1,28571428571429;2,14285714285714;0,796714285714286
339854;Jerry Adair;16;2;0;1;0;0,25
339857;Willy Adames;12,3333333333333;2,66666666666667;0,222222222222222;0,777777777777778;2;0,638111111111111
339858;Jason Adam;0;0;0;0;0;NULL
339862;Austin Adams;0;0;0;0;0;NULL
339863;Babe Adams;4,5;0;0;0;0,5;0,1
339876;Emery Adams;2;1;0;0;0;1
339885;Lane Adams;1;0;0;0;0;0
339886;Matt Adams;12;2,75;0,5;1,375;1,125;0,787714285714286
339889;Mike Adams;0;0;0;0;0;NULL
339897;Sparky Adams;12,5;2;0;0,5;0;0,393
339898;Spencer Adams;0,5;0;0;0;0;0
339903;Joe Adcock;14;3,5;0;1;0,5;0,5325
339925;Ehire Adrianza;2,75;0,25;0;0;0;0,125
339927;Jeremy Affeldt;0;0;0;0;0;NULL
339928;Benny Agbayani;13,4;4;0,2;1,4;2,8;0,8116
339929;Tommie Agee;16;4;1,5;2,5;2;0,939
339932;Sam Agnew;9;0;0;0;0;0
339934;Juan Agosto;0;0;0;0;0;NULL
339936;Luis Aguayo;0;0;0;0;0;NULL
339939;Jesus Aguilar;14,5;3;0,75;1,75;0,75;0,66475
339941;Rick Aguilera;0,333333333333333;0;0;0;0;0
339947;Willie Aikens;13,3333333333333;5;1,33333333333333;3,33333333333333;3;1,066
339958;Keegan Akin;0;0;0;0;0;NULL
339959;Shogo Akiyama;5;0;0;0;0;0
339968;Hanser Alberto;10;2;0;2;0;0,5
339971;Matt Albers;0;0;0;0;0;NULL
339972;Ozzie Albies;16,8;4,2;0,3;1;1,4;0,5863
339978;Al Alburquerque;0;0;0;0;0;NULL
339986;Sandy Alcantara;0;0;0;0;0;NULL
339993;Mike Aldrete;3,66666666666667;0,333333333333333;0;0,333333333333333;0;0,1
339997;Vic Aldridge;4,5;0;0;0;0;0
340002;Chuffie Alexander;6;1;0;1;0;0,5
340005;Doyle Alexander;0;0;0;0;0;NULL
340011;Matt Alexander;0;0;0;0;0;NULL
340012;Manny Alexander;2,5;0;0;0;0;0
340014;Pete Alexander;4,33333333333333;0,333333333333333;0;0,333333333333333;0;0,133333333333333
340015;Scott Alexander;0;0;0;0;0;NULL
340017;Ted Alexander;2,66666666666667;0;0;0;0;0
340022;Jorge Alfaro;3;0;0;0;0;0
340023;Antonio Alfonseca;0;0;0;0;0;NULL
340025;Edgardo Alfonzo;19,5;5,83333333333333;0,666666666666667;3,66666666666667;1,83333333333333;0,922666666666667
340028;Luis Alicea;7,5;2;0,25;0,25;1,25;0,62025
340046;Cody Allen;0;0;0;0;0;NULL
340047;Dick Allen;9;2;0;0;3;0,639
340052;Greg Allen;0,333333333333333;0;0;0;0;0
340063;Johnny Allen;0;0;0;0;0;NULL
340072;Newt Allen;24,5714285714286;6,42857142857143;0,142857142857143;1,42857142857143;1;0,629428571428571
340080;Toussaint Allen;19;3;0;2;0;0,368
340081;Gene Alley;6,75;0,25;0;0;0,5;0,3645
340089;Bob Allison;8,66666666666667;0,666666666666667;0,333333333333333;1;1;0,31
340106;Yency Almonte;0;0;0;0;0;NULL
340108;Albert Almora;6,16666666666667;1,16666666666667;0,166666666666667;0,5;0,166666666666667;0,3645
340110;Roberto Alomar;20,9090909090909;6,54545454545455;0,363636363636364;3;2,45454545454545;0,831909090909091
340111;Sandy Alomar;1;0;0;0;0;0
340112;Sandy Alomar;17,3;3,7;0,5;2,8;0,7;0,5698
340113;Pete Alonso;13,5;3,75;1,25;2,75;3,5;1,0305
340115;Yonder Alonso;6;0;0;0;0;0
340116;Felipe Alou;13,5;3,5;0;0,5;0,5;0,3405
340117;Jesus Alou;6,75;1,5;0;1;0;0,75875
340118;Matty Alou;17,25;4;0;0,75;1,25;0,6455
340119;Moises Alou;19,1428571428571;5,28571428571429;0,714285714285714;3,42857142857143;1;0,661714285714286
340126;Dan Altavilla;0;0;0;0;0;NULL
340133;Nick Altrock;4;1;0;0;1;0,65
340134;Jose Altuve;18,7727272727273;5,04545454545455;1,13636363636364;2,36363636363636;1,90909090909091;0,799772727272727
340145;Francisco Alvarez;11;2,75;0;0,75;0,5;0,3815
340149;Jose Alvarez;0;0;0;0;0;NULL
340150;Jose Alvarado;0;0;0;0;0;NULL
340156;Pedro Alvarez;7,66666666666667;2;1;2,33333333333333;0,666666666666667;0,454
340163;Wilson Alvarez;0,666666666666667;0;0;0;0;0
340164;Yordan Alvarez;16;4,41666666666667;0,916666666666667;2,91666666666667;2,58333333333333;1,00408333333333
340167;Brant Alyea;7;0;0;0;2;0,222
340171;Rich Amaral;3;1;0;0;0;0,5
340172;Alexi Amarista;1;1;0;1;0;2
340174;Ruben Amaro;1,5;0;0;0;0;0
340182;Red Ames;0,666666666666667;0,333333333333333;0;0;0;1
340184;Alfredo Amezaga;2;0;0;0;0;0
340186;Sandy Amoros;10,3333333333333;1,66666666666667;0,333333333333333;1,33333333333333;2;0,639
340194;Bill Anderson;1;0;0;0;0;0
340198;Brady Anderson;20;6;1,5;3;2,5;0,94825
340199;Brian Anderson;0,5;0;0;0;0;0
340200;Brian Anderson;2,5;0;0;0;0;0
340201;Brett Anderson;0,333333333333333;0;0;0;0;0
340203;Brian Anderson;9,5;2;0;0,5;0,5;0,4775
340211;Dave Anderson;3;0;0;0;1,5;0,1875
340217;Fred Anderson;0;0;0;0;0;NULL
340218;Garret Anderson;18,375;4,5;0,625;2,75;0,625;0,654875
340221;Grant Anderson;0;0;0;0;0;NULL
340224;Ian Anderson;0,666666666666667;0;0;0;0;0
340226;Jim Anderson;11;1;0;0;0;0,182
340234;Larry Andersen;0;0;0;0;0;NULL
340238;Marlon Anderson;6,25;1,5;0;0,25;0,25;0,58975
340241;Nick Anderson;0;0;0;0;0;NULL
340251;Tim Anderson;16,5;8;0;0,5;0;1,083
340252;Tyler Anderson;0,333333333333333;0;0;0;0,333333333333333;0,5
340256;Robert Andino;6;2,5;0;0;0;1,8635
340268;Ivy Andrews;2;0;0;0;0;0
340275;Mike Andrews;5,66666666666667;1,33333333333333;0;0,333333333333333;0,333333333333333;0,288333333333333
340284;Elvis Andrus;19,2222222222222;5,11111111111111;0,111111111111111;0,777777777777778;1,33333333333333;0,680555555555556
340287;Joaquin Andujar;1,2;0,2;0;0;0;0,25
340289;Miguel Andujar;4,66666666666667;0,666666666666667;0;0;1;0,837
340294;Rick Ankiel;3,75;0,5;0,25;0,25;0,5;0,234
340297;Cap Anson;23,5;8;0;0,5;3;0,8245
340298;Eric Anthony;1;0;0;0;1;0,5
340304;Johnny Antonelli;3;0;0;1;0;0
340307;Nori Aoki;10,25;2;0;0,75;1,25;0,4085
340308;Luis Aparicio;21;6;0;1;1;0,633
340313;Kevin Appier;0;0;0;0;0;NULL
340320;Aristides Aquino;6;2;0;0;0;0,667
340326;Jonathan Aranda;1;0;0;0;0;0
340333;Chris Archer;0;0;0;0;0;NULL
340335;Jimmy Archer;7;1;0;0;0;0,2275
340341;Orlando Arcia;7,7;1,9;0,5;0,8;0,5;0,5292
340348;Nolan Arenado;6,6;1;0,2;0,6;0;0,4028
340352;Alex Arias;1;0,666666666666667;0;0,333333333333333;0;1,33333333333333
340354;Gabriel Arias;10,5;2,5;0;0,5;0;0,518
340355;George Arias;1;0;0;0;0;0
340356;Joaquin Arias;1,71428571428571;0,714285714285714;0;0,142857142857143;0;0,83325
340360;Mario Ariosa;3;1;0;1;0;1
340366;Tony Armas;10;2,5;0;0,75;0,25;0,48925
340369;Ed Armbrister;1,75;0,25;0;0,25;0,5;0,5
340376;Buddy Armour;15;4,5;0;2;1;0,6865
340380;Jack Armstrong;0;0;0;0;0;NULL
340384;Shawn Armstrong;0;0;0;0;0;NULL
340393;Morrie Arnovich;1;0;0;0;0;0
340398;Randy Arozarena;14,6363636363636;4,27272727272727;1,09090909090909;1,72727272727273;1,54545454545455;0,779909090909091
340399;Luis Arraez;11,1666666666667;2,5;0;0,166666666666667;0,333333333333333;0,528
340400;Jose Arredondo;0;0;0;0;0;NULL
340401;Jake Arrieta;1,625;0,25;0,125;0,375;0;0,381
340405;Bronson Arroyo;0,857142857142857;0;0;0;0;0
340406;Christian Arroyo;12,6666666666667;3;0,333333333333333;1;0;0,457333333333333
340408;Luis Arroyo;0,5;0;0;0;0;0
340425;Richie Ashburn;17;3;0;1;0;0,412
340426;Aaron Ashby;0;0;0;0;0;NULL
340427;Alan Ashby;13,3333333333333;1,66666666666667;0,666666666666667;1,66666666666667;1,33333333333333;0,490333333333333
340428;Andy Ashby;1,2;0;0;0;0;0
340431;Graham Ashcraft;0;0;0;0;0;NULL
340435;Billy Ashley;1;0;0;0;0,5;0
340439;Bob Aspromonte;3;0;0;0;0;0
340443;Paul Assenmacher;0;0;0;0;0;NULL
340444;Ezequiel Astacio;0;0;0;0;0;NULL
340445;Pedro Astacio;0,333333333333333;0;0;0;0;0
340448;Willians Astudillo;1;0;0;0;0;0
340453;Keith Atherton;0;0;0;0;0;NULL
340460;Garrett Atkins;13,25;2,5;0,25;1,25;1,25;0,59925
340462;Joe Atkins;11;2;0;1;1;0,614
340474;Rick Auerbach;1;0,333333333333333;0;0;0;1,5
340481;Elden Auker;3;0;0;0;0;0
340485;Rich Aurilia;19,6;4,4;1,2;3,6;1,4;0,728
340487;Brad Ausmus;13,25;3,25;0,375;0,875;1,125;0,73625
340506;Earl Averill;3;0;0;0;0;0
340509;Steve Avery;1,9;0,4;0;0,1;0;0,422666666666667
340511;Alex Avila;11,1;1,7;0,3;0,7;1,1;0,651666666666667
340512;Bobby Avila;15;2;0;0;2;0,369
340513;Luis Avilan;0;0;0;0;0;NULL
340516;Pedro Avila;0;0;0;0;0;NULL
340518;Ramon Aviles;0;0;0;0;0,5;NULL
340522;John Axford;0;0;0;0;0;NULL
340523;Benny Ayala;2,33333333333333;1;0,333333333333333;1,33333333333333;0,333333333333333;1,631
340524;Bobby Ayala;0;0;0;0;0;NULL
340525;Luis Ayala;0;0;0;0;0;NULL
340526;Erick Aybar;12,2;3,2;0;0,8;0,2;0,5616
340527;Manny Aybar;0;0;0;0;0;NULL
340528;Willy Aybar;10;3,25;0,5;1,75;0,25;0,74925
340536;Jose Azocar;0;0;0;0;0;NULL
340546;Brandon Backe;2,2;0;0;0;0;0
340549;Wally Backman;17;4,5;0;1,25;2;0,623
340558;Harrison Bader;6,3;1,5;0,5;1;0,6;0,586555555555555
340564;Carlos Baerga;21,6666666666667;6,33333333333333;0,333333333333333;3;1;0,699333333333333
340566;Danys Baez;0;0;0;0;0;NULL
340567;Javier Baez;14;3,36363636363636;0,545454545454545;1,72727272727273;0,545454545454545;0,754818181818182
340572;Pedro Baez;0;0;0;0;0;NULL
340575;Jim Bagby;6;2;1;3;0;1,167
340576;Jim Bagby;1;0;0;0;0;0
340578;Jeff Bagwell;11,7777777777778;2,66666666666667;0,222222222222222;1,44444444444444;2,11111111111111;0,582
340579;Stan Bahnsen;0;0;0;0;0;NULL
340592;Ed Bailey;14;1;1;2;0;0,357
340597;Homer Bailey;1,5;0;0;0;0;0
340608;Bob Bailor;1;0;0;0;0;0
340609;Harold Baines;12,75;4,125;0,625;2;1,125;0,909625
340615;Doug Bair;0;0;0;0;0;NULL
340621;Bill Baker;4;1;0;0;0;0,5
340623;Bryan Baker;0;0;0;0;0;NULL
340629;Doug Baker;0;0;0;0;0;NULL
340630;Dusty Baker;18,625;5,25;0,625;2,625;1,5;0,80625
340633;Floyd Baker;2;0;0;0;0;0
340634;Home Run Baker;15,1666666666667;5,5;0,5;3;0,833333333333333;0,750833333333333
340636;Frank Baker;0;0;0;0;0;NULL
340638;Gene Baker;13;2;0,5;0,5;1,5;0,287
340644;Jeff Baker;1,33333333333333;0,666666666666667;0;0,333333333333333;0;1
340653;Scott Baker;0;0;0;0;0;NULL
340658;Paul Bako;6,2;1,2;0,2;1;0,8;0,4344
340662;Steve Balboni;20,3333333333333;4;0;1,33333333333333;2,66666666666667;0,438666666666667
340664;Rocco Baldelli;5,75;1;0,5;1,5;0,75;0,64025
340673;Harry Baldwin;0;0;0;0;0;NULL
340675;James Baldwin;0;0;0;0;0;NULL
340678;Lady Baldwin;17;4;0;1;2;0,61
340689;Grant Balfour;0;0;0;0;0;NULL
340694;Moisés Ballesteros;1,5;0;0;0;0;0
340700;Neal Ball;1;0;0;0;0;0
340701;Win Ballou;0;0;0;0;0;NULL
340707;Dave Bancroft;23,25;4;0;1,75;1,5;0,43
340709;Anthony Banda;0;0;0;0;0;NULL
340711;Sal Bando;17,6666666666667;4,33333333333333;0,555555555555556;1,44444444444444;2;0,785333333333333
340717;Dan Bankhead;0;0;0;0;0;NULL
340719;Sam Bankhead;13,5;3,3;0;0,7;1,3;0,4835
340722;Brian Banks;1,5;0;0;0;0,5;0,25
340731;Tanner Banks;0;0;0;0;0;NULL
340736;Floyd Bannister;0;0;0;0;0;NULL
340741;Jack Banta;1;0;0;0;0;0
340747;Rod Barajas;3;1;0,666666666666667;0,666666666666667;0;1,325
340764;Turner Barber;2;0;0;0;0;0
340765;Jim Barbieri;1;0;0;0;0;0
340767;Lorenzo Barcelo;0;0;0;0;0;NULL
340771;Daniel Bard;0;0;0;0;0;NULL
340773;Josh Bard;7;1;0;0;1;0,393
340776;Jesse Barfield;25;7;1;4;3;0,797
340778;Josh Barfield;4;1;0;0;0,5;0,708
340781;Addison Barger;20;7,33333333333333;1;3;2,66666666666667;0,974666666666667
340786;Glen Barker;3;0;0;0;0;0
340797;Sam Barkley;23;2;0;0;2;0,247
340800;Mike Barlow;0;0;0;0;0;NULL
340801;Scott Barlow;0;0;0;0;0;NULL
340804;Clint Barmes;8,33333333333333;1;0;0;0;0,357
340807;Austin Barnes;7,13333333333333;1,46666666666667;0,133333333333333;0,666666666666667;0,666666666666667;0,641
340814;Darwin Barney;7,5;0,5;0;0;0;0,125
340824;Jesse Barnes;6,5;2;0;0;0;0,4445
340826;John Barnes;5;1;0;1;0;0,8
340830;Matt Barnes;0;0;0;0;0;NULL
340833;Rex Barney;0,5;0;0;0;0;0
340839;Tony Barnette;0;0;0;0;0;NULL
340841;Virgil Barnes;2,5;0;0;0;0,5;0,1
340843;Clyde Barnhart;22;6;0;4,5;1,5;0,648
340844;Dave Barnhill;1,5;0;0;0;0;0
340849;Tucker Barnhart;5;0;0;0;0;0
340856;Salome Barojas;0;0;0;0;0;NULL
340866;Aaron Barrett;0;0;0;0;0;NULL
340878;Marty Barrett;18,75;6,25;0;2,25;2;0,682
340881;Red Barrett;0;0;0;0;0;NULL
340890;Jim Barr;1;0;0;0;0;0
340903;Jack Barry;17,4;4,2;0;1,4;0,6;0,5864
340909;Dick Bartell;22,6666666666667;6,66666666666667;0,333333333333333;2,33333333333333;2,33333333333333;0,787333333333333
340921;Jason Bartlett;15,4;4,2;0,2;0,6;1;0,6884
340927;Daric Barton;3;0;0;0;0;0
340946;Anthony Bass;0;0;0;0;0;NULL
340951;Pepper Bassett;16;6,5;0,5;3,5;1,5;0,949
340953;Chris Bassitt;0;0;0;0;0;NULL
340955;Kevin Bass;24;7;0;0;4;0,768
340961;Antonio Bastardo;0;0;0;0;0;NULL
340968;Billy Bates;0,5;0,5;0;0;0;2
340974;Jason Bates;5;1;0;0;0;0,4
340978;Bill Bathe;1,5;0,5;0,5;1,5;0;1,25
340980;Kim Batiste;0,5;0,5;0;0,5;0;3
340981;Miguel Batista;1;0;0;0;0;0
340987;Earl Battey;25;3;0;2;0;0,32
340993;Howard Battle;1;0;0;0;0;0
340995;Ray Battle;5;0;0;0;1;0,167
341002;Hank Bauer;20,8888888888889;5,11111111111111;0,777777777777778;2,66666666666667;0,888888888888889;0,605111111111111
341003;Jake Bauers;6,33333333333333;2;0,666666666666667;1,33333333333333;0,333333333333333;1,191
341007;Trevor Bauer;0,166666666666667;0;0;0;0;0
341022;Danny Bautista;5,14285714285714;1,57142857142857;0;1,57142857142857;0,285714285714286;0,668857142857143
341027;Jose Bautista;14,8;3,6;1,2;3,2;2,8;1,0336
341036;Jason Bay;16,3333333333333;5;1;3;4;0,918333333333333
341041;Don Baylor;12,1;3,3;0,4;2,1;1,3;0,6379
341044;Eduard Bazardo;0;0;0;0;0;NULL
341046;Shane Baz;0;0;0;0;0;NULL
341066;Dave Beard;0;0;0;0;0;NULL
341067;Gene Bearden;4;2;0;0;0;1,25
341084;Jim Beattie;0;0;0;0;0;NULL
341085;Matt Beaty;3,8;0,8;0;0,2;0,2;0,2875
341086;Jim Beauchamp;4;0;0;0;0;0
341087;Ginger Beaumont;18;4,5;0;0,5;1,5;0,481
341091;Johnny Beazley;3,5;0,5;0;0;0;0,286
341092;Buck Becannon;2;1;0;0;0;1
341099;Beals Becker;2,33333333333333;0;0;0;0,666666666666667;0,1665
341104;Heinz Becker;2;1;0;0;1;1,167
341106;Josh Beckett;1,22222222222222;0,222222222222222;0;0;0,111111111111111;0,194333333333333
341114;Gordon Beckham;1;0;0;0;0;0
341121;Rod Beck;0;0;0;0;0;NULL
341123;Joe Beckwith;0;0;0;0;0;NULL
341131;Hugh Bedient;6;0;0;0;0;0
341133;David Bednar;0;0;0;0;0;NULL
341135;Steve Bedrosian;0;0;0;0;0;NULL
341150;Joe Beggs;0;0;0;0;0;NULL
341158;Hank Behrman;0;0;0;0;0;NULL
341159;Joe Beimel;0;0;0;0;0;NULL
341163;Mark Belanger;12,6;2,3;0,1;0,7;1,5;0,4701
341164;Wayne Belardi;2;0;0;0;0;0
341166;Tim Belcher;1,6;0,2;0;0;0;0,25
341171;Stan Belinda;0;0;0;0;0;NULL
341172;Matt Belisle;0,5;0;0;0;0;0
341173;Ronald Belisario;0;0;0;0;0;NULL
341177;Andrew Bellatti;0;0;0;0;0;NULL
341186;Cliff Bell;4;0,333333333333333;0;0;0;0,5
341187;Cool Papa Bell;25;6,85714285714286;0,142857142857143;2,28571428571429;2,28571428571429;0,691857142857143
341188;David Bell;16,7142857142857;4,71428571428571;0,428571428571429;1,85714285714286;1,85714285714286;0,733857142857143
341189;Derek Bell;5,66666666666667;0,5;0,166666666666667;0,166666666666667;0,333333333333333;0,321
341190;Albert Belle;15,25;3,5;1,5;3,5;4,25;0,96525
341196;Gary Bell;0;0;0;0;0;NULL
341198;George Bell;24;6,5;0,5;1,5;0;0,65
341199;Gus Bell;3;0;0;0;0;0
341201;Herman Bell;2,5;1;0;0,5;0,5;1,825
341202;Herman Bell;0;0;0;0;0;NULL
341203;Mark Bellhorn;9,6;1,8;0,6;1,6;3;0,6305
341204;Clay Bellinger;0,625;0,125;0;0,125;0;0,75
341205;Cody Bellinger;15,8823529411765;3,35294117647059;0,588235294117647;2,17647058823529;1,58823529411765;0,665470588235294
341206;Rafael Belliard;6,81818181818182;1,54545454545455;0;0,727272727272727;0,363636363636364;0,407
341207;Ronnie Belliard;16;4,2;0;1;1,4;0,5856
341208;Jay Bell;15,2857142857143;4;0,428571428571429;1,42857142857143;1,14285714285714;0,556571428571429
341212;Josh Bell;11;3,25;0,5;1,5;0,25;0,7345
341217;Les Bell;27;7;1;6;2;0,718
341222;Brayan Bello;0;0;0;0;0;NULL
341232;William Bell;6,75;1,75;0;1,5;0,5;0,66275
341236;Brandon Belt;13,5;2,9;0,2;1,3;2,1;0,6091
341237;Adrian Beltre;15,8571428571429;4,14285714285714;0,714285714285714;1,57142857142857;0,571428571428571;0,658428571428571
341238;Carlos Beltran;14,3333333333333;4,4;1,06666666666667;2,8;2,46666666666667;0,841866666666667
341246;Marvin Benard;8;0,5;0;0,5;0,5;0,1025
341248;Johnny Bench;16,9;4,5;1;2;1,8;0,8912
341250;Charles Bender;6,4;0,6;0;0,4;0,2;0,1888
341252;Bruce Benedict;8;2;0;0;2;0,775
341253;Alan Benes;1;0;0;0;0;0
341254;Andy Benes;1,71428571428571;0,428571428571429;0;0,142857142857143;0,142857142857143;0,5134
341257;Benny Bengough;8,5;1,5;0;0,5;1;0,358
341258;Andrew Benintendi;16,2;4,4;0,4;1,8;1;0,7738
341259;Juan Beniquez;6,66666666666667;1,33333333333333;0;0,666666666666667;0,333333333333333;0,465
341260;Armando Benitez;0;0;0;0;0;NULL
341262;Jerry Benjamin;17,6;3,8;0;1;1,6;0,491
341263;Mike Benjamin;11;1;0;0;1;0,258
341268;Charlie Bennett;24,5;6,5;0,5;5;1,5;0,834
341275;Gary Bennett;0,5;0;0;0;0;0
341287;Joaquin Benoit;0;0;0;0;0;NULL
341290;Gene Benson;7;3;0;0;1;0,929
341294;Will Benson;1;0;0;0;0,5;0,25
341296;Jack Bentley;6;2,5;0,5;1;0,5;1,2445
341297;Al Benton;0;0;0;0;0;NULL
341301;Rube Benton;4;0;0;0;0;0
341304;Todd Benzinger;10,3333333333333;2;0;0;1;0,47
341309;Jason Bere;0;0;0;0;0;NULL
341311;Juan Berenguer;0;0;0;0;0;NULL
341313;Augie Bergamo;6;0;0;1;2;0,25
341328;Wally Berger;9;0;0;0,5;0;0
341334;Dave Bergman;3,25;0,75;0;1;0;0,95825
341343;Lance Berkman;16,9090909090909;5,36363636363636;0,818181818181818;3,72727272727273;2,81818181818182;0,988090909090909
341349;Dwight Bernard;0;0;0;0;0;NULL
341351;Plácido Bernal;1;0;0;0;0;0
341352;Roger Bernadina;2;0;0;0;2;0,5
341366;Yogi Berra;18,5;5,07142857142857;0,857142857142857;2,78571428571429;2,28571428571429;0,716357142857143
341368;Jose Berrios;0;0;0;0;0;NULL
341369;Angel Berroa;1;0,5;0;0;0;1
341370;Geronimo Berroa;17;5,5;1;2,5;1;1,0285
341378;Damon Berryhill;16,5;2,5;0,5;1,75;1,25;0,361
341385;Quintin Berry;4,33333333333333;0,833333333333333;0;0;0,333333333333333;0,5
341386;Sean Berry;1,5;0;0;0;0;0
341393;Jon Berti;6,6;1,2;0;0;0,6;0,4446
341400;Don Bessent;1,5;0,5;0;0,5;0,5;0,5835
341405;Dellin Betances;0;0;0;0;0;NULL
341406;Rafael Betancourt;0;0;0;0;0;NULL
341407;Yuniesky Betancourt;21;6,5;0,5;3;0,5;0,8175
341409;Wilson Betemit;3,8;1;0,2;0,2;0,4;0,65
341410;Christian Bethancourt;2,5;0;0;0;0;0
341420;Mookie Betts;17,2857142857143;4,38095238095238;0,380952380952381;2;2,38095238095238;0,775095238095238
341422;Kurt Bevacqua;9,5;3,5;1;2;0,5;0,6635
341424;Bill Bevens;4;0;0;0;0;0
341433;Joe Biagini;0;0;0;0;0;NULL
341434;Buddy Biancalana;12,3333333333333;3;0;1;2;0,418
341438;Rainey Bibbs;17;4;0;1;1;0,513
341439;Jim Bibby;2;0;0;0;0,5;0
341440;Tanner Bibee;0;0;0;0;0;NULL
341442;Bo Bichette;11,25;3,5;0,25;1,75;1,5;0,6935
341443;Dante Bichette;17;10;1;3;1;1,552
341445;Phil Bickford;0;0;0;0;0;NULL
341446;Vern Bickford;0;0;0;0;0;NULL
341452;Shane Bieber;0;0;0;0;0;NULL
341455;Mike Bielecki;1,5;0,25;0;0,5;0;0,2
341462;Carson Bigbee;3;1;0;1;0;1
341467;Cavan Biggio;8;1;0;0;0;0,3125
341468;Craig Biggio;18,5555555555556;4,33333333333333;0,222222222222222;1,22222222222222;1,44444444444444;0,585444444444444
341479;Chad Billingsley;1,25;0;0;0;0;0
341482;Jack Billingham;2,4;0;0;0;0;0
341494;Doug Bird;0;0;0;0;0;NULL
341497;Greg Bird;11;2,75;0,75;1,5;3;0,83825
341520;Max Bishop;22;4;0;0,333333333333333;4;0,498
341523;John Bissant;6;1;0;0;0;0,333
341534;Ty Blach;0;0;0;0;0;NULL
341541;Buddy Black;0,333333333333333;0;0;0;0;0
341543;Charlie Blackmon;6,33333333333333;0,666666666666667;0;0,666666666666667;0,333333333333333;0,333333333333333
341550;Ewell Blackwell;1;0;0;0;0;0
341559;Joe Black;3,33333333333333;0;0;0;0,333333333333333;0,0715
341562;Nick Blackburn;0;0;0;0;0;NULL
341563;Paul Blackburn;0;0;0;0;0;NULL
341570;Ray Blades;4;0,333333333333333;0;0;0,666666666666667;0,128
341580;Clarence Blair;1;0;0;0;0;0
341581;Garnett Blair;2;1;0;0;0;1
341583;Paul Blair;11,2307692307692;2,92307692307692;0,230769230769231;1,15384615384615;0,923076923076923;0,673846153846154
341585;Willie Blair;0;0;0;0;0;NULL
341587;Casey Blake;17,1666666666667;4;0,333333333333333;1,66666666666667;0,833333333333333;0,561666666666667
341589;Frank Blake;8;0;0;0;0;0
341592;Sheriff Blake;1;1;0;0;0;2
341598;Carlos Blanco;4;1;0;0;0;0,5
341601;Dairon Blanco;0;0;0;0;0;NULL
341603;Gregor Blanco;14,8888888888889;2,66666666666667;0,222222222222222;1,22222222222222;2;0,478666666666667
341604;Henry Blanco;5;1;0,333333333333333;0,666666666666667;0;0,402666666666667
341605;Heberto Blanco;4;2;0;0;0;1
341606;Johnny Blanchard;5,8;2;0,4;1;0,4;0,6882
341608;Ronel Blanco;0;0;0;0;0;NULL
341622;Lance Blankenship;3,2;0,8;0;0;0,6;0,535333333333333
341627;Joe Blanton;1,27272727272727;0,0909090909090909;0,0909090909090909;0,0909090909090909;0;0,238142857142857
341629;Don Blasingame;7;1;0;0;0;0,286
341631;Steve Blass;4,66666666666667;0;0;0;0;0
341636;Jeff Blauser;12,9230769230769;2,69230769230769;0,384615384615385;1,23076923076923;1,76923076923077;0,477153846153846
341647;Curt Blefary;7;0,5;0;0;1;0,1385
341649;Richard Bleier;0;0;0;0;0;NULL
341654;Jerry Blevins;0;0;0;0;0;NULL
341657;Ned Bligh;3;0;0;0;0;0
341664;Cy Block;0;0;0;0;0;NULL
341670;Jimmy Bloodworth;0;0;0;0;0;NULL
341672;Willie Bloomquist;22;7;0;1;1;0,666
341676;Mike Blowers;13,6666666666667;2,66666666666667;0,333333333333333;1;1;0,487666666666667
341679;Ossie Bluege;20;4;0;1,66666666666667;1,33333333333333;0,481
341683;Vida Blue;1,625;0;0;0;0,25;0,1334
341687;Geoff Blum;3;0,5;0,25;0,5;1;1,41675
341688;Bert Blyleven;1,4;0,2;0;0;0;0,222333333333333
341696;Willie Bobo;25;9;0;3;3;0,829
341701;Doug Bochtler;0;0;0;0;0;NULL
341702;Bruce Bochy;1;0,5;0;0;0;1
341707;Mike Boddicker;0,75;0;0;0,25;0;0
341713;Brian Boehringer;0;0;0;0;0;NULL
341717;Xander Bogaerts;14;3,21428571428571;0,428571428571429;1,5;1,5;0,831769230769231
341719;Tim Bogar;4;3;0;1;1;1,8
341723;Mitchell Boggs;0;0;0;0;0;NULL
341726;Wade Boggs;17,1111111111111;4,66666666666667;0,222222222222222;1,77777777777778;1,77777777777778;0,715666666666667
341731;Alec Bohm;14,3333333333333;3,22222222222222;0,222222222222222;1,55555555555556;1,88888888888889;0,673444444444444
341751;Joe Boley;13;2;0;0,666666666666667;0;0,220333333333333
341754;Bobby Bolin;0;0;0;0;0;NULL
341759;Don Bollweg;2;0;0;0;0;0
341762;Cliff Bolton;2;0;0;0;0;0
341765;Tom Bolton;0;0;0;0;0;NULL
341768;Jeremy Bonderman;0,666666666666667;0;0;0;0;0
341769;Barry Bonds;16,7777777777778;4,11111111111111;1;2,66666666666667;5,77777777777778;0,957444444444444
341770;Bobby Bonds;8;2;0;0;2;0,65
341771;Ted Bond;18;3;0;0;1;0,433
341778;Nino Bongiovanni;1;0;0;0;0;0
341781;Tiny Bonham;2,66666666666667;0;0;0;0,333333333333333;0,111
341785;Bobby Bonilla;14,9;3,2;0,5;1,9;2,3;0,6534
341796;Boof Bonser;0;0;0;0;0;NULL
341801;Greg Booker;0;0;0;0;0;NULL
341807;Aaron Boone;17,6666666666667;3;0,666666666666667;1,33333333333333;0,333333333333333;0,490333333333333
341808;Alonzo Boone;2;1;0;0;0;1
341809;Bob Boone;13,25;4,125;0,25;1,625;0,875;0,64
341810;Bret Boone;16,8571428571429;4,85714285714286;0,428571428571429;1,71428571428571;1;0,807571428571429
341818;Ray Boone;1;0;0;0;0;0
341828;Julio Borbon;3;0,333333333333333;0;0;0;0,333333333333333
341829;Pedro Borbon;0,428571428571429;0;0;0;0;0
341830;Pedro Borbon;0;0;0;0;0;NULL
341833;Frenchy Bordagaray;0;0;0;0;0;NULL
341836;Pat Borders;15,8571428571429;5;0,285714285714286;1,85714285714286;0,714285714285714;0,833857142857143
341837;Mike Bordick;11,5714285714286;1,71428571428571;0;0,857142857142857;1,57142857142857;0,444833333333333
341849;Red Borom;1;0;0;0;0;0
341851;Hank Borowy;3;0,666666666666667;0;0;0;0,666666666666667
341852;Joe Borowski;0;0;0;0;0;NULL
341855;Ryan Borucki;0;0;0;0;0;NULL
341859;Rick Bosetti;2;0,5;0;0;0;0,75
341861;Chris Bosio;0;0;0;0;0;NULL
341863;Thad Bosley;1;0;0;0;0;0
341864;Dick Bosman;0;0;0;0;0;NULL
341878;Dave Boswell;2;0;0;0;0;0
341879;Ken Boswell;4,75;2;0,5;1,25;0,25;0,97125
341880;David Bote;3;0;0;0;0;0
341886;Jim Bottomley;22,5;4,5;0,25;2,5;1,75;0,58425
341894;Lou Boudreau;22;6;0;3;1;0,759
341900;Peter Bourjos;1;0;0;0;0;0
341902;Michael Bourn;3,5;0,5;0;0,25;0;0,225
341905;Pat Bourque;1,5;0,5;0;0;1;0,8335
341907;Jim Bouton;4,5;0,5;0;0,5;0;0,143
341909;Larry Bowa;16,8571428571429;4,28571428571429;0;0,857142857142857;1,28571428571429;0,578
341918;Rob Bowen;1;1;0;0;0;2
341932;Micah Bowie;0;0;0;0;0;NULL
341948;Ernie Bowman;1;0;0;0;0;0
341956;Brad Boxberger;0;0;0;0;0;NULL
341967;Matt Boyd;0;0;0;0;0;NULL
341968;Oil Can Boyd;0;0;0;0;0;NULL
341973;Clete Boyer;15,8333333333333;3,5;0,333333333333333;2,33333333333333;1,5;0,620166666666667
341974;Ken Boyer;27;6;2;6;1;0,731
341980;Jack Boyle;20;6;0;3;1;0,74
341986;Brad Brach;0;0;0;0;0;NULL
341989;Doc Bracken;4;1;0;1;0;1
341997;Bill Bradford;17;2;0;0;0;0,235
341999;Chad Bradford;0;0;0;0;0;NULL
342002;Cody Bradford;0;0;0;0;0;NULL
342005;Kyle Bradish;0;0;0;0;0;NULL
342008;Archie Bradley;0,333333333333333;0,333333333333333;0;0,666666666666667;0;4
342014;Frank Bradley;2;0;0;0;0;0
342020;Jackie Bradley;9,42857142857143;1,71428571428571;0,571428571428571;2,14285714285714;1,28571428571429;0,5355
342023;Milton Bradley;14;4,33333333333333;1,33333333333333;2,66666666666667;1,66666666666667;0,988333333333333
342047;Steve Brady;10;0;0;0;0;0
342048;Bobby Bragan;1;1;0;1;0;3
342050;Darren Bragg;6,66666666666667;0,333333333333333;0;0,333333333333333;0;0,0556666666666667
342052;Glenn Braggs;4,5;0,5;0;1;0,5;0,3
342064;Ralph Branca;3,5;0;0;0;0;0
342073;Slim Branham;1;0;0;0;0;0
342078;Jeff Branson;4;0,6;0;0,4;0,4;0,2412
342079;Kitty Bransfield;29;6;0;1;1;0,578
342081;Jeff Brantley;0;0;0;0;0,25;NULL
342084;Michael Brantley;16,7142857142857;4,85714285714286;0,285714285714286;1,85714285714286;1,71428571428571;0,688785714285714
342086;Russell Branyan;8;2;0;1,5;0,5;0,707
342088;Matt Brash;0;0;0;0;0;NULL
342090;Ryan Brasier;0;0;0;0;0;NULL
342097;Ryan Braun;15,1428571428571;5;0,285714285714286;2,28571428571429;0,857142857142857;0,717571428571429
342098;Steve Braun;2,2;0,2;0;0,4;0,4;0,2668
342099;Angel Bravo;1,5;0;0;0;0,5;0,1665
342101;Bill Bray;0;0;0;0;0;NULL
342103;James Bray;2,33333333333333;0;0;0;0,666666666666667;0,0715
342109;Al Brazle;2,5;0;0;0;0;0
342110;Huascar Brazoban;0;0;0;0;0;NULL
342111;Yhency Brazoban;0;0;0;0;0;NULL
342114;Sid Bream;13,3333333333333;3,33333333333333;0,5;1,33333333333333;2;1,06733333333333
342116;John Brebbia;0;0;0;0;0;NULL
342117;Harry Brecheen;4;0,333333333333333;0;0,333333333333333;0;0,125
342124;Alex Bregman;17,1428571428571;4,14285714285714;0,80952380952381;2,38095238095238;2,47619047619048;0,806904761904762
342128;Eugene Bremer;3,5;2;0;1;0;1,4585
342131;Bob Brenly;17;4;1;2;3;0,821
342135;Don Brennan;0;0;0;0;0;NULL
342140;Will Brennan;5,75;1;0;0,5;0;0,4405
342145;Craig Breslow;0;0;0;0;0;NULL
342146;Roger Bresnahan;16;5;0;1;4;0,887
342147;Eddie Bressoud;0;0;0;0;0;NULL
342150;George Brett;18,4444444444444;6,22222222222222;1,11111111111111;2,55555555555556;1,88888888888889;0,985222222222222
342152;Ken Brett;0,333333333333333;0;0;0;0;0
342154;Marv Breuer;0,5;0;0;0;0;0
342157;Chet Brewer;3;0,5;0;0;1,5;0,7145
342160;Jim Brewer;0;0;0;0;0;NULL
342173;Fred Brickell;2;0;0;0;0;0
342179;Marshall Bridges;0;0;0;0;0;NULL
342181;Tommy Bridges;4,5;0,5;0;0,25;0,25;0,214333333333333
342185;Beau Brieske;0;0;0;0;0;NULL
342193;Otto Briggs;36;11;0;2;2;0,7505
342194;Harry Bright;2;0;0;0;0;0
342198;Reid Brignac;2;0;0;0;0,5;0,25
342200;Nelson Briles;2,75;0,25;0;0,25;0;0,25
342206;Ed Brinkman;4;1;0;0;0;0,75
342209;Lewis Brinson;3;0;0;0;0;0
342231;Jim Britton;0;0;0;0;0;NULL
342232;John Britton;16,3333333333333;2,33333333333333;0;1;0,333333333333333;0,226666666666667
342233;Zack Britton;0;0;0;0;0;NULL
342242;Greg Brock;10,5;0,5;0,5;1;1;0,274
342245;Lou Brock;29;11,3333333333333;1,33333333333333;4,33333333333333;1,66666666666667;1,08233333333333
342251;Connor Brogdon;0;0;0;0;0;NULL
342255;Troy Brohawn;0;0;0;0;0;NULL
342265;Ameal Brooks;5;2,5;0,5;1,5;1,5;1,786
342273;Jess Brooks;18;6;1;4;2;1,011
342277;Tom Brookens;6;0;0;0;0;0
342281;Scott Brosius;16,3333333333333;4;0,666666666666667;2,5;0,666666666666667;0,69825
342283;Jim Brosnan;0;0;0;0;0;NULL
342285;Mike Brosseau;5,2;1,2;0,2;0,4;0,6;0,7838
342290;Mark Brouhard;4;3;1;3;0;2,5
342293;Dan Brouthers;3;2;0;0;0;1,333
342297;Jim Brower;0;0;0;0;0;NULL
342306;Adrian Brown;2;0;0;0;0;0
342314;Ben Brown;0;0;0;0;0;NULL
342320;Bobby Brown;10,25;4,5;0;2,25;1,25;1,4845
342321;Bobby Brown;5,16666666666667;0,333333333333333;0;0,333333333333333;0,333333333333333;0,4848
342322;Brant Brown;1;0;0;0;0;0
342333;Country Brown;13;2;0;0;1;0,368
342344;Domonic Brown;1,5;0;0;0;0;0
342358;Gates Brown;1,5;0;0;0;0,5;0,1665
342359;Gary Brown;1;0;0;0;0;0
342360;George Browne;22;5;0;1;0;0,455
342362;George Brown;5;1;0;0;0;0,4
342366;Hunter Brown;0;0;0;0;0;NULL
342367;Ike Brown;2;1;0;2;0;1
342371;Jarvis Brown;1;0;0;0;0;0
342374;Jerry Browne;10;4;0;2;2;0,9
342379;Jimmy Brown;20;6;0;1;3;0,691
342380;Jim Brown;25,8;6;0,4;2,8;2;0,498
342386;Joe Brown;1;0,5;0;0;0;1
342389;Kevin Brown;2,5;0,375;0;0;0;0,333333333333333
342393;Larry Brown;0;0;0;0;0;NULL
342394;Larry Brown;20,3333333333333;3,66666666666667;0,333333333333333;4;2,33333333333333;0,572333333333333
342399;Mace Brown;0;0;0;0;0;NULL
342409;Mordecai Brown;5;0,5;0;0;0,25;0,22925
342413;Ollie Brown;2;0;0;0;0,5;0,1665
342418;Phillip Brown;4;1;0;0;0;0,5
342422;Ray Brown;5,14285714285714;1,71428571428571;0,142857142857143;1,28571428571429;0,857142857142857;0,814285714285714
342428;Seth Brown;1;0;0;0;0;0
342434;Tommy Brown;2;0;0;0;0;0
342437;Tom Browning;1,5;0;0;0;0;0
342438;Trevor Brown;1;0;0;0;0;0
342440;William Brown;6,5;3;0,5;1;0;1,3375
342441;Willard Brown;19,6;6,6;0,8;4,2;1;0,9668
342443;Jonathan Broxton;0,142857142857143;0;0;0;0;0
342444;Keon Broxton;2;1;1;1;0;2,5
342450;Clarence Bruce;11;1,5;0;0,5;0,5;0,4145
342451;Jay Bruce;10,4;2,6;0,8;2;1,2;0,6804
342462;Justin Bruihl;0;0;0;0;0;NULL
342463;Vidal Brujan;2;1;0;0;0;1
342469;Glenn Brummer;0;0;0;0;0;NULL
342472;Tom Brunansky;18;4,33333333333333;0,666666666666667;4;3;0,757
342473;Brian Bruney;0;0;0;0;0;NULL
342481;Eric Bruntlett;1,7;0,3;0,1;0,1;0,2;0,604125
342485;Warren Brusstar;0,333333333333333;0;0;0;0;0
342486;Bill Bruton;17;7;1;2;5;1,134
342491;Clay Bryant;2;0;0;0;0;0
342495;Kris Bryant;15,4545454545455;3,90909090909091;0,636363636363636;1,63636363636364;1,27272727272727;0,643909090909091
342498;Ron Bryant;0;0;0;0;0;NULL
342505;Kris Bubic;0;0;0;0;0;NULL
342514;Jerry Buchek;1;1;0;0;0;2
342516;Clay Buchholz;0,2;0;0;0;0;0
342524;John Buck;0;0;0;0;0;NULL
342530;Bill Buckner;24,5;5;0,25;1,25;0;0,482
342541;Steve Buechele;23;7;0;0;4;0,799
342542;Walker Buehler;1,23076923076923;0;0;0;0;0
342543;Mark Buehrle;0;0;0;0;0;NULL
342551;Damon Buford;2,25;0,5;0;0;0;0,266666666666667
342552;Don Buford;14,3333333333333;3,66666666666667;0,833333333333333;1,83333333333333;2,5;0,950166666666666
342553;James Buford;7;3;0;0;0;1
342554;Bob Buhl;1;0;0;0;0;0
342555;Jay Buhner;12,1428571428571;3,71428571428571;1,14285714285714;1,71428571428571;1,85714285714286;0,951142857142857
342561;Jason Bulger;0;0;0;0;0;NULL
342572;Al Bumbry;10,6666666666667;1,5;0;0,5;1,33333333333333;0,334166666666667
342573;Madison Bumgarner;2,25;0;0;0;0,0833333333333333;0,0454545454545455
342574;Aaron Bummer;0;0;0;0;0;NULL
342575;Nate Bump;0;0;0;0;0;NULL
342576;Earl Bumpus;3;0;0;0;0;0
342580;Wally Bunker;2;0;0;0;0;0
342587;Dave Burba;0;0;0;0;0;NULL
342597;Lew Burdette;8,5;0,5;0,5;1,5;0,5;0,3335
342604;Jake Burger;7;2;0;0;0;0,571
342607;Smoky Burgess;18;6;0;0;2;0,789
342625;Brock Burke;0;0;0;0;0;NULL
342626;Chris Burke;9,33333333333333;2,66666666666667;0,666666666666667;1,33333333333333;1,33333333333333;1,30633333333333
342630;Ernest Burke;1;0;0;0;0;0
342632;Glenn Burke;6;0,5;0;0;0;0,2
342636;Jesse Burkett;25;8;0;1;0;0,68
342640;John Burkett;0,5;0;0;0;0;0
342654;Ellis Burks;15,5;4,33333333333333;0,5;1,83333333333333;1,66666666666667;0,797833333333334
342656;Rick Burleson;14,6666666666667;4,66666666666667;0;1;1,66666666666667;0,812666666666667
342657;A. J. Burnett;0,333333333333333;0;0;0;0;0
342659;Corbin Burnes;0,2;0;0;0;0;0
342663;Sean Burnett;0;0;0;0;0;NULL
342669;Andy Burns;2;0;0;0;0;0
342672;Britt Burns;0;0;0;0;0;NULL
342674;Chase Burns;0;0;0;0;0;NULL
342678;Ed Burns;16;3;0;0;1;0,423
342680;George Burns;24,6666666666667;6,33333333333333;0;2;2,33333333333333;0,638
342681;George Burns;6;1,5;0;1,5;1,5;0,431
342689;Thomas Burns;31;7;1,5;8;4;0,759
342694;Tom Burns;23;4;0;0,5;0;0,501
342695;Todd Burns;0;0;0;0;0;NULL
342702;Pat Burrell;13,8571428571429;2,57142857142857;0,714285714285714;1,85714285714286;2,42857142857143;0,699428571428571
342707;Ray Burris;4;0;0;0;0;0
342711;Jeff Burroughs;1;0;0;0;0;0
342714;Sean Burroughs;2;0,5;0;0;0;0,3335
342723;Jim Burton;0;0;0;0;0;NULL
342741;Michael Busch;13,5;4;2;2;1,5;1,1175
342742;Alan Busenitz;0;0;0;0;0;NULL
342743;Dave Bush;1;0;0;0;0;0
342744;Donie Bush;22;7;0;3;5;0,808
342748;Guy Bush;2;0;0;0;1;0,375
342749;Homer Bush;0;0;0;0;0;NULL
342751;Bullet Joe Bush;4,8;1;0;0,4;0,4;0,4474
342753;Matt Bush;0;0;0;0;0;NULL
342754;Doc Bushong;14,4;2,4;0;0,6;1,8;0,3188
342755;Randy Bush;7,33333333333333;1,66666666666667;0;1,33333333333333;1;0,605666666666667
342767;Drew Butera;0,75;0;0;0;0,5;0,1665
342768;Sal Butera;1,5;1;0;0;0;1,333
342777;Billy Butler;10,5;2,75;0;2;1,25;0,69675
342778;Brett Butler;12,25;3;0;0,5;1,25;0,4485
342798;Rob Butler;2;1;0;0;0;1
342802;Jose Butto;0;0;0;0;0;NULL
342804;Tommy Butts;13,6666666666667;3,66666666666667;0;1;2;0,644
342805;Byron Buxton;3;0,5;0;0,5;0;0,25
342809;Subby Byas;14;5;0;0;1;0,757
342810;Bud Byerly;0;0;0;0;0;NULL
342817;Bill Byrd;5,33333333333333;1,66666666666667;0,333333333333333;1,33333333333333;1,33333333333333;1,29866666666667
342821;Marlon Byrd;11;4;0,5;2,5;0,5;1,2815
342823;Paul Byrd;0,333333333333333;0,166666666666667;0;0,166666666666667;0;1
342824;Samuel Byrd;0;0;0;0;0;NULL
342825;Bobby Byrne;12,5;3;0;0;0,5;0,286
342827;Eric Byrnes;9;2,4;0,2;1,4;0,4;0,4864
342830;Milt Byrnes;2;0;0;0;1;0,333
342831;Tommy Byrne;2,5;0,75;0;0,5;0;0,83325
342833;Marty Bystrom;0,666666666666667;0;0;0;0;0
342834;José Caballero;2;0,5;0;0;0;1
342835;Putsy Caballero;1;0;0;0;0;0
342838;Enos Cabell;12,6666666666667;2,33333333333333;0;0;0,333333333333333;0,404
342843;Asdrubal Cabrera;12,25;2,625;0,25;1,625;0,5;0,446
342849;Francisco Cabrera;1,75;0,75;0;0,75;0;0,58325
342850;Genesis Cabrera;0;0;0;0;0;NULL
342851;Jose Cabrera;0;0;0;0;0;NULL
342852;Jolbert Cabrera;1;1;0;1;0;2
342853;Lorenzo Cabrera;19;6;0;5;3;0,883
342856;Melky Cabrera;11,8571428571429;2,42857142857143;0,142857142857143;1;0,428571428571429;0,342
342857;Miguel Cabrera;18,6363636363636;5,18181818181818;1,18181818181818;3,45454545454545;2,45454545454545;0,881545454545455
342858;Orlando Cabrera;16,5555555555556;3,77777777777778;0,111111111111111;2;1,22222222222222;0,528888888888889
342859;Oswaldo Cabrera;6,8;0,6;0,2;0,4;0,8;0,35525
342866;Greg Cadaret;0;0;0;0;0;NULL
342868;Leon Cadore;0;0;0;0;0;NULL
342870;Forrest Cady;10,6666666666667;2;0;0,333333333333333;1,33333333333333;0,618666666666667
342878;Trevor Cahill;0;0;0;0;0;NULL
342881;Lorenzo Cain;16,7272727272727;4,63636363636364;0,0909090909090909;1,90909090909091;1,81818181818182;0,668090909090909
342882;Matt Cain;2,66666666666667;0,666666666666667;0;0,333333333333333;0;0,4934
342886;Miguel Cairo;7,88888888888889;2,22222222222222;0,111111111111111;0,666666666666667;0,444444444444444;0,553444444444444
342896;Mike Caldwell;0;0;0;0;0;NULL
342898;Ray Caldwell;0;0;0;0;0;NULL
342899;Kiko Calero;0;0;0;0;0;NULL
342902;Jeff Calhoun;0;0;0;0;0;NULL
342903;Kole Calhoun;15;5;0;0;0;0,667
342904;Lefty Calhoun;5;1;0;0;0;0,4
342911;Alberto Callaspo;3;0,666666666666667;0;0,333333333333333;0;0,833333333333333
342920;Alex Call;2,75;1;0;0;0,75;1,09825
342940;Johan Camargo;9;0,666666666666667;0;0,333333333333333;1;0,279333333333333
342946;Mike Cameron;15,3333333333333;2,66666666666667;0,166666666666667;1,16666666666667;2,33333333333333;0,544666666666667
342948;Dolph Camilli;18;3;0;1;1;0,433
342952;Junior Caminero;2;0;0;0;0;0
342953;Ken Caminiti;13,1666666666667;3,5;1,33333333333333;2,66666666666667;2;0,817166666666667
342956;Howie Camnitz;1;0;0;0;0;0
342958;Bert Campaneris;16;3,88888888888889;0,333333333333333;1,22222222222222;0,666666666666667;0,601625
342961;Roy Campanella;20,8571428571429;5,14285714285714;0,714285714285714;2,85714285714286;1,85714285714286;0,706285714285714
342966;Bill Campbell;0;0;0;0;0;NULL
342968;Bruce Campbell;25;9;1;5;4;0,968
342970;Bullet Campbell;0;0;0;0;0;NULL
342975;Eric Campbell;1;0;0;0;0;0
342989;Paul Campbell;0;0;0;0;0;NULL
343009;Rick Camp;0;0;0;0;0;NULL
343012;Luis Campusano;1;0;0;0;0;0
343017;Willie Canate;0;0;0;0;0;NULL
343021;Casey Candaele;0;0;0;0;1;NULL
343023;John Candelaria;2,25;0,25;0;0;0;0,222333333333333
343025;Tom Candiotti;0;0;0;0;0;NULL
343027;John Cangelosi;3;0,666666666666667;0;0;0,333333333333333;0,4
343028;Mark Canha;7,83333333333333;1,16666666666667;0,166666666666667;0,5;0,833333333333333;0,352833333333333
343029;Avelino Cañizares;15;3;0;0;1;0,45
343032;Walter Cannady;18;3;0;2;1;0,433
343041;Robinson Cano;18,4545454545455;4,09090909090909;0,727272727272727;3;1;0,659272727272727
343042;Yennier Cano;0;0;0;0;0;NULL
343043;Jose Canseco;12,875;2,375;0,875;2,25;2,375;0,610625
343045;Joey Cantillo;0;0;0;0;0;NULL
343049;Jorge Cantu;2,66666666666667;0;0;0;0;0
343055;Dominic Canzone;14;1,5;0;0,5;0,5;0,317
343062;Matt Capps;0;0;0;0;0;NULL
343069;Chris Capuano;1;0;0;0;0;0
343073;Victor Caratini;4,33333333333333;0,666666666666667;0;0;0;0,222
343076;Bernie Carbo;7;1;0,666666666666667;1,33333333333333;1,33333333333333;0,757333333333333
343080;Jose Cardenal;8;1,5;0;0;0,5;0,426
343081;Leo Cardenas;9;1,66666666666667;0;0,333333333333333;0,333333333333333;0,631333333333333
343086;Don Cardwell;0;0;0;0;0;NULL
343087;Rod Carew;12,5;2,75;0;0,25;1,25;0,4435
343088;Andy Carey;10;1,75;0;0,5;0,5;0,83225
343089;Max Carey;24;11;0;2;2;1,125
343102;Tex Carleton;0,666666666666667;0;0;0;0,333333333333333;0,25
343106;Matt Carlisle;5,33333333333333;0,666666666666667;0;0,333333333333333;0;0,333333333333333
343113;Dylan Carlson;5;1,33333333333333;0;0;2;0,661
343114;Hal Carlson;0;0;0;0;0;NULL
343119;Steve Carlton;2,7;0,6;0,1;0,5;0;0,45625
343127;Roberto Hernandez;0;0;0;0;0;NULL
343137;Chris Carpenter;3,36363636363636;0,545454545454545;0;0,181818181818182;0;0,460636363636364
343141;David Carpenter;0;0;0;0;0;NULL
343144;Kerry Carpenter;12,75;3,5;0,75;2,5;2;0,78
343146;Matt Carpenter;12,1428571428571;2,64285714285714;0,428571428571429;1,5;1,21428571428571;0,670857142857143
343150;Mike Carp;2,66666666666667;0;0;0,333333333333333;0;0
343152;Carlos Carrasco;0;0;0;0;0;NULL
343155;Giovanni Carrara;0;0;0;0;0;NULL
343156;Hector Carrasco;0;0;0;0;0;NULL
343158;Chuck Carr;4;1;1;1;1;1,4
343162;Clemente Carreras;3;0;0;0;0;0
343163;Ezequiel Carrera;6;1,66666666666667;0,166666666666667;0,5;0,5;0,536333333333333
343166;George Carr;22,5;7;0,5;4;3,5;0,774
343170;Bill Carrigan;4;0,666666666666667;0;0,333333333333333;0,333333333333333;0,555333333333333
343172;Don Carrithers;0;0;0;0;0;NULL
343178;Cliff Carroll;10;1;0;1;1;0,282
343179;Clay Carroll;0,142857142857143;0;0;0;0;0
343181;Corbin Carroll;16,5;4,5;0,5;2,5;2,25;0,998
343187;Jamey Carroll;0,666666666666667;0;0;0;0,333333333333333;0,25
343192;Tom Carroll;0;0;0;0;0;NULL
343202;Frank Carswell;3;0;0;0;0;0
343212;Chris Carter;8,5;2,5;0,5;0,5;1,5;0,824
343215;Evan Carter;12;3,75;0,25;1,5;2,25;1,296
343216;Gary Carter;23,6;6,6;0,8;4,2;1,6;0,8396
343220;Joe Carter;23,8;6;1,2;4;1,4;0,753
343228;Paul Carter;4;0;0;0;0;0
343230;Spoon Carter;1,75;0,25;0;0;0;0,166666666666667
343235;Rico Carty;10;3;0;0;3;0,962
343238;Bob Caruthers;19,8;4,4;0;1,8;1,6;0,554
343243;Curt Casali;1,5;0;0;0;0;0
343253;Bill Casey;13;1;0;1;1;0,22
343258;Hugh Casey;1,5;0,5;0;0;0;0,5
343261;Sean Casey;9,75;4;0,5;2,25;0,25;0,811
343263;Dave Cash;17,8;4,2;0;1,2;0,8;0,5822
343265;Kevin Cash;1,5;0,5;0,5;0,5;0;1,667
343267;Norm Cash;15;4,66666666666667;0,666666666666667;2,33333333333333;1,66666666666667;0,589333333333333
343276;Ben Casparius;0;0;0;0;0;NULL
343289;George Caster;0;0;0;0;0;NULL
343291;Nick Castellanos;14,9090909090909;3,18181818181818;0,636363636363636;1,90909090909091;0,818181818181818;0,670272727272727
343296;Bobby Castillo;0,666666666666667;0;0;0;0;0
343300;Diego Castillo;0;0;0;0;0;NULL
343314;Luis Castillo;20,5;4,5;0;1;2,75;0,61575
343315;Luis Castillo;0;0;0;0;0;NULL
343318;Marty Castillo;8,5;2,5;0,5;2;1;0,8105
343323;Tony Castillo;0,5;0;0;0;0;0
343325;Vinny Castilla;15;5,25;1,25;3;1,25;1,0105
343332;Slick Castleman;2;1;0;0;0;1
343342;Jason Castro;3,85714285714286;0,428571428571429;0,142857142857143;0,571428571428571;0,571428571428571;0,429285714285714
343343;Juan Castro;2,5;0,5;0;0,5;0,5;0,733
343344;Kervin Castro;0;0;0;0;0;NULL
343347;Miguel Castro;0;0;0;0;0;NULL
343352;Starlin Castro;14;2,83333333333333;0,166666666666667;0,5;0,5;0,384
343353;Willi Castro;2,25;0,5;0;0;0,25;0,5165
343360;Mike Cather;0,5;0;0;0;0;0
343361;Ted Cather;5;0;0;0;0;0
343374;Phil Cavarretta;21;6,66666666666667;0,333333333333333;1,66666666666667;1,33333333333333;0,788333333333333
343376;Jake Cave;2,66666666666667;0,666666666666667;0;0;0;0,5
343380;Dylan Cease;0;0;0;0;0;NULL
343384;Slade Cecconi;0;0;0;0;0;NULL
343386;Brett Cecil;0;0;0;0;0;NULL
343391;Cesar Cedeno;13;2,25;0;0,5;1,75;0,50025
343393;Roger Cedeno;6,2;2,2;0;0,8;0,2;0,7154
343394;Ronny Cedeno;0;0;0;0;0;NULL
343395;Xavier Cedeno;0;0;0;0;0;NULL
343399;Juan Centeno;0;0;0;0;0;NULL
343401;Orlando Cepeda;21,75;4,5;0,75;3;0,75;0,70425
343406;Rick Cerone;15,25;3,75;0,75;2,5;1;0,6905
343408;John Cerutti;0;0;0;0;0;NULL
343409;Bob Cerv;10,3333333333333;2,66666666666667;0,333333333333333;0,333333333333333;0;1,05066666666667
343410;Francisco Cervelli;1,6;0,2;0;0;0,2;0,25
343413;Yoenis Cespedes;16,3333333333333;4,33333333333333;0,5;2,33333333333333;0,5;0,597833333333333
343414;Luis Cessa;0;0;0;0;0;NULL
343415;Ron Cey;17,8888888888889;4,66666666666667;0,777777777777778;3;2,77777777777778;0,813111111111111
343418;Jhoulys Chacin;1,5;0;0;0;0;0
343419;Elio Chacon;12;3;0;0;1;0,558
343421;Shawn Chacon;0;0;0;0;0;NULL
343425;Andrew Chafin;0;0;0;0;0;NULL
343428;Dave Chalk;0;0;0;0;1;NULL
343429;George Chalmers;3;1;0;0;0;0,667
343430;Adron Chambers;1,71428571428571;0,142857142857143;0;0,285714285714286;0,142857142857143;0,2666
343434;Chris Chambliss;16,2857142857143;4,57142857142857;0,428571428571429;2,14285714285714;0,714285714285714;0,648285714285714
343438;Ice Box Chamberlain;13;0;0;0;4;0,235
343442;Joba Chamberlain;0;0;0;0;0;NULL
343445;Wes Chamberlain;6,5;2;0;0,5;0,5;0,5265
343449;Dean Chance;0;0;0;0;0;NULL
343450;Frank Chance;17,5;5,25;0;1,5;2,25;0,74425
343454;Spud Chandler;2,5;0,5;0;0,25;0;0,444333333333333
343455;Darrel Chaney;7;0,6;0;0,2;1,2;0,179
343466;Aroldis Chapman;0,0526315789473684;0;0;0;0;0
343467;Ben Chapman;17;5;0;6;2;0,78
343481;Matt Chapman;5,5;1,5;0;0,25;0,75;0,67425
343489;J. T. Chargois;0;0;0;0;0;NULL
343492;Ed Charles;15;2;0;0;0;0,333
343494;Norm Charlton;0;0;0;0;0;NULL
343495;Oscar Charleston;26;8;3;5;4;1,054
343499;Mike Chartak;2;0;0;0;0;0
343512;Endy Chavez;6,83333333333333;1,33333333333333;0;0;0;0,2388
343513;Eric Chavez;13,8888888888889;2,66666666666667;0,333333333333333;1,33333333333333;0,777777777777778;0,453888888888889
343514;Jesse Chavez;0;0;0;0;0;NULL
343516;Raul Chavez;3,33333333333333;1,33333333333333;0,333333333333333;0,666666666666667;0,333333333333333;0,933333333333333
343527;Larry Cheney;0;0;0;0;0;NULL
343528;Tom Cheney;0;0;0;0;0;NULL
343530;Wei-Yin Chen;0;0;0;0;0;NULL
343546;Cupid Childs;22;9;0;0;5;1,109
343557;Lou Chiozza;7;2;0;0;1;0,661
343558;Bob Chipman;0;0;0;0;0;NULL
343560;Robinson Chirinos;10,4;1,8;0,8;1,4;0,8;0,64925
343562;Lonnie Chisenhall;10,2;2,4;0,2;1;0,4;0,653
343563;Jazz Chisholm;12,5714285714286;2,14285714285714;0,428571428571429;0,428571428571429;1,14285714285714;0,567714285714286
343573;Randy Choate;0,111111111111111;0;0;0;0;0
343575;Hee-Seop Choi;1;0;0;0;0;0
343576;Ji-Man Choi;8,5;1,875;0,5;0,75;2,375;0,5815
343578;Shin-Soo Choo;9;2;0,666666666666667;1,33333333333333;0,333333333333333;0,773666666666667
343579;Bobby Chouinard;0;0;0;0;0;NULL
343582;Jackson Chourio;14,6666666666667;5;1,33333333333333;3,66666666666667;0,666666666666667;1,085
343589;Jason Christiansen;0;0;0;0;0;NULL
343590;Joe Christopher;0;0;0;0;0;NULL
343593;Larry Christenson;1;0;0;0,2;0,2;0
343596;Mark Christman;22;2;0;1;0;0,182
343597;McKay Christensen;0;0;0;0;0;NULL
343602;Russ Christopher;0;0;0;0;0;NULL
343603;Ryan Christenson;2;1;0;1;0;1
343614;Chuck Churn;0;0;0;0;0;NULL
343618;Archi Cianfrocco;3;1;0;0;0;0,667
343623;Eddie Cicotte;7,5;0,5;0;0;0,5;0,1965
343627;Adam Cimber;0;0;0;0;0;NULL
343629;Gino Cimoli;10;2,5;0;0,5;1;0,568
343631;Tony Cingrani;0;0;0;0;0;NULL
343632;Alex Cintron;0;0;0;0;0;NULL
343636;Jeff Cirillo;3;1;0;0;0;0,4
343639;Steve Cishek;0;0;0;0;0;NULL
343644;Aaron Civale;0;0;0;0;0;NULL
343653;Jim Clancy;0,333333333333333;0;0;0;0;0
343663;Allie Clark;2,5;0,5;0;0,5;0,5;0,5835
343668;Bob Clark;7,5;3,5;0;2;1;1,5415
343671;Bobby Clark;1,5;0;0;0;0;0
343678;Cleveland Clark;18;2;0;0;3;0,349
343684;Dave Clark;1;0;0;0;1;0
343691;Fred Clarke;26,5;6,5;1;4,5;3;0,7845
343700;Jack Clark;15,6666666666667;4,66666666666667;0,333333333333333;2,66666666666667;2,66666666666667;0,555
343706;John Clarkson;12;1,66666666666667;0,333333333333333;1,33333333333333;0;0,464333333333333
343709;Mark Clark;2;1;0;0;0;1
343733;Tony Clark;9,25;1,25;0;0,25;0,25;0,2415
343736;Vibert Clarke;0;0;0;0;0;NULL
343738;Will Clark;16,7142857142857;5,57142857142857;0,714285714285714;2,28571428571429;1,85714285714286;0,873142857142857
343741;Ellis Clary;1;0;0;0;0;0
343743;Emmanuel Clase;0;0;0;0;0;NULL
343746;Alex Claudio;0;0;0;0;0;NULL
343756;Ken Clay;0;0;0;0;0;NULL
343759;Royce Clayton;11,25;2,75;0;0,25;1;0,516
343760;Zack Clayton;12;2;0;1;0;0,5
343763;Mark Clear;0;0;0;0;0;NULL
343764;Garrett Cleavinger;0;0;0;0;0;NULL
343772;Ernie Clement;24,3333333333333;10;0,333333333333333;3;0,333333333333333;1,08366666666667
343775;Kody Clemens;5;2;0;1;0;1
343776;Matt Clement;2;0;0;0;0;0
343779;Roberto Clemente;21,4;6,8;0,6;2,8;1,2;0,7566
343780;Roger Clemens;0,833333333333333;0,0833333333333333;0;0,0416666666666667;0,0416666666666667;0,321428571428571
343785;Donn Clendenon;14;5;3;4;2;1,509
343789;Reggie Cleveland;1;0;0;0;0;0
343792;Mike Clevinger;0;0;0;0;0;NULL
343796;Luther Clifford;6;1;0;0;0;0,333
343797;Flea Clifton;16;0;0;0;2;0,111
343799;Gene Clines;4,25;0,5;0,25;0,25;0,25;0,5265
343801;Ty Cline;2;1;0;0;0,5;2,3335
343805;Tyler Clippard;0;0;0;0;0;NULL
343806;Tony Cloninger;1,5;0;0;0;0;0
343807;Brad Clontz;0;0;0;0;0;NULL
343822;Andy Coakley;2;0;0;0;0;0
343824;Jim Coates;0,666666666666667;0;0;0;0;0
343827;Alex Cobb;0;0;0;0;0;NULL
343833;Ty Cobb;21,6666666666667;5,66666666666667;0;3;1;0,651
343840;Mickey Cochrane;22;5,4;0,4;1,4;5;0,7618
343844;Phil Cockrell;5,5;1;0;0;1;0,365
343853;Dick Coffman;0,5;0;0;0;0;0
343860;Rich Coggins;10;2;0;0;0;0,5
343861;Chris Coghlan;3,8;0,2;0;0;0,2;0,1466
343868;Pancho Coimbre;4;2;0;0;0;1
343869;Phil Coke;0;0;0;0;0;NULL
343871;Chris Colabello;19,5;5,5;1;1,5;1;0,87
343873;Carlos Colás;3;0;0;0;0;0
343882;Greg Colbrunn;3,55555555555556;1,22222222222222;0,111111111111111;0,666666666666667;0,555555555555556;0,853666666666667
343884;A. J. Cole;0;0;0;0;0;NULL
343885;Alex Cole;10;2;0;1;3;0,585
343892;Gerrit Cole;0,533333333333333;0,0666666666666667;0;0,0666666666666667;0;0,166666666666667
343893;King Cole;2;0;0;0;0;0
343905;Gordy Coleman;20;5;1;2;0;0,65
343906;Jerry Coleman;11,5;3,16666666666667;0;1,5;1;0,476666666666667
343911;Joe Coleman;2;1;0;0;1;1,167
343917;Rip Coleman;0;0;0;0;0;NULL
343918;Vince Coleman;22,2;4,4;0,2;1,6;2;0,5312
343942;Dave Collins;14;5;0;1;0;0,786
343944;Eddie Collins;21,3333333333333;7;0;1,83333333333333;1,66666666666667;0,801333333333333
343947;Gene Collins;2;0;0;0;0;0
343950;Hub Collins;32;11;0,5;1,5;5;0,8865
343951;Isaac Collins;4,5;0;0;0;0,5;0,0715
343952;Jimmy Collins;36;9;0;1;1;0,659
343953;Joe Collins;13,1428571428571;2,14285714285714;0,571428571428571;1,42857142857143;2;0,518
343959;Pat Collins;2,66666666666667;1,33333333333333;0;0;1;1,51666666666667
343962;Ray Collins;5;0;0;0;0;0
343963;Rip Collins;0;0;0;0;0;NULL
343964;Ripper Collins;15,6666666666667;4,33333333333333;0;1;0,333333333333333;0,351333333333333
343966;Shano Collins;18,5;5;0;0;0;0,591
343969;Tim Collins;0;0;0;0;0;NULL
343972;Zack Collins;1;0;0;0;0;0
343974;Josh Collmenter;3;1;0;0;0;0,667
343978;Alex Colome;0;0;0;0;0;NULL
343980;Bartolo Colon;0;0;0;0;0;NULL
343981;Christian Colon;0,666666666666667;0,666666666666667;0;0,666666666666667;0;2
343994;Earle Combs;15;5,25;0,25;2,25;2,5;0,891
344000;Wayne Comer;1;1;0;0;0;2
344001;Charlie Comiskey;37,75;11;0;2,5;0,5;0,62275
344010;Clint Conatser;4;0;0;1;0;0
344011;Dave Concepcion;11,2222222222222;3,33333333333333;0,222222222222222;1,44444444444444;0,666666666666667;0,751375
344014;Onix Concepcion;2;0;0;0;0;0
344016;Clay Condrey;0;0;0;0;0;NULL
344018;David Cone;1,06666666666667;0,2;0;0,0666666666666667;0,0666666666666667;0,42
344020;Michael Conforto;10;2;1;2;0,333333333333333;0,630666666666667
344023;Hank Conger;0,5;0;0;0;0;0
344024;Billy Conigliaro;3,5;0;0;0;0;0
344027;Jeff Conine;17;5,16666666666667;0,166666666666667;1,33333333333333;1,83333333333333;0,710666666666667
344033;Gene Conley;0;0;0;0;0;NULL
344059;Joe Connolly;9;1;0;1;1;0,311
344064;Roger Connor;29;9,5;0;7,5;3,5;0,919
344068;Brooks Conrad;11;1;0;0;0;0,182
344076;Jose Constanza;1;1;0;0,5;0;3
344080;Jose Contreras;0;0;0;0;0;NULL
344085;Willson Contreras;11,1428571428571;2,57142857142857;0,428571428571429;1;1,85714285714286;0,770714285714286
344086;William Contreras;10,6666666666667;2,33333333333333;0,333333333333333;0,833333333333333;0,833333333333333;0,485666666666667
344095;Pete Conway;12;0;0;0;0;0
344102;Aaron Cook;2;1;0;0;0;1
344107;Dennis Cook;0;0;0;0;0;NULL
344120;Ryan Cook;0;0;0;0;0;NULL
344128;Jack Coombs;8;2,66666666666667;0;1,33333333333333;0;0,671
344129;Ron Coomer;2;1;0;0;0;1
344140;Andy Cooper;4;0,333333333333333;0;0,666666666666667;0;0,133333333333333
344142;Bill Cooper;7;1;0;0;0;0,286
344145;Cecil Cooper;19;4;0,2;3;0,4;0,5564
344147;Claude Cooper;0;0;0;0;0;NULL
344153;Garrett Cooper;9;1,5;0,5;1,5;1,5;0,704
344156;Mort Cooper;4,66666666666667;0,333333333333333;0;0,666666666666667;0;0,133333333333333
344160;Tom Cooper;6;0;0;0;0;0
344161;Walker Cooper;20;6;0;2;1;0,702333333333333
344165;Rocky Coppinger;0;0;0;0;0;NULL
344168;Alex Cora;4,33333333333333;0,666666666666667;0;0,166666666666667;0,166666666666667;0,528666666666667
344169;Joey Cora;16,3333333333333;2,83333333333333;0,166666666666667;0,333333333333333;2;0,466166666666667
344171;Doug Corbett;0;0;0;0;0;NULL
344177;Patrick Corbin;1,33333333333333;0;0;0;0;0
344193;Jimmy Cordero;0;0;0;0;0;NULL
344195;Wil Cordero;5;2,5;0,5;1;0,5;0,7445
344199;Marty Cordova;12;3;0;1;0;0,5
344208;John Corkhill;24;5;1;5;6;0,742
344211;Rheal Cormier;0;0;0;0;0;NULL
344218;Willie Cornelius;5,66666666666667;0,666666666666667;0;0;0,333333333333333;0,460666666666667
344222;Manny Corpas;0;0;0;0;0;NULL
344224;Pat Corrales;1;0;0;0;0;0
344225;Carlos Correa;17,5555555555556;5;1;3,5;1,72222222222222;0,898722222222222
344227;Francisco Correa;10;4;0;1;0;0,9
344236;Jim Corsi;0;0;0;0;0;NULL
344245;Nestor Cortes;0;0;0;0;0;NULL
344246;Al Corwin;0;0;0;0;0;NULL
344249;Pete Coscarart;7;0;0;0;1;0,125
344257;Chris Coste;2;0,333333333333333;0;0;0;0,666666666666667
344271;Henry Cotto;1;1;0;0;0;2
344274;Neal Cotts;0;0;0;0;0;NULL
344277;Bill Coughlin;14;3;0;0,5;0,5;0,393
344282;Danny Coulombe;0;0;0;0;0;NULL
344286;Craig Counsell;13,1111111111111;3;0,222222222222222;1,55555555555556;1,33333333333333;0,536111111111111
344293;Jake Cousins;0;0;0;0;0;NULL
344296;Ramón Couto;3;0;0;0;0;0
344298;Stan Coveleski;6,5;0,5;0;0;0,5;0,225
344304;Wes Covington;17;4;0;1,66666666666667;1,33333333333333;0,37
344306;Johnnie Cowan;15,5;2,5;0,5;3;1;0,459
344308;Al Cowens;18,3333333333333;3,66666666666667;0,333333333333333;2;0,666666666666667;0,500333333333333
344309;Collin Cowgill;0,5;0,5;0;1;0;2
344311;Colton Cowser;7;1;0;0;0;0,286
344315;Billy Cox;17,6666666666667;5,33333333333333;0,333333333333333;2;1,33333333333333;0,767666666666667
344319;Danny Cox;2,14285714285714;0,285714285714286;0;0,142857142857143;0,142857142857143;0,2
344340;Harry Cozart;3;1;0;0;0;0,667
344341;Zack Cozart;12;2,5;0;0;1,5;0,396
344347;Tim Crabtree;0;0;0;0;0;NULL
344351;Harry Craft;6;0,5;0;0;0;0,091
344354;Allen Craig;14,2857142857143;3,71428571428571;0,714285714285714;2;2;0,907142857142857
344360;Roger Craig;1,5;0,25;0;0;0,25;0,333333333333333
344363;Jesse Crain;0;0;0;0;0;NULL
344368;Doc Cramer;15,5;6;0;3;0,5;0,8895
344370;Del Crandall;22;5;1;2;2;0,6495
344371;Doc Crandall;2,33333333333333;0,333333333333333;0;0,333333333333333;0,666666666666667;0,583333333333333
344372;Ed Crane;12,5;3;0,5;3,5;0,5;0,6065
344376;Gavvy Cravath;16;2;0;1;2;0,535
344379;Brandon Crawford;14,7;3,5;0,2;1,9;1,5;0,7129
344381;Carl Crawford;19,25;5;0,875;2;0,75;0,695625
344390;J. P. Crawford;15,25;3;0,5;2;1,75;0,63675
344394;Pat Crawford;2;0;0;0;0;0
344396;Sam Crawford;23,3333333333333;5,66666666666667;0,333333333333333;2,66666666666667;0,666666666666667;0,607333333333333
344397;Sam Crawford;0;0;0;0;0;NULL
344398;Steve Crawford;0,5;0;0;0;0;0
344399;Willie Crawford;4;1,33333333333333;0,333333333333333;0,666666666666667;0,333333333333333;0,939
344400;Dewey Creacy;23;6,25;0,5;2,75;1,25;0,72325
344402;Joe Crede;15;4,33333333333333;1,33333333333333;3,66666666666667;0,666666666666667;0,836
344417;Frank Crespi;0;0;0;0;0;NULL
344418;Felipe Crespo;4;1;0;0;0;0,5
344427;Lou Criger;26;6;0;4;2;0,516
344437;Coco Crisp;11,7272727272727;3,27272727272727;0,272727272727273;1,09090909090909;1,09090909090909;0,776818181818182
344447;Hughie Critz;22;3;0;0;1;0,31
344448;Garrett Crochet;0;0;0;0;0;NULL
344457;Warren Cromartie;20;4;0;1,5;0;0,467
344463;C. J. Cron;7;1;0;0;1,5;0,514
344464;Jake Cronenworth;12,125;2,625;0,25;1,125;0,875;0,581125
344471;Joe Cronin;22;7;0;2;0;0,636
344479;Bubba Crosby;2,66666666666667;0,666666666666667;0;0,333333333333333;0;0,5
344481;Ed Crosby;2;1;0;0;0;1
344485;Frankie Crosetti;16,4285714285714;2,85714285714286;0,142857142857143;1,57142857142857;2;0,459714285714286
344492;Lave Cross;19;2;0;0;1;0,255
344494;Monte Cross;17;3;0;0;0;0,353
344495;Norman Cross;1;0;0;0;1;0,5
344501;Frank Croucher;0;0;0;0;0;NULL
344508;Pete Crow-Armstrong;13,5;2,5;0;1,5;0,5;0,442
344509;General Crowder;2,66666666666667;0,666666666666667;0;0;0,333333333333333;0,444333333333333
344522;Terry Crowley;1,83333333333333;0,5;0;0,5;0,166666666666667;0,58
344526;Mike Crudale;0;0;0;0;0;NULL
344527;Martin Crue;1;0;0;0;0;0
344536;Jimmie Crutchfield;13;3;0;1;4;0,719
344541;Fernando Cruz;0;0;0;0;0;NULL
344542;Hector Cruz;5;1;0;0;0;0,6
344547;Jose Cruz;20,3333333333333;5,66666666666667;0;2;3,33333333333333;0,769
344548;Jose Cruz;11;0;0;1;2;0,154
344549;Julio Cruz;12;4;0;0;3;0,8
344550;Juan Cruz;0;0;0;0;0;NULL
344552;Nelson Cruz;0;0;0;0;0;NULL
344553;Nelson Cruz;15,5833333333333;4,33333333333333;1,5;3,16666666666667;1,58333333333333;0,970583333333333
344560;Todd Cruz;15,5;2;0;0,5;0,5;0,284
344561;Tony Cruz;2,75;0,5;0,25;0,5;0,5;0,609666666666667
344569;Michael Cuddyer;8,5;2,6;0,2;0,8;0,5;0,6129
344573;Mike Cuellar;2,375;0,5;0,125;0,625;0,125;0,702833333333333
344576;Johnny Cueto;0,714285714285714;0;0;0;0;0
344581;Charlie Culberson;6,33333333333333;2;0,166666666666667;0,333333333333333;0,166666666666667;0,9606
344582;Leon Culberson;9;2;1;1;1;0,856
344586;Roy Cullenbine;20,5;5;0;3;4,5;0,684
344587;Tim Cullen;1;0;0;0;0;0
344598;John Cumberland;0;0;0;0;0;NULL
344601;Chance Cummings;44;14;0;4;1;0,674
344603;John Cummings;0;0;0;0;0;NULL
344604;Midre Cummings;1;0;0;0;0;0
344607;Will Cunnane;0;0;0;0;0;NULL
344614;Bill Cunningham;8,5;1,5;0;1,5;1;0,4095
344626;George Cuppy;3;0;0;0;0;0
344638;Rube Curry;6,4;0,8;0;0,6;0,2;0,2552
344644;Chad Curtis;4,28571428571429;0,714285714285714;0,285714285714286;0,285714285714286;0,857142857142857;0,651571428571429
344655;John Curtiss;0;0;0;0;0;NULL
344669;George Cutshaw;19;2;0;2;1;0,308
344670;Kiki Cuyler;21,3333333333333;6;0,666666666666667;4;0,666666666666667;0,789333333333333
344672;Mike Cvengros;0;0;0;0;0;NULL
344677;Omar Daal;1;0;0;0;0;0
344683;David Dahl;5,5;0;0;0;0;0
344684;Bill Dahlen;15;0;0;1;3;0,167
344685;Babe Dahlgren;14;3;1;2;0;0,786
344695;Ed Daily;22;3;0;3;1;0,447
344698;Bobby Dalbec;4;0;0;0;0;0
344705;Bud Daley;0,5;0;0;0,5;0;0
344708;Matt Daley;0;0;0;0;0;NULL
344711;Eggie Dallard;18;5;0;1;6;0,958
344715;Abner Dalrymple;23,5;5,5;0,5;1;1;0,6535
344717;Clay Dalrymple;2;2;0;0;0;2
344725;Tom Daly;22;4;0;3;0;0,455
344732;Johnny Damon;20,0769230769231;5,53846153846154;0,769230769230769;2,53846153846154;1,30769230769231;0,760153846153846
344742;Dave Danforth;0;0;0;0;0;NULL
344759;Pepper Daniels;10;4;0;2;1;0,955
344762;John Danks;0;0;0;0;0;NULL
344766;Harry Danning;7;1,5;0;1;0;0,2915
344773;Pat Darcy;1;0;0;0;0;0
344777;Al Dark;21,6666666666667;7;0,333333333333333;1,33333333333333;1;0,786333333333333
344779;Ron Darling;1,75;0;0;0;0;0
344781;Travis d'Arnaud;14,2142857142857;3,21428571428571;0,714285714285714;2,07142857142857;1,07142857142857;0,693214285714286
344791;Yu Darvish;0,363636363636364;0;0;0,0909090909090909;0,0909090909090909;0,1665
344801;Brian Daubach;16,5;3,5;1;3;0,5;0,7235
344804;Jake Daubert;23;5;0;0,5;1,5;0,567
344805;Rich Dauer;15,25;2,75;0,25;1,25;0;0,4155
344809;Darren Daulton;16;4,5;0,75;2,5;3,5;0,93125
344811;Vic Davalillo;3,875;1,25;0;0,25;0,5;0,855714285714286
344814;Jeff DaVanon;3,66666666666667;0,666666666666667;0;0;0,666666666666667;0,2665
344817;Jim Davenport;22;3;0;1;4;0,451
344819;Lloyd Davenport;8;1;0;0;0;0,25
344835;Mark Davidson;0,5;0;0;0;0;0
344836;Matt Davidson;0;0;0;0;0;NULL
344839;Tucker Davidson;1;0;0;0;0;0
344844;Zach Davies;0;0;0;0;0;NULL
344851;Albert Davis;10;1;0;1;0;0,2
344853;Austin Davis;0;0;0;0;0;NULL
344855;Babe Davis;8;1;0;1;0,5;0,361
344869;Chili Davis;11,1111111111111;2,33333333333333;0,333333333333333;1,55555555555556;1,77777777777778;0,580111111111111
344870;Chris Davis;9;1,66666666666667;0;0,666666666666667;0,666666666666667;0,396
344872;Curt Davis;2;0;0;0;0;0
344875;Dick Davis;2;0;0;0;0;0
344877;Doug Davis;1;0,5;0;0,5;0;1,5
344879;Eric Davis;12,1666666666667;2,33333333333333;0,333333333333333;2;0,333333333333333;0,459166666666667
344883;George Davis;9,5;2,5;0;3;0;0,5895
344886;Glenn Davis;26;7;1;3;1;0,719
344888;Harry Davis;20,3333333333333;5;0;2,33333333333333;1;0,629
344901;Jim Davis;0;0;0;0;0;NULL
344904;Jody Davis;18;7;2;6;0;1,222
344909;Johnny Davis;24;7;0;5;3;0,787
344911;Jumbo Davis;4;0;0;0;0;0
344913;Khris Davis;8;1,75;1;1,5;0;0,75
344914;Kiddo Davis;10,5;4;0;0;0;0,8945
344923;Mike Davis;3,33333333333333;0,666666666666667;0,333333333333333;0,666666666666667;1,66666666666667;1,11966666666667
344930;Piper Davis;19;5,2;0,2;1,8;0,8;0,5674
344933;Rajai Davis;8;1,4;0,2;0,8;0,2;0,33425
344934;Ron Davis;7;0;0;0;0;0
344935;Ron Davis;0;0;0;0;0;NULL
344938;Roosevelt Davis;4,5;1,25;0;0,75;0,25;0,6485
344939;Russ Davis;3,5;0,5;0;0;0;0,2
344940;Satchel Davis;0;0;0;0;0;NULL
344944;Virgil Davis;2;2;0;1;0;2
344945;Spencer Davis;1;0;0;0;1;0,5
344947;Storm Davis;0,6;0;0;0;0;0
344949;Steel Arm Davis;24;9;1,5;6,75;1;1,2535
344953;Tommy Davis;13,4;4,2;0;1;0,4;0,742
344956;Wade Davis;0,153846153846154;0;0;0;0;0
344958;Willie Davis;14;2,5;0;0,75;0;0,64675
344965;Andre Dawson;19,6666666666667;3,66666666666667;0;1;1;0,460333333333333
344966;Joe Dawson;0;0;0;0;0;NULL
344977;Leon Day;3;0;0;0;0;0
344978;Ken Dayley;0,75;0,25;0;0;0;0,5
344980;Grant Dayton;0;0;0;0;0;NULL
344985;Charlie Deal;16,5;2,5;0;0;0;0,364
344991;Austin Dean;1;0;0;0;0;0
344996;Dizzy Dean;7,5;2,5;0;0,5;0;1
345001;Justin Dean;0;0;0;0;0;NULL
345002;Nelson Dean;3,5;0,25;0;0,5;0;0,25
345003;Paul Dean;6;1;0;2;0;0,333
345007;Wayland Dean;0;0;0;0;0;NULL
345013;Alejandro De Aza;10,5;3,5;0;1,5;0,5;0,871
345022;Doug DeCinces;22,25;6;0,5;2,25;1,75;0,729
345053;Jacob deGrom;1,75;0;0;0;0;0
345067;David DeJesus;6,5;1,5;0;0,5;0,5;0,422
345069;Ivan de Jesus;9,66666666666667;1,66666666666667;0;0,333333333333333;1,33333333333333;0,317
345075;Paul DeJong;8,4;1,8;0;0,6;1,2;0,3642
345078;Bryan De La Cruz;6;1;0;1;1;0,452
345079;Elly De La Cruz;6;0;0;2;2;0,25
345085;Jim Delahanty;26;9;0;4;2;0,931
345092;Bill DeLancey;29;5;1;4;2;0,605
345099;Jorge De La Rosa;0;0;0;0;0;NULL
345103;Chase DeLauter;6;1;0;0;1;0,452
345106;Manny Delcarmen;0;0;0;0;0;NULL
345107;Jose DeLeon;0;0;0;0;0;NULL
345113;Carlos Delgado;18,5;6,5;2;5,5;3;1,1725
345124;David Dellucci;2,28571428571429;0,714285714285714;0,142857142857143;0,285714285714286;0;0,7334
345125;Wheezer Dell;0;0;0;0;0;NULL
345131;Enyel De Los Santos;0;0;0;0;0;NULL
345143;Miguel Del Toro;0;0;0;0;0;NULL
345146;Ben DeLuzio;0;0;0;0;0;NULL
345147;Joe DeMaestri;2;1;0;0;0;1
345148;Al Demaree;1;0;0;0;0;0
345152;Frank Demaree;10,5;2,25;0,75;1,5;0,75;0,54825
345155;John DeMerit;0;0;0;0;0;NULL
345156;Larry Demery;0;0;0;0;0;NULL
345158;Don Demeter;12;3;0;0;1;0,558
345169;Rick Dempsey;11;3,33333333333333;0,166666666666667;1,16666666666667;1,16666666666667;0,929
345170;Ryan Dempster;0,4;0,2;0;0;0;1
345182;Jerry Denny;9;4;1;2;0;1,444
345183;John Denny;3;0,5;0;0,5;0;0,2
345184;Chris Denorfia;1,66666666666667;0;0;0;0,333333333333333;0
345186;Bucky Dent;16,6;4,6;0;3;0,8;0,562
345188;Sam Dente;3;0;0;0;1;0,25
345195;Sean DePaula;0;0;0;0;0;NULL
345200;Bob Dernier;5,66666666666667;1,33333333333333;0,333333333333333;0,333333333333333;1,66666666666667;0,939
345201;Mark DeRosa;7,57142857142857;2,71428571428571;0,142857142857143;1,42857142857143;0,571428571428571;1,04114285714286
345205;Paul Derringer;3,5;0,25;0;0;0;0,133333333333333
345210;Daniel Descalso;7,15384615384615;1,61538461538462;0,307692307692308;0,692307692307692;0,615384615384615;0,673416666666667
345211;Anthony DeSclafani;0;0;0;0;0;NULL
345214;Delino DeShields;8;1,5;0;0;0,5;0,279
345215;Delino DeShields;15,5;4,5;0;1;0,5;0,6845
345219;Ian Desmond;11,6666666666667;2,66666666666667;0;0,333333333333333;0,166666666666667;0,538833333333333
345223;Elmer Dessens;0;0;0;0;0;NULL
345231;Ross Detwiler;1;0;0;0;0;0
345236;Chris Devenski;0;0;0;0;0;NULL
345238;Mike Devereaux;5;1,2;0,2;1,2;0,6;0,4246
345239;Rafael Devers;12,7142857142857;3,85714285714286;1,14285714285714;3,71428571428571;1,71428571428571;0,872714285714286
345244;Joey Devine;0;0;0;0;0;NULL
345247;Art Devlin;16;4;0;1;1;0,607
345249;Jim Devlin;3;0;0;0;0;0
345252;Al DeVormer;1;0;0;0;0;0
345254;Josh Devore;16,3333333333333;3,33333333333333;0;1;2,66666666666667;0,359
345261;Blake DeWitt;12;2;0;3;0,5;0,5505
345266;Zach Dezenzo;0;0;0;0;0;NULL
345267;Kermit Dial;4;0;0;0;1;0,2
345268;Lou Dials;14;3;0;0;1;0,624
345271;Alex Diaz;5;2;0;0;1;0,952
345272;Aledmys Diaz;4,90909090909091;0,727272727272727;0,0909090909090909;0,181818181818182;0,272727272727273;0,303636363636364
345275;Bo Diaz;14;3,5;0;0;1,5;0,636
345276;Carlos Diaz;0;0;0;0;0;NULL
345282;Edwin Diaz;0;0;0;0;0;NULL
345283;Einar Diaz;7;1,66666666666667;0;0,666666666666667;0,666666666666667;0,233666666666667
345284;Elias Diaz;1;0;0;0;0;0
345286;Fernando Díaz;15;3;0;2;5;0,733
345287;Heliodoro Díaz;4;1;0;1;1;0,65
345299;Matt Diaz;10;1;0;0;0;0,2
345306;Yandy Diaz;8,5;1,5;0,2;0,5;1,2;0,7091
345307;Yainer Diaz;5;0,666666666666667;0;0,333333333333333;0,333333333333333;0,220333333333333
345311;Rob Dibble;1;0;0;0;0;0
345313;Alex Dickerson;4;0;0;0;0;0
345314;Bill Dickey;18,125;4,625;0,625;3;1,875;0,7345
345316;Chris Dickerson;1;0;0;0;0;0
345317;Corey Dickerson;8,33333333333333;2;0,333333333333333;1;0,666666666666667;0,690666666666667
345322;R. A. Dickey;0;0;0;0;0;NULL
345330;Murry Dickson;1,66666666666667;0,666666666666667;0;0,333333333333333;0;1,2
345334;Bob Didier;11;0;0;0;0;0
345338;Jake Diekman;0;0;0;0;0;NULL
345343;Dick Dietz;15;1;0;0;2;0,243
345348;Mike Difelice;1;0;0;0;0;0
345349;Wilmer Difo;1,5;0;0;0;0;0
345353;Martín Dihigo;26;5;0;2;2;0,442
345373;Dom DiMaggio;27;7;0;3;2;0,681
345374;Joe DiMaggio;19,9;5,4;0,8;3;1,9;0,7613
345382;Dillon Dingler;15;2,5;0,5;1;2,5;0,6405
345386;Bill Dinneen;11;2;0;0;2;0,49
345393;Andy Dirks;9;1,83333333333333;0;0,166666666666667;0,5;0,358166666666667
345401;Art Ditmar;0,666666666666667;0;0;0;0;0
345413;Rap Dixon;19;8;1;6;3;1,079
345426;Greg Dobbs;3,5;1,16666666666667;0;0;0,5;0,586833333333333
345430;Randy Dobnak;0;0;0;0;0;NULL
345432;Joe Dobson;3;0;0;0;0;0
345433;Pat Dobson;1;0;0;0;0;0
345434;Larry Doby;20;4,66666666666667;0,666666666666667;2,33333333333333;4,33333333333333;0,724666666666667
345444;Bobby Doerr;22;9;1;3;2;1,049
345457;Rafael Dolis;0;0;0;0;0;NULL
345458;Frank Doljack;2;0;0;0;0;0
345464;Jasson Domínguez;0,333333333333333;0,333333333333333;0;0;0;3
345469;Seranthony Dominguez;0;0;0;0;0;NULL
345472;Jiggs Donahue;18;5;0;4;3;0,881
345478;Atley Donald;2;0;0;0;0;0
345483;Josh Donaldson;14,3076923076923;3,53846153846154;0,384615384615385;1,23076923076923;1,69230769230769;0,734076923076923
345487;Mike Donlin;19;5;0;1;2;0,649
345488;Blix Donnelly;1;0;0;0;0;0
345489;Brendan Donnelly;0;0;0;0;0;NULL
345490;Chris Donnels;2;0;0;0;1;0,333
345502;Lino Donoso;5;2;0;1;1;1,1
345503;Bill Donovan;5,33333333333333;0;0;0;0,333333333333333;0,0666666666666667
345505;Brendan Donovan;7;0;0;0;0;0
345506;Dick Donovan;3;1;0;0;0;0,667
345510;Patsy Donovan;17;8;0;3;2;1,056
345515;Sean Doolittle;0;0;0;0;0;NULL
345519;Bill Doran;27;6;1;3;2;0,609
345541;Octavio Dotel;0;0;0;0;0;NULL
345543;Richard Dotson;0;0;0;0;0;NULL
345547;Felix Doubront;0,5;0;0;0;0;0
345551;Patsy Dougherty;27;5;1;3;2,5;0,562
345560;Phil Douglas;3,5;0;0;0;0;0
345565;Taylor Douthit;16,6666666666667;2,33333333333333;0,333333333333333;1,33333333333333;1,33333333333333;0,446333333333333
345566;Camilo Doval;0;0;0;0;0;NULL
345581;Al Downing;1,25;0;0;0;0;0
345582;Brian Downing;20,3333333333333;4;0,333333333333333;2,66666666666667;2,66666666666667;0,529666666666667
345587;Kelly Downs;0,75;0;0;0;0;0
345589;Red Downs;6;1;0;1;1;0,619
345592;Brian Doyle;11,5;4,5;0;1,5;0,5;0,7995
345597;Denny Doyle;20,5;5,5;0;1;1;0,612
345604;Larry Doyle;25,3333333333333;6;0,333333333333333;1,66666666666667;1,66666666666667;0,607
345605;Paul Doyle;0;0;0;0;0;NULL
345609;Brian Dozier;3,25;0,5;0,125;0,375;0,875;0,515571428571429
345614;Doug Drabek;5,66666666666667;0,666666666666667;0;0,333333333333333;0,333333333333333;0,358666666666667
345616;Moe Drabowsky;1,5;0;0;0;0,5;0,1665
345617;Dick Drago;0;0;0;0;0;NULL
345620;Bill Drake;3,66666666666667;1,66666666666667;0,333333333333333;1,33333333333333;0;1,361
345625;Oliver Drake;0;0;0;0;0;NULL
345633;Dave Dravecky;2;0,333333333333333;0;0;0;0,333
345636;Darren Dreifort;0;0;0;0;0;NULL
345637;Clem Dreisewerd;0;0;0;0;0;NULL
345648;J. D. Drew;14,1538461538462;3,69230769230769;0,538461538461538;1,92307692307692;1,38461538461538;0,717538461538461
345650;Karl Drews;2;0;0;0;0;0
345651;Stephen Drew;15,4285714285714;3,14285714285714;0,428571428571429;1,28571428571429;0,857142857142857;0,590428571428571
345653;Jack Dreyer;0;0;0;0;0;NULL
345656;Dan Driessen;9,42857142857143;2;0,142857142857143;0,571428571428571;0,714285714285714;0,457142857142857
345673;Keith Drumright;4;0,5;0;0;0,5;0,35
345674;Brandon Drury;7,2;1,6;0,4;1,6;0,2;0,4572
345675;Don Drysdale;2;0;0;0;0,4;0,16675
345676;Claro Duany;16;6;0;4;6;0,983
345682;Mauricio Dubon;1,83333333333333;0,5;0;0,166666666666667;0;0,5665
345684;Jean Dubuc;1;0;0;0;0;0
345685;Rob Ducey;2,5;1;0;0,5;0;0,5
345686;Justin Duchscherer;0;0;0;0;0;NULL
345692;Lucas Duda;12,5;2,75;0,25;2;1,25;0,5655
345697;Brian Duensing;0;0;0;0;0;NULL
345702;Tyler Duffey;0;0;0;0;0;NULL
345710;Danny Duffy;0;0;0;0;0;NULL
345712;Frank Duffy;1;0;0;0;0;0
345713;Hugh Duffy;26;12;1;9;1;1,328
345714;Matt Duffy;2,2;0,8;0;0;0;1
345719;Joe Dugan;18;4,8;0,2;1,6;0,8;0,587
345722;Oscar Dugey;0;0;0;0;0;NULL
345724;Steven Duggar;3;0;0;0;1;0,25
345730;Tom Dukes;0;0;0;0;0;NULL
345731;Tommie Dukes;6;1;0;2;2;0,708
345747;Chris Duncan;7,33333333333333;1;0,333333333333333;0,666666666666667;1,33333333333333;0,572333333333333
345749;Dave Duncan;4,33333333333333;1,33333333333333;0;0,666666666666667;0,666666666666667;0,677666666666667
345751;Frank Duncan;20,1666666666667;3,16666666666667;0,166666666666667;1,83333333333333;3,16666666666667;0,499333333333333
345755;Mariano Duncan;15,2;3,7;0,1;1,2;0,5;0,6277
345756;Pat Duncan;26;7;0;8;2;0,668
345757;Shelley Duncan;4;2;0;0;0;1
345771;Fred Dunlap;40;6;0;1;0;0,35
345773;Herman Dunlap;10;3;0;0;2;0,817
345777;Alphonse Dunn;1;0;0;0;1;0,5
345781;Dane Dunning;0;0;0;0;0;NULL
345785;Jake Dunn;16,3333333333333;3,66666666666667;0;1,66666666666667;1;0,448666666666667
345789;Mike Dunn;0;0;0;0;0;NULL
345797;Shawon Dunston;6,375;1,75;0,125;0,375;0,125;0,737
345806;Jarren Duran;11;1;0;0;0;0,182
345807;Jhoan Duran;0;0;0;0;0;NULL
345812;Erubiel Durazo;7,83333333333333;1,83333333333333;0,333333333333333;1,16666666666667;1,33333333333333;0,718333333333333
345813;Caleb Durbin;14,5;4;0;1;1,5;0,778
345814;Chad Durbin;0;0;0;0;0;NULL
345817;Ryne Duren;1,5;0;0;0;0;0
345823;Leon Durham;20;3;2;4;1;0,64
345824;Ray Durham;14;3,5;0,75;0,75;1,75;0,7495
345829;Leo Durocher;14,5;3,5;0;0;0;0,315
345833;Cedric Durst;4,5;1,5;0,5;1;0;0,5625
345835;Erv Dusak;4;1;0;0;2;1
345838;Adam Duvall;12,8571428571429;2,57142857142857;0,714285714285714;2,57142857142857;0,714285714285714;0,645333333333333
345842;Eddie Dwight;8;0;0;0;0;0
345846;Jim Dwyer;6;2;0,5;0,5;0,5;1,075
345848;Jerry Dybzinski;4;1;0;0;0;0,5
345850;Jermaine Dye;16,3;4,4;0,5;1,7;1,2;0,733
345852;Duffy Dyer;0,5;0;0;0,5;0,5;0
345857;Jimmy Dykes;19,6666666666667;5,66666666666667;0,333333333333333;3,66666666666667;3,66666666666667;0,823
345861;Lenny Dykstra;22,4;7,2;2;3,8;4;1,1148
345863;Jarrod Dyson;2,625;0,25;0;0;0,25;0,112166666666667
345864;Sam Dyson;0;0;0;0;0;NULL
345878;Connelly Early;0;0;0;0;0;NULL
345880;George Earnshaw;7,33333333333333;0;0;0;0;0
345884;Mike Easler;1;0;0;0;0,5;0,25
345889;Howard Easterling;17,3333333333333;6,33333333333333;0,333333333333333;3;2;1,21966666666667
345890;Jamie Easterly;0;0;0;0;0;NULL
345891;Luke Easter;10,5;5;0,5;2;2;1,477
345899;Rawly Eastwick;0,25;0;0;0;0;0
345902;Adam Eaton;15,25;3,75;0,5;2,5;2,5;0,5725
345904;Nate Eaton;5;2;0;0;1;1,1
345905;Zeb Eaton;1;0;0;0;0;0
345916;Joe Echols;12;3;0;2;0;0,583
345921;Dennis Eckersley;0,181818181818182;0;0;0;0;0
345923;David Eckstein;19,5555555555556;5,44444444444444;0,222222222222222;2;1,33333333333333;0,655888888888889
345942;Tommy Edman;15,1666666666667;3,91666666666667;0,333333333333333;2;0,833333333333333;0,758916666666667
345947;Jim Edmonds;16,4285714285714;4,5;0,928571428571429;3;2,14285714285714;0,8735
345951;Bruce Edwards;14,5;3,5;0;1;1;0,7675
345952;Carl Edwards;0;0;0;0;0;NULL
345961;Johnny Edwards;6;2;0;1;0;0,4545
345963;Marshall Edwards;0,666666666666667;0;0;0;0;0
345972;Xavier Edwards;1;1;0;0;0;2
345976;Zach Eflin;0;0;0;0;0;NULL
345990;Howard Ehmke;5;1;0;0;0;0,4
345991;Red Ehret;7;3;0;0;0;1,143
345996;Mark Eichhorn;0;0;0;0;0;NULL
346005;Jim Eisenreich;10,4;2,4;0,4;2,2;1,4;0,619
346011;Scott Elarton;0;0;0;0;0;NULL
346013;Scott Elbert;0;0;0;0;0;NULL
346014;Bryce Elder;0;0;0;0;0;NULL
346019;Cal Eldred;0;0;0;0;0;NULL
346029;Hod Eller;7;2;0;0;0;0,714
346034;Bob Elliott;21;7;2;5;2;1,01
346047;A. J. Ellis;13;4,75;0,5;1,25;1,75;0,989
346051;Dock Ellis;1;0;0;0;0;0
346053;Duke Ellis;0;0;0;0;0;NULL
346059;Mark Ellis;16,6;4,2;0,2;1;1,6;0,679
346063;Rocky Ellis;3;0;0;0;1;0,25
346067;Jacoby Ellsbury;11;3,07692307692308;0;1,30769230769231;1,15384615384615;0,488615384615385
346072;Harry Else;5;1;0;0;0;0,4
346074;Kevin Elster;6;1,5;0;0,25;1,5;0,44925
346082;Alan Embree;0;0;0;0;0;NULL
346097;Edwin Encarnacion;12,5;2,7;0,4;1,6;1,9;0,656
346099;Juan Encarnacion;13,6666666666667;2,5;0,333333333333333;1,16666666666667;1,16666666666667;0,538333333333333
346104;Adam Engel;9,5;1,5;0,5;0,5;0;0,4165
346109;Clyde Engle;3;1;0;2;0;1
346119;Woody English;19;3,5;0;0,5;1,5;0,4765
346120;Del Ennis;14;2;0;0;0;0,357
346129;Morgan Ensberg;19,6;4,4;0,4;3,6;1,8;0,628
346137;Nathan Eovaldi;0,2;0;0;0;0;0
346140;Cody Eppley;0;0;0;0;0;NULL
346143;Mike Epstein;12,3333333333333;1,33333333333333;0,333333333333333;0,333333333333333;3;0,454333333333333
346147;Lucas Erceg;0;0;0;0;0;NULL
346155;Paul Erickson;0;0;0;0;0;NULL
346158;Scott Erickson;0,166666666666667;0;0;0;0;0
346163;Carl Erskine;2,4;0,2;0;0;0;0,125
346164;Darin Erstad;19,6666666666667;6,66666666666667;0,5;2;0,833333333333333;0,9035
346178;Alcides Escobar;19,2857142857143;6;0,285714285714286;2;0,142857142857143;0,796571428571429
346180;Eduardo Escobar;7,66666666666667;2,66666666666667;0,333333333333333;0,666666666666667;0,666666666666667;0,977333333333333
346183;Kelvim Escobar;0;0;0;0;0;NULL
346185;Yunel Escobar;9,5;4;0;1;0;0,7835
346192;Alvaro Espinoza;3,66666666666667;0,666666666666667;0;0;0;0,416666666666667
346194;Danny Espinosa;11;1;0;0,333333333333333;1;0,195333333333333
346200;Santiago Espinal;3;2;0;0;0;1,625
346203;Sammy Esposito;2;0;0;0;0;0
346204;Cecil Espy;2,5;1;0;0;0;0,6665
346205;Chuck Essegian;3;2;2;2;1;3,417
346210;Bobby Estalella;12;1;0;1;0;0,167
346212;Dude Esterbrook;10;3;0;0;0;0,7
346214;Shawn Estes;0,5;0;0;0;0,5;0
346215;Carlos Estevez;0;0;0;0;0;NULL
346220;Jeremiah Estrada;0;0;0;0;0;NULL
346221;Johnny Estrada;10,5;3,5;1;2,5;1,5;0,828
346223;Marco Estrada;0;0;0;0;0;NULL
346227;Andy Etchebarren;7,22222222222222;1,11111111111111;0,111111111111111;0,444444444444444;0,444444444444444;0,295888888888889
346233;Andre Ethier;9;2,21428571428571;0,357142857142857;0,785714285714286;1,28571428571429;0,778307692307692
346234;Nick Etten;19;2;0;2;1;0,255
346241;Tony Eusebio;6;2,25;0,25;0,75;0,25;1,19475
346254;Bob Evans;2;0;0;0;0;0
346258;Darrell Evans;14;3;0;0,666666666666667;3;0,605666666666667
346260;Dwight Evans;18,8333333333333;4,5;0,666666666666667;3,16666666666667;2,5;0,688666666666667
346266;Joe Evans;13;4;0;0;1;0,665
346278;Adam Everett;10,6;2,2;0;0,6;0,4;0,353
346279;Carl Everett;13,6;3,2;0;0,8;0,6;0,5294
346289;Johnny Evers;19;6;0;1,5;1;0,72725
346294;Buck Ewing;31;9;0,5;6,5;1,5;0,8185
346302;Scott Eyre;0;0;0;0;0;NULL
346308;Red Faber;7;1;0;0;2;0,476
346311;Jorge Fabregas;1,5;0;0;0;0;0
346313;Roy Face;3;0;0;0;0;0
346330;Pete Fairbanks;0;0;0;0;0;NULL
346335;Ron Fairly;10;3;0,5;1,5;1,25;0,57375
346348;George Fallon;2;0;0;0;0;0
346350;Bailey Falter;0;0;0;0;0;NULL
346353;Jeurys Familia;0,2;0;0;0;0;0
346376;Kyle Farmer;2,6;0,2;0,2;0,6;0;0,3334
346379;Kyle Farnsworth;0;0;0;0;0;NULL
346384;Duke Farrell;2;0;0;1;0;0
346386;Jack Farrell;9;4;0;0;0;1,111
346393;Luther Farrell;28;5,5;0,5;4;4;0,5985
346399;Steve Farr;0;0;0;0;0;NULL
346400;Sal Fasano;0;0;0;0;0;NULL
346401;Jeff Fassero;0;0;0;0;0;NULL
346429;Benny Felder;2;0;0;0;0;0
346434;Scott Feldman;0;0;0;0;0;NULL
346437;Pedro Feliciano;0;0;0;0;0;NULL
346441;Junior Felix;11;3;0;3;0;0,636
346443;Neftali Feliz;0;0;0;0;0;NULL
346444;Pedro Feliz;10,8;2,2;0,2;0,9;0,4;0,526
346445;Bob Feller;4;0;0;0;0;0
346447;Happy Felsch;24;5,5;0,5;3;1;0,606
346455;Alex Ferguson;4;0;0;0;0;0
346458;Caleb Ferguson;0;0;0;0;0;NULL
346462;Joe Ferguson;8,75;1,75;0,25;1;2,25;0,697
346464;Felix Fermin;0,5;0;0;0;0;0
346465;Freddy Fermin;11;4;0;0;0;0,909
346469;Alex Fernandez;1;0;0;0;0,333333333333333;0,1665
346488;Sid Fernandez;0,666666666666667;0;0;0;0;0
346489;Tony Fernandez;18,75;6,125;0,125;2,875;1,25;0,785625
346491;Al Ferrara;1;1;0;0;0;2
346505;Willie Ferrell;1;0;0;0;0;0
346507;Dave Ferriss;6;0;0;0;0;0
346508;Hobe Ferris;31;9;0;5;0;0,645
346509;Tom Ferrick;0;0;0;0;0;NULL
346515;Matt Festa;0;0;0;0;0;NULL
346517;Mike Fetters;0;0;0;0;0;NULL
346520;Chick Fewster;10;2;1;2;3;0,885
346521;J. P. Feyereisen;0;0;0;0;0;NULL
346527;Robert Fick;8;0,5;0;0;1;0,308
346532;Cecil Fielder;12,6;3,6;0,6;3;1,4;0,8078
346540;Josh Fields;0;0;0;0;0;NULL
346543;Prince Fielder;18,2222222222222;3,44444444444444;0,555555555555556;1,33333333333333;1,66666666666667;0,553111111111111
346546;Wilmer Fields;8,5;1;0;1,5;1;0,2485
346549;Mike Fiers;0;0;0;0;0;NULL
346558;Chone Figgins;12,2;2,1;0;0,6;0,6;0,62
346561;Ed Figueroa;0;0;0;0;0;NULL
346579;Jack Fimple;7;1;0;1;0;0,286
346585;Rollie Fingers;0,777777777777778;0,111111111111111;0;0;0;0,16675
346591;Chuck Finley;1,25;0;0;0;0;0
346593;Steve Finley;13,75;3,41666666666667;0,0833333333333333;1,75;1,75;0,586166666666667
346595;Brandon Finnegan;0;0;0;0;0;NULL
346596;Ed Finney;12;2;0;0;1;0,397
346600;Kyle Finnegan;0;0;0;0;0;NULL
346606;Tony Fiore;0;0;0;0;0;NULL
346622;Braydon Fisher;0;0;0;0;0;NULL
346629;Derek Fisher;0;0;0;0;0,333333333333333;NULL
346645;Ray Fisher;2;1;0;0;0;1
346647;George Fisher;2;1;0;0;0;1,5
346652;Carlton Fisk;18;4,66666666666667;0,666666666666667;2;2,66666666666667;0,753666666666667
346655;Doug Fister;0,555555555555556;0;0;0;0;0
346681;Freddie Fitzsimmons;2,66666666666667;1;0;0;0;0,666666666666667
346684;Max Flack;19;5;0;0;4;0,654
346687;Jack Flaherty;0,666666666666667;0;0;0,111111111111111;0,111111111111111;0,0835
346688;John Flaherty;2;0;0;0;0,333333333333333;0
346692;Ryan Flaherty;6,8;1,8;0,4;1;0,8;0,6228
346696;Mike Flanagan;1,2;0;0;0;0,2;0,0835
346702;Tim Flannery;1,5;1;0;0;0;1,5
346712;Josh Fleming;0;0;0;0;0;NULL
346717;Art Fletcher;23,5;4,5;0;1,75;0,5;0,43975
346726;Scott Fletcher;7;0;0;0;1;0,125
346734;Silver Flint;8,5;1;0;0,5;0;0,143
346737;Curt Flood;28,6666666666667;6,33333333333333;0;2,66666666666667;2,66666666666667;0,555333333333333
346748;Randy Flores;0;0;0;0;0;NULL
346752;Wilmer Flores;13,25;2,25;0;0;1,5;0,526
346756;Dylan Floro;0;0;0;0;0;NULL
346761;Jake Flowers;7;0,5;0;0;0,5;0,174
346762;Tyler Flowers;2,75;0,75;0;0;0,25;1,02
346766;Cliff Floyd;5,28571428571429;1,14285714285714;0,285714285714286;0,571428571428571;0,571428571428571;0,552
346767;Gavin Floyd;0;0;0;0;0;NULL
346768;Mason Fluharty;0;0;0;0;0;NULL
346773;Doug Flynn;0;0;0;0;0;NULL
346785;Josh Fogg;0,666666666666667;0;0;0;0,333333333333333;0,25
346789;Jason Foley;0;0;0;0;0;NULL
346796;Tim Foli;19,3333333333333;5,33333333333333;0;2,33333333333333;0,666666666666667;0,602666666666667
346798;Mike Foltynewicz;2;0;0;0;0;0
346803;Mike Fontenot;4,4;1;0;0;0,2;0,47925
346806;Chad Fonville;12;6;0;0;0;1
346808;Barry Foote;0,75;0,25;0;0;0;0,666666666666667
346818;Curt Ford;11;3,5;0;1;1;0,699
346819;Dan Ford;11,3333333333333;2,66666666666667;1;1,66666666666667;0,333333333333333;0,749
346826;Harry Ford;1;1;0;0;0;2
346829;Jimmy Ford;11;2;0;1;1;0,432
346830;Lew Ford;4;1,2;0;0,6;0;0,503666666666667
346832;Mike Ford;1;0;0;0;0;0
346837;Whitey Ford;4,45454545454545;0,363636363636364;0;0,272727272727273;0,636363636363636;0,357727272727273
346842;Sylvester Foreman;4;0;0;0;0;0
346850;Bob Forsch;0,833333333333333;0,333333333333333;0;0,166666666666667;0;0,6665
346851;Ken Forsch;2;2;0;0;0;2
346853;Terry Forster;0;0;0;0;0;NULL
346854;Tom Forster;3;0;0;0;0;0
346856;Logan Forsythe;12,3333333333333;3,66666666666667;0;2;3;0,805
346857;Nick Fortes;2;0;0;0;0;0
346864;Tony Fossas;0;0;0;0;0;NULL
346865;Ray Fosse;11,6;2;0,4;1,4;1;0,4864
346870;Willie Foster;7,125;1,25;0;0,25;0,5;0,493
346874;George Foster;10,8571428571429;3,14285714285714;0,428571428571429;1,71428571428571;1,14285714285714;0,8304
346875;John Foster;0;0;0;0;0;NULL
346881;Matt Foster;0;0;0;0;0;NULL
346887;Rube Foster;4,5;2;0;0,5;0;0,5625
346892;Keith Foulke;0;0;0;0;0;NULL
346896;Dave Foutz;30,2;6,8;0,2;3,8;1,2;0,5776
346901;Dexter Fowler;16,9;3,7;0,5;1,6;0,9;0,7135
346909;Andy Fox;0,6;0;0;0;0;0
346912;Chad Fox;0;0;0;0;0;NULL
346914;Eric Fox;1;0;0;0;1;0,5
346922;Nellie Fox;24;9;0;0;4;0,964
346924;Pete Fox;18,3333333333333;6;0;2;0,333333333333333;0,590666666666667
346926;Jimmie Foxx;21,3333333333333;7,33333333333333;1,33333333333333;3,66666666666667;3;1,03333333333333
346927;Joe Foy;15;2;0;1;1;0,388
346931;Ben Francisco;3,16666666666667;0,333333333333333;0,166666666666667;0,5;0,166666666666667;0,5916
346937;Jeff Francis;1,33333333333333;0;0;0;0;0
346938;Jeff Francoeur;10,25;1,75;0;0,5;0,75;0,4115
346939;John Franco;0;0;0;0;0;NULL
346940;J. P. France;0;0;0;0;0;NULL
346941;Julio Franco;10,8888888888889;2,44444444444444;0,222222222222222;0,666666666666667;0,666666666666667;0,444222222222222
346942;Juan Francisco;1;0;0;0;0;0
346943;Matt Franco;1,66666666666667;0,166666666666667;0;0;0,333333333333333;0,3334
346948;Terry Francona;6,5;2;0;0;1;0,381
346950;Ty France;10;2,33333333333333;0;1;0,333333333333333;0,502333333333333
346951;Wander Franco;14;4;1;2;0,5;0,7345
346952;Kevin Frandsen;1;0;0;0;0;0
346957;Herman Franks;1;0;0;0;0;0
346964;Ryan Franklin;0;0;0;0;0;NULL
346972;Jason Frasor;0;0;0;0;0;NULL
346975;Adam Frazier;7,75;1,5;0;0,25;0,25;0,468
346977;Jackson Frazier;3,5;1;0,5;0,5;0;0,5835
346979;George Frazier;0,5;0;0;0;0;0
346984;Todd Frazier;10,6;2;0,2;1,2;1;0,4852
346990;Bill Freehan;18;2,5;0,5;2,5;2;0,586
346992;Kyle Freeland;2;0;0;0;0;0
346996;Buck Freeman;32;9;0;4;2;0,792
347001;Freddie Freeman;15,7368421052632;4,15789473684211;0,842105263157895;2,05263157894737;2,21052631578947;0,844421052631579
347011;Marvin Freeman;0;0;0;0;0;NULL
347013;Sam Freeman;0;0;0;0;0;NULL
347015;David Freese;14,5714285714286;4,35714285714286;0,714285714285714;2,57142857142857;1,42857142857143;0,869571428571429
347017;Gene Freese;16;1;0;0;3;0,336
347022;Nate Freiman;1;0;0;0;0;0
347025;David Freitas;1;0;0;0;0;0
347027;Sal Frelick;12,5;2,75;0,25;0,75;0,5;0,586
347031;Larry French;1,33333333333333;0,333333333333333;0;0;0;0,5
347035;Walt French;1;0;0;0;0;0
347039;Lonny Frey;6,66666666666667;0;0;0,333333333333333;0,333333333333333;0,0186666666666667
347042;Hanley Frias;7;0;0;0;0;0
347043;Luis Frias;0;0;0;0;0;NULL
347053;Max Fried;0,384615384615385;0;0;0;0;0
347054;TJ Friedl;8;1;0;0;2;0,425
347057;Bob Friend;1;0;0;0;0;0
347067;Frankie Frisch;24,625;7,25;0;1,25;1,5;0,713125
347079;Dave Frost;0;0;0;0;0;NULL
347081;David Fry;14;4;1;4;1;0,881
347089;Travis Fryman;17;3,25;0,25;1,5;2,25;0,56975
347090;Woodie Fryman;1;0;0;0;0;0
347094;Brian Fuentes;0;0;0;0;0;NULL
347100;Tito Fuentes;16;5;1;2;1;0,915
347105;Kosuke Fukudome;10;1;0;0;0;0,2
347108;Sam Fuld;2,25;0,5;0;0;0,25;0,3
347123;Chick Fullis;5;2;0;0;0;0,8
347124;Brad Fullmer;11,3333333333333;3,33333333333333;0,333333333333333;1,66666666666667;1;0,835666666666667
347131;Aaron Fultz;0;0;0;0;0;NULL
347141;Rafael Furcal;19;4,30769230769231;0,307692307692308;1,23076923076923;2,07692307692308;0,650615384615385
347142;Carl Furillo;18,2857142857143;4,85714285714286;0,285714285714286;1,85714285714286;1,85714285714286;0,661
347151;Frank Gabler;0;0;0;0;1;NULL
347157;Hunter Gaddis;0;0;0;0;0;NULL
347161;Gary Gaetti;18,6;4,4;1;3,2;0,8;0,6372
347166;Phil Gagliano;2,33333333333333;0;0;0;0;0
347168;Eric Gagne;0;0;0;0;0;NULL
347169;Greg Gagne;20;4,4;0,8;2;1;0,6734
347175;Del Gainer;2;1;0;0,5;0;1,3335
347178;Jonas Gaines;4;0,333333333333333;0;0;0,333333333333333;0,181
347184;Augie Galan;9,66666666666667;1,33333333333333;0;0,666666666666667;0,666666666666667;0,140666666666667
347186;Andres Galarraga;13,2;2,4;0,2;1,4;1,8;0,4672
347191;Denny Galehouse;5;1;0;0;1;0,533
347192;Rich Gale;0;0;0;0;0;NULL
347194;Al Gallagher;10;1;0;0;0;0,2
347209;Yovani Gallardo;1,75;0;0;0,25;0;0
347210;Giovanny Gallegos;0;0;0;0;0;NULL
347211;Mike Gallego;7,5;1,375;0;0,5;0,375;0,337
347213;Zac Gallen;0;0;0;0;0;NULL
347217;John Gall;1;0;0;0;0;0
347221;Joey Gallo;2;0;0;0;0;0
347222;Mike Gallo;0;0;0;0;0;NULL
347225;Freddy Galvis;3;1;0;0;1;0,833
347232;Lee Gamble;1;0;0;0;0;0
347233;Oscar Gamble;7;2;0,333333333333333;1,16666666666667;1,5;0,816333333333333
347236;Ben Gamel;1;0;0;0;0;0
347242;Chick Gandil;26,5;6,5;0;5;0,5;0,5615
347252;Jim Gantner;18;4,33333333333333;0;2;0,666666666666667;0,574333333333333
347253;Ron Gant;18,9;4,3;0,8;2,8;1,5;0,6955
347255;Charlie Ganzel;33;8,5;0;2;1;0,7675
347259;Joe Garagiola;19;6;0;4;0;0,737
347264;Barbaro Garbey;10,5;1,5;0;0;0;0,3335
347266;Gene Garber;0,333333333333333;0;0;0;0;0
347269;Rich Garces;0;0;0;0;0;NULL
347271;Adolis Garcia;12,75;4;1,5;4,25;0,75;0,99925
347277;Avisail Garcia;9,42857142857143;2,57142857142857;0,142857142857143;1;0,285714285714286;0,671714285714286
347280;Carlos Garcia;1;0;0;0;0;0
347282;Christian Garcia;0;0;0;0;0;NULL
347283;Chano García;38;6;0;3;2;0,411
347284;Cocaína García;2;1;1;1;0;2,5
347285;Damaso Garcia;30;7;0;1;3;0,67
347289;Deivi Garcia;0;0;0;0;0;NULL
347293;Freddy Garcia;0,444444444444444;0;0;0;0;0
347294;Greg Garcia;3;0;0;0;0;0
347297;Santiago Casilla;0;0;0;0;0;NULL
347298;Jaime Garcia;1,5;0;0;0,166666666666667;0,166666666666667;0,111
347300;Jarlin Garcia;0;0;0;0;0;NULL
347301;Jesse Garcia;0;0;0;0;0;NULL
347304;Jose Barrero;1;0;0;0;0;0
347305;Karim Garcia;15;4;0;1,5;1;0,577
347306;Kiko Garcia;11,6666666666667;3,66666666666667;0;2,66666666666667;1;0,562
347308;Leury Garcia;10,5;1,5;0,5;2;0,5;0,3585
347311;Luis Garcia;0;0;0;0;0;NULL
347313;Luis Garcia;0,166666666666667;0;0;0;0;0
347314;Maikel Garcia;11;3,5;0;0,5;0,5;0,601
347315;Mike Garcia;0;0;0;0;0;NULL
347318;Nomar Garciaparra;16;5,14285714285714;1;3,42857142857143;1,71428571428571;1,01057142857143
347323;Ramon Garcia;0;0;0;0;0;NULL
347331;Silvio García;18;7;0;4;1;0,921
347333;Yimi Garcia;0;0;0;0;0;NULL
347346;Billy Gardner;1;0;0;0;0;0
347347;Brett Gardner;9,73684210526316;2,05263157894737;0,157894736842105;1;0,894736842105263;0,6033125
347354;Jelly Gardner;30,5;7,5;0;3;11;0,73
347356;Larry Gardner;21,5;4,25;0,75;3,25;1;0,62225
347358;Mark Gardner;2;0;0;0;0;0
347362;Wes Gardner;0;0;0;0;0;NULL
347368;Ryan Garko;17,5;5,5;0,5;2,5;0,5;0,9015
347369;Jon Garland;1,5;0;0;0;0;0
347371;Wayne Garland;0;0;0;0;0;NULL
347373;Mike Garman;0;0;0;0;0;NULL
347374;Debs Garms;3,5;0;0;0;0;0
347376;Dustin Garneau;1;0;0;0;0;0
347378;Phil Garner;13,6;4,2;0,2;1,6;1,6;0,6998
347381;Amir Garrett;0;0;0;0;0;NULL
347382;Braxton Garrett;0;0;0;0;0;NULL
347385;Reed Garrett;0;0;0;0;0;NULL
347386;Scott Garrelts;1,66666666666667;0;0;0;0,333333333333333;0,1
347390;Wayne Garrett;16,75;3;0,75;1,5;2,25;0,693
347395;Gil Garrido;10;2;0;0;1;0,473
347404;Mitch Garver;9,14285714285714;2,14285714285714;0,428571428571429;2,28571428571429;0,714285714285714;0,793285714285714
347406;Steve Garvey;20,1818181818182;6,81818181818182;1;2,81818181818182;0,727272727272727;0,919636363636364
347412;Matt Garza;0,5;0;0;0;0;0
347415;Rod Gaspar;1;0;0;0;0;0
347418;Robert Gasser;0;0;0;0;0;NULL
347426;Robert Gaston;3,5;0,5;0;0,5;0;0,25
347429;Brent Gates;4;0;0;0;0;0
347435;Joey Gathright;0;0;0;0;0;NULL
347437;Evan Gattis;8,875;2,125;0,125;0,625;1,375;0,474875
347440;Chad Gaudin;0;0;0;0;0;NULL
347442;Kevin Gausman;0,222222222222222;0;0;0;0;0
347451;Mike Gazella;0;0;0;0;0;NULL
347454;Dinty Gearin;0;0;0;0;0;NULL
347464;Rich Gedman;24;7;1;2,66666666666667;0,666666666666667;0,799666666666667
347473;Charlie Gehringer;27;8,66666666666667;0,333333333333333;2,33333333333333;2,33333333333333;0,786333333333333
347475;Lou Gehrig;17;6,14285714285714;1,42857142857143;5;3,71428571428571;1,279
347483;Charlie Gelbert;20;6;0;2,5;1,5;0,743
347493;Craig Gentry;4,25;1,25;0;0,25;0,25;0,525
347494;Gary Gentry;1,5;0,5;0;1;0;1
347499;Bill George;9;3;1;4;0;1,111
347523;Domingo German;0;0;0;0;0;NULL
347524;Esteban German;3;0;0;0;0;0
347530;Dick Gernert;4;0;0;0;0;0
347532;Cesar Geronimo;13,3333333333333;2,22222222222222;0,333333333333333;1,22222222222222;0,888888888888889;0,456375
347538;Doc Gessler;1;0;0;0;1;0,5
347546;Gus Getz;1;0;0;0;0;0
347547;Pretzels Getzien;20;6;0;2;3;0,791
347553;Jason Giambi;13,8;4;0,7;1,9;3;0,8403
347554;Jeremy Giambi;11;3,5;0;1,5;1,5;0,765
347563;Joe Gibbon;0;0;0;0;0;NULL
347570;Bob Gibson;9,33333333333333;1,33333333333333;0,666666666666667;1;0,666666666666667;0,565333333333333
347577;George Gibson;25;6;0;2;1;0,589
347579;Josh Gibson;17,1428571428571;4,57142857142857;0,714285714285714;2,14285714285714;3,42857142857143;0,824285714285714
347580;Kirk Gibson;15,6;4,4;1,4;4,2;2,4;1,7696
347581;Kyle Gibson;0;0;0;0;0;NULL
347586;Russ Gibson;2;0;0;0;0;0
347599;Benji Gil;4;2,66666666666667;0;0,333333333333333;0;1,13333333333333
347602;Billy Gilbert;17;5;0;2;0;0,588
347610;Larry Gilbert;0;0;0;0;1;NULL
347611;Logan Gilbert;0;0;0;0;0;NULL
347625;Brian Giles;9,625;2;0;0,5;1,375;0,562125
347626;George Giles;29;9;0;4;3;0,823
347627;Ken Giles;0;0;0;0;0;NULL
347628;Marcus Giles;15,3333333333333;3,33333333333333;0,333333333333333;1;1,16666666666667;0,678166666666667
347637;Bernard Gilkey;5,5;0,5;0;0;1;0,3145
347640;Conor Gillaspie;9,5;4;0,5;3;0;1,3415
347650;Paul Gillespie;6;0;0;0;0;0
347659;Barney Gilligan;9;4;0;2;0;1,111
347663;Jim Gilliam;20,25;4,5;0,25;1,625;3;0,585875
347671;Luis Gil;0;0;0;0;0;NULL
347675;Sean Gilmartin;0;0;0;0;0;NULL
347685;Luther Gilyard;6;0;0;0;0;0
347686;Andres Gimenez;18,5714285714286;3,85714285714286;0,285714285714286;2;1;0,515714285714286
347687;Chris Gimenez;4;1;0;0;0;0,5
347692;Kevin Ginkel;0;0;0;0;0;NULL
347698;Lucas Giolito;0;0;0;0;0;NULL
347699;Al Gionfriddo;3;0;0;0;1;0,25
347702;Alvin Gipson;1;0;0;0;0;0
347703;Charles Gipson;0,666666666666667;0;0;0;0;0
347707;Joe Girardi;9,5;1,75;0;0,0833333333333333;0,75;0,45375
347713;Dave Giusti;0,333333333333333;0;0;0;0;0
347715;Mychal Givens;0;0;0;0;0;NULL
347717;Dan Gladden;26;7,25;0,25;3,75;2,25;0,75425
347725;Doug Glanville;1;0,5;0;0,5;0;2
347727;Tyler Glasnow;0;0;0;0;0;NULL
347734;Troy Glaus;13;4,16666666666667;1,5;2,66666666666667;1,5;0,842166666666667
347738;Tom Glavine;2,45833333333333;0,416666666666667;0;0,208333333333333;0,208333333333333;0,399304347826087
347741;Bill Gleason;33;6,33333333333333;0;2;1,66666666666667;0,463333333333333
347767;Ross Gload;3,5;0,5;0;0;0,5;0,5835
347773;Tom Glover;1;0;0;0;0;0
347774;Bill Glynn;2;1;0;0;0;1,5
347785;Zack Godley;2;0;0;0;0;0
347792;Erik Goeddel;0;0;0;0;0;NULL
347804;Ryan Goins;13,6666666666667;2;0,333333333333333;1,66666666666667;0,666666666666667;0,442
347817;Paul Goldschmidt;10,1;2,8;0,8;1,6;0,9;0,8589
347823;Mike Goliat;14;3;0;1;1;0,481
347824;Greg Golson;0;0;0;0;0;NULL
347825;Dave Goltz;0;0;0;0;0;NULL
347827;Austin Gomber;0;0;0;0;0;NULL
347828;Brandon Gomes;0;0;0;0;0;NULL
347829;Jonny Gomes;8,16666666666667;1,16666666666667;0,166666666666667;0,833333333333333;0,833333333333333;0,3358
347831;Yan Gomes;7,28571428571429;1,85714285714286;0;0,571428571428571;0,714285714285714;0,684857142857143
347832;Alexis Gomez;6;2;0,5;2;0;0,611
347833;Carlos Gomez;7,66666666666667;1,83333333333333;0,5;1;0,333333333333333;0,939166666666667
347835;Chris Gomez;9,16666666666667;2;0;0,166666666666667;1,16666666666667;0,4922
347838;Jeanmar Gomez;1;0;0;0;0;0
347839;Lefty Gomez;4;0,6;0;0,8;0,4;0,2084
347848;Ruben Gomez;4;0;0;0;0;0
347853;Tony Gonsolin;0,25;0,25;0;0;0;2
347854;Adrian Gonzalez;18,2857142857143;4,85714285714286;1;3;1,71428571428571;0,778714285714286
347855;Alex Gonzalez;20;5,5;2;4;2;0,9345
347856;Alex Gonzalez;16,6;2,8;0,2;1,6;0,4;0,441
347860;Carlos Gonzalez;8,5;3,5;0,25;0,5;1;0,966
347861;Chi Chi Gonzalez;0;0;0;0;0;NULL
347868;Erik Gonzalez;2;0;0;0;0;0
347875;Gio Gonzalez;1,6;0;0;0;0,2;0,0625
347876;Geremi Gonzalez;0;0;0;0;0;NULL
347878;Jose Gonzalez;1;0;0;0;0;0
347881;Juan Gonzalez;15,5;4,5;2;3,75;1;0,98575
347884;Luis Gonzalez;17,4;4,4;0,8;2,4;2,2;0,781
347888;Marwin Gonzalez;10,7272727272727;2,45454545454545;0,272727272727273;1,36363636363636;0,727272727272727;0,475727272727273
347889;Marco Gonzales;0;0;0;0;0;NULL
347891;Mike Gonzalez;1;0;0;0;0;0
347892;Mike Gonzalez;0;0;0;0;0;NULL
347893;Miguel Gonzalez;0;0;0;0;0;NULL
347897;Orlando Gonzalez;1;0;0;0;0;0
347898;Oscar Gonzalez;15,5;3,5;0,5;2;0;0,682
347899;Pedro Gonzalez;1;0;0;0;0;0
347902;Rene Gonzales;0;0;0;0;0;NULL
347903;Romy Gonzalez;9;1;0;0;0;0,222
347905;Tony Gonzalez;14;5;1;2;1;1,043
347907;Victor Gonzalez;0;0;0;0;0;NULL
347911;Johnny Gooch;4;0;0;0;0,5;0,0835
347916;Dwight Gooden;1,5;0,25;0;0;0;0,466666666666667
347923;Billy Goodman;13;3;0;1;0;0,462
347925;Ival Goodman;22;6,5;0;3;0,5;0,698
347930;Ed Goodson;1;0;0;0;0;0
347932;Brian Goodwin;0,5;0;0;0;0;0
347940;Tom Goodwin;3,57142857142857;0,571428571428571;0;0,285714285714286;0,142857142857143;0,712285714285714
347947;Alex Gordon;15,4285714285714;3,42857142857143;0,428571428571429;2,42857142857143;2;0,691428571428571
347951;Dee Strange-Gordon;5,66666666666667;1;0;0,666666666666667;0,666666666666667;0,44
347954;Joe Gordon;17,1666666666667;4,16666666666667;0,666666666666667;2,66666666666667;2;0,7745
347961;Tom Gordon;0;0;0;0;0;NULL
347965;George Gore;14,5;4;0,25;0,75;2,25;0,70025
347967;Terrance Gore;0,222222222222222;0;0;0;0;0
347974;Nolan Gorman;1;1;0;1;0;2
347976;Tom Gorman;0,5;0;0;0;0;0
347982;Johnny Gorsica;4;0;0;0;0;0
347985;Tom Gorzelanny;0;0;0;0;0;NULL
347989;Goose Goslin;25,8;7,4;1,4;3,8;2,4;0,8244
347991;Rich Gossage;0,125;0;0;0;0;0
348006;Yuli Gurriel;17,4;4,55;0,4;1,95;1,4;0,63345
348009;Hank Gowdy;14;4,33333333333333;0,333333333333333;1,33333333333333;2,66666666666667;0,91
348015;Jason Grabowski;2;0;0;0;1;0,333
348016;Johnny Grabowski;2;0;0;0;0;0
348023;Mark Grace;13,6666666666667;4,5;0,333333333333333;2,16666666666667;2,16666666666667;0,821833333333333
348027;Willie Grace;17,5;5;0,5;3;0,5;0,7405
348035;Tony Graffanino;4,33333333333333;1;0;0,166666666666667;0,666666666666667;0,73975
348061;Curtis Granderson;13,125;2,9375;0,5625;1,875;1,8125;0,60775
348062;Yasmani Grandal;8,5;1,08333333333333;0,5;1,33333333333333;1,91666666666667;0,61475
348063;Jack Graney;3;0;0;0;0;0
348065;Wayne Granger;0;0;0;0;0;NULL
348067;Zach Granite;2;1;0;0;0;1
348069;Eddie Grant;1;0;0;0;0;0
348071;George Grantham;13;3;0;0;0,5;0,569
348077;Mudcat Grant;4;1;0,5;1,5;0;1
348081;Mickey Grasso;0;0;0;0;0;NULL
348083;Brusdar Graterol;0,0909090909090909;0;0;0;0;0
348094;Kendall Graveman;0,333333333333333;0;0;0;0;0
348109;Jeff Gray;0;0;0;0;0;NULL
348113;Jon Gray;0;0;0;0;0;NULL
348118;Sonny Gray;0;0;0;0;0;NULL
348123;Eli Grba;0;0;0;0;0;NULL
348124;Bill Greason;9;2;0;2;1;0,633
348126;Craig Grebeck;1;1;0;0;0;2
348134;Chad Green;0;0;0;0;0;NULL
348139;David Green;5,5;1,5;0;0;0,5;1,3865
348140;Dick Green;12;1,85714285714286;0;0,428571428571429;0,714285714285714;0,411714285714286
348142;Fred Green;1;0;0;0;0;0
348146;Hank Greenberg;21,25;6,75;1,25;5,5;3,25;1,02025
348149;Hunter Greene;0;0;0;0;0;NULL
348156;Joe Greene;12,3333333333333;4,33333333333333;0,333333333333333;2,33333333333333;1,33333333333333;0,860333333333333
348160;Khalil Greene;7;2;0;0,5;0,5;0,5275
348162;Leslie Green;16;5;0;2;4;0,887
348163;Mike Greenwell;9,6;1,4;0,2;0,6;1,2;0,5256
348165;Nick Green;0;0;0;0;0;NULL
348171;Riley Greene;14,75;3,25;0,25;0,75;1,5;0,63125
348174;Shawn Green;16;4,66666666666667;1;2,33333333333333;1,33333333333333;0,902333333333333
348175;Shane Greene;0;0;0;0;0;NULL
348177;Taylor Green;1;0;0;0;0;0
348178;Tommy Greene;0,5;0,5;0;0;0,5;2
348179;Todd Greene;1,5;0,5;0;0;0;0,75
348190;Rusty Greer;12;1,33333333333333;0;0;2,33333333333333;0,363333333333333
348191;Luke Gregerson;0;0;0;0;0;NULL
348193;Hal Gregg;3;0;0;0;1;0,25
348194;Kevin Gregg;0;0;0;0;0;NULL
348195;Tommy Gregg;3,66666666666667;0,333333333333333;0;0;0;0,166666666666667
348197;Didi Gregorius;12,625;3,25;0,5;2;1,125;0,871875
348206;Zack Greinke;1,52941176470588;0,411764705882353;0;0,0588235294117647;0;0,4566
348213;Bobby Grich;17,6;3,2;0,6;1,8;1;0,546
348214;Randal Grichuk;12,5;2,25;0,75;1;0,5;0,588
348215;Claude Grier;7;4;0;0;3;1,557
348217;Ben Grieve;17;2;0;2;3;0,368
348219;A. J. Griffin;0;0;0;0;0;NULL
348220;Alfredo Griffin;8,6;1,4;0;0,6;0,4;0,275
348227;Doug Griffin;1;0;0;0;0;0
348236;Ken Griffey;15;3,6;0;2,2;1,2;0,626
348237;Ken Griffey;17,25;5;1,5;2,75;2;0,822
348249;Tommy Griffith;21;4;0;3;0;0,476
348255;Wiley Griggs;1;0;0;0;1;0,5
348258;Jason Grilli;0;0;0;0;0;NULL
348260;Bob Grim;1;0;0;0;0;0
348262;Burleigh Grimes;4,75;1,5;0;0,5;0;0,5095
348270;Charlie Grimm;16,5;6;0,5;2,5;1,5;0,9275
348271;Justin Grimm;0;0;0;0;0;NULL
348272;Jason Grimsley;0;0;0;0;0;NULL
348275;Ross Grimsley;1,5;0,5;0;0,25;0;0,625
348277;Trent Grisham;11,75;1,875;0,375;0,875;1,5;0,602125
348278;Lee Grissom;0;0;0;0;0;NULL
348279;Marv Grissom;1;0;0;0;0;0
348280;Marquis Grissom;21,8;6,9;0,5;2;1,2;0,7559
348281;Vaughn Grissom;2;0;0;0;0;0
348282;Dick Groat;27;5,5;0;1,5;2;0,554
348285;Heinie Groh;14,4;3,8;0;0,8;2,2;0,8424
348287;Steve Gromek;3;0;0;0;0;0
348296;Gabe Gross;6,33333333333333;0,333333333333333;0;0,666666666666667;1;0,211
348298;Greg Gross;4,2;0,6;0;0,2;0,4;0,3572
348302;Robbie Grossman;5,22222222222222;0,777777777777778;0;0;0,444444444444444;0,328111111111111
348304;Wayne Gross;5;1;0,5;1,5;0;0,7
348305;Jerry Grote;10,125;2,25;0;0,5;0,5;0,4082
348314;Lefty Grove;6;0;0;0;0;0
348315;Michael Grove;0;0;0;0;0;NULL
348319;Johnny Grubb;4,66666666666667;2;0;0,666666666666667;0;0,853333333333333
348324;Kelly Gruber;19,75;3,75;0,5;2;1,75;0,56625
348325;Mark Grudzielanek;21,25;4;0;1,25;0,75;0,4185
348329;Kevin Gryboski;0;0;0;0;0;NULL
348332;Joe Grzenda;0;0;0;0;0;NULL
348336;Eddie Guardado;0;0;0;0;0;NULL
348338;Mark Gubicza;0;0;0;0;0;NULL
348339;Marv Gudat;2;0;0;0;0;0
348341;Sean Guenther;0;0;0;0;0;NULL
348345;Javy Guerra;0;0;0;0;0;NULL
348348;Junior Guerra;1;0;0;0;0;0
348351;Matt Guerrier;0;0;0;0;0;NULL
348354;Pedro Guerrero;17,8;4;0,8;3,2;2,6;0,7682
348357;Vladimir Guerrero;17,1;4,5;0,2;2;1,4;0,6441
348358;Vladimir Guerrero;15,8333333333333;5,33333333333333;1,33333333333333;2,66666666666667;2,66666666666667;0,865666666666667
348364;Ron Guidry;0,875;0;0;0;0;0
348369;Carlos Guillen;10,1666666666667;3,5;0,333333333333333;1,16666666666667;1,33333333333333;1,13633333333333
348370;Jose Guillen;11;5;0;1;3;1,117
348371;Luis Guillorme;1;0;0;0;0;0
348372;Ozzie Guillen;7,33333333333333;2;0;0,666666666666667;0;0,3485
348382;Don Gullett;2,18181818181818;0,636363636363636;0,0909090909090909;0,545454545454545;0;0,507888888888889
348385;Bill Gullickson;3;0;0;0;0,5;0,125
348390;Harry Gumbert;0;0;0;0;0;NULL
348401;Larry Gura;0;0;0;0;0;NULL
348404;Lourdes Gurriel;14,8;4;0,6;2,2;0,4;0,6792
348412;Dalton Guthrie;0;0;0;0;0;NULL
348413;Jeremy Guthrie;1;0;0;0;0;0
348414;Mark Guthrie;0;0;0;0;0;NULL
348416;Franklin Gutierrez;14,5;3;0,5;2;2,5;0,61
348421;Ricky Gutierrez;9,33333333333333;1,33333333333333;0;0;2,33333333333333;0,451333333333333
348423;Don Gutteridge;13;2,5;0;0,5;1,5;0,62
348424;Brandon Guyer;5;1,5;0;0,75;1;0,6
348426;Cristian Guzman;16,75;4;0,25;0,5;1,25;0,5935
348430;Freddy Guzman;1;0;0;0;0;0
348437;Juan Guzman;0,4;0;0;0;0;0
348442;Chris Gwynn;1,5;1;0;0;0;1
348443;Tony Gwynn;18;5,5;0,166666666666667;1,83333333333333;1;0,753833333333333
348444;Tony Gwynn;3;1;0;0;0;0,667
348445;Jedd Gyorko;7;1;0;0;0;0,286
348453;Moose Haas;0;0;0;0;0;NULL
348454;Mule Haas;20,6666666666667;3,33333333333333;0,666666666666667;3;1,66666666666667;0,527333333333333
348468;Stan Hack;17,25;6;0;1,25;1,75;0,864
348469;Harvey Haddix;3;1;0;0;0;0,667
348471;Josh Hader;0,111111111111111;0;0;0;0;0
348472;Bump Hadley;1,66666666666667;0;0;0;0;0
348479;Chick Hafey;22;4,5;0;0,5;0,5;0,50775
348483;Travis Hafner;21,5;4;1;2;3,5;0,6845
348494;Joe Hague;2;0;0;0;1;0,3335
348497;Don Hahn;23;5,5;0;1,5;1,5;0,581
348498;Ed Hahn;22;6;0;0;1;0,577
348504;Hinkey Haines;1;0;0;0;0;0
348505;Jesse Haines;2,25;1;0,25;0,75;0;0,933333333333333
348508;Jerry Hairston;3;0;0;0;1;0,25
348509;Jerry Hairston;9,4;3,4;0;0,8;0,8;0,8205
348517;John Halama;0;0;0;0;0;NULL
348524;David Hale;0;0;0;0;0;NULL
348538;Bill Hallahan;2,75;0;0;0;0,25;0,111
348542;Roy Halladay;4;1;0;0,333333333333333;0;0,555666666666667
348547;Bill Hall;8;2;0;0;1;0,583
348552;Charley Hall;4;3;0;0;1;1,8
348557;Dick Hall;0,6;0,2;0;0;0;0,5
348558;DL Hall;0;0;0;0;0;NULL
348562;Tom Haller;7,5;2;0,5;1,5;0;0,4285
348571;Jimmie Hall;7;1;0;0;1;0,393
348584;Tom Hall;0,666666666666667;0;0;0;0;0
348588;Petey Halpin;0;0;0;0;0;NULL
348596;Charlie Hamburg;26;7;0;2;0;0,577
348600;Cole Hamels;1,53846153846154;0,230769230769231;0;0;0,153846153846154;0,433333333333333
348604;Billy Hamilton;0;0;0;0;0,5;NULL
348606;Dave Hamilton;0;0;0;0;0;NULL
348607;Darryl Hamilton;8,28571428571429;1,71428571428571;0;0,571428571428571;0,428571428571429;0,408
348610;Ian Hamilton;0;0;0;0;0;NULL
348613;Jeff Hamilton;21;3,5;0;0,5;2;0,39
348615;Jim Hamilton;1;0;0;0;1;0,5
348617;Joey Hamilton;1;0;0;0;0;0
348618;Josh Hamilton;18,1111111111111;3,66666666666667;0,666666666666667;2,55555555555556;1,66666666666667;0,532666666666667
348620;Steve Hamilton;0;0;0;0;0;NULL
348626;Atlee Hammaker;1;0;0;0;0;0
348627;Jason Hammel;0,2;0,2;0;0,2;0,2;2
348629;Chris Hammond;0;0;0;0;0;NULL
348632;Jeffrey Hammonds;6;1;0;0,666666666666667;1,33333333333333;0,533333333333333
348637;Granny Hamner;14;6;0;0;1;1,181
348639;Garrett Hampson;1,25;0,75;0;0,75;0,25;0,666666666666667
348646;Mike Hampton;2,5;0,625;0;0,125;0;0,547571428571429
348655;Emerson Hancock;0;0;0;0;0;NULL
348658;Josh Hancock;0;0;0;0;0;NULL
348662;Brad Hand;0;0;0;0;0;NULL
348674;Harry Hanebrink;2;0;0;0;0;0
348677;Larry Haney;0;0;0;0;0;NULL
348681;Brenan Hanifee;0;0;0;0;0;NULL
348682;Mitch Haniger;10,5;2,5;0;0;1;0,623
348683;Ryan Hanigan;7,33333333333333;1;0;1;0;0,133333333333333
348689;Ned Hanlon;50;11;0;4;5;0,571
348707;Dave Hansen;2,5;1;0;0;0;0,6665
348717;Erik Hanson;0;0;0;0;0;NULL
348720;Tommy Hanson;1;0;0;0;0;0
348723;Ian Happ;7,5;1,33333333333333;0,5;0,833333333333333;0,666666666666667;0,602
348724;J. A. Happ;0,1;0;0;0;0;0
348729;Rich Harden;0,666666666666667;0;0;0;0;0
348748;J. J. Hardy;11,4285714285714;2,57142857142857;0,142857142857143;1;0,857142857142857;0,576428571428571
348750;Paul Hardy;4;1;0;1;0;0,5
348753;Dan Haren;0,2;0;0;0;0;0
348769;Larry Harlow;8;1;0;1;1;0,472
348774;Terry Harmon;0;0;0;0;0;NULL
348775;George Harney;5,25;0,5;0;0,5;1;0,34425
348779;Brian Harper;11;3,5;0;0,75;0,5;0,5195
348781;Bryce Harper;16;4,38461538461539;1,30769230769231;2,61538461538462;2,92307692307692;0,996076923076923
348785;George Harper;9;1;0;0;2;0,384
348786;Harry Harper;0;0;0;0;0;NULL
348791;Terry Harper;1;0;0;0;0;0
348792;Tommy Harper;0;0;0;0;1;NULL
348798;Bud Harrelson;17,5;3,5;0;1,5;2,5;0,55725
348800;Ken Harrelson;13;1;0;1;1;0,22
348821;Brendan Harris;12;3;0;1;0;0,667
348823;Bucky Harris;28;6,5;1;3,5;1;0,54
348830;Curtis Harris;10,5;2;0;0,5;1;0,407
348831;Dave Harris;2;0;0;0;2;0,5
348840;Greg Harris;0;0;0;0;0;NULL
348852;Joe Harris;20;7;1,5;3,5;1,5;0,89
348854;Josh Harrison;2,33333333333333;0,666666666666667;0;0;0;0,5
348857;Lenny Harris;2,14285714285714;0,428571428571429;0;0,142857142857143;0,285714285714286;0,504714285714286
348860;Matt Harrison;0,333333333333333;0;0;0;0;0
348861;Mickey Harris;3;1;0;0;0;0,667
348864;Michael Harris;11,6666666666667;2;0,333333333333333;1;0;0,631
348865;Monte Harrison;0;0;0;0;0;NULL
348883;Vic Harris;12;2,16666666666667;0;1;1,33333333333333;0,647333333333333
348884;Willie Harris;1;1;0;0,5;0;2
348885;Will Harris;0;0;0;0;0;NULL
348896;Corey Hart;18;4,33333333333333;0,666666666666667;1,66666666666667;1;0,617666666666667
348897;Donnie Hart;0;0;0;0;0;NULL
348905;Jim Ray Hart;5;0;0;0;0;0
348908;Kevin Hart;0;0;0;0;0;NULL
348922;Gabby Hartnett;13,5;3,25;0,5;0,75;0,25;0,5125
348928;Topsy Hartsel;11;2,5;0;0;1;0,505
348930;Clint Hartung;4;0;0;0;0;0
348936;Bill Harvey;2;0;0;0;0;0
348937;Bob Harvey;25;6;0;0;2;0,576
348945;Matt Harvey;2,33333333333333;0;0;0;0;0
348947;Chad Harville;0;0;0;0;0;NULL
348951;Bill Haselman;2;0;0;0;0;0
348958;Buddy Hassett;9;3;0;2;0;0,778
348959;Ron Hassey;6,2;2;0,2;1,2;1,4;0,8626
348961;Andy Hassler;0;0;0;0;0;NULL
348968;Billy Hatcher;17,3333333333333;7;0,666666666666667;2;1,66666666666667;1,242
348970;Chris Hatcher;0;0;0;0;0;NULL
348971;Mickey Hatcher;20;6;1;4;2;0,902
348973;Thomas Hatch;0;0;0;0;0;NULL
348975;Gil Hatfield;8;2;0;1;1;0,583
348982;Joe Hatten;1,5;0,5;0;0;0;0,667
348984;Scott Hatteberg;8,4;2,4;0,2;0,8;2,2;0,8858
349006;Andy Hawkins;0;0;0;0;0;NULL
349008;LaTroy Hawkins;0;0;0;0;0;NULL
349009;Lemuel Hawkins;26;5,4;0,2;2,8;2,4;0,5296
349012;Blake Hawksworth;0;0;0;0;0;NULL
349018;Brad Hawpe;10,75;2,75;0,25;1;2;0,59425
349030;Charlie Hayes;10,75;2,5;0;0,75;0,75;0,4915
349037;Johnny Hayes;3;1;0;0;0;1
349038;Ke'Bryan Hayes;6;0;0;0;0;0
349040;Von Hayes;2,5;0;0;0;0;0
349051;Nathan Haynes;1;0;0;0;0;0
349054;Austin Hays;7,33333333333333;1,33333333333333;0;0;1;0,380333333333333
349059;Ray Hayworth;0;0;0;0;0;NULL
349060;Red Hayworth;17;2;0;1;3;0,426
349064;Bob Hazle;13;2;0;0;1;0,368
349068;Chase Headley;10,6666666666667;2,33333333333333;0;0,333333333333333;0,666666666666667;0,414333333333333
349076;Ryon Healy;3;0;0;0;0;0
349078;Andrew Heaney;0;0;0;0;0;NULL
349080;Jehosie Heard;0;0;0;0;0,5;NULL
349086;Jim Hearn;3;0;0;0;0;0
349088;Jeff Hearron;0;0;0;0;0;NULL
349092;Cliff Heathcote;1;0;0;0;0;0
349098;Mike Heath;5,25;1;0,25;0,5;0;0,555666666666667
349108;Richie Hebner;11,1111111111111;3;0,444444444444444;1,77777777777778;0,888888888888889;0,734666666666667
349110;Adeiny Hechavarria;2;0;0;0;0,333333333333333;0,166666666666667
349113;Austin Hedges;4,28571428571429;0,428571428571429;0;0;1;0,275
349116;Danny Heep;4,5;0,666666666666667;0;0,5;0,333333333333333;0,313833333333333
349124;Jim Hegan;16;3;0,5;2,5;1;0,5315
349125;Mike Hegan;2;0,25;0;0;0,25;0,225
349133;Aaron Heilman;0;0;0;0;0;NULL
349136;Jonah Heim;13,75;3;0,75;2;1;0,6325
349141;Tyler Heineman;1,5;0;0;0;0;0
349144;Ken Heintzelman;2;0;0;0;0;0
349148;Chris Heisey;2,5;0,25;0,25;0,75;0;0,3125
349165;Jeremy Hellickson;0;0;0;0;0;NULL
349166;Rick Helling;0,166666666666667;0;0;0;0;0
349171;Tommy Helms;14,5;3,5;0;0;0,5;0,515
349172;Wes Helms;1;0;0;0;0,5;0,333
349173;Ryan Helsley;0;0;0;0;0;NULL
349174;Todd Helton;14,25;3;0;1;2;0,578
349177;Heath Hembree;0;0;0;0;0;NULL
349186;Rollie Hemsley;3;0;0;0;0;0
349198;Dave Henderson;15,125;4,5;0,875;2,5;1,75;0,86925
349200;Gunnar Henderson;9,5;3;0,5;1;1,5;0,755
349205;Ken Henderson;16;5;0;2;2;0,764
349206;Leonard Henderson;7;2;0;2;1;0,804
349209;Rats Henderson;14;1;0;0;0;0,143
349210;Rickey Henderson;15,8571428571429;4,5;0,357142857142857;1,42857142857143;2,64285714285714;0,860214285714286
349217;Claude Hendrix;1;1;0;0;0;2
349220;Elrod Hendricks;7,33333333333333;2;0,222222222222222;1,11111111111111;0,888888888888889;0,893333333333333
349221;George Hendrick;15;3,4;0;1,4;0,8;0,4254
349222;Harvey Hendrick;1;0;0;0;0;0
349224;Kyle Hendricks;1,44444444444444;0,111111111111111;0;0,333333333333333;0;0,285714285714286
349225;Liam Hendriks;0;0;0;0;0;NULL
349226;Mark Hendrickson;0;0;0;0;0;NULL
349234;Tom Henke;0;0;0;0;0;NULL
349243;Mike Henneman;0;0;0;0;0;NULL
349250;Edgardo Henriquez;0;0;0;0;0;NULL
349252;Olaf Henriksen;1;0,333333333333333;0;0,333333333333333;0,333333333333333;1,5
349255;Tommy Henrich;21;5,5;1;2;2;0,7645
349256;Bill Henry;0;0;0;0;0;NULL
349261;Doug Henry;0;0;0;0;0;NULL
349275;Roy Henshaw;1;0;0;0;0;0
349278;Clay Hensley;0;0;0;0;0;NULL
349279;David Hensley;4;1;0;0;0;0,2855
349280;Eggie Hensley;4,33333333333333;1,33333333333333;0;0,666666666666667;0;0,738
349283;Pat Hentgen;1,33333333333333;0,333333333333333;0;0;0;1
349284;Sam Hentges;0;0;0;0;0;NULL
349290;Felix Heredia;0;0;0;0;0;NULL
349291;Gil Heredia;0;0;0;0;0;NULL
349292;Guillermo Heredia;1;0;0;0;0;0
349293;Ramón Heredía;4;0;0;0;0;0
349298;Matt Herges;0;0;0;0;0;NULL
349303;Billy Herman;16,5;4;0,25;1,75;1;0,58675
349305;Dustin Hermanson;0,333333333333333;0;0;0;0;0
349306;Gene Hermanski;16;3,5;0;1,5;3;0,7175
349312;Alberto Hernández;4;1;0;0;0;0,75
349313;Anderson Hernandez;1;0;0;0;0;0
349315;Carlos Hernandez;13,4;4;0,2;0,4;0,6;0,6826
349320;Cesar Hernandez;7,5;2,5;0;0,5;2,5;0,8875
349323;David Hernandez;0;0;0;0;0;NULL
349324;Darwinzon Hernandez;0;0;0;0;0;NULL
349325;Daysbel Hernández;0;0;0;0;0;NULL
349327;Diory Hernandez;1;0;0;0;0;0
349331;Enrique Hernandez;12,25;3,33333333333333;0,666666666666667;1,75;1,125;0,827086956521739
349336;Gorkys Hernandez;6;1;0;0;0;0,333
349338;Jackie Hernandez;15,5;3,5;0;1;1;0,492
349341;Jose Hernandez;5;1;0;0,8;0,4;0,60725
349344;Keith Hernandez;23,4;6,2;0,4;4,2;4;0,7334
349346;Livan Hernandez;1,88888888888889;0,222222222222222;0;0;0;0,208375
349349;Marco Hernandez;0;0;0;0;0;NULL
349352;Orlando Hernandez;0,2;0;0;0;0;0
349356;Ramon Hernandez;0,333333333333333;0;0;0;0;0
349357;Ramon Hernandez;12,6666666666667;2,66666666666667;0,166666666666667;1;0,833333333333333;0,5455
349360;Roberto Hernandez;0;0;0;0;0;NULL
349364;Teoscar Hernandez;16,1111111111111;4;1,11111111111111;3,22222222222222;1,77777777777778;0,842333333333333
349366;Willie Hernandez;0;0;0;0;0;NULL
349367;Xavier Hernandez;0;0;0;0;0;NULL
349373;Larry Herndon;9,66666666666667;3;0,666666666666667;2;1,66666666666667;0,985
349377;Joseph Herr;11;1;0;0;0;0,182
349385;Jose Herrera;1,5;0;0;0;0,5;0,1665
349386;Kelvin Herrera;0,142857142857143;0;0;0;0;0
349399;Tim Herrin;0;0;0;0;0;NULL
349410;Tom Herr;23,3333333333333;5,16666666666667;0,333333333333333;2,5;2,16666666666667;0,626166666666667
349414;Orel Hershiser;2;0,416666666666667;0;0,25;0,0833333333333333;0,556333333333333
349415;Willard Hershberger;2;1;0;1;0;1
349419;Buck Herzog;23,5;5,75;0;1,75;0,75;0,5635
349435;Codi Heuer;0;0;0;0;0;NULL
349437;Johnnie Heving;1;0;0;0;0;0
349445;Jason Heyward;10,6153846153846;1,53846153846154;0,153846153846154;0,538461538461538;0,538461538461538;0,359153846153846
349463;Aaron Hicks;10,5;2,3;0,3;1,7;1,8;0,6944
349473;Jordan Hicks;0;0;0;0;0;NULL
349477;Richard Hidalgo;5,66666666666667;0,666666666666667;0;0;1,33333333333333;0,385333333333333
349479;Kyle Higashioka;6,42857142857143;1,42857142857143;0,571428571428571;1;0,428571428571429;0,622857142857143
349480;Kirby Higbe;1;1;0;0;0;2
349493;Pinky Higgins;24;6,5;0,5;4;2,5;0,7965
349496;Andy High;11,3333333333333;3,33333333333333;0;0,333333333333333;0,333333333333333;0,759333333333333
349505;Oral Hildebrand;1;0;0;0;0;0
349507;Trevor Hildenberger;0;0;0;0;0;NULL
349509;Erik Hiljus;0;0;0;0;0;NULL
349515;Aaron Hill;9,5;2,5;0,5;0,5;2,5;0,4395
349520;Carmen Hill;1;0;0;0;1;0,5
349521;Cam Hill;0;0;0;0;0;NULL
349526;Chuck Hiller;26;7;1;5;3;0,845
349531;John Hiller;0;0;0;0;0;NULL
349537;Glenallen Hill;5,4;0,4;0;0,4;0,8;0,2584
349550;Ken Hill;0;0;0;0;0;NULL
349561;Rich Hill;1,6;0,1;0;0;0;0,0667
349566;Tim Hill;0;0;0;0;0;NULL
349581;John Hines;22,4;6,8;0;2,6;1,8;0,6516
349583;Paul Hines;8;2;0;1;3;0,705
349590;Eric Hinske;1,16666666666667;0,333333333333333;0,333333333333333;0,5;0,333333333333333;1,08325
349607;Sterling Hitchcock;1,5;0,333333333333333;0;0;0;0,466666666666667
349611;Keston Hiura;5;1;0;0;0,5;0,601
349613;Myril Hoag;8,33333333333333;2,66666666666667;0,333333333333333;1;0;0,9
349614;Don Hoak;13;3;0;1,5;3;0,7855
349621;Dick Hoblitzell;16,5;4,5;0;1,5;3;0,736
349624;Luke Hochevar;0;0;0;0;0;NULL
349631;Denny Hocking;3;1,5;0;0,5;0;1,167
349639;Gil Hodges;18,7142857142857;5;0,714285714285714;3;2,42857142857143;0,651857142857143
349643;Ron Hodges;0;0;0;0;1;NULL
349652;Bryan Hoeing;0;0;0;0;0;NULL
349654;Joe Hoerner;1;0,5;0;0;0;1
349655;Nico Hoerner;15,5;6,5;0,5;1;0;0,934
349666;Danny Hoffman;1;0;0;0;0;0
349675;Jeff Hoffman;0;0;0;0;0;NULL
349681;Trevor Hoffman;0;0;0;0;0;NULL
349686;Fred Hofmann;1;0;0;0;1;0,5
349687;Solly Hofman;19;5,66666666666667;0;2,66666666666667;2,66666666666667;0,730333333333333
349702;Elon Hogsett;1,5;0;0;0;0;0
349703;Bobby Hogue;0;0;0;0;0;NULL
349707;Chris Hoiles;10;1,5;0,5;0,75;2;0,622
349708;Bryan Holaday;2;0;0;0;0;0
349721;Jonathan Holder;0;0;0;0;0;NULL
349725;John Holdzkom;0;0;0;0;0;NULL
349726;Walter Holke;21;6;0;1;0;0,667
349727;Al Holland;0;0;0;0;0;NULL
349732;Derek Holland;0,125;0;0;0;0;0
349734;Greg Holland;0;0;0;0;0;NULL
349738;Todd Hollandsworth;4,4;1,6;0;0,6;0,2;0,7834
349742;Al Hollingsworth;1;0;0;0;0;0
349744;Bug Holliday;4;0;0;0;0;0
349747;Dave Hollins;21,5;5;1;3;5,5;0,814
349754;Matt Holliday;15,2631578947368;3,73684210526316;0,684210526315789;1,94736842105263;0,947368421052632;0,750157894736842
349758;Charlie Hollocher;21;4;0;1;1;0,513
349759;Crush Holloway;29;9;0;2;5;0,722
349777;Clay Holmes;0;0;0;0;0;NULL
349778;Darren Holmes;0;0;0;0;0;NULL
349786;Tommy Holmes;13,5;2,5;0;0,5;0;0,1925
349788;Wattie Holm;11;1,5;0;1;0,5;0,317
349792;NULL;1;0;0;0;0;0
349793;Brock Holt;7,4;2,2;0,4;1,4;0,8;1,10675
349794;Chris Holt;0;0;0;0;0;NULL
349797;Jim Holt;2,75;0,75;0;0,5;0,25;0,777666666666667
349798;Brian Holton;0,5;0,5;0;0;0;2
349799;Tyler Holton;0;0;0;0;0;NULL
349804;Ken Holtzman;1,85714285714286;0,571428571428571;0,142857142857143;0,142857142857143;0,142857142857143;1,025
349808;Brent Honeywell;0;0;0;0;0;NULL
349809;Rick Honeycutt;0,0909090909090909;0;0;0;0;0
349812;Don Hood;0;0;0;0;0;NULL
349818;Leniel Hooker;5;0;0;0;1;0,167
349822;Harry Hooper;23;6,75;0,5;1,5;2,75;0,804
349826;Burt Hooton;2,85714285714286;0,142857142857143;0;0;0,142857142857143;0,533333333333333
349830;J. J. Hoover;0;0;0;0;0;NULL
349831;Joe Hoover;3;1;0;1;0;0,667
349837;Don Hopkins;1;0;0;0;0;0
349850;Johnny Hopp;10;1,6;0;0;0,4;0,19225
349855;Joe Horlen;0;0;0;0;0;NULL
349859;Bob Horner;11;1;0;0;0;0,182
349864;Rogers Hornsby;24,5;6;0;2,5;1,5;0,62
349873;Ricky Horton;0,2;0;0;0;0;0
349875;Willie Horton;16,5;4;0,5;1,5;3;0,638
349878;Dwayne Hosey;12;0;0;0;2;0,143
349880;Bill Hoskins;13;6,33333333333333;0;2,66666666666667;1,66666666666667;1,23966666666667
349881;Dave Hoskins;18,5;5;0,5;2,5;0,5;0,664
349882;Rhys Hoskins;15,6;2,2;1,2;2,6;0,8;0,4662
349884;Eric Hosmer;16,4444444444444;4,22222222222222;0,444444444444444;3,66666666666667;1,44444444444444;0,869666666666667
349885;Chuck Hostetler;3;0;0;0;0;0
349893;Tanner Houck;0;0;0;0;0;NULL
349894;Charlie Hough;0;0;0;0;0;NULL
349895;Ralph Houk;1;0,5;0;0;0;1
349897;Adrian Houser;0;0;0;0;0;NULL
349919;Tyler Houston;6;1;1;1;0;0,833
349920;Art Houtteman;0;0;0;0;0;NULL
349934;Carrenza Howard;0;0;0;0;0;NULL
349939;Del Howard;3;0,5;0;0;0;0,2
349943;Elston Howard;17,9090909090909;4,36363636363636;0,545454545454545;1,90909090909091;1,18181818181818;0,769363636363636
349944;Frank Howard;10;3;1;1;0;1
349956;Ryan Howard;17;4,4;0,8;3,3;2,6;0,837
349961;Thomas Howard;6,33333333333333;1;0;0,333333333333333;1;0,525
349963;Art Howe;10,6666666666667;2;0,333333333333333;1;1,33333333333333;0,449
349970;Jay Howell;0;0;0;0;0;NULL
349971;Jack Howell;1;0;0;0;1;0,5
349972;J. P. Howell;0;0;0;0;0;NULL
349973;Ken Howell;0;0;0;0;0;NULL
349977;Roy Howell;6,33333333333333;0,666666666666667;0;0;0,666666666666667;0,323666666666667
349980;Steve Howe;0,5;0;0;0;0;0
349983;Bob Howry;0;0;0;0;0;NULL
349987;Jared Hoying;1;0;0;0;0;0
349990;James Hoyt;0;0;0;0;0;NULL
349991;LaMarr Hoyt;0;0;0;0;0;NULL
349992;Waite Hoyt;4,28571428571429;0,571428571428571;0;0,142857142857143;0;0,247142857142857
349993;Al Hrabosky;0;0;0;0;0;NULL
349994;Kent Hrbek;22,75;3,5;0,75;3;2,75;0,503
349999;Glenn Hubbard;10,5;2,5;0;0,5;0,5;0,501
350000;Jesse Hubbard;13;3;0;2;0;0,692
350004;Trent Hubbard;2;0;0;0;0;0
350006;Carl Hubbell;6,33333333333333;1,33333333333333;0;0,333333333333333;0;0,412666666666667
350010;John Huber;3,33333333333333;0,666666666666667;0;0;0;0,466666666666667
350013;Willie Hubert;1,5;1;0;0,5;0;1,333
350025;Charles Hudson;3;0;0;0;0;0
350027;Daniel Hudson;0,25;0;0;0;0;0
350028;Dakota Hudson;1;0;0;0;0;0
350032;Joe Hudson;0;0;0;0;0;NULL
350036;Nat Hudson;6;1;0;0;1;0,786
350037;Orlando Hudson;5,33333333333333;1,66666666666667;0,666666666666667;1;0;1,0835
350040;Tim Hudson;1,33333333333333;0,444444444444444;0;0;0;0,5666
350045;Aubrey Huff;10,8333333333333;2,66666666666667;0,166666666666667;1,33333333333333;1;0,440166666666667
350063;Dick Hughes;1,5;0;0;0;0;0
350067;Jared Hughes;0;0;0;0;0;NULL
350069;Jim Hughes;1;0;0;0;0;0
350074;Mickey Hughes;3;1;0;0;1;1,167
350075;Phil Hughes;0;0;0;0;0;NULL
350077;Roy Hughes;17;5;0;3;4;0,782
350079;Sammy Hughes;13;5;0,5;2,5;3;1,0795
350081;Tom Hughes;0;0;0;0;0;NULL
350088;Tex Hughson;3;1;0;0;1;0,833
350091;Mark Huismann;0;0;0;0;0;NULL
350105;Tom Hume;1;0;0;0;0;0
350112;Bob Humphreys;0;0;0;0;0;NULL
350119;Nick Hundley;7,5;0,5;0;0,5;0;0,143
350126;Bert Hunter;1;0;0;0;1;0,5
350130;Brian Hunter;9,57142857142857;2;0,285714285714286;1,42857142857143;0,857142857142857;0,502142857142857
350133;Catfish Hunter;1,75;0,166666666666667;0;0,0833333333333333;0,166666666666667;0,1924
350143;Torii Hunter;16,9090909090909;4,63636363636364;0,363636363636364;1,81818181818182;1,54545454545455;0,77
350144;Tommy Hunter;0;0;0;0;0;NULL
350150;Ken Hunt;0;0;0;0;0;NULL
350156;Clint Hurdle;8,25;2,75;0;0,25;1,25;0,68275
350164;Bruce Hurst;1;0;0;0;0;0
350172;Brant Hurter;0;0;0;0;0;NULL
350175;Butch Huskey;5;1;0;0;0,5;0,5665
350186;Fred Hutchinson;0;0;0;0;0;NULL
350190;Johnny Hutchings;0;0;0;0;0;NULL
350191;Willie Hutchinson;2;0;0;0;0;0
350197;Tom Hutton;2;0;0;0;0;0
350199;Ham Hyatt;4;0;0;1;1;0,2
350208;Adam Hyzdu;0;0;0;0;0;NULL
350209;Chris Iannetta;6;0,25;0,25;0,25;0,25;0,1455
350210;Andy Ibanez;2,5;0,75;0;1;0;1,33333333333333
350211;Raul Ibanez;13,9;3,4;0,6;2,2;1,2;0,7424
350216;Jose Iglesias;12;2,66666666666667;0;0,666666666666667;0,5;0,399166666666667
350217;Raisel Iglesias;0;0;0;0;0;NULL
350220;Tadahito Iguchi;12;2,25;0,25;1,25;1;0,563
350222;Shota Imanaga;0;0;0;0;0;NULL
350224;Pete Incaviglia;5,4;1;0,2;0,4;0;0,4538
350225;Ender Inciarte;13;3;0;0;0;0,462
350229;Omar Infante;13,4166666666667;3,41666666666667;0,0833333333333333;0,75;1;0,605666666666667
350230;Brandon Inge;13,2;3,8;0,4;1;1,4;0,823
350242;Dane Iorg;5,75;3;0;1;0,5;1,2905
350243;Garth Iorg;15;2;0;0;1;0,321
350246;Hideki Irabu;0;0;0;0;0;NULL
350256;Monte Irvin;17,75;7;0,75;3,25;2,25;0,9165
350259;Arthur Irwin;9;2;0;2;0;0,667
350267;Frank Isbell;26;8;0;4;0;0,769
350268;Kyle Isbel;7;1,5;0;0,5;0,5;0,5445
350270;Travis Ishikawa;7;1,71428571428571;0,142857142857143;1,14285714285714;0,857142857142857;0,601714285714286
350271;Clarence Isreal;4;1;0;0;1;0,65
350272;Jason Isringhausen;0;0;0;0;0;NULL
350277;Akinori Iwamura;22;6;0,333333333333333;1,66666666666667;2,33333333333333;0,786
350280;Cesar Izturis;17;3;0;0;1;0,458
350281;Maicer Izturis;7,25;1,5;0;0,5;0,25;0,500333333333333
350295;Austin Jackson;14,0909090909091;3,09090909090909;0,181818181818182;1;1,90909090909091;0,488363636363636
350298;Bo Jackson;10;0;0;0;3;0,231
350299;Bozo Jackson;4;1;0;0;0;0,5
350305;Conor Jackson;8,5;2;0;1;0;0,521
350307;Danny Jackson;2;0,125;0;0,125;0;0,0833333333333333
350309;Damian Jackson;3,66666666666667;1;0;0,333333333333333;0;0,666666666666667
350312;Edwin Jackson;0,833333333333333;0,166666666666667;0;0;0;0,333333333333333
350318;Grant Jackson;0,285714285714286;0;0;0;0;0
350323;Jelly Jackson;10,25;1;0;0,25;0,75;0,22125
350326;Shoeless Joe Jackson;27,5;9,5;0,5;4;1;0,797
350332;Luke Jackson;0;0;0;0;0;NULL
350335;Michael Jackson;0,272727272727273;0,0909090909090909;0;0,272727272727273;0;1,5
350337;Randy Jackson;3;0;0;0;0;0
350338;Reggie Jackson;16,5294117647059;4,58823529411765;1,05882352941176;2,82352941176471;1,94117647058824;0,863352941176471
350340;Ron Jackson;1;1;0;0;0;2
350346;Sanford Jackson;26,4;7,4;0;3,6;0,4;0,6058
350348;Sonny Jackson;0;0;0;0;0;NULL
350351;Travis Jackson;16,75;2,5;0;1;0,75;0,285
350355;Alek Jacob;0;0;0;0;0;NULL
350386;Sig Jakucki;0;0;0;0;0;NULL
350392;Bill James;2;0;0;0;0;0
350393;Bill James;4;0;0;0;0;0
350395;Charlie James;3;0;0;0;0;0
350400;Dion James;12;1;0;0;1;0,237
350405;Josh James;0;0;0;0;0;NULL
350409;Mike James;0,5;0;0;0;0;0
350413;Charlie Jamieson;15;5;0;1;1;0,775
350417;Paul Janish;0,5;0;0;0;0;0
350419;Travis Jankowski;3;1;0;0,666666666666667;0,333333333333333;0,902
350422;Danny Jansen;6,5;2,5;1;2;0;1,4375
350423;Kenley Jansen;0,0952380952380952;0;0;0;0;0
350424;Larry Jansen;2;0;0;0;0;0
350428;Hal Janvrin;12;2,5;0;0,5;0;0,2825
350435;Pat Jarvis;2;0;0;0;0;0
350438;John Jaso;7;1,5;0;0,5;0,5;0,332
350441;Larry Jaster;0;0;0;0;0;NULL
350446;Cristian Javier;0;0;0;0;0;NULL
350447;Julian Javier;13,5;4,5;0,25;1,75;0,75;0,576666666666667
350448;Stan Javier;7,5;1,9;0,1;0,8;0,5;0,618777777777778
350449;Griffin Jax;0;0;0;0;0;NULL
350451;Joey Jay;4;0;0;0;0;0
350452;Jon Jay;15,2142857142857;3,42857142857143;0;1,14285714285714;1,35714285714286;0,485642857142857
350462;George Jefferson;3;0;0;1;0;0
350463;Gregg Jefferies;27;9;0;1;4;0,827
350467;Reggie Jefferson;4;1;0;0;0;0,5
350468;Ryan Jeffers;6;0,666666666666667;0;0;0,666666666666667;0,273666666666667
350470;Willie Jefferson;2;0;0;0;0;0
350473;Jeremy Jeffress;0,25;0;0;0;0;0
350487;Geoff Jenkins;1,33333333333333;0,333333333333333;0;0;0;0,5
350497;Bobby Jenks;0;0;0;0;0;NULL
350502;Desmond Jennings;8,25;2,5;0,5;1;1,25;0,86875
350503;Doug Jennings;1;0,5;0;0;0;1
350509;Jackie Jensen;0;0;0;0;0;NULL
350515;Kevin Jepsen;0;0;0;0;0;NULL
350519;Gentry Jessup;3,5;0;0;0;0,5;0,125
350522;Derek Jeter;19,6969696969697;6,06060606060606;0,606060606060606;1,84848484848485;2;0,847030303030303
350523;Johnny Jeter;2;0;0;0;0;0
350525;Sam Jethroe;17;5;0;1,5;3;0,8045
350533;D'Angelo Jimenez;8;1;0;0;0;0,1665
350537;Eloy Jimenez;9,5;3;0;1,5;0;1,044
350543;Joe Jimenez;0;0;0;0;0;NULL
350551;Ubaldo Jimenez;1,4;0,2;0;0;0;0,166666666666667
350554;Jackson Jobe;0;0;0;0;0;NULL
350583;Ben Johnson;2;0;0;0;0;0
350587;Billy Johnson;14,75;3,5;0;1,25;0,75;0,47025
350593;Bob Johnson;2;0;0;0;0;0
350596;Brian Johnson;9;2;0,5;0,5;0,5;0,7285
350598;Bryce Johnson;2;0;0;0;0;0
350607;Charles Johnson;15,5;4,25;0,5;2,5;2;0,81675
350608;Chris Johnson;16;7;0;5;0;0,875
350610;Cliff Johnson;7,28571428571429;2,14285714285714;0,142857142857143;0,571428571428571;0,571428571428571;0,429857142857143
350612;Connie Johnson;1;0;0;0;0;0
350613;Darrell Johnson;4;2;0;0;0;1
350614;Davey Johnson;13,875;3,125;0,25;1,5;1,625;0,67925
350618;Dan Johnson;9;2;0;0;3;0,75
350620;Deron Johnson;10;2;0;0;1,5;0,557
350623;DJ Johnson;0;0;0;0;0;NULL
350624;Doc Johnston;11;3;0;0;2;0,657
350625;Don Johnson;29;5;0;0;0;0,483
350628;Earl Johnson;1;0;0;0;0;0
350632;Elliot Johnson;7;0,5;0;0;0,5;0,348
350633;Ernie Johnson;0;0;0;0;0;NULL
350634;Ernie Johnson;1;0;0;0;0;0
350644;George Johnson;29,5;7,5;0;2,5;2;0,693
350648;Heavy Johnson;27;8;0;2;2;0,752
350649;Howard Johnson;6,5;0,25;0;0;0,25;0,04025
350650;Jay Johnstone;3;1,42857142857143;0,142857142857143;0,714285714285714;0,142857142857143;0,774
350654;Jerry Johnson;0;0;0;0;0;NULL
350656;Jimmy Johnston;12;3;0;0;0,5;0,6465
350659;Jim Johnson;0;0;0;0;0;NULL
350676;Judy Johnson;26,3333333333333;7,33333333333333;0,333333333333333;3;0,666666666666667;0,554
350677;Ken Johnson;0;0;0;0;0;NULL
350678;Ken Johnson;0;0;0;0;0;NULL
350681;Kelly Johnson;2,28571428571429;0,285714285714286;0;0;0,142857142857143;0,309428571428571
350685;Lance Johnson;8,75;1,75;0,25;1,75;0,5;0,5455
350690;Lou Johnson;21;6;1;2;1;0,78
350695;Mex Johnson;14;3;0;0;0;0,571
350702;Nick Johnson;16,75;3,5;0,25;1,5;2;0,55675
350708;Pierce Johnson;0;0;0;0;0;NULL
350713;Randy Johnson;2,18181818181818;0,181818181818182;0;0,0909090909090909;0;0,214333333333333
350717;Reed Johnson;2;1;0;0;1;1,167
350719;Roy Johnson;1;0;0;0;0;0
350725;Russ Johnson;1;0,5;0;0;0,5;1,5
350736;Syl Johnson;0,666666666666667;0;0;0;0;0
350747;Tyler Johnson;0;0;0;0;0;NULL
350752;Walter Johnson;10;1;0;0;0;0,202
350754;Wallace Johnson;2;1;0;1;0;1
350755;Wade Johnston;28,25;6;0;1;3,25;0,57525
350757;Tommy John;1,33333333333333;0,111111111111111;0;0;0;0,1
350778;Adam Jones;11,6;1,8;0,2;0,8;0,6;0,3554
350782;Andruw Jones;13,2222222222222;3,61111111111111;0,555555555555556;1,88888888888889;1,88888888888889;0,7596875
350792;Bobby Jones;2,66666666666667;0;0;0;0;0
350805;Chipper Jones;16,0952380952381;4,61904761904762;0,619047619047619;2,23809523809524;3,42857142857143;0,883666666666667
350806;Cleon Jones;20,25;5,75;0,5;2;1,75;0,80575
350810;Collins Jones;7;0;0;0;0;0
350811;Davy Jones;16,3333333333333;4,33333333333333;0,333333333333333;0,333333333333333;2,33333333333333;0,592333333333333
350813;Dalton Jones;18;7;0;1;1;0,81
350821;Doug Jones;0;0;0;0;0;NULL
350826;Fielder Jones;21;3;0;0;3;0,393
350830;Garrett Jones;2;0;0;0;0;0
350843;Jacque Jones;17;3,4;0,4;1;0,8;0,5772
350847;Jahmai Jones;1;0,5;0;0,5;1;1,5
350850;Jeff Jones;0;0;0;0;0;NULL
350859;Lynn Jones;2,66666666666667;1;0;0;0;1,3665
350863;Mike Jones;0;0;0;0;0;NULL
350867;Nippy Jones;1,5;0;0;0;0;0
350880;Ruppert Jones;8,33333333333333;1;0;0,666666666666667;2;0,255333333333333
350881;Ruben Jones;9,5;4;0,5;1,5;0;1
350883;Sad Sam Jones;0,75;0;0;0;0,25;0,25
350884;Sam Jones;0;0;0;0;0;NULL
350885;Sheldon Jones;0;0;0;0;0;NULL
350886;Sherman Jones;0;0;0;0;0;NULL
350887;Slim Jones;6;1;0;1;0;0,333
350896;Tom Jones;24;6;0;2;2;0,599
350897;Todd Jones;0;0;0;0;0;NULL
350900;Willie Jones;14;4;0;0;0;0,643
350902;Willie Jones;29,5;9,5;0;2,5;2;0,7805
350905;Claude Jonnard;0;0;0;0;0;NULL
350906;Eddie Joost;25;5;0;2;1;0,431
350908;Brian Jordan;15,5555555555556;3,88888888888889;0,666666666666667;3;1,22222222222222;0,733666666666667
350923;Ricky Jordan;5,5;1;0;0;0,5;0,45
350932;Mike Jorgensen;2,5;0;0;0;0;0
350936;Spider Jorgensen;15,5;3;0;1,5;2;0,622
350939;Caleb Joseph;4,5;1;0;0,5;0;0,3335
350944;Newt Joseph;27,75;4,75;0,25;2;2,5;0,50225
350949;Von Joshua;2;0;0;0;0,5;0
350958;Matt Joyce;8,83333333333333;1,33333333333333;0,166666666666667;0,833333333333333;0,666666666666667;0,434166666666667
350961;Wally Joyner;8,83333333333333;2,16666666666667;0,333333333333333;1;1,66666666666667;0,776166666666667
350967;Jeff Juden;0;0;0;0;0;NULL
350968;Aaron Judge;14,4705882352941;3,41176470588235;1;2,41176470588235;2,35294117647059;0,942588235294118
350969;Joe Judge;24,5;7;0,5;2;4;0,762
350970;Wally Judnich;13;1;0;1;1;0,22
350975;Edouard Julien;5,5;1,5;0;0,5;1;0,776
350982;Jace Jung;2;0;0;1;1;0,333
350983;Josh Jung;13,5;4,25;0,25;0,75;0,75;0,90125
350985;Jakob Junis;0;0;0;0;0;NULL
350992;Billy Jurges;13,3333333333333;3,66666666666667;0;0,666666666666667;1,66666666666667;0,687
350993;Al Jurisich;0;0;0;0;0;NULL
350996;David Justice;18,952380952381;4,23809523809524;0,666666666666667;3;3,04761904761905;0,69252380952381
351004;Jim Kaat;2,25;0,5;0;0,5;0;0,444333333333333
351012;Tommy Kahnle;0;0;0;0;0;NULL
351026;Al Kaline;24;8;1,5;4,5;1;0,894
351030;Scott Kamieniecki;0;0;0;0;0;NULL
351041;John Kane;0;0;0;0;0;NULL
351046;Gabe Kapler;5,4;0,6;0;0;0;0,2634
351050;Matt Karchner;0;0;0;0;0;NULL
351054;James Karinchak;0;0;0;0;0;NULL
351055;Ron Karkovice;15;0;0;0;1;0,063
351066;Eric Karros;12,5;3,75;1;1,5;1,25;0,87325
351068;Steve Karsay;0;0;0;0;0;NULL
351072;Eddie Kasko;22;7;0;1;0;0,636
351078;Benny Kauff;25;4;2;5;0;0,6
351094;C. J. Kayfus;6;1;0;0;1;0,452
351098;Scott Kazmir;0,333333333333333;0;0;0;0;0
351121;Tim Keefe;6,66666666666667;1,33333333333333;0;0;1;0,690666666666667
351135;Vic Keen;0;0;0;0;0;NULL
351146;Colt Keith;11;1;0;0,333333333333333;2,33333333333333;0,399333333333333
351148;Keone Kela;0;0;0;0;0;NULL
351150;Jarred Kelenic;8,5;1;0;0,5;0;0,1665
351153;Brad Keller;0;0;0;0;0;NULL
351154;Charlie Keller;18;5,5;1,25;4,5;1,75;1,00125
351158;Frank Kellert;3;1;0;0;0;0,667
351171;Shawn Kelley;0;0;0;0;0;NULL
351176;Leon Kellman;20;8;0;2;1;1,029
351190;Carson Kelly;14;2,5;0,5;0,5;0,5;0,697
351192;Don Kelly;4,25;1,125;0,125;0,375;0,375;0,611666666666667
351194;George Kelly;25,25;6,25;0,25;2,75;1,25;0,56425
351202;Joe Kelly;0,444444444444444;0,0555555555555556;0;0;0;0,166666666666667
351205;King Kelly;19,3333333333333;4,66666666666667;0,333333333333333;0,333333333333333;1,33333333333333;0,511333333333333
351207;Merrill Kelly;0;0;0;0;0;NULL
351211;Pat Kelly;7,5;2,5;0,5;2;1;0,8515
351213;Pat Kelly;3;0;0;1;1;0,25
351216;Roberto Kelly;8,5;2,5;0;0,25;0,25;0,6805
351220;Ty Kelly;1;1;0;0;0;2
351224;Zack Kelly;0;0;0;0;0;NULL
351228;Ken Keltner;21;2;0;0;2;0,269
351239;Matt Kemp;12,75;3;0,5;1,25;0,75;0,647875
351240;Otto Kemp;2;0;0;0;0;0
351242;Tony Kemp;7;2;0,5;0,5;2,5;0,999
351244;Jason Kendall;12,25;2,75;0;0,75;0,5;0,48725
351246;Howie Kendrick;12,9230769230769;3,07692307692308;0,307692307692308;1,38461538461538;0,538461538461538;0,596769230769231
351247;Kyle Kendrick;1;0;0;0;0;0
351251;Adam Kennedy;15,6;4,8;0,8;2,6;0,2;0,9424
351255;Bob Kennedy;2;1;0;1;0;1
351256;Brickyard Kennedy;2;1;0;0;0;1,5
351260;Ed Kennedy;7;0;0;0;0;0
351262;Ian Kennedy;4;1;0;0;0;0,5
351268;John Kennedy;3;0,5;0;0;0;0,2
351269;Joe Kennedy;0;0;0;0;0;NULL
351272;Monty Kennedy;0;0;0;0;0;NULL
351276;Terry Kennedy;16,25;3,25;0,25;1,5;1;0,5095
351280;Jeff Kent;15,4545454545455;4,27272727272727;0,818181818181818;2,09090909090909;1,18181818181818;0,723090909090909
351290;Matt Keough;0;0;0;0;0;NULL
351291;Max Kepler;7,5;1,16666666666667;0;0;1,83333333333333;0,637833333333333
351295;Charlie Kerfeld;0;0;0;0;0;NULL
351298;Orion Kerkering;0;0;0;0;0;NULL
351308;Dickey Kerr;6;1;0;0;0;0,333
351311;John Kerr;0;0;0;0;0;NULL
351315;Clayton Kershaw;1,625;0,25;0;0;0,25;0,4215
351319;Grae Kessinger;0;0;0;0;0;NULL
351327;Dallas Keuchel;0,444444444444444;0;0;0;0;0
351329;Jimmy Key;0,1;0;0;0;0;0
351340;Dana Kiecker;0;0;0;0;0;NULL
351345;Bobby Kielty;3;0,6;0,2;0,8;0,4;1,23
351349;Kevin Kiermaier;9,8;2,2;0,4;1,2;0,4;0,542777777777778
351352;Mark Kiger;0;0;0;0;0;NULL
351353;Yusei Kikuchi;0;0;0;0;0;NULL
351355;Pete Kilduff;21;2;0;0;1;0,232
351356;Darryl Kile;2,25;0,5;0;0,25;0,25;0,58325
351358;Paul Kilgus;0;0;0;0;0;NULL
351362;Bill Killefer;9;1;0;1;1;0,1935
351365;Harmon Killebrew;13,3333333333333;3,33333333333333;1;2;4,66666666666667;0,942
351368;Ed Killian;1;0,5;0;0;0;1
351380;Craig Kimbrel;0;0;0;0;0;NULL
351381;Henry Kimbro;15,6666666666667;5,33333333333333;0;1,33333333333333;2,33333333333333;0,860666666666667
351384;Byung-Hyun Kim;0,2;0;0;0;0;0
351386;Ha-Seong Kim;14,3333333333333;2,66666666666667;0;1;2;0,586333333333333
351387;Hyun Soo Kim;4;0;0;0;0;0
351388;Hyeseong Kim;0;0;0;0;0;NULL
351389;Kwang Hyun Kim;0;0;0;0;0;NULL
351400;Isiah Kiner-Falefa;11;2,2;0;0,4;0,4;0,46
351404;Bryan King;0;0;0;0;0;NULL
351413;Mike Kingery;10;2;0;0;0;0,4
351414;Eric King;0;0;0;0;0;NULL
351416;Hal King;2;1;0;0;1;1,167
351418;Jeff King;19,5;4;0;1;0,5;0,4515
351423;Lee King;1;1;0;1;0;2
351426;Brian Kingman;0;0;0;0;0;NULL
351427;Dave Kingman;9;1;0;0;1;0,311
351429;Mike King;0;0;0;0;0;NULL
351431;Ray King;0;0;0;0;0;NULL
351435;Silver King;14,5;1;0;0,5;0,5;0,1675
351442;Josh Kinney;0;0;0;0;0;NULL
351449;Ian Kinsler;15,2727272727273;4,18181818181818;0,363636363636364;2,09090909090909;2,27272727272727;0,771363636363636
351451;Brandon Kintzler;0;0;0;0;0;NULL
351455;Jason Kipnis;14,1428571428571;2,71428571428571;0,571428571428571;1,28571428571429;0,428571428571429;0,451714285714286
351456;Bob Kipper;0;0;0;0;0;NULL
351462;George Kirby;0;0;0;0;0;NULL
351466;Wayne Kirby;3,75;0,75;0;0;0,5;0,70625
351468;Alex Kirilloff;3,66666666666667;0,333333333333333;0;0;0,666666666666667;0,333333333333333
351469;Alejandro Kirk;14,6666666666667;4;0,833333333333333;2,16666666666667;1,83333333333333;0,8095
351473;Michael Kirkman;0;0;0;0;0;NULL
351474;Ed Kirkpatrick;5,5;0;0;0;1;0,091
351484;Bruce Kison;1;0;0;0;0,142857142857143;0,111
351489;Ron Kittle;7;2;0;0;1;0,804
351490;Andrew Kittredge;0;0;0;0;0;NULL
351493;Heston Kjerstad;2;0;0;0;0;0
351502;Chuck Klein;12;4;1;2;0;0,917
351504;Lou Klein;22;3;0;0;1;0,31
351509;Will Klein;0;0;0;0;0;NULL
351512;Ryan Klesko;11;2,6;0,666666666666667;1,46666666666667;1,73333333333333;0,7884
351514;Ed Klieman;0;0;0;0;0;NULL
351522;Steve Kline;0;0;0;0;0;NULL
351524;Bob Klinger;0;0;0;0;0;NULL
351525;Johnny Kling;16,25;3;0;1;2;0,474
351529;Joe Klink;0;0;0;0;0;NULL
351530;Johnny Klippstein;0;0;0;0;0;NULL
351536;Corey Kluber;0,333333333333333;0,166666666666667;0;0;0;1
351540;Ted Kluszewski;23;9;3;10;2;1,266
351542;Mickey Klutts;7;2;0;0;0;0,5715
351546;Landon Knack;0;0;0;0;0;NULL
351548;Chris Knapp;0;0;0;0;0;NULL
351551;Corey Knebel;0,2;0;0;0;0;0
351555;Bob Knepper;3;0;0;0;0,5;0,0835
351570;Ray Knight;20,3333333333333;5,66666666666667;0,333333333333333;2,33333333333333;1;0,671666666666667
351573;Chuck Knoblauch;17,4285714285714;4,5;0,142857142857143;1,42857142857143;1,92857142857143;0,627142857142857
351580;Randy Knorr;0;0;0;0;0;NULL
351591;Darold Knowles;0;0;0;0;0;NULL
351596;John Knox;0;0;0;0;0;NULL
351607;Billy Koch;0;0;0;0;0;NULL
351618;Jared Koenig;0;0;0;0;0;NULL
351619;Mark Koenig;15,2;3,6;0;1;0,2;0,705
351629;Adam Kolarek;0;0;0;0;0;NULL
351645;Paul Konerko;14,8;3,6;1,4;3,4;1;0,782
351646;Ed Konetchy;23;4;0;2;3;0,53
351648;Alex Konikowski;0;0;0;0;0;NULL
351651;Jim Konstanty;4;1;0;0;0;0,5
351652;George Kontos;0;0;0;0;0;NULL
351659;Jerry Koosman;3,4;0,6;0;0,2;0,2;0,4405
351661;Michael Kopech;0;0;0;0;0;NULL
351662;Larry Kopf;27;6;0;3;3;0,67
351665;Mike Koplove;0;0;0;0;0;NULL
351675;Andy Kosco;10;3;0;0;2;0,717
351679;Corey Koskie;16,75;3,75;0,25;2,25;1,75;0,6565
351680;Dave Koslo;5;0;0;0;0;0
351687;Casey Kotchman;5,33333333333333;1;0;0,5;0,5;0,2755
351688;Mark Kotsay;13,6666666666667;2,83333333333333;0,333333333333333;0,5;0,833333333333333;0,557
351689;George Kottaras;4;0;0;0,666666666666667;0,333333333333333;0,0833333333333333
351690;Sandy Koufax;4,75;0,25;0;0,25;0,25;0,07775
351694;Fabian Kowalik;2;1;0;0;0;1
351700;Pete Kozma;11,7142857142857;2;0,142857142857143;1,28571428571429;1,71428571428571;0,395142857142857
351707;Jack Kramer;4;0;0;0;0;0
351711;Ed Kranepool;5,25;1,25;0,25;1;0,25;0,72275
351713;Floyd Kranson;2,5;0,5;0;0;0;0,3335
351715;Erik Kratz;12;3,5;0;1,5;0,5;0,8695
351727;Mike Kreevich;26;6;0;0;0;0,577
351733;Dean Kremer;0;0;0;0;0;NULL
351735;Ray Kremer;4,5;1;0;0,5;0;0,893
351748;Howie Krist;0;0;0;0;0;NULL
351765;Ernie Krueger;6;1;0;0;0;0,333
351774;John Kruk;23,5;7;0,5;4,5;5,5;0,895
351775;Mike Krukow;2;0;0;0;1;0,333
351779;Tony Kubek;24,3333333333333;5,83333333333333;0,333333333333333;1,66666666666667;0,833333333333333;0,523333333333333
351780;Jason Kubel;9,66666666666667;0,666666666666667;0;0;1;0,281666666666667
351782;Ted Kubiak;3;0,75;0;0,25;0,25;0,47925
351789;Johnny Kucks;1;0,25;0;0;0;1
351794;Harvey Kuenn;12;1;0;0;1;0,237
351796;Joe Kuhel;20;3;0;1;1;0,34
351809;Rusty Kuntz;1;0;0;0,5;0;0
351812;Hung-Chih Kuo;0,5;0;0;0;0;0
351813;Hiroki Kuroda;1,2;0;0;0;0;0
351815;Whitey Kurowski;20,75;5,25;0,25;2,25;0,75;0,667
351823;Randy Kutcher;0;0;0;0;0;NULL
351828;Bob Kuzava;0,666666666666667;0;0;0;0;0
351830;Steven Kwan;16,8;5,4;0,2;0,8;1,6;0,6818
351833;Chet Laabs;15;3;0;0;2;0,694
351836;Clem Labine;2;0,2;0;0;0;0,25
351840;George LaChance;27;6;0;4;3;0,67
351845;John Lackey;0,631578947368421;0,105263157894737;0;0;0;0,238142857142857
351847;Pete LaCock;3;1;0;0,25;1;0,8635
351848;Frank LaCorte;0,5;0;0;0;0;0
351849;Mike LaCoss;0,5;0;0;0;0;0
351852;Lee Lacy;4,14285714285714;1;0;0,428571428571429;0,285714285714286;0,628666666666667
351856;Pete Ladd;0;0;0;0;0;NULL
351862;Aaron Laffey;0;0;0;0;0;NULL
351868;Bobby LaFromboise;0;0;0;0;0;NULL
351870;Juan Lagares;7,66666666666667;2,66666666666667;0;0;0,333333333333333;0,827
351872;Lerrin LaGrow;0;0;0;0;0;NULL
351874;Joe Lahoud;1;0;0;0;2;0,667
351875;Jeff Lahti;0;0;0;0;0;NULL
351878;Gerald Laird;3,14285714285714;0,142857142857143;0;0;0;0,05
351887;Steve Lake;2;1;0;0,5;0;1,8335
351891;Jack Lamabe;0;0;0;0;0;NULL
351896;Bill Lamar;3;0;0;0;0;0
351899;Jim LaMarque;8;2;0;2;0;0,6
351902;David Lamb;0;0;0;0;0;NULL
351910;Jake Lamb;5;1,75;0;0;0;0,625
351914;Mike Lamb;8;2;1;1,4;1;1,0566
351923;Dennis Lamp;0;0;0;0;0;NULL
351925;Tom Lampkin;3;0,5;0;0;0,5;0,325
351927;Les Lancaster;1;0;0;0;0;0
351934;Rafael Landestoy;3,66666666666667;0,666666666666667;0;0,666666666666667;0,333333333333333;0,261
351938;Jim Landis;24;7;0;1;1;0,612
351940;Bill Landrum;0;0;0;0;0;NULL
351946;Ken Landreaux;13,6;3;0;0,8;1;0,5556
351948;Tito Landrum;12,25;4,25;0,5;1,5;0,25;0,838333333333333
351956;Jason Lane;12,4;3,2;0,8;2;0,8;0,7816
351969;Ryan Langerhans;12;4;0;0;3;0,883
351971;Rick Langford;0;0;0;0;0;NULL
351975;NULL;0;0;0;0;0;NULL
351977;Mark Langston;0;0;0;0;0;NULL
351979;Hal Lanier;1;0;0;0;0;0
351980;Max Lanier;3;1,33333333333333;0;1;0;1,16666666666667
351984;Ray Lankford;9,25;1,75;0;1,25;1,25;0,668
351989;Carney Lansford;16;4,875;0,25;2,25;1,25;0,746125
352000;Dave LaPoint;0;0;0;0;0;NULL
352004;Jack Lapp;4,25;1;0;0,25;0;0,375
352009;Norm Larker;16;3;0;0;2;0,465
352012;Barry Larkin;17,75;6;0;0,75;1,75;0,87225
352014;Gene Larkin;2,75;0,75;0;0,5;0,25;1,0625
352022;Adam LaRoche;15;3;1;3;2,5;0,8615
352024;Dave LaRoche;0;0;0;0;0;NULL
352030;Don Larsen;1,8;0,2;0;0,2;0,6;0,375
352035;Jason LaRue;1;0;0;0;0;0
352040;Fred Lasher;0;0;0;0;0;NULL
352046;Tommy La Stella;4,9;1,1;0,1;0,2;0,5;0,288625
352047;Arlie Latham;35,75;9,5;0;2;4,75;0,66025
352056;Mat Latos;2;0;0;0;0;0
352063;Tim Laudner;18;4;0,5;3;3,5;0,637
352065;Eric Lauer;0,25;0;0;0;0;0
352068;Ramon Laureano;8;1,2;0,4;1,2;0,4;0,4396
352071;Cookie Lavagetto;8,5;1;0;1,5;1;0,3895
352072;Mike LaValliere;6,25;1,25;0;0,25;1,5;0,59975
352076;Gary Lavelle;0;0;0;0;0;NULL
352080;Derek Law;0;0;0;0;0;NULL
352083;Jordan Lawlar;0,333333333333333;0;0;0;0,333333333333333;0
352084;Tom Lawless;5,33333333333333;1;0,333333333333333;1;0,333333333333333;0,631
352089;Brian Lawrence;0;0;0;0;0;NULL
352097;Rudy Law;18;7;0;0;0;0,833
352107;Vance Law;7;1;0;0,5;0,5;0,216
352108;Vern Law;6;2;0;1;0;0,833
352126;Tony Lazzeri;15,2857142857143;4;0,571428571428571;2,71428571428571;1,71428571428571;0,680428571428571
352133;Terry Leach;0;0;0;0;0;NULL
352134;Tommy Leach;29;9;0;4,5;1,5;0,868
352136;Brandon League;0;0;0;0;0;NULL
352140;Mike Leake;2;1;0;0;0;1
352148;Tim Leary;0,5;0;0;0;0;0
352158;Jose Leclerc;0;0;0;0;0;NULL
352159;Matt LeCroy;6,5;1,75;0;0,25;0,5;0,66175
352160;Sam LeCure;0;0;0;0;0;NULL
352162;Ricky Ledee;8,8;2,6;0,2;2,2;1;0,7772
352164;Wil Ledezma;0;0;0;0;0;NULL
352170;Bill Lee;2;0;0;0,5;0;0
352171;Bill Lee;2;0,333333333333333;0;0;0;0,333
352175;Carlos Lee;11;1;0;1;0;0,273
352179;Cliff Lee;2,14285714285714;0,571428571428571;0;0;0;0,6468
352184;Derrek Lee;18,5;4,5;0,166666666666667;1,33333333333333;1;0,672
352187;Dylan Lee;0;0;0;0;0;NULL
352198;Manuel Lee;12,2;2,2;0;0,6;0,6;0,454
352204;Script Lee;5;1;0;0,5;1;0,365
352211;Sam Leever;4;0;0;0;0;0
352215;Jim Lefebvre;11;3;0,5;0,5;1,5;0,775
352216;Joe Lefebvre;2,33333333333333;0,333333333333333;0;1;0;0,3
352218;Craig Lefferts;0;0;0;0;0;NULL
352229;Ken Lehman;0;0;0;0;0;NULL
352234;Hank Leiber;8,5;2;0;1;1,5;0,515
352235;Nemo Leibold;7,75;1,25;0;0,5;1,25;0,848
352237;Charlie Leibrandt;0,75;0;0;0;0;0
352240;Lefty Leifield;1;0;0;0;0;0
352247;Al Leiter;1,54545454545455;0,0909090909090909;0;0;0,181818181818182;0,375
352250;Mark Leiter;0;0;0;0;0;NULL
352254;Scott Leius;9;2,5;0,5;1;1;0,5855
352257;Don LeJohn;1;0;0;0;0;0
352261;DJ LeMahieu;13,1428571428571;3,57142857142857;0,428571428571429;1,57142857142857;1,42857142857143;0,646428571428571
352267;Mark Lemke;21,0909090909091;5,72727272727273;0,0909090909090909;2,27272727272727;2;0,652181818181818
352269;Bob Lemon;6,5;0;0;0;0,5;0,0715
352270;Chet Lemon;16;3,33333333333333;0,666666666666667;1,66666666666667;1;0,53
352286;Buck Leonard;13,2222222222222;4,33333333333333;0,333333333333333;1,77777777777778;2,77777777777778;0,975888888888889
352287;Dennis Leonard;0;0;0;0;0;NULL
352288;Dutch Leonard;3;0;0;0;0,5;0,125
352291;Jeffrey Leonard;13,5;5;2;2,5;1,5;0,699
352298;Dominic Leone;0;0;0;0;0;NULL
352300;Dave Leonhard;0;0;0;0;0;NULL
352306;Sandy Leon;5,33333333333333;1,33333333333333;0,166666666666667;0,5;0,333333333333333;0,47
352315;Randy Lerch;1;0;0;0;0;0
352325;Curt Leskanic;0;0;0;0;0;NULL
352328;Sam Leslie;2;1;0;0;0,5;0,9165
352330;Jon Lester;1,23529411764706;0,0588235294117647;0;0;0,117647058823529;0,14
352352;Allan Lewis;0;0;0;0;0;NULL
352358;Colby Lewis;0,625;0;0;0;0;0
352359;Darren Lewis;10,2;2,6;0;0,6;0,4;0,4112
352360;Duffy Lewis;22,3333333333333;6,66666666666667;0,333333333333333;2,33333333333333;1,66666666666667;0,888666666666667
352368;Jensen Lewis;0;0;0;0;0;NULL
352374;Joe Lewis;11;2;0;2;0,5;0,4725
352377;Mark Lewis;3,66666666666667;1,66666666666667;0,333333333333333;2;0,666666666666667;1,50566666666667
352378;Milton Lewis;23;8;1;2;1;1,071
352382;Royce Lewis;7,5;2;1,5;2;1,5;1,3445
352383;Rufus Lewis;8;1;0;0;0;0,25
352390;Jim Leyritz;6,77777777777778;1,44444444444444;0,888888888888889;2,22222222222222;0,777777777777778;1,186
352394;Sixto Lezcano;10,5;2,5;0,5;1;0,5;0,573
352404;Don Liddle;3;0;0;0;0;0
352405;Brad Lidge;0;0;0;0;0;NULL
352406;Cory Lidle;0;0;0;0;0;NULL
352408;Jon Lieber;0;0;0;0;0;NULL
352417;Kerry Ligtenberg;0;0;0;0;0;NULL
352421;Joe Lillard;7;0;0;0;0;0
352426;Ted Lilly;0,666666666666667;0;0;0;0;0
352427;Jose Lima;1,33333333333333;0;0;0;0;0
352433;Tim Lincecum;2;0;0;0;0;0
352438;Adam Lind;3;2;0;0;0;1,333
352442;Paul Lindblad;0,333333333333333;0;0;0;0;0
352446;Jim Lindeman;14;4,5;0,5;2,5;0;0,7895
352447;Johnny Lindell;11,3333333333333;3,66666666666667;0;2,33333333333333;2;0,661
352455;Jose Lind;24,3333333333333;5;0,666666666666667;3,33333333333333;0,666666666666667;0,616
352456;Francisco Lindor;15,6;4,1;0,8;2,1;2;0,8175
352466;Freddie Lindstrom;22,5;6,5;0;2;2;0,6555
352468;Jim Lindsey;0,5;0,5;0;0;0;2
352470;Leonard Lindsay;16;4;0;1,5;2;0,7435
352477;Scott Linebrink;0;0;0;0;0;NULL
352489;Phil Linz;17;4;1;1;1;0,6955
352500;Francisco Liriano;0,222222222222222;0,111111111111111;0;0;0,111111111111111;1
352501;Nelson Liriano;7;3;0;1;2;0,984
352513;Mark Littell;0;0;0;0;0;NULL
352514;Zack Littell;0;0;0;0;0;NULL
352517;Brendon Little;0;0;0;0;0;NULL
352530;Mark Little;4;0;0;0;0;0
352533;Greg Litton;3,5;2;0,5;1,5;0;1,8335
352535;Danny Litwhiler;17,5;4;0,5;1,5;2;0,6795
352536;Ben Lively;0;0;0;0;0;NULL
352543;Mickey Livingston;22;8;0;4;1;0,891
352545;Scott Livingstone;2;1;0;0;0;1
352551;Graeme Lloyd;0,142857142857143;0;0;0;0;0
352554;Jonathan Loaisiga;0;0;0;0;0;NULL
352555;Esteban Loaiza;0;0;0;0;0;NULL
352558;Jose Lobaton;6;1,66666666666667;0,666666666666667;1,33333333333333;0;0,926
352562;Tim Locastro;0,5;0;0;0;0;0
352568;Bob Locker;0;0;0;0;0;NULL
352574;Lester Lockett;17,25;3;0;2,25;1;0,445
352579;Hubert Lockhart;8,5;1,5;0;0,5;1;0,3945
352580;Keith Lockhart;7,90909090909091;2,27272727272727;0,0909090909090909;0,727272727272727;0,636363636363636;0,683636363636364
352585;Whitey Lockman;21,5;4;0,5;2;1;0,489
352586;Brandon Lockridge;0,666666666666667;0;0;0;0;0
352590;Nick Lodolo;0;0;0;0;0;NULL
352591;Paul Lo Duca;20;5,5;0;3;1,5;0,772
352592;Kameron Loe;0;0;0;0;0;NULL
352594;Billy Loes;2,33333333333333;1;0;0;0;0,666666666666667
352599;Kenny Lofton;19,6;4,85;0,35;1,7;1,9;0,6508
352604;Boone Logan;0;0;0;0;0;NULL
352606;Johnny Logan;26;4;0,5;2;2,5;0,4925
352613;Jack Lohrke;2;0;0;0;0;0
352615;Kyle Lohse;1,09090909090909;0;0;0;0;0
352618;Mickey Lolich;9,5;1,5;0,5;1;0,5;0,404
352620;Sherm Lollar;13;4;0,5;3;0,5;1,3125
352621;Tim Lollar;0,5;0;0;0;0;0
352625;Ernie Lombardi;8,5;2;0;1;0,5;0,798
352629;Steve Lombardozzi;16;5,5;0,5;2,5;2;0,8705
352630;Steve Lombardozzi;3;1;0;0;0;0,667
352631;Vic Lombardi;3;0;0;0;0;0
352633;Jim Lonborg;3,66666666666667;0;0;0;0;0
352636;James Loney;10;3,5;0,375;2;1,25;0,890125
352641;Dale Long;4;1;0;0,5;0;0,5335
352646;Herman Long;27;6;0;1;0;0,444
352653;Tony Longmire;1;0;0;0;0;0
352654;Evan Longoria;15;2,66666666666667;0,833333333333333;2,16666666666667;1,16666666666667;0,582416666666667
352657;Sam Long;0;0;0;0;0;NULL
352659;Terrence Long;15,75;3,75;1;1,25;1,5;0,7565
352670;Braden Looper;0;0;0;0;0;NULL
352673;Eddie Lopat;3,8;0,8;0;0,6;0,2;0,6166
352674;Stan Lopata;1;0;0;0;0;0
352675;Joey Loperfido;1;0;0;0;0;0
352677;Davey Lopes;16,4545454545455;3,90909090909091;0,545454545454545;2;2,27272727272727;0,618181818181818
352680;Albie Lopez;0,666666666666667;0;0;0;0;0
352686;Aurelio Lopez;0;0;0;0;0;NULL
352690;Hector Lopez;5,6;1,6;0,2;1,4;0,4;0,59
352692;Javy Lopez;13,6666666666667;3,8;0,666666666666667;1,86666666666667;0,933333333333333;0,767066666666667
352693;Javier Lopez;0;0;0;0;0;NULL
352701;Luis Lopez;0;0;0;0;0;NULL
352703;Marcelino Lopez;0;0;0;0;0;NULL
352706;Nicky Lopez;0;0;0;0;0;NULL
352709;Pablo Lopez;0;0;0;0;0;NULL
352714;Reynaldo Lopez;0;0;0;0;0;NULL
352719;Bris Lord;23;3,66666666666667;0;1,33333333333333;0,333333333333333;0,378
352725;Michael Lorenzen;0;0;0;0;0;NULL
352726;Mark Loretta;6;1,66666666666667;0;1;0;0,844333333333333
352735;Lou Louden;8;3;0;0;1;0,819
352738;David Lough;0,5;0;0;0;0;0
352741;Aaron Loup;0;0;0;0;0;NULL
352754;Tom Lovett;8;0,5;0;0;0;0,0665
352759;Grover Lowdermilk;0;0;0;0;0;NULL
352762;Bobby Lowe;23;3;0;0;1;0,297
352763;Brandon Lowe;16,1428571428571;1,85714285714286;0,714285714285714;1,28571428571429;1;0,37
352765;Derek Lowe;0,857142857142857;0,0714285714285714;0;0;0,142857142857143;0,2334
352768;Josh Lowe;4;1;0;0;1;0,65
352771;Mike Lowell;14,375;3,625;0,5;2,625;1,625;0,635375
352772;Mark Lowe;0;0;0;0;0;NULL
352773;Nathaniel Lowe;10,8333333333333;1,83333333333333;0,333333333333333;0,833333333333333;0,833333333333333;0,413
352774;John Lowenstein;9,5;2,5;0,5;2,25;1;0,83275
352779;Turk Lown;0;0;0;0;0;NULL
352780;Peanuts Lowrey;29;9;0;0;1;0,678
352781;Jed Lowrie;8;1,125;0,125;0,625;0,875;0,2245
352797;Gary Lucas;0;0;0;0;0;NULL
352810;Jonathan Lucroy;10,2;2,4;0,2;1,2;0,2;0,7948
352812;Fred Luderus;16;7;1;6;1;1,221
352816;Ryan Ludwick;11,3333333333333;4,33333333333333;1;1,66666666666667;1,66666666666667;1,33533333333333
352827;Julio Lugo;10,8333333333333;2,66666666666667;0;0,5;1,16666666666667;0,6895
352830;Seth Lugo;0;0;0;0;0;NULL
352837;Nathan Lukes;20,6666666666667;5,66666666666667;0;2,66666666666667;1,66666666666667;0,686666666666667
352841;Mike Lum;1,5;1;0;0;0;1,25
352842;Jerry Lumpe;13;3;0;1;1;0,508
352843;Hector Luna;3;0;0;0;0;0
352853;Dick Lundy;38;10;0;3,5;4;0,636
352855;Harry Lunte;0;0;0;0;0;NULL
352858;Jordan Luplow;4,5;1,5;0,5;3;0,5;1,366
352859;Dolf Luque;1;0,5;0;0;0;1
352873;Gavin Lux;7,7;1,7;0,2;0,6;1;0,542111111111111
352874;Jesus Luzardo;0;0;0;0;0;NULL
352875;Greg Luzinski;13,6666666666667;3,33333333333333;0,833333333333333;2;1,16666666666667;0,7835
352881;Sparky Lyle;0,333333333333333;0;0;0;0;0
352889;Jerry Lynch;3;0;0;0;1;0,25
352896;Byrd Lynn;1;0;0;0;0;0
352897;Fred Lynn;18;7,33333333333333;0,666666666666667;4,33333333333333;1,66666666666667;1,05133333333333
352899;Lance Lynn;0,714285714285714;0;0;0;0,142857142857143;0,0555
352901;Brandon Lyon;0;0;0;0;0;NULL
352913;Granville Lyons;6;3;0;0;0;1
352914;Harry Lyons;12;2;0;1,5;1;0,4725
352922;Tyler Lyons;0;0;0;0;0;NULL
352928;Duke Maas;0;0;0;0;0;NULL
352932;John Mabry;7;1,5;0;0,375;0,125;0,38675
352936;Bob Macdonald;0;0;0;0;0;NULL
352942;Mike Macfarlane;9;3;0;1;0;0,667
352944;Alejandro Machado;0;0;0;0;0;NULL
352950;Manny Machado;14,3571428571429;3;0,857142857142857;2,07142857142857;0,928571428571429;0,661357142857143
352955;Jean Machi;0;0;0;0;0;NULL
352966;Biz Mackey;19;6;0,4;1,4;2;0,719
352981;Shane Mack;20,5;4,5;0;2;1;0,602
353004;Ty Madden;0;0;0;0;0;NULL
353005;Austin Maddox;0;0;0;0;0;NULL
353006;Elliott Maddox;7;1,5;0;0,5;0,5;0,7445
353008;Garry Maddox;13,375;3,625;0,125;1,375;0,5;0,7235
353011;Nick Maddox;4;0;0;0;0;0
353012;Greg Maddux;2,39130434782609;0,173913043478261;0;0;0,0869565217391304;0,1708
353013;Mike Maddux;0;0;0;0;0;NULL
353021;Bill Madlock;16,25;5;1;3;1,75;0,70975
353025;Nick Madrigal;12;3;0;0;0;0,5
353028;Ryan Madson;0,125;0;0;0;0;0
353030;Kenta Maeda;0,272727272727273;0,0909090909090909;0;0;0;0,5
353032;Dave Magadan;3;0;0;0;0;0
353036;Sherry Magee;2;1;0;0;0;1
353042;Sal Maglie;3;0;0;0;0;0
353043;Mike Magnante;0;0;0;0;0;NULL
353050;Joe Magrane;0,5;0;0;0;0;0
353055;Freddie Maguire;0;0;0;0;0;NULL
353060;Roy Mahaffey;0;0;0;0;0;NULL
353065;Ron Mahay;0;0;0;0;0;NULL
353070;Rick Mahler;0;0;0;0;0;NULL
353073;Pat Mahomes;1;0;0;0;0;0
353086;Bob Maier;1;1;0;0;0;2
353088;Luke Maile;1,66666666666667;0,333333333333333;0;0;0,333333333333333;0,3335
353090;Duster Mails;5;0;0;0;0;0
353092;John Maine;1,5;0;0;0;0;0
353101;Hank Majeski;6;1;1;3;0;0,833
353110;Dave Malarcher;21,6666666666667;5;0;0,833333333333333;3,5;0,487333333333333
353118;Candy Maldonado;12,875;2,125;0,375;1,625;1;0,4095
353121;Martin Maldonado;10;1,625;0,1875;0,6875;0,6875;0,479
353138;Justyn-Henry Malloy;3;1,66666666666667;0;0;0,666666666666667;0,961333333333333
353140;Marty Malloy;1;0;0;0;0;0
353149;Jim Maloney;0;0;0;0;0;NULL
353155;Pat Malone;1,66666666666667;0,666666666666667;0;0;0;1,375
353161;Al Mamaux;1;0;0;0;0;0
353162;Sean Manaea;0;0;0;0;0;NULL
353163;Trey Mancini;7;0,333333333333333;0;0,333333333333333;0,333333333333333;0,121666666666667
353164;Frank Mancuso;3;2;0;1;0;1,333
353165;Gus Mancuso;10,4;1,8;0;0,8;1,4;0,3638
353169;Seth Maness;0;0;0;0;0;NULL
353173;Angel Mangual;6,42857142857143;1;0;0,428571428571429;0;0,272142857142857
353195;Max Manning;6,5;1,5;0;0,5;0;0,3335
353202;Les Mann;14,5;3,5;0;1,5;0;0,558
353204;Alek Manoah;0;0;0;0;0;NULL
353211;Jeff Manship;0;0;0;0;0;NULL
353215;Matt Mantei;0;0;0;0;0;NULL
353216;Felix Mantilla;5;0;0;0;0,5;0,091
353217;Joe Mantiply;0;0;0;0;0;NULL
353218;Mickey Mantle;19,1666666666667;4,91666666666667;1,5;3,33333333333333;3,58333333333333;0,8215
353221;Charlie Manuel;0,5;0;0;0;0,5;0
353222;Jerry Manuel;7;0,5;0;0;1;0,259
353226;Heinie Manush;18;2;0;0;2;0,311
353228;Kirt Manwaring;1,5;0,5;0;0;0;1,5
353231;Kyle Manzardo;10;2,33333333333333;0,333333333333333;0,666666666666667;0,333333333333333;0,556
353235;Cliff Mapes;7;0,5;0;1;1;0,225
353241;Rabbit Maranville;13;4;0;1,5;1;0,7035
353242;Firpo Marberry;0,666666666666667;0;0;0;0;0
353245;Oliver Marcell;38;10,5;0;3,5;4;0,651
353246;Ziggy Marcell;1;0;0;0;0;0
353250;Shaun Marcum;1,5;0;0;0;0;0
353254;Manuel Margot;11,2857142857143;2,71428571428571;0,714285714285714;1,57142857142857;1;0,674857142857143
353255;Juan Marichal;2,5;0;0;0;0;0
353260;Marty Marion;19,5;4,5;0,25;2,75;1,75;0,70825
353263;Jake Marisnick;3;1;0;0;0,142857142857143;0,4972
353264;Roger Maris;21,7142857142857;4,71428571428571;0,857142857142857;2,57142857142857;2,57142857142857;0,579285714285714
353266;Nick Markakis;14,4285714285714;2,85714285714286;0,142857142857143;0,428571428571429;0,857142857142857;0,528857142857143
353270;Johnny Markham;7;1;0;0;0;0,311
353278;Carlos Marmol;0;0;0;0;0;NULL
353288;German Marquez;1;0;0;0;0;0
353289;Gonzalo Marquez;4;2,5;0;1;0;1,2665
353291;Jason Marquis;0,714285714285714;0,142857142857143;0;0;0;0,25
353294;Luis Márquez;13;3;0;1;0;0,5655
353297;Rube Marquard;2,2;0;0;0;0,2;0,04
353300;Deven Marrero;2;0;0;0;0;0
353301;Eli Marrero;7,6;0,8;0,2;0,6;0,2;0,2146
353315;Brandon Marsh;11,4444444444444;2,44444444444444;0,333333333333333;1,11111111111111;1;0,608222222222222
353321;Evan Marshall;0;0;0;0;0;NULL
353325;Jack Marshall;15;3;0;1,33333333333333;0,333333333333333;0,408333333333333
353330;Mike Marshall;0;0;0;0;0,5;NULL
353331;Mike Marshall;14,1666666666667;3;0,5;2,16666666666667;0,666666666666667;0,566833333333333
353333;Sean Marshall;0;0;0;0;0;NULL
353340;Damaso Marte;0;0;0;0;0;NULL
353345;Ketel Marte;15;5,16666666666667;0,5;2,16666666666667;1;1,09783333333333
353349;Noelvi Marte;3;0;0;0;1;0,25
353350;Starling Marte;10,5555555555556;2,33333333333333;0,111111111111111;1,11111111111111;0,555555555555556;0,591
353357;Al Martin;4;0,75;0;0;0,5;0,66775
353359;Angel Martínez;2;0,5;0;0;0;0,3335
353364;Billy Martin;19,8;6,6;1;3,8;1;0,933
353366;Buck Martinez;15;5;0;4;1;0,708
353367;Carmelo Martinez;14;2,66666666666667;0;0,666666666666667;1;0,529666666666667
353370;Carlos Martinez;0,142857142857143;0;0;0;0;0
353372;Chris Martin;0;0;0;0;0;NULL
353377;Dave Martinez;3;0,5;0;0;0;0,2
353380;Dennis Martinez;0,5;0;0;0;0;0
353383;Edgar Martinez;18,2857142857143;4,85714285714286;1,14285714285714;3,42857142857143;2,71428571428571;0,890142857142857
353398;J. C. Martin;1;0,5;0;1;0;1
353400;J. D. Martinez;11,4166666666667;3,25;0,833333333333333;2,83333333333333;2;0,830833333333333
353401;Jerry Martin;4,66666666666667;0,666666666666667;0,333333333333333;0,666666666666667;0,333333333333333;0,322333333333333
353403;Joe Martina;0;0;0;0;0;NULL
353409;Jose Martinez;6,5;3,5;0;1,5;0;1,2665
353413;Leonys Martin;1,5;0;0;0;0;0
353420;Michael Martinez;1;0;0;0;0;0
353422;Nick Martinez;0;0;0;0;0;NULL
353423;Nick Martini;4;1;0;0;0;0,5
353432;Pepper Martin;18,3333333333333;7,66666666666667;0,333333333333333;3;1,66666666666667;1,129
353433;Pedro Martinez;0,4;0;0;0;0,1;0,1665
353438;Ramon Martinez;1;0;0;0;0;0
353439;Ramon Martinez;2,85714285714286;0,428571428571429;0;0,285714285714286;0,142857142857143;0,277833333333333
353441;Rabbit Martínez;19;3,5;0;0,5;1;0,4355
353443;Renie Martin;0;0;0;0;0;NULL
353446;Russell Martin;11,7058823529412;2,23529411764706;0,352941176470588;1,29411764705882;1,47058823529412;0,742176470588235
353447;Sandy Martinez;1;1;0;0;0;2
353454;Ted Martinez;0;0;0;0;0;NULL
353455;Tippy Martinez;0;0;0;0;0;NULL
353456;Tino Martinez;16,952380952381;3,95238095238095;0,428571428571429;1,80952380952381;1,95238095238095;0,630095238095238
353458;Tom Martin;0;0;0;0;0;NULL
353459;Victor Martinez;18,625;5,875;0,75;2,75;1,375;0,856
353463;Joe Marty;12;6;1;5;0;1,333
353473;Phil Masi;8;1;0;1;0;0,375
353484;Jim Mason;0,5;0,5;0,5;0,5;0;5
353486;Roger Mason;0,5;0;0;0;0;0
353490;Michael Massey;11,5;3,5;0;0,5;1;0,814
353491;Nick Masset;0;0;0;0;0;NULL
353496;Justin Masterson;0;0;0;0;0;NULL
353500;Tom Mastny;0;0;0;0;0;NULL
353502;Miles Mastrobuoni;1;0;0;0;0;0
353506;Jack Matchett;8;2;0;0;0;0,5
353507;Tommy Matchick;3;0;0;0;0;0
353509;Jorge Mateo;5;4;0;1;0;2
353515;Christy Mathewson;8;2,25;0;0,25;0,75;0,711
353517;Eddie Mathews;16,6666666666667;3,33333333333333;0,333333333333333;2,33333333333333;5;0,776333333333333
353518;Greg Mathews;1,5;1;0;1;0;1
353522;Mike Matheny;13,1666666666667;3,33333333333333;0,333333333333333;1,66666666666667;0,5;0,656166666666667
353524;Terry Mathews;0;0;0;0;0;NULL
353525;T. J. Mathews;0;0;0;0;0;NULL
353528;Jeff Mathis;4,83333333333333;1,83333333333333;0,166666666666667;0,666666666666667;0,166666666666667;0,816666666666667
353537;Jon Matlack;3;0,5;0;0;1,5;0,5415
353538;Leroy Matlock;4;1;0;0,5;0,5;1,143
353539;Nick Maton;1;0;0;0;0;0
353540;Phil Maton;0;0;0;0;0;NULL
353548;Daisuke Matsuzaka;0,6;0,2;0;0,4;0;0,667
353549;Hideki Matsui;18,6363636363636;5,81818181818182;0,909090909090909;3,54545454545455;2,45454545454545;0,938
353550;Kazuo Matsui;15,3333333333333;4,66666666666667;0,333333333333333;2,66666666666667;1;0,914333333333333
353551;Yuki Matsui;0;0;0;0;0;NULL
353561;Gary Matthews;16,25;5,25;1,75;3,75;2,5;1,10525
353562;Gary Matthews;3,33333333333333;0;0;0;0,333333333333333;0,0666666666666667
353566;Mike Matthews;0;0;0;0;0;NULL
353567;Ryan Mattheus;0;0;0;0;0;NULL
353573;Don Mattingly;24;10;1;6;1;1,148
353583;Brian Matusz;0;0;0;0;0;NULL
353584;Len Matuszek;1;1;0;0;0;2
353586;Tyler Matzek;0;0;0;0;0;NULL
353587;Steven Matz;1;0;0;0;0;0
353590;Joe Mauer;10;2,75;0;0,25;1;0,5975
353606;Dal Maxvill;11,6666666666667;1,33333333333333;0;0,333333333333333;1,5;0,3046
353616;John Mayberry;15;3;1;3;1;0,6915
353617;John Mayberry;4;0;0;0;0;0
353618;Cameron Maybin;2,5;0,666666666666667;0,166666666666667;0,166666666666667;0,333333333333333;0,666666666666667
353620;Carlos May;9,5;1;0;0;0,5;0,2865
353621;Dave May;1;0;0;0;0,5;0,25
353624;Dustin May;0;0;0;0;0;NULL
353628;Erskine Mayer;2;0;0;0;0;0
353635;Jakie May;2;0;0;0;0;0
353639;Lee May;7,6;2;0,4;2,2;0,8;0,64825
353641;Milt May;1,66666666666667;0,666666666666667;0;0,666666666666667;0;0,666666666666667
353644;Brent Mayne;6;2;0;0;2;0,833
353646;Eddie Mayo;14,5;3,5;0;1;1,5;0,304
353647;Jackie Mayo;0;0;0;0;1;NULL
353650;Rudy May;0,25;0;0;0;0;0
353654;Carl Mays;4,25;0,5;0;0;0,25;0,18875
353657;Joe Mays;0;0;0;0;0;NULL
353659;Willie Mays;15,125;3,75;0,125;1,875;2,125;0,64875
353660;Trevor May;0;0;0;0;0;NULL
353661;Ed Mayweather;10,5;3;0,5;1,5;1;0,5035
353662;Tim Mayza;0;0;0;0;0;NULL
353664;Nomar Mazara;6;2;0;1;0,5;0,7855
353666;Bill Mazeroski;6,2;2;0,4;1;0,4;0,892
353669;Vin Mazzaro;0;0;0;0;0;NULL
353671;Lee Mazzilli;5;1;0;0;0;0,55
353677;Jimmy McAleer;22;4;0;1;2;0,432
353679;Frank McAllister;5;2;0;0;0;1,2
353680;George McAllister;19;4;0;1;2;0,549
353682;Zach McAllister;0;0;0;0;0;NULL
353684;Jim McAnany;5;0;0;0;1;0,167
353692;Dick McAuliffe;23,5;5;1;2;2,5;0,622
353702;Bake McBride;17,2;4,2;0,6;1,6;0,8;0,6492
353708;Macay McBride;0;0;0;0;0;NULL
353711;Tom McBride;12;2;0;1;0;0,333
353715;Bill McCabe;0,5;0;0;0;0;0
353725;Bill McCall;0;0;0;0;0;NULL
353733;Brian McCann;11,6363636363636;2;0,363636363636364;1,45454545454545;0,909090909090909;0,4033
353737;James McCann;2,66666666666667;0,333333333333333;0;0;0;0,1665
353744;Brandon McCarthy;0;0;0;0;0;NULL
353745;Dave McCarty;0,5;0;0;0;0;0
353753;Johnny McCarthy;19;4;0;1;1;0,513
353758;Lew McCarty;5;2;0;1;0;1,2
353760;Tim McCarver;14,6666666666667;4;0,333333333333333;2;2,16666666666667;0,574666666666667
353761;Tommy McCarthy;31;9;0,5;5,5;3;0,79
353764;Kirk McCaskill;0;0;0;0;0;NULL
353765;Steve McCatty;0;0;0;0;0;NULL
353780;Shane McClanahan;0;0;0;0;0;NULL
353785;Kyle McClellan;0;0;0;0;0;NULL
353786;Lloyd McClendon;5,33333333333333;3,33333333333333;0,333333333333333;1,33333333333333;2;1,244
353795;Bob McClure;0;0;0;0;0;NULL
353800;Seth McClung;0;0;0;0;0;NULL
353801;Alex McColl;0;0;0;0;0;NULL
353810;Butch McCord;8;3;0;0;0;0,75
353811;Chas McCormick;9,11111111111111;2,22222222222222;0,222222222222222;0,666666666666667;1,11111111111111;0,579222222222222
353813;Frank McCormick;16;4,33333333333333;0;0,333333333333333;0,333333333333333;0,586
353816;Jim McCormick;10;1,5;0;0;0;0,1765
353819;Mike McCormick;17,3333333333333;5;0;1,33333333333333;0,333333333333333;0,6345
353821;Harry McCormick;3;1;0;0,5;0;0,75
353822;Barney McCosky;23;7;0;1;7;0,814
353823;Willie McCovey;14,5;4,5;1,5;3,5;2,5;1,098
353834;Quinton McCracken;11;4;0;2;1;0,871
353847;Clyde McCullough;1;0;0;0;0;0
353850;Lance McCullers;0,0833333333333333;0;0;0,0833333333333333;0;0
353857;Andrew McCutchen;7,66666666666667;1,83333333333333;0;0,166666666666667;1,16666666666667;0,658
353870;Mickey McDermott;1;1;0;0;0;2
353887;James McDonald;1;0;0;0;0;0
353891;Jim McDonald;2;1;0;1;1;1,667
353894;John McDonald;2;0;0;0;0;0
353896;Luther McDonald;2;0;0;0;0;0
353900;Webster McDonald;3,4;1,2;0;0,4;0;1,12
353903;Gil McDougald;23,75;5,625;0,875;3;2,5;0,67775
353908;Jack McDowell;0;0;0;0;0;NULL
353910;Roger McDowell;0,333333333333333;0;0;0;0;0
353918;Will McEnaney;0,333333333333333;0,333333333333333;0;0;0;2
353920;Joe McEwing;0,666666666666667;0,333333333333333;0;0;0;1
353928;Ed McFarland;1;0;0;0;0;0
353935;T. J. McFarland;0;0;0;0;0;NULL
353942;Dan McGann;17;4;0;4;2;0,669
353954;Jake McGee;0;0;0;0;0;NULL
353956;Willie McGee;17,4545454545455;4,81818181818182;0,363636363636364;2,09090909090909;0,636363636363636;0,674
353957;Casey McGehee;2,5;0,5;0;0;0,5;0,5
353971;Joe McGinnity;5;0;0;0;0;0
353975;Kevin McGlinchy;0,333333333333333;0;0;0;0;0
353976;Jim McGlothlin;1;0;0;0;0;0
353995;Tug McGraw;0,555555555555556;0,111111111111111;0;0;0;0,222333333333333
353997;Scott McGregor;2,25;0;0;0;0,5;0,1665
353999;Fred McGriff;18,8;5,7;1;3,7;2,7;0,9277
354011;Reese McGuire;0;0;0;0;0;NULL
354015;Mark McGwire;12,9;2,8;0,5;1,4;1,8;0,7856
354018;John McHale;3;0;0;0;0;0
354022;Henry McHenry;3;0;0;0;0;0
354024;Collin McHugh;0;0;0;0;0;NULL
354028;Stuffy McInnis;13;2,6;0;0,8;0,8;0,47725
354031;Harry McIntire;1;0;0;0;0;0
354034;Matty McIntyre;10,5;2;0;0;1,5;0,3055
354038;Archie McKain;0;0;0;0;0;NULL
354041;Brendan McKay;0;0;0;0;0;NULL
354043;Dave McKay;11;3;0,5;1;0,5;0,712
354046;Ed McKean;25;11;0;6;1;0,902
354065;Triston McKenzie;0;0;0;0;0;NULL
354072;Billy McKinney;0,5;0;0;0;0;0
354074;Gready McKinnis;2;0;0;0;0;0
354076;Zach McKinstry;9;2;0,25;1;1,25;0,971
354082;Denny McLain;6;0;0;0;0;0
354083;Matt McLain;7;2;0;0;1;0,804
354091;Felix McLaurin;18,6666666666667;4,33333333333333;0;0,666666666666667;3;0,673
354106;Larry McLean;12;6;0;2;0;1
354111;Mark McLemore;13,1428571428571;2;0;1,42857142857143;1,42857142857143;0,438142857142857
354116;Nate McLouth;9,33333333333333;3;0,333333333333333;1,66666666666667;0,333333333333333;0,782666666666667
354119;Don McMahon;0;0;0;0;0;NULL
354122;Ryan McMahon;4,25;1;0,25;0,25;0,5;0,47075
354133;Greg McMichael;0;0;0;0;0;NULL
354134;Billy McMillon;6;1;0;1;1;0,452
354137;Norm McMillan;11;1;0;0;1;0,141
354142;Fred McMullin;13;2;0;1;0,5;0,6635
354146;Ken McMullen;1;0;0;0;0;0
354151;Eric McNair;1,5;0;0;0;0;0
354152;Hurley McNair;26,25;5;0;0,75;1,75;0,49925
354153;Dave McNally;3;0,444444444444444;0,222222222222222;0,777777777777778;0;0,464285714285714
354154;Mike McNally;6,66666666666667;1,33333333333333;0;0,333333333333333;0,333333333333333;0,488
354168;Earl McNeely;13,5;3;0;0,5;2;0,656
354171;Jeff McNeil;11;2;0;2,5;0;0,4095
354180;Dallas McPherson;9;1;0;1;0;0,222
354191;George McQuinn;19,5;5;0,5;3;6;0,8875
354193;Hugh McQuillan;2,66666666666667;0,666666666666667;0;0,333333333333333;0,333333333333333;0,916666666666667
354196;Hal McRae;11;3,23076923076923;0,0769230769230769;1,15384615384615;0,923076923076923;0,816
354199;Kevin McReynolds;19;5;1,5;4;3;0,96
354214;Curtis Mead;6;2;0;1;0;0,667
354216;Austin Meadows;13,8333333333333;2;0,5;1,33333333333333;0,833333333333333;0,507
354219;Lee Meadows;1,5;0;0;0;0,5;0,25
354221;Parker Meadows;13,75;2,75;0,25;0,25;1;0,5665
354224;George Meakim;2;1;0;0;0;1
354232;Nick Mears;0;0;0;0;0;NULL
354234;Jim Mecir;0;0;0;0;0;NULL
354240;Doc Medich;0;0;0;0;0;NULL
354250;Kris Medlen;0,75;0;0;0;0;0
354253;Joe Medwick;23;7,5;0,5;2,5;1;0,762
354265;Trevor Megill;0;0;0;0;0;NULL
354266;Tylor Megill;0;0;0;0;0;NULL
354282;Francisco Mejia;1,5;0;0;0;0,5;0
354287;Miguel Mejia;0,5;0;0;0;0;0
354292;Mark Melancon;0;0;0;0;0;NULL
354297;MJ Melendez;10;1,5;0,5;1;0;0,412
354299;Adam Melhuse;3;1,5;0;0,5;0;0,8
354313;Cliff Melton;2;0;0;0;1;0,333
354317;Troy Melton;0;0;0;0;0;NULL
354319;Bob Melvin;7;3;0;0;1;0,929
354326;José Méndez;2,75;0,5;0;0;0;0,740666666666667
354333;Mario Mendoza;5;1;0;1;1;0,533
354336;Ramiro Mendoza;0,2;0;0;0;0;0
354337;Frank Menechino;4;0,333333333333333;0;0;0,333333333333333;0,237
354344;Denis Menke;16,3333333333333;2,66666666666667;0,666666666666667;1;2,33333333333333;0,643666666666667
354353;Oscar Mercado;1;0;0;0;0;0
354358;Jordy Mercer;4,66666666666667;0,666666666666667;0;0;0,333333333333333;0,194333333333333
354362;Orlando Merced;6,66666666666667;1;0,333333333333333;1;0,666666666666667;0,409333333333333
354367;Kent Mercker;0;0;0;0;0;NULL
354368;Cla Meredith;0;0;0;0;0;NULL
354373;Fred Merkle;17,6;4,2;0,2;1,8;1,8;0,6556
354374;Lou Merloni;3;1;0;0,5;1;0,762
354383;Jackson Merrill;11;3;0,666666666666667;2,33333333333333;1,33333333333333;1,076
354384;Jim Merritt;1;0;0;0;0;0
354389;Ryan Merritt;0;0;0;0;0;NULL
354391;Whit Merrifield;3;0,5;0;0;0,5;0,45
354394;Sam Mertes;17;3;0;2;2;0,498
354396;Lennie Merullo;2;0;0;0;0;0
354400;Jose Mesa;0;0;0;0;0;NULL
354405;Devin Mesoraco;1;0;0;0;0;0
354406;Andy Messersmith;3,5;1;0;0;0;0,5
354417;Bud Metheny;8;1;0;0;0;0,25
354419;George Metkovich;2;1;0;0;0;1,5
354427;Bob Meusel;21,5;4,83333333333333;0,166666666666667;2,83333333333333;2;0,627333333333333
354428;Irish Meusel;21,75;6;0,75;4,25;1;0,711
354436;Jack Meyers;15,5;4,5;0;1,25;0,75;0,5505
354446;Jake Meyers;4;1;0;0,666666666666667;0;0,25
354452;Russ Meyer;1;0;0;0;0;0
354456;Dan Miceli;0;0;0;0;0;NULL
354461;Jason Michaels;0,5;0,5;0;0;0;3
354474;Will Middlebrooks;8,33333333333333;1,33333333333333;0;0,333333333333333;1;0,327666666666667
354478;Doug Mientkiewicz;9,71428571428571;2,28571428571429;0,285714285714286;1;0,571428571428571;0,599857142857143
354479;Ed Mierkowicz;0;0;0;0;0;NULL
354480;Matt Mieske;4;0;0;0;1;0,2
354483;Jose Mijares;0;0;0;0;0;NULL
354484;Pete Mikkelsen;0;0;0;0;0;NULL
354486;Miles Mikolas;0,666666666666667;0,333333333333333;0;0;0;1,5
354487;Eddie Miksis;5,5;1,5;0;0;0;0,607
354491;Larry Milbourne;17,3333333333333;5,66666666666667;0;1,33333333333333;1,33333333333333;0,777333333333333
354493;Aaron Miles;3,66666666666667;1,33333333333333;0;0;0,333333333333333;1,15066666666667
354498;Jimmy Miles;1;0;0;0;0;0
354504;Wade Miley;2;0,666666666666667;0;0;0;0,625
354506;Johnny Miljus;2;0;0;0;0;0
354508;Felix Millan;21;5,33333333333333;0;1;2;0,691
354510;Kevin Millar;15,8333333333333;3,83333333333333;0,333333333333333;1,66666666666667;1,83333333333333;0,736833333333333
354514;Andrew Miller;0;0;0;0;0;NULL
354517;Bing Miller;22;5,66666666666667;0;2,66666666666667;0;0,582333333333333
354521;Bob Miller;0;0;0;0;0;NULL
354523;Bob Miller;0,166666666666667;0;0;0;0;0
354524;Bobby Miller;0;0;0;0;0;NULL
354525;Bob Miller;18;5;0;3;0;0,611
354527;Brad Miller;1;0;0;0;0;0
354529;Bryce Miller;0;0;0;0;0;NULL
354531;Buck Miller;2,5;1;0;0;0;0,625
354540;Damian Miller;12,6666666666667;2,5;0;0,666666666666667;1,66666666666667;0,721333333333333
354542;Dots Miller;28;7;0;4;2;0,586
354551;Elmer Miller;31;5;0;2;2;0,406
354559;Hack Miller;1;0;0;0;0;0
354590;Mason Miller;0;0;0;0;0;NULL
354596;Otto Miller;11;1,5;0;0;0,5;0,2965
354598;Owen Miller;4,5;0,5;0;0;0,5;0,2665
354601;Percy Miller;4;0;0;0;0;0
354604;Ralph Miller;11;2;0;2;1;0,432
354609;Rick Miller;9;2;0;0;0;0,25
354617;Shelby Miller;0,6;0;0;0;0;0
354618;Stu Miller;0;0;0;0;0;NULL
354622;Trever Miller;0;0;0;0;0;NULL
354627;Wade Miller;2;0;0;0;0;0
354632;Bob Milliken;0;0;0;0;0;NULL
354634;John Milligan;25;10;0;4;3;1,024
354640;Alan Mills;0;0;0;0;0;NULL
354644;Brad Mills;0;0;0;0;1;NULL
354656;Kevin Millwood;1,83333333333333;0,166666666666667;0;0;0,166666666666667;0,175
354659;Eddie Milner;7;1;0;0;0;0,286
354660;Hoby Milner;0;0;0;0;0;NULL
354661;John Milner;10,8333333333333;2,5;0;0,833333333333333;2,33333333333333;0,554
354663;Tommy Milone;0;0;0;0;0;NULL
354668;Eric Milton;0;0;0;0;0;NULL
354669;Henry Milton;15;2;0;1;2;0,4465
354675;Don Mincher;8,33333333333333;1,33333333333333;0,333333333333333;0,666666666666667;0,666666666666667;0,820333333333333
354680;Zach Miner;0;0;0;0;0;NULL
354682;Steve Mingori;0;0;0;0;0;NULL
354684;Paul Minner;0;0;0;0;0;NULL
354689;Mike Minor;1;0;0;0;0;0
354691;Minnie Miñoso;21;7;0;0;4;0,821
354693;A. J. Minter;0,111111111111111;0;0;0;0;0
354698;Doug Mirabelli;3;0,714285714285714;0;0;0,142857142857143;0,403
354709;Jacob Misiorowski;0;0;0;0;0;NULL
354715;Alonzo Mitchell;12;6;0;1;0;1,167
354725;Clarence Mitchell;2,5;0,5;0;0;0;0,3335
354728;Dale Mitchell;9,66666666666667;1,33333333333333;0,333333333333333;0,333333333333333;1;0,307
354731;Garrett Mitchell;4;1;1;2;1;1,4
354732;George Mitchell;2;1;0;1;0;1
354736;Kevin Mitchell;16;4,6;0,8;2,2;0,6;0,7176
354737;Keith Mitchell;3;0;0;0;0;0
354748;Sergio Mitre;0;0;0;0;0;NULL
354749;George Mitterwald;7,5;2,5;0;1;0,5;0,759
354751;Casey Mize;0;0;0;0;0;NULL
354752;Johnny Mize;8,4;2,4;0,6;1,8;1;0,9414
354753;Vinegar Bend Mizell;0;0;0;0;0;NULL
354756;Dave Mlicki;1;0;0;0;0;0
354763;Chad Moeller;5;2;0;0;0;0,8
354766;Joe Moeller;0;0;0;0;0;NULL
354772;George Mogridge;5;0;0;0;0;0
354778;Dustan Mohr;7;3,5;0;0;0,5;1,7085
354784;Bengie Molina;14,6666666666667;4;0,555555555555556;2,22222222222222;0,666666666666667;0,709777777777778
354790;Jose Molina;2,2;0,4;0;0,1;0,4;0,538888888888889
354792;Yadier Molina;14,92;4,08;0,16;1,44;1,08;0,57772
354793;Paul Molitor;23,4;8,6;1,2;4,4;2,4;1,049
354803;Andruw Monasterio;0,333333333333333;0;0;0;0,333333333333333;0
354806;Yoan Moncada;14,5;2,5;0;0;1;0,382
354810;Rick Monday;9;1,88888888888889;0,111111111111111;0,222222222222222;1,44444444444444;0,615375
354812;Raul Mondesi;10,6666666666667;2,33333333333333;0;1;1;0,546333333333333
354813;Adalberto Mondesi;1;0;0;0;0;0
354816;Don Money;9;1,66666666666667;0;0,666666666666667;1,66666666666667;0,393333333333333
354821;Craig Monroe;16,6666666666667;4;1,66666666666667;3;1,33333333333333;0,939333333333333
354827;Zach Monroe;0;0;0;0;0;NULL
354830;Frankie Montas;0;0;0;0;0;NULL
354831;John Montague;0;0;0;0;0;NULL
354842;Jesus Montero;2;2;0;1;0;2
354844;Keider Montero;0;0;0;0;0;NULL
354846;Miguel Montero;6,66666666666667;1,33333333333333;0,111111111111111;0,888888888888889;0,777777777777778;0,527111111111111
354848;Rafael Montero;0;0;0;0;0;NULL
354852;Bob Montgomery;1;0;0;0;0;0
354855;Jordan Montgomery;0;0;0;0;0;NULL
354857;Mike Montgomery;0,4;0,2;0;0;0;1
354874;Jim Mooney;0;0;0;0;0;NULL
354876;Wally Moon;12,5;3;0,5;1;1;0,3555
354893;Charlie Moore;16;5,66666666666667;0;1;1;0,772
354898;Donnie Moore;0;0;0;0;0;NULL
354899;Dobie Moore;29,6666666666667;8;0,333333333333333;4;2;0,755333333333333
354900;Dylan Moore;3,5;0,5;0;0,5;1;0,433
354902;Eddie Moore;26;6;1;2;5;0,739
354909;Gene Moore;22;4;0;0;3;0,462
354917;Jimmy Moore;3;1;0;0;0,5;0,75
354918;Johnny Moore;7;0;0;0;2;0,222
354919;Jo-Jo Moore;24,3333333333333;6,66666666666667;0,333333333333333;1;0,666666666666667;0,664666666666667
354921;Kelvin Moore;8;1;0;0;0;0,25
354924;Matt Moore;1;0,333333333333333;0;0,333333333333333;0;0,667
354926;Mike Moore;0,6;0,2;0;0,4;0;1
354930;Ray Moore;0;0;0;0;0;NULL
354932;Red Moore;15;3,5;0;2;1,5;0,565
354939;Terry Moore;22;4,5;0;2;2;0,538
354942;Tyler Moore;1;1;0;2;0;2
354943;Whitey Moore;1,5;0;0;0;0;0
354944;Wilcy Moore;4;1;0;0;0;0,5335
354946;Bob Moose;1,5;0;0;0;0;0
354951;Franklin Morales;0,375;0;0;0;0;0
354954;Jose Morales;2;0;0;0;0;0
354955;Jose Morales;3;0;0;0;0;0
354956;Kendrys Morales;14;3,14285714285714;0,857142857142857;2,42857142857143;0,857142857142857;0,712714285714286
354961;Melvin Mora;7,5;3;0,5;1;1,5;0,8215
354973;Herbie Moran;13;1;0;0;1;0,297
354976;Mickey Morandini;10;2,33333333333333;0;1;1;0,581333333333333
354977;Pat Moran;1;0;0;0;0;0
354981;Mike Mordecai;3;0,833333333333333;0;0,833333333333333;0;0,572333333333333
354983;Dave Morehead;0;0;0;0;0;NULL
354986;Adrian Morejon;0;0;0;0;0;NULL
354988;Brent Morel;1;0;0;0;0;0
354991;Keith Moreland;11;4;0,25;1,75;0,5;0,668
354992;Mitch Moreland;9;2,33333333333333;0,266666666666667;1,26666666666667;0,8;0,7424
354998;Gabriel Moreno;15,75;3,75;1;3;1,5;0,86275
355003;Omar Moreno;22,5;7;0;1,5;1,5;0,7605
355006;Roger Moret;0;0;0;0;0;NULL
355012;Bobby Morgan;1;0;0;0;0;0
355016;David Morgan;0;0;0;0;0;NULL
355019;Eli Morgan;0;0;0;0;0;NULL
355021;Joe Morgan;16,4545454545455;3;0,454545454545455;1,18181818181818;3,36363636363636;0,655272727272727
355024;Mike Morgan;0;0;0;0;0;NULL
355025;Nyjer Morgan;14;2,5;0;1,5;1;0,483
355031;Tom Morgan;0,333333333333333;0,333333333333333;0;0;0;2
355037;George Moriarty;22;6;0;1;3;0,678
355043;Mike Morin;0;0;0;0;0;NULL
355046;Alvin Morman;0;0;0;0;0;NULL
355048;Justin Morneau;13,25;4;0,5;1;0,25;0,82625
355049;Leroy Morney;20;2;0;1;0;0,2
355059;Barney Morris;4;1;0;2;0;0,5
355061;Bryan Morris;0;0;0;0;0;NULL
355064;Cody Morris;0;0;0;0;0;NULL
355074;Hal Morris;12;3,25;0;1,25;1,5;0,71575
355076;Jack Morris;0,571428571428571;0;0;0;0;0
355077;Jim Morrison;3;1;0;0;0;0,4
355083;Johnny Morrison;2;1;0;0;0;1
355086;John Morris;2,5;0;0;0;0;0
355088;Matt Morris;1,9;0,2;0;0,2;0;0,214285714285714
355096;Yellow Horse Morris;0;0;0;0;0;NULL
355097;Brandon Morrow;0,333333333333333;0;0;0;0;0
355100;Mike Morse;10;3;0,5;1,75;0,25;1,26025
355106;Charlie Morton;0,5;0;0;0;0;0
355117;Lloyd Moseby;23,5;6;0,5;3;3,5;0,7535
355119;Dustin Moseley;0;0;0;0;0;NULL
355127;Wally Moses;12;5;0;0;1;0,878
355134;Brandon Moss;10,25;1,75;0,75;1,75;1,5;0,913
355136;Damian Moss;0;0;0;0;0;NULL
355138;Don Mossi;0;0;0;0;0;NULL
355142;Porter Moss;2;1;0;1;0;1
355147;Guillermo Mota;0,166666666666667;0;0;0;0;0
355149;Manny Mota;1,6;0,6;0;0,2;0,2;1,66675
355150;Dink Mothell;17,3333333333333;4,33333333333333;0;2,33333333333333;1;0,574666666666667
355151;Darryl Motley;8,66666666666667;2,33333333333333;0,333333333333333;1,66666666666667;0,666666666666667;0,743333333333333
355153;Jason Motte;0,142857142857143;0;0;0;0;0
355156;Curt Motton;1,25;0,5;0;0,5;0;1
355163;Ryan Mountcastle;9;1;0;1;0,5;0,2615
355164;Mike Moustakas;15,3636363636364;3,09090909090909;0,545454545454545;1,63636363636364;0,909090909090909;0,567636363636364
355168;Mike Mowrey;17;3;0;1;3;0,476
355173;Jamie Moyer;0,714285714285714;0;0;0;0;0
355174;Peter Moylan;0;0;0;0;0;NULL
355180;Bill Mueller;18,125;4,25;0,125;0,5;1,625;0,606
355181;Don Mueller;18;7;0;1;0;0,778
355185;Les Mueller;0;0;0;0;0;NULL
355192;Edward Mujica;0;0;0;0;0;NULL
355195;Mark Mulder;1;0;0;0;0,25;0,25
355197;Terry Mulholland;0,25;0;0;0;0,125;0
355210;Cedric Mullins;9,5;1,5;0,5;0,5;0;0,7145
355214;George Mullin;8,33333333333333;1,33333333333333;0;0,333333333333333;0,666666666666667;0,439333333333333
355221;Rance Mulliniks;6,66666666666667;1,66666666666667;0,333333333333333;1;1,66666666666667;0,559333333333333
355227;Jerry Mumphrey;16;3,66666666666667;0;0;2;0,635333333333333
355230;Bob Muncrief;0,5;0;0;0;0;0
355231;Max Muncy;15,2352941176471;3,29411764705882;0,941176470588235;2,17647058823529;3,82352941176471;0,773176470588235
355235;Red Munger;4;1;0;0;0;0,5
355244;Andres Munoz;0;0;0;0;0;NULL
355249;Mike Munoz;0;0;0;0;0;NULL
355255;Yairo Munoz;1;0;0;0;0;0
355256;Peter Munro;2;0;0;0;1;0,333
355260;Thurman Munson;21,5;7,66666666666667;0,5;3,66666666666667;0,833333333333333;0,879833333333333
355266;Bobby Murcer;2,75;0,25;0;0;0,5;0,33325
355272;Penn Murfee;0;0;0;0;0;NULL
355289;Danny Murphy;19,6666666666667;6;0,333333333333333;4;0,333333333333333;0,768666666666667
355292;Dale Murphy;11;3;0;0;0;0,545
355294;David Murphy;10;2,57142857142857;0,142857142857143;0,857142857142857;1,85714285714286;0,597
355295;Daniel Murphy;16,1666666666667;5;1,33333333333333;3,16666666666667;2,5;0,901833333333333
355299;Dwayne Murphy;9,5;4;0,5;1,5;1,5;1,1335
355301;Eddie Murphy;13,3333333333333;2,66666666666667;0;0;1,33333333333333;0,369666666666667
355308;Johnny Murphy;1;0,166666666666667;0;0,166666666666667;0;0,333333333333333
355314;Pat Murphy;10;1;0;1;0;0,2
355317;Rob Murphy;0;0;0;0;0;NULL
355318;Sean Murphy;6,6;1,4;0,4;0,8;0,4;0,4642
355332;Calvin Murray;5;1;0;0;0;0,4
355338;Eddie Murray;17,6666666666667;4,55555555555556;1;2,77777777777778;3;0,869222222222222
355349;Mitchell Murray;14,5;1;0,5;1,5;1,5;0,282
355352;Red Murray;22,6666666666667;4,66666666666667;0;1,66666666666667;2;0,516666666666667
355358;Matt Murton;4;1;0;0;0;0,5
355361;Harrison Musgrave;0;0;0;0;0;NULL
355362;Joe Musgrove;0;0;0;0;0;NULL
355364;Stan Musial;21,5;5,5;0,25;2;3;0,7295
355371;Mike Mussina;0,25;0;0;0;0;0
355378;Buddy Myer;14;4;0;1;1,5;0,6485
355381;Billy Myers;17,5;3,5;0;1;2;0,6295
355383;Brett Myers;0,833333333333333;0,666666666666667;0;0,5;0,166666666666667;1,5835
355387;Greg Myers;3;0,571428571428571;0,142857142857143;0,428571428571429;0,428571428571429;1,0635
355390;Hi Myers;24;5;0,5;2;0;0,481
355394;Mike Myers;0;0;0;0;0;NULL
355395;Randy Myers;0;0;0;0;0;NULL
355399;Tobias Myers;0;0;0;0;0;NULL
355400;Wil Myers;10,1428571428571;1,42857142857143;0,428571428571429;0,857142857142857;0,857142857142857;0,463714285714286
355406;Xavier Nady;4;0,5;0;1;0,5;0,417
355407;Tim Naehring;13;4;1;1;0;0,846
355414;Charles Nagy;0;0;0;0;0;NULL
355427;Tommy Nance;0;0;0;0;0;NULL
355429;Eudie Napier;6,5;1;0;1,5;2;0,6235
355433;Mike Napoli;13,1333333333333;3;0,533333333333333;2;1,66666666666667;0,641666666666667
355434;Tyler Naquin;7,75;1,25;0;0,75;0,25;0,41075
355435;Hal Naragon;0;0;0;0;0;NULL
355437;Andrew Nardi;0;0;0;0;0;NULL
355439;Ray Narleski;0;0;0;0;0;NULL
355440;Jerry Narron;2;1;0;0;1;1,167
355441;Sam Narron;1;0;0;0;0;0
355444;Carlos Narváez;8;0;0;0;3;0,273
355445;Omar Narvaez;4,5;1,5;0;0,5;0;0,4375
355446;Chris Narveson;0,5;0;0;0;0;0
355448;Billy Nash;24;4;0;4;2;0,397
355456;Joe Nathan;0;0;0;0;0;NULL
355461;Daniel Nava;8,33333333333333;1,66666666666667;0;0,666666666666667;1;0,582666666666667
355463;Dioner Navarro;11;3;0;0,714285714285714;0,857142857142857;0,806
355465;Efren Navarro;1;0;0;0;0;0
355475;Bo Naylor;10;1,66666666666667;0,333333333333333;1,33333333333333;0;0,511333333333333
355477;Josh Naylor;17,8571428571429;5,14285714285714;0,714285714285714;2,28571428571429;0,857142857142857;0,893571428571429
355480;Denny Neagle;1,57142857142857;0,142857142857143;0;0;0;0,166666666666667
355483;Charlie Neal;15,5;5;1;3;0;0,5185
355484;Greasy Neale;28;10;0;4;2;0,864
355493;Tom Needham;1;0;0;0;0;0
355502;Art Nehf;5;0,8;0;0;0,6;0,4225
355503;Gary Neibauer;0;0;0;0;0;NULL
355512;Bernie Neis;5;0;0;0;1;0,167
355520;Brad Nelson;2;0;0;0;0;0
355521;Candy Nelson;10;1;0;0;0;0,2
355523;Clyde Nelson;3;1;0;1;0;1
355524;Dave Nelson;2;0;0;0;0;0
355527;Gene Nelson;0;0;0;0;0;NULL
355530;Jeff Nelson;0;0;0;0;0;NULL
355536;Kyle Nelson;0;0;0;0;0;NULL
355539;Mel Nelson;0;0;0;0;0;NULL
355540;Nick Nelson;0;0;0;0;0;NULL
355544;Rocky Nelson;6;1,5;0,5;1;1;0,6585
355545;Roger Nelson;1;0;0;0;0;0
355547;Ryne Nelson;0;0;0;0;0;NULL
355551;Robb Nen;0,142857142857143;0;0;0;0;0
355552;Hector Neris;0;0;0;0;0;NULL
355554;Pat Neshek;0;0;0;0;0;NULL
355557;Graig Nettles;14;3,15384615384615;0,384615384615385;2,07692307692308;1,46153846153846;0,794769230769231
355573;Phil Nevin;3;0;0;0;0;0
355576;Jimmie Newberry;4;0,5;0;0;0,5;0,325
355577;Don Newcombe;2,66666666666667;0;0;0;0;0
355578;Sean Newcomb;0;0;0;0,5;0,5;NULL
355585;Hal Newhouser;4;0;0;0,5;0,5;0,111
355590;Al Newman;2,25;0,5;0;0,25;0,25;0,844333333333333
355594;Jeff Newman;4;0;0;0;0;0
355601;Bobo Newsom;5;0,5;0;0;0;0,2
355606;Warren Newson;2,33333333333333;0,333333333333333;0,333333333333333;0,333333333333333;0,333333333333333;0,5
355609;Gus Niarhos;0;0;0;0;0;NULL
355613;Bill Nicholson;28;6;0;8;2;0,588
355625;Kid Nichols;7;2;0;2;0;0,571
355638;Hugh Nicol;2;0;0;0;0;0
355641;Steve Nicosia;16;1;0;0;0;0,125
355642;Tomas Nido;8;1;0;0;1;0,347
355645;Tom Niedenfuer;0,2;0;0;0;0;0
355648;Bert Niehoff;16;1;0;0;1;0,18
355649;Joe Niekro;1,25;0;0;0;0;0
355651;Phil Niekro;1,5;0;0;0,5;0;0
355655;Bob Nieman;0;0;0;0;1;NULL
355657;Jeff Niemann;0;0;0;0;0;NULL
355661;Jonathon Niese;0;0;0;0;0;NULL
355664;Tom Nieto;4;0;0;0,5;1;0,2085
355665;Kirk Nieuwenhuis;2;0;0;0;0;0
355679;Brandon Nimmo;15,5;3,75;0,25;1,75;2;0,68875
355680;Al Nipper;0;0;0;0;0;NULL
355681;Dustin Nippert;0;0;0;0;0;NULL
355689;Jayson Nix;2,75;0,5;0;0;0,25;0,3625
355691;Laynce Nix;3;0;0;0;0;0
355693;Donell Nixon;4;0,5;0;0;0,5;0,2665
355694;Otis Nixon;13,5;4,33333333333333;0;1,16666666666667;1,66666666666667;1,0572
355696;Trot Nixon;12,5454545454545;3,54545454545455;0,545454545454545;2,27272727272727;1,27272727272727;0,907090909090909
355700;Ray Noble;6;2;0,5;3;1;0,65
355704;Jhonkensy Noel;8;0,666666666666667;0,333333333333333;0,666666666666667;0,666666666666667;0,343
355710;Matt Nokes;14;2;1;2;1;0,557
355711;Aaron Nola;0;0;0;0;0;NULL
355712;Austin Nola;11,4;2,2;0;1,6;1,4;0,5602
355715;Gary Nolan;1,75;0,125;0;0;0,125;0,111166666666667
355716;Joe Nolan;1;0;0;0,5;0,5;0,333
355718;Ricky Nolasco;1;0;0;0;0;0
355720;Dickie Noles;0;0;0;0;0,333333333333333;NULL
355724;Hideo Nomo;1,5;0;0;0;0;0
355729;Lars Nootbaar;6;2;0;0;2;1
355736;Irv Noren;9;1,33333333333333;0;0,666666666666667;1;0,448
355742;Fred Norman;0,8;0;0;0,2;0;0
355747;Bud Norris;0;0;0;0;0;NULL
355749;Derek Norris;6;0,666666666666667;0;0,333333333333333;0;0,189
355752;Mike Norris;0;0;0;0;0;NULL
355754;Bill North;11,8;0,6;0;0,6;1,4;0,2296
355757;Jim Northrup;21;6;1;4,5;1,5;0,8035
355771;Joe Nossek;20;4;0;0;0;0,4
355773;Jacob Nottingham;4;0;0;0;0;0
355775;Ivan Nova;0;0;0;0;0;NULL
355781;Les Nunamaker;2;1;0;0;0;1
355782;Abraham Nunez;8,66666666666667;3;0;0;0,666666666666667;0,561666666666667
355788;Eduardo Nunez;5,125;1,125;0,25;0,625;0,25;0,579428571428571
355817;Johnny Oates;1;0,333333333333333;0;0;0,333333333333333;0,666666666666667
355819;Bailey Ober;0;0;0;0;0;NULL
355821;Scott Oberg;0;0;0;0;0;NULL
355823;Ken Oberkfell;12,25;3;0;0,75;1,25;0,492
355831;Buck O'Brien;2;0;0;0;0;0
355832;Charlie O'Brien;4,33333333333333;1;0,333333333333333;1;0,333333333333333;0,644333333333333
355833;Darby O'Brien;27,5;4;0;3,5;6,5;0,4945
355840;Jack O'Brien;2;0;0;0;0;0
355855;Alex Ochoa;1,66666666666667;0;0;0;0;0
355864;Jack O'Connor;22;3;0;0;2;0,345
355866;Jimmy O'Connell;1;0;0;0;0;0
355872;Paddy O'Connor;1;0;0;0;0;0
355873;Darren O'Day;0;0;0;0;0;NULL
355874;Hank O'Day;6;1;0;0;2;0,542
355875;Ken O'Dea;2,6;1,2;0,2;1,2;0,2;1,4266
355877;Billy O'Dell;3;1;0;0;0;0,667
355880;Blue Moon Odom;1,5;0,166666666666667;0;0;0;0,25
355890;Jake Odorizzi;0;0;0;0;0;NULL
355891;Rougned Odor;10;2,33333333333333;0,666666666666667;1,33333333333333;1;0,549666666666667
355892;Lefty O'Doul;1;1;0;2;0;2
355898;Ron Oester;2;1;0;0,5;0;1,3335
355899;Bob O'Farrell;13;3,5;0;1;1;0,354
355900;Jose Offerman;11,25;4,5;0,25;2,25;2;0,731
355903;Eric O'Flaherty;0;0;0;0;0;NULL
355904;Alexi Ogando;0;0;0;0;0;NULL
355908;Curly Ogden;0;0;0;0;0;NULL
355910;Chad Ogea;0,666666666666667;0,333333333333333;0;0,333333333333333;0;1,25
355912;Ben Oglivie;20;3,66666666666667;0,666666666666667;1;0,666666666666667;0,513
355922;Ryan O'Hearn;5,33333333333333;1,33333333333333;0;0;0,666666666666667;0,696333333333333
355924;Ross Ohlendorf;0;0;0;0;0;NULL
355931;Seunghwan Oh;0;0;0;0;0;NULL
355932;Shohei Ohtani;18,4285714285714;4,57142857142857;1,57142857142857;3,42857142857143;4,14285714285714;0,954714285714286
355934;Augie Ojeda;10,5;3;0;0,5;0,5;0,6945
355935;Bob Ojeda;3,5;0;0;0;0;0
355937;Hideki Okajima;0;0;0;0;0;NULL
355940;Steven Okert;0;0;0;0;0;NULL
355949;Red Oldham;0;0;0;0;0;NULL
355950;Bob Oldis;0;0;0;0;0;NULL
355951;Rube Oldring;20,6666666666667;4;0,333333333333333;1;0;0,456333333333333
355952;Charley O'Leary;13;1,66666666666667;0;0;0,333333333333333;0,197
355954;Troy O'Leary;12;2,6;0,6;1,8;1;0,7058
355955;John Olerud;16,9285714285714;4,71428571428571;0,642857142857143;2,42857142857143;2,21428571428571;0,790214285714286
355963;Tony Oliva;17;5,33333333333333;1;1,66666666666667;0,666666666666667;1,061
355964;Al Oliver;13,1428571428571;3;0,428571428571429;2,42857142857143;1,14285714285714;0,696142857142857
355968;Darren Oliver;0,153846153846154;0;0;0;0;0
355973;Joe Oliver;10,5;2,5;0,25;0,75;0,25;0,70525
355976;Nate Oliver;0;0;0;0;0;NULL
355980;Miguel Olivo;1;0;0;0;0;0
355984;Luis Olmo;11;3;1;2;0;0,818
355997;Gregg Olson;0;0;0;0;0;NULL
355998;Greg Olson;18;5;0,333333333333333;1,66666666666667;3;0,856333333333333
355999;Ivy Olson;20,5;6;0;1;2,5;0,7305
356002;Matt Olson;9,14285714285714;1,85714285714286;0,571428571428571;1,14285714285714;2;0,670714285714286
356003;Reese Olson;0;0;0;0;0;NULL
356006;Tyler Olson;0;0;0;0;0;NULL
356013;Ollie O'Mara;1;0;0;0;0;0
356017;Alejandro Oms;18;4;0;2;2;0,578
356019;Logan Ondrusek;0;0;0;0;0;NULL
356024;John O'Neill;1;0;0;0;0;0
356025;Buck O'Neil;19,75;6,75;0,5;2,25;0,75;0,88775
356040;Paul O'Neill;15,7368421052632;4,47368421052632;0,578947368421053;2,05263157894737;2;0,814263157894737
356042;Steve O'Neill;21;7;0;2;4;0,916
356043;Tip O'Neill;36,5;8,75;1,25;6,25;2,5;0,7765
356044;Tyler O'Neill;2;0;0;0;0,5;0,2
356050;Jose Oquendo;18;4;0,5;3;2;0,64
356053;Grady Orange;23;5;0;2;4;0,594
356058;Magglio Ordonez;12,5;2,83333333333333;0,5;1,5;1,33333333333333;0,675666666666667
356059;Rey Ordonez;19;2,5;0;1;0;0,363
356061;Nate Orf;0;0;0;0;0;NULL
356064;Paulo Orlando;3,66666666666667;1;0;0,333333333333333;0;0,75
356071;Jesse Orosco;0,142857142857143;0,142857142857143;0;0,142857142857143;0;2
356075;Jim O'Rourke;36;11;1;4;3;0,8325
356085;Dave Orr;9;1;0;0;0;0,222
356087;Pete Orr;2;0;0;0;0;0
356088;Ernie Orsatti;8,25;2,25;0;0,5;1;0,40325
356089;John Orsino;1;0;0;0;0;0
356091;Jorge Orta;6;0,666666666666667;0;0,333333333333333;0;0,355666666666667
356097;Rafael Ortega;3;0;0;0;0;0
356101;David Ortiz;16,8888888888889;4,88888888888889;0,944444444444444;3,38888888888889;3,27777777777778;0,988055555555556
356108;Joey Ortiz;10;0,666666666666667;0;0;1;0,188
356109;Junior Ortiz;4;0,5;0;0,5;0;0,2
356113;Ramon Ortiz;0,75;0;0;0;0;0
356116;Russ Ortiz;2,66666666666667;0,5;0;0;0;0,5466
356125;Donovan Osborne;2;0;0;0;0;0
356135;Dan Osinski;0;0;0;0;0;NULL
356140;Claude Osteen;2,5;0,5;0;0;0;0,3335
356150;Joe Ostrowski;0;0;0;0;0;NULL
356154;Antonio Osuna;0;0;0;0;0;NULL
356156;Roberto Osuna;0;0;0;0;0;NULL
356158;Roy Oswalt;2,375;0,25;0;0;0,25;0,185375
356161;Dan Otero;0;0;0;0;0;NULL
356165;Amos Otis;13;3,83333333333333;0,5;1,83333333333333;1,33333333333333;0,626
356169;Jim O'Toole;3;0;0;0;0;0
356171;Akinori Otsuka;0;0;0;0;0;NULL
356172;Adam Ottavino;0;0;0;0;0;NULL
356174;Ed Ott;12,5;3,5;0;1,5;0;0,606
356178;Mel Ott;20,3333333333333;6;1,33333333333333;3,33333333333333;2,66666666666667;0,905333333333333
356185;Jimmy Outlaw;28;5;0;3;2;0,412
356186;James Outman;5;0;0;0;1;0,167
356188;Orval Overall;4;1;0;0,5;0,25;0,49175
356189;Lyle Overbay;4;0;0;0;0;0
356190;Stubby Overmire;1;0;0;0;0;0
356198;Bob Owchinko;0;0;0;0;0;NULL
356200;Frank Owen;2;0;0;0;0;0
356203;Marv Owen;24,5;1,5;0;1;1;0,162
356204;Mickey Owen;12;2;0;2;3;0,667
356207;Dewitt Owens;17;2;0;1;1;0,343
356213;Jayhawk Owens;1;0;0;0;0;0
356218;Spike Owen;13,6666666666667;5;0;1,66666666666667;2,66666666666667;0,871
356224;Sylvester Owens;1;1;0;0;0;2
356228;Micah Owings;2;0,5;0;0;0;0,3335
356233;Ray Oyler;0;0;0;0;0;NULL
356236;Marcell Ozuna;14,5;3,625;0,625;2,125;0,625;0,608
356237;Pablo Ozuna;0,5;0;0;0;0;0
356244;Cristian Pache;3,625;0,625;0,125;0,625;0,75;0,503333333333333
356249;Tom Paciorek;6,33333333333333;2;0;0,333333333333333;0,333333333333333;1,348
356253;Chris Paddack;0;0;0;0;0;NULL
356262;Vicente Padilla;2;0;0;0;0;0
356267;Andy Pafko;18;4;0;1,25;0,5;0,553
356268;Angel Pagan;15,8;3,2;0,4;1,2;0,8;0,599
356270;Emilio Pagan;0;0;0;0;0;NULL
356271;Jose Pagan;9,5;3;0,25;1;0,25;0,59875
356274;Joe Page;4;0;0;0;0;0
356280;Andy Pages;11,6666666666667;1,33333333333333;0,333333333333333;0,833333333333333;0;0,256166666666667
356284;Vance Page;0;0;0;0;0;NULL
356286;Mike Pagliarulo;13;4;1;2,5;0,5;0,906
356288;Tom Pagnozzi;8,75;1,75;0;0,75;0,5;0,37925
356291;Satchel Paige;3,5;0,5;0;0,25;0;0,444666666666667
356293;Lance Painter;2;0;0;0;0;0
356300;Daniel Palencia;0;0;0;0;0;NULL
356302;Erv Palica;0;0;0;0;0;NULL
356305;Andre Pallante;0;0;0;0;0;NULL
356309;Clarence Palm;15,3333333333333;5,33333333333333;0,333333333333333;1,33333333333333;1,66666666666667;0,795333333333333
356313;Dean Palmer;19;4;1;2;0;0,632
356317;Jim Palmer;2,69230769230769;0,230769230769231;0;0,230769230769231;0,153846153846154;0,221125
356320;Matt Palmer;0;0;0;0;0;NULL
356321;Orlando Palmeiro;4;0,857142857142857;0;0,428571428571429;0,714285714285714;0,556
356322;Rafael Palmeiro;16,4;4;0,8;1,6;1,2;0,7272
356330;Jose Paniagua;0;0;0;0;0;NULL
356332;Joe Panik;13,1428571428571;3,42857142857143;0,142857142857143;1,42857142857143;1;0,714
356333;Jim Pankovits;2;0;0;0;0;0
356340;Jonathan Papelbon;0;0;0;0;0;NULL
356346;Milt Pappas;1;0;0;0;0;0
356347;Craig Paquette;5;0,666666666666667;0;0;0;0,206333333333333
356352;Enoli Paredes;0;0;0;0;0;NULL
356353;Isaac Paredes;5,5;2,5;0;0;0,5;1,146
356354;Jimmy Paredes;0;0;0;0;1;NULL
356357;Freddy Parent;32;9;0;4;1;0,772
356358;Mark Parent;5,5;1;0;0;0;0,3665
356364;Chan Ho Park;0;0;0;0;0;NULL
356374;Dave Parker;13,875;3,25;0,375;1,375;0,875;0,58175
356377;Harry Parker;0;0;0;0;0;NULL
356380;Jarrod Parker;0;0;0;0;0;NULL
356389;Tom Parker;7,66666666666667;1;0;0,333333333333333;0,666666666666667;0,376666666666667
356390;Wes Parker;18;5;0,5;1;2;0,788
356396;Charlie Parks;1;0;0;0;0;0
356406;Roy Parnell;15;5;1;4,5;0;1,1985
356410;Jim Parque;0;0;0;0;0;NULL
356411;Gerardo Parra;5,14285714285714;1,14285714285714;0;0,142857142857143;0,428571428571429;0,804714285714286
356414;Manny Parra;0;0;0;0;0;NULL
356416;Jeff Parrett;0;0;0;0;0;NULL
356420;Larry Parrish;15;2,66666666666667;0;1;0,666666666666667;0,352666666666667
356421;Lance Parrish;15;4;1;2,5;1,5;0,857
356436;Roy Partee;10;1;0;1;1;0,282
356439;Roy Partlow;6,33333333333333;1,66666666666667;0;0;0;0,537
356441;Ben Paschal;7;1,5;0;1;1;0,5615
356444;Camilo Pascual;1;0;0;0;0;0
356448;Dode Paskert;20;3,5;0;1;1,5;0,4285
356450;Dan Pasqua;6;0;0;0;1;0,143
356452;Vinnie Pasquantino;11,5;1,5;0;1;1,5;0,4865
356453;Claude Passeau;7;0;0;1;0;0
356455;Frank Pastore;0;0;0;1;1;NULL
356458;Tyler Pastornicky;0;0;0;0;0;NULL
356461;Freddie Patek;13;3,75;0,25;2,75;0,75;0,6695
356462;Joe Paterson;0;0;0;0;0;NULL
356463;Luis Patino;0;0;0;0;0;NULL
356466;Chad Patrick;0;0;0;0;0;NULL
356469;Bob Patterson;0;0;0;0;0;NULL
356474;Daryl Patterson;0;0;0;0;0;NULL
356476;Danny Patterson;0;0;0;0;0;NULL
356492;Pat Patterson;23,5;6;0;0,5;2,5;0,6175
356500;Marty Pattin;0;0;0;0;0;NULL
356509;Troy Patton;0;0;0;0;0;NULL
356518;Josh Paul;0;0;0;0;0;NULL
356523;Xavier Paul;3;1;0;0;0;0,667
356525;Carl Pavano;0,8;0;0;0;0;0
356528;Roger Pavlik;0;0;0;0;0;NULL
356532;James Paxton;0;0;0;0;0;NULL
356534;Joel Payamps;0;0;0;0;0;NULL
356540;Fred Payne;4;1;0;1;0;0,5
356549;Jay Payton;16,6;4,2;0,6;2;0,6;0,672
356554;Brad Peacock;0,2;0;0;0;0;0
356567;Steve Pearce;13;3;0,8;2,4;2,2;0,835
356574;Lennie Pearson;17;5,5;0,5;2;0,5;0,475
356576;Monte Pearson;3;0,75;0;0;0,5;0,58325
356577;Nate Pearson;0;0;0;0;0;NULL
356581;Jake Peavy;0,875;0;0;0;0;0
356584;Hal Peck;0;0;0;0;0;NULL
356585;Roger Peckinpaugh;21,3333333333333;5,33333333333333;0,333333333333333;1,66666666666667;2;0,746
356586;Bill Pecota;3;1;0;0;1;0,833
356589;Joc Pederson;12,1875;3,125;0,75;1,8125;1,0625;0,76075
356594;Dustin Pedroia;18,7272727272727;4,36363636363636;0,454545454545455;2,27272727272727;2,09090909090909;0,628727272727273
356598;Homer Peel;2;1;0;0;0;1
356605;Elvis Peguero;0;0;0;0;0;NULL
356627;Alejandro Peña;0,111111111111111;0,111111111111111;0;0;0;2
356631;Brayan Peña;3;1;0;1;0;0,667
356632;Carlos Peña;16,75;4,5;1;3,5;3,25;0,91425
356639;Jeremy Peña;14,3333333333333;4,33333333333333;0,666666666666667;1,33333333333333;0,5;0,767666666666667
356648;Tony Peña;8,875;3;0,125;0,625;0,875;1,01016666666667
356650;Tony Peña;0;0;0;0;0;NULL
356653;Hunter Pence;16,9;4,3;0,2;1,7;1,2;0,5724
356657;Terry Pendleton;19,1666666666667;4,83333333333333;0,25;1,91666666666667;1;0,581416666666667
356660;Art Pennington;7;1;0;0;0;0,286
356662;Cliff Pennington;5;1,33333333333333;0;0,333333333333333;1,33333333333333;0,3485
356665;Herb Pennock;3,8;0,2;0;0,2;0;0,0858
356667;Brad Penny;0,8;0,4;0;0,4;0;1
356674;Joe Pepitone;19,5;3;0,5;2,5;1,5;0,445
356682;David Peralta;7,6;1,8;0,2;0,8;0,2;0,5686
356683;Freddy Peralta;0,285714285714286;0;0;0;0;0
356684;Jhonny Peralta;17,5833333333333;4,5;0,666666666666667;2,16666666666667;1,25;0,7385
356685;Joel Peralta;0;0;0;0;0;NULL
356688;Wandy Peralta;0;0;0;0;0;NULL
356693;Oswald Peraza;3;0;0;0;0;0
356694;Troy Percival;0;0;0;0;0;NULL
356697;Geraldo Perdomo;12,75;3,5;0,5;1;1,75;0,74525
356711;Cionel Perez;0;0;0;0;0;NULL
356713;Eduardo Perez;2,5;0,5;0,5;0,5;0,5;0,7
356714;Eddie Perez;6,09090909090909;1,81818181818182;0,272727272727273;1,09090909090909;0,272727272727273;0,539818181818182
356717;Fernando Perez;3;0,333333333333333;0;0;0;0,25
356720;Hernan Perez;3,2;0,6;0;0,4;0,2;0,449
356727;Juan Perez;6,25;1,25;0;0,75;0,5;0,402
356732;Martin Perez;0;0;0;0;0;NULL
356736;Michael Perez;2,33333333333333;0,666666666666667;0,333333333333333;1;0;0,7
356737;Neifi Perez;2,33333333333333;0,333333333333333;0;0;0,333333333333333;0,5835
356738;Odalis Perez;0,666666666666667;0;0;0;0;0
356739;Oliver Perez;1;0;0;0;0,2;0,167
356740;Pascual Perez;3;0;0;0;0;0
356741;Rafael Perez;0;0;0;0;0;NULL
356743;Roberto Perez;11,8;2,6;0,8;2;1,8;0,77
356745;Salvador Perez;15,5555555555556;3,55555555555556;0,666666666666667;1,66666666666667;0,555555555555556;0,588
356746;Timo Perez;11,6;2,8;0;0,6;0,4;0,3346
356747;Tony Perez;15,6363636363636;3,72727272727273;0,545454545454545;2,27272727272727;1,27272727272727;0,788727272727273
356750;Wenceel Pérez;9,75;1,75;0;0,75;0;0,48025
356756;Bill Perkins;9;1,5;0;0,5;0,5;0,377
356757;Blake Perkins;7;2;0;0,666666666666667;1,33333333333333;0,723
356765;Glen Perkins;0;0;0;0;0;NULL
356773;Ron Perranoski;0,2;0;0;0;0;0
356779;Pol Perritt;2;2;0;0;0;2
356781;Alonzo Perry;9;0,5;0;0,5;0;0,059
356787;Gaylord Perry;4;1;0;0;0;0,5
356790;Herbert Perry;5,75;1;0;0,25;0,75;0,303
356792;Jim Perry;1,33333333333333;0;0;0,333333333333333;0;0
356796;Ryan Perry;0;0;0;0;0;NULL
356802;Johnny Pesky;30;7;0;0;1;0,491
356803;Vinnie Pestano;0;0;0;0;0;NULL
356815;David Peterson;0;0;0;0;0;NULL
356824;Jace Peterson;0,5;0;0;0;0,75;0
356842;Yusmeiro Petit;0,5;0,166666666666667;0;0;0;0,666666666666667
356843;Mark Petkovsek;0;0;0;0;0;NULL
356849;Rico Petrocelli;19,3333333333333;4,66666666666667;1;3;2;0,720666666666667
356850;Dan Petry;0;0;0;0;0;NULL
356852;Andy Pettitte;0,59375;0,09375;0;0,03125;0;0,404857142857143
356855;Gary Pettis;26;9;1;4;3;0,914
356869;Shirley Petway;1;1;0;0;0;2
356873;Brandon Pfaadt;0;0;0;0;0;NULL
356876;Fred Pfeffer;24;8,5;1;2;1;0,888
356877;Jeff Pfeffer;2,5;0,5;0;0;0;0,25
356879;Jack Pfiester;2;0;0;0;0;0
356885;Tommy Pham;11,8181818181818;3,72727272727273;0,545454545454545;1,09090909090909;0,363636363636364;0,830636363636364
356887;Josh Phegley;2;0;0;0;0;0
356895;David Phelps;0;0;0;0;0;NULL
356896;Ed Phelps;26;6;0;1;1;0,567
356898;Ken Phelps;1;0,5;0;0;0;1,5
356905;Andy Phillips;1;0;0;0;0;0
356908;Brandon Phillips;13,3333333333333;4,33333333333333;0,666666666666667;2,66666666666667;0;0,666666666666667
356909;Brett Phillips;1;0,333333333333333;0;0,333333333333333;0;1
356911;Bubba Phillips;10;3;0;0;0;0,7
356912;Connor Phillips;0;0;0;0;0;NULL
356913;Dave Philley;8;1;0;0;1;0,347
356915;Deacon Phillippe;9,5;2;0;0,5;0;0,222
356921;Evan Phillips;0;0;0;0;0;NULL
356926;Jack Phillips;2;0;0;0;0;0
356934;Mike Phillips;1;0;0;0;0;0
356942;Tony Phillips;11,5;2,5;0,25;1;1;0,658
356946;Tom Phoebus;0;0;0;0;0;NULL
356949;Adam Piatt;4,5;1;0;0;0;0,6665
356952;Mike Piazza;15;3,625;0,75;1,875;1,375;0,710625
356955;Rob Picciolo;4;1;0;0;0;0,5335
356959;Charlie Pick;18;7;0;0;1;0,865
356975;Felix Pie;0,5;0;0;0;0,5;0
356978;Bill Piercy;0;0;0;0;0;NULL
356979;Billy Pierce;2,5;0;0;0;0;0
356992;Juan Pierre;11,2857142857143;3,42857142857143;0;1;1,14285714285714;0,661666666666667
357000;A. J. Pierzynski;13,25;3,875;0,625;2,25;1,375;0,881875
357005;Joe Pignatano;0;0;0;0;0;NULL
357012;Kevin Pillar;13,1666666666667;2,5;0,333333333333333;1,33333333333333;1,16666666666667;0,553666666666667
357021;Horacio Pina;0;0;0;0;0;NULL
357022;Manny Pina;3,66666666666667;1;0;0;1,66666666666667;0,777666666666667
357025;Chad Pinder;11;3,5;1;3,5;1,5;0,9895
357029;Joel Pineiro;0,5;0;0;0;0;0
357031;Lou Piniella;14,1;4,3;0,3;1,9;0,2;0,8567
357033;George Pinkney;22,5;6,5;0;3;3;0,8725
357037;Vada Pinson;22;2;0;0;0;0,227
357042;Rene Pinto;5;0;0;0;0;0
357046;George Pipgras;3,33333333333333;0,333333333333333;0;0,333333333333333;0,333333333333333;0,277666666666667
357049;Wally Pipp;22,3333333333333;5;0;2;2;0,550333333333333
357055;Stephen Piscotty;6,5;1,75;0,75;1,5;0,75;0,5485
357063;Joe Pittman;2;0;0;0;0;0
357069;Nick Pivetta;0;0;0;0;0;NULL
357070;Juan Pizarro;0,333333333333333;0;0;0;0;0
357073;Eddie Plank;4,5;0,5;0;0;0;0,15475
357082;Kevin Plawecki;2,33333333333333;0,333333333333333;0;0;0,333333333333333;0,583333333333333
357083;Bill Pleis;0;0;0;0;0;NULL
357084;Dan Plesac;0;0;0;0;0;NULL
357085;Zach Plesac;0;0;0;0;0;NULL
357094;Eric Plunk;0;0;0;0;0;NULL
357098;Colin Poche;0;0;0;0;0;NULL
357099;Biff Pocoroba;1;0;0;0;0;0
357102;Johnny Podres;4;1,25;0;0,25;0;1,009
357103;Scott Podsednik;16,3333333333333;4,66666666666667;0,666666666666667;2;2,33333333333333;0,921666666666667
357111;Robert Poindexter;5;2;0;0;0;0,8
357114;Gregory Polanco;4;0;0;0;0;0
357116;Jorge Polanco;12,1428571428571;2,71428571428571;0,714285714285714;1,85714285714286;1,42857142857143;0,709571428571429
357117;Placido Polanco;14,3333333333333;3,55555555555556;0;1,44444444444444;1,22222222222222;0,571222222222222
357121;Dick Pole;0;0;0;0;0;NULL
357126;Cliff Politte;0;0;0;0;0;NULL
357130;Howie Pollet;2;0;0;0;0;0
357132;AJ Pollock;10,3;2,3;0,3;1,4;0,6;0,6427
357135;Luis Polonia;4,27272727272727;1;0,0909090909090909;0,636363636363636;0,272727272727273;0,623727272727273
357136;Drew Pomeranz;0,142857142857143;0;0;0;0;0
357140;Dalton Pompey;0,5;0,5;0;0;0;2
357143;Daniel Ponce de Leon;0;0;0;0;0;NULL
357148;Sidney Ponson;1;0;0;0;0;0
357153;Jim Poole;0,2;0;0;0;0;0
357158;Dave Pope;3;0;0;0;1;0,25
357161;Willie Pope;7;2;1;4;0;1,286
357162;Paul Popovich;5;3;0;0;0;1,2
357167;Zach Pop;0;0;0;0;0;NULL
357168;Tom Poquette;7,66666666666667;1,33333333333333;0;1,33333333333333;0,666666666666667;0,307666666666667
357169;Rick Porcello;0;0;0;0;0;NULL
357176;Bo Porter;1;1;0;1;0;2
357180;Darrell Porter;15;4;0,125;1,125;2,75;0,736625
357193;Mark Portugal;0;0;0;0;0;NULL
357195;Jorge Posada;14,3448275862069;3,55172413793103;0,379310344827586;1,44827586206897;2,41379310344828;0,713714285714286
357199;Scott Pose;0;0;0;0;0;NULL
357200;Buster Posey;17,3846153846154;4,38461538461539;0,384615384615385;1,92307692307692;1,76923076923077;0,670076923076923
357205;Wally Post;18;6;1;2;0;0,889
357211;Nels Potter;3;0,5;0;0;0;0,5
357229;Bill Powell;3,5;1;0;0,5;0;0,625
357230;Boog Powell;14;3,66666666666667;0,666666666666667;2;1,33333333333333;0,741222222222222
357233;Dante Powell;0;0;0;0;0;NULL
357240;Jake Powell;7,66666666666667;3,33333333333333;0,333333333333333;1,66666666666667;1,33333333333333;0,5875
357241;Jay Powell;0;0;0;0;0;NULL
357247;Malvin Powell;12;0;0;0;2;0,143
357253;Willie Powell;4,66666666666667;1,33333333333333;0;0,333333333333333;0,333333333333333;0,6412
357254;Doc Powers;7;1;0;0;0;0,429
357262;Ted Power;1;0;0;0;0;0
357269;Martin Prado;5;1;0;0;0;0,4
357281;Todd Pratt;2,8;0,4;0,2;0,8;0,8;0,46
357292;Ryan Pressly;0;0;0;0;0;NULL
357299;David Price;0,230769230769231;0;0;0;0;0
357301;Jim Price;2;0;0;0;0;0
357304;Joe Price;1;0;0;0;0;0
357307;Jerry Priddy;10;1;0;1;1;0,382
357308;Curtis Pride;2;0;0;0;0;0
357312;Quinn Priester;0;0;0;0;0;NULL
357317;Ray Prim;0;0;0;0;0;NULL
357323;Tom Prince;1,5;0;0;0;0;0
357326;Mark Prior;3,5;0;0;0;0;0
357336;Scott Proctor;0;0;0;0;0;NULL
357338;Jurickson Profar;9,88888888888889;2,55555555555556;0,111111111111111;0,666666666666667;1,22222222222222;0,792444444444444
357356;Greg Pryor;0;0;0;0;0;NULL
357359;George Puccinelli;1;0;0;0;0;0
357360;Kirby Puckett;24,25;7,5;1,25;4;2;0,9065
357368;Terry Puhl;14,3333333333333;5,33333333333333;0;1;1;0,994666666666667
357370;Yasiel Puig;15,1666666666667;4,25;0,416666666666667;1,91666666666667;1,41666666666667;0,723833333333333
357371;Albert Pujols;15,2;4,85;0,95;2,7;2,5;0,90935
357372;Luis Pujols;8;0,5;0;0;1,5;0,304
357373;A. J. Puk;0;0;0;0;0;NULL
357381;Nick Punto;8;1,75;0;0,5;1,25;0,520285714285714
357387;Bob Purkey;3;0;0;0;0;0
357398;J. J. Putz;0;0;0;0;0;NULL
357409;Chad Qualls;0;0;0;0;0;NULL
357412;Cal Quantrill;0;0;0;0;0;NULL
357413;Paul Quantrill;0;0;0;0;0;NULL
357430;Frank Quilici;11;2;0;0,5;2;0,3165
357435;Robb Quinlan;2;0,666666666666667;0,333333333333333;0,333333333333333;0;0,889
357439;Jack Quinn;1,33333333333333;0;0;0;0;0
357442;Joe Quinn;21;6;0;4;1;0,747
357451;Luis Quinones;2;1;0;2;0;1
357455;Carlos Quintana;13;0;0;1;1;0,071
357457;Jose Quintana;0,5;0,125;0;0;0;0,5
357463;Jamie Quirk;2,6;0,4;0;0,4;0;0,5142
357466;Dan Quisenberry;0;0;0;0;0;NULL
357473;Ryan Raburn;10,3333333333333;3;0,666666666666667;1,66666666666667;1,66666666666667;0,967666666666667
357475;Marv Rackley;5;0;0;0;0;0
357478;Old Hoss Radbourn;10;1;0;2;1;0,282
357480;Alex Radcliff;13;3,5;0;1,25;1;0,604
357483;Ted Radcliffe;13,8;3,6;0;0,2;0,4;0,3998
357489;Paul Radford;7;0;0;1;0;0
357490;Scott Radinsky;0;0;0;0;0;NULL
357491;Brad Radke;0;0;0;0;0;NULL
357496;Ceddanne Rafaela;10;0;0;0;2;0,167
357501;Cole Ragans;0;0;0;0;0;NULL
357512;Tanner Rainey;0;0;0;0;0;NULL
357513;Tim Raines;15,75;4,25;0,125;0,75;1,75;0,667125
357521;Cal Raleigh;17;4,75;1,5;3;2,5;0,97925
357523;Brooks Raley;0;0;0;0;0;NULL
357524;Luke Raley;2,5;0;0;0;0;0
357532;Alexei Ramirez;12;3;0;2;1;0,558
357533;Aramis Ramirez;13,6;2,6;0,8;2;1,8;0,4918
357541;Hanley Ramirez;14,2;5,4;0,2;2,8;1,4;0,9954
357542;Harold Ramirez;8,5;1;0;0;0;0,236
357546;Jose Ramirez;15,1818181818182;3,54545454545455;0,363636363636364;1,72727272727273;1,81818181818182;0,710454545454546
357549;Mario Ramirez;2;0;0;0;0;0
357550;Manny Ramirez;17,8260869565217;5,08695652173913;1,26086956521739;3,39130434782609;3,1304347826087;0,980826086956522
357557;Rafael Ramirez;11;2;0;1;1;0,432
357558;Ramon Ramirez;0;0;0;0;0;NULL
357573;Domingo Ramos;1;0;0;0;0;0
357583;Wilson Ramos;17;2;0;0;1;0,284
357584;Robert Ramsay;0;0;0;0;0;NULL
357591;Mike Ramsey;1;0;0;0;0;0
357596;Joe Randa;11;4;0;0;1;0,871
357604;Willie Randolph;14,7272727272727;3,27272727272727;0,363636363636364;1,27272727272727;1,81818181818182;0,611636363636364
357611;Clay Rapada;0;0;0;0;0;NULL
357614;Pat Rapp;0;0;0;0;0;NULL
357617;Bill Rariden;16;4,5;0;2;1;0,636
357618;Vic Raschi;3;0,5;0;0,333333333333333;0,666666666666667;0,4304
357620;Colby Rasmus;8,66666666666667;3,66666666666667;1,33333333333333;2,33333333333333;3;1,633
357621;Cory Rasmus;0;0;0;0;0;NULL
357623;Drew Rasmussen;0;0;0;0;0;NULL
357631;Morrie Rath;31;7;0;2;4;0,572
357634;Paul Ratliff;4;1;0;0;0;0,5
357638;Jon Rauch;0;0;0;0;0;NULL
357640;Doug Rau;0,2;0;0;0;0;0
357641;Lance Rautzhan;0;0;0;0;0;NULL
357646;Johnny Rawlings;30;10;0;4;0;0,767
357663;Harry Raymond;27;4;0;1;2;0,466
357668;Robbie Ray;0,4;0;0;0;0;0
357672;Colin Rea;0;0;0;0;0;NULL
357674;Randy Ready;1;0;0;0;0;0
357676;J. T. Realmuto;15,7777777777778;3,66666666666667;0,777777777777778;2,44444444444444;1,11111111111111;0,734666666666667
357677;Britt Reames;1;0;0;0;0;0
357680;Jeff Reardon;0,142857142857143;0;0;0;0;0
357687;Jeff Reboulet;3,5;0,5;0,5;0,5;0;0,5
357695;Josh Reddick;14,1875;2,9375;0,25;0,75;1,0625;0,5719375
357704;Mark Redman;1,33333333333333;0;0;0;0,333333333333333;0,1665
357711;Mike Redmond;0,5;0;0;0;0,5;0
357714;Gary Redus;14,3333333333333;4;0;1;1,33333333333333;0,751333333333333
357715;Wilson Redus;16;2,8;0;0,8;1,2;0,4286
357718;Addison Reed;0;0;0;0;0;NULL
357732;Howie Reed;0;0;0;0;0;NULL
357734;Jack Reed;0;0;0;0;0;NULL
357737;Jeff Reed;7;0;0;0;0;0
357739;Jody Reed;12,3333333333333;2,66666666666667;0;1;0,666666666666667;0,550333333333333
357744;Rick Reed;0,75;0,125;0;0;0;0,4
357745;Ron Reed;0,111111111111111;0;0;0;0;0
357746;Steve Reed;0;0;0;0;0;NULL
357751;John Reese;1;0;0;0;0;0
357753;Pee Wee Reese;24,1428571428571;6,57142857142857;0,285714285714286;2,28571428571429;2,57142857142857;0,684571428571428
357754;Pokey Reese;0,666666666666667;0;0;0;0;0
357756;Rich Reese;9,5;1,5;0;1;1;0,395
357761;Rob Refsnyder;4;0;0;0;0,5;0,0835
357763;Rudy Regalado;3;1;0;1;0;0,667
357767;Phil Regan;0;0;0;0;0;NULL
357777;Ambrose Reid;28,5;9,5;0;3,5;2;0,7835
357796;Nolan Reimold;1;0;0;0;0;0
357800;Art Reinhart;0;0;0;0;0;NULL
357804;Charlie Reipschlager;5;0;0;0;0;0
357806;Pete Reiser;14;3;0,5;1,5;2;0,7215
357815;Chris Reitsma;0;0;0;0;0;NULL
357823;Mike Remlinger;0;0;0;0;0;NULL
357829;Anthony Rendon;16,7142857142857;4,71428571428571;0,714285714285714;3;2,57142857142857;0,791571428571428
357831;Chico Renfroe;28;12;0;2;1;0,948
357832;Hunter Renfroe;7,11111111111111;1,22222222222222;0,222222222222222;0,888888888888889;1;0,495222222222222
357836;Rick Renick;3;0,5;0;0;0;0,2
357837;Hal Reniff;0;0;0;0;0;NULL
357842;Edgar Renteria;16,1333333333333;4,06666666666667;0,2;1,53333333333333;1,6;0,749133333333333
357845;Jason Repko;0;0;0;0;0;NULL
357848;Rip Repulski;0;0;0;0;1;NULL
357854;Merv Rettenmund;6;1,1;0,2;0,8;0,9;0,6145
357858;Ed Reulbach;2,75;0,25;0;0,5;0;0,133333333333333
357860;Rick Reuschel;1,2;0;0;0;0;0
357861;Jerry Reuss;2,71428571428571;0;0;0;0,142857142857143;0,0416666666666667
357863;Ben Revere;23,5;6;0;0,5;2;0,592
357864;Dave Revering;1;0,5;0;0;0;1
357867;Alberto Reyes;0;0;0;0;0;NULL
357868;Alex Reyes;0;0;0;0;0;NULL
357869;Anthony Reyes;0,5;0;0;0;0;0
357872;Dennys Reyes;0;0;0;0;0;NULL
357874;Franmil Reyes;7;0;0;0;2;0,222
357878;Jose Reyes;16;3,66666666666667;0,333333333333333;1,66666666666667;1;0,408
357885;Allie Reynolds;4,33333333333333;1,33333333333333;0;0,333333333333333;0,333333333333333;0,8195
357887;Armando Reynoso;0;0;0;0;0;NULL
357890;Bob Reynolds;0;0;0;0;0;NULL
357892;Carl Reynolds;12;0;0;0;1;0,077
357895;Craig Reynolds;7,25;1,75;0;0;1;0,482
357905;Mark Reynolds;9,16666666666667;1,16666666666667;0,333333333333333;0,666666666666667;0,5;0,2715
357908;R. J. Reynolds;10;2;0;0;2;0,533
357912;Shane Reynolds;2;0,25;0;0;0;0,125
357918;Flint Rhem;0,5;0;0;0;0;0
357922;Arthur Rhodes;0;0;0;0;0;NULL
357926;Dusty Rhodes;6;4;2;7;1;2,381
357931;Rick Rhoden;1,33333333333333;0,333333333333333;0;0;0;0,5
357935;Hal Rhyne;4;0;0;0;0;0
357940;Ben Rice;9;2;0,5;2;1;0,79
357942;Del Rice;6;2;0;0;1,5;0,872
357945;Jim Rice;23,6666666666667;5,33333333333333;0,666666666666667;2,33333333333333;3;0,631666666666667
357948;Sam Rice;21;6,33333333333333;0;1,33333333333333;1;1,07166666666667
357953;Bobby Richardson;18,7142857142857;5,71428571428571;0,142857142857143;2,14285714285714;0,714285714285714;0,614666666666667
357955;Clayton Richard;0;0;0;0;0;NULL
357956;Danny Richardson;35,5;8,5;1,5;7;3;0,7395
357962;Garrett Richards;0;0;0;0;0;NULL
357964;Gene Richardson;3;1;0;0;0;0,667
357967;Gordie Richardson;0;0;0;0;0;NULL
357968;Hardy Richardson;66;13;1;4;1;0,588
357981;Paul Richards;19;4;0;6;4;0,664
357986;Trevor Richards;0;0;0;0;0;NULL
357990;Pete Richert;0;0;0;0;0;NULL
357991;Lew Richie;0;0;0;0;0;NULL
358005;Dave Ricketts;2;0,5;0;0;0;1
358008;Marv Rickert;19;4;1;2;0;0,579
358019;Elmer Riddle;0;0;0;0;0;NULL
358023;Marshall Riddle;18;7;0;1;1;0,81
358030;Jack Ridley;4;1;0;1;0;0,5
358046;Adam Riggs;1;0;0;0;0;0
358047;Lew Riggs;5,5;1;0;0,5;0,5;0,2915
358048;Dave Righetti;0,333333333333333;0;0;0;0;0
358051;Bill Rigney;4;1;0;1;0;0,5
358054;Jose Rijo;4;0,5;0;0;0;0,3335
358056;Ed Rile;23;8;0;2;2;0,791
358057;Ernie Riles;4,5;0;0;0;0;0
358058;Austin Riley;17,75;4,125;0,625;2;0,875;0,62975
358067;Juan Rincon;0;0;0;0;0;NULL
358068;Ricardo Rincon;0;0;0;0;0;NULL
358070;Jimmy Ring;5;0;0;0;0;0
358074;Alex Rios;16;4,33333333333333;0,333333333333333;2;1;0,667333333333333
358075;Armando Rios;2;1;0;0;0;1
358077;Edwin Rios;4,66666666666667;0,666666666666667;0,666666666666667;1;1;0,501
358082;Cal Ripken;18,3333333333333;6,16666666666667;0,166666666666667;1,33333333333333;2;0,861833333333333
358088;Jimmy Ripple;16,6666666666667;5,33333333333333;0,666666666666667;3;3,33333333333333;0,918333333333333
358089;Swede Risberg;13,5;1,5;0;0,5;2,5;0,6965
358091;David Riske;0;0;0;0;0;NULL
358092;Bill Risley;0;0;0;0;0;NULL
358094;Claude Ritchey;27;4;0;2;4;0,443
358108;Kevin Ritz;2;0;0;0;0;0
358111;Leo Rivas;8,5;1;0;0,5;2;0,57
358112;Luis Rivas;9,5;1,5;0;0,25;0,5;0,29975
358114;Ben Rivera;0;0;0;0;0;NULL
358120;Emmanuel Rivera;3,6;0,8;0;0,6;0,2;0,477666666666667
358123;Jim Rivera;11;0;0;0;3;0,214
358124;Juan Rivera;10,5;2,5;0,1;0,8;0,8;0,5603
358125;Luis Rivera;9;2;0;0;0;0,556
358127;Mariano Rivera;0,09375;0;0;0;0;0
358128;Mickey Rivers;20;6,16666666666667;0;0,666666666666667;0,666666666666667;0,706
358130;Rene Rivera;3;1;0;0;0;0,667
358132;Ruben Rivera;6,25;1,75;0;0,25;0;0,65375
358135;T. J. Rivera;4;1;0;0;0;0,75
358138;Eppa Rixey;2;1;0;0;0;1
358139;Anthony Rizzo;13,9333333333333;3,13333333333333;0,6;1,8;1,53333333333333;0,636266666666667
358142;Phil Rizzuto;20,3333333333333;5;0,222222222222222;0,888888888888889;3,33333333333333;0,634888888888889
358154;Tanner Roark;1,5;0;0;0;0;0
358162;Andre Robertson;0,5;0;0;0;0;0
358164;Bip Roberts;20,3333333333333;5;0;1,66666666666667;1,66666666666667;0,620666666666667
358165;Bob Robertson;8,83333333333333;2,5;1;2;1;0,856
358170;Curtis Roberts;9;3;0;1;1;0,733
358171;Dave Robertson;22;11;0;1;0;1,136
358175;Dave Roberts;0;0;0;0;0;NULL
358176;Dave Roberts;1;0;0;0;0;0
358177;Dave Roberts;5,6;1,8;0,2;0,2;0,2;0,603666666666667
358178;David Robertson;0;0;0;0;0;NULL
358186;Gene Robertson;8;1;0;2;1;0,347
358197;Luis Robert;14;5,5;0,5;1,5;1;0,921
358199;Nate Robertson;0;0;0;0;0;NULL
358206;Robin Roberts;2;0;0;0;0;0
358207;Roy Roberts;0,5;0;0;0;0;0
358208;Ryan Roberts;20;7;2;6;0;1,05
358213;Specs Roberts;3;0;0;0;0;0
358222;Aaron Robinson;10;2;0;1;2;0,533
358225;Bill Robinson;8;1,66666666666667;0;0,666666666666667;0;0,193
358226;Bobby Robinson;12,6666666666667;1,66666666666667;0;0;1;0,341
358228;Brooks Robinson;16,1111111111111;4,88888888888889;0,555555555555556;2,44444444444444;0,666666666666667;0,819333333333333
358234;Clint Robinson;3;2;0;0;0;1,667
358239;Don Robinson;0;0;0;0;0;NULL
358242;Eddie Robinson;11,5;4;0;1;1,5;1,05
358246;Frank Robinson;15,75;3,75;1,25;2,375;2,5;0,875
358247;Frazier Robinson;12;2;0;1;1;0,397
358254;Jackie Robinson;22,8333333333333;5,33333333333333;0,333333333333333;2;3,5;0,670833333333333
358259;Jeff Robinson;0;0;0;0;0;NULL
358262;Kerry Robinson;2;0,666666666666667;0;0,666666666666667;0,333333333333333;0,777666666666667
358265;Newt Robinson;1;1;0;1;0;2
358270;Shane Robinson;4;0,833333333333333;0,166666666666667;0,666666666666667;0,166666666666667;0,401833333333333
358275;William Robinson;31;8,5;0;3,5;4,75;0,74175
358278;Hansel Robles;0;0;0;0;0;NULL
358283;Victor Robles;9,85714285714286;1,71428571428571;0,142857142857143;0,428571428571429;1,28571428571429;0,542857142857143
358287;Brayan Rocchio;14;4,33333333333333;0,666666666666667;1;1,66666666666667;0,864333333333333
358295;John Rocker;0;0;0;0;0,285714285714286;NULL
358309;Fernando Rodney;0;0;0;0;0;NULL
358310;Carlos Rodon;0;0;0;0;0;NULL
358311;Alex Rodriguez;14,6315789473684;3,78947368421053;0,684210526315789;2,15789473684211;2,05263157894737;0,654315789473684
358314;Aurelio Rodriguez;6,8;1,4;0;0;0,6;0,607333333333333
358328;Eduardo Rodriguez;0,166666666666667;0;0;0;0;0
358332;Felix Rodriguez;0,2;0;0;0;0;0
358336;Francisco Rodriguez;0;0;0;0;0;NULL
358338;Grayson Rodriguez;0;0;0;0;0;NULL
358342;Henry Rodriguez;7;1;0;0;1;0,536
358345;Ivan Rodriguez;17;4,33333333333333;0,444444444444444;2,77777777777778;1,55555555555556;0,655555555555556
358349;John Rodriguez;1,8;0;0;0,2;0,4;0,1
358354;Johnathan Rodríguez;3;0;0;0;0;0
358356;Julio Rodriguez;17,75;3,75;1;2,75;2,5;0,721
358366;Rich Rodriguez;0;0;0;0;0;NULL
358371;Rosario Rodriguez;0;0;0;0;0;NULL
358374;Sean Rodriguez;7;1,25;0,25;0,5;0,5;0,589666666666667
358376;Paco Rodriguez;0;0;0;0;0;NULL
358380;Wandy Rodriguez;0;0;0;0;0;NULL
358383;Yariel Rodríguez;0;0;0;0;0;NULL
358386;Ed Roebuck;0;0;0;0;0;NULL
358387;Chaz Roe;0;0;0;0;0;NULL
358389;Gary Roenicke;8;1,5;0,25;1,25;1,25;0,838
358391;Ron Roenicke;0;0;0;0;0;NULL
358392;Preacher Roe;2,66666666666667;0;0;0;0;0
358395;Wally Roettger;14;4;0;0;0;0,643
358398;Bullet Rogan;19,5;7,5;0;2,5;1,5;0,7515
358399;Billy Rogell;26,5;7,5;0;2,5;1,5;0,6655
358408;Jake Rogers;7,66666666666667;2,33333333333333;0;0,666666666666667;1;1,12966666666667
358412;Kenny Rogers;0,444444444444444;0,111111111111111;0;0;0;0,666666666666667
358416;Nat Rogers;13,3333333333333;4,66666666666667;0,666666666666667;2,66666666666667;1,33333333333333;1,01166666666667
358418;Steve Rogers;3,5;1;0;1;0;0,4
358419;Taylor Rogers;0;0;0;0;0;NULL
358420;Tom Rogers;0;0;0;0;0;NULL
358421;Trevor Rogers;0;0;0;0;0;NULL
358422;Tyler Rogers;0;0;0;0;0;NULL
358428;George Rohe;21;7;0;4;3;0,988
358436;Cookie Rojas;6,5;2;0;0,5;0;0,5835
358439;Johan Rojas;12;1,25;0;0;0,5;0,3345
358443;Miguel Rojas;6;1,33333333333333;0,222222222222222;0,333333333333333;0,111111111111111;0,464777777777778
358448;Scott Rolen;15,6666666666667;3,44444444444444;0,555555555555556;1,33333333333333;1,66666666666667;0,617444444444445
358449;Red Rolfe;19,3333333333333;5,5;0;1;1,5;0,6435
358456;Jimmy Rollins;17,7272727272727;4,36363636363636;0,272727272727273;1,36363636363636;1,45454545454545;0,652909090909091
358459;Rich Rollins;2;0;0;0;1;0,333
358466;John Romano;1;0;0;0;0;0
358468;Jordan Romano;0;0;0;0;0;NULL
358474;Bob Romby;3;1;0;0;1;0,833
358478;Ed Romero;1,25;0,25;0;0;0;0,333333333333333
358481;J. C. Romero;0,1;0;0;0;0;0
358491;Andrew Romine;11;2;0;0;0;0,364
358492;Austin Romine;1;0;0;0;0;0
358493;Kevin Romine;0;0;0;0;0;NULL
358494;Eddie Rommel;0;0;0;0;0;NULL
358496;Enrique Romo;0,5;0;0;0;0;0
358498;Sergio Romo;0,0833333333333333;0;0;0;0;0
358505;Hector Rondon;0;0;0;0;0;NULL
358512;Jim Rooker;1,66666666666667;0,333333333333333;0;0;0;0,333333333333333
358519;Charlie Root;1,75;0;0;0;0;0
358524;Ben Rortvedt;3,5;1,5;0;0,5;0;0,5835
358529;Adam Rosales;2;0;0;0;1;0,333
358532;Amed Rosario;9,75;2,5;0,25;0,75;0,25;0,67825
358533;Buddy Rosar;0,5;0,5;0;0;0;2
358534;Eddie Rosario;12,25;3,625;0,625;1,75;1,125;0,75225
358537;Jimmy Rosario;0;0;0;0;0;NULL
358539;Randy Rosario;0;0;0;0;0;NULL
358547;John Roseboro;15;2,4;0,2;1,4;1;0,3978
358557;James Roseman;9;3;0;1;0;0,667
358559;Al Rosen;6,5;1,5;0;0;0,5;0,279
358569;Trevor Rosenthal;0;0;0;0;0;NULL
358571;Pete Rose;19,1428571428571;6,14285714285714;0,357142857142857;1,57142857142857;2;0,821428571428572
358582;Cody Ross;17;5;1,66666666666667;3,33333333333333;2,33333333333333;1,03866666666667
358584;David Ross;4,33333333333333;1,08333333333333;0,25;0,666666666666667;0,5;0,8454
358585;Dick Ross;1;0;0;0;0;0
358593;Joe Ross;0,666666666666667;0;0;0;0;0
358596;Claude Rossman;19,5;6,5;0;2,5;1;0,7435
358599;Robbie Ross;0;0;0;0;0;NULL
358601;William Ross;2;0;0;0;0;0
358612;Jack Rothrock;30;7;0;6;1;0,658
358618;Edd Roush;28;6;0;7;3;0,647
358622;Aaron Rowand;9,71428571428571;2,28571428571429;0,142857142857143;0,857142857142857;0,571428571428571;0,762428571428571
358630;Jack Rowe;63;21;0;7;2;0,735
358635;Schoolboy Rowe;5,33333333333333;0,666666666666667;0;0;0;0,208333333333333
358657;Jerry Royster;11;2;0;0;0;0,364
358663;Ryan Rua;3;2;0;0;0;1,333
358672;Nap Rucker;0;0;0;0;0;NULL
358674;Joe Rudi;17,5;4,5;0,375;1,875;1,625;0,678375
358675;Dick Rudolph;6;2;0;0;1;0,762
358681;Muddy Ruel;20;4;0;0,5;4,5;0,6085
358682;Kirk Rueter;2;0,5;0;0;0,166666666666667;0,6
358683;Dutch Ruether;3,66666666666667;1,33333333333333;0;1,33333333333333;0,333333333333333;0,738
358684;Darin Ruf;6;0,5;0,5;1;0,5;0,4775
358687;Bruce Ruffin;0;0;0;0;0;NULL
358690;Leon Ruffin;12,5;3,5;0;2;1;0,653
358691;Red Ruffing;4,85714285714286;0,857142857142857;0;0,571428571428571;0,428571428571429;0,454285714285714
358692;Justin Ruggiano;4;0;0;0;0;0
358693;Vern Ruhle;1,33333333333333;0;0;0;0;0
358695;Carlos Ruiz;12,75;3,25;0,416666666666667;1,58333333333333;2,08333333333333;0,82925
358699;Jose Ruiz;0;0;0;0;0;NULL
358718;Glendon Rusch;0;0;0;0;0;NULL
358720;Bob Rush;2;0;0;0;0;0
358722;Dalton Rushing;1;0;0;0;0;0
358724;Chris Rusin;0;0;0;0;0;NULL
358728;Addison Russell;15,7142857142857;3,14285714285714;0,571428571428571;2,71428571428571;0,571428571428571;0,566285714285714
358729;Allen Russell;0;0;0;0;0;NULL
358730;Bill Russell;19,4;5,7;0;1,9;1,1;0,6884
358732;Branch Russell;23,6666666666667;6,33333333333333;0;3,66666666666667;5;0,733
358734;Frank Russell;10;1;0;0;1;0,282
358736;Jack Russell;1;0;0;0;0,5;0,333
358738;Jeff Russell;0;0;0;0;0;NULL
358742;John Henry Russell;24,5;7,5;0,5;4;1;0,784
358746;Reb Russell;0;0;0;0;0;NULL
358747;Rip Russell;2;2;0;0;0;2
358750;Marius Russo;3,5;1;0;0;0,5;1,0415
358751;Pythias Russ;27,3333333333333;9;1;5,33333333333333;1,33333333333333;0,885
358754;Babe Ruth;12,9;4,2;1,5;3,3;3,3;0,9667
358757;Johnny Rutherford;0;0;0;0;0;NULL
358758;Dick Ruthven;1;0;0;0;0;0
358762;Adley Rutschman;10;1;0;0;0,5;0,2855
358766;Blondy Ryan;9,5;2,5;0;0,5;0,5;0,297
358767;Brendan Ryan;12;1;0;0;0;0,25
358769;Connie Ryan;1;0;0;0;0;0
358772;Jack Ryan;19;1;0;2;0;0,105
358776;Jimmy Ryan;20;5;0;2;0;0,55
358784;Mike Ryan;2;0;0;0;0;0
358785;Mike Ryan;1;0;0;0;0;0
358786;Nolan Ryan;2,66666666666667;0,5;0;0;0,333333333333333;0,4625
358787;Red Ryan;0,5;0,5;0;0;0;2
358789;Rosy Ryan;1,33333333333333;0,333333333333333;0,333333333333333;0,666666666666667;0;1,25
358792;Mike Ryba;0;0;0;0;0;NULL
358796;Hyun Jin Ryu;1,25;0,25;0;0,125;0;0,3334
358798;Marc Rzepczynski;0;0;0;0;0;NULL
358799;Andrew Saalfrank;0;0;0;0;0;NULL
358801;CC Sabathia;0,3125;0;0;0;0;0
358803;Bret Saberhagen;1,14285714285714;0;0;0;0;0
358805;Chris Sabo;19;7;1,5;4;1,5;1,118
358807;Erik Sabrowski;0;0;0;0;0;NULL
358811;Ray Sadecki;1;0,5;0;0,5;0;1
358817;Donnie Sadler;0,666666666666667;0,333333333333333;0;0;0;1,5
358827;Olmedo Saenz;4,75;0,75;0,25;1;0,25;0,230666666666667
358835;Johnny Sain;2,75;0,5;0;0,5;0;0,475
358837;Takashi Saito;0;0;0;0;0;NULL
358838;Lenn Sakata;1;0;0;0;0;0
358840;Fernando Salas;0;0;0;0;0;NULL
358848;Danny Salazar;0;0;0;0;0;NULL
358850;Jeff Salazar;5;0,5;0;0;0,5;0,268
358851;Lázaro Salazar;17;5;0;1;2;0,721
358852;Luis Salazar;9;3;0,333333333333333;0,666666666666667;0;0,822333333333333
358855;Chris Sale;0;0;0;0;0;NULL
358860;Bill Salkeld;9;2;1;1;5;1,056
358862;Slim Sallee;5;0,5;0;0,5;0;0,1665
358864;Chico Salmon;0,666666666666667;0,333333333333333;0;0;0;1
358865;Harry Salmon;3;0;0;0;0;0
358867;Tim Salmon;19,6666666666667;5,66666666666667;1,33333333333333;4;2,66666666666667;0,849333333333333
358869;Jarrod Saltalamacchia;10,6666666666667;2;0;1,66666666666667;1;0,463
358876;Jeff Samardzija;0;0;0;0;0;NULL
358877;Joe Sambito;0;0;0;0;0;NULL
358890;Tommy Sampson;19;6,5;0;1;1;0,803
358893;Juan Samuel;0,5;0;0;0;0;0
358899;Aaron Sanchez;0;0;0;0;0;NULL
358905;Anibal Sanchez;0,8;0;0;0;0;0
358909;Carlos Sanchez;0;0;0;0;0;NULL
358911;Cristopher Sanchez;0;0;0;0;0;NULL
358912;Duaner Sanchez;0;0;0;0;0;NULL
358915;Freddy Sanchez;21;5,33333333333333;0;1;0,333333333333333;0,554333333333333
358916;Gaby Sanchez;2,5;0;0;0;0;0
358917;Gary Sanchez;10,7272727272727;1,90909090909091;0,636363636363636;1,72727272727273;0,545454545454545;0,565909090909091
358919;Hector Sanchez;3,66666666666667;0,333333333333333;0;0;0,666666666666667;0,416666666666667
358923;Jesus Sanchez;5;1;0;0;0;0,4
358924;Jonathan Sanchez;2;0,333333333333333;0;0;0;0,3335
358925;Luis Sanchez;0;0;0;0;0;NULL
358930;Rey Sanchez;13,6666666666667;3,33333333333333;0;0,666666666666667;0,333333333333333;0,573333333333333
358933;Sixto Sanchez;0;0;0;0;0;NULL
358936;Ryne Sandberg;19,5;7,5;0,5;3;3;1,103
358942;Deion Sanders;7,66666666666667;2,66666666666667;0;0,333333333333333;0,666666666666667;0,418333333333333
358948;Ray Sanders;10;2,75;0,5;0,75;2,25;0,55575
358950;Reggie Sanders;15,7857142857143;3,07142857142857;0,5;1,78571428571429;1,85714285714286;0,591785714285714
358953;Scott Sanderson;0,75;0;0;0;0;0
358954;Scott Sanders;1;0;0;0;0;0
358958;Nick Sandlin;0;0;0;0;0;NULL
358961;Pablo Sandoval;14,2727272727273;4,81818181818182;0,545454545454545;1,81818181818182;0,909090909090909;0,751090909090909
358964;Charlie Sands;1;0;0;0;0;0
358972;Jack Sanford;7;3;0;0;0;0,857
358974;Manny Sanguillen;14,7142857142857;4,14285714285714;0,142857142857143;0,571428571428571;0,142857142857143;0,591857142857143
358980;Miguel Sano;9,5;1;0,5;0,5;0,5;0,405
358983;Anthony Santander;8,5;1,75;0,25;0,75;0,75;0,52825
358984;Anastasio Santaella;23;8;0;4;3;0,901
358985;Carlos Santana;12,4444444444444;2,55555555555556;0,555555555555556;1,44444444444444;1,77777777777778;0,699777777777778
358986;Danny Santana;1,5;0;0;0;0;0
358988;Domingo Santana;4;1;0;1,5;1;0,631
358990;Ervin Santana;0;0;0;0;0;NULL
358992;F. P. Santangelo;3;1;0;0;0;1
358993;Johan Santana;0;0;0;0;0;NULL
358997;Rafael Santana;18,5;4;0;1;1;0,4605
358998;Benito Santiago;16,6666666666667;4,16666666666667;0,5;3,16666666666667;2;0,712333333333333
359000;Hector Santiago;0;0;0;0;0;NULL
359002;Jose Santiago;2;1;1;1;0;2,5
359004;Ramon Santiago;7,28571428571429;1,71428571428571;0;0,285714285714286;0,142857142857143;0,3348
359005;Tony Santillan;0;0;0;0;0;NULL
359012;Louis Santop;13;4;0;1;2;0,381
359015;Omir Santos;0;0;0;0;0;NULL
359022;Bronson Sardinha;0;0;0;0;0;NULL
359027;Manny Sarmiento;1;0;0;0;0;0
359030;Kazuhiro Sasaki;0;0;0;0;0;NULL
359031;Roki Sasaki;0;0;0;0;0;NULL
359032;Mackey Sasser;5;1;0;0;0;0,4
359040;Kevin Saucier;0;0;0;0;0;NULL
359041;Ed Sauer;2;0;0;0;0;0
359044;Scott Sauerbeck;0;0;0;0;0;NULL
359051;Joe Saunders;0;0;0;0;0,2;NULL
359052;Michael Saunders;7;2,66666666666667;0,333333333333333;0,333333333333333;0,333333333333333;1,03466666666667
359054;Tony Saunders;1;0;0;0;0;0
359070;Hirokazu Sawamura;0;0;0;0;0;NULL
359071;Carl Sawatski;2;0;0;0;0;0
359079;Steve Sax;12,4285714285714;3,42857142857143;0;0,571428571428571;0,857142857142857;0,512
359083;Alfred Saylor;4;0,333333333333333;0;0,333333333333333;0,666666666666667;0,234
359086;Josh Sborz;0;0;0;0;0;NULL
359101;Patricio Scantlebury;8;4;0;1;0;1
359102;Ray Scarborough;0;0;0;0;0;NULL
359114;Germany Schaefer;18,5;2,5;0;0;0,5;0,2935
359123;Jordan Schafer;1;0;0;0;0;0
359126;Art Schallock;0;0;0;0;0;NULL
359129;Ray Schalk;21;6;0;1;3;0,654
359134;Wally Schang;15,6666666666667;4,5;0,166666666666667;1,5;1,83333333333333;0,770666666666667
359140;Dan Schatzeder;0;0;0;0;0;NULL
359163;Hank Schenz;0;0;0;0;0;NULL
359167;Bill Scherrer;0;0;0;0;0;NULL
359169;Fred Scherman;0;0;0;0;0;NULL
359171;Max Scherzer;0,727272727272727;0;0;0;0;0
359176;Nate Schierholtz;3,25;0,75;0;0,25;0,75;1,00825
359178;Curt Schilling;2;0,166666666666667;0;0;0;0,25
359182;Calvin Schiraldi;0,5;0;0;0;0;0
359186;Daniel Schlereth;0;0;0;0;0;NULL
359190;Cam Schlittler;0;0;0;0;0;NULL
359197;Ray Schmandt;1;0;0;0;0;0
359201;Boss Schmidt;14,6666666666667;2,33333333333333;0;1,66666666666667;1,33333333333333;0,428
359203;Charles Schmidt;17;5;0;2;0;0,588
359205;Clarke Schmidt;0;0;0;0;0;NULL
359210;Freddy Schmidt;1;0;0;0;0;0
359212;Jason Schmidt;2;0;0;0;0;0
359216;Mike Schmidt;17,5;4,125;0,5;2;1,875;0,70475
359226;Davis Schneider;6,66666666666667;1,33333333333333;0,333333333333333;0,333333333333333;1,33333333333333;0,657666666666667
359227;Daniel Schneemann;5;0,5;0;0,5;0;0,5
359235;Red Schoendienst;26;7;0;1;0,666666666666667;0,640333333333333
359236;Scott Schoeneweis;0;0;0;0;0;NULL
359237;Dick Schofield;1,5;0,5;0;0;0,5;0,833
359238;Dick Schofield;30;9;1;2;1;0,756
359242;Jonathan Schoop;5,83333333333333;0,666666666666667;0;0,333333333333333;0,5;0,181
359246;Pete Schourek;2,33333333333333;0;0;0;0;0
359250;John Schreiber;0;0;0;0;0;NULL
359251;Ossee Schrecongost;9;2;0;0;0;0,556
359268;Barney Schultz;1;0;0;0;0;0
359275;Frank Schulte;20,25;6,5;0;2,25;1,5;0,80725
359276;Fred Schulte;21;7;1;4;1;0,887
359295;Hal Schumacher;4;0,666666666666667;0;1;0,333333333333333;0,257
359296;Skip Schumaker;7,85714285714286;1,85714285714286;0;1,14285714285714;0,428571428571429;0,465285714285714
359298;Ferdie Schupp;4;1;0;1;0;0,5
359302;Bill Schuster;1;0;0;0;0;0
359310;Kyle Schwarber;12,2;2,85;1,15;1,85;2,3;0,8878
359323;Mike Scioscia;14;3,33333333333333;0,333333333333333;1;1,5;0,6005
359343;Everett Scott;18;2,8;0;1,2;0,6;0,3518
359346;George Scott;26;6;0;0;3;0,656
359347;Jack Scott;2,5;0,5;0;0;0;0,25
359351;Joe Scott;15;4;0;2;0;0,533
359352;Johnie Scott;24;5,5;0;1,5;2,5;0,599
359354;Joe Scott;9;2,5;0;2;2;0,9105
359358;Luke Scott;2;0;0;0;1;0,333
359361;Mike Scott;6;0;0;0;0;0
359363;Rodney Scott;18;3;0;0;1;0,377
359365;Tanner Scott;0;0;0;0;0;NULL
359368;Tony Scott;20;3;0;2;1;0,34
359371;Evan Scribner;0;0;0;0;0;NULL
359375;Andre Scrubb;0;0;0;0;0;NULL
359378;Scott Scudder;0;0;0;0;0;NULL
359380;Marco Scutaro;18,2;5,2;0;2,8;1;0,6488
359383;Corey Seager;16,8235294117647;4,23529411764706;1,05882352941176;2,76470588235294;2,47058823529412;0,856941176470588
359388;Rudy Seanez;0;0;0;0;0;NULL
359396;Tom Seaver;4;0,4;0;0,2;0,2;0,219
359398;Dick Seay;14,5;2,5;0;1;2;0,5175
359400;Jimmy Sebring;30;10;1;4;1;0,855
359402;Frank Secory;5;2;0;0;0;0,8
359409;Bob Seeds;0;0;0;0;0;NULL
359411;Chuck Seelbach;0;0;0;0;0;NULL
359423;Diego Segui;1;0;0;0;0;0
359425;Jean Segura;14;3;0;1,75;0,5;0,5175
359432;Kevin Seitzer;6,5;1,25;0;1;0,75;0,23025
359438;Aaron Sele;0;0;0;0;0;NULL
359442;George Selkirk;11,3333333333333;3;0,333333333333333;1,66666666666667;1,83333333333333;0,643333333333333
359456;Marcus Semien;12,375;3,625;0,5;1,75;1,25;0,756625
359457;Andy Seminick;11;2;0;0;1;0,432
359461;Kodai Senga;0;0;0;0;0;NULL
359466;Antonio Senzatela;1;0;0;0;0;0
359467;Nick Senzel;7;2;0;0;0;0,571
359480;Bonnie Serrell;17;7;0;5;0;1
359482;Scott Servais;3;2;0;0;0;1,333
359491;Hank Severeid;12,5;3,5;0;0,5;0,5;0,645
359492;Luis Severino;0;0;0;0;0;NULL
359493;Pedro Severino;10;1;0;0;0;0,3
359495;Paul Sewald;0;0;0;0;0;NULL
359499;Joe Sewell;19;4,5;0;1,5;3;0,644
359500;Luke Sewell;17;3;0;1;2;0,44
359504;Richie Sexson;4,66666666666667;0,333333333333333;0;0,333333333333333;1;0,317333333333333
359509;Socks Seybold;16;2;0;0;2;0,347
359518;John Shackelford;3;1;0;0;0;0,667
359522;Tillie Shafer;9,5;1,5;0;0,5;1;0,554
359531;Art Shamsky;9,5;3,5;0;0,5;0;0,5385
359545;Mike Shannon;27;6,33333333333333;1;2,66666666666667;0,666666666666667;0,621666666666667
359552;Bobby Shantz;2;0,5;0;0;0;0,3335
359559;Mike Sharperson;1;0;0;1;1;0,5
359574;Bob Shaw;4;1;0;0;0;0,5
359575;Bryan Shaw;0;0;0;0;0;NULL
359583;Bob Shawkey;3;0,8;0;0,4;0;0,6334
359584;Matt Shaw;8,5;1;0;0,5;2,5;0,3335
359587;Ted Shaw;2;1;0;1;0;1
359588;Travis Shaw;5,125;1,375;0,125;0,25;0,625;0,747285714285714
359591;Danny Sheaffer;3;0;0;0;0;0
359599;Dave Shean;19;4;0;0;4;0,611
359605;Spec Shea;5;2;0;1;0;1
359607;Jimmy Sheckard;19,25;3,75;0;1,25;2,75;0,59175
359609;Emmet Sheehan;0;0;0;0;0;NULL
359610;Jack Sheehan;11;2;0;0;0;0,364
359617;Andy Sheets;2;0,25;0;0;0;0,222333333333333
359619;Gavin Sheets;9;2,5;0,5;0,5;0;0,6665
359621;Gary Sheffield;17,8888888888889;4,44444444444444;0,666666666666667;2,11111111111111;4,33333333333333;0,781
359625;John Shelby;15;3,5;0;1,25;2;0,6165
359627;Rollie Sheldon;0;0;0;0;0;NULL
359654;Bill Sherdel;5;0;0;0;0;0
359655;James Sherfy;0;0;0;0;0;NULL
359659;Pat Sheridan;11,5;2;0,5;1;0,833333333333333;0,504666666666667
359671;George Sherrill;0;0;0;0;0;NULL
359672;Larry Sherry;4;2;0;0;0;1
359674;Ryan Sherriff;0;0;0;0;0;NULL
359687;James Shields;0,222222222222222;0;0;0;0;0
359690;Scot Shields;0;0;0;0;0;NULL
359702;Tsuyoshi Shinjo;3,5;0,5;0;0;0;0,1665
359704;Tim Shinnick;24;7;0;3;2;0,763
359715;Mule Shirley;2;1;0;1;0;1
359717;Tex Shirley;0;0;0;0;0;NULL
359722;Urban Shocker;2;0;0;0;0;0
359724;Matt Shoemaker;0;0;0;0;0;NULL
359730;Tom Shopay;4;0;0;0;0;0
359731;Kelly Shoppach;6,25;1,75;0,5;1,5;0,5;1,0555
359732;Bill Shores;0;0;0;0;1;NULL
359733;Ernie Shore;6;0,5;0;0;0;0,2
359737;Chick Shorten;7;4;0;2;0;1,143
359748;Eric Show;0,5;0;0;0;0;0
359753;George Shuba;4;1,33333333333333;0,333333333333333;0,666666666666667;0;1,9
359755;Paul Shuey;0;0;0;0;0;NULL
359771;Norm Siebern;4;0,666666666666667;0;0,333333333333333;1;0,385333333333333
359778;Kevin Siegrist;0;0;0;0;0;NULL
359782;Magneuris Sierra;5,5;1,5;0;0,5;0;0,646
359784;Ruben Sierra;11,375;3;0,625;2,625;1,375;0,981375
359785;Ed Siever;1;0;0;0;0;0
359797;Carlos Silva;0;0;0;0;0;NULL
359803;Charlie Silvera;2;0;0;0;0;0
359805;Ken Silvestri;0;0;0;0;0;NULL
359809;Bill Simas;0;0;0;0;0;NULL
359811;Al Simmons;18,25;6;1,5;4,25;1,5;0,97675
359812;Andrelton Simmons;8;2;0;1;1;0,595
359814;Curt Simmons;4;2;0;1;0;1
359823;Ted Simmons;19,6666666666667;3,66666666666667;1;2,66666666666667;2,66666666666667;0,625666666666667
359825;Mike Simms;5;1;0;0;0;0,4
359826;Willie Simms;16,5;4;0;3;0,5;0,7195
359827;Alfredo Simon;0;0;0;0;0;NULL
359833;Randall Simon;12;4;0,5;3;0;0,941
359843;Harry Simpson;12;1;0;1;0;0,167
359850;Duke Sims;14;3;0;0;1;0,767
359853;Lucas Sims;0;0;0;0;0;NULL
359860;Brady Singer;0;0;0;0;0;NULL
359863;Chris Singleton;8;1,5;0;0,5;0,5;0,695
359867;Jon Singleton;1,5;0;0;0,5;0;0
359868;Ken Singleton;14,25;4,75;0;1,5;1,5;0,74475
359873;Tony Sipp;0;0;0;0;0;NULL
359874;Jose Siri;6,5;0,75;0,25;1;0;0,28475
359875;Mike Sirotka;0;0;0;0;0;NULL
359880;Doug Sisk;0;0;0;0;0;NULL
359884;Dick Sisler;9,5;0,5;0;0,5;0;0,059
359886;Sibby Sisti;1;0;0;0;0;0
359892;Grady Sizemore;21,5;6;1;1,5;4;0,959
359894;Ted Sizemore;13;4;0;0,5;1,5;0,7655
359896;Dave Skaggs;3,5;0,5;0;0;0;0,3335
359907;Bob Skinner;4;1,5;0;1;1;1,1415
359916;Bill Skowron;16,625;4,875;1;3,625;0,75;0,746125
359918;Tarik Skubal;0;0;0;0;0;NULL
359922;Jimmy Slagle;22;6;0;3;2;0,606
359930;Austin Slater;3,5;1,5;0;0;0;1
359931;Doug Slaten;0;0;0;0;0;NULL
359932;Justin Slaten;0;0;0;0;0;NULL
359933;Jim Slaton;0;0;0;0;0;NULL
359935;Mike Slattery;27,5;5,5;0;3;1,5;0,4825
359938;Don Slaught;12,75;3,25;0,25;1,75;2,25;0,71875
359939;Enos Slaughter;15,8;4,6;0,6;1,6;3;0,7504
359946;Aaron Slegers;0;0;0;0;0;NULL
359953;Heathcliff Slocumb;0;0;0;0;0;NULL
359958;Aaron Small;0;0;0;0;0;NULL
359966;Roy Smalley;2;1;0;0;2;1,75
359973;Devin Smeltzer;0;0;0;0;0;NULL
359975;John Smiley;0,75;0;0;0;0;0
359993;AJ Smith-Shawver;0;0;0;0;0;NULL
359996;Al Smith;0;0;0;0;0;NULL
359997;Al Smith;17;4,66666666666667;0,333333333333333;1,66666666666667;2,66666666666667;0,841666666666667
360004;Billy Smith;5,5;1;0;0;1;0,365
360005;Billy Smith;0;0;0;0;0;NULL
360009;Bob Smith;0;0;0;0;0;NULL
360014;Bob Smith;9;1;0;1;0;0,222
360019;Bud Smith;1;0;0;0;1;0,5
360022;Carson Smith;0;0;0;0;0;NULL
360025;Cade Smith;0;0;0;0;0;NULL
360040;Clay Smith;1;0;0;0;0;0
360041;Clarence Smith;20;3;0;2;3;0,511
360045;Dave Smith;0;0;0;0;0;NULL
360057;Drew Smith;0;0;0;0;0;NULL
360058;Dwight Smith;5,5;1,5;0;0,25;0,75;0,84875
360062;Earl Smith;9,2;2,2;0;0;0,4;0,5384
360070;Elmer Smith;7,5;2;0,5;2,5;0,5;0,5245
360073;Eugene Smith;6;2;0;1;1;0,762
360074;Ford Smith;9,5;2,5;0;0,5;2;0,5985
360081;Germany Smith;29;6,5;0;4,5;1,5;0,625
360091;Harry Smith;3;0;0;0;0;0
360096;Hal Smith;8;3;1;3;0;1,125
360103;Hilton Smith;4,4;1,4;0;0;0,2;1,0284
360113;Jimmy Smith;0;0;0;0;0;NULL
360121;Joe Smith;0;0;0;0;0;NULL
360125;Josh Smith;0;0;0;0;0;NULL
360127;Johnny Smith;6;1;0;0;0;0,333
360137;Lee Smith;0;0;0;0;0;NULL
360138;Lonnie Smith;18,6363636363636;5,18181818181818;0,363636363636364;1,54545454545455;1,45454545454545;0,779545454545455
360147;Mike Smithson;0;0;0;0;0;NULL
360156;Ozzie Smith;18;4,25;0,125;1,25;2,5;0,6515
360160;Pavin Smith;3,33333333333333;1;0;0;0,333333333333333;0,3335
360162;Pete Smith;1;0;0;0;0;0
360175;Reggie Smith;13,375;3,125;0,75;2,125;1,25;0,821
360184;Seth Smith;7;1,83333333333333;0,333333333333333;1,16666666666667;0,833333333333333;0,927333333333333
360185;Sherry Smith;5,5;0,5;0;0;0;0,3
360192;Theolic Smith;5;1;0;0;3;0,9
360205;Will Smith;0;0;0;0;0;NULL
360206;Will Smith;16,75;3,625;0,625;2,3125;1,9375;0,641875
360211;Zane Smith;2,66666666666667;0;0;0;0;0
360212;Justin Smoak;2;0;0;0;0;0
360216;John Smoltz;2,24;0,48;0;0,08;0,12;0,477684210526316
360220;Drew Smyly;0,166666666666667;0;0;0;0;0
360232;Blake Snell;0;0;0;0;0;NULL
360240;Duke Snider;22,1666666666667;6,33333333333333;1,83333333333333;4,33333333333333;2,16666666666667;0,9045
360241;Travis Snider;1,33333333333333;0,333333333333333;0;0;0;0,666666666666667
360246;Fred Snodgrass;18,3333333333333;3,33333333333333;0;1;1,33333333333333;0,497666666666667
360254;Felton Snow;17,5;4;0;3;0,5;0,5665
360255;J. T. Snow;16,3333333333333;5,33333333333333;0,5;2,5;1,5;0,827833333333333
360262;Chris Snyder;9,5;2,5;0,5;1,5;1;0,764
360267;Frank Snyder;13,75;3,75;0,5;1,25;0;0,497
360280;Russ Snyder;6;1;0;1;2;0,542
360282;Chad Sobotka;0;0;0;0;0;NULL
360286;Eric Soderholm;6;1;0;0;0;0,333
360292;Eric Sogard;5;0,75;0,25;0,5;0,5;0,65
360293;Nick Sogard;6;2;0;0;0;0,833
360294;Luis Sojo;7,76923076923077;2;0;1,15384615384615;0,384615384615385;0,5442
360297;Donovan Solano;5,4;0,4;0;0,2;0,6;0,3106
360303;Jorge Soler;8;2,2;0,7;1,2;1,5;0,9734
360307;Sammy Solis;0;0;0;0;0;NULL
360308;Eddie Solomon;0;0;0;0;0;NULL
360324;Andy Sonnanstine;0,333333333333333;0,333333333333333;0;0;0;2
360327;Alfonso Soriano;19,3333333333333;4,11111111111111;0,444444444444444;2;1;0,551444444444444
360328;George Soriano;0;0;0;0;0;NULL
360329;Joakim Soria;0;0;0;0;0;NULL
360331;Rafael Soriano;0;0;0;0;0;NULL
360332;Mike Soroka;0,666666666666667;0;0;0;0;0
360335;Paul Sorrento;7,83333333333333;1,66666666666667;0,166666666666667;0,333333333333333;1,16666666666667;0,519833333333333
360337;Edmundo Sosa;2,5;0,5;0;0,25;0,125;0,547714285714286
360338;Elias Sosa;0,25;0;0;0;0;0
360341;Jorge Sosa;2;1;0;1;0;1
360344;Sammy Sosa;17,6666666666667;4,33333333333333;0,666666666666667;2,33333333333333;4,33333333333333;0,732
360349;Geovany Soto;5;0,75;0,25;0,5;0,75;0,39125
360351;Gregory Soto;0;0;0;0;0;NULL
360352;Juan Soto;16;4,5;1,1;3;2,7;0,8495
360354;Mario Soto;0;0;0;0;0;NULL
360357;Herb Souell;21,6666666666667;6;0;2,66666666666667;0,666666666666667;0,412666666666667
360360;Billy Southworth;15;5;0,5;2;0;0,4485
360364;Steven Souza;2,66666666666667;0,333333333333333;0;0;0,333333333333333;0,389
360371;Warren Spahn;6,66666666666667;1,33333333333333;0;1,33333333333333;0,333333333333333;0,289
360374;Denard Span;13,2;3,4;0;0,4;0,4;0,6374
360376;Cory Spangenberg;0;0;0;0;0;NULL
360383;Steve Sparks;0;0;0;0;0;NULL
360386;Joe Sparma;0;0;0;0;0;NULL
360388;Tris Speaker;24;7,33333333333333;0;1;3,66666666666667;0,854
360390;Clyde Spearman;20,3333333333333;6;0,666666666666667;3;2,66666666666667;0,782
360393;Henry Spearman;13;2;0;0,5;0;0,222
360398;By Speece;0;0;0;0;0;NULL
360403;Chris Speier;12,5;3,5;0,25;1;1,75;0,642
360404;Gabe Speier;0;0;0;0;0;NULL
360405;Justin Speier;0;0;0;0;0;NULL
360406;Ryan Speier;0;0;0;0;0;NULL
360413;George Spencer;0;0;0;0;0;NULL
360417;Jim Spencer;5;0,75;0;0;0,5;0,3005
360422;Roy Spencer;1;0;0;0;0;0
360424;Shane Spencer;7,875;1,75;0,375;0,75;0,75;0,818285714285714
360437;Bill Spiers;12;2,33333333333333;0;0,666666666666667;0,666666666666667;0,487
360440;Ed Spiezio;1;0,5;0;0;0;1
360441;Scott Spiezio;13,5;3,83333333333333;0,5;4,16666666666667;2,16666666666667;0,764333333333333
360443;Ryan Spilborghs;7,25;1,25;0;0;1,5;0,62625
360445;Harry Spilman;1,66666666666667;0,333333333333333;0,333333333333333;0,333333333333333;0;0,833333333333333
360449;Junior Spivey;13;2;0;0;1;0,368
360450;Paul Splittorff;0;0;0;0;0;NULL
360453;Paul Spoljaric;0;0;0;0;0;NULL
360455;Karl Spooner;0;0;0;0;0;NULL
360461;Ed Sprague;8,2;1,8;0,2;1,6;0,8;0,9176
360468;George Springer;19,0555555555556;5,16666666666667;1,27777777777778;2,66666666666667;2;0,828833333333333
360472;Russ Springer;0;0;0;0;0;NULL
360484;Mike Squires;4;0;0;0;0;0
360488;Bill Stafford;2;0;0;0;0;0
360494;Chick Stahl;33;10;0;3;1;0,839
360495;Jake Stahl;32;8;0;2;0;0,563
360496;Larry Stahl;4;2;0;0;0;1
360499;Tuck Stainback;8,5;1,5;0;0;0;0,353
360500;Matt Stairs;3;0,375;0,125;0,375;0,25;0,822875
360502;Gerry Staley;1;0;0;0;1;0,5
360503;Harry Staley;4;0;0;0;0;0
360506;Jacob Stallings;2;0;0;0;0;0
360510;Craig Stammen;0;0;0;0;0;NULL
360512;Oscar Stanage;5;1;0;2;0;0,4
360518;Ryne Stanek;0;0;0;0;0;NULL
360522;Lee Stange;0;0;0;0;0;NULL
360523;Don Stanhouse;0;0;0;0;0;NULL
360528;Eddie Stanky;20,3333333333333;4,33333333333333;0;1,33333333333333;4,33333333333333;0,619333333333333
360531;Bob Stanley;0,333333333333333;0;0;0;0;0
360534;Fred Stanley;5;1,125;0;0,25;0,875;0,599833333333333
360538;Mickey Stanley;17;4;0;0;1;0,6095
360539;Mike Stanley;14,6;5,2;0,2;1,4;1,6;1,0052
360540;Neck Stanley;4;1;0;0;0;0,5
360548;Mike Stanton;0,0555555555555556;0,0555555555555556;0;0,0555555555555556;0;3
360549;Giancarlo Stanton;12,6428571428571;3,21428571428571;1,28571428571429;3,14285714285714;1,42857142857143;1,05292857142857
360551;Dave Stapleton;2;1;0;0;0,5;0,7085
360554;Willie Stargell;16,625;4,625;0,875;2,5;2,125;0,865375
360569;Joe Start;10;1;0;1;0;0,2
360570;Cody Stashak;0;0;0;0;0;NULL
360576;Rusty Staub;20,5;7;2;5,5;2,5;1,1065
360582;Randy St. Claire;0;0;0;0;0;NULL
360586;Turkey Stearnes;19,2;8;1,4;5,2;0,8;1,2612
360588;Gene Stechschulte;0;0;0;0;0;NULL
360593;Ed Steele;14,25;3;0;1;2,25;0,5265
360602;Spencer Steer;8;3;0;1;0;0,75
360614;Harry Steinfeldt;18,25;4,75;0;2;1;0,6415
360621;Terry Steinbach;12,7142857142857;3,57142857142857;0,285714285714286;2;1,14285714285714;0,697428571428571
360630;Casey Stengel;9,33333333333333;3,66666666666667;0,666666666666667;1,33333333333333;1,33333333333333;1,002
360633;Rennie Stennett;10,4;2,2;0;0,2;0,4;0,80325
360644;Garrett Stephenson;1;0;0;0;0;0
360646;Jackson Stephens;0;0;0;0;0;NULL
360647;Jake Stephens;10,3333333333333;2,33333333333333;0;0,333333333333333;2,33333333333333;0,454666666666667
360648;Jerry Stephenson;0;0;0;0;0;NULL
360656;Riggs Stephenson;18,5;7;0;3,5;1;0,8465
360658;Trevor Stephan;0;0;0;0;0;NULL
360659;Tyler Stephenson;7;1;0;2;0;0,429
360660;Vern Stephens;22;5;0;0;3;0,593
360661;Walter Stephenson;1;0;0;0;0;0
360667;Mitch Stetter;0;0;0;0;0;NULL
360668;Andrew Stevenson;0;0;0;0;0;NULL
360679;Lee Stevens;6;0,5;0;0;0,5;0,211
360690;Brock Stewart;0;0;0;0;0;NULL
360693;Chris Stewart;0;0;0;0;0;NULL
360695;Dave Stewart;0,636363636363636;0;0;0;0,0909090909090909;0,0833333333333333
360700;Ian Stewart;1;0;0;0;1;0,5
360701;Jimmy Stewart;2;0;0;0;0;0
360705;Lefty Stewart;1;0;0;0;0;0
360713;Sammy Stewart;1;0;0;0;0;0
360714;Sal Stewart;4;2;0;4;1;1,1
360716;Shannon Stewart;17,5;5;0;1;1;0,702
360721;Dave Stieb;0;0;0;0;0;NULL
360735;Kelly Stinnett;14;2;0;0;1;0,414
360736;Bob Stinson;1;0;0;0;0;0
360741;Snuffy Stirnweiss;9,33333333333333;2,33333333333333;0;1;2,66666666666667;0,381
360743;Jack Stivetts;12;3;0;1;0;0,75
360746;Kevin Stocker;20,5;4;0;1;3,5;0,5575
360749;Milt Stock;17;2;0;0;1;0,343
360757;Tim Stoddard;0,5;0,5;0;0,5;0;2
360767;Ed Stone;13;3;2;2;3;1,067
360770;George Stone;0,666666666666667;0;0;0;0,333333333333333;0,25
360780;Steve Stone;0;0;0;0;0;NULL
360784;Drew Storen;0;0;0;0;0;NULL
360789;Trevor Story;8,75;3;0,5;1;0;1,0835
360790;Bryson Stott;12,6666666666667;2,33333333333333;0,111111111111111;1,55555555555556;1,44444444444444;0,537
360791;Mel Stottlemyre;8;1;0;0;0;0,25
360793;Todd Stottlemyre;0,7;0;0;0;0,1;0
360810;Matt Strahm;0;0;0;0;0;NULL
360812;Dan Straily;0;0;0;0;0;NULL
360814;Les Straker;1;0;0;0;0;0
360817;Doug Strange;4;0;0;0,5;0,5;0,1
360821;Sammy Strang;1;0;0;0;0;0
360822;Stephen Strasburg;1,5;0;0;0;0,166666666666667;0,0625
360824;Chris Stratton;0;0;0;0;0;NULL
360826;Felton Stratton;8;2;0;0;0;0,5
360829;Scott Stratton;9;2;0;0;2;0,697
360833;Darryl Strawberry;12,6;3,2;0,9;2,2;1,8;0,7932
360834;Myles Straw;4,77777777777778;0,666666666666667;0;0,111111111111111;0,333333333333333;0,3772
360836;Huston Street;0;0;0;0;0;NULL
360837;Sam Streeter;3;1;0;0;0;0,4
360845;George Strickland;9;0;0;0;0;0
360847;Hunter Strickland;0;0;0;0;0;NULL
360851;Spencer Strider;0;0;0;0;0;NULL
360858;Ross Stripling;0;0;0;0;0;NULL
360864;Marcus Stroman;0;0;0;0;0;NULL
360868;Joe Strong;2;0;0;0;0;0
360869;Ted Strong;16,75;4,75;0,5;2,5;1,25;0,74775
360871;Pedro Strop;0;0;0;0;0;NULL
360877;Amos Strunk;13;2,6;0;0,4;0,8;0,54275
360884;Dick Stuart;11;1,5;0;0;0;0,15
360889;Drew Stubbs;9,66666666666667;1,66666666666667;0;0,333333333333333;0,666666666666667;0,321
360890;Franklin Stubbs;12,5;3,5;0;1;0,5;0,6225
360891;Garrett Stubbs;0;0;0;0;0;NULL
360903;John Stuper;0,5;0;0;0;0;0
360905;Tom Sturdivant;1,33333333333333;0,333333333333333;0;0;0;0,3335
360909;Johnny Sturm;21;6;0;2;0;0,571
360910;Tanyon Sturtze;0;0;0;0;0;NULL
360911;Michael Stutes;0;0;0;0;0;NULL
360919;Eugenio Suarez;12,8333333333333;3,16666666666667;0,666666666666667;1,83333333333333;1;0,640333333333333
360924;Ranger Suarez;0;0;0;0;0;NULL
360925;Robert Suarez;0;0;0;0;0;NULL
360935;Wander Suero;0;0;0;0;0;NULL
360950;Billy Sullivan;21;0;0;0;0;0
360951;Billy Sullivan;13;2;0;0;5;0,543
360955;Cory Sullivan;2;0,666666666666667;0;0;0;0,555666666666667
360991;Homer Summa;1;0;0;0;0;0
360993;Champ Summers;1,5;0;0;0;0;0
360994;Ed Summers;4;0,5;0;0,5;0;0,2
361001;Billy Sunday;22;6;0;0;2;0,697
361002;Jim Sundberg;24;5;0,5;3,5;3,5;0,675
361004;Steve Sundra;0;0;0;0;1;NULL
361007;Jeff Suppan;1,75;0,5;0,125;0,25;0;0,714285714285714
361008;B. J. Surhoff;12,8571428571429;3,42857142857143;0,571428571428571;1,71428571428571;0,428571428571429;0,792
361012;Andrew Susac;1,33333333333333;0,333333333333333;0;0;0;0,666666666666667
361018;Rick Sutcliffe;4;2;0,5;0,5;0;1,5
361019;Elmer Sutcliffe;11;1;0;0;1;0,258
361020;Brent Suter;0;0;0;0;0;NULL
361028;Bruce Sutter;0,5;0;0;0;0;0
361030;Mule Suttles;20,75;6,25;1,25;4,75;3;0,9735
361031;Don Sutton;2,22222222222222;0,222222222222222;0;0,111111111111111;0,222222222222222;0,181
361039;Ichiro Suzuki;19,5;6,75;0,25;2;1,75;0,8455
361040;Kurt Suzuki;9,16666666666667;1,5;0,166666666666667;0,833333333333333;1;0,387333333333333
361042;Seiya Suzuki;15,5;3,5;1,5;2,5;0,5;0,894
361060;Dansby Swanson;16,3;3,8;0,5;1,6;1,3;0,6748
361061;Erik Swanson;0;0;0;0;0;NULL
361074;George Sweatt;22,4285714285714;5,14285714285714;0;2,85714285714286;2,71428571428571;0,596714285714286
361086;Mark Sweeney;2,33333333333333;0,833333333333333;0;0,166666666666667;0,666666666666667;0,994333333333333
361087;Mike Sweeney;1;1;0;0;0;2
361091;Trey Sweeney;11;1;0;1;1,5;0,318
361100;Bill Swift;3;0;0;0;0;0
361101;Bob Swift;4;1;0;0;2;0,75
361105;Blake Swihart;1,5;0;0;0;0;0
361107;Greg Swindell;0;0;0;0;0;NULL
361111;Nick Swisher;13,1666666666667;2,16666666666667;0,333333333333333;0,666666666666667;2;0,567083333333333
361114;Ron Swoboda;15;6;0;1;1;0,904
361121;Noah Syndergaard;1,14285714285714;0,142857142857143;0;0;0;0,25
361128;Jose Tabata;3;0;0;0;0;0
361132;Pat Tabler;1,5;0;0;0;0,5;0,25
361133;Earl Taborn;21;4,5;0;1;2,5;0,5895
361139;So Taguchi;3,55555555555556;0,777777777777778;0,222222222222222;0,555555555555556;0,111111111111111;1,158125
361141;Jameson Taillon;0;0;0;0;0;NULL
361156;Jeff Tam;0;0;0;0;0;NULL
361159;Masahiro Tanaka;0;0;0;0;0;NULL
361160;Frank Tanana;0;0;0;0;0;NULL
361168;Lee Tannehill;9;1;0;0;0;0,222
361169;Kevin Tapani;0,5;0;0;0;0;0
361171;Raimel Tapia;3,5;0,5;0;0;0;1
361177;Tony Tarasco;1;0;0;0;0;0
361180;Stephen Tarpley;0;0;0;0;0;NULL
361183;Jose Tartabull;13;2;0;0;1;0,368
361190;Bennie Tate;0;0;0;1;3;NULL
361198;Yoshinori Tateyama;0;0;0;0;0;NULL
361199;Fernando Tatis;13;3;0;2;1;0,67
361200;Fernando Tatis;12;3,8;1,2;2,4;1,8;1,1454
361208;Ed Taubensee;2;1;0;0;0;1
361211;Mike Tauchman;0;0;0;0;0;NULL
361215;Julian Tavarez;0;0;0;0;0;NULL
361218;Frank Taveras;4,5;0,5;0;0,5;0,5;0,1965
361219;Leody Taveras;12;2,25;0,25;0,75;2,25;0,66
361220;Oscar Taveras;3,5;1,5;0,5;0,5;0;1,4165
361221;Willy Taveras;13,8;3,6;0;0,2;0,8;0,5982
361238;Blake Taylor;0;0;0;0;0;NULL
361243;Candy Jim Taylor;3;1,5;0;0;0;1
361246;Chris Taylor;11,9473684210526;2,94736842105263;0,473684210526316;1,36842105263158;1,89473684210526;0,781789473684211
361260;Harry Taylor;30;9;0;2;2;0,677
361262;Harry Taylor;0;0;0;0;0;NULL
361270;Josh Taylor;0;0;0;0;0;NULL
361273;Johnny Taylor;5;0;0;0;0;0
361279;Michael Taylor;6,125;1,75;0,5;1,25;0,5;1,21485714285714
361281;Raymond Taylor;7;2;0;0;0;0,571
361283;Ron Taylor;0,333333333333333;0;0;0;0;0
361291;Tommy Taylor;2;0;0;0;0;0
361292;Tony Taylor;15;2;0;0;0;0,4
361294;Tyrone Taylor;8,66666666666667;1,16666666666667;0,166666666666667;0,5;0,666666666666667;0,323166666666667
361299;Zack Taylor;17;3;0;3;0;0,353
361300;Junichi Tazawa;0;0;0;0;0;NULL
361306;Birdie Tebbetts;11;0;0;0;0;0
361308;Patsy Tebeau;18;0;0;0;0;0
361313;Julio Teheran;0,333333333333333;0;0;0;0;0
361314;Mark Teixeira;17;3,77777777777778;0,333333333333333;1,55555555555556;2,66666666666667;0,656555555555555
361315;Miguel Tejada;21,25;4,5;0,25;2;0,75;0,57625
361316;Ruben Tejada;5;0;0;0;1;0,167
361320;Michael Tejera;0;0;0;0;0;NULL
361322;Kent Tekulve;1;0;0;0;0;0
361327;Rowdy Tellez;5,5;1,5;1;2;0;1,5
361330;Garry Templeton;17;5,5;0;1;1;0,748
361332;Gene Tenace;12,6666666666667;2;0,444444444444444;1,55555555555556;3,33333333333333;0,489777777777778
361343;Ryan Tepera;0;0;0;0;0;NULL
361355;Walt Terrell;0;0;0;0;0;NULL
361358;Adonis Terry;19;2;0;0,5;3,5;0,373
361359;Bill Terry;20,3333333333333;6;0,666666666666667;2,33333333333333;1,33333333333333;0,850333333333333
361363;Ralph Terry;2,6;0,2;0;0;0,2;0,115666666666667
361371;Jeff Tesreau;3,33333333333333;1;0;0,666666666666667;0,333333333333333;0,4095
361376;Mickey Tettleton;12;1;0;1;5;0,436
361377;Tim Teufel;6;1,66666666666667;0,333333333333333;0,333333333333333;0,333333333333333;0,574
361385;Eric Thames;4;2;1;1;0;2
361386;Marcus Thames;8,8;1,8;0,2;0,8;0,6;0,4464
361395;George Theodore;2;0;0;0;0;0
361396;Ryan Theriot;8,25;2,125;0;0,875;0,5;0,600125
361399;Tommy Thevenow;12;5;0,5;2;0;1
361401;Caleb Thielbar;0;0;0;0;0;NULL
361406;Bobby Thigpen;0;0;0;0;0;NULL
361412;Alek Thomas;13,5;3;1;1,5;1;0,7585
361423;Charles Thomas;16;4;0;0;2;0,583
361428;Clint Thomas;30;7;0;2,5;2,5;0,601
361433;Dave Thomas;27;8;0;4;1;0,655
361436;Derrel Thomas;4,75;1,25;0;0,25;0,25;0,78125
361443;Fred Thomas;17;2;0;0;1;0,284
361445;Frank Thomas;12,25;2,75;0,75;1,25;4,5;0,8365
361447;Gary Thomasson;2,5;0,5;0;0;0;0,25
361448;George Thomas;2;0;0;0;0;0
361449;Gorman Thomas;19,6666666666667;2;0,666666666666667;2,33333333333333;1,66666666666667;0,391
361453;Ira Thomas;9,33333333333333;2;0;1;2;0,758333333333333
361460;Lane Thomas;18;4;1;4,5;3,5;0,749
361467;Myles Thomas;0;0;0;0;0;NULL
361469;Pinch Thomas;4;0,666666666666667;0;0;0;0,4855
361477;Tommy Thomas;0;0;0;0;0;NULL
361481;Jim Thome;13,6470588235294;2,88235294117647;1;2,17647058823529;1,76470588235294;0,733705882352941
361493;Brad Thompson;0;0;0;0;0;NULL
361496;Danny Thompson;8;1;0;0;1;0,472
361499;Don Thompson;0;0;0;0;0;NULL
361506;Gus Thompson;1;0;0;0;0;0
361509;Hank Thompson;19,5;5;0,25;2,25;5;0,7445
361516;Gene Thompson;1;0,5;0;0;0;1
361521;Mark Thompson;0;0;0;0;0;NULL
361524;Milt Thompson;15;4;0,5;3;1;0,7865
361529;Robby Thompson;16,3333333333333;2,66666666666667;1;2,33333333333333;2,66666666666667;0,601333333333333
361531;Ryan Thompson;0;0;0;0;0;NULL
361532;Sam Thompson;58;21;2;7;3;0,893
361533;Sandy Thompson;19,2;4,2;0;2,2;1,6;0,678
361541;Trayce Thompson;13;2;0;0;3;0,466
361546;Bobby Thomson;21;5;0;2;5;0,67
361547;John Thomson;0;0;0;0;0;NULL
361549;Dickie Thon;7,66666666666667;1,66666666666667;0,333333333333333;0,333333333333333;0,333333333333333;0,591
361559;Lou Thornton;0;0;0;0;0;NULL
361560;Matt Thornton;0;0;0;0;0;NULL
361569;Jim Thorpe;0;0;0;0;0;NULL
361574;Marv Throneberry;1;0;0;0;0;0
361577;Bob Thurman;10;3,5;0;1;0,5;0,761
361582;Mark Thurmond;0,333333333333333;0,333333333333333;0;0;0;2
361585;Joe Thurston;1;0;0;0;0;0
361587;Luis Tiant;2,66666666666667;0,666666666666667;0;0;0,666666666666667;0,65
361588;Luis Tiant;1,5;0;0;0;0;0
361591;Dick Tidrow;0,142857142857143;0;0;0;0;0
361598;Mike Tiernan;38;12;1;5,5;6,5;0,8485
361606;Bob Tillman;0;0;0;0;0;NULL
361607;Chris Tillman;0;0;0;0;0;NULL
361613;Mike Timlin;0;0;0;0;0;NULL
361621;Joe Tinker;17;4;0,25;1,5;1,75;0,60275
361623;Bud Tinning;0;0;0;0;0;NULL
361625;Lee Tinsley;5;0;0;0;1;0,167
361630;Joe Tipton;1;0;0;0;0;0
361634;Ledell Titcomb;4;2;0;1;0;1,25
361639;Jim Tobin;1;0;0;0;0;0
361650;Jim Todd;0;0;0;0;0;NULL
361651;Phil Todt;0;0;0;0;1;NULL
361654;Bobby Tolan;11,8571428571429;3;0,285714285714286;1,85714285714286;1;0,536571428571429
361657;Matt Tolbert;2,5;0,5;0;0;0;0,4
361660;Andrew Toles;11;4;0;1;0,5;0,7795
361663;Payton Tolle;0;0;0;0;0;NULL
361664;Shawn Tolleson;0;0;0;0;0;NULL
361670;Charles Tolson;1;0;0;0;0;0
361677;Brett Tomko;0;0;0;0;0;NULL
361679;Dave Tomlin;0;0;0;0;0;NULL
361680;Josh Tomlin;0,333333333333333;0;0;0;0;0
361681;Kelby Tomlinson;6;0;0;0;0;0
361682;Randy Tomlin;1;0;0;0;0;0
361684;Phil Tomney;5;1;0;0;3;0,7
361690;Fred Toney;0;0;0;0;0;NULL
361694;Michael Tonkin;0;0;0;0;0;NULL
361698;Justin Topa;0;0;0;0;0;NULL
361699;George Toporcer;0;0;0;1;0;NULL
361704;Earl Torgeson;9,5;3,5;0;0,5;1,5;0,753
361707;Spencer Torkelson;13,25;2,5;0;1,75;1,5;0,52225
361708;Abraham Toro;0;0;0;0;1;NULL
361710;Alex Torres;0;0;0;0;0;NULL
361712;Andres Torres;19,3333333333333;5,33333333333333;0,333333333333333;1;1;0,671666666666667
361718;Frank Torre;13,5;3;1;2;2;0,8785
361721;Gleyber Torres;14,7142857142857;3,85714285714286;0,571428571428571;1,85714285714286;2;0,7315
361725;Luis Torrens;0,5;0;0;0;0;0
361726;Mike Torrez;3;0;0;0;0;0
361730;Ronald Torreyes;0,5;0;0;0;0;0
361732;Salomon Torres;0;0;0;0;0;NULL
361733;Steve Torrealba;1;1;0;0;0;3
361735;Yorvit Torrealba;9,125;2,625;0,25;1,625;0,625;0,650125
361736;Cristóbal Torriente;31;11;0;5;1;0,794
361743;Touki Toussaint;0;0;0;0;0;NULL
361744;Cesar Tovar;9,33333333333333;2,33333333333333;0;0,333333333333333;0,666666666666667;0,77
361750;Babe Towne;1;0;0;0;0;0
361760;Dick Tracewski;10;1,33333333333333;0;0;0,666666666666667;0,326
361762;Steve Trachsel;1;0;0;0;0;0
361764;Chad Tracy;4;0;0;0;0;0
361772;Alan Trammell;17;5,66666666666667;1;3,66666666666667;2;1,03533333333333
361773;Bubba Trammell;4;1;0;1,5;0,5;0,45
361775;Taylor Trammell;0;0;0;0;0;NULL
361781;Devon Travis;4;0,333333333333333;0;0;0;0,133333333333333
361785;Pie Traynor;20,5;6;0,5;2;1,5;0,748
361790;Harold Treadwell;4;2;0;3;0;1,25
361791;Jeff Treadway;2,75;1;0;0;0,25;0,6625
361794;Matt Treanor;3,33333333333333;0,666666666666667;0,333333333333333;0,666666666666667;0,666666666666667;0,587333333333333
361798;Blake Treinen;0;0;0;0;0;NULL
361806;Ted Trent;7;0,333333333333333;0;0,333333333333333;0,666666666666667;0,227666666666667
361809;Tom Tresh;21,6666666666667;6;1,33333333333333;4,33333333333333;2,66666666666667;0,841333333333333
361812;Jose Trevino;6,75;0,5;0;0,5;0;0,2955
361814;Bob Trice;1;0;0;0;0;0
361816;Manny Trillo;15;4;0;1,75;1;0,670333333333333
361822;Lou Trivino;0;0;0;0;0;NULL
361827;Ramon Troncoso;0;0;0;0;0;NULL
361834;Quincy Trouppe;17;4;0;0;1;0,673
361835;Dizzy Trout;3,5;0,5;0;0;0;0,1665
361836;Mike Trout;12;1;1;1;3;0,6
361837;Steve Trout;2;1;0;0;0;1
361838;Bob Trowbridge;0;0;0;0;0;NULL
361840;Dasher Troy;5;1;0;1;0;0,4
361843;Chris Truby;1;0;0;0;0;0
361845;Virgil Trucks;4;0;0;0;1;0,2
361850;Mark Trumbo;4;1;1;2;0;1,25
361856;Yoshi Tsutsugo;4;0,5;0;0;0;0,2
361864;Kyle Tucker;13,4117647058824;3,11764705882353;0,529411764705882;1,64705882352941;1,47058823529412;0,62235294117647
361865;Michael Tucker;7,16666666666667;1,83333333333333;0,5;1,5;1,33333333333333;0,754166666666667
361867;Preston Tucker;2;0;0;0;1;0,333
361869;Thurman Tucker;3;1;0;0;1;0,833
361871;Tommy Tucker;23;6;1;2;0;0,652
361874;John Tudor;2,83333333333333;0;0;0;0,166666666666667;0,04
361880;Troy Tulowitzki;15,1111111111111;3,22222222222222;0,444444444444444;2,44444444444444;0,888888888888889;0,594888888888889
361881;Lee Tunnell;0;0;0;0;0;NULL
361884;Brice Turang;12,25;2,25;0,25;0,75;1;0,55225
361890;Bob Turley;3,6;0,4;0;0,6;0;0,18
361898;Cool Turner;18,5;4;0;1;1,5;0,4685
361904;Jim Turner;1;0;0;0;0;0
361906;Justin Turner;15,85;4,3;0,65;2,1;1,9;0,77095
361910;Odis Turner;0;0;0;0;0;NULL
361917;Tom Turner;1;0;0;0;0;0
361919;Trea Turner;17,7333333333333;4,53333333333333;0,4;1,06666666666667;1,26666666666667;0,7836
361927;Larry Twitchell;20;5;1;3;0;0,7
361940;Lefty Tyler;4;0,5;0;1;1;0,3145
361941;Roy Tyler;7;2;0;2;0;0,571
361943;Jason Tyner;6;0;0;0;2;0,25
361957;Koji Uehara;0;0;0;0;0;NULL
361959;Dan Uggla;4;0;0;0;1;0,2
361962;Ted Uhlaender;4;1;0;0;0;0,694333333333333
361964;George Uhle;0;0;0;0;0;NULL
361983;Tom Underwood;0;0;0;0;0;NULL
361988;Del Unser;5,5;2,5;0;1,5;0;1,1665
361994;Cecil Upshaw;1;0;0;0;0;0
361995;Willie Upshaw;26;6;0;1;1;0,567
361997;B. J. Upton;12,7777777777778;3,22222222222222;0,888888888888889;2,11111111111111;1,11111111111111;0,638444444444444
361998;Justin Upton;12;2,75;0,5;1;2,5;0,87
362005;Ugueth Urbina;0;0;0;0;0;NULL
362009;Julio Urias;0,5;0,0833333333333333;0;0,0833333333333333;0;0,16675
362010;Luis Urias;5,5;1,5;0;0;1,5;0,8765
362011;Ramon Urias;4,5;1,5;0;0;0;0,857
362012;Abner Uribe;0;0;0;0;0;NULL
362013;Jose Uribe;16;4;0;1;0,333333333333333;0,516333333333333
362014;Juan Uribe;14,3636363636364;3;0,454545454545455;2,27272727272727;0,636363636363636;0,730272727272727
362015;Jose Urquidy;0,2;0;0;0;0;0
362018;Gio Urshela;11,7142857142857;2,28571428571429;0,428571428571429;1,14285714285714;0,571428571428571;0,529571428571429
362023;Chase Utley;13,125;2,9375;0,625;1,6875;2,4375;0,652875
362031;Pat Valaika;1;0,5;0;0;0;1,5
362032;Luis Valbuena;8,5;1,5;0,5;1;2;0,619
362041;Framber Valdez;0,0833333333333333;0;0;0;0;0
362042;Ismael Valdez;2,5;0;0;0;0;0
362059;Sandy Valdespino;11;3;0;0;0;0,636
362063;Wilson Valdez;1,33333333333333;0,333333333333333;0;0;0;0,3335
362069;Danny Valencia;9;2;0;2;1;0,633
362072;Fernando Valenzuela;3,33333333333333;0,166666666666667;0;0,166666666666667;0,333333333333333;0,18
362077;John Valentin;18;6,25;1,25;4,75;2;1,04325
362078;Jose Valentin;14,3333333333333;3;0;2;2;0,58
362082;George Valera;7;2;1;1;0;1,143
362089;Jose Valverde;0;0;0;0;0;NULL
362102;Dazzy Vance;0;0;0;0;0;NULL
362110;Hy Vandenberg;1;0;0;0;0;0
362111;Johnny Vander Meer;0;0;0;0;0;NULL
362112;John Vander Wal;4,2;1,2;0,2;0,8;0;0,7238
362130;Andy Van Slyke;20;3,8;0,2;2;1,8;0,497
362131;Scott Van Slyke;0,333333333333333;0;0;0;0;0
362136;Carlos Vargas;0;0;0;0;0;NULL
362141;Jason Vargas;0,666666666666667;0;0;0;0;0
362146;Tetelo Vargas;4;0;0;0;0;0
362148;Jason Varitek;16,2857142857143;3,85714285714286;0,785714285714286;2,35714285714286;1;0,692857142857143
362150;Louie Varland;0;0;0;0;0;NULL
362155;Daulton Varsho;20;4,25;0,75;2,5;1;0,60675
362156;Gary Varsho;1,5;1;0;0;0;1,5
362170;Andrew Vaughn;10,3333333333333;2;0,666666666666667;1,66666666666667;1,33333333333333;0,734333333333333
362171;Arky Vaughan;2;1;0;0;1;1,667
362178;Greg Vaughn;10,25;2,25;0,75;1,25;0,5;0,55925
362180;Hippo Vaughn;10;0;0;0;0;0
362181;Mo Vaughn;15,5;3,5;1;3,5;1;0,697
362187;Christian Vazquez;9,2;2,3;0,2;1,1;0,5;0,583
362188;Javier Vazquez;0;0;0;0;0;NULL
362190;Ramon Vazquez;0;0;0;0;0;NULL
362192;Bobby Veach;1;0;0;1;0;0
362196;Bob Veale;0;0;0;0;0;NULL
362202;Bucky Veil;2;0;0;0;0;0
362204;Randy Velarde;8,5;2;0;0,833333333333333;1,5;0,539333333333333
362208;Andrew Velazquez;1;0;0;0;0;0
362215;Otto Velez;2;0;0;0;0;0
362218;Will Venable;2;1;0;0;0;1
362219;Mike Venafro;0;0;0;0;0;NULL
362222;Jonny Venters;0;0;0;0;0;NULL
362224;Robin Ventura;15,5;2,75;0,375;2,375;3;0,56925
362226;Yordano Ventura;0;0;0;0;0;NULL
362227;Dario Veras;0;0;0;0;0;NULL
362228;Jose Veras;0;0;0;0;0;NULL
362229;Quilvio Veras;18;3,66666666666667;0;1;3;0,553
362231;Emil Verban;17;7;0;2;2;0,885
362236;Alex Verdugo;15;3,83333333333333;0,333333333333333;2,33333333333333;2;0,776833333333333
362239;Dave Veres;0;0;0;0;0;NULL
362244;Justin Verlander;0,25;0;0;0;0;0
362249;Zoilo Versalles;28;8;1;4;2;0,833
362250;Tom Veryzer;1;0;0;0;0;0
362252;Alex Vesia;0;0;0;0;0;NULL
362254;Will Vest;0;0;0;0;0;NULL
362262;Shane Victorino;17,3846153846154;4,46153846153846;0,538461538461538;3,23076923076923;1,30769230769231;0,745538461538462
362268;Mark Vientos;18,3333333333333;6;1,66666666666667;4,66666666666667;1;0,993333333333333
362270;Matt Vierling;6,83333333333333;1;0;0,5;0,833333333333333;0,497
362274;Carlos Villanueva;0,5;0,5;0;0;0;2
362282;Jonathan Villar;1;0;0;0;0;0
362289;Ron Villone;0;0;0;0;0;NULL
362291;Fernando Vina;18,6;6,2;0,4;1,8;0,6;0,823
362293;Nick Vincent;0;0;0;0;0;NULL
362303;Frank Viola;0,5;0;0;0;0;0
362306;Bill Virdon;29;7;0;5;1;0,611
362308;Ozzie Virgil;1,5;0,5;0;0,5;0;0,5
362309;Jake Virtue;24;3;0;0;2;0,317
362310;Joe Visner;16;2;0;0;2;0,41
362318;Arodys Vizcaino;0;0;0;0;0;NULL
362319;Jose Vizcaino;9,45454545454546;2,09090909090909;0;0,636363636363636;0,272727272727273;0,6602
362320;Luis Vizcaino;0;0;0;0;0;NULL
362321;Omar Vizquel;20,7272727272727;5,18181818181818;0;1,81818181818182;2,27272727272727;0,647090909090909
362323;Dan Vogelbach;4,33333333333333;0,333333333333333;0;0,333333333333333;0,333333333333333;0,366666666666667
362325;Ryan Vogelsong;1,16666666666667;0,333333333333333;0;0,166666666666667;0;0,8
362326;Stephen Vogt;9,5;1,5;0;0,5;1;0,399
362329;Bill Voiselle;2;0;0;0;0;0
362330;Luke Voit;10,5;2,25;0,25;1,5;2;0,8615
362332;Anthony Volpe;15;3,8;0,4;1,6;2;0,7188
362333;Edinson Volquez;0,6;0,2;0;0;0;0,5
362342;Ed Vosberg;0;0;0;0;0;NULL
362348;Joey Votto;10,25;2,5;0;0,25;1,25;0,40275
362352;Pete Vuckovich;0;0;0;0;0;NULL
362353;George Vukovich;6;2;0,5;1;0;0,611
362355;Michael Wacha;1,28571428571429;0;0;0,142857142857143;0;0
362365;Ben Wade;0;0;0;0;0;NULL
362366;Cory Wade;0;0;0;0;0;NULL
362371;LaMonte Wade;10;1;0;0;1;0,282
362374;Terrell Wade;0;0;0;0;0;NULL
362375;Tyler Wade;0;0;0;0;0,333333333333333;NULL
362381;Billy Wagner;0;0;0;0;0;NULL
362386;Hal Wagner;13;0;0;0;0;0
362387;Heinie Wagner;30;5;0;0;3;0,442
362389;Honus Wagner;25,5;7;0;4,5;3,5;0,744
362403;Adam Wainwright;1,5;0;0;0;0,1875;0,0909090909090909
362406;Eddie Waitkus;15;4;0;0;2;0,686
362414;Tim Wakefield;0,545454545454545;0;0;0;0;0
362417;Rube Walberg;1;0;0;0;0;0
362422;Jordan Walden;0;0;0;0;0;NULL
362433;Bob Walk;2,2;0;0;0;0;0
362439;Bill Walker;2;0;0;0;0;0
362442;Christian Walker;12,2;2,8;0,2;1,4;2,6;1,0406
362445;Dixie Walker;22,5;5;0,5;2;2,5;0,6515
362448;Edsall Walker;3;0,25;0;0,5;0;0,1
362453;Gee Walker;3,5;1;0;0,5;0,5;0,6585
362455;Greg Walker;3;1;0;0;1;0,833
362456;Harry Walker;12;3,33333333333333;0;2;1,33333333333333;0,480666666666667
362457;Hoss Walker;8;1,4;0;0,4;0,4;0,635
362458;Hub Walker;2;1;0;0;0;1,5
362459;Jamie Walker;0;0;0;0;0;NULL
362466;Larry Walker;16,6666666666667;3,83333333333333;1,16666666666667;2,5;2,66666666666667;0,820166666666667
362467;Luke Walker;0,666666666666667;0;0;0;0;0
362472;Neil Walker;5,83333333333333;0,5;0;0,333333333333333;0,333333333333333;0,319
362476;R. T. Walker;1;0;0;0;1;0,5
362477;Rube Walker;2;0;0;0;0;0
362482;Taijuan Walker;0;0;0;0;0;NULL
362483;Tillie Walker;11;3;0;1;1;0,788
362487;Todd Walker;17,3333333333333;5;1,66666666666667;2;0,333333333333333;0,761666666666667
362499;Chad Wallach;7;0,5;0;0;0;0,143
362513;Tim Wallach;7;0,5;0;0;1,25;0,3405
362514;Donne Wall;0;0;0;0;0;NULL
362519;Forrest Wall;1;0;0;0;0;0
362521;Denny Walling;11,3333333333333;2,33333333333333;0;1,66666666666667;0,333333333333333;0,559666666666667
362526;Matt Wallner;3;0;0;0;0,5;0,125
362531;Taylor Walls;5,5;1,5;0;0;0;0,5335
362540;Ed Walsh;4;0;0;0;3;0,429
362545;Jimmy Walsh;4,5;1;0;0,5;1,5;0,528
362556;Andrew Walters;0;0;0;0;0;NULL
362559;Bucky Walters;5;1;0,5;1;0;0,5715
362575;Jerome Walton;7,2;1,6;0;0,4;0,6;0,2575
362578;Bill Wambsganss;26;4;0;1;2;0,368
362579;Lloyd Waner;15;6;0;0;1;1,038
362580;Paul Waner;15;5;0;3;0;0,733
362581;Chien-Ming Wang;0;0;0;0;0;NULL
362589;Aaron Ward;21;6;1;3;2;0,808666666666667
362595;Daryle Ward;3,5;1;0,5;1,5;0,25;1,387
362597;Duane Ward;0;0;0;0;0;NULL
362604;John Ward;32,5;13;0;6,5;3;0,887
362612;Pinky Ward;17;8;0;2;1;1,029
362617;Turner Ward;2;1;1;3;1;2,667
362620;Archie Ware;17;3,5;0;2;1,5;0,466
362626;Frank Warfield;30;7,5;0;4,5;4;0,6625
362638;Lon Warneke;4,5;0,5;0;0;0;0,2
362642;Adam Warren;0;0;0;0;0;NULL
362651;Will Warren;0;0;0;0;0;NULL
362656;Carl Warwick;4;3;0;1;1;1,55
362657;Jimmy Wasdell;5;1;0;2;0;0,6
362658;John Wasdin;0;0;0;0;0;NULL
362662;Jarrod Washburn;0,2;0;0;0;0;0
362664;Ray Washburn;1;0;0;0;0;0
362667;Claudell Washington;9,75;3,25;0;0,25;0,75;0,80075
362673;Herb Washington;0;0;0;0;0;NULL
362675;Johnny Washington;17;7;0;5;1;1,033
362677;Namon Washington;1;1;0;1;0;3
362678;Pete Washington;16;6;0;0;2;0,944
362683;U. L. Washington;10,75;3;0;0,75;0,5;0,47625
362686;Gary Waslewski;1;0;0;0;0;0
362698;John Wathan;4,25;0,625;0;0,125;0,75;0,246714285714286
362703;George Watkins;13;3;1;1,5;1,5;0,7965
362715;Allen Watson;0;0;0;0;0;NULL
362718;Bob Watson;15,5;5,75;0,5;2,25;1;0,96525
362728;Mule Watson;0;0;0;0;0;NULL
362729;Tony Watson;0;0;0;0;0;NULL
362732;Eddie Watt;0;0;0;0;0;NULL
362733;Eddie Watt;17;2;0;1;1;0,343
362744;David Weathers;0;0;0;0;0;NULL
362745;Roy Weatherly;1;0;0;0;0;0
362746;Ryan Weathers;0;0;0;0;0;NULL
362748;Buck Weaver;27,5;9;0;0,5;0;0,769
362752;Farmer Weaver;27;7;0;4;1;0,582
362755;Jeff Weaver;1,57142857142857;0,285714285714286;0;0;0;0,375
362756;Jered Weaver;0;0;0;0;0;NULL
362760;Luke Weaver;0;0;0;0;0;NULL
362761;Monte Weaver;4;0;0;0;0;0
362770;Brandon Webb;2;0,5;0;0;0;0,5
362775;Jacob Webb;0;0;0;0;0;NULL
362778;Logan Webb;5;0;0;0;0;0
362781;Skeeter Webb;27;5;0;1;2;0,427
362782;Tyler Webb;0;0;0;0;0;NULL
362783;Ben Weber;0;0;0;0;0;NULL
362792;Lenny Webster;7,5;1,5;0;0,5;0,5;0,448
362793;Mitch Webster;2,5;0,5;0;0;0;0,3335
362798;Pete Weckbecker;4;0;0;0;0;0
362803;Rickie Weeks;15;2;0,666666666666667;1,33333333333333;0,666666666666667;0,348
362804;Jordan Weems;0;0;0;0;0;NULL
362809;John Wehner;1;0;0;0;0;0
362825;Al Weis;6;2,5;0,5;1,5;2;0,6635
362830;Greg Weissert;0;0;0;0;0;NULL
362832;Walt Weiss;11,3076923076923;2,15384615384615;0,0769230769230769;0,538461538461538;1,15384615384615;0,555
362835;Bob Welch;0,461538461538462;0;0;0;0;0
362836;Curt Welch;35;7,66666666666667;0,333333333333333;3;1;0,614666666666667
362842;Mickey Welch;5;1,5;0;0,5;0;0,7855
362856;Austin Wells;14,4;2,2;0,4;1,4;1;0,4622
362857;Bob Wells;0;0;0;0;0;NULL
362859;David Wells;0,352941176470588;0,117647058823529;0;0;0;0,555666666666667
362869;Tyler Wells;0;0;0;0;0;NULL
362872;Willie Wells;23,6;6,4;1,2;3,8;2,4;0,7546
362873;Roy Welmaker;5,25;1;0;0;0,25;0,438
362878;J. B. Wendelken;0;0;0;0;0;NULL
362880;Turk Wendell;0,2;0;0;0;0;0
362881;Joey Wendle;9;1,75;0;0,75;0,375;0,497166666666667
362884;Charles Wensloff;0;0;0;0;0;NULL
362890;Billy Werber;21,5;7;0;2;3;0,7765
362898;Don Wert;17;2;0;2;6;0,465
362900;Jayson Werth;16,2142857142857;4,07142857142857;1,07142857142857;2,14285714285714;2,92857142857143;0,853214285714286
362904;Vic Wertz;16;8;1;3;2;1,493
362912;Jake Westbrook;0;0;0;0;0;NULL
362914;Jordan Westburg;7,5;1,5;0;0;0,5;0,504
362916;David West;0;0;0;0;0;NULL
362922;Jim West;7;1;0;0;1;0,393
362926;Wally Westlake;7;1;0;0;1;0,393
362933;Wes Westrum;14;3,5;0;1,5;3;0,6545
362937;John Wetteland;0;0;0;0;0;NULL
362948;David Whatley;8,75;2,5;0;1;0,25;0,528
362953;Zack Wheat;23;6,5;0;1,5;1,5;0,6835
362955;Dan Wheeler;0;0;0;0;0;NULL
362969;Zack Wheeler;0;0;0;0;0;NULL
362976;Larry Whisenton;2;0;0;0;0;0
362981;Lou Whitaker;16,3333333333333;3,33333333333333;0,333333333333333;0,333333333333333;3,66666666666667;0,618
362993;Bill White;35;5;0;4;3;0,382
362994;Bill White;27;3;0;2;2;0,321
362997;Burgess Whitehead;12,3333333333333;1,66666666666667;0;0,666666666666667;1;0,4235
363002;Chaney White;26,3333333333333;5,33333333333333;0;2,66666666666667;1,66666666666667;0,58
363005;Deacon White;58;12;0;3;2;0,492
363007;Devon White;21;6,22222222222222;0,333333333333333;2,22222222222222;2,11111111111111;0,824111111111111
363009;Doc White;3;0;0;0;1;0,25
363012;Earl Whitehill;3;0;0;0;0;0
363019;Eli White;0;0;0;0;0;NULL
363020;Ernie White;1;0;0;0;0;0
363023;Frank White;16,6666666666667;3,55555555555556;0,222222222222222;1,77777777777778;0,666666666666667;0,533888888888889
363025;Gabe White;0;0;0;0;0;NULL
363026;George Whiteman;20;5;0;1;2;0,668
363034;Jerry White;17;4;0,5;2;2,5;0,728
363035;Jo-Jo White;21;4;0;0,5;6,5;0,5825
363042;Mark Whiten;7;2;1;1;1;1,232
363050;Rick White;0;0;0;0;0;NULL
363051;Roy White;13,1666666666667;3,66666666666667;0,333333333333333;1,33333333333333;2,33333333333333;0,739666666666667
363052;Rondell White;7,5;3;1;1,5;0;1,417
363060;Tyler White;6,5;1,5;0;0;1,5;0,7085
363065;Terry Whitfield;0;0;0;0;0;NULL
363071;Garrett Whitlock;0;0;0;0;0;NULL
363072;Kodi Whitley;0;0;0;0;0;NULL
363075;Dick Whitman;1,5;0;0;0;0,5;0,1665
363077;Art Whitney;36;10;0;7,5;1;0,6565
363083;Ed Whitson;1,5;0;0;0;0;0
363084;Ernie Whitt;18,5;3;0,5;2,5;2;0,517
363085;George Whitted;14,5;2;0;1,5;2;0,451
363092;Kemp Wicker;0;0;0;0;0;NULL
363094;Bob Wickman;0;0;0;0;0;NULL
363100;Chris Widger;1,66666666666667;0;0;0,333333333333333;0,666666666666667;0,222333333333333
363110;Joey Wiemer;0;0;0;0;0;NULL
363113;Matt Wieters;7,5;0,833333333333333;0;0;0,666666666666667;0,136666666666667
363115;Alan Wiggins;20,5;7;0;1;1;0,735
363128;Milt Wilcox;0;0;0;0;0;NULL
363138;Rob Wilfong;7;2;0;1;0;0,346
363140;Hoyt Wilhelm;1;0;0;0;0;0
363145;Joe Wilhoit;1;0;0;0;1;0,5
363150;Curt Wilkerson;3;0,5;0;0;0;0,5
363152;Jimmy Wilkes;25;7;0;2;1;0,668
363164;Rick Wilkins;1;0;0;0;0,5;0
363165;Roy Wilkinson;2;0;0;0;0;0
363166;Ted Wilks;1;0;0;0;0;0
363167;Jerry Willard;1;0;0;0,5;0;0
363169;Carl Willey;0;0;0;0;0;NULL
363170;Ed Willett;2;0;0;0;0;0
363187;Bernie Williams;18,6;5,12;0,88;3,2;2,84;0,814
363189;Billy Williams;7;0;0;0;1;0,125
363201;Carl Willis;0;0;0;0;0;NULL
363204;Charley Williams;26,2;4,4;0,2;1,6;3;0,5086
363205;Chester Williams;12,75;3;0;1;0,5;0,6605
363209;Cotton Williams;3;0;0;0;0;0
363214;Davey Williams;6;0;0;0,5;1;0,077
363220;Dewey Williams;2;0;0;0;0;0
363221;Devin Williams;0;0;0;0;0;NULL
363223;Dib Williams;25;8;0;1;2;0,73
363224;Dick Williams;2;1;0;0;1;1,167
363227;Dontrelle Willis;1;1;0;0;0;2,667
363229;Earl Williams;12;2,5;0,5;2;1;0,453
363237;Gavin Williams;0;0;0;0;0;NULL
363239;Gerald Williams;13,8333333333333;3;0;0,833333333333333;0,833333333333333;0,5735
363250;Henry Williams;15,5;3;0;1,5;0,5;0,444
363257;Jerome Williams;1;0;0;0;0;0
363258;Jesse Williams;11;4,5;0;3;0,5;0,7435
363259;Jesse Williams;4;2;0;1;0;1
363260;Jesse F. Williams;0;0;0;0;0;NULL
363266;Jim Willis;6;1;0;0;0;0,333
363270;Josh Willingham;1,33333333333333;0,333333333333333;0;0;0;0,666666666666667
363271;John Williams;1,5;0;0;0;1;0,25
363283;Lefty Williams;2,5;0,5;0;0;0;0,4
363297;Matt Williams;19;4,7;0,6;2,7;1,9;0,6601
363305;Mitch Williams;0;0;0;0;0;NULL
363306;Mike Williams;0;0;0;0;0;NULL
363309;Ed Williamson;20,5;1,5;0;1,5;4;0,3515
363311;Nish Williams;7;2;0;1;0;0,571
363316;Poindexter Williams;10;2;0;0;2;0,533
363320;Reggie Willits;1;0;0;0;0,25;0,2
363324;Ron Willis;0;0;0;0;0;NULL
363327;Sammy Williams;1;0;0;0;2;0,667
363328;Scott Williamson;0;0;0;0;0;NULL
363332;Stan Williams;0;0;0;0;0,333333333333333;NULL
363335;Ted Williams;25;5;0;1;5;0,533
363340;Vic Willis;4;0;0;0;0;0
363348;Woody Williams;1,57142857142857;0,285714285714286;0;0;0;0,4375
363351;Jim Willoughby;0;0;0;0;0;NULL
363357;Maury Wills;19,5;4,75;0;1;1,25;0,5005
363367;Art Wilson;1,66666666666667;0,333333333333333;0;0;0;0,666666666666667
363368;Artie Wilson;19,6666666666667;6,66666666666667;0;0;1,66666666666667;0,73
363376;Brian Wilson;0,166666666666667;0;0;0;0;0
363377;Bryse Wilson;0;0;0;0;0;NULL
363378;Owen Wilson;26;4;0;1;0;0,346
363382;C. J. Wilson;0,428571428571429;0;0;0;0;0
363387;Dan Wilson;12,5714285714286;1,14285714285714;0;0,285714285714286;0,571428571428571;0,230142857142857
363388;Dan Wilson;20;5;0;1;2;0,668
363392;Earl Wilson;1;0;0;0;0;0
363395;Elmer Wilson;1;0;0;0;0;0
363397;Enrique Wilson;4,125;0,875;0;0,25;0,25;0,588142857142857
363402;Fred Wilson;15;7;1;3;0;1,2
363406;George Wilson;1;0;0;0;0;0
363411;Hack Wilson;23,5;7,5;0;1,5;2,5;0,8425
363423;Jimmie Wilson;16,5;4;0;1,25;0,5;0,5205
363430;Justin Wilson;0;0;0;0;0;NULL
363431;Jud Wilson;11;2,66666666666667;0;1,33333333333333;1,83333333333333;0,745166666666667
363439;Mookie Wilson;18,4;3,8;0;0,8;1,4;0,4936
363442;Nigel Wilson;1;0;0;0;0;0
363447;Preston Wilson;11,6666666666667;2,33333333333333;0;0,666666666666667;1,33333333333333;0,556
363452;Steve Wilson;0;0;0;0;0;NULL
363453;Steven Wilson;0;0;0;0;0;NULL
363457;Tom Wilson;1;1;1;1;0;5
363464;Weston Wilson;1,5;0;0;0;0;0
363466;Willie Wilson;18,75;5;0,125;1,25;1,125;0,627
363470;Hooks Wiltse;1,5;0;0;0;0;0
363486;Dave Winfield;20,2;4,2;0,4;1,8;2,8;0,6318
363495;Ivey Wingo;7;4;0;1;3;1,271
363498;Jesse Winker;6;1,6;0,2;0,8;1,6;0,7692
363501;Dan Winkler;0;0;0;0;0;NULL
363506;Herm Winningham;5,5;2;0;0,5;0,5;0,902
363517;George Winter;0;0;0;0;0;NULL
363520;Nip Winters;11,5;2,5;0;1,5;1,5;0,478
363526;Casey Wise;1;0;0;0;0;0
363527;Dewayne Wise;6;1,5;0,5;2,5;0,5;0,916
363532;Rick Wise;1;0;0;0;0;0
363535;Matt Wisler;0;0;0;0;0;NULL
363541;Jay Witasick;0;0;0;0;0;NULL
363547;Chris Withrow;0;0;0;0;0;NULL
363551;Bobby Witt;0;0;0;0;0;NULL
363552;Bobby Witt;13;2,5;0;1;0,5;0,4755
363554;Red Witt;0;0;0;0;0;NULL
363555;Nick Wittgren;0;0;0;0;0;NULL
363558;Mike Witt;0;0;0;0;0;NULL
363559;Whitey Witt;21,5;5;0;2;1;0,6205
363563;Mark Wohlers;0,0714285714285714;0;0;0;0;0
363564;Jim Wohlford;12;2;0;0;3;0,5
363570;Bob Wolcott;0;0;0;0;0;NULL
363583;Chicken Wolf;25;9;0;8;3;0,989
363586;Randy Wolf;2;0,25;0;0;0;0,375
363593;Tony Wolters;1,5;1;0;0,5;0;1,5
363599;Tony Womack;17,3333333333333;3,66666666666667;0;0,666666666666667;0,777777777777778;0,497125
363603;Kolten Wong;10,4545454545455;1,90909090909091;0,454545454545455;1,36363636363636;0,636363636363636;0,610363636363636
363604;Bryan Woo;0;0;0;0;0;NULL
363608;Alex Wood;0,363636363636364;0;0;0;0;0
363620;Hal Woodeshick;0;0;0;0;0;NULL
363632;Smoky Joe Wood;8,5;2;0;0,5;1;0,617
363636;Kerry Wood;1,57142857142857;0,428571428571429;0,142857142857143;0,714285714285714;0;0,793666666666667
363637;Gene Woodling;17;5,4;0,6;1,2;3,8;0,9918
363641;Brandon Woodruff;0,6;0,2;0,2;0,2;0,2;1,3335
363647;Dick Woodson;0,5;0,5;0;0;0;2
363649;Gary Woods;3,66666666666667;0,666666666666667;0;0,333333333333333;0,333333333333333;0,194333333333333
363655;Parnell Woods;15;2;0;2;1;0,321
363661;Tracy Woodson;4;0,5;0;0,5;0;0,25
363668;Travis Wood;0,833333333333333;0,166666666666667;0,166666666666667;0,166666666666667;0;1,25
363669;Chris Woodward;1;1;0;0;0;3
363673;Woody Woodward;7,5;1;0;0;0,5;0,341
363681;Shawn Wooten;6,33333333333333;3;0,333333333333333;1;0;1,05566666666667
363684;Brandon Workman;0,2;0;0;0;0;0
363689;Ralph Works;0;0;0;0;0;NULL
363690;Vance Worley;0;0;0;0;0;NULL
363692;Tim Worrell;0;0;0;0;0;NULL
363693;Todd Worrell;0,4;0;0;0;0;0
363694;Al Worthington;0;0;0;0;0;NULL
363696;Danny Worth;0,333333333333333;0;0;0;0;0
363701;Chuck Wortman;1;0;0;0;0;0
363720;David Wright;18,2;3,6;0,4;2,6;3;0,655
363728;Glenn Wright;20;3,5;0,5;2,5;0,5;0,428
363730;Henry Wright;2;0;0;0;0;0
363731;Jamey Wright;0;0;0;0;0;NULL
363732;Jaret Wright;0,555555555555556;0;0;0;0;0
363737;Johnny Wright;5,33333333333333;1;0;0,666666666666667;1;0,322333333333333
363739;Kyle Wright;0,25;0;0;0;0;0
363756;Wesley Wright;0;0;0;0;0;NULL
363757;Wild Bill Wright;16,5;6,5;0;2;2;0,9685
363761;Justin Wrobleski;0;0;0;0;0;NULL
363762;Rick Wrona;5;0;0;0;0;0
363763;Michael Wuertz;0;0;0;0;0;NULL
363765;Kelly Wunsch;0;0;0;0;0;NULL
363769;John Wyatt;0;0;0;0;0;NULL
363770;Ralph Wyatt;7;2;0;0,5;0,5;0,6785
363771;Whit Wyatt;6;1;0;0;0;0,5
363773;Weldon Wyckoff;1;1;0;0;0;3
363775;Steve Wylie;1;0;0;0;0;0
363778;Early Wynn;3,5;1;0;0,5;0;1,05
363781;Marvell Wynne;6;1;0;0;0;0,333
363783;Jim Wynn;13;2,5;0,5;2;6,5;0,883
363787;Hank Wyse;3;0;0;0;0;0
363798;Yoshinobu Yamamoto;0;0;0;0;0;NULL
363802;Esteban Yan;0;0;0;0;0;NULL
363809;Ryan Yarbrough;0;0;0;0;0;NULL
363810;Eric Yardley;0;0;0;0;0;NULL
363815;Carl Yastrzemski;21,6666666666667;8;1,33333333333333;3,66666666666667;3;1,115
363816;Mike Yastrzemski;13;0;0;0;0;0
363818;Kirby Yates;0;0;0;0;0;NULL
363821;Emil Yde;0,5;0;0;0;0;0
363825;Steve Yeager;9,72727272727273;2,45454545454545;0,454545454545455;1,27272727272727;0,909090909090909;0,723909090909091
363829;Christian Yelich;14,4285714285714;3,14285714285714;0,285714285714286;0,428571428571429;2,85714285714286;0,719
363833;Juan Yepez;5;2;1;2;0;1,4
363836;Steve Yerkes;32;8;0;4;2;0,669
363837;Trey Yesavage;0;0;0;0;0;NULL
363845;Huascar Ynoa;0;0;0;0;0;NULL
363858;Rudy York;25,6666666666667;5,66666666666667;1;3,33333333333333;4,33333333333333;0,764666666666667
363861;Masato Yoshii;2,5;0;0;0;0;0
363862;Masataka Yoshida;7;4;0;2;0;1,143
363865;Ned Yost;0;0;0;0;1;NULL
363867;Kevin Youkilis;15,8571428571429;4,85714285714286;0,857142857142857;2,42857142857143;1,85714285714286;0,727428571428572
363882;Chris Young;1;0;0;0;0;0
363883;Chris Young;8;2,5;0,833333333333333;1,5;1,83333333333333;0,962666666666667
363886;Curt Young;0;0;0;0;0;NULL
363887;Cy Young;13;1;0;1,5;0;0,2245
363889;Danny Young;0;0;0;0;0;NULL
363892;Delmon Young;11,4545454545455;3;0,818181818181818;2;0,727272727272727;0,838727272727273
363895;Dmitri Young;7;2;0;2;0;0,857
363897;Ed Young;7;2;0;0;0;0,571
363898;Eric Young;11;4,5;1;2,5;1;1,1775
363900;Eric Young;1;0;0;0;0;0
363918;Matt Young;0;0;0;0;0;NULL
363923;Michael Young;16,7777777777778;4;0,333333333333333;2,11111111111111;0,555555555555556;0,591111111111111
363929;Ross Youngs;22,75;6,5;0,25;2,5;4,25;0,775
363932;Tom Young;1;0;0;0;0;0
363940;Robin Yount;21,3333333333333;7,33333333333333;0,333333333333333;2,33333333333333;3;0,851
363944;Sal Yvars;1;0;0;0;0;0
363949;Chris Zachary;0;0;0;0;0;NULL
363950;Tom Zachary;3;0;0;0;0,333333333333333;0,0835
363952;Pat Zachry;0,333333333333333;0;0;0;0;0
363957;Geoff Zahn;0;0;0;0;0;NULL
363961;Carlos Zambrano;2,5;0,25;0;0;0,25;0,375
363968;Jim Zapp;15,5;3;0;0,5;2;0,586
363972;Al Zarilla;10;1;0;1;0;0,2
363976;Gregg Zaun;1;0;0;0;0;0
363982;Joe Zdeb;9;0;0;0;0;0
363984;George Zeber;2;0;0;0;0;0
363986;Rollie Zeider;0;0;0;0;2;NULL
363989;Todd Zeile;16,1428571428571;4,71428571428571;0,571428571428571;2;1,85714285714286;0,759714285714286
363992;Bill Zepp;0;0;0;0;0;NULL
363993;Chad Zerbe;0;0;0;0;0;NULL
363995;Angel Zerpa;0;0;0;0;0;NULL
363999;Brad Ziegler;0;0;0;0;0;NULL
364008;Charles Zimmer;23;6;0;2;0;0,652
364009;Don Zimmer;5;1;0;1;1;0,293
364011;Heinie Zimmerman;14,3333333333333;2,33333333333333;0;0,666666666666667;0,333333333333333;0,297333333333333
364012;Jerry Zimmerman;0,5;0;0;0;0;0
364013;Jeff Zimmerman;0;0;0;0;0;NULL
364015;Jordan Zimmermann;2;0,5;0;0,5;0;1
364018;Ryan Zimmerman;14,625;4;0,625;2,125;1,25;0,90925
364027;Richie Zisk;10;4;0;0;1;0,8915
364028;Barry Zito;0,555555555555556;0,222222222222222;0;0,222222222222222;0;0,666666666666667
364031;Ben Zobrist;15,2;3,66666666666667;0,266666666666667;0,933333333333333;1,4;0,572
364036;Bill Zuber;0;0;0;0;0;NULL
364041;Joel Zumaya;0;0;0;0;0;NULL
364043;Mike Zunino;13,6;2,2;0,8;1,6;0,2;0,5638
